"Alpha","NoiseScale","Threshold","Iteration","Interaction","TrueBeta","Estimate","Detected"
1,6,1e-04,1,"ASC2_male",0.9,0.0498387063679361,1
1,6,1e-04,1,"ASC2_age",0.3,0.107069952190632,1
1,6,1e-04,1,"ASC2_income",0,-0.0111085131252519,1
1,6,1e-04,1,"ASC2_child",0,0.0453498473679765,1
1,6,1e-04,1,"ASC3_male",-1.1,-0.370025251990816,1
1,6,1e-04,1,"ASC3_age",0,0.0224884627484406,1
1,6,1e-04,1,"ASC3_income",0.8,0.136712861477617,1
1,6,1e-04,1,"ASC3_child",0,0.0345700615906368,1
1,6,1e-04,1,"prot25_male",1.2,0.392787324797145,1
1,6,1e-04,1,"prot25_age",0.7,0.14988556896661,1
1,6,1e-04,1,"prot25_income",0,0.0623274956595732,1
1,6,1e-04,1,"prot25_child",1.1,0.238205786921023,1
1,6,1e-04,1,"prot50_male",0,0.156443129493802,1
1,6,1e-04,1,"prot50_age",0,-0.0211117668618293,1
1,6,1e-04,1,"prot50_income",-1.2,-0.157959543648626,1
1,6,1e-04,1,"prot50_child",1.1,0.093827348073394,1
1,6,1e-04,1,"invasive_male",0,0.0890968665894504,1
1,6,1e-04,1,"invasive_age",-0.6,-0.102706733117117,1
1,6,1e-04,1,"invasive_income",0,-0.00162002331423281,1
1,6,1e-04,1,"invasive_child",0,-0.0498405692815218,1
1,6,1e-04,2,"ASC2_male",0,0.211105471261001,1
1,6,1e-04,2,"ASC2_age",0.1,-0.0850475408160946,1
1,6,1e-04,2,"ASC2_income",0.7,0.159868916218023,1
1,6,1e-04,2,"ASC2_child",-0.4,-0.0506520747454697,1
1,6,1e-04,2,"ASC3_male",0,0.254189464097189,1
1,6,1e-04,2,"ASC3_age",0.4,-0.0221317679343689,1
1,6,1e-04,2,"ASC3_income",-0.8,-0.0621337614670048,1
1,6,1e-04,2,"ASC3_child",0,0.0645745656611538,1
1,6,1e-04,2,"prot25_male",0.5,0.017821169311682,1
1,6,1e-04,2,"prot25_age",0.8,0.181920292076816,1
1,6,1e-04,2,"prot25_income",0,-0.0932507718137791,1
1,6,1e-04,2,"prot25_child",0,-0.101283217664153,1
1,6,1e-04,2,"prot50_male",0,-0.286676850683204,1
1,6,1e-04,2,"prot50_age",0,0.141368123056102,1
1,6,1e-04,2,"prot50_income",0,-0.129075281228001,1
1,6,1e-04,2,"prot50_child",0,-0.0617234232456035,1
1,6,1e-04,2,"invasive_male",1,0.0836445886812848,1
1,6,1e-04,2,"invasive_age",-0.1,-0.00897890978553329,1
1,6,1e-04,2,"invasive_income",0,-0.0220951365181735,1
1,6,1e-04,2,"invasive_child",-0.6,-0.049121150356018,1
1,6,1e-04,3,"ASC2_male",-0.9,-0.0737621586908377,1
1,6,1e-04,3,"ASC2_age",-0.4,-0.197213691003486,1
1,6,1e-04,3,"ASC2_income",0,0.01050171538784,1
1,6,1e-04,3,"ASC2_child",0,-0.131432630163928,1
1,6,1e-04,3,"ASC3_male",-0.7,-0.166339640843176,1
1,6,1e-04,3,"ASC3_age",0,-0.037669578901927,1
1,6,1e-04,3,"ASC3_income",0,-0.00654209779222919,1
1,6,1e-04,3,"ASC3_child",1,0.0456314332492046,1
1,6,1e-04,3,"prot25_male",0,0.0121503330028718,1
1,6,1e-04,3,"prot25_age",0,0.0755350672468653,1
1,6,1e-04,3,"prot25_income",0,-0.031324390205402,1
1,6,1e-04,3,"prot25_child",0,0.135305370163241,1
1,6,1e-04,3,"prot50_male",0.7,0.0192577812054608,1
1,6,1e-04,3,"prot50_age",-0.2,0.0428482318246102,1
1,6,1e-04,3,"prot50_income",-1,-0.127292215673405,1
1,6,1e-04,3,"prot50_child",-0.8,0.105664054065905,1
1,6,1e-04,3,"invasive_male",0,-0.125828661866226,1
1,6,1e-04,3,"invasive_age",0,-0.0339080258527421,1
1,6,1e-04,3,"invasive_income",-1.2,-0.226154776606451,1
1,6,1e-04,3,"invasive_child",1,0.112068942685733,1
1,6,1e-04,4,"ASC2_male",0,0.217113661251265,1
1,6,1e-04,4,"ASC2_age",-0.1,-0.160546585148472,1
1,6,1e-04,4,"ASC2_income",0,-0.00773659912949345,1
1,6,1e-04,4,"ASC2_child",-0.6,-0.0539463039158153,1
1,6,1e-04,4,"ASC3_male",0,0.172962493173751,1
1,6,1e-04,4,"ASC3_age",1,0.160796275821148,1
1,6,1e-04,4,"ASC3_income",0,0.0160434932662185,1
1,6,1e-04,4,"ASC3_child",0,0.0879518603270011,1
1,6,1e-04,4,"prot25_male",0,0.00451827401754287,1
1,6,1e-04,4,"prot25_age",-0.5,-0.107179187556213,1
1,6,1e-04,4,"prot25_income",0,-0.00994824591993555,1
1,6,1e-04,4,"prot25_child",0,-0.0511725169379024,1
1,6,1e-04,4,"prot50_male",0.1,-0.0197607752449884,1
1,6,1e-04,4,"prot50_age",1,0.207524428592697,1
1,6,1e-04,4,"prot50_income",0,0.048740097133211,1
1,6,1e-04,4,"prot50_child",-1,-0.0971225876597112,1
1,6,1e-04,4,"invasive_male",-1,-0.069762294059876,1
1,6,1e-04,4,"invasive_age",-0.9,-0.131397933414215,1
1,6,1e-04,4,"invasive_income",-0.3,-0.0912294953498064,1
1,6,1e-04,4,"invasive_child",0,0.238170636991191,1
1,6,1e-04,5,"ASC2_male",0,0.144999449417464,1
1,6,1e-04,5,"ASC2_age",0.7,0.0199551406349388,1
1,6,1e-04,5,"ASC2_income",-0.4,-0.138789770454847,1
1,6,1e-04,5,"ASC2_child",-0.3,-0.0945531031047429,1
1,6,1e-04,5,"ASC3_male",0,0.188489765244269,1
1,6,1e-04,5,"ASC3_age",0,-0.0561607230380062,1
1,6,1e-04,5,"ASC3_income",0.9,0.129434447264952,1
1,6,1e-04,5,"ASC3_child",-0.6,-0.139344564477536,1
1,6,1e-04,5,"prot25_male",0.9,0.1343776662351,1
1,6,1e-04,5,"prot25_age",0,0.102405826842475,1
1,6,1e-04,5,"prot25_income",-0.3,-0.119118826553044,1
1,6,1e-04,5,"prot25_child",0,0.0992134374107009,1
1,6,1e-04,5,"prot50_male",0.4,0.0605954555865154,1
1,6,1e-04,5,"prot50_age",0,0.118568672785739,1
1,6,1e-04,5,"prot50_income",0.5,0.113878770287647,1
1,6,1e-04,5,"prot50_child",0,0.0457941037383108,1
1,6,1e-04,5,"invasive_male",0.7,0.279712086870039,1
1,6,1e-04,5,"invasive_age",0,-0.0325524762887502,1
1,6,1e-04,5,"invasive_income",0,0.0281383046476411,1
1,6,1e-04,5,"invasive_child",0,0.0117084363738675,1
1,6,1e-04,6,"ASC2_male",0.4,0.272250624942431,1
1,6,1e-04,6,"ASC2_age",0.7,0.0190626828769303,1
1,6,1e-04,6,"ASC2_income",0,0.00226010942267429,1
1,6,1e-04,6,"ASC2_child",0,0.101878706340708,1
1,6,1e-04,6,"ASC3_male",0,0.146513883229068,1
1,6,1e-04,6,"ASC3_age",0,-0.0841178537366874,1
1,6,1e-04,6,"ASC3_income",0,0.0289035044274837,1
1,6,1e-04,6,"ASC3_child",1.2,0.258759300372159,1
1,6,1e-04,6,"prot25_male",-0.4,-0.346523314159518,1
1,6,1e-04,6,"prot25_age",-0.3,0.128853238797252,1
1,6,1e-04,6,"prot25_income",0,-0.0452724134535571,1
1,6,1e-04,6,"prot25_child",0,-0.0148820801366046,1
1,6,1e-04,6,"prot50_male",0,-0.00129112100103781,1
1,6,1e-04,6,"prot50_age",-1.1,-0.0718905377460728,1
1,6,1e-04,6,"prot50_income",-0.2,-0.0771601319796455,1
1,6,1e-04,6,"prot50_child",-0.2,0.0454162639369618,1
1,6,1e-04,6,"invasive_male",0,0.103849373619155,1
1,6,1e-04,6,"invasive_age",1,0.183366840424993,1
1,6,1e-04,6,"invasive_income",0,-0.0147431777534266,1
1,6,1e-04,6,"invasive_child",0.9,0.406357742785389,1
1,6,1e-04,7,"ASC2_male",0.8,-0.0339836693042408,1
1,6,1e-04,7,"ASC2_age",0,-0.054507339001115,1
1,6,1e-04,7,"ASC2_income",0,0.0142529123861615,1
1,6,1e-04,7,"ASC2_child",1.2,0.211091083722642,1
1,6,1e-04,7,"ASC3_male",-0.7,-0.299971100963817,1
1,6,1e-04,7,"ASC3_age",0,-0.0147519862086817,1
1,6,1e-04,7,"ASC3_income",0,0.0709339614210157,1
1,6,1e-04,7,"ASC3_child",-1,-0.0767700658513483,1
1,6,1e-04,7,"prot25_male",1.2,0.248431769080607,1
1,6,1e-04,7,"prot25_age",0.8,0.285837890459889,1
1,6,1e-04,7,"prot25_income",0,-0.042025242930257,1
1,6,1e-04,7,"prot25_child",0.7,0.239456237791803,1
1,6,1e-04,7,"prot50_male",0,0.000718958215572637,1
1,6,1e-04,7,"prot50_age",-0.4,-0.0107429949371088,1
1,6,1e-04,7,"prot50_income",0,-0.0625282697144305,1
1,6,1e-04,7,"prot50_child",0.6,0.00674612157248685,1
1,6,1e-04,7,"invasive_male",0,-0.114432405343548,1
1,6,1e-04,7,"invasive_age",0,0.0213337356902216,1
1,6,1e-04,7,"invasive_income",1.1,0.208704556220999,1
1,6,1e-04,7,"invasive_child",0,0.0294347243071491,1
1,6,1e-04,8,"ASC2_male",0,0.089520123192047,1
1,6,1e-04,8,"ASC2_age",-1.2,-0.240745614821656,1
1,6,1e-04,8,"ASC2_income",0,0.0481901414523805,1
1,6,1e-04,8,"ASC2_child",0,0.0779824970375884,1
1,6,1e-04,8,"ASC3_male",-0.3,-0.120673737440297,1
1,6,1e-04,8,"ASC3_age",0.9,0.137488232050522,1
1,6,1e-04,8,"ASC3_income",0,0.010846715689998,1
1,6,1e-04,8,"ASC3_child",1.2,0.129720314891794,1
1,6,1e-04,8,"prot25_male",0,-0.100680872164931,1
1,6,1e-04,8,"prot25_age",-0.2,0.0789786596044234,1
1,6,1e-04,8,"prot25_income",0,-0.00340644608180141,1
1,6,1e-04,8,"prot25_child",1.1,0.134846089189218,1
1,6,1e-04,8,"prot50_male",1.1,0.205650261903071,1
1,6,1e-04,8,"prot50_age",0,0.0649617355380547,1
1,6,1e-04,8,"prot50_income",-0.2,-0.0767274373174415,1
1,6,1e-04,8,"prot50_child",0,-0.100406086123563,1
1,6,1e-04,8,"invasive_male",0,-0.019084466624032,1
1,6,1e-04,8,"invasive_age",0.7,0.144722345721405,1
1,6,1e-04,8,"invasive_income",0.3,-0.032617784470253,1
1,6,1e-04,8,"invasive_child",0,-0.152366002250152,1
1,6,1e-04,9,"ASC2_male",1,0.262522622718704,1
1,6,1e-04,9,"ASC2_age",0,-0.0433682156955857,1
1,6,1e-04,9,"ASC2_income",0,-0.0660394920408827,1
1,6,1e-04,9,"ASC2_child",-1.2,-0.0382567170730968,1
1,6,1e-04,9,"ASC3_male",0.9,0.254235593894638,1
1,6,1e-04,9,"ASC3_age",-0.6,-0.106652003085845,1
1,6,1e-04,9,"ASC3_income",0,-0.0714842405590331,1
1,6,1e-04,9,"ASC3_child",-0.9,-0.127573174065017,1
1,6,1e-04,9,"prot25_male",-0.3,-0.114961966181031,1
1,6,1e-04,9,"prot25_age",0,0.0318919888082201,1
1,6,1e-04,9,"prot25_income",0,0.0344538100392144,1
1,6,1e-04,9,"prot25_child",0,-0.200176638605269,1
1,6,1e-04,9,"prot50_male",-0.2,0.0226874314221344,1
1,6,1e-04,9,"prot50_age",0.6,0.142710566522833,1
1,6,1e-04,9,"prot50_income",-0.7,-0.0516308626866264,1
1,6,1e-04,9,"prot50_child",0,0.0356843854236797,1
1,6,1e-04,9,"invasive_male",0,0.0357241887051667,1
1,6,1e-04,9,"invasive_age",0,-0.0181399830071531,1
1,6,1e-04,9,"invasive_income",-0.7,-0.0750855105335234,1
1,6,1e-04,9,"invasive_child",0,0.00567555279269085,1
1,6,1e-04,10,"ASC2_male",0.9,0.0497493317104098,1
1,6,1e-04,10,"ASC2_age",0,0.00928181568445328,1
1,6,1e-04,10,"ASC2_income",1.2,0.217164296775072,1
1,6,1e-04,10,"ASC2_child",-0.8,-0.0753286625383919,1
1,6,1e-04,10,"ASC3_male",0.4,0.0501362633603651,1
1,6,1e-04,10,"ASC3_age",-0.4,-0.0810421938229084,1
1,6,1e-04,10,"ASC3_income",0,-0.0114221165693774,1
1,6,1e-04,10,"ASC3_child",0,0.148247963314631,1
1,6,1e-04,10,"prot25_male",1,0.0954651116833116,1
1,6,1e-04,10,"prot25_age",0,0.035114759753068,1
1,6,1e-04,10,"prot25_income",0,-0.0581895696555448,1
1,6,1e-04,10,"prot25_child",0,-0.133710195220595,1
1,6,1e-04,10,"prot50_male",0.4,0.0335523494777903,1
1,6,1e-04,10,"prot50_age",0,0.0311911795017518,1
1,6,1e-04,10,"prot50_income",0,-0.019133463387701,1
1,6,1e-04,10,"prot50_child",0.7,-0.020794630281684,1
1,6,1e-04,10,"invasive_male",0,-0.0634271203405884,1
1,6,1e-04,10,"invasive_age",0.6,0.128481915485744,1
1,6,1e-04,10,"invasive_income",0,0.0138991068282348,1
1,6,1e-04,10,"invasive_child",-0.7,-0.0682152422524787,1
1,6,1e-04,11,"ASC2_male",1.1,0.287764837784265,1
1,6,1e-04,11,"ASC2_age",-0.5,-0.187950064720861,1
1,6,1e-04,11,"ASC2_income",0,0.0260190395842114,1
1,6,1e-04,11,"ASC2_child",-0.5,-0.249639997994389,1
1,6,1e-04,11,"ASC3_male",0,0.0861354045309506,1
1,6,1e-04,11,"ASC3_age",0,-0.115145766881826,1
1,6,1e-04,11,"ASC3_income",-0.7,-0.0862397682432047,1
1,6,1e-04,11,"ASC3_child",0,-0.00272038922230513,1
1,6,1e-04,11,"prot25_male",0,0.133258030408021,1
1,6,1e-04,11,"prot25_age",0.7,0.199283830505403,1
1,6,1e-04,11,"prot25_income",0,0.0527350650802291,1
1,6,1e-04,11,"prot25_child",0,0.0600899825344948,1
1,6,1e-04,11,"prot50_male",-1,-0.0126111973608352,1
1,6,1e-04,11,"prot50_age",0.7,0.217769753266818,1
1,6,1e-04,11,"prot50_income",0.1,-0.0305151365256417,1
1,6,1e-04,11,"prot50_child",1.2,0.374709776705506,1
1,6,1e-04,11,"invasive_male",0,0.222230863774293,1
1,6,1e-04,11,"invasive_age",0,-0.00207577484092162,1
1,6,1e-04,11,"invasive_income",-0.2,-0.0469332013794936,1
1,6,1e-04,11,"invasive_child",0,0.00534334598365885,1
1,6,1e-04,12,"ASC2_male",0,0.0994668581764614,1
1,6,1e-04,12,"ASC2_age",0.8,0.230313612275672,1
1,6,1e-04,12,"ASC2_income",0,-0.0876746441770224,1
1,6,1e-04,12,"ASC2_child",0,-0.0279496156083264,1
1,6,1e-04,12,"ASC3_male",0.6,0.314330846784868,1
1,6,1e-04,12,"ASC3_age",0.2,0.117832244212666,1
1,6,1e-04,12,"ASC3_income",0,-0.0926205478316707,1
1,6,1e-04,12,"ASC3_child",0,-0.0482032258241318,1
1,6,1e-04,12,"prot25_male",0,-0.223296652252374,1
1,6,1e-04,12,"prot25_age",-0.9,-0.21024837648338,1
1,6,1e-04,12,"prot25_income",0,0.122717151304585,1
1,6,1e-04,12,"prot25_child",0.2,-0.033330487833721,1
1,6,1e-04,12,"prot50_male",-0.7,-0.484891195858336,1
1,6,1e-04,12,"prot50_age",-0.6,-0.182301350861183,1
1,6,1e-04,12,"prot50_income",0,0.0253439067261374,1
1,6,1e-04,12,"prot50_child",0,-0.111439487839879,1
1,6,1e-04,12,"invasive_male",-0.7,0.0584721783871773,1
1,6,1e-04,12,"invasive_age",-1.2,-0.212727747198684,1
1,6,1e-04,12,"invasive_income",-1.1,-0.21287014609679,1
1,6,1e-04,12,"invasive_child",0,-0.012753992903771,1
1,6,1e-04,13,"ASC2_male",-0.7,-0.340034160823887,1
1,6,1e-04,13,"ASC2_age",-0.3,0.101242506778666,1
1,6,1e-04,13,"ASC2_income",0,0.0507365220487594,1
1,6,1e-04,13,"ASC2_child",0,-0.0490669903844287,1
1,6,1e-04,13,"ASC3_male",0,-0.208957666370949,1
1,6,1e-04,13,"ASC3_age",0,0.124591011997002,1
1,6,1e-04,13,"ASC3_income",0,0.0757443538743213,1
1,6,1e-04,13,"ASC3_child",-1.1,-0.192421388912657,1
1,6,1e-04,13,"prot25_male",-0.5,-0.0498327540330839,1
1,6,1e-04,13,"prot25_age",0,-0.062279247089184,1
1,6,1e-04,13,"prot25_income",0.3,0.00867093530897665,1
1,6,1e-04,13,"prot25_child",-0.3,-0.0379939462021781,1
1,6,1e-04,13,"prot50_male",0.9,0.164648810540015,1
1,6,1e-04,13,"prot50_age",1,0.109510497019097,1
1,6,1e-04,13,"prot50_income",-0.5,-0.101905330555938,1
1,6,1e-04,13,"prot50_child",0,-0.0685779121916388,1
1,6,1e-04,13,"invasive_male",0,-0.229972727179083,1
1,6,1e-04,13,"invasive_age",0,0.0239776296679845,1
1,6,1e-04,13,"invasive_income",1,0.208911460715318,1
1,6,1e-04,13,"invasive_child",0,0.00724134942268667,1
1,6,1e-04,14,"ASC2_male",0.7,0.144988896289724,1
1,6,1e-04,14,"ASC2_age",0,0.141453029617455,1
1,6,1e-04,14,"ASC2_income",0,-0.061431849823683,1
1,6,1e-04,14,"ASC2_child",-1.2,-0.0317280035715068,1
1,6,1e-04,14,"ASC3_male",-1.1,-0.156542234113394,1
1,6,1e-04,14,"ASC3_age",0,0.158586902004823,1
1,6,1e-04,14,"ASC3_income",0,-0.0372539642229441,1
1,6,1e-04,14,"ASC3_child",0,0.0736958886201247,1
1,6,1e-04,14,"prot25_male",0,0.0461801218159434,1
1,6,1e-04,14,"prot25_age",-0.2,-0.160986939836612,1
1,6,1e-04,14,"prot25_income",-1,-0.186471529287036,1
1,6,1e-04,14,"prot25_child",-0.2,-0.156724899682312,1
1,6,1e-04,14,"prot50_male",0,0.00118321298174332,1
1,6,1e-04,14,"prot50_age",-1,-0.229013563233872,1
1,6,1e-04,14,"prot50_income",1,0.223860549759782,1
1,6,1e-04,14,"prot50_child",0,0.0415804677270104,1
1,6,1e-04,14,"invasive_male",0,-0.128861807228919,1
1,6,1e-04,14,"invasive_age",0.6,0.0887766290360141,1
1,6,1e-04,14,"invasive_income",0.2,0.018202504532799,1
1,6,1e-04,14,"invasive_child",0,0.0551002011518865,1
1,6,1e-04,15,"ASC2_male",-0.1,0.0938228841361989,1
1,6,1e-04,15,"ASC2_age",-0.6,-0.0922504818121314,1
1,6,1e-04,15,"ASC2_income",0.3,0.129604762752942,1
1,6,1e-04,15,"ASC2_child",0,0.167422931861633,1
1,6,1e-04,15,"ASC3_male",0,0.195402880928573,1
1,6,1e-04,15,"ASC3_age",0,-0.0748342490791053,1
1,6,1e-04,15,"ASC3_income",1.1,0.228353489428608,1
1,6,1e-04,15,"ASC3_child",1.2,0.405650323850014,1
1,6,1e-04,15,"prot25_male",0,-0.15370831505173,1
1,6,1e-04,15,"prot25_age",0,-0.0686633458009798,1
1,6,1e-04,15,"prot25_income",0,-0.0327081036798806,1
1,6,1e-04,15,"prot25_child",0.8,0.0485117922665544,1
1,6,1e-04,15,"prot50_male",0,-0.175306170697944,1
1,6,1e-04,15,"prot50_age",0.8,0.116077651195101,1
1,6,1e-04,15,"prot50_income",0.2,0.0338216575083917,1
1,6,1e-04,15,"prot50_child",0,0.00679864842227927,1
1,6,1e-04,15,"invasive_male",0,-0.0485264243203924,1
1,6,1e-04,15,"invasive_age",-1.2,-0.189214769191566,1
1,6,1e-04,15,"invasive_income",0,0.044862784466097,1
1,6,1e-04,15,"invasive_child",0.9,0.13498381287438,1
1,6,1e-04,16,"ASC2_male",1,0.425726287483266,1
1,6,1e-04,16,"ASC2_age",1,0.0819699254088296,1
1,6,1e-04,16,"ASC2_income",0,-0.0929347660332209,1
1,6,1e-04,16,"ASC2_child",0,0.109468691105236,1
1,6,1e-04,16,"ASC3_male",0.7,0.42758565339522,1
1,6,1e-04,16,"ASC3_age",0,-0.0818375628108747,1
1,6,1e-04,16,"ASC3_income",0,-0.0820908670095323,1
1,6,1e-04,16,"ASC3_child",-1,-0.0605288114090411,1
1,6,1e-04,16,"prot25_male",0,-0.210869417526258,1
1,6,1e-04,16,"prot25_age",0.2,0.0707008830989032,1
1,6,1e-04,16,"prot25_income",0,0.0391392995924578,1
1,6,1e-04,16,"prot25_child",0,-0.0129060959203573,1
1,6,1e-04,16,"prot50_male",0.9,0.046792813109616,1
1,6,1e-04,16,"prot50_age",0.5,0.165703152724172,1
1,6,1e-04,16,"prot50_income",0,0.0263104459182281,1
1,6,1e-04,16,"prot50_child",-0.3,-0.0223467739090773,1
1,6,1e-04,16,"invasive_male",-0.4,0.048755943472857,1
1,6,1e-04,16,"invasive_age",0,0.00389144550761538,1
1,6,1e-04,16,"invasive_income",0.2,-0.0225304876950908,1
1,6,1e-04,16,"invasive_child",0,0.0516544198457636,1
1,6,1e-04,17,"ASC2_male",0.6,0.0944596048800678,1
1,6,1e-04,17,"ASC2_age",-1,-0.135714800565423,1
1,6,1e-04,17,"ASC2_income",1,0.308559049190757,1
1,6,1e-04,17,"ASC2_child",0.8,-0.05953826782516,1
1,6,1e-04,17,"ASC3_male",0,0.00830969039766788,1
1,6,1e-04,17,"ASC3_age",0,-0.0247759919321225,1
1,6,1e-04,17,"ASC3_income",0.7,0.258457325293905,1
1,6,1e-04,17,"ASC3_child",-0.4,-0.151111574960171,1
1,6,1e-04,17,"prot25_male",0,-0.01126077383526,1
1,6,1e-04,17,"prot25_age",0,0.0305275277440625,1
1,6,1e-04,17,"prot25_income",0,-0.135658376372737,1
1,6,1e-04,17,"prot25_child",-0.7,-0.0243749025104352,1
1,6,1e-04,17,"prot50_male",0,-0.105240255730097,1
1,6,1e-04,17,"prot50_age",0,0.0474500138915313,1
1,6,1e-04,17,"prot50_income",0.4,-0.00304940632903081,1
1,6,1e-04,17,"prot50_child",-1.1,-0.129557692995695,1
1,6,1e-04,17,"invasive_male",0,-0.067539954386485,1
1,6,1e-04,17,"invasive_age",0,0.00272052819332871,1
1,6,1e-04,17,"invasive_income",0,-0.0888382424857235,1
1,6,1e-04,17,"invasive_child",0.8,0.0111861941132308,1
1,6,1e-04,18,"ASC2_male",0,0.0674109396429114,1
1,6,1e-04,18,"ASC2_age",0,0.0368620360859124,1
1,6,1e-04,18,"ASC2_income",0.2,0.0507298241575359,1
1,6,1e-04,18,"ASC2_child",0,0.253888892346282,1
1,6,1e-04,18,"ASC3_male",0.3,0.11956692114382,1
1,6,1e-04,18,"ASC3_age",0,0.0238338846697695,1
1,6,1e-04,18,"ASC3_income",0.7,0.0694353028649238,1
1,6,1e-04,18,"ASC3_child",0,0.0927773881989052,1
1,6,1e-04,18,"prot25_male",0,0.00784914413512727,1
1,6,1e-04,18,"prot25_age",0.2,0.0575482990741473,1
1,6,1e-04,18,"prot25_income",0,0.00827112449196022,1
1,6,1e-04,18,"prot25_child",0.9,-0.126975088050599,1
1,6,1e-04,18,"prot50_male",-0.9,-0.139410872398549,1
1,6,1e-04,18,"prot50_age",0,0.0743830576714107,1
1,6,1e-04,18,"prot50_income",0,-0.0111808375028603,1
1,6,1e-04,18,"prot50_child",0,0.0719827366196125,1
1,6,1e-04,18,"invasive_male",-0.9,-0.0720153373947657,1
1,6,1e-04,18,"invasive_age",0.1,0.0890561028682031,1
1,6,1e-04,18,"invasive_income",-0.5,-0.0943439312720649,1
1,6,1e-04,18,"invasive_child",-0.2,0.110946126249715,1
1,6,1e-04,19,"ASC2_male",0,-0.103616661937617,1
1,6,1e-04,19,"ASC2_age",1.2,0.324857098220463,1
1,6,1e-04,19,"ASC2_income",0,-0.0951889278465351,1
1,6,1e-04,19,"ASC2_child",0,0.0598437708408919,1
1,6,1e-04,19,"ASC3_male",0.1,-0.127077454901695,1
1,6,1e-04,19,"ASC3_age",0,0.0714322246381499,1
1,6,1e-04,19,"ASC3_income",0.7,0.00562328770603029,1
1,6,1e-04,19,"ASC3_child",0,0.0375045277654989,1
1,6,1e-04,19,"prot25_male",0,0.0364703988529792,1
1,6,1e-04,19,"prot25_age",0.2,-0.018752878351048,1
1,6,1e-04,19,"prot25_income",-0.1,0.00657591872677669,1
1,6,1e-04,19,"prot25_child",0.6,-0.025461753603703,1
1,6,1e-04,19,"prot50_male",0.4,0.175756709248836,1
1,6,1e-04,19,"prot50_age",0,-0.0961315566823777,1
1,6,1e-04,19,"prot50_income",0,0.0347413439546375,1
1,6,1e-04,19,"prot50_child",0,-0.0629041375765856,1
1,6,1e-04,19,"invasive_male",0.6,-3.5470409212298e-05,0
1,6,1e-04,19,"invasive_age",0,-0.0356866453753461,1
1,6,1e-04,19,"invasive_income",0.2,-0.00819817357544881,1
1,6,1e-04,19,"invasive_child",-0.8,-0.0741105294022835,1
1,6,1e-04,20,"ASC2_male",-1,-0.122721286403143,1
1,6,1e-04,20,"ASC2_age",1,0.171029141609967,1
1,6,1e-04,20,"ASC2_income",-0.8,-0.154766574023032,1
1,6,1e-04,20,"ASC2_child",0,0.188684862824198,1
1,6,1e-04,20,"ASC3_male",0,0.0237393029963754,1
1,6,1e-04,20,"ASC3_age",0,0.0508110755893089,1
1,6,1e-04,20,"ASC3_income",0,0.041972039095864,1
1,6,1e-04,20,"ASC3_child",0,0.122714391133711,1
1,6,1e-04,20,"prot25_male",0,0.00277529704276137,1
1,6,1e-04,20,"prot25_age",0,0.00882679796731226,1
1,6,1e-04,20,"prot25_income",0.3,-0.0151138749624628,1
1,6,1e-04,20,"prot25_child",0.3,-0.0485855601750339,1
1,6,1e-04,20,"prot50_male",0.4,-0.0180589861248449,1
1,6,1e-04,20,"prot50_age",-0.9,-0.109464001357657,1
1,6,1e-04,20,"prot50_income",-1.1,-0.258647009538703,1
1,6,1e-04,20,"prot50_child",0,0.030708794259337,1
1,6,1e-04,20,"invasive_male",0,-0.105568121139571,1
1,6,1e-04,20,"invasive_age",-0.3,0.0250208590861249,1
1,6,1e-04,20,"invasive_income",-0.7,-0.163806103341713,1
1,6,1e-04,20,"invasive_child",0,0.247770174720051,1
1,6,1e-04,21,"ASC2_male",-0.1,-0.116331790574663,1
1,6,1e-04,21,"ASC2_age",0,-0.011534668261394,1
1,6,1e-04,21,"ASC2_income",0,0.0516258965939279,1
1,6,1e-04,21,"ASC2_child",0.4,-0.0905343854139024,1
1,6,1e-04,21,"ASC3_male",0,0.0252069795206835,1
1,6,1e-04,21,"ASC3_age",-0.8,-0.17025504462079,1
1,6,1e-04,21,"ASC3_income",0,-0.00766687038946689,1
1,6,1e-04,21,"ASC3_child",-0.3,-0.106110018869804,1
1,6,1e-04,21,"prot25_male",-0.8,-0.107350727736057,1
1,6,1e-04,21,"prot25_age",-0.4,-0.0311034245136654,1
1,6,1e-04,21,"prot25_income",0,0.0505294290638712,1
1,6,1e-04,21,"prot25_child",-0.3,0.179533134847057,1
1,6,1e-04,21,"prot50_male",0.5,0.00787574720182698,1
1,6,1e-04,21,"prot50_age",0,-0.0736772448674137,1
1,6,1e-04,21,"prot50_income",0,0.0448266078312673,1
1,6,1e-04,21,"prot50_child",0.1,0.161313524329814,1
1,6,1e-04,21,"invasive_male",0,-0.138915908835307,1
1,6,1e-04,21,"invasive_age",-0.3,-0.120190579833736,1
1,6,1e-04,21,"invasive_income",0,0.0500207109260816,1
1,6,1e-04,21,"invasive_child",0,-0.066284784510236,1
1,6,1e-04,22,"ASC2_male",0.9,0.137297034874529,1
1,6,1e-04,22,"ASC2_age",0,-0.044021017291978,1
1,6,1e-04,22,"ASC2_income",0,-0.0904510371869092,1
1,6,1e-04,22,"ASC2_child",-0.7,-0.0729498140010646,1
1,6,1e-04,22,"ASC3_male",-0.7,-0.0295761076978183,1
1,6,1e-04,22,"ASC3_age",0,-0.0729120463594994,1
1,6,1e-04,22,"ASC3_income",0,-0.0604895094652462,1
1,6,1e-04,22,"ASC3_child",0,-3.68966611260375e-06,0
1,6,1e-04,22,"prot25_male",0,0.118801067700897,1
1,6,1e-04,22,"prot25_age",-0.2,-0.0100377384223636,1
1,6,1e-04,22,"prot25_income",0.4,0.0648826501758738,1
1,6,1e-04,22,"prot25_child",0,0.130447887434995,1
1,6,1e-04,22,"prot50_male",0.4,0.202496414402271,1
1,6,1e-04,22,"prot50_age",-1,-0.18366291940642,1
1,6,1e-04,22,"prot50_income",0,-0.0023366922559475,1
1,6,1e-04,22,"prot50_child",0.9,0.269868491946036,1
1,6,1e-04,22,"invasive_male",0,0.019817142370319,1
1,6,1e-04,22,"invasive_age",-0.8,-0.191846742978435,1
1,6,1e-04,22,"invasive_income",0,-0.0460955080450002,1
1,6,1e-04,22,"invasive_child",-0.1,0.232333717164917,1
1,6,1e-04,23,"ASC2_male",-0.1,-0.0866718601072152,1
1,6,1e-04,23,"ASC2_age",-0.3,0.0364250434406457,1
1,6,1e-04,23,"ASC2_income",0,-0.0274738308050688,1
1,6,1e-04,23,"ASC2_child",0,0.0613245671644338,1
1,6,1e-04,23,"ASC3_male",-0.9,-0.164999915205153,1
1,6,1e-04,23,"ASC3_age",0,0.037908992007215,1
1,6,1e-04,23,"ASC3_income",0,-0.0111617767911949,1
1,6,1e-04,23,"ASC3_child",1,0.220771500848321,1
1,6,1e-04,23,"prot25_male",0,0.210615974246702,1
1,6,1e-04,23,"prot25_age",0,-0.0860111494940396,1
1,6,1e-04,23,"prot25_income",0,0.0183297944210199,1
1,6,1e-04,23,"prot25_child",-1.1,-0.403973456215192,1
1,6,1e-04,23,"prot50_male",-1.1,-0.269410053641039,1
1,6,1e-04,23,"prot50_age",-0.8,-0.15389497800607,1
1,6,1e-04,23,"prot50_income",0,0.0490221252888476,1
1,6,1e-04,23,"prot50_child",0,-0.26593108723816,1
1,6,1e-04,23,"invasive_male",-0.4,-0.131177720142765,1
1,6,1e-04,23,"invasive_age",-0.4,-0.00420452566262434,1
1,6,1e-04,23,"invasive_income",0.8,0.153476597498485,1
1,6,1e-04,23,"invasive_child",0,-0.191089477374754,1
1,6,1e-04,24,"ASC2_male",0.6,0.0670464821011649,1
1,6,1e-04,24,"ASC2_age",-1.1,-0.189557455056213,1
1,6,1e-04,24,"ASC2_income",0,-0.0756539001473589,1
1,6,1e-04,24,"ASC2_child",0,-0.178042703579522,1
1,6,1e-04,24,"ASC3_male",0,-0.126042011625769,1
1,6,1e-04,24,"ASC3_age",0,-0.000392706014240918,1
1,6,1e-04,24,"ASC3_income",-0.6,-0.138519849934916,1
1,6,1e-04,24,"ASC3_child",0.4,-0.0678573411499003,1
1,6,1e-04,24,"prot25_male",-0.3,-0.0800790607053832,1
1,6,1e-04,24,"prot25_age",0,-0.05983189883539,1
1,6,1e-04,24,"prot25_income",0,0.0634019884214105,1
1,6,1e-04,24,"prot25_child",-0.4,-0.0150984965426913,1
1,6,1e-04,24,"prot50_male",0,0.0125333513421595,1
1,6,1e-04,24,"prot50_age",0,0.0439822181298547,1
1,6,1e-04,24,"prot50_income",-0.5,-0.0197803422230338,1
1,6,1e-04,24,"prot50_child",0,0.254046138671906,1
1,6,1e-04,24,"invasive_male",0.9,0.0814145674965134,1
1,6,1e-04,24,"invasive_age",-0.7,-0.0896383638424388,1
1,6,1e-04,24,"invasive_income",1.2,0.149827768689018,1
1,6,1e-04,24,"invasive_child",0,-0.0315111422766791,1
1,6,1e-04,25,"ASC2_male",-0.8,0.085849883242017,1
1,6,1e-04,25,"ASC2_age",1,0.0698037635329171,1
1,6,1e-04,25,"ASC2_income",0,-0.130798034756376,1
1,6,1e-04,25,"ASC2_child",0,-0.142893529091101,1
1,6,1e-04,25,"ASC3_male",0.9,0.249289568326847,1
1,6,1e-04,25,"ASC3_age",0,-0.0101668565223368,1
1,6,1e-04,25,"ASC3_income",-0.7,-0.287913849087843,1
1,6,1e-04,25,"ASC3_child",-0.9,-0.218338298719178,1
1,6,1e-04,25,"prot25_male",0,-0.0932069134554707,1
1,6,1e-04,25,"prot25_age",0,0.108904888359978,1
1,6,1e-04,25,"prot25_income",-0.9,-0.0662073226200394,1
1,6,1e-04,25,"prot25_child",0,0.34465029298959,1
1,6,1e-04,25,"prot50_male",0,-0.078293838812096,1
1,6,1e-04,25,"prot50_age",0,0.109414076209055,1
1,6,1e-04,25,"prot50_income",0.3,0.115109941472934,1
1,6,1e-04,25,"prot50_child",0,0.128425877334295,1
1,6,1e-04,25,"invasive_male",-1.2,-0.15913256351094,1
1,6,1e-04,25,"invasive_age",0.2,-0.00488324828719159,1
1,6,1e-04,25,"invasive_income",0,-0.0276297272257581,1
1,6,1e-04,25,"invasive_child",-0.3,-0.0648563855401982,1
1,6,1e-04,26,"ASC2_male",0,0.188071654051031,1
1,6,1e-04,26,"ASC2_age",0,-0.0714953729806589,1
1,6,1e-04,26,"ASC2_income",-0.2,-0.0138305442279354,1
1,6,1e-04,26,"ASC2_child",0,0.0592659850910424,1
1,6,1e-04,26,"ASC3_male",0.2,0.300517870450053,1
1,6,1e-04,26,"ASC3_age",0,-0.0954088199143698,1
1,6,1e-04,26,"ASC3_income",-0.6,-0.158252234229486,1
1,6,1e-04,26,"ASC3_child",-0.4,-0.0683256518282506,1
1,6,1e-04,26,"prot25_male",0,-0.255757563314342,1
1,6,1e-04,26,"prot25_age",0.3,0.160133185172918,1
1,6,1e-04,26,"prot25_income",-1.1,-0.1274377654893,1
1,6,1e-04,26,"prot25_child",0.6,0.169461078058859,1
1,6,1e-04,26,"prot50_male",0,-0.00661093908664595,1
1,6,1e-04,26,"prot50_age",1.2,0.278459864641521,1
1,6,1e-04,26,"prot50_income",0,0.0570952264544664,1
1,6,1e-04,26,"prot50_child",-0.3,-0.144447652694774,1
1,6,1e-04,26,"invasive_male",0,0.285775615345842,1
1,6,1e-04,26,"invasive_age",0,-0.0226714123638457,1
1,6,1e-04,26,"invasive_income",0,-0.0464590442725584,1
1,6,1e-04,26,"invasive_child",0.9,0.152252291973867,1
1,6,1e-04,27,"ASC2_male",0.2,0.153260211517667,1
1,6,1e-04,27,"ASC2_age",-0.9,-0.112437100598328,1
1,6,1e-04,27,"ASC2_income",0.7,0.0939879453756641,1
1,6,1e-04,27,"ASC2_child",0,0.119094863641381,1
1,6,1e-04,27,"ASC3_male",0,-0.00786746462588929,1
1,6,1e-04,27,"ASC3_age",0,0.0141407596181271,1
1,6,1e-04,27,"ASC3_income",0.5,-0.0316340217732435,1
1,6,1e-04,27,"ASC3_child",-0.7,0.0212765571466884,1
1,6,1e-04,27,"prot25_male",0.8,0.000337778347555735,1
1,6,1e-04,27,"prot25_age",0,0.0218176204608147,1
1,6,1e-04,27,"prot25_income",0,0.071983731134365,1
1,6,1e-04,27,"prot25_child",0,0.00608898552619882,1
1,6,1e-04,27,"prot50_male",0,-0.146686088014169,1
1,6,1e-04,27,"prot50_age",0.7,0.147771856405254,1
1,6,1e-04,27,"prot50_income",0,0.12117179508552,1
1,6,1e-04,27,"prot50_child",-1,-0.160395581827024,1
1,6,1e-04,27,"invasive_male",0,-0.0410970334109781,1
1,6,1e-04,27,"invasive_age",0,0.0066536805031653,1
1,6,1e-04,27,"invasive_income",1,0.203142012490331,1
1,6,1e-04,27,"invasive_child",0.9,0.20139332524708,1
1,6,1e-04,28,"ASC2_male",0,-0.0221952584391371,1
1,6,1e-04,28,"ASC2_age",0,-0.0402168239397886,1
1,6,1e-04,28,"ASC2_income",0,-0.0954093547270178,1
1,6,1e-04,28,"ASC2_child",-0.9,-0.335315817806207,1
1,6,1e-04,28,"ASC3_male",-0.9,-0.146611414823958,1
1,6,1e-04,28,"ASC3_age",-0.3,-0.0701417207790025,1
1,6,1e-04,28,"ASC3_income",0,-0.0471499390093175,1
1,6,1e-04,28,"ASC3_child",0,-0.0749350785713104,1
1,6,1e-04,28,"prot25_male",-0.7,-0.162021475394441,1
1,6,1e-04,28,"prot25_age",-0.3,-0.0697778447315052,1
1,6,1e-04,28,"prot25_income",0,0.122004950280421,1
1,6,1e-04,28,"prot25_child",0,0.0968475707173567,1
1,6,1e-04,28,"prot50_male",-0.3,-0.138997032173994,1
1,6,1e-04,28,"prot50_age",0.2,0.0144039502265155,1
1,6,1e-04,28,"prot50_income",0,0.113371170812107,1
1,6,1e-04,28,"prot50_child",0,-0.053128050621221,1
1,6,1e-04,28,"invasive_male",0.5,-0.0323731123696077,1
1,6,1e-04,28,"invasive_age",0,-0.0218615403116891,1
1,6,1e-04,28,"invasive_income",-1,-0.164667059814281,1
1,6,1e-04,28,"invasive_child",0.6,-0.0822641346932606,1
1,6,1e-04,29,"ASC2_male",0.3,0.0597909332760261,1
1,6,1e-04,29,"ASC2_age",0.9,0.102069920622028,1
1,6,1e-04,29,"ASC2_income",1.2,0.190456826827107,1
1,6,1e-04,29,"ASC2_child",0.5,0.103365280652424,1
1,6,1e-04,29,"ASC3_male",1.1,0.388169188179244,1
1,6,1e-04,29,"ASC3_age",0,-0.102395095798635,1
1,6,1e-04,29,"ASC3_income",0,0.0578975649353798,1
1,6,1e-04,29,"ASC3_child",0.1,-0.068149838094625,1
1,6,1e-04,29,"prot25_male",-1.1,-0.269065660484467,1
1,6,1e-04,29,"prot25_age",0,0.0633507139189123,1
1,6,1e-04,29,"prot25_income",0,-0.008196140881334,1
1,6,1e-04,29,"prot25_child",-0.5,-0.283425205514492,1
1,6,1e-04,29,"prot50_male",0,0.0748686058587552,1
1,6,1e-04,29,"prot50_age",-0.9,-0.219518094335666,1
1,6,1e-04,29,"prot50_income",-0.8,-0.158253182065975,1
1,6,1e-04,29,"prot50_child",0,-0.322213416036062,1
1,6,1e-04,29,"invasive_male",0,0.228549037942714,1
1,6,1e-04,29,"invasive_age",0,-0.0525767469373744,1
1,6,1e-04,29,"invasive_income",0,-0.0488313793567352,1
1,6,1e-04,29,"invasive_child",0,-0.183779539668296,1
1,6,1e-04,30,"ASC2_male",0.4,0.0227123097552514,1
1,6,1e-04,30,"ASC2_age",0,0.0686139264474889,1
1,6,1e-04,30,"ASC2_income",0,-0.026000498213602,1
1,6,1e-04,30,"ASC2_child",0.7,-0.0403542830254993,1
1,6,1e-04,30,"ASC3_male",1.1,0.310917895530818,1
1,6,1e-04,30,"ASC3_age",0,0.00618697167574768,1
1,6,1e-04,30,"ASC3_income",0.4,0.0789345917876048,1
1,6,1e-04,30,"ASC3_child",0.9,-0.000227935067397248,1
1,6,1e-04,30,"prot25_male",-0.2,-0.0252041015151102,1
1,6,1e-04,30,"prot25_age",0.1,0.0053258058290299,1
1,6,1e-04,30,"prot25_income",0.3,0.0905934421060452,1
1,6,1e-04,30,"prot25_child",0,-0.0246992040547271,1
1,6,1e-04,30,"prot50_male",0,0.0205601264903483,1
1,6,1e-04,30,"prot50_age",0,-0.0152185151631734,1
1,6,1e-04,30,"prot50_income",0,0.028748133703822,1
1,6,1e-04,30,"prot50_child",0,-0.125470929754659,1
1,6,1e-04,30,"invasive_male",-0.6,0.00525034812414004,1
1,6,1e-04,30,"invasive_age",0,-0.0337972242041305,1
1,6,1e-04,30,"invasive_income",-1,-0.151023962203637,1
1,6,1e-04,30,"invasive_child",0,-0.0587763094123676,1
1,6,1e-04,31,"ASC2_male",-0.3,0.1292284671432,1
1,6,1e-04,31,"ASC2_age",1.2,0.14468239502908,1
1,6,1e-04,31,"ASC2_income",1,0.212406628267751,1
1,6,1e-04,31,"ASC2_child",0,0.129113592197508,1
1,6,1e-04,31,"ASC3_male",0,0.173902066337162,1
1,6,1e-04,31,"ASC3_age",1.1,0.129701974269599,1
1,6,1e-04,31,"ASC3_income",-0.6,-0.13037714946253,1
1,6,1e-04,31,"ASC3_child",0,0.133643456989818,1
1,6,1e-04,31,"prot25_male",0,-0.00910869994874622,1
1,6,1e-04,31,"prot25_age",-0.2,-0.0206570573615762,1
1,6,1e-04,31,"prot25_income",0,0.0629594775188441,1
1,6,1e-04,31,"prot25_child",-0.2,-0.223886775145554,1
1,6,1e-04,31,"prot50_male",-0.3,0.0227638340916145,1
1,6,1e-04,31,"prot50_age",0,0.014926032811682,1
1,6,1e-04,31,"prot50_income",0,0.00137245615317494,1
1,6,1e-04,31,"prot50_child",0,-0.0548839091226131,1
1,6,1e-04,31,"invasive_male",0,0.144781178791943,1
1,6,1e-04,31,"invasive_age",0.2,0.00694006075667641,1
1,6,1e-04,31,"invasive_income",0.9,0.187015221121454,1
1,6,1e-04,31,"invasive_child",0,-0.0441238218490446,1
1,6,1e-04,32,"ASC2_male",0.6,0.0348868396222676,1
1,6,1e-04,32,"ASC2_age",0,-0.064552330368424,1
1,6,1e-04,32,"ASC2_income",1.1,0.227841957046338,1
1,6,1e-04,32,"ASC2_child",0,0.027171207550465,1
1,6,1e-04,32,"ASC3_male",-0.7,-0.216390570860417,1
1,6,1e-04,32,"ASC3_age",-1.1,-0.269030880588519,1
1,6,1e-04,32,"ASC3_income",0,0.150374162954676,1
1,6,1e-04,32,"ASC3_child",-0.3,-0.019161300347222,1
1,6,1e-04,32,"prot25_male",0.7,0.203504795016078,1
1,6,1e-04,32,"prot25_age",0,0.0152081800008059,1
1,6,1e-04,32,"prot25_income",-0.5,-0.185618419494981,1
1,6,1e-04,32,"prot25_child",-1.1,-0.122185731086592,1
1,6,1e-04,32,"prot50_male",0,0.116410937813624,1
1,6,1e-04,32,"prot50_age",-0.6,-0.0720885319407415,1
1,6,1e-04,32,"prot50_income",0,-0.14526671565715,1
1,6,1e-04,32,"prot50_child",0,0.0424230930908309,1
1,6,1e-04,32,"invasive_male",0,-0.0980232827972186,1
1,6,1e-04,32,"invasive_age",0,-0.0761236370263181,1
1,6,1e-04,32,"invasive_income",0,0.0224438562698555,1
1,6,1e-04,32,"invasive_child",0.2,-0.106596191232608,1
1,6,1e-04,33,"ASC2_male",-0.4,-0.404085402002699,1
1,6,1e-04,33,"ASC2_age",0,0.0618932160173977,1
1,6,1e-04,33,"ASC2_income",0,-0.017947860610648,1
1,6,1e-04,33,"ASC2_child",0,0.138294421957782,1
1,6,1e-04,33,"ASC3_male",0.6,-0.185888388168511,1
1,6,1e-04,33,"ASC3_age",0,0.0690516237801346,1
1,6,1e-04,33,"ASC3_income",-1,-0.147994365855119,1
1,6,1e-04,33,"ASC3_child",0,0.146831895272994,1
1,6,1e-04,33,"prot25_male",0,0.342269326960612,1
1,6,1e-04,33,"prot25_age",0,-0.0601279298554914,1
1,6,1e-04,33,"prot25_income",0,0.0361598614249387,1
1,6,1e-04,33,"prot25_child",1.1,0.163806282486797,1
1,6,1e-04,33,"prot50_male",0,0.251079644073446,1
1,6,1e-04,33,"prot50_age",0.4,-0.0770842695036086,1
1,6,1e-04,33,"prot50_income",0.3,0.0214441736476295,1
1,6,1e-04,33,"prot50_child",-0.4,-0.117634492000833,1
1,6,1e-04,33,"invasive_male",0.3,0.0162371133122411,1
1,6,1e-04,33,"invasive_age",0,-0.0185932743327807,1
1,6,1e-04,33,"invasive_income",0.6,0.0480878577900063,1
1,6,1e-04,33,"invasive_child",0.8,0.192563237576163,1
1,6,1e-04,34,"ASC2_male",0,0.242510142082746,1
1,6,1e-04,34,"ASC2_age",0,-0.0191275145908129,1
1,6,1e-04,34,"ASC2_income",-0.8,-0.107860488480619,1
1,6,1e-04,34,"ASC2_child",-0.4,0.167907331755795,1
1,6,1e-04,34,"ASC3_male",0,0.311561047339952,1
1,6,1e-04,34,"ASC3_age",0,-0.0289148087159631,1
1,6,1e-04,34,"ASC3_income",0,0.0388247982785895,1
1,6,1e-04,34,"ASC3_child",0.4,0.207325845502746,1
1,6,1e-04,34,"prot25_male",0,-0.202077253556101,1
1,6,1e-04,34,"prot25_age",0,0.0376989113177695,1
1,6,1e-04,34,"prot25_income",1,0.168851131082221,1
1,6,1e-04,34,"prot25_child",1.2,0.184513670583153,1
1,6,1e-04,34,"prot50_male",0.1,-0.0439280426410294,1
1,6,1e-04,34,"prot50_age",0.2,0.00963475696126227,1
1,6,1e-04,34,"prot50_income",-0.5,-0.0917926961159243,1
1,6,1e-04,34,"prot50_child",0,0.0161197560107423,1
1,6,1e-04,34,"invasive_male",0,0.0391345707475227,1
1,6,1e-04,34,"invasive_age",0,0.047169370862593,1
1,6,1e-04,34,"invasive_income",-1,-0.0770782151015907,1
1,6,1e-04,34,"invasive_child",0.2,0.197539698695614,1
1,6,1e-04,35,"ASC2_male",0,0.00977046798891798,1
1,6,1e-04,35,"ASC2_age",0,-0.0463054383058253,1
1,6,1e-04,35,"ASC2_income",0.9,0.213689470497466,1
1,6,1e-04,35,"ASC2_child",0,0.131424923370576,1
1,6,1e-04,35,"ASC3_male",0,-0.0335495568803978,1
1,6,1e-04,35,"ASC3_age",1.1,0.109794236194861,1
1,6,1e-04,35,"ASC3_income",0,0.0635948672899126,1
1,6,1e-04,35,"ASC3_child",0,0.199784683406316,1
1,6,1e-04,35,"prot25_male",-0.2,0.0806311577896081,1
1,6,1e-04,35,"prot25_age",0.3,0.00496721424407291,1
1,6,1e-04,35,"prot25_income",0,-0.0125678379060098,1
1,6,1e-04,35,"prot25_child",-1.1,-0.222987666976533,1
1,6,1e-04,35,"prot50_male",-0.4,-0.0713683909119412,1
1,6,1e-04,35,"prot50_age",0,0.0673207145487401,1
1,6,1e-04,35,"prot50_income",-0.3,-0.0296856058516055,1
1,6,1e-04,35,"prot50_child",0.5,0.0503616259901899,1
1,6,1e-04,35,"invasive_male",0.1,0.071114719132782,1
1,6,1e-04,35,"invasive_age",0,0.0440653372552089,1
1,6,1e-04,35,"invasive_income",-1.1,-0.202685551847552,1
1,6,1e-04,35,"invasive_child",0,0.267407429205909,1
1,6,1e-04,36,"ASC2_male",-0.4,-0.0829528022572146,1
1,6,1e-04,36,"ASC2_age",-1,-0.156370194069864,1
1,6,1e-04,36,"ASC2_income",-0.5,-0.0132700859683513,1
1,6,1e-04,36,"ASC2_child",-0.9,-0.0502856004427756,1
1,6,1e-04,36,"ASC3_male",0,-0.0772793866523078,1
1,6,1e-04,36,"ASC3_age",1.1,0.214492425114446,1
1,6,1e-04,36,"ASC3_income",0,0.087335543862252,1
1,6,1e-04,36,"ASC3_child",0,0.153432088766146,1
1,6,1e-04,36,"prot25_male",0,0.0302922959747001,1
1,6,1e-04,36,"prot25_age",0,-0.053544029154853,1
1,6,1e-04,36,"prot25_income",1.1,0.0894953633059159,1
1,6,1e-04,36,"prot25_child",-0.5,-0.171711963302594,1
1,6,1e-04,36,"prot50_male",0,-0.0561191595770873,1
1,6,1e-04,36,"prot50_age",0,-0.0376144357530148,1
1,6,1e-04,36,"prot50_income",1.1,0.154465125021527,1
1,6,1e-04,36,"prot50_child",0,-0.0640560613253575,1
1,6,1e-04,36,"invasive_male",0.3,0.11795250013574,1
1,6,1e-04,36,"invasive_age",0,0.0181888857858722,1
1,6,1e-04,36,"invasive_income",-0.5,-0.0167515388841961,1
1,6,1e-04,36,"invasive_child",0,0.067418171939029,1
1,6,1e-04,37,"ASC2_male",0.6,0.209707209399132,1
1,6,1e-04,37,"ASC2_age",0,-0.0685413216935489,1
1,6,1e-04,37,"ASC2_income",0.9,0.0607373603525858,1
1,6,1e-04,37,"ASC2_child",0,0.109129066834671,1
1,6,1e-04,37,"ASC3_male",0,0.162391827984239,1
1,6,1e-04,37,"ASC3_age",0.6,0.123065307058781,1
1,6,1e-04,37,"ASC3_income",1.1,0.124541509332768,1
1,6,1e-04,37,"ASC3_child",-0.8,-0.0435423221098218,1
1,6,1e-04,37,"prot25_male",-1.2,-0.533442101600227,1
1,6,1e-04,37,"prot25_age",0,0.0491981422098979,1
1,6,1e-04,37,"prot25_income",1.1,0.208323907551861,1
1,6,1e-04,37,"prot25_child",0,-0.0997163301476536,1
1,6,1e-04,37,"prot50_male",0,-0.0431553105303494,1
1,6,1e-04,37,"prot50_age",0.5,0.109479209569942,1
1,6,1e-04,37,"prot50_income",0,0.0322505632289321,1
1,6,1e-04,37,"prot50_child",0,-0.0820011393414046,1
1,6,1e-04,37,"invasive_male",0,0.255390181595506,1
1,6,1e-04,37,"invasive_age",1.1,0.112238869930579,1
1,6,1e-04,37,"invasive_income",0,-0.0494616932663867,1
1,6,1e-04,37,"invasive_child",0.6,-0.05217088655264,1
1,6,1e-04,38,"ASC2_male",0.3,0.0536841735684145,1
1,6,1e-04,38,"ASC2_age",0.3,-0.0255357232536036,1
1,6,1e-04,38,"ASC2_income",0,-0.1177128974822,1
1,6,1e-04,38,"ASC2_child",0.9,0.0309952850690193,1
1,6,1e-04,38,"ASC3_male",0,-0.155814536645652,1
1,6,1e-04,38,"ASC3_age",-0.6,-0.151627403314691,1
1,6,1e-04,38,"ASC3_income",0,-0.0934827554416795,1
1,6,1e-04,38,"ASC3_child",0,-0.16115814860469,1
1,6,1e-04,38,"prot25_male",0,-0.0471660659325709,1
1,6,1e-04,38,"prot25_age",0,0.127263186750789,1
1,6,1e-04,38,"prot25_income",0.7,0.202942400870146,1
1,6,1e-04,38,"prot25_child",0,0.118598118888991,1
1,6,1e-04,38,"prot50_male",0,-0.127329992478943,1
1,6,1e-04,38,"prot50_age",0,0.170443762826951,1
1,6,1e-04,38,"prot50_income",0.2,0.051779125140347,1
1,6,1e-04,38,"prot50_child",-0.8,-0.0408315388444991,1
1,6,1e-04,38,"invasive_male",0.1,-0.0476023956794637,1
1,6,1e-04,38,"invasive_age",0,0.00467077480728158,1
1,6,1e-04,38,"invasive_income",-0.6,-0.147333530211001,1
1,6,1e-04,38,"invasive_child",-0.6,-0.206644561800217,1
1,6,1e-04,39,"ASC2_male",0.9,0.0408949946774874,1
1,6,1e-04,39,"ASC2_age",0,-0.0438985526968545,1
1,6,1e-04,39,"ASC2_income",0,0.0507623746078181,1
1,6,1e-04,39,"ASC2_child",0,-0.0520981842118991,1
1,6,1e-04,39,"ASC3_male",-0.9,-0.379653011196554,1
1,6,1e-04,39,"ASC3_age",0,-0.00588899362339156,1
1,6,1e-04,39,"ASC3_income",-0.7,-0.0456182657860095,1
1,6,1e-04,39,"ASC3_child",-1.1,-0.34704472620563,1
1,6,1e-04,39,"prot25_male",-1,0.109024897727087,1
1,6,1e-04,39,"prot25_age",-0.6,0.0871430089743861,1
1,6,1e-04,39,"prot25_income",0.7,0.0432931346976835,1
1,6,1e-04,39,"prot25_child",-0.3,0.0577642782217491,1
1,6,1e-04,39,"prot50_male",0,0.090344551046522,1
1,6,1e-04,39,"prot50_age",0,0.111868746053226,1
1,6,1e-04,39,"prot50_income",0,-0.0545728181151097,1
1,6,1e-04,39,"prot50_child",0,-0.00296982697794823,1
1,6,1e-04,39,"invasive_male",1.1,0.16646830222625,1
1,6,1e-04,39,"invasive_age",0,0.106541035203879,1
1,6,1e-04,39,"invasive_income",0,-0.0169485438619355,1
1,6,1e-04,39,"invasive_child",-0.6,-0.125682952523061,1
1,6,1e-04,40,"ASC2_male",0,0.128424971628531,1
1,6,1e-04,40,"ASC2_age",-0.3,-0.133858726990621,1
1,6,1e-04,40,"ASC2_income",1.1,0.105200307640049,1
1,6,1e-04,40,"ASC2_child",0,-0.0900150310617609,1
1,6,1e-04,40,"ASC3_male",0.5,0.0904057946879928,1
1,6,1e-04,40,"ASC3_age",0,-0.0782075410165486,1
1,6,1e-04,40,"ASC3_income",-0.9,-0.258035487623963,1
1,6,1e-04,40,"ASC3_child",-1,-0.198550097489421,1
1,6,1e-04,40,"prot25_male",-0.5,-0.0632956392774976,1
1,6,1e-04,40,"prot25_age",-0.3,-0.0128168007733751,1
1,6,1e-04,40,"prot25_income",0,0.107878270512134,1
1,6,1e-04,40,"prot25_child",0,-0.0184981228308492,1
1,6,1e-04,40,"prot50_male",0,0.103199899213157,1
1,6,1e-04,40,"prot50_age",-1,-0.0502384722894442,1
1,6,1e-04,40,"prot50_income",0,0.0446644436474842,1
1,6,1e-04,40,"prot50_child",0,0.25074722001274,1
1,6,1e-04,40,"invasive_male",0,0.0768301409260986,1
1,6,1e-04,40,"invasive_age",-0.3,-0.0251154137896315,1
1,6,1e-04,40,"invasive_income",-0.1,-0.0920812328296795,1
1,6,1e-04,40,"invasive_child",0,0.056693449115644,1
1,6,1e-04,41,"ASC2_male",-0.5,-0.0524742759996428,1
1,6,1e-04,41,"ASC2_age",0.9,0.153021263598263,1
1,6,1e-04,41,"ASC2_income",1.1,0.206293266844538,1
1,6,1e-04,41,"ASC2_child",0,-0.0598917971691539,1
1,6,1e-04,41,"ASC3_male",0.3,0.163898985296018,1
1,6,1e-04,41,"ASC3_age",0,-0.02105566698042,1
1,6,1e-04,41,"ASC3_income",0,-0.0141508284612512,1
1,6,1e-04,41,"ASC3_child",0,-0.149944726229399,1
1,6,1e-04,41,"prot25_male",0,-0.0756052756121672,1
1,6,1e-04,41,"prot25_age",0,0.0121780414383252,1
1,6,1e-04,41,"prot25_income",-0.2,-0.120645003850566,1
1,6,1e-04,41,"prot25_child",0.7,0.249170869213635,1
1,6,1e-04,41,"prot50_male",-0.8,-0.261159083934019,1
1,6,1e-04,41,"prot50_age",-0.4,-0.0880604900969642,1
1,6,1e-04,41,"prot50_income",0,-0.0119698411639718,1
1,6,1e-04,41,"prot50_child",0,0.0951878347224826,1
1,6,1e-04,41,"invasive_male",0,-0.108235315379943,1
1,6,1e-04,41,"invasive_age",0,-0.0162684480088635,1
1,6,1e-04,41,"invasive_income",0.3,0.0926354129156342,1
1,6,1e-04,41,"invasive_child",0.5,0.117650298765432,1
1,6,1e-04,42,"ASC2_male",0.6,0.167660723503219,1
1,6,1e-04,42,"ASC2_age",0,0.0559079928532586,1
1,6,1e-04,42,"ASC2_income",0.6,0.173464098907012,1
1,6,1e-04,42,"ASC2_child",0.8,0.144395892392442,1
1,6,1e-04,42,"ASC3_male",0,-0.0112906601676694,1
1,6,1e-04,42,"ASC3_age",-0.3,0.0408025542842613,1
1,6,1e-04,42,"ASC3_income",0,0.0799904918249484,1
1,6,1e-04,42,"ASC3_child",-1,-0.0985210455609922,1
1,6,1e-04,42,"prot25_male",0,-0.00669005798316622,1
1,6,1e-04,42,"prot25_age",0.6,-0.0735420445586858,1
1,6,1e-04,42,"prot25_income",0,-0.048388353708939,1
1,6,1e-04,42,"prot25_child",0,0.101037988883197,1
1,6,1e-04,42,"prot50_male",0,-0.0168995929146176,1
1,6,1e-04,42,"prot50_age",0.7,0.0387097862628353,1
1,6,1e-04,42,"prot50_income",-0.9,-0.20006599477592,1
1,6,1e-04,42,"prot50_child",-0.7,-0.0825606483932601,1
1,6,1e-04,42,"invasive_male",1.2,0.217715720026662,1
1,6,1e-04,42,"invasive_age",0,-0.0481776723496626,1
1,6,1e-04,42,"invasive_income",0,0.00654531638444683,1
1,6,1e-04,42,"invasive_child",0,0.0901329503611224,1
1,6,1e-04,43,"ASC2_male",-0.7,-0.135991089461231,1
1,6,1e-04,43,"ASC2_age",0,0.0838419868088655,1
1,6,1e-04,43,"ASC2_income",0,0.0534174221330859,1
1,6,1e-04,43,"ASC2_child",0.2,0.0202894480153277,1
1,6,1e-04,43,"ASC3_male",0.5,0.0444091748260119,1
1,6,1e-04,43,"ASC3_age",0,0.0467790562025888,1
1,6,1e-04,43,"ASC3_income",1,0.16457980739253,1
1,6,1e-04,43,"ASC3_child",-0.3,-0.143656200071244,1
1,6,1e-04,43,"prot25_male",0,0.131447493371918,1
1,6,1e-04,43,"prot25_age",-0.9,-0.138253139541052,1
1,6,1e-04,43,"prot25_income",0,-0.0912351500361361,1
1,6,1e-04,43,"prot25_child",0,0.0138833644293288,1
1,6,1e-04,43,"prot50_male",0,0.0475970609253852,1
1,6,1e-04,43,"prot50_age",0,-0.0678716896872178,1
1,6,1e-04,43,"prot50_income",-1.2,-0.252328463270988,1
1,6,1e-04,43,"prot50_child",0.6,0.0684417552756706,1
1,6,1e-04,43,"invasive_male",0.7,0.173634550573671,1
1,6,1e-04,43,"invasive_age",0,0.024866452161035,1
1,6,1e-04,43,"invasive_income",-0.6,-0.0821718298124844,1
1,6,1e-04,43,"invasive_child",0,-0.110648443604683,1
1,6,1e-04,44,"ASC2_male",0,0.174328437346885,1
1,6,1e-04,44,"ASC2_age",-0.5,-0.147705640990841,1
1,6,1e-04,44,"ASC2_income",-1,-0.196046208924911,1
1,6,1e-04,44,"ASC2_child",-0.8,-0.159947853808334,1
1,6,1e-04,44,"ASC3_male",-1.1,-0.0103459354692234,1
1,6,1e-04,44,"ASC3_age",0,-0.0674663810571851,1
1,6,1e-04,44,"ASC3_income",0,-0.0887712998289468,1
1,6,1e-04,44,"ASC3_child",0,-0.022975610507601,1
1,6,1e-04,44,"prot25_male",-1.1,-0.293202422042814,1
1,6,1e-04,44,"prot25_age",-0.3,0.0441059408210507,1
1,6,1e-04,44,"prot25_income",0,0.0149687434524958,1
1,6,1e-04,44,"prot25_child",-0.6,-0.0587644950865698,1
1,6,1e-04,44,"prot50_male",0,-0.121355476807591,1
1,6,1e-04,44,"prot50_age",0,0.0544965289341141,1
1,6,1e-04,44,"prot50_income",-0.8,-0.128400603541639,1
1,6,1e-04,44,"prot50_child",0,-0.0927891712339769,1
1,6,1e-04,44,"invasive_male",-0.3,-0.0250519022537306,1
1,6,1e-04,44,"invasive_age",0,-0.00211694642185315,1
1,6,1e-04,44,"invasive_income",0,0.0534292767804952,1
1,6,1e-04,44,"invasive_child",-0.4,-0.0893236359799621,1
1,6,1e-04,45,"ASC2_male",0,0.199696106712998,1
1,6,1e-04,45,"ASC2_age",0.7,0.0342550742738023,1
1,6,1e-04,45,"ASC2_income",1.1,0.0708332056964357,1
1,6,1e-04,45,"ASC2_child",0.3,-0.196967848040902,1
1,6,1e-04,45,"ASC3_male",0,0.142861398321383,1
1,6,1e-04,45,"ASC3_age",0.4,-0.0292563703194858,1
1,6,1e-04,45,"ASC3_income",-0.1,-0.166312943155544,1
1,6,1e-04,45,"ASC3_child",0,-0.248141884025938,1
1,6,1e-04,45,"prot25_male",0,-0.119765454777128,1
1,6,1e-04,45,"prot25_age",0,0.037473641356267,1
1,6,1e-04,45,"prot25_income",0,-0.0206326285713805,1
1,6,1e-04,45,"prot25_child",1.1,0.253785720780417,1
1,6,1e-04,45,"prot50_male",0,-0.0829224525085176,1
1,6,1e-04,45,"prot50_age",-0.4,0.0190679884181253,1
1,6,1e-04,45,"prot50_income",0,0.0880400096260372,1
1,6,1e-04,45,"prot50_child",0.4,0.143085990458822,1
1,6,1e-04,45,"invasive_male",-0.3,0.00401373158555788,1
1,6,1e-04,45,"invasive_age",-0.2,-0.092425570164639,1
1,6,1e-04,45,"invasive_income",0,-0.0592896969380665,1
1,6,1e-04,45,"invasive_child",0,-0.00197961727839976,1
1,6,1e-04,46,"ASC2_male",0.4,0.0644231389351086,1
1,6,1e-04,46,"ASC2_age",0,0.0364379978992115,1
1,6,1e-04,46,"ASC2_income",0,0.000900180590082956,1
1,6,1e-04,46,"ASC2_child",-0.5,0.134589755594521,1
1,6,1e-04,46,"ASC3_male",-0.9,-0.129659456552654,1
1,6,1e-04,46,"ASC3_age",0,0.0510677452362693,1
1,6,1e-04,46,"ASC3_income",-1,-0.236860283727668,1
1,6,1e-04,46,"ASC3_child",0.7,0.32346582474097,1
1,6,1e-04,46,"prot25_male",0,-0.0664689086300464,1
1,6,1e-04,46,"prot25_age",-0.9,-0.116366451900154,1
1,6,1e-04,46,"prot25_income",0,-0.0147994935544639,1
1,6,1e-04,46,"prot25_child",0,-0.0631143619861162,1
1,6,1e-04,46,"prot50_male",0,0.00478829484610627,1
1,6,1e-04,46,"prot50_age",0.3,0.0695585293243733,1
1,6,1e-04,46,"prot50_income",1,0.156092860315238,1
1,6,1e-04,46,"prot50_child",0,-0.111197853746342,1
1,6,1e-04,46,"invasive_male",0.3,0.138195887254102,1
1,6,1e-04,46,"invasive_age",0,0.0144428802624516,1
1,6,1e-04,46,"invasive_income",0.2,0.0338486997993893,1
1,6,1e-04,46,"invasive_child",0,-0.0330334223582182,1
1,6,1e-04,47,"ASC2_male",0,-0.164233229923893,1
1,6,1e-04,47,"ASC2_age",0,0.0392602488297157,1
1,6,1e-04,47,"ASC2_income",0.8,0.111594953719274,1
1,6,1e-04,47,"ASC2_child",-1.2,-0.333492109174998,1
1,6,1e-04,47,"ASC3_male",0.2,-0.210159140450798,1
1,6,1e-04,47,"ASC3_age",0,0.106673044693861,1
1,6,1e-04,47,"ASC3_income",0,0.0349428908072091,1
1,6,1e-04,47,"ASC3_child",0,-0.0767529855438366,1
1,6,1e-04,47,"prot25_male",0,0.173504290443754,1
1,6,1e-04,47,"prot25_age",0.5,-0.0124178781133154,1
1,6,1e-04,47,"prot25_income",0.4,0.12938493569996,1
1,6,1e-04,47,"prot25_child",0.9,0.248122999441314,1
1,6,1e-04,47,"prot50_male",0,0.0927240769112445,1
1,6,1e-04,47,"prot50_age",-0.3,-0.133712763194542,1
1,6,1e-04,47,"prot50_income",-0.7,-0.135663753144859,1
1,6,1e-04,47,"prot50_child",-1.1,-0.0777186464144469,1
1,6,1e-04,47,"invasive_male",0,-0.196809388058041,1
1,6,1e-04,47,"invasive_age",0.5,0.135439991489786,1
1,6,1e-04,47,"invasive_income",0,-0.077299189760244,1
1,6,1e-04,47,"invasive_child",0,-0.0288130023491644,1
1,6,1e-04,48,"ASC2_male",1.1,0.391590242000343,1
1,6,1e-04,48,"ASC2_age",0,0.0662580815729634,1
1,6,1e-04,48,"ASC2_income",0,0.0203137825746139,1
1,6,1e-04,48,"ASC2_child",-0.3,0.0516609066331325,1
1,6,1e-04,48,"ASC3_male",0,0.238162868536055,1
1,6,1e-04,48,"ASC3_age",0,0.0575547837696605,1
1,6,1e-04,48,"ASC3_income",0.8,0.183498766381644,1
1,6,1e-04,48,"ASC3_child",0,0.133642791800476,1
1,6,1e-04,48,"prot25_male",-0.6,-0.210720752886038,1
1,6,1e-04,48,"prot25_age",0,-0.0160492599644816,1
1,6,1e-04,48,"prot25_income",-0.2,-0.129367437136126,1
1,6,1e-04,48,"prot25_child",0,-0.0716693828973047,1
1,6,1e-04,48,"prot50_male",0,-0.0992936847102684,1
1,6,1e-04,48,"prot50_age",-0.4,-0.0743232211051037,1
1,6,1e-04,48,"prot50_income",0,-0.00568007739459955,1
1,6,1e-04,48,"prot50_child",0,-0.0381141903247283,1
1,6,1e-04,48,"invasive_male",0.7,0.063169621680815,1
1,6,1e-04,48,"invasive_age",-0.6,-0.0701561509709778,1
1,6,1e-04,48,"invasive_income",-0.3,-0.0416041567556261,1
1,6,1e-04,48,"invasive_child",-0.7,-0.00227829217100989,1
1,6,1e-04,49,"ASC2_male",0.7,0.0139931148214399,1
1,6,1e-04,49,"ASC2_age",0,0.00438865131975906,1
1,6,1e-04,49,"ASC2_income",-0.8,-0.104731582806836,1
1,6,1e-04,49,"ASC2_child",-0.9,-0.433371587759871,1
1,6,1e-04,49,"ASC3_male",0,-0.159225727978303,1
1,6,1e-04,49,"ASC3_age",0,-0.0631997935149566,1
1,6,1e-04,49,"ASC3_income",-0.5,-0.131396973981461,1
1,6,1e-04,49,"ASC3_child",0,-0.260748817459911,1
1,6,1e-04,49,"prot25_male",0.8,0.220055216069076,1
1,6,1e-04,49,"prot25_age",0,-0.042518235351139,1
1,6,1e-04,49,"prot25_income",0,-0.0390099471775137,1
1,6,1e-04,49,"prot25_child",0.5,0.258407267392041,1
1,6,1e-04,49,"prot50_male",-0.1,0.0317014150272388,1
1,6,1e-04,49,"prot50_age",0.8,0.10953514094291,1
1,6,1e-04,49,"prot50_income",0,-0.0388353826766185,1
1,6,1e-04,49,"prot50_child",0,0.183505177600882,1
1,6,1e-04,49,"invasive_male",-0.9,-0.244557884693941,1
1,6,1e-04,49,"invasive_age",0,0.0125709229031522,1
1,6,1e-04,49,"invasive_income",0,-0.0646184676323995,1
1,6,1e-04,49,"invasive_child",0.3,-0.0884105510163597,1
1,6,1e-04,50,"ASC2_male",0,0.0940036879614638,1
1,6,1e-04,50,"ASC2_age",0.8,0.252993421374624,1
1,6,1e-04,50,"ASC2_income",0,0.00210437574095803,1
1,6,1e-04,50,"ASC2_child",0,0.246521499020884,1
1,6,1e-04,50,"ASC3_male",-0.5,-0.104450848160276,1
1,6,1e-04,50,"ASC3_age",-0.4,0.0456031824934,1
1,6,1e-04,50,"ASC3_income",1.1,0.182702325243125,1
1,6,1e-04,50,"ASC3_child",0.5,0.297440292353688,1
1,6,1e-04,50,"prot25_male",1.1,0.28149308269291,1
1,6,1e-04,50,"prot25_age",0.8,0.100157051156208,1
1,6,1e-04,50,"prot25_income",0,0.0228623089772837,1
1,6,1e-04,50,"prot25_child",0,-0.189940264435199,1
1,6,1e-04,50,"prot50_male",-0.6,0.0666936924738187,1
1,6,1e-04,50,"prot50_age",0,-0.133327289482753,1
1,6,1e-04,50,"prot50_income",-0.3,-0.0199029922867672,1
1,6,1e-04,50,"prot50_child",0,-0.228225507462759,1
1,6,1e-04,50,"invasive_male",0,0.15143595982565,1
1,6,1e-04,50,"invasive_age",0,0.0374207477923316,1
1,6,1e-04,50,"invasive_income",0.6,0.140314176820035,1
1,6,1e-04,50,"invasive_child",0,-0.0836032511047783,1
1,6,1e-04,51,"ASC2_male",-0.3,-0.016146979321883,1
1,6,1e-04,51,"ASC2_age",-0.5,-0.0728223842934338,1
1,6,1e-04,51,"ASC2_income",0,-0.0735546044430531,1
1,6,1e-04,51,"ASC2_child",-0.7,-0.136345255391663,1
1,6,1e-04,51,"ASC3_male",0,-0.00476554156468901,1
1,6,1e-04,51,"ASC3_age",0.5,0.0492857849191953,1
1,6,1e-04,51,"ASC3_income",0,-0.0742548193220542,1
1,6,1e-04,51,"ASC3_child",0,0.0485194955584591,1
1,6,1e-04,51,"prot25_male",-1.1,-0.266326804900608,1
1,6,1e-04,51,"prot25_age",0.3,0.103660709292431,1
1,6,1e-04,51,"prot25_income",0.2,0.150482368245798,1
1,6,1e-04,51,"prot25_child",0,-0.0439795090231383,1
1,6,1e-04,51,"prot50_male",0,0.16418724140065,1
1,6,1e-04,51,"prot50_age",0,0.0611350383665247,1
1,6,1e-04,51,"prot50_income",0,0.0367442982354421,1
1,6,1e-04,51,"prot50_child",1.2,0.236786345132983,1
1,6,1e-04,51,"invasive_male",-0.1,-0.0578049669515984,1
1,6,1e-04,51,"invasive_age",0,0.0584268152582316,1
1,6,1e-04,51,"invasive_income",0,0.0118633552955672,1
1,6,1e-04,51,"invasive_child",0.3,0.144801568291458,1
1,6,1e-04,52,"ASC2_male",-0.5,-0.0959967569720202,1
1,6,1e-04,52,"ASC2_age",-0.5,-0.0888696237053005,1
1,6,1e-04,52,"ASC2_income",1.1,0.144995171609313,1
1,6,1e-04,52,"ASC2_child",-0.5,-4.40722435490035e-05,0
1,6,1e-04,52,"ASC3_male",0.3,0.0848413452013781,1
1,6,1e-04,52,"ASC3_age",0,-0.00719773309100486,1
1,6,1e-04,52,"ASC3_income",0,0.01731416980662,1
1,6,1e-04,52,"ASC3_child",0,0.019114261226522,1
1,6,1e-04,52,"prot25_male",-0.3,-0.0965517767668766,1
1,6,1e-04,52,"prot25_age",1,0.148280851308762,1
1,6,1e-04,52,"prot25_income",0,0.0870928412341972,1
1,6,1e-04,52,"prot25_child",-1.2,-0.212212754607961,1
1,6,1e-04,52,"prot50_male",0,-0.0390516123576595,1
1,6,1e-04,52,"prot50_age",0,-0.0153435814387385,1
1,6,1e-04,52,"prot50_income",0,0.0532156218036262,1
1,6,1e-04,52,"prot50_child",0.3,-0.128556021089426,1
1,6,1e-04,52,"invasive_male",0.1,-0.0369632649169039,1
1,6,1e-04,52,"invasive_age",0,-0.0564414956213302,1
1,6,1e-04,52,"invasive_income",0,-0.000248024351070151,1
1,6,1e-04,52,"invasive_child",0,0.053659486070174,1
1,6,1e-04,53,"ASC2_male",-0.4,0.0519423860142516,1
1,6,1e-04,53,"ASC2_age",0,-0.0807970427272909,1
1,6,1e-04,53,"ASC2_income",-0.7,-0.128297746159487,1
1,6,1e-04,53,"ASC2_child",0,-0.0839201748833393,1
1,6,1e-04,53,"ASC3_male",0.3,0.130124885638982,1
1,6,1e-04,53,"ASC3_age",0.6,0.0552627915974398,1
1,6,1e-04,53,"ASC3_income",0,-0.00142408475385921,1
1,6,1e-04,53,"ASC3_child",0,-0.00289721535654288,1
1,6,1e-04,53,"prot25_male",0,-0.166301315656353,1
1,6,1e-04,53,"prot25_age",0.4,0.126187356086701,1
1,6,1e-04,53,"prot25_income",0,-0.0680481051317219,1
1,6,1e-04,53,"prot25_child",0,-0.00926902870031454,1
1,6,1e-04,53,"prot50_male",-0.6,-0.323705120245442,1
1,6,1e-04,53,"prot50_age",0.9,0.173531244105272,1
1,6,1e-04,53,"prot50_income",0,-0.0212485850137904,1
1,6,1e-04,53,"prot50_child",-1.1,-0.0922696827928822,1
1,6,1e-04,53,"invasive_male",-0.5,-0.239381187999962,1
1,6,1e-04,53,"invasive_age",0,-0.0341732780611891,1
1,6,1e-04,53,"invasive_income",0,0.0320379478364167,1
1,6,1e-04,53,"invasive_child",-0.6,-0.16761052736167,1
1,6,1e-04,54,"ASC2_male",0,-0.113805905882769,1
1,6,1e-04,54,"ASC2_age",-0.5,-0.223196171351044,1
1,6,1e-04,54,"ASC2_income",-0.7,-0.242909739262809,1
1,6,1e-04,54,"ASC2_child",0,0.020762101710941,1
1,6,1e-04,54,"ASC3_male",1.1,0.123864156787546,1
1,6,1e-04,54,"ASC3_age",0,-0.121523876359523,1
1,6,1e-04,54,"ASC3_income",0,-0.0827480776668933,1
1,6,1e-04,54,"ASC3_child",-0.5,-0.0721045996483213,1
1,6,1e-04,54,"prot25_male",0,0.0988737186218056,1
1,6,1e-04,54,"prot25_age",0.3,0.182222833946348,1
1,6,1e-04,54,"prot25_income",0,-0.010720036669188,1
1,6,1e-04,54,"prot25_child",0,0.0175962860269343,1
1,6,1e-04,54,"prot50_male",0,0.114813742444891,1
1,6,1e-04,54,"prot50_age",0.2,0.0528386897424517,1
1,6,1e-04,54,"prot50_income",0.5,0.0784057620034267,1
1,6,1e-04,54,"prot50_child",-0.7,-0.201060896990114,1
1,6,1e-04,54,"invasive_male",0,0.0164695769659631,1
1,6,1e-04,54,"invasive_age",0.1,0.00459450296487082,1
1,6,1e-04,54,"invasive_income",-1.2,-0.203240909870523,1
1,6,1e-04,54,"invasive_child",0,0.0109308797750203,1
1,6,1e-04,55,"ASC2_male",0,0.0412812926918086,1
1,6,1e-04,55,"ASC2_age",0,0.0510963808640571,1
1,6,1e-04,55,"ASC2_income",0,0.0329847941408936,1
1,6,1e-04,55,"ASC2_child",0,0.118217116393164,1
1,6,1e-04,55,"ASC3_male",0.5,0.0413595641923523,1
1,6,1e-04,55,"ASC3_age",0,0.0879469373511195,1
1,6,1e-04,55,"ASC3_income",0,0.0181746192796741,1
1,6,1e-04,55,"ASC3_child",0,-0.00488745097874476,1
1,6,1e-04,55,"prot25_male",0.2,-0.0629603965781036,1
1,6,1e-04,55,"prot25_age",0.7,0.0280444339689899,1
1,6,1e-04,55,"prot25_income",-0.7,-0.0810434627670781,1
1,6,1e-04,55,"prot25_child",0,-0.073010664324286,1
1,6,1e-04,55,"prot50_male",-0.5,-0.200268347539866,1
1,6,1e-04,55,"prot50_age",0.5,0.000293057868408878,1
1,6,1e-04,55,"prot50_income",-1,-0.0876215979682032,1
1,6,1e-04,55,"prot50_child",0,-0.0901397795267279,1
1,6,1e-04,55,"invasive_male",0.8,0.0251643185960675,1
1,6,1e-04,55,"invasive_age",0,0.0877088808140076,1
1,6,1e-04,55,"invasive_income",-0.9,-0.0640630230642614,1
1,6,1e-04,55,"invasive_child",-1.2,-0.155328287147344,1
1,6,1e-04,56,"ASC2_male",0,-0.222524055329955,1
1,6,1e-04,56,"ASC2_age",-0.7,-0.057919815771699,1
1,6,1e-04,56,"ASC2_income",0,-0.0280715795699111,1
1,6,1e-04,56,"ASC2_child",0,-0.264102184013854,1
1,6,1e-04,56,"ASC3_male",0,-0.331395428811976,1
1,6,1e-04,56,"ASC3_age",-0.4,0.0138081600426486,1
1,6,1e-04,56,"ASC3_income",0,-0.0131072619001957,1
1,6,1e-04,56,"ASC3_child",0,-0.306566202672116,1
1,6,1e-04,56,"prot25_male",0,0.256310257650616,1
1,6,1e-04,56,"prot25_age",0,-0.0498831987237626,1
1,6,1e-04,56,"prot25_income",-0.2,-0.0266258284665573,1
1,6,1e-04,56,"prot25_child",-1,0.00132140253703169,1
1,6,1e-04,56,"prot50_male",0.7,0.267486653633959,1
1,6,1e-04,56,"prot50_age",0.5,0.000846253015009611,1
1,6,1e-04,56,"prot50_income",-0.6,-0.0515740498603468,1
1,6,1e-04,56,"prot50_child",0.7,0.261715759005433,1
1,6,1e-04,56,"invasive_male",0,-0.177394282889703,1
1,6,1e-04,56,"invasive_age",-1.1,-0.12900565248432,1
1,6,1e-04,56,"invasive_income",0.3,0.0344826484430629,1
1,6,1e-04,56,"invasive_child",0,-0.0630024328988086,1
1,6,1e-04,57,"ASC2_male",1.2,0.180559346861058,1
1,6,1e-04,57,"ASC2_age",1,0.15237223386323,1
1,6,1e-04,57,"ASC2_income",0,0.0340958645760912,1
1,6,1e-04,57,"ASC2_child",0,0.384445119698625,1
1,6,1e-04,57,"ASC3_male",-0.2,0.0372118264658183,1
1,6,1e-04,57,"ASC3_age",0,-0.0829241683850671,1
1,6,1e-04,57,"ASC3_income",0,0.0478197440611115,1
1,6,1e-04,57,"ASC3_child",0,0.319504083160834,1
1,6,1e-04,57,"prot25_male",-1,-0.27991689378324,1
1,6,1e-04,57,"prot25_age",0,0.119096589270342,1
1,6,1e-04,57,"prot25_income",-0.1,-0.0135280931219574,1
1,6,1e-04,57,"prot25_child",0,-0.0815523137202999,1
1,6,1e-04,57,"prot50_male",-0.4,-0.0770909854207911,1
1,6,1e-04,57,"prot50_age",-0.6,-0.00101697292679197,1
1,6,1e-04,57,"prot50_income",0.5,0.0573381196928787,1
1,6,1e-04,57,"prot50_child",0.6,0.0758751618252482,1
1,6,1e-04,57,"invasive_male",0.7,0.108907062253415,1
1,6,1e-04,57,"invasive_age",0,-0.00812682688841439,1
1,6,1e-04,57,"invasive_income",0,0.00767063684859469,1
1,6,1e-04,57,"invasive_child",0,0.228220259285537,1
1,6,1e-04,58,"ASC2_male",0.3,0.267940614022669,1
1,6,1e-04,58,"ASC2_age",0.2,-0.0908659339482166,1
1,6,1e-04,58,"ASC2_income",0,-0.0994727938661182,1
1,6,1e-04,58,"ASC2_child",0,0.175959036043492,1
1,6,1e-04,58,"ASC3_male",0,0.188345931587245,1
1,6,1e-04,58,"ASC3_age",0,-0.0411032348333219,1
1,6,1e-04,58,"ASC3_income",0,-0.133223611357563,1
1,6,1e-04,58,"ASC3_child",0.1,0.194804136004556,1
1,6,1e-04,58,"prot25_male",0,-0.115126414037698,1
1,6,1e-04,58,"prot25_age",0,0.0456787431721551,1
1,6,1e-04,58,"prot25_income",0,0.156243567260194,1
1,6,1e-04,58,"prot25_child",1,0.00985461831382962,1
1,6,1e-04,58,"prot50_male",0,-0.124993522780106,1
1,6,1e-04,58,"prot50_age",0.5,0.167994535432931,1
1,6,1e-04,58,"prot50_income",0,0.161608421098898,1
1,6,1e-04,58,"prot50_child",0.8,0.117474333385344,1
1,6,1e-04,58,"invasive_male",0.5,0.0749865383448443,1
1,6,1e-04,58,"invasive_age",1,0.10802303877706,1
1,6,1e-04,58,"invasive_income",0.6,0.123740945828411,1
1,6,1e-04,58,"invasive_child",0.7,0.222625170286576,1
1,6,1e-04,59,"ASC2_male",0,0.26730396040101,1
1,6,1e-04,59,"ASC2_age",0.5,-0.0454557790856714,1
1,6,1e-04,59,"ASC2_income",0,-0.0218860817145206,1
1,6,1e-04,59,"ASC2_child",0,0.0163154560257133,1
1,6,1e-04,59,"ASC3_male",0.6,0.304154888425724,1
1,6,1e-04,59,"ASC3_age",-1.1,-0.360478647746097,1
1,6,1e-04,59,"ASC3_income",0,-0.0147275919566946,1
1,6,1e-04,59,"ASC3_child",0,0.171351463455392,1
1,6,1e-04,59,"prot25_male",-0.7,-0.180594242136266,1
1,6,1e-04,59,"prot25_age",0,0.132833008919179,1
1,6,1e-04,59,"prot25_income",-0.2,-0.062195662863829,1
1,6,1e-04,59,"prot25_child",0,-0.0752859853658094,1
1,6,1e-04,59,"prot50_male",0.4,0.119654656683572,1
1,6,1e-04,59,"prot50_age",-0.9,-0.066035064309855,1
1,6,1e-04,59,"prot50_income",0,-0.0858285466425317,1
1,6,1e-04,59,"prot50_child",0,-0.167230849489431,1
1,6,1e-04,59,"invasive_male",1,0.313956556026808,1
1,6,1e-04,59,"invasive_age",-0.8,-0.194584694601456,1
1,6,1e-04,59,"invasive_income",-0.4,-0.0426793868296785,1
1,6,1e-04,59,"invasive_child",0,-0.0366758271986445,1
1,6,1e-04,60,"ASC2_male",-1.2,-0.239712073604962,1
1,6,1e-04,60,"ASC2_age",0,-0.00378384511204854,1
1,6,1e-04,60,"ASC2_income",0.6,0.0855774460444701,1
1,6,1e-04,60,"ASC2_child",-0.4,-0.0451898617082874,1
1,6,1e-04,60,"ASC3_male",0,0.0769235710171846,1
1,6,1e-04,60,"ASC3_age",0,-0.0203626959587522,1
1,6,1e-04,60,"ASC3_income",0,0.0292076928499552,1
1,6,1e-04,60,"ASC3_child",0,-0.140488825290639,1
1,6,1e-04,60,"prot25_male",0,0.00239561288306598,1
1,6,1e-04,60,"prot25_age",-0.4,-0.0184357809769122,1
1,6,1e-04,60,"prot25_income",0,-0.0378461632104245,1
1,6,1e-04,60,"prot25_child",0,0.0256166460442646,1
1,6,1e-04,60,"prot50_male",-1.1,-0.221539439249527,1
1,6,1e-04,60,"prot50_age",0,0.0497572170868672,1
1,6,1e-04,60,"prot50_income",0.4,0.0237530750998573,1
1,6,1e-04,60,"prot50_child",0,0.0234442320401865,1
1,6,1e-04,60,"invasive_male",0.3,-0.00883265619333669,1
1,6,1e-04,60,"invasive_age",-0.5,-0.0944520263954895,1
1,6,1e-04,60,"invasive_income",-0.7,-0.145281861451443,1
1,6,1e-04,60,"invasive_child",1,0.163337670612692,1
1,6,1e-04,61,"ASC2_male",0.8,0.0617030523370678,1
1,6,1e-04,61,"ASC2_age",-0.9,-0.170716132572778,1
1,6,1e-04,61,"ASC2_income",-0.3,-0.146809290054601,1
1,6,1e-04,61,"ASC2_child",0,-0.260659605126101,1
1,6,1e-04,61,"ASC3_male",0,-0.0616123202672745,1
1,6,1e-04,61,"ASC3_age",0,-0.058599518109493,1
1,6,1e-04,61,"ASC3_income",0,-0.069735630956846,1
1,6,1e-04,61,"ASC3_child",0,-0.252835864659905,1
1,6,1e-04,61,"prot25_male",0,-0.00407845053609624,1
1,6,1e-04,61,"prot25_age",-1,-0.124183823371836,1
1,6,1e-04,61,"prot25_income",0,0.069898324526537,1
1,6,1e-04,61,"prot25_child",0,0.270499199799839,1
1,6,1e-04,61,"prot50_male",-0.8,-0.269113876051326,1
1,6,1e-04,61,"prot50_age",0.2,0.0311085814252467,1
1,6,1e-04,61,"prot50_income",0,0.051818326856949,1
1,6,1e-04,61,"prot50_child",0.3,0.18521273805802,1
1,6,1e-04,61,"invasive_male",0,-0.104896819366798,1
1,6,1e-04,61,"invasive_age",1,0.164655473734054,1
1,6,1e-04,61,"invasive_income",0.2,0.0198578368909978,1
1,6,1e-04,61,"invasive_child",0.9,0.221490935633025,1
1,6,1e-04,62,"ASC2_male",0,-0.226380594788414,1
1,6,1e-04,62,"ASC2_age",0,-0.00963661170695856,1
1,6,1e-04,62,"ASC2_income",0.1,-0.0648618598299371,1
1,6,1e-04,62,"ASC2_child",0,0.185260090569142,1
1,6,1e-04,62,"ASC3_male",0,-0.0796771700627352,1
1,6,1e-04,62,"ASC3_age",0.6,0.0721863177939177,1
1,6,1e-04,62,"ASC3_income",0.6,0.00222741390540452,1
1,6,1e-04,62,"ASC3_child",0,0.139338851090843,1
1,6,1e-04,62,"prot25_male",-0.5,-0.125738668673906,1
1,6,1e-04,62,"prot25_age",0,0.0212301016290246,1
1,6,1e-04,62,"prot25_income",0,0.0841874718553573,1
1,6,1e-04,62,"prot25_child",-0.2,-0.214700632195607,1
1,6,1e-04,62,"prot50_male",-0.5,0.159070027483172,1
1,6,1e-04,62,"prot50_age",0.3,0.0407461936443748,1
1,6,1e-04,62,"prot50_income",0,0.0889441571056342,1
1,6,1e-04,62,"prot50_child",1,-0.0830749383020519,1
1,6,1e-04,62,"invasive_male",0.5,0.131968164089998,1
1,6,1e-04,62,"invasive_age",0,-0.0533452246881323,1
1,6,1e-04,62,"invasive_income",0,-0.00605644011979381,1
1,6,1e-04,62,"invasive_child",-0.9,-0.20462480324619,1
1,6,1e-04,63,"ASC2_male",0,-0.0741702200700142,1
1,6,1e-04,63,"ASC2_age",0.6,0.0987520618095547,1
1,6,1e-04,63,"ASC2_income",-0.7,-0.179340390562551,1
1,6,1e-04,63,"ASC2_child",0,0.21536212997712,1
1,6,1e-04,63,"ASC3_male",-0.5,-0.134771202923172,1
1,6,1e-04,63,"ASC3_age",0,0.00293279879507814,1
1,6,1e-04,63,"ASC3_income",0,-0.0892979488014567,1
1,6,1e-04,63,"ASC3_child",-0.1,0.285611973676594,1
1,6,1e-04,63,"prot25_male",0,0.0706482132913673,1
1,6,1e-04,63,"prot25_age",0,-0.061027856942915,1
1,6,1e-04,63,"prot25_income",-0.4,-0.111588607211021,1
1,6,1e-04,63,"prot25_child",-0.6,-0.280083541588483,1
1,6,1e-04,63,"prot50_male",0,0.122126527998963,1
1,6,1e-04,63,"prot50_age",0,-0.082808120607632,1
1,6,1e-04,63,"prot50_income",-0.9,-0.17809779165055,1
1,6,1e-04,63,"prot50_child",-0.7,-0.284236003134613,1
1,6,1e-04,63,"invasive_male",0.8,0.257517648573795,1
1,6,1e-04,63,"invasive_age",0,-0.0158255931801926,1
1,6,1e-04,63,"invasive_income",-0.8,-0.309302153394437,1
1,6,1e-04,63,"invasive_child",0,0.180273976896149,1
1,6,1e-04,64,"ASC2_male",0.2,-0.0732505721658292,1
1,6,1e-04,64,"ASC2_age",0,0.0590621919270662,1
1,6,1e-04,64,"ASC2_income",-0.3,-0.0218230423554426,1
1,6,1e-04,64,"ASC2_child",0,0.113480852034388,1
1,6,1e-04,64,"ASC3_male",0,-0.0841637832697325,1
1,6,1e-04,64,"ASC3_age",-1.2,-0.129228130378875,1
1,6,1e-04,64,"ASC3_income",0.1,0.065672756537465,1
1,6,1e-04,64,"ASC3_child",0,0.151755318906632,1
1,6,1e-04,64,"prot25_male",-0.8,-0.0481075456299916,1
1,6,1e-04,64,"prot25_age",0.1,-0.0730831778491578,1
1,6,1e-04,64,"prot25_income",0.3,0.0127217403432225,1
1,6,1e-04,64,"prot25_child",-0.5,-0.175735129259105,1
1,6,1e-04,64,"prot50_male",0.2,0.179578207097343,1
1,6,1e-04,64,"prot50_age",1.1,0.11315172840717,1
1,6,1e-04,64,"prot50_income",0,-0.100094837998047,1
1,6,1e-04,64,"prot50_child",0,-0.185352554218525,1
1,6,1e-04,64,"invasive_male",0,0.0325247442441056,1
1,6,1e-04,64,"invasive_age",0,0.0303263108275834,1
1,6,1e-04,64,"invasive_income",0,0.0306718908381994,1
1,6,1e-04,64,"invasive_child",0,-0.0946111093800508,1
1,6,1e-04,65,"ASC2_male",0,0.268286736854536,1
1,6,1e-04,65,"ASC2_age",0.8,-0.107949631503132,1
1,6,1e-04,65,"ASC2_income",0.2,-0.0599755611876709,1
1,6,1e-04,65,"ASC2_child",0,-0.217578525855278,1
1,6,1e-04,65,"ASC3_male",0,0.421207365084,1
1,6,1e-04,65,"ASC3_age",0,-0.27293578022206,1
1,6,1e-04,65,"ASC3_income",0.7,0.0224270413684429,1
1,6,1e-04,65,"ASC3_child",0.5,-0.179637518591963,1
1,6,1e-04,65,"prot25_male",0,-0.334775641953282,1
1,6,1e-04,65,"prot25_age",0,0.211796508973426,1
1,6,1e-04,65,"prot25_income",0,0.0208676511364133,1
1,6,1e-04,65,"prot25_child",1,0.31359740290536,1
1,6,1e-04,65,"prot50_male",0.6,-0.137011925188249,1
1,6,1e-04,65,"prot50_age",0,0.175938182568849,1
1,6,1e-04,65,"prot50_income",-0.2,0.049225453941739,1
1,6,1e-04,65,"prot50_child",0.5,0.145282609780461,1
1,6,1e-04,65,"invasive_male",0.3,0.173280885695667,1
1,6,1e-04,65,"invasive_age",0,-0.0698240110887215,1
1,6,1e-04,65,"invasive_income",0.9,0.116892016906221,1
1,6,1e-04,65,"invasive_child",0,-0.0694757902036846,1
1,6,1e-04,66,"ASC2_male",0,-0.193040507031101,1
1,6,1e-04,66,"ASC2_age",-0.2,-0.0458722365646137,1
1,6,1e-04,66,"ASC2_income",0.4,0.0445543638295662,1
1,6,1e-04,66,"ASC2_child",0,0.208459304105528,1
1,6,1e-04,66,"ASC3_male",-0.9,-0.341050225142472,1
1,6,1e-04,66,"ASC3_age",1,0.214653844250131,1
1,6,1e-04,66,"ASC3_income",0,-0.00143657424024137,1
1,6,1e-04,66,"ASC3_child",0,0.247343679355171,1
1,6,1e-04,66,"prot25_male",-0.5,0.0392481866029057,1
1,6,1e-04,66,"prot25_age",0,0.0524522986041142,1
1,6,1e-04,66,"prot25_income",0,0.03017584247777,1
1,6,1e-04,66,"prot25_child",-1.1,-0.288895983444332,1
1,6,1e-04,66,"prot50_male",1,0.248642063610472,1
1,6,1e-04,66,"prot50_age",0,-0.0230873696340907,1
1,6,1e-04,66,"prot50_income",0.2,0.105793969858274,1
1,6,1e-04,66,"prot50_child",0.7,0.0985791967464248,1
1,6,1e-04,66,"invasive_male",0,-0.056347116234622,1
1,6,1e-04,66,"invasive_age",0,0.0299878813829041,1
1,6,1e-04,66,"invasive_income",0,0.0436923133856904,1
1,6,1e-04,66,"invasive_child",-1,-0.0648401924977862,1
1,6,1e-04,67,"ASC2_male",-0.6,-0.243301467402527,1
1,6,1e-04,67,"ASC2_age",-0.5,-0.0982999230447881,1
1,6,1e-04,67,"ASC2_income",0,0.0525281062351938,1
1,6,1e-04,67,"ASC2_child",0.9,0.0999737851034172,1
1,6,1e-04,67,"ASC3_male",0.8,-0.0776947912200813,1
1,6,1e-04,67,"ASC3_age",-0.9,-0.157914880299304,1
1,6,1e-04,67,"ASC3_income",1.1,0.211770020358626,1
1,6,1e-04,67,"ASC3_child",0.1,-0.0354701051107799,1
1,6,1e-04,67,"prot25_male",0,0.242400305255435,1
1,6,1e-04,67,"prot25_age",-0.2,0.00802022429251553,1
1,6,1e-04,67,"prot25_income",0,-0.0152362883297243,1
1,6,1e-04,67,"prot25_child",0,0.265244508947742,1
1,6,1e-04,67,"prot50_male",1,0.322366222000604,1
1,6,1e-04,67,"prot50_age",0,0.0710174980926855,1
1,6,1e-04,67,"prot50_income",0,0.0301426633420323,1
1,6,1e-04,67,"prot50_child",0.1,0.112002505948515,1
1,6,1e-04,67,"invasive_male",0,-0.075427356502404,1
1,6,1e-04,67,"invasive_age",0,0.0576284382766316,1
1,6,1e-04,67,"invasive_income",0,-0.0143698249984989,1
1,6,1e-04,67,"invasive_child",0,0.00246798205825902,1
1,6,1e-04,68,"ASC2_male",0,0.235289438999957,1
1,6,1e-04,68,"ASC2_age",0.1,0.0946135996344332,1
1,6,1e-04,68,"ASC2_income",0,0.00418369544425404,1
1,6,1e-04,68,"ASC2_child",-0.8,-0.242950553373361,1
1,6,1e-04,68,"ASC3_male",1.1,0.356570188572738,1
1,6,1e-04,68,"ASC3_age",-0.5,0.0302488583673889,1
1,6,1e-04,68,"ASC3_income",0,-0.0112755483663508,1
1,6,1e-04,68,"ASC3_child",-0.9,-0.311604422050914,1
1,6,1e-04,68,"prot25_male",0.2,0.0150722401698534,1
1,6,1e-04,68,"prot25_age",0,-0.0569913360248514,1
1,6,1e-04,68,"prot25_income",0,0.0383576891344518,1
1,6,1e-04,68,"prot25_child",-1.1,-0.30142853977569,1
1,6,1e-04,68,"prot50_male",0,-0.006168823364115,1
1,6,1e-04,68,"prot50_age",0,-0.0811654395589425,1
1,6,1e-04,68,"prot50_income",0,0.0635398279493325,1
1,6,1e-04,68,"prot50_child",-0.8,-0.330092956523342,1
1,6,1e-04,68,"invasive_male",0,0.0298246313229185,1
1,6,1e-04,68,"invasive_age",-0.7,-0.139708072143396,1
1,6,1e-04,68,"invasive_income",0,-0.0352387860084366,1
1,6,1e-04,68,"invasive_child",1.1,-0.0784511032858511,1
1,6,1e-04,69,"ASC2_male",1.1,0.385454671968926,1
1,6,1e-04,69,"ASC2_age",0,-0.0280794792854358,1
1,6,1e-04,69,"ASC2_income",0.4,0.123265433613878,1
1,6,1e-04,69,"ASC2_child",1.2,-0.00513480801868626,1
1,6,1e-04,69,"ASC3_male",-1,0.0531294247402946,1
1,6,1e-04,69,"ASC3_age",0,-0.0266801025137374,1
1,6,1e-04,69,"ASC3_income",-1.2,-0.137411249360896,1
1,6,1e-04,69,"ASC3_child",0,-0.285407647955882,1
1,6,1e-04,69,"prot25_male",0,-0.218248095879184,1
1,6,1e-04,69,"prot25_age",0,-0.0231640089673372,1
1,6,1e-04,69,"prot25_income",-0.4,-0.128723804424024,1
1,6,1e-04,69,"prot25_child",-0.4,0.137150576436574,1
1,6,1e-04,69,"prot50_male",0,-0.169043090199413,1
1,6,1e-04,69,"prot50_age",0,-0.0395704208735819,1
1,6,1e-04,69,"prot50_income",0,-0.0742548262589522,1
1,6,1e-04,69,"prot50_child",0,0.217281851527679,1
1,6,1e-04,69,"invasive_male",0,0.21329831524786,1
1,6,1e-04,69,"invasive_age",-0.5,-0.115895104871167,1
1,6,1e-04,69,"invasive_income",-0.2,0.0296431288635547,1
1,6,1e-04,69,"invasive_child",-0.2,-0.121675869145708,1
1,6,1e-04,70,"ASC2_male",-0.8,0.0109298203413625,1
1,6,1e-04,70,"ASC2_age",0,-0.0560806369832057,1
1,6,1e-04,70,"ASC2_income",0.3,0.0488936944452278,1
1,6,1e-04,70,"ASC2_child",0,-0.0238332511884536,1
1,6,1e-04,70,"ASC3_male",0.9,0.267207190941581,1
1,6,1e-04,70,"ASC3_age",0,-0.0621409749749174,1
1,6,1e-04,70,"ASC3_income",0,0.000942147310912225,1
1,6,1e-04,70,"ASC3_child",0,-0.0903697222829992,1
1,6,1e-04,70,"prot25_male",0,-0.113786881158503,1
1,6,1e-04,70,"prot25_age",0,0.0963561190761213,1
1,6,1e-04,70,"prot25_income",0.9,0.148626492373269,1
1,6,1e-04,70,"prot25_child",0,0.151558702838881,1
1,6,1e-04,70,"prot50_male",-0.1,-0.171399887204238,1
1,6,1e-04,70,"prot50_age",-0.9,-0.12055833669498,1
1,6,1e-04,70,"prot50_income",0.9,0.134147727235606,1
1,6,1e-04,70,"prot50_child",1,0.169993433070303,1
1,6,1e-04,70,"invasive_male",0,-0.268372753498955,1
1,6,1e-04,70,"invasive_age",0.8,0.115490966020371,1
1,6,1e-04,70,"invasive_income",0,0.0462100119174503,1
1,6,1e-04,70,"invasive_child",-0.6,-0.10534222999543,1
1,6,1e-04,71,"ASC2_male",0.5,-0.0523057548140403,1
1,6,1e-04,71,"ASC2_age",1,0.262832734493058,1
1,6,1e-04,71,"ASC2_income",0.8,0.157627456532487,1
1,6,1e-04,71,"ASC2_child",0.7,-0.0977397688753046,1
1,6,1e-04,71,"ASC3_male",0,-0.0508050521539123,1
1,6,1e-04,71,"ASC3_age",0,0.104474554456315,1
1,6,1e-04,71,"ASC3_income",0,-1.50939147497617e-06,0
1,6,1e-04,71,"ASC3_child",1.1,-0.0554493995498065,1
1,6,1e-04,71,"prot25_male",0,0.132047346428211,1
1,6,1e-04,71,"prot25_age",0,-0.0810512331980268,1
1,6,1e-04,71,"prot25_income",0,-0.0428008683756068,1
1,6,1e-04,71,"prot25_child",0,-0.0509933651482215,1
1,6,1e-04,71,"prot50_male",0,0.108446766933333,1
1,6,1e-04,71,"prot50_age",-0.6,-0.199334222649843,1
1,6,1e-04,71,"prot50_income",-0.9,-0.122925091075014,1
1,6,1e-04,71,"prot50_child",-0.7,-0.263333750585901,1
1,6,1e-04,71,"invasive_male",0.8,0.137990524713849,1
1,6,1e-04,71,"invasive_age",0,-0.020553836761516,1
1,6,1e-04,71,"invasive_income",1,0.109265772849487,1
1,6,1e-04,71,"invasive_child",0,-0.251697929662566,1
1,6,1e-04,72,"ASC2_male",-0.8,0.113791657279412,1
1,6,1e-04,72,"ASC2_age",0,-0.0656624262400806,1
1,6,1e-04,72,"ASC2_income",0.3,0.0762010827534682,1
1,6,1e-04,72,"ASC2_child",0.2,0.297929975611773,1
1,6,1e-04,72,"ASC3_male",0,0.324907335232621,1
1,6,1e-04,72,"ASC3_age",0,-0.113127058784565,1
1,6,1e-04,72,"ASC3_income",0,0.0052174014335519,1
1,6,1e-04,72,"ASC3_child",-0.9,0.11062795315615,1
1,6,1e-04,72,"prot25_male",0,-0.256023011797592,1
1,6,1e-04,72,"prot25_age",0,0.024756508928625,1
1,6,1e-04,72,"prot25_income",0,-0.00583807574790604,1
1,6,1e-04,72,"prot25_child",-0.6,-0.371969922385061,1
1,6,1e-04,72,"prot50_male",1,-0.159436768897942,1
1,6,1e-04,72,"prot50_age",-0.6,0.0135622144322182,1
1,6,1e-04,72,"prot50_income",0,0.0227724119335775,1
1,6,1e-04,72,"prot50_child",0.4,0.0694028467504611,1
1,6,1e-04,72,"invasive_male",-0.5,-0.143506965240383,1
1,6,1e-04,72,"invasive_age",0,0.0577122232173313,1
1,6,1e-04,72,"invasive_income",0,-0.0383806023204577,1
1,6,1e-04,72,"invasive_child",-0.1,0.195934242318957,1
1,6,1e-04,73,"ASC2_male",0,-0.0529118804245697,1
1,6,1e-04,73,"ASC2_age",0,0.0171519649192703,1
1,6,1e-04,73,"ASC2_income",0.5,0.186155470490827,1
1,6,1e-04,73,"ASC2_child",-1,-0.183688272210556,1
1,6,1e-04,73,"ASC3_male",0.8,0.0756668650405029,1
1,6,1e-04,73,"ASC3_age",0,-0.0269164331396527,1
1,6,1e-04,73,"ASC3_income",-0.5,0.0531255024549599,1
1,6,1e-04,73,"ASC3_child",-1.2,-0.240000891248531,1
1,6,1e-04,73,"prot25_male",0,0.215135378805833,1
1,6,1e-04,73,"prot25_age",0,-0.0312986913781,1
1,6,1e-04,73,"prot25_income",0.4,0.00566993478420067,1
1,6,1e-04,73,"prot25_child",0,-0.127177673046231,1
1,6,1e-04,73,"prot50_male",-0.7,-0.00628199611772565,1
1,6,1e-04,73,"prot50_age",0.7,0.0342655016118593,1
1,6,1e-04,73,"prot50_income",1,0.0586280906001153,1
1,6,1e-04,73,"prot50_child",0,0.0407481812141625,1
1,6,1e-04,73,"invasive_male",0,0.0494216943273874,1
1,6,1e-04,73,"invasive_age",0,-0.0453618879687876,1
1,6,1e-04,73,"invasive_income",0,-0.0262853546336653,1
1,6,1e-04,73,"invasive_child",0.8,0.00223159550971011,1
1,6,1e-04,74,"ASC2_male",0,0.0122522158263055,1
1,6,1e-04,74,"ASC2_age",0,-0.0323200532256444,1
1,6,1e-04,74,"ASC2_income",0,0.0102217402139028,1
1,6,1e-04,74,"ASC2_child",-1,-0.00926149167485689,1
1,6,1e-04,74,"ASC3_male",0.9,0.182743107590175,1
1,6,1e-04,74,"ASC3_age",1.1,0.211303842956291,1
1,6,1e-04,74,"ASC3_income",0,-0.0393414025607997,1
1,6,1e-04,74,"ASC3_child",0,0.32797923110105,1
1,6,1e-04,74,"prot25_male",-0.6,-0.151616333632441,1
1,6,1e-04,74,"prot25_age",0.5,0.0766251339695941,1
1,6,1e-04,74,"prot25_income",-0.3,0.00813051662494006,1
1,6,1e-04,74,"prot25_child",0,-0.208037700543199,1
1,6,1e-04,74,"prot50_male",-0.2,-0.132591140549364,1
1,6,1e-04,74,"prot50_age",0,-0.0247186840818699,1
1,6,1e-04,74,"prot50_income",0,0.0807384025542917,1
1,6,1e-04,74,"prot50_child",0,-0.190460516946023,1
1,6,1e-04,74,"invasive_male",0,-0.0534771507441598,1
1,6,1e-04,74,"invasive_age",-1.1,-0.179164768045783,1
1,6,1e-04,74,"invasive_income",0.4,0.0646023677379813,1
1,6,1e-04,74,"invasive_child",0.7,0.132564469610537,1
1,6,1e-04,75,"ASC2_male",0,0.303460723386819,1
1,6,1e-04,75,"ASC2_age",0.5,0.0705925539854819,1
1,6,1e-04,75,"ASC2_income",0,0.0553364008972197,1
1,6,1e-04,75,"ASC2_child",0,0.128978592048074,1
1,6,1e-04,75,"ASC3_male",1,0.421259966012075,1
1,6,1e-04,75,"ASC3_age",0,-0.0723449014747307,1
1,6,1e-04,75,"ASC3_income",0,0.065760257138449,1
1,6,1e-04,75,"ASC3_child",-0.8,-0.0969756228326983,1
1,6,1e-04,75,"prot25_male",0.9,-0.00176072036129204,1
1,6,1e-04,75,"prot25_age",1,0.192375455615881,1
1,6,1e-04,75,"prot25_income",0,-0.0993919431510553,1
1,6,1e-04,75,"prot25_child",-1,-0.148813229685289,1
1,6,1e-04,75,"prot50_male",0,-0.0943422304853104,1
1,6,1e-04,75,"prot50_age",0,0.017563226389862,1
1,6,1e-04,75,"prot50_income",-0.9,-0.221293432709724,1
1,6,1e-04,75,"prot50_child",-0.4,-0.0218300680231013,1
1,6,1e-04,75,"invasive_male",0.7,0.294219374569947,1
1,6,1e-04,75,"invasive_age",0,0.0567289404655934,1
1,6,1e-04,75,"invasive_income",-0.5,-0.16597645588123,1
1,6,1e-04,75,"invasive_child",0,0.209005260811197,1
1,6,1e-04,76,"ASC2_male",-0.7,-0.0239235467805018,1
1,6,1e-04,76,"ASC2_age",0,0.0379441763469891,1
1,6,1e-04,76,"ASC2_income",0,-0.13285906743055,1
1,6,1e-04,76,"ASC2_child",-1,-0.251447228027683,1
1,6,1e-04,76,"ASC3_male",-0.4,0.0377030108085134,1
1,6,1e-04,76,"ASC3_age",0,0.0176751422064029,1
1,6,1e-04,76,"ASC3_income",-0.5,-0.236860882890149,1
1,6,1e-04,76,"ASC3_child",-0.6,-0.163927011011945,1
1,6,1e-04,76,"prot25_male",0,0.0361867858030177,1
1,6,1e-04,76,"prot25_age",0,-0.089502195582566,1
1,6,1e-04,76,"prot25_income",0,0.134500129234396,1
1,6,1e-04,76,"prot25_child",-0.5,-0.0715023578193981,1
1,6,1e-04,76,"prot50_male",-0.1,-0.121473729594572,1
1,6,1e-04,76,"prot50_age",0,-0.0375333483098393,1
1,6,1e-04,76,"prot50_income",0,0.113724118324056,1
1,6,1e-04,76,"prot50_child",0,-0.0518261108623306,1
1,6,1e-04,76,"invasive_male",-0.4,-0.245943833253389,1
1,6,1e-04,76,"invasive_age",0,0.0135002076306446,1
1,6,1e-04,76,"invasive_income",-0.2,-0.06335849162494,1
1,6,1e-04,76,"invasive_child",0.1,-0.0711507620730049,1
1,6,1e-04,77,"ASC2_male",0.4,0.166959022497862,1
1,6,1e-04,77,"ASC2_age",-0.4,-0.0270979563015808,1
1,6,1e-04,77,"ASC2_income",0,-0.109084890500342,1
1,6,1e-04,77,"ASC2_child",-1.1,-0.125176026975463,1
1,6,1e-04,77,"ASC3_male",0,0.177001531790673,1
1,6,1e-04,77,"ASC3_age",0,-0.0210855814233473,1
1,6,1e-04,77,"ASC3_income",0,-0.0853945534844622,1
1,6,1e-04,77,"ASC3_child",0,0.000918221711177846,1
1,6,1e-04,77,"prot25_male",0.8,-0.0485167758891475,1
1,6,1e-04,77,"prot25_age",0.6,0.0400523478629011,1
1,6,1e-04,77,"prot25_income",0,0.0438167606572297,1
1,6,1e-04,77,"prot25_child",0,0.0180281354368025,1
1,6,1e-04,77,"prot50_male",0,-0.147048192025082,1
1,6,1e-04,77,"prot50_age",-0.5,-0.154915693814794,1
1,6,1e-04,77,"prot50_income",-1.1,-0.250037332799788,1
1,6,1e-04,77,"prot50_child",0,-0.0713465597391127,1
1,6,1e-04,77,"invasive_male",0,-0.0670476749553566,1
1,6,1e-04,77,"invasive_age",1,0.156172536635546,1
1,6,1e-04,77,"invasive_income",0.6,-0.00501292014652264,1
1,6,1e-04,77,"invasive_child",-0.2,-0.117385739208374,1
1,6,1e-04,78,"ASC2_male",0,0.0661028340630886,1
1,6,1e-04,78,"ASC2_age",0,0.121342741210117,1
1,6,1e-04,78,"ASC2_income",0,0.141154018815582,1
1,6,1e-04,78,"ASC2_child",0,0.236374104322697,1
1,6,1e-04,78,"ASC3_male",0,0.110036743015115,1
1,6,1e-04,78,"ASC3_age",0,0.084368330691157,1
1,6,1e-04,78,"ASC3_income",-0.4,0.0162040849562027,1
1,6,1e-04,78,"ASC3_child",0,0.179568513070718,1
1,6,1e-04,78,"prot25_male",-1.1,-0.210704873879649,1
1,6,1e-04,78,"prot25_age",0,0.00131388582239389,1
1,6,1e-04,78,"prot25_income",-0.2,-0.0381486389112338,1
1,6,1e-04,78,"prot25_child",0,-0.378820334297973,1
1,6,1e-04,78,"prot50_male",0.6,0.0950056110966482,1
1,6,1e-04,78,"prot50_age",-0.4,-0.0541766215223304,1
1,6,1e-04,78,"prot50_income",-0.9,-0.20392581528045,1
1,6,1e-04,78,"prot50_child",0.6,-0.22705027107436,1
1,6,1e-04,78,"invasive_male",-0.6,-0.126812235265518,1
1,6,1e-04,78,"invasive_age",0.9,0.263408287260644,1
1,6,1e-04,78,"invasive_income",1.2,0.326903016982332,1
1,6,1e-04,78,"invasive_child",0,-0.180145104473392,1
1,6,1e-04,79,"ASC2_male",0,-0.24196663134715,1
1,6,1e-04,79,"ASC2_age",0,-0.020736058896587,1
1,6,1e-04,79,"ASC2_income",0,-0.0132017785831321,1
1,6,1e-04,79,"ASC2_child",0,-0.00645349706038187,1
1,6,1e-04,79,"ASC3_male",0,-0.182785293868413,1
1,6,1e-04,79,"ASC3_age",0,-0.037414028644248,1
1,6,1e-04,79,"ASC3_income",0.2,0.043518123121859,1
1,6,1e-04,79,"ASC3_child",-0.3,-0.0529222990770443,1
1,6,1e-04,79,"prot25_male",0.2,0.273806942840015,1
1,6,1e-04,79,"prot25_age",0,-0.0264210555068465,1
1,6,1e-04,79,"prot25_income",0.9,0.233415785087436,1
1,6,1e-04,79,"prot25_child",0.3,0.0463886004560707,1
1,6,1e-04,79,"prot50_male",1,0.463113306860629,1
1,6,1e-04,79,"prot50_age",0,-0.0563842131888574,1
1,6,1e-04,79,"prot50_income",-0.7,-0.0238265122117981,1
1,6,1e-04,79,"prot50_child",0,-0.122744404947286,1
1,6,1e-04,79,"invasive_male",-0.6,-0.0936171539202506,1
1,6,1e-04,79,"invasive_age",-1.1,-0.217318737337135,1
1,6,1e-04,79,"invasive_income",0,0.0116038061257964,1
1,6,1e-04,79,"invasive_child",-0.1,-0.0311647877068746,1
1,6,1e-04,80,"ASC2_male",0.8,0.183123196979595,1
1,6,1e-04,80,"ASC2_age",0,0.0146925402107362,1
1,6,1e-04,80,"ASC2_income",0.4,0.0727908883764317,1
1,6,1e-04,80,"ASC2_child",-1,-0.1908689591219,1
1,6,1e-04,80,"ASC3_male",0,-0.0490565107145132,1
1,6,1e-04,80,"ASC3_age",1,0.131045695191569,1
1,6,1e-04,80,"ASC3_income",0,0.0137033940223842,1
1,6,1e-04,80,"ASC3_child",-1.1,-0.250195708670977,1
1,6,1e-04,80,"prot25_male",0.8,-0.178551988785969,1
1,6,1e-04,80,"prot25_age",0,0.118313104945021,1
1,6,1e-04,80,"prot25_income",0,-0.0986133157538715,1
1,6,1e-04,80,"prot25_child",0.3,0.184355173147912,1
1,6,1e-04,80,"prot50_male",0,-0.114156150313259,1
1,6,1e-04,80,"prot50_age",1,0.318308674120557,1
1,6,1e-04,80,"prot50_income",0,-0.0408569760709982,1
1,6,1e-04,80,"prot50_child",0,0.04377485232245,1
1,6,1e-04,80,"invasive_male",0,-0.250588708272199,1
1,6,1e-04,80,"invasive_age",1,0.218798988466531,1
1,6,1e-04,80,"invasive_income",0,-0.0156208789015665,1
1,6,1e-04,80,"invasive_child",1.1,0.129454899108683,1
1,6,1e-04,81,"ASC2_male",1,0.350529723945704,1
1,6,1e-04,81,"ASC2_age",0,-0.102318195461662,1
1,6,1e-04,81,"ASC2_income",0,-0.0474716564757919,1
1,6,1e-04,81,"ASC2_child",0,0.12379001449565,1
1,6,1e-04,81,"ASC3_male",0,0.0782729380416459,1
1,6,1e-04,81,"ASC3_age",0,-0.0565810015733736,1
1,6,1e-04,81,"ASC3_income",0,-0.0168126742107191,1
1,6,1e-04,81,"ASC3_child",-0.4,0.129426614830332,1
1,6,1e-04,81,"prot25_male",0,-0.0697027254277543,1
1,6,1e-04,81,"prot25_age",0,0.0529217586000787,1
1,6,1e-04,81,"prot25_income",0,0.0699620837527269,1
1,6,1e-04,81,"prot25_child",-0.2,-0.0305278566172853,1
1,6,1e-04,81,"prot50_male",1.1,0.110665310304441,1
1,6,1e-04,81,"prot50_age",0.8,0.0593447058246663,1
1,6,1e-04,81,"prot50_income",0,0.109294775613129,1
1,6,1e-04,81,"prot50_child",-0.3,-0.146946576495145,1
1,6,1e-04,81,"invasive_male",-0.2,-0.108969918472958,1
1,6,1e-04,81,"invasive_age",-1.2,-0.263364939121277,1
1,6,1e-04,81,"invasive_income",0.4,0.0719940156053274,1
1,6,1e-04,81,"invasive_child",1.1,0.226918285580034,1
1,6,1e-04,82,"ASC2_male",0,0.0928111983543353,1
1,6,1e-04,82,"ASC2_age",0,0.163918831446663,1
1,6,1e-04,82,"ASC2_income",-0.8,-0.143458827768466,1
1,6,1e-04,82,"ASC2_child",0.4,0.170061040885706,1
1,6,1e-04,82,"ASC3_male",-0.5,0.0502191932455806,1
1,6,1e-04,82,"ASC3_age",0,0.151406901036393,1
1,6,1e-04,82,"ASC3_income",0,-0.0344482383313772,1
1,6,1e-04,82,"ASC3_child",0,0.0493145926170693,1
1,6,1e-04,82,"prot25_male",-0.5,-0.178027807040086,1
1,6,1e-04,82,"prot25_age",0,-0.13147649578045,1
1,6,1e-04,82,"prot25_income",0.8,0.13046391296213,1
1,6,1e-04,82,"prot25_child",0,-0.15201468259424,1
1,6,1e-04,82,"prot50_male",-0.3,-0.149302801313481,1
1,6,1e-04,82,"prot50_age",0,-0.0290055562851011,1
1,6,1e-04,82,"prot50_income",0.6,0.182791600997079,1
1,6,1e-04,82,"prot50_child",0.3,-0.0939297928193141,1
1,6,1e-04,82,"invasive_male",-1.1,-0.228596783934556,1
1,6,1e-04,82,"invasive_age",-1.2,-0.160609518332136,1
1,6,1e-04,82,"invasive_income",0,0.064257274309105,1
1,6,1e-04,82,"invasive_child",0,-0.171400994279614,1
1,6,1e-04,83,"ASC2_male",0.5,-0.138050774186518,1
1,6,1e-04,83,"ASC2_age",0,0.0261177216912151,1
1,6,1e-04,83,"ASC2_income",-0.6,-0.0877412018886346,1
1,6,1e-04,83,"ASC2_child",-0.5,-0.140505420177817,1
1,6,1e-04,83,"ASC3_male",0,-0.165836830651815,1
1,6,1e-04,83,"ASC3_age",0,0.0146293414608627,1
1,6,1e-04,83,"ASC3_income",0,0.00755501195865941,1
1,6,1e-04,83,"ASC3_child",0,-0.142798833522582,1
1,6,1e-04,83,"prot25_male",-1,-0.090961230248525,1
1,6,1e-04,83,"prot25_age",0.1,0.0345301067306923,1
1,6,1e-04,83,"prot25_income",0,-0.0235469145607159,1
1,6,1e-04,83,"prot25_child",0,0.0824736249866939,1
1,6,1e-04,83,"prot50_male",0.7,0.166509389392597,1
1,6,1e-04,83,"prot50_age",0,0.0188721719724614,1
1,6,1e-04,83,"prot50_income",1.1,0.166507435329184,1
1,6,1e-04,83,"prot50_child",0,-0.0251055314213911,1
1,6,1e-04,83,"invasive_male",0.7,0.0445433315012765,1
1,6,1e-04,83,"invasive_age",-1,-0.126454152937241,1
1,6,1e-04,83,"invasive_income",0.3,0.00527615485765223,1
1,6,1e-04,83,"invasive_child",0,-0.0604533229247297,1
1,6,1e-04,84,"ASC2_male",0,0.190380752057314,1
1,6,1e-04,84,"ASC2_age",0,0.0150626182886856,1
1,6,1e-04,84,"ASC2_income",-0.9,-0.181548757764447,1
1,6,1e-04,84,"ASC2_child",1.1,-0.0286645599618343,1
1,6,1e-04,84,"ASC3_male",0.7,0.279394852632025,1
1,6,1e-04,84,"ASC3_age",0,0.0244299840139809,1
1,6,1e-04,84,"ASC3_income",0,0.019498306946024,1
1,6,1e-04,84,"ASC3_child",0.3,0.0999126147978017,1
1,6,1e-04,84,"prot25_male",0.3,-0.158996762831829,1
1,6,1e-04,84,"prot25_age",0,-0.0440466652802967,1
1,6,1e-04,84,"prot25_income",0,0.0627330367741131,1
1,6,1e-04,84,"prot25_child",0,0.0934471349493421,1
1,6,1e-04,84,"prot50_male",0,-0.171269486651602,1
1,6,1e-04,84,"prot50_age",-0.2,-0.0251835072560454,1
1,6,1e-04,84,"prot50_income",0.5,0.10748889309952,1
1,6,1e-04,84,"prot50_child",0,0.0271411543574858,1
1,6,1e-04,84,"invasive_male",0,-0.0311503317372493,1
1,6,1e-04,84,"invasive_age",-0.7,-0.154016083652977,1
1,6,1e-04,84,"invasive_income",-0.9,-0.0902253129801878,1
1,6,1e-04,84,"invasive_child",0.5,-0.00285993403988831,1
1,6,1e-04,85,"ASC2_male",0.9,0.22462762903813,1
1,6,1e-04,85,"ASC2_age",0,-0.0588158133865795,1
1,6,1e-04,85,"ASC2_income",-0.2,-0.0686594840711726,1
1,6,1e-04,85,"ASC2_child",0.5,0.0581006019967675,1
1,6,1e-04,85,"ASC3_male",0,0.0906736352161679,1
1,6,1e-04,85,"ASC3_age",0,-0.0589335106717431,1
1,6,1e-04,85,"ASC3_income",0,0.00158566189505843,1
1,6,1e-04,85,"ASC3_child",0.8,0.187380198929814,1
1,6,1e-04,85,"prot25_male",0.4,0.052001862360853,1
1,6,1e-04,85,"prot25_age",0,-0.0081282432319341,1
1,6,1e-04,85,"prot25_income",0.5,0.0814271866554808,1
1,6,1e-04,85,"prot25_child",-0.2,0.0597980134353367,1
1,6,1e-04,85,"prot50_male",-0.1,-0.00768990292254155,1
1,6,1e-04,85,"prot50_age",0,0.0295220162300462,1
1,6,1e-04,85,"prot50_income",-1.1,-0.12318877133086,1
1,6,1e-04,85,"prot50_child",0,0.29088248352734,1
1,6,1e-04,85,"invasive_male",0.7,0.190764818748841,1
1,6,1e-04,85,"invasive_age",0,-0.0419332689817192,1
1,6,1e-04,85,"invasive_income",0,0.0248312600436398,1
1,6,1e-04,85,"invasive_child",0,0.144722709985381,1
1,6,1e-04,86,"ASC2_male",0.2,0.138521240408026,1
1,6,1e-04,86,"ASC2_age",0.4,0.0820854840110809,1
1,6,1e-04,86,"ASC2_income",0,0.0303668760839758,1
1,6,1e-04,86,"ASC2_child",-0.2,-0.330708484278853,1
1,6,1e-04,86,"ASC3_male",-0.2,0.0301732134220446,1
1,6,1e-04,86,"ASC3_age",0,0.0213746137221385,1
1,6,1e-04,86,"ASC3_income",0,0.0464313467090941,1
1,6,1e-04,86,"ASC3_child",0,-0.340677416141175,1
1,6,1e-04,86,"prot25_male",0,0.00814037002054346,1
1,6,1e-04,86,"prot25_age",0,-0.00763204188810296,1
1,6,1e-04,86,"prot25_income",-0.2,-0.119658683869844,1
1,6,1e-04,86,"prot25_child",0,0.0965196872689065,1
1,6,1e-04,86,"prot50_male",0.6,0.0406278448176853,1
1,6,1e-04,86,"prot50_age",-1,-0.171475909729882,1
1,6,1e-04,86,"prot50_income",0,-0.0871691774003907,1
1,6,1e-04,86,"prot50_child",1,0.167329980511958,1
1,6,1e-04,86,"invasive_male",0.5,0.0795667833935084,1
1,6,1e-04,86,"invasive_age",0,0.0275543682331299,1
1,6,1e-04,86,"invasive_income",0,0.0847276694128348,1
1,6,1e-04,86,"invasive_child",-1,-0.339271801561516,1
1,6,1e-04,87,"ASC2_male",0.2,0.220484229771362,1
1,6,1e-04,87,"ASC2_age",1.1,0.181514487513311,1
1,6,1e-04,87,"ASC2_income",0,0.0297110407128083,1
1,6,1e-04,87,"ASC2_child",0,-0.0337435818173972,1
1,6,1e-04,87,"ASC3_male",0,0.0490394430371904,1
1,6,1e-04,87,"ASC3_age",-0.4,-0.0627678406919499,1
1,6,1e-04,87,"ASC3_income",0,0.0823424363056036,1
1,6,1e-04,87,"ASC3_child",0.7,0.147577364519049,1
1,6,1e-04,87,"prot25_male",-1.2,-0.388453905725212,1
1,6,1e-04,87,"prot25_age",-0.9,-0.156077884798437,1
1,6,1e-04,87,"prot25_income",0,-0.0284065013136231,1
1,6,1e-04,87,"prot25_child",-0.2,0.0696422804844321,1
1,6,1e-04,87,"prot50_male",-0.5,-0.278781235420273,1
1,6,1e-04,87,"prot50_age",0,-0.0287610918558629,1
1,6,1e-04,87,"prot50_income",0,-0.120953643423695,1
1,6,1e-04,87,"prot50_child",0.4,0.116632468668371,1
1,6,1e-04,87,"invasive_male",0,0.05778632452335,1
1,6,1e-04,87,"invasive_age",0,0.0586556615279502,1
1,6,1e-04,87,"invasive_income",0,-0.0329885177183248,1
1,6,1e-04,87,"invasive_child",0.8,0.0566929918461145,1
1,6,1e-04,88,"ASC2_male",-1.1,-0.343206476748086,1
1,6,1e-04,88,"ASC2_age",0,0.0237355700960143,1
1,6,1e-04,88,"ASC2_income",0.3,0.0467137553172898,1
1,6,1e-04,88,"ASC2_child",0,-0.0775524716303858,1
1,6,1e-04,88,"ASC3_male",-1.1,-0.308651957613244,1
1,6,1e-04,88,"ASC3_age",0,-0.0100628414572883,1
1,6,1e-04,88,"ASC3_income",0,0.0455238159799161,1
1,6,1e-04,88,"ASC3_child",0.5,-0.0749165297246004,1
1,6,1e-04,88,"prot25_male",0.6,0.272296809900061,1
1,6,1e-04,88,"prot25_age",0,-0.0574721554698748,1
1,6,1e-04,88,"prot25_income",0,0.048088094538793,1
1,6,1e-04,88,"prot25_child",0,0.0801206039843139,1
1,6,1e-04,88,"prot50_male",0,0.137760156567106,1
1,6,1e-04,88,"prot50_age",-0.3,-0.0620559052686164,1
1,6,1e-04,88,"prot50_income",-0.5,-0.0808998374945186,1
1,6,1e-04,88,"prot50_child",0.8,0.333248735512445,1
1,6,1e-04,88,"invasive_male",0,0.0317362345884467,1
1,6,1e-04,88,"invasive_age",-1.1,-0.210636473792642,1
1,6,1e-04,88,"invasive_income",0.4,0.116690814125092,1
1,6,1e-04,88,"invasive_child",0,0.110180107001358,1
1,6,1e-04,89,"ASC2_male",0,0.228882945401882,1
1,6,1e-04,89,"ASC2_age",0,-0.136252310185248,1
1,6,1e-04,89,"ASC2_income",0.5,0.177702790160762,1
1,6,1e-04,89,"ASC2_child",0,-0.421288916741466,1
1,6,1e-04,89,"ASC3_male",0,0.196754053556721,1
1,6,1e-04,89,"ASC3_age",0.3,-0.0527559374388468,1
1,6,1e-04,89,"ASC3_income",-0.8,-0.0919727327717475,1
1,6,1e-04,89,"ASC3_child",0,-0.393557068098686,1
1,6,1e-04,89,"prot25_male",0.1,-0.122025498691408,1
1,6,1e-04,89,"prot25_age",-0.1,0.0766212467787714,1
1,6,1e-04,89,"prot25_income",0,-0.00223647098425363,1
1,6,1e-04,89,"prot25_child",-1.2,0.0632944433763043,1
1,6,1e-04,89,"prot50_male",-0.5,-0.303860057012626,1
1,6,1e-04,89,"prot50_age",0,0.075682507232082,1
1,6,1e-04,89,"prot50_income",0,-0.00501475753062011,1
1,6,1e-04,89,"prot50_child",0,0.222478616143183,1
1,6,1e-04,89,"invasive_male",-0.6,-0.00937817210566656,1
1,6,1e-04,89,"invasive_age",0.2,0.0014950051872747,1
1,6,1e-04,89,"invasive_income",1.1,0.310312917350144,1
1,6,1e-04,89,"invasive_child",0,-0.234442879568184,1
1,6,1e-04,90,"ASC2_male",-1,-0.171470726515804,1
1,6,1e-04,90,"ASC2_age",-0.2,-0.0755118585265709,1
1,6,1e-04,90,"ASC2_income",-0.9,-0.239658636711451,1
1,6,1e-04,90,"ASC2_child",0.8,0.0448861058456497,1
1,6,1e-04,90,"ASC3_male",0,-0.00390641990633067,1
1,6,1e-04,90,"ASC3_age",0,-0.0561826019793828,1
1,6,1e-04,90,"ASC3_income",0,-0.125778661742882,1
1,6,1e-04,90,"ASC3_child",0.6,-0.0105936336840527,1
1,6,1e-04,90,"prot25_male",0,-0.0250968844245709,1
1,6,1e-04,90,"prot25_age",0,-0.00180889694735134,1
1,6,1e-04,90,"prot25_income",0.8,0.280934338123777,1
1,6,1e-04,90,"prot25_child",0,-0.166352286039137,1
1,6,1e-04,90,"prot50_male",0,-0.229531616234303,1
1,6,1e-04,90,"prot50_age",1,0.168498093639194,1
1,6,1e-04,90,"prot50_income",0.6,0.256955052302611,1
1,6,1e-04,90,"prot50_child",0,-0.076730106754895,1
1,6,1e-04,90,"invasive_male",0,-0.0735521290801653,1
1,6,1e-04,90,"invasive_age",0,-0.0650669555046496,1
1,6,1e-04,90,"invasive_income",-0.6,-0.0941726797299715,1
1,6,1e-04,90,"invasive_child",-1.2,-0.439994250259027,1
1,6,1e-04,91,"ASC2_male",1.2,0.147286381659664,1
1,6,1e-04,91,"ASC2_age",0.2,0.0958014574210949,1
1,6,1e-04,91,"ASC2_income",0,-0.156716309430218,1
1,6,1e-04,91,"ASC2_child",0,-0.0335048419467666,1
1,6,1e-04,91,"ASC3_male",0,-0.156718459219159,1
1,6,1e-04,91,"ASC3_age",0,0.0225225557368901,1
1,6,1e-04,91,"ASC3_income",0.6,-0.00455749411794356,1
1,6,1e-04,91,"ASC3_child",1.1,0.0692741309512687,1
1,6,1e-04,91,"prot25_male",0,0.180929053183924,1
1,6,1e-04,91,"prot25_age",0.3,-0.0988897441576833,1
1,6,1e-04,91,"prot25_income",0.2,0.100281053987975,1
1,6,1e-04,91,"prot25_child",0,0.0441742344371739,1
1,6,1e-04,91,"prot50_male",-0.7,-0.0252945575618959,1
1,6,1e-04,91,"prot50_age",0,-0.0587052394230644,1
1,6,1e-04,91,"prot50_income",-1,-0.171727118843886,1
1,6,1e-04,91,"prot50_child",0,0.119901900924577,1
1,6,1e-04,91,"invasive_male",-0.6,-0.113369746964269,1
1,6,1e-04,91,"invasive_age",0,-0.0542725393023225,1
1,6,1e-04,91,"invasive_income",0.4,-0.0598076535847284,1
1,6,1e-04,91,"invasive_child",0,0.0450724534877275,1
1,6,1e-04,92,"ASC2_male",-0.4,0.0557476708328023,1
1,6,1e-04,92,"ASC2_age",0,-0.0168750773078711,1
1,6,1e-04,92,"ASC2_income",1,0.112449058842883,1
1,6,1e-04,92,"ASC2_child",0,-0.13014927902445,1
1,6,1e-04,92,"ASC3_male",-1.1,-0.0498300356585564,1
1,6,1e-04,92,"ASC3_age",0.6,0.0660754490043439,1
1,6,1e-04,92,"ASC3_income",0.8,0.0365751123543611,1
1,6,1e-04,92,"ASC3_child",0,0.0440909947564487,1
1,6,1e-04,92,"prot25_male",0,0.0606430397785066,1
1,6,1e-04,92,"prot25_age",0,-0.0243672469339722,1
1,6,1e-04,92,"prot25_income",0.7,0.195009405333591,1
1,6,1e-04,92,"prot25_child",-0.8,-0.259647487502854,1
1,6,1e-04,92,"prot50_male",1,-0.0153022628313129,1
1,6,1e-04,92,"prot50_age",0,0.105494148745602,1
1,6,1e-04,92,"prot50_income",-1.2,-0.112826981130018,1
1,6,1e-04,92,"prot50_child",0,0.248355469360019,1
1,6,1e-04,92,"invasive_male",0,0.0749692819221532,1
1,6,1e-04,92,"invasive_age",0,-0.0439789566205339,1
1,6,1e-04,92,"invasive_income",-0.9,-0.196012389033009,1
1,6,1e-04,92,"invasive_child",0,0.16357557359322,1
1,6,1e-04,93,"ASC2_male",0,0.0133001141510455,1
1,6,1e-04,93,"ASC2_age",1,0.133862429500259,1
1,6,1e-04,93,"ASC2_income",0,0.0997692277468771,1
1,6,1e-04,93,"ASC2_child",-0.3,-0.0715517770301209,1
1,6,1e-04,93,"ASC3_male",-1,-0.0699515024310925,1
1,6,1e-04,93,"ASC3_age",0,0.0459310316463865,1
1,6,1e-04,93,"ASC3_income",0,0.079035785221703,1
1,6,1e-04,93,"ASC3_child",0.1,0.106966266966782,1
1,6,1e-04,93,"prot25_male",0.7,0.170403379684237,1
1,6,1e-04,93,"prot25_age",0,0.0270661576073072,1
1,6,1e-04,93,"prot25_income",-0.7,-0.0947484586724198,1
1,6,1e-04,93,"prot25_child",0,0.020236627929173,1
1,6,1e-04,93,"prot50_male",0,0.192712428425971,1
1,6,1e-04,93,"prot50_age",0,-0.0915111542762449,1
1,6,1e-04,93,"prot50_income",0,-0.0220079008498068,1
1,6,1e-04,93,"prot50_child",0.9,0.184494166181264,1
1,6,1e-04,93,"invasive_male",-0.7,0.00646184014176076,1
1,6,1e-04,93,"invasive_age",-0.7,-0.133784429225455,1
1,6,1e-04,93,"invasive_income",0,0.0506808095342431,1
1,6,1e-04,93,"invasive_child",-0.2,-0.0608386100257205,1
1,6,1e-04,94,"ASC2_male",0.3,0.0119494474498623,1
1,6,1e-04,94,"ASC2_age",-0.4,-0.0262905843501594,1
1,6,1e-04,94,"ASC2_income",-0.4,-0.154961288864179,1
1,6,1e-04,94,"ASC2_child",-0.6,-0.087521093365327,1
1,6,1e-04,94,"ASC3_male",-0.3,0.0186744103983352,1
1,6,1e-04,94,"ASC3_age",0,0.0740434942174911,1
1,6,1e-04,94,"ASC3_income",0,-0.0195415428786401,1
1,6,1e-04,94,"ASC3_child",0.9,0.240306761111286,1
1,6,1e-04,94,"prot25_male",0.3,0.13182391545585,1
1,6,1e-04,94,"prot25_age",0,-0.0943084131708249,1
1,6,1e-04,94,"prot25_income",0.2,-0.0575557418879561,1
1,6,1e-04,94,"prot25_child",0,0.0050975961512752,1
1,6,1e-04,94,"prot50_male",0,-0.0677824831626784,1
1,6,1e-04,94,"prot50_age",0.5,0.0218696706734485,1
1,6,1e-04,94,"prot50_income",0,-0.0347904464866701,1
1,6,1e-04,94,"prot50_child",-0.1,-0.183061452977508,1
1,6,1e-04,94,"invasive_male",0,0.109675121960307,1
1,6,1e-04,94,"invasive_age",0,0.00538954768401189,1
1,6,1e-04,94,"invasive_income",0,-0.0795355185982753,1
1,6,1e-04,94,"invasive_child",0,-0.126745993418922,1
1,6,1e-04,95,"ASC2_male",-0.9,-0.254532190776085,1
1,6,1e-04,95,"ASC2_age",0,-0.025367710653957,1
1,6,1e-04,95,"ASC2_income",0,-0.0541167902067136,1
1,6,1e-04,95,"ASC2_child",0,-0.419562582360756,1
1,6,1e-04,95,"ASC3_male",0,-0.174390485751517,1
1,6,1e-04,95,"ASC3_age",1.1,0.151898734716993,1
1,6,1e-04,95,"ASC3_income",0.8,0.087733144964537,1
1,6,1e-04,95,"ASC3_child",-1,-0.469162834726859,1
1,6,1e-04,95,"prot25_male",-1,-0.0823363760671768,1
1,6,1e-04,95,"prot25_age",0.8,0.162019722484552,1
1,6,1e-04,95,"prot25_income",0.7,0.216134710402213,1
1,6,1e-04,95,"prot25_child",0.6,0.265021046460651,1
1,6,1e-04,95,"prot50_male",0,0.142574880604734,1
1,6,1e-04,95,"prot50_age",0,0.0506574040134092,1
1,6,1e-04,95,"prot50_income",1,0.267855529289983,1
1,6,1e-04,95,"prot50_child",0,0.191040828343128,1
1,6,1e-04,95,"invasive_male",0,0.0366309553907093,1
1,6,1e-04,95,"invasive_age",0,0.0486756703879503,1
1,6,1e-04,95,"invasive_income",0,0.00159466897181272,1
1,6,1e-04,95,"invasive_child",0.4,0.0188471207791649,1
1,6,1e-04,96,"ASC2_male",0.6,-0.0629351401698018,1
1,6,1e-04,96,"ASC2_age",0,-0.130830798411013,1
1,6,1e-04,96,"ASC2_income",0,-0.0176984547674826,1
1,6,1e-04,96,"ASC2_child",0,0.0232309436464688,1
1,6,1e-04,96,"ASC3_male",-0.1,-0.186025176740657,1
1,6,1e-04,96,"ASC3_age",1.2,0.0378833622992169,1
1,6,1e-04,96,"ASC3_income",0,-0.0343599585278581,1
1,6,1e-04,96,"ASC3_child",0,-0.0903800314966066,1
1,6,1e-04,96,"prot25_male",-0.6,0.258799822046243,1
1,6,1e-04,96,"prot25_age",0.3,0.0595213426963944,1
1,6,1e-04,96,"prot25_income",-0.8,-0.0923841776716327,1
1,6,1e-04,96,"prot25_child",0.7,0.19035093885974,1
1,6,1e-04,96,"prot50_male",-1,-0.0167733892745483,1
1,6,1e-04,96,"prot50_age",0,0.0762884231152416,1
1,6,1e-04,96,"prot50_income",0,0.0735482647911559,1
1,6,1e-04,96,"prot50_child",0,-0.0143492861252147,1
1,6,1e-04,96,"invasive_male",-0.2,0.071856641576982,1
1,6,1e-04,96,"invasive_age",-0.4,-0.167843963485496,1
1,6,1e-04,96,"invasive_income",0,0.0247253800304922,1
1,6,1e-04,96,"invasive_child",0,0.038415182416315,1
1,6,1e-04,97,"ASC2_male",-1,0.168859521289077,1
1,6,1e-04,97,"ASC2_age",0.2,-0.0748088631191329,1
1,6,1e-04,97,"ASC2_income",0,-0.0116004031572888,1
1,6,1e-04,97,"ASC2_child",-0.3,-0.219693013264278,1
1,6,1e-04,97,"ASC3_male",0.5,0.352321286880306,1
1,6,1e-04,97,"ASC3_age",0.5,-0.00582071491828023,1
1,6,1e-04,97,"ASC3_income",0,-0.067805934823653,1
1,6,1e-04,97,"ASC3_child",-0.2,-0.262961943530209,1
1,6,1e-04,97,"prot25_male",0,-0.106897542464402,1
1,6,1e-04,97,"prot25_age",0,0.0857993839387118,1
1,6,1e-04,97,"prot25_income",-0.1,0.0786466921882165,1
1,6,1e-04,97,"prot25_child",0,0.075759737831312,1
1,6,1e-04,97,"prot50_male",0.6,-0.0398594687278817,1
1,6,1e-04,97,"prot50_age",0,0.0756115667145575,1
1,6,1e-04,97,"prot50_income",-0.5,-0.0583633389070738,1
1,6,1e-04,97,"prot50_child",0,-0.0250280506436383,1
1,6,1e-04,97,"invasive_male",0,0.128869530850322,1
1,6,1e-04,97,"invasive_age",0,-0.000275627213222753,1
1,6,1e-04,97,"invasive_income",-0.7,-0.0299421262541693,1
1,6,1e-04,97,"invasive_child",0,-0.172415330469131,1
1,6,1e-04,98,"ASC2_male",0,0.0543824960855763,1
1,6,1e-04,98,"ASC2_age",0,0.00449174941241697,1
1,6,1e-04,98,"ASC2_income",-0.5,-0.0167048958767801,1
1,6,1e-04,98,"ASC2_child",-1.1,-0.274942822959545,1
1,6,1e-04,98,"ASC3_male",-0.3,-0.0911615607689947,1
1,6,1e-04,98,"ASC3_age",1,0.117240423009215,1
1,6,1e-04,98,"ASC3_income",0,0.0672183888733422,1
1,6,1e-04,98,"ASC3_child",-0.6,-0.187511701157815,1
1,6,1e-04,98,"prot25_male",-0.4,-0.0200252146765823,1
1,6,1e-04,98,"prot25_age",0,0.00251923353523508,1
1,6,1e-04,98,"prot25_income",1.2,0.163774496761638,1
1,6,1e-04,98,"prot25_child",-0.8,-0.0177309844306396,1
1,6,1e-04,98,"prot50_male",-1.1,-0.424002224210381,1
1,6,1e-04,98,"prot50_age",0,-0.0596071560234629,1
1,6,1e-04,98,"prot50_income",0,-0.0260747919819768,1
1,6,1e-04,98,"prot50_child",0,0.301028550846725,1
1,6,1e-04,98,"invasive_male",0,-0.0686060721046347,1
1,6,1e-04,98,"invasive_age",0,-0.0242852800300414,1
1,6,1e-04,98,"invasive_income",0,-0.0468065732134736,1
1,6,1e-04,98,"invasive_child",1,0.230621597924231,1
1,6,1e-04,99,"ASC2_male",1.1,0.345819334617744,1
1,6,1e-04,99,"ASC2_age",0.3,0.0302990531505378,1
1,6,1e-04,99,"ASC2_income",-0.8,0.021738968441272,1
1,6,1e-04,99,"ASC2_child",0.2,-0.27611914849117,1
1,6,1e-04,99,"ASC3_male",1.1,0.23723167449181,1
1,6,1e-04,99,"ASC3_age",0,-0.0439642568639483,1
1,6,1e-04,99,"ASC3_income",0,0.0338859373121648,1
1,6,1e-04,99,"ASC3_child",0,-0.367199387427444,1
1,6,1e-04,99,"prot25_male",-0.6,-0.230442083199198,1
1,6,1e-04,99,"prot25_age",0,0.0912298954997341,1
1,6,1e-04,99,"prot25_income",0,-0.0450931922090948,1
1,6,1e-04,99,"prot25_child",0,0.299295470765104,1
1,6,1e-04,99,"prot50_male",-0.2,-0.104541917916699,1
1,6,1e-04,99,"prot50_age",0.9,0.207382963126939,1
1,6,1e-04,99,"prot50_income",-0.1,-0.00418026222179936,1
1,6,1e-04,99,"prot50_child",0,0.171556781710149,1
1,6,1e-04,99,"invasive_male",0.9,0.240952932468478,1
1,6,1e-04,99,"invasive_age",0,0.0167581880504469,1
1,6,1e-04,99,"invasive_income",0,0.0345948323485012,1
1,6,1e-04,99,"invasive_child",0,-0.102899514156037,1
1,6,1e-04,100,"ASC2_male",0.1,0.077783921380162,1
1,6,1e-04,100,"ASC2_age",0,0.0020728785702858,1
1,6,1e-04,100,"ASC2_income",0,-0.0763641034906047,1
1,6,1e-04,100,"ASC2_child",-0.7,-0.12981530498315,1
1,6,1e-04,100,"ASC3_male",0,0.0186311169137967,1
1,6,1e-04,100,"ASC3_age",0,0.0191096455939184,1
1,6,1e-04,100,"ASC3_income",-0.7,-0.157092422947424,1
1,6,1e-04,100,"ASC3_child",-1.1,-0.170205847296608,1
1,6,1e-04,100,"prot25_male",0,0.122107563001611,1
1,6,1e-04,100,"prot25_age",-0.7,-0.171028062499826,1
1,6,1e-04,100,"prot25_income",0,-0.00192031679453567,1
1,6,1e-04,100,"prot25_child",-0.6,-0.0808113935066284,1
1,6,1e-04,100,"prot50_male",0,0.0659119692747747,1
1,6,1e-04,100,"prot50_age",0,-0.128531483929736,1
1,6,1e-04,100,"prot50_income",0.5,0.0217338873732307,1
1,6,1e-04,100,"prot50_child",1,0.120392221195993,1
1,6,1e-04,100,"invasive_male",0,0.0487081149271471,1
1,6,1e-04,100,"invasive_age",0,-0.0313758832204235,1
1,6,1e-04,100,"invasive_income",0.8,0.0278676973587259,1
1,6,1e-04,100,"invasive_child",0.4,0.0413983921158374,1
1,6,0.001,1,"ASC2_male",0.9,0.0498387063679361,1
1,6,0.001,1,"ASC2_age",0.3,0.107069952190632,1
1,6,0.001,1,"ASC2_income",0,-0.0111085131252519,1
1,6,0.001,1,"ASC2_child",0,0.0453498473679765,1
1,6,0.001,1,"ASC3_male",-1.1,-0.370025251990816,1
1,6,0.001,1,"ASC3_age",0,0.0224884627484406,1
1,6,0.001,1,"ASC3_income",0.8,0.136712861477617,1
1,6,0.001,1,"ASC3_child",0,0.0345700615906368,1
1,6,0.001,1,"prot25_male",1.2,0.392787324797145,1
1,6,0.001,1,"prot25_age",0.7,0.14988556896661,1
1,6,0.001,1,"prot25_income",0,0.0623274956595732,1
1,6,0.001,1,"prot25_child",1.1,0.238205786921023,1
1,6,0.001,1,"prot50_male",0,0.156443129493802,1
1,6,0.001,1,"prot50_age",0,-0.0211117668618293,1
1,6,0.001,1,"prot50_income",-1.2,-0.157959543648626,1
1,6,0.001,1,"prot50_child",1.1,0.093827348073394,1
1,6,0.001,1,"invasive_male",0,0.0890968665894504,1
1,6,0.001,1,"invasive_age",-0.6,-0.102706733117117,1
1,6,0.001,1,"invasive_income",0,-0.00162002331423281,1
1,6,0.001,1,"invasive_child",0,-0.0498405692815218,1
1,6,0.001,2,"ASC2_male",0,0.211105471261001,1
1,6,0.001,2,"ASC2_age",0.1,-0.0850475408160946,1
1,6,0.001,2,"ASC2_income",0.7,0.159868916218023,1
1,6,0.001,2,"ASC2_child",-0.4,-0.0506520747454697,1
1,6,0.001,2,"ASC3_male",0,0.254189464097189,1
1,6,0.001,2,"ASC3_age",0.4,-0.0221317679343689,1
1,6,0.001,2,"ASC3_income",-0.8,-0.0621337614670048,1
1,6,0.001,2,"ASC3_child",0,0.0645745656611538,1
1,6,0.001,2,"prot25_male",0.5,0.017821169311682,1
1,6,0.001,2,"prot25_age",0.8,0.181920292076816,1
1,6,0.001,2,"prot25_income",0,-0.0932507718137791,1
1,6,0.001,2,"prot25_child",0,-0.101283217664153,1
1,6,0.001,2,"prot50_male",0,-0.286676850683204,1
1,6,0.001,2,"prot50_age",0,0.141368123056102,1
1,6,0.001,2,"prot50_income",0,-0.129075281228001,1
1,6,0.001,2,"prot50_child",0,-0.0617234232456035,1
1,6,0.001,2,"invasive_male",1,0.0836445886812848,1
1,6,0.001,2,"invasive_age",-0.1,-0.00897890978553329,1
1,6,0.001,2,"invasive_income",0,-0.0220951365181735,1
1,6,0.001,2,"invasive_child",-0.6,-0.049121150356018,1
1,6,0.001,3,"ASC2_male",-0.9,-0.0737621586908377,1
1,6,0.001,3,"ASC2_age",-0.4,-0.197213691003486,1
1,6,0.001,3,"ASC2_income",0,0.01050171538784,1
1,6,0.001,3,"ASC2_child",0,-0.131432630163928,1
1,6,0.001,3,"ASC3_male",-0.7,-0.166339640843176,1
1,6,0.001,3,"ASC3_age",0,-0.037669578901927,1
1,6,0.001,3,"ASC3_income",0,-0.00654209779222919,1
1,6,0.001,3,"ASC3_child",1,0.0456314332492046,1
1,6,0.001,3,"prot25_male",0,0.0121503330028718,1
1,6,0.001,3,"prot25_age",0,0.0755350672468653,1
1,6,0.001,3,"prot25_income",0,-0.031324390205402,1
1,6,0.001,3,"prot25_child",0,0.135305370163241,1
1,6,0.001,3,"prot50_male",0.7,0.0192577812054608,1
1,6,0.001,3,"prot50_age",-0.2,0.0428482318246102,1
1,6,0.001,3,"prot50_income",-1,-0.127292215673405,1
1,6,0.001,3,"prot50_child",-0.8,0.105664054065905,1
1,6,0.001,3,"invasive_male",0,-0.125828661866226,1
1,6,0.001,3,"invasive_age",0,-0.0339080258527421,1
1,6,0.001,3,"invasive_income",-1.2,-0.226154776606451,1
1,6,0.001,3,"invasive_child",1,0.112068942685733,1
1,6,0.001,4,"ASC2_male",0,0.217113661251265,1
1,6,0.001,4,"ASC2_age",-0.1,-0.160546585148472,1
1,6,0.001,4,"ASC2_income",0,-0.00773659912949345,1
1,6,0.001,4,"ASC2_child",-0.6,-0.0539463039158153,1
1,6,0.001,4,"ASC3_male",0,0.172962493173751,1
1,6,0.001,4,"ASC3_age",1,0.160796275821148,1
1,6,0.001,4,"ASC3_income",0,0.0160434932662185,1
1,6,0.001,4,"ASC3_child",0,0.0879518603270011,1
1,6,0.001,4,"prot25_male",0,0.00451827401754287,1
1,6,0.001,4,"prot25_age",-0.5,-0.107179187556213,1
1,6,0.001,4,"prot25_income",0,-0.00994824591993555,1
1,6,0.001,4,"prot25_child",0,-0.0511725169379024,1
1,6,0.001,4,"prot50_male",0.1,-0.0197607752449884,1
1,6,0.001,4,"prot50_age",1,0.207524428592697,1
1,6,0.001,4,"prot50_income",0,0.048740097133211,1
1,6,0.001,4,"prot50_child",-1,-0.0971225876597112,1
1,6,0.001,4,"invasive_male",-1,-0.069762294059876,1
1,6,0.001,4,"invasive_age",-0.9,-0.131397933414215,1
1,6,0.001,4,"invasive_income",-0.3,-0.0912294953498064,1
1,6,0.001,4,"invasive_child",0,0.238170636991191,1
1,6,0.001,5,"ASC2_male",0,0.144999449417464,1
1,6,0.001,5,"ASC2_age",0.7,0.0199551406349388,1
1,6,0.001,5,"ASC2_income",-0.4,-0.138789770454847,1
1,6,0.001,5,"ASC2_child",-0.3,-0.0945531031047429,1
1,6,0.001,5,"ASC3_male",0,0.188489765244269,1
1,6,0.001,5,"ASC3_age",0,-0.0561607230380062,1
1,6,0.001,5,"ASC3_income",0.9,0.129434447264952,1
1,6,0.001,5,"ASC3_child",-0.6,-0.139344564477536,1
1,6,0.001,5,"prot25_male",0.9,0.1343776662351,1
1,6,0.001,5,"prot25_age",0,0.102405826842475,1
1,6,0.001,5,"prot25_income",-0.3,-0.119118826553044,1
1,6,0.001,5,"prot25_child",0,0.0992134374107009,1
1,6,0.001,5,"prot50_male",0.4,0.0605954555865154,1
1,6,0.001,5,"prot50_age",0,0.118568672785739,1
1,6,0.001,5,"prot50_income",0.5,0.113878770287647,1
1,6,0.001,5,"prot50_child",0,0.0457941037383108,1
1,6,0.001,5,"invasive_male",0.7,0.279712086870039,1
1,6,0.001,5,"invasive_age",0,-0.0325524762887502,1
1,6,0.001,5,"invasive_income",0,0.0281383046476411,1
1,6,0.001,5,"invasive_child",0,0.0117084363738675,1
1,6,0.001,6,"ASC2_male",0.4,0.272250624942431,1
1,6,0.001,6,"ASC2_age",0.7,0.0190626828769303,1
1,6,0.001,6,"ASC2_income",0,0.00226010942267429,1
1,6,0.001,6,"ASC2_child",0,0.101878706340708,1
1,6,0.001,6,"ASC3_male",0,0.146513883229068,1
1,6,0.001,6,"ASC3_age",0,-0.0841178537366874,1
1,6,0.001,6,"ASC3_income",0,0.0289035044274837,1
1,6,0.001,6,"ASC3_child",1.2,0.258759300372159,1
1,6,0.001,6,"prot25_male",-0.4,-0.346523314159518,1
1,6,0.001,6,"prot25_age",-0.3,0.128853238797252,1
1,6,0.001,6,"prot25_income",0,-0.0452724134535571,1
1,6,0.001,6,"prot25_child",0,-0.0148820801366046,1
1,6,0.001,6,"prot50_male",0,-0.00129112100103781,1
1,6,0.001,6,"prot50_age",-1.1,-0.0718905377460728,1
1,6,0.001,6,"prot50_income",-0.2,-0.0771601319796455,1
1,6,0.001,6,"prot50_child",-0.2,0.0454162639369618,1
1,6,0.001,6,"invasive_male",0,0.103849373619155,1
1,6,0.001,6,"invasive_age",1,0.183366840424993,1
1,6,0.001,6,"invasive_income",0,-0.0147431777534266,1
1,6,0.001,6,"invasive_child",0.9,0.406357742785389,1
1,6,0.001,7,"ASC2_male",0.8,-0.0339836693042408,1
1,6,0.001,7,"ASC2_age",0,-0.054507339001115,1
1,6,0.001,7,"ASC2_income",0,0.0142529123861615,1
1,6,0.001,7,"ASC2_child",1.2,0.211091083722642,1
1,6,0.001,7,"ASC3_male",-0.7,-0.299971100963817,1
1,6,0.001,7,"ASC3_age",0,-0.0147519862086817,1
1,6,0.001,7,"ASC3_income",0,0.0709339614210157,1
1,6,0.001,7,"ASC3_child",-1,-0.0767700658513483,1
1,6,0.001,7,"prot25_male",1.2,0.248431769080607,1
1,6,0.001,7,"prot25_age",0.8,0.285837890459889,1
1,6,0.001,7,"prot25_income",0,-0.042025242930257,1
1,6,0.001,7,"prot25_child",0.7,0.239456237791803,1
1,6,0.001,7,"prot50_male",0,0.000718958215572637,0
1,6,0.001,7,"prot50_age",-0.4,-0.0107429949371088,1
1,6,0.001,7,"prot50_income",0,-0.0625282697144305,1
1,6,0.001,7,"prot50_child",0.6,0.00674612157248685,1
1,6,0.001,7,"invasive_male",0,-0.114432405343548,1
1,6,0.001,7,"invasive_age",0,0.0213337356902216,1
1,6,0.001,7,"invasive_income",1.1,0.208704556220999,1
1,6,0.001,7,"invasive_child",0,0.0294347243071491,1
1,6,0.001,8,"ASC2_male",0,0.089520123192047,1
1,6,0.001,8,"ASC2_age",-1.2,-0.240745614821656,1
1,6,0.001,8,"ASC2_income",0,0.0481901414523805,1
1,6,0.001,8,"ASC2_child",0,0.0779824970375884,1
1,6,0.001,8,"ASC3_male",-0.3,-0.120673737440297,1
1,6,0.001,8,"ASC3_age",0.9,0.137488232050522,1
1,6,0.001,8,"ASC3_income",0,0.010846715689998,1
1,6,0.001,8,"ASC3_child",1.2,0.129720314891794,1
1,6,0.001,8,"prot25_male",0,-0.100680872164931,1
1,6,0.001,8,"prot25_age",-0.2,0.0789786596044234,1
1,6,0.001,8,"prot25_income",0,-0.00340644608180141,1
1,6,0.001,8,"prot25_child",1.1,0.134846089189218,1
1,6,0.001,8,"prot50_male",1.1,0.205650261903071,1
1,6,0.001,8,"prot50_age",0,0.0649617355380547,1
1,6,0.001,8,"prot50_income",-0.2,-0.0767274373174415,1
1,6,0.001,8,"prot50_child",0,-0.100406086123563,1
1,6,0.001,8,"invasive_male",0,-0.019084466624032,1
1,6,0.001,8,"invasive_age",0.7,0.144722345721405,1
1,6,0.001,8,"invasive_income",0.3,-0.032617784470253,1
1,6,0.001,8,"invasive_child",0,-0.152366002250152,1
1,6,0.001,9,"ASC2_male",1,0.262522622718704,1
1,6,0.001,9,"ASC2_age",0,-0.0433682156955857,1
1,6,0.001,9,"ASC2_income",0,-0.0660394920408827,1
1,6,0.001,9,"ASC2_child",-1.2,-0.0382567170730968,1
1,6,0.001,9,"ASC3_male",0.9,0.254235593894638,1
1,6,0.001,9,"ASC3_age",-0.6,-0.106652003085845,1
1,6,0.001,9,"ASC3_income",0,-0.0714842405590331,1
1,6,0.001,9,"ASC3_child",-0.9,-0.127573174065017,1
1,6,0.001,9,"prot25_male",-0.3,-0.114961966181031,1
1,6,0.001,9,"prot25_age",0,0.0318919888082201,1
1,6,0.001,9,"prot25_income",0,0.0344538100392144,1
1,6,0.001,9,"prot25_child",0,-0.200176638605269,1
1,6,0.001,9,"prot50_male",-0.2,0.0226874314221344,1
1,6,0.001,9,"prot50_age",0.6,0.142710566522833,1
1,6,0.001,9,"prot50_income",-0.7,-0.0516308626866264,1
1,6,0.001,9,"prot50_child",0,0.0356843854236797,1
1,6,0.001,9,"invasive_male",0,0.0357241887051667,1
1,6,0.001,9,"invasive_age",0,-0.0181399830071531,1
1,6,0.001,9,"invasive_income",-0.7,-0.0750855105335234,1
1,6,0.001,9,"invasive_child",0,0.00567555279269085,1
1,6,0.001,10,"ASC2_male",0.9,0.0497493317104098,1
1,6,0.001,10,"ASC2_age",0,0.00928181568445328,1
1,6,0.001,10,"ASC2_income",1.2,0.217164296775072,1
1,6,0.001,10,"ASC2_child",-0.8,-0.0753286625383919,1
1,6,0.001,10,"ASC3_male",0.4,0.0501362633603651,1
1,6,0.001,10,"ASC3_age",-0.4,-0.0810421938229084,1
1,6,0.001,10,"ASC3_income",0,-0.0114221165693774,1
1,6,0.001,10,"ASC3_child",0,0.148247963314631,1
1,6,0.001,10,"prot25_male",1,0.0954651116833116,1
1,6,0.001,10,"prot25_age",0,0.035114759753068,1
1,6,0.001,10,"prot25_income",0,-0.0581895696555448,1
1,6,0.001,10,"prot25_child",0,-0.133710195220595,1
1,6,0.001,10,"prot50_male",0.4,0.0335523494777903,1
1,6,0.001,10,"prot50_age",0,0.0311911795017518,1
1,6,0.001,10,"prot50_income",0,-0.019133463387701,1
1,6,0.001,10,"prot50_child",0.7,-0.020794630281684,1
1,6,0.001,10,"invasive_male",0,-0.0634271203405884,1
1,6,0.001,10,"invasive_age",0.6,0.128481915485744,1
1,6,0.001,10,"invasive_income",0,0.0138991068282348,1
1,6,0.001,10,"invasive_child",-0.7,-0.0682152422524787,1
1,6,0.001,11,"ASC2_male",1.1,0.287764837784265,1
1,6,0.001,11,"ASC2_age",-0.5,-0.187950064720861,1
1,6,0.001,11,"ASC2_income",0,0.0260190395842114,1
1,6,0.001,11,"ASC2_child",-0.5,-0.249639997994389,1
1,6,0.001,11,"ASC3_male",0,0.0861354045309506,1
1,6,0.001,11,"ASC3_age",0,-0.115145766881826,1
1,6,0.001,11,"ASC3_income",-0.7,-0.0862397682432047,1
1,6,0.001,11,"ASC3_child",0,-0.00272038922230513,1
1,6,0.001,11,"prot25_male",0,0.133258030408021,1
1,6,0.001,11,"prot25_age",0.7,0.199283830505403,1
1,6,0.001,11,"prot25_income",0,0.0527350650802291,1
1,6,0.001,11,"prot25_child",0,0.0600899825344948,1
1,6,0.001,11,"prot50_male",-1,-0.0126111973608352,1
1,6,0.001,11,"prot50_age",0.7,0.217769753266818,1
1,6,0.001,11,"prot50_income",0.1,-0.0305151365256417,1
1,6,0.001,11,"prot50_child",1.2,0.374709776705506,1
1,6,0.001,11,"invasive_male",0,0.222230863774293,1
1,6,0.001,11,"invasive_age",0,-0.00207577484092162,1
1,6,0.001,11,"invasive_income",-0.2,-0.0469332013794936,1
1,6,0.001,11,"invasive_child",0,0.00534334598365885,1
1,6,0.001,12,"ASC2_male",0,0.0994668581764614,1
1,6,0.001,12,"ASC2_age",0.8,0.230313612275672,1
1,6,0.001,12,"ASC2_income",0,-0.0876746441770224,1
1,6,0.001,12,"ASC2_child",0,-0.0279496156083264,1
1,6,0.001,12,"ASC3_male",0.6,0.314330846784868,1
1,6,0.001,12,"ASC3_age",0.2,0.117832244212666,1
1,6,0.001,12,"ASC3_income",0,-0.0926205478316707,1
1,6,0.001,12,"ASC3_child",0,-0.0482032258241318,1
1,6,0.001,12,"prot25_male",0,-0.223296652252374,1
1,6,0.001,12,"prot25_age",-0.9,-0.21024837648338,1
1,6,0.001,12,"prot25_income",0,0.122717151304585,1
1,6,0.001,12,"prot25_child",0.2,-0.033330487833721,1
1,6,0.001,12,"prot50_male",-0.7,-0.484891195858336,1
1,6,0.001,12,"prot50_age",-0.6,-0.182301350861183,1
1,6,0.001,12,"prot50_income",0,0.0253439067261374,1
1,6,0.001,12,"prot50_child",0,-0.111439487839879,1
1,6,0.001,12,"invasive_male",-0.7,0.0584721783871773,1
1,6,0.001,12,"invasive_age",-1.2,-0.212727747198684,1
1,6,0.001,12,"invasive_income",-1.1,-0.21287014609679,1
1,6,0.001,12,"invasive_child",0,-0.012753992903771,1
1,6,0.001,13,"ASC2_male",-0.7,-0.340034160823887,1
1,6,0.001,13,"ASC2_age",-0.3,0.101242506778666,1
1,6,0.001,13,"ASC2_income",0,0.0507365220487594,1
1,6,0.001,13,"ASC2_child",0,-0.0490669903844287,1
1,6,0.001,13,"ASC3_male",0,-0.208957666370949,1
1,6,0.001,13,"ASC3_age",0,0.124591011997002,1
1,6,0.001,13,"ASC3_income",0,0.0757443538743213,1
1,6,0.001,13,"ASC3_child",-1.1,-0.192421388912657,1
1,6,0.001,13,"prot25_male",-0.5,-0.0498327540330839,1
1,6,0.001,13,"prot25_age",0,-0.062279247089184,1
1,6,0.001,13,"prot25_income",0.3,0.00867093530897665,1
1,6,0.001,13,"prot25_child",-0.3,-0.0379939462021781,1
1,6,0.001,13,"prot50_male",0.9,0.164648810540015,1
1,6,0.001,13,"prot50_age",1,0.109510497019097,1
1,6,0.001,13,"prot50_income",-0.5,-0.101905330555938,1
1,6,0.001,13,"prot50_child",0,-0.0685779121916388,1
1,6,0.001,13,"invasive_male",0,-0.229972727179083,1
1,6,0.001,13,"invasive_age",0,0.0239776296679845,1
1,6,0.001,13,"invasive_income",1,0.208911460715318,1
1,6,0.001,13,"invasive_child",0,0.00724134942268667,1
1,6,0.001,14,"ASC2_male",0.7,0.144988896289724,1
1,6,0.001,14,"ASC2_age",0,0.141453029617455,1
1,6,0.001,14,"ASC2_income",0,-0.061431849823683,1
1,6,0.001,14,"ASC2_child",-1.2,-0.0317280035715068,1
1,6,0.001,14,"ASC3_male",-1.1,-0.156542234113394,1
1,6,0.001,14,"ASC3_age",0,0.158586902004823,1
1,6,0.001,14,"ASC3_income",0,-0.0372539642229441,1
1,6,0.001,14,"ASC3_child",0,0.0736958886201247,1
1,6,0.001,14,"prot25_male",0,0.0461801218159434,1
1,6,0.001,14,"prot25_age",-0.2,-0.160986939836612,1
1,6,0.001,14,"prot25_income",-1,-0.186471529287036,1
1,6,0.001,14,"prot25_child",-0.2,-0.156724899682312,1
1,6,0.001,14,"prot50_male",0,0.00118321298174332,1
1,6,0.001,14,"prot50_age",-1,-0.229013563233872,1
1,6,0.001,14,"prot50_income",1,0.223860549759782,1
1,6,0.001,14,"prot50_child",0,0.0415804677270104,1
1,6,0.001,14,"invasive_male",0,-0.128861807228919,1
1,6,0.001,14,"invasive_age",0.6,0.0887766290360141,1
1,6,0.001,14,"invasive_income",0.2,0.018202504532799,1
1,6,0.001,14,"invasive_child",0,0.0551002011518865,1
1,6,0.001,15,"ASC2_male",-0.1,0.0938228841361989,1
1,6,0.001,15,"ASC2_age",-0.6,-0.0922504818121314,1
1,6,0.001,15,"ASC2_income",0.3,0.129604762752942,1
1,6,0.001,15,"ASC2_child",0,0.167422931861633,1
1,6,0.001,15,"ASC3_male",0,0.195402880928573,1
1,6,0.001,15,"ASC3_age",0,-0.0748342490791053,1
1,6,0.001,15,"ASC3_income",1.1,0.228353489428608,1
1,6,0.001,15,"ASC3_child",1.2,0.405650323850014,1
1,6,0.001,15,"prot25_male",0,-0.15370831505173,1
1,6,0.001,15,"prot25_age",0,-0.0686633458009798,1
1,6,0.001,15,"prot25_income",0,-0.0327081036798806,1
1,6,0.001,15,"prot25_child",0.8,0.0485117922665544,1
1,6,0.001,15,"prot50_male",0,-0.175306170697944,1
1,6,0.001,15,"prot50_age",0.8,0.116077651195101,1
1,6,0.001,15,"prot50_income",0.2,0.0338216575083917,1
1,6,0.001,15,"prot50_child",0,0.00679864842227927,1
1,6,0.001,15,"invasive_male",0,-0.0485264243203924,1
1,6,0.001,15,"invasive_age",-1.2,-0.189214769191566,1
1,6,0.001,15,"invasive_income",0,0.044862784466097,1
1,6,0.001,15,"invasive_child",0.9,0.13498381287438,1
1,6,0.001,16,"ASC2_male",1,0.425726287483266,1
1,6,0.001,16,"ASC2_age",1,0.0819699254088296,1
1,6,0.001,16,"ASC2_income",0,-0.0929347660332209,1
1,6,0.001,16,"ASC2_child",0,0.109468691105236,1
1,6,0.001,16,"ASC3_male",0.7,0.42758565339522,1
1,6,0.001,16,"ASC3_age",0,-0.0818375628108747,1
1,6,0.001,16,"ASC3_income",0,-0.0820908670095323,1
1,6,0.001,16,"ASC3_child",-1,-0.0605288114090411,1
1,6,0.001,16,"prot25_male",0,-0.210869417526258,1
1,6,0.001,16,"prot25_age",0.2,0.0707008830989032,1
1,6,0.001,16,"prot25_income",0,0.0391392995924578,1
1,6,0.001,16,"prot25_child",0,-0.0129060959203573,1
1,6,0.001,16,"prot50_male",0.9,0.046792813109616,1
1,6,0.001,16,"prot50_age",0.5,0.165703152724172,1
1,6,0.001,16,"prot50_income",0,0.0263104459182281,1
1,6,0.001,16,"prot50_child",-0.3,-0.0223467739090773,1
1,6,0.001,16,"invasive_male",-0.4,0.048755943472857,1
1,6,0.001,16,"invasive_age",0,0.00389144550761538,1
1,6,0.001,16,"invasive_income",0.2,-0.0225304876950908,1
1,6,0.001,16,"invasive_child",0,0.0516544198457636,1
1,6,0.001,17,"ASC2_male",0.6,0.0944596048800678,1
1,6,0.001,17,"ASC2_age",-1,-0.135714800565423,1
1,6,0.001,17,"ASC2_income",1,0.308559049190757,1
1,6,0.001,17,"ASC2_child",0.8,-0.05953826782516,1
1,6,0.001,17,"ASC3_male",0,0.00830969039766788,1
1,6,0.001,17,"ASC3_age",0,-0.0247759919321225,1
1,6,0.001,17,"ASC3_income",0.7,0.258457325293905,1
1,6,0.001,17,"ASC3_child",-0.4,-0.151111574960171,1
1,6,0.001,17,"prot25_male",0,-0.01126077383526,1
1,6,0.001,17,"prot25_age",0,0.0305275277440625,1
1,6,0.001,17,"prot25_income",0,-0.135658376372737,1
1,6,0.001,17,"prot25_child",-0.7,-0.0243749025104352,1
1,6,0.001,17,"prot50_male",0,-0.105240255730097,1
1,6,0.001,17,"prot50_age",0,0.0474500138915313,1
1,6,0.001,17,"prot50_income",0.4,-0.00304940632903081,1
1,6,0.001,17,"prot50_child",-1.1,-0.129557692995695,1
1,6,0.001,17,"invasive_male",0,-0.067539954386485,1
1,6,0.001,17,"invasive_age",0,0.00272052819332871,1
1,6,0.001,17,"invasive_income",0,-0.0888382424857235,1
1,6,0.001,17,"invasive_child",0.8,0.0111861941132308,1
1,6,0.001,18,"ASC2_male",0,0.0674109396429114,1
1,6,0.001,18,"ASC2_age",0,0.0368620360859124,1
1,6,0.001,18,"ASC2_income",0.2,0.0507298241575359,1
1,6,0.001,18,"ASC2_child",0,0.253888892346282,1
1,6,0.001,18,"ASC3_male",0.3,0.11956692114382,1
1,6,0.001,18,"ASC3_age",0,0.0238338846697695,1
1,6,0.001,18,"ASC3_income",0.7,0.0694353028649238,1
1,6,0.001,18,"ASC3_child",0,0.0927773881989052,1
1,6,0.001,18,"prot25_male",0,0.00784914413512727,1
1,6,0.001,18,"prot25_age",0.2,0.0575482990741473,1
1,6,0.001,18,"prot25_income",0,0.00827112449196022,1
1,6,0.001,18,"prot25_child",0.9,-0.126975088050599,1
1,6,0.001,18,"prot50_male",-0.9,-0.139410872398549,1
1,6,0.001,18,"prot50_age",0,0.0743830576714107,1
1,6,0.001,18,"prot50_income",0,-0.0111808375028603,1
1,6,0.001,18,"prot50_child",0,0.0719827366196125,1
1,6,0.001,18,"invasive_male",-0.9,-0.0720153373947657,1
1,6,0.001,18,"invasive_age",0.1,0.0890561028682031,1
1,6,0.001,18,"invasive_income",-0.5,-0.0943439312720649,1
1,6,0.001,18,"invasive_child",-0.2,0.110946126249715,1
1,6,0.001,19,"ASC2_male",0,-0.103616661937617,1
1,6,0.001,19,"ASC2_age",1.2,0.324857098220463,1
1,6,0.001,19,"ASC2_income",0,-0.0951889278465351,1
1,6,0.001,19,"ASC2_child",0,0.0598437708408919,1
1,6,0.001,19,"ASC3_male",0.1,-0.127077454901695,1
1,6,0.001,19,"ASC3_age",0,0.0714322246381499,1
1,6,0.001,19,"ASC3_income",0.7,0.00562328770603029,1
1,6,0.001,19,"ASC3_child",0,0.0375045277654989,1
1,6,0.001,19,"prot25_male",0,0.0364703988529792,1
1,6,0.001,19,"prot25_age",0.2,-0.018752878351048,1
1,6,0.001,19,"prot25_income",-0.1,0.00657591872677669,1
1,6,0.001,19,"prot25_child",0.6,-0.025461753603703,1
1,6,0.001,19,"prot50_male",0.4,0.175756709248836,1
1,6,0.001,19,"prot50_age",0,-0.0961315566823777,1
1,6,0.001,19,"prot50_income",0,0.0347413439546375,1
1,6,0.001,19,"prot50_child",0,-0.0629041375765856,1
1,6,0.001,19,"invasive_male",0.6,-3.5470409212298e-05,0
1,6,0.001,19,"invasive_age",0,-0.0356866453753461,1
1,6,0.001,19,"invasive_income",0.2,-0.00819817357544881,1
1,6,0.001,19,"invasive_child",-0.8,-0.0741105294022835,1
1,6,0.001,20,"ASC2_male",-1,-0.122721286403143,1
1,6,0.001,20,"ASC2_age",1,0.171029141609967,1
1,6,0.001,20,"ASC2_income",-0.8,-0.154766574023032,1
1,6,0.001,20,"ASC2_child",0,0.188684862824198,1
1,6,0.001,20,"ASC3_male",0,0.0237393029963754,1
1,6,0.001,20,"ASC3_age",0,0.0508110755893089,1
1,6,0.001,20,"ASC3_income",0,0.041972039095864,1
1,6,0.001,20,"ASC3_child",0,0.122714391133711,1
1,6,0.001,20,"prot25_male",0,0.00277529704276137,1
1,6,0.001,20,"prot25_age",0,0.00882679796731226,1
1,6,0.001,20,"prot25_income",0.3,-0.0151138749624628,1
1,6,0.001,20,"prot25_child",0.3,-0.0485855601750339,1
1,6,0.001,20,"prot50_male",0.4,-0.0180589861248449,1
1,6,0.001,20,"prot50_age",-0.9,-0.109464001357657,1
1,6,0.001,20,"prot50_income",-1.1,-0.258647009538703,1
1,6,0.001,20,"prot50_child",0,0.030708794259337,1
1,6,0.001,20,"invasive_male",0,-0.105568121139571,1
1,6,0.001,20,"invasive_age",-0.3,0.0250208590861249,1
1,6,0.001,20,"invasive_income",-0.7,-0.163806103341713,1
1,6,0.001,20,"invasive_child",0,0.247770174720051,1
1,6,0.001,21,"ASC2_male",-0.1,-0.116331790574663,1
1,6,0.001,21,"ASC2_age",0,-0.011534668261394,1
1,6,0.001,21,"ASC2_income",0,0.0516258965939279,1
1,6,0.001,21,"ASC2_child",0.4,-0.0905343854139024,1
1,6,0.001,21,"ASC3_male",0,0.0252069795206835,1
1,6,0.001,21,"ASC3_age",-0.8,-0.17025504462079,1
1,6,0.001,21,"ASC3_income",0,-0.00766687038946689,1
1,6,0.001,21,"ASC3_child",-0.3,-0.106110018869804,1
1,6,0.001,21,"prot25_male",-0.8,-0.107350727736057,1
1,6,0.001,21,"prot25_age",-0.4,-0.0311034245136654,1
1,6,0.001,21,"prot25_income",0,0.0505294290638712,1
1,6,0.001,21,"prot25_child",-0.3,0.179533134847057,1
1,6,0.001,21,"prot50_male",0.5,0.00787574720182698,1
1,6,0.001,21,"prot50_age",0,-0.0736772448674137,1
1,6,0.001,21,"prot50_income",0,0.0448266078312673,1
1,6,0.001,21,"prot50_child",0.1,0.161313524329814,1
1,6,0.001,21,"invasive_male",0,-0.138915908835307,1
1,6,0.001,21,"invasive_age",-0.3,-0.120190579833736,1
1,6,0.001,21,"invasive_income",0,0.0500207109260816,1
1,6,0.001,21,"invasive_child",0,-0.066284784510236,1
1,6,0.001,22,"ASC2_male",0.9,0.137297034874529,1
1,6,0.001,22,"ASC2_age",0,-0.044021017291978,1
1,6,0.001,22,"ASC2_income",0,-0.0904510371869092,1
1,6,0.001,22,"ASC2_child",-0.7,-0.0729498140010646,1
1,6,0.001,22,"ASC3_male",-0.7,-0.0295761076978183,1
1,6,0.001,22,"ASC3_age",0,-0.0729120463594994,1
1,6,0.001,22,"ASC3_income",0,-0.0604895094652462,1
1,6,0.001,22,"ASC3_child",0,-3.68966611260375e-06,0
1,6,0.001,22,"prot25_male",0,0.118801067700897,1
1,6,0.001,22,"prot25_age",-0.2,-0.0100377384223636,1
1,6,0.001,22,"prot25_income",0.4,0.0648826501758738,1
1,6,0.001,22,"prot25_child",0,0.130447887434995,1
1,6,0.001,22,"prot50_male",0.4,0.202496414402271,1
1,6,0.001,22,"prot50_age",-1,-0.18366291940642,1
1,6,0.001,22,"prot50_income",0,-0.0023366922559475,1
1,6,0.001,22,"prot50_child",0.9,0.269868491946036,1
1,6,0.001,22,"invasive_male",0,0.019817142370319,1
1,6,0.001,22,"invasive_age",-0.8,-0.191846742978435,1
1,6,0.001,22,"invasive_income",0,-0.0460955080450002,1
1,6,0.001,22,"invasive_child",-0.1,0.232333717164917,1
1,6,0.001,23,"ASC2_male",-0.1,-0.0866718601072152,1
1,6,0.001,23,"ASC2_age",-0.3,0.0364250434406457,1
1,6,0.001,23,"ASC2_income",0,-0.0274738308050688,1
1,6,0.001,23,"ASC2_child",0,0.0613245671644338,1
1,6,0.001,23,"ASC3_male",-0.9,-0.164999915205153,1
1,6,0.001,23,"ASC3_age",0,0.037908992007215,1
1,6,0.001,23,"ASC3_income",0,-0.0111617767911949,1
1,6,0.001,23,"ASC3_child",1,0.220771500848321,1
1,6,0.001,23,"prot25_male",0,0.210615974246702,1
1,6,0.001,23,"prot25_age",0,-0.0860111494940396,1
1,6,0.001,23,"prot25_income",0,0.0183297944210199,1
1,6,0.001,23,"prot25_child",-1.1,-0.403973456215192,1
1,6,0.001,23,"prot50_male",-1.1,-0.269410053641039,1
1,6,0.001,23,"prot50_age",-0.8,-0.15389497800607,1
1,6,0.001,23,"prot50_income",0,0.0490221252888476,1
1,6,0.001,23,"prot50_child",0,-0.26593108723816,1
1,6,0.001,23,"invasive_male",-0.4,-0.131177720142765,1
1,6,0.001,23,"invasive_age",-0.4,-0.00420452566262434,1
1,6,0.001,23,"invasive_income",0.8,0.153476597498485,1
1,6,0.001,23,"invasive_child",0,-0.191089477374754,1
1,6,0.001,24,"ASC2_male",0.6,0.0670464821011649,1
1,6,0.001,24,"ASC2_age",-1.1,-0.189557455056213,1
1,6,0.001,24,"ASC2_income",0,-0.0756539001473589,1
1,6,0.001,24,"ASC2_child",0,-0.178042703579522,1
1,6,0.001,24,"ASC3_male",0,-0.126042011625769,1
1,6,0.001,24,"ASC3_age",0,-0.000392706014240918,0
1,6,0.001,24,"ASC3_income",-0.6,-0.138519849934916,1
1,6,0.001,24,"ASC3_child",0.4,-0.0678573411499003,1
1,6,0.001,24,"prot25_male",-0.3,-0.0800790607053832,1
1,6,0.001,24,"prot25_age",0,-0.05983189883539,1
1,6,0.001,24,"prot25_income",0,0.0634019884214105,1
1,6,0.001,24,"prot25_child",-0.4,-0.0150984965426913,1
1,6,0.001,24,"prot50_male",0,0.0125333513421595,1
1,6,0.001,24,"prot50_age",0,0.0439822181298547,1
1,6,0.001,24,"prot50_income",-0.5,-0.0197803422230338,1
1,6,0.001,24,"prot50_child",0,0.254046138671906,1
1,6,0.001,24,"invasive_male",0.9,0.0814145674965134,1
1,6,0.001,24,"invasive_age",-0.7,-0.0896383638424388,1
1,6,0.001,24,"invasive_income",1.2,0.149827768689018,1
1,6,0.001,24,"invasive_child",0,-0.0315111422766791,1
1,6,0.001,25,"ASC2_male",-0.8,0.085849883242017,1
1,6,0.001,25,"ASC2_age",1,0.0698037635329171,1
1,6,0.001,25,"ASC2_income",0,-0.130798034756376,1
1,6,0.001,25,"ASC2_child",0,-0.142893529091101,1
1,6,0.001,25,"ASC3_male",0.9,0.249289568326847,1
1,6,0.001,25,"ASC3_age",0,-0.0101668565223368,1
1,6,0.001,25,"ASC3_income",-0.7,-0.287913849087843,1
1,6,0.001,25,"ASC3_child",-0.9,-0.218338298719178,1
1,6,0.001,25,"prot25_male",0,-0.0932069134554707,1
1,6,0.001,25,"prot25_age",0,0.108904888359978,1
1,6,0.001,25,"prot25_income",-0.9,-0.0662073226200394,1
1,6,0.001,25,"prot25_child",0,0.34465029298959,1
1,6,0.001,25,"prot50_male",0,-0.078293838812096,1
1,6,0.001,25,"prot50_age",0,0.109414076209055,1
1,6,0.001,25,"prot50_income",0.3,0.115109941472934,1
1,6,0.001,25,"prot50_child",0,0.128425877334295,1
1,6,0.001,25,"invasive_male",-1.2,-0.15913256351094,1
1,6,0.001,25,"invasive_age",0.2,-0.00488324828719159,1
1,6,0.001,25,"invasive_income",0,-0.0276297272257581,1
1,6,0.001,25,"invasive_child",-0.3,-0.0648563855401982,1
1,6,0.001,26,"ASC2_male",0,0.188071654051031,1
1,6,0.001,26,"ASC2_age",0,-0.0714953729806589,1
1,6,0.001,26,"ASC2_income",-0.2,-0.0138305442279354,1
1,6,0.001,26,"ASC2_child",0,0.0592659850910424,1
1,6,0.001,26,"ASC3_male",0.2,0.300517870450053,1
1,6,0.001,26,"ASC3_age",0,-0.0954088199143698,1
1,6,0.001,26,"ASC3_income",-0.6,-0.158252234229486,1
1,6,0.001,26,"ASC3_child",-0.4,-0.0683256518282506,1
1,6,0.001,26,"prot25_male",0,-0.255757563314342,1
1,6,0.001,26,"prot25_age",0.3,0.160133185172918,1
1,6,0.001,26,"prot25_income",-1.1,-0.1274377654893,1
1,6,0.001,26,"prot25_child",0.6,0.169461078058859,1
1,6,0.001,26,"prot50_male",0,-0.00661093908664595,1
1,6,0.001,26,"prot50_age",1.2,0.278459864641521,1
1,6,0.001,26,"prot50_income",0,0.0570952264544664,1
1,6,0.001,26,"prot50_child",-0.3,-0.144447652694774,1
1,6,0.001,26,"invasive_male",0,0.285775615345842,1
1,6,0.001,26,"invasive_age",0,-0.0226714123638457,1
1,6,0.001,26,"invasive_income",0,-0.0464590442725584,1
1,6,0.001,26,"invasive_child",0.9,0.152252291973867,1
1,6,0.001,27,"ASC2_male",0.2,0.153260211517667,1
1,6,0.001,27,"ASC2_age",-0.9,-0.112437100598328,1
1,6,0.001,27,"ASC2_income",0.7,0.0939879453756641,1
1,6,0.001,27,"ASC2_child",0,0.119094863641381,1
1,6,0.001,27,"ASC3_male",0,-0.00786746462588929,1
1,6,0.001,27,"ASC3_age",0,0.0141407596181271,1
1,6,0.001,27,"ASC3_income",0.5,-0.0316340217732435,1
1,6,0.001,27,"ASC3_child",-0.7,0.0212765571466884,1
1,6,0.001,27,"prot25_male",0.8,0.000337778347555735,0
1,6,0.001,27,"prot25_age",0,0.0218176204608147,1
1,6,0.001,27,"prot25_income",0,0.071983731134365,1
1,6,0.001,27,"prot25_child",0,0.00608898552619882,1
1,6,0.001,27,"prot50_male",0,-0.146686088014169,1
1,6,0.001,27,"prot50_age",0.7,0.147771856405254,1
1,6,0.001,27,"prot50_income",0,0.12117179508552,1
1,6,0.001,27,"prot50_child",-1,-0.160395581827024,1
1,6,0.001,27,"invasive_male",0,-0.0410970334109781,1
1,6,0.001,27,"invasive_age",0,0.0066536805031653,1
1,6,0.001,27,"invasive_income",1,0.203142012490331,1
1,6,0.001,27,"invasive_child",0.9,0.20139332524708,1
1,6,0.001,28,"ASC2_male",0,-0.0221952584391371,1
1,6,0.001,28,"ASC2_age",0,-0.0402168239397886,1
1,6,0.001,28,"ASC2_income",0,-0.0954093547270178,1
1,6,0.001,28,"ASC2_child",-0.9,-0.335315817806207,1
1,6,0.001,28,"ASC3_male",-0.9,-0.146611414823958,1
1,6,0.001,28,"ASC3_age",-0.3,-0.0701417207790025,1
1,6,0.001,28,"ASC3_income",0,-0.0471499390093175,1
1,6,0.001,28,"ASC3_child",0,-0.0749350785713104,1
1,6,0.001,28,"prot25_male",-0.7,-0.162021475394441,1
1,6,0.001,28,"prot25_age",-0.3,-0.0697778447315052,1
1,6,0.001,28,"prot25_income",0,0.122004950280421,1
1,6,0.001,28,"prot25_child",0,0.0968475707173567,1
1,6,0.001,28,"prot50_male",-0.3,-0.138997032173994,1
1,6,0.001,28,"prot50_age",0.2,0.0144039502265155,1
1,6,0.001,28,"prot50_income",0,0.113371170812107,1
1,6,0.001,28,"prot50_child",0,-0.053128050621221,1
1,6,0.001,28,"invasive_male",0.5,-0.0323731123696077,1
1,6,0.001,28,"invasive_age",0,-0.0218615403116891,1
1,6,0.001,28,"invasive_income",-1,-0.164667059814281,1
1,6,0.001,28,"invasive_child",0.6,-0.0822641346932606,1
1,6,0.001,29,"ASC2_male",0.3,0.0597909332760261,1
1,6,0.001,29,"ASC2_age",0.9,0.102069920622028,1
1,6,0.001,29,"ASC2_income",1.2,0.190456826827107,1
1,6,0.001,29,"ASC2_child",0.5,0.103365280652424,1
1,6,0.001,29,"ASC3_male",1.1,0.388169188179244,1
1,6,0.001,29,"ASC3_age",0,-0.102395095798635,1
1,6,0.001,29,"ASC3_income",0,0.0578975649353798,1
1,6,0.001,29,"ASC3_child",0.1,-0.068149838094625,1
1,6,0.001,29,"prot25_male",-1.1,-0.269065660484467,1
1,6,0.001,29,"prot25_age",0,0.0633507139189123,1
1,6,0.001,29,"prot25_income",0,-0.008196140881334,1
1,6,0.001,29,"prot25_child",-0.5,-0.283425205514492,1
1,6,0.001,29,"prot50_male",0,0.0748686058587552,1
1,6,0.001,29,"prot50_age",-0.9,-0.219518094335666,1
1,6,0.001,29,"prot50_income",-0.8,-0.158253182065975,1
1,6,0.001,29,"prot50_child",0,-0.322213416036062,1
1,6,0.001,29,"invasive_male",0,0.228549037942714,1
1,6,0.001,29,"invasive_age",0,-0.0525767469373744,1
1,6,0.001,29,"invasive_income",0,-0.0488313793567352,1
1,6,0.001,29,"invasive_child",0,-0.183779539668296,1
1,6,0.001,30,"ASC2_male",0.4,0.0227123097552514,1
1,6,0.001,30,"ASC2_age",0,0.0686139264474889,1
1,6,0.001,30,"ASC2_income",0,-0.026000498213602,1
1,6,0.001,30,"ASC2_child",0.7,-0.0403542830254993,1
1,6,0.001,30,"ASC3_male",1.1,0.310917895530818,1
1,6,0.001,30,"ASC3_age",0,0.00618697167574768,1
1,6,0.001,30,"ASC3_income",0.4,0.0789345917876048,1
1,6,0.001,30,"ASC3_child",0.9,-0.000227935067397248,0
1,6,0.001,30,"prot25_male",-0.2,-0.0252041015151102,1
1,6,0.001,30,"prot25_age",0.1,0.0053258058290299,1
1,6,0.001,30,"prot25_income",0.3,0.0905934421060452,1
1,6,0.001,30,"prot25_child",0,-0.0246992040547271,1
1,6,0.001,30,"prot50_male",0,0.0205601264903483,1
1,6,0.001,30,"prot50_age",0,-0.0152185151631734,1
1,6,0.001,30,"prot50_income",0,0.028748133703822,1
1,6,0.001,30,"prot50_child",0,-0.125470929754659,1
1,6,0.001,30,"invasive_male",-0.6,0.00525034812414004,1
1,6,0.001,30,"invasive_age",0,-0.0337972242041305,1
1,6,0.001,30,"invasive_income",-1,-0.151023962203637,1
1,6,0.001,30,"invasive_child",0,-0.0587763094123676,1
1,6,0.001,31,"ASC2_male",-0.3,0.1292284671432,1
1,6,0.001,31,"ASC2_age",1.2,0.14468239502908,1
1,6,0.001,31,"ASC2_income",1,0.212406628267751,1
1,6,0.001,31,"ASC2_child",0,0.129113592197508,1
1,6,0.001,31,"ASC3_male",0,0.173902066337162,1
1,6,0.001,31,"ASC3_age",1.1,0.129701974269599,1
1,6,0.001,31,"ASC3_income",-0.6,-0.13037714946253,1
1,6,0.001,31,"ASC3_child",0,0.133643456989818,1
1,6,0.001,31,"prot25_male",0,-0.00910869994874622,1
1,6,0.001,31,"prot25_age",-0.2,-0.0206570573615762,1
1,6,0.001,31,"prot25_income",0,0.0629594775188441,1
1,6,0.001,31,"prot25_child",-0.2,-0.223886775145554,1
1,6,0.001,31,"prot50_male",-0.3,0.0227638340916145,1
1,6,0.001,31,"prot50_age",0,0.014926032811682,1
1,6,0.001,31,"prot50_income",0,0.00137245615317494,1
1,6,0.001,31,"prot50_child",0,-0.0548839091226131,1
1,6,0.001,31,"invasive_male",0,0.144781178791943,1
1,6,0.001,31,"invasive_age",0.2,0.00694006075667641,1
1,6,0.001,31,"invasive_income",0.9,0.187015221121454,1
1,6,0.001,31,"invasive_child",0,-0.0441238218490446,1
1,6,0.001,32,"ASC2_male",0.6,0.0348868396222676,1
1,6,0.001,32,"ASC2_age",0,-0.064552330368424,1
1,6,0.001,32,"ASC2_income",1.1,0.227841957046338,1
1,6,0.001,32,"ASC2_child",0,0.027171207550465,1
1,6,0.001,32,"ASC3_male",-0.7,-0.216390570860417,1
1,6,0.001,32,"ASC3_age",-1.1,-0.269030880588519,1
1,6,0.001,32,"ASC3_income",0,0.150374162954676,1
1,6,0.001,32,"ASC3_child",-0.3,-0.019161300347222,1
1,6,0.001,32,"prot25_male",0.7,0.203504795016078,1
1,6,0.001,32,"prot25_age",0,0.0152081800008059,1
1,6,0.001,32,"prot25_income",-0.5,-0.185618419494981,1
1,6,0.001,32,"prot25_child",-1.1,-0.122185731086592,1
1,6,0.001,32,"prot50_male",0,0.116410937813624,1
1,6,0.001,32,"prot50_age",-0.6,-0.0720885319407415,1
1,6,0.001,32,"prot50_income",0,-0.14526671565715,1
1,6,0.001,32,"prot50_child",0,0.0424230930908309,1
1,6,0.001,32,"invasive_male",0,-0.0980232827972186,1
1,6,0.001,32,"invasive_age",0,-0.0761236370263181,1
1,6,0.001,32,"invasive_income",0,0.0224438562698555,1
1,6,0.001,32,"invasive_child",0.2,-0.106596191232608,1
1,6,0.001,33,"ASC2_male",-0.4,-0.404085402002699,1
1,6,0.001,33,"ASC2_age",0,0.0618932160173977,1
1,6,0.001,33,"ASC2_income",0,-0.017947860610648,1
1,6,0.001,33,"ASC2_child",0,0.138294421957782,1
1,6,0.001,33,"ASC3_male",0.6,-0.185888388168511,1
1,6,0.001,33,"ASC3_age",0,0.0690516237801346,1
1,6,0.001,33,"ASC3_income",-1,-0.147994365855119,1
1,6,0.001,33,"ASC3_child",0,0.146831895272994,1
1,6,0.001,33,"prot25_male",0,0.342269326960612,1
1,6,0.001,33,"prot25_age",0,-0.0601279298554914,1
1,6,0.001,33,"prot25_income",0,0.0361598614249387,1
1,6,0.001,33,"prot25_child",1.1,0.163806282486797,1
1,6,0.001,33,"prot50_male",0,0.251079644073446,1
1,6,0.001,33,"prot50_age",0.4,-0.0770842695036086,1
1,6,0.001,33,"prot50_income",0.3,0.0214441736476295,1
1,6,0.001,33,"prot50_child",-0.4,-0.117634492000833,1
1,6,0.001,33,"invasive_male",0.3,0.0162371133122411,1
1,6,0.001,33,"invasive_age",0,-0.0185932743327807,1
1,6,0.001,33,"invasive_income",0.6,0.0480878577900063,1
1,6,0.001,33,"invasive_child",0.8,0.192563237576163,1
1,6,0.001,34,"ASC2_male",0,0.242510142082746,1
1,6,0.001,34,"ASC2_age",0,-0.0191275145908129,1
1,6,0.001,34,"ASC2_income",-0.8,-0.107860488480619,1
1,6,0.001,34,"ASC2_child",-0.4,0.167907331755795,1
1,6,0.001,34,"ASC3_male",0,0.311561047339952,1
1,6,0.001,34,"ASC3_age",0,-0.0289148087159631,1
1,6,0.001,34,"ASC3_income",0,0.0388247982785895,1
1,6,0.001,34,"ASC3_child",0.4,0.207325845502746,1
1,6,0.001,34,"prot25_male",0,-0.202077253556101,1
1,6,0.001,34,"prot25_age",0,0.0376989113177695,1
1,6,0.001,34,"prot25_income",1,0.168851131082221,1
1,6,0.001,34,"prot25_child",1.2,0.184513670583153,1
1,6,0.001,34,"prot50_male",0.1,-0.0439280426410294,1
1,6,0.001,34,"prot50_age",0.2,0.00963475696126227,1
1,6,0.001,34,"prot50_income",-0.5,-0.0917926961159243,1
1,6,0.001,34,"prot50_child",0,0.0161197560107423,1
1,6,0.001,34,"invasive_male",0,0.0391345707475227,1
1,6,0.001,34,"invasive_age",0,0.047169370862593,1
1,6,0.001,34,"invasive_income",-1,-0.0770782151015907,1
1,6,0.001,34,"invasive_child",0.2,0.197539698695614,1
1,6,0.001,35,"ASC2_male",0,0.00977046798891798,1
1,6,0.001,35,"ASC2_age",0,-0.0463054383058253,1
1,6,0.001,35,"ASC2_income",0.9,0.213689470497466,1
1,6,0.001,35,"ASC2_child",0,0.131424923370576,1
1,6,0.001,35,"ASC3_male",0,-0.0335495568803978,1
1,6,0.001,35,"ASC3_age",1.1,0.109794236194861,1
1,6,0.001,35,"ASC3_income",0,0.0635948672899126,1
1,6,0.001,35,"ASC3_child",0,0.199784683406316,1
1,6,0.001,35,"prot25_male",-0.2,0.0806311577896081,1
1,6,0.001,35,"prot25_age",0.3,0.00496721424407291,1
1,6,0.001,35,"prot25_income",0,-0.0125678379060098,1
1,6,0.001,35,"prot25_child",-1.1,-0.222987666976533,1
1,6,0.001,35,"prot50_male",-0.4,-0.0713683909119412,1
1,6,0.001,35,"prot50_age",0,0.0673207145487401,1
1,6,0.001,35,"prot50_income",-0.3,-0.0296856058516055,1
1,6,0.001,35,"prot50_child",0.5,0.0503616259901899,1
1,6,0.001,35,"invasive_male",0.1,0.071114719132782,1
1,6,0.001,35,"invasive_age",0,0.0440653372552089,1
1,6,0.001,35,"invasive_income",-1.1,-0.202685551847552,1
1,6,0.001,35,"invasive_child",0,0.267407429205909,1
1,6,0.001,36,"ASC2_male",-0.4,-0.0829528022572146,1
1,6,0.001,36,"ASC2_age",-1,-0.156370194069864,1
1,6,0.001,36,"ASC2_income",-0.5,-0.0132700859683513,1
1,6,0.001,36,"ASC2_child",-0.9,-0.0502856004427756,1
1,6,0.001,36,"ASC3_male",0,-0.0772793866523078,1
1,6,0.001,36,"ASC3_age",1.1,0.214492425114446,1
1,6,0.001,36,"ASC3_income",0,0.087335543862252,1
1,6,0.001,36,"ASC3_child",0,0.153432088766146,1
1,6,0.001,36,"prot25_male",0,0.0302922959747001,1
1,6,0.001,36,"prot25_age",0,-0.053544029154853,1
1,6,0.001,36,"prot25_income",1.1,0.0894953633059159,1
1,6,0.001,36,"prot25_child",-0.5,-0.171711963302594,1
1,6,0.001,36,"prot50_male",0,-0.0561191595770873,1
1,6,0.001,36,"prot50_age",0,-0.0376144357530148,1
1,6,0.001,36,"prot50_income",1.1,0.154465125021527,1
1,6,0.001,36,"prot50_child",0,-0.0640560613253575,1
1,6,0.001,36,"invasive_male",0.3,0.11795250013574,1
1,6,0.001,36,"invasive_age",0,0.0181888857858722,1
1,6,0.001,36,"invasive_income",-0.5,-0.0167515388841961,1
1,6,0.001,36,"invasive_child",0,0.067418171939029,1
1,6,0.001,37,"ASC2_male",0.6,0.209707209399132,1
1,6,0.001,37,"ASC2_age",0,-0.0685413216935489,1
1,6,0.001,37,"ASC2_income",0.9,0.0607373603525858,1
1,6,0.001,37,"ASC2_child",0,0.109129066834671,1
1,6,0.001,37,"ASC3_male",0,0.162391827984239,1
1,6,0.001,37,"ASC3_age",0.6,0.123065307058781,1
1,6,0.001,37,"ASC3_income",1.1,0.124541509332768,1
1,6,0.001,37,"ASC3_child",-0.8,-0.0435423221098218,1
1,6,0.001,37,"prot25_male",-1.2,-0.533442101600227,1
1,6,0.001,37,"prot25_age",0,0.0491981422098979,1
1,6,0.001,37,"prot25_income",1.1,0.208323907551861,1
1,6,0.001,37,"prot25_child",0,-0.0997163301476536,1
1,6,0.001,37,"prot50_male",0,-0.0431553105303494,1
1,6,0.001,37,"prot50_age",0.5,0.109479209569942,1
1,6,0.001,37,"prot50_income",0,0.0322505632289321,1
1,6,0.001,37,"prot50_child",0,-0.0820011393414046,1
1,6,0.001,37,"invasive_male",0,0.255390181595506,1
1,6,0.001,37,"invasive_age",1.1,0.112238869930579,1
1,6,0.001,37,"invasive_income",0,-0.0494616932663867,1
1,6,0.001,37,"invasive_child",0.6,-0.05217088655264,1
1,6,0.001,38,"ASC2_male",0.3,0.0536841735684145,1
1,6,0.001,38,"ASC2_age",0.3,-0.0255357232536036,1
1,6,0.001,38,"ASC2_income",0,-0.1177128974822,1
1,6,0.001,38,"ASC2_child",0.9,0.0309952850690193,1
1,6,0.001,38,"ASC3_male",0,-0.155814536645652,1
1,6,0.001,38,"ASC3_age",-0.6,-0.151627403314691,1
1,6,0.001,38,"ASC3_income",0,-0.0934827554416795,1
1,6,0.001,38,"ASC3_child",0,-0.16115814860469,1
1,6,0.001,38,"prot25_male",0,-0.0471660659325709,1
1,6,0.001,38,"prot25_age",0,0.127263186750789,1
1,6,0.001,38,"prot25_income",0.7,0.202942400870146,1
1,6,0.001,38,"prot25_child",0,0.118598118888991,1
1,6,0.001,38,"prot50_male",0,-0.127329992478943,1
1,6,0.001,38,"prot50_age",0,0.170443762826951,1
1,6,0.001,38,"prot50_income",0.2,0.051779125140347,1
1,6,0.001,38,"prot50_child",-0.8,-0.0408315388444991,1
1,6,0.001,38,"invasive_male",0.1,-0.0476023956794637,1
1,6,0.001,38,"invasive_age",0,0.00467077480728158,1
1,6,0.001,38,"invasive_income",-0.6,-0.147333530211001,1
1,6,0.001,38,"invasive_child",-0.6,-0.206644561800217,1
1,6,0.001,39,"ASC2_male",0.9,0.0408949946774874,1
1,6,0.001,39,"ASC2_age",0,-0.0438985526968545,1
1,6,0.001,39,"ASC2_income",0,0.0507623746078181,1
1,6,0.001,39,"ASC2_child",0,-0.0520981842118991,1
1,6,0.001,39,"ASC3_male",-0.9,-0.379653011196554,1
1,6,0.001,39,"ASC3_age",0,-0.00588899362339156,1
1,6,0.001,39,"ASC3_income",-0.7,-0.0456182657860095,1
1,6,0.001,39,"ASC3_child",-1.1,-0.34704472620563,1
1,6,0.001,39,"prot25_male",-1,0.109024897727087,1
1,6,0.001,39,"prot25_age",-0.6,0.0871430089743861,1
1,6,0.001,39,"prot25_income",0.7,0.0432931346976835,1
1,6,0.001,39,"prot25_child",-0.3,0.0577642782217491,1
1,6,0.001,39,"prot50_male",0,0.090344551046522,1
1,6,0.001,39,"prot50_age",0,0.111868746053226,1
1,6,0.001,39,"prot50_income",0,-0.0545728181151097,1
1,6,0.001,39,"prot50_child",0,-0.00296982697794823,1
1,6,0.001,39,"invasive_male",1.1,0.16646830222625,1
1,6,0.001,39,"invasive_age",0,0.106541035203879,1
1,6,0.001,39,"invasive_income",0,-0.0169485438619355,1
1,6,0.001,39,"invasive_child",-0.6,-0.125682952523061,1
1,6,0.001,40,"ASC2_male",0,0.128424971628531,1
1,6,0.001,40,"ASC2_age",-0.3,-0.133858726990621,1
1,6,0.001,40,"ASC2_income",1.1,0.105200307640049,1
1,6,0.001,40,"ASC2_child",0,-0.0900150310617609,1
1,6,0.001,40,"ASC3_male",0.5,0.0904057946879928,1
1,6,0.001,40,"ASC3_age",0,-0.0782075410165486,1
1,6,0.001,40,"ASC3_income",-0.9,-0.258035487623963,1
1,6,0.001,40,"ASC3_child",-1,-0.198550097489421,1
1,6,0.001,40,"prot25_male",-0.5,-0.0632956392774976,1
1,6,0.001,40,"prot25_age",-0.3,-0.0128168007733751,1
1,6,0.001,40,"prot25_income",0,0.107878270512134,1
1,6,0.001,40,"prot25_child",0,-0.0184981228308492,1
1,6,0.001,40,"prot50_male",0,0.103199899213157,1
1,6,0.001,40,"prot50_age",-1,-0.0502384722894442,1
1,6,0.001,40,"prot50_income",0,0.0446644436474842,1
1,6,0.001,40,"prot50_child",0,0.25074722001274,1
1,6,0.001,40,"invasive_male",0,0.0768301409260986,1
1,6,0.001,40,"invasive_age",-0.3,-0.0251154137896315,1
1,6,0.001,40,"invasive_income",-0.1,-0.0920812328296795,1
1,6,0.001,40,"invasive_child",0,0.056693449115644,1
1,6,0.001,41,"ASC2_male",-0.5,-0.0524742759996428,1
1,6,0.001,41,"ASC2_age",0.9,0.153021263598263,1
1,6,0.001,41,"ASC2_income",1.1,0.206293266844538,1
1,6,0.001,41,"ASC2_child",0,-0.0598917971691539,1
1,6,0.001,41,"ASC3_male",0.3,0.163898985296018,1
1,6,0.001,41,"ASC3_age",0,-0.02105566698042,1
1,6,0.001,41,"ASC3_income",0,-0.0141508284612512,1
1,6,0.001,41,"ASC3_child",0,-0.149944726229399,1
1,6,0.001,41,"prot25_male",0,-0.0756052756121672,1
1,6,0.001,41,"prot25_age",0,0.0121780414383252,1
1,6,0.001,41,"prot25_income",-0.2,-0.120645003850566,1
1,6,0.001,41,"prot25_child",0.7,0.249170869213635,1
1,6,0.001,41,"prot50_male",-0.8,-0.261159083934019,1
1,6,0.001,41,"prot50_age",-0.4,-0.0880604900969642,1
1,6,0.001,41,"prot50_income",0,-0.0119698411639718,1
1,6,0.001,41,"prot50_child",0,0.0951878347224826,1
1,6,0.001,41,"invasive_male",0,-0.108235315379943,1
1,6,0.001,41,"invasive_age",0,-0.0162684480088635,1
1,6,0.001,41,"invasive_income",0.3,0.0926354129156342,1
1,6,0.001,41,"invasive_child",0.5,0.117650298765432,1
1,6,0.001,42,"ASC2_male",0.6,0.167660723503219,1
1,6,0.001,42,"ASC2_age",0,0.0559079928532586,1
1,6,0.001,42,"ASC2_income",0.6,0.173464098907012,1
1,6,0.001,42,"ASC2_child",0.8,0.144395892392442,1
1,6,0.001,42,"ASC3_male",0,-0.0112906601676694,1
1,6,0.001,42,"ASC3_age",-0.3,0.0408025542842613,1
1,6,0.001,42,"ASC3_income",0,0.0799904918249484,1
1,6,0.001,42,"ASC3_child",-1,-0.0985210455609922,1
1,6,0.001,42,"prot25_male",0,-0.00669005798316622,1
1,6,0.001,42,"prot25_age",0.6,-0.0735420445586858,1
1,6,0.001,42,"prot25_income",0,-0.048388353708939,1
1,6,0.001,42,"prot25_child",0,0.101037988883197,1
1,6,0.001,42,"prot50_male",0,-0.0168995929146176,1
1,6,0.001,42,"prot50_age",0.7,0.0387097862628353,1
1,6,0.001,42,"prot50_income",-0.9,-0.20006599477592,1
1,6,0.001,42,"prot50_child",-0.7,-0.0825606483932601,1
1,6,0.001,42,"invasive_male",1.2,0.217715720026662,1
1,6,0.001,42,"invasive_age",0,-0.0481776723496626,1
1,6,0.001,42,"invasive_income",0,0.00654531638444683,1
1,6,0.001,42,"invasive_child",0,0.0901329503611224,1
1,6,0.001,43,"ASC2_male",-0.7,-0.135991089461231,1
1,6,0.001,43,"ASC2_age",0,0.0838419868088655,1
1,6,0.001,43,"ASC2_income",0,0.0534174221330859,1
1,6,0.001,43,"ASC2_child",0.2,0.0202894480153277,1
1,6,0.001,43,"ASC3_male",0.5,0.0444091748260119,1
1,6,0.001,43,"ASC3_age",0,0.0467790562025888,1
1,6,0.001,43,"ASC3_income",1,0.16457980739253,1
1,6,0.001,43,"ASC3_child",-0.3,-0.143656200071244,1
1,6,0.001,43,"prot25_male",0,0.131447493371918,1
1,6,0.001,43,"prot25_age",-0.9,-0.138253139541052,1
1,6,0.001,43,"prot25_income",0,-0.0912351500361361,1
1,6,0.001,43,"prot25_child",0,0.0138833644293288,1
1,6,0.001,43,"prot50_male",0,0.0475970609253852,1
1,6,0.001,43,"prot50_age",0,-0.0678716896872178,1
1,6,0.001,43,"prot50_income",-1.2,-0.252328463270988,1
1,6,0.001,43,"prot50_child",0.6,0.0684417552756706,1
1,6,0.001,43,"invasive_male",0.7,0.173634550573671,1
1,6,0.001,43,"invasive_age",0,0.024866452161035,1
1,6,0.001,43,"invasive_income",-0.6,-0.0821718298124844,1
1,6,0.001,43,"invasive_child",0,-0.110648443604683,1
1,6,0.001,44,"ASC2_male",0,0.174328437346885,1
1,6,0.001,44,"ASC2_age",-0.5,-0.147705640990841,1
1,6,0.001,44,"ASC2_income",-1,-0.196046208924911,1
1,6,0.001,44,"ASC2_child",-0.8,-0.159947853808334,1
1,6,0.001,44,"ASC3_male",-1.1,-0.0103459354692234,1
1,6,0.001,44,"ASC3_age",0,-0.0674663810571851,1
1,6,0.001,44,"ASC3_income",0,-0.0887712998289468,1
1,6,0.001,44,"ASC3_child",0,-0.022975610507601,1
1,6,0.001,44,"prot25_male",-1.1,-0.293202422042814,1
1,6,0.001,44,"prot25_age",-0.3,0.0441059408210507,1
1,6,0.001,44,"prot25_income",0,0.0149687434524958,1
1,6,0.001,44,"prot25_child",-0.6,-0.0587644950865698,1
1,6,0.001,44,"prot50_male",0,-0.121355476807591,1
1,6,0.001,44,"prot50_age",0,0.0544965289341141,1
1,6,0.001,44,"prot50_income",-0.8,-0.128400603541639,1
1,6,0.001,44,"prot50_child",0,-0.0927891712339769,1
1,6,0.001,44,"invasive_male",-0.3,-0.0250519022537306,1
1,6,0.001,44,"invasive_age",0,-0.00211694642185315,1
1,6,0.001,44,"invasive_income",0,0.0534292767804952,1
1,6,0.001,44,"invasive_child",-0.4,-0.0893236359799621,1
1,6,0.001,45,"ASC2_male",0,0.199696106712998,1
1,6,0.001,45,"ASC2_age",0.7,0.0342550742738023,1
1,6,0.001,45,"ASC2_income",1.1,0.0708332056964357,1
1,6,0.001,45,"ASC2_child",0.3,-0.196967848040902,1
1,6,0.001,45,"ASC3_male",0,0.142861398321383,1
1,6,0.001,45,"ASC3_age",0.4,-0.0292563703194858,1
1,6,0.001,45,"ASC3_income",-0.1,-0.166312943155544,1
1,6,0.001,45,"ASC3_child",0,-0.248141884025938,1
1,6,0.001,45,"prot25_male",0,-0.119765454777128,1
1,6,0.001,45,"prot25_age",0,0.037473641356267,1
1,6,0.001,45,"prot25_income",0,-0.0206326285713805,1
1,6,0.001,45,"prot25_child",1.1,0.253785720780417,1
1,6,0.001,45,"prot50_male",0,-0.0829224525085176,1
1,6,0.001,45,"prot50_age",-0.4,0.0190679884181253,1
1,6,0.001,45,"prot50_income",0,0.0880400096260372,1
1,6,0.001,45,"prot50_child",0.4,0.143085990458822,1
1,6,0.001,45,"invasive_male",-0.3,0.00401373158555788,1
1,6,0.001,45,"invasive_age",-0.2,-0.092425570164639,1
1,6,0.001,45,"invasive_income",0,-0.0592896969380665,1
1,6,0.001,45,"invasive_child",0,-0.00197961727839976,1
1,6,0.001,46,"ASC2_male",0.4,0.0644231389351086,1
1,6,0.001,46,"ASC2_age",0,0.0364379978992115,1
1,6,0.001,46,"ASC2_income",0,0.000900180590082956,0
1,6,0.001,46,"ASC2_child",-0.5,0.134589755594521,1
1,6,0.001,46,"ASC3_male",-0.9,-0.129659456552654,1
1,6,0.001,46,"ASC3_age",0,0.0510677452362693,1
1,6,0.001,46,"ASC3_income",-1,-0.236860283727668,1
1,6,0.001,46,"ASC3_child",0.7,0.32346582474097,1
1,6,0.001,46,"prot25_male",0,-0.0664689086300464,1
1,6,0.001,46,"prot25_age",-0.9,-0.116366451900154,1
1,6,0.001,46,"prot25_income",0,-0.0147994935544639,1
1,6,0.001,46,"prot25_child",0,-0.0631143619861162,1
1,6,0.001,46,"prot50_male",0,0.00478829484610627,1
1,6,0.001,46,"prot50_age",0.3,0.0695585293243733,1
1,6,0.001,46,"prot50_income",1,0.156092860315238,1
1,6,0.001,46,"prot50_child",0,-0.111197853746342,1
1,6,0.001,46,"invasive_male",0.3,0.138195887254102,1
1,6,0.001,46,"invasive_age",0,0.0144428802624516,1
1,6,0.001,46,"invasive_income",0.2,0.0338486997993893,1
1,6,0.001,46,"invasive_child",0,-0.0330334223582182,1
1,6,0.001,47,"ASC2_male",0,-0.164233229923893,1
1,6,0.001,47,"ASC2_age",0,0.0392602488297157,1
1,6,0.001,47,"ASC2_income",0.8,0.111594953719274,1
1,6,0.001,47,"ASC2_child",-1.2,-0.333492109174998,1
1,6,0.001,47,"ASC3_male",0.2,-0.210159140450798,1
1,6,0.001,47,"ASC3_age",0,0.106673044693861,1
1,6,0.001,47,"ASC3_income",0,0.0349428908072091,1
1,6,0.001,47,"ASC3_child",0,-0.0767529855438366,1
1,6,0.001,47,"prot25_male",0,0.173504290443754,1
1,6,0.001,47,"prot25_age",0.5,-0.0124178781133154,1
1,6,0.001,47,"prot25_income",0.4,0.12938493569996,1
1,6,0.001,47,"prot25_child",0.9,0.248122999441314,1
1,6,0.001,47,"prot50_male",0,0.0927240769112445,1
1,6,0.001,47,"prot50_age",-0.3,-0.133712763194542,1
1,6,0.001,47,"prot50_income",-0.7,-0.135663753144859,1
1,6,0.001,47,"prot50_child",-1.1,-0.0777186464144469,1
1,6,0.001,47,"invasive_male",0,-0.196809388058041,1
1,6,0.001,47,"invasive_age",0.5,0.135439991489786,1
1,6,0.001,47,"invasive_income",0,-0.077299189760244,1
1,6,0.001,47,"invasive_child",0,-0.0288130023491644,1
1,6,0.001,48,"ASC2_male",1.1,0.391590242000343,1
1,6,0.001,48,"ASC2_age",0,0.0662580815729634,1
1,6,0.001,48,"ASC2_income",0,0.0203137825746139,1
1,6,0.001,48,"ASC2_child",-0.3,0.0516609066331325,1
1,6,0.001,48,"ASC3_male",0,0.238162868536055,1
1,6,0.001,48,"ASC3_age",0,0.0575547837696605,1
1,6,0.001,48,"ASC3_income",0.8,0.183498766381644,1
1,6,0.001,48,"ASC3_child",0,0.133642791800476,1
1,6,0.001,48,"prot25_male",-0.6,-0.210720752886038,1
1,6,0.001,48,"prot25_age",0,-0.0160492599644816,1
1,6,0.001,48,"prot25_income",-0.2,-0.129367437136126,1
1,6,0.001,48,"prot25_child",0,-0.0716693828973047,1
1,6,0.001,48,"prot50_male",0,-0.0992936847102684,1
1,6,0.001,48,"prot50_age",-0.4,-0.0743232211051037,1
1,6,0.001,48,"prot50_income",0,-0.00568007739459955,1
1,6,0.001,48,"prot50_child",0,-0.0381141903247283,1
1,6,0.001,48,"invasive_male",0.7,0.063169621680815,1
1,6,0.001,48,"invasive_age",-0.6,-0.0701561509709778,1
1,6,0.001,48,"invasive_income",-0.3,-0.0416041567556261,1
1,6,0.001,48,"invasive_child",-0.7,-0.00227829217100989,1
1,6,0.001,49,"ASC2_male",0.7,0.0139931148214399,1
1,6,0.001,49,"ASC2_age",0,0.00438865131975906,1
1,6,0.001,49,"ASC2_income",-0.8,-0.104731582806836,1
1,6,0.001,49,"ASC2_child",-0.9,-0.433371587759871,1
1,6,0.001,49,"ASC3_male",0,-0.159225727978303,1
1,6,0.001,49,"ASC3_age",0,-0.0631997935149566,1
1,6,0.001,49,"ASC3_income",-0.5,-0.131396973981461,1
1,6,0.001,49,"ASC3_child",0,-0.260748817459911,1
1,6,0.001,49,"prot25_male",0.8,0.220055216069076,1
1,6,0.001,49,"prot25_age",0,-0.042518235351139,1
1,6,0.001,49,"prot25_income",0,-0.0390099471775137,1
1,6,0.001,49,"prot25_child",0.5,0.258407267392041,1
1,6,0.001,49,"prot50_male",-0.1,0.0317014150272388,1
1,6,0.001,49,"prot50_age",0.8,0.10953514094291,1
1,6,0.001,49,"prot50_income",0,-0.0388353826766185,1
1,6,0.001,49,"prot50_child",0,0.183505177600882,1
1,6,0.001,49,"invasive_male",-0.9,-0.244557884693941,1
1,6,0.001,49,"invasive_age",0,0.0125709229031522,1
1,6,0.001,49,"invasive_income",0,-0.0646184676323995,1
1,6,0.001,49,"invasive_child",0.3,-0.0884105510163597,1
1,6,0.001,50,"ASC2_male",0,0.0940036879614638,1
1,6,0.001,50,"ASC2_age",0.8,0.252993421374624,1
1,6,0.001,50,"ASC2_income",0,0.00210437574095803,1
1,6,0.001,50,"ASC2_child",0,0.246521499020884,1
1,6,0.001,50,"ASC3_male",-0.5,-0.104450848160276,1
1,6,0.001,50,"ASC3_age",-0.4,0.0456031824934,1
1,6,0.001,50,"ASC3_income",1.1,0.182702325243125,1
1,6,0.001,50,"ASC3_child",0.5,0.297440292353688,1
1,6,0.001,50,"prot25_male",1.1,0.28149308269291,1
1,6,0.001,50,"prot25_age",0.8,0.100157051156208,1
1,6,0.001,50,"prot25_income",0,0.0228623089772837,1
1,6,0.001,50,"prot25_child",0,-0.189940264435199,1
1,6,0.001,50,"prot50_male",-0.6,0.0666936924738187,1
1,6,0.001,50,"prot50_age",0,-0.133327289482753,1
1,6,0.001,50,"prot50_income",-0.3,-0.0199029922867672,1
1,6,0.001,50,"prot50_child",0,-0.228225507462759,1
1,6,0.001,50,"invasive_male",0,0.15143595982565,1
1,6,0.001,50,"invasive_age",0,0.0374207477923316,1
1,6,0.001,50,"invasive_income",0.6,0.140314176820035,1
1,6,0.001,50,"invasive_child",0,-0.0836032511047783,1
1,6,0.001,51,"ASC2_male",-0.3,-0.016146979321883,1
1,6,0.001,51,"ASC2_age",-0.5,-0.0728223842934338,1
1,6,0.001,51,"ASC2_income",0,-0.0735546044430531,1
1,6,0.001,51,"ASC2_child",-0.7,-0.136345255391663,1
1,6,0.001,51,"ASC3_male",0,-0.00476554156468901,1
1,6,0.001,51,"ASC3_age",0.5,0.0492857849191953,1
1,6,0.001,51,"ASC3_income",0,-0.0742548193220542,1
1,6,0.001,51,"ASC3_child",0,0.0485194955584591,1
1,6,0.001,51,"prot25_male",-1.1,-0.266326804900608,1
1,6,0.001,51,"prot25_age",0.3,0.103660709292431,1
1,6,0.001,51,"prot25_income",0.2,0.150482368245798,1
1,6,0.001,51,"prot25_child",0,-0.0439795090231383,1
1,6,0.001,51,"prot50_male",0,0.16418724140065,1
1,6,0.001,51,"prot50_age",0,0.0611350383665247,1
1,6,0.001,51,"prot50_income",0,0.0367442982354421,1
1,6,0.001,51,"prot50_child",1.2,0.236786345132983,1
1,6,0.001,51,"invasive_male",-0.1,-0.0578049669515984,1
1,6,0.001,51,"invasive_age",0,0.0584268152582316,1
1,6,0.001,51,"invasive_income",0,0.0118633552955672,1
1,6,0.001,51,"invasive_child",0.3,0.144801568291458,1
1,6,0.001,52,"ASC2_male",-0.5,-0.0959967569720202,1
1,6,0.001,52,"ASC2_age",-0.5,-0.0888696237053005,1
1,6,0.001,52,"ASC2_income",1.1,0.144995171609313,1
1,6,0.001,52,"ASC2_child",-0.5,-4.40722435490035e-05,0
1,6,0.001,52,"ASC3_male",0.3,0.0848413452013781,1
1,6,0.001,52,"ASC3_age",0,-0.00719773309100486,1
1,6,0.001,52,"ASC3_income",0,0.01731416980662,1
1,6,0.001,52,"ASC3_child",0,0.019114261226522,1
1,6,0.001,52,"prot25_male",-0.3,-0.0965517767668766,1
1,6,0.001,52,"prot25_age",1,0.148280851308762,1
1,6,0.001,52,"prot25_income",0,0.0870928412341972,1
1,6,0.001,52,"prot25_child",-1.2,-0.212212754607961,1
1,6,0.001,52,"prot50_male",0,-0.0390516123576595,1
1,6,0.001,52,"prot50_age",0,-0.0153435814387385,1
1,6,0.001,52,"prot50_income",0,0.0532156218036262,1
1,6,0.001,52,"prot50_child",0.3,-0.128556021089426,1
1,6,0.001,52,"invasive_male",0.1,-0.0369632649169039,1
1,6,0.001,52,"invasive_age",0,-0.0564414956213302,1
1,6,0.001,52,"invasive_income",0,-0.000248024351070151,0
1,6,0.001,52,"invasive_child",0,0.053659486070174,1
1,6,0.001,53,"ASC2_male",-0.4,0.0519423860142516,1
1,6,0.001,53,"ASC2_age",0,-0.0807970427272909,1
1,6,0.001,53,"ASC2_income",-0.7,-0.128297746159487,1
1,6,0.001,53,"ASC2_child",0,-0.0839201748833393,1
1,6,0.001,53,"ASC3_male",0.3,0.130124885638982,1
1,6,0.001,53,"ASC3_age",0.6,0.0552627915974398,1
1,6,0.001,53,"ASC3_income",0,-0.00142408475385921,1
1,6,0.001,53,"ASC3_child",0,-0.00289721535654288,1
1,6,0.001,53,"prot25_male",0,-0.166301315656353,1
1,6,0.001,53,"prot25_age",0.4,0.126187356086701,1
1,6,0.001,53,"prot25_income",0,-0.0680481051317219,1
1,6,0.001,53,"prot25_child",0,-0.00926902870031454,1
1,6,0.001,53,"prot50_male",-0.6,-0.323705120245442,1
1,6,0.001,53,"prot50_age",0.9,0.173531244105272,1
1,6,0.001,53,"prot50_income",0,-0.0212485850137904,1
1,6,0.001,53,"prot50_child",-1.1,-0.0922696827928822,1
1,6,0.001,53,"invasive_male",-0.5,-0.239381187999962,1
1,6,0.001,53,"invasive_age",0,-0.0341732780611891,1
1,6,0.001,53,"invasive_income",0,0.0320379478364167,1
1,6,0.001,53,"invasive_child",-0.6,-0.16761052736167,1
1,6,0.001,54,"ASC2_male",0,-0.113805905882769,1
1,6,0.001,54,"ASC2_age",-0.5,-0.223196171351044,1
1,6,0.001,54,"ASC2_income",-0.7,-0.242909739262809,1
1,6,0.001,54,"ASC2_child",0,0.020762101710941,1
1,6,0.001,54,"ASC3_male",1.1,0.123864156787546,1
1,6,0.001,54,"ASC3_age",0,-0.121523876359523,1
1,6,0.001,54,"ASC3_income",0,-0.0827480776668933,1
1,6,0.001,54,"ASC3_child",-0.5,-0.0721045996483213,1
1,6,0.001,54,"prot25_male",0,0.0988737186218056,1
1,6,0.001,54,"prot25_age",0.3,0.182222833946348,1
1,6,0.001,54,"prot25_income",0,-0.010720036669188,1
1,6,0.001,54,"prot25_child",0,0.0175962860269343,1
1,6,0.001,54,"prot50_male",0,0.114813742444891,1
1,6,0.001,54,"prot50_age",0.2,0.0528386897424517,1
1,6,0.001,54,"prot50_income",0.5,0.0784057620034267,1
1,6,0.001,54,"prot50_child",-0.7,-0.201060896990114,1
1,6,0.001,54,"invasive_male",0,0.0164695769659631,1
1,6,0.001,54,"invasive_age",0.1,0.00459450296487082,1
1,6,0.001,54,"invasive_income",-1.2,-0.203240909870523,1
1,6,0.001,54,"invasive_child",0,0.0109308797750203,1
1,6,0.001,55,"ASC2_male",0,0.0412812926918086,1
1,6,0.001,55,"ASC2_age",0,0.0510963808640571,1
1,6,0.001,55,"ASC2_income",0,0.0329847941408936,1
1,6,0.001,55,"ASC2_child",0,0.118217116393164,1
1,6,0.001,55,"ASC3_male",0.5,0.0413595641923523,1
1,6,0.001,55,"ASC3_age",0,0.0879469373511195,1
1,6,0.001,55,"ASC3_income",0,0.0181746192796741,1
1,6,0.001,55,"ASC3_child",0,-0.00488745097874476,1
1,6,0.001,55,"prot25_male",0.2,-0.0629603965781036,1
1,6,0.001,55,"prot25_age",0.7,0.0280444339689899,1
1,6,0.001,55,"prot25_income",-0.7,-0.0810434627670781,1
1,6,0.001,55,"prot25_child",0,-0.073010664324286,1
1,6,0.001,55,"prot50_male",-0.5,-0.200268347539866,1
1,6,0.001,55,"prot50_age",0.5,0.000293057868408878,0
1,6,0.001,55,"prot50_income",-1,-0.0876215979682032,1
1,6,0.001,55,"prot50_child",0,-0.0901397795267279,1
1,6,0.001,55,"invasive_male",0.8,0.0251643185960675,1
1,6,0.001,55,"invasive_age",0,0.0877088808140076,1
1,6,0.001,55,"invasive_income",-0.9,-0.0640630230642614,1
1,6,0.001,55,"invasive_child",-1.2,-0.155328287147344,1
1,6,0.001,56,"ASC2_male",0,-0.222524055329955,1
1,6,0.001,56,"ASC2_age",-0.7,-0.057919815771699,1
1,6,0.001,56,"ASC2_income",0,-0.0280715795699111,1
1,6,0.001,56,"ASC2_child",0,-0.264102184013854,1
1,6,0.001,56,"ASC3_male",0,-0.331395428811976,1
1,6,0.001,56,"ASC3_age",-0.4,0.0138081600426486,1
1,6,0.001,56,"ASC3_income",0,-0.0131072619001957,1
1,6,0.001,56,"ASC3_child",0,-0.306566202672116,1
1,6,0.001,56,"prot25_male",0,0.256310257650616,1
1,6,0.001,56,"prot25_age",0,-0.0498831987237626,1
1,6,0.001,56,"prot25_income",-0.2,-0.0266258284665573,1
1,6,0.001,56,"prot25_child",-1,0.00132140253703169,1
1,6,0.001,56,"prot50_male",0.7,0.267486653633959,1
1,6,0.001,56,"prot50_age",0.5,0.000846253015009611,0
1,6,0.001,56,"prot50_income",-0.6,-0.0515740498603468,1
1,6,0.001,56,"prot50_child",0.7,0.261715759005433,1
1,6,0.001,56,"invasive_male",0,-0.177394282889703,1
1,6,0.001,56,"invasive_age",-1.1,-0.12900565248432,1
1,6,0.001,56,"invasive_income",0.3,0.0344826484430629,1
1,6,0.001,56,"invasive_child",0,-0.0630024328988086,1
1,6,0.001,57,"ASC2_male",1.2,0.180559346861058,1
1,6,0.001,57,"ASC2_age",1,0.15237223386323,1
1,6,0.001,57,"ASC2_income",0,0.0340958645760912,1
1,6,0.001,57,"ASC2_child",0,0.384445119698625,1
1,6,0.001,57,"ASC3_male",-0.2,0.0372118264658183,1
1,6,0.001,57,"ASC3_age",0,-0.0829241683850671,1
1,6,0.001,57,"ASC3_income",0,0.0478197440611115,1
1,6,0.001,57,"ASC3_child",0,0.319504083160834,1
1,6,0.001,57,"prot25_male",-1,-0.27991689378324,1
1,6,0.001,57,"prot25_age",0,0.119096589270342,1
1,6,0.001,57,"prot25_income",-0.1,-0.0135280931219574,1
1,6,0.001,57,"prot25_child",0,-0.0815523137202999,1
1,6,0.001,57,"prot50_male",-0.4,-0.0770909854207911,1
1,6,0.001,57,"prot50_age",-0.6,-0.00101697292679197,1
1,6,0.001,57,"prot50_income",0.5,0.0573381196928787,1
1,6,0.001,57,"prot50_child",0.6,0.0758751618252482,1
1,6,0.001,57,"invasive_male",0.7,0.108907062253415,1
1,6,0.001,57,"invasive_age",0,-0.00812682688841439,1
1,6,0.001,57,"invasive_income",0,0.00767063684859469,1
1,6,0.001,57,"invasive_child",0,0.228220259285537,1
1,6,0.001,58,"ASC2_male",0.3,0.267940614022669,1
1,6,0.001,58,"ASC2_age",0.2,-0.0908659339482166,1
1,6,0.001,58,"ASC2_income",0,-0.0994727938661182,1
1,6,0.001,58,"ASC2_child",0,0.175959036043492,1
1,6,0.001,58,"ASC3_male",0,0.188345931587245,1
1,6,0.001,58,"ASC3_age",0,-0.0411032348333219,1
1,6,0.001,58,"ASC3_income",0,-0.133223611357563,1
1,6,0.001,58,"ASC3_child",0.1,0.194804136004556,1
1,6,0.001,58,"prot25_male",0,-0.115126414037698,1
1,6,0.001,58,"prot25_age",0,0.0456787431721551,1
1,6,0.001,58,"prot25_income",0,0.156243567260194,1
1,6,0.001,58,"prot25_child",1,0.00985461831382962,1
1,6,0.001,58,"prot50_male",0,-0.124993522780106,1
1,6,0.001,58,"prot50_age",0.5,0.167994535432931,1
1,6,0.001,58,"prot50_income",0,0.161608421098898,1
1,6,0.001,58,"prot50_child",0.8,0.117474333385344,1
1,6,0.001,58,"invasive_male",0.5,0.0749865383448443,1
1,6,0.001,58,"invasive_age",1,0.10802303877706,1
1,6,0.001,58,"invasive_income",0.6,0.123740945828411,1
1,6,0.001,58,"invasive_child",0.7,0.222625170286576,1
1,6,0.001,59,"ASC2_male",0,0.26730396040101,1
1,6,0.001,59,"ASC2_age",0.5,-0.0454557790856714,1
1,6,0.001,59,"ASC2_income",0,-0.0218860817145206,1
1,6,0.001,59,"ASC2_child",0,0.0163154560257133,1
1,6,0.001,59,"ASC3_male",0.6,0.304154888425724,1
1,6,0.001,59,"ASC3_age",-1.1,-0.360478647746097,1
1,6,0.001,59,"ASC3_income",0,-0.0147275919566946,1
1,6,0.001,59,"ASC3_child",0,0.171351463455392,1
1,6,0.001,59,"prot25_male",-0.7,-0.180594242136266,1
1,6,0.001,59,"prot25_age",0,0.132833008919179,1
1,6,0.001,59,"prot25_income",-0.2,-0.062195662863829,1
1,6,0.001,59,"prot25_child",0,-0.0752859853658094,1
1,6,0.001,59,"prot50_male",0.4,0.119654656683572,1
1,6,0.001,59,"prot50_age",-0.9,-0.066035064309855,1
1,6,0.001,59,"prot50_income",0,-0.0858285466425317,1
1,6,0.001,59,"prot50_child",0,-0.167230849489431,1
1,6,0.001,59,"invasive_male",1,0.313956556026808,1
1,6,0.001,59,"invasive_age",-0.8,-0.194584694601456,1
1,6,0.001,59,"invasive_income",-0.4,-0.0426793868296785,1
1,6,0.001,59,"invasive_child",0,-0.0366758271986445,1
1,6,0.001,60,"ASC2_male",-1.2,-0.239712073604962,1
1,6,0.001,60,"ASC2_age",0,-0.00378384511204854,1
1,6,0.001,60,"ASC2_income",0.6,0.0855774460444701,1
1,6,0.001,60,"ASC2_child",-0.4,-0.0451898617082874,1
1,6,0.001,60,"ASC3_male",0,0.0769235710171846,1
1,6,0.001,60,"ASC3_age",0,-0.0203626959587522,1
1,6,0.001,60,"ASC3_income",0,0.0292076928499552,1
1,6,0.001,60,"ASC3_child",0,-0.140488825290639,1
1,6,0.001,60,"prot25_male",0,0.00239561288306598,1
1,6,0.001,60,"prot25_age",-0.4,-0.0184357809769122,1
1,6,0.001,60,"prot25_income",0,-0.0378461632104245,1
1,6,0.001,60,"prot25_child",0,0.0256166460442646,1
1,6,0.001,60,"prot50_male",-1.1,-0.221539439249527,1
1,6,0.001,60,"prot50_age",0,0.0497572170868672,1
1,6,0.001,60,"prot50_income",0.4,0.0237530750998573,1
1,6,0.001,60,"prot50_child",0,0.0234442320401865,1
1,6,0.001,60,"invasive_male",0.3,-0.00883265619333669,1
1,6,0.001,60,"invasive_age",-0.5,-0.0944520263954895,1
1,6,0.001,60,"invasive_income",-0.7,-0.145281861451443,1
1,6,0.001,60,"invasive_child",1,0.163337670612692,1
1,6,0.001,61,"ASC2_male",0.8,0.0617030523370678,1
1,6,0.001,61,"ASC2_age",-0.9,-0.170716132572778,1
1,6,0.001,61,"ASC2_income",-0.3,-0.146809290054601,1
1,6,0.001,61,"ASC2_child",0,-0.260659605126101,1
1,6,0.001,61,"ASC3_male",0,-0.0616123202672745,1
1,6,0.001,61,"ASC3_age",0,-0.058599518109493,1
1,6,0.001,61,"ASC3_income",0,-0.069735630956846,1
1,6,0.001,61,"ASC3_child",0,-0.252835864659905,1
1,6,0.001,61,"prot25_male",0,-0.00407845053609624,1
1,6,0.001,61,"prot25_age",-1,-0.124183823371836,1
1,6,0.001,61,"prot25_income",0,0.069898324526537,1
1,6,0.001,61,"prot25_child",0,0.270499199799839,1
1,6,0.001,61,"prot50_male",-0.8,-0.269113876051326,1
1,6,0.001,61,"prot50_age",0.2,0.0311085814252467,1
1,6,0.001,61,"prot50_income",0,0.051818326856949,1
1,6,0.001,61,"prot50_child",0.3,0.18521273805802,1
1,6,0.001,61,"invasive_male",0,-0.104896819366798,1
1,6,0.001,61,"invasive_age",1,0.164655473734054,1
1,6,0.001,61,"invasive_income",0.2,0.0198578368909978,1
1,6,0.001,61,"invasive_child",0.9,0.221490935633025,1
1,6,0.001,62,"ASC2_male",0,-0.226380594788414,1
1,6,0.001,62,"ASC2_age",0,-0.00963661170695856,1
1,6,0.001,62,"ASC2_income",0.1,-0.0648618598299371,1
1,6,0.001,62,"ASC2_child",0,0.185260090569142,1
1,6,0.001,62,"ASC3_male",0,-0.0796771700627352,1
1,6,0.001,62,"ASC3_age",0.6,0.0721863177939177,1
1,6,0.001,62,"ASC3_income",0.6,0.00222741390540452,1
1,6,0.001,62,"ASC3_child",0,0.139338851090843,1
1,6,0.001,62,"prot25_male",-0.5,-0.125738668673906,1
1,6,0.001,62,"prot25_age",0,0.0212301016290246,1
1,6,0.001,62,"prot25_income",0,0.0841874718553573,1
1,6,0.001,62,"prot25_child",-0.2,-0.214700632195607,1
1,6,0.001,62,"prot50_male",-0.5,0.159070027483172,1
1,6,0.001,62,"prot50_age",0.3,0.0407461936443748,1
1,6,0.001,62,"prot50_income",0,0.0889441571056342,1
1,6,0.001,62,"prot50_child",1,-0.0830749383020519,1
1,6,0.001,62,"invasive_male",0.5,0.131968164089998,1
1,6,0.001,62,"invasive_age",0,-0.0533452246881323,1
1,6,0.001,62,"invasive_income",0,-0.00605644011979381,1
1,6,0.001,62,"invasive_child",-0.9,-0.20462480324619,1
1,6,0.001,63,"ASC2_male",0,-0.0741702200700142,1
1,6,0.001,63,"ASC2_age",0.6,0.0987520618095547,1
1,6,0.001,63,"ASC2_income",-0.7,-0.179340390562551,1
1,6,0.001,63,"ASC2_child",0,0.21536212997712,1
1,6,0.001,63,"ASC3_male",-0.5,-0.134771202923172,1
1,6,0.001,63,"ASC3_age",0,0.00293279879507814,1
1,6,0.001,63,"ASC3_income",0,-0.0892979488014567,1
1,6,0.001,63,"ASC3_child",-0.1,0.285611973676594,1
1,6,0.001,63,"prot25_male",0,0.0706482132913673,1
1,6,0.001,63,"prot25_age",0,-0.061027856942915,1
1,6,0.001,63,"prot25_income",-0.4,-0.111588607211021,1
1,6,0.001,63,"prot25_child",-0.6,-0.280083541588483,1
1,6,0.001,63,"prot50_male",0,0.122126527998963,1
1,6,0.001,63,"prot50_age",0,-0.082808120607632,1
1,6,0.001,63,"prot50_income",-0.9,-0.17809779165055,1
1,6,0.001,63,"prot50_child",-0.7,-0.284236003134613,1
1,6,0.001,63,"invasive_male",0.8,0.257517648573795,1
1,6,0.001,63,"invasive_age",0,-0.0158255931801926,1
1,6,0.001,63,"invasive_income",-0.8,-0.309302153394437,1
1,6,0.001,63,"invasive_child",0,0.180273976896149,1
1,6,0.001,64,"ASC2_male",0.2,-0.0732505721658292,1
1,6,0.001,64,"ASC2_age",0,0.0590621919270662,1
1,6,0.001,64,"ASC2_income",-0.3,-0.0218230423554426,1
1,6,0.001,64,"ASC2_child",0,0.113480852034388,1
1,6,0.001,64,"ASC3_male",0,-0.0841637832697325,1
1,6,0.001,64,"ASC3_age",-1.2,-0.129228130378875,1
1,6,0.001,64,"ASC3_income",0.1,0.065672756537465,1
1,6,0.001,64,"ASC3_child",0,0.151755318906632,1
1,6,0.001,64,"prot25_male",-0.8,-0.0481075456299916,1
1,6,0.001,64,"prot25_age",0.1,-0.0730831778491578,1
1,6,0.001,64,"prot25_income",0.3,0.0127217403432225,1
1,6,0.001,64,"prot25_child",-0.5,-0.175735129259105,1
1,6,0.001,64,"prot50_male",0.2,0.179578207097343,1
1,6,0.001,64,"prot50_age",1.1,0.11315172840717,1
1,6,0.001,64,"prot50_income",0,-0.100094837998047,1
1,6,0.001,64,"prot50_child",0,-0.185352554218525,1
1,6,0.001,64,"invasive_male",0,0.0325247442441056,1
1,6,0.001,64,"invasive_age",0,0.0303263108275834,1
1,6,0.001,64,"invasive_income",0,0.0306718908381994,1
1,6,0.001,64,"invasive_child",0,-0.0946111093800508,1
1,6,0.001,65,"ASC2_male",0,0.268286736854536,1
1,6,0.001,65,"ASC2_age",0.8,-0.107949631503132,1
1,6,0.001,65,"ASC2_income",0.2,-0.0599755611876709,1
1,6,0.001,65,"ASC2_child",0,-0.217578525855278,1
1,6,0.001,65,"ASC3_male",0,0.421207365084,1
1,6,0.001,65,"ASC3_age",0,-0.27293578022206,1
1,6,0.001,65,"ASC3_income",0.7,0.0224270413684429,1
1,6,0.001,65,"ASC3_child",0.5,-0.179637518591963,1
1,6,0.001,65,"prot25_male",0,-0.334775641953282,1
1,6,0.001,65,"prot25_age",0,0.211796508973426,1
1,6,0.001,65,"prot25_income",0,0.0208676511364133,1
1,6,0.001,65,"prot25_child",1,0.31359740290536,1
1,6,0.001,65,"prot50_male",0.6,-0.137011925188249,1
1,6,0.001,65,"prot50_age",0,0.175938182568849,1
1,6,0.001,65,"prot50_income",-0.2,0.049225453941739,1
1,6,0.001,65,"prot50_child",0.5,0.145282609780461,1
1,6,0.001,65,"invasive_male",0.3,0.173280885695667,1
1,6,0.001,65,"invasive_age",0,-0.0698240110887215,1
1,6,0.001,65,"invasive_income",0.9,0.116892016906221,1
1,6,0.001,65,"invasive_child",0,-0.0694757902036846,1
1,6,0.001,66,"ASC2_male",0,-0.193040507031101,1
1,6,0.001,66,"ASC2_age",-0.2,-0.0458722365646137,1
1,6,0.001,66,"ASC2_income",0.4,0.0445543638295662,1
1,6,0.001,66,"ASC2_child",0,0.208459304105528,1
1,6,0.001,66,"ASC3_male",-0.9,-0.341050225142472,1
1,6,0.001,66,"ASC3_age",1,0.214653844250131,1
1,6,0.001,66,"ASC3_income",0,-0.00143657424024137,1
1,6,0.001,66,"ASC3_child",0,0.247343679355171,1
1,6,0.001,66,"prot25_male",-0.5,0.0392481866029057,1
1,6,0.001,66,"prot25_age",0,0.0524522986041142,1
1,6,0.001,66,"prot25_income",0,0.03017584247777,1
1,6,0.001,66,"prot25_child",-1.1,-0.288895983444332,1
1,6,0.001,66,"prot50_male",1,0.248642063610472,1
1,6,0.001,66,"prot50_age",0,-0.0230873696340907,1
1,6,0.001,66,"prot50_income",0.2,0.105793969858274,1
1,6,0.001,66,"prot50_child",0.7,0.0985791967464248,1
1,6,0.001,66,"invasive_male",0,-0.056347116234622,1
1,6,0.001,66,"invasive_age",0,0.0299878813829041,1
1,6,0.001,66,"invasive_income",0,0.0436923133856904,1
1,6,0.001,66,"invasive_child",-1,-0.0648401924977862,1
1,6,0.001,67,"ASC2_male",-0.6,-0.243301467402527,1
1,6,0.001,67,"ASC2_age",-0.5,-0.0982999230447881,1
1,6,0.001,67,"ASC2_income",0,0.0525281062351938,1
1,6,0.001,67,"ASC2_child",0.9,0.0999737851034172,1
1,6,0.001,67,"ASC3_male",0.8,-0.0776947912200813,1
1,6,0.001,67,"ASC3_age",-0.9,-0.157914880299304,1
1,6,0.001,67,"ASC3_income",1.1,0.211770020358626,1
1,6,0.001,67,"ASC3_child",0.1,-0.0354701051107799,1
1,6,0.001,67,"prot25_male",0,0.242400305255435,1
1,6,0.001,67,"prot25_age",-0.2,0.00802022429251553,1
1,6,0.001,67,"prot25_income",0,-0.0152362883297243,1
1,6,0.001,67,"prot25_child",0,0.265244508947742,1
1,6,0.001,67,"prot50_male",1,0.322366222000604,1
1,6,0.001,67,"prot50_age",0,0.0710174980926855,1
1,6,0.001,67,"prot50_income",0,0.0301426633420323,1
1,6,0.001,67,"prot50_child",0.1,0.112002505948515,1
1,6,0.001,67,"invasive_male",0,-0.075427356502404,1
1,6,0.001,67,"invasive_age",0,0.0576284382766316,1
1,6,0.001,67,"invasive_income",0,-0.0143698249984989,1
1,6,0.001,67,"invasive_child",0,0.00246798205825902,1
1,6,0.001,68,"ASC2_male",0,0.235289438999957,1
1,6,0.001,68,"ASC2_age",0.1,0.0946135996344332,1
1,6,0.001,68,"ASC2_income",0,0.00418369544425404,1
1,6,0.001,68,"ASC2_child",-0.8,-0.242950553373361,1
1,6,0.001,68,"ASC3_male",1.1,0.356570188572738,1
1,6,0.001,68,"ASC3_age",-0.5,0.0302488583673889,1
1,6,0.001,68,"ASC3_income",0,-0.0112755483663508,1
1,6,0.001,68,"ASC3_child",-0.9,-0.311604422050914,1
1,6,0.001,68,"prot25_male",0.2,0.0150722401698534,1
1,6,0.001,68,"prot25_age",0,-0.0569913360248514,1
1,6,0.001,68,"prot25_income",0,0.0383576891344518,1
1,6,0.001,68,"prot25_child",-1.1,-0.30142853977569,1
1,6,0.001,68,"prot50_male",0,-0.006168823364115,1
1,6,0.001,68,"prot50_age",0,-0.0811654395589425,1
1,6,0.001,68,"prot50_income",0,0.0635398279493325,1
1,6,0.001,68,"prot50_child",-0.8,-0.330092956523342,1
1,6,0.001,68,"invasive_male",0,0.0298246313229185,1
1,6,0.001,68,"invasive_age",-0.7,-0.139708072143396,1
1,6,0.001,68,"invasive_income",0,-0.0352387860084366,1
1,6,0.001,68,"invasive_child",1.1,-0.0784511032858511,1
1,6,0.001,69,"ASC2_male",1.1,0.385454671968926,1
1,6,0.001,69,"ASC2_age",0,-0.0280794792854358,1
1,6,0.001,69,"ASC2_income",0.4,0.123265433613878,1
1,6,0.001,69,"ASC2_child",1.2,-0.00513480801868626,1
1,6,0.001,69,"ASC3_male",-1,0.0531294247402946,1
1,6,0.001,69,"ASC3_age",0,-0.0266801025137374,1
1,6,0.001,69,"ASC3_income",-1.2,-0.137411249360896,1
1,6,0.001,69,"ASC3_child",0,-0.285407647955882,1
1,6,0.001,69,"prot25_male",0,-0.218248095879184,1
1,6,0.001,69,"prot25_age",0,-0.0231640089673372,1
1,6,0.001,69,"prot25_income",-0.4,-0.128723804424024,1
1,6,0.001,69,"prot25_child",-0.4,0.137150576436574,1
1,6,0.001,69,"prot50_male",0,-0.169043090199413,1
1,6,0.001,69,"prot50_age",0,-0.0395704208735819,1
1,6,0.001,69,"prot50_income",0,-0.0742548262589522,1
1,6,0.001,69,"prot50_child",0,0.217281851527679,1
1,6,0.001,69,"invasive_male",0,0.21329831524786,1
1,6,0.001,69,"invasive_age",-0.5,-0.115895104871167,1
1,6,0.001,69,"invasive_income",-0.2,0.0296431288635547,1
1,6,0.001,69,"invasive_child",-0.2,-0.121675869145708,1
1,6,0.001,70,"ASC2_male",-0.8,0.0109298203413625,1
1,6,0.001,70,"ASC2_age",0,-0.0560806369832057,1
1,6,0.001,70,"ASC2_income",0.3,0.0488936944452278,1
1,6,0.001,70,"ASC2_child",0,-0.0238332511884536,1
1,6,0.001,70,"ASC3_male",0.9,0.267207190941581,1
1,6,0.001,70,"ASC3_age",0,-0.0621409749749174,1
1,6,0.001,70,"ASC3_income",0,0.000942147310912225,0
1,6,0.001,70,"ASC3_child",0,-0.0903697222829992,1
1,6,0.001,70,"prot25_male",0,-0.113786881158503,1
1,6,0.001,70,"prot25_age",0,0.0963561190761213,1
1,6,0.001,70,"prot25_income",0.9,0.148626492373269,1
1,6,0.001,70,"prot25_child",0,0.151558702838881,1
1,6,0.001,70,"prot50_male",-0.1,-0.171399887204238,1
1,6,0.001,70,"prot50_age",-0.9,-0.12055833669498,1
1,6,0.001,70,"prot50_income",0.9,0.134147727235606,1
1,6,0.001,70,"prot50_child",1,0.169993433070303,1
1,6,0.001,70,"invasive_male",0,-0.268372753498955,1
1,6,0.001,70,"invasive_age",0.8,0.115490966020371,1
1,6,0.001,70,"invasive_income",0,0.0462100119174503,1
1,6,0.001,70,"invasive_child",-0.6,-0.10534222999543,1
1,6,0.001,71,"ASC2_male",0.5,-0.0523057548140403,1
1,6,0.001,71,"ASC2_age",1,0.262832734493058,1
1,6,0.001,71,"ASC2_income",0.8,0.157627456532487,1
1,6,0.001,71,"ASC2_child",0.7,-0.0977397688753046,1
1,6,0.001,71,"ASC3_male",0,-0.0508050521539123,1
1,6,0.001,71,"ASC3_age",0,0.104474554456315,1
1,6,0.001,71,"ASC3_income",0,-1.50939147497617e-06,0
1,6,0.001,71,"ASC3_child",1.1,-0.0554493995498065,1
1,6,0.001,71,"prot25_male",0,0.132047346428211,1
1,6,0.001,71,"prot25_age",0,-0.0810512331980268,1
1,6,0.001,71,"prot25_income",0,-0.0428008683756068,1
1,6,0.001,71,"prot25_child",0,-0.0509933651482215,1
1,6,0.001,71,"prot50_male",0,0.108446766933333,1
1,6,0.001,71,"prot50_age",-0.6,-0.199334222649843,1
1,6,0.001,71,"prot50_income",-0.9,-0.122925091075014,1
1,6,0.001,71,"prot50_child",-0.7,-0.263333750585901,1
1,6,0.001,71,"invasive_male",0.8,0.137990524713849,1
1,6,0.001,71,"invasive_age",0,-0.020553836761516,1
1,6,0.001,71,"invasive_income",1,0.109265772849487,1
1,6,0.001,71,"invasive_child",0,-0.251697929662566,1
1,6,0.001,72,"ASC2_male",-0.8,0.113791657279412,1
1,6,0.001,72,"ASC2_age",0,-0.0656624262400806,1
1,6,0.001,72,"ASC2_income",0.3,0.0762010827534682,1
1,6,0.001,72,"ASC2_child",0.2,0.297929975611773,1
1,6,0.001,72,"ASC3_male",0,0.324907335232621,1
1,6,0.001,72,"ASC3_age",0,-0.113127058784565,1
1,6,0.001,72,"ASC3_income",0,0.0052174014335519,1
1,6,0.001,72,"ASC3_child",-0.9,0.11062795315615,1
1,6,0.001,72,"prot25_male",0,-0.256023011797592,1
1,6,0.001,72,"prot25_age",0,0.024756508928625,1
1,6,0.001,72,"prot25_income",0,-0.00583807574790604,1
1,6,0.001,72,"prot25_child",-0.6,-0.371969922385061,1
1,6,0.001,72,"prot50_male",1,-0.159436768897942,1
1,6,0.001,72,"prot50_age",-0.6,0.0135622144322182,1
1,6,0.001,72,"prot50_income",0,0.0227724119335775,1
1,6,0.001,72,"prot50_child",0.4,0.0694028467504611,1
1,6,0.001,72,"invasive_male",-0.5,-0.143506965240383,1
1,6,0.001,72,"invasive_age",0,0.0577122232173313,1
1,6,0.001,72,"invasive_income",0,-0.0383806023204577,1
1,6,0.001,72,"invasive_child",-0.1,0.195934242318957,1
1,6,0.001,73,"ASC2_male",0,-0.0529118804245697,1
1,6,0.001,73,"ASC2_age",0,0.0171519649192703,1
1,6,0.001,73,"ASC2_income",0.5,0.186155470490827,1
1,6,0.001,73,"ASC2_child",-1,-0.183688272210556,1
1,6,0.001,73,"ASC3_male",0.8,0.0756668650405029,1
1,6,0.001,73,"ASC3_age",0,-0.0269164331396527,1
1,6,0.001,73,"ASC3_income",-0.5,0.0531255024549599,1
1,6,0.001,73,"ASC3_child",-1.2,-0.240000891248531,1
1,6,0.001,73,"prot25_male",0,0.215135378805833,1
1,6,0.001,73,"prot25_age",0,-0.0312986913781,1
1,6,0.001,73,"prot25_income",0.4,0.00566993478420067,1
1,6,0.001,73,"prot25_child",0,-0.127177673046231,1
1,6,0.001,73,"prot50_male",-0.7,-0.00628199611772565,1
1,6,0.001,73,"prot50_age",0.7,0.0342655016118593,1
1,6,0.001,73,"prot50_income",1,0.0586280906001153,1
1,6,0.001,73,"prot50_child",0,0.0407481812141625,1
1,6,0.001,73,"invasive_male",0,0.0494216943273874,1
1,6,0.001,73,"invasive_age",0,-0.0453618879687876,1
1,6,0.001,73,"invasive_income",0,-0.0262853546336653,1
1,6,0.001,73,"invasive_child",0.8,0.00223159550971011,1
1,6,0.001,74,"ASC2_male",0,0.0122522158263055,1
1,6,0.001,74,"ASC2_age",0,-0.0323200532256444,1
1,6,0.001,74,"ASC2_income",0,0.0102217402139028,1
1,6,0.001,74,"ASC2_child",-1,-0.00926149167485689,1
1,6,0.001,74,"ASC3_male",0.9,0.182743107590175,1
1,6,0.001,74,"ASC3_age",1.1,0.211303842956291,1
1,6,0.001,74,"ASC3_income",0,-0.0393414025607997,1
1,6,0.001,74,"ASC3_child",0,0.32797923110105,1
1,6,0.001,74,"prot25_male",-0.6,-0.151616333632441,1
1,6,0.001,74,"prot25_age",0.5,0.0766251339695941,1
1,6,0.001,74,"prot25_income",-0.3,0.00813051662494006,1
1,6,0.001,74,"prot25_child",0,-0.208037700543199,1
1,6,0.001,74,"prot50_male",-0.2,-0.132591140549364,1
1,6,0.001,74,"prot50_age",0,-0.0247186840818699,1
1,6,0.001,74,"prot50_income",0,0.0807384025542917,1
1,6,0.001,74,"prot50_child",0,-0.190460516946023,1
1,6,0.001,74,"invasive_male",0,-0.0534771507441598,1
1,6,0.001,74,"invasive_age",-1.1,-0.179164768045783,1
1,6,0.001,74,"invasive_income",0.4,0.0646023677379813,1
1,6,0.001,74,"invasive_child",0.7,0.132564469610537,1
1,6,0.001,75,"ASC2_male",0,0.303460723386819,1
1,6,0.001,75,"ASC2_age",0.5,0.0705925539854819,1
1,6,0.001,75,"ASC2_income",0,0.0553364008972197,1
1,6,0.001,75,"ASC2_child",0,0.128978592048074,1
1,6,0.001,75,"ASC3_male",1,0.421259966012075,1
1,6,0.001,75,"ASC3_age",0,-0.0723449014747307,1
1,6,0.001,75,"ASC3_income",0,0.065760257138449,1
1,6,0.001,75,"ASC3_child",-0.8,-0.0969756228326983,1
1,6,0.001,75,"prot25_male",0.9,-0.00176072036129204,1
1,6,0.001,75,"prot25_age",1,0.192375455615881,1
1,6,0.001,75,"prot25_income",0,-0.0993919431510553,1
1,6,0.001,75,"prot25_child",-1,-0.148813229685289,1
1,6,0.001,75,"prot50_male",0,-0.0943422304853104,1
1,6,0.001,75,"prot50_age",0,0.017563226389862,1
1,6,0.001,75,"prot50_income",-0.9,-0.221293432709724,1
1,6,0.001,75,"prot50_child",-0.4,-0.0218300680231013,1
1,6,0.001,75,"invasive_male",0.7,0.294219374569947,1
1,6,0.001,75,"invasive_age",0,0.0567289404655934,1
1,6,0.001,75,"invasive_income",-0.5,-0.16597645588123,1
1,6,0.001,75,"invasive_child",0,0.209005260811197,1
1,6,0.001,76,"ASC2_male",-0.7,-0.0239235467805018,1
1,6,0.001,76,"ASC2_age",0,0.0379441763469891,1
1,6,0.001,76,"ASC2_income",0,-0.13285906743055,1
1,6,0.001,76,"ASC2_child",-1,-0.251447228027683,1
1,6,0.001,76,"ASC3_male",-0.4,0.0377030108085134,1
1,6,0.001,76,"ASC3_age",0,0.0176751422064029,1
1,6,0.001,76,"ASC3_income",-0.5,-0.236860882890149,1
1,6,0.001,76,"ASC3_child",-0.6,-0.163927011011945,1
1,6,0.001,76,"prot25_male",0,0.0361867858030177,1
1,6,0.001,76,"prot25_age",0,-0.089502195582566,1
1,6,0.001,76,"prot25_income",0,0.134500129234396,1
1,6,0.001,76,"prot25_child",-0.5,-0.0715023578193981,1
1,6,0.001,76,"prot50_male",-0.1,-0.121473729594572,1
1,6,0.001,76,"prot50_age",0,-0.0375333483098393,1
1,6,0.001,76,"prot50_income",0,0.113724118324056,1
1,6,0.001,76,"prot50_child",0,-0.0518261108623306,1
1,6,0.001,76,"invasive_male",-0.4,-0.245943833253389,1
1,6,0.001,76,"invasive_age",0,0.0135002076306446,1
1,6,0.001,76,"invasive_income",-0.2,-0.06335849162494,1
1,6,0.001,76,"invasive_child",0.1,-0.0711507620730049,1
1,6,0.001,77,"ASC2_male",0.4,0.166959022497862,1
1,6,0.001,77,"ASC2_age",-0.4,-0.0270979563015808,1
1,6,0.001,77,"ASC2_income",0,-0.109084890500342,1
1,6,0.001,77,"ASC2_child",-1.1,-0.125176026975463,1
1,6,0.001,77,"ASC3_male",0,0.177001531790673,1
1,6,0.001,77,"ASC3_age",0,-0.0210855814233473,1
1,6,0.001,77,"ASC3_income",0,-0.0853945534844622,1
1,6,0.001,77,"ASC3_child",0,0.000918221711177846,0
1,6,0.001,77,"prot25_male",0.8,-0.0485167758891475,1
1,6,0.001,77,"prot25_age",0.6,0.0400523478629011,1
1,6,0.001,77,"prot25_income",0,0.0438167606572297,1
1,6,0.001,77,"prot25_child",0,0.0180281354368025,1
1,6,0.001,77,"prot50_male",0,-0.147048192025082,1
1,6,0.001,77,"prot50_age",-0.5,-0.154915693814794,1
1,6,0.001,77,"prot50_income",-1.1,-0.250037332799788,1
1,6,0.001,77,"prot50_child",0,-0.0713465597391127,1
1,6,0.001,77,"invasive_male",0,-0.0670476749553566,1
1,6,0.001,77,"invasive_age",1,0.156172536635546,1
1,6,0.001,77,"invasive_income",0.6,-0.00501292014652264,1
1,6,0.001,77,"invasive_child",-0.2,-0.117385739208374,1
1,6,0.001,78,"ASC2_male",0,0.0661028340630886,1
1,6,0.001,78,"ASC2_age",0,0.121342741210117,1
1,6,0.001,78,"ASC2_income",0,0.141154018815582,1
1,6,0.001,78,"ASC2_child",0,0.236374104322697,1
1,6,0.001,78,"ASC3_male",0,0.110036743015115,1
1,6,0.001,78,"ASC3_age",0,0.084368330691157,1
1,6,0.001,78,"ASC3_income",-0.4,0.0162040849562027,1
1,6,0.001,78,"ASC3_child",0,0.179568513070718,1
1,6,0.001,78,"prot25_male",-1.1,-0.210704873879649,1
1,6,0.001,78,"prot25_age",0,0.00131388582239389,1
1,6,0.001,78,"prot25_income",-0.2,-0.0381486389112338,1
1,6,0.001,78,"prot25_child",0,-0.378820334297973,1
1,6,0.001,78,"prot50_male",0.6,0.0950056110966482,1
1,6,0.001,78,"prot50_age",-0.4,-0.0541766215223304,1
1,6,0.001,78,"prot50_income",-0.9,-0.20392581528045,1
1,6,0.001,78,"prot50_child",0.6,-0.22705027107436,1
1,6,0.001,78,"invasive_male",-0.6,-0.126812235265518,1
1,6,0.001,78,"invasive_age",0.9,0.263408287260644,1
1,6,0.001,78,"invasive_income",1.2,0.326903016982332,1
1,6,0.001,78,"invasive_child",0,-0.180145104473392,1
1,6,0.001,79,"ASC2_male",0,-0.24196663134715,1
1,6,0.001,79,"ASC2_age",0,-0.020736058896587,1
1,6,0.001,79,"ASC2_income",0,-0.0132017785831321,1
1,6,0.001,79,"ASC2_child",0,-0.00645349706038187,1
1,6,0.001,79,"ASC3_male",0,-0.182785293868413,1
1,6,0.001,79,"ASC3_age",0,-0.037414028644248,1
1,6,0.001,79,"ASC3_income",0.2,0.043518123121859,1
1,6,0.001,79,"ASC3_child",-0.3,-0.0529222990770443,1
1,6,0.001,79,"prot25_male",0.2,0.273806942840015,1
1,6,0.001,79,"prot25_age",0,-0.0264210555068465,1
1,6,0.001,79,"prot25_income",0.9,0.233415785087436,1
1,6,0.001,79,"prot25_child",0.3,0.0463886004560707,1
1,6,0.001,79,"prot50_male",1,0.463113306860629,1
1,6,0.001,79,"prot50_age",0,-0.0563842131888574,1
1,6,0.001,79,"prot50_income",-0.7,-0.0238265122117981,1
1,6,0.001,79,"prot50_child",0,-0.122744404947286,1
1,6,0.001,79,"invasive_male",-0.6,-0.0936171539202506,1
1,6,0.001,79,"invasive_age",-1.1,-0.217318737337135,1
1,6,0.001,79,"invasive_income",0,0.0116038061257964,1
1,6,0.001,79,"invasive_child",-0.1,-0.0311647877068746,1
1,6,0.001,80,"ASC2_male",0.8,0.183123196979595,1
1,6,0.001,80,"ASC2_age",0,0.0146925402107362,1
1,6,0.001,80,"ASC2_income",0.4,0.0727908883764317,1
1,6,0.001,80,"ASC2_child",-1,-0.1908689591219,1
1,6,0.001,80,"ASC3_male",0,-0.0490565107145132,1
1,6,0.001,80,"ASC3_age",1,0.131045695191569,1
1,6,0.001,80,"ASC3_income",0,0.0137033940223842,1
1,6,0.001,80,"ASC3_child",-1.1,-0.250195708670977,1
1,6,0.001,80,"prot25_male",0.8,-0.178551988785969,1
1,6,0.001,80,"prot25_age",0,0.118313104945021,1
1,6,0.001,80,"prot25_income",0,-0.0986133157538715,1
1,6,0.001,80,"prot25_child",0.3,0.184355173147912,1
1,6,0.001,80,"prot50_male",0,-0.114156150313259,1
1,6,0.001,80,"prot50_age",1,0.318308674120557,1
1,6,0.001,80,"prot50_income",0,-0.0408569760709982,1
1,6,0.001,80,"prot50_child",0,0.04377485232245,1
1,6,0.001,80,"invasive_male",0,-0.250588708272199,1
1,6,0.001,80,"invasive_age",1,0.218798988466531,1
1,6,0.001,80,"invasive_income",0,-0.0156208789015665,1
1,6,0.001,80,"invasive_child",1.1,0.129454899108683,1
1,6,0.001,81,"ASC2_male",1,0.350529723945704,1
1,6,0.001,81,"ASC2_age",0,-0.102318195461662,1
1,6,0.001,81,"ASC2_income",0,-0.0474716564757919,1
1,6,0.001,81,"ASC2_child",0,0.12379001449565,1
1,6,0.001,81,"ASC3_male",0,0.0782729380416459,1
1,6,0.001,81,"ASC3_age",0,-0.0565810015733736,1
1,6,0.001,81,"ASC3_income",0,-0.0168126742107191,1
1,6,0.001,81,"ASC3_child",-0.4,0.129426614830332,1
1,6,0.001,81,"prot25_male",0,-0.0697027254277543,1
1,6,0.001,81,"prot25_age",0,0.0529217586000787,1
1,6,0.001,81,"prot25_income",0,0.0699620837527269,1
1,6,0.001,81,"prot25_child",-0.2,-0.0305278566172853,1
1,6,0.001,81,"prot50_male",1.1,0.110665310304441,1
1,6,0.001,81,"prot50_age",0.8,0.0593447058246663,1
1,6,0.001,81,"prot50_income",0,0.109294775613129,1
1,6,0.001,81,"prot50_child",-0.3,-0.146946576495145,1
1,6,0.001,81,"invasive_male",-0.2,-0.108969918472958,1
1,6,0.001,81,"invasive_age",-1.2,-0.263364939121277,1
1,6,0.001,81,"invasive_income",0.4,0.0719940156053274,1
1,6,0.001,81,"invasive_child",1.1,0.226918285580034,1
1,6,0.001,82,"ASC2_male",0,0.0928111983543353,1
1,6,0.001,82,"ASC2_age",0,0.163918831446663,1
1,6,0.001,82,"ASC2_income",-0.8,-0.143458827768466,1
1,6,0.001,82,"ASC2_child",0.4,0.170061040885706,1
1,6,0.001,82,"ASC3_male",-0.5,0.0502191932455806,1
1,6,0.001,82,"ASC3_age",0,0.151406901036393,1
1,6,0.001,82,"ASC3_income",0,-0.0344482383313772,1
1,6,0.001,82,"ASC3_child",0,0.0493145926170693,1
1,6,0.001,82,"prot25_male",-0.5,-0.178027807040086,1
1,6,0.001,82,"prot25_age",0,-0.13147649578045,1
1,6,0.001,82,"prot25_income",0.8,0.13046391296213,1
1,6,0.001,82,"prot25_child",0,-0.15201468259424,1
1,6,0.001,82,"prot50_male",-0.3,-0.149302801313481,1
1,6,0.001,82,"prot50_age",0,-0.0290055562851011,1
1,6,0.001,82,"prot50_income",0.6,0.182791600997079,1
1,6,0.001,82,"prot50_child",0.3,-0.0939297928193141,1
1,6,0.001,82,"invasive_male",-1.1,-0.228596783934556,1
1,6,0.001,82,"invasive_age",-1.2,-0.160609518332136,1
1,6,0.001,82,"invasive_income",0,0.064257274309105,1
1,6,0.001,82,"invasive_child",0,-0.171400994279614,1
1,6,0.001,83,"ASC2_male",0.5,-0.138050774186518,1
1,6,0.001,83,"ASC2_age",0,0.0261177216912151,1
1,6,0.001,83,"ASC2_income",-0.6,-0.0877412018886346,1
1,6,0.001,83,"ASC2_child",-0.5,-0.140505420177817,1
1,6,0.001,83,"ASC3_male",0,-0.165836830651815,1
1,6,0.001,83,"ASC3_age",0,0.0146293414608627,1
1,6,0.001,83,"ASC3_income",0,0.00755501195865941,1
1,6,0.001,83,"ASC3_child",0,-0.142798833522582,1
1,6,0.001,83,"prot25_male",-1,-0.090961230248525,1
1,6,0.001,83,"prot25_age",0.1,0.0345301067306923,1
1,6,0.001,83,"prot25_income",0,-0.0235469145607159,1
1,6,0.001,83,"prot25_child",0,0.0824736249866939,1
1,6,0.001,83,"prot50_male",0.7,0.166509389392597,1
1,6,0.001,83,"prot50_age",0,0.0188721719724614,1
1,6,0.001,83,"prot50_income",1.1,0.166507435329184,1
1,6,0.001,83,"prot50_child",0,-0.0251055314213911,1
1,6,0.001,83,"invasive_male",0.7,0.0445433315012765,1
1,6,0.001,83,"invasive_age",-1,-0.126454152937241,1
1,6,0.001,83,"invasive_income",0.3,0.00527615485765223,1
1,6,0.001,83,"invasive_child",0,-0.0604533229247297,1
1,6,0.001,84,"ASC2_male",0,0.190380752057314,1
1,6,0.001,84,"ASC2_age",0,0.0150626182886856,1
1,6,0.001,84,"ASC2_income",-0.9,-0.181548757764447,1
1,6,0.001,84,"ASC2_child",1.1,-0.0286645599618343,1
1,6,0.001,84,"ASC3_male",0.7,0.279394852632025,1
1,6,0.001,84,"ASC3_age",0,0.0244299840139809,1
1,6,0.001,84,"ASC3_income",0,0.019498306946024,1
1,6,0.001,84,"ASC3_child",0.3,0.0999126147978017,1
1,6,0.001,84,"prot25_male",0.3,-0.158996762831829,1
1,6,0.001,84,"prot25_age",0,-0.0440466652802967,1
1,6,0.001,84,"prot25_income",0,0.0627330367741131,1
1,6,0.001,84,"prot25_child",0,0.0934471349493421,1
1,6,0.001,84,"prot50_male",0,-0.171269486651602,1
1,6,0.001,84,"prot50_age",-0.2,-0.0251835072560454,1
1,6,0.001,84,"prot50_income",0.5,0.10748889309952,1
1,6,0.001,84,"prot50_child",0,0.0271411543574858,1
1,6,0.001,84,"invasive_male",0,-0.0311503317372493,1
1,6,0.001,84,"invasive_age",-0.7,-0.154016083652977,1
1,6,0.001,84,"invasive_income",-0.9,-0.0902253129801878,1
1,6,0.001,84,"invasive_child",0.5,-0.00285993403988831,1
1,6,0.001,85,"ASC2_male",0.9,0.22462762903813,1
1,6,0.001,85,"ASC2_age",0,-0.0588158133865795,1
1,6,0.001,85,"ASC2_income",-0.2,-0.0686594840711726,1
1,6,0.001,85,"ASC2_child",0.5,0.0581006019967675,1
1,6,0.001,85,"ASC3_male",0,0.0906736352161679,1
1,6,0.001,85,"ASC3_age",0,-0.0589335106717431,1
1,6,0.001,85,"ASC3_income",0,0.00158566189505843,1
1,6,0.001,85,"ASC3_child",0.8,0.187380198929814,1
1,6,0.001,85,"prot25_male",0.4,0.052001862360853,1
1,6,0.001,85,"prot25_age",0,-0.0081282432319341,1
1,6,0.001,85,"prot25_income",0.5,0.0814271866554808,1
1,6,0.001,85,"prot25_child",-0.2,0.0597980134353367,1
1,6,0.001,85,"prot50_male",-0.1,-0.00768990292254155,1
1,6,0.001,85,"prot50_age",0,0.0295220162300462,1
1,6,0.001,85,"prot50_income",-1.1,-0.12318877133086,1
1,6,0.001,85,"prot50_child",0,0.29088248352734,1
1,6,0.001,85,"invasive_male",0.7,0.190764818748841,1
1,6,0.001,85,"invasive_age",0,-0.0419332689817192,1
1,6,0.001,85,"invasive_income",0,0.0248312600436398,1
1,6,0.001,85,"invasive_child",0,0.144722709985381,1
1,6,0.001,86,"ASC2_male",0.2,0.138521240408026,1
1,6,0.001,86,"ASC2_age",0.4,0.0820854840110809,1
1,6,0.001,86,"ASC2_income",0,0.0303668760839758,1
1,6,0.001,86,"ASC2_child",-0.2,-0.330708484278853,1
1,6,0.001,86,"ASC3_male",-0.2,0.0301732134220446,1
1,6,0.001,86,"ASC3_age",0,0.0213746137221385,1
1,6,0.001,86,"ASC3_income",0,0.0464313467090941,1
1,6,0.001,86,"ASC3_child",0,-0.340677416141175,1
1,6,0.001,86,"prot25_male",0,0.00814037002054346,1
1,6,0.001,86,"prot25_age",0,-0.00763204188810296,1
1,6,0.001,86,"prot25_income",-0.2,-0.119658683869844,1
1,6,0.001,86,"prot25_child",0,0.0965196872689065,1
1,6,0.001,86,"prot50_male",0.6,0.0406278448176853,1
1,6,0.001,86,"prot50_age",-1,-0.171475909729882,1
1,6,0.001,86,"prot50_income",0,-0.0871691774003907,1
1,6,0.001,86,"prot50_child",1,0.167329980511958,1
1,6,0.001,86,"invasive_male",0.5,0.0795667833935084,1
1,6,0.001,86,"invasive_age",0,0.0275543682331299,1
1,6,0.001,86,"invasive_income",0,0.0847276694128348,1
1,6,0.001,86,"invasive_child",-1,-0.339271801561516,1
1,6,0.001,87,"ASC2_male",0.2,0.220484229771362,1
1,6,0.001,87,"ASC2_age",1.1,0.181514487513311,1
1,6,0.001,87,"ASC2_income",0,0.0297110407128083,1
1,6,0.001,87,"ASC2_child",0,-0.0337435818173972,1
1,6,0.001,87,"ASC3_male",0,0.0490394430371904,1
1,6,0.001,87,"ASC3_age",-0.4,-0.0627678406919499,1
1,6,0.001,87,"ASC3_income",0,0.0823424363056036,1
1,6,0.001,87,"ASC3_child",0.7,0.147577364519049,1
1,6,0.001,87,"prot25_male",-1.2,-0.388453905725212,1
1,6,0.001,87,"prot25_age",-0.9,-0.156077884798437,1
1,6,0.001,87,"prot25_income",0,-0.0284065013136231,1
1,6,0.001,87,"prot25_child",-0.2,0.0696422804844321,1
1,6,0.001,87,"prot50_male",-0.5,-0.278781235420273,1
1,6,0.001,87,"prot50_age",0,-0.0287610918558629,1
1,6,0.001,87,"prot50_income",0,-0.120953643423695,1
1,6,0.001,87,"prot50_child",0.4,0.116632468668371,1
1,6,0.001,87,"invasive_male",0,0.05778632452335,1
1,6,0.001,87,"invasive_age",0,0.0586556615279502,1
1,6,0.001,87,"invasive_income",0,-0.0329885177183248,1
1,6,0.001,87,"invasive_child",0.8,0.0566929918461145,1
1,6,0.001,88,"ASC2_male",-1.1,-0.343206476748086,1
1,6,0.001,88,"ASC2_age",0,0.0237355700960143,1
1,6,0.001,88,"ASC2_income",0.3,0.0467137553172898,1
1,6,0.001,88,"ASC2_child",0,-0.0775524716303858,1
1,6,0.001,88,"ASC3_male",-1.1,-0.308651957613244,1
1,6,0.001,88,"ASC3_age",0,-0.0100628414572883,1
1,6,0.001,88,"ASC3_income",0,0.0455238159799161,1
1,6,0.001,88,"ASC3_child",0.5,-0.0749165297246004,1
1,6,0.001,88,"prot25_male",0.6,0.272296809900061,1
1,6,0.001,88,"prot25_age",0,-0.0574721554698748,1
1,6,0.001,88,"prot25_income",0,0.048088094538793,1
1,6,0.001,88,"prot25_child",0,0.0801206039843139,1
1,6,0.001,88,"prot50_male",0,0.137760156567106,1
1,6,0.001,88,"prot50_age",-0.3,-0.0620559052686164,1
1,6,0.001,88,"prot50_income",-0.5,-0.0808998374945186,1
1,6,0.001,88,"prot50_child",0.8,0.333248735512445,1
1,6,0.001,88,"invasive_male",0,0.0317362345884467,1
1,6,0.001,88,"invasive_age",-1.1,-0.210636473792642,1
1,6,0.001,88,"invasive_income",0.4,0.116690814125092,1
1,6,0.001,88,"invasive_child",0,0.110180107001358,1
1,6,0.001,89,"ASC2_male",0,0.228882945401882,1
1,6,0.001,89,"ASC2_age",0,-0.136252310185248,1
1,6,0.001,89,"ASC2_income",0.5,0.177702790160762,1
1,6,0.001,89,"ASC2_child",0,-0.421288916741466,1
1,6,0.001,89,"ASC3_male",0,0.196754053556721,1
1,6,0.001,89,"ASC3_age",0.3,-0.0527559374388468,1
1,6,0.001,89,"ASC3_income",-0.8,-0.0919727327717475,1
1,6,0.001,89,"ASC3_child",0,-0.393557068098686,1
1,6,0.001,89,"prot25_male",0.1,-0.122025498691408,1
1,6,0.001,89,"prot25_age",-0.1,0.0766212467787714,1
1,6,0.001,89,"prot25_income",0,-0.00223647098425363,1
1,6,0.001,89,"prot25_child",-1.2,0.0632944433763043,1
1,6,0.001,89,"prot50_male",-0.5,-0.303860057012626,1
1,6,0.001,89,"prot50_age",0,0.075682507232082,1
1,6,0.001,89,"prot50_income",0,-0.00501475753062011,1
1,6,0.001,89,"prot50_child",0,0.222478616143183,1
1,6,0.001,89,"invasive_male",-0.6,-0.00937817210566656,1
1,6,0.001,89,"invasive_age",0.2,0.0014950051872747,1
1,6,0.001,89,"invasive_income",1.1,0.310312917350144,1
1,6,0.001,89,"invasive_child",0,-0.234442879568184,1
1,6,0.001,90,"ASC2_male",-1,-0.171470726515804,1
1,6,0.001,90,"ASC2_age",-0.2,-0.0755118585265709,1
1,6,0.001,90,"ASC2_income",-0.9,-0.239658636711451,1
1,6,0.001,90,"ASC2_child",0.8,0.0448861058456497,1
1,6,0.001,90,"ASC3_male",0,-0.00390641990633067,1
1,6,0.001,90,"ASC3_age",0,-0.0561826019793828,1
1,6,0.001,90,"ASC3_income",0,-0.125778661742882,1
1,6,0.001,90,"ASC3_child",0.6,-0.0105936336840527,1
1,6,0.001,90,"prot25_male",0,-0.0250968844245709,1
1,6,0.001,90,"prot25_age",0,-0.00180889694735134,1
1,6,0.001,90,"prot25_income",0.8,0.280934338123777,1
1,6,0.001,90,"prot25_child",0,-0.166352286039137,1
1,6,0.001,90,"prot50_male",0,-0.229531616234303,1
1,6,0.001,90,"prot50_age",1,0.168498093639194,1
1,6,0.001,90,"prot50_income",0.6,0.256955052302611,1
1,6,0.001,90,"prot50_child",0,-0.076730106754895,1
1,6,0.001,90,"invasive_male",0,-0.0735521290801653,1
1,6,0.001,90,"invasive_age",0,-0.0650669555046496,1
1,6,0.001,90,"invasive_income",-0.6,-0.0941726797299715,1
1,6,0.001,90,"invasive_child",-1.2,-0.439994250259027,1
1,6,0.001,91,"ASC2_male",1.2,0.147286381659664,1
1,6,0.001,91,"ASC2_age",0.2,0.0958014574210949,1
1,6,0.001,91,"ASC2_income",0,-0.156716309430218,1
1,6,0.001,91,"ASC2_child",0,-0.0335048419467666,1
1,6,0.001,91,"ASC3_male",0,-0.156718459219159,1
1,6,0.001,91,"ASC3_age",0,0.0225225557368901,1
1,6,0.001,91,"ASC3_income",0.6,-0.00455749411794356,1
1,6,0.001,91,"ASC3_child",1.1,0.0692741309512687,1
1,6,0.001,91,"prot25_male",0,0.180929053183924,1
1,6,0.001,91,"prot25_age",0.3,-0.0988897441576833,1
1,6,0.001,91,"prot25_income",0.2,0.100281053987975,1
1,6,0.001,91,"prot25_child",0,0.0441742344371739,1
1,6,0.001,91,"prot50_male",-0.7,-0.0252945575618959,1
1,6,0.001,91,"prot50_age",0,-0.0587052394230644,1
1,6,0.001,91,"prot50_income",-1,-0.171727118843886,1
1,6,0.001,91,"prot50_child",0,0.119901900924577,1
1,6,0.001,91,"invasive_male",-0.6,-0.113369746964269,1
1,6,0.001,91,"invasive_age",0,-0.0542725393023225,1
1,6,0.001,91,"invasive_income",0.4,-0.0598076535847284,1
1,6,0.001,91,"invasive_child",0,0.0450724534877275,1
1,6,0.001,92,"ASC2_male",-0.4,0.0557476708328023,1
1,6,0.001,92,"ASC2_age",0,-0.0168750773078711,1
1,6,0.001,92,"ASC2_income",1,0.112449058842883,1
1,6,0.001,92,"ASC2_child",0,-0.13014927902445,1
1,6,0.001,92,"ASC3_male",-1.1,-0.0498300356585564,1
1,6,0.001,92,"ASC3_age",0.6,0.0660754490043439,1
1,6,0.001,92,"ASC3_income",0.8,0.0365751123543611,1
1,6,0.001,92,"ASC3_child",0,0.0440909947564487,1
1,6,0.001,92,"prot25_male",0,0.0606430397785066,1
1,6,0.001,92,"prot25_age",0,-0.0243672469339722,1
1,6,0.001,92,"prot25_income",0.7,0.195009405333591,1
1,6,0.001,92,"prot25_child",-0.8,-0.259647487502854,1
1,6,0.001,92,"prot50_male",1,-0.0153022628313129,1
1,6,0.001,92,"prot50_age",0,0.105494148745602,1
1,6,0.001,92,"prot50_income",-1.2,-0.112826981130018,1
1,6,0.001,92,"prot50_child",0,0.248355469360019,1
1,6,0.001,92,"invasive_male",0,0.0749692819221532,1
1,6,0.001,92,"invasive_age",0,-0.0439789566205339,1
1,6,0.001,92,"invasive_income",-0.9,-0.196012389033009,1
1,6,0.001,92,"invasive_child",0,0.16357557359322,1
1,6,0.001,93,"ASC2_male",0,0.0133001141510455,1
1,6,0.001,93,"ASC2_age",1,0.133862429500259,1
1,6,0.001,93,"ASC2_income",0,0.0997692277468771,1
1,6,0.001,93,"ASC2_child",-0.3,-0.0715517770301209,1
1,6,0.001,93,"ASC3_male",-1,-0.0699515024310925,1
1,6,0.001,93,"ASC3_age",0,0.0459310316463865,1
1,6,0.001,93,"ASC3_income",0,0.079035785221703,1
1,6,0.001,93,"ASC3_child",0.1,0.106966266966782,1
1,6,0.001,93,"prot25_male",0.7,0.170403379684237,1
1,6,0.001,93,"prot25_age",0,0.0270661576073072,1
1,6,0.001,93,"prot25_income",-0.7,-0.0947484586724198,1
1,6,0.001,93,"prot25_child",0,0.020236627929173,1
1,6,0.001,93,"prot50_male",0,0.192712428425971,1
1,6,0.001,93,"prot50_age",0,-0.0915111542762449,1
1,6,0.001,93,"prot50_income",0,-0.0220079008498068,1
1,6,0.001,93,"prot50_child",0.9,0.184494166181264,1
1,6,0.001,93,"invasive_male",-0.7,0.00646184014176076,1
1,6,0.001,93,"invasive_age",-0.7,-0.133784429225455,1
1,6,0.001,93,"invasive_income",0,0.0506808095342431,1
1,6,0.001,93,"invasive_child",-0.2,-0.0608386100257205,1
1,6,0.001,94,"ASC2_male",0.3,0.0119494474498623,1
1,6,0.001,94,"ASC2_age",-0.4,-0.0262905843501594,1
1,6,0.001,94,"ASC2_income",-0.4,-0.154961288864179,1
1,6,0.001,94,"ASC2_child",-0.6,-0.087521093365327,1
1,6,0.001,94,"ASC3_male",-0.3,0.0186744103983352,1
1,6,0.001,94,"ASC3_age",0,0.0740434942174911,1
1,6,0.001,94,"ASC3_income",0,-0.0195415428786401,1
1,6,0.001,94,"ASC3_child",0.9,0.240306761111286,1
1,6,0.001,94,"prot25_male",0.3,0.13182391545585,1
1,6,0.001,94,"prot25_age",0,-0.0943084131708249,1
1,6,0.001,94,"prot25_income",0.2,-0.0575557418879561,1
1,6,0.001,94,"prot25_child",0,0.0050975961512752,1
1,6,0.001,94,"prot50_male",0,-0.0677824831626784,1
1,6,0.001,94,"prot50_age",0.5,0.0218696706734485,1
1,6,0.001,94,"prot50_income",0,-0.0347904464866701,1
1,6,0.001,94,"prot50_child",-0.1,-0.183061452977508,1
1,6,0.001,94,"invasive_male",0,0.109675121960307,1
1,6,0.001,94,"invasive_age",0,0.00538954768401189,1
1,6,0.001,94,"invasive_income",0,-0.0795355185982753,1
1,6,0.001,94,"invasive_child",0,-0.126745993418922,1
1,6,0.001,95,"ASC2_male",-0.9,-0.254532190776085,1
1,6,0.001,95,"ASC2_age",0,-0.025367710653957,1
1,6,0.001,95,"ASC2_income",0,-0.0541167902067136,1
1,6,0.001,95,"ASC2_child",0,-0.419562582360756,1
1,6,0.001,95,"ASC3_male",0,-0.174390485751517,1
1,6,0.001,95,"ASC3_age",1.1,0.151898734716993,1
1,6,0.001,95,"ASC3_income",0.8,0.087733144964537,1
1,6,0.001,95,"ASC3_child",-1,-0.469162834726859,1
1,6,0.001,95,"prot25_male",-1,-0.0823363760671768,1
1,6,0.001,95,"prot25_age",0.8,0.162019722484552,1
1,6,0.001,95,"prot25_income",0.7,0.216134710402213,1
1,6,0.001,95,"prot25_child",0.6,0.265021046460651,1
1,6,0.001,95,"prot50_male",0,0.142574880604734,1
1,6,0.001,95,"prot50_age",0,0.0506574040134092,1
1,6,0.001,95,"prot50_income",1,0.267855529289983,1
1,6,0.001,95,"prot50_child",0,0.191040828343128,1
1,6,0.001,95,"invasive_male",0,0.0366309553907093,1
1,6,0.001,95,"invasive_age",0,0.0486756703879503,1
1,6,0.001,95,"invasive_income",0,0.00159466897181272,1
1,6,0.001,95,"invasive_child",0.4,0.0188471207791649,1
1,6,0.001,96,"ASC2_male",0.6,-0.0629351401698018,1
1,6,0.001,96,"ASC2_age",0,-0.130830798411013,1
1,6,0.001,96,"ASC2_income",0,-0.0176984547674826,1
1,6,0.001,96,"ASC2_child",0,0.0232309436464688,1
1,6,0.001,96,"ASC3_male",-0.1,-0.186025176740657,1
1,6,0.001,96,"ASC3_age",1.2,0.0378833622992169,1
1,6,0.001,96,"ASC3_income",0,-0.0343599585278581,1
1,6,0.001,96,"ASC3_child",0,-0.0903800314966066,1
1,6,0.001,96,"prot25_male",-0.6,0.258799822046243,1
1,6,0.001,96,"prot25_age",0.3,0.0595213426963944,1
1,6,0.001,96,"prot25_income",-0.8,-0.0923841776716327,1
1,6,0.001,96,"prot25_child",0.7,0.19035093885974,1
1,6,0.001,96,"prot50_male",-1,-0.0167733892745483,1
1,6,0.001,96,"prot50_age",0,0.0762884231152416,1
1,6,0.001,96,"prot50_income",0,0.0735482647911559,1
1,6,0.001,96,"prot50_child",0,-0.0143492861252147,1
1,6,0.001,96,"invasive_male",-0.2,0.071856641576982,1
1,6,0.001,96,"invasive_age",-0.4,-0.167843963485496,1
1,6,0.001,96,"invasive_income",0,0.0247253800304922,1
1,6,0.001,96,"invasive_child",0,0.038415182416315,1
1,6,0.001,97,"ASC2_male",-1,0.168859521289077,1
1,6,0.001,97,"ASC2_age",0.2,-0.0748088631191329,1
1,6,0.001,97,"ASC2_income",0,-0.0116004031572888,1
1,6,0.001,97,"ASC2_child",-0.3,-0.219693013264278,1
1,6,0.001,97,"ASC3_male",0.5,0.352321286880306,1
1,6,0.001,97,"ASC3_age",0.5,-0.00582071491828023,1
1,6,0.001,97,"ASC3_income",0,-0.067805934823653,1
1,6,0.001,97,"ASC3_child",-0.2,-0.262961943530209,1
1,6,0.001,97,"prot25_male",0,-0.106897542464402,1
1,6,0.001,97,"prot25_age",0,0.0857993839387118,1
1,6,0.001,97,"prot25_income",-0.1,0.0786466921882165,1
1,6,0.001,97,"prot25_child",0,0.075759737831312,1
1,6,0.001,97,"prot50_male",0.6,-0.0398594687278817,1
1,6,0.001,97,"prot50_age",0,0.0756115667145575,1
1,6,0.001,97,"prot50_income",-0.5,-0.0583633389070738,1
1,6,0.001,97,"prot50_child",0,-0.0250280506436383,1
1,6,0.001,97,"invasive_male",0,0.128869530850322,1
1,6,0.001,97,"invasive_age",0,-0.000275627213222753,0
1,6,0.001,97,"invasive_income",-0.7,-0.0299421262541693,1
1,6,0.001,97,"invasive_child",0,-0.172415330469131,1
1,6,0.001,98,"ASC2_male",0,0.0543824960855763,1
1,6,0.001,98,"ASC2_age",0,0.00449174941241697,1
1,6,0.001,98,"ASC2_income",-0.5,-0.0167048958767801,1
1,6,0.001,98,"ASC2_child",-1.1,-0.274942822959545,1
1,6,0.001,98,"ASC3_male",-0.3,-0.0911615607689947,1
1,6,0.001,98,"ASC3_age",1,0.117240423009215,1
1,6,0.001,98,"ASC3_income",0,0.0672183888733422,1
1,6,0.001,98,"ASC3_child",-0.6,-0.187511701157815,1
1,6,0.001,98,"prot25_male",-0.4,-0.0200252146765823,1
1,6,0.001,98,"prot25_age",0,0.00251923353523508,1
1,6,0.001,98,"prot25_income",1.2,0.163774496761638,1
1,6,0.001,98,"prot25_child",-0.8,-0.0177309844306396,1
1,6,0.001,98,"prot50_male",-1.1,-0.424002224210381,1
1,6,0.001,98,"prot50_age",0,-0.0596071560234629,1
1,6,0.001,98,"prot50_income",0,-0.0260747919819768,1
1,6,0.001,98,"prot50_child",0,0.301028550846725,1
1,6,0.001,98,"invasive_male",0,-0.0686060721046347,1
1,6,0.001,98,"invasive_age",0,-0.0242852800300414,1
1,6,0.001,98,"invasive_income",0,-0.0468065732134736,1
1,6,0.001,98,"invasive_child",1,0.230621597924231,1
1,6,0.001,99,"ASC2_male",1.1,0.345819334617744,1
1,6,0.001,99,"ASC2_age",0.3,0.0302990531505378,1
1,6,0.001,99,"ASC2_income",-0.8,0.021738968441272,1
1,6,0.001,99,"ASC2_child",0.2,-0.27611914849117,1
1,6,0.001,99,"ASC3_male",1.1,0.23723167449181,1
1,6,0.001,99,"ASC3_age",0,-0.0439642568639483,1
1,6,0.001,99,"ASC3_income",0,0.0338859373121648,1
1,6,0.001,99,"ASC3_child",0,-0.367199387427444,1
1,6,0.001,99,"prot25_male",-0.6,-0.230442083199198,1
1,6,0.001,99,"prot25_age",0,0.0912298954997341,1
1,6,0.001,99,"prot25_income",0,-0.0450931922090948,1
1,6,0.001,99,"prot25_child",0,0.299295470765104,1
1,6,0.001,99,"prot50_male",-0.2,-0.104541917916699,1
1,6,0.001,99,"prot50_age",0.9,0.207382963126939,1
1,6,0.001,99,"prot50_income",-0.1,-0.00418026222179936,1
1,6,0.001,99,"prot50_child",0,0.171556781710149,1
1,6,0.001,99,"invasive_male",0.9,0.240952932468478,1
1,6,0.001,99,"invasive_age",0,0.0167581880504469,1
1,6,0.001,99,"invasive_income",0,0.0345948323485012,1
1,6,0.001,99,"invasive_child",0,-0.102899514156037,1
1,6,0.001,100,"ASC2_male",0.1,0.077783921380162,1
1,6,0.001,100,"ASC2_age",0,0.0020728785702858,1
1,6,0.001,100,"ASC2_income",0,-0.0763641034906047,1
1,6,0.001,100,"ASC2_child",-0.7,-0.12981530498315,1
1,6,0.001,100,"ASC3_male",0,0.0186311169137967,1
1,6,0.001,100,"ASC3_age",0,0.0191096455939184,1
1,6,0.001,100,"ASC3_income",-0.7,-0.157092422947424,1
1,6,0.001,100,"ASC3_child",-1.1,-0.170205847296608,1
1,6,0.001,100,"prot25_male",0,0.122107563001611,1
1,6,0.001,100,"prot25_age",-0.7,-0.171028062499826,1
1,6,0.001,100,"prot25_income",0,-0.00192031679453567,1
1,6,0.001,100,"prot25_child",-0.6,-0.0808113935066284,1
1,6,0.001,100,"prot50_male",0,0.0659119692747747,1
1,6,0.001,100,"prot50_age",0,-0.128531483929736,1
1,6,0.001,100,"prot50_income",0.5,0.0217338873732307,1
1,6,0.001,100,"prot50_child",1,0.120392221195993,1
1,6,0.001,100,"invasive_male",0,0.0487081149271471,1
1,6,0.001,100,"invasive_age",0,-0.0313758832204235,1
1,6,0.001,100,"invasive_income",0.8,0.0278676973587259,1
1,6,0.001,100,"invasive_child",0.4,0.0413983921158374,1
1,6,0.01,1,"ASC2_male",0.9,0.0498387063679361,1
1,6,0.01,1,"ASC2_age",0.3,0.107069952190632,1
1,6,0.01,1,"ASC2_income",0,-0.0111085131252519,1
1,6,0.01,1,"ASC2_child",0,0.0453498473679765,1
1,6,0.01,1,"ASC3_male",-1.1,-0.370025251990816,1
1,6,0.01,1,"ASC3_age",0,0.0224884627484406,1
1,6,0.01,1,"ASC3_income",0.8,0.136712861477617,1
1,6,0.01,1,"ASC3_child",0,0.0345700615906368,1
1,6,0.01,1,"prot25_male",1.2,0.392787324797145,1
1,6,0.01,1,"prot25_age",0.7,0.14988556896661,1
1,6,0.01,1,"prot25_income",0,0.0623274956595732,1
1,6,0.01,1,"prot25_child",1.1,0.238205786921023,1
1,6,0.01,1,"prot50_male",0,0.156443129493802,1
1,6,0.01,1,"prot50_age",0,-0.0211117668618293,1
1,6,0.01,1,"prot50_income",-1.2,-0.157959543648626,1
1,6,0.01,1,"prot50_child",1.1,0.093827348073394,1
1,6,0.01,1,"invasive_male",0,0.0890968665894504,1
1,6,0.01,1,"invasive_age",-0.6,-0.102706733117117,1
1,6,0.01,1,"invasive_income",0,-0.00162002331423281,0
1,6,0.01,1,"invasive_child",0,-0.0498405692815218,1
1,6,0.01,2,"ASC2_male",0,0.211105471261001,1
1,6,0.01,2,"ASC2_age",0.1,-0.0850475408160946,1
1,6,0.01,2,"ASC2_income",0.7,0.159868916218023,1
1,6,0.01,2,"ASC2_child",-0.4,-0.0506520747454697,1
1,6,0.01,2,"ASC3_male",0,0.254189464097189,1
1,6,0.01,2,"ASC3_age",0.4,-0.0221317679343689,1
1,6,0.01,2,"ASC3_income",-0.8,-0.0621337614670048,1
1,6,0.01,2,"ASC3_child",0,0.0645745656611538,1
1,6,0.01,2,"prot25_male",0.5,0.017821169311682,1
1,6,0.01,2,"prot25_age",0.8,0.181920292076816,1
1,6,0.01,2,"prot25_income",0,-0.0932507718137791,1
1,6,0.01,2,"prot25_child",0,-0.101283217664153,1
1,6,0.01,2,"prot50_male",0,-0.286676850683204,1
1,6,0.01,2,"prot50_age",0,0.141368123056102,1
1,6,0.01,2,"prot50_income",0,-0.129075281228001,1
1,6,0.01,2,"prot50_child",0,-0.0617234232456035,1
1,6,0.01,2,"invasive_male",1,0.0836445886812848,1
1,6,0.01,2,"invasive_age",-0.1,-0.00897890978553329,0
1,6,0.01,2,"invasive_income",0,-0.0220951365181735,1
1,6,0.01,2,"invasive_child",-0.6,-0.049121150356018,1
1,6,0.01,3,"ASC2_male",-0.9,-0.0737621586908377,1
1,6,0.01,3,"ASC2_age",-0.4,-0.197213691003486,1
1,6,0.01,3,"ASC2_income",0,0.01050171538784,1
1,6,0.01,3,"ASC2_child",0,-0.131432630163928,1
1,6,0.01,3,"ASC3_male",-0.7,-0.166339640843176,1
1,6,0.01,3,"ASC3_age",0,-0.037669578901927,1
1,6,0.01,3,"ASC3_income",0,-0.00654209779222919,0
1,6,0.01,3,"ASC3_child",1,0.0456314332492046,1
1,6,0.01,3,"prot25_male",0,0.0121503330028718,1
1,6,0.01,3,"prot25_age",0,0.0755350672468653,1
1,6,0.01,3,"prot25_income",0,-0.031324390205402,1
1,6,0.01,3,"prot25_child",0,0.135305370163241,1
1,6,0.01,3,"prot50_male",0.7,0.0192577812054608,1
1,6,0.01,3,"prot50_age",-0.2,0.0428482318246102,1
1,6,0.01,3,"prot50_income",-1,-0.127292215673405,1
1,6,0.01,3,"prot50_child",-0.8,0.105664054065905,1
1,6,0.01,3,"invasive_male",0,-0.125828661866226,1
1,6,0.01,3,"invasive_age",0,-0.0339080258527421,1
1,6,0.01,3,"invasive_income",-1.2,-0.226154776606451,1
1,6,0.01,3,"invasive_child",1,0.112068942685733,1
1,6,0.01,4,"ASC2_male",0,0.217113661251265,1
1,6,0.01,4,"ASC2_age",-0.1,-0.160546585148472,1
1,6,0.01,4,"ASC2_income",0,-0.00773659912949345,0
1,6,0.01,4,"ASC2_child",-0.6,-0.0539463039158153,1
1,6,0.01,4,"ASC3_male",0,0.172962493173751,1
1,6,0.01,4,"ASC3_age",1,0.160796275821148,1
1,6,0.01,4,"ASC3_income",0,0.0160434932662185,1
1,6,0.01,4,"ASC3_child",0,0.0879518603270011,1
1,6,0.01,4,"prot25_male",0,0.00451827401754287,0
1,6,0.01,4,"prot25_age",-0.5,-0.107179187556213,1
1,6,0.01,4,"prot25_income",0,-0.00994824591993555,0
1,6,0.01,4,"prot25_child",0,-0.0511725169379024,1
1,6,0.01,4,"prot50_male",0.1,-0.0197607752449884,1
1,6,0.01,4,"prot50_age",1,0.207524428592697,1
1,6,0.01,4,"prot50_income",0,0.048740097133211,1
1,6,0.01,4,"prot50_child",-1,-0.0971225876597112,1
1,6,0.01,4,"invasive_male",-1,-0.069762294059876,1
1,6,0.01,4,"invasive_age",-0.9,-0.131397933414215,1
1,6,0.01,4,"invasive_income",-0.3,-0.0912294953498064,1
1,6,0.01,4,"invasive_child",0,0.238170636991191,1
1,6,0.01,5,"ASC2_male",0,0.144999449417464,1
1,6,0.01,5,"ASC2_age",0.7,0.0199551406349388,1
1,6,0.01,5,"ASC2_income",-0.4,-0.138789770454847,1
1,6,0.01,5,"ASC2_child",-0.3,-0.0945531031047429,1
1,6,0.01,5,"ASC3_male",0,0.188489765244269,1
1,6,0.01,5,"ASC3_age",0,-0.0561607230380062,1
1,6,0.01,5,"ASC3_income",0.9,0.129434447264952,1
1,6,0.01,5,"ASC3_child",-0.6,-0.139344564477536,1
1,6,0.01,5,"prot25_male",0.9,0.1343776662351,1
1,6,0.01,5,"prot25_age",0,0.102405826842475,1
1,6,0.01,5,"prot25_income",-0.3,-0.119118826553044,1
1,6,0.01,5,"prot25_child",0,0.0992134374107009,1
1,6,0.01,5,"prot50_male",0.4,0.0605954555865154,1
1,6,0.01,5,"prot50_age",0,0.118568672785739,1
1,6,0.01,5,"prot50_income",0.5,0.113878770287647,1
1,6,0.01,5,"prot50_child",0,0.0457941037383108,1
1,6,0.01,5,"invasive_male",0.7,0.279712086870039,1
1,6,0.01,5,"invasive_age",0,-0.0325524762887502,1
1,6,0.01,5,"invasive_income",0,0.0281383046476411,1
1,6,0.01,5,"invasive_child",0,0.0117084363738675,1
1,6,0.01,6,"ASC2_male",0.4,0.272250624942431,1
1,6,0.01,6,"ASC2_age",0.7,0.0190626828769303,1
1,6,0.01,6,"ASC2_income",0,0.00226010942267429,0
1,6,0.01,6,"ASC2_child",0,0.101878706340708,1
1,6,0.01,6,"ASC3_male",0,0.146513883229068,1
1,6,0.01,6,"ASC3_age",0,-0.0841178537366874,1
1,6,0.01,6,"ASC3_income",0,0.0289035044274837,1
1,6,0.01,6,"ASC3_child",1.2,0.258759300372159,1
1,6,0.01,6,"prot25_male",-0.4,-0.346523314159518,1
1,6,0.01,6,"prot25_age",-0.3,0.128853238797252,1
1,6,0.01,6,"prot25_income",0,-0.0452724134535571,1
1,6,0.01,6,"prot25_child",0,-0.0148820801366046,1
1,6,0.01,6,"prot50_male",0,-0.00129112100103781,0
1,6,0.01,6,"prot50_age",-1.1,-0.0718905377460728,1
1,6,0.01,6,"prot50_income",-0.2,-0.0771601319796455,1
1,6,0.01,6,"prot50_child",-0.2,0.0454162639369618,1
1,6,0.01,6,"invasive_male",0,0.103849373619155,1
1,6,0.01,6,"invasive_age",1,0.183366840424993,1
1,6,0.01,6,"invasive_income",0,-0.0147431777534266,1
1,6,0.01,6,"invasive_child",0.9,0.406357742785389,1
1,6,0.01,7,"ASC2_male",0.8,-0.0339836693042408,1
1,6,0.01,7,"ASC2_age",0,-0.054507339001115,1
1,6,0.01,7,"ASC2_income",0,0.0142529123861615,1
1,6,0.01,7,"ASC2_child",1.2,0.211091083722642,1
1,6,0.01,7,"ASC3_male",-0.7,-0.299971100963817,1
1,6,0.01,7,"ASC3_age",0,-0.0147519862086817,1
1,6,0.01,7,"ASC3_income",0,0.0709339614210157,1
1,6,0.01,7,"ASC3_child",-1,-0.0767700658513483,1
1,6,0.01,7,"prot25_male",1.2,0.248431769080607,1
1,6,0.01,7,"prot25_age",0.8,0.285837890459889,1
1,6,0.01,7,"prot25_income",0,-0.042025242930257,1
1,6,0.01,7,"prot25_child",0.7,0.239456237791803,1
1,6,0.01,7,"prot50_male",0,0.000718958215572637,0
1,6,0.01,7,"prot50_age",-0.4,-0.0107429949371088,1
1,6,0.01,7,"prot50_income",0,-0.0625282697144305,1
1,6,0.01,7,"prot50_child",0.6,0.00674612157248685,0
1,6,0.01,7,"invasive_male",0,-0.114432405343548,1
1,6,0.01,7,"invasive_age",0,0.0213337356902216,1
1,6,0.01,7,"invasive_income",1.1,0.208704556220999,1
1,6,0.01,7,"invasive_child",0,0.0294347243071491,1
1,6,0.01,8,"ASC2_male",0,0.089520123192047,1
1,6,0.01,8,"ASC2_age",-1.2,-0.240745614821656,1
1,6,0.01,8,"ASC2_income",0,0.0481901414523805,1
1,6,0.01,8,"ASC2_child",0,0.0779824970375884,1
1,6,0.01,8,"ASC3_male",-0.3,-0.120673737440297,1
1,6,0.01,8,"ASC3_age",0.9,0.137488232050522,1
1,6,0.01,8,"ASC3_income",0,0.010846715689998,1
1,6,0.01,8,"ASC3_child",1.2,0.129720314891794,1
1,6,0.01,8,"prot25_male",0,-0.100680872164931,1
1,6,0.01,8,"prot25_age",-0.2,0.0789786596044234,1
1,6,0.01,8,"prot25_income",0,-0.00340644608180141,0
1,6,0.01,8,"prot25_child",1.1,0.134846089189218,1
1,6,0.01,8,"prot50_male",1.1,0.205650261903071,1
1,6,0.01,8,"prot50_age",0,0.0649617355380547,1
1,6,0.01,8,"prot50_income",-0.2,-0.0767274373174415,1
1,6,0.01,8,"prot50_child",0,-0.100406086123563,1
1,6,0.01,8,"invasive_male",0,-0.019084466624032,1
1,6,0.01,8,"invasive_age",0.7,0.144722345721405,1
1,6,0.01,8,"invasive_income",0.3,-0.032617784470253,1
1,6,0.01,8,"invasive_child",0,-0.152366002250152,1
1,6,0.01,9,"ASC2_male",1,0.262522622718704,1
1,6,0.01,9,"ASC2_age",0,-0.0433682156955857,1
1,6,0.01,9,"ASC2_income",0,-0.0660394920408827,1
1,6,0.01,9,"ASC2_child",-1.2,-0.0382567170730968,1
1,6,0.01,9,"ASC3_male",0.9,0.254235593894638,1
1,6,0.01,9,"ASC3_age",-0.6,-0.106652003085845,1
1,6,0.01,9,"ASC3_income",0,-0.0714842405590331,1
1,6,0.01,9,"ASC3_child",-0.9,-0.127573174065017,1
1,6,0.01,9,"prot25_male",-0.3,-0.114961966181031,1
1,6,0.01,9,"prot25_age",0,0.0318919888082201,1
1,6,0.01,9,"prot25_income",0,0.0344538100392144,1
1,6,0.01,9,"prot25_child",0,-0.200176638605269,1
1,6,0.01,9,"prot50_male",-0.2,0.0226874314221344,1
1,6,0.01,9,"prot50_age",0.6,0.142710566522833,1
1,6,0.01,9,"prot50_income",-0.7,-0.0516308626866264,1
1,6,0.01,9,"prot50_child",0,0.0356843854236797,1
1,6,0.01,9,"invasive_male",0,0.0357241887051667,1
1,6,0.01,9,"invasive_age",0,-0.0181399830071531,1
1,6,0.01,9,"invasive_income",-0.7,-0.0750855105335234,1
1,6,0.01,9,"invasive_child",0,0.00567555279269085,0
1,6,0.01,10,"ASC2_male",0.9,0.0497493317104098,1
1,6,0.01,10,"ASC2_age",0,0.00928181568445328,0
1,6,0.01,10,"ASC2_income",1.2,0.217164296775072,1
1,6,0.01,10,"ASC2_child",-0.8,-0.0753286625383919,1
1,6,0.01,10,"ASC3_male",0.4,0.0501362633603651,1
1,6,0.01,10,"ASC3_age",-0.4,-0.0810421938229084,1
1,6,0.01,10,"ASC3_income",0,-0.0114221165693774,1
1,6,0.01,10,"ASC3_child",0,0.148247963314631,1
1,6,0.01,10,"prot25_male",1,0.0954651116833116,1
1,6,0.01,10,"prot25_age",0,0.035114759753068,1
1,6,0.01,10,"prot25_income",0,-0.0581895696555448,1
1,6,0.01,10,"prot25_child",0,-0.133710195220595,1
1,6,0.01,10,"prot50_male",0.4,0.0335523494777903,1
1,6,0.01,10,"prot50_age",0,0.0311911795017518,1
1,6,0.01,10,"prot50_income",0,-0.019133463387701,1
1,6,0.01,10,"prot50_child",0.7,-0.020794630281684,1
1,6,0.01,10,"invasive_male",0,-0.0634271203405884,1
1,6,0.01,10,"invasive_age",0.6,0.128481915485744,1
1,6,0.01,10,"invasive_income",0,0.0138991068282348,1
1,6,0.01,10,"invasive_child",-0.7,-0.0682152422524787,1
1,6,0.01,11,"ASC2_male",1.1,0.287764837784265,1
1,6,0.01,11,"ASC2_age",-0.5,-0.187950064720861,1
1,6,0.01,11,"ASC2_income",0,0.0260190395842114,1
1,6,0.01,11,"ASC2_child",-0.5,-0.249639997994389,1
1,6,0.01,11,"ASC3_male",0,0.0861354045309506,1
1,6,0.01,11,"ASC3_age",0,-0.115145766881826,1
1,6,0.01,11,"ASC3_income",-0.7,-0.0862397682432047,1
1,6,0.01,11,"ASC3_child",0,-0.00272038922230513,0
1,6,0.01,11,"prot25_male",0,0.133258030408021,1
1,6,0.01,11,"prot25_age",0.7,0.199283830505403,1
1,6,0.01,11,"prot25_income",0,0.0527350650802291,1
1,6,0.01,11,"prot25_child",0,0.0600899825344948,1
1,6,0.01,11,"prot50_male",-1,-0.0126111973608352,1
1,6,0.01,11,"prot50_age",0.7,0.217769753266818,1
1,6,0.01,11,"prot50_income",0.1,-0.0305151365256417,1
1,6,0.01,11,"prot50_child",1.2,0.374709776705506,1
1,6,0.01,11,"invasive_male",0,0.222230863774293,1
1,6,0.01,11,"invasive_age",0,-0.00207577484092162,0
1,6,0.01,11,"invasive_income",-0.2,-0.0469332013794936,1
1,6,0.01,11,"invasive_child",0,0.00534334598365885,0
1,6,0.01,12,"ASC2_male",0,0.0994668581764614,1
1,6,0.01,12,"ASC2_age",0.8,0.230313612275672,1
1,6,0.01,12,"ASC2_income",0,-0.0876746441770224,1
1,6,0.01,12,"ASC2_child",0,-0.0279496156083264,1
1,6,0.01,12,"ASC3_male",0.6,0.314330846784868,1
1,6,0.01,12,"ASC3_age",0.2,0.117832244212666,1
1,6,0.01,12,"ASC3_income",0,-0.0926205478316707,1
1,6,0.01,12,"ASC3_child",0,-0.0482032258241318,1
1,6,0.01,12,"prot25_male",0,-0.223296652252374,1
1,6,0.01,12,"prot25_age",-0.9,-0.21024837648338,1
1,6,0.01,12,"prot25_income",0,0.122717151304585,1
1,6,0.01,12,"prot25_child",0.2,-0.033330487833721,1
1,6,0.01,12,"prot50_male",-0.7,-0.484891195858336,1
1,6,0.01,12,"prot50_age",-0.6,-0.182301350861183,1
1,6,0.01,12,"prot50_income",0,0.0253439067261374,1
1,6,0.01,12,"prot50_child",0,-0.111439487839879,1
1,6,0.01,12,"invasive_male",-0.7,0.0584721783871773,1
1,6,0.01,12,"invasive_age",-1.2,-0.212727747198684,1
1,6,0.01,12,"invasive_income",-1.1,-0.21287014609679,1
1,6,0.01,12,"invasive_child",0,-0.012753992903771,1
1,6,0.01,13,"ASC2_male",-0.7,-0.340034160823887,1
1,6,0.01,13,"ASC2_age",-0.3,0.101242506778666,1
1,6,0.01,13,"ASC2_income",0,0.0507365220487594,1
1,6,0.01,13,"ASC2_child",0,-0.0490669903844287,1
1,6,0.01,13,"ASC3_male",0,-0.208957666370949,1
1,6,0.01,13,"ASC3_age",0,0.124591011997002,1
1,6,0.01,13,"ASC3_income",0,0.0757443538743213,1
1,6,0.01,13,"ASC3_child",-1.1,-0.192421388912657,1
1,6,0.01,13,"prot25_male",-0.5,-0.0498327540330839,1
1,6,0.01,13,"prot25_age",0,-0.062279247089184,1
1,6,0.01,13,"prot25_income",0.3,0.00867093530897665,0
1,6,0.01,13,"prot25_child",-0.3,-0.0379939462021781,1
1,6,0.01,13,"prot50_male",0.9,0.164648810540015,1
1,6,0.01,13,"prot50_age",1,0.109510497019097,1
1,6,0.01,13,"prot50_income",-0.5,-0.101905330555938,1
1,6,0.01,13,"prot50_child",0,-0.0685779121916388,1
1,6,0.01,13,"invasive_male",0,-0.229972727179083,1
1,6,0.01,13,"invasive_age",0,0.0239776296679845,1
1,6,0.01,13,"invasive_income",1,0.208911460715318,1
1,6,0.01,13,"invasive_child",0,0.00724134942268667,0
1,6,0.01,14,"ASC2_male",0.7,0.144988896289724,1
1,6,0.01,14,"ASC2_age",0,0.141453029617455,1
1,6,0.01,14,"ASC2_income",0,-0.061431849823683,1
1,6,0.01,14,"ASC2_child",-1.2,-0.0317280035715068,1
1,6,0.01,14,"ASC3_male",-1.1,-0.156542234113394,1
1,6,0.01,14,"ASC3_age",0,0.158586902004823,1
1,6,0.01,14,"ASC3_income",0,-0.0372539642229441,1
1,6,0.01,14,"ASC3_child",0,0.0736958886201247,1
1,6,0.01,14,"prot25_male",0,0.0461801218159434,1
1,6,0.01,14,"prot25_age",-0.2,-0.160986939836612,1
1,6,0.01,14,"prot25_income",-1,-0.186471529287036,1
1,6,0.01,14,"prot25_child",-0.2,-0.156724899682312,1
1,6,0.01,14,"prot50_male",0,0.00118321298174332,0
1,6,0.01,14,"prot50_age",-1,-0.229013563233872,1
1,6,0.01,14,"prot50_income",1,0.223860549759782,1
1,6,0.01,14,"prot50_child",0,0.0415804677270104,1
1,6,0.01,14,"invasive_male",0,-0.128861807228919,1
1,6,0.01,14,"invasive_age",0.6,0.0887766290360141,1
1,6,0.01,14,"invasive_income",0.2,0.018202504532799,1
1,6,0.01,14,"invasive_child",0,0.0551002011518865,1
1,6,0.01,15,"ASC2_male",-0.1,0.0938228841361989,1
1,6,0.01,15,"ASC2_age",-0.6,-0.0922504818121314,1
1,6,0.01,15,"ASC2_income",0.3,0.129604762752942,1
1,6,0.01,15,"ASC2_child",0,0.167422931861633,1
1,6,0.01,15,"ASC3_male",0,0.195402880928573,1
1,6,0.01,15,"ASC3_age",0,-0.0748342490791053,1
1,6,0.01,15,"ASC3_income",1.1,0.228353489428608,1
1,6,0.01,15,"ASC3_child",1.2,0.405650323850014,1
1,6,0.01,15,"prot25_male",0,-0.15370831505173,1
1,6,0.01,15,"prot25_age",0,-0.0686633458009798,1
1,6,0.01,15,"prot25_income",0,-0.0327081036798806,1
1,6,0.01,15,"prot25_child",0.8,0.0485117922665544,1
1,6,0.01,15,"prot50_male",0,-0.175306170697944,1
1,6,0.01,15,"prot50_age",0.8,0.116077651195101,1
1,6,0.01,15,"prot50_income",0.2,0.0338216575083917,1
1,6,0.01,15,"prot50_child",0,0.00679864842227927,0
1,6,0.01,15,"invasive_male",0,-0.0485264243203924,1
1,6,0.01,15,"invasive_age",-1.2,-0.189214769191566,1
1,6,0.01,15,"invasive_income",0,0.044862784466097,1
1,6,0.01,15,"invasive_child",0.9,0.13498381287438,1
1,6,0.01,16,"ASC2_male",1,0.425726287483266,1
1,6,0.01,16,"ASC2_age",1,0.0819699254088296,1
1,6,0.01,16,"ASC2_income",0,-0.0929347660332209,1
1,6,0.01,16,"ASC2_child",0,0.109468691105236,1
1,6,0.01,16,"ASC3_male",0.7,0.42758565339522,1
1,6,0.01,16,"ASC3_age",0,-0.0818375628108747,1
1,6,0.01,16,"ASC3_income",0,-0.0820908670095323,1
1,6,0.01,16,"ASC3_child",-1,-0.0605288114090411,1
1,6,0.01,16,"prot25_male",0,-0.210869417526258,1
1,6,0.01,16,"prot25_age",0.2,0.0707008830989032,1
1,6,0.01,16,"prot25_income",0,0.0391392995924578,1
1,6,0.01,16,"prot25_child",0,-0.0129060959203573,1
1,6,0.01,16,"prot50_male",0.9,0.046792813109616,1
1,6,0.01,16,"prot50_age",0.5,0.165703152724172,1
1,6,0.01,16,"prot50_income",0,0.0263104459182281,1
1,6,0.01,16,"prot50_child",-0.3,-0.0223467739090773,1
1,6,0.01,16,"invasive_male",-0.4,0.048755943472857,1
1,6,0.01,16,"invasive_age",0,0.00389144550761538,0
1,6,0.01,16,"invasive_income",0.2,-0.0225304876950908,1
1,6,0.01,16,"invasive_child",0,0.0516544198457636,1
1,6,0.01,17,"ASC2_male",0.6,0.0944596048800678,1
1,6,0.01,17,"ASC2_age",-1,-0.135714800565423,1
1,6,0.01,17,"ASC2_income",1,0.308559049190757,1
1,6,0.01,17,"ASC2_child",0.8,-0.05953826782516,1
1,6,0.01,17,"ASC3_male",0,0.00830969039766788,0
1,6,0.01,17,"ASC3_age",0,-0.0247759919321225,1
1,6,0.01,17,"ASC3_income",0.7,0.258457325293905,1
1,6,0.01,17,"ASC3_child",-0.4,-0.151111574960171,1
1,6,0.01,17,"prot25_male",0,-0.01126077383526,1
1,6,0.01,17,"prot25_age",0,0.0305275277440625,1
1,6,0.01,17,"prot25_income",0,-0.135658376372737,1
1,6,0.01,17,"prot25_child",-0.7,-0.0243749025104352,1
1,6,0.01,17,"prot50_male",0,-0.105240255730097,1
1,6,0.01,17,"prot50_age",0,0.0474500138915313,1
1,6,0.01,17,"prot50_income",0.4,-0.00304940632903081,0
1,6,0.01,17,"prot50_child",-1.1,-0.129557692995695,1
1,6,0.01,17,"invasive_male",0,-0.067539954386485,1
1,6,0.01,17,"invasive_age",0,0.00272052819332871,0
1,6,0.01,17,"invasive_income",0,-0.0888382424857235,1
1,6,0.01,17,"invasive_child",0.8,0.0111861941132308,1
1,6,0.01,18,"ASC2_male",0,0.0674109396429114,1
1,6,0.01,18,"ASC2_age",0,0.0368620360859124,1
1,6,0.01,18,"ASC2_income",0.2,0.0507298241575359,1
1,6,0.01,18,"ASC2_child",0,0.253888892346282,1
1,6,0.01,18,"ASC3_male",0.3,0.11956692114382,1
1,6,0.01,18,"ASC3_age",0,0.0238338846697695,1
1,6,0.01,18,"ASC3_income",0.7,0.0694353028649238,1
1,6,0.01,18,"ASC3_child",0,0.0927773881989052,1
1,6,0.01,18,"prot25_male",0,0.00784914413512727,0
1,6,0.01,18,"prot25_age",0.2,0.0575482990741473,1
1,6,0.01,18,"prot25_income",0,0.00827112449196022,0
1,6,0.01,18,"prot25_child",0.9,-0.126975088050599,1
1,6,0.01,18,"prot50_male",-0.9,-0.139410872398549,1
1,6,0.01,18,"prot50_age",0,0.0743830576714107,1
1,6,0.01,18,"prot50_income",0,-0.0111808375028603,1
1,6,0.01,18,"prot50_child",0,0.0719827366196125,1
1,6,0.01,18,"invasive_male",-0.9,-0.0720153373947657,1
1,6,0.01,18,"invasive_age",0.1,0.0890561028682031,1
1,6,0.01,18,"invasive_income",-0.5,-0.0943439312720649,1
1,6,0.01,18,"invasive_child",-0.2,0.110946126249715,1
1,6,0.01,19,"ASC2_male",0,-0.103616661937617,1
1,6,0.01,19,"ASC2_age",1.2,0.324857098220463,1
1,6,0.01,19,"ASC2_income",0,-0.0951889278465351,1
1,6,0.01,19,"ASC2_child",0,0.0598437708408919,1
1,6,0.01,19,"ASC3_male",0.1,-0.127077454901695,1
1,6,0.01,19,"ASC3_age",0,0.0714322246381499,1
1,6,0.01,19,"ASC3_income",0.7,0.00562328770603029,0
1,6,0.01,19,"ASC3_child",0,0.0375045277654989,1
1,6,0.01,19,"prot25_male",0,0.0364703988529792,1
1,6,0.01,19,"prot25_age",0.2,-0.018752878351048,1
1,6,0.01,19,"prot25_income",-0.1,0.00657591872677669,0
1,6,0.01,19,"prot25_child",0.6,-0.025461753603703,1
1,6,0.01,19,"prot50_male",0.4,0.175756709248836,1
1,6,0.01,19,"prot50_age",0,-0.0961315566823777,1
1,6,0.01,19,"prot50_income",0,0.0347413439546375,1
1,6,0.01,19,"prot50_child",0,-0.0629041375765856,1
1,6,0.01,19,"invasive_male",0.6,-3.5470409212298e-05,0
1,6,0.01,19,"invasive_age",0,-0.0356866453753461,1
1,6,0.01,19,"invasive_income",0.2,-0.00819817357544881,0
1,6,0.01,19,"invasive_child",-0.8,-0.0741105294022835,1
1,6,0.01,20,"ASC2_male",-1,-0.122721286403143,1
1,6,0.01,20,"ASC2_age",1,0.171029141609967,1
1,6,0.01,20,"ASC2_income",-0.8,-0.154766574023032,1
1,6,0.01,20,"ASC2_child",0,0.188684862824198,1
1,6,0.01,20,"ASC3_male",0,0.0237393029963754,1
1,6,0.01,20,"ASC3_age",0,0.0508110755893089,1
1,6,0.01,20,"ASC3_income",0,0.041972039095864,1
1,6,0.01,20,"ASC3_child",0,0.122714391133711,1
1,6,0.01,20,"prot25_male",0,0.00277529704276137,0
1,6,0.01,20,"prot25_age",0,0.00882679796731226,0
1,6,0.01,20,"prot25_income",0.3,-0.0151138749624628,1
1,6,0.01,20,"prot25_child",0.3,-0.0485855601750339,1
1,6,0.01,20,"prot50_male",0.4,-0.0180589861248449,1
1,6,0.01,20,"prot50_age",-0.9,-0.109464001357657,1
1,6,0.01,20,"prot50_income",-1.1,-0.258647009538703,1
1,6,0.01,20,"prot50_child",0,0.030708794259337,1
1,6,0.01,20,"invasive_male",0,-0.105568121139571,1
1,6,0.01,20,"invasive_age",-0.3,0.0250208590861249,1
1,6,0.01,20,"invasive_income",-0.7,-0.163806103341713,1
1,6,0.01,20,"invasive_child",0,0.247770174720051,1
1,6,0.01,21,"ASC2_male",-0.1,-0.116331790574663,1
1,6,0.01,21,"ASC2_age",0,-0.011534668261394,1
1,6,0.01,21,"ASC2_income",0,0.0516258965939279,1
1,6,0.01,21,"ASC2_child",0.4,-0.0905343854139024,1
1,6,0.01,21,"ASC3_male",0,0.0252069795206835,1
1,6,0.01,21,"ASC3_age",-0.8,-0.17025504462079,1
1,6,0.01,21,"ASC3_income",0,-0.00766687038946689,0
1,6,0.01,21,"ASC3_child",-0.3,-0.106110018869804,1
1,6,0.01,21,"prot25_male",-0.8,-0.107350727736057,1
1,6,0.01,21,"prot25_age",-0.4,-0.0311034245136654,1
1,6,0.01,21,"prot25_income",0,0.0505294290638712,1
1,6,0.01,21,"prot25_child",-0.3,0.179533134847057,1
1,6,0.01,21,"prot50_male",0.5,0.00787574720182698,0
1,6,0.01,21,"prot50_age",0,-0.0736772448674137,1
1,6,0.01,21,"prot50_income",0,0.0448266078312673,1
1,6,0.01,21,"prot50_child",0.1,0.161313524329814,1
1,6,0.01,21,"invasive_male",0,-0.138915908835307,1
1,6,0.01,21,"invasive_age",-0.3,-0.120190579833736,1
1,6,0.01,21,"invasive_income",0,0.0500207109260816,1
1,6,0.01,21,"invasive_child",0,-0.066284784510236,1
1,6,0.01,22,"ASC2_male",0.9,0.137297034874529,1
1,6,0.01,22,"ASC2_age",0,-0.044021017291978,1
1,6,0.01,22,"ASC2_income",0,-0.0904510371869092,1
1,6,0.01,22,"ASC2_child",-0.7,-0.0729498140010646,1
1,6,0.01,22,"ASC3_male",-0.7,-0.0295761076978183,1
1,6,0.01,22,"ASC3_age",0,-0.0729120463594994,1
1,6,0.01,22,"ASC3_income",0,-0.0604895094652462,1
1,6,0.01,22,"ASC3_child",0,-3.68966611260375e-06,0
1,6,0.01,22,"prot25_male",0,0.118801067700897,1
1,6,0.01,22,"prot25_age",-0.2,-0.0100377384223636,1
1,6,0.01,22,"prot25_income",0.4,0.0648826501758738,1
1,6,0.01,22,"prot25_child",0,0.130447887434995,1
1,6,0.01,22,"prot50_male",0.4,0.202496414402271,1
1,6,0.01,22,"prot50_age",-1,-0.18366291940642,1
1,6,0.01,22,"prot50_income",0,-0.0023366922559475,0
1,6,0.01,22,"prot50_child",0.9,0.269868491946036,1
1,6,0.01,22,"invasive_male",0,0.019817142370319,1
1,6,0.01,22,"invasive_age",-0.8,-0.191846742978435,1
1,6,0.01,22,"invasive_income",0,-0.0460955080450002,1
1,6,0.01,22,"invasive_child",-0.1,0.232333717164917,1
1,6,0.01,23,"ASC2_male",-0.1,-0.0866718601072152,1
1,6,0.01,23,"ASC2_age",-0.3,0.0364250434406457,1
1,6,0.01,23,"ASC2_income",0,-0.0274738308050688,1
1,6,0.01,23,"ASC2_child",0,0.0613245671644338,1
1,6,0.01,23,"ASC3_male",-0.9,-0.164999915205153,1
1,6,0.01,23,"ASC3_age",0,0.037908992007215,1
1,6,0.01,23,"ASC3_income",0,-0.0111617767911949,1
1,6,0.01,23,"ASC3_child",1,0.220771500848321,1
1,6,0.01,23,"prot25_male",0,0.210615974246702,1
1,6,0.01,23,"prot25_age",0,-0.0860111494940396,1
1,6,0.01,23,"prot25_income",0,0.0183297944210199,1
1,6,0.01,23,"prot25_child",-1.1,-0.403973456215192,1
1,6,0.01,23,"prot50_male",-1.1,-0.269410053641039,1
1,6,0.01,23,"prot50_age",-0.8,-0.15389497800607,1
1,6,0.01,23,"prot50_income",0,0.0490221252888476,1
1,6,0.01,23,"prot50_child",0,-0.26593108723816,1
1,6,0.01,23,"invasive_male",-0.4,-0.131177720142765,1
1,6,0.01,23,"invasive_age",-0.4,-0.00420452566262434,0
1,6,0.01,23,"invasive_income",0.8,0.153476597498485,1
1,6,0.01,23,"invasive_child",0,-0.191089477374754,1
1,6,0.01,24,"ASC2_male",0.6,0.0670464821011649,1
1,6,0.01,24,"ASC2_age",-1.1,-0.189557455056213,1
1,6,0.01,24,"ASC2_income",0,-0.0756539001473589,1
1,6,0.01,24,"ASC2_child",0,-0.178042703579522,1
1,6,0.01,24,"ASC3_male",0,-0.126042011625769,1
1,6,0.01,24,"ASC3_age",0,-0.000392706014240918,0
1,6,0.01,24,"ASC3_income",-0.6,-0.138519849934916,1
1,6,0.01,24,"ASC3_child",0.4,-0.0678573411499003,1
1,6,0.01,24,"prot25_male",-0.3,-0.0800790607053832,1
1,6,0.01,24,"prot25_age",0,-0.05983189883539,1
1,6,0.01,24,"prot25_income",0,0.0634019884214105,1
1,6,0.01,24,"prot25_child",-0.4,-0.0150984965426913,1
1,6,0.01,24,"prot50_male",0,0.0125333513421595,1
1,6,0.01,24,"prot50_age",0,0.0439822181298547,1
1,6,0.01,24,"prot50_income",-0.5,-0.0197803422230338,1
1,6,0.01,24,"prot50_child",0,0.254046138671906,1
1,6,0.01,24,"invasive_male",0.9,0.0814145674965134,1
1,6,0.01,24,"invasive_age",-0.7,-0.0896383638424388,1
1,6,0.01,24,"invasive_income",1.2,0.149827768689018,1
1,6,0.01,24,"invasive_child",0,-0.0315111422766791,1
1,6,0.01,25,"ASC2_male",-0.8,0.085849883242017,1
1,6,0.01,25,"ASC2_age",1,0.0698037635329171,1
1,6,0.01,25,"ASC2_income",0,-0.130798034756376,1
1,6,0.01,25,"ASC2_child",0,-0.142893529091101,1
1,6,0.01,25,"ASC3_male",0.9,0.249289568326847,1
1,6,0.01,25,"ASC3_age",0,-0.0101668565223368,1
1,6,0.01,25,"ASC3_income",-0.7,-0.287913849087843,1
1,6,0.01,25,"ASC3_child",-0.9,-0.218338298719178,1
1,6,0.01,25,"prot25_male",0,-0.0932069134554707,1
1,6,0.01,25,"prot25_age",0,0.108904888359978,1
1,6,0.01,25,"prot25_income",-0.9,-0.0662073226200394,1
1,6,0.01,25,"prot25_child",0,0.34465029298959,1
1,6,0.01,25,"prot50_male",0,-0.078293838812096,1
1,6,0.01,25,"prot50_age",0,0.109414076209055,1
1,6,0.01,25,"prot50_income",0.3,0.115109941472934,1
1,6,0.01,25,"prot50_child",0,0.128425877334295,1
1,6,0.01,25,"invasive_male",-1.2,-0.15913256351094,1
1,6,0.01,25,"invasive_age",0.2,-0.00488324828719159,0
1,6,0.01,25,"invasive_income",0,-0.0276297272257581,1
1,6,0.01,25,"invasive_child",-0.3,-0.0648563855401982,1
1,6,0.01,26,"ASC2_male",0,0.188071654051031,1
1,6,0.01,26,"ASC2_age",0,-0.0714953729806589,1
1,6,0.01,26,"ASC2_income",-0.2,-0.0138305442279354,1
1,6,0.01,26,"ASC2_child",0,0.0592659850910424,1
1,6,0.01,26,"ASC3_male",0.2,0.300517870450053,1
1,6,0.01,26,"ASC3_age",0,-0.0954088199143698,1
1,6,0.01,26,"ASC3_income",-0.6,-0.158252234229486,1
1,6,0.01,26,"ASC3_child",-0.4,-0.0683256518282506,1
1,6,0.01,26,"prot25_male",0,-0.255757563314342,1
1,6,0.01,26,"prot25_age",0.3,0.160133185172918,1
1,6,0.01,26,"prot25_income",-1.1,-0.1274377654893,1
1,6,0.01,26,"prot25_child",0.6,0.169461078058859,1
1,6,0.01,26,"prot50_male",0,-0.00661093908664595,0
1,6,0.01,26,"prot50_age",1.2,0.278459864641521,1
1,6,0.01,26,"prot50_income",0,0.0570952264544664,1
1,6,0.01,26,"prot50_child",-0.3,-0.144447652694774,1
1,6,0.01,26,"invasive_male",0,0.285775615345842,1
1,6,0.01,26,"invasive_age",0,-0.0226714123638457,1
1,6,0.01,26,"invasive_income",0,-0.0464590442725584,1
1,6,0.01,26,"invasive_child",0.9,0.152252291973867,1
1,6,0.01,27,"ASC2_male",0.2,0.153260211517667,1
1,6,0.01,27,"ASC2_age",-0.9,-0.112437100598328,1
1,6,0.01,27,"ASC2_income",0.7,0.0939879453756641,1
1,6,0.01,27,"ASC2_child",0,0.119094863641381,1
1,6,0.01,27,"ASC3_male",0,-0.00786746462588929,0
1,6,0.01,27,"ASC3_age",0,0.0141407596181271,1
1,6,0.01,27,"ASC3_income",0.5,-0.0316340217732435,1
1,6,0.01,27,"ASC3_child",-0.7,0.0212765571466884,1
1,6,0.01,27,"prot25_male",0.8,0.000337778347555735,0
1,6,0.01,27,"prot25_age",0,0.0218176204608147,1
1,6,0.01,27,"prot25_income",0,0.071983731134365,1
1,6,0.01,27,"prot25_child",0,0.00608898552619882,0
1,6,0.01,27,"prot50_male",0,-0.146686088014169,1
1,6,0.01,27,"prot50_age",0.7,0.147771856405254,1
1,6,0.01,27,"prot50_income",0,0.12117179508552,1
1,6,0.01,27,"prot50_child",-1,-0.160395581827024,1
1,6,0.01,27,"invasive_male",0,-0.0410970334109781,1
1,6,0.01,27,"invasive_age",0,0.0066536805031653,0
1,6,0.01,27,"invasive_income",1,0.203142012490331,1
1,6,0.01,27,"invasive_child",0.9,0.20139332524708,1
1,6,0.01,28,"ASC2_male",0,-0.0221952584391371,1
1,6,0.01,28,"ASC2_age",0,-0.0402168239397886,1
1,6,0.01,28,"ASC2_income",0,-0.0954093547270178,1
1,6,0.01,28,"ASC2_child",-0.9,-0.335315817806207,1
1,6,0.01,28,"ASC3_male",-0.9,-0.146611414823958,1
1,6,0.01,28,"ASC3_age",-0.3,-0.0701417207790025,1
1,6,0.01,28,"ASC3_income",0,-0.0471499390093175,1
1,6,0.01,28,"ASC3_child",0,-0.0749350785713104,1
1,6,0.01,28,"prot25_male",-0.7,-0.162021475394441,1
1,6,0.01,28,"prot25_age",-0.3,-0.0697778447315052,1
1,6,0.01,28,"prot25_income",0,0.122004950280421,1
1,6,0.01,28,"prot25_child",0,0.0968475707173567,1
1,6,0.01,28,"prot50_male",-0.3,-0.138997032173994,1
1,6,0.01,28,"prot50_age",0.2,0.0144039502265155,1
1,6,0.01,28,"prot50_income",0,0.113371170812107,1
1,6,0.01,28,"prot50_child",0,-0.053128050621221,1
1,6,0.01,28,"invasive_male",0.5,-0.0323731123696077,1
1,6,0.01,28,"invasive_age",0,-0.0218615403116891,1
1,6,0.01,28,"invasive_income",-1,-0.164667059814281,1
1,6,0.01,28,"invasive_child",0.6,-0.0822641346932606,1
1,6,0.01,29,"ASC2_male",0.3,0.0597909332760261,1
1,6,0.01,29,"ASC2_age",0.9,0.102069920622028,1
1,6,0.01,29,"ASC2_income",1.2,0.190456826827107,1
1,6,0.01,29,"ASC2_child",0.5,0.103365280652424,1
1,6,0.01,29,"ASC3_male",1.1,0.388169188179244,1
1,6,0.01,29,"ASC3_age",0,-0.102395095798635,1
1,6,0.01,29,"ASC3_income",0,0.0578975649353798,1
1,6,0.01,29,"ASC3_child",0.1,-0.068149838094625,1
1,6,0.01,29,"prot25_male",-1.1,-0.269065660484467,1
1,6,0.01,29,"prot25_age",0,0.0633507139189123,1
1,6,0.01,29,"prot25_income",0,-0.008196140881334,0
1,6,0.01,29,"prot25_child",-0.5,-0.283425205514492,1
1,6,0.01,29,"prot50_male",0,0.0748686058587552,1
1,6,0.01,29,"prot50_age",-0.9,-0.219518094335666,1
1,6,0.01,29,"prot50_income",-0.8,-0.158253182065975,1
1,6,0.01,29,"prot50_child",0,-0.322213416036062,1
1,6,0.01,29,"invasive_male",0,0.228549037942714,1
1,6,0.01,29,"invasive_age",0,-0.0525767469373744,1
1,6,0.01,29,"invasive_income",0,-0.0488313793567352,1
1,6,0.01,29,"invasive_child",0,-0.183779539668296,1
1,6,0.01,30,"ASC2_male",0.4,0.0227123097552514,1
1,6,0.01,30,"ASC2_age",0,0.0686139264474889,1
1,6,0.01,30,"ASC2_income",0,-0.026000498213602,1
1,6,0.01,30,"ASC2_child",0.7,-0.0403542830254993,1
1,6,0.01,30,"ASC3_male",1.1,0.310917895530818,1
1,6,0.01,30,"ASC3_age",0,0.00618697167574768,0
1,6,0.01,30,"ASC3_income",0.4,0.0789345917876048,1
1,6,0.01,30,"ASC3_child",0.9,-0.000227935067397248,0
1,6,0.01,30,"prot25_male",-0.2,-0.0252041015151102,1
1,6,0.01,30,"prot25_age",0.1,0.0053258058290299,0
1,6,0.01,30,"prot25_income",0.3,0.0905934421060452,1
1,6,0.01,30,"prot25_child",0,-0.0246992040547271,1
1,6,0.01,30,"prot50_male",0,0.0205601264903483,1
1,6,0.01,30,"prot50_age",0,-0.0152185151631734,1
1,6,0.01,30,"prot50_income",0,0.028748133703822,1
1,6,0.01,30,"prot50_child",0,-0.125470929754659,1
1,6,0.01,30,"invasive_male",-0.6,0.00525034812414004,0
1,6,0.01,30,"invasive_age",0,-0.0337972242041305,1
1,6,0.01,30,"invasive_income",-1,-0.151023962203637,1
1,6,0.01,30,"invasive_child",0,-0.0587763094123676,1
1,6,0.01,31,"ASC2_male",-0.3,0.1292284671432,1
1,6,0.01,31,"ASC2_age",1.2,0.14468239502908,1
1,6,0.01,31,"ASC2_income",1,0.212406628267751,1
1,6,0.01,31,"ASC2_child",0,0.129113592197508,1
1,6,0.01,31,"ASC3_male",0,0.173902066337162,1
1,6,0.01,31,"ASC3_age",1.1,0.129701974269599,1
1,6,0.01,31,"ASC3_income",-0.6,-0.13037714946253,1
1,6,0.01,31,"ASC3_child",0,0.133643456989818,1
1,6,0.01,31,"prot25_male",0,-0.00910869994874622,0
1,6,0.01,31,"prot25_age",-0.2,-0.0206570573615762,1
1,6,0.01,31,"prot25_income",0,0.0629594775188441,1
1,6,0.01,31,"prot25_child",-0.2,-0.223886775145554,1
1,6,0.01,31,"prot50_male",-0.3,0.0227638340916145,1
1,6,0.01,31,"prot50_age",0,0.014926032811682,1
1,6,0.01,31,"prot50_income",0,0.00137245615317494,0
1,6,0.01,31,"prot50_child",0,-0.0548839091226131,1
1,6,0.01,31,"invasive_male",0,0.144781178791943,1
1,6,0.01,31,"invasive_age",0.2,0.00694006075667641,0
1,6,0.01,31,"invasive_income",0.9,0.187015221121454,1
1,6,0.01,31,"invasive_child",0,-0.0441238218490446,1
1,6,0.01,32,"ASC2_male",0.6,0.0348868396222676,1
1,6,0.01,32,"ASC2_age",0,-0.064552330368424,1
1,6,0.01,32,"ASC2_income",1.1,0.227841957046338,1
1,6,0.01,32,"ASC2_child",0,0.027171207550465,1
1,6,0.01,32,"ASC3_male",-0.7,-0.216390570860417,1
1,6,0.01,32,"ASC3_age",-1.1,-0.269030880588519,1
1,6,0.01,32,"ASC3_income",0,0.150374162954676,1
1,6,0.01,32,"ASC3_child",-0.3,-0.019161300347222,1
1,6,0.01,32,"prot25_male",0.7,0.203504795016078,1
1,6,0.01,32,"prot25_age",0,0.0152081800008059,1
1,6,0.01,32,"prot25_income",-0.5,-0.185618419494981,1
1,6,0.01,32,"prot25_child",-1.1,-0.122185731086592,1
1,6,0.01,32,"prot50_male",0,0.116410937813624,1
1,6,0.01,32,"prot50_age",-0.6,-0.0720885319407415,1
1,6,0.01,32,"prot50_income",0,-0.14526671565715,1
1,6,0.01,32,"prot50_child",0,0.0424230930908309,1
1,6,0.01,32,"invasive_male",0,-0.0980232827972186,1
1,6,0.01,32,"invasive_age",0,-0.0761236370263181,1
1,6,0.01,32,"invasive_income",0,0.0224438562698555,1
1,6,0.01,32,"invasive_child",0.2,-0.106596191232608,1
1,6,0.01,33,"ASC2_male",-0.4,-0.404085402002699,1
1,6,0.01,33,"ASC2_age",0,0.0618932160173977,1
1,6,0.01,33,"ASC2_income",0,-0.017947860610648,1
1,6,0.01,33,"ASC2_child",0,0.138294421957782,1
1,6,0.01,33,"ASC3_male",0.6,-0.185888388168511,1
1,6,0.01,33,"ASC3_age",0,0.0690516237801346,1
1,6,0.01,33,"ASC3_income",-1,-0.147994365855119,1
1,6,0.01,33,"ASC3_child",0,0.146831895272994,1
1,6,0.01,33,"prot25_male",0,0.342269326960612,1
1,6,0.01,33,"prot25_age",0,-0.0601279298554914,1
1,6,0.01,33,"prot25_income",0,0.0361598614249387,1
1,6,0.01,33,"prot25_child",1.1,0.163806282486797,1
1,6,0.01,33,"prot50_male",0,0.251079644073446,1
1,6,0.01,33,"prot50_age",0.4,-0.0770842695036086,1
1,6,0.01,33,"prot50_income",0.3,0.0214441736476295,1
1,6,0.01,33,"prot50_child",-0.4,-0.117634492000833,1
1,6,0.01,33,"invasive_male",0.3,0.0162371133122411,1
1,6,0.01,33,"invasive_age",0,-0.0185932743327807,1
1,6,0.01,33,"invasive_income",0.6,0.0480878577900063,1
1,6,0.01,33,"invasive_child",0.8,0.192563237576163,1
1,6,0.01,34,"ASC2_male",0,0.242510142082746,1
1,6,0.01,34,"ASC2_age",0,-0.0191275145908129,1
1,6,0.01,34,"ASC2_income",-0.8,-0.107860488480619,1
1,6,0.01,34,"ASC2_child",-0.4,0.167907331755795,1
1,6,0.01,34,"ASC3_male",0,0.311561047339952,1
1,6,0.01,34,"ASC3_age",0,-0.0289148087159631,1
1,6,0.01,34,"ASC3_income",0,0.0388247982785895,1
1,6,0.01,34,"ASC3_child",0.4,0.207325845502746,1
1,6,0.01,34,"prot25_male",0,-0.202077253556101,1
1,6,0.01,34,"prot25_age",0,0.0376989113177695,1
1,6,0.01,34,"prot25_income",1,0.168851131082221,1
1,6,0.01,34,"prot25_child",1.2,0.184513670583153,1
1,6,0.01,34,"prot50_male",0.1,-0.0439280426410294,1
1,6,0.01,34,"prot50_age",0.2,0.00963475696126227,0
1,6,0.01,34,"prot50_income",-0.5,-0.0917926961159243,1
1,6,0.01,34,"prot50_child",0,0.0161197560107423,1
1,6,0.01,34,"invasive_male",0,0.0391345707475227,1
1,6,0.01,34,"invasive_age",0,0.047169370862593,1
1,6,0.01,34,"invasive_income",-1,-0.0770782151015907,1
1,6,0.01,34,"invasive_child",0.2,0.197539698695614,1
1,6,0.01,35,"ASC2_male",0,0.00977046798891798,0
1,6,0.01,35,"ASC2_age",0,-0.0463054383058253,1
1,6,0.01,35,"ASC2_income",0.9,0.213689470497466,1
1,6,0.01,35,"ASC2_child",0,0.131424923370576,1
1,6,0.01,35,"ASC3_male",0,-0.0335495568803978,1
1,6,0.01,35,"ASC3_age",1.1,0.109794236194861,1
1,6,0.01,35,"ASC3_income",0,0.0635948672899126,1
1,6,0.01,35,"ASC3_child",0,0.199784683406316,1
1,6,0.01,35,"prot25_male",-0.2,0.0806311577896081,1
1,6,0.01,35,"prot25_age",0.3,0.00496721424407291,0
1,6,0.01,35,"prot25_income",0,-0.0125678379060098,1
1,6,0.01,35,"prot25_child",-1.1,-0.222987666976533,1
1,6,0.01,35,"prot50_male",-0.4,-0.0713683909119412,1
1,6,0.01,35,"prot50_age",0,0.0673207145487401,1
1,6,0.01,35,"prot50_income",-0.3,-0.0296856058516055,1
1,6,0.01,35,"prot50_child",0.5,0.0503616259901899,1
1,6,0.01,35,"invasive_male",0.1,0.071114719132782,1
1,6,0.01,35,"invasive_age",0,0.0440653372552089,1
1,6,0.01,35,"invasive_income",-1.1,-0.202685551847552,1
1,6,0.01,35,"invasive_child",0,0.267407429205909,1
1,6,0.01,36,"ASC2_male",-0.4,-0.0829528022572146,1
1,6,0.01,36,"ASC2_age",-1,-0.156370194069864,1
1,6,0.01,36,"ASC2_income",-0.5,-0.0132700859683513,1
1,6,0.01,36,"ASC2_child",-0.9,-0.0502856004427756,1
1,6,0.01,36,"ASC3_male",0,-0.0772793866523078,1
1,6,0.01,36,"ASC3_age",1.1,0.214492425114446,1
1,6,0.01,36,"ASC3_income",0,0.087335543862252,1
1,6,0.01,36,"ASC3_child",0,0.153432088766146,1
1,6,0.01,36,"prot25_male",0,0.0302922959747001,1
1,6,0.01,36,"prot25_age",0,-0.053544029154853,1
1,6,0.01,36,"prot25_income",1.1,0.0894953633059159,1
1,6,0.01,36,"prot25_child",-0.5,-0.171711963302594,1
1,6,0.01,36,"prot50_male",0,-0.0561191595770873,1
1,6,0.01,36,"prot50_age",0,-0.0376144357530148,1
1,6,0.01,36,"prot50_income",1.1,0.154465125021527,1
1,6,0.01,36,"prot50_child",0,-0.0640560613253575,1
1,6,0.01,36,"invasive_male",0.3,0.11795250013574,1
1,6,0.01,36,"invasive_age",0,0.0181888857858722,1
1,6,0.01,36,"invasive_income",-0.5,-0.0167515388841961,1
1,6,0.01,36,"invasive_child",0,0.067418171939029,1
1,6,0.01,37,"ASC2_male",0.6,0.209707209399132,1
1,6,0.01,37,"ASC2_age",0,-0.0685413216935489,1
1,6,0.01,37,"ASC2_income",0.9,0.0607373603525858,1
1,6,0.01,37,"ASC2_child",0,0.109129066834671,1
1,6,0.01,37,"ASC3_male",0,0.162391827984239,1
1,6,0.01,37,"ASC3_age",0.6,0.123065307058781,1
1,6,0.01,37,"ASC3_income",1.1,0.124541509332768,1
1,6,0.01,37,"ASC3_child",-0.8,-0.0435423221098218,1
1,6,0.01,37,"prot25_male",-1.2,-0.533442101600227,1
1,6,0.01,37,"prot25_age",0,0.0491981422098979,1
1,6,0.01,37,"prot25_income",1.1,0.208323907551861,1
1,6,0.01,37,"prot25_child",0,-0.0997163301476536,1
1,6,0.01,37,"prot50_male",0,-0.0431553105303494,1
1,6,0.01,37,"prot50_age",0.5,0.109479209569942,1
1,6,0.01,37,"prot50_income",0,0.0322505632289321,1
1,6,0.01,37,"prot50_child",0,-0.0820011393414046,1
1,6,0.01,37,"invasive_male",0,0.255390181595506,1
1,6,0.01,37,"invasive_age",1.1,0.112238869930579,1
1,6,0.01,37,"invasive_income",0,-0.0494616932663867,1
1,6,0.01,37,"invasive_child",0.6,-0.05217088655264,1
1,6,0.01,38,"ASC2_male",0.3,0.0536841735684145,1
1,6,0.01,38,"ASC2_age",0.3,-0.0255357232536036,1
1,6,0.01,38,"ASC2_income",0,-0.1177128974822,1
1,6,0.01,38,"ASC2_child",0.9,0.0309952850690193,1
1,6,0.01,38,"ASC3_male",0,-0.155814536645652,1
1,6,0.01,38,"ASC3_age",-0.6,-0.151627403314691,1
1,6,0.01,38,"ASC3_income",0,-0.0934827554416795,1
1,6,0.01,38,"ASC3_child",0,-0.16115814860469,1
1,6,0.01,38,"prot25_male",0,-0.0471660659325709,1
1,6,0.01,38,"prot25_age",0,0.127263186750789,1
1,6,0.01,38,"prot25_income",0.7,0.202942400870146,1
1,6,0.01,38,"prot25_child",0,0.118598118888991,1
1,6,0.01,38,"prot50_male",0,-0.127329992478943,1
1,6,0.01,38,"prot50_age",0,0.170443762826951,1
1,6,0.01,38,"prot50_income",0.2,0.051779125140347,1
1,6,0.01,38,"prot50_child",-0.8,-0.0408315388444991,1
1,6,0.01,38,"invasive_male",0.1,-0.0476023956794637,1
1,6,0.01,38,"invasive_age",0,0.00467077480728158,0
1,6,0.01,38,"invasive_income",-0.6,-0.147333530211001,1
1,6,0.01,38,"invasive_child",-0.6,-0.206644561800217,1
1,6,0.01,39,"ASC2_male",0.9,0.0408949946774874,1
1,6,0.01,39,"ASC2_age",0,-0.0438985526968545,1
1,6,0.01,39,"ASC2_income",0,0.0507623746078181,1
1,6,0.01,39,"ASC2_child",0,-0.0520981842118991,1
1,6,0.01,39,"ASC3_male",-0.9,-0.379653011196554,1
1,6,0.01,39,"ASC3_age",0,-0.00588899362339156,0
1,6,0.01,39,"ASC3_income",-0.7,-0.0456182657860095,1
1,6,0.01,39,"ASC3_child",-1.1,-0.34704472620563,1
1,6,0.01,39,"prot25_male",-1,0.109024897727087,1
1,6,0.01,39,"prot25_age",-0.6,0.0871430089743861,1
1,6,0.01,39,"prot25_income",0.7,0.0432931346976835,1
1,6,0.01,39,"prot25_child",-0.3,0.0577642782217491,1
1,6,0.01,39,"prot50_male",0,0.090344551046522,1
1,6,0.01,39,"prot50_age",0,0.111868746053226,1
1,6,0.01,39,"prot50_income",0,-0.0545728181151097,1
1,6,0.01,39,"prot50_child",0,-0.00296982697794823,0
1,6,0.01,39,"invasive_male",1.1,0.16646830222625,1
1,6,0.01,39,"invasive_age",0,0.106541035203879,1
1,6,0.01,39,"invasive_income",0,-0.0169485438619355,1
1,6,0.01,39,"invasive_child",-0.6,-0.125682952523061,1
1,6,0.01,40,"ASC2_male",0,0.128424971628531,1
1,6,0.01,40,"ASC2_age",-0.3,-0.133858726990621,1
1,6,0.01,40,"ASC2_income",1.1,0.105200307640049,1
1,6,0.01,40,"ASC2_child",0,-0.0900150310617609,1
1,6,0.01,40,"ASC3_male",0.5,0.0904057946879928,1
1,6,0.01,40,"ASC3_age",0,-0.0782075410165486,1
1,6,0.01,40,"ASC3_income",-0.9,-0.258035487623963,1
1,6,0.01,40,"ASC3_child",-1,-0.198550097489421,1
1,6,0.01,40,"prot25_male",-0.5,-0.0632956392774976,1
1,6,0.01,40,"prot25_age",-0.3,-0.0128168007733751,1
1,6,0.01,40,"prot25_income",0,0.107878270512134,1
1,6,0.01,40,"prot25_child",0,-0.0184981228308492,1
1,6,0.01,40,"prot50_male",0,0.103199899213157,1
1,6,0.01,40,"prot50_age",-1,-0.0502384722894442,1
1,6,0.01,40,"prot50_income",0,0.0446644436474842,1
1,6,0.01,40,"prot50_child",0,0.25074722001274,1
1,6,0.01,40,"invasive_male",0,0.0768301409260986,1
1,6,0.01,40,"invasive_age",-0.3,-0.0251154137896315,1
1,6,0.01,40,"invasive_income",-0.1,-0.0920812328296795,1
1,6,0.01,40,"invasive_child",0,0.056693449115644,1
1,6,0.01,41,"ASC2_male",-0.5,-0.0524742759996428,1
1,6,0.01,41,"ASC2_age",0.9,0.153021263598263,1
1,6,0.01,41,"ASC2_income",1.1,0.206293266844538,1
1,6,0.01,41,"ASC2_child",0,-0.0598917971691539,1
1,6,0.01,41,"ASC3_male",0.3,0.163898985296018,1
1,6,0.01,41,"ASC3_age",0,-0.02105566698042,1
1,6,0.01,41,"ASC3_income",0,-0.0141508284612512,1
1,6,0.01,41,"ASC3_child",0,-0.149944726229399,1
1,6,0.01,41,"prot25_male",0,-0.0756052756121672,1
1,6,0.01,41,"prot25_age",0,0.0121780414383252,1
1,6,0.01,41,"prot25_income",-0.2,-0.120645003850566,1
1,6,0.01,41,"prot25_child",0.7,0.249170869213635,1
1,6,0.01,41,"prot50_male",-0.8,-0.261159083934019,1
1,6,0.01,41,"prot50_age",-0.4,-0.0880604900969642,1
1,6,0.01,41,"prot50_income",0,-0.0119698411639718,1
1,6,0.01,41,"prot50_child",0,0.0951878347224826,1
1,6,0.01,41,"invasive_male",0,-0.108235315379943,1
1,6,0.01,41,"invasive_age",0,-0.0162684480088635,1
1,6,0.01,41,"invasive_income",0.3,0.0926354129156342,1
1,6,0.01,41,"invasive_child",0.5,0.117650298765432,1
1,6,0.01,42,"ASC2_male",0.6,0.167660723503219,1
1,6,0.01,42,"ASC2_age",0,0.0559079928532586,1
1,6,0.01,42,"ASC2_income",0.6,0.173464098907012,1
1,6,0.01,42,"ASC2_child",0.8,0.144395892392442,1
1,6,0.01,42,"ASC3_male",0,-0.0112906601676694,1
1,6,0.01,42,"ASC3_age",-0.3,0.0408025542842613,1
1,6,0.01,42,"ASC3_income",0,0.0799904918249484,1
1,6,0.01,42,"ASC3_child",-1,-0.0985210455609922,1
1,6,0.01,42,"prot25_male",0,-0.00669005798316622,0
1,6,0.01,42,"prot25_age",0.6,-0.0735420445586858,1
1,6,0.01,42,"prot25_income",0,-0.048388353708939,1
1,6,0.01,42,"prot25_child",0,0.101037988883197,1
1,6,0.01,42,"prot50_male",0,-0.0168995929146176,1
1,6,0.01,42,"prot50_age",0.7,0.0387097862628353,1
1,6,0.01,42,"prot50_income",-0.9,-0.20006599477592,1
1,6,0.01,42,"prot50_child",-0.7,-0.0825606483932601,1
1,6,0.01,42,"invasive_male",1.2,0.217715720026662,1
1,6,0.01,42,"invasive_age",0,-0.0481776723496626,1
1,6,0.01,42,"invasive_income",0,0.00654531638444683,0
1,6,0.01,42,"invasive_child",0,0.0901329503611224,1
1,6,0.01,43,"ASC2_male",-0.7,-0.135991089461231,1
1,6,0.01,43,"ASC2_age",0,0.0838419868088655,1
1,6,0.01,43,"ASC2_income",0,0.0534174221330859,1
1,6,0.01,43,"ASC2_child",0.2,0.0202894480153277,1
1,6,0.01,43,"ASC3_male",0.5,0.0444091748260119,1
1,6,0.01,43,"ASC3_age",0,0.0467790562025888,1
1,6,0.01,43,"ASC3_income",1,0.16457980739253,1
1,6,0.01,43,"ASC3_child",-0.3,-0.143656200071244,1
1,6,0.01,43,"prot25_male",0,0.131447493371918,1
1,6,0.01,43,"prot25_age",-0.9,-0.138253139541052,1
1,6,0.01,43,"prot25_income",0,-0.0912351500361361,1
1,6,0.01,43,"prot25_child",0,0.0138833644293288,1
1,6,0.01,43,"prot50_male",0,0.0475970609253852,1
1,6,0.01,43,"prot50_age",0,-0.0678716896872178,1
1,6,0.01,43,"prot50_income",-1.2,-0.252328463270988,1
1,6,0.01,43,"prot50_child",0.6,0.0684417552756706,1
1,6,0.01,43,"invasive_male",0.7,0.173634550573671,1
1,6,0.01,43,"invasive_age",0,0.024866452161035,1
1,6,0.01,43,"invasive_income",-0.6,-0.0821718298124844,1
1,6,0.01,43,"invasive_child",0,-0.110648443604683,1
1,6,0.01,44,"ASC2_male",0,0.174328437346885,1
1,6,0.01,44,"ASC2_age",-0.5,-0.147705640990841,1
1,6,0.01,44,"ASC2_income",-1,-0.196046208924911,1
1,6,0.01,44,"ASC2_child",-0.8,-0.159947853808334,1
1,6,0.01,44,"ASC3_male",-1.1,-0.0103459354692234,1
1,6,0.01,44,"ASC3_age",0,-0.0674663810571851,1
1,6,0.01,44,"ASC3_income",0,-0.0887712998289468,1
1,6,0.01,44,"ASC3_child",0,-0.022975610507601,1
1,6,0.01,44,"prot25_male",-1.1,-0.293202422042814,1
1,6,0.01,44,"prot25_age",-0.3,0.0441059408210507,1
1,6,0.01,44,"prot25_income",0,0.0149687434524958,1
1,6,0.01,44,"prot25_child",-0.6,-0.0587644950865698,1
1,6,0.01,44,"prot50_male",0,-0.121355476807591,1
1,6,0.01,44,"prot50_age",0,0.0544965289341141,1
1,6,0.01,44,"prot50_income",-0.8,-0.128400603541639,1
1,6,0.01,44,"prot50_child",0,-0.0927891712339769,1
1,6,0.01,44,"invasive_male",-0.3,-0.0250519022537306,1
1,6,0.01,44,"invasive_age",0,-0.00211694642185315,0
1,6,0.01,44,"invasive_income",0,0.0534292767804952,1
1,6,0.01,44,"invasive_child",-0.4,-0.0893236359799621,1
1,6,0.01,45,"ASC2_male",0,0.199696106712998,1
1,6,0.01,45,"ASC2_age",0.7,0.0342550742738023,1
1,6,0.01,45,"ASC2_income",1.1,0.0708332056964357,1
1,6,0.01,45,"ASC2_child",0.3,-0.196967848040902,1
1,6,0.01,45,"ASC3_male",0,0.142861398321383,1
1,6,0.01,45,"ASC3_age",0.4,-0.0292563703194858,1
1,6,0.01,45,"ASC3_income",-0.1,-0.166312943155544,1
1,6,0.01,45,"ASC3_child",0,-0.248141884025938,1
1,6,0.01,45,"prot25_male",0,-0.119765454777128,1
1,6,0.01,45,"prot25_age",0,0.037473641356267,1
1,6,0.01,45,"prot25_income",0,-0.0206326285713805,1
1,6,0.01,45,"prot25_child",1.1,0.253785720780417,1
1,6,0.01,45,"prot50_male",0,-0.0829224525085176,1
1,6,0.01,45,"prot50_age",-0.4,0.0190679884181253,1
1,6,0.01,45,"prot50_income",0,0.0880400096260372,1
1,6,0.01,45,"prot50_child",0.4,0.143085990458822,1
1,6,0.01,45,"invasive_male",-0.3,0.00401373158555788,0
1,6,0.01,45,"invasive_age",-0.2,-0.092425570164639,1
1,6,0.01,45,"invasive_income",0,-0.0592896969380665,1
1,6,0.01,45,"invasive_child",0,-0.00197961727839976,0
1,6,0.01,46,"ASC2_male",0.4,0.0644231389351086,1
1,6,0.01,46,"ASC2_age",0,0.0364379978992115,1
1,6,0.01,46,"ASC2_income",0,0.000900180590082956,0
1,6,0.01,46,"ASC2_child",-0.5,0.134589755594521,1
1,6,0.01,46,"ASC3_male",-0.9,-0.129659456552654,1
1,6,0.01,46,"ASC3_age",0,0.0510677452362693,1
1,6,0.01,46,"ASC3_income",-1,-0.236860283727668,1
1,6,0.01,46,"ASC3_child",0.7,0.32346582474097,1
1,6,0.01,46,"prot25_male",0,-0.0664689086300464,1
1,6,0.01,46,"prot25_age",-0.9,-0.116366451900154,1
1,6,0.01,46,"prot25_income",0,-0.0147994935544639,1
1,6,0.01,46,"prot25_child",0,-0.0631143619861162,1
1,6,0.01,46,"prot50_male",0,0.00478829484610627,0
1,6,0.01,46,"prot50_age",0.3,0.0695585293243733,1
1,6,0.01,46,"prot50_income",1,0.156092860315238,1
1,6,0.01,46,"prot50_child",0,-0.111197853746342,1
1,6,0.01,46,"invasive_male",0.3,0.138195887254102,1
1,6,0.01,46,"invasive_age",0,0.0144428802624516,1
1,6,0.01,46,"invasive_income",0.2,0.0338486997993893,1
1,6,0.01,46,"invasive_child",0,-0.0330334223582182,1
1,6,0.01,47,"ASC2_male",0,-0.164233229923893,1
1,6,0.01,47,"ASC2_age",0,0.0392602488297157,1
1,6,0.01,47,"ASC2_income",0.8,0.111594953719274,1
1,6,0.01,47,"ASC2_child",-1.2,-0.333492109174998,1
1,6,0.01,47,"ASC3_male",0.2,-0.210159140450798,1
1,6,0.01,47,"ASC3_age",0,0.106673044693861,1
1,6,0.01,47,"ASC3_income",0,0.0349428908072091,1
1,6,0.01,47,"ASC3_child",0,-0.0767529855438366,1
1,6,0.01,47,"prot25_male",0,0.173504290443754,1
1,6,0.01,47,"prot25_age",0.5,-0.0124178781133154,1
1,6,0.01,47,"prot25_income",0.4,0.12938493569996,1
1,6,0.01,47,"prot25_child",0.9,0.248122999441314,1
1,6,0.01,47,"prot50_male",0,0.0927240769112445,1
1,6,0.01,47,"prot50_age",-0.3,-0.133712763194542,1
1,6,0.01,47,"prot50_income",-0.7,-0.135663753144859,1
1,6,0.01,47,"prot50_child",-1.1,-0.0777186464144469,1
1,6,0.01,47,"invasive_male",0,-0.196809388058041,1
1,6,0.01,47,"invasive_age",0.5,0.135439991489786,1
1,6,0.01,47,"invasive_income",0,-0.077299189760244,1
1,6,0.01,47,"invasive_child",0,-0.0288130023491644,1
1,6,0.01,48,"ASC2_male",1.1,0.391590242000343,1
1,6,0.01,48,"ASC2_age",0,0.0662580815729634,1
1,6,0.01,48,"ASC2_income",0,0.0203137825746139,1
1,6,0.01,48,"ASC2_child",-0.3,0.0516609066331325,1
1,6,0.01,48,"ASC3_male",0,0.238162868536055,1
1,6,0.01,48,"ASC3_age",0,0.0575547837696605,1
1,6,0.01,48,"ASC3_income",0.8,0.183498766381644,1
1,6,0.01,48,"ASC3_child",0,0.133642791800476,1
1,6,0.01,48,"prot25_male",-0.6,-0.210720752886038,1
1,6,0.01,48,"prot25_age",0,-0.0160492599644816,1
1,6,0.01,48,"prot25_income",-0.2,-0.129367437136126,1
1,6,0.01,48,"prot25_child",0,-0.0716693828973047,1
1,6,0.01,48,"prot50_male",0,-0.0992936847102684,1
1,6,0.01,48,"prot50_age",-0.4,-0.0743232211051037,1
1,6,0.01,48,"prot50_income",0,-0.00568007739459955,0
1,6,0.01,48,"prot50_child",0,-0.0381141903247283,1
1,6,0.01,48,"invasive_male",0.7,0.063169621680815,1
1,6,0.01,48,"invasive_age",-0.6,-0.0701561509709778,1
1,6,0.01,48,"invasive_income",-0.3,-0.0416041567556261,1
1,6,0.01,48,"invasive_child",-0.7,-0.00227829217100989,0
1,6,0.01,49,"ASC2_male",0.7,0.0139931148214399,1
1,6,0.01,49,"ASC2_age",0,0.00438865131975906,0
1,6,0.01,49,"ASC2_income",-0.8,-0.104731582806836,1
1,6,0.01,49,"ASC2_child",-0.9,-0.433371587759871,1
1,6,0.01,49,"ASC3_male",0,-0.159225727978303,1
1,6,0.01,49,"ASC3_age",0,-0.0631997935149566,1
1,6,0.01,49,"ASC3_income",-0.5,-0.131396973981461,1
1,6,0.01,49,"ASC3_child",0,-0.260748817459911,1
1,6,0.01,49,"prot25_male",0.8,0.220055216069076,1
1,6,0.01,49,"prot25_age",0,-0.042518235351139,1
1,6,0.01,49,"prot25_income",0,-0.0390099471775137,1
1,6,0.01,49,"prot25_child",0.5,0.258407267392041,1
1,6,0.01,49,"prot50_male",-0.1,0.0317014150272388,1
1,6,0.01,49,"prot50_age",0.8,0.10953514094291,1
1,6,0.01,49,"prot50_income",0,-0.0388353826766185,1
1,6,0.01,49,"prot50_child",0,0.183505177600882,1
1,6,0.01,49,"invasive_male",-0.9,-0.244557884693941,1
1,6,0.01,49,"invasive_age",0,0.0125709229031522,1
1,6,0.01,49,"invasive_income",0,-0.0646184676323995,1
1,6,0.01,49,"invasive_child",0.3,-0.0884105510163597,1
1,6,0.01,50,"ASC2_male",0,0.0940036879614638,1
1,6,0.01,50,"ASC2_age",0.8,0.252993421374624,1
1,6,0.01,50,"ASC2_income",0,0.00210437574095803,0
1,6,0.01,50,"ASC2_child",0,0.246521499020884,1
1,6,0.01,50,"ASC3_male",-0.5,-0.104450848160276,1
1,6,0.01,50,"ASC3_age",-0.4,0.0456031824934,1
1,6,0.01,50,"ASC3_income",1.1,0.182702325243125,1
1,6,0.01,50,"ASC3_child",0.5,0.297440292353688,1
1,6,0.01,50,"prot25_male",1.1,0.28149308269291,1
1,6,0.01,50,"prot25_age",0.8,0.100157051156208,1
1,6,0.01,50,"prot25_income",0,0.0228623089772837,1
1,6,0.01,50,"prot25_child",0,-0.189940264435199,1
1,6,0.01,50,"prot50_male",-0.6,0.0666936924738187,1
1,6,0.01,50,"prot50_age",0,-0.133327289482753,1
1,6,0.01,50,"prot50_income",-0.3,-0.0199029922867672,1
1,6,0.01,50,"prot50_child",0,-0.228225507462759,1
1,6,0.01,50,"invasive_male",0,0.15143595982565,1
1,6,0.01,50,"invasive_age",0,0.0374207477923316,1
1,6,0.01,50,"invasive_income",0.6,0.140314176820035,1
1,6,0.01,50,"invasive_child",0,-0.0836032511047783,1
1,6,0.01,51,"ASC2_male",-0.3,-0.016146979321883,1
1,6,0.01,51,"ASC2_age",-0.5,-0.0728223842934338,1
1,6,0.01,51,"ASC2_income",0,-0.0735546044430531,1
1,6,0.01,51,"ASC2_child",-0.7,-0.136345255391663,1
1,6,0.01,51,"ASC3_male",0,-0.00476554156468901,0
1,6,0.01,51,"ASC3_age",0.5,0.0492857849191953,1
1,6,0.01,51,"ASC3_income",0,-0.0742548193220542,1
1,6,0.01,51,"ASC3_child",0,0.0485194955584591,1
1,6,0.01,51,"prot25_male",-1.1,-0.266326804900608,1
1,6,0.01,51,"prot25_age",0.3,0.103660709292431,1
1,6,0.01,51,"prot25_income",0.2,0.150482368245798,1
1,6,0.01,51,"prot25_child",0,-0.0439795090231383,1
1,6,0.01,51,"prot50_male",0,0.16418724140065,1
1,6,0.01,51,"prot50_age",0,0.0611350383665247,1
1,6,0.01,51,"prot50_income",0,0.0367442982354421,1
1,6,0.01,51,"prot50_child",1.2,0.236786345132983,1
1,6,0.01,51,"invasive_male",-0.1,-0.0578049669515984,1
1,6,0.01,51,"invasive_age",0,0.0584268152582316,1
1,6,0.01,51,"invasive_income",0,0.0118633552955672,1
1,6,0.01,51,"invasive_child",0.3,0.144801568291458,1
1,6,0.01,52,"ASC2_male",-0.5,-0.0959967569720202,1
1,6,0.01,52,"ASC2_age",-0.5,-0.0888696237053005,1
1,6,0.01,52,"ASC2_income",1.1,0.144995171609313,1
1,6,0.01,52,"ASC2_child",-0.5,-4.40722435490035e-05,0
1,6,0.01,52,"ASC3_male",0.3,0.0848413452013781,1
1,6,0.01,52,"ASC3_age",0,-0.00719773309100486,0
1,6,0.01,52,"ASC3_income",0,0.01731416980662,1
1,6,0.01,52,"ASC3_child",0,0.019114261226522,1
1,6,0.01,52,"prot25_male",-0.3,-0.0965517767668766,1
1,6,0.01,52,"prot25_age",1,0.148280851308762,1
1,6,0.01,52,"prot25_income",0,0.0870928412341972,1
1,6,0.01,52,"prot25_child",-1.2,-0.212212754607961,1
1,6,0.01,52,"prot50_male",0,-0.0390516123576595,1
1,6,0.01,52,"prot50_age",0,-0.0153435814387385,1
1,6,0.01,52,"prot50_income",0,0.0532156218036262,1
1,6,0.01,52,"prot50_child",0.3,-0.128556021089426,1
1,6,0.01,52,"invasive_male",0.1,-0.0369632649169039,1
1,6,0.01,52,"invasive_age",0,-0.0564414956213302,1
1,6,0.01,52,"invasive_income",0,-0.000248024351070151,0
1,6,0.01,52,"invasive_child",0,0.053659486070174,1
1,6,0.01,53,"ASC2_male",-0.4,0.0519423860142516,1
1,6,0.01,53,"ASC2_age",0,-0.0807970427272909,1
1,6,0.01,53,"ASC2_income",-0.7,-0.128297746159487,1
1,6,0.01,53,"ASC2_child",0,-0.0839201748833393,1
1,6,0.01,53,"ASC3_male",0.3,0.130124885638982,1
1,6,0.01,53,"ASC3_age",0.6,0.0552627915974398,1
1,6,0.01,53,"ASC3_income",0,-0.00142408475385921,0
1,6,0.01,53,"ASC3_child",0,-0.00289721535654288,0
1,6,0.01,53,"prot25_male",0,-0.166301315656353,1
1,6,0.01,53,"prot25_age",0.4,0.126187356086701,1
1,6,0.01,53,"prot25_income",0,-0.0680481051317219,1
1,6,0.01,53,"prot25_child",0,-0.00926902870031454,0
1,6,0.01,53,"prot50_male",-0.6,-0.323705120245442,1
1,6,0.01,53,"prot50_age",0.9,0.173531244105272,1
1,6,0.01,53,"prot50_income",0,-0.0212485850137904,1
1,6,0.01,53,"prot50_child",-1.1,-0.0922696827928822,1
1,6,0.01,53,"invasive_male",-0.5,-0.239381187999962,1
1,6,0.01,53,"invasive_age",0,-0.0341732780611891,1
1,6,0.01,53,"invasive_income",0,0.0320379478364167,1
1,6,0.01,53,"invasive_child",-0.6,-0.16761052736167,1
1,6,0.01,54,"ASC2_male",0,-0.113805905882769,1
1,6,0.01,54,"ASC2_age",-0.5,-0.223196171351044,1
1,6,0.01,54,"ASC2_income",-0.7,-0.242909739262809,1
1,6,0.01,54,"ASC2_child",0,0.020762101710941,1
1,6,0.01,54,"ASC3_male",1.1,0.123864156787546,1
1,6,0.01,54,"ASC3_age",0,-0.121523876359523,1
1,6,0.01,54,"ASC3_income",0,-0.0827480776668933,1
1,6,0.01,54,"ASC3_child",-0.5,-0.0721045996483213,1
1,6,0.01,54,"prot25_male",0,0.0988737186218056,1
1,6,0.01,54,"prot25_age",0.3,0.182222833946348,1
1,6,0.01,54,"prot25_income",0,-0.010720036669188,1
1,6,0.01,54,"prot25_child",0,0.0175962860269343,1
1,6,0.01,54,"prot50_male",0,0.114813742444891,1
1,6,0.01,54,"prot50_age",0.2,0.0528386897424517,1
1,6,0.01,54,"prot50_income",0.5,0.0784057620034267,1
1,6,0.01,54,"prot50_child",-0.7,-0.201060896990114,1
1,6,0.01,54,"invasive_male",0,0.0164695769659631,1
1,6,0.01,54,"invasive_age",0.1,0.00459450296487082,0
1,6,0.01,54,"invasive_income",-1.2,-0.203240909870523,1
1,6,0.01,54,"invasive_child",0,0.0109308797750203,1
1,6,0.01,55,"ASC2_male",0,0.0412812926918086,1
1,6,0.01,55,"ASC2_age",0,0.0510963808640571,1
1,6,0.01,55,"ASC2_income",0,0.0329847941408936,1
1,6,0.01,55,"ASC2_child",0,0.118217116393164,1
1,6,0.01,55,"ASC3_male",0.5,0.0413595641923523,1
1,6,0.01,55,"ASC3_age",0,0.0879469373511195,1
1,6,0.01,55,"ASC3_income",0,0.0181746192796741,1
1,6,0.01,55,"ASC3_child",0,-0.00488745097874476,0
1,6,0.01,55,"prot25_male",0.2,-0.0629603965781036,1
1,6,0.01,55,"prot25_age",0.7,0.0280444339689899,1
1,6,0.01,55,"prot25_income",-0.7,-0.0810434627670781,1
1,6,0.01,55,"prot25_child",0,-0.073010664324286,1
1,6,0.01,55,"prot50_male",-0.5,-0.200268347539866,1
1,6,0.01,55,"prot50_age",0.5,0.000293057868408878,0
1,6,0.01,55,"prot50_income",-1,-0.0876215979682032,1
1,6,0.01,55,"prot50_child",0,-0.0901397795267279,1
1,6,0.01,55,"invasive_male",0.8,0.0251643185960675,1
1,6,0.01,55,"invasive_age",0,0.0877088808140076,1
1,6,0.01,55,"invasive_income",-0.9,-0.0640630230642614,1
1,6,0.01,55,"invasive_child",-1.2,-0.155328287147344,1
1,6,0.01,56,"ASC2_male",0,-0.222524055329955,1
1,6,0.01,56,"ASC2_age",-0.7,-0.057919815771699,1
1,6,0.01,56,"ASC2_income",0,-0.0280715795699111,1
1,6,0.01,56,"ASC2_child",0,-0.264102184013854,1
1,6,0.01,56,"ASC3_male",0,-0.331395428811976,1
1,6,0.01,56,"ASC3_age",-0.4,0.0138081600426486,1
1,6,0.01,56,"ASC3_income",0,-0.0131072619001957,1
1,6,0.01,56,"ASC3_child",0,-0.306566202672116,1
1,6,0.01,56,"prot25_male",0,0.256310257650616,1
1,6,0.01,56,"prot25_age",0,-0.0498831987237626,1
1,6,0.01,56,"prot25_income",-0.2,-0.0266258284665573,1
1,6,0.01,56,"prot25_child",-1,0.00132140253703169,0
1,6,0.01,56,"prot50_male",0.7,0.267486653633959,1
1,6,0.01,56,"prot50_age",0.5,0.000846253015009611,0
1,6,0.01,56,"prot50_income",-0.6,-0.0515740498603468,1
1,6,0.01,56,"prot50_child",0.7,0.261715759005433,1
1,6,0.01,56,"invasive_male",0,-0.177394282889703,1
1,6,0.01,56,"invasive_age",-1.1,-0.12900565248432,1
1,6,0.01,56,"invasive_income",0.3,0.0344826484430629,1
1,6,0.01,56,"invasive_child",0,-0.0630024328988086,1
1,6,0.01,57,"ASC2_male",1.2,0.180559346861058,1
1,6,0.01,57,"ASC2_age",1,0.15237223386323,1
1,6,0.01,57,"ASC2_income",0,0.0340958645760912,1
1,6,0.01,57,"ASC2_child",0,0.384445119698625,1
1,6,0.01,57,"ASC3_male",-0.2,0.0372118264658183,1
1,6,0.01,57,"ASC3_age",0,-0.0829241683850671,1
1,6,0.01,57,"ASC3_income",0,0.0478197440611115,1
1,6,0.01,57,"ASC3_child",0,0.319504083160834,1
1,6,0.01,57,"prot25_male",-1,-0.27991689378324,1
1,6,0.01,57,"prot25_age",0,0.119096589270342,1
1,6,0.01,57,"prot25_income",-0.1,-0.0135280931219574,1
1,6,0.01,57,"prot25_child",0,-0.0815523137202999,1
1,6,0.01,57,"prot50_male",-0.4,-0.0770909854207911,1
1,6,0.01,57,"prot50_age",-0.6,-0.00101697292679197,0
1,6,0.01,57,"prot50_income",0.5,0.0573381196928787,1
1,6,0.01,57,"prot50_child",0.6,0.0758751618252482,1
1,6,0.01,57,"invasive_male",0.7,0.108907062253415,1
1,6,0.01,57,"invasive_age",0,-0.00812682688841439,0
1,6,0.01,57,"invasive_income",0,0.00767063684859469,0
1,6,0.01,57,"invasive_child",0,0.228220259285537,1
1,6,0.01,58,"ASC2_male",0.3,0.267940614022669,1
1,6,0.01,58,"ASC2_age",0.2,-0.0908659339482166,1
1,6,0.01,58,"ASC2_income",0,-0.0994727938661182,1
1,6,0.01,58,"ASC2_child",0,0.175959036043492,1
1,6,0.01,58,"ASC3_male",0,0.188345931587245,1
1,6,0.01,58,"ASC3_age",0,-0.0411032348333219,1
1,6,0.01,58,"ASC3_income",0,-0.133223611357563,1
1,6,0.01,58,"ASC3_child",0.1,0.194804136004556,1
1,6,0.01,58,"prot25_male",0,-0.115126414037698,1
1,6,0.01,58,"prot25_age",0,0.0456787431721551,1
1,6,0.01,58,"prot25_income",0,0.156243567260194,1
1,6,0.01,58,"prot25_child",1,0.00985461831382962,0
1,6,0.01,58,"prot50_male",0,-0.124993522780106,1
1,6,0.01,58,"prot50_age",0.5,0.167994535432931,1
1,6,0.01,58,"prot50_income",0,0.161608421098898,1
1,6,0.01,58,"prot50_child",0.8,0.117474333385344,1
1,6,0.01,58,"invasive_male",0.5,0.0749865383448443,1
1,6,0.01,58,"invasive_age",1,0.10802303877706,1
1,6,0.01,58,"invasive_income",0.6,0.123740945828411,1
1,6,0.01,58,"invasive_child",0.7,0.222625170286576,1
1,6,0.01,59,"ASC2_male",0,0.26730396040101,1
1,6,0.01,59,"ASC2_age",0.5,-0.0454557790856714,1
1,6,0.01,59,"ASC2_income",0,-0.0218860817145206,1
1,6,0.01,59,"ASC2_child",0,0.0163154560257133,1
1,6,0.01,59,"ASC3_male",0.6,0.304154888425724,1
1,6,0.01,59,"ASC3_age",-1.1,-0.360478647746097,1
1,6,0.01,59,"ASC3_income",0,-0.0147275919566946,1
1,6,0.01,59,"ASC3_child",0,0.171351463455392,1
1,6,0.01,59,"prot25_male",-0.7,-0.180594242136266,1
1,6,0.01,59,"prot25_age",0,0.132833008919179,1
1,6,0.01,59,"prot25_income",-0.2,-0.062195662863829,1
1,6,0.01,59,"prot25_child",0,-0.0752859853658094,1
1,6,0.01,59,"prot50_male",0.4,0.119654656683572,1
1,6,0.01,59,"prot50_age",-0.9,-0.066035064309855,1
1,6,0.01,59,"prot50_income",0,-0.0858285466425317,1
1,6,0.01,59,"prot50_child",0,-0.167230849489431,1
1,6,0.01,59,"invasive_male",1,0.313956556026808,1
1,6,0.01,59,"invasive_age",-0.8,-0.194584694601456,1
1,6,0.01,59,"invasive_income",-0.4,-0.0426793868296785,1
1,6,0.01,59,"invasive_child",0,-0.0366758271986445,1
1,6,0.01,60,"ASC2_male",-1.2,-0.239712073604962,1
1,6,0.01,60,"ASC2_age",0,-0.00378384511204854,0
1,6,0.01,60,"ASC2_income",0.6,0.0855774460444701,1
1,6,0.01,60,"ASC2_child",-0.4,-0.0451898617082874,1
1,6,0.01,60,"ASC3_male",0,0.0769235710171846,1
1,6,0.01,60,"ASC3_age",0,-0.0203626959587522,1
1,6,0.01,60,"ASC3_income",0,0.0292076928499552,1
1,6,0.01,60,"ASC3_child",0,-0.140488825290639,1
1,6,0.01,60,"prot25_male",0,0.00239561288306598,0
1,6,0.01,60,"prot25_age",-0.4,-0.0184357809769122,1
1,6,0.01,60,"prot25_income",0,-0.0378461632104245,1
1,6,0.01,60,"prot25_child",0,0.0256166460442646,1
1,6,0.01,60,"prot50_male",-1.1,-0.221539439249527,1
1,6,0.01,60,"prot50_age",0,0.0497572170868672,1
1,6,0.01,60,"prot50_income",0.4,0.0237530750998573,1
1,6,0.01,60,"prot50_child",0,0.0234442320401865,1
1,6,0.01,60,"invasive_male",0.3,-0.00883265619333669,0
1,6,0.01,60,"invasive_age",-0.5,-0.0944520263954895,1
1,6,0.01,60,"invasive_income",-0.7,-0.145281861451443,1
1,6,0.01,60,"invasive_child",1,0.163337670612692,1
1,6,0.01,61,"ASC2_male",0.8,0.0617030523370678,1
1,6,0.01,61,"ASC2_age",-0.9,-0.170716132572778,1
1,6,0.01,61,"ASC2_income",-0.3,-0.146809290054601,1
1,6,0.01,61,"ASC2_child",0,-0.260659605126101,1
1,6,0.01,61,"ASC3_male",0,-0.0616123202672745,1
1,6,0.01,61,"ASC3_age",0,-0.058599518109493,1
1,6,0.01,61,"ASC3_income",0,-0.069735630956846,1
1,6,0.01,61,"ASC3_child",0,-0.252835864659905,1
1,6,0.01,61,"prot25_male",0,-0.00407845053609624,0
1,6,0.01,61,"prot25_age",-1,-0.124183823371836,1
1,6,0.01,61,"prot25_income",0,0.069898324526537,1
1,6,0.01,61,"prot25_child",0,0.270499199799839,1
1,6,0.01,61,"prot50_male",-0.8,-0.269113876051326,1
1,6,0.01,61,"prot50_age",0.2,0.0311085814252467,1
1,6,0.01,61,"prot50_income",0,0.051818326856949,1
1,6,0.01,61,"prot50_child",0.3,0.18521273805802,1
1,6,0.01,61,"invasive_male",0,-0.104896819366798,1
1,6,0.01,61,"invasive_age",1,0.164655473734054,1
1,6,0.01,61,"invasive_income",0.2,0.0198578368909978,1
1,6,0.01,61,"invasive_child",0.9,0.221490935633025,1
1,6,0.01,62,"ASC2_male",0,-0.226380594788414,1
1,6,0.01,62,"ASC2_age",0,-0.00963661170695856,0
1,6,0.01,62,"ASC2_income",0.1,-0.0648618598299371,1
1,6,0.01,62,"ASC2_child",0,0.185260090569142,1
1,6,0.01,62,"ASC3_male",0,-0.0796771700627352,1
1,6,0.01,62,"ASC3_age",0.6,0.0721863177939177,1
1,6,0.01,62,"ASC3_income",0.6,0.00222741390540452,0
1,6,0.01,62,"ASC3_child",0,0.139338851090843,1
1,6,0.01,62,"prot25_male",-0.5,-0.125738668673906,1
1,6,0.01,62,"prot25_age",0,0.0212301016290246,1
1,6,0.01,62,"prot25_income",0,0.0841874718553573,1
1,6,0.01,62,"prot25_child",-0.2,-0.214700632195607,1
1,6,0.01,62,"prot50_male",-0.5,0.159070027483172,1
1,6,0.01,62,"prot50_age",0.3,0.0407461936443748,1
1,6,0.01,62,"prot50_income",0,0.0889441571056342,1
1,6,0.01,62,"prot50_child",1,-0.0830749383020519,1
1,6,0.01,62,"invasive_male",0.5,0.131968164089998,1
1,6,0.01,62,"invasive_age",0,-0.0533452246881323,1
1,6,0.01,62,"invasive_income",0,-0.00605644011979381,0
1,6,0.01,62,"invasive_child",-0.9,-0.20462480324619,1
1,6,0.01,63,"ASC2_male",0,-0.0741702200700142,1
1,6,0.01,63,"ASC2_age",0.6,0.0987520618095547,1
1,6,0.01,63,"ASC2_income",-0.7,-0.179340390562551,1
1,6,0.01,63,"ASC2_child",0,0.21536212997712,1
1,6,0.01,63,"ASC3_male",-0.5,-0.134771202923172,1
1,6,0.01,63,"ASC3_age",0,0.00293279879507814,0
1,6,0.01,63,"ASC3_income",0,-0.0892979488014567,1
1,6,0.01,63,"ASC3_child",-0.1,0.285611973676594,1
1,6,0.01,63,"prot25_male",0,0.0706482132913673,1
1,6,0.01,63,"prot25_age",0,-0.061027856942915,1
1,6,0.01,63,"prot25_income",-0.4,-0.111588607211021,1
1,6,0.01,63,"prot25_child",-0.6,-0.280083541588483,1
1,6,0.01,63,"prot50_male",0,0.122126527998963,1
1,6,0.01,63,"prot50_age",0,-0.082808120607632,1
1,6,0.01,63,"prot50_income",-0.9,-0.17809779165055,1
1,6,0.01,63,"prot50_child",-0.7,-0.284236003134613,1
1,6,0.01,63,"invasive_male",0.8,0.257517648573795,1
1,6,0.01,63,"invasive_age",0,-0.0158255931801926,1
1,6,0.01,63,"invasive_income",-0.8,-0.309302153394437,1
1,6,0.01,63,"invasive_child",0,0.180273976896149,1
1,6,0.01,64,"ASC2_male",0.2,-0.0732505721658292,1
1,6,0.01,64,"ASC2_age",0,0.0590621919270662,1
1,6,0.01,64,"ASC2_income",-0.3,-0.0218230423554426,1
1,6,0.01,64,"ASC2_child",0,0.113480852034388,1
1,6,0.01,64,"ASC3_male",0,-0.0841637832697325,1
1,6,0.01,64,"ASC3_age",-1.2,-0.129228130378875,1
1,6,0.01,64,"ASC3_income",0.1,0.065672756537465,1
1,6,0.01,64,"ASC3_child",0,0.151755318906632,1
1,6,0.01,64,"prot25_male",-0.8,-0.0481075456299916,1
1,6,0.01,64,"prot25_age",0.1,-0.0730831778491578,1
1,6,0.01,64,"prot25_income",0.3,0.0127217403432225,1
1,6,0.01,64,"prot25_child",-0.5,-0.175735129259105,1
1,6,0.01,64,"prot50_male",0.2,0.179578207097343,1
1,6,0.01,64,"prot50_age",1.1,0.11315172840717,1
1,6,0.01,64,"prot50_income",0,-0.100094837998047,1
1,6,0.01,64,"prot50_child",0,-0.185352554218525,1
1,6,0.01,64,"invasive_male",0,0.0325247442441056,1
1,6,0.01,64,"invasive_age",0,0.0303263108275834,1
1,6,0.01,64,"invasive_income",0,0.0306718908381994,1
1,6,0.01,64,"invasive_child",0,-0.0946111093800508,1
1,6,0.01,65,"ASC2_male",0,0.268286736854536,1
1,6,0.01,65,"ASC2_age",0.8,-0.107949631503132,1
1,6,0.01,65,"ASC2_income",0.2,-0.0599755611876709,1
1,6,0.01,65,"ASC2_child",0,-0.217578525855278,1
1,6,0.01,65,"ASC3_male",0,0.421207365084,1
1,6,0.01,65,"ASC3_age",0,-0.27293578022206,1
1,6,0.01,65,"ASC3_income",0.7,0.0224270413684429,1
1,6,0.01,65,"ASC3_child",0.5,-0.179637518591963,1
1,6,0.01,65,"prot25_male",0,-0.334775641953282,1
1,6,0.01,65,"prot25_age",0,0.211796508973426,1
1,6,0.01,65,"prot25_income",0,0.0208676511364133,1
1,6,0.01,65,"prot25_child",1,0.31359740290536,1
1,6,0.01,65,"prot50_male",0.6,-0.137011925188249,1
1,6,0.01,65,"prot50_age",0,0.175938182568849,1
1,6,0.01,65,"prot50_income",-0.2,0.049225453941739,1
1,6,0.01,65,"prot50_child",0.5,0.145282609780461,1
1,6,0.01,65,"invasive_male",0.3,0.173280885695667,1
1,6,0.01,65,"invasive_age",0,-0.0698240110887215,1
1,6,0.01,65,"invasive_income",0.9,0.116892016906221,1
1,6,0.01,65,"invasive_child",0,-0.0694757902036846,1
1,6,0.01,66,"ASC2_male",0,-0.193040507031101,1
1,6,0.01,66,"ASC2_age",-0.2,-0.0458722365646137,1
1,6,0.01,66,"ASC2_income",0.4,0.0445543638295662,1
1,6,0.01,66,"ASC2_child",0,0.208459304105528,1
1,6,0.01,66,"ASC3_male",-0.9,-0.341050225142472,1
1,6,0.01,66,"ASC3_age",1,0.214653844250131,1
1,6,0.01,66,"ASC3_income",0,-0.00143657424024137,0
1,6,0.01,66,"ASC3_child",0,0.247343679355171,1
1,6,0.01,66,"prot25_male",-0.5,0.0392481866029057,1
1,6,0.01,66,"prot25_age",0,0.0524522986041142,1
1,6,0.01,66,"prot25_income",0,0.03017584247777,1
1,6,0.01,66,"prot25_child",-1.1,-0.288895983444332,1
1,6,0.01,66,"prot50_male",1,0.248642063610472,1
1,6,0.01,66,"prot50_age",0,-0.0230873696340907,1
1,6,0.01,66,"prot50_income",0.2,0.105793969858274,1
1,6,0.01,66,"prot50_child",0.7,0.0985791967464248,1
1,6,0.01,66,"invasive_male",0,-0.056347116234622,1
1,6,0.01,66,"invasive_age",0,0.0299878813829041,1
1,6,0.01,66,"invasive_income",0,0.0436923133856904,1
1,6,0.01,66,"invasive_child",-1,-0.0648401924977862,1
1,6,0.01,67,"ASC2_male",-0.6,-0.243301467402527,1
1,6,0.01,67,"ASC2_age",-0.5,-0.0982999230447881,1
1,6,0.01,67,"ASC2_income",0,0.0525281062351938,1
1,6,0.01,67,"ASC2_child",0.9,0.0999737851034172,1
1,6,0.01,67,"ASC3_male",0.8,-0.0776947912200813,1
1,6,0.01,67,"ASC3_age",-0.9,-0.157914880299304,1
1,6,0.01,67,"ASC3_income",1.1,0.211770020358626,1
1,6,0.01,67,"ASC3_child",0.1,-0.0354701051107799,1
1,6,0.01,67,"prot25_male",0,0.242400305255435,1
1,6,0.01,67,"prot25_age",-0.2,0.00802022429251553,0
1,6,0.01,67,"prot25_income",0,-0.0152362883297243,1
1,6,0.01,67,"prot25_child",0,0.265244508947742,1
1,6,0.01,67,"prot50_male",1,0.322366222000604,1
1,6,0.01,67,"prot50_age",0,0.0710174980926855,1
1,6,0.01,67,"prot50_income",0,0.0301426633420323,1
1,6,0.01,67,"prot50_child",0.1,0.112002505948515,1
1,6,0.01,67,"invasive_male",0,-0.075427356502404,1
1,6,0.01,67,"invasive_age",0,0.0576284382766316,1
1,6,0.01,67,"invasive_income",0,-0.0143698249984989,1
1,6,0.01,67,"invasive_child",0,0.00246798205825902,0
1,6,0.01,68,"ASC2_male",0,0.235289438999957,1
1,6,0.01,68,"ASC2_age",0.1,0.0946135996344332,1
1,6,0.01,68,"ASC2_income",0,0.00418369544425404,0
1,6,0.01,68,"ASC2_child",-0.8,-0.242950553373361,1
1,6,0.01,68,"ASC3_male",1.1,0.356570188572738,1
1,6,0.01,68,"ASC3_age",-0.5,0.0302488583673889,1
1,6,0.01,68,"ASC3_income",0,-0.0112755483663508,1
1,6,0.01,68,"ASC3_child",-0.9,-0.311604422050914,1
1,6,0.01,68,"prot25_male",0.2,0.0150722401698534,1
1,6,0.01,68,"prot25_age",0,-0.0569913360248514,1
1,6,0.01,68,"prot25_income",0,0.0383576891344518,1
1,6,0.01,68,"prot25_child",-1.1,-0.30142853977569,1
1,6,0.01,68,"prot50_male",0,-0.006168823364115,0
1,6,0.01,68,"prot50_age",0,-0.0811654395589425,1
1,6,0.01,68,"prot50_income",0,0.0635398279493325,1
1,6,0.01,68,"prot50_child",-0.8,-0.330092956523342,1
1,6,0.01,68,"invasive_male",0,0.0298246313229185,1
1,6,0.01,68,"invasive_age",-0.7,-0.139708072143396,1
1,6,0.01,68,"invasive_income",0,-0.0352387860084366,1
1,6,0.01,68,"invasive_child",1.1,-0.0784511032858511,1
1,6,0.01,69,"ASC2_male",1.1,0.385454671968926,1
1,6,0.01,69,"ASC2_age",0,-0.0280794792854358,1
1,6,0.01,69,"ASC2_income",0.4,0.123265433613878,1
1,6,0.01,69,"ASC2_child",1.2,-0.00513480801868626,0
1,6,0.01,69,"ASC3_male",-1,0.0531294247402946,1
1,6,0.01,69,"ASC3_age",0,-0.0266801025137374,1
1,6,0.01,69,"ASC3_income",-1.2,-0.137411249360896,1
1,6,0.01,69,"ASC3_child",0,-0.285407647955882,1
1,6,0.01,69,"prot25_male",0,-0.218248095879184,1
1,6,0.01,69,"prot25_age",0,-0.0231640089673372,1
1,6,0.01,69,"prot25_income",-0.4,-0.128723804424024,1
1,6,0.01,69,"prot25_child",-0.4,0.137150576436574,1
1,6,0.01,69,"prot50_male",0,-0.169043090199413,1
1,6,0.01,69,"prot50_age",0,-0.0395704208735819,1
1,6,0.01,69,"prot50_income",0,-0.0742548262589522,1
1,6,0.01,69,"prot50_child",0,0.217281851527679,1
1,6,0.01,69,"invasive_male",0,0.21329831524786,1
1,6,0.01,69,"invasive_age",-0.5,-0.115895104871167,1
1,6,0.01,69,"invasive_income",-0.2,0.0296431288635547,1
1,6,0.01,69,"invasive_child",-0.2,-0.121675869145708,1
1,6,0.01,70,"ASC2_male",-0.8,0.0109298203413625,1
1,6,0.01,70,"ASC2_age",0,-0.0560806369832057,1
1,6,0.01,70,"ASC2_income",0.3,0.0488936944452278,1
1,6,0.01,70,"ASC2_child",0,-0.0238332511884536,1
1,6,0.01,70,"ASC3_male",0.9,0.267207190941581,1
1,6,0.01,70,"ASC3_age",0,-0.0621409749749174,1
1,6,0.01,70,"ASC3_income",0,0.000942147310912225,0
1,6,0.01,70,"ASC3_child",0,-0.0903697222829992,1
1,6,0.01,70,"prot25_male",0,-0.113786881158503,1
1,6,0.01,70,"prot25_age",0,0.0963561190761213,1
1,6,0.01,70,"prot25_income",0.9,0.148626492373269,1
1,6,0.01,70,"prot25_child",0,0.151558702838881,1
1,6,0.01,70,"prot50_male",-0.1,-0.171399887204238,1
1,6,0.01,70,"prot50_age",-0.9,-0.12055833669498,1
1,6,0.01,70,"prot50_income",0.9,0.134147727235606,1
1,6,0.01,70,"prot50_child",1,0.169993433070303,1
1,6,0.01,70,"invasive_male",0,-0.268372753498955,1
1,6,0.01,70,"invasive_age",0.8,0.115490966020371,1
1,6,0.01,70,"invasive_income",0,0.0462100119174503,1
1,6,0.01,70,"invasive_child",-0.6,-0.10534222999543,1
1,6,0.01,71,"ASC2_male",0.5,-0.0523057548140403,1
1,6,0.01,71,"ASC2_age",1,0.262832734493058,1
1,6,0.01,71,"ASC2_income",0.8,0.157627456532487,1
1,6,0.01,71,"ASC2_child",0.7,-0.0977397688753046,1
1,6,0.01,71,"ASC3_male",0,-0.0508050521539123,1
1,6,0.01,71,"ASC3_age",0,0.104474554456315,1
1,6,0.01,71,"ASC3_income",0,-1.50939147497617e-06,0
1,6,0.01,71,"ASC3_child",1.1,-0.0554493995498065,1
1,6,0.01,71,"prot25_male",0,0.132047346428211,1
1,6,0.01,71,"prot25_age",0,-0.0810512331980268,1
1,6,0.01,71,"prot25_income",0,-0.0428008683756068,1
1,6,0.01,71,"prot25_child",0,-0.0509933651482215,1
1,6,0.01,71,"prot50_male",0,0.108446766933333,1
1,6,0.01,71,"prot50_age",-0.6,-0.199334222649843,1
1,6,0.01,71,"prot50_income",-0.9,-0.122925091075014,1
1,6,0.01,71,"prot50_child",-0.7,-0.263333750585901,1
1,6,0.01,71,"invasive_male",0.8,0.137990524713849,1
1,6,0.01,71,"invasive_age",0,-0.020553836761516,1
1,6,0.01,71,"invasive_income",1,0.109265772849487,1
1,6,0.01,71,"invasive_child",0,-0.251697929662566,1
1,6,0.01,72,"ASC2_male",-0.8,0.113791657279412,1
1,6,0.01,72,"ASC2_age",0,-0.0656624262400806,1
1,6,0.01,72,"ASC2_income",0.3,0.0762010827534682,1
1,6,0.01,72,"ASC2_child",0.2,0.297929975611773,1
1,6,0.01,72,"ASC3_male",0,0.324907335232621,1
1,6,0.01,72,"ASC3_age",0,-0.113127058784565,1
1,6,0.01,72,"ASC3_income",0,0.0052174014335519,0
1,6,0.01,72,"ASC3_child",-0.9,0.11062795315615,1
1,6,0.01,72,"prot25_male",0,-0.256023011797592,1
1,6,0.01,72,"prot25_age",0,0.024756508928625,1
1,6,0.01,72,"prot25_income",0,-0.00583807574790604,0
1,6,0.01,72,"prot25_child",-0.6,-0.371969922385061,1
1,6,0.01,72,"prot50_male",1,-0.159436768897942,1
1,6,0.01,72,"prot50_age",-0.6,0.0135622144322182,1
1,6,0.01,72,"prot50_income",0,0.0227724119335775,1
1,6,0.01,72,"prot50_child",0.4,0.0694028467504611,1
1,6,0.01,72,"invasive_male",-0.5,-0.143506965240383,1
1,6,0.01,72,"invasive_age",0,0.0577122232173313,1
1,6,0.01,72,"invasive_income",0,-0.0383806023204577,1
1,6,0.01,72,"invasive_child",-0.1,0.195934242318957,1
1,6,0.01,73,"ASC2_male",0,-0.0529118804245697,1
1,6,0.01,73,"ASC2_age",0,0.0171519649192703,1
1,6,0.01,73,"ASC2_income",0.5,0.186155470490827,1
1,6,0.01,73,"ASC2_child",-1,-0.183688272210556,1
1,6,0.01,73,"ASC3_male",0.8,0.0756668650405029,1
1,6,0.01,73,"ASC3_age",0,-0.0269164331396527,1
1,6,0.01,73,"ASC3_income",-0.5,0.0531255024549599,1
1,6,0.01,73,"ASC3_child",-1.2,-0.240000891248531,1
1,6,0.01,73,"prot25_male",0,0.215135378805833,1
1,6,0.01,73,"prot25_age",0,-0.0312986913781,1
1,6,0.01,73,"prot25_income",0.4,0.00566993478420067,0
1,6,0.01,73,"prot25_child",0,-0.127177673046231,1
1,6,0.01,73,"prot50_male",-0.7,-0.00628199611772565,0
1,6,0.01,73,"prot50_age",0.7,0.0342655016118593,1
1,6,0.01,73,"prot50_income",1,0.0586280906001153,1
1,6,0.01,73,"prot50_child",0,0.0407481812141625,1
1,6,0.01,73,"invasive_male",0,0.0494216943273874,1
1,6,0.01,73,"invasive_age",0,-0.0453618879687876,1
1,6,0.01,73,"invasive_income",0,-0.0262853546336653,1
1,6,0.01,73,"invasive_child",0.8,0.00223159550971011,0
1,6,0.01,74,"ASC2_male",0,0.0122522158263055,1
1,6,0.01,74,"ASC2_age",0,-0.0323200532256444,1
1,6,0.01,74,"ASC2_income",0,0.0102217402139028,1
1,6,0.01,74,"ASC2_child",-1,-0.00926149167485689,0
1,6,0.01,74,"ASC3_male",0.9,0.182743107590175,1
1,6,0.01,74,"ASC3_age",1.1,0.211303842956291,1
1,6,0.01,74,"ASC3_income",0,-0.0393414025607997,1
1,6,0.01,74,"ASC3_child",0,0.32797923110105,1
1,6,0.01,74,"prot25_male",-0.6,-0.151616333632441,1
1,6,0.01,74,"prot25_age",0.5,0.0766251339695941,1
1,6,0.01,74,"prot25_income",-0.3,0.00813051662494006,0
1,6,0.01,74,"prot25_child",0,-0.208037700543199,1
1,6,0.01,74,"prot50_male",-0.2,-0.132591140549364,1
1,6,0.01,74,"prot50_age",0,-0.0247186840818699,1
1,6,0.01,74,"prot50_income",0,0.0807384025542917,1
1,6,0.01,74,"prot50_child",0,-0.190460516946023,1
1,6,0.01,74,"invasive_male",0,-0.0534771507441598,1
1,6,0.01,74,"invasive_age",-1.1,-0.179164768045783,1
1,6,0.01,74,"invasive_income",0.4,0.0646023677379813,1
1,6,0.01,74,"invasive_child",0.7,0.132564469610537,1
1,6,0.01,75,"ASC2_male",0,0.303460723386819,1
1,6,0.01,75,"ASC2_age",0.5,0.0705925539854819,1
1,6,0.01,75,"ASC2_income",0,0.0553364008972197,1
1,6,0.01,75,"ASC2_child",0,0.128978592048074,1
1,6,0.01,75,"ASC3_male",1,0.421259966012075,1
1,6,0.01,75,"ASC3_age",0,-0.0723449014747307,1
1,6,0.01,75,"ASC3_income",0,0.065760257138449,1
1,6,0.01,75,"ASC3_child",-0.8,-0.0969756228326983,1
1,6,0.01,75,"prot25_male",0.9,-0.00176072036129204,0
1,6,0.01,75,"prot25_age",1,0.192375455615881,1
1,6,0.01,75,"prot25_income",0,-0.0993919431510553,1
1,6,0.01,75,"prot25_child",-1,-0.148813229685289,1
1,6,0.01,75,"prot50_male",0,-0.0943422304853104,1
1,6,0.01,75,"prot50_age",0,0.017563226389862,1
1,6,0.01,75,"prot50_income",-0.9,-0.221293432709724,1
1,6,0.01,75,"prot50_child",-0.4,-0.0218300680231013,1
1,6,0.01,75,"invasive_male",0.7,0.294219374569947,1
1,6,0.01,75,"invasive_age",0,0.0567289404655934,1
1,6,0.01,75,"invasive_income",-0.5,-0.16597645588123,1
1,6,0.01,75,"invasive_child",0,0.209005260811197,1
1,6,0.01,76,"ASC2_male",-0.7,-0.0239235467805018,1
1,6,0.01,76,"ASC2_age",0,0.0379441763469891,1
1,6,0.01,76,"ASC2_income",0,-0.13285906743055,1
1,6,0.01,76,"ASC2_child",-1,-0.251447228027683,1
1,6,0.01,76,"ASC3_male",-0.4,0.0377030108085134,1
1,6,0.01,76,"ASC3_age",0,0.0176751422064029,1
1,6,0.01,76,"ASC3_income",-0.5,-0.236860882890149,1
1,6,0.01,76,"ASC3_child",-0.6,-0.163927011011945,1
1,6,0.01,76,"prot25_male",0,0.0361867858030177,1
1,6,0.01,76,"prot25_age",0,-0.089502195582566,1
1,6,0.01,76,"prot25_income",0,0.134500129234396,1
1,6,0.01,76,"prot25_child",-0.5,-0.0715023578193981,1
1,6,0.01,76,"prot50_male",-0.1,-0.121473729594572,1
1,6,0.01,76,"prot50_age",0,-0.0375333483098393,1
1,6,0.01,76,"prot50_income",0,0.113724118324056,1
1,6,0.01,76,"prot50_child",0,-0.0518261108623306,1
1,6,0.01,76,"invasive_male",-0.4,-0.245943833253389,1
1,6,0.01,76,"invasive_age",0,0.0135002076306446,1
1,6,0.01,76,"invasive_income",-0.2,-0.06335849162494,1
1,6,0.01,76,"invasive_child",0.1,-0.0711507620730049,1
1,6,0.01,77,"ASC2_male",0.4,0.166959022497862,1
1,6,0.01,77,"ASC2_age",-0.4,-0.0270979563015808,1
1,6,0.01,77,"ASC2_income",0,-0.109084890500342,1
1,6,0.01,77,"ASC2_child",-1.1,-0.125176026975463,1
1,6,0.01,77,"ASC3_male",0,0.177001531790673,1
1,6,0.01,77,"ASC3_age",0,-0.0210855814233473,1
1,6,0.01,77,"ASC3_income",0,-0.0853945534844622,1
1,6,0.01,77,"ASC3_child",0,0.000918221711177846,0
1,6,0.01,77,"prot25_male",0.8,-0.0485167758891475,1
1,6,0.01,77,"prot25_age",0.6,0.0400523478629011,1
1,6,0.01,77,"prot25_income",0,0.0438167606572297,1
1,6,0.01,77,"prot25_child",0,0.0180281354368025,1
1,6,0.01,77,"prot50_male",0,-0.147048192025082,1
1,6,0.01,77,"prot50_age",-0.5,-0.154915693814794,1
1,6,0.01,77,"prot50_income",-1.1,-0.250037332799788,1
1,6,0.01,77,"prot50_child",0,-0.0713465597391127,1
1,6,0.01,77,"invasive_male",0,-0.0670476749553566,1
1,6,0.01,77,"invasive_age",1,0.156172536635546,1
1,6,0.01,77,"invasive_income",0.6,-0.00501292014652264,0
1,6,0.01,77,"invasive_child",-0.2,-0.117385739208374,1
1,6,0.01,78,"ASC2_male",0,0.0661028340630886,1
1,6,0.01,78,"ASC2_age",0,0.121342741210117,1
1,6,0.01,78,"ASC2_income",0,0.141154018815582,1
1,6,0.01,78,"ASC2_child",0,0.236374104322697,1
1,6,0.01,78,"ASC3_male",0,0.110036743015115,1
1,6,0.01,78,"ASC3_age",0,0.084368330691157,1
1,6,0.01,78,"ASC3_income",-0.4,0.0162040849562027,1
1,6,0.01,78,"ASC3_child",0,0.179568513070718,1
1,6,0.01,78,"prot25_male",-1.1,-0.210704873879649,1
1,6,0.01,78,"prot25_age",0,0.00131388582239389,0
1,6,0.01,78,"prot25_income",-0.2,-0.0381486389112338,1
1,6,0.01,78,"prot25_child",0,-0.378820334297973,1
1,6,0.01,78,"prot50_male",0.6,0.0950056110966482,1
1,6,0.01,78,"prot50_age",-0.4,-0.0541766215223304,1
1,6,0.01,78,"prot50_income",-0.9,-0.20392581528045,1
1,6,0.01,78,"prot50_child",0.6,-0.22705027107436,1
1,6,0.01,78,"invasive_male",-0.6,-0.126812235265518,1
1,6,0.01,78,"invasive_age",0.9,0.263408287260644,1
1,6,0.01,78,"invasive_income",1.2,0.326903016982332,1
1,6,0.01,78,"invasive_child",0,-0.180145104473392,1
1,6,0.01,79,"ASC2_male",0,-0.24196663134715,1
1,6,0.01,79,"ASC2_age",0,-0.020736058896587,1
1,6,0.01,79,"ASC2_income",0,-0.0132017785831321,1
1,6,0.01,79,"ASC2_child",0,-0.00645349706038187,0
1,6,0.01,79,"ASC3_male",0,-0.182785293868413,1
1,6,0.01,79,"ASC3_age",0,-0.037414028644248,1
1,6,0.01,79,"ASC3_income",0.2,0.043518123121859,1
1,6,0.01,79,"ASC3_child",-0.3,-0.0529222990770443,1
1,6,0.01,79,"prot25_male",0.2,0.273806942840015,1
1,6,0.01,79,"prot25_age",0,-0.0264210555068465,1
1,6,0.01,79,"prot25_income",0.9,0.233415785087436,1
1,6,0.01,79,"prot25_child",0.3,0.0463886004560707,1
1,6,0.01,79,"prot50_male",1,0.463113306860629,1
1,6,0.01,79,"prot50_age",0,-0.0563842131888574,1
1,6,0.01,79,"prot50_income",-0.7,-0.0238265122117981,1
1,6,0.01,79,"prot50_child",0,-0.122744404947286,1
1,6,0.01,79,"invasive_male",-0.6,-0.0936171539202506,1
1,6,0.01,79,"invasive_age",-1.1,-0.217318737337135,1
1,6,0.01,79,"invasive_income",0,0.0116038061257964,1
1,6,0.01,79,"invasive_child",-0.1,-0.0311647877068746,1
1,6,0.01,80,"ASC2_male",0.8,0.183123196979595,1
1,6,0.01,80,"ASC2_age",0,0.0146925402107362,1
1,6,0.01,80,"ASC2_income",0.4,0.0727908883764317,1
1,6,0.01,80,"ASC2_child",-1,-0.1908689591219,1
1,6,0.01,80,"ASC3_male",0,-0.0490565107145132,1
1,6,0.01,80,"ASC3_age",1,0.131045695191569,1
1,6,0.01,80,"ASC3_income",0,0.0137033940223842,1
1,6,0.01,80,"ASC3_child",-1.1,-0.250195708670977,1
1,6,0.01,80,"prot25_male",0.8,-0.178551988785969,1
1,6,0.01,80,"prot25_age",0,0.118313104945021,1
1,6,0.01,80,"prot25_income",0,-0.0986133157538715,1
1,6,0.01,80,"prot25_child",0.3,0.184355173147912,1
1,6,0.01,80,"prot50_male",0,-0.114156150313259,1
1,6,0.01,80,"prot50_age",1,0.318308674120557,1
1,6,0.01,80,"prot50_income",0,-0.0408569760709982,1
1,6,0.01,80,"prot50_child",0,0.04377485232245,1
1,6,0.01,80,"invasive_male",0,-0.250588708272199,1
1,6,0.01,80,"invasive_age",1,0.218798988466531,1
1,6,0.01,80,"invasive_income",0,-0.0156208789015665,1
1,6,0.01,80,"invasive_child",1.1,0.129454899108683,1
1,6,0.01,81,"ASC2_male",1,0.350529723945704,1
1,6,0.01,81,"ASC2_age",0,-0.102318195461662,1
1,6,0.01,81,"ASC2_income",0,-0.0474716564757919,1
1,6,0.01,81,"ASC2_child",0,0.12379001449565,1
1,6,0.01,81,"ASC3_male",0,0.0782729380416459,1
1,6,0.01,81,"ASC3_age",0,-0.0565810015733736,1
1,6,0.01,81,"ASC3_income",0,-0.0168126742107191,1
1,6,0.01,81,"ASC3_child",-0.4,0.129426614830332,1
1,6,0.01,81,"prot25_male",0,-0.0697027254277543,1
1,6,0.01,81,"prot25_age",0,0.0529217586000787,1
1,6,0.01,81,"prot25_income",0,0.0699620837527269,1
1,6,0.01,81,"prot25_child",-0.2,-0.0305278566172853,1
1,6,0.01,81,"prot50_male",1.1,0.110665310304441,1
1,6,0.01,81,"prot50_age",0.8,0.0593447058246663,1
1,6,0.01,81,"prot50_income",0,0.109294775613129,1
1,6,0.01,81,"prot50_child",-0.3,-0.146946576495145,1
1,6,0.01,81,"invasive_male",-0.2,-0.108969918472958,1
1,6,0.01,81,"invasive_age",-1.2,-0.263364939121277,1
1,6,0.01,81,"invasive_income",0.4,0.0719940156053274,1
1,6,0.01,81,"invasive_child",1.1,0.226918285580034,1
1,6,0.01,82,"ASC2_male",0,0.0928111983543353,1
1,6,0.01,82,"ASC2_age",0,0.163918831446663,1
1,6,0.01,82,"ASC2_income",-0.8,-0.143458827768466,1
1,6,0.01,82,"ASC2_child",0.4,0.170061040885706,1
1,6,0.01,82,"ASC3_male",-0.5,0.0502191932455806,1
1,6,0.01,82,"ASC3_age",0,0.151406901036393,1
1,6,0.01,82,"ASC3_income",0,-0.0344482383313772,1
1,6,0.01,82,"ASC3_child",0,0.0493145926170693,1
1,6,0.01,82,"prot25_male",-0.5,-0.178027807040086,1
1,6,0.01,82,"prot25_age",0,-0.13147649578045,1
1,6,0.01,82,"prot25_income",0.8,0.13046391296213,1
1,6,0.01,82,"prot25_child",0,-0.15201468259424,1
1,6,0.01,82,"prot50_male",-0.3,-0.149302801313481,1
1,6,0.01,82,"prot50_age",0,-0.0290055562851011,1
1,6,0.01,82,"prot50_income",0.6,0.182791600997079,1
1,6,0.01,82,"prot50_child",0.3,-0.0939297928193141,1
1,6,0.01,82,"invasive_male",-1.1,-0.228596783934556,1
1,6,0.01,82,"invasive_age",-1.2,-0.160609518332136,1
1,6,0.01,82,"invasive_income",0,0.064257274309105,1
1,6,0.01,82,"invasive_child",0,-0.171400994279614,1
1,6,0.01,83,"ASC2_male",0.5,-0.138050774186518,1
1,6,0.01,83,"ASC2_age",0,0.0261177216912151,1
1,6,0.01,83,"ASC2_income",-0.6,-0.0877412018886346,1
1,6,0.01,83,"ASC2_child",-0.5,-0.140505420177817,1
1,6,0.01,83,"ASC3_male",0,-0.165836830651815,1
1,6,0.01,83,"ASC3_age",0,0.0146293414608627,1
1,6,0.01,83,"ASC3_income",0,0.00755501195865941,0
1,6,0.01,83,"ASC3_child",0,-0.142798833522582,1
1,6,0.01,83,"prot25_male",-1,-0.090961230248525,1
1,6,0.01,83,"prot25_age",0.1,0.0345301067306923,1
1,6,0.01,83,"prot25_income",0,-0.0235469145607159,1
1,6,0.01,83,"prot25_child",0,0.0824736249866939,1
1,6,0.01,83,"prot50_male",0.7,0.166509389392597,1
1,6,0.01,83,"prot50_age",0,0.0188721719724614,1
1,6,0.01,83,"prot50_income",1.1,0.166507435329184,1
1,6,0.01,83,"prot50_child",0,-0.0251055314213911,1
1,6,0.01,83,"invasive_male",0.7,0.0445433315012765,1
1,6,0.01,83,"invasive_age",-1,-0.126454152937241,1
1,6,0.01,83,"invasive_income",0.3,0.00527615485765223,0
1,6,0.01,83,"invasive_child",0,-0.0604533229247297,1
1,6,0.01,84,"ASC2_male",0,0.190380752057314,1
1,6,0.01,84,"ASC2_age",0,0.0150626182886856,1
1,6,0.01,84,"ASC2_income",-0.9,-0.181548757764447,1
1,6,0.01,84,"ASC2_child",1.1,-0.0286645599618343,1
1,6,0.01,84,"ASC3_male",0.7,0.279394852632025,1
1,6,0.01,84,"ASC3_age",0,0.0244299840139809,1
1,6,0.01,84,"ASC3_income",0,0.019498306946024,1
1,6,0.01,84,"ASC3_child",0.3,0.0999126147978017,1
1,6,0.01,84,"prot25_male",0.3,-0.158996762831829,1
1,6,0.01,84,"prot25_age",0,-0.0440466652802967,1
1,6,0.01,84,"prot25_income",0,0.0627330367741131,1
1,6,0.01,84,"prot25_child",0,0.0934471349493421,1
1,6,0.01,84,"prot50_male",0,-0.171269486651602,1
1,6,0.01,84,"prot50_age",-0.2,-0.0251835072560454,1
1,6,0.01,84,"prot50_income",0.5,0.10748889309952,1
1,6,0.01,84,"prot50_child",0,0.0271411543574858,1
1,6,0.01,84,"invasive_male",0,-0.0311503317372493,1
1,6,0.01,84,"invasive_age",-0.7,-0.154016083652977,1
1,6,0.01,84,"invasive_income",-0.9,-0.0902253129801878,1
1,6,0.01,84,"invasive_child",0.5,-0.00285993403988831,0
1,6,0.01,85,"ASC2_male",0.9,0.22462762903813,1
1,6,0.01,85,"ASC2_age",0,-0.0588158133865795,1
1,6,0.01,85,"ASC2_income",-0.2,-0.0686594840711726,1
1,6,0.01,85,"ASC2_child",0.5,0.0581006019967675,1
1,6,0.01,85,"ASC3_male",0,0.0906736352161679,1
1,6,0.01,85,"ASC3_age",0,-0.0589335106717431,1
1,6,0.01,85,"ASC3_income",0,0.00158566189505843,0
1,6,0.01,85,"ASC3_child",0.8,0.187380198929814,1
1,6,0.01,85,"prot25_male",0.4,0.052001862360853,1
1,6,0.01,85,"prot25_age",0,-0.0081282432319341,0
1,6,0.01,85,"prot25_income",0.5,0.0814271866554808,1
1,6,0.01,85,"prot25_child",-0.2,0.0597980134353367,1
1,6,0.01,85,"prot50_male",-0.1,-0.00768990292254155,0
1,6,0.01,85,"prot50_age",0,0.0295220162300462,1
1,6,0.01,85,"prot50_income",-1.1,-0.12318877133086,1
1,6,0.01,85,"prot50_child",0,0.29088248352734,1
1,6,0.01,85,"invasive_male",0.7,0.190764818748841,1
1,6,0.01,85,"invasive_age",0,-0.0419332689817192,1
1,6,0.01,85,"invasive_income",0,0.0248312600436398,1
1,6,0.01,85,"invasive_child",0,0.144722709985381,1
1,6,0.01,86,"ASC2_male",0.2,0.138521240408026,1
1,6,0.01,86,"ASC2_age",0.4,0.0820854840110809,1
1,6,0.01,86,"ASC2_income",0,0.0303668760839758,1
1,6,0.01,86,"ASC2_child",-0.2,-0.330708484278853,1
1,6,0.01,86,"ASC3_male",-0.2,0.0301732134220446,1
1,6,0.01,86,"ASC3_age",0,0.0213746137221385,1
1,6,0.01,86,"ASC3_income",0,0.0464313467090941,1
1,6,0.01,86,"ASC3_child",0,-0.340677416141175,1
1,6,0.01,86,"prot25_male",0,0.00814037002054346,0
1,6,0.01,86,"prot25_age",0,-0.00763204188810296,0
1,6,0.01,86,"prot25_income",-0.2,-0.119658683869844,1
1,6,0.01,86,"prot25_child",0,0.0965196872689065,1
1,6,0.01,86,"prot50_male",0.6,0.0406278448176853,1
1,6,0.01,86,"prot50_age",-1,-0.171475909729882,1
1,6,0.01,86,"prot50_income",0,-0.0871691774003907,1
1,6,0.01,86,"prot50_child",1,0.167329980511958,1
1,6,0.01,86,"invasive_male",0.5,0.0795667833935084,1
1,6,0.01,86,"invasive_age",0,0.0275543682331299,1
1,6,0.01,86,"invasive_income",0,0.0847276694128348,1
1,6,0.01,86,"invasive_child",-1,-0.339271801561516,1
1,6,0.01,87,"ASC2_male",0.2,0.220484229771362,1
1,6,0.01,87,"ASC2_age",1.1,0.181514487513311,1
1,6,0.01,87,"ASC2_income",0,0.0297110407128083,1
1,6,0.01,87,"ASC2_child",0,-0.0337435818173972,1
1,6,0.01,87,"ASC3_male",0,0.0490394430371904,1
1,6,0.01,87,"ASC3_age",-0.4,-0.0627678406919499,1
1,6,0.01,87,"ASC3_income",0,0.0823424363056036,1
1,6,0.01,87,"ASC3_child",0.7,0.147577364519049,1
1,6,0.01,87,"prot25_male",-1.2,-0.388453905725212,1
1,6,0.01,87,"prot25_age",-0.9,-0.156077884798437,1
1,6,0.01,87,"prot25_income",0,-0.0284065013136231,1
1,6,0.01,87,"prot25_child",-0.2,0.0696422804844321,1
1,6,0.01,87,"prot50_male",-0.5,-0.278781235420273,1
1,6,0.01,87,"prot50_age",0,-0.0287610918558629,1
1,6,0.01,87,"prot50_income",0,-0.120953643423695,1
1,6,0.01,87,"prot50_child",0.4,0.116632468668371,1
1,6,0.01,87,"invasive_male",0,0.05778632452335,1
1,6,0.01,87,"invasive_age",0,0.0586556615279502,1
1,6,0.01,87,"invasive_income",0,-0.0329885177183248,1
1,6,0.01,87,"invasive_child",0.8,0.0566929918461145,1
1,6,0.01,88,"ASC2_male",-1.1,-0.343206476748086,1
1,6,0.01,88,"ASC2_age",0,0.0237355700960143,1
1,6,0.01,88,"ASC2_income",0.3,0.0467137553172898,1
1,6,0.01,88,"ASC2_child",0,-0.0775524716303858,1
1,6,0.01,88,"ASC3_male",-1.1,-0.308651957613244,1
1,6,0.01,88,"ASC3_age",0,-0.0100628414572883,1
1,6,0.01,88,"ASC3_income",0,0.0455238159799161,1
1,6,0.01,88,"ASC3_child",0.5,-0.0749165297246004,1
1,6,0.01,88,"prot25_male",0.6,0.272296809900061,1
1,6,0.01,88,"prot25_age",0,-0.0574721554698748,1
1,6,0.01,88,"prot25_income",0,0.048088094538793,1
1,6,0.01,88,"prot25_child",0,0.0801206039843139,1
1,6,0.01,88,"prot50_male",0,0.137760156567106,1
1,6,0.01,88,"prot50_age",-0.3,-0.0620559052686164,1
1,6,0.01,88,"prot50_income",-0.5,-0.0808998374945186,1
1,6,0.01,88,"prot50_child",0.8,0.333248735512445,1
1,6,0.01,88,"invasive_male",0,0.0317362345884467,1
1,6,0.01,88,"invasive_age",-1.1,-0.210636473792642,1
1,6,0.01,88,"invasive_income",0.4,0.116690814125092,1
1,6,0.01,88,"invasive_child",0,0.110180107001358,1
1,6,0.01,89,"ASC2_male",0,0.228882945401882,1
1,6,0.01,89,"ASC2_age",0,-0.136252310185248,1
1,6,0.01,89,"ASC2_income",0.5,0.177702790160762,1
1,6,0.01,89,"ASC2_child",0,-0.421288916741466,1
1,6,0.01,89,"ASC3_male",0,0.196754053556721,1
1,6,0.01,89,"ASC3_age",0.3,-0.0527559374388468,1
1,6,0.01,89,"ASC3_income",-0.8,-0.0919727327717475,1
1,6,0.01,89,"ASC3_child",0,-0.393557068098686,1
1,6,0.01,89,"prot25_male",0.1,-0.122025498691408,1
1,6,0.01,89,"prot25_age",-0.1,0.0766212467787714,1
1,6,0.01,89,"prot25_income",0,-0.00223647098425363,0
1,6,0.01,89,"prot25_child",-1.2,0.0632944433763043,1
1,6,0.01,89,"prot50_male",-0.5,-0.303860057012626,1
1,6,0.01,89,"prot50_age",0,0.075682507232082,1
1,6,0.01,89,"prot50_income",0,-0.00501475753062011,0
1,6,0.01,89,"prot50_child",0,0.222478616143183,1
1,6,0.01,89,"invasive_male",-0.6,-0.00937817210566656,0
1,6,0.01,89,"invasive_age",0.2,0.0014950051872747,0
1,6,0.01,89,"invasive_income",1.1,0.310312917350144,1
1,6,0.01,89,"invasive_child",0,-0.234442879568184,1
1,6,0.01,90,"ASC2_male",-1,-0.171470726515804,1
1,6,0.01,90,"ASC2_age",-0.2,-0.0755118585265709,1
1,6,0.01,90,"ASC2_income",-0.9,-0.239658636711451,1
1,6,0.01,90,"ASC2_child",0.8,0.0448861058456497,1
1,6,0.01,90,"ASC3_male",0,-0.00390641990633067,0
1,6,0.01,90,"ASC3_age",0,-0.0561826019793828,1
1,6,0.01,90,"ASC3_income",0,-0.125778661742882,1
1,6,0.01,90,"ASC3_child",0.6,-0.0105936336840527,1
1,6,0.01,90,"prot25_male",0,-0.0250968844245709,1
1,6,0.01,90,"prot25_age",0,-0.00180889694735134,0
1,6,0.01,90,"prot25_income",0.8,0.280934338123777,1
1,6,0.01,90,"prot25_child",0,-0.166352286039137,1
1,6,0.01,90,"prot50_male",0,-0.229531616234303,1
1,6,0.01,90,"prot50_age",1,0.168498093639194,1
1,6,0.01,90,"prot50_income",0.6,0.256955052302611,1
1,6,0.01,90,"prot50_child",0,-0.076730106754895,1
1,6,0.01,90,"invasive_male",0,-0.0735521290801653,1
1,6,0.01,90,"invasive_age",0,-0.0650669555046496,1
1,6,0.01,90,"invasive_income",-0.6,-0.0941726797299715,1
1,6,0.01,90,"invasive_child",-1.2,-0.439994250259027,1
1,6,0.01,91,"ASC2_male",1.2,0.147286381659664,1
1,6,0.01,91,"ASC2_age",0.2,0.0958014574210949,1
1,6,0.01,91,"ASC2_income",0,-0.156716309430218,1
1,6,0.01,91,"ASC2_child",0,-0.0335048419467666,1
1,6,0.01,91,"ASC3_male",0,-0.156718459219159,1
1,6,0.01,91,"ASC3_age",0,0.0225225557368901,1
1,6,0.01,91,"ASC3_income",0.6,-0.00455749411794356,0
1,6,0.01,91,"ASC3_child",1.1,0.0692741309512687,1
1,6,0.01,91,"prot25_male",0,0.180929053183924,1
1,6,0.01,91,"prot25_age",0.3,-0.0988897441576833,1
1,6,0.01,91,"prot25_income",0.2,0.100281053987975,1
1,6,0.01,91,"prot25_child",0,0.0441742344371739,1
1,6,0.01,91,"prot50_male",-0.7,-0.0252945575618959,1
1,6,0.01,91,"prot50_age",0,-0.0587052394230644,1
1,6,0.01,91,"prot50_income",-1,-0.171727118843886,1
1,6,0.01,91,"prot50_child",0,0.119901900924577,1
1,6,0.01,91,"invasive_male",-0.6,-0.113369746964269,1
1,6,0.01,91,"invasive_age",0,-0.0542725393023225,1
1,6,0.01,91,"invasive_income",0.4,-0.0598076535847284,1
1,6,0.01,91,"invasive_child",0,0.0450724534877275,1
1,6,0.01,92,"ASC2_male",-0.4,0.0557476708328023,1
1,6,0.01,92,"ASC2_age",0,-0.0168750773078711,1
1,6,0.01,92,"ASC2_income",1,0.112449058842883,1
1,6,0.01,92,"ASC2_child",0,-0.13014927902445,1
1,6,0.01,92,"ASC3_male",-1.1,-0.0498300356585564,1
1,6,0.01,92,"ASC3_age",0.6,0.0660754490043439,1
1,6,0.01,92,"ASC3_income",0.8,0.0365751123543611,1
1,6,0.01,92,"ASC3_child",0,0.0440909947564487,1
1,6,0.01,92,"prot25_male",0,0.0606430397785066,1
1,6,0.01,92,"prot25_age",0,-0.0243672469339722,1
1,6,0.01,92,"prot25_income",0.7,0.195009405333591,1
1,6,0.01,92,"prot25_child",-0.8,-0.259647487502854,1
1,6,0.01,92,"prot50_male",1,-0.0153022628313129,1
1,6,0.01,92,"prot50_age",0,0.105494148745602,1
1,6,0.01,92,"prot50_income",-1.2,-0.112826981130018,1
1,6,0.01,92,"prot50_child",0,0.248355469360019,1
1,6,0.01,92,"invasive_male",0,0.0749692819221532,1
1,6,0.01,92,"invasive_age",0,-0.0439789566205339,1
1,6,0.01,92,"invasive_income",-0.9,-0.196012389033009,1
1,6,0.01,92,"invasive_child",0,0.16357557359322,1
1,6,0.01,93,"ASC2_male",0,0.0133001141510455,1
1,6,0.01,93,"ASC2_age",1,0.133862429500259,1
1,6,0.01,93,"ASC2_income",0,0.0997692277468771,1
1,6,0.01,93,"ASC2_child",-0.3,-0.0715517770301209,1
1,6,0.01,93,"ASC3_male",-1,-0.0699515024310925,1
1,6,0.01,93,"ASC3_age",0,0.0459310316463865,1
1,6,0.01,93,"ASC3_income",0,0.079035785221703,1
1,6,0.01,93,"ASC3_child",0.1,0.106966266966782,1
1,6,0.01,93,"prot25_male",0.7,0.170403379684237,1
1,6,0.01,93,"prot25_age",0,0.0270661576073072,1
1,6,0.01,93,"prot25_income",-0.7,-0.0947484586724198,1
1,6,0.01,93,"prot25_child",0,0.020236627929173,1
1,6,0.01,93,"prot50_male",0,0.192712428425971,1
1,6,0.01,93,"prot50_age",0,-0.0915111542762449,1
1,6,0.01,93,"prot50_income",0,-0.0220079008498068,1
1,6,0.01,93,"prot50_child",0.9,0.184494166181264,1
1,6,0.01,93,"invasive_male",-0.7,0.00646184014176076,0
1,6,0.01,93,"invasive_age",-0.7,-0.133784429225455,1
1,6,0.01,93,"invasive_income",0,0.0506808095342431,1
1,6,0.01,93,"invasive_child",-0.2,-0.0608386100257205,1
1,6,0.01,94,"ASC2_male",0.3,0.0119494474498623,1
1,6,0.01,94,"ASC2_age",-0.4,-0.0262905843501594,1
1,6,0.01,94,"ASC2_income",-0.4,-0.154961288864179,1
1,6,0.01,94,"ASC2_child",-0.6,-0.087521093365327,1
1,6,0.01,94,"ASC3_male",-0.3,0.0186744103983352,1
1,6,0.01,94,"ASC3_age",0,0.0740434942174911,1
1,6,0.01,94,"ASC3_income",0,-0.0195415428786401,1
1,6,0.01,94,"ASC3_child",0.9,0.240306761111286,1
1,6,0.01,94,"prot25_male",0.3,0.13182391545585,1
1,6,0.01,94,"prot25_age",0,-0.0943084131708249,1
1,6,0.01,94,"prot25_income",0.2,-0.0575557418879561,1
1,6,0.01,94,"prot25_child",0,0.0050975961512752,0
1,6,0.01,94,"prot50_male",0,-0.0677824831626784,1
1,6,0.01,94,"prot50_age",0.5,0.0218696706734485,1
1,6,0.01,94,"prot50_income",0,-0.0347904464866701,1
1,6,0.01,94,"prot50_child",-0.1,-0.183061452977508,1
1,6,0.01,94,"invasive_male",0,0.109675121960307,1
1,6,0.01,94,"invasive_age",0,0.00538954768401189,0
1,6,0.01,94,"invasive_income",0,-0.0795355185982753,1
1,6,0.01,94,"invasive_child",0,-0.126745993418922,1
1,6,0.01,95,"ASC2_male",-0.9,-0.254532190776085,1
1,6,0.01,95,"ASC2_age",0,-0.025367710653957,1
1,6,0.01,95,"ASC2_income",0,-0.0541167902067136,1
1,6,0.01,95,"ASC2_child",0,-0.419562582360756,1
1,6,0.01,95,"ASC3_male",0,-0.174390485751517,1
1,6,0.01,95,"ASC3_age",1.1,0.151898734716993,1
1,6,0.01,95,"ASC3_income",0.8,0.087733144964537,1
1,6,0.01,95,"ASC3_child",-1,-0.469162834726859,1
1,6,0.01,95,"prot25_male",-1,-0.0823363760671768,1
1,6,0.01,95,"prot25_age",0.8,0.162019722484552,1
1,6,0.01,95,"prot25_income",0.7,0.216134710402213,1
1,6,0.01,95,"prot25_child",0.6,0.265021046460651,1
1,6,0.01,95,"prot50_male",0,0.142574880604734,1
1,6,0.01,95,"prot50_age",0,0.0506574040134092,1
1,6,0.01,95,"prot50_income",1,0.267855529289983,1
1,6,0.01,95,"prot50_child",0,0.191040828343128,1
1,6,0.01,95,"invasive_male",0,0.0366309553907093,1
1,6,0.01,95,"invasive_age",0,0.0486756703879503,1
1,6,0.01,95,"invasive_income",0,0.00159466897181272,0
1,6,0.01,95,"invasive_child",0.4,0.0188471207791649,1
1,6,0.01,96,"ASC2_male",0.6,-0.0629351401698018,1
1,6,0.01,96,"ASC2_age",0,-0.130830798411013,1
1,6,0.01,96,"ASC2_income",0,-0.0176984547674826,1
1,6,0.01,96,"ASC2_child",0,0.0232309436464688,1
1,6,0.01,96,"ASC3_male",-0.1,-0.186025176740657,1
1,6,0.01,96,"ASC3_age",1.2,0.0378833622992169,1
1,6,0.01,96,"ASC3_income",0,-0.0343599585278581,1
1,6,0.01,96,"ASC3_child",0,-0.0903800314966066,1
1,6,0.01,96,"prot25_male",-0.6,0.258799822046243,1
1,6,0.01,96,"prot25_age",0.3,0.0595213426963944,1
1,6,0.01,96,"prot25_income",-0.8,-0.0923841776716327,1
1,6,0.01,96,"prot25_child",0.7,0.19035093885974,1
1,6,0.01,96,"prot50_male",-1,-0.0167733892745483,1
1,6,0.01,96,"prot50_age",0,0.0762884231152416,1
1,6,0.01,96,"prot50_income",0,0.0735482647911559,1
1,6,0.01,96,"prot50_child",0,-0.0143492861252147,1
1,6,0.01,96,"invasive_male",-0.2,0.071856641576982,1
1,6,0.01,96,"invasive_age",-0.4,-0.167843963485496,1
1,6,0.01,96,"invasive_income",0,0.0247253800304922,1
1,6,0.01,96,"invasive_child",0,0.038415182416315,1
1,6,0.01,97,"ASC2_male",-1,0.168859521289077,1
1,6,0.01,97,"ASC2_age",0.2,-0.0748088631191329,1
1,6,0.01,97,"ASC2_income",0,-0.0116004031572888,1
1,6,0.01,97,"ASC2_child",-0.3,-0.219693013264278,1
1,6,0.01,97,"ASC3_male",0.5,0.352321286880306,1
1,6,0.01,97,"ASC3_age",0.5,-0.00582071491828023,0
1,6,0.01,97,"ASC3_income",0,-0.067805934823653,1
1,6,0.01,97,"ASC3_child",-0.2,-0.262961943530209,1
1,6,0.01,97,"prot25_male",0,-0.106897542464402,1
1,6,0.01,97,"prot25_age",0,0.0857993839387118,1
1,6,0.01,97,"prot25_income",-0.1,0.0786466921882165,1
1,6,0.01,97,"prot25_child",0,0.075759737831312,1
1,6,0.01,97,"prot50_male",0.6,-0.0398594687278817,1
1,6,0.01,97,"prot50_age",0,0.0756115667145575,1
1,6,0.01,97,"prot50_income",-0.5,-0.0583633389070738,1
1,6,0.01,97,"prot50_child",0,-0.0250280506436383,1
1,6,0.01,97,"invasive_male",0,0.128869530850322,1
1,6,0.01,97,"invasive_age",0,-0.000275627213222753,0
1,6,0.01,97,"invasive_income",-0.7,-0.0299421262541693,1
1,6,0.01,97,"invasive_child",0,-0.172415330469131,1
1,6,0.01,98,"ASC2_male",0,0.0543824960855763,1
1,6,0.01,98,"ASC2_age",0,0.00449174941241697,0
1,6,0.01,98,"ASC2_income",-0.5,-0.0167048958767801,1
1,6,0.01,98,"ASC2_child",-1.1,-0.274942822959545,1
1,6,0.01,98,"ASC3_male",-0.3,-0.0911615607689947,1
1,6,0.01,98,"ASC3_age",1,0.117240423009215,1
1,6,0.01,98,"ASC3_income",0,0.0672183888733422,1
1,6,0.01,98,"ASC3_child",-0.6,-0.187511701157815,1
1,6,0.01,98,"prot25_male",-0.4,-0.0200252146765823,1
1,6,0.01,98,"prot25_age",0,0.00251923353523508,0
1,6,0.01,98,"prot25_income",1.2,0.163774496761638,1
1,6,0.01,98,"prot25_child",-0.8,-0.0177309844306396,1
1,6,0.01,98,"prot50_male",-1.1,-0.424002224210381,1
1,6,0.01,98,"prot50_age",0,-0.0596071560234629,1
1,6,0.01,98,"prot50_income",0,-0.0260747919819768,1
1,6,0.01,98,"prot50_child",0,0.301028550846725,1
1,6,0.01,98,"invasive_male",0,-0.0686060721046347,1
1,6,0.01,98,"invasive_age",0,-0.0242852800300414,1
1,6,0.01,98,"invasive_income",0,-0.0468065732134736,1
1,6,0.01,98,"invasive_child",1,0.230621597924231,1
1,6,0.01,99,"ASC2_male",1.1,0.345819334617744,1
1,6,0.01,99,"ASC2_age",0.3,0.0302990531505378,1
1,6,0.01,99,"ASC2_income",-0.8,0.021738968441272,1
1,6,0.01,99,"ASC2_child",0.2,-0.27611914849117,1
1,6,0.01,99,"ASC3_male",1.1,0.23723167449181,1
1,6,0.01,99,"ASC3_age",0,-0.0439642568639483,1
1,6,0.01,99,"ASC3_income",0,0.0338859373121648,1
1,6,0.01,99,"ASC3_child",0,-0.367199387427444,1
1,6,0.01,99,"prot25_male",-0.6,-0.230442083199198,1
1,6,0.01,99,"prot25_age",0,0.0912298954997341,1
1,6,0.01,99,"prot25_income",0,-0.0450931922090948,1
1,6,0.01,99,"prot25_child",0,0.299295470765104,1
1,6,0.01,99,"prot50_male",-0.2,-0.104541917916699,1
1,6,0.01,99,"prot50_age",0.9,0.207382963126939,1
1,6,0.01,99,"prot50_income",-0.1,-0.00418026222179936,0
1,6,0.01,99,"prot50_child",0,0.171556781710149,1
1,6,0.01,99,"invasive_male",0.9,0.240952932468478,1
1,6,0.01,99,"invasive_age",0,0.0167581880504469,1
1,6,0.01,99,"invasive_income",0,0.0345948323485012,1
1,6,0.01,99,"invasive_child",0,-0.102899514156037,1
1,6,0.01,100,"ASC2_male",0.1,0.077783921380162,1
1,6,0.01,100,"ASC2_age",0,0.0020728785702858,0
1,6,0.01,100,"ASC2_income",0,-0.0763641034906047,1
1,6,0.01,100,"ASC2_child",-0.7,-0.12981530498315,1
1,6,0.01,100,"ASC3_male",0,0.0186311169137967,1
1,6,0.01,100,"ASC3_age",0,0.0191096455939184,1
1,6,0.01,100,"ASC3_income",-0.7,-0.157092422947424,1
1,6,0.01,100,"ASC3_child",-1.1,-0.170205847296608,1
1,6,0.01,100,"prot25_male",0,0.122107563001611,1
1,6,0.01,100,"prot25_age",-0.7,-0.171028062499826,1
1,6,0.01,100,"prot25_income",0,-0.00192031679453567,0
1,6,0.01,100,"prot25_child",-0.6,-0.0808113935066284,1
1,6,0.01,100,"prot50_male",0,0.0659119692747747,1
1,6,0.01,100,"prot50_age",0,-0.128531483929736,1
1,6,0.01,100,"prot50_income",0.5,0.0217338873732307,1
1,6,0.01,100,"prot50_child",1,0.120392221195993,1
1,6,0.01,100,"invasive_male",0,0.0487081149271471,1
1,6,0.01,100,"invasive_age",0,-0.0313758832204235,1
1,6,0.01,100,"invasive_income",0.8,0.0278676973587259,1
1,6,0.01,100,"invasive_child",0.4,0.0413983921158374,1
1,6,0.05,1,"ASC2_male",0.9,0.0498387063679361,0
1,6,0.05,1,"ASC2_age",0.3,0.107069952190632,1
1,6,0.05,1,"ASC2_income",0,-0.0111085131252519,0
1,6,0.05,1,"ASC2_child",0,0.0453498473679765,0
1,6,0.05,1,"ASC3_male",-1.1,-0.370025251990816,1
1,6,0.05,1,"ASC3_age",0,0.0224884627484406,0
1,6,0.05,1,"ASC3_income",0.8,0.136712861477617,1
1,6,0.05,1,"ASC3_child",0,0.0345700615906368,0
1,6,0.05,1,"prot25_male",1.2,0.392787324797145,1
1,6,0.05,1,"prot25_age",0.7,0.14988556896661,1
1,6,0.05,1,"prot25_income",0,0.0623274956595732,1
1,6,0.05,1,"prot25_child",1.1,0.238205786921023,1
1,6,0.05,1,"prot50_male",0,0.156443129493802,1
1,6,0.05,1,"prot50_age",0,-0.0211117668618293,0
1,6,0.05,1,"prot50_income",-1.2,-0.157959543648626,1
1,6,0.05,1,"prot50_child",1.1,0.093827348073394,1
1,6,0.05,1,"invasive_male",0,0.0890968665894504,1
1,6,0.05,1,"invasive_age",-0.6,-0.102706733117117,1
1,6,0.05,1,"invasive_income",0,-0.00162002331423281,0
1,6,0.05,1,"invasive_child",0,-0.0498405692815218,0
1,6,0.05,2,"ASC2_male",0,0.211105471261001,1
1,6,0.05,2,"ASC2_age",0.1,-0.0850475408160946,1
1,6,0.05,2,"ASC2_income",0.7,0.159868916218023,1
1,6,0.05,2,"ASC2_child",-0.4,-0.0506520747454697,1
1,6,0.05,2,"ASC3_male",0,0.254189464097189,1
1,6,0.05,2,"ASC3_age",0.4,-0.0221317679343689,0
1,6,0.05,2,"ASC3_income",-0.8,-0.0621337614670048,1
1,6,0.05,2,"ASC3_child",0,0.0645745656611538,1
1,6,0.05,2,"prot25_male",0.5,0.017821169311682,0
1,6,0.05,2,"prot25_age",0.8,0.181920292076816,1
1,6,0.05,2,"prot25_income",0,-0.0932507718137791,1
1,6,0.05,2,"prot25_child",0,-0.101283217664153,1
1,6,0.05,2,"prot50_male",0,-0.286676850683204,1
1,6,0.05,2,"prot50_age",0,0.141368123056102,1
1,6,0.05,2,"prot50_income",0,-0.129075281228001,1
1,6,0.05,2,"prot50_child",0,-0.0617234232456035,1
1,6,0.05,2,"invasive_male",1,0.0836445886812848,1
1,6,0.05,2,"invasive_age",-0.1,-0.00897890978553329,0
1,6,0.05,2,"invasive_income",0,-0.0220951365181735,0
1,6,0.05,2,"invasive_child",-0.6,-0.049121150356018,0
1,6,0.05,3,"ASC2_male",-0.9,-0.0737621586908377,1
1,6,0.05,3,"ASC2_age",-0.4,-0.197213691003486,1
1,6,0.05,3,"ASC2_income",0,0.01050171538784,0
1,6,0.05,3,"ASC2_child",0,-0.131432630163928,1
1,6,0.05,3,"ASC3_male",-0.7,-0.166339640843176,1
1,6,0.05,3,"ASC3_age",0,-0.037669578901927,0
1,6,0.05,3,"ASC3_income",0,-0.00654209779222919,0
1,6,0.05,3,"ASC3_child",1,0.0456314332492046,0
1,6,0.05,3,"prot25_male",0,0.0121503330028718,0
1,6,0.05,3,"prot25_age",0,0.0755350672468653,1
1,6,0.05,3,"prot25_income",0,-0.031324390205402,0
1,6,0.05,3,"prot25_child",0,0.135305370163241,1
1,6,0.05,3,"prot50_male",0.7,0.0192577812054608,0
1,6,0.05,3,"prot50_age",-0.2,0.0428482318246102,0
1,6,0.05,3,"prot50_income",-1,-0.127292215673405,1
1,6,0.05,3,"prot50_child",-0.8,0.105664054065905,1
1,6,0.05,3,"invasive_male",0,-0.125828661866226,1
1,6,0.05,3,"invasive_age",0,-0.0339080258527421,0
1,6,0.05,3,"invasive_income",-1.2,-0.226154776606451,1
1,6,0.05,3,"invasive_child",1,0.112068942685733,1
1,6,0.05,4,"ASC2_male",0,0.217113661251265,1
1,6,0.05,4,"ASC2_age",-0.1,-0.160546585148472,1
1,6,0.05,4,"ASC2_income",0,-0.00773659912949345,0
1,6,0.05,4,"ASC2_child",-0.6,-0.0539463039158153,1
1,6,0.05,4,"ASC3_male",0,0.172962493173751,1
1,6,0.05,4,"ASC3_age",1,0.160796275821148,1
1,6,0.05,4,"ASC3_income",0,0.0160434932662185,0
1,6,0.05,4,"ASC3_child",0,0.0879518603270011,1
1,6,0.05,4,"prot25_male",0,0.00451827401754287,0
1,6,0.05,4,"prot25_age",-0.5,-0.107179187556213,1
1,6,0.05,4,"prot25_income",0,-0.00994824591993555,0
1,6,0.05,4,"prot25_child",0,-0.0511725169379024,1
1,6,0.05,4,"prot50_male",0.1,-0.0197607752449884,0
1,6,0.05,4,"prot50_age",1,0.207524428592697,1
1,6,0.05,4,"prot50_income",0,0.048740097133211,0
1,6,0.05,4,"prot50_child",-1,-0.0971225876597112,1
1,6,0.05,4,"invasive_male",-1,-0.069762294059876,1
1,6,0.05,4,"invasive_age",-0.9,-0.131397933414215,1
1,6,0.05,4,"invasive_income",-0.3,-0.0912294953498064,1
1,6,0.05,4,"invasive_child",0,0.238170636991191,1
1,6,0.05,5,"ASC2_male",0,0.144999449417464,1
1,6,0.05,5,"ASC2_age",0.7,0.0199551406349388,0
1,6,0.05,5,"ASC2_income",-0.4,-0.138789770454847,1
1,6,0.05,5,"ASC2_child",-0.3,-0.0945531031047429,1
1,6,0.05,5,"ASC3_male",0,0.188489765244269,1
1,6,0.05,5,"ASC3_age",0,-0.0561607230380062,1
1,6,0.05,5,"ASC3_income",0.9,0.129434447264952,1
1,6,0.05,5,"ASC3_child",-0.6,-0.139344564477536,1
1,6,0.05,5,"prot25_male",0.9,0.1343776662351,1
1,6,0.05,5,"prot25_age",0,0.102405826842475,1
1,6,0.05,5,"prot25_income",-0.3,-0.119118826553044,1
1,6,0.05,5,"prot25_child",0,0.0992134374107009,1
1,6,0.05,5,"prot50_male",0.4,0.0605954555865154,1
1,6,0.05,5,"prot50_age",0,0.118568672785739,1
1,6,0.05,5,"prot50_income",0.5,0.113878770287647,1
1,6,0.05,5,"prot50_child",0,0.0457941037383108,0
1,6,0.05,5,"invasive_male",0.7,0.279712086870039,1
1,6,0.05,5,"invasive_age",0,-0.0325524762887502,0
1,6,0.05,5,"invasive_income",0,0.0281383046476411,0
1,6,0.05,5,"invasive_child",0,0.0117084363738675,0
1,6,0.05,6,"ASC2_male",0.4,0.272250624942431,1
1,6,0.05,6,"ASC2_age",0.7,0.0190626828769303,0
1,6,0.05,6,"ASC2_income",0,0.00226010942267429,0
1,6,0.05,6,"ASC2_child",0,0.101878706340708,1
1,6,0.05,6,"ASC3_male",0,0.146513883229068,1
1,6,0.05,6,"ASC3_age",0,-0.0841178537366874,1
1,6,0.05,6,"ASC3_income",0,0.0289035044274837,0
1,6,0.05,6,"ASC3_child",1.2,0.258759300372159,1
1,6,0.05,6,"prot25_male",-0.4,-0.346523314159518,1
1,6,0.05,6,"prot25_age",-0.3,0.128853238797252,1
1,6,0.05,6,"prot25_income",0,-0.0452724134535571,0
1,6,0.05,6,"prot25_child",0,-0.0148820801366046,0
1,6,0.05,6,"prot50_male",0,-0.00129112100103781,0
1,6,0.05,6,"prot50_age",-1.1,-0.0718905377460728,1
1,6,0.05,6,"prot50_income",-0.2,-0.0771601319796455,1
1,6,0.05,6,"prot50_child",-0.2,0.0454162639369618,0
1,6,0.05,6,"invasive_male",0,0.103849373619155,1
1,6,0.05,6,"invasive_age",1,0.183366840424993,1
1,6,0.05,6,"invasive_income",0,-0.0147431777534266,0
1,6,0.05,6,"invasive_child",0.9,0.406357742785389,1
1,6,0.05,7,"ASC2_male",0.8,-0.0339836693042408,0
1,6,0.05,7,"ASC2_age",0,-0.054507339001115,1
1,6,0.05,7,"ASC2_income",0,0.0142529123861615,0
1,6,0.05,7,"ASC2_child",1.2,0.211091083722642,1
1,6,0.05,7,"ASC3_male",-0.7,-0.299971100963817,1
1,6,0.05,7,"ASC3_age",0,-0.0147519862086817,0
1,6,0.05,7,"ASC3_income",0,0.0709339614210157,1
1,6,0.05,7,"ASC3_child",-1,-0.0767700658513483,1
1,6,0.05,7,"prot25_male",1.2,0.248431769080607,1
1,6,0.05,7,"prot25_age",0.8,0.285837890459889,1
1,6,0.05,7,"prot25_income",0,-0.042025242930257,0
1,6,0.05,7,"prot25_child",0.7,0.239456237791803,1
1,6,0.05,7,"prot50_male",0,0.000718958215572637,0
1,6,0.05,7,"prot50_age",-0.4,-0.0107429949371088,0
1,6,0.05,7,"prot50_income",0,-0.0625282697144305,1
1,6,0.05,7,"prot50_child",0.6,0.00674612157248685,0
1,6,0.05,7,"invasive_male",0,-0.114432405343548,1
1,6,0.05,7,"invasive_age",0,0.0213337356902216,0
1,6,0.05,7,"invasive_income",1.1,0.208704556220999,1
1,6,0.05,7,"invasive_child",0,0.0294347243071491,0
1,6,0.05,8,"ASC2_male",0,0.089520123192047,1
1,6,0.05,8,"ASC2_age",-1.2,-0.240745614821656,1
1,6,0.05,8,"ASC2_income",0,0.0481901414523805,0
1,6,0.05,8,"ASC2_child",0,0.0779824970375884,1
1,6,0.05,8,"ASC3_male",-0.3,-0.120673737440297,1
1,6,0.05,8,"ASC3_age",0.9,0.137488232050522,1
1,6,0.05,8,"ASC3_income",0,0.010846715689998,0
1,6,0.05,8,"ASC3_child",1.2,0.129720314891794,1
1,6,0.05,8,"prot25_male",0,-0.100680872164931,1
1,6,0.05,8,"prot25_age",-0.2,0.0789786596044234,1
1,6,0.05,8,"prot25_income",0,-0.00340644608180141,0
1,6,0.05,8,"prot25_child",1.1,0.134846089189218,1
1,6,0.05,8,"prot50_male",1.1,0.205650261903071,1
1,6,0.05,8,"prot50_age",0,0.0649617355380547,1
1,6,0.05,8,"prot50_income",-0.2,-0.0767274373174415,1
1,6,0.05,8,"prot50_child",0,-0.100406086123563,1
1,6,0.05,8,"invasive_male",0,-0.019084466624032,0
1,6,0.05,8,"invasive_age",0.7,0.144722345721405,1
1,6,0.05,8,"invasive_income",0.3,-0.032617784470253,0
1,6,0.05,8,"invasive_child",0,-0.152366002250152,1
1,6,0.05,9,"ASC2_male",1,0.262522622718704,1
1,6,0.05,9,"ASC2_age",0,-0.0433682156955857,0
1,6,0.05,9,"ASC2_income",0,-0.0660394920408827,1
1,6,0.05,9,"ASC2_child",-1.2,-0.0382567170730968,0
1,6,0.05,9,"ASC3_male",0.9,0.254235593894638,1
1,6,0.05,9,"ASC3_age",-0.6,-0.106652003085845,1
1,6,0.05,9,"ASC3_income",0,-0.0714842405590331,1
1,6,0.05,9,"ASC3_child",-0.9,-0.127573174065017,1
1,6,0.05,9,"prot25_male",-0.3,-0.114961966181031,1
1,6,0.05,9,"prot25_age",0,0.0318919888082201,0
1,6,0.05,9,"prot25_income",0,0.0344538100392144,0
1,6,0.05,9,"prot25_child",0,-0.200176638605269,1
1,6,0.05,9,"prot50_male",-0.2,0.0226874314221344,0
1,6,0.05,9,"prot50_age",0.6,0.142710566522833,1
1,6,0.05,9,"prot50_income",-0.7,-0.0516308626866264,1
1,6,0.05,9,"prot50_child",0,0.0356843854236797,0
1,6,0.05,9,"invasive_male",0,0.0357241887051667,0
1,6,0.05,9,"invasive_age",0,-0.0181399830071531,0
1,6,0.05,9,"invasive_income",-0.7,-0.0750855105335234,1
1,6,0.05,9,"invasive_child",0,0.00567555279269085,0
1,6,0.05,10,"ASC2_male",0.9,0.0497493317104098,0
1,6,0.05,10,"ASC2_age",0,0.00928181568445328,0
1,6,0.05,10,"ASC2_income",1.2,0.217164296775072,1
1,6,0.05,10,"ASC2_child",-0.8,-0.0753286625383919,1
1,6,0.05,10,"ASC3_male",0.4,0.0501362633603651,1
1,6,0.05,10,"ASC3_age",-0.4,-0.0810421938229084,1
1,6,0.05,10,"ASC3_income",0,-0.0114221165693774,0
1,6,0.05,10,"ASC3_child",0,0.148247963314631,1
1,6,0.05,10,"prot25_male",1,0.0954651116833116,1
1,6,0.05,10,"prot25_age",0,0.035114759753068,0
1,6,0.05,10,"prot25_income",0,-0.0581895696555448,1
1,6,0.05,10,"prot25_child",0,-0.133710195220595,1
1,6,0.05,10,"prot50_male",0.4,0.0335523494777903,0
1,6,0.05,10,"prot50_age",0,0.0311911795017518,0
1,6,0.05,10,"prot50_income",0,-0.019133463387701,0
1,6,0.05,10,"prot50_child",0.7,-0.020794630281684,0
1,6,0.05,10,"invasive_male",0,-0.0634271203405884,1
1,6,0.05,10,"invasive_age",0.6,0.128481915485744,1
1,6,0.05,10,"invasive_income",0,0.0138991068282348,0
1,6,0.05,10,"invasive_child",-0.7,-0.0682152422524787,1
1,6,0.05,11,"ASC2_male",1.1,0.287764837784265,1
1,6,0.05,11,"ASC2_age",-0.5,-0.187950064720861,1
1,6,0.05,11,"ASC2_income",0,0.0260190395842114,0
1,6,0.05,11,"ASC2_child",-0.5,-0.249639997994389,1
1,6,0.05,11,"ASC3_male",0,0.0861354045309506,1
1,6,0.05,11,"ASC3_age",0,-0.115145766881826,1
1,6,0.05,11,"ASC3_income",-0.7,-0.0862397682432047,1
1,6,0.05,11,"ASC3_child",0,-0.00272038922230513,0
1,6,0.05,11,"prot25_male",0,0.133258030408021,1
1,6,0.05,11,"prot25_age",0.7,0.199283830505403,1
1,6,0.05,11,"prot25_income",0,0.0527350650802291,1
1,6,0.05,11,"prot25_child",0,0.0600899825344948,1
1,6,0.05,11,"prot50_male",-1,-0.0126111973608352,0
1,6,0.05,11,"prot50_age",0.7,0.217769753266818,1
1,6,0.05,11,"prot50_income",0.1,-0.0305151365256417,0
1,6,0.05,11,"prot50_child",1.2,0.374709776705506,1
1,6,0.05,11,"invasive_male",0,0.222230863774293,1
1,6,0.05,11,"invasive_age",0,-0.00207577484092162,0
1,6,0.05,11,"invasive_income",-0.2,-0.0469332013794936,0
1,6,0.05,11,"invasive_child",0,0.00534334598365885,0
1,6,0.05,12,"ASC2_male",0,0.0994668581764614,1
1,6,0.05,12,"ASC2_age",0.8,0.230313612275672,1
1,6,0.05,12,"ASC2_income",0,-0.0876746441770224,1
1,6,0.05,12,"ASC2_child",0,-0.0279496156083264,0
1,6,0.05,12,"ASC3_male",0.6,0.314330846784868,1
1,6,0.05,12,"ASC3_age",0.2,0.117832244212666,1
1,6,0.05,12,"ASC3_income",0,-0.0926205478316707,1
1,6,0.05,12,"ASC3_child",0,-0.0482032258241318,0
1,6,0.05,12,"prot25_male",0,-0.223296652252374,1
1,6,0.05,12,"prot25_age",-0.9,-0.21024837648338,1
1,6,0.05,12,"prot25_income",0,0.122717151304585,1
1,6,0.05,12,"prot25_child",0.2,-0.033330487833721,0
1,6,0.05,12,"prot50_male",-0.7,-0.484891195858336,1
1,6,0.05,12,"prot50_age",-0.6,-0.182301350861183,1
1,6,0.05,12,"prot50_income",0,0.0253439067261374,0
1,6,0.05,12,"prot50_child",0,-0.111439487839879,1
1,6,0.05,12,"invasive_male",-0.7,0.0584721783871773,1
1,6,0.05,12,"invasive_age",-1.2,-0.212727747198684,1
1,6,0.05,12,"invasive_income",-1.1,-0.21287014609679,1
1,6,0.05,12,"invasive_child",0,-0.012753992903771,0
1,6,0.05,13,"ASC2_male",-0.7,-0.340034160823887,1
1,6,0.05,13,"ASC2_age",-0.3,0.101242506778666,1
1,6,0.05,13,"ASC2_income",0,0.0507365220487594,1
1,6,0.05,13,"ASC2_child",0,-0.0490669903844287,0
1,6,0.05,13,"ASC3_male",0,-0.208957666370949,1
1,6,0.05,13,"ASC3_age",0,0.124591011997002,1
1,6,0.05,13,"ASC3_income",0,0.0757443538743213,1
1,6,0.05,13,"ASC3_child",-1.1,-0.192421388912657,1
1,6,0.05,13,"prot25_male",-0.5,-0.0498327540330839,0
1,6,0.05,13,"prot25_age",0,-0.062279247089184,1
1,6,0.05,13,"prot25_income",0.3,0.00867093530897665,0
1,6,0.05,13,"prot25_child",-0.3,-0.0379939462021781,0
1,6,0.05,13,"prot50_male",0.9,0.164648810540015,1
1,6,0.05,13,"prot50_age",1,0.109510497019097,1
1,6,0.05,13,"prot50_income",-0.5,-0.101905330555938,1
1,6,0.05,13,"prot50_child",0,-0.0685779121916388,1
1,6,0.05,13,"invasive_male",0,-0.229972727179083,1
1,6,0.05,13,"invasive_age",0,0.0239776296679845,0
1,6,0.05,13,"invasive_income",1,0.208911460715318,1
1,6,0.05,13,"invasive_child",0,0.00724134942268667,0
1,6,0.05,14,"ASC2_male",0.7,0.144988896289724,1
1,6,0.05,14,"ASC2_age",0,0.141453029617455,1
1,6,0.05,14,"ASC2_income",0,-0.061431849823683,1
1,6,0.05,14,"ASC2_child",-1.2,-0.0317280035715068,0
1,6,0.05,14,"ASC3_male",-1.1,-0.156542234113394,1
1,6,0.05,14,"ASC3_age",0,0.158586902004823,1
1,6,0.05,14,"ASC3_income",0,-0.0372539642229441,0
1,6,0.05,14,"ASC3_child",0,0.0736958886201247,1
1,6,0.05,14,"prot25_male",0,0.0461801218159434,0
1,6,0.05,14,"prot25_age",-0.2,-0.160986939836612,1
1,6,0.05,14,"prot25_income",-1,-0.186471529287036,1
1,6,0.05,14,"prot25_child",-0.2,-0.156724899682312,1
1,6,0.05,14,"prot50_male",0,0.00118321298174332,0
1,6,0.05,14,"prot50_age",-1,-0.229013563233872,1
1,6,0.05,14,"prot50_income",1,0.223860549759782,1
1,6,0.05,14,"prot50_child",0,0.0415804677270104,0
1,6,0.05,14,"invasive_male",0,-0.128861807228919,1
1,6,0.05,14,"invasive_age",0.6,0.0887766290360141,1
1,6,0.05,14,"invasive_income",0.2,0.018202504532799,0
1,6,0.05,14,"invasive_child",0,0.0551002011518865,1
1,6,0.05,15,"ASC2_male",-0.1,0.0938228841361989,1
1,6,0.05,15,"ASC2_age",-0.6,-0.0922504818121314,1
1,6,0.05,15,"ASC2_income",0.3,0.129604762752942,1
1,6,0.05,15,"ASC2_child",0,0.167422931861633,1
1,6,0.05,15,"ASC3_male",0,0.195402880928573,1
1,6,0.05,15,"ASC3_age",0,-0.0748342490791053,1
1,6,0.05,15,"ASC3_income",1.1,0.228353489428608,1
1,6,0.05,15,"ASC3_child",1.2,0.405650323850014,1
1,6,0.05,15,"prot25_male",0,-0.15370831505173,1
1,6,0.05,15,"prot25_age",0,-0.0686633458009798,1
1,6,0.05,15,"prot25_income",0,-0.0327081036798806,0
1,6,0.05,15,"prot25_child",0.8,0.0485117922665544,0
1,6,0.05,15,"prot50_male",0,-0.175306170697944,1
1,6,0.05,15,"prot50_age",0.8,0.116077651195101,1
1,6,0.05,15,"prot50_income",0.2,0.0338216575083917,0
1,6,0.05,15,"prot50_child",0,0.00679864842227927,0
1,6,0.05,15,"invasive_male",0,-0.0485264243203924,0
1,6,0.05,15,"invasive_age",-1.2,-0.189214769191566,1
1,6,0.05,15,"invasive_income",0,0.044862784466097,0
1,6,0.05,15,"invasive_child",0.9,0.13498381287438,1
1,6,0.05,16,"ASC2_male",1,0.425726287483266,1
1,6,0.05,16,"ASC2_age",1,0.0819699254088296,1
1,6,0.05,16,"ASC2_income",0,-0.0929347660332209,1
1,6,0.05,16,"ASC2_child",0,0.109468691105236,1
1,6,0.05,16,"ASC3_male",0.7,0.42758565339522,1
1,6,0.05,16,"ASC3_age",0,-0.0818375628108747,1
1,6,0.05,16,"ASC3_income",0,-0.0820908670095323,1
1,6,0.05,16,"ASC3_child",-1,-0.0605288114090411,1
1,6,0.05,16,"prot25_male",0,-0.210869417526258,1
1,6,0.05,16,"prot25_age",0.2,0.0707008830989032,1
1,6,0.05,16,"prot25_income",0,0.0391392995924578,0
1,6,0.05,16,"prot25_child",0,-0.0129060959203573,0
1,6,0.05,16,"prot50_male",0.9,0.046792813109616,0
1,6,0.05,16,"prot50_age",0.5,0.165703152724172,1
1,6,0.05,16,"prot50_income",0,0.0263104459182281,0
1,6,0.05,16,"prot50_child",-0.3,-0.0223467739090773,0
1,6,0.05,16,"invasive_male",-0.4,0.048755943472857,0
1,6,0.05,16,"invasive_age",0,0.00389144550761538,0
1,6,0.05,16,"invasive_income",0.2,-0.0225304876950908,0
1,6,0.05,16,"invasive_child",0,0.0516544198457636,1
1,6,0.05,17,"ASC2_male",0.6,0.0944596048800678,1
1,6,0.05,17,"ASC2_age",-1,-0.135714800565423,1
1,6,0.05,17,"ASC2_income",1,0.308559049190757,1
1,6,0.05,17,"ASC2_child",0.8,-0.05953826782516,1
1,6,0.05,17,"ASC3_male",0,0.00830969039766788,0
1,6,0.05,17,"ASC3_age",0,-0.0247759919321225,0
1,6,0.05,17,"ASC3_income",0.7,0.258457325293905,1
1,6,0.05,17,"ASC3_child",-0.4,-0.151111574960171,1
1,6,0.05,17,"prot25_male",0,-0.01126077383526,0
1,6,0.05,17,"prot25_age",0,0.0305275277440625,0
1,6,0.05,17,"prot25_income",0,-0.135658376372737,1
1,6,0.05,17,"prot25_child",-0.7,-0.0243749025104352,0
1,6,0.05,17,"prot50_male",0,-0.105240255730097,1
1,6,0.05,17,"prot50_age",0,0.0474500138915313,0
1,6,0.05,17,"prot50_income",0.4,-0.00304940632903081,0
1,6,0.05,17,"prot50_child",-1.1,-0.129557692995695,1
1,6,0.05,17,"invasive_male",0,-0.067539954386485,1
1,6,0.05,17,"invasive_age",0,0.00272052819332871,0
1,6,0.05,17,"invasive_income",0,-0.0888382424857235,1
1,6,0.05,17,"invasive_child",0.8,0.0111861941132308,0
1,6,0.05,18,"ASC2_male",0,0.0674109396429114,1
1,6,0.05,18,"ASC2_age",0,0.0368620360859124,0
1,6,0.05,18,"ASC2_income",0.2,0.0507298241575359,1
1,6,0.05,18,"ASC2_child",0,0.253888892346282,1
1,6,0.05,18,"ASC3_male",0.3,0.11956692114382,1
1,6,0.05,18,"ASC3_age",0,0.0238338846697695,0
1,6,0.05,18,"ASC3_income",0.7,0.0694353028649238,1
1,6,0.05,18,"ASC3_child",0,0.0927773881989052,1
1,6,0.05,18,"prot25_male",0,0.00784914413512727,0
1,6,0.05,18,"prot25_age",0.2,0.0575482990741473,1
1,6,0.05,18,"prot25_income",0,0.00827112449196022,0
1,6,0.05,18,"prot25_child",0.9,-0.126975088050599,1
1,6,0.05,18,"prot50_male",-0.9,-0.139410872398549,1
1,6,0.05,18,"prot50_age",0,0.0743830576714107,1
1,6,0.05,18,"prot50_income",0,-0.0111808375028603,0
1,6,0.05,18,"prot50_child",0,0.0719827366196125,1
1,6,0.05,18,"invasive_male",-0.9,-0.0720153373947657,1
1,6,0.05,18,"invasive_age",0.1,0.0890561028682031,1
1,6,0.05,18,"invasive_income",-0.5,-0.0943439312720649,1
1,6,0.05,18,"invasive_child",-0.2,0.110946126249715,1
1,6,0.05,19,"ASC2_male",0,-0.103616661937617,1
1,6,0.05,19,"ASC2_age",1.2,0.324857098220463,1
1,6,0.05,19,"ASC2_income",0,-0.0951889278465351,1
1,6,0.05,19,"ASC2_child",0,0.0598437708408919,1
1,6,0.05,19,"ASC3_male",0.1,-0.127077454901695,1
1,6,0.05,19,"ASC3_age",0,0.0714322246381499,1
1,6,0.05,19,"ASC3_income",0.7,0.00562328770603029,0
1,6,0.05,19,"ASC3_child",0,0.0375045277654989,0
1,6,0.05,19,"prot25_male",0,0.0364703988529792,0
1,6,0.05,19,"prot25_age",0.2,-0.018752878351048,0
1,6,0.05,19,"prot25_income",-0.1,0.00657591872677669,0
1,6,0.05,19,"prot25_child",0.6,-0.025461753603703,0
1,6,0.05,19,"prot50_male",0.4,0.175756709248836,1
1,6,0.05,19,"prot50_age",0,-0.0961315566823777,1
1,6,0.05,19,"prot50_income",0,0.0347413439546375,0
1,6,0.05,19,"prot50_child",0,-0.0629041375765856,1
1,6,0.05,19,"invasive_male",0.6,-3.5470409212298e-05,0
1,6,0.05,19,"invasive_age",0,-0.0356866453753461,0
1,6,0.05,19,"invasive_income",0.2,-0.00819817357544881,0
1,6,0.05,19,"invasive_child",-0.8,-0.0741105294022835,1
1,6,0.05,20,"ASC2_male",-1,-0.122721286403143,1
1,6,0.05,20,"ASC2_age",1,0.171029141609967,1
1,6,0.05,20,"ASC2_income",-0.8,-0.154766574023032,1
1,6,0.05,20,"ASC2_child",0,0.188684862824198,1
1,6,0.05,20,"ASC3_male",0,0.0237393029963754,0
1,6,0.05,20,"ASC3_age",0,0.0508110755893089,1
1,6,0.05,20,"ASC3_income",0,0.041972039095864,0
1,6,0.05,20,"ASC3_child",0,0.122714391133711,1
1,6,0.05,20,"prot25_male",0,0.00277529704276137,0
1,6,0.05,20,"prot25_age",0,0.00882679796731226,0
1,6,0.05,20,"prot25_income",0.3,-0.0151138749624628,0
1,6,0.05,20,"prot25_child",0.3,-0.0485855601750339,0
1,6,0.05,20,"prot50_male",0.4,-0.0180589861248449,0
1,6,0.05,20,"prot50_age",-0.9,-0.109464001357657,1
1,6,0.05,20,"prot50_income",-1.1,-0.258647009538703,1
1,6,0.05,20,"prot50_child",0,0.030708794259337,0
1,6,0.05,20,"invasive_male",0,-0.105568121139571,1
1,6,0.05,20,"invasive_age",-0.3,0.0250208590861249,0
1,6,0.05,20,"invasive_income",-0.7,-0.163806103341713,1
1,6,0.05,20,"invasive_child",0,0.247770174720051,1
1,6,0.05,21,"ASC2_male",-0.1,-0.116331790574663,1
1,6,0.05,21,"ASC2_age",0,-0.011534668261394,0
1,6,0.05,21,"ASC2_income",0,0.0516258965939279,1
1,6,0.05,21,"ASC2_child",0.4,-0.0905343854139024,1
1,6,0.05,21,"ASC3_male",0,0.0252069795206835,0
1,6,0.05,21,"ASC3_age",-0.8,-0.17025504462079,1
1,6,0.05,21,"ASC3_income",0,-0.00766687038946689,0
1,6,0.05,21,"ASC3_child",-0.3,-0.106110018869804,1
1,6,0.05,21,"prot25_male",-0.8,-0.107350727736057,1
1,6,0.05,21,"prot25_age",-0.4,-0.0311034245136654,0
1,6,0.05,21,"prot25_income",0,0.0505294290638712,1
1,6,0.05,21,"prot25_child",-0.3,0.179533134847057,1
1,6,0.05,21,"prot50_male",0.5,0.00787574720182698,0
1,6,0.05,21,"prot50_age",0,-0.0736772448674137,1
1,6,0.05,21,"prot50_income",0,0.0448266078312673,0
1,6,0.05,21,"prot50_child",0.1,0.161313524329814,1
1,6,0.05,21,"invasive_male",0,-0.138915908835307,1
1,6,0.05,21,"invasive_age",-0.3,-0.120190579833736,1
1,6,0.05,21,"invasive_income",0,0.0500207109260816,1
1,6,0.05,21,"invasive_child",0,-0.066284784510236,1
1,6,0.05,22,"ASC2_male",0.9,0.137297034874529,1
1,6,0.05,22,"ASC2_age",0,-0.044021017291978,0
1,6,0.05,22,"ASC2_income",0,-0.0904510371869092,1
1,6,0.05,22,"ASC2_child",-0.7,-0.0729498140010646,1
1,6,0.05,22,"ASC3_male",-0.7,-0.0295761076978183,0
1,6,0.05,22,"ASC3_age",0,-0.0729120463594994,1
1,6,0.05,22,"ASC3_income",0,-0.0604895094652462,1
1,6,0.05,22,"ASC3_child",0,-3.68966611260375e-06,0
1,6,0.05,22,"prot25_male",0,0.118801067700897,1
1,6,0.05,22,"prot25_age",-0.2,-0.0100377384223636,0
1,6,0.05,22,"prot25_income",0.4,0.0648826501758738,1
1,6,0.05,22,"prot25_child",0,0.130447887434995,1
1,6,0.05,22,"prot50_male",0.4,0.202496414402271,1
1,6,0.05,22,"prot50_age",-1,-0.18366291940642,1
1,6,0.05,22,"prot50_income",0,-0.0023366922559475,0
1,6,0.05,22,"prot50_child",0.9,0.269868491946036,1
1,6,0.05,22,"invasive_male",0,0.019817142370319,0
1,6,0.05,22,"invasive_age",-0.8,-0.191846742978435,1
1,6,0.05,22,"invasive_income",0,-0.0460955080450002,0
1,6,0.05,22,"invasive_child",-0.1,0.232333717164917,1
1,6,0.05,23,"ASC2_male",-0.1,-0.0866718601072152,1
1,6,0.05,23,"ASC2_age",-0.3,0.0364250434406457,0
1,6,0.05,23,"ASC2_income",0,-0.0274738308050688,0
1,6,0.05,23,"ASC2_child",0,0.0613245671644338,1
1,6,0.05,23,"ASC3_male",-0.9,-0.164999915205153,1
1,6,0.05,23,"ASC3_age",0,0.037908992007215,0
1,6,0.05,23,"ASC3_income",0,-0.0111617767911949,0
1,6,0.05,23,"ASC3_child",1,0.220771500848321,1
1,6,0.05,23,"prot25_male",0,0.210615974246702,1
1,6,0.05,23,"prot25_age",0,-0.0860111494940396,1
1,6,0.05,23,"prot25_income",0,0.0183297944210199,0
1,6,0.05,23,"prot25_child",-1.1,-0.403973456215192,1
1,6,0.05,23,"prot50_male",-1.1,-0.269410053641039,1
1,6,0.05,23,"prot50_age",-0.8,-0.15389497800607,1
1,6,0.05,23,"prot50_income",0,0.0490221252888476,0
1,6,0.05,23,"prot50_child",0,-0.26593108723816,1
1,6,0.05,23,"invasive_male",-0.4,-0.131177720142765,1
1,6,0.05,23,"invasive_age",-0.4,-0.00420452566262434,0
1,6,0.05,23,"invasive_income",0.8,0.153476597498485,1
1,6,0.05,23,"invasive_child",0,-0.191089477374754,1
1,6,0.05,24,"ASC2_male",0.6,0.0670464821011649,1
1,6,0.05,24,"ASC2_age",-1.1,-0.189557455056213,1
1,6,0.05,24,"ASC2_income",0,-0.0756539001473589,1
1,6,0.05,24,"ASC2_child",0,-0.178042703579522,1
1,6,0.05,24,"ASC3_male",0,-0.126042011625769,1
1,6,0.05,24,"ASC3_age",0,-0.000392706014240918,0
1,6,0.05,24,"ASC3_income",-0.6,-0.138519849934916,1
1,6,0.05,24,"ASC3_child",0.4,-0.0678573411499003,1
1,6,0.05,24,"prot25_male",-0.3,-0.0800790607053832,1
1,6,0.05,24,"prot25_age",0,-0.05983189883539,1
1,6,0.05,24,"prot25_income",0,0.0634019884214105,1
1,6,0.05,24,"prot25_child",-0.4,-0.0150984965426913,0
1,6,0.05,24,"prot50_male",0,0.0125333513421595,0
1,6,0.05,24,"prot50_age",0,0.0439822181298547,0
1,6,0.05,24,"prot50_income",-0.5,-0.0197803422230338,0
1,6,0.05,24,"prot50_child",0,0.254046138671906,1
1,6,0.05,24,"invasive_male",0.9,0.0814145674965134,1
1,6,0.05,24,"invasive_age",-0.7,-0.0896383638424388,1
1,6,0.05,24,"invasive_income",1.2,0.149827768689018,1
1,6,0.05,24,"invasive_child",0,-0.0315111422766791,0
1,6,0.05,25,"ASC2_male",-0.8,0.085849883242017,1
1,6,0.05,25,"ASC2_age",1,0.0698037635329171,1
1,6,0.05,25,"ASC2_income",0,-0.130798034756376,1
1,6,0.05,25,"ASC2_child",0,-0.142893529091101,1
1,6,0.05,25,"ASC3_male",0.9,0.249289568326847,1
1,6,0.05,25,"ASC3_age",0,-0.0101668565223368,0
1,6,0.05,25,"ASC3_income",-0.7,-0.287913849087843,1
1,6,0.05,25,"ASC3_child",-0.9,-0.218338298719178,1
1,6,0.05,25,"prot25_male",0,-0.0932069134554707,1
1,6,0.05,25,"prot25_age",0,0.108904888359978,1
1,6,0.05,25,"prot25_income",-0.9,-0.0662073226200394,1
1,6,0.05,25,"prot25_child",0,0.34465029298959,1
1,6,0.05,25,"prot50_male",0,-0.078293838812096,1
1,6,0.05,25,"prot50_age",0,0.109414076209055,1
1,6,0.05,25,"prot50_income",0.3,0.115109941472934,1
1,6,0.05,25,"prot50_child",0,0.128425877334295,1
1,6,0.05,25,"invasive_male",-1.2,-0.15913256351094,1
1,6,0.05,25,"invasive_age",0.2,-0.00488324828719159,0
1,6,0.05,25,"invasive_income",0,-0.0276297272257581,0
1,6,0.05,25,"invasive_child",-0.3,-0.0648563855401982,1
1,6,0.05,26,"ASC2_male",0,0.188071654051031,1
1,6,0.05,26,"ASC2_age",0,-0.0714953729806589,1
1,6,0.05,26,"ASC2_income",-0.2,-0.0138305442279354,0
1,6,0.05,26,"ASC2_child",0,0.0592659850910424,1
1,6,0.05,26,"ASC3_male",0.2,0.300517870450053,1
1,6,0.05,26,"ASC3_age",0,-0.0954088199143698,1
1,6,0.05,26,"ASC3_income",-0.6,-0.158252234229486,1
1,6,0.05,26,"ASC3_child",-0.4,-0.0683256518282506,1
1,6,0.05,26,"prot25_male",0,-0.255757563314342,1
1,6,0.05,26,"prot25_age",0.3,0.160133185172918,1
1,6,0.05,26,"prot25_income",-1.1,-0.1274377654893,1
1,6,0.05,26,"prot25_child",0.6,0.169461078058859,1
1,6,0.05,26,"prot50_male",0,-0.00661093908664595,0
1,6,0.05,26,"prot50_age",1.2,0.278459864641521,1
1,6,0.05,26,"prot50_income",0,0.0570952264544664,1
1,6,0.05,26,"prot50_child",-0.3,-0.144447652694774,1
1,6,0.05,26,"invasive_male",0,0.285775615345842,1
1,6,0.05,26,"invasive_age",0,-0.0226714123638457,0
1,6,0.05,26,"invasive_income",0,-0.0464590442725584,0
1,6,0.05,26,"invasive_child",0.9,0.152252291973867,1
1,6,0.05,27,"ASC2_male",0.2,0.153260211517667,1
1,6,0.05,27,"ASC2_age",-0.9,-0.112437100598328,1
1,6,0.05,27,"ASC2_income",0.7,0.0939879453756641,1
1,6,0.05,27,"ASC2_child",0,0.119094863641381,1
1,6,0.05,27,"ASC3_male",0,-0.00786746462588929,0
1,6,0.05,27,"ASC3_age",0,0.0141407596181271,0
1,6,0.05,27,"ASC3_income",0.5,-0.0316340217732435,0
1,6,0.05,27,"ASC3_child",-0.7,0.0212765571466884,0
1,6,0.05,27,"prot25_male",0.8,0.000337778347555735,0
1,6,0.05,27,"prot25_age",0,0.0218176204608147,0
1,6,0.05,27,"prot25_income",0,0.071983731134365,1
1,6,0.05,27,"prot25_child",0,0.00608898552619882,0
1,6,0.05,27,"prot50_male",0,-0.146686088014169,1
1,6,0.05,27,"prot50_age",0.7,0.147771856405254,1
1,6,0.05,27,"prot50_income",0,0.12117179508552,1
1,6,0.05,27,"prot50_child",-1,-0.160395581827024,1
1,6,0.05,27,"invasive_male",0,-0.0410970334109781,0
1,6,0.05,27,"invasive_age",0,0.0066536805031653,0
1,6,0.05,27,"invasive_income",1,0.203142012490331,1
1,6,0.05,27,"invasive_child",0.9,0.20139332524708,1
1,6,0.05,28,"ASC2_male",0,-0.0221952584391371,0
1,6,0.05,28,"ASC2_age",0,-0.0402168239397886,0
1,6,0.05,28,"ASC2_income",0,-0.0954093547270178,1
1,6,0.05,28,"ASC2_child",-0.9,-0.335315817806207,1
1,6,0.05,28,"ASC3_male",-0.9,-0.146611414823958,1
1,6,0.05,28,"ASC3_age",-0.3,-0.0701417207790025,1
1,6,0.05,28,"ASC3_income",0,-0.0471499390093175,0
1,6,0.05,28,"ASC3_child",0,-0.0749350785713104,1
1,6,0.05,28,"prot25_male",-0.7,-0.162021475394441,1
1,6,0.05,28,"prot25_age",-0.3,-0.0697778447315052,1
1,6,0.05,28,"prot25_income",0,0.122004950280421,1
1,6,0.05,28,"prot25_child",0,0.0968475707173567,1
1,6,0.05,28,"prot50_male",-0.3,-0.138997032173994,1
1,6,0.05,28,"prot50_age",0.2,0.0144039502265155,0
1,6,0.05,28,"prot50_income",0,0.113371170812107,1
1,6,0.05,28,"prot50_child",0,-0.053128050621221,1
1,6,0.05,28,"invasive_male",0.5,-0.0323731123696077,0
1,6,0.05,28,"invasive_age",0,-0.0218615403116891,0
1,6,0.05,28,"invasive_income",-1,-0.164667059814281,1
1,6,0.05,28,"invasive_child",0.6,-0.0822641346932606,1
1,6,0.05,29,"ASC2_male",0.3,0.0597909332760261,1
1,6,0.05,29,"ASC2_age",0.9,0.102069920622028,1
1,6,0.05,29,"ASC2_income",1.2,0.190456826827107,1
1,6,0.05,29,"ASC2_child",0.5,0.103365280652424,1
1,6,0.05,29,"ASC3_male",1.1,0.388169188179244,1
1,6,0.05,29,"ASC3_age",0,-0.102395095798635,1
1,6,0.05,29,"ASC3_income",0,0.0578975649353798,1
1,6,0.05,29,"ASC3_child",0.1,-0.068149838094625,1
1,6,0.05,29,"prot25_male",-1.1,-0.269065660484467,1
1,6,0.05,29,"prot25_age",0,0.0633507139189123,1
1,6,0.05,29,"prot25_income",0,-0.008196140881334,0
1,6,0.05,29,"prot25_child",-0.5,-0.283425205514492,1
1,6,0.05,29,"prot50_male",0,0.0748686058587552,1
1,6,0.05,29,"prot50_age",-0.9,-0.219518094335666,1
1,6,0.05,29,"prot50_income",-0.8,-0.158253182065975,1
1,6,0.05,29,"prot50_child",0,-0.322213416036062,1
1,6,0.05,29,"invasive_male",0,0.228549037942714,1
1,6,0.05,29,"invasive_age",0,-0.0525767469373744,1
1,6,0.05,29,"invasive_income",0,-0.0488313793567352,0
1,6,0.05,29,"invasive_child",0,-0.183779539668296,1
1,6,0.05,30,"ASC2_male",0.4,0.0227123097552514,0
1,6,0.05,30,"ASC2_age",0,0.0686139264474889,1
1,6,0.05,30,"ASC2_income",0,-0.026000498213602,0
1,6,0.05,30,"ASC2_child",0.7,-0.0403542830254993,0
1,6,0.05,30,"ASC3_male",1.1,0.310917895530818,1
1,6,0.05,30,"ASC3_age",0,0.00618697167574768,0
1,6,0.05,30,"ASC3_income",0.4,0.0789345917876048,1
1,6,0.05,30,"ASC3_child",0.9,-0.000227935067397248,0
1,6,0.05,30,"prot25_male",-0.2,-0.0252041015151102,0
1,6,0.05,30,"prot25_age",0.1,0.0053258058290299,0
1,6,0.05,30,"prot25_income",0.3,0.0905934421060452,1
1,6,0.05,30,"prot25_child",0,-0.0246992040547271,0
1,6,0.05,30,"prot50_male",0,0.0205601264903483,0
1,6,0.05,30,"prot50_age",0,-0.0152185151631734,0
1,6,0.05,30,"prot50_income",0,0.028748133703822,0
1,6,0.05,30,"prot50_child",0,-0.125470929754659,1
1,6,0.05,30,"invasive_male",-0.6,0.00525034812414004,0
1,6,0.05,30,"invasive_age",0,-0.0337972242041305,0
1,6,0.05,30,"invasive_income",-1,-0.151023962203637,1
1,6,0.05,30,"invasive_child",0,-0.0587763094123676,1
1,6,0.05,31,"ASC2_male",-0.3,0.1292284671432,1
1,6,0.05,31,"ASC2_age",1.2,0.14468239502908,1
1,6,0.05,31,"ASC2_income",1,0.212406628267751,1
1,6,0.05,31,"ASC2_child",0,0.129113592197508,1
1,6,0.05,31,"ASC3_male",0,0.173902066337162,1
1,6,0.05,31,"ASC3_age",1.1,0.129701974269599,1
1,6,0.05,31,"ASC3_income",-0.6,-0.13037714946253,1
1,6,0.05,31,"ASC3_child",0,0.133643456989818,1
1,6,0.05,31,"prot25_male",0,-0.00910869994874622,0
1,6,0.05,31,"prot25_age",-0.2,-0.0206570573615762,0
1,6,0.05,31,"prot25_income",0,0.0629594775188441,1
1,6,0.05,31,"prot25_child",-0.2,-0.223886775145554,1
1,6,0.05,31,"prot50_male",-0.3,0.0227638340916145,0
1,6,0.05,31,"prot50_age",0,0.014926032811682,0
1,6,0.05,31,"prot50_income",0,0.00137245615317494,0
1,6,0.05,31,"prot50_child",0,-0.0548839091226131,1
1,6,0.05,31,"invasive_male",0,0.144781178791943,1
1,6,0.05,31,"invasive_age",0.2,0.00694006075667641,0
1,6,0.05,31,"invasive_income",0.9,0.187015221121454,1
1,6,0.05,31,"invasive_child",0,-0.0441238218490446,0
1,6,0.05,32,"ASC2_male",0.6,0.0348868396222676,0
1,6,0.05,32,"ASC2_age",0,-0.064552330368424,1
1,6,0.05,32,"ASC2_income",1.1,0.227841957046338,1
1,6,0.05,32,"ASC2_child",0,0.027171207550465,0
1,6,0.05,32,"ASC3_male",-0.7,-0.216390570860417,1
1,6,0.05,32,"ASC3_age",-1.1,-0.269030880588519,1
1,6,0.05,32,"ASC3_income",0,0.150374162954676,1
1,6,0.05,32,"ASC3_child",-0.3,-0.019161300347222,0
1,6,0.05,32,"prot25_male",0.7,0.203504795016078,1
1,6,0.05,32,"prot25_age",0,0.0152081800008059,0
1,6,0.05,32,"prot25_income",-0.5,-0.185618419494981,1
1,6,0.05,32,"prot25_child",-1.1,-0.122185731086592,1
1,6,0.05,32,"prot50_male",0,0.116410937813624,1
1,6,0.05,32,"prot50_age",-0.6,-0.0720885319407415,1
1,6,0.05,32,"prot50_income",0,-0.14526671565715,1
1,6,0.05,32,"prot50_child",0,0.0424230930908309,0
1,6,0.05,32,"invasive_male",0,-0.0980232827972186,1
1,6,0.05,32,"invasive_age",0,-0.0761236370263181,1
1,6,0.05,32,"invasive_income",0,0.0224438562698555,0
1,6,0.05,32,"invasive_child",0.2,-0.106596191232608,1
1,6,0.05,33,"ASC2_male",-0.4,-0.404085402002699,1
1,6,0.05,33,"ASC2_age",0,0.0618932160173977,1
1,6,0.05,33,"ASC2_income",0,-0.017947860610648,0
1,6,0.05,33,"ASC2_child",0,0.138294421957782,1
1,6,0.05,33,"ASC3_male",0.6,-0.185888388168511,1
1,6,0.05,33,"ASC3_age",0,0.0690516237801346,1
1,6,0.05,33,"ASC3_income",-1,-0.147994365855119,1
1,6,0.05,33,"ASC3_child",0,0.146831895272994,1
1,6,0.05,33,"prot25_male",0,0.342269326960612,1
1,6,0.05,33,"prot25_age",0,-0.0601279298554914,1
1,6,0.05,33,"prot25_income",0,0.0361598614249387,0
1,6,0.05,33,"prot25_child",1.1,0.163806282486797,1
1,6,0.05,33,"prot50_male",0,0.251079644073446,1
1,6,0.05,33,"prot50_age",0.4,-0.0770842695036086,1
1,6,0.05,33,"prot50_income",0.3,0.0214441736476295,0
1,6,0.05,33,"prot50_child",-0.4,-0.117634492000833,1
1,6,0.05,33,"invasive_male",0.3,0.0162371133122411,0
1,6,0.05,33,"invasive_age",0,-0.0185932743327807,0
1,6,0.05,33,"invasive_income",0.6,0.0480878577900063,0
1,6,0.05,33,"invasive_child",0.8,0.192563237576163,1
1,6,0.05,34,"ASC2_male",0,0.242510142082746,1
1,6,0.05,34,"ASC2_age",0,-0.0191275145908129,0
1,6,0.05,34,"ASC2_income",-0.8,-0.107860488480619,1
1,6,0.05,34,"ASC2_child",-0.4,0.167907331755795,1
1,6,0.05,34,"ASC3_male",0,0.311561047339952,1
1,6,0.05,34,"ASC3_age",0,-0.0289148087159631,0
1,6,0.05,34,"ASC3_income",0,0.0388247982785895,0
1,6,0.05,34,"ASC3_child",0.4,0.207325845502746,1
1,6,0.05,34,"prot25_male",0,-0.202077253556101,1
1,6,0.05,34,"prot25_age",0,0.0376989113177695,0
1,6,0.05,34,"prot25_income",1,0.168851131082221,1
1,6,0.05,34,"prot25_child",1.2,0.184513670583153,1
1,6,0.05,34,"prot50_male",0.1,-0.0439280426410294,0
1,6,0.05,34,"prot50_age",0.2,0.00963475696126227,0
1,6,0.05,34,"prot50_income",-0.5,-0.0917926961159243,1
1,6,0.05,34,"prot50_child",0,0.0161197560107423,0
1,6,0.05,34,"invasive_male",0,0.0391345707475227,0
1,6,0.05,34,"invasive_age",0,0.047169370862593,0
1,6,0.05,34,"invasive_income",-1,-0.0770782151015907,1
1,6,0.05,34,"invasive_child",0.2,0.197539698695614,1
1,6,0.05,35,"ASC2_male",0,0.00977046798891798,0
1,6,0.05,35,"ASC2_age",0,-0.0463054383058253,0
1,6,0.05,35,"ASC2_income",0.9,0.213689470497466,1
1,6,0.05,35,"ASC2_child",0,0.131424923370576,1
1,6,0.05,35,"ASC3_male",0,-0.0335495568803978,0
1,6,0.05,35,"ASC3_age",1.1,0.109794236194861,1
1,6,0.05,35,"ASC3_income",0,0.0635948672899126,1
1,6,0.05,35,"ASC3_child",0,0.199784683406316,1
1,6,0.05,35,"prot25_male",-0.2,0.0806311577896081,1
1,6,0.05,35,"prot25_age",0.3,0.00496721424407291,0
1,6,0.05,35,"prot25_income",0,-0.0125678379060098,0
1,6,0.05,35,"prot25_child",-1.1,-0.222987666976533,1
1,6,0.05,35,"prot50_male",-0.4,-0.0713683909119412,1
1,6,0.05,35,"prot50_age",0,0.0673207145487401,1
1,6,0.05,35,"prot50_income",-0.3,-0.0296856058516055,0
1,6,0.05,35,"prot50_child",0.5,0.0503616259901899,1
1,6,0.05,35,"invasive_male",0.1,0.071114719132782,1
1,6,0.05,35,"invasive_age",0,0.0440653372552089,0
1,6,0.05,35,"invasive_income",-1.1,-0.202685551847552,1
1,6,0.05,35,"invasive_child",0,0.267407429205909,1
1,6,0.05,36,"ASC2_male",-0.4,-0.0829528022572146,1
1,6,0.05,36,"ASC2_age",-1,-0.156370194069864,1
1,6,0.05,36,"ASC2_income",-0.5,-0.0132700859683513,0
1,6,0.05,36,"ASC2_child",-0.9,-0.0502856004427756,1
1,6,0.05,36,"ASC3_male",0,-0.0772793866523078,1
1,6,0.05,36,"ASC3_age",1.1,0.214492425114446,1
1,6,0.05,36,"ASC3_income",0,0.087335543862252,1
1,6,0.05,36,"ASC3_child",0,0.153432088766146,1
1,6,0.05,36,"prot25_male",0,0.0302922959747001,0
1,6,0.05,36,"prot25_age",0,-0.053544029154853,1
1,6,0.05,36,"prot25_income",1.1,0.0894953633059159,1
1,6,0.05,36,"prot25_child",-0.5,-0.171711963302594,1
1,6,0.05,36,"prot50_male",0,-0.0561191595770873,1
1,6,0.05,36,"prot50_age",0,-0.0376144357530148,0
1,6,0.05,36,"prot50_income",1.1,0.154465125021527,1
1,6,0.05,36,"prot50_child",0,-0.0640560613253575,1
1,6,0.05,36,"invasive_male",0.3,0.11795250013574,1
1,6,0.05,36,"invasive_age",0,0.0181888857858722,0
1,6,0.05,36,"invasive_income",-0.5,-0.0167515388841961,0
1,6,0.05,36,"invasive_child",0,0.067418171939029,1
1,6,0.05,37,"ASC2_male",0.6,0.209707209399132,1
1,6,0.05,37,"ASC2_age",0,-0.0685413216935489,1
1,6,0.05,37,"ASC2_income",0.9,0.0607373603525858,1
1,6,0.05,37,"ASC2_child",0,0.109129066834671,1
1,6,0.05,37,"ASC3_male",0,0.162391827984239,1
1,6,0.05,37,"ASC3_age",0.6,0.123065307058781,1
1,6,0.05,37,"ASC3_income",1.1,0.124541509332768,1
1,6,0.05,37,"ASC3_child",-0.8,-0.0435423221098218,0
1,6,0.05,37,"prot25_male",-1.2,-0.533442101600227,1
1,6,0.05,37,"prot25_age",0,0.0491981422098979,0
1,6,0.05,37,"prot25_income",1.1,0.208323907551861,1
1,6,0.05,37,"prot25_child",0,-0.0997163301476536,1
1,6,0.05,37,"prot50_male",0,-0.0431553105303494,0
1,6,0.05,37,"prot50_age",0.5,0.109479209569942,1
1,6,0.05,37,"prot50_income",0,0.0322505632289321,0
1,6,0.05,37,"prot50_child",0,-0.0820011393414046,1
1,6,0.05,37,"invasive_male",0,0.255390181595506,1
1,6,0.05,37,"invasive_age",1.1,0.112238869930579,1
1,6,0.05,37,"invasive_income",0,-0.0494616932663867,0
1,6,0.05,37,"invasive_child",0.6,-0.05217088655264,1
1,6,0.05,38,"ASC2_male",0.3,0.0536841735684145,1
1,6,0.05,38,"ASC2_age",0.3,-0.0255357232536036,0
1,6,0.05,38,"ASC2_income",0,-0.1177128974822,1
1,6,0.05,38,"ASC2_child",0.9,0.0309952850690193,0
1,6,0.05,38,"ASC3_male",0,-0.155814536645652,1
1,6,0.05,38,"ASC3_age",-0.6,-0.151627403314691,1
1,6,0.05,38,"ASC3_income",0,-0.0934827554416795,1
1,6,0.05,38,"ASC3_child",0,-0.16115814860469,1
1,6,0.05,38,"prot25_male",0,-0.0471660659325709,0
1,6,0.05,38,"prot25_age",0,0.127263186750789,1
1,6,0.05,38,"prot25_income",0.7,0.202942400870146,1
1,6,0.05,38,"prot25_child",0,0.118598118888991,1
1,6,0.05,38,"prot50_male",0,-0.127329992478943,1
1,6,0.05,38,"prot50_age",0,0.170443762826951,1
1,6,0.05,38,"prot50_income",0.2,0.051779125140347,1
1,6,0.05,38,"prot50_child",-0.8,-0.0408315388444991,0
1,6,0.05,38,"invasive_male",0.1,-0.0476023956794637,0
1,6,0.05,38,"invasive_age",0,0.00467077480728158,0
1,6,0.05,38,"invasive_income",-0.6,-0.147333530211001,1
1,6,0.05,38,"invasive_child",-0.6,-0.206644561800217,1
1,6,0.05,39,"ASC2_male",0.9,0.0408949946774874,0
1,6,0.05,39,"ASC2_age",0,-0.0438985526968545,0
1,6,0.05,39,"ASC2_income",0,0.0507623746078181,1
1,6,0.05,39,"ASC2_child",0,-0.0520981842118991,1
1,6,0.05,39,"ASC3_male",-0.9,-0.379653011196554,1
1,6,0.05,39,"ASC3_age",0,-0.00588899362339156,0
1,6,0.05,39,"ASC3_income",-0.7,-0.0456182657860095,0
1,6,0.05,39,"ASC3_child",-1.1,-0.34704472620563,1
1,6,0.05,39,"prot25_male",-1,0.109024897727087,1
1,6,0.05,39,"prot25_age",-0.6,0.0871430089743861,1
1,6,0.05,39,"prot25_income",0.7,0.0432931346976835,0
1,6,0.05,39,"prot25_child",-0.3,0.0577642782217491,1
1,6,0.05,39,"prot50_male",0,0.090344551046522,1
1,6,0.05,39,"prot50_age",0,0.111868746053226,1
1,6,0.05,39,"prot50_income",0,-0.0545728181151097,1
1,6,0.05,39,"prot50_child",0,-0.00296982697794823,0
1,6,0.05,39,"invasive_male",1.1,0.16646830222625,1
1,6,0.05,39,"invasive_age",0,0.106541035203879,1
1,6,0.05,39,"invasive_income",0,-0.0169485438619355,0
1,6,0.05,39,"invasive_child",-0.6,-0.125682952523061,1
1,6,0.05,40,"ASC2_male",0,0.128424971628531,1
1,6,0.05,40,"ASC2_age",-0.3,-0.133858726990621,1
1,6,0.05,40,"ASC2_income",1.1,0.105200307640049,1
1,6,0.05,40,"ASC2_child",0,-0.0900150310617609,1
1,6,0.05,40,"ASC3_male",0.5,0.0904057946879928,1
1,6,0.05,40,"ASC3_age",0,-0.0782075410165486,1
1,6,0.05,40,"ASC3_income",-0.9,-0.258035487623963,1
1,6,0.05,40,"ASC3_child",-1,-0.198550097489421,1
1,6,0.05,40,"prot25_male",-0.5,-0.0632956392774976,1
1,6,0.05,40,"prot25_age",-0.3,-0.0128168007733751,0
1,6,0.05,40,"prot25_income",0,0.107878270512134,1
1,6,0.05,40,"prot25_child",0,-0.0184981228308492,0
1,6,0.05,40,"prot50_male",0,0.103199899213157,1
1,6,0.05,40,"prot50_age",-1,-0.0502384722894442,1
1,6,0.05,40,"prot50_income",0,0.0446644436474842,0
1,6,0.05,40,"prot50_child",0,0.25074722001274,1
1,6,0.05,40,"invasive_male",0,0.0768301409260986,1
1,6,0.05,40,"invasive_age",-0.3,-0.0251154137896315,0
1,6,0.05,40,"invasive_income",-0.1,-0.0920812328296795,1
1,6,0.05,40,"invasive_child",0,0.056693449115644,1
1,6,0.05,41,"ASC2_male",-0.5,-0.0524742759996428,1
1,6,0.05,41,"ASC2_age",0.9,0.153021263598263,1
1,6,0.05,41,"ASC2_income",1.1,0.206293266844538,1
1,6,0.05,41,"ASC2_child",0,-0.0598917971691539,1
1,6,0.05,41,"ASC3_male",0.3,0.163898985296018,1
1,6,0.05,41,"ASC3_age",0,-0.02105566698042,0
1,6,0.05,41,"ASC3_income",0,-0.0141508284612512,0
1,6,0.05,41,"ASC3_child",0,-0.149944726229399,1
1,6,0.05,41,"prot25_male",0,-0.0756052756121672,1
1,6,0.05,41,"prot25_age",0,0.0121780414383252,0
1,6,0.05,41,"prot25_income",-0.2,-0.120645003850566,1
1,6,0.05,41,"prot25_child",0.7,0.249170869213635,1
1,6,0.05,41,"prot50_male",-0.8,-0.261159083934019,1
1,6,0.05,41,"prot50_age",-0.4,-0.0880604900969642,1
1,6,0.05,41,"prot50_income",0,-0.0119698411639718,0
1,6,0.05,41,"prot50_child",0,0.0951878347224826,1
1,6,0.05,41,"invasive_male",0,-0.108235315379943,1
1,6,0.05,41,"invasive_age",0,-0.0162684480088635,0
1,6,0.05,41,"invasive_income",0.3,0.0926354129156342,1
1,6,0.05,41,"invasive_child",0.5,0.117650298765432,1
1,6,0.05,42,"ASC2_male",0.6,0.167660723503219,1
1,6,0.05,42,"ASC2_age",0,0.0559079928532586,1
1,6,0.05,42,"ASC2_income",0.6,0.173464098907012,1
1,6,0.05,42,"ASC2_child",0.8,0.144395892392442,1
1,6,0.05,42,"ASC3_male",0,-0.0112906601676694,0
1,6,0.05,42,"ASC3_age",-0.3,0.0408025542842613,0
1,6,0.05,42,"ASC3_income",0,0.0799904918249484,1
1,6,0.05,42,"ASC3_child",-1,-0.0985210455609922,1
1,6,0.05,42,"prot25_male",0,-0.00669005798316622,0
1,6,0.05,42,"prot25_age",0.6,-0.0735420445586858,1
1,6,0.05,42,"prot25_income",0,-0.048388353708939,0
1,6,0.05,42,"prot25_child",0,0.101037988883197,1
1,6,0.05,42,"prot50_male",0,-0.0168995929146176,0
1,6,0.05,42,"prot50_age",0.7,0.0387097862628353,0
1,6,0.05,42,"prot50_income",-0.9,-0.20006599477592,1
1,6,0.05,42,"prot50_child",-0.7,-0.0825606483932601,1
1,6,0.05,42,"invasive_male",1.2,0.217715720026662,1
1,6,0.05,42,"invasive_age",0,-0.0481776723496626,0
1,6,0.05,42,"invasive_income",0,0.00654531638444683,0
1,6,0.05,42,"invasive_child",0,0.0901329503611224,1
1,6,0.05,43,"ASC2_male",-0.7,-0.135991089461231,1
1,6,0.05,43,"ASC2_age",0,0.0838419868088655,1
1,6,0.05,43,"ASC2_income",0,0.0534174221330859,1
1,6,0.05,43,"ASC2_child",0.2,0.0202894480153277,0
1,6,0.05,43,"ASC3_male",0.5,0.0444091748260119,0
1,6,0.05,43,"ASC3_age",0,0.0467790562025888,0
1,6,0.05,43,"ASC3_income",1,0.16457980739253,1
1,6,0.05,43,"ASC3_child",-0.3,-0.143656200071244,1
1,6,0.05,43,"prot25_male",0,0.131447493371918,1
1,6,0.05,43,"prot25_age",-0.9,-0.138253139541052,1
1,6,0.05,43,"prot25_income",0,-0.0912351500361361,1
1,6,0.05,43,"prot25_child",0,0.0138833644293288,0
1,6,0.05,43,"prot50_male",0,0.0475970609253852,0
1,6,0.05,43,"prot50_age",0,-0.0678716896872178,1
1,6,0.05,43,"prot50_income",-1.2,-0.252328463270988,1
1,6,0.05,43,"prot50_child",0.6,0.0684417552756706,1
1,6,0.05,43,"invasive_male",0.7,0.173634550573671,1
1,6,0.05,43,"invasive_age",0,0.024866452161035,0
1,6,0.05,43,"invasive_income",-0.6,-0.0821718298124844,1
1,6,0.05,43,"invasive_child",0,-0.110648443604683,1
1,6,0.05,44,"ASC2_male",0,0.174328437346885,1
1,6,0.05,44,"ASC2_age",-0.5,-0.147705640990841,1
1,6,0.05,44,"ASC2_income",-1,-0.196046208924911,1
1,6,0.05,44,"ASC2_child",-0.8,-0.159947853808334,1
1,6,0.05,44,"ASC3_male",-1.1,-0.0103459354692234,0
1,6,0.05,44,"ASC3_age",0,-0.0674663810571851,1
1,6,0.05,44,"ASC3_income",0,-0.0887712998289468,1
1,6,0.05,44,"ASC3_child",0,-0.022975610507601,0
1,6,0.05,44,"prot25_male",-1.1,-0.293202422042814,1
1,6,0.05,44,"prot25_age",-0.3,0.0441059408210507,0
1,6,0.05,44,"prot25_income",0,0.0149687434524958,0
1,6,0.05,44,"prot25_child",-0.6,-0.0587644950865698,1
1,6,0.05,44,"prot50_male",0,-0.121355476807591,1
1,6,0.05,44,"prot50_age",0,0.0544965289341141,1
1,6,0.05,44,"prot50_income",-0.8,-0.128400603541639,1
1,6,0.05,44,"prot50_child",0,-0.0927891712339769,1
1,6,0.05,44,"invasive_male",-0.3,-0.0250519022537306,0
1,6,0.05,44,"invasive_age",0,-0.00211694642185315,0
1,6,0.05,44,"invasive_income",0,0.0534292767804952,1
1,6,0.05,44,"invasive_child",-0.4,-0.0893236359799621,1
1,6,0.05,45,"ASC2_male",0,0.199696106712998,1
1,6,0.05,45,"ASC2_age",0.7,0.0342550742738023,0
1,6,0.05,45,"ASC2_income",1.1,0.0708332056964357,1
1,6,0.05,45,"ASC2_child",0.3,-0.196967848040902,1
1,6,0.05,45,"ASC3_male",0,0.142861398321383,1
1,6,0.05,45,"ASC3_age",0.4,-0.0292563703194858,0
1,6,0.05,45,"ASC3_income",-0.1,-0.166312943155544,1
1,6,0.05,45,"ASC3_child",0,-0.248141884025938,1
1,6,0.05,45,"prot25_male",0,-0.119765454777128,1
1,6,0.05,45,"prot25_age",0,0.037473641356267,0
1,6,0.05,45,"prot25_income",0,-0.0206326285713805,0
1,6,0.05,45,"prot25_child",1.1,0.253785720780417,1
1,6,0.05,45,"prot50_male",0,-0.0829224525085176,1
1,6,0.05,45,"prot50_age",-0.4,0.0190679884181253,0
1,6,0.05,45,"prot50_income",0,0.0880400096260372,1
1,6,0.05,45,"prot50_child",0.4,0.143085990458822,1
1,6,0.05,45,"invasive_male",-0.3,0.00401373158555788,0
1,6,0.05,45,"invasive_age",-0.2,-0.092425570164639,1
1,6,0.05,45,"invasive_income",0,-0.0592896969380665,1
1,6,0.05,45,"invasive_child",0,-0.00197961727839976,0
1,6,0.05,46,"ASC2_male",0.4,0.0644231389351086,1
1,6,0.05,46,"ASC2_age",0,0.0364379978992115,0
1,6,0.05,46,"ASC2_income",0,0.000900180590082956,0
1,6,0.05,46,"ASC2_child",-0.5,0.134589755594521,1
1,6,0.05,46,"ASC3_male",-0.9,-0.129659456552654,1
1,6,0.05,46,"ASC3_age",0,0.0510677452362693,1
1,6,0.05,46,"ASC3_income",-1,-0.236860283727668,1
1,6,0.05,46,"ASC3_child",0.7,0.32346582474097,1
1,6,0.05,46,"prot25_male",0,-0.0664689086300464,1
1,6,0.05,46,"prot25_age",-0.9,-0.116366451900154,1
1,6,0.05,46,"prot25_income",0,-0.0147994935544639,0
1,6,0.05,46,"prot25_child",0,-0.0631143619861162,1
1,6,0.05,46,"prot50_male",0,0.00478829484610627,0
1,6,0.05,46,"prot50_age",0.3,0.0695585293243733,1
1,6,0.05,46,"prot50_income",1,0.156092860315238,1
1,6,0.05,46,"prot50_child",0,-0.111197853746342,1
1,6,0.05,46,"invasive_male",0.3,0.138195887254102,1
1,6,0.05,46,"invasive_age",0,0.0144428802624516,0
1,6,0.05,46,"invasive_income",0.2,0.0338486997993893,0
1,6,0.05,46,"invasive_child",0,-0.0330334223582182,0
1,6,0.05,47,"ASC2_male",0,-0.164233229923893,1
1,6,0.05,47,"ASC2_age",0,0.0392602488297157,0
1,6,0.05,47,"ASC2_income",0.8,0.111594953719274,1
1,6,0.05,47,"ASC2_child",-1.2,-0.333492109174998,1
1,6,0.05,47,"ASC3_male",0.2,-0.210159140450798,1
1,6,0.05,47,"ASC3_age",0,0.106673044693861,1
1,6,0.05,47,"ASC3_income",0,0.0349428908072091,0
1,6,0.05,47,"ASC3_child",0,-0.0767529855438366,1
1,6,0.05,47,"prot25_male",0,0.173504290443754,1
1,6,0.05,47,"prot25_age",0.5,-0.0124178781133154,0
1,6,0.05,47,"prot25_income",0.4,0.12938493569996,1
1,6,0.05,47,"prot25_child",0.9,0.248122999441314,1
1,6,0.05,47,"prot50_male",0,0.0927240769112445,1
1,6,0.05,47,"prot50_age",-0.3,-0.133712763194542,1
1,6,0.05,47,"prot50_income",-0.7,-0.135663753144859,1
1,6,0.05,47,"prot50_child",-1.1,-0.0777186464144469,1
1,6,0.05,47,"invasive_male",0,-0.196809388058041,1
1,6,0.05,47,"invasive_age",0.5,0.135439991489786,1
1,6,0.05,47,"invasive_income",0,-0.077299189760244,1
1,6,0.05,47,"invasive_child",0,-0.0288130023491644,0
1,6,0.05,48,"ASC2_male",1.1,0.391590242000343,1
1,6,0.05,48,"ASC2_age",0,0.0662580815729634,1
1,6,0.05,48,"ASC2_income",0,0.0203137825746139,0
1,6,0.05,48,"ASC2_child",-0.3,0.0516609066331325,1
1,6,0.05,48,"ASC3_male",0,0.238162868536055,1
1,6,0.05,48,"ASC3_age",0,0.0575547837696605,1
1,6,0.05,48,"ASC3_income",0.8,0.183498766381644,1
1,6,0.05,48,"ASC3_child",0,0.133642791800476,1
1,6,0.05,48,"prot25_male",-0.6,-0.210720752886038,1
1,6,0.05,48,"prot25_age",0,-0.0160492599644816,0
1,6,0.05,48,"prot25_income",-0.2,-0.129367437136126,1
1,6,0.05,48,"prot25_child",0,-0.0716693828973047,1
1,6,0.05,48,"prot50_male",0,-0.0992936847102684,1
1,6,0.05,48,"prot50_age",-0.4,-0.0743232211051037,1
1,6,0.05,48,"prot50_income",0,-0.00568007739459955,0
1,6,0.05,48,"prot50_child",0,-0.0381141903247283,0
1,6,0.05,48,"invasive_male",0.7,0.063169621680815,1
1,6,0.05,48,"invasive_age",-0.6,-0.0701561509709778,1
1,6,0.05,48,"invasive_income",-0.3,-0.0416041567556261,0
1,6,0.05,48,"invasive_child",-0.7,-0.00227829217100989,0
1,6,0.05,49,"ASC2_male",0.7,0.0139931148214399,0
1,6,0.05,49,"ASC2_age",0,0.00438865131975906,0
1,6,0.05,49,"ASC2_income",-0.8,-0.104731582806836,1
1,6,0.05,49,"ASC2_child",-0.9,-0.433371587759871,1
1,6,0.05,49,"ASC3_male",0,-0.159225727978303,1
1,6,0.05,49,"ASC3_age",0,-0.0631997935149566,1
1,6,0.05,49,"ASC3_income",-0.5,-0.131396973981461,1
1,6,0.05,49,"ASC3_child",0,-0.260748817459911,1
1,6,0.05,49,"prot25_male",0.8,0.220055216069076,1
1,6,0.05,49,"prot25_age",0,-0.042518235351139,0
1,6,0.05,49,"prot25_income",0,-0.0390099471775137,0
1,6,0.05,49,"prot25_child",0.5,0.258407267392041,1
1,6,0.05,49,"prot50_male",-0.1,0.0317014150272388,0
1,6,0.05,49,"prot50_age",0.8,0.10953514094291,1
1,6,0.05,49,"prot50_income",0,-0.0388353826766185,0
1,6,0.05,49,"prot50_child",0,0.183505177600882,1
1,6,0.05,49,"invasive_male",-0.9,-0.244557884693941,1
1,6,0.05,49,"invasive_age",0,0.0125709229031522,0
1,6,0.05,49,"invasive_income",0,-0.0646184676323995,1
1,6,0.05,49,"invasive_child",0.3,-0.0884105510163597,1
1,6,0.05,50,"ASC2_male",0,0.0940036879614638,1
1,6,0.05,50,"ASC2_age",0.8,0.252993421374624,1
1,6,0.05,50,"ASC2_income",0,0.00210437574095803,0
1,6,0.05,50,"ASC2_child",0,0.246521499020884,1
1,6,0.05,50,"ASC3_male",-0.5,-0.104450848160276,1
1,6,0.05,50,"ASC3_age",-0.4,0.0456031824934,0
1,6,0.05,50,"ASC3_income",1.1,0.182702325243125,1
1,6,0.05,50,"ASC3_child",0.5,0.297440292353688,1
1,6,0.05,50,"prot25_male",1.1,0.28149308269291,1
1,6,0.05,50,"prot25_age",0.8,0.100157051156208,1
1,6,0.05,50,"prot25_income",0,0.0228623089772837,0
1,6,0.05,50,"prot25_child",0,-0.189940264435199,1
1,6,0.05,50,"prot50_male",-0.6,0.0666936924738187,1
1,6,0.05,50,"prot50_age",0,-0.133327289482753,1
1,6,0.05,50,"prot50_income",-0.3,-0.0199029922867672,0
1,6,0.05,50,"prot50_child",0,-0.228225507462759,1
1,6,0.05,50,"invasive_male",0,0.15143595982565,1
1,6,0.05,50,"invasive_age",0,0.0374207477923316,0
1,6,0.05,50,"invasive_income",0.6,0.140314176820035,1
1,6,0.05,50,"invasive_child",0,-0.0836032511047783,1
1,6,0.05,51,"ASC2_male",-0.3,-0.016146979321883,0
1,6,0.05,51,"ASC2_age",-0.5,-0.0728223842934338,1
1,6,0.05,51,"ASC2_income",0,-0.0735546044430531,1
1,6,0.05,51,"ASC2_child",-0.7,-0.136345255391663,1
1,6,0.05,51,"ASC3_male",0,-0.00476554156468901,0
1,6,0.05,51,"ASC3_age",0.5,0.0492857849191953,0
1,6,0.05,51,"ASC3_income",0,-0.0742548193220542,1
1,6,0.05,51,"ASC3_child",0,0.0485194955584591,0
1,6,0.05,51,"prot25_male",-1.1,-0.266326804900608,1
1,6,0.05,51,"prot25_age",0.3,0.103660709292431,1
1,6,0.05,51,"prot25_income",0.2,0.150482368245798,1
1,6,0.05,51,"prot25_child",0,-0.0439795090231383,0
1,6,0.05,51,"prot50_male",0,0.16418724140065,1
1,6,0.05,51,"prot50_age",0,0.0611350383665247,1
1,6,0.05,51,"prot50_income",0,0.0367442982354421,0
1,6,0.05,51,"prot50_child",1.2,0.236786345132983,1
1,6,0.05,51,"invasive_male",-0.1,-0.0578049669515984,1
1,6,0.05,51,"invasive_age",0,0.0584268152582316,1
1,6,0.05,51,"invasive_income",0,0.0118633552955672,0
1,6,0.05,51,"invasive_child",0.3,0.144801568291458,1
1,6,0.05,52,"ASC2_male",-0.5,-0.0959967569720202,1
1,6,0.05,52,"ASC2_age",-0.5,-0.0888696237053005,1
1,6,0.05,52,"ASC2_income",1.1,0.144995171609313,1
1,6,0.05,52,"ASC2_child",-0.5,-4.40722435490035e-05,0
1,6,0.05,52,"ASC3_male",0.3,0.0848413452013781,1
1,6,0.05,52,"ASC3_age",0,-0.00719773309100486,0
1,6,0.05,52,"ASC3_income",0,0.01731416980662,0
1,6,0.05,52,"ASC3_child",0,0.019114261226522,0
1,6,0.05,52,"prot25_male",-0.3,-0.0965517767668766,1
1,6,0.05,52,"prot25_age",1,0.148280851308762,1
1,6,0.05,52,"prot25_income",0,0.0870928412341972,1
1,6,0.05,52,"prot25_child",-1.2,-0.212212754607961,1
1,6,0.05,52,"prot50_male",0,-0.0390516123576595,0
1,6,0.05,52,"prot50_age",0,-0.0153435814387385,0
1,6,0.05,52,"prot50_income",0,0.0532156218036262,1
1,6,0.05,52,"prot50_child",0.3,-0.128556021089426,1
1,6,0.05,52,"invasive_male",0.1,-0.0369632649169039,0
1,6,0.05,52,"invasive_age",0,-0.0564414956213302,1
1,6,0.05,52,"invasive_income",0,-0.000248024351070151,0
1,6,0.05,52,"invasive_child",0,0.053659486070174,1
1,6,0.05,53,"ASC2_male",-0.4,0.0519423860142516,1
1,6,0.05,53,"ASC2_age",0,-0.0807970427272909,1
1,6,0.05,53,"ASC2_income",-0.7,-0.128297746159487,1
1,6,0.05,53,"ASC2_child",0,-0.0839201748833393,1
1,6,0.05,53,"ASC3_male",0.3,0.130124885638982,1
1,6,0.05,53,"ASC3_age",0.6,0.0552627915974398,1
1,6,0.05,53,"ASC3_income",0,-0.00142408475385921,0
1,6,0.05,53,"ASC3_child",0,-0.00289721535654288,0
1,6,0.05,53,"prot25_male",0,-0.166301315656353,1
1,6,0.05,53,"prot25_age",0.4,0.126187356086701,1
1,6,0.05,53,"prot25_income",0,-0.0680481051317219,1
1,6,0.05,53,"prot25_child",0,-0.00926902870031454,0
1,6,0.05,53,"prot50_male",-0.6,-0.323705120245442,1
1,6,0.05,53,"prot50_age",0.9,0.173531244105272,1
1,6,0.05,53,"prot50_income",0,-0.0212485850137904,0
1,6,0.05,53,"prot50_child",-1.1,-0.0922696827928822,1
1,6,0.05,53,"invasive_male",-0.5,-0.239381187999962,1
1,6,0.05,53,"invasive_age",0,-0.0341732780611891,0
1,6,0.05,53,"invasive_income",0,0.0320379478364167,0
1,6,0.05,53,"invasive_child",-0.6,-0.16761052736167,1
1,6,0.05,54,"ASC2_male",0,-0.113805905882769,1
1,6,0.05,54,"ASC2_age",-0.5,-0.223196171351044,1
1,6,0.05,54,"ASC2_income",-0.7,-0.242909739262809,1
1,6,0.05,54,"ASC2_child",0,0.020762101710941,0
1,6,0.05,54,"ASC3_male",1.1,0.123864156787546,1
1,6,0.05,54,"ASC3_age",0,-0.121523876359523,1
1,6,0.05,54,"ASC3_income",0,-0.0827480776668933,1
1,6,0.05,54,"ASC3_child",-0.5,-0.0721045996483213,1
1,6,0.05,54,"prot25_male",0,0.0988737186218056,1
1,6,0.05,54,"prot25_age",0.3,0.182222833946348,1
1,6,0.05,54,"prot25_income",0,-0.010720036669188,0
1,6,0.05,54,"prot25_child",0,0.0175962860269343,0
1,6,0.05,54,"prot50_male",0,0.114813742444891,1
1,6,0.05,54,"prot50_age",0.2,0.0528386897424517,1
1,6,0.05,54,"prot50_income",0.5,0.0784057620034267,1
1,6,0.05,54,"prot50_child",-0.7,-0.201060896990114,1
1,6,0.05,54,"invasive_male",0,0.0164695769659631,0
1,6,0.05,54,"invasive_age",0.1,0.00459450296487082,0
1,6,0.05,54,"invasive_income",-1.2,-0.203240909870523,1
1,6,0.05,54,"invasive_child",0,0.0109308797750203,0
1,6,0.05,55,"ASC2_male",0,0.0412812926918086,0
1,6,0.05,55,"ASC2_age",0,0.0510963808640571,1
1,6,0.05,55,"ASC2_income",0,0.0329847941408936,0
1,6,0.05,55,"ASC2_child",0,0.118217116393164,1
1,6,0.05,55,"ASC3_male",0.5,0.0413595641923523,0
1,6,0.05,55,"ASC3_age",0,0.0879469373511195,1
1,6,0.05,55,"ASC3_income",0,0.0181746192796741,0
1,6,0.05,55,"ASC3_child",0,-0.00488745097874476,0
1,6,0.05,55,"prot25_male",0.2,-0.0629603965781036,1
1,6,0.05,55,"prot25_age",0.7,0.0280444339689899,0
1,6,0.05,55,"prot25_income",-0.7,-0.0810434627670781,1
1,6,0.05,55,"prot25_child",0,-0.073010664324286,1
1,6,0.05,55,"prot50_male",-0.5,-0.200268347539866,1
1,6,0.05,55,"prot50_age",0.5,0.000293057868408878,0
1,6,0.05,55,"prot50_income",-1,-0.0876215979682032,1
1,6,0.05,55,"prot50_child",0,-0.0901397795267279,1
1,6,0.05,55,"invasive_male",0.8,0.0251643185960675,0
1,6,0.05,55,"invasive_age",0,0.0877088808140076,1
1,6,0.05,55,"invasive_income",-0.9,-0.0640630230642614,1
1,6,0.05,55,"invasive_child",-1.2,-0.155328287147344,1
1,6,0.05,56,"ASC2_male",0,-0.222524055329955,1
1,6,0.05,56,"ASC2_age",-0.7,-0.057919815771699,1
1,6,0.05,56,"ASC2_income",0,-0.0280715795699111,0
1,6,0.05,56,"ASC2_child",0,-0.264102184013854,1
1,6,0.05,56,"ASC3_male",0,-0.331395428811976,1
1,6,0.05,56,"ASC3_age",-0.4,0.0138081600426486,0
1,6,0.05,56,"ASC3_income",0,-0.0131072619001957,0
1,6,0.05,56,"ASC3_child",0,-0.306566202672116,1
1,6,0.05,56,"prot25_male",0,0.256310257650616,1
1,6,0.05,56,"prot25_age",0,-0.0498831987237626,0
1,6,0.05,56,"prot25_income",-0.2,-0.0266258284665573,0
1,6,0.05,56,"prot25_child",-1,0.00132140253703169,0
1,6,0.05,56,"prot50_male",0.7,0.267486653633959,1
1,6,0.05,56,"prot50_age",0.5,0.000846253015009611,0
1,6,0.05,56,"prot50_income",-0.6,-0.0515740498603468,1
1,6,0.05,56,"prot50_child",0.7,0.261715759005433,1
1,6,0.05,56,"invasive_male",0,-0.177394282889703,1
1,6,0.05,56,"invasive_age",-1.1,-0.12900565248432,1
1,6,0.05,56,"invasive_income",0.3,0.0344826484430629,0
1,6,0.05,56,"invasive_child",0,-0.0630024328988086,1
1,6,0.05,57,"ASC2_male",1.2,0.180559346861058,1
1,6,0.05,57,"ASC2_age",1,0.15237223386323,1
1,6,0.05,57,"ASC2_income",0,0.0340958645760912,0
1,6,0.05,57,"ASC2_child",0,0.384445119698625,1
1,6,0.05,57,"ASC3_male",-0.2,0.0372118264658183,0
1,6,0.05,57,"ASC3_age",0,-0.0829241683850671,1
1,6,0.05,57,"ASC3_income",0,0.0478197440611115,0
1,6,0.05,57,"ASC3_child",0,0.319504083160834,1
1,6,0.05,57,"prot25_male",-1,-0.27991689378324,1
1,6,0.05,57,"prot25_age",0,0.119096589270342,1
1,6,0.05,57,"prot25_income",-0.1,-0.0135280931219574,0
1,6,0.05,57,"prot25_child",0,-0.0815523137202999,1
1,6,0.05,57,"prot50_male",-0.4,-0.0770909854207911,1
1,6,0.05,57,"prot50_age",-0.6,-0.00101697292679197,0
1,6,0.05,57,"prot50_income",0.5,0.0573381196928787,1
1,6,0.05,57,"prot50_child",0.6,0.0758751618252482,1
1,6,0.05,57,"invasive_male",0.7,0.108907062253415,1
1,6,0.05,57,"invasive_age",0,-0.00812682688841439,0
1,6,0.05,57,"invasive_income",0,0.00767063684859469,0
1,6,0.05,57,"invasive_child",0,0.228220259285537,1
1,6,0.05,58,"ASC2_male",0.3,0.267940614022669,1
1,6,0.05,58,"ASC2_age",0.2,-0.0908659339482166,1
1,6,0.05,58,"ASC2_income",0,-0.0994727938661182,1
1,6,0.05,58,"ASC2_child",0,0.175959036043492,1
1,6,0.05,58,"ASC3_male",0,0.188345931587245,1
1,6,0.05,58,"ASC3_age",0,-0.0411032348333219,0
1,6,0.05,58,"ASC3_income",0,-0.133223611357563,1
1,6,0.05,58,"ASC3_child",0.1,0.194804136004556,1
1,6,0.05,58,"prot25_male",0,-0.115126414037698,1
1,6,0.05,58,"prot25_age",0,0.0456787431721551,0
1,6,0.05,58,"prot25_income",0,0.156243567260194,1
1,6,0.05,58,"prot25_child",1,0.00985461831382962,0
1,6,0.05,58,"prot50_male",0,-0.124993522780106,1
1,6,0.05,58,"prot50_age",0.5,0.167994535432931,1
1,6,0.05,58,"prot50_income",0,0.161608421098898,1
1,6,0.05,58,"prot50_child",0.8,0.117474333385344,1
1,6,0.05,58,"invasive_male",0.5,0.0749865383448443,1
1,6,0.05,58,"invasive_age",1,0.10802303877706,1
1,6,0.05,58,"invasive_income",0.6,0.123740945828411,1
1,6,0.05,58,"invasive_child",0.7,0.222625170286576,1
1,6,0.05,59,"ASC2_male",0,0.26730396040101,1
1,6,0.05,59,"ASC2_age",0.5,-0.0454557790856714,0
1,6,0.05,59,"ASC2_income",0,-0.0218860817145206,0
1,6,0.05,59,"ASC2_child",0,0.0163154560257133,0
1,6,0.05,59,"ASC3_male",0.6,0.304154888425724,1
1,6,0.05,59,"ASC3_age",-1.1,-0.360478647746097,1
1,6,0.05,59,"ASC3_income",0,-0.0147275919566946,0
1,6,0.05,59,"ASC3_child",0,0.171351463455392,1
1,6,0.05,59,"prot25_male",-0.7,-0.180594242136266,1
1,6,0.05,59,"prot25_age",0,0.132833008919179,1
1,6,0.05,59,"prot25_income",-0.2,-0.062195662863829,1
1,6,0.05,59,"prot25_child",0,-0.0752859853658094,1
1,6,0.05,59,"prot50_male",0.4,0.119654656683572,1
1,6,0.05,59,"prot50_age",-0.9,-0.066035064309855,1
1,6,0.05,59,"prot50_income",0,-0.0858285466425317,1
1,6,0.05,59,"prot50_child",0,-0.167230849489431,1
1,6,0.05,59,"invasive_male",1,0.313956556026808,1
1,6,0.05,59,"invasive_age",-0.8,-0.194584694601456,1
1,6,0.05,59,"invasive_income",-0.4,-0.0426793868296785,0
1,6,0.05,59,"invasive_child",0,-0.0366758271986445,0
1,6,0.05,60,"ASC2_male",-1.2,-0.239712073604962,1
1,6,0.05,60,"ASC2_age",0,-0.00378384511204854,0
1,6,0.05,60,"ASC2_income",0.6,0.0855774460444701,1
1,6,0.05,60,"ASC2_child",-0.4,-0.0451898617082874,0
1,6,0.05,60,"ASC3_male",0,0.0769235710171846,1
1,6,0.05,60,"ASC3_age",0,-0.0203626959587522,0
1,6,0.05,60,"ASC3_income",0,0.0292076928499552,0
1,6,0.05,60,"ASC3_child",0,-0.140488825290639,1
1,6,0.05,60,"prot25_male",0,0.00239561288306598,0
1,6,0.05,60,"prot25_age",-0.4,-0.0184357809769122,0
1,6,0.05,60,"prot25_income",0,-0.0378461632104245,0
1,6,0.05,60,"prot25_child",0,0.0256166460442646,0
1,6,0.05,60,"prot50_male",-1.1,-0.221539439249527,1
1,6,0.05,60,"prot50_age",0,0.0497572170868672,0
1,6,0.05,60,"prot50_income",0.4,0.0237530750998573,0
1,6,0.05,60,"prot50_child",0,0.0234442320401865,0
1,6,0.05,60,"invasive_male",0.3,-0.00883265619333669,0
1,6,0.05,60,"invasive_age",-0.5,-0.0944520263954895,1
1,6,0.05,60,"invasive_income",-0.7,-0.145281861451443,1
1,6,0.05,60,"invasive_child",1,0.163337670612692,1
1,6,0.05,61,"ASC2_male",0.8,0.0617030523370678,1
1,6,0.05,61,"ASC2_age",-0.9,-0.170716132572778,1
1,6,0.05,61,"ASC2_income",-0.3,-0.146809290054601,1
1,6,0.05,61,"ASC2_child",0,-0.260659605126101,1
1,6,0.05,61,"ASC3_male",0,-0.0616123202672745,1
1,6,0.05,61,"ASC3_age",0,-0.058599518109493,1
1,6,0.05,61,"ASC3_income",0,-0.069735630956846,1
1,6,0.05,61,"ASC3_child",0,-0.252835864659905,1
1,6,0.05,61,"prot25_male",0,-0.00407845053609624,0
1,6,0.05,61,"prot25_age",-1,-0.124183823371836,1
1,6,0.05,61,"prot25_income",0,0.069898324526537,1
1,6,0.05,61,"prot25_child",0,0.270499199799839,1
1,6,0.05,61,"prot50_male",-0.8,-0.269113876051326,1
1,6,0.05,61,"prot50_age",0.2,0.0311085814252467,0
1,6,0.05,61,"prot50_income",0,0.051818326856949,1
1,6,0.05,61,"prot50_child",0.3,0.18521273805802,1
1,6,0.05,61,"invasive_male",0,-0.104896819366798,1
1,6,0.05,61,"invasive_age",1,0.164655473734054,1
1,6,0.05,61,"invasive_income",0.2,0.0198578368909978,0
1,6,0.05,61,"invasive_child",0.9,0.221490935633025,1
1,6,0.05,62,"ASC2_male",0,-0.226380594788414,1
1,6,0.05,62,"ASC2_age",0,-0.00963661170695856,0
1,6,0.05,62,"ASC2_income",0.1,-0.0648618598299371,1
1,6,0.05,62,"ASC2_child",0,0.185260090569142,1
1,6,0.05,62,"ASC3_male",0,-0.0796771700627352,1
1,6,0.05,62,"ASC3_age",0.6,0.0721863177939177,1
1,6,0.05,62,"ASC3_income",0.6,0.00222741390540452,0
1,6,0.05,62,"ASC3_child",0,0.139338851090843,1
1,6,0.05,62,"prot25_male",-0.5,-0.125738668673906,1
1,6,0.05,62,"prot25_age",0,0.0212301016290246,0
1,6,0.05,62,"prot25_income",0,0.0841874718553573,1
1,6,0.05,62,"prot25_child",-0.2,-0.214700632195607,1
1,6,0.05,62,"prot50_male",-0.5,0.159070027483172,1
1,6,0.05,62,"prot50_age",0.3,0.0407461936443748,0
1,6,0.05,62,"prot50_income",0,0.0889441571056342,1
1,6,0.05,62,"prot50_child",1,-0.0830749383020519,1
1,6,0.05,62,"invasive_male",0.5,0.131968164089998,1
1,6,0.05,62,"invasive_age",0,-0.0533452246881323,1
1,6,0.05,62,"invasive_income",0,-0.00605644011979381,0
1,6,0.05,62,"invasive_child",-0.9,-0.20462480324619,1
1,6,0.05,63,"ASC2_male",0,-0.0741702200700142,1
1,6,0.05,63,"ASC2_age",0.6,0.0987520618095547,1
1,6,0.05,63,"ASC2_income",-0.7,-0.179340390562551,1
1,6,0.05,63,"ASC2_child",0,0.21536212997712,1
1,6,0.05,63,"ASC3_male",-0.5,-0.134771202923172,1
1,6,0.05,63,"ASC3_age",0,0.00293279879507814,0
1,6,0.05,63,"ASC3_income",0,-0.0892979488014567,1
1,6,0.05,63,"ASC3_child",-0.1,0.285611973676594,1
1,6,0.05,63,"prot25_male",0,0.0706482132913673,1
1,6,0.05,63,"prot25_age",0,-0.061027856942915,1
1,6,0.05,63,"prot25_income",-0.4,-0.111588607211021,1
1,6,0.05,63,"prot25_child",-0.6,-0.280083541588483,1
1,6,0.05,63,"prot50_male",0,0.122126527998963,1
1,6,0.05,63,"prot50_age",0,-0.082808120607632,1
1,6,0.05,63,"prot50_income",-0.9,-0.17809779165055,1
1,6,0.05,63,"prot50_child",-0.7,-0.284236003134613,1
1,6,0.05,63,"invasive_male",0.8,0.257517648573795,1
1,6,0.05,63,"invasive_age",0,-0.0158255931801926,0
1,6,0.05,63,"invasive_income",-0.8,-0.309302153394437,1
1,6,0.05,63,"invasive_child",0,0.180273976896149,1
1,6,0.05,64,"ASC2_male",0.2,-0.0732505721658292,1
1,6,0.05,64,"ASC2_age",0,0.0590621919270662,1
1,6,0.05,64,"ASC2_income",-0.3,-0.0218230423554426,0
1,6,0.05,64,"ASC2_child",0,0.113480852034388,1
1,6,0.05,64,"ASC3_male",0,-0.0841637832697325,1
1,6,0.05,64,"ASC3_age",-1.2,-0.129228130378875,1
1,6,0.05,64,"ASC3_income",0.1,0.065672756537465,1
1,6,0.05,64,"ASC3_child",0,0.151755318906632,1
1,6,0.05,64,"prot25_male",-0.8,-0.0481075456299916,0
1,6,0.05,64,"prot25_age",0.1,-0.0730831778491578,1
1,6,0.05,64,"prot25_income",0.3,0.0127217403432225,0
1,6,0.05,64,"prot25_child",-0.5,-0.175735129259105,1
1,6,0.05,64,"prot50_male",0.2,0.179578207097343,1
1,6,0.05,64,"prot50_age",1.1,0.11315172840717,1
1,6,0.05,64,"prot50_income",0,-0.100094837998047,1
1,6,0.05,64,"prot50_child",0,-0.185352554218525,1
1,6,0.05,64,"invasive_male",0,0.0325247442441056,0
1,6,0.05,64,"invasive_age",0,0.0303263108275834,0
1,6,0.05,64,"invasive_income",0,0.0306718908381994,0
1,6,0.05,64,"invasive_child",0,-0.0946111093800508,1
1,6,0.05,65,"ASC2_male",0,0.268286736854536,1
1,6,0.05,65,"ASC2_age",0.8,-0.107949631503132,1
1,6,0.05,65,"ASC2_income",0.2,-0.0599755611876709,1
1,6,0.05,65,"ASC2_child",0,-0.217578525855278,1
1,6,0.05,65,"ASC3_male",0,0.421207365084,1
1,6,0.05,65,"ASC3_age",0,-0.27293578022206,1
1,6,0.05,65,"ASC3_income",0.7,0.0224270413684429,0
1,6,0.05,65,"ASC3_child",0.5,-0.179637518591963,1
1,6,0.05,65,"prot25_male",0,-0.334775641953282,1
1,6,0.05,65,"prot25_age",0,0.211796508973426,1
1,6,0.05,65,"prot25_income",0,0.0208676511364133,0
1,6,0.05,65,"prot25_child",1,0.31359740290536,1
1,6,0.05,65,"prot50_male",0.6,-0.137011925188249,1
1,6,0.05,65,"prot50_age",0,0.175938182568849,1
1,6,0.05,65,"prot50_income",-0.2,0.049225453941739,0
1,6,0.05,65,"prot50_child",0.5,0.145282609780461,1
1,6,0.05,65,"invasive_male",0.3,0.173280885695667,1
1,6,0.05,65,"invasive_age",0,-0.0698240110887215,1
1,6,0.05,65,"invasive_income",0.9,0.116892016906221,1
1,6,0.05,65,"invasive_child",0,-0.0694757902036846,1
1,6,0.05,66,"ASC2_male",0,-0.193040507031101,1
1,6,0.05,66,"ASC2_age",-0.2,-0.0458722365646137,0
1,6,0.05,66,"ASC2_income",0.4,0.0445543638295662,0
1,6,0.05,66,"ASC2_child",0,0.208459304105528,1
1,6,0.05,66,"ASC3_male",-0.9,-0.341050225142472,1
1,6,0.05,66,"ASC3_age",1,0.214653844250131,1
1,6,0.05,66,"ASC3_income",0,-0.00143657424024137,0
1,6,0.05,66,"ASC3_child",0,0.247343679355171,1
1,6,0.05,66,"prot25_male",-0.5,0.0392481866029057,0
1,6,0.05,66,"prot25_age",0,0.0524522986041142,1
1,6,0.05,66,"prot25_income",0,0.03017584247777,0
1,6,0.05,66,"prot25_child",-1.1,-0.288895983444332,1
1,6,0.05,66,"prot50_male",1,0.248642063610472,1
1,6,0.05,66,"prot50_age",0,-0.0230873696340907,0
1,6,0.05,66,"prot50_income",0.2,0.105793969858274,1
1,6,0.05,66,"prot50_child",0.7,0.0985791967464248,1
1,6,0.05,66,"invasive_male",0,-0.056347116234622,1
1,6,0.05,66,"invasive_age",0,0.0299878813829041,0
1,6,0.05,66,"invasive_income",0,0.0436923133856904,0
1,6,0.05,66,"invasive_child",-1,-0.0648401924977862,1
1,6,0.05,67,"ASC2_male",-0.6,-0.243301467402527,1
1,6,0.05,67,"ASC2_age",-0.5,-0.0982999230447881,1
1,6,0.05,67,"ASC2_income",0,0.0525281062351938,1
1,6,0.05,67,"ASC2_child",0.9,0.0999737851034172,1
1,6,0.05,67,"ASC3_male",0.8,-0.0776947912200813,1
1,6,0.05,67,"ASC3_age",-0.9,-0.157914880299304,1
1,6,0.05,67,"ASC3_income",1.1,0.211770020358626,1
1,6,0.05,67,"ASC3_child",0.1,-0.0354701051107799,0
1,6,0.05,67,"prot25_male",0,0.242400305255435,1
1,6,0.05,67,"prot25_age",-0.2,0.00802022429251553,0
1,6,0.05,67,"prot25_income",0,-0.0152362883297243,0
1,6,0.05,67,"prot25_child",0,0.265244508947742,1
1,6,0.05,67,"prot50_male",1,0.322366222000604,1
1,6,0.05,67,"prot50_age",0,0.0710174980926855,1
1,6,0.05,67,"prot50_income",0,0.0301426633420323,0
1,6,0.05,67,"prot50_child",0.1,0.112002505948515,1
1,6,0.05,67,"invasive_male",0,-0.075427356502404,1
1,6,0.05,67,"invasive_age",0,0.0576284382766316,1
1,6,0.05,67,"invasive_income",0,-0.0143698249984989,0
1,6,0.05,67,"invasive_child",0,0.00246798205825902,0
1,6,0.05,68,"ASC2_male",0,0.235289438999957,1
1,6,0.05,68,"ASC2_age",0.1,0.0946135996344332,1
1,6,0.05,68,"ASC2_income",0,0.00418369544425404,0
1,6,0.05,68,"ASC2_child",-0.8,-0.242950553373361,1
1,6,0.05,68,"ASC3_male",1.1,0.356570188572738,1
1,6,0.05,68,"ASC3_age",-0.5,0.0302488583673889,0
1,6,0.05,68,"ASC3_income",0,-0.0112755483663508,0
1,6,0.05,68,"ASC3_child",-0.9,-0.311604422050914,1
1,6,0.05,68,"prot25_male",0.2,0.0150722401698534,0
1,6,0.05,68,"prot25_age",0,-0.0569913360248514,1
1,6,0.05,68,"prot25_income",0,0.0383576891344518,0
1,6,0.05,68,"prot25_child",-1.1,-0.30142853977569,1
1,6,0.05,68,"prot50_male",0,-0.006168823364115,0
1,6,0.05,68,"prot50_age",0,-0.0811654395589425,1
1,6,0.05,68,"prot50_income",0,0.0635398279493325,1
1,6,0.05,68,"prot50_child",-0.8,-0.330092956523342,1
1,6,0.05,68,"invasive_male",0,0.0298246313229185,0
1,6,0.05,68,"invasive_age",-0.7,-0.139708072143396,1
1,6,0.05,68,"invasive_income",0,-0.0352387860084366,0
1,6,0.05,68,"invasive_child",1.1,-0.0784511032858511,1
1,6,0.05,69,"ASC2_male",1.1,0.385454671968926,1
1,6,0.05,69,"ASC2_age",0,-0.0280794792854358,0
1,6,0.05,69,"ASC2_income",0.4,0.123265433613878,1
1,6,0.05,69,"ASC2_child",1.2,-0.00513480801868626,0
1,6,0.05,69,"ASC3_male",-1,0.0531294247402946,1
1,6,0.05,69,"ASC3_age",0,-0.0266801025137374,0
1,6,0.05,69,"ASC3_income",-1.2,-0.137411249360896,1
1,6,0.05,69,"ASC3_child",0,-0.285407647955882,1
1,6,0.05,69,"prot25_male",0,-0.218248095879184,1
1,6,0.05,69,"prot25_age",0,-0.0231640089673372,0
1,6,0.05,69,"prot25_income",-0.4,-0.128723804424024,1
1,6,0.05,69,"prot25_child",-0.4,0.137150576436574,1
1,6,0.05,69,"prot50_male",0,-0.169043090199413,1
1,6,0.05,69,"prot50_age",0,-0.0395704208735819,0
1,6,0.05,69,"prot50_income",0,-0.0742548262589522,1
1,6,0.05,69,"prot50_child",0,0.217281851527679,1
1,6,0.05,69,"invasive_male",0,0.21329831524786,1
1,6,0.05,69,"invasive_age",-0.5,-0.115895104871167,1
1,6,0.05,69,"invasive_income",-0.2,0.0296431288635547,0
1,6,0.05,69,"invasive_child",-0.2,-0.121675869145708,1
1,6,0.05,70,"ASC2_male",-0.8,0.0109298203413625,0
1,6,0.05,70,"ASC2_age",0,-0.0560806369832057,1
1,6,0.05,70,"ASC2_income",0.3,0.0488936944452278,0
1,6,0.05,70,"ASC2_child",0,-0.0238332511884536,0
1,6,0.05,70,"ASC3_male",0.9,0.267207190941581,1
1,6,0.05,70,"ASC3_age",0,-0.0621409749749174,1
1,6,0.05,70,"ASC3_income",0,0.000942147310912225,0
1,6,0.05,70,"ASC3_child",0,-0.0903697222829992,1
1,6,0.05,70,"prot25_male",0,-0.113786881158503,1
1,6,0.05,70,"prot25_age",0,0.0963561190761213,1
1,6,0.05,70,"prot25_income",0.9,0.148626492373269,1
1,6,0.05,70,"prot25_child",0,0.151558702838881,1
1,6,0.05,70,"prot50_male",-0.1,-0.171399887204238,1
1,6,0.05,70,"prot50_age",-0.9,-0.12055833669498,1
1,6,0.05,70,"prot50_income",0.9,0.134147727235606,1
1,6,0.05,70,"prot50_child",1,0.169993433070303,1
1,6,0.05,70,"invasive_male",0,-0.268372753498955,1
1,6,0.05,70,"invasive_age",0.8,0.115490966020371,1
1,6,0.05,70,"invasive_income",0,0.0462100119174503,0
1,6,0.05,70,"invasive_child",-0.6,-0.10534222999543,1
1,6,0.05,71,"ASC2_male",0.5,-0.0523057548140403,1
1,6,0.05,71,"ASC2_age",1,0.262832734493058,1
1,6,0.05,71,"ASC2_income",0.8,0.157627456532487,1
1,6,0.05,71,"ASC2_child",0.7,-0.0977397688753046,1
1,6,0.05,71,"ASC3_male",0,-0.0508050521539123,1
1,6,0.05,71,"ASC3_age",0,0.104474554456315,1
1,6,0.05,71,"ASC3_income",0,-1.50939147497617e-06,0
1,6,0.05,71,"ASC3_child",1.1,-0.0554493995498065,1
1,6,0.05,71,"prot25_male",0,0.132047346428211,1
1,6,0.05,71,"prot25_age",0,-0.0810512331980268,1
1,6,0.05,71,"prot25_income",0,-0.0428008683756068,0
1,6,0.05,71,"prot25_child",0,-0.0509933651482215,1
1,6,0.05,71,"prot50_male",0,0.108446766933333,1
1,6,0.05,71,"prot50_age",-0.6,-0.199334222649843,1
1,6,0.05,71,"prot50_income",-0.9,-0.122925091075014,1
1,6,0.05,71,"prot50_child",-0.7,-0.263333750585901,1
1,6,0.05,71,"invasive_male",0.8,0.137990524713849,1
1,6,0.05,71,"invasive_age",0,-0.020553836761516,0
1,6,0.05,71,"invasive_income",1,0.109265772849487,1
1,6,0.05,71,"invasive_child",0,-0.251697929662566,1
1,6,0.05,72,"ASC2_male",-0.8,0.113791657279412,1
1,6,0.05,72,"ASC2_age",0,-0.0656624262400806,1
1,6,0.05,72,"ASC2_income",0.3,0.0762010827534682,1
1,6,0.05,72,"ASC2_child",0.2,0.297929975611773,1
1,6,0.05,72,"ASC3_male",0,0.324907335232621,1
1,6,0.05,72,"ASC3_age",0,-0.113127058784565,1
1,6,0.05,72,"ASC3_income",0,0.0052174014335519,0
1,6,0.05,72,"ASC3_child",-0.9,0.11062795315615,1
1,6,0.05,72,"prot25_male",0,-0.256023011797592,1
1,6,0.05,72,"prot25_age",0,0.024756508928625,0
1,6,0.05,72,"prot25_income",0,-0.00583807574790604,0
1,6,0.05,72,"prot25_child",-0.6,-0.371969922385061,1
1,6,0.05,72,"prot50_male",1,-0.159436768897942,1
1,6,0.05,72,"prot50_age",-0.6,0.0135622144322182,0
1,6,0.05,72,"prot50_income",0,0.0227724119335775,0
1,6,0.05,72,"prot50_child",0.4,0.0694028467504611,1
1,6,0.05,72,"invasive_male",-0.5,-0.143506965240383,1
1,6,0.05,72,"invasive_age",0,0.0577122232173313,1
1,6,0.05,72,"invasive_income",0,-0.0383806023204577,0
1,6,0.05,72,"invasive_child",-0.1,0.195934242318957,1
1,6,0.05,73,"ASC2_male",0,-0.0529118804245697,1
1,6,0.05,73,"ASC2_age",0,0.0171519649192703,0
1,6,0.05,73,"ASC2_income",0.5,0.186155470490827,1
1,6,0.05,73,"ASC2_child",-1,-0.183688272210556,1
1,6,0.05,73,"ASC3_male",0.8,0.0756668650405029,1
1,6,0.05,73,"ASC3_age",0,-0.0269164331396527,0
1,6,0.05,73,"ASC3_income",-0.5,0.0531255024549599,1
1,6,0.05,73,"ASC3_child",-1.2,-0.240000891248531,1
1,6,0.05,73,"prot25_male",0,0.215135378805833,1
1,6,0.05,73,"prot25_age",0,-0.0312986913781,0
1,6,0.05,73,"prot25_income",0.4,0.00566993478420067,0
1,6,0.05,73,"prot25_child",0,-0.127177673046231,1
1,6,0.05,73,"prot50_male",-0.7,-0.00628199611772565,0
1,6,0.05,73,"prot50_age",0.7,0.0342655016118593,0
1,6,0.05,73,"prot50_income",1,0.0586280906001153,1
1,6,0.05,73,"prot50_child",0,0.0407481812141625,0
1,6,0.05,73,"invasive_male",0,0.0494216943273874,0
1,6,0.05,73,"invasive_age",0,-0.0453618879687876,0
1,6,0.05,73,"invasive_income",0,-0.0262853546336653,0
1,6,0.05,73,"invasive_child",0.8,0.00223159550971011,0
1,6,0.05,74,"ASC2_male",0,0.0122522158263055,0
1,6,0.05,74,"ASC2_age",0,-0.0323200532256444,0
1,6,0.05,74,"ASC2_income",0,0.0102217402139028,0
1,6,0.05,74,"ASC2_child",-1,-0.00926149167485689,0
1,6,0.05,74,"ASC3_male",0.9,0.182743107590175,1
1,6,0.05,74,"ASC3_age",1.1,0.211303842956291,1
1,6,0.05,74,"ASC3_income",0,-0.0393414025607997,0
1,6,0.05,74,"ASC3_child",0,0.32797923110105,1
1,6,0.05,74,"prot25_male",-0.6,-0.151616333632441,1
1,6,0.05,74,"prot25_age",0.5,0.0766251339695941,1
1,6,0.05,74,"prot25_income",-0.3,0.00813051662494006,0
1,6,0.05,74,"prot25_child",0,-0.208037700543199,1
1,6,0.05,74,"prot50_male",-0.2,-0.132591140549364,1
1,6,0.05,74,"prot50_age",0,-0.0247186840818699,0
1,6,0.05,74,"prot50_income",0,0.0807384025542917,1
1,6,0.05,74,"prot50_child",0,-0.190460516946023,1
1,6,0.05,74,"invasive_male",0,-0.0534771507441598,1
1,6,0.05,74,"invasive_age",-1.1,-0.179164768045783,1
1,6,0.05,74,"invasive_income",0.4,0.0646023677379813,1
1,6,0.05,74,"invasive_child",0.7,0.132564469610537,1
1,6,0.05,75,"ASC2_male",0,0.303460723386819,1
1,6,0.05,75,"ASC2_age",0.5,0.0705925539854819,1
1,6,0.05,75,"ASC2_income",0,0.0553364008972197,1
1,6,0.05,75,"ASC2_child",0,0.128978592048074,1
1,6,0.05,75,"ASC3_male",1,0.421259966012075,1
1,6,0.05,75,"ASC3_age",0,-0.0723449014747307,1
1,6,0.05,75,"ASC3_income",0,0.065760257138449,1
1,6,0.05,75,"ASC3_child",-0.8,-0.0969756228326983,1
1,6,0.05,75,"prot25_male",0.9,-0.00176072036129204,0
1,6,0.05,75,"prot25_age",1,0.192375455615881,1
1,6,0.05,75,"prot25_income",0,-0.0993919431510553,1
1,6,0.05,75,"prot25_child",-1,-0.148813229685289,1
1,6,0.05,75,"prot50_male",0,-0.0943422304853104,1
1,6,0.05,75,"prot50_age",0,0.017563226389862,0
1,6,0.05,75,"prot50_income",-0.9,-0.221293432709724,1
1,6,0.05,75,"prot50_child",-0.4,-0.0218300680231013,0
1,6,0.05,75,"invasive_male",0.7,0.294219374569947,1
1,6,0.05,75,"invasive_age",0,0.0567289404655934,1
1,6,0.05,75,"invasive_income",-0.5,-0.16597645588123,1
1,6,0.05,75,"invasive_child",0,0.209005260811197,1
1,6,0.05,76,"ASC2_male",-0.7,-0.0239235467805018,0
1,6,0.05,76,"ASC2_age",0,0.0379441763469891,0
1,6,0.05,76,"ASC2_income",0,-0.13285906743055,1
1,6,0.05,76,"ASC2_child",-1,-0.251447228027683,1
1,6,0.05,76,"ASC3_male",-0.4,0.0377030108085134,0
1,6,0.05,76,"ASC3_age",0,0.0176751422064029,0
1,6,0.05,76,"ASC3_income",-0.5,-0.236860882890149,1
1,6,0.05,76,"ASC3_child",-0.6,-0.163927011011945,1
1,6,0.05,76,"prot25_male",0,0.0361867858030177,0
1,6,0.05,76,"prot25_age",0,-0.089502195582566,1
1,6,0.05,76,"prot25_income",0,0.134500129234396,1
1,6,0.05,76,"prot25_child",-0.5,-0.0715023578193981,1
1,6,0.05,76,"prot50_male",-0.1,-0.121473729594572,1
1,6,0.05,76,"prot50_age",0,-0.0375333483098393,0
1,6,0.05,76,"prot50_income",0,0.113724118324056,1
1,6,0.05,76,"prot50_child",0,-0.0518261108623306,1
1,6,0.05,76,"invasive_male",-0.4,-0.245943833253389,1
1,6,0.05,76,"invasive_age",0,0.0135002076306446,0
1,6,0.05,76,"invasive_income",-0.2,-0.06335849162494,1
1,6,0.05,76,"invasive_child",0.1,-0.0711507620730049,1
1,6,0.05,77,"ASC2_male",0.4,0.166959022497862,1
1,6,0.05,77,"ASC2_age",-0.4,-0.0270979563015808,0
1,6,0.05,77,"ASC2_income",0,-0.109084890500342,1
1,6,0.05,77,"ASC2_child",-1.1,-0.125176026975463,1
1,6,0.05,77,"ASC3_male",0,0.177001531790673,1
1,6,0.05,77,"ASC3_age",0,-0.0210855814233473,0
1,6,0.05,77,"ASC3_income",0,-0.0853945534844622,1
1,6,0.05,77,"ASC3_child",0,0.000918221711177846,0
1,6,0.05,77,"prot25_male",0.8,-0.0485167758891475,0
1,6,0.05,77,"prot25_age",0.6,0.0400523478629011,0
1,6,0.05,77,"prot25_income",0,0.0438167606572297,0
1,6,0.05,77,"prot25_child",0,0.0180281354368025,0
1,6,0.05,77,"prot50_male",0,-0.147048192025082,1
1,6,0.05,77,"prot50_age",-0.5,-0.154915693814794,1
1,6,0.05,77,"prot50_income",-1.1,-0.250037332799788,1
1,6,0.05,77,"prot50_child",0,-0.0713465597391127,1
1,6,0.05,77,"invasive_male",0,-0.0670476749553566,1
1,6,0.05,77,"invasive_age",1,0.156172536635546,1
1,6,0.05,77,"invasive_income",0.6,-0.00501292014652264,0
1,6,0.05,77,"invasive_child",-0.2,-0.117385739208374,1
1,6,0.05,78,"ASC2_male",0,0.0661028340630886,1
1,6,0.05,78,"ASC2_age",0,0.121342741210117,1
1,6,0.05,78,"ASC2_income",0,0.141154018815582,1
1,6,0.05,78,"ASC2_child",0,0.236374104322697,1
1,6,0.05,78,"ASC3_male",0,0.110036743015115,1
1,6,0.05,78,"ASC3_age",0,0.084368330691157,1
1,6,0.05,78,"ASC3_income",-0.4,0.0162040849562027,0
1,6,0.05,78,"ASC3_child",0,0.179568513070718,1
1,6,0.05,78,"prot25_male",-1.1,-0.210704873879649,1
1,6,0.05,78,"prot25_age",0,0.00131388582239389,0
1,6,0.05,78,"prot25_income",-0.2,-0.0381486389112338,0
1,6,0.05,78,"prot25_child",0,-0.378820334297973,1
1,6,0.05,78,"prot50_male",0.6,0.0950056110966482,1
1,6,0.05,78,"prot50_age",-0.4,-0.0541766215223304,1
1,6,0.05,78,"prot50_income",-0.9,-0.20392581528045,1
1,6,0.05,78,"prot50_child",0.6,-0.22705027107436,1
1,6,0.05,78,"invasive_male",-0.6,-0.126812235265518,1
1,6,0.05,78,"invasive_age",0.9,0.263408287260644,1
1,6,0.05,78,"invasive_income",1.2,0.326903016982332,1
1,6,0.05,78,"invasive_child",0,-0.180145104473392,1
1,6,0.05,79,"ASC2_male",0,-0.24196663134715,1
1,6,0.05,79,"ASC2_age",0,-0.020736058896587,0
1,6,0.05,79,"ASC2_income",0,-0.0132017785831321,0
1,6,0.05,79,"ASC2_child",0,-0.00645349706038187,0
1,6,0.05,79,"ASC3_male",0,-0.182785293868413,1
1,6,0.05,79,"ASC3_age",0,-0.037414028644248,0
1,6,0.05,79,"ASC3_income",0.2,0.043518123121859,0
1,6,0.05,79,"ASC3_child",-0.3,-0.0529222990770443,1
1,6,0.05,79,"prot25_male",0.2,0.273806942840015,1
1,6,0.05,79,"prot25_age",0,-0.0264210555068465,0
1,6,0.05,79,"prot25_income",0.9,0.233415785087436,1
1,6,0.05,79,"prot25_child",0.3,0.0463886004560707,0
1,6,0.05,79,"prot50_male",1,0.463113306860629,1
1,6,0.05,79,"prot50_age",0,-0.0563842131888574,1
1,6,0.05,79,"prot50_income",-0.7,-0.0238265122117981,0
1,6,0.05,79,"prot50_child",0,-0.122744404947286,1
1,6,0.05,79,"invasive_male",-0.6,-0.0936171539202506,1
1,6,0.05,79,"invasive_age",-1.1,-0.217318737337135,1
1,6,0.05,79,"invasive_income",0,0.0116038061257964,0
1,6,0.05,79,"invasive_child",-0.1,-0.0311647877068746,0
1,6,0.05,80,"ASC2_male",0.8,0.183123196979595,1
1,6,0.05,80,"ASC2_age",0,0.0146925402107362,0
1,6,0.05,80,"ASC2_income",0.4,0.0727908883764317,1
1,6,0.05,80,"ASC2_child",-1,-0.1908689591219,1
1,6,0.05,80,"ASC3_male",0,-0.0490565107145132,0
1,6,0.05,80,"ASC3_age",1,0.131045695191569,1
1,6,0.05,80,"ASC3_income",0,0.0137033940223842,0
1,6,0.05,80,"ASC3_child",-1.1,-0.250195708670977,1
1,6,0.05,80,"prot25_male",0.8,-0.178551988785969,1
1,6,0.05,80,"prot25_age",0,0.118313104945021,1
1,6,0.05,80,"prot25_income",0,-0.0986133157538715,1
1,6,0.05,80,"prot25_child",0.3,0.184355173147912,1
1,6,0.05,80,"prot50_male",0,-0.114156150313259,1
1,6,0.05,80,"prot50_age",1,0.318308674120557,1
1,6,0.05,80,"prot50_income",0,-0.0408569760709982,0
1,6,0.05,80,"prot50_child",0,0.04377485232245,0
1,6,0.05,80,"invasive_male",0,-0.250588708272199,1
1,6,0.05,80,"invasive_age",1,0.218798988466531,1
1,6,0.05,80,"invasive_income",0,-0.0156208789015665,0
1,6,0.05,80,"invasive_child",1.1,0.129454899108683,1
1,6,0.05,81,"ASC2_male",1,0.350529723945704,1
1,6,0.05,81,"ASC2_age",0,-0.102318195461662,1
1,6,0.05,81,"ASC2_income",0,-0.0474716564757919,0
1,6,0.05,81,"ASC2_child",0,0.12379001449565,1
1,6,0.05,81,"ASC3_male",0,0.0782729380416459,1
1,6,0.05,81,"ASC3_age",0,-0.0565810015733736,1
1,6,0.05,81,"ASC3_income",0,-0.0168126742107191,0
1,6,0.05,81,"ASC3_child",-0.4,0.129426614830332,1
1,6,0.05,81,"prot25_male",0,-0.0697027254277543,1
1,6,0.05,81,"prot25_age",0,0.0529217586000787,1
1,6,0.05,81,"prot25_income",0,0.0699620837527269,1
1,6,0.05,81,"prot25_child",-0.2,-0.0305278566172853,0
1,6,0.05,81,"prot50_male",1.1,0.110665310304441,1
1,6,0.05,81,"prot50_age",0.8,0.0593447058246663,1
1,6,0.05,81,"prot50_income",0,0.109294775613129,1
1,6,0.05,81,"prot50_child",-0.3,-0.146946576495145,1
1,6,0.05,81,"invasive_male",-0.2,-0.108969918472958,1
1,6,0.05,81,"invasive_age",-1.2,-0.263364939121277,1
1,6,0.05,81,"invasive_income",0.4,0.0719940156053274,1
1,6,0.05,81,"invasive_child",1.1,0.226918285580034,1
1,6,0.05,82,"ASC2_male",0,0.0928111983543353,1
1,6,0.05,82,"ASC2_age",0,0.163918831446663,1
1,6,0.05,82,"ASC2_income",-0.8,-0.143458827768466,1
1,6,0.05,82,"ASC2_child",0.4,0.170061040885706,1
1,6,0.05,82,"ASC3_male",-0.5,0.0502191932455806,1
1,6,0.05,82,"ASC3_age",0,0.151406901036393,1
1,6,0.05,82,"ASC3_income",0,-0.0344482383313772,0
1,6,0.05,82,"ASC3_child",0,0.0493145926170693,0
1,6,0.05,82,"prot25_male",-0.5,-0.178027807040086,1
1,6,0.05,82,"prot25_age",0,-0.13147649578045,1
1,6,0.05,82,"prot25_income",0.8,0.13046391296213,1
1,6,0.05,82,"prot25_child",0,-0.15201468259424,1
1,6,0.05,82,"prot50_male",-0.3,-0.149302801313481,1
1,6,0.05,82,"prot50_age",0,-0.0290055562851011,0
1,6,0.05,82,"prot50_income",0.6,0.182791600997079,1
1,6,0.05,82,"prot50_child",0.3,-0.0939297928193141,1
1,6,0.05,82,"invasive_male",-1.1,-0.228596783934556,1
1,6,0.05,82,"invasive_age",-1.2,-0.160609518332136,1
1,6,0.05,82,"invasive_income",0,0.064257274309105,1
1,6,0.05,82,"invasive_child",0,-0.171400994279614,1
1,6,0.05,83,"ASC2_male",0.5,-0.138050774186518,1
1,6,0.05,83,"ASC2_age",0,0.0261177216912151,0
1,6,0.05,83,"ASC2_income",-0.6,-0.0877412018886346,1
1,6,0.05,83,"ASC2_child",-0.5,-0.140505420177817,1
1,6,0.05,83,"ASC3_male",0,-0.165836830651815,1
1,6,0.05,83,"ASC3_age",0,0.0146293414608627,0
1,6,0.05,83,"ASC3_income",0,0.00755501195865941,0
1,6,0.05,83,"ASC3_child",0,-0.142798833522582,1
1,6,0.05,83,"prot25_male",-1,-0.090961230248525,1
1,6,0.05,83,"prot25_age",0.1,0.0345301067306923,0
1,6,0.05,83,"prot25_income",0,-0.0235469145607159,0
1,6,0.05,83,"prot25_child",0,0.0824736249866939,1
1,6,0.05,83,"prot50_male",0.7,0.166509389392597,1
1,6,0.05,83,"prot50_age",0,0.0188721719724614,0
1,6,0.05,83,"prot50_income",1.1,0.166507435329184,1
1,6,0.05,83,"prot50_child",0,-0.0251055314213911,0
1,6,0.05,83,"invasive_male",0.7,0.0445433315012765,0
1,6,0.05,83,"invasive_age",-1,-0.126454152937241,1
1,6,0.05,83,"invasive_income",0.3,0.00527615485765223,0
1,6,0.05,83,"invasive_child",0,-0.0604533229247297,1
1,6,0.05,84,"ASC2_male",0,0.190380752057314,1
1,6,0.05,84,"ASC2_age",0,0.0150626182886856,0
1,6,0.05,84,"ASC2_income",-0.9,-0.181548757764447,1
1,6,0.05,84,"ASC2_child",1.1,-0.0286645599618343,0
1,6,0.05,84,"ASC3_male",0.7,0.279394852632025,1
1,6,0.05,84,"ASC3_age",0,0.0244299840139809,0
1,6,0.05,84,"ASC3_income",0,0.019498306946024,0
1,6,0.05,84,"ASC3_child",0.3,0.0999126147978017,1
1,6,0.05,84,"prot25_male",0.3,-0.158996762831829,1
1,6,0.05,84,"prot25_age",0,-0.0440466652802967,0
1,6,0.05,84,"prot25_income",0,0.0627330367741131,1
1,6,0.05,84,"prot25_child",0,0.0934471349493421,1
1,6,0.05,84,"prot50_male",0,-0.171269486651602,1
1,6,0.05,84,"prot50_age",-0.2,-0.0251835072560454,0
1,6,0.05,84,"prot50_income",0.5,0.10748889309952,1
1,6,0.05,84,"prot50_child",0,0.0271411543574858,0
1,6,0.05,84,"invasive_male",0,-0.0311503317372493,0
1,6,0.05,84,"invasive_age",-0.7,-0.154016083652977,1
1,6,0.05,84,"invasive_income",-0.9,-0.0902253129801878,1
1,6,0.05,84,"invasive_child",0.5,-0.00285993403988831,0
1,6,0.05,85,"ASC2_male",0.9,0.22462762903813,1
1,6,0.05,85,"ASC2_age",0,-0.0588158133865795,1
1,6,0.05,85,"ASC2_income",-0.2,-0.0686594840711726,1
1,6,0.05,85,"ASC2_child",0.5,0.0581006019967675,1
1,6,0.05,85,"ASC3_male",0,0.0906736352161679,1
1,6,0.05,85,"ASC3_age",0,-0.0589335106717431,1
1,6,0.05,85,"ASC3_income",0,0.00158566189505843,0
1,6,0.05,85,"ASC3_child",0.8,0.187380198929814,1
1,6,0.05,85,"prot25_male",0.4,0.052001862360853,1
1,6,0.05,85,"prot25_age",0,-0.0081282432319341,0
1,6,0.05,85,"prot25_income",0.5,0.0814271866554808,1
1,6,0.05,85,"prot25_child",-0.2,0.0597980134353367,1
1,6,0.05,85,"prot50_male",-0.1,-0.00768990292254155,0
1,6,0.05,85,"prot50_age",0,0.0295220162300462,0
1,6,0.05,85,"prot50_income",-1.1,-0.12318877133086,1
1,6,0.05,85,"prot50_child",0,0.29088248352734,1
1,6,0.05,85,"invasive_male",0.7,0.190764818748841,1
1,6,0.05,85,"invasive_age",0,-0.0419332689817192,0
1,6,0.05,85,"invasive_income",0,0.0248312600436398,0
1,6,0.05,85,"invasive_child",0,0.144722709985381,1
1,6,0.05,86,"ASC2_male",0.2,0.138521240408026,1
1,6,0.05,86,"ASC2_age",0.4,0.0820854840110809,1
1,6,0.05,86,"ASC2_income",0,0.0303668760839758,0
1,6,0.05,86,"ASC2_child",-0.2,-0.330708484278853,1
1,6,0.05,86,"ASC3_male",-0.2,0.0301732134220446,0
1,6,0.05,86,"ASC3_age",0,0.0213746137221385,0
1,6,0.05,86,"ASC3_income",0,0.0464313467090941,0
1,6,0.05,86,"ASC3_child",0,-0.340677416141175,1
1,6,0.05,86,"prot25_male",0,0.00814037002054346,0
1,6,0.05,86,"prot25_age",0,-0.00763204188810296,0
1,6,0.05,86,"prot25_income",-0.2,-0.119658683869844,1
1,6,0.05,86,"prot25_child",0,0.0965196872689065,1
1,6,0.05,86,"prot50_male",0.6,0.0406278448176853,0
1,6,0.05,86,"prot50_age",-1,-0.171475909729882,1
1,6,0.05,86,"prot50_income",0,-0.0871691774003907,1
1,6,0.05,86,"prot50_child",1,0.167329980511958,1
1,6,0.05,86,"invasive_male",0.5,0.0795667833935084,1
1,6,0.05,86,"invasive_age",0,0.0275543682331299,0
1,6,0.05,86,"invasive_income",0,0.0847276694128348,1
1,6,0.05,86,"invasive_child",-1,-0.339271801561516,1
1,6,0.05,87,"ASC2_male",0.2,0.220484229771362,1
1,6,0.05,87,"ASC2_age",1.1,0.181514487513311,1
1,6,0.05,87,"ASC2_income",0,0.0297110407128083,0
1,6,0.05,87,"ASC2_child",0,-0.0337435818173972,0
1,6,0.05,87,"ASC3_male",0,0.0490394430371904,0
1,6,0.05,87,"ASC3_age",-0.4,-0.0627678406919499,1
1,6,0.05,87,"ASC3_income",0,0.0823424363056036,1
1,6,0.05,87,"ASC3_child",0.7,0.147577364519049,1
1,6,0.05,87,"prot25_male",-1.2,-0.388453905725212,1
1,6,0.05,87,"prot25_age",-0.9,-0.156077884798437,1
1,6,0.05,87,"prot25_income",0,-0.0284065013136231,0
1,6,0.05,87,"prot25_child",-0.2,0.0696422804844321,1
1,6,0.05,87,"prot50_male",-0.5,-0.278781235420273,1
1,6,0.05,87,"prot50_age",0,-0.0287610918558629,0
1,6,0.05,87,"prot50_income",0,-0.120953643423695,1
1,6,0.05,87,"prot50_child",0.4,0.116632468668371,1
1,6,0.05,87,"invasive_male",0,0.05778632452335,1
1,6,0.05,87,"invasive_age",0,0.0586556615279502,1
1,6,0.05,87,"invasive_income",0,-0.0329885177183248,0
1,6,0.05,87,"invasive_child",0.8,0.0566929918461145,1
1,6,0.05,88,"ASC2_male",-1.1,-0.343206476748086,1
1,6,0.05,88,"ASC2_age",0,0.0237355700960143,0
1,6,0.05,88,"ASC2_income",0.3,0.0467137553172898,0
1,6,0.05,88,"ASC2_child",0,-0.0775524716303858,1
1,6,0.05,88,"ASC3_male",-1.1,-0.308651957613244,1
1,6,0.05,88,"ASC3_age",0,-0.0100628414572883,0
1,6,0.05,88,"ASC3_income",0,0.0455238159799161,0
1,6,0.05,88,"ASC3_child",0.5,-0.0749165297246004,1
1,6,0.05,88,"prot25_male",0.6,0.272296809900061,1
1,6,0.05,88,"prot25_age",0,-0.0574721554698748,1
1,6,0.05,88,"prot25_income",0,0.048088094538793,0
1,6,0.05,88,"prot25_child",0,0.0801206039843139,1
1,6,0.05,88,"prot50_male",0,0.137760156567106,1
1,6,0.05,88,"prot50_age",-0.3,-0.0620559052686164,1
1,6,0.05,88,"prot50_income",-0.5,-0.0808998374945186,1
1,6,0.05,88,"prot50_child",0.8,0.333248735512445,1
1,6,0.05,88,"invasive_male",0,0.0317362345884467,0
1,6,0.05,88,"invasive_age",-1.1,-0.210636473792642,1
1,6,0.05,88,"invasive_income",0.4,0.116690814125092,1
1,6,0.05,88,"invasive_child",0,0.110180107001358,1
1,6,0.05,89,"ASC2_male",0,0.228882945401882,1
1,6,0.05,89,"ASC2_age",0,-0.136252310185248,1
1,6,0.05,89,"ASC2_income",0.5,0.177702790160762,1
1,6,0.05,89,"ASC2_child",0,-0.421288916741466,1
1,6,0.05,89,"ASC3_male",0,0.196754053556721,1
1,6,0.05,89,"ASC3_age",0.3,-0.0527559374388468,1
1,6,0.05,89,"ASC3_income",-0.8,-0.0919727327717475,1
1,6,0.05,89,"ASC3_child",0,-0.393557068098686,1
1,6,0.05,89,"prot25_male",0.1,-0.122025498691408,1
1,6,0.05,89,"prot25_age",-0.1,0.0766212467787714,1
1,6,0.05,89,"prot25_income",0,-0.00223647098425363,0
1,6,0.05,89,"prot25_child",-1.2,0.0632944433763043,1
1,6,0.05,89,"prot50_male",-0.5,-0.303860057012626,1
1,6,0.05,89,"prot50_age",0,0.075682507232082,1
1,6,0.05,89,"prot50_income",0,-0.00501475753062011,0
1,6,0.05,89,"prot50_child",0,0.222478616143183,1
1,6,0.05,89,"invasive_male",-0.6,-0.00937817210566656,0
1,6,0.05,89,"invasive_age",0.2,0.0014950051872747,0
1,6,0.05,89,"invasive_income",1.1,0.310312917350144,1
1,6,0.05,89,"invasive_child",0,-0.234442879568184,1
1,6,0.05,90,"ASC2_male",-1,-0.171470726515804,1
1,6,0.05,90,"ASC2_age",-0.2,-0.0755118585265709,1
1,6,0.05,90,"ASC2_income",-0.9,-0.239658636711451,1
1,6,0.05,90,"ASC2_child",0.8,0.0448861058456497,0
1,6,0.05,90,"ASC3_male",0,-0.00390641990633067,0
1,6,0.05,90,"ASC3_age",0,-0.0561826019793828,1
1,6,0.05,90,"ASC3_income",0,-0.125778661742882,1
1,6,0.05,90,"ASC3_child",0.6,-0.0105936336840527,0
1,6,0.05,90,"prot25_male",0,-0.0250968844245709,0
1,6,0.05,90,"prot25_age",0,-0.00180889694735134,0
1,6,0.05,90,"prot25_income",0.8,0.280934338123777,1
1,6,0.05,90,"prot25_child",0,-0.166352286039137,1
1,6,0.05,90,"prot50_male",0,-0.229531616234303,1
1,6,0.05,90,"prot50_age",1,0.168498093639194,1
1,6,0.05,90,"prot50_income",0.6,0.256955052302611,1
1,6,0.05,90,"prot50_child",0,-0.076730106754895,1
1,6,0.05,90,"invasive_male",0,-0.0735521290801653,1
1,6,0.05,90,"invasive_age",0,-0.0650669555046496,1
1,6,0.05,90,"invasive_income",-0.6,-0.0941726797299715,1
1,6,0.05,90,"invasive_child",-1.2,-0.439994250259027,1
1,6,0.05,91,"ASC2_male",1.2,0.147286381659664,1
1,6,0.05,91,"ASC2_age",0.2,0.0958014574210949,1
1,6,0.05,91,"ASC2_income",0,-0.156716309430218,1
1,6,0.05,91,"ASC2_child",0,-0.0335048419467666,0
1,6,0.05,91,"ASC3_male",0,-0.156718459219159,1
1,6,0.05,91,"ASC3_age",0,0.0225225557368901,0
1,6,0.05,91,"ASC3_income",0.6,-0.00455749411794356,0
1,6,0.05,91,"ASC3_child",1.1,0.0692741309512687,1
1,6,0.05,91,"prot25_male",0,0.180929053183924,1
1,6,0.05,91,"prot25_age",0.3,-0.0988897441576833,1
1,6,0.05,91,"prot25_income",0.2,0.100281053987975,1
1,6,0.05,91,"prot25_child",0,0.0441742344371739,0
1,6,0.05,91,"prot50_male",-0.7,-0.0252945575618959,0
1,6,0.05,91,"prot50_age",0,-0.0587052394230644,1
1,6,0.05,91,"prot50_income",-1,-0.171727118843886,1
1,6,0.05,91,"prot50_child",0,0.119901900924577,1
1,6,0.05,91,"invasive_male",-0.6,-0.113369746964269,1
1,6,0.05,91,"invasive_age",0,-0.0542725393023225,1
1,6,0.05,91,"invasive_income",0.4,-0.0598076535847284,1
1,6,0.05,91,"invasive_child",0,0.0450724534877275,0
1,6,0.05,92,"ASC2_male",-0.4,0.0557476708328023,1
1,6,0.05,92,"ASC2_age",0,-0.0168750773078711,0
1,6,0.05,92,"ASC2_income",1,0.112449058842883,1
1,6,0.05,92,"ASC2_child",0,-0.13014927902445,1
1,6,0.05,92,"ASC3_male",-1.1,-0.0498300356585564,0
1,6,0.05,92,"ASC3_age",0.6,0.0660754490043439,1
1,6,0.05,92,"ASC3_income",0.8,0.0365751123543611,0
1,6,0.05,92,"ASC3_child",0,0.0440909947564487,0
1,6,0.05,92,"prot25_male",0,0.0606430397785066,1
1,6,0.05,92,"prot25_age",0,-0.0243672469339722,0
1,6,0.05,92,"prot25_income",0.7,0.195009405333591,1
1,6,0.05,92,"prot25_child",-0.8,-0.259647487502854,1
1,6,0.05,92,"prot50_male",1,-0.0153022628313129,0
1,6,0.05,92,"prot50_age",0,0.105494148745602,1
1,6,0.05,92,"prot50_income",-1.2,-0.112826981130018,1
1,6,0.05,92,"prot50_child",0,0.248355469360019,1
1,6,0.05,92,"invasive_male",0,0.0749692819221532,1
1,6,0.05,92,"invasive_age",0,-0.0439789566205339,0
1,6,0.05,92,"invasive_income",-0.9,-0.196012389033009,1
1,6,0.05,92,"invasive_child",0,0.16357557359322,1
1,6,0.05,93,"ASC2_male",0,0.0133001141510455,0
1,6,0.05,93,"ASC2_age",1,0.133862429500259,1
1,6,0.05,93,"ASC2_income",0,0.0997692277468771,1
1,6,0.05,93,"ASC2_child",-0.3,-0.0715517770301209,1
1,6,0.05,93,"ASC3_male",-1,-0.0699515024310925,1
1,6,0.05,93,"ASC3_age",0,0.0459310316463865,0
1,6,0.05,93,"ASC3_income",0,0.079035785221703,1
1,6,0.05,93,"ASC3_child",0.1,0.106966266966782,1
1,6,0.05,93,"prot25_male",0.7,0.170403379684237,1
1,6,0.05,93,"prot25_age",0,0.0270661576073072,0
1,6,0.05,93,"prot25_income",-0.7,-0.0947484586724198,1
1,6,0.05,93,"prot25_child",0,0.020236627929173,0
1,6,0.05,93,"prot50_male",0,0.192712428425971,1
1,6,0.05,93,"prot50_age",0,-0.0915111542762449,1
1,6,0.05,93,"prot50_income",0,-0.0220079008498068,0
1,6,0.05,93,"prot50_child",0.9,0.184494166181264,1
1,6,0.05,93,"invasive_male",-0.7,0.00646184014176076,0
1,6,0.05,93,"invasive_age",-0.7,-0.133784429225455,1
1,6,0.05,93,"invasive_income",0,0.0506808095342431,1
1,6,0.05,93,"invasive_child",-0.2,-0.0608386100257205,1
1,6,0.05,94,"ASC2_male",0.3,0.0119494474498623,0
1,6,0.05,94,"ASC2_age",-0.4,-0.0262905843501594,0
1,6,0.05,94,"ASC2_income",-0.4,-0.154961288864179,1
1,6,0.05,94,"ASC2_child",-0.6,-0.087521093365327,1
1,6,0.05,94,"ASC3_male",-0.3,0.0186744103983352,0
1,6,0.05,94,"ASC3_age",0,0.0740434942174911,1
1,6,0.05,94,"ASC3_income",0,-0.0195415428786401,0
1,6,0.05,94,"ASC3_child",0.9,0.240306761111286,1
1,6,0.05,94,"prot25_male",0.3,0.13182391545585,1
1,6,0.05,94,"prot25_age",0,-0.0943084131708249,1
1,6,0.05,94,"prot25_income",0.2,-0.0575557418879561,1
1,6,0.05,94,"prot25_child",0,0.0050975961512752,0
1,6,0.05,94,"prot50_male",0,-0.0677824831626784,1
1,6,0.05,94,"prot50_age",0.5,0.0218696706734485,0
1,6,0.05,94,"prot50_income",0,-0.0347904464866701,0
1,6,0.05,94,"prot50_child",-0.1,-0.183061452977508,1
1,6,0.05,94,"invasive_male",0,0.109675121960307,1
1,6,0.05,94,"invasive_age",0,0.00538954768401189,0
1,6,0.05,94,"invasive_income",0,-0.0795355185982753,1
1,6,0.05,94,"invasive_child",0,-0.126745993418922,1
1,6,0.05,95,"ASC2_male",-0.9,-0.254532190776085,1
1,6,0.05,95,"ASC2_age",0,-0.025367710653957,0
1,6,0.05,95,"ASC2_income",0,-0.0541167902067136,1
1,6,0.05,95,"ASC2_child",0,-0.419562582360756,1
1,6,0.05,95,"ASC3_male",0,-0.174390485751517,1
1,6,0.05,95,"ASC3_age",1.1,0.151898734716993,1
1,6,0.05,95,"ASC3_income",0.8,0.087733144964537,1
1,6,0.05,95,"ASC3_child",-1,-0.469162834726859,1
1,6,0.05,95,"prot25_male",-1,-0.0823363760671768,1
1,6,0.05,95,"prot25_age",0.8,0.162019722484552,1
1,6,0.05,95,"prot25_income",0.7,0.216134710402213,1
1,6,0.05,95,"prot25_child",0.6,0.265021046460651,1
1,6,0.05,95,"prot50_male",0,0.142574880604734,1
1,6,0.05,95,"prot50_age",0,0.0506574040134092,1
1,6,0.05,95,"prot50_income",1,0.267855529289983,1
1,6,0.05,95,"prot50_child",0,0.191040828343128,1
1,6,0.05,95,"invasive_male",0,0.0366309553907093,0
1,6,0.05,95,"invasive_age",0,0.0486756703879503,0
1,6,0.05,95,"invasive_income",0,0.00159466897181272,0
1,6,0.05,95,"invasive_child",0.4,0.0188471207791649,0
1,6,0.05,96,"ASC2_male",0.6,-0.0629351401698018,1
1,6,0.05,96,"ASC2_age",0,-0.130830798411013,1
1,6,0.05,96,"ASC2_income",0,-0.0176984547674826,0
1,6,0.05,96,"ASC2_child",0,0.0232309436464688,0
1,6,0.05,96,"ASC3_male",-0.1,-0.186025176740657,1
1,6,0.05,96,"ASC3_age",1.2,0.0378833622992169,0
1,6,0.05,96,"ASC3_income",0,-0.0343599585278581,0
1,6,0.05,96,"ASC3_child",0,-0.0903800314966066,1
1,6,0.05,96,"prot25_male",-0.6,0.258799822046243,1
1,6,0.05,96,"prot25_age",0.3,0.0595213426963944,1
1,6,0.05,96,"prot25_income",-0.8,-0.0923841776716327,1
1,6,0.05,96,"prot25_child",0.7,0.19035093885974,1
1,6,0.05,96,"prot50_male",-1,-0.0167733892745483,0
1,6,0.05,96,"prot50_age",0,0.0762884231152416,1
1,6,0.05,96,"prot50_income",0,0.0735482647911559,1
1,6,0.05,96,"prot50_child",0,-0.0143492861252147,0
1,6,0.05,96,"invasive_male",-0.2,0.071856641576982,1
1,6,0.05,96,"invasive_age",-0.4,-0.167843963485496,1
1,6,0.05,96,"invasive_income",0,0.0247253800304922,0
1,6,0.05,96,"invasive_child",0,0.038415182416315,0
1,6,0.05,97,"ASC2_male",-1,0.168859521289077,1
1,6,0.05,97,"ASC2_age",0.2,-0.0748088631191329,1
1,6,0.05,97,"ASC2_income",0,-0.0116004031572888,0
1,6,0.05,97,"ASC2_child",-0.3,-0.219693013264278,1
1,6,0.05,97,"ASC3_male",0.5,0.352321286880306,1
1,6,0.05,97,"ASC3_age",0.5,-0.00582071491828023,0
1,6,0.05,97,"ASC3_income",0,-0.067805934823653,1
1,6,0.05,97,"ASC3_child",-0.2,-0.262961943530209,1
1,6,0.05,97,"prot25_male",0,-0.106897542464402,1
1,6,0.05,97,"prot25_age",0,0.0857993839387118,1
1,6,0.05,97,"prot25_income",-0.1,0.0786466921882165,1
1,6,0.05,97,"prot25_child",0,0.075759737831312,1
1,6,0.05,97,"prot50_male",0.6,-0.0398594687278817,0
1,6,0.05,97,"prot50_age",0,0.0756115667145575,1
1,6,0.05,97,"prot50_income",-0.5,-0.0583633389070738,1
1,6,0.05,97,"prot50_child",0,-0.0250280506436383,0
1,6,0.05,97,"invasive_male",0,0.128869530850322,1
1,6,0.05,97,"invasive_age",0,-0.000275627213222753,0
1,6,0.05,97,"invasive_income",-0.7,-0.0299421262541693,0
1,6,0.05,97,"invasive_child",0,-0.172415330469131,1
1,6,0.05,98,"ASC2_male",0,0.0543824960855763,1
1,6,0.05,98,"ASC2_age",0,0.00449174941241697,0
1,6,0.05,98,"ASC2_income",-0.5,-0.0167048958767801,0
1,6,0.05,98,"ASC2_child",-1.1,-0.274942822959545,1
1,6,0.05,98,"ASC3_male",-0.3,-0.0911615607689947,1
1,6,0.05,98,"ASC3_age",1,0.117240423009215,1
1,6,0.05,98,"ASC3_income",0,0.0672183888733422,1
1,6,0.05,98,"ASC3_child",-0.6,-0.187511701157815,1
1,6,0.05,98,"prot25_male",-0.4,-0.0200252146765823,0
1,6,0.05,98,"prot25_age",0,0.00251923353523508,0
1,6,0.05,98,"prot25_income",1.2,0.163774496761638,1
1,6,0.05,98,"prot25_child",-0.8,-0.0177309844306396,0
1,6,0.05,98,"prot50_male",-1.1,-0.424002224210381,1
1,6,0.05,98,"prot50_age",0,-0.0596071560234629,1
1,6,0.05,98,"prot50_income",0,-0.0260747919819768,0
1,6,0.05,98,"prot50_child",0,0.301028550846725,1
1,6,0.05,98,"invasive_male",0,-0.0686060721046347,1
1,6,0.05,98,"invasive_age",0,-0.0242852800300414,0
1,6,0.05,98,"invasive_income",0,-0.0468065732134736,0
1,6,0.05,98,"invasive_child",1,0.230621597924231,1
1,6,0.05,99,"ASC2_male",1.1,0.345819334617744,1
1,6,0.05,99,"ASC2_age",0.3,0.0302990531505378,0
1,6,0.05,99,"ASC2_income",-0.8,0.021738968441272,0
1,6,0.05,99,"ASC2_child",0.2,-0.27611914849117,1
1,6,0.05,99,"ASC3_male",1.1,0.23723167449181,1
1,6,0.05,99,"ASC3_age",0,-0.0439642568639483,0
1,6,0.05,99,"ASC3_income",0,0.0338859373121648,0
1,6,0.05,99,"ASC3_child",0,-0.367199387427444,1
1,6,0.05,99,"prot25_male",-0.6,-0.230442083199198,1
1,6,0.05,99,"prot25_age",0,0.0912298954997341,1
1,6,0.05,99,"prot25_income",0,-0.0450931922090948,0
1,6,0.05,99,"prot25_child",0,0.299295470765104,1
1,6,0.05,99,"prot50_male",-0.2,-0.104541917916699,1
1,6,0.05,99,"prot50_age",0.9,0.207382963126939,1
1,6,0.05,99,"prot50_income",-0.1,-0.00418026222179936,0
1,6,0.05,99,"prot50_child",0,0.171556781710149,1
1,6,0.05,99,"invasive_male",0.9,0.240952932468478,1
1,6,0.05,99,"invasive_age",0,0.0167581880504469,0
1,6,0.05,99,"invasive_income",0,0.0345948323485012,0
1,6,0.05,99,"invasive_child",0,-0.102899514156037,1
1,6,0.05,100,"ASC2_male",0.1,0.077783921380162,1
1,6,0.05,100,"ASC2_age",0,0.0020728785702858,0
1,6,0.05,100,"ASC2_income",0,-0.0763641034906047,1
1,6,0.05,100,"ASC2_child",-0.7,-0.12981530498315,1
1,6,0.05,100,"ASC3_male",0,0.0186311169137967,0
1,6,0.05,100,"ASC3_age",0,0.0191096455939184,0
1,6,0.05,100,"ASC3_income",-0.7,-0.157092422947424,1
1,6,0.05,100,"ASC3_child",-1.1,-0.170205847296608,1
1,6,0.05,100,"prot25_male",0,0.122107563001611,1
1,6,0.05,100,"prot25_age",-0.7,-0.171028062499826,1
1,6,0.05,100,"prot25_income",0,-0.00192031679453567,0
1,6,0.05,100,"prot25_child",-0.6,-0.0808113935066284,1
1,6,0.05,100,"prot50_male",0,0.0659119692747747,1
1,6,0.05,100,"prot50_age",0,-0.128531483929736,1
1,6,0.05,100,"prot50_income",0.5,0.0217338873732307,0
1,6,0.05,100,"prot50_child",1,0.120392221195993,1
1,6,0.05,100,"invasive_male",0,0.0487081149271471,0
1,6,0.05,100,"invasive_age",0,-0.0313758832204235,0
1,6,0.05,100,"invasive_income",0.8,0.0278676973587259,0
1,6,0.05,100,"invasive_child",0.4,0.0413983921158374,0
1,6,0.1,1,"ASC2_male",0.9,0.0498387063679361,0
1,6,0.1,1,"ASC2_age",0.3,0.107069952190632,1
1,6,0.1,1,"ASC2_income",0,-0.0111085131252519,0
1,6,0.1,1,"ASC2_child",0,0.0453498473679765,0
1,6,0.1,1,"ASC3_male",-1.1,-0.370025251990816,1
1,6,0.1,1,"ASC3_age",0,0.0224884627484406,0
1,6,0.1,1,"ASC3_income",0.8,0.136712861477617,1
1,6,0.1,1,"ASC3_child",0,0.0345700615906368,0
1,6,0.1,1,"prot25_male",1.2,0.392787324797145,1
1,6,0.1,1,"prot25_age",0.7,0.14988556896661,1
1,6,0.1,1,"prot25_income",0,0.0623274956595732,0
1,6,0.1,1,"prot25_child",1.1,0.238205786921023,1
1,6,0.1,1,"prot50_male",0,0.156443129493802,1
1,6,0.1,1,"prot50_age",0,-0.0211117668618293,0
1,6,0.1,1,"prot50_income",-1.2,-0.157959543648626,1
1,6,0.1,1,"prot50_child",1.1,0.093827348073394,0
1,6,0.1,1,"invasive_male",0,0.0890968665894504,0
1,6,0.1,1,"invasive_age",-0.6,-0.102706733117117,1
1,6,0.1,1,"invasive_income",0,-0.00162002331423281,0
1,6,0.1,1,"invasive_child",0,-0.0498405692815218,0
1,6,0.1,2,"ASC2_male",0,0.211105471261001,1
1,6,0.1,2,"ASC2_age",0.1,-0.0850475408160946,0
1,6,0.1,2,"ASC2_income",0.7,0.159868916218023,1
1,6,0.1,2,"ASC2_child",-0.4,-0.0506520747454697,0
1,6,0.1,2,"ASC3_male",0,0.254189464097189,1
1,6,0.1,2,"ASC3_age",0.4,-0.0221317679343689,0
1,6,0.1,2,"ASC3_income",-0.8,-0.0621337614670048,0
1,6,0.1,2,"ASC3_child",0,0.0645745656611538,0
1,6,0.1,2,"prot25_male",0.5,0.017821169311682,0
1,6,0.1,2,"prot25_age",0.8,0.181920292076816,1
1,6,0.1,2,"prot25_income",0,-0.0932507718137791,0
1,6,0.1,2,"prot25_child",0,-0.101283217664153,1
1,6,0.1,2,"prot50_male",0,-0.286676850683204,1
1,6,0.1,2,"prot50_age",0,0.141368123056102,1
1,6,0.1,2,"prot50_income",0,-0.129075281228001,1
1,6,0.1,2,"prot50_child",0,-0.0617234232456035,0
1,6,0.1,2,"invasive_male",1,0.0836445886812848,0
1,6,0.1,2,"invasive_age",-0.1,-0.00897890978553329,0
1,6,0.1,2,"invasive_income",0,-0.0220951365181735,0
1,6,0.1,2,"invasive_child",-0.6,-0.049121150356018,0
1,6,0.1,3,"ASC2_male",-0.9,-0.0737621586908377,0
1,6,0.1,3,"ASC2_age",-0.4,-0.197213691003486,1
1,6,0.1,3,"ASC2_income",0,0.01050171538784,0
1,6,0.1,3,"ASC2_child",0,-0.131432630163928,1
1,6,0.1,3,"ASC3_male",-0.7,-0.166339640843176,1
1,6,0.1,3,"ASC3_age",0,-0.037669578901927,0
1,6,0.1,3,"ASC3_income",0,-0.00654209779222919,0
1,6,0.1,3,"ASC3_child",1,0.0456314332492046,0
1,6,0.1,3,"prot25_male",0,0.0121503330028718,0
1,6,0.1,3,"prot25_age",0,0.0755350672468653,0
1,6,0.1,3,"prot25_income",0,-0.031324390205402,0
1,6,0.1,3,"prot25_child",0,0.135305370163241,1
1,6,0.1,3,"prot50_male",0.7,0.0192577812054608,0
1,6,0.1,3,"prot50_age",-0.2,0.0428482318246102,0
1,6,0.1,3,"prot50_income",-1,-0.127292215673405,1
1,6,0.1,3,"prot50_child",-0.8,0.105664054065905,1
1,6,0.1,3,"invasive_male",0,-0.125828661866226,1
1,6,0.1,3,"invasive_age",0,-0.0339080258527421,0
1,6,0.1,3,"invasive_income",-1.2,-0.226154776606451,1
1,6,0.1,3,"invasive_child",1,0.112068942685733,1
1,6,0.1,4,"ASC2_male",0,0.217113661251265,1
1,6,0.1,4,"ASC2_age",-0.1,-0.160546585148472,1
1,6,0.1,4,"ASC2_income",0,-0.00773659912949345,0
1,6,0.1,4,"ASC2_child",-0.6,-0.0539463039158153,0
1,6,0.1,4,"ASC3_male",0,0.172962493173751,1
1,6,0.1,4,"ASC3_age",1,0.160796275821148,1
1,6,0.1,4,"ASC3_income",0,0.0160434932662185,0
1,6,0.1,4,"ASC3_child",0,0.0879518603270011,0
1,6,0.1,4,"prot25_male",0,0.00451827401754287,0
1,6,0.1,4,"prot25_age",-0.5,-0.107179187556213,1
1,6,0.1,4,"prot25_income",0,-0.00994824591993555,0
1,6,0.1,4,"prot25_child",0,-0.0511725169379024,0
1,6,0.1,4,"prot50_male",0.1,-0.0197607752449884,0
1,6,0.1,4,"prot50_age",1,0.207524428592697,1
1,6,0.1,4,"prot50_income",0,0.048740097133211,0
1,6,0.1,4,"prot50_child",-1,-0.0971225876597112,0
1,6,0.1,4,"invasive_male",-1,-0.069762294059876,0
1,6,0.1,4,"invasive_age",-0.9,-0.131397933414215,1
1,6,0.1,4,"invasive_income",-0.3,-0.0912294953498064,0
1,6,0.1,4,"invasive_child",0,0.238170636991191,1
1,6,0.1,5,"ASC2_male",0,0.144999449417464,1
1,6,0.1,5,"ASC2_age",0.7,0.0199551406349388,0
1,6,0.1,5,"ASC2_income",-0.4,-0.138789770454847,1
1,6,0.1,5,"ASC2_child",-0.3,-0.0945531031047429,0
1,6,0.1,5,"ASC3_male",0,0.188489765244269,1
1,6,0.1,5,"ASC3_age",0,-0.0561607230380062,0
1,6,0.1,5,"ASC3_income",0.9,0.129434447264952,1
1,6,0.1,5,"ASC3_child",-0.6,-0.139344564477536,1
1,6,0.1,5,"prot25_male",0.9,0.1343776662351,1
1,6,0.1,5,"prot25_age",0,0.102405826842475,1
1,6,0.1,5,"prot25_income",-0.3,-0.119118826553044,1
1,6,0.1,5,"prot25_child",0,0.0992134374107009,0
1,6,0.1,5,"prot50_male",0.4,0.0605954555865154,0
1,6,0.1,5,"prot50_age",0,0.118568672785739,1
1,6,0.1,5,"prot50_income",0.5,0.113878770287647,1
1,6,0.1,5,"prot50_child",0,0.0457941037383108,0
1,6,0.1,5,"invasive_male",0.7,0.279712086870039,1
1,6,0.1,5,"invasive_age",0,-0.0325524762887502,0
1,6,0.1,5,"invasive_income",0,0.0281383046476411,0
1,6,0.1,5,"invasive_child",0,0.0117084363738675,0
1,6,0.1,6,"ASC2_male",0.4,0.272250624942431,1
1,6,0.1,6,"ASC2_age",0.7,0.0190626828769303,0
1,6,0.1,6,"ASC2_income",0,0.00226010942267429,0
1,6,0.1,6,"ASC2_child",0,0.101878706340708,1
1,6,0.1,6,"ASC3_male",0,0.146513883229068,1
1,6,0.1,6,"ASC3_age",0,-0.0841178537366874,0
1,6,0.1,6,"ASC3_income",0,0.0289035044274837,0
1,6,0.1,6,"ASC3_child",1.2,0.258759300372159,1
1,6,0.1,6,"prot25_male",-0.4,-0.346523314159518,1
1,6,0.1,6,"prot25_age",-0.3,0.128853238797252,1
1,6,0.1,6,"prot25_income",0,-0.0452724134535571,0
1,6,0.1,6,"prot25_child",0,-0.0148820801366046,0
1,6,0.1,6,"prot50_male",0,-0.00129112100103781,0
1,6,0.1,6,"prot50_age",-1.1,-0.0718905377460728,0
1,6,0.1,6,"prot50_income",-0.2,-0.0771601319796455,0
1,6,0.1,6,"prot50_child",-0.2,0.0454162639369618,0
1,6,0.1,6,"invasive_male",0,0.103849373619155,1
1,6,0.1,6,"invasive_age",1,0.183366840424993,1
1,6,0.1,6,"invasive_income",0,-0.0147431777534266,0
1,6,0.1,6,"invasive_child",0.9,0.406357742785389,1
1,6,0.1,7,"ASC2_male",0.8,-0.0339836693042408,0
1,6,0.1,7,"ASC2_age",0,-0.054507339001115,0
1,6,0.1,7,"ASC2_income",0,0.0142529123861615,0
1,6,0.1,7,"ASC2_child",1.2,0.211091083722642,1
1,6,0.1,7,"ASC3_male",-0.7,-0.299971100963817,1
1,6,0.1,7,"ASC3_age",0,-0.0147519862086817,0
1,6,0.1,7,"ASC3_income",0,0.0709339614210157,0
1,6,0.1,7,"ASC3_child",-1,-0.0767700658513483,0
1,6,0.1,7,"prot25_male",1.2,0.248431769080607,1
1,6,0.1,7,"prot25_age",0.8,0.285837890459889,1
1,6,0.1,7,"prot25_income",0,-0.042025242930257,0
1,6,0.1,7,"prot25_child",0.7,0.239456237791803,1
1,6,0.1,7,"prot50_male",0,0.000718958215572637,0
1,6,0.1,7,"prot50_age",-0.4,-0.0107429949371088,0
1,6,0.1,7,"prot50_income",0,-0.0625282697144305,0
1,6,0.1,7,"prot50_child",0.6,0.00674612157248685,0
1,6,0.1,7,"invasive_male",0,-0.114432405343548,1
1,6,0.1,7,"invasive_age",0,0.0213337356902216,0
1,6,0.1,7,"invasive_income",1.1,0.208704556220999,1
1,6,0.1,7,"invasive_child",0,0.0294347243071491,0
1,6,0.1,8,"ASC2_male",0,0.089520123192047,0
1,6,0.1,8,"ASC2_age",-1.2,-0.240745614821656,1
1,6,0.1,8,"ASC2_income",0,0.0481901414523805,0
1,6,0.1,8,"ASC2_child",0,0.0779824970375884,0
1,6,0.1,8,"ASC3_male",-0.3,-0.120673737440297,1
1,6,0.1,8,"ASC3_age",0.9,0.137488232050522,1
1,6,0.1,8,"ASC3_income",0,0.010846715689998,0
1,6,0.1,8,"ASC3_child",1.2,0.129720314891794,1
1,6,0.1,8,"prot25_male",0,-0.100680872164931,1
1,6,0.1,8,"prot25_age",-0.2,0.0789786596044234,0
1,6,0.1,8,"prot25_income",0,-0.00340644608180141,0
1,6,0.1,8,"prot25_child",1.1,0.134846089189218,1
1,6,0.1,8,"prot50_male",1.1,0.205650261903071,1
1,6,0.1,8,"prot50_age",0,0.0649617355380547,0
1,6,0.1,8,"prot50_income",-0.2,-0.0767274373174415,0
1,6,0.1,8,"prot50_child",0,-0.100406086123563,1
1,6,0.1,8,"invasive_male",0,-0.019084466624032,0
1,6,0.1,8,"invasive_age",0.7,0.144722345721405,1
1,6,0.1,8,"invasive_income",0.3,-0.032617784470253,0
1,6,0.1,8,"invasive_child",0,-0.152366002250152,1
1,6,0.1,9,"ASC2_male",1,0.262522622718704,1
1,6,0.1,9,"ASC2_age",0,-0.0433682156955857,0
1,6,0.1,9,"ASC2_income",0,-0.0660394920408827,0
1,6,0.1,9,"ASC2_child",-1.2,-0.0382567170730968,0
1,6,0.1,9,"ASC3_male",0.9,0.254235593894638,1
1,6,0.1,9,"ASC3_age",-0.6,-0.106652003085845,1
1,6,0.1,9,"ASC3_income",0,-0.0714842405590331,0
1,6,0.1,9,"ASC3_child",-0.9,-0.127573174065017,1
1,6,0.1,9,"prot25_male",-0.3,-0.114961966181031,1
1,6,0.1,9,"prot25_age",0,0.0318919888082201,0
1,6,0.1,9,"prot25_income",0,0.0344538100392144,0
1,6,0.1,9,"prot25_child",0,-0.200176638605269,1
1,6,0.1,9,"prot50_male",-0.2,0.0226874314221344,0
1,6,0.1,9,"prot50_age",0.6,0.142710566522833,1
1,6,0.1,9,"prot50_income",-0.7,-0.0516308626866264,0
1,6,0.1,9,"prot50_child",0,0.0356843854236797,0
1,6,0.1,9,"invasive_male",0,0.0357241887051667,0
1,6,0.1,9,"invasive_age",0,-0.0181399830071531,0
1,6,0.1,9,"invasive_income",-0.7,-0.0750855105335234,0
1,6,0.1,9,"invasive_child",0,0.00567555279269085,0
1,6,0.1,10,"ASC2_male",0.9,0.0497493317104098,0
1,6,0.1,10,"ASC2_age",0,0.00928181568445328,0
1,6,0.1,10,"ASC2_income",1.2,0.217164296775072,1
1,6,0.1,10,"ASC2_child",-0.8,-0.0753286625383919,0
1,6,0.1,10,"ASC3_male",0.4,0.0501362633603651,0
1,6,0.1,10,"ASC3_age",-0.4,-0.0810421938229084,0
1,6,0.1,10,"ASC3_income",0,-0.0114221165693774,0
1,6,0.1,10,"ASC3_child",0,0.148247963314631,1
1,6,0.1,10,"prot25_male",1,0.0954651116833116,0
1,6,0.1,10,"prot25_age",0,0.035114759753068,0
1,6,0.1,10,"prot25_income",0,-0.0581895696555448,0
1,6,0.1,10,"prot25_child",0,-0.133710195220595,1
1,6,0.1,10,"prot50_male",0.4,0.0335523494777903,0
1,6,0.1,10,"prot50_age",0,0.0311911795017518,0
1,6,0.1,10,"prot50_income",0,-0.019133463387701,0
1,6,0.1,10,"prot50_child",0.7,-0.020794630281684,0
1,6,0.1,10,"invasive_male",0,-0.0634271203405884,0
1,6,0.1,10,"invasive_age",0.6,0.128481915485744,1
1,6,0.1,10,"invasive_income",0,0.0138991068282348,0
1,6,0.1,10,"invasive_child",-0.7,-0.0682152422524787,0
1,6,0.1,11,"ASC2_male",1.1,0.287764837784265,1
1,6,0.1,11,"ASC2_age",-0.5,-0.187950064720861,1
1,6,0.1,11,"ASC2_income",0,0.0260190395842114,0
1,6,0.1,11,"ASC2_child",-0.5,-0.249639997994389,1
1,6,0.1,11,"ASC3_male",0,0.0861354045309506,0
1,6,0.1,11,"ASC3_age",0,-0.115145766881826,1
1,6,0.1,11,"ASC3_income",-0.7,-0.0862397682432047,0
1,6,0.1,11,"ASC3_child",0,-0.00272038922230513,0
1,6,0.1,11,"prot25_male",0,0.133258030408021,1
1,6,0.1,11,"prot25_age",0.7,0.199283830505403,1
1,6,0.1,11,"prot25_income",0,0.0527350650802291,0
1,6,0.1,11,"prot25_child",0,0.0600899825344948,0
1,6,0.1,11,"prot50_male",-1,-0.0126111973608352,0
1,6,0.1,11,"prot50_age",0.7,0.217769753266818,1
1,6,0.1,11,"prot50_income",0.1,-0.0305151365256417,0
1,6,0.1,11,"prot50_child",1.2,0.374709776705506,1
1,6,0.1,11,"invasive_male",0,0.222230863774293,1
1,6,0.1,11,"invasive_age",0,-0.00207577484092162,0
1,6,0.1,11,"invasive_income",-0.2,-0.0469332013794936,0
1,6,0.1,11,"invasive_child",0,0.00534334598365885,0
1,6,0.1,12,"ASC2_male",0,0.0994668581764614,0
1,6,0.1,12,"ASC2_age",0.8,0.230313612275672,1
1,6,0.1,12,"ASC2_income",0,-0.0876746441770224,0
1,6,0.1,12,"ASC2_child",0,-0.0279496156083264,0
1,6,0.1,12,"ASC3_male",0.6,0.314330846784868,1
1,6,0.1,12,"ASC3_age",0.2,0.117832244212666,1
1,6,0.1,12,"ASC3_income",0,-0.0926205478316707,0
1,6,0.1,12,"ASC3_child",0,-0.0482032258241318,0
1,6,0.1,12,"prot25_male",0,-0.223296652252374,1
1,6,0.1,12,"prot25_age",-0.9,-0.21024837648338,1
1,6,0.1,12,"prot25_income",0,0.122717151304585,1
1,6,0.1,12,"prot25_child",0.2,-0.033330487833721,0
1,6,0.1,12,"prot50_male",-0.7,-0.484891195858336,1
1,6,0.1,12,"prot50_age",-0.6,-0.182301350861183,1
1,6,0.1,12,"prot50_income",0,0.0253439067261374,0
1,6,0.1,12,"prot50_child",0,-0.111439487839879,1
1,6,0.1,12,"invasive_male",-0.7,0.0584721783871773,0
1,6,0.1,12,"invasive_age",-1.2,-0.212727747198684,1
1,6,0.1,12,"invasive_income",-1.1,-0.21287014609679,1
1,6,0.1,12,"invasive_child",0,-0.012753992903771,0
1,6,0.1,13,"ASC2_male",-0.7,-0.340034160823887,1
1,6,0.1,13,"ASC2_age",-0.3,0.101242506778666,1
1,6,0.1,13,"ASC2_income",0,0.0507365220487594,0
1,6,0.1,13,"ASC2_child",0,-0.0490669903844287,0
1,6,0.1,13,"ASC3_male",0,-0.208957666370949,1
1,6,0.1,13,"ASC3_age",0,0.124591011997002,1
1,6,0.1,13,"ASC3_income",0,0.0757443538743213,0
1,6,0.1,13,"ASC3_child",-1.1,-0.192421388912657,1
1,6,0.1,13,"prot25_male",-0.5,-0.0498327540330839,0
1,6,0.1,13,"prot25_age",0,-0.062279247089184,0
1,6,0.1,13,"prot25_income",0.3,0.00867093530897665,0
1,6,0.1,13,"prot25_child",-0.3,-0.0379939462021781,0
1,6,0.1,13,"prot50_male",0.9,0.164648810540015,1
1,6,0.1,13,"prot50_age",1,0.109510497019097,1
1,6,0.1,13,"prot50_income",-0.5,-0.101905330555938,1
1,6,0.1,13,"prot50_child",0,-0.0685779121916388,0
1,6,0.1,13,"invasive_male",0,-0.229972727179083,1
1,6,0.1,13,"invasive_age",0,0.0239776296679845,0
1,6,0.1,13,"invasive_income",1,0.208911460715318,1
1,6,0.1,13,"invasive_child",0,0.00724134942268667,0
1,6,0.1,14,"ASC2_male",0.7,0.144988896289724,1
1,6,0.1,14,"ASC2_age",0,0.141453029617455,1
1,6,0.1,14,"ASC2_income",0,-0.061431849823683,0
1,6,0.1,14,"ASC2_child",-1.2,-0.0317280035715068,0
1,6,0.1,14,"ASC3_male",-1.1,-0.156542234113394,1
1,6,0.1,14,"ASC3_age",0,0.158586902004823,1
1,6,0.1,14,"ASC3_income",0,-0.0372539642229441,0
1,6,0.1,14,"ASC3_child",0,0.0736958886201247,0
1,6,0.1,14,"prot25_male",0,0.0461801218159434,0
1,6,0.1,14,"prot25_age",-0.2,-0.160986939836612,1
1,6,0.1,14,"prot25_income",-1,-0.186471529287036,1
1,6,0.1,14,"prot25_child",-0.2,-0.156724899682312,1
1,6,0.1,14,"prot50_male",0,0.00118321298174332,0
1,6,0.1,14,"prot50_age",-1,-0.229013563233872,1
1,6,0.1,14,"prot50_income",1,0.223860549759782,1
1,6,0.1,14,"prot50_child",0,0.0415804677270104,0
1,6,0.1,14,"invasive_male",0,-0.128861807228919,1
1,6,0.1,14,"invasive_age",0.6,0.0887766290360141,0
1,6,0.1,14,"invasive_income",0.2,0.018202504532799,0
1,6,0.1,14,"invasive_child",0,0.0551002011518865,0
1,6,0.1,15,"ASC2_male",-0.1,0.0938228841361989,0
1,6,0.1,15,"ASC2_age",-0.6,-0.0922504818121314,0
1,6,0.1,15,"ASC2_income",0.3,0.129604762752942,1
1,6,0.1,15,"ASC2_child",0,0.167422931861633,1
1,6,0.1,15,"ASC3_male",0,0.195402880928573,1
1,6,0.1,15,"ASC3_age",0,-0.0748342490791053,0
1,6,0.1,15,"ASC3_income",1.1,0.228353489428608,1
1,6,0.1,15,"ASC3_child",1.2,0.405650323850014,1
1,6,0.1,15,"prot25_male",0,-0.15370831505173,1
1,6,0.1,15,"prot25_age",0,-0.0686633458009798,0
1,6,0.1,15,"prot25_income",0,-0.0327081036798806,0
1,6,0.1,15,"prot25_child",0.8,0.0485117922665544,0
1,6,0.1,15,"prot50_male",0,-0.175306170697944,1
1,6,0.1,15,"prot50_age",0.8,0.116077651195101,1
1,6,0.1,15,"prot50_income",0.2,0.0338216575083917,0
1,6,0.1,15,"prot50_child",0,0.00679864842227927,0
1,6,0.1,15,"invasive_male",0,-0.0485264243203924,0
1,6,0.1,15,"invasive_age",-1.2,-0.189214769191566,1
1,6,0.1,15,"invasive_income",0,0.044862784466097,0
1,6,0.1,15,"invasive_child",0.9,0.13498381287438,1
1,6,0.1,16,"ASC2_male",1,0.425726287483266,1
1,6,0.1,16,"ASC2_age",1,0.0819699254088296,0
1,6,0.1,16,"ASC2_income",0,-0.0929347660332209,0
1,6,0.1,16,"ASC2_child",0,0.109468691105236,1
1,6,0.1,16,"ASC3_male",0.7,0.42758565339522,1
1,6,0.1,16,"ASC3_age",0,-0.0818375628108747,0
1,6,0.1,16,"ASC3_income",0,-0.0820908670095323,0
1,6,0.1,16,"ASC3_child",-1,-0.0605288114090411,0
1,6,0.1,16,"prot25_male",0,-0.210869417526258,1
1,6,0.1,16,"prot25_age",0.2,0.0707008830989032,0
1,6,0.1,16,"prot25_income",0,0.0391392995924578,0
1,6,0.1,16,"prot25_child",0,-0.0129060959203573,0
1,6,0.1,16,"prot50_male",0.9,0.046792813109616,0
1,6,0.1,16,"prot50_age",0.5,0.165703152724172,1
1,6,0.1,16,"prot50_income",0,0.0263104459182281,0
1,6,0.1,16,"prot50_child",-0.3,-0.0223467739090773,0
1,6,0.1,16,"invasive_male",-0.4,0.048755943472857,0
1,6,0.1,16,"invasive_age",0,0.00389144550761538,0
1,6,0.1,16,"invasive_income",0.2,-0.0225304876950908,0
1,6,0.1,16,"invasive_child",0,0.0516544198457636,0
1,6,0.1,17,"ASC2_male",0.6,0.0944596048800678,0
1,6,0.1,17,"ASC2_age",-1,-0.135714800565423,1
1,6,0.1,17,"ASC2_income",1,0.308559049190757,1
1,6,0.1,17,"ASC2_child",0.8,-0.05953826782516,0
1,6,0.1,17,"ASC3_male",0,0.00830969039766788,0
1,6,0.1,17,"ASC3_age",0,-0.0247759919321225,0
1,6,0.1,17,"ASC3_income",0.7,0.258457325293905,1
1,6,0.1,17,"ASC3_child",-0.4,-0.151111574960171,1
1,6,0.1,17,"prot25_male",0,-0.01126077383526,0
1,6,0.1,17,"prot25_age",0,0.0305275277440625,0
1,6,0.1,17,"prot25_income",0,-0.135658376372737,1
1,6,0.1,17,"prot25_child",-0.7,-0.0243749025104352,0
1,6,0.1,17,"prot50_male",0,-0.105240255730097,1
1,6,0.1,17,"prot50_age",0,0.0474500138915313,0
1,6,0.1,17,"prot50_income",0.4,-0.00304940632903081,0
1,6,0.1,17,"prot50_child",-1.1,-0.129557692995695,1
1,6,0.1,17,"invasive_male",0,-0.067539954386485,0
1,6,0.1,17,"invasive_age",0,0.00272052819332871,0
1,6,0.1,17,"invasive_income",0,-0.0888382424857235,0
1,6,0.1,17,"invasive_child",0.8,0.0111861941132308,0
1,6,0.1,18,"ASC2_male",0,0.0674109396429114,0
1,6,0.1,18,"ASC2_age",0,0.0368620360859124,0
1,6,0.1,18,"ASC2_income",0.2,0.0507298241575359,0
1,6,0.1,18,"ASC2_child",0,0.253888892346282,1
1,6,0.1,18,"ASC3_male",0.3,0.11956692114382,1
1,6,0.1,18,"ASC3_age",0,0.0238338846697695,0
1,6,0.1,18,"ASC3_income",0.7,0.0694353028649238,0
1,6,0.1,18,"ASC3_child",0,0.0927773881989052,0
1,6,0.1,18,"prot25_male",0,0.00784914413512727,0
1,6,0.1,18,"prot25_age",0.2,0.0575482990741473,0
1,6,0.1,18,"prot25_income",0,0.00827112449196022,0
1,6,0.1,18,"prot25_child",0.9,-0.126975088050599,1
1,6,0.1,18,"prot50_male",-0.9,-0.139410872398549,1
1,6,0.1,18,"prot50_age",0,0.0743830576714107,0
1,6,0.1,18,"prot50_income",0,-0.0111808375028603,0
1,6,0.1,18,"prot50_child",0,0.0719827366196125,0
1,6,0.1,18,"invasive_male",-0.9,-0.0720153373947657,0
1,6,0.1,18,"invasive_age",0.1,0.0890561028682031,0
1,6,0.1,18,"invasive_income",-0.5,-0.0943439312720649,0
1,6,0.1,18,"invasive_child",-0.2,0.110946126249715,1
1,6,0.1,19,"ASC2_male",0,-0.103616661937617,1
1,6,0.1,19,"ASC2_age",1.2,0.324857098220463,1
1,6,0.1,19,"ASC2_income",0,-0.0951889278465351,0
1,6,0.1,19,"ASC2_child",0,0.0598437708408919,0
1,6,0.1,19,"ASC3_male",0.1,-0.127077454901695,1
1,6,0.1,19,"ASC3_age",0,0.0714322246381499,0
1,6,0.1,19,"ASC3_income",0.7,0.00562328770603029,0
1,6,0.1,19,"ASC3_child",0,0.0375045277654989,0
1,6,0.1,19,"prot25_male",0,0.0364703988529792,0
1,6,0.1,19,"prot25_age",0.2,-0.018752878351048,0
1,6,0.1,19,"prot25_income",-0.1,0.00657591872677669,0
1,6,0.1,19,"prot25_child",0.6,-0.025461753603703,0
1,6,0.1,19,"prot50_male",0.4,0.175756709248836,1
1,6,0.1,19,"prot50_age",0,-0.0961315566823777,0
1,6,0.1,19,"prot50_income",0,0.0347413439546375,0
1,6,0.1,19,"prot50_child",0,-0.0629041375765856,0
1,6,0.1,19,"invasive_male",0.6,-3.5470409212298e-05,0
1,6,0.1,19,"invasive_age",0,-0.0356866453753461,0
1,6,0.1,19,"invasive_income",0.2,-0.00819817357544881,0
1,6,0.1,19,"invasive_child",-0.8,-0.0741105294022835,0
1,6,0.1,20,"ASC2_male",-1,-0.122721286403143,1
1,6,0.1,20,"ASC2_age",1,0.171029141609967,1
1,6,0.1,20,"ASC2_income",-0.8,-0.154766574023032,1
1,6,0.1,20,"ASC2_child",0,0.188684862824198,1
1,6,0.1,20,"ASC3_male",0,0.0237393029963754,0
1,6,0.1,20,"ASC3_age",0,0.0508110755893089,0
1,6,0.1,20,"ASC3_income",0,0.041972039095864,0
1,6,0.1,20,"ASC3_child",0,0.122714391133711,1
1,6,0.1,20,"prot25_male",0,0.00277529704276137,0
1,6,0.1,20,"prot25_age",0,0.00882679796731226,0
1,6,0.1,20,"prot25_income",0.3,-0.0151138749624628,0
1,6,0.1,20,"prot25_child",0.3,-0.0485855601750339,0
1,6,0.1,20,"prot50_male",0.4,-0.0180589861248449,0
1,6,0.1,20,"prot50_age",-0.9,-0.109464001357657,1
1,6,0.1,20,"prot50_income",-1.1,-0.258647009538703,1
1,6,0.1,20,"prot50_child",0,0.030708794259337,0
1,6,0.1,20,"invasive_male",0,-0.105568121139571,1
1,6,0.1,20,"invasive_age",-0.3,0.0250208590861249,0
1,6,0.1,20,"invasive_income",-0.7,-0.163806103341713,1
1,6,0.1,20,"invasive_child",0,0.247770174720051,1
1,6,0.1,21,"ASC2_male",-0.1,-0.116331790574663,1
1,6,0.1,21,"ASC2_age",0,-0.011534668261394,0
1,6,0.1,21,"ASC2_income",0,0.0516258965939279,0
1,6,0.1,21,"ASC2_child",0.4,-0.0905343854139024,0
1,6,0.1,21,"ASC3_male",0,0.0252069795206835,0
1,6,0.1,21,"ASC3_age",-0.8,-0.17025504462079,1
1,6,0.1,21,"ASC3_income",0,-0.00766687038946689,0
1,6,0.1,21,"ASC3_child",-0.3,-0.106110018869804,1
1,6,0.1,21,"prot25_male",-0.8,-0.107350727736057,1
1,6,0.1,21,"prot25_age",-0.4,-0.0311034245136654,0
1,6,0.1,21,"prot25_income",0,0.0505294290638712,0
1,6,0.1,21,"prot25_child",-0.3,0.179533134847057,1
1,6,0.1,21,"prot50_male",0.5,0.00787574720182698,0
1,6,0.1,21,"prot50_age",0,-0.0736772448674137,0
1,6,0.1,21,"prot50_income",0,0.0448266078312673,0
1,6,0.1,21,"prot50_child",0.1,0.161313524329814,1
1,6,0.1,21,"invasive_male",0,-0.138915908835307,1
1,6,0.1,21,"invasive_age",-0.3,-0.120190579833736,1
1,6,0.1,21,"invasive_income",0,0.0500207109260816,0
1,6,0.1,21,"invasive_child",0,-0.066284784510236,0
1,6,0.1,22,"ASC2_male",0.9,0.137297034874529,1
1,6,0.1,22,"ASC2_age",0,-0.044021017291978,0
1,6,0.1,22,"ASC2_income",0,-0.0904510371869092,0
1,6,0.1,22,"ASC2_child",-0.7,-0.0729498140010646,0
1,6,0.1,22,"ASC3_male",-0.7,-0.0295761076978183,0
1,6,0.1,22,"ASC3_age",0,-0.0729120463594994,0
1,6,0.1,22,"ASC3_income",0,-0.0604895094652462,0
1,6,0.1,22,"ASC3_child",0,-3.68966611260375e-06,0
1,6,0.1,22,"prot25_male",0,0.118801067700897,1
1,6,0.1,22,"prot25_age",-0.2,-0.0100377384223636,0
1,6,0.1,22,"prot25_income",0.4,0.0648826501758738,0
1,6,0.1,22,"prot25_child",0,0.130447887434995,1
1,6,0.1,22,"prot50_male",0.4,0.202496414402271,1
1,6,0.1,22,"prot50_age",-1,-0.18366291940642,1
1,6,0.1,22,"prot50_income",0,-0.0023366922559475,0
1,6,0.1,22,"prot50_child",0.9,0.269868491946036,1
1,6,0.1,22,"invasive_male",0,0.019817142370319,0
1,6,0.1,22,"invasive_age",-0.8,-0.191846742978435,1
1,6,0.1,22,"invasive_income",0,-0.0460955080450002,0
1,6,0.1,22,"invasive_child",-0.1,0.232333717164917,1
1,6,0.1,23,"ASC2_male",-0.1,-0.0866718601072152,0
1,6,0.1,23,"ASC2_age",-0.3,0.0364250434406457,0
1,6,0.1,23,"ASC2_income",0,-0.0274738308050688,0
1,6,0.1,23,"ASC2_child",0,0.0613245671644338,0
1,6,0.1,23,"ASC3_male",-0.9,-0.164999915205153,1
1,6,0.1,23,"ASC3_age",0,0.037908992007215,0
1,6,0.1,23,"ASC3_income",0,-0.0111617767911949,0
1,6,0.1,23,"ASC3_child",1,0.220771500848321,1
1,6,0.1,23,"prot25_male",0,0.210615974246702,1
1,6,0.1,23,"prot25_age",0,-0.0860111494940396,0
1,6,0.1,23,"prot25_income",0,0.0183297944210199,0
1,6,0.1,23,"prot25_child",-1.1,-0.403973456215192,1
1,6,0.1,23,"prot50_male",-1.1,-0.269410053641039,1
1,6,0.1,23,"prot50_age",-0.8,-0.15389497800607,1
1,6,0.1,23,"prot50_income",0,0.0490221252888476,0
1,6,0.1,23,"prot50_child",0,-0.26593108723816,1
1,6,0.1,23,"invasive_male",-0.4,-0.131177720142765,1
1,6,0.1,23,"invasive_age",-0.4,-0.00420452566262434,0
1,6,0.1,23,"invasive_income",0.8,0.153476597498485,1
1,6,0.1,23,"invasive_child",0,-0.191089477374754,1
1,6,0.1,24,"ASC2_male",0.6,0.0670464821011649,0
1,6,0.1,24,"ASC2_age",-1.1,-0.189557455056213,1
1,6,0.1,24,"ASC2_income",0,-0.0756539001473589,0
1,6,0.1,24,"ASC2_child",0,-0.178042703579522,1
1,6,0.1,24,"ASC3_male",0,-0.126042011625769,1
1,6,0.1,24,"ASC3_age",0,-0.000392706014240918,0
1,6,0.1,24,"ASC3_income",-0.6,-0.138519849934916,1
1,6,0.1,24,"ASC3_child",0.4,-0.0678573411499003,0
1,6,0.1,24,"prot25_male",-0.3,-0.0800790607053832,0
1,6,0.1,24,"prot25_age",0,-0.05983189883539,0
1,6,0.1,24,"prot25_income",0,0.0634019884214105,0
1,6,0.1,24,"prot25_child",-0.4,-0.0150984965426913,0
1,6,0.1,24,"prot50_male",0,0.0125333513421595,0
1,6,0.1,24,"prot50_age",0,0.0439822181298547,0
1,6,0.1,24,"prot50_income",-0.5,-0.0197803422230338,0
1,6,0.1,24,"prot50_child",0,0.254046138671906,1
1,6,0.1,24,"invasive_male",0.9,0.0814145674965134,0
1,6,0.1,24,"invasive_age",-0.7,-0.0896383638424388,0
1,6,0.1,24,"invasive_income",1.2,0.149827768689018,1
1,6,0.1,24,"invasive_child",0,-0.0315111422766791,0
1,6,0.1,25,"ASC2_male",-0.8,0.085849883242017,0
1,6,0.1,25,"ASC2_age",1,0.0698037635329171,0
1,6,0.1,25,"ASC2_income",0,-0.130798034756376,1
1,6,0.1,25,"ASC2_child",0,-0.142893529091101,1
1,6,0.1,25,"ASC3_male",0.9,0.249289568326847,1
1,6,0.1,25,"ASC3_age",0,-0.0101668565223368,0
1,6,0.1,25,"ASC3_income",-0.7,-0.287913849087843,1
1,6,0.1,25,"ASC3_child",-0.9,-0.218338298719178,1
1,6,0.1,25,"prot25_male",0,-0.0932069134554707,0
1,6,0.1,25,"prot25_age",0,0.108904888359978,1
1,6,0.1,25,"prot25_income",-0.9,-0.0662073226200394,0
1,6,0.1,25,"prot25_child",0,0.34465029298959,1
1,6,0.1,25,"prot50_male",0,-0.078293838812096,0
1,6,0.1,25,"prot50_age",0,0.109414076209055,1
1,6,0.1,25,"prot50_income",0.3,0.115109941472934,1
1,6,0.1,25,"prot50_child",0,0.128425877334295,1
1,6,0.1,25,"invasive_male",-1.2,-0.15913256351094,1
1,6,0.1,25,"invasive_age",0.2,-0.00488324828719159,0
1,6,0.1,25,"invasive_income",0,-0.0276297272257581,0
1,6,0.1,25,"invasive_child",-0.3,-0.0648563855401982,0
1,6,0.1,26,"ASC2_male",0,0.188071654051031,1
1,6,0.1,26,"ASC2_age",0,-0.0714953729806589,0
1,6,0.1,26,"ASC2_income",-0.2,-0.0138305442279354,0
1,6,0.1,26,"ASC2_child",0,0.0592659850910424,0
1,6,0.1,26,"ASC3_male",0.2,0.300517870450053,1
1,6,0.1,26,"ASC3_age",0,-0.0954088199143698,0
1,6,0.1,26,"ASC3_income",-0.6,-0.158252234229486,1
1,6,0.1,26,"ASC3_child",-0.4,-0.0683256518282506,0
1,6,0.1,26,"prot25_male",0,-0.255757563314342,1
1,6,0.1,26,"prot25_age",0.3,0.160133185172918,1
1,6,0.1,26,"prot25_income",-1.1,-0.1274377654893,1
1,6,0.1,26,"prot25_child",0.6,0.169461078058859,1
1,6,0.1,26,"prot50_male",0,-0.00661093908664595,0
1,6,0.1,26,"prot50_age",1.2,0.278459864641521,1
1,6,0.1,26,"prot50_income",0,0.0570952264544664,0
1,6,0.1,26,"prot50_child",-0.3,-0.144447652694774,1
1,6,0.1,26,"invasive_male",0,0.285775615345842,1
1,6,0.1,26,"invasive_age",0,-0.0226714123638457,0
1,6,0.1,26,"invasive_income",0,-0.0464590442725584,0
1,6,0.1,26,"invasive_child",0.9,0.152252291973867,1
1,6,0.1,27,"ASC2_male",0.2,0.153260211517667,1
1,6,0.1,27,"ASC2_age",-0.9,-0.112437100598328,1
1,6,0.1,27,"ASC2_income",0.7,0.0939879453756641,0
1,6,0.1,27,"ASC2_child",0,0.119094863641381,1
1,6,0.1,27,"ASC3_male",0,-0.00786746462588929,0
1,6,0.1,27,"ASC3_age",0,0.0141407596181271,0
1,6,0.1,27,"ASC3_income",0.5,-0.0316340217732435,0
1,6,0.1,27,"ASC3_child",-0.7,0.0212765571466884,0
1,6,0.1,27,"prot25_male",0.8,0.000337778347555735,0
1,6,0.1,27,"prot25_age",0,0.0218176204608147,0
1,6,0.1,27,"prot25_income",0,0.071983731134365,0
1,6,0.1,27,"prot25_child",0,0.00608898552619882,0
1,6,0.1,27,"prot50_male",0,-0.146686088014169,1
1,6,0.1,27,"prot50_age",0.7,0.147771856405254,1
1,6,0.1,27,"prot50_income",0,0.12117179508552,1
1,6,0.1,27,"prot50_child",-1,-0.160395581827024,1
1,6,0.1,27,"invasive_male",0,-0.0410970334109781,0
1,6,0.1,27,"invasive_age",0,0.0066536805031653,0
1,6,0.1,27,"invasive_income",1,0.203142012490331,1
1,6,0.1,27,"invasive_child",0.9,0.20139332524708,1
1,6,0.1,28,"ASC2_male",0,-0.0221952584391371,0
1,6,0.1,28,"ASC2_age",0,-0.0402168239397886,0
1,6,0.1,28,"ASC2_income",0,-0.0954093547270178,0
1,6,0.1,28,"ASC2_child",-0.9,-0.335315817806207,1
1,6,0.1,28,"ASC3_male",-0.9,-0.146611414823958,1
1,6,0.1,28,"ASC3_age",-0.3,-0.0701417207790025,0
1,6,0.1,28,"ASC3_income",0,-0.0471499390093175,0
1,6,0.1,28,"ASC3_child",0,-0.0749350785713104,0
1,6,0.1,28,"prot25_male",-0.7,-0.162021475394441,1
1,6,0.1,28,"prot25_age",-0.3,-0.0697778447315052,0
1,6,0.1,28,"prot25_income",0,0.122004950280421,1
1,6,0.1,28,"prot25_child",0,0.0968475707173567,0
1,6,0.1,28,"prot50_male",-0.3,-0.138997032173994,1
1,6,0.1,28,"prot50_age",0.2,0.0144039502265155,0
1,6,0.1,28,"prot50_income",0,0.113371170812107,1
1,6,0.1,28,"prot50_child",0,-0.053128050621221,0
1,6,0.1,28,"invasive_male",0.5,-0.0323731123696077,0
1,6,0.1,28,"invasive_age",0,-0.0218615403116891,0
1,6,0.1,28,"invasive_income",-1,-0.164667059814281,1
1,6,0.1,28,"invasive_child",0.6,-0.0822641346932606,0
1,6,0.1,29,"ASC2_male",0.3,0.0597909332760261,0
1,6,0.1,29,"ASC2_age",0.9,0.102069920622028,1
1,6,0.1,29,"ASC2_income",1.2,0.190456826827107,1
1,6,0.1,29,"ASC2_child",0.5,0.103365280652424,1
1,6,0.1,29,"ASC3_male",1.1,0.388169188179244,1
1,6,0.1,29,"ASC3_age",0,-0.102395095798635,1
1,6,0.1,29,"ASC3_income",0,0.0578975649353798,0
1,6,0.1,29,"ASC3_child",0.1,-0.068149838094625,0
1,6,0.1,29,"prot25_male",-1.1,-0.269065660484467,1
1,6,0.1,29,"prot25_age",0,0.0633507139189123,0
1,6,0.1,29,"prot25_income",0,-0.008196140881334,0
1,6,0.1,29,"prot25_child",-0.5,-0.283425205514492,1
1,6,0.1,29,"prot50_male",0,0.0748686058587552,0
1,6,0.1,29,"prot50_age",-0.9,-0.219518094335666,1
1,6,0.1,29,"prot50_income",-0.8,-0.158253182065975,1
1,6,0.1,29,"prot50_child",0,-0.322213416036062,1
1,6,0.1,29,"invasive_male",0,0.228549037942714,1
1,6,0.1,29,"invasive_age",0,-0.0525767469373744,0
1,6,0.1,29,"invasive_income",0,-0.0488313793567352,0
1,6,0.1,29,"invasive_child",0,-0.183779539668296,1
1,6,0.1,30,"ASC2_male",0.4,0.0227123097552514,0
1,6,0.1,30,"ASC2_age",0,0.0686139264474889,0
1,6,0.1,30,"ASC2_income",0,-0.026000498213602,0
1,6,0.1,30,"ASC2_child",0.7,-0.0403542830254993,0
1,6,0.1,30,"ASC3_male",1.1,0.310917895530818,1
1,6,0.1,30,"ASC3_age",0,0.00618697167574768,0
1,6,0.1,30,"ASC3_income",0.4,0.0789345917876048,0
1,6,0.1,30,"ASC3_child",0.9,-0.000227935067397248,0
1,6,0.1,30,"prot25_male",-0.2,-0.0252041015151102,0
1,6,0.1,30,"prot25_age",0.1,0.0053258058290299,0
1,6,0.1,30,"prot25_income",0.3,0.0905934421060452,0
1,6,0.1,30,"prot25_child",0,-0.0246992040547271,0
1,6,0.1,30,"prot50_male",0,0.0205601264903483,0
1,6,0.1,30,"prot50_age",0,-0.0152185151631734,0
1,6,0.1,30,"prot50_income",0,0.028748133703822,0
1,6,0.1,30,"prot50_child",0,-0.125470929754659,1
1,6,0.1,30,"invasive_male",-0.6,0.00525034812414004,0
1,6,0.1,30,"invasive_age",0,-0.0337972242041305,0
1,6,0.1,30,"invasive_income",-1,-0.151023962203637,1
1,6,0.1,30,"invasive_child",0,-0.0587763094123676,0
1,6,0.1,31,"ASC2_male",-0.3,0.1292284671432,1
1,6,0.1,31,"ASC2_age",1.2,0.14468239502908,1
1,6,0.1,31,"ASC2_income",1,0.212406628267751,1
1,6,0.1,31,"ASC2_child",0,0.129113592197508,1
1,6,0.1,31,"ASC3_male",0,0.173902066337162,1
1,6,0.1,31,"ASC3_age",1.1,0.129701974269599,1
1,6,0.1,31,"ASC3_income",-0.6,-0.13037714946253,1
1,6,0.1,31,"ASC3_child",0,0.133643456989818,1
1,6,0.1,31,"prot25_male",0,-0.00910869994874622,0
1,6,0.1,31,"prot25_age",-0.2,-0.0206570573615762,0
1,6,0.1,31,"prot25_income",0,0.0629594775188441,0
1,6,0.1,31,"prot25_child",-0.2,-0.223886775145554,1
1,6,0.1,31,"prot50_male",-0.3,0.0227638340916145,0
1,6,0.1,31,"prot50_age",0,0.014926032811682,0
1,6,0.1,31,"prot50_income",0,0.00137245615317494,0
1,6,0.1,31,"prot50_child",0,-0.0548839091226131,0
1,6,0.1,31,"invasive_male",0,0.144781178791943,1
1,6,0.1,31,"invasive_age",0.2,0.00694006075667641,0
1,6,0.1,31,"invasive_income",0.9,0.187015221121454,1
1,6,0.1,31,"invasive_child",0,-0.0441238218490446,0
1,6,0.1,32,"ASC2_male",0.6,0.0348868396222676,0
1,6,0.1,32,"ASC2_age",0,-0.064552330368424,0
1,6,0.1,32,"ASC2_income",1.1,0.227841957046338,1
1,6,0.1,32,"ASC2_child",0,0.027171207550465,0
1,6,0.1,32,"ASC3_male",-0.7,-0.216390570860417,1
1,6,0.1,32,"ASC3_age",-1.1,-0.269030880588519,1
1,6,0.1,32,"ASC3_income",0,0.150374162954676,1
1,6,0.1,32,"ASC3_child",-0.3,-0.019161300347222,0
1,6,0.1,32,"prot25_male",0.7,0.203504795016078,1
1,6,0.1,32,"prot25_age",0,0.0152081800008059,0
1,6,0.1,32,"prot25_income",-0.5,-0.185618419494981,1
1,6,0.1,32,"prot25_child",-1.1,-0.122185731086592,1
1,6,0.1,32,"prot50_male",0,0.116410937813624,1
1,6,0.1,32,"prot50_age",-0.6,-0.0720885319407415,0
1,6,0.1,32,"prot50_income",0,-0.14526671565715,1
1,6,0.1,32,"prot50_child",0,0.0424230930908309,0
1,6,0.1,32,"invasive_male",0,-0.0980232827972186,0
1,6,0.1,32,"invasive_age",0,-0.0761236370263181,0
1,6,0.1,32,"invasive_income",0,0.0224438562698555,0
1,6,0.1,32,"invasive_child",0.2,-0.106596191232608,1
1,6,0.1,33,"ASC2_male",-0.4,-0.404085402002699,1
1,6,0.1,33,"ASC2_age",0,0.0618932160173977,0
1,6,0.1,33,"ASC2_income",0,-0.017947860610648,0
1,6,0.1,33,"ASC2_child",0,0.138294421957782,1
1,6,0.1,33,"ASC3_male",0.6,-0.185888388168511,1
1,6,0.1,33,"ASC3_age",0,0.0690516237801346,0
1,6,0.1,33,"ASC3_income",-1,-0.147994365855119,1
1,6,0.1,33,"ASC3_child",0,0.146831895272994,1
1,6,0.1,33,"prot25_male",0,0.342269326960612,1
1,6,0.1,33,"prot25_age",0,-0.0601279298554914,0
1,6,0.1,33,"prot25_income",0,0.0361598614249387,0
1,6,0.1,33,"prot25_child",1.1,0.163806282486797,1
1,6,0.1,33,"prot50_male",0,0.251079644073446,1
1,6,0.1,33,"prot50_age",0.4,-0.0770842695036086,0
1,6,0.1,33,"prot50_income",0.3,0.0214441736476295,0
1,6,0.1,33,"prot50_child",-0.4,-0.117634492000833,1
1,6,0.1,33,"invasive_male",0.3,0.0162371133122411,0
1,6,0.1,33,"invasive_age",0,-0.0185932743327807,0
1,6,0.1,33,"invasive_income",0.6,0.0480878577900063,0
1,6,0.1,33,"invasive_child",0.8,0.192563237576163,1
1,6,0.1,34,"ASC2_male",0,0.242510142082746,1
1,6,0.1,34,"ASC2_age",0,-0.0191275145908129,0
1,6,0.1,34,"ASC2_income",-0.8,-0.107860488480619,1
1,6,0.1,34,"ASC2_child",-0.4,0.167907331755795,1
1,6,0.1,34,"ASC3_male",0,0.311561047339952,1
1,6,0.1,34,"ASC3_age",0,-0.0289148087159631,0
1,6,0.1,34,"ASC3_income",0,0.0388247982785895,0
1,6,0.1,34,"ASC3_child",0.4,0.207325845502746,1
1,6,0.1,34,"prot25_male",0,-0.202077253556101,1
1,6,0.1,34,"prot25_age",0,0.0376989113177695,0
1,6,0.1,34,"prot25_income",1,0.168851131082221,1
1,6,0.1,34,"prot25_child",1.2,0.184513670583153,1
1,6,0.1,34,"prot50_male",0.1,-0.0439280426410294,0
1,6,0.1,34,"prot50_age",0.2,0.00963475696126227,0
1,6,0.1,34,"prot50_income",-0.5,-0.0917926961159243,0
1,6,0.1,34,"prot50_child",0,0.0161197560107423,0
1,6,0.1,34,"invasive_male",0,0.0391345707475227,0
1,6,0.1,34,"invasive_age",0,0.047169370862593,0
1,6,0.1,34,"invasive_income",-1,-0.0770782151015907,0
1,6,0.1,34,"invasive_child",0.2,0.197539698695614,1
1,6,0.1,35,"ASC2_male",0,0.00977046798891798,0
1,6,0.1,35,"ASC2_age",0,-0.0463054383058253,0
1,6,0.1,35,"ASC2_income",0.9,0.213689470497466,1
1,6,0.1,35,"ASC2_child",0,0.131424923370576,1
1,6,0.1,35,"ASC3_male",0,-0.0335495568803978,0
1,6,0.1,35,"ASC3_age",1.1,0.109794236194861,1
1,6,0.1,35,"ASC3_income",0,0.0635948672899126,0
1,6,0.1,35,"ASC3_child",0,0.199784683406316,1
1,6,0.1,35,"prot25_male",-0.2,0.0806311577896081,0
1,6,0.1,35,"prot25_age",0.3,0.00496721424407291,0
1,6,0.1,35,"prot25_income",0,-0.0125678379060098,0
1,6,0.1,35,"prot25_child",-1.1,-0.222987666976533,1
1,6,0.1,35,"prot50_male",-0.4,-0.0713683909119412,0
1,6,0.1,35,"prot50_age",0,0.0673207145487401,0
1,6,0.1,35,"prot50_income",-0.3,-0.0296856058516055,0
1,6,0.1,35,"prot50_child",0.5,0.0503616259901899,0
1,6,0.1,35,"invasive_male",0.1,0.071114719132782,0
1,6,0.1,35,"invasive_age",0,0.0440653372552089,0
1,6,0.1,35,"invasive_income",-1.1,-0.202685551847552,1
1,6,0.1,35,"invasive_child",0,0.267407429205909,1
1,6,0.1,36,"ASC2_male",-0.4,-0.0829528022572146,0
1,6,0.1,36,"ASC2_age",-1,-0.156370194069864,1
1,6,0.1,36,"ASC2_income",-0.5,-0.0132700859683513,0
1,6,0.1,36,"ASC2_child",-0.9,-0.0502856004427756,0
1,6,0.1,36,"ASC3_male",0,-0.0772793866523078,0
1,6,0.1,36,"ASC3_age",1.1,0.214492425114446,1
1,6,0.1,36,"ASC3_income",0,0.087335543862252,0
1,6,0.1,36,"ASC3_child",0,0.153432088766146,1
1,6,0.1,36,"prot25_male",0,0.0302922959747001,0
1,6,0.1,36,"prot25_age",0,-0.053544029154853,0
1,6,0.1,36,"prot25_income",1.1,0.0894953633059159,0
1,6,0.1,36,"prot25_child",-0.5,-0.171711963302594,1
1,6,0.1,36,"prot50_male",0,-0.0561191595770873,0
1,6,0.1,36,"prot50_age",0,-0.0376144357530148,0
1,6,0.1,36,"prot50_income",1.1,0.154465125021527,1
1,6,0.1,36,"prot50_child",0,-0.0640560613253575,0
1,6,0.1,36,"invasive_male",0.3,0.11795250013574,1
1,6,0.1,36,"invasive_age",0,0.0181888857858722,0
1,6,0.1,36,"invasive_income",-0.5,-0.0167515388841961,0
1,6,0.1,36,"invasive_child",0,0.067418171939029,0
1,6,0.1,37,"ASC2_male",0.6,0.209707209399132,1
1,6,0.1,37,"ASC2_age",0,-0.0685413216935489,0
1,6,0.1,37,"ASC2_income",0.9,0.0607373603525858,0
1,6,0.1,37,"ASC2_child",0,0.109129066834671,1
1,6,0.1,37,"ASC3_male",0,0.162391827984239,1
1,6,0.1,37,"ASC3_age",0.6,0.123065307058781,1
1,6,0.1,37,"ASC3_income",1.1,0.124541509332768,1
1,6,0.1,37,"ASC3_child",-0.8,-0.0435423221098218,0
1,6,0.1,37,"prot25_male",-1.2,-0.533442101600227,1
1,6,0.1,37,"prot25_age",0,0.0491981422098979,0
1,6,0.1,37,"prot25_income",1.1,0.208323907551861,1
1,6,0.1,37,"prot25_child",0,-0.0997163301476536,0
1,6,0.1,37,"prot50_male",0,-0.0431553105303494,0
1,6,0.1,37,"prot50_age",0.5,0.109479209569942,1
1,6,0.1,37,"prot50_income",0,0.0322505632289321,0
1,6,0.1,37,"prot50_child",0,-0.0820011393414046,0
1,6,0.1,37,"invasive_male",0,0.255390181595506,1
1,6,0.1,37,"invasive_age",1.1,0.112238869930579,1
1,6,0.1,37,"invasive_income",0,-0.0494616932663867,0
1,6,0.1,37,"invasive_child",0.6,-0.05217088655264,0
1,6,0.1,38,"ASC2_male",0.3,0.0536841735684145,0
1,6,0.1,38,"ASC2_age",0.3,-0.0255357232536036,0
1,6,0.1,38,"ASC2_income",0,-0.1177128974822,1
1,6,0.1,38,"ASC2_child",0.9,0.0309952850690193,0
1,6,0.1,38,"ASC3_male",0,-0.155814536645652,1
1,6,0.1,38,"ASC3_age",-0.6,-0.151627403314691,1
1,6,0.1,38,"ASC3_income",0,-0.0934827554416795,0
1,6,0.1,38,"ASC3_child",0,-0.16115814860469,1
1,6,0.1,38,"prot25_male",0,-0.0471660659325709,0
1,6,0.1,38,"prot25_age",0,0.127263186750789,1
1,6,0.1,38,"prot25_income",0.7,0.202942400870146,1
1,6,0.1,38,"prot25_child",0,0.118598118888991,1
1,6,0.1,38,"prot50_male",0,-0.127329992478943,1
1,6,0.1,38,"prot50_age",0,0.170443762826951,1
1,6,0.1,38,"prot50_income",0.2,0.051779125140347,0
1,6,0.1,38,"prot50_child",-0.8,-0.0408315388444991,0
1,6,0.1,38,"invasive_male",0.1,-0.0476023956794637,0
1,6,0.1,38,"invasive_age",0,0.00467077480728158,0
1,6,0.1,38,"invasive_income",-0.6,-0.147333530211001,1
1,6,0.1,38,"invasive_child",-0.6,-0.206644561800217,1
1,6,0.1,39,"ASC2_male",0.9,0.0408949946774874,0
1,6,0.1,39,"ASC2_age",0,-0.0438985526968545,0
1,6,0.1,39,"ASC2_income",0,0.0507623746078181,0
1,6,0.1,39,"ASC2_child",0,-0.0520981842118991,0
1,6,0.1,39,"ASC3_male",-0.9,-0.379653011196554,1
1,6,0.1,39,"ASC3_age",0,-0.00588899362339156,0
1,6,0.1,39,"ASC3_income",-0.7,-0.0456182657860095,0
1,6,0.1,39,"ASC3_child",-1.1,-0.34704472620563,1
1,6,0.1,39,"prot25_male",-1,0.109024897727087,1
1,6,0.1,39,"prot25_age",-0.6,0.0871430089743861,0
1,6,0.1,39,"prot25_income",0.7,0.0432931346976835,0
1,6,0.1,39,"prot25_child",-0.3,0.0577642782217491,0
1,6,0.1,39,"prot50_male",0,0.090344551046522,0
1,6,0.1,39,"prot50_age",0,0.111868746053226,1
1,6,0.1,39,"prot50_income",0,-0.0545728181151097,0
1,6,0.1,39,"prot50_child",0,-0.00296982697794823,0
1,6,0.1,39,"invasive_male",1.1,0.16646830222625,1
1,6,0.1,39,"invasive_age",0,0.106541035203879,1
1,6,0.1,39,"invasive_income",0,-0.0169485438619355,0
1,6,0.1,39,"invasive_child",-0.6,-0.125682952523061,1
1,6,0.1,40,"ASC2_male",0,0.128424971628531,1
1,6,0.1,40,"ASC2_age",-0.3,-0.133858726990621,1
1,6,0.1,40,"ASC2_income",1.1,0.105200307640049,1
1,6,0.1,40,"ASC2_child",0,-0.0900150310617609,0
1,6,0.1,40,"ASC3_male",0.5,0.0904057946879928,0
1,6,0.1,40,"ASC3_age",0,-0.0782075410165486,0
1,6,0.1,40,"ASC3_income",-0.9,-0.258035487623963,1
1,6,0.1,40,"ASC3_child",-1,-0.198550097489421,1
1,6,0.1,40,"prot25_male",-0.5,-0.0632956392774976,0
1,6,0.1,40,"prot25_age",-0.3,-0.0128168007733751,0
1,6,0.1,40,"prot25_income",0,0.107878270512134,1
1,6,0.1,40,"prot25_child",0,-0.0184981228308492,0
1,6,0.1,40,"prot50_male",0,0.103199899213157,1
1,6,0.1,40,"prot50_age",-1,-0.0502384722894442,0
1,6,0.1,40,"prot50_income",0,0.0446644436474842,0
1,6,0.1,40,"prot50_child",0,0.25074722001274,1
1,6,0.1,40,"invasive_male",0,0.0768301409260986,0
1,6,0.1,40,"invasive_age",-0.3,-0.0251154137896315,0
1,6,0.1,40,"invasive_income",-0.1,-0.0920812328296795,0
1,6,0.1,40,"invasive_child",0,0.056693449115644,0
1,6,0.1,41,"ASC2_male",-0.5,-0.0524742759996428,0
1,6,0.1,41,"ASC2_age",0.9,0.153021263598263,1
1,6,0.1,41,"ASC2_income",1.1,0.206293266844538,1
1,6,0.1,41,"ASC2_child",0,-0.0598917971691539,0
1,6,0.1,41,"ASC3_male",0.3,0.163898985296018,1
1,6,0.1,41,"ASC3_age",0,-0.02105566698042,0
1,6,0.1,41,"ASC3_income",0,-0.0141508284612512,0
1,6,0.1,41,"ASC3_child",0,-0.149944726229399,1
1,6,0.1,41,"prot25_male",0,-0.0756052756121672,0
1,6,0.1,41,"prot25_age",0,0.0121780414383252,0
1,6,0.1,41,"prot25_income",-0.2,-0.120645003850566,1
1,6,0.1,41,"prot25_child",0.7,0.249170869213635,1
1,6,0.1,41,"prot50_male",-0.8,-0.261159083934019,1
1,6,0.1,41,"prot50_age",-0.4,-0.0880604900969642,0
1,6,0.1,41,"prot50_income",0,-0.0119698411639718,0
1,6,0.1,41,"prot50_child",0,0.0951878347224826,0
1,6,0.1,41,"invasive_male",0,-0.108235315379943,1
1,6,0.1,41,"invasive_age",0,-0.0162684480088635,0
1,6,0.1,41,"invasive_income",0.3,0.0926354129156342,0
1,6,0.1,41,"invasive_child",0.5,0.117650298765432,1
1,6,0.1,42,"ASC2_male",0.6,0.167660723503219,1
1,6,0.1,42,"ASC2_age",0,0.0559079928532586,0
1,6,0.1,42,"ASC2_income",0.6,0.173464098907012,1
1,6,0.1,42,"ASC2_child",0.8,0.144395892392442,1
1,6,0.1,42,"ASC3_male",0,-0.0112906601676694,0
1,6,0.1,42,"ASC3_age",-0.3,0.0408025542842613,0
1,6,0.1,42,"ASC3_income",0,0.0799904918249484,0
1,6,0.1,42,"ASC3_child",-1,-0.0985210455609922,0
1,6,0.1,42,"prot25_male",0,-0.00669005798316622,0
1,6,0.1,42,"prot25_age",0.6,-0.0735420445586858,0
1,6,0.1,42,"prot25_income",0,-0.048388353708939,0
1,6,0.1,42,"prot25_child",0,0.101037988883197,1
1,6,0.1,42,"prot50_male",0,-0.0168995929146176,0
1,6,0.1,42,"prot50_age",0.7,0.0387097862628353,0
1,6,0.1,42,"prot50_income",-0.9,-0.20006599477592,1
1,6,0.1,42,"prot50_child",-0.7,-0.0825606483932601,0
1,6,0.1,42,"invasive_male",1.2,0.217715720026662,1
1,6,0.1,42,"invasive_age",0,-0.0481776723496626,0
1,6,0.1,42,"invasive_income",0,0.00654531638444683,0
1,6,0.1,42,"invasive_child",0,0.0901329503611224,0
1,6,0.1,43,"ASC2_male",-0.7,-0.135991089461231,1
1,6,0.1,43,"ASC2_age",0,0.0838419868088655,0
1,6,0.1,43,"ASC2_income",0,0.0534174221330859,0
1,6,0.1,43,"ASC2_child",0.2,0.0202894480153277,0
1,6,0.1,43,"ASC3_male",0.5,0.0444091748260119,0
1,6,0.1,43,"ASC3_age",0,0.0467790562025888,0
1,6,0.1,43,"ASC3_income",1,0.16457980739253,1
1,6,0.1,43,"ASC3_child",-0.3,-0.143656200071244,1
1,6,0.1,43,"prot25_male",0,0.131447493371918,1
1,6,0.1,43,"prot25_age",-0.9,-0.138253139541052,1
1,6,0.1,43,"prot25_income",0,-0.0912351500361361,0
1,6,0.1,43,"prot25_child",0,0.0138833644293288,0
1,6,0.1,43,"prot50_male",0,0.0475970609253852,0
1,6,0.1,43,"prot50_age",0,-0.0678716896872178,0
1,6,0.1,43,"prot50_income",-1.2,-0.252328463270988,1
1,6,0.1,43,"prot50_child",0.6,0.0684417552756706,0
1,6,0.1,43,"invasive_male",0.7,0.173634550573671,1
1,6,0.1,43,"invasive_age",0,0.024866452161035,0
1,6,0.1,43,"invasive_income",-0.6,-0.0821718298124844,0
1,6,0.1,43,"invasive_child",0,-0.110648443604683,1
1,6,0.1,44,"ASC2_male",0,0.174328437346885,1
1,6,0.1,44,"ASC2_age",-0.5,-0.147705640990841,1
1,6,0.1,44,"ASC2_income",-1,-0.196046208924911,1
1,6,0.1,44,"ASC2_child",-0.8,-0.159947853808334,1
1,6,0.1,44,"ASC3_male",-1.1,-0.0103459354692234,0
1,6,0.1,44,"ASC3_age",0,-0.0674663810571851,0
1,6,0.1,44,"ASC3_income",0,-0.0887712998289468,0
1,6,0.1,44,"ASC3_child",0,-0.022975610507601,0
1,6,0.1,44,"prot25_male",-1.1,-0.293202422042814,1
1,6,0.1,44,"prot25_age",-0.3,0.0441059408210507,0
1,6,0.1,44,"prot25_income",0,0.0149687434524958,0
1,6,0.1,44,"prot25_child",-0.6,-0.0587644950865698,0
1,6,0.1,44,"prot50_male",0,-0.121355476807591,1
1,6,0.1,44,"prot50_age",0,0.0544965289341141,0
1,6,0.1,44,"prot50_income",-0.8,-0.128400603541639,1
1,6,0.1,44,"prot50_child",0,-0.0927891712339769,0
1,6,0.1,44,"invasive_male",-0.3,-0.0250519022537306,0
1,6,0.1,44,"invasive_age",0,-0.00211694642185315,0
1,6,0.1,44,"invasive_income",0,0.0534292767804952,0
1,6,0.1,44,"invasive_child",-0.4,-0.0893236359799621,0
1,6,0.1,45,"ASC2_male",0,0.199696106712998,1
1,6,0.1,45,"ASC2_age",0.7,0.0342550742738023,0
1,6,0.1,45,"ASC2_income",1.1,0.0708332056964357,0
1,6,0.1,45,"ASC2_child",0.3,-0.196967848040902,1
1,6,0.1,45,"ASC3_male",0,0.142861398321383,1
1,6,0.1,45,"ASC3_age",0.4,-0.0292563703194858,0
1,6,0.1,45,"ASC3_income",-0.1,-0.166312943155544,1
1,6,0.1,45,"ASC3_child",0,-0.248141884025938,1
1,6,0.1,45,"prot25_male",0,-0.119765454777128,1
1,6,0.1,45,"prot25_age",0,0.037473641356267,0
1,6,0.1,45,"prot25_income",0,-0.0206326285713805,0
1,6,0.1,45,"prot25_child",1.1,0.253785720780417,1
1,6,0.1,45,"prot50_male",0,-0.0829224525085176,0
1,6,0.1,45,"prot50_age",-0.4,0.0190679884181253,0
1,6,0.1,45,"prot50_income",0,0.0880400096260372,0
1,6,0.1,45,"prot50_child",0.4,0.143085990458822,1
1,6,0.1,45,"invasive_male",-0.3,0.00401373158555788,0
1,6,0.1,45,"invasive_age",-0.2,-0.092425570164639,0
1,6,0.1,45,"invasive_income",0,-0.0592896969380665,0
1,6,0.1,45,"invasive_child",0,-0.00197961727839976,0
1,6,0.1,46,"ASC2_male",0.4,0.0644231389351086,0
1,6,0.1,46,"ASC2_age",0,0.0364379978992115,0
1,6,0.1,46,"ASC2_income",0,0.000900180590082956,0
1,6,0.1,46,"ASC2_child",-0.5,0.134589755594521,1
1,6,0.1,46,"ASC3_male",-0.9,-0.129659456552654,1
1,6,0.1,46,"ASC3_age",0,0.0510677452362693,0
1,6,0.1,46,"ASC3_income",-1,-0.236860283727668,1
1,6,0.1,46,"ASC3_child",0.7,0.32346582474097,1
1,6,0.1,46,"prot25_male",0,-0.0664689086300464,0
1,6,0.1,46,"prot25_age",-0.9,-0.116366451900154,1
1,6,0.1,46,"prot25_income",0,-0.0147994935544639,0
1,6,0.1,46,"prot25_child",0,-0.0631143619861162,0
1,6,0.1,46,"prot50_male",0,0.00478829484610627,0
1,6,0.1,46,"prot50_age",0.3,0.0695585293243733,0
1,6,0.1,46,"prot50_income",1,0.156092860315238,1
1,6,0.1,46,"prot50_child",0,-0.111197853746342,1
1,6,0.1,46,"invasive_male",0.3,0.138195887254102,1
1,6,0.1,46,"invasive_age",0,0.0144428802624516,0
1,6,0.1,46,"invasive_income",0.2,0.0338486997993893,0
1,6,0.1,46,"invasive_child",0,-0.0330334223582182,0
1,6,0.1,47,"ASC2_male",0,-0.164233229923893,1
1,6,0.1,47,"ASC2_age",0,0.0392602488297157,0
1,6,0.1,47,"ASC2_income",0.8,0.111594953719274,1
1,6,0.1,47,"ASC2_child",-1.2,-0.333492109174998,1
1,6,0.1,47,"ASC3_male",0.2,-0.210159140450798,1
1,6,0.1,47,"ASC3_age",0,0.106673044693861,1
1,6,0.1,47,"ASC3_income",0,0.0349428908072091,0
1,6,0.1,47,"ASC3_child",0,-0.0767529855438366,0
1,6,0.1,47,"prot25_male",0,0.173504290443754,1
1,6,0.1,47,"prot25_age",0.5,-0.0124178781133154,0
1,6,0.1,47,"prot25_income",0.4,0.12938493569996,1
1,6,0.1,47,"prot25_child",0.9,0.248122999441314,1
1,6,0.1,47,"prot50_male",0,0.0927240769112445,0
1,6,0.1,47,"prot50_age",-0.3,-0.133712763194542,1
1,6,0.1,47,"prot50_income",-0.7,-0.135663753144859,1
1,6,0.1,47,"prot50_child",-1.1,-0.0777186464144469,0
1,6,0.1,47,"invasive_male",0,-0.196809388058041,1
1,6,0.1,47,"invasive_age",0.5,0.135439991489786,1
1,6,0.1,47,"invasive_income",0,-0.077299189760244,0
1,6,0.1,47,"invasive_child",0,-0.0288130023491644,0
1,6,0.1,48,"ASC2_male",1.1,0.391590242000343,1
1,6,0.1,48,"ASC2_age",0,0.0662580815729634,0
1,6,0.1,48,"ASC2_income",0,0.0203137825746139,0
1,6,0.1,48,"ASC2_child",-0.3,0.0516609066331325,0
1,6,0.1,48,"ASC3_male",0,0.238162868536055,1
1,6,0.1,48,"ASC3_age",0,0.0575547837696605,0
1,6,0.1,48,"ASC3_income",0.8,0.183498766381644,1
1,6,0.1,48,"ASC3_child",0,0.133642791800476,1
1,6,0.1,48,"prot25_male",-0.6,-0.210720752886038,1
1,6,0.1,48,"prot25_age",0,-0.0160492599644816,0
1,6,0.1,48,"prot25_income",-0.2,-0.129367437136126,1
1,6,0.1,48,"prot25_child",0,-0.0716693828973047,0
1,6,0.1,48,"prot50_male",0,-0.0992936847102684,0
1,6,0.1,48,"prot50_age",-0.4,-0.0743232211051037,0
1,6,0.1,48,"prot50_income",0,-0.00568007739459955,0
1,6,0.1,48,"prot50_child",0,-0.0381141903247283,0
1,6,0.1,48,"invasive_male",0.7,0.063169621680815,0
1,6,0.1,48,"invasive_age",-0.6,-0.0701561509709778,0
1,6,0.1,48,"invasive_income",-0.3,-0.0416041567556261,0
1,6,0.1,48,"invasive_child",-0.7,-0.00227829217100989,0
1,6,0.1,49,"ASC2_male",0.7,0.0139931148214399,0
1,6,0.1,49,"ASC2_age",0,0.00438865131975906,0
1,6,0.1,49,"ASC2_income",-0.8,-0.104731582806836,1
1,6,0.1,49,"ASC2_child",-0.9,-0.433371587759871,1
1,6,0.1,49,"ASC3_male",0,-0.159225727978303,1
1,6,0.1,49,"ASC3_age",0,-0.0631997935149566,0
1,6,0.1,49,"ASC3_income",-0.5,-0.131396973981461,1
1,6,0.1,49,"ASC3_child",0,-0.260748817459911,1
1,6,0.1,49,"prot25_male",0.8,0.220055216069076,1
1,6,0.1,49,"prot25_age",0,-0.042518235351139,0
1,6,0.1,49,"prot25_income",0,-0.0390099471775137,0
1,6,0.1,49,"prot25_child",0.5,0.258407267392041,1
1,6,0.1,49,"prot50_male",-0.1,0.0317014150272388,0
1,6,0.1,49,"prot50_age",0.8,0.10953514094291,1
1,6,0.1,49,"prot50_income",0,-0.0388353826766185,0
1,6,0.1,49,"prot50_child",0,0.183505177600882,1
1,6,0.1,49,"invasive_male",-0.9,-0.244557884693941,1
1,6,0.1,49,"invasive_age",0,0.0125709229031522,0
1,6,0.1,49,"invasive_income",0,-0.0646184676323995,0
1,6,0.1,49,"invasive_child",0.3,-0.0884105510163597,0
1,6,0.1,50,"ASC2_male",0,0.0940036879614638,0
1,6,0.1,50,"ASC2_age",0.8,0.252993421374624,1
1,6,0.1,50,"ASC2_income",0,0.00210437574095803,0
1,6,0.1,50,"ASC2_child",0,0.246521499020884,1
1,6,0.1,50,"ASC3_male",-0.5,-0.104450848160276,1
1,6,0.1,50,"ASC3_age",-0.4,0.0456031824934,0
1,6,0.1,50,"ASC3_income",1.1,0.182702325243125,1
1,6,0.1,50,"ASC3_child",0.5,0.297440292353688,1
1,6,0.1,50,"prot25_male",1.1,0.28149308269291,1
1,6,0.1,50,"prot25_age",0.8,0.100157051156208,1
1,6,0.1,50,"prot25_income",0,0.0228623089772837,0
1,6,0.1,50,"prot25_child",0,-0.189940264435199,1
1,6,0.1,50,"prot50_male",-0.6,0.0666936924738187,0
1,6,0.1,50,"prot50_age",0,-0.133327289482753,1
1,6,0.1,50,"prot50_income",-0.3,-0.0199029922867672,0
1,6,0.1,50,"prot50_child",0,-0.228225507462759,1
1,6,0.1,50,"invasive_male",0,0.15143595982565,1
1,6,0.1,50,"invasive_age",0,0.0374207477923316,0
1,6,0.1,50,"invasive_income",0.6,0.140314176820035,1
1,6,0.1,50,"invasive_child",0,-0.0836032511047783,0
1,6,0.1,51,"ASC2_male",-0.3,-0.016146979321883,0
1,6,0.1,51,"ASC2_age",-0.5,-0.0728223842934338,0
1,6,0.1,51,"ASC2_income",0,-0.0735546044430531,0
1,6,0.1,51,"ASC2_child",-0.7,-0.136345255391663,1
1,6,0.1,51,"ASC3_male",0,-0.00476554156468901,0
1,6,0.1,51,"ASC3_age",0.5,0.0492857849191953,0
1,6,0.1,51,"ASC3_income",0,-0.0742548193220542,0
1,6,0.1,51,"ASC3_child",0,0.0485194955584591,0
1,6,0.1,51,"prot25_male",-1.1,-0.266326804900608,1
1,6,0.1,51,"prot25_age",0.3,0.103660709292431,1
1,6,0.1,51,"prot25_income",0.2,0.150482368245798,1
1,6,0.1,51,"prot25_child",0,-0.0439795090231383,0
1,6,0.1,51,"prot50_male",0,0.16418724140065,1
1,6,0.1,51,"prot50_age",0,0.0611350383665247,0
1,6,0.1,51,"prot50_income",0,0.0367442982354421,0
1,6,0.1,51,"prot50_child",1.2,0.236786345132983,1
1,6,0.1,51,"invasive_male",-0.1,-0.0578049669515984,0
1,6,0.1,51,"invasive_age",0,0.0584268152582316,0
1,6,0.1,51,"invasive_income",0,0.0118633552955672,0
1,6,0.1,51,"invasive_child",0.3,0.144801568291458,1
1,6,0.1,52,"ASC2_male",-0.5,-0.0959967569720202,0
1,6,0.1,52,"ASC2_age",-0.5,-0.0888696237053005,0
1,6,0.1,52,"ASC2_income",1.1,0.144995171609313,1
1,6,0.1,52,"ASC2_child",-0.5,-4.40722435490035e-05,0
1,6,0.1,52,"ASC3_male",0.3,0.0848413452013781,0
1,6,0.1,52,"ASC3_age",0,-0.00719773309100486,0
1,6,0.1,52,"ASC3_income",0,0.01731416980662,0
1,6,0.1,52,"ASC3_child",0,0.019114261226522,0
1,6,0.1,52,"prot25_male",-0.3,-0.0965517767668766,0
1,6,0.1,52,"prot25_age",1,0.148280851308762,1
1,6,0.1,52,"prot25_income",0,0.0870928412341972,0
1,6,0.1,52,"prot25_child",-1.2,-0.212212754607961,1
1,6,0.1,52,"prot50_male",0,-0.0390516123576595,0
1,6,0.1,52,"prot50_age",0,-0.0153435814387385,0
1,6,0.1,52,"prot50_income",0,0.0532156218036262,0
1,6,0.1,52,"prot50_child",0.3,-0.128556021089426,1
1,6,0.1,52,"invasive_male",0.1,-0.0369632649169039,0
1,6,0.1,52,"invasive_age",0,-0.0564414956213302,0
1,6,0.1,52,"invasive_income",0,-0.000248024351070151,0
1,6,0.1,52,"invasive_child",0,0.053659486070174,0
1,6,0.1,53,"ASC2_male",-0.4,0.0519423860142516,0
1,6,0.1,53,"ASC2_age",0,-0.0807970427272909,0
1,6,0.1,53,"ASC2_income",-0.7,-0.128297746159487,1
1,6,0.1,53,"ASC2_child",0,-0.0839201748833393,0
1,6,0.1,53,"ASC3_male",0.3,0.130124885638982,1
1,6,0.1,53,"ASC3_age",0.6,0.0552627915974398,0
1,6,0.1,53,"ASC3_income",0,-0.00142408475385921,0
1,6,0.1,53,"ASC3_child",0,-0.00289721535654288,0
1,6,0.1,53,"prot25_male",0,-0.166301315656353,1
1,6,0.1,53,"prot25_age",0.4,0.126187356086701,1
1,6,0.1,53,"prot25_income",0,-0.0680481051317219,0
1,6,0.1,53,"prot25_child",0,-0.00926902870031454,0
1,6,0.1,53,"prot50_male",-0.6,-0.323705120245442,1
1,6,0.1,53,"prot50_age",0.9,0.173531244105272,1
1,6,0.1,53,"prot50_income",0,-0.0212485850137904,0
1,6,0.1,53,"prot50_child",-1.1,-0.0922696827928822,0
1,6,0.1,53,"invasive_male",-0.5,-0.239381187999962,1
1,6,0.1,53,"invasive_age",0,-0.0341732780611891,0
1,6,0.1,53,"invasive_income",0,0.0320379478364167,0
1,6,0.1,53,"invasive_child",-0.6,-0.16761052736167,1
1,6,0.1,54,"ASC2_male",0,-0.113805905882769,1
1,6,0.1,54,"ASC2_age",-0.5,-0.223196171351044,1
1,6,0.1,54,"ASC2_income",-0.7,-0.242909739262809,1
1,6,0.1,54,"ASC2_child",0,0.020762101710941,0
1,6,0.1,54,"ASC3_male",1.1,0.123864156787546,1
1,6,0.1,54,"ASC3_age",0,-0.121523876359523,1
1,6,0.1,54,"ASC3_income",0,-0.0827480776668933,0
1,6,0.1,54,"ASC3_child",-0.5,-0.0721045996483213,0
1,6,0.1,54,"prot25_male",0,0.0988737186218056,0
1,6,0.1,54,"prot25_age",0.3,0.182222833946348,1
1,6,0.1,54,"prot25_income",0,-0.010720036669188,0
1,6,0.1,54,"prot25_child",0,0.0175962860269343,0
1,6,0.1,54,"prot50_male",0,0.114813742444891,1
1,6,0.1,54,"prot50_age",0.2,0.0528386897424517,0
1,6,0.1,54,"prot50_income",0.5,0.0784057620034267,0
1,6,0.1,54,"prot50_child",-0.7,-0.201060896990114,1
1,6,0.1,54,"invasive_male",0,0.0164695769659631,0
1,6,0.1,54,"invasive_age",0.1,0.00459450296487082,0
1,6,0.1,54,"invasive_income",-1.2,-0.203240909870523,1
1,6,0.1,54,"invasive_child",0,0.0109308797750203,0
1,6,0.1,55,"ASC2_male",0,0.0412812926918086,0
1,6,0.1,55,"ASC2_age",0,0.0510963808640571,0
1,6,0.1,55,"ASC2_income",0,0.0329847941408936,0
1,6,0.1,55,"ASC2_child",0,0.118217116393164,1
1,6,0.1,55,"ASC3_male",0.5,0.0413595641923523,0
1,6,0.1,55,"ASC3_age",0,0.0879469373511195,0
1,6,0.1,55,"ASC3_income",0,0.0181746192796741,0
1,6,0.1,55,"ASC3_child",0,-0.00488745097874476,0
1,6,0.1,55,"prot25_male",0.2,-0.0629603965781036,0
1,6,0.1,55,"prot25_age",0.7,0.0280444339689899,0
1,6,0.1,55,"prot25_income",-0.7,-0.0810434627670781,0
1,6,0.1,55,"prot25_child",0,-0.073010664324286,0
1,6,0.1,55,"prot50_male",-0.5,-0.200268347539866,1
1,6,0.1,55,"prot50_age",0.5,0.000293057868408878,0
1,6,0.1,55,"prot50_income",-1,-0.0876215979682032,0
1,6,0.1,55,"prot50_child",0,-0.0901397795267279,0
1,6,0.1,55,"invasive_male",0.8,0.0251643185960675,0
1,6,0.1,55,"invasive_age",0,0.0877088808140076,0
1,6,0.1,55,"invasive_income",-0.9,-0.0640630230642614,0
1,6,0.1,55,"invasive_child",-1.2,-0.155328287147344,1
1,6,0.1,56,"ASC2_male",0,-0.222524055329955,1
1,6,0.1,56,"ASC2_age",-0.7,-0.057919815771699,0
1,6,0.1,56,"ASC2_income",0,-0.0280715795699111,0
1,6,0.1,56,"ASC2_child",0,-0.264102184013854,1
1,6,0.1,56,"ASC3_male",0,-0.331395428811976,1
1,6,0.1,56,"ASC3_age",-0.4,0.0138081600426486,0
1,6,0.1,56,"ASC3_income",0,-0.0131072619001957,0
1,6,0.1,56,"ASC3_child",0,-0.306566202672116,1
1,6,0.1,56,"prot25_male",0,0.256310257650616,1
1,6,0.1,56,"prot25_age",0,-0.0498831987237626,0
1,6,0.1,56,"prot25_income",-0.2,-0.0266258284665573,0
1,6,0.1,56,"prot25_child",-1,0.00132140253703169,0
1,6,0.1,56,"prot50_male",0.7,0.267486653633959,1
1,6,0.1,56,"prot50_age",0.5,0.000846253015009611,0
1,6,0.1,56,"prot50_income",-0.6,-0.0515740498603468,0
1,6,0.1,56,"prot50_child",0.7,0.261715759005433,1
1,6,0.1,56,"invasive_male",0,-0.177394282889703,1
1,6,0.1,56,"invasive_age",-1.1,-0.12900565248432,1
1,6,0.1,56,"invasive_income",0.3,0.0344826484430629,0
1,6,0.1,56,"invasive_child",0,-0.0630024328988086,0
1,6,0.1,57,"ASC2_male",1.2,0.180559346861058,1
1,6,0.1,57,"ASC2_age",1,0.15237223386323,1
1,6,0.1,57,"ASC2_income",0,0.0340958645760912,0
1,6,0.1,57,"ASC2_child",0,0.384445119698625,1
1,6,0.1,57,"ASC3_male",-0.2,0.0372118264658183,0
1,6,0.1,57,"ASC3_age",0,-0.0829241683850671,0
1,6,0.1,57,"ASC3_income",0,0.0478197440611115,0
1,6,0.1,57,"ASC3_child",0,0.319504083160834,1
1,6,0.1,57,"prot25_male",-1,-0.27991689378324,1
1,6,0.1,57,"prot25_age",0,0.119096589270342,1
1,6,0.1,57,"prot25_income",-0.1,-0.0135280931219574,0
1,6,0.1,57,"prot25_child",0,-0.0815523137202999,0
1,6,0.1,57,"prot50_male",-0.4,-0.0770909854207911,0
1,6,0.1,57,"prot50_age",-0.6,-0.00101697292679197,0
1,6,0.1,57,"prot50_income",0.5,0.0573381196928787,0
1,6,0.1,57,"prot50_child",0.6,0.0758751618252482,0
1,6,0.1,57,"invasive_male",0.7,0.108907062253415,1
1,6,0.1,57,"invasive_age",0,-0.00812682688841439,0
1,6,0.1,57,"invasive_income",0,0.00767063684859469,0
1,6,0.1,57,"invasive_child",0,0.228220259285537,1
1,6,0.1,58,"ASC2_male",0.3,0.267940614022669,1
1,6,0.1,58,"ASC2_age",0.2,-0.0908659339482166,0
1,6,0.1,58,"ASC2_income",0,-0.0994727938661182,0
1,6,0.1,58,"ASC2_child",0,0.175959036043492,1
1,6,0.1,58,"ASC3_male",0,0.188345931587245,1
1,6,0.1,58,"ASC3_age",0,-0.0411032348333219,0
1,6,0.1,58,"ASC3_income",0,-0.133223611357563,1
1,6,0.1,58,"ASC3_child",0.1,0.194804136004556,1
1,6,0.1,58,"prot25_male",0,-0.115126414037698,1
1,6,0.1,58,"prot25_age",0,0.0456787431721551,0
1,6,0.1,58,"prot25_income",0,0.156243567260194,1
1,6,0.1,58,"prot25_child",1,0.00985461831382962,0
1,6,0.1,58,"prot50_male",0,-0.124993522780106,1
1,6,0.1,58,"prot50_age",0.5,0.167994535432931,1
1,6,0.1,58,"prot50_income",0,0.161608421098898,1
1,6,0.1,58,"prot50_child",0.8,0.117474333385344,1
1,6,0.1,58,"invasive_male",0.5,0.0749865383448443,0
1,6,0.1,58,"invasive_age",1,0.10802303877706,1
1,6,0.1,58,"invasive_income",0.6,0.123740945828411,1
1,6,0.1,58,"invasive_child",0.7,0.222625170286576,1
1,6,0.1,59,"ASC2_male",0,0.26730396040101,1
1,6,0.1,59,"ASC2_age",0.5,-0.0454557790856714,0
1,6,0.1,59,"ASC2_income",0,-0.0218860817145206,0
1,6,0.1,59,"ASC2_child",0,0.0163154560257133,0
1,6,0.1,59,"ASC3_male",0.6,0.304154888425724,1
1,6,0.1,59,"ASC3_age",-1.1,-0.360478647746097,1
1,6,0.1,59,"ASC3_income",0,-0.0147275919566946,0
1,6,0.1,59,"ASC3_child",0,0.171351463455392,1
1,6,0.1,59,"prot25_male",-0.7,-0.180594242136266,1
1,6,0.1,59,"prot25_age",0,0.132833008919179,1
1,6,0.1,59,"prot25_income",-0.2,-0.062195662863829,0
1,6,0.1,59,"prot25_child",0,-0.0752859853658094,0
1,6,0.1,59,"prot50_male",0.4,0.119654656683572,1
1,6,0.1,59,"prot50_age",-0.9,-0.066035064309855,0
1,6,0.1,59,"prot50_income",0,-0.0858285466425317,0
1,6,0.1,59,"prot50_child",0,-0.167230849489431,1
1,6,0.1,59,"invasive_male",1,0.313956556026808,1
1,6,0.1,59,"invasive_age",-0.8,-0.194584694601456,1
1,6,0.1,59,"invasive_income",-0.4,-0.0426793868296785,0
1,6,0.1,59,"invasive_child",0,-0.0366758271986445,0
1,6,0.1,60,"ASC2_male",-1.2,-0.239712073604962,1
1,6,0.1,60,"ASC2_age",0,-0.00378384511204854,0
1,6,0.1,60,"ASC2_income",0.6,0.0855774460444701,0
1,6,0.1,60,"ASC2_child",-0.4,-0.0451898617082874,0
1,6,0.1,60,"ASC3_male",0,0.0769235710171846,0
1,6,0.1,60,"ASC3_age",0,-0.0203626959587522,0
1,6,0.1,60,"ASC3_income",0,0.0292076928499552,0
1,6,0.1,60,"ASC3_child",0,-0.140488825290639,1
1,6,0.1,60,"prot25_male",0,0.00239561288306598,0
1,6,0.1,60,"prot25_age",-0.4,-0.0184357809769122,0
1,6,0.1,60,"prot25_income",0,-0.0378461632104245,0
1,6,0.1,60,"prot25_child",0,0.0256166460442646,0
1,6,0.1,60,"prot50_male",-1.1,-0.221539439249527,1
1,6,0.1,60,"prot50_age",0,0.0497572170868672,0
1,6,0.1,60,"prot50_income",0.4,0.0237530750998573,0
1,6,0.1,60,"prot50_child",0,0.0234442320401865,0
1,6,0.1,60,"invasive_male",0.3,-0.00883265619333669,0
1,6,0.1,60,"invasive_age",-0.5,-0.0944520263954895,0
1,6,0.1,60,"invasive_income",-0.7,-0.145281861451443,1
1,6,0.1,60,"invasive_child",1,0.163337670612692,1
1,6,0.1,61,"ASC2_male",0.8,0.0617030523370678,0
1,6,0.1,61,"ASC2_age",-0.9,-0.170716132572778,1
1,6,0.1,61,"ASC2_income",-0.3,-0.146809290054601,1
1,6,0.1,61,"ASC2_child",0,-0.260659605126101,1
1,6,0.1,61,"ASC3_male",0,-0.0616123202672745,0
1,6,0.1,61,"ASC3_age",0,-0.058599518109493,0
1,6,0.1,61,"ASC3_income",0,-0.069735630956846,0
1,6,0.1,61,"ASC3_child",0,-0.252835864659905,1
1,6,0.1,61,"prot25_male",0,-0.00407845053609624,0
1,6,0.1,61,"prot25_age",-1,-0.124183823371836,1
1,6,0.1,61,"prot25_income",0,0.069898324526537,0
1,6,0.1,61,"prot25_child",0,0.270499199799839,1
1,6,0.1,61,"prot50_male",-0.8,-0.269113876051326,1
1,6,0.1,61,"prot50_age",0.2,0.0311085814252467,0
1,6,0.1,61,"prot50_income",0,0.051818326856949,0
1,6,0.1,61,"prot50_child",0.3,0.18521273805802,1
1,6,0.1,61,"invasive_male",0,-0.104896819366798,1
1,6,0.1,61,"invasive_age",1,0.164655473734054,1
1,6,0.1,61,"invasive_income",0.2,0.0198578368909978,0
1,6,0.1,61,"invasive_child",0.9,0.221490935633025,1
1,6,0.1,62,"ASC2_male",0,-0.226380594788414,1
1,6,0.1,62,"ASC2_age",0,-0.00963661170695856,0
1,6,0.1,62,"ASC2_income",0.1,-0.0648618598299371,0
1,6,0.1,62,"ASC2_child",0,0.185260090569142,1
1,6,0.1,62,"ASC3_male",0,-0.0796771700627352,0
1,6,0.1,62,"ASC3_age",0.6,0.0721863177939177,0
1,6,0.1,62,"ASC3_income",0.6,0.00222741390540452,0
1,6,0.1,62,"ASC3_child",0,0.139338851090843,1
1,6,0.1,62,"prot25_male",-0.5,-0.125738668673906,1
1,6,0.1,62,"prot25_age",0,0.0212301016290246,0
1,6,0.1,62,"prot25_income",0,0.0841874718553573,0
1,6,0.1,62,"prot25_child",-0.2,-0.214700632195607,1
1,6,0.1,62,"prot50_male",-0.5,0.159070027483172,1
1,6,0.1,62,"prot50_age",0.3,0.0407461936443748,0
1,6,0.1,62,"prot50_income",0,0.0889441571056342,0
1,6,0.1,62,"prot50_child",1,-0.0830749383020519,0
1,6,0.1,62,"invasive_male",0.5,0.131968164089998,1
1,6,0.1,62,"invasive_age",0,-0.0533452246881323,0
1,6,0.1,62,"invasive_income",0,-0.00605644011979381,0
1,6,0.1,62,"invasive_child",-0.9,-0.20462480324619,1
1,6,0.1,63,"ASC2_male",0,-0.0741702200700142,0
1,6,0.1,63,"ASC2_age",0.6,0.0987520618095547,0
1,6,0.1,63,"ASC2_income",-0.7,-0.179340390562551,1
1,6,0.1,63,"ASC2_child",0,0.21536212997712,1
1,6,0.1,63,"ASC3_male",-0.5,-0.134771202923172,1
1,6,0.1,63,"ASC3_age",0,0.00293279879507814,0
1,6,0.1,63,"ASC3_income",0,-0.0892979488014567,0
1,6,0.1,63,"ASC3_child",-0.1,0.285611973676594,1
1,6,0.1,63,"prot25_male",0,0.0706482132913673,0
1,6,0.1,63,"prot25_age",0,-0.061027856942915,0
1,6,0.1,63,"prot25_income",-0.4,-0.111588607211021,1
1,6,0.1,63,"prot25_child",-0.6,-0.280083541588483,1
1,6,0.1,63,"prot50_male",0,0.122126527998963,1
1,6,0.1,63,"prot50_age",0,-0.082808120607632,0
1,6,0.1,63,"prot50_income",-0.9,-0.17809779165055,1
1,6,0.1,63,"prot50_child",-0.7,-0.284236003134613,1
1,6,0.1,63,"invasive_male",0.8,0.257517648573795,1
1,6,0.1,63,"invasive_age",0,-0.0158255931801926,0
1,6,0.1,63,"invasive_income",-0.8,-0.309302153394437,1
1,6,0.1,63,"invasive_child",0,0.180273976896149,1
1,6,0.1,64,"ASC2_male",0.2,-0.0732505721658292,0
1,6,0.1,64,"ASC2_age",0,0.0590621919270662,0
1,6,0.1,64,"ASC2_income",-0.3,-0.0218230423554426,0
1,6,0.1,64,"ASC2_child",0,0.113480852034388,1
1,6,0.1,64,"ASC3_male",0,-0.0841637832697325,0
1,6,0.1,64,"ASC3_age",-1.2,-0.129228130378875,1
1,6,0.1,64,"ASC3_income",0.1,0.065672756537465,0
1,6,0.1,64,"ASC3_child",0,0.151755318906632,1
1,6,0.1,64,"prot25_male",-0.8,-0.0481075456299916,0
1,6,0.1,64,"prot25_age",0.1,-0.0730831778491578,0
1,6,0.1,64,"prot25_income",0.3,0.0127217403432225,0
1,6,0.1,64,"prot25_child",-0.5,-0.175735129259105,1
1,6,0.1,64,"prot50_male",0.2,0.179578207097343,1
1,6,0.1,64,"prot50_age",1.1,0.11315172840717,1
1,6,0.1,64,"prot50_income",0,-0.100094837998047,1
1,6,0.1,64,"prot50_child",0,-0.185352554218525,1
1,6,0.1,64,"invasive_male",0,0.0325247442441056,0
1,6,0.1,64,"invasive_age",0,0.0303263108275834,0
1,6,0.1,64,"invasive_income",0,0.0306718908381994,0
1,6,0.1,64,"invasive_child",0,-0.0946111093800508,0
1,6,0.1,65,"ASC2_male",0,0.268286736854536,1
1,6,0.1,65,"ASC2_age",0.8,-0.107949631503132,1
1,6,0.1,65,"ASC2_income",0.2,-0.0599755611876709,0
1,6,0.1,65,"ASC2_child",0,-0.217578525855278,1
1,6,0.1,65,"ASC3_male",0,0.421207365084,1
1,6,0.1,65,"ASC3_age",0,-0.27293578022206,1
1,6,0.1,65,"ASC3_income",0.7,0.0224270413684429,0
1,6,0.1,65,"ASC3_child",0.5,-0.179637518591963,1
1,6,0.1,65,"prot25_male",0,-0.334775641953282,1
1,6,0.1,65,"prot25_age",0,0.211796508973426,1
1,6,0.1,65,"prot25_income",0,0.0208676511364133,0
1,6,0.1,65,"prot25_child",1,0.31359740290536,1
1,6,0.1,65,"prot50_male",0.6,-0.137011925188249,1
1,6,0.1,65,"prot50_age",0,0.175938182568849,1
1,6,0.1,65,"prot50_income",-0.2,0.049225453941739,0
1,6,0.1,65,"prot50_child",0.5,0.145282609780461,1
1,6,0.1,65,"invasive_male",0.3,0.173280885695667,1
1,6,0.1,65,"invasive_age",0,-0.0698240110887215,0
1,6,0.1,65,"invasive_income",0.9,0.116892016906221,1
1,6,0.1,65,"invasive_child",0,-0.0694757902036846,0
1,6,0.1,66,"ASC2_male",0,-0.193040507031101,1
1,6,0.1,66,"ASC2_age",-0.2,-0.0458722365646137,0
1,6,0.1,66,"ASC2_income",0.4,0.0445543638295662,0
1,6,0.1,66,"ASC2_child",0,0.208459304105528,1
1,6,0.1,66,"ASC3_male",-0.9,-0.341050225142472,1
1,6,0.1,66,"ASC3_age",1,0.214653844250131,1
1,6,0.1,66,"ASC3_income",0,-0.00143657424024137,0
1,6,0.1,66,"ASC3_child",0,0.247343679355171,1
1,6,0.1,66,"prot25_male",-0.5,0.0392481866029057,0
1,6,0.1,66,"prot25_age",0,0.0524522986041142,0
1,6,0.1,66,"prot25_income",0,0.03017584247777,0
1,6,0.1,66,"prot25_child",-1.1,-0.288895983444332,1
1,6,0.1,66,"prot50_male",1,0.248642063610472,1
1,6,0.1,66,"prot50_age",0,-0.0230873696340907,0
1,6,0.1,66,"prot50_income",0.2,0.105793969858274,1
1,6,0.1,66,"prot50_child",0.7,0.0985791967464248,0
1,6,0.1,66,"invasive_male",0,-0.056347116234622,0
1,6,0.1,66,"invasive_age",0,0.0299878813829041,0
1,6,0.1,66,"invasive_income",0,0.0436923133856904,0
1,6,0.1,66,"invasive_child",-1,-0.0648401924977862,0
1,6,0.1,67,"ASC2_male",-0.6,-0.243301467402527,1
1,6,0.1,67,"ASC2_age",-0.5,-0.0982999230447881,0
1,6,0.1,67,"ASC2_income",0,0.0525281062351938,0
1,6,0.1,67,"ASC2_child",0.9,0.0999737851034172,0
1,6,0.1,67,"ASC3_male",0.8,-0.0776947912200813,0
1,6,0.1,67,"ASC3_age",-0.9,-0.157914880299304,1
1,6,0.1,67,"ASC3_income",1.1,0.211770020358626,1
1,6,0.1,67,"ASC3_child",0.1,-0.0354701051107799,0
1,6,0.1,67,"prot25_male",0,0.242400305255435,1
1,6,0.1,67,"prot25_age",-0.2,0.00802022429251553,0
1,6,0.1,67,"prot25_income",0,-0.0152362883297243,0
1,6,0.1,67,"prot25_child",0,0.265244508947742,1
1,6,0.1,67,"prot50_male",1,0.322366222000604,1
1,6,0.1,67,"prot50_age",0,0.0710174980926855,0
1,6,0.1,67,"prot50_income",0,0.0301426633420323,0
1,6,0.1,67,"prot50_child",0.1,0.112002505948515,1
1,6,0.1,67,"invasive_male",0,-0.075427356502404,0
1,6,0.1,67,"invasive_age",0,0.0576284382766316,0
1,6,0.1,67,"invasive_income",0,-0.0143698249984989,0
1,6,0.1,67,"invasive_child",0,0.00246798205825902,0
1,6,0.1,68,"ASC2_male",0,0.235289438999957,1
1,6,0.1,68,"ASC2_age",0.1,0.0946135996344332,0
1,6,0.1,68,"ASC2_income",0,0.00418369544425404,0
1,6,0.1,68,"ASC2_child",-0.8,-0.242950553373361,1
1,6,0.1,68,"ASC3_male",1.1,0.356570188572738,1
1,6,0.1,68,"ASC3_age",-0.5,0.0302488583673889,0
1,6,0.1,68,"ASC3_income",0,-0.0112755483663508,0
1,6,0.1,68,"ASC3_child",-0.9,-0.311604422050914,1
1,6,0.1,68,"prot25_male",0.2,0.0150722401698534,0
1,6,0.1,68,"prot25_age",0,-0.0569913360248514,0
1,6,0.1,68,"prot25_income",0,0.0383576891344518,0
1,6,0.1,68,"prot25_child",-1.1,-0.30142853977569,1
1,6,0.1,68,"prot50_male",0,-0.006168823364115,0
1,6,0.1,68,"prot50_age",0,-0.0811654395589425,0
1,6,0.1,68,"prot50_income",0,0.0635398279493325,0
1,6,0.1,68,"prot50_child",-0.8,-0.330092956523342,1
1,6,0.1,68,"invasive_male",0,0.0298246313229185,0
1,6,0.1,68,"invasive_age",-0.7,-0.139708072143396,1
1,6,0.1,68,"invasive_income",0,-0.0352387860084366,0
1,6,0.1,68,"invasive_child",1.1,-0.0784511032858511,0
1,6,0.1,69,"ASC2_male",1.1,0.385454671968926,1
1,6,0.1,69,"ASC2_age",0,-0.0280794792854358,0
1,6,0.1,69,"ASC2_income",0.4,0.123265433613878,1
1,6,0.1,69,"ASC2_child",1.2,-0.00513480801868626,0
1,6,0.1,69,"ASC3_male",-1,0.0531294247402946,0
1,6,0.1,69,"ASC3_age",0,-0.0266801025137374,0
1,6,0.1,69,"ASC3_income",-1.2,-0.137411249360896,1
1,6,0.1,69,"ASC3_child",0,-0.285407647955882,1
1,6,0.1,69,"prot25_male",0,-0.218248095879184,1
1,6,0.1,69,"prot25_age",0,-0.0231640089673372,0
1,6,0.1,69,"prot25_income",-0.4,-0.128723804424024,1
1,6,0.1,69,"prot25_child",-0.4,0.137150576436574,1
1,6,0.1,69,"prot50_male",0,-0.169043090199413,1
1,6,0.1,69,"prot50_age",0,-0.0395704208735819,0
1,6,0.1,69,"prot50_income",0,-0.0742548262589522,0
1,6,0.1,69,"prot50_child",0,0.217281851527679,1
1,6,0.1,69,"invasive_male",0,0.21329831524786,1
1,6,0.1,69,"invasive_age",-0.5,-0.115895104871167,1
1,6,0.1,69,"invasive_income",-0.2,0.0296431288635547,0
1,6,0.1,69,"invasive_child",-0.2,-0.121675869145708,1
1,6,0.1,70,"ASC2_male",-0.8,0.0109298203413625,0
1,6,0.1,70,"ASC2_age",0,-0.0560806369832057,0
1,6,0.1,70,"ASC2_income",0.3,0.0488936944452278,0
1,6,0.1,70,"ASC2_child",0,-0.0238332511884536,0
1,6,0.1,70,"ASC3_male",0.9,0.267207190941581,1
1,6,0.1,70,"ASC3_age",0,-0.0621409749749174,0
1,6,0.1,70,"ASC3_income",0,0.000942147310912225,0
1,6,0.1,70,"ASC3_child",0,-0.0903697222829992,0
1,6,0.1,70,"prot25_male",0,-0.113786881158503,1
1,6,0.1,70,"prot25_age",0,0.0963561190761213,0
1,6,0.1,70,"prot25_income",0.9,0.148626492373269,1
1,6,0.1,70,"prot25_child",0,0.151558702838881,1
1,6,0.1,70,"prot50_male",-0.1,-0.171399887204238,1
1,6,0.1,70,"prot50_age",-0.9,-0.12055833669498,1
1,6,0.1,70,"prot50_income",0.9,0.134147727235606,1
1,6,0.1,70,"prot50_child",1,0.169993433070303,1
1,6,0.1,70,"invasive_male",0,-0.268372753498955,1
1,6,0.1,70,"invasive_age",0.8,0.115490966020371,1
1,6,0.1,70,"invasive_income",0,0.0462100119174503,0
1,6,0.1,70,"invasive_child",-0.6,-0.10534222999543,1
1,6,0.1,71,"ASC2_male",0.5,-0.0523057548140403,0
1,6,0.1,71,"ASC2_age",1,0.262832734493058,1
1,6,0.1,71,"ASC2_income",0.8,0.157627456532487,1
1,6,0.1,71,"ASC2_child",0.7,-0.0977397688753046,0
1,6,0.1,71,"ASC3_male",0,-0.0508050521539123,0
1,6,0.1,71,"ASC3_age",0,0.104474554456315,1
1,6,0.1,71,"ASC3_income",0,-1.50939147497617e-06,0
1,6,0.1,71,"ASC3_child",1.1,-0.0554493995498065,0
1,6,0.1,71,"prot25_male",0,0.132047346428211,1
1,6,0.1,71,"prot25_age",0,-0.0810512331980268,0
1,6,0.1,71,"prot25_income",0,-0.0428008683756068,0
1,6,0.1,71,"prot25_child",0,-0.0509933651482215,0
1,6,0.1,71,"prot50_male",0,0.108446766933333,1
1,6,0.1,71,"prot50_age",-0.6,-0.199334222649843,1
1,6,0.1,71,"prot50_income",-0.9,-0.122925091075014,1
1,6,0.1,71,"prot50_child",-0.7,-0.263333750585901,1
1,6,0.1,71,"invasive_male",0.8,0.137990524713849,1
1,6,0.1,71,"invasive_age",0,-0.020553836761516,0
1,6,0.1,71,"invasive_income",1,0.109265772849487,1
1,6,0.1,71,"invasive_child",0,-0.251697929662566,1
1,6,0.1,72,"ASC2_male",-0.8,0.113791657279412,1
1,6,0.1,72,"ASC2_age",0,-0.0656624262400806,0
1,6,0.1,72,"ASC2_income",0.3,0.0762010827534682,0
1,6,0.1,72,"ASC2_child",0.2,0.297929975611773,1
1,6,0.1,72,"ASC3_male",0,0.324907335232621,1
1,6,0.1,72,"ASC3_age",0,-0.113127058784565,1
1,6,0.1,72,"ASC3_income",0,0.0052174014335519,0
1,6,0.1,72,"ASC3_child",-0.9,0.11062795315615,1
1,6,0.1,72,"prot25_male",0,-0.256023011797592,1
1,6,0.1,72,"prot25_age",0,0.024756508928625,0
1,6,0.1,72,"prot25_income",0,-0.00583807574790604,0
1,6,0.1,72,"prot25_child",-0.6,-0.371969922385061,1
1,6,0.1,72,"prot50_male",1,-0.159436768897942,1
1,6,0.1,72,"prot50_age",-0.6,0.0135622144322182,0
1,6,0.1,72,"prot50_income",0,0.0227724119335775,0
1,6,0.1,72,"prot50_child",0.4,0.0694028467504611,0
1,6,0.1,72,"invasive_male",-0.5,-0.143506965240383,1
1,6,0.1,72,"invasive_age",0,0.0577122232173313,0
1,6,0.1,72,"invasive_income",0,-0.0383806023204577,0
1,6,0.1,72,"invasive_child",-0.1,0.195934242318957,1
1,6,0.1,73,"ASC2_male",0,-0.0529118804245697,0
1,6,0.1,73,"ASC2_age",0,0.0171519649192703,0
1,6,0.1,73,"ASC2_income",0.5,0.186155470490827,1
1,6,0.1,73,"ASC2_child",-1,-0.183688272210556,1
1,6,0.1,73,"ASC3_male",0.8,0.0756668650405029,0
1,6,0.1,73,"ASC3_age",0,-0.0269164331396527,0
1,6,0.1,73,"ASC3_income",-0.5,0.0531255024549599,0
1,6,0.1,73,"ASC3_child",-1.2,-0.240000891248531,1
1,6,0.1,73,"prot25_male",0,0.215135378805833,1
1,6,0.1,73,"prot25_age",0,-0.0312986913781,0
1,6,0.1,73,"prot25_income",0.4,0.00566993478420067,0
1,6,0.1,73,"prot25_child",0,-0.127177673046231,1
1,6,0.1,73,"prot50_male",-0.7,-0.00628199611772565,0
1,6,0.1,73,"prot50_age",0.7,0.0342655016118593,0
1,6,0.1,73,"prot50_income",1,0.0586280906001153,0
1,6,0.1,73,"prot50_child",0,0.0407481812141625,0
1,6,0.1,73,"invasive_male",0,0.0494216943273874,0
1,6,0.1,73,"invasive_age",0,-0.0453618879687876,0
1,6,0.1,73,"invasive_income",0,-0.0262853546336653,0
1,6,0.1,73,"invasive_child",0.8,0.00223159550971011,0
1,6,0.1,74,"ASC2_male",0,0.0122522158263055,0
1,6,0.1,74,"ASC2_age",0,-0.0323200532256444,0
1,6,0.1,74,"ASC2_income",0,0.0102217402139028,0
1,6,0.1,74,"ASC2_child",-1,-0.00926149167485689,0
1,6,0.1,74,"ASC3_male",0.9,0.182743107590175,1
1,6,0.1,74,"ASC3_age",1.1,0.211303842956291,1
1,6,0.1,74,"ASC3_income",0,-0.0393414025607997,0
1,6,0.1,74,"ASC3_child",0,0.32797923110105,1
1,6,0.1,74,"prot25_male",-0.6,-0.151616333632441,1
1,6,0.1,74,"prot25_age",0.5,0.0766251339695941,0
1,6,0.1,74,"prot25_income",-0.3,0.00813051662494006,0
1,6,0.1,74,"prot25_child",0,-0.208037700543199,1
1,6,0.1,74,"prot50_male",-0.2,-0.132591140549364,1
1,6,0.1,74,"prot50_age",0,-0.0247186840818699,0
1,6,0.1,74,"prot50_income",0,0.0807384025542917,0
1,6,0.1,74,"prot50_child",0,-0.190460516946023,1
1,6,0.1,74,"invasive_male",0,-0.0534771507441598,0
1,6,0.1,74,"invasive_age",-1.1,-0.179164768045783,1
1,6,0.1,74,"invasive_income",0.4,0.0646023677379813,0
1,6,0.1,74,"invasive_child",0.7,0.132564469610537,1
1,6,0.1,75,"ASC2_male",0,0.303460723386819,1
1,6,0.1,75,"ASC2_age",0.5,0.0705925539854819,0
1,6,0.1,75,"ASC2_income",0,0.0553364008972197,0
1,6,0.1,75,"ASC2_child",0,0.128978592048074,1
1,6,0.1,75,"ASC3_male",1,0.421259966012075,1
1,6,0.1,75,"ASC3_age",0,-0.0723449014747307,0
1,6,0.1,75,"ASC3_income",0,0.065760257138449,0
1,6,0.1,75,"ASC3_child",-0.8,-0.0969756228326983,0
1,6,0.1,75,"prot25_male",0.9,-0.00176072036129204,0
1,6,0.1,75,"prot25_age",1,0.192375455615881,1
1,6,0.1,75,"prot25_income",0,-0.0993919431510553,0
1,6,0.1,75,"prot25_child",-1,-0.148813229685289,1
1,6,0.1,75,"prot50_male",0,-0.0943422304853104,0
1,6,0.1,75,"prot50_age",0,0.017563226389862,0
1,6,0.1,75,"prot50_income",-0.9,-0.221293432709724,1
1,6,0.1,75,"prot50_child",-0.4,-0.0218300680231013,0
1,6,0.1,75,"invasive_male",0.7,0.294219374569947,1
1,6,0.1,75,"invasive_age",0,0.0567289404655934,0
1,6,0.1,75,"invasive_income",-0.5,-0.16597645588123,1
1,6,0.1,75,"invasive_child",0,0.209005260811197,1
1,6,0.1,76,"ASC2_male",-0.7,-0.0239235467805018,0
1,6,0.1,76,"ASC2_age",0,0.0379441763469891,0
1,6,0.1,76,"ASC2_income",0,-0.13285906743055,1
1,6,0.1,76,"ASC2_child",-1,-0.251447228027683,1
1,6,0.1,76,"ASC3_male",-0.4,0.0377030108085134,0
1,6,0.1,76,"ASC3_age",0,0.0176751422064029,0
1,6,0.1,76,"ASC3_income",-0.5,-0.236860882890149,1
1,6,0.1,76,"ASC3_child",-0.6,-0.163927011011945,1
1,6,0.1,76,"prot25_male",0,0.0361867858030177,0
1,6,0.1,76,"prot25_age",0,-0.089502195582566,0
1,6,0.1,76,"prot25_income",0,0.134500129234396,1
1,6,0.1,76,"prot25_child",-0.5,-0.0715023578193981,0
1,6,0.1,76,"prot50_male",-0.1,-0.121473729594572,1
1,6,0.1,76,"prot50_age",0,-0.0375333483098393,0
1,6,0.1,76,"prot50_income",0,0.113724118324056,1
1,6,0.1,76,"prot50_child",0,-0.0518261108623306,0
1,6,0.1,76,"invasive_male",-0.4,-0.245943833253389,1
1,6,0.1,76,"invasive_age",0,0.0135002076306446,0
1,6,0.1,76,"invasive_income",-0.2,-0.06335849162494,0
1,6,0.1,76,"invasive_child",0.1,-0.0711507620730049,0
1,6,0.1,77,"ASC2_male",0.4,0.166959022497862,1
1,6,0.1,77,"ASC2_age",-0.4,-0.0270979563015808,0
1,6,0.1,77,"ASC2_income",0,-0.109084890500342,1
1,6,0.1,77,"ASC2_child",-1.1,-0.125176026975463,1
1,6,0.1,77,"ASC3_male",0,0.177001531790673,1
1,6,0.1,77,"ASC3_age",0,-0.0210855814233473,0
1,6,0.1,77,"ASC3_income",0,-0.0853945534844622,0
1,6,0.1,77,"ASC3_child",0,0.000918221711177846,0
1,6,0.1,77,"prot25_male",0.8,-0.0485167758891475,0
1,6,0.1,77,"prot25_age",0.6,0.0400523478629011,0
1,6,0.1,77,"prot25_income",0,0.0438167606572297,0
1,6,0.1,77,"prot25_child",0,0.0180281354368025,0
1,6,0.1,77,"prot50_male",0,-0.147048192025082,1
1,6,0.1,77,"prot50_age",-0.5,-0.154915693814794,1
1,6,0.1,77,"prot50_income",-1.1,-0.250037332799788,1
1,6,0.1,77,"prot50_child",0,-0.0713465597391127,0
1,6,0.1,77,"invasive_male",0,-0.0670476749553566,0
1,6,0.1,77,"invasive_age",1,0.156172536635546,1
1,6,0.1,77,"invasive_income",0.6,-0.00501292014652264,0
1,6,0.1,77,"invasive_child",-0.2,-0.117385739208374,1
1,6,0.1,78,"ASC2_male",0,0.0661028340630886,0
1,6,0.1,78,"ASC2_age",0,0.121342741210117,1
1,6,0.1,78,"ASC2_income",0,0.141154018815582,1
1,6,0.1,78,"ASC2_child",0,0.236374104322697,1
1,6,0.1,78,"ASC3_male",0,0.110036743015115,1
1,6,0.1,78,"ASC3_age",0,0.084368330691157,0
1,6,0.1,78,"ASC3_income",-0.4,0.0162040849562027,0
1,6,0.1,78,"ASC3_child",0,0.179568513070718,1
1,6,0.1,78,"prot25_male",-1.1,-0.210704873879649,1
1,6,0.1,78,"prot25_age",0,0.00131388582239389,0
1,6,0.1,78,"prot25_income",-0.2,-0.0381486389112338,0
1,6,0.1,78,"prot25_child",0,-0.378820334297973,1
1,6,0.1,78,"prot50_male",0.6,0.0950056110966482,0
1,6,0.1,78,"prot50_age",-0.4,-0.0541766215223304,0
1,6,0.1,78,"prot50_income",-0.9,-0.20392581528045,1
1,6,0.1,78,"prot50_child",0.6,-0.22705027107436,1
1,6,0.1,78,"invasive_male",-0.6,-0.126812235265518,1
1,6,0.1,78,"invasive_age",0.9,0.263408287260644,1
1,6,0.1,78,"invasive_income",1.2,0.326903016982332,1
1,6,0.1,78,"invasive_child",0,-0.180145104473392,1
1,6,0.1,79,"ASC2_male",0,-0.24196663134715,1
1,6,0.1,79,"ASC2_age",0,-0.020736058896587,0
1,6,0.1,79,"ASC2_income",0,-0.0132017785831321,0
1,6,0.1,79,"ASC2_child",0,-0.00645349706038187,0
1,6,0.1,79,"ASC3_male",0,-0.182785293868413,1
1,6,0.1,79,"ASC3_age",0,-0.037414028644248,0
1,6,0.1,79,"ASC3_income",0.2,0.043518123121859,0
1,6,0.1,79,"ASC3_child",-0.3,-0.0529222990770443,0
1,6,0.1,79,"prot25_male",0.2,0.273806942840015,1
1,6,0.1,79,"prot25_age",0,-0.0264210555068465,0
1,6,0.1,79,"prot25_income",0.9,0.233415785087436,1
1,6,0.1,79,"prot25_child",0.3,0.0463886004560707,0
1,6,0.1,79,"prot50_male",1,0.463113306860629,1
1,6,0.1,79,"prot50_age",0,-0.0563842131888574,0
1,6,0.1,79,"prot50_income",-0.7,-0.0238265122117981,0
1,6,0.1,79,"prot50_child",0,-0.122744404947286,1
1,6,0.1,79,"invasive_male",-0.6,-0.0936171539202506,0
1,6,0.1,79,"invasive_age",-1.1,-0.217318737337135,1
1,6,0.1,79,"invasive_income",0,0.0116038061257964,0
1,6,0.1,79,"invasive_child",-0.1,-0.0311647877068746,0
1,6,0.1,80,"ASC2_male",0.8,0.183123196979595,1
1,6,0.1,80,"ASC2_age",0,0.0146925402107362,0
1,6,0.1,80,"ASC2_income",0.4,0.0727908883764317,0
1,6,0.1,80,"ASC2_child",-1,-0.1908689591219,1
1,6,0.1,80,"ASC3_male",0,-0.0490565107145132,0
1,6,0.1,80,"ASC3_age",1,0.131045695191569,1
1,6,0.1,80,"ASC3_income",0,0.0137033940223842,0
1,6,0.1,80,"ASC3_child",-1.1,-0.250195708670977,1
1,6,0.1,80,"prot25_male",0.8,-0.178551988785969,1
1,6,0.1,80,"prot25_age",0,0.118313104945021,1
1,6,0.1,80,"prot25_income",0,-0.0986133157538715,0
1,6,0.1,80,"prot25_child",0.3,0.184355173147912,1
1,6,0.1,80,"prot50_male",0,-0.114156150313259,1
1,6,0.1,80,"prot50_age",1,0.318308674120557,1
1,6,0.1,80,"prot50_income",0,-0.0408569760709982,0
1,6,0.1,80,"prot50_child",0,0.04377485232245,0
1,6,0.1,80,"invasive_male",0,-0.250588708272199,1
1,6,0.1,80,"invasive_age",1,0.218798988466531,1
1,6,0.1,80,"invasive_income",0,-0.0156208789015665,0
1,6,0.1,80,"invasive_child",1.1,0.129454899108683,1
1,6,0.1,81,"ASC2_male",1,0.350529723945704,1
1,6,0.1,81,"ASC2_age",0,-0.102318195461662,1
1,6,0.1,81,"ASC2_income",0,-0.0474716564757919,0
1,6,0.1,81,"ASC2_child",0,0.12379001449565,1
1,6,0.1,81,"ASC3_male",0,0.0782729380416459,0
1,6,0.1,81,"ASC3_age",0,-0.0565810015733736,0
1,6,0.1,81,"ASC3_income",0,-0.0168126742107191,0
1,6,0.1,81,"ASC3_child",-0.4,0.129426614830332,1
1,6,0.1,81,"prot25_male",0,-0.0697027254277543,0
1,6,0.1,81,"prot25_age",0,0.0529217586000787,0
1,6,0.1,81,"prot25_income",0,0.0699620837527269,0
1,6,0.1,81,"prot25_child",-0.2,-0.0305278566172853,0
1,6,0.1,81,"prot50_male",1.1,0.110665310304441,1
1,6,0.1,81,"prot50_age",0.8,0.0593447058246663,0
1,6,0.1,81,"prot50_income",0,0.109294775613129,1
1,6,0.1,81,"prot50_child",-0.3,-0.146946576495145,1
1,6,0.1,81,"invasive_male",-0.2,-0.108969918472958,1
1,6,0.1,81,"invasive_age",-1.2,-0.263364939121277,1
1,6,0.1,81,"invasive_income",0.4,0.0719940156053274,0
1,6,0.1,81,"invasive_child",1.1,0.226918285580034,1
1,6,0.1,82,"ASC2_male",0,0.0928111983543353,0
1,6,0.1,82,"ASC2_age",0,0.163918831446663,1
1,6,0.1,82,"ASC2_income",-0.8,-0.143458827768466,1
1,6,0.1,82,"ASC2_child",0.4,0.170061040885706,1
1,6,0.1,82,"ASC3_male",-0.5,0.0502191932455806,0
1,6,0.1,82,"ASC3_age",0,0.151406901036393,1
1,6,0.1,82,"ASC3_income",0,-0.0344482383313772,0
1,6,0.1,82,"ASC3_child",0,0.0493145926170693,0
1,6,0.1,82,"prot25_male",-0.5,-0.178027807040086,1
1,6,0.1,82,"prot25_age",0,-0.13147649578045,1
1,6,0.1,82,"prot25_income",0.8,0.13046391296213,1
1,6,0.1,82,"prot25_child",0,-0.15201468259424,1
1,6,0.1,82,"prot50_male",-0.3,-0.149302801313481,1
1,6,0.1,82,"prot50_age",0,-0.0290055562851011,0
1,6,0.1,82,"prot50_income",0.6,0.182791600997079,1
1,6,0.1,82,"prot50_child",0.3,-0.0939297928193141,0
1,6,0.1,82,"invasive_male",-1.1,-0.228596783934556,1
1,6,0.1,82,"invasive_age",-1.2,-0.160609518332136,1
1,6,0.1,82,"invasive_income",0,0.064257274309105,0
1,6,0.1,82,"invasive_child",0,-0.171400994279614,1
1,6,0.1,83,"ASC2_male",0.5,-0.138050774186518,1
1,6,0.1,83,"ASC2_age",0,0.0261177216912151,0
1,6,0.1,83,"ASC2_income",-0.6,-0.0877412018886346,0
1,6,0.1,83,"ASC2_child",-0.5,-0.140505420177817,1
1,6,0.1,83,"ASC3_male",0,-0.165836830651815,1
1,6,0.1,83,"ASC3_age",0,0.0146293414608627,0
1,6,0.1,83,"ASC3_income",0,0.00755501195865941,0
1,6,0.1,83,"ASC3_child",0,-0.142798833522582,1
1,6,0.1,83,"prot25_male",-1,-0.090961230248525,0
1,6,0.1,83,"prot25_age",0.1,0.0345301067306923,0
1,6,0.1,83,"prot25_income",0,-0.0235469145607159,0
1,6,0.1,83,"prot25_child",0,0.0824736249866939,0
1,6,0.1,83,"prot50_male",0.7,0.166509389392597,1
1,6,0.1,83,"prot50_age",0,0.0188721719724614,0
1,6,0.1,83,"prot50_income",1.1,0.166507435329184,1
1,6,0.1,83,"prot50_child",0,-0.0251055314213911,0
1,6,0.1,83,"invasive_male",0.7,0.0445433315012765,0
1,6,0.1,83,"invasive_age",-1,-0.126454152937241,1
1,6,0.1,83,"invasive_income",0.3,0.00527615485765223,0
1,6,0.1,83,"invasive_child",0,-0.0604533229247297,0
1,6,0.1,84,"ASC2_male",0,0.190380752057314,1
1,6,0.1,84,"ASC2_age",0,0.0150626182886856,0
1,6,0.1,84,"ASC2_income",-0.9,-0.181548757764447,1
1,6,0.1,84,"ASC2_child",1.1,-0.0286645599618343,0
1,6,0.1,84,"ASC3_male",0.7,0.279394852632025,1
1,6,0.1,84,"ASC3_age",0,0.0244299840139809,0
1,6,0.1,84,"ASC3_income",0,0.019498306946024,0
1,6,0.1,84,"ASC3_child",0.3,0.0999126147978017,0
1,6,0.1,84,"prot25_male",0.3,-0.158996762831829,1
1,6,0.1,84,"prot25_age",0,-0.0440466652802967,0
1,6,0.1,84,"prot25_income",0,0.0627330367741131,0
1,6,0.1,84,"prot25_child",0,0.0934471349493421,0
1,6,0.1,84,"prot50_male",0,-0.171269486651602,1
1,6,0.1,84,"prot50_age",-0.2,-0.0251835072560454,0
1,6,0.1,84,"prot50_income",0.5,0.10748889309952,1
1,6,0.1,84,"prot50_child",0,0.0271411543574858,0
1,6,0.1,84,"invasive_male",0,-0.0311503317372493,0
1,6,0.1,84,"invasive_age",-0.7,-0.154016083652977,1
1,6,0.1,84,"invasive_income",-0.9,-0.0902253129801878,0
1,6,0.1,84,"invasive_child",0.5,-0.00285993403988831,0
1,6,0.1,85,"ASC2_male",0.9,0.22462762903813,1
1,6,0.1,85,"ASC2_age",0,-0.0588158133865795,0
1,6,0.1,85,"ASC2_income",-0.2,-0.0686594840711726,0
1,6,0.1,85,"ASC2_child",0.5,0.0581006019967675,0
1,6,0.1,85,"ASC3_male",0,0.0906736352161679,0
1,6,0.1,85,"ASC3_age",0,-0.0589335106717431,0
1,6,0.1,85,"ASC3_income",0,0.00158566189505843,0
1,6,0.1,85,"ASC3_child",0.8,0.187380198929814,1
1,6,0.1,85,"prot25_male",0.4,0.052001862360853,0
1,6,0.1,85,"prot25_age",0,-0.0081282432319341,0
1,6,0.1,85,"prot25_income",0.5,0.0814271866554808,0
1,6,0.1,85,"prot25_child",-0.2,0.0597980134353367,0
1,6,0.1,85,"prot50_male",-0.1,-0.00768990292254155,0
1,6,0.1,85,"prot50_age",0,0.0295220162300462,0
1,6,0.1,85,"prot50_income",-1.1,-0.12318877133086,1
1,6,0.1,85,"prot50_child",0,0.29088248352734,1
1,6,0.1,85,"invasive_male",0.7,0.190764818748841,1
1,6,0.1,85,"invasive_age",0,-0.0419332689817192,0
1,6,0.1,85,"invasive_income",0,0.0248312600436398,0
1,6,0.1,85,"invasive_child",0,0.144722709985381,1
1,6,0.1,86,"ASC2_male",0.2,0.138521240408026,1
1,6,0.1,86,"ASC2_age",0.4,0.0820854840110809,0
1,6,0.1,86,"ASC2_income",0,0.0303668760839758,0
1,6,0.1,86,"ASC2_child",-0.2,-0.330708484278853,1
1,6,0.1,86,"ASC3_male",-0.2,0.0301732134220446,0
1,6,0.1,86,"ASC3_age",0,0.0213746137221385,0
1,6,0.1,86,"ASC3_income",0,0.0464313467090941,0
1,6,0.1,86,"ASC3_child",0,-0.340677416141175,1
1,6,0.1,86,"prot25_male",0,0.00814037002054346,0
1,6,0.1,86,"prot25_age",0,-0.00763204188810296,0
1,6,0.1,86,"prot25_income",-0.2,-0.119658683869844,1
1,6,0.1,86,"prot25_child",0,0.0965196872689065,0
1,6,0.1,86,"prot50_male",0.6,0.0406278448176853,0
1,6,0.1,86,"prot50_age",-1,-0.171475909729882,1
1,6,0.1,86,"prot50_income",0,-0.0871691774003907,0
1,6,0.1,86,"prot50_child",1,0.167329980511958,1
1,6,0.1,86,"invasive_male",0.5,0.0795667833935084,0
1,6,0.1,86,"invasive_age",0,0.0275543682331299,0
1,6,0.1,86,"invasive_income",0,0.0847276694128348,0
1,6,0.1,86,"invasive_child",-1,-0.339271801561516,1
1,6,0.1,87,"ASC2_male",0.2,0.220484229771362,1
1,6,0.1,87,"ASC2_age",1.1,0.181514487513311,1
1,6,0.1,87,"ASC2_income",0,0.0297110407128083,0
1,6,0.1,87,"ASC2_child",0,-0.0337435818173972,0
1,6,0.1,87,"ASC3_male",0,0.0490394430371904,0
1,6,0.1,87,"ASC3_age",-0.4,-0.0627678406919499,0
1,6,0.1,87,"ASC3_income",0,0.0823424363056036,0
1,6,0.1,87,"ASC3_child",0.7,0.147577364519049,1
1,6,0.1,87,"prot25_male",-1.2,-0.388453905725212,1
1,6,0.1,87,"prot25_age",-0.9,-0.156077884798437,1
1,6,0.1,87,"prot25_income",0,-0.0284065013136231,0
1,6,0.1,87,"prot25_child",-0.2,0.0696422804844321,0
1,6,0.1,87,"prot50_male",-0.5,-0.278781235420273,1
1,6,0.1,87,"prot50_age",0,-0.0287610918558629,0
1,6,0.1,87,"prot50_income",0,-0.120953643423695,1
1,6,0.1,87,"prot50_child",0.4,0.116632468668371,1
1,6,0.1,87,"invasive_male",0,0.05778632452335,0
1,6,0.1,87,"invasive_age",0,0.0586556615279502,0
1,6,0.1,87,"invasive_income",0,-0.0329885177183248,0
1,6,0.1,87,"invasive_child",0.8,0.0566929918461145,0
1,6,0.1,88,"ASC2_male",-1.1,-0.343206476748086,1
1,6,0.1,88,"ASC2_age",0,0.0237355700960143,0
1,6,0.1,88,"ASC2_income",0.3,0.0467137553172898,0
1,6,0.1,88,"ASC2_child",0,-0.0775524716303858,0
1,6,0.1,88,"ASC3_male",-1.1,-0.308651957613244,1
1,6,0.1,88,"ASC3_age",0,-0.0100628414572883,0
1,6,0.1,88,"ASC3_income",0,0.0455238159799161,0
1,6,0.1,88,"ASC3_child",0.5,-0.0749165297246004,0
1,6,0.1,88,"prot25_male",0.6,0.272296809900061,1
1,6,0.1,88,"prot25_age",0,-0.0574721554698748,0
1,6,0.1,88,"prot25_income",0,0.048088094538793,0
1,6,0.1,88,"prot25_child",0,0.0801206039843139,0
1,6,0.1,88,"prot50_male",0,0.137760156567106,1
1,6,0.1,88,"prot50_age",-0.3,-0.0620559052686164,0
1,6,0.1,88,"prot50_income",-0.5,-0.0808998374945186,0
1,6,0.1,88,"prot50_child",0.8,0.333248735512445,1
1,6,0.1,88,"invasive_male",0,0.0317362345884467,0
1,6,0.1,88,"invasive_age",-1.1,-0.210636473792642,1
1,6,0.1,88,"invasive_income",0.4,0.116690814125092,1
1,6,0.1,88,"invasive_child",0,0.110180107001358,1
1,6,0.1,89,"ASC2_male",0,0.228882945401882,1
1,6,0.1,89,"ASC2_age",0,-0.136252310185248,1
1,6,0.1,89,"ASC2_income",0.5,0.177702790160762,1
1,6,0.1,89,"ASC2_child",0,-0.421288916741466,1
1,6,0.1,89,"ASC3_male",0,0.196754053556721,1
1,6,0.1,89,"ASC3_age",0.3,-0.0527559374388468,0
1,6,0.1,89,"ASC3_income",-0.8,-0.0919727327717475,0
1,6,0.1,89,"ASC3_child",0,-0.393557068098686,1
1,6,0.1,89,"prot25_male",0.1,-0.122025498691408,1
1,6,0.1,89,"prot25_age",-0.1,0.0766212467787714,0
1,6,0.1,89,"prot25_income",0,-0.00223647098425363,0
1,6,0.1,89,"prot25_child",-1.2,0.0632944433763043,0
1,6,0.1,89,"prot50_male",-0.5,-0.303860057012626,1
1,6,0.1,89,"prot50_age",0,0.075682507232082,0
1,6,0.1,89,"prot50_income",0,-0.00501475753062011,0
1,6,0.1,89,"prot50_child",0,0.222478616143183,1
1,6,0.1,89,"invasive_male",-0.6,-0.00937817210566656,0
1,6,0.1,89,"invasive_age",0.2,0.0014950051872747,0
1,6,0.1,89,"invasive_income",1.1,0.310312917350144,1
1,6,0.1,89,"invasive_child",0,-0.234442879568184,1
1,6,0.1,90,"ASC2_male",-1,-0.171470726515804,1
1,6,0.1,90,"ASC2_age",-0.2,-0.0755118585265709,0
1,6,0.1,90,"ASC2_income",-0.9,-0.239658636711451,1
1,6,0.1,90,"ASC2_child",0.8,0.0448861058456497,0
1,6,0.1,90,"ASC3_male",0,-0.00390641990633067,0
1,6,0.1,90,"ASC3_age",0,-0.0561826019793828,0
1,6,0.1,90,"ASC3_income",0,-0.125778661742882,1
1,6,0.1,90,"ASC3_child",0.6,-0.0105936336840527,0
1,6,0.1,90,"prot25_male",0,-0.0250968844245709,0
1,6,0.1,90,"prot25_age",0,-0.00180889694735134,0
1,6,0.1,90,"prot25_income",0.8,0.280934338123777,1
1,6,0.1,90,"prot25_child",0,-0.166352286039137,1
1,6,0.1,90,"prot50_male",0,-0.229531616234303,1
1,6,0.1,90,"prot50_age",1,0.168498093639194,1
1,6,0.1,90,"prot50_income",0.6,0.256955052302611,1
1,6,0.1,90,"prot50_child",0,-0.076730106754895,0
1,6,0.1,90,"invasive_male",0,-0.0735521290801653,0
1,6,0.1,90,"invasive_age",0,-0.0650669555046496,0
1,6,0.1,90,"invasive_income",-0.6,-0.0941726797299715,0
1,6,0.1,90,"invasive_child",-1.2,-0.439994250259027,1
1,6,0.1,91,"ASC2_male",1.2,0.147286381659664,1
1,6,0.1,91,"ASC2_age",0.2,0.0958014574210949,0
1,6,0.1,91,"ASC2_income",0,-0.156716309430218,1
1,6,0.1,91,"ASC2_child",0,-0.0335048419467666,0
1,6,0.1,91,"ASC3_male",0,-0.156718459219159,1
1,6,0.1,91,"ASC3_age",0,0.0225225557368901,0
1,6,0.1,91,"ASC3_income",0.6,-0.00455749411794356,0
1,6,0.1,91,"ASC3_child",1.1,0.0692741309512687,0
1,6,0.1,91,"prot25_male",0,0.180929053183924,1
1,6,0.1,91,"prot25_age",0.3,-0.0988897441576833,0
1,6,0.1,91,"prot25_income",0.2,0.100281053987975,1
1,6,0.1,91,"prot25_child",0,0.0441742344371739,0
1,6,0.1,91,"prot50_male",-0.7,-0.0252945575618959,0
1,6,0.1,91,"prot50_age",0,-0.0587052394230644,0
1,6,0.1,91,"prot50_income",-1,-0.171727118843886,1
1,6,0.1,91,"prot50_child",0,0.119901900924577,1
1,6,0.1,91,"invasive_male",-0.6,-0.113369746964269,1
1,6,0.1,91,"invasive_age",0,-0.0542725393023225,0
1,6,0.1,91,"invasive_income",0.4,-0.0598076535847284,0
1,6,0.1,91,"invasive_child",0,0.0450724534877275,0
1,6,0.1,92,"ASC2_male",-0.4,0.0557476708328023,0
1,6,0.1,92,"ASC2_age",0,-0.0168750773078711,0
1,6,0.1,92,"ASC2_income",1,0.112449058842883,1
1,6,0.1,92,"ASC2_child",0,-0.13014927902445,1
1,6,0.1,92,"ASC3_male",-1.1,-0.0498300356585564,0
1,6,0.1,92,"ASC3_age",0.6,0.0660754490043439,0
1,6,0.1,92,"ASC3_income",0.8,0.0365751123543611,0
1,6,0.1,92,"ASC3_child",0,0.0440909947564487,0
1,6,0.1,92,"prot25_male",0,0.0606430397785066,0
1,6,0.1,92,"prot25_age",0,-0.0243672469339722,0
1,6,0.1,92,"prot25_income",0.7,0.195009405333591,1
1,6,0.1,92,"prot25_child",-0.8,-0.259647487502854,1
1,6,0.1,92,"prot50_male",1,-0.0153022628313129,0
1,6,0.1,92,"prot50_age",0,0.105494148745602,1
1,6,0.1,92,"prot50_income",-1.2,-0.112826981130018,1
1,6,0.1,92,"prot50_child",0,0.248355469360019,1
1,6,0.1,92,"invasive_male",0,0.0749692819221532,0
1,6,0.1,92,"invasive_age",0,-0.0439789566205339,0
1,6,0.1,92,"invasive_income",-0.9,-0.196012389033009,1
1,6,0.1,92,"invasive_child",0,0.16357557359322,1
1,6,0.1,93,"ASC2_male",0,0.0133001141510455,0
1,6,0.1,93,"ASC2_age",1,0.133862429500259,1
1,6,0.1,93,"ASC2_income",0,0.0997692277468771,0
1,6,0.1,93,"ASC2_child",-0.3,-0.0715517770301209,0
1,6,0.1,93,"ASC3_male",-1,-0.0699515024310925,0
1,6,0.1,93,"ASC3_age",0,0.0459310316463865,0
1,6,0.1,93,"ASC3_income",0,0.079035785221703,0
1,6,0.1,93,"ASC3_child",0.1,0.106966266966782,1
1,6,0.1,93,"prot25_male",0.7,0.170403379684237,1
1,6,0.1,93,"prot25_age",0,0.0270661576073072,0
1,6,0.1,93,"prot25_income",-0.7,-0.0947484586724198,0
1,6,0.1,93,"prot25_child",0,0.020236627929173,0
1,6,0.1,93,"prot50_male",0,0.192712428425971,1
1,6,0.1,93,"prot50_age",0,-0.0915111542762449,0
1,6,0.1,93,"prot50_income",0,-0.0220079008498068,0
1,6,0.1,93,"prot50_child",0.9,0.184494166181264,1
1,6,0.1,93,"invasive_male",-0.7,0.00646184014176076,0
1,6,0.1,93,"invasive_age",-0.7,-0.133784429225455,1
1,6,0.1,93,"invasive_income",0,0.0506808095342431,0
1,6,0.1,93,"invasive_child",-0.2,-0.0608386100257205,0
1,6,0.1,94,"ASC2_male",0.3,0.0119494474498623,0
1,6,0.1,94,"ASC2_age",-0.4,-0.0262905843501594,0
1,6,0.1,94,"ASC2_income",-0.4,-0.154961288864179,1
1,6,0.1,94,"ASC2_child",-0.6,-0.087521093365327,0
1,6,0.1,94,"ASC3_male",-0.3,0.0186744103983352,0
1,6,0.1,94,"ASC3_age",0,0.0740434942174911,0
1,6,0.1,94,"ASC3_income",0,-0.0195415428786401,0
1,6,0.1,94,"ASC3_child",0.9,0.240306761111286,1
1,6,0.1,94,"prot25_male",0.3,0.13182391545585,1
1,6,0.1,94,"prot25_age",0,-0.0943084131708249,0
1,6,0.1,94,"prot25_income",0.2,-0.0575557418879561,0
1,6,0.1,94,"prot25_child",0,0.0050975961512752,0
1,6,0.1,94,"prot50_male",0,-0.0677824831626784,0
1,6,0.1,94,"prot50_age",0.5,0.0218696706734485,0
1,6,0.1,94,"prot50_income",0,-0.0347904464866701,0
1,6,0.1,94,"prot50_child",-0.1,-0.183061452977508,1
1,6,0.1,94,"invasive_male",0,0.109675121960307,1
1,6,0.1,94,"invasive_age",0,0.00538954768401189,0
1,6,0.1,94,"invasive_income",0,-0.0795355185982753,0
1,6,0.1,94,"invasive_child",0,-0.126745993418922,1
1,6,0.1,95,"ASC2_male",-0.9,-0.254532190776085,1
1,6,0.1,95,"ASC2_age",0,-0.025367710653957,0
1,6,0.1,95,"ASC2_income",0,-0.0541167902067136,0
1,6,0.1,95,"ASC2_child",0,-0.419562582360756,1
1,6,0.1,95,"ASC3_male",0,-0.174390485751517,1
1,6,0.1,95,"ASC3_age",1.1,0.151898734716993,1
1,6,0.1,95,"ASC3_income",0.8,0.087733144964537,0
1,6,0.1,95,"ASC3_child",-1,-0.469162834726859,1
1,6,0.1,95,"prot25_male",-1,-0.0823363760671768,0
1,6,0.1,95,"prot25_age",0.8,0.162019722484552,1
1,6,0.1,95,"prot25_income",0.7,0.216134710402213,1
1,6,0.1,95,"prot25_child",0.6,0.265021046460651,1
1,6,0.1,95,"prot50_male",0,0.142574880604734,1
1,6,0.1,95,"prot50_age",0,0.0506574040134092,0
1,6,0.1,95,"prot50_income",1,0.267855529289983,1
1,6,0.1,95,"prot50_child",0,0.191040828343128,1
1,6,0.1,95,"invasive_male",0,0.0366309553907093,0
1,6,0.1,95,"invasive_age",0,0.0486756703879503,0
1,6,0.1,95,"invasive_income",0,0.00159466897181272,0
1,6,0.1,95,"invasive_child",0.4,0.0188471207791649,0
1,6,0.1,96,"ASC2_male",0.6,-0.0629351401698018,0
1,6,0.1,96,"ASC2_age",0,-0.130830798411013,1
1,6,0.1,96,"ASC2_income",0,-0.0176984547674826,0
1,6,0.1,96,"ASC2_child",0,0.0232309436464688,0
1,6,0.1,96,"ASC3_male",-0.1,-0.186025176740657,1
1,6,0.1,96,"ASC3_age",1.2,0.0378833622992169,0
1,6,0.1,96,"ASC3_income",0,-0.0343599585278581,0
1,6,0.1,96,"ASC3_child",0,-0.0903800314966066,0
1,6,0.1,96,"prot25_male",-0.6,0.258799822046243,1
1,6,0.1,96,"prot25_age",0.3,0.0595213426963944,0
1,6,0.1,96,"prot25_income",-0.8,-0.0923841776716327,0
1,6,0.1,96,"prot25_child",0.7,0.19035093885974,1
1,6,0.1,96,"prot50_male",-1,-0.0167733892745483,0
1,6,0.1,96,"prot50_age",0,0.0762884231152416,0
1,6,0.1,96,"prot50_income",0,0.0735482647911559,0
1,6,0.1,96,"prot50_child",0,-0.0143492861252147,0
1,6,0.1,96,"invasive_male",-0.2,0.071856641576982,0
1,6,0.1,96,"invasive_age",-0.4,-0.167843963485496,1
1,6,0.1,96,"invasive_income",0,0.0247253800304922,0
1,6,0.1,96,"invasive_child",0,0.038415182416315,0
1,6,0.1,97,"ASC2_male",-1,0.168859521289077,1
1,6,0.1,97,"ASC2_age",0.2,-0.0748088631191329,0
1,6,0.1,97,"ASC2_income",0,-0.0116004031572888,0
1,6,0.1,97,"ASC2_child",-0.3,-0.219693013264278,1
1,6,0.1,97,"ASC3_male",0.5,0.352321286880306,1
1,6,0.1,97,"ASC3_age",0.5,-0.00582071491828023,0
1,6,0.1,97,"ASC3_income",0,-0.067805934823653,0
1,6,0.1,97,"ASC3_child",-0.2,-0.262961943530209,1
1,6,0.1,97,"prot25_male",0,-0.106897542464402,1
1,6,0.1,97,"prot25_age",0,0.0857993839387118,0
1,6,0.1,97,"prot25_income",-0.1,0.0786466921882165,0
1,6,0.1,97,"prot25_child",0,0.075759737831312,0
1,6,0.1,97,"prot50_male",0.6,-0.0398594687278817,0
1,6,0.1,97,"prot50_age",0,0.0756115667145575,0
1,6,0.1,97,"prot50_income",-0.5,-0.0583633389070738,0
1,6,0.1,97,"prot50_child",0,-0.0250280506436383,0
1,6,0.1,97,"invasive_male",0,0.128869530850322,1
1,6,0.1,97,"invasive_age",0,-0.000275627213222753,0
1,6,0.1,97,"invasive_income",-0.7,-0.0299421262541693,0
1,6,0.1,97,"invasive_child",0,-0.172415330469131,1
1,6,0.1,98,"ASC2_male",0,0.0543824960855763,0
1,6,0.1,98,"ASC2_age",0,0.00449174941241697,0
1,6,0.1,98,"ASC2_income",-0.5,-0.0167048958767801,0
1,6,0.1,98,"ASC2_child",-1.1,-0.274942822959545,1
1,6,0.1,98,"ASC3_male",-0.3,-0.0911615607689947,0
1,6,0.1,98,"ASC3_age",1,0.117240423009215,1
1,6,0.1,98,"ASC3_income",0,0.0672183888733422,0
1,6,0.1,98,"ASC3_child",-0.6,-0.187511701157815,1
1,6,0.1,98,"prot25_male",-0.4,-0.0200252146765823,0
1,6,0.1,98,"prot25_age",0,0.00251923353523508,0
1,6,0.1,98,"prot25_income",1.2,0.163774496761638,1
1,6,0.1,98,"prot25_child",-0.8,-0.0177309844306396,0
1,6,0.1,98,"prot50_male",-1.1,-0.424002224210381,1
1,6,0.1,98,"prot50_age",0,-0.0596071560234629,0
1,6,0.1,98,"prot50_income",0,-0.0260747919819768,0
1,6,0.1,98,"prot50_child",0,0.301028550846725,1
1,6,0.1,98,"invasive_male",0,-0.0686060721046347,0
1,6,0.1,98,"invasive_age",0,-0.0242852800300414,0
1,6,0.1,98,"invasive_income",0,-0.0468065732134736,0
1,6,0.1,98,"invasive_child",1,0.230621597924231,1
1,6,0.1,99,"ASC2_male",1.1,0.345819334617744,1
1,6,0.1,99,"ASC2_age",0.3,0.0302990531505378,0
1,6,0.1,99,"ASC2_income",-0.8,0.021738968441272,0
1,6,0.1,99,"ASC2_child",0.2,-0.27611914849117,1
1,6,0.1,99,"ASC3_male",1.1,0.23723167449181,1
1,6,0.1,99,"ASC3_age",0,-0.0439642568639483,0
1,6,0.1,99,"ASC3_income",0,0.0338859373121648,0
1,6,0.1,99,"ASC3_child",0,-0.367199387427444,1
1,6,0.1,99,"prot25_male",-0.6,-0.230442083199198,1
1,6,0.1,99,"prot25_age",0,0.0912298954997341,0
1,6,0.1,99,"prot25_income",0,-0.0450931922090948,0
1,6,0.1,99,"prot25_child",0,0.299295470765104,1
1,6,0.1,99,"prot50_male",-0.2,-0.104541917916699,1
1,6,0.1,99,"prot50_age",0.9,0.207382963126939,1
1,6,0.1,99,"prot50_income",-0.1,-0.00418026222179936,0
1,6,0.1,99,"prot50_child",0,0.171556781710149,1
1,6,0.1,99,"invasive_male",0.9,0.240952932468478,1
1,6,0.1,99,"invasive_age",0,0.0167581880504469,0
1,6,0.1,99,"invasive_income",0,0.0345948323485012,0
1,6,0.1,99,"invasive_child",0,-0.102899514156037,1
1,6,0.1,100,"ASC2_male",0.1,0.077783921380162,0
1,6,0.1,100,"ASC2_age",0,0.0020728785702858,0
1,6,0.1,100,"ASC2_income",0,-0.0763641034906047,0
1,6,0.1,100,"ASC2_child",-0.7,-0.12981530498315,1
1,6,0.1,100,"ASC3_male",0,0.0186311169137967,0
1,6,0.1,100,"ASC3_age",0,0.0191096455939184,0
1,6,0.1,100,"ASC3_income",-0.7,-0.157092422947424,1
1,6,0.1,100,"ASC3_child",-1.1,-0.170205847296608,1
1,6,0.1,100,"prot25_male",0,0.122107563001611,1
1,6,0.1,100,"prot25_age",-0.7,-0.171028062499826,1
1,6,0.1,100,"prot25_income",0,-0.00192031679453567,0
1,6,0.1,100,"prot25_child",-0.6,-0.0808113935066284,0
1,6,0.1,100,"prot50_male",0,0.0659119692747747,0
1,6,0.1,100,"prot50_age",0,-0.128531483929736,1
1,6,0.1,100,"prot50_income",0.5,0.0217338873732307,0
1,6,0.1,100,"prot50_child",1,0.120392221195993,1
1,6,0.1,100,"invasive_male",0,0.0487081149271471,0
1,6,0.1,100,"invasive_age",0,-0.0313758832204235,0
1,6,0.1,100,"invasive_income",0.8,0.0278676973587259,0
1,6,0.1,100,"invasive_child",0.4,0.0413983921158374,0
1,6,0.5,1,"ASC2_male",0.9,0.0498387063679361,0
1,6,0.5,1,"ASC2_age",0.3,0.107069952190632,0
1,6,0.5,1,"ASC2_income",0,-0.0111085131252519,0
1,6,0.5,1,"ASC2_child",0,0.0453498473679765,0
1,6,0.5,1,"ASC3_male",-1.1,-0.370025251990816,0
1,6,0.5,1,"ASC3_age",0,0.0224884627484406,0
1,6,0.5,1,"ASC3_income",0.8,0.136712861477617,0
1,6,0.5,1,"ASC3_child",0,0.0345700615906368,0
1,6,0.5,1,"prot25_male",1.2,0.392787324797145,0
1,6,0.5,1,"prot25_age",0.7,0.14988556896661,0
1,6,0.5,1,"prot25_income",0,0.0623274956595732,0
1,6,0.5,1,"prot25_child",1.1,0.238205786921023,0
1,6,0.5,1,"prot50_male",0,0.156443129493802,0
1,6,0.5,1,"prot50_age",0,-0.0211117668618293,0
1,6,0.5,1,"prot50_income",-1.2,-0.157959543648626,0
1,6,0.5,1,"prot50_child",1.1,0.093827348073394,0
1,6,0.5,1,"invasive_male",0,0.0890968665894504,0
1,6,0.5,1,"invasive_age",-0.6,-0.102706733117117,0
1,6,0.5,1,"invasive_income",0,-0.00162002331423281,0
1,6,0.5,1,"invasive_child",0,-0.0498405692815218,0
1,6,0.5,2,"ASC2_male",0,0.211105471261001,0
1,6,0.5,2,"ASC2_age",0.1,-0.0850475408160946,0
1,6,0.5,2,"ASC2_income",0.7,0.159868916218023,0
1,6,0.5,2,"ASC2_child",-0.4,-0.0506520747454697,0
1,6,0.5,2,"ASC3_male",0,0.254189464097189,0
1,6,0.5,2,"ASC3_age",0.4,-0.0221317679343689,0
1,6,0.5,2,"ASC3_income",-0.8,-0.0621337614670048,0
1,6,0.5,2,"ASC3_child",0,0.0645745656611538,0
1,6,0.5,2,"prot25_male",0.5,0.017821169311682,0
1,6,0.5,2,"prot25_age",0.8,0.181920292076816,0
1,6,0.5,2,"prot25_income",0,-0.0932507718137791,0
1,6,0.5,2,"prot25_child",0,-0.101283217664153,0
1,6,0.5,2,"prot50_male",0,-0.286676850683204,0
1,6,0.5,2,"prot50_age",0,0.141368123056102,0
1,6,0.5,2,"prot50_income",0,-0.129075281228001,0
1,6,0.5,2,"prot50_child",0,-0.0617234232456035,0
1,6,0.5,2,"invasive_male",1,0.0836445886812848,0
1,6,0.5,2,"invasive_age",-0.1,-0.00897890978553329,0
1,6,0.5,2,"invasive_income",0,-0.0220951365181735,0
1,6,0.5,2,"invasive_child",-0.6,-0.049121150356018,0
1,6,0.5,3,"ASC2_male",-0.9,-0.0737621586908377,0
1,6,0.5,3,"ASC2_age",-0.4,-0.197213691003486,0
1,6,0.5,3,"ASC2_income",0,0.01050171538784,0
1,6,0.5,3,"ASC2_child",0,-0.131432630163928,0
1,6,0.5,3,"ASC3_male",-0.7,-0.166339640843176,0
1,6,0.5,3,"ASC3_age",0,-0.037669578901927,0
1,6,0.5,3,"ASC3_income",0,-0.00654209779222919,0
1,6,0.5,3,"ASC3_child",1,0.0456314332492046,0
1,6,0.5,3,"prot25_male",0,0.0121503330028718,0
1,6,0.5,3,"prot25_age",0,0.0755350672468653,0
1,6,0.5,3,"prot25_income",0,-0.031324390205402,0
1,6,0.5,3,"prot25_child",0,0.135305370163241,0
1,6,0.5,3,"prot50_male",0.7,0.0192577812054608,0
1,6,0.5,3,"prot50_age",-0.2,0.0428482318246102,0
1,6,0.5,3,"prot50_income",-1,-0.127292215673405,0
1,6,0.5,3,"prot50_child",-0.8,0.105664054065905,0
1,6,0.5,3,"invasive_male",0,-0.125828661866226,0
1,6,0.5,3,"invasive_age",0,-0.0339080258527421,0
1,6,0.5,3,"invasive_income",-1.2,-0.226154776606451,0
1,6,0.5,3,"invasive_child",1,0.112068942685733,0
1,6,0.5,4,"ASC2_male",0,0.217113661251265,0
1,6,0.5,4,"ASC2_age",-0.1,-0.160546585148472,0
1,6,0.5,4,"ASC2_income",0,-0.00773659912949345,0
1,6,0.5,4,"ASC2_child",-0.6,-0.0539463039158153,0
1,6,0.5,4,"ASC3_male",0,0.172962493173751,0
1,6,0.5,4,"ASC3_age",1,0.160796275821148,0
1,6,0.5,4,"ASC3_income",0,0.0160434932662185,0
1,6,0.5,4,"ASC3_child",0,0.0879518603270011,0
1,6,0.5,4,"prot25_male",0,0.00451827401754287,0
1,6,0.5,4,"prot25_age",-0.5,-0.107179187556213,0
1,6,0.5,4,"prot25_income",0,-0.00994824591993555,0
1,6,0.5,4,"prot25_child",0,-0.0511725169379024,0
1,6,0.5,4,"prot50_male",0.1,-0.0197607752449884,0
1,6,0.5,4,"prot50_age",1,0.207524428592697,0
1,6,0.5,4,"prot50_income",0,0.048740097133211,0
1,6,0.5,4,"prot50_child",-1,-0.0971225876597112,0
1,6,0.5,4,"invasive_male",-1,-0.069762294059876,0
1,6,0.5,4,"invasive_age",-0.9,-0.131397933414215,0
1,6,0.5,4,"invasive_income",-0.3,-0.0912294953498064,0
1,6,0.5,4,"invasive_child",0,0.238170636991191,0
1,6,0.5,5,"ASC2_male",0,0.144999449417464,0
1,6,0.5,5,"ASC2_age",0.7,0.0199551406349388,0
1,6,0.5,5,"ASC2_income",-0.4,-0.138789770454847,0
1,6,0.5,5,"ASC2_child",-0.3,-0.0945531031047429,0
1,6,0.5,5,"ASC3_male",0,0.188489765244269,0
1,6,0.5,5,"ASC3_age",0,-0.0561607230380062,0
1,6,0.5,5,"ASC3_income",0.9,0.129434447264952,0
1,6,0.5,5,"ASC3_child",-0.6,-0.139344564477536,0
1,6,0.5,5,"prot25_male",0.9,0.1343776662351,0
1,6,0.5,5,"prot25_age",0,0.102405826842475,0
1,6,0.5,5,"prot25_income",-0.3,-0.119118826553044,0
1,6,0.5,5,"prot25_child",0,0.0992134374107009,0
1,6,0.5,5,"prot50_male",0.4,0.0605954555865154,0
1,6,0.5,5,"prot50_age",0,0.118568672785739,0
1,6,0.5,5,"prot50_income",0.5,0.113878770287647,0
1,6,0.5,5,"prot50_child",0,0.0457941037383108,0
1,6,0.5,5,"invasive_male",0.7,0.279712086870039,0
1,6,0.5,5,"invasive_age",0,-0.0325524762887502,0
1,6,0.5,5,"invasive_income",0,0.0281383046476411,0
1,6,0.5,5,"invasive_child",0,0.0117084363738675,0
1,6,0.5,6,"ASC2_male",0.4,0.272250624942431,0
1,6,0.5,6,"ASC2_age",0.7,0.0190626828769303,0
1,6,0.5,6,"ASC2_income",0,0.00226010942267429,0
1,6,0.5,6,"ASC2_child",0,0.101878706340708,0
1,6,0.5,6,"ASC3_male",0,0.146513883229068,0
1,6,0.5,6,"ASC3_age",0,-0.0841178537366874,0
1,6,0.5,6,"ASC3_income",0,0.0289035044274837,0
1,6,0.5,6,"ASC3_child",1.2,0.258759300372159,0
1,6,0.5,6,"prot25_male",-0.4,-0.346523314159518,0
1,6,0.5,6,"prot25_age",-0.3,0.128853238797252,0
1,6,0.5,6,"prot25_income",0,-0.0452724134535571,0
1,6,0.5,6,"prot25_child",0,-0.0148820801366046,0
1,6,0.5,6,"prot50_male",0,-0.00129112100103781,0
1,6,0.5,6,"prot50_age",-1.1,-0.0718905377460728,0
1,6,0.5,6,"prot50_income",-0.2,-0.0771601319796455,0
1,6,0.5,6,"prot50_child",-0.2,0.0454162639369618,0
1,6,0.5,6,"invasive_male",0,0.103849373619155,0
1,6,0.5,6,"invasive_age",1,0.183366840424993,0
1,6,0.5,6,"invasive_income",0,-0.0147431777534266,0
1,6,0.5,6,"invasive_child",0.9,0.406357742785389,0
1,6,0.5,7,"ASC2_male",0.8,-0.0339836693042408,0
1,6,0.5,7,"ASC2_age",0,-0.054507339001115,0
1,6,0.5,7,"ASC2_income",0,0.0142529123861615,0
1,6,0.5,7,"ASC2_child",1.2,0.211091083722642,0
1,6,0.5,7,"ASC3_male",-0.7,-0.299971100963817,0
1,6,0.5,7,"ASC3_age",0,-0.0147519862086817,0
1,6,0.5,7,"ASC3_income",0,0.0709339614210157,0
1,6,0.5,7,"ASC3_child",-1,-0.0767700658513483,0
1,6,0.5,7,"prot25_male",1.2,0.248431769080607,0
1,6,0.5,7,"prot25_age",0.8,0.285837890459889,0
1,6,0.5,7,"prot25_income",0,-0.042025242930257,0
1,6,0.5,7,"prot25_child",0.7,0.239456237791803,0
1,6,0.5,7,"prot50_male",0,0.000718958215572637,0
1,6,0.5,7,"prot50_age",-0.4,-0.0107429949371088,0
1,6,0.5,7,"prot50_income",0,-0.0625282697144305,0
1,6,0.5,7,"prot50_child",0.6,0.00674612157248685,0
1,6,0.5,7,"invasive_male",0,-0.114432405343548,0
1,6,0.5,7,"invasive_age",0,0.0213337356902216,0
1,6,0.5,7,"invasive_income",1.1,0.208704556220999,0
1,6,0.5,7,"invasive_child",0,0.0294347243071491,0
1,6,0.5,8,"ASC2_male",0,0.089520123192047,0
1,6,0.5,8,"ASC2_age",-1.2,-0.240745614821656,0
1,6,0.5,8,"ASC2_income",0,0.0481901414523805,0
1,6,0.5,8,"ASC2_child",0,0.0779824970375884,0
1,6,0.5,8,"ASC3_male",-0.3,-0.120673737440297,0
1,6,0.5,8,"ASC3_age",0.9,0.137488232050522,0
1,6,0.5,8,"ASC3_income",0,0.010846715689998,0
1,6,0.5,8,"ASC3_child",1.2,0.129720314891794,0
1,6,0.5,8,"prot25_male",0,-0.100680872164931,0
1,6,0.5,8,"prot25_age",-0.2,0.0789786596044234,0
1,6,0.5,8,"prot25_income",0,-0.00340644608180141,0
1,6,0.5,8,"prot25_child",1.1,0.134846089189218,0
1,6,0.5,8,"prot50_male",1.1,0.205650261903071,0
1,6,0.5,8,"prot50_age",0,0.0649617355380547,0
1,6,0.5,8,"prot50_income",-0.2,-0.0767274373174415,0
1,6,0.5,8,"prot50_child",0,-0.100406086123563,0
1,6,0.5,8,"invasive_male",0,-0.019084466624032,0
1,6,0.5,8,"invasive_age",0.7,0.144722345721405,0
1,6,0.5,8,"invasive_income",0.3,-0.032617784470253,0
1,6,0.5,8,"invasive_child",0,-0.152366002250152,0
1,6,0.5,9,"ASC2_male",1,0.262522622718704,0
1,6,0.5,9,"ASC2_age",0,-0.0433682156955857,0
1,6,0.5,9,"ASC2_income",0,-0.0660394920408827,0
1,6,0.5,9,"ASC2_child",-1.2,-0.0382567170730968,0
1,6,0.5,9,"ASC3_male",0.9,0.254235593894638,0
1,6,0.5,9,"ASC3_age",-0.6,-0.106652003085845,0
1,6,0.5,9,"ASC3_income",0,-0.0714842405590331,0
1,6,0.5,9,"ASC3_child",-0.9,-0.127573174065017,0
1,6,0.5,9,"prot25_male",-0.3,-0.114961966181031,0
1,6,0.5,9,"prot25_age",0,0.0318919888082201,0
1,6,0.5,9,"prot25_income",0,0.0344538100392144,0
1,6,0.5,9,"prot25_child",0,-0.200176638605269,0
1,6,0.5,9,"prot50_male",-0.2,0.0226874314221344,0
1,6,0.5,9,"prot50_age",0.6,0.142710566522833,0
1,6,0.5,9,"prot50_income",-0.7,-0.0516308626866264,0
1,6,0.5,9,"prot50_child",0,0.0356843854236797,0
1,6,0.5,9,"invasive_male",0,0.0357241887051667,0
1,6,0.5,9,"invasive_age",0,-0.0181399830071531,0
1,6,0.5,9,"invasive_income",-0.7,-0.0750855105335234,0
1,6,0.5,9,"invasive_child",0,0.00567555279269085,0
1,6,0.5,10,"ASC2_male",0.9,0.0497493317104098,0
1,6,0.5,10,"ASC2_age",0,0.00928181568445328,0
1,6,0.5,10,"ASC2_income",1.2,0.217164296775072,0
1,6,0.5,10,"ASC2_child",-0.8,-0.0753286625383919,0
1,6,0.5,10,"ASC3_male",0.4,0.0501362633603651,0
1,6,0.5,10,"ASC3_age",-0.4,-0.0810421938229084,0
1,6,0.5,10,"ASC3_income",0,-0.0114221165693774,0
1,6,0.5,10,"ASC3_child",0,0.148247963314631,0
1,6,0.5,10,"prot25_male",1,0.0954651116833116,0
1,6,0.5,10,"prot25_age",0,0.035114759753068,0
1,6,0.5,10,"prot25_income",0,-0.0581895696555448,0
1,6,0.5,10,"prot25_child",0,-0.133710195220595,0
1,6,0.5,10,"prot50_male",0.4,0.0335523494777903,0
1,6,0.5,10,"prot50_age",0,0.0311911795017518,0
1,6,0.5,10,"prot50_income",0,-0.019133463387701,0
1,6,0.5,10,"prot50_child",0.7,-0.020794630281684,0
1,6,0.5,10,"invasive_male",0,-0.0634271203405884,0
1,6,0.5,10,"invasive_age",0.6,0.128481915485744,0
1,6,0.5,10,"invasive_income",0,0.0138991068282348,0
1,6,0.5,10,"invasive_child",-0.7,-0.0682152422524787,0
1,6,0.5,11,"ASC2_male",1.1,0.287764837784265,0
1,6,0.5,11,"ASC2_age",-0.5,-0.187950064720861,0
1,6,0.5,11,"ASC2_income",0,0.0260190395842114,0
1,6,0.5,11,"ASC2_child",-0.5,-0.249639997994389,0
1,6,0.5,11,"ASC3_male",0,0.0861354045309506,0
1,6,0.5,11,"ASC3_age",0,-0.115145766881826,0
1,6,0.5,11,"ASC3_income",-0.7,-0.0862397682432047,0
1,6,0.5,11,"ASC3_child",0,-0.00272038922230513,0
1,6,0.5,11,"prot25_male",0,0.133258030408021,0
1,6,0.5,11,"prot25_age",0.7,0.199283830505403,0
1,6,0.5,11,"prot25_income",0,0.0527350650802291,0
1,6,0.5,11,"prot25_child",0,0.0600899825344948,0
1,6,0.5,11,"prot50_male",-1,-0.0126111973608352,0
1,6,0.5,11,"prot50_age",0.7,0.217769753266818,0
1,6,0.5,11,"prot50_income",0.1,-0.0305151365256417,0
1,6,0.5,11,"prot50_child",1.2,0.374709776705506,0
1,6,0.5,11,"invasive_male",0,0.222230863774293,0
1,6,0.5,11,"invasive_age",0,-0.00207577484092162,0
1,6,0.5,11,"invasive_income",-0.2,-0.0469332013794936,0
1,6,0.5,11,"invasive_child",0,0.00534334598365885,0
1,6,0.5,12,"ASC2_male",0,0.0994668581764614,0
1,6,0.5,12,"ASC2_age",0.8,0.230313612275672,0
1,6,0.5,12,"ASC2_income",0,-0.0876746441770224,0
1,6,0.5,12,"ASC2_child",0,-0.0279496156083264,0
1,6,0.5,12,"ASC3_male",0.6,0.314330846784868,0
1,6,0.5,12,"ASC3_age",0.2,0.117832244212666,0
1,6,0.5,12,"ASC3_income",0,-0.0926205478316707,0
1,6,0.5,12,"ASC3_child",0,-0.0482032258241318,0
1,6,0.5,12,"prot25_male",0,-0.223296652252374,0
1,6,0.5,12,"prot25_age",-0.9,-0.21024837648338,0
1,6,0.5,12,"prot25_income",0,0.122717151304585,0
1,6,0.5,12,"prot25_child",0.2,-0.033330487833721,0
1,6,0.5,12,"prot50_male",-0.7,-0.484891195858336,0
1,6,0.5,12,"prot50_age",-0.6,-0.182301350861183,0
1,6,0.5,12,"prot50_income",0,0.0253439067261374,0
1,6,0.5,12,"prot50_child",0,-0.111439487839879,0
1,6,0.5,12,"invasive_male",-0.7,0.0584721783871773,0
1,6,0.5,12,"invasive_age",-1.2,-0.212727747198684,0
1,6,0.5,12,"invasive_income",-1.1,-0.21287014609679,0
1,6,0.5,12,"invasive_child",0,-0.012753992903771,0
1,6,0.5,13,"ASC2_male",-0.7,-0.340034160823887,0
1,6,0.5,13,"ASC2_age",-0.3,0.101242506778666,0
1,6,0.5,13,"ASC2_income",0,0.0507365220487594,0
1,6,0.5,13,"ASC2_child",0,-0.0490669903844287,0
1,6,0.5,13,"ASC3_male",0,-0.208957666370949,0
1,6,0.5,13,"ASC3_age",0,0.124591011997002,0
1,6,0.5,13,"ASC3_income",0,0.0757443538743213,0
1,6,0.5,13,"ASC3_child",-1.1,-0.192421388912657,0
1,6,0.5,13,"prot25_male",-0.5,-0.0498327540330839,0
1,6,0.5,13,"prot25_age",0,-0.062279247089184,0
1,6,0.5,13,"prot25_income",0.3,0.00867093530897665,0
1,6,0.5,13,"prot25_child",-0.3,-0.0379939462021781,0
1,6,0.5,13,"prot50_male",0.9,0.164648810540015,0
1,6,0.5,13,"prot50_age",1,0.109510497019097,0
1,6,0.5,13,"prot50_income",-0.5,-0.101905330555938,0
1,6,0.5,13,"prot50_child",0,-0.0685779121916388,0
1,6,0.5,13,"invasive_male",0,-0.229972727179083,0
1,6,0.5,13,"invasive_age",0,0.0239776296679845,0
1,6,0.5,13,"invasive_income",1,0.208911460715318,0
1,6,0.5,13,"invasive_child",0,0.00724134942268667,0
1,6,0.5,14,"ASC2_male",0.7,0.144988896289724,0
1,6,0.5,14,"ASC2_age",0,0.141453029617455,0
1,6,0.5,14,"ASC2_income",0,-0.061431849823683,0
1,6,0.5,14,"ASC2_child",-1.2,-0.0317280035715068,0
1,6,0.5,14,"ASC3_male",-1.1,-0.156542234113394,0
1,6,0.5,14,"ASC3_age",0,0.158586902004823,0
1,6,0.5,14,"ASC3_income",0,-0.0372539642229441,0
1,6,0.5,14,"ASC3_child",0,0.0736958886201247,0
1,6,0.5,14,"prot25_male",0,0.0461801218159434,0
1,6,0.5,14,"prot25_age",-0.2,-0.160986939836612,0
1,6,0.5,14,"prot25_income",-1,-0.186471529287036,0
1,6,0.5,14,"prot25_child",-0.2,-0.156724899682312,0
1,6,0.5,14,"prot50_male",0,0.00118321298174332,0
1,6,0.5,14,"prot50_age",-1,-0.229013563233872,0
1,6,0.5,14,"prot50_income",1,0.223860549759782,0
1,6,0.5,14,"prot50_child",0,0.0415804677270104,0
1,6,0.5,14,"invasive_male",0,-0.128861807228919,0
1,6,0.5,14,"invasive_age",0.6,0.0887766290360141,0
1,6,0.5,14,"invasive_income",0.2,0.018202504532799,0
1,6,0.5,14,"invasive_child",0,0.0551002011518865,0
1,6,0.5,15,"ASC2_male",-0.1,0.0938228841361989,0
1,6,0.5,15,"ASC2_age",-0.6,-0.0922504818121314,0
1,6,0.5,15,"ASC2_income",0.3,0.129604762752942,0
1,6,0.5,15,"ASC2_child",0,0.167422931861633,0
1,6,0.5,15,"ASC3_male",0,0.195402880928573,0
1,6,0.5,15,"ASC3_age",0,-0.0748342490791053,0
1,6,0.5,15,"ASC3_income",1.1,0.228353489428608,0
1,6,0.5,15,"ASC3_child",1.2,0.405650323850014,0
1,6,0.5,15,"prot25_male",0,-0.15370831505173,0
1,6,0.5,15,"prot25_age",0,-0.0686633458009798,0
1,6,0.5,15,"prot25_income",0,-0.0327081036798806,0
1,6,0.5,15,"prot25_child",0.8,0.0485117922665544,0
1,6,0.5,15,"prot50_male",0,-0.175306170697944,0
1,6,0.5,15,"prot50_age",0.8,0.116077651195101,0
1,6,0.5,15,"prot50_income",0.2,0.0338216575083917,0
1,6,0.5,15,"prot50_child",0,0.00679864842227927,0
1,6,0.5,15,"invasive_male",0,-0.0485264243203924,0
1,6,0.5,15,"invasive_age",-1.2,-0.189214769191566,0
1,6,0.5,15,"invasive_income",0,0.044862784466097,0
1,6,0.5,15,"invasive_child",0.9,0.13498381287438,0
1,6,0.5,16,"ASC2_male",1,0.425726287483266,0
1,6,0.5,16,"ASC2_age",1,0.0819699254088296,0
1,6,0.5,16,"ASC2_income",0,-0.0929347660332209,0
1,6,0.5,16,"ASC2_child",0,0.109468691105236,0
1,6,0.5,16,"ASC3_male",0.7,0.42758565339522,0
1,6,0.5,16,"ASC3_age",0,-0.0818375628108747,0
1,6,0.5,16,"ASC3_income",0,-0.0820908670095323,0
1,6,0.5,16,"ASC3_child",-1,-0.0605288114090411,0
1,6,0.5,16,"prot25_male",0,-0.210869417526258,0
1,6,0.5,16,"prot25_age",0.2,0.0707008830989032,0
1,6,0.5,16,"prot25_income",0,0.0391392995924578,0
1,6,0.5,16,"prot25_child",0,-0.0129060959203573,0
1,6,0.5,16,"prot50_male",0.9,0.046792813109616,0
1,6,0.5,16,"prot50_age",0.5,0.165703152724172,0
1,6,0.5,16,"prot50_income",0,0.0263104459182281,0
1,6,0.5,16,"prot50_child",-0.3,-0.0223467739090773,0
1,6,0.5,16,"invasive_male",-0.4,0.048755943472857,0
1,6,0.5,16,"invasive_age",0,0.00389144550761538,0
1,6,0.5,16,"invasive_income",0.2,-0.0225304876950908,0
1,6,0.5,16,"invasive_child",0,0.0516544198457636,0
1,6,0.5,17,"ASC2_male",0.6,0.0944596048800678,0
1,6,0.5,17,"ASC2_age",-1,-0.135714800565423,0
1,6,0.5,17,"ASC2_income",1,0.308559049190757,0
1,6,0.5,17,"ASC2_child",0.8,-0.05953826782516,0
1,6,0.5,17,"ASC3_male",0,0.00830969039766788,0
1,6,0.5,17,"ASC3_age",0,-0.0247759919321225,0
1,6,0.5,17,"ASC3_income",0.7,0.258457325293905,0
1,6,0.5,17,"ASC3_child",-0.4,-0.151111574960171,0
1,6,0.5,17,"prot25_male",0,-0.01126077383526,0
1,6,0.5,17,"prot25_age",0,0.0305275277440625,0
1,6,0.5,17,"prot25_income",0,-0.135658376372737,0
1,6,0.5,17,"prot25_child",-0.7,-0.0243749025104352,0
1,6,0.5,17,"prot50_male",0,-0.105240255730097,0
1,6,0.5,17,"prot50_age",0,0.0474500138915313,0
1,6,0.5,17,"prot50_income",0.4,-0.00304940632903081,0
1,6,0.5,17,"prot50_child",-1.1,-0.129557692995695,0
1,6,0.5,17,"invasive_male",0,-0.067539954386485,0
1,6,0.5,17,"invasive_age",0,0.00272052819332871,0
1,6,0.5,17,"invasive_income",0,-0.0888382424857235,0
1,6,0.5,17,"invasive_child",0.8,0.0111861941132308,0
1,6,0.5,18,"ASC2_male",0,0.0674109396429114,0
1,6,0.5,18,"ASC2_age",0,0.0368620360859124,0
1,6,0.5,18,"ASC2_income",0.2,0.0507298241575359,0
1,6,0.5,18,"ASC2_child",0,0.253888892346282,0
1,6,0.5,18,"ASC3_male",0.3,0.11956692114382,0
1,6,0.5,18,"ASC3_age",0,0.0238338846697695,0
1,6,0.5,18,"ASC3_income",0.7,0.0694353028649238,0
1,6,0.5,18,"ASC3_child",0,0.0927773881989052,0
1,6,0.5,18,"prot25_male",0,0.00784914413512727,0
1,6,0.5,18,"prot25_age",0.2,0.0575482990741473,0
1,6,0.5,18,"prot25_income",0,0.00827112449196022,0
1,6,0.5,18,"prot25_child",0.9,-0.126975088050599,0
1,6,0.5,18,"prot50_male",-0.9,-0.139410872398549,0
1,6,0.5,18,"prot50_age",0,0.0743830576714107,0
1,6,0.5,18,"prot50_income",0,-0.0111808375028603,0
1,6,0.5,18,"prot50_child",0,0.0719827366196125,0
1,6,0.5,18,"invasive_male",-0.9,-0.0720153373947657,0
1,6,0.5,18,"invasive_age",0.1,0.0890561028682031,0
1,6,0.5,18,"invasive_income",-0.5,-0.0943439312720649,0
1,6,0.5,18,"invasive_child",-0.2,0.110946126249715,0
1,6,0.5,19,"ASC2_male",0,-0.103616661937617,0
1,6,0.5,19,"ASC2_age",1.2,0.324857098220463,0
1,6,0.5,19,"ASC2_income",0,-0.0951889278465351,0
1,6,0.5,19,"ASC2_child",0,0.0598437708408919,0
1,6,0.5,19,"ASC3_male",0.1,-0.127077454901695,0
1,6,0.5,19,"ASC3_age",0,0.0714322246381499,0
1,6,0.5,19,"ASC3_income",0.7,0.00562328770603029,0
1,6,0.5,19,"ASC3_child",0,0.0375045277654989,0
1,6,0.5,19,"prot25_male",0,0.0364703988529792,0
1,6,0.5,19,"prot25_age",0.2,-0.018752878351048,0
1,6,0.5,19,"prot25_income",-0.1,0.00657591872677669,0
1,6,0.5,19,"prot25_child",0.6,-0.025461753603703,0
1,6,0.5,19,"prot50_male",0.4,0.175756709248836,0
1,6,0.5,19,"prot50_age",0,-0.0961315566823777,0
1,6,0.5,19,"prot50_income",0,0.0347413439546375,0
1,6,0.5,19,"prot50_child",0,-0.0629041375765856,0
1,6,0.5,19,"invasive_male",0.6,-3.5470409212298e-05,0
1,6,0.5,19,"invasive_age",0,-0.0356866453753461,0
1,6,0.5,19,"invasive_income",0.2,-0.00819817357544881,0
1,6,0.5,19,"invasive_child",-0.8,-0.0741105294022835,0
1,6,0.5,20,"ASC2_male",-1,-0.122721286403143,0
1,6,0.5,20,"ASC2_age",1,0.171029141609967,0
1,6,0.5,20,"ASC2_income",-0.8,-0.154766574023032,0
1,6,0.5,20,"ASC2_child",0,0.188684862824198,0
1,6,0.5,20,"ASC3_male",0,0.0237393029963754,0
1,6,0.5,20,"ASC3_age",0,0.0508110755893089,0
1,6,0.5,20,"ASC3_income",0,0.041972039095864,0
1,6,0.5,20,"ASC3_child",0,0.122714391133711,0
1,6,0.5,20,"prot25_male",0,0.00277529704276137,0
1,6,0.5,20,"prot25_age",0,0.00882679796731226,0
1,6,0.5,20,"prot25_income",0.3,-0.0151138749624628,0
1,6,0.5,20,"prot25_child",0.3,-0.0485855601750339,0
1,6,0.5,20,"prot50_male",0.4,-0.0180589861248449,0
1,6,0.5,20,"prot50_age",-0.9,-0.109464001357657,0
1,6,0.5,20,"prot50_income",-1.1,-0.258647009538703,0
1,6,0.5,20,"prot50_child",0,0.030708794259337,0
1,6,0.5,20,"invasive_male",0,-0.105568121139571,0
1,6,0.5,20,"invasive_age",-0.3,0.0250208590861249,0
1,6,0.5,20,"invasive_income",-0.7,-0.163806103341713,0
1,6,0.5,20,"invasive_child",0,0.247770174720051,0
1,6,0.5,21,"ASC2_male",-0.1,-0.116331790574663,0
1,6,0.5,21,"ASC2_age",0,-0.011534668261394,0
1,6,0.5,21,"ASC2_income",0,0.0516258965939279,0
1,6,0.5,21,"ASC2_child",0.4,-0.0905343854139024,0
1,6,0.5,21,"ASC3_male",0,0.0252069795206835,0
1,6,0.5,21,"ASC3_age",-0.8,-0.17025504462079,0
1,6,0.5,21,"ASC3_income",0,-0.00766687038946689,0
1,6,0.5,21,"ASC3_child",-0.3,-0.106110018869804,0
1,6,0.5,21,"prot25_male",-0.8,-0.107350727736057,0
1,6,0.5,21,"prot25_age",-0.4,-0.0311034245136654,0
1,6,0.5,21,"prot25_income",0,0.0505294290638712,0
1,6,0.5,21,"prot25_child",-0.3,0.179533134847057,0
1,6,0.5,21,"prot50_male",0.5,0.00787574720182698,0
1,6,0.5,21,"prot50_age",0,-0.0736772448674137,0
1,6,0.5,21,"prot50_income",0,0.0448266078312673,0
1,6,0.5,21,"prot50_child",0.1,0.161313524329814,0
1,6,0.5,21,"invasive_male",0,-0.138915908835307,0
1,6,0.5,21,"invasive_age",-0.3,-0.120190579833736,0
1,6,0.5,21,"invasive_income",0,0.0500207109260816,0
1,6,0.5,21,"invasive_child",0,-0.066284784510236,0
1,6,0.5,22,"ASC2_male",0.9,0.137297034874529,0
1,6,0.5,22,"ASC2_age",0,-0.044021017291978,0
1,6,0.5,22,"ASC2_income",0,-0.0904510371869092,0
1,6,0.5,22,"ASC2_child",-0.7,-0.0729498140010646,0
1,6,0.5,22,"ASC3_male",-0.7,-0.0295761076978183,0
1,6,0.5,22,"ASC3_age",0,-0.0729120463594994,0
1,6,0.5,22,"ASC3_income",0,-0.0604895094652462,0
1,6,0.5,22,"ASC3_child",0,-3.68966611260375e-06,0
1,6,0.5,22,"prot25_male",0,0.118801067700897,0
1,6,0.5,22,"prot25_age",-0.2,-0.0100377384223636,0
1,6,0.5,22,"prot25_income",0.4,0.0648826501758738,0
1,6,0.5,22,"prot25_child",0,0.130447887434995,0
1,6,0.5,22,"prot50_male",0.4,0.202496414402271,0
1,6,0.5,22,"prot50_age",-1,-0.18366291940642,0
1,6,0.5,22,"prot50_income",0,-0.0023366922559475,0
1,6,0.5,22,"prot50_child",0.9,0.269868491946036,0
1,6,0.5,22,"invasive_male",0,0.019817142370319,0
1,6,0.5,22,"invasive_age",-0.8,-0.191846742978435,0
1,6,0.5,22,"invasive_income",0,-0.0460955080450002,0
1,6,0.5,22,"invasive_child",-0.1,0.232333717164917,0
1,6,0.5,23,"ASC2_male",-0.1,-0.0866718601072152,0
1,6,0.5,23,"ASC2_age",-0.3,0.0364250434406457,0
1,6,0.5,23,"ASC2_income",0,-0.0274738308050688,0
1,6,0.5,23,"ASC2_child",0,0.0613245671644338,0
1,6,0.5,23,"ASC3_male",-0.9,-0.164999915205153,0
1,6,0.5,23,"ASC3_age",0,0.037908992007215,0
1,6,0.5,23,"ASC3_income",0,-0.0111617767911949,0
1,6,0.5,23,"ASC3_child",1,0.220771500848321,0
1,6,0.5,23,"prot25_male",0,0.210615974246702,0
1,6,0.5,23,"prot25_age",0,-0.0860111494940396,0
1,6,0.5,23,"prot25_income",0,0.0183297944210199,0
1,6,0.5,23,"prot25_child",-1.1,-0.403973456215192,0
1,6,0.5,23,"prot50_male",-1.1,-0.269410053641039,0
1,6,0.5,23,"prot50_age",-0.8,-0.15389497800607,0
1,6,0.5,23,"prot50_income",0,0.0490221252888476,0
1,6,0.5,23,"prot50_child",0,-0.26593108723816,0
1,6,0.5,23,"invasive_male",-0.4,-0.131177720142765,0
1,6,0.5,23,"invasive_age",-0.4,-0.00420452566262434,0
1,6,0.5,23,"invasive_income",0.8,0.153476597498485,0
1,6,0.5,23,"invasive_child",0,-0.191089477374754,0
1,6,0.5,24,"ASC2_male",0.6,0.0670464821011649,0
1,6,0.5,24,"ASC2_age",-1.1,-0.189557455056213,0
1,6,0.5,24,"ASC2_income",0,-0.0756539001473589,0
1,6,0.5,24,"ASC2_child",0,-0.178042703579522,0
1,6,0.5,24,"ASC3_male",0,-0.126042011625769,0
1,6,0.5,24,"ASC3_age",0,-0.000392706014240918,0
1,6,0.5,24,"ASC3_income",-0.6,-0.138519849934916,0
1,6,0.5,24,"ASC3_child",0.4,-0.0678573411499003,0
1,6,0.5,24,"prot25_male",-0.3,-0.0800790607053832,0
1,6,0.5,24,"prot25_age",0,-0.05983189883539,0
1,6,0.5,24,"prot25_income",0,0.0634019884214105,0
1,6,0.5,24,"prot25_child",-0.4,-0.0150984965426913,0
1,6,0.5,24,"prot50_male",0,0.0125333513421595,0
1,6,0.5,24,"prot50_age",0,0.0439822181298547,0
1,6,0.5,24,"prot50_income",-0.5,-0.0197803422230338,0
1,6,0.5,24,"prot50_child",0,0.254046138671906,0
1,6,0.5,24,"invasive_male",0.9,0.0814145674965134,0
1,6,0.5,24,"invasive_age",-0.7,-0.0896383638424388,0
1,6,0.5,24,"invasive_income",1.2,0.149827768689018,0
1,6,0.5,24,"invasive_child",0,-0.0315111422766791,0
1,6,0.5,25,"ASC2_male",-0.8,0.085849883242017,0
1,6,0.5,25,"ASC2_age",1,0.0698037635329171,0
1,6,0.5,25,"ASC2_income",0,-0.130798034756376,0
1,6,0.5,25,"ASC2_child",0,-0.142893529091101,0
1,6,0.5,25,"ASC3_male",0.9,0.249289568326847,0
1,6,0.5,25,"ASC3_age",0,-0.0101668565223368,0
1,6,0.5,25,"ASC3_income",-0.7,-0.287913849087843,0
1,6,0.5,25,"ASC3_child",-0.9,-0.218338298719178,0
1,6,0.5,25,"prot25_male",0,-0.0932069134554707,0
1,6,0.5,25,"prot25_age",0,0.108904888359978,0
1,6,0.5,25,"prot25_income",-0.9,-0.0662073226200394,0
1,6,0.5,25,"prot25_child",0,0.34465029298959,0
1,6,0.5,25,"prot50_male",0,-0.078293838812096,0
1,6,0.5,25,"prot50_age",0,0.109414076209055,0
1,6,0.5,25,"prot50_income",0.3,0.115109941472934,0
1,6,0.5,25,"prot50_child",0,0.128425877334295,0
1,6,0.5,25,"invasive_male",-1.2,-0.15913256351094,0
1,6,0.5,25,"invasive_age",0.2,-0.00488324828719159,0
1,6,0.5,25,"invasive_income",0,-0.0276297272257581,0
1,6,0.5,25,"invasive_child",-0.3,-0.0648563855401982,0
1,6,0.5,26,"ASC2_male",0,0.188071654051031,0
1,6,0.5,26,"ASC2_age",0,-0.0714953729806589,0
1,6,0.5,26,"ASC2_income",-0.2,-0.0138305442279354,0
1,6,0.5,26,"ASC2_child",0,0.0592659850910424,0
1,6,0.5,26,"ASC3_male",0.2,0.300517870450053,0
1,6,0.5,26,"ASC3_age",0,-0.0954088199143698,0
1,6,0.5,26,"ASC3_income",-0.6,-0.158252234229486,0
1,6,0.5,26,"ASC3_child",-0.4,-0.0683256518282506,0
1,6,0.5,26,"prot25_male",0,-0.255757563314342,0
1,6,0.5,26,"prot25_age",0.3,0.160133185172918,0
1,6,0.5,26,"prot25_income",-1.1,-0.1274377654893,0
1,6,0.5,26,"prot25_child",0.6,0.169461078058859,0
1,6,0.5,26,"prot50_male",0,-0.00661093908664595,0
1,6,0.5,26,"prot50_age",1.2,0.278459864641521,0
1,6,0.5,26,"prot50_income",0,0.0570952264544664,0
1,6,0.5,26,"prot50_child",-0.3,-0.144447652694774,0
1,6,0.5,26,"invasive_male",0,0.285775615345842,0
1,6,0.5,26,"invasive_age",0,-0.0226714123638457,0
1,6,0.5,26,"invasive_income",0,-0.0464590442725584,0
1,6,0.5,26,"invasive_child",0.9,0.152252291973867,0
1,6,0.5,27,"ASC2_male",0.2,0.153260211517667,0
1,6,0.5,27,"ASC2_age",-0.9,-0.112437100598328,0
1,6,0.5,27,"ASC2_income",0.7,0.0939879453756641,0
1,6,0.5,27,"ASC2_child",0,0.119094863641381,0
1,6,0.5,27,"ASC3_male",0,-0.00786746462588929,0
1,6,0.5,27,"ASC3_age",0,0.0141407596181271,0
1,6,0.5,27,"ASC3_income",0.5,-0.0316340217732435,0
1,6,0.5,27,"ASC3_child",-0.7,0.0212765571466884,0
1,6,0.5,27,"prot25_male",0.8,0.000337778347555735,0
1,6,0.5,27,"prot25_age",0,0.0218176204608147,0
1,6,0.5,27,"prot25_income",0,0.071983731134365,0
1,6,0.5,27,"prot25_child",0,0.00608898552619882,0
1,6,0.5,27,"prot50_male",0,-0.146686088014169,0
1,6,0.5,27,"prot50_age",0.7,0.147771856405254,0
1,6,0.5,27,"prot50_income",0,0.12117179508552,0
1,6,0.5,27,"prot50_child",-1,-0.160395581827024,0
1,6,0.5,27,"invasive_male",0,-0.0410970334109781,0
1,6,0.5,27,"invasive_age",0,0.0066536805031653,0
1,6,0.5,27,"invasive_income",1,0.203142012490331,0
1,6,0.5,27,"invasive_child",0.9,0.20139332524708,0
1,6,0.5,28,"ASC2_male",0,-0.0221952584391371,0
1,6,0.5,28,"ASC2_age",0,-0.0402168239397886,0
1,6,0.5,28,"ASC2_income",0,-0.0954093547270178,0
1,6,0.5,28,"ASC2_child",-0.9,-0.335315817806207,0
1,6,0.5,28,"ASC3_male",-0.9,-0.146611414823958,0
1,6,0.5,28,"ASC3_age",-0.3,-0.0701417207790025,0
1,6,0.5,28,"ASC3_income",0,-0.0471499390093175,0
1,6,0.5,28,"ASC3_child",0,-0.0749350785713104,0
1,6,0.5,28,"prot25_male",-0.7,-0.162021475394441,0
1,6,0.5,28,"prot25_age",-0.3,-0.0697778447315052,0
1,6,0.5,28,"prot25_income",0,0.122004950280421,0
1,6,0.5,28,"prot25_child",0,0.0968475707173567,0
1,6,0.5,28,"prot50_male",-0.3,-0.138997032173994,0
1,6,0.5,28,"prot50_age",0.2,0.0144039502265155,0
1,6,0.5,28,"prot50_income",0,0.113371170812107,0
1,6,0.5,28,"prot50_child",0,-0.053128050621221,0
1,6,0.5,28,"invasive_male",0.5,-0.0323731123696077,0
1,6,0.5,28,"invasive_age",0,-0.0218615403116891,0
1,6,0.5,28,"invasive_income",-1,-0.164667059814281,0
1,6,0.5,28,"invasive_child",0.6,-0.0822641346932606,0
1,6,0.5,29,"ASC2_male",0.3,0.0597909332760261,0
1,6,0.5,29,"ASC2_age",0.9,0.102069920622028,0
1,6,0.5,29,"ASC2_income",1.2,0.190456826827107,0
1,6,0.5,29,"ASC2_child",0.5,0.103365280652424,0
1,6,0.5,29,"ASC3_male",1.1,0.388169188179244,0
1,6,0.5,29,"ASC3_age",0,-0.102395095798635,0
1,6,0.5,29,"ASC3_income",0,0.0578975649353798,0
1,6,0.5,29,"ASC3_child",0.1,-0.068149838094625,0
1,6,0.5,29,"prot25_male",-1.1,-0.269065660484467,0
1,6,0.5,29,"prot25_age",0,0.0633507139189123,0
1,6,0.5,29,"prot25_income",0,-0.008196140881334,0
1,6,0.5,29,"prot25_child",-0.5,-0.283425205514492,0
1,6,0.5,29,"prot50_male",0,0.0748686058587552,0
1,6,0.5,29,"prot50_age",-0.9,-0.219518094335666,0
1,6,0.5,29,"prot50_income",-0.8,-0.158253182065975,0
1,6,0.5,29,"prot50_child",0,-0.322213416036062,0
1,6,0.5,29,"invasive_male",0,0.228549037942714,0
1,6,0.5,29,"invasive_age",0,-0.0525767469373744,0
1,6,0.5,29,"invasive_income",0,-0.0488313793567352,0
1,6,0.5,29,"invasive_child",0,-0.183779539668296,0
1,6,0.5,30,"ASC2_male",0.4,0.0227123097552514,0
1,6,0.5,30,"ASC2_age",0,0.0686139264474889,0
1,6,0.5,30,"ASC2_income",0,-0.026000498213602,0
1,6,0.5,30,"ASC2_child",0.7,-0.0403542830254993,0
1,6,0.5,30,"ASC3_male",1.1,0.310917895530818,0
1,6,0.5,30,"ASC3_age",0,0.00618697167574768,0
1,6,0.5,30,"ASC3_income",0.4,0.0789345917876048,0
1,6,0.5,30,"ASC3_child",0.9,-0.000227935067397248,0
1,6,0.5,30,"prot25_male",-0.2,-0.0252041015151102,0
1,6,0.5,30,"prot25_age",0.1,0.0053258058290299,0
1,6,0.5,30,"prot25_income",0.3,0.0905934421060452,0
1,6,0.5,30,"prot25_child",0,-0.0246992040547271,0
1,6,0.5,30,"prot50_male",0,0.0205601264903483,0
1,6,0.5,30,"prot50_age",0,-0.0152185151631734,0
1,6,0.5,30,"prot50_income",0,0.028748133703822,0
1,6,0.5,30,"prot50_child",0,-0.125470929754659,0
1,6,0.5,30,"invasive_male",-0.6,0.00525034812414004,0
1,6,0.5,30,"invasive_age",0,-0.0337972242041305,0
1,6,0.5,30,"invasive_income",-1,-0.151023962203637,0
1,6,0.5,30,"invasive_child",0,-0.0587763094123676,0
1,6,0.5,31,"ASC2_male",-0.3,0.1292284671432,0
1,6,0.5,31,"ASC2_age",1.2,0.14468239502908,0
1,6,0.5,31,"ASC2_income",1,0.212406628267751,0
1,6,0.5,31,"ASC2_child",0,0.129113592197508,0
1,6,0.5,31,"ASC3_male",0,0.173902066337162,0
1,6,0.5,31,"ASC3_age",1.1,0.129701974269599,0
1,6,0.5,31,"ASC3_income",-0.6,-0.13037714946253,0
1,6,0.5,31,"ASC3_child",0,0.133643456989818,0
1,6,0.5,31,"prot25_male",0,-0.00910869994874622,0
1,6,0.5,31,"prot25_age",-0.2,-0.0206570573615762,0
1,6,0.5,31,"prot25_income",0,0.0629594775188441,0
1,6,0.5,31,"prot25_child",-0.2,-0.223886775145554,0
1,6,0.5,31,"prot50_male",-0.3,0.0227638340916145,0
1,6,0.5,31,"prot50_age",0,0.014926032811682,0
1,6,0.5,31,"prot50_income",0,0.00137245615317494,0
1,6,0.5,31,"prot50_child",0,-0.0548839091226131,0
1,6,0.5,31,"invasive_male",0,0.144781178791943,0
1,6,0.5,31,"invasive_age",0.2,0.00694006075667641,0
1,6,0.5,31,"invasive_income",0.9,0.187015221121454,0
1,6,0.5,31,"invasive_child",0,-0.0441238218490446,0
1,6,0.5,32,"ASC2_male",0.6,0.0348868396222676,0
1,6,0.5,32,"ASC2_age",0,-0.064552330368424,0
1,6,0.5,32,"ASC2_income",1.1,0.227841957046338,0
1,6,0.5,32,"ASC2_child",0,0.027171207550465,0
1,6,0.5,32,"ASC3_male",-0.7,-0.216390570860417,0
1,6,0.5,32,"ASC3_age",-1.1,-0.269030880588519,0
1,6,0.5,32,"ASC3_income",0,0.150374162954676,0
1,6,0.5,32,"ASC3_child",-0.3,-0.019161300347222,0
1,6,0.5,32,"prot25_male",0.7,0.203504795016078,0
1,6,0.5,32,"prot25_age",0,0.0152081800008059,0
1,6,0.5,32,"prot25_income",-0.5,-0.185618419494981,0
1,6,0.5,32,"prot25_child",-1.1,-0.122185731086592,0
1,6,0.5,32,"prot50_male",0,0.116410937813624,0
1,6,0.5,32,"prot50_age",-0.6,-0.0720885319407415,0
1,6,0.5,32,"prot50_income",0,-0.14526671565715,0
1,6,0.5,32,"prot50_child",0,0.0424230930908309,0
1,6,0.5,32,"invasive_male",0,-0.0980232827972186,0
1,6,0.5,32,"invasive_age",0,-0.0761236370263181,0
1,6,0.5,32,"invasive_income",0,0.0224438562698555,0
1,6,0.5,32,"invasive_child",0.2,-0.106596191232608,0
1,6,0.5,33,"ASC2_male",-0.4,-0.404085402002699,0
1,6,0.5,33,"ASC2_age",0,0.0618932160173977,0
1,6,0.5,33,"ASC2_income",0,-0.017947860610648,0
1,6,0.5,33,"ASC2_child",0,0.138294421957782,0
1,6,0.5,33,"ASC3_male",0.6,-0.185888388168511,0
1,6,0.5,33,"ASC3_age",0,0.0690516237801346,0
1,6,0.5,33,"ASC3_income",-1,-0.147994365855119,0
1,6,0.5,33,"ASC3_child",0,0.146831895272994,0
1,6,0.5,33,"prot25_male",0,0.342269326960612,0
1,6,0.5,33,"prot25_age",0,-0.0601279298554914,0
1,6,0.5,33,"prot25_income",0,0.0361598614249387,0
1,6,0.5,33,"prot25_child",1.1,0.163806282486797,0
1,6,0.5,33,"prot50_male",0,0.251079644073446,0
1,6,0.5,33,"prot50_age",0.4,-0.0770842695036086,0
1,6,0.5,33,"prot50_income",0.3,0.0214441736476295,0
1,6,0.5,33,"prot50_child",-0.4,-0.117634492000833,0
1,6,0.5,33,"invasive_male",0.3,0.0162371133122411,0
1,6,0.5,33,"invasive_age",0,-0.0185932743327807,0
1,6,0.5,33,"invasive_income",0.6,0.0480878577900063,0
1,6,0.5,33,"invasive_child",0.8,0.192563237576163,0
1,6,0.5,34,"ASC2_male",0,0.242510142082746,0
1,6,0.5,34,"ASC2_age",0,-0.0191275145908129,0
1,6,0.5,34,"ASC2_income",-0.8,-0.107860488480619,0
1,6,0.5,34,"ASC2_child",-0.4,0.167907331755795,0
1,6,0.5,34,"ASC3_male",0,0.311561047339952,0
1,6,0.5,34,"ASC3_age",0,-0.0289148087159631,0
1,6,0.5,34,"ASC3_income",0,0.0388247982785895,0
1,6,0.5,34,"ASC3_child",0.4,0.207325845502746,0
1,6,0.5,34,"prot25_male",0,-0.202077253556101,0
1,6,0.5,34,"prot25_age",0,0.0376989113177695,0
1,6,0.5,34,"prot25_income",1,0.168851131082221,0
1,6,0.5,34,"prot25_child",1.2,0.184513670583153,0
1,6,0.5,34,"prot50_male",0.1,-0.0439280426410294,0
1,6,0.5,34,"prot50_age",0.2,0.00963475696126227,0
1,6,0.5,34,"prot50_income",-0.5,-0.0917926961159243,0
1,6,0.5,34,"prot50_child",0,0.0161197560107423,0
1,6,0.5,34,"invasive_male",0,0.0391345707475227,0
1,6,0.5,34,"invasive_age",0,0.047169370862593,0
1,6,0.5,34,"invasive_income",-1,-0.0770782151015907,0
1,6,0.5,34,"invasive_child",0.2,0.197539698695614,0
1,6,0.5,35,"ASC2_male",0,0.00977046798891798,0
1,6,0.5,35,"ASC2_age",0,-0.0463054383058253,0
1,6,0.5,35,"ASC2_income",0.9,0.213689470497466,0
1,6,0.5,35,"ASC2_child",0,0.131424923370576,0
1,6,0.5,35,"ASC3_male",0,-0.0335495568803978,0
1,6,0.5,35,"ASC3_age",1.1,0.109794236194861,0
1,6,0.5,35,"ASC3_income",0,0.0635948672899126,0
1,6,0.5,35,"ASC3_child",0,0.199784683406316,0
1,6,0.5,35,"prot25_male",-0.2,0.0806311577896081,0
1,6,0.5,35,"prot25_age",0.3,0.00496721424407291,0
1,6,0.5,35,"prot25_income",0,-0.0125678379060098,0
1,6,0.5,35,"prot25_child",-1.1,-0.222987666976533,0
1,6,0.5,35,"prot50_male",-0.4,-0.0713683909119412,0
1,6,0.5,35,"prot50_age",0,0.0673207145487401,0
1,6,0.5,35,"prot50_income",-0.3,-0.0296856058516055,0
1,6,0.5,35,"prot50_child",0.5,0.0503616259901899,0
1,6,0.5,35,"invasive_male",0.1,0.071114719132782,0
1,6,0.5,35,"invasive_age",0,0.0440653372552089,0
1,6,0.5,35,"invasive_income",-1.1,-0.202685551847552,0
1,6,0.5,35,"invasive_child",0,0.267407429205909,0
1,6,0.5,36,"ASC2_male",-0.4,-0.0829528022572146,0
1,6,0.5,36,"ASC2_age",-1,-0.156370194069864,0
1,6,0.5,36,"ASC2_income",-0.5,-0.0132700859683513,0
1,6,0.5,36,"ASC2_child",-0.9,-0.0502856004427756,0
1,6,0.5,36,"ASC3_male",0,-0.0772793866523078,0
1,6,0.5,36,"ASC3_age",1.1,0.214492425114446,0
1,6,0.5,36,"ASC3_income",0,0.087335543862252,0
1,6,0.5,36,"ASC3_child",0,0.153432088766146,0
1,6,0.5,36,"prot25_male",0,0.0302922959747001,0
1,6,0.5,36,"prot25_age",0,-0.053544029154853,0
1,6,0.5,36,"prot25_income",1.1,0.0894953633059159,0
1,6,0.5,36,"prot25_child",-0.5,-0.171711963302594,0
1,6,0.5,36,"prot50_male",0,-0.0561191595770873,0
1,6,0.5,36,"prot50_age",0,-0.0376144357530148,0
1,6,0.5,36,"prot50_income",1.1,0.154465125021527,0
1,6,0.5,36,"prot50_child",0,-0.0640560613253575,0
1,6,0.5,36,"invasive_male",0.3,0.11795250013574,0
1,6,0.5,36,"invasive_age",0,0.0181888857858722,0
1,6,0.5,36,"invasive_income",-0.5,-0.0167515388841961,0
1,6,0.5,36,"invasive_child",0,0.067418171939029,0
1,6,0.5,37,"ASC2_male",0.6,0.209707209399132,0
1,6,0.5,37,"ASC2_age",0,-0.0685413216935489,0
1,6,0.5,37,"ASC2_income",0.9,0.0607373603525858,0
1,6,0.5,37,"ASC2_child",0,0.109129066834671,0
1,6,0.5,37,"ASC3_male",0,0.162391827984239,0
1,6,0.5,37,"ASC3_age",0.6,0.123065307058781,0
1,6,0.5,37,"ASC3_income",1.1,0.124541509332768,0
1,6,0.5,37,"ASC3_child",-0.8,-0.0435423221098218,0
1,6,0.5,37,"prot25_male",-1.2,-0.533442101600227,1
1,6,0.5,37,"prot25_age",0,0.0491981422098979,0
1,6,0.5,37,"prot25_income",1.1,0.208323907551861,0
1,6,0.5,37,"prot25_child",0,-0.0997163301476536,0
1,6,0.5,37,"prot50_male",0,-0.0431553105303494,0
1,6,0.5,37,"prot50_age",0.5,0.109479209569942,0
1,6,0.5,37,"prot50_income",0,0.0322505632289321,0
1,6,0.5,37,"prot50_child",0,-0.0820011393414046,0
1,6,0.5,37,"invasive_male",0,0.255390181595506,0
1,6,0.5,37,"invasive_age",1.1,0.112238869930579,0
1,6,0.5,37,"invasive_income",0,-0.0494616932663867,0
1,6,0.5,37,"invasive_child",0.6,-0.05217088655264,0
1,6,0.5,38,"ASC2_male",0.3,0.0536841735684145,0
1,6,0.5,38,"ASC2_age",0.3,-0.0255357232536036,0
1,6,0.5,38,"ASC2_income",0,-0.1177128974822,0
1,6,0.5,38,"ASC2_child",0.9,0.0309952850690193,0
1,6,0.5,38,"ASC3_male",0,-0.155814536645652,0
1,6,0.5,38,"ASC3_age",-0.6,-0.151627403314691,0
1,6,0.5,38,"ASC3_income",0,-0.0934827554416795,0
1,6,0.5,38,"ASC3_child",0,-0.16115814860469,0
1,6,0.5,38,"prot25_male",0,-0.0471660659325709,0
1,6,0.5,38,"prot25_age",0,0.127263186750789,0
1,6,0.5,38,"prot25_income",0.7,0.202942400870146,0
1,6,0.5,38,"prot25_child",0,0.118598118888991,0
1,6,0.5,38,"prot50_male",0,-0.127329992478943,0
1,6,0.5,38,"prot50_age",0,0.170443762826951,0
1,6,0.5,38,"prot50_income",0.2,0.051779125140347,0
1,6,0.5,38,"prot50_child",-0.8,-0.0408315388444991,0
1,6,0.5,38,"invasive_male",0.1,-0.0476023956794637,0
1,6,0.5,38,"invasive_age",0,0.00467077480728158,0
1,6,0.5,38,"invasive_income",-0.6,-0.147333530211001,0
1,6,0.5,38,"invasive_child",-0.6,-0.206644561800217,0
1,6,0.5,39,"ASC2_male",0.9,0.0408949946774874,0
1,6,0.5,39,"ASC2_age",0,-0.0438985526968545,0
1,6,0.5,39,"ASC2_income",0,0.0507623746078181,0
1,6,0.5,39,"ASC2_child",0,-0.0520981842118991,0
1,6,0.5,39,"ASC3_male",-0.9,-0.379653011196554,0
1,6,0.5,39,"ASC3_age",0,-0.00588899362339156,0
1,6,0.5,39,"ASC3_income",-0.7,-0.0456182657860095,0
1,6,0.5,39,"ASC3_child",-1.1,-0.34704472620563,0
1,6,0.5,39,"prot25_male",-1,0.109024897727087,0
1,6,0.5,39,"prot25_age",-0.6,0.0871430089743861,0
1,6,0.5,39,"prot25_income",0.7,0.0432931346976835,0
1,6,0.5,39,"prot25_child",-0.3,0.0577642782217491,0
1,6,0.5,39,"prot50_male",0,0.090344551046522,0
1,6,0.5,39,"prot50_age",0,0.111868746053226,0
1,6,0.5,39,"prot50_income",0,-0.0545728181151097,0
1,6,0.5,39,"prot50_child",0,-0.00296982697794823,0
1,6,0.5,39,"invasive_male",1.1,0.16646830222625,0
1,6,0.5,39,"invasive_age",0,0.106541035203879,0
1,6,0.5,39,"invasive_income",0,-0.0169485438619355,0
1,6,0.5,39,"invasive_child",-0.6,-0.125682952523061,0
1,6,0.5,40,"ASC2_male",0,0.128424971628531,0
1,6,0.5,40,"ASC2_age",-0.3,-0.133858726990621,0
1,6,0.5,40,"ASC2_income",1.1,0.105200307640049,0
1,6,0.5,40,"ASC2_child",0,-0.0900150310617609,0
1,6,0.5,40,"ASC3_male",0.5,0.0904057946879928,0
1,6,0.5,40,"ASC3_age",0,-0.0782075410165486,0
1,6,0.5,40,"ASC3_income",-0.9,-0.258035487623963,0
1,6,0.5,40,"ASC3_child",-1,-0.198550097489421,0
1,6,0.5,40,"prot25_male",-0.5,-0.0632956392774976,0
1,6,0.5,40,"prot25_age",-0.3,-0.0128168007733751,0
1,6,0.5,40,"prot25_income",0,0.107878270512134,0
1,6,0.5,40,"prot25_child",0,-0.0184981228308492,0
1,6,0.5,40,"prot50_male",0,0.103199899213157,0
1,6,0.5,40,"prot50_age",-1,-0.0502384722894442,0
1,6,0.5,40,"prot50_income",0,0.0446644436474842,0
1,6,0.5,40,"prot50_child",0,0.25074722001274,0
1,6,0.5,40,"invasive_male",0,0.0768301409260986,0
1,6,0.5,40,"invasive_age",-0.3,-0.0251154137896315,0
1,6,0.5,40,"invasive_income",-0.1,-0.0920812328296795,0
1,6,0.5,40,"invasive_child",0,0.056693449115644,0
1,6,0.5,41,"ASC2_male",-0.5,-0.0524742759996428,0
1,6,0.5,41,"ASC2_age",0.9,0.153021263598263,0
1,6,0.5,41,"ASC2_income",1.1,0.206293266844538,0
1,6,0.5,41,"ASC2_child",0,-0.0598917971691539,0
1,6,0.5,41,"ASC3_male",0.3,0.163898985296018,0
1,6,0.5,41,"ASC3_age",0,-0.02105566698042,0
1,6,0.5,41,"ASC3_income",0,-0.0141508284612512,0
1,6,0.5,41,"ASC3_child",0,-0.149944726229399,0
1,6,0.5,41,"prot25_male",0,-0.0756052756121672,0
1,6,0.5,41,"prot25_age",0,0.0121780414383252,0
1,6,0.5,41,"prot25_income",-0.2,-0.120645003850566,0
1,6,0.5,41,"prot25_child",0.7,0.249170869213635,0
1,6,0.5,41,"prot50_male",-0.8,-0.261159083934019,0
1,6,0.5,41,"prot50_age",-0.4,-0.0880604900969642,0
1,6,0.5,41,"prot50_income",0,-0.0119698411639718,0
1,6,0.5,41,"prot50_child",0,0.0951878347224826,0
1,6,0.5,41,"invasive_male",0,-0.108235315379943,0
1,6,0.5,41,"invasive_age",0,-0.0162684480088635,0
1,6,0.5,41,"invasive_income",0.3,0.0926354129156342,0
1,6,0.5,41,"invasive_child",0.5,0.117650298765432,0
1,6,0.5,42,"ASC2_male",0.6,0.167660723503219,0
1,6,0.5,42,"ASC2_age",0,0.0559079928532586,0
1,6,0.5,42,"ASC2_income",0.6,0.173464098907012,0
1,6,0.5,42,"ASC2_child",0.8,0.144395892392442,0
1,6,0.5,42,"ASC3_male",0,-0.0112906601676694,0
1,6,0.5,42,"ASC3_age",-0.3,0.0408025542842613,0
1,6,0.5,42,"ASC3_income",0,0.0799904918249484,0
1,6,0.5,42,"ASC3_child",-1,-0.0985210455609922,0
1,6,0.5,42,"prot25_male",0,-0.00669005798316622,0
1,6,0.5,42,"prot25_age",0.6,-0.0735420445586858,0
1,6,0.5,42,"prot25_income",0,-0.048388353708939,0
1,6,0.5,42,"prot25_child",0,0.101037988883197,0
1,6,0.5,42,"prot50_male",0,-0.0168995929146176,0
1,6,0.5,42,"prot50_age",0.7,0.0387097862628353,0
1,6,0.5,42,"prot50_income",-0.9,-0.20006599477592,0
1,6,0.5,42,"prot50_child",-0.7,-0.0825606483932601,0
1,6,0.5,42,"invasive_male",1.2,0.217715720026662,0
1,6,0.5,42,"invasive_age",0,-0.0481776723496626,0
1,6,0.5,42,"invasive_income",0,0.00654531638444683,0
1,6,0.5,42,"invasive_child",0,0.0901329503611224,0
1,6,0.5,43,"ASC2_male",-0.7,-0.135991089461231,0
1,6,0.5,43,"ASC2_age",0,0.0838419868088655,0
1,6,0.5,43,"ASC2_income",0,0.0534174221330859,0
1,6,0.5,43,"ASC2_child",0.2,0.0202894480153277,0
1,6,0.5,43,"ASC3_male",0.5,0.0444091748260119,0
1,6,0.5,43,"ASC3_age",0,0.0467790562025888,0
1,6,0.5,43,"ASC3_income",1,0.16457980739253,0
1,6,0.5,43,"ASC3_child",-0.3,-0.143656200071244,0
1,6,0.5,43,"prot25_male",0,0.131447493371918,0
1,6,0.5,43,"prot25_age",-0.9,-0.138253139541052,0
1,6,0.5,43,"prot25_income",0,-0.0912351500361361,0
1,6,0.5,43,"prot25_child",0,0.0138833644293288,0
1,6,0.5,43,"prot50_male",0,0.0475970609253852,0
1,6,0.5,43,"prot50_age",0,-0.0678716896872178,0
1,6,0.5,43,"prot50_income",-1.2,-0.252328463270988,0
1,6,0.5,43,"prot50_child",0.6,0.0684417552756706,0
1,6,0.5,43,"invasive_male",0.7,0.173634550573671,0
1,6,0.5,43,"invasive_age",0,0.024866452161035,0
1,6,0.5,43,"invasive_income",-0.6,-0.0821718298124844,0
1,6,0.5,43,"invasive_child",0,-0.110648443604683,0
1,6,0.5,44,"ASC2_male",0,0.174328437346885,0
1,6,0.5,44,"ASC2_age",-0.5,-0.147705640990841,0
1,6,0.5,44,"ASC2_income",-1,-0.196046208924911,0
1,6,0.5,44,"ASC2_child",-0.8,-0.159947853808334,0
1,6,0.5,44,"ASC3_male",-1.1,-0.0103459354692234,0
1,6,0.5,44,"ASC3_age",0,-0.0674663810571851,0
1,6,0.5,44,"ASC3_income",0,-0.0887712998289468,0
1,6,0.5,44,"ASC3_child",0,-0.022975610507601,0
1,6,0.5,44,"prot25_male",-1.1,-0.293202422042814,0
1,6,0.5,44,"prot25_age",-0.3,0.0441059408210507,0
1,6,0.5,44,"prot25_income",0,0.0149687434524958,0
1,6,0.5,44,"prot25_child",-0.6,-0.0587644950865698,0
1,6,0.5,44,"prot50_male",0,-0.121355476807591,0
1,6,0.5,44,"prot50_age",0,0.0544965289341141,0
1,6,0.5,44,"prot50_income",-0.8,-0.128400603541639,0
1,6,0.5,44,"prot50_child",0,-0.0927891712339769,0
1,6,0.5,44,"invasive_male",-0.3,-0.0250519022537306,0
1,6,0.5,44,"invasive_age",0,-0.00211694642185315,0
1,6,0.5,44,"invasive_income",0,0.0534292767804952,0
1,6,0.5,44,"invasive_child",-0.4,-0.0893236359799621,0
1,6,0.5,45,"ASC2_male",0,0.199696106712998,0
1,6,0.5,45,"ASC2_age",0.7,0.0342550742738023,0
1,6,0.5,45,"ASC2_income",1.1,0.0708332056964357,0
1,6,0.5,45,"ASC2_child",0.3,-0.196967848040902,0
1,6,0.5,45,"ASC3_male",0,0.142861398321383,0
1,6,0.5,45,"ASC3_age",0.4,-0.0292563703194858,0
1,6,0.5,45,"ASC3_income",-0.1,-0.166312943155544,0
1,6,0.5,45,"ASC3_child",0,-0.248141884025938,0
1,6,0.5,45,"prot25_male",0,-0.119765454777128,0
1,6,0.5,45,"prot25_age",0,0.037473641356267,0
1,6,0.5,45,"prot25_income",0,-0.0206326285713805,0
1,6,0.5,45,"prot25_child",1.1,0.253785720780417,0
1,6,0.5,45,"prot50_male",0,-0.0829224525085176,0
1,6,0.5,45,"prot50_age",-0.4,0.0190679884181253,0
1,6,0.5,45,"prot50_income",0,0.0880400096260372,0
1,6,0.5,45,"prot50_child",0.4,0.143085990458822,0
1,6,0.5,45,"invasive_male",-0.3,0.00401373158555788,0
1,6,0.5,45,"invasive_age",-0.2,-0.092425570164639,0
1,6,0.5,45,"invasive_income",0,-0.0592896969380665,0
1,6,0.5,45,"invasive_child",0,-0.00197961727839976,0
1,6,0.5,46,"ASC2_male",0.4,0.0644231389351086,0
1,6,0.5,46,"ASC2_age",0,0.0364379978992115,0
1,6,0.5,46,"ASC2_income",0,0.000900180590082956,0
1,6,0.5,46,"ASC2_child",-0.5,0.134589755594521,0
1,6,0.5,46,"ASC3_male",-0.9,-0.129659456552654,0
1,6,0.5,46,"ASC3_age",0,0.0510677452362693,0
1,6,0.5,46,"ASC3_income",-1,-0.236860283727668,0
1,6,0.5,46,"ASC3_child",0.7,0.32346582474097,0
1,6,0.5,46,"prot25_male",0,-0.0664689086300464,0
1,6,0.5,46,"prot25_age",-0.9,-0.116366451900154,0
1,6,0.5,46,"prot25_income",0,-0.0147994935544639,0
1,6,0.5,46,"prot25_child",0,-0.0631143619861162,0
1,6,0.5,46,"prot50_male",0,0.00478829484610627,0
1,6,0.5,46,"prot50_age",0.3,0.0695585293243733,0
1,6,0.5,46,"prot50_income",1,0.156092860315238,0
1,6,0.5,46,"prot50_child",0,-0.111197853746342,0
1,6,0.5,46,"invasive_male",0.3,0.138195887254102,0
1,6,0.5,46,"invasive_age",0,0.0144428802624516,0
1,6,0.5,46,"invasive_income",0.2,0.0338486997993893,0
1,6,0.5,46,"invasive_child",0,-0.0330334223582182,0
1,6,0.5,47,"ASC2_male",0,-0.164233229923893,0
1,6,0.5,47,"ASC2_age",0,0.0392602488297157,0
1,6,0.5,47,"ASC2_income",0.8,0.111594953719274,0
1,6,0.5,47,"ASC2_child",-1.2,-0.333492109174998,0
1,6,0.5,47,"ASC3_male",0.2,-0.210159140450798,0
1,6,0.5,47,"ASC3_age",0,0.106673044693861,0
1,6,0.5,47,"ASC3_income",0,0.0349428908072091,0
1,6,0.5,47,"ASC3_child",0,-0.0767529855438366,0
1,6,0.5,47,"prot25_male",0,0.173504290443754,0
1,6,0.5,47,"prot25_age",0.5,-0.0124178781133154,0
1,6,0.5,47,"prot25_income",0.4,0.12938493569996,0
1,6,0.5,47,"prot25_child",0.9,0.248122999441314,0
1,6,0.5,47,"prot50_male",0,0.0927240769112445,0
1,6,0.5,47,"prot50_age",-0.3,-0.133712763194542,0
1,6,0.5,47,"prot50_income",-0.7,-0.135663753144859,0
1,6,0.5,47,"prot50_child",-1.1,-0.0777186464144469,0
1,6,0.5,47,"invasive_male",0,-0.196809388058041,0
1,6,0.5,47,"invasive_age",0.5,0.135439991489786,0
1,6,0.5,47,"invasive_income",0,-0.077299189760244,0
1,6,0.5,47,"invasive_child",0,-0.0288130023491644,0
1,6,0.5,48,"ASC2_male",1.1,0.391590242000343,0
1,6,0.5,48,"ASC2_age",0,0.0662580815729634,0
1,6,0.5,48,"ASC2_income",0,0.0203137825746139,0
1,6,0.5,48,"ASC2_child",-0.3,0.0516609066331325,0
1,6,0.5,48,"ASC3_male",0,0.238162868536055,0
1,6,0.5,48,"ASC3_age",0,0.0575547837696605,0
1,6,0.5,48,"ASC3_income",0.8,0.183498766381644,0
1,6,0.5,48,"ASC3_child",0,0.133642791800476,0
1,6,0.5,48,"prot25_male",-0.6,-0.210720752886038,0
1,6,0.5,48,"prot25_age",0,-0.0160492599644816,0
1,6,0.5,48,"prot25_income",-0.2,-0.129367437136126,0
1,6,0.5,48,"prot25_child",0,-0.0716693828973047,0
1,6,0.5,48,"prot50_male",0,-0.0992936847102684,0
1,6,0.5,48,"prot50_age",-0.4,-0.0743232211051037,0
1,6,0.5,48,"prot50_income",0,-0.00568007739459955,0
1,6,0.5,48,"prot50_child",0,-0.0381141903247283,0
1,6,0.5,48,"invasive_male",0.7,0.063169621680815,0
1,6,0.5,48,"invasive_age",-0.6,-0.0701561509709778,0
1,6,0.5,48,"invasive_income",-0.3,-0.0416041567556261,0
1,6,0.5,48,"invasive_child",-0.7,-0.00227829217100989,0
1,6,0.5,49,"ASC2_male",0.7,0.0139931148214399,0
1,6,0.5,49,"ASC2_age",0,0.00438865131975906,0
1,6,0.5,49,"ASC2_income",-0.8,-0.104731582806836,0
1,6,0.5,49,"ASC2_child",-0.9,-0.433371587759871,0
1,6,0.5,49,"ASC3_male",0,-0.159225727978303,0
1,6,0.5,49,"ASC3_age",0,-0.0631997935149566,0
1,6,0.5,49,"ASC3_income",-0.5,-0.131396973981461,0
1,6,0.5,49,"ASC3_child",0,-0.260748817459911,0
1,6,0.5,49,"prot25_male",0.8,0.220055216069076,0
1,6,0.5,49,"prot25_age",0,-0.042518235351139,0
1,6,0.5,49,"prot25_income",0,-0.0390099471775137,0
1,6,0.5,49,"prot25_child",0.5,0.258407267392041,0
1,6,0.5,49,"prot50_male",-0.1,0.0317014150272388,0
1,6,0.5,49,"prot50_age",0.8,0.10953514094291,0
1,6,0.5,49,"prot50_income",0,-0.0388353826766185,0
1,6,0.5,49,"prot50_child",0,0.183505177600882,0
1,6,0.5,49,"invasive_male",-0.9,-0.244557884693941,0
1,6,0.5,49,"invasive_age",0,0.0125709229031522,0
1,6,0.5,49,"invasive_income",0,-0.0646184676323995,0
1,6,0.5,49,"invasive_child",0.3,-0.0884105510163597,0
1,6,0.5,50,"ASC2_male",0,0.0940036879614638,0
1,6,0.5,50,"ASC2_age",0.8,0.252993421374624,0
1,6,0.5,50,"ASC2_income",0,0.00210437574095803,0
1,6,0.5,50,"ASC2_child",0,0.246521499020884,0
1,6,0.5,50,"ASC3_male",-0.5,-0.104450848160276,0
1,6,0.5,50,"ASC3_age",-0.4,0.0456031824934,0
1,6,0.5,50,"ASC3_income",1.1,0.182702325243125,0
1,6,0.5,50,"ASC3_child",0.5,0.297440292353688,0
1,6,0.5,50,"prot25_male",1.1,0.28149308269291,0
1,6,0.5,50,"prot25_age",0.8,0.100157051156208,0
1,6,0.5,50,"prot25_income",0,0.0228623089772837,0
1,6,0.5,50,"prot25_child",0,-0.189940264435199,0
1,6,0.5,50,"prot50_male",-0.6,0.0666936924738187,0
1,6,0.5,50,"prot50_age",0,-0.133327289482753,0
1,6,0.5,50,"prot50_income",-0.3,-0.0199029922867672,0
1,6,0.5,50,"prot50_child",0,-0.228225507462759,0
1,6,0.5,50,"invasive_male",0,0.15143595982565,0
1,6,0.5,50,"invasive_age",0,0.0374207477923316,0
1,6,0.5,50,"invasive_income",0.6,0.140314176820035,0
1,6,0.5,50,"invasive_child",0,-0.0836032511047783,0
1,6,0.5,51,"ASC2_male",-0.3,-0.016146979321883,0
1,6,0.5,51,"ASC2_age",-0.5,-0.0728223842934338,0
1,6,0.5,51,"ASC2_income",0,-0.0735546044430531,0
1,6,0.5,51,"ASC2_child",-0.7,-0.136345255391663,0
1,6,0.5,51,"ASC3_male",0,-0.00476554156468901,0
1,6,0.5,51,"ASC3_age",0.5,0.0492857849191953,0
1,6,0.5,51,"ASC3_income",0,-0.0742548193220542,0
1,6,0.5,51,"ASC3_child",0,0.0485194955584591,0
1,6,0.5,51,"prot25_male",-1.1,-0.266326804900608,0
1,6,0.5,51,"prot25_age",0.3,0.103660709292431,0
1,6,0.5,51,"prot25_income",0.2,0.150482368245798,0
1,6,0.5,51,"prot25_child",0,-0.0439795090231383,0
1,6,0.5,51,"prot50_male",0,0.16418724140065,0
1,6,0.5,51,"prot50_age",0,0.0611350383665247,0
1,6,0.5,51,"prot50_income",0,0.0367442982354421,0
1,6,0.5,51,"prot50_child",1.2,0.236786345132983,0
1,6,0.5,51,"invasive_male",-0.1,-0.0578049669515984,0
1,6,0.5,51,"invasive_age",0,0.0584268152582316,0
1,6,0.5,51,"invasive_income",0,0.0118633552955672,0
1,6,0.5,51,"invasive_child",0.3,0.144801568291458,0
1,6,0.5,52,"ASC2_male",-0.5,-0.0959967569720202,0
1,6,0.5,52,"ASC2_age",-0.5,-0.0888696237053005,0
1,6,0.5,52,"ASC2_income",1.1,0.144995171609313,0
1,6,0.5,52,"ASC2_child",-0.5,-4.40722435490035e-05,0
1,6,0.5,52,"ASC3_male",0.3,0.0848413452013781,0
1,6,0.5,52,"ASC3_age",0,-0.00719773309100486,0
1,6,0.5,52,"ASC3_income",0,0.01731416980662,0
1,6,0.5,52,"ASC3_child",0,0.019114261226522,0
1,6,0.5,52,"prot25_male",-0.3,-0.0965517767668766,0
1,6,0.5,52,"prot25_age",1,0.148280851308762,0
1,6,0.5,52,"prot25_income",0,0.0870928412341972,0
1,6,0.5,52,"prot25_child",-1.2,-0.212212754607961,0
1,6,0.5,52,"prot50_male",0,-0.0390516123576595,0
1,6,0.5,52,"prot50_age",0,-0.0153435814387385,0
1,6,0.5,52,"prot50_income",0,0.0532156218036262,0
1,6,0.5,52,"prot50_child",0.3,-0.128556021089426,0
1,6,0.5,52,"invasive_male",0.1,-0.0369632649169039,0
1,6,0.5,52,"invasive_age",0,-0.0564414956213302,0
1,6,0.5,52,"invasive_income",0,-0.000248024351070151,0
1,6,0.5,52,"invasive_child",0,0.053659486070174,0
1,6,0.5,53,"ASC2_male",-0.4,0.0519423860142516,0
1,6,0.5,53,"ASC2_age",0,-0.0807970427272909,0
1,6,0.5,53,"ASC2_income",-0.7,-0.128297746159487,0
1,6,0.5,53,"ASC2_child",0,-0.0839201748833393,0
1,6,0.5,53,"ASC3_male",0.3,0.130124885638982,0
1,6,0.5,53,"ASC3_age",0.6,0.0552627915974398,0
1,6,0.5,53,"ASC3_income",0,-0.00142408475385921,0
1,6,0.5,53,"ASC3_child",0,-0.00289721535654288,0
1,6,0.5,53,"prot25_male",0,-0.166301315656353,0
1,6,0.5,53,"prot25_age",0.4,0.126187356086701,0
1,6,0.5,53,"prot25_income",0,-0.0680481051317219,0
1,6,0.5,53,"prot25_child",0,-0.00926902870031454,0
1,6,0.5,53,"prot50_male",-0.6,-0.323705120245442,0
1,6,0.5,53,"prot50_age",0.9,0.173531244105272,0
1,6,0.5,53,"prot50_income",0,-0.0212485850137904,0
1,6,0.5,53,"prot50_child",-1.1,-0.0922696827928822,0
1,6,0.5,53,"invasive_male",-0.5,-0.239381187999962,0
1,6,0.5,53,"invasive_age",0,-0.0341732780611891,0
1,6,0.5,53,"invasive_income",0,0.0320379478364167,0
1,6,0.5,53,"invasive_child",-0.6,-0.16761052736167,0
1,6,0.5,54,"ASC2_male",0,-0.113805905882769,0
1,6,0.5,54,"ASC2_age",-0.5,-0.223196171351044,0
1,6,0.5,54,"ASC2_income",-0.7,-0.242909739262809,0
1,6,0.5,54,"ASC2_child",0,0.020762101710941,0
1,6,0.5,54,"ASC3_male",1.1,0.123864156787546,0
1,6,0.5,54,"ASC3_age",0,-0.121523876359523,0
1,6,0.5,54,"ASC3_income",0,-0.0827480776668933,0
1,6,0.5,54,"ASC3_child",-0.5,-0.0721045996483213,0
1,6,0.5,54,"prot25_male",0,0.0988737186218056,0
1,6,0.5,54,"prot25_age",0.3,0.182222833946348,0
1,6,0.5,54,"prot25_income",0,-0.010720036669188,0
1,6,0.5,54,"prot25_child",0,0.0175962860269343,0
1,6,0.5,54,"prot50_male",0,0.114813742444891,0
1,6,0.5,54,"prot50_age",0.2,0.0528386897424517,0
1,6,0.5,54,"prot50_income",0.5,0.0784057620034267,0
1,6,0.5,54,"prot50_child",-0.7,-0.201060896990114,0
1,6,0.5,54,"invasive_male",0,0.0164695769659631,0
1,6,0.5,54,"invasive_age",0.1,0.00459450296487082,0
1,6,0.5,54,"invasive_income",-1.2,-0.203240909870523,0
1,6,0.5,54,"invasive_child",0,0.0109308797750203,0
1,6,0.5,55,"ASC2_male",0,0.0412812926918086,0
1,6,0.5,55,"ASC2_age",0,0.0510963808640571,0
1,6,0.5,55,"ASC2_income",0,0.0329847941408936,0
1,6,0.5,55,"ASC2_child",0,0.118217116393164,0
1,6,0.5,55,"ASC3_male",0.5,0.0413595641923523,0
1,6,0.5,55,"ASC3_age",0,0.0879469373511195,0
1,6,0.5,55,"ASC3_income",0,0.0181746192796741,0
1,6,0.5,55,"ASC3_child",0,-0.00488745097874476,0
1,6,0.5,55,"prot25_male",0.2,-0.0629603965781036,0
1,6,0.5,55,"prot25_age",0.7,0.0280444339689899,0
1,6,0.5,55,"prot25_income",-0.7,-0.0810434627670781,0
1,6,0.5,55,"prot25_child",0,-0.073010664324286,0
1,6,0.5,55,"prot50_male",-0.5,-0.200268347539866,0
1,6,0.5,55,"prot50_age",0.5,0.000293057868408878,0
1,6,0.5,55,"prot50_income",-1,-0.0876215979682032,0
1,6,0.5,55,"prot50_child",0,-0.0901397795267279,0
1,6,0.5,55,"invasive_male",0.8,0.0251643185960675,0
1,6,0.5,55,"invasive_age",0,0.0877088808140076,0
1,6,0.5,55,"invasive_income",-0.9,-0.0640630230642614,0
1,6,0.5,55,"invasive_child",-1.2,-0.155328287147344,0
1,6,0.5,56,"ASC2_male",0,-0.222524055329955,0
1,6,0.5,56,"ASC2_age",-0.7,-0.057919815771699,0
1,6,0.5,56,"ASC2_income",0,-0.0280715795699111,0
1,6,0.5,56,"ASC2_child",0,-0.264102184013854,0
1,6,0.5,56,"ASC3_male",0,-0.331395428811976,0
1,6,0.5,56,"ASC3_age",-0.4,0.0138081600426486,0
1,6,0.5,56,"ASC3_income",0,-0.0131072619001957,0
1,6,0.5,56,"ASC3_child",0,-0.306566202672116,0
1,6,0.5,56,"prot25_male",0,0.256310257650616,0
1,6,0.5,56,"prot25_age",0,-0.0498831987237626,0
1,6,0.5,56,"prot25_income",-0.2,-0.0266258284665573,0
1,6,0.5,56,"prot25_child",-1,0.00132140253703169,0
1,6,0.5,56,"prot50_male",0.7,0.267486653633959,0
1,6,0.5,56,"prot50_age",0.5,0.000846253015009611,0
1,6,0.5,56,"prot50_income",-0.6,-0.0515740498603468,0
1,6,0.5,56,"prot50_child",0.7,0.261715759005433,0
1,6,0.5,56,"invasive_male",0,-0.177394282889703,0
1,6,0.5,56,"invasive_age",-1.1,-0.12900565248432,0
1,6,0.5,56,"invasive_income",0.3,0.0344826484430629,0
1,6,0.5,56,"invasive_child",0,-0.0630024328988086,0
1,6,0.5,57,"ASC2_male",1.2,0.180559346861058,0
1,6,0.5,57,"ASC2_age",1,0.15237223386323,0
1,6,0.5,57,"ASC2_income",0,0.0340958645760912,0
1,6,0.5,57,"ASC2_child",0,0.384445119698625,0
1,6,0.5,57,"ASC3_male",-0.2,0.0372118264658183,0
1,6,0.5,57,"ASC3_age",0,-0.0829241683850671,0
1,6,0.5,57,"ASC3_income",0,0.0478197440611115,0
1,6,0.5,57,"ASC3_child",0,0.319504083160834,0
1,6,0.5,57,"prot25_male",-1,-0.27991689378324,0
1,6,0.5,57,"prot25_age",0,0.119096589270342,0
1,6,0.5,57,"prot25_income",-0.1,-0.0135280931219574,0
1,6,0.5,57,"prot25_child",0,-0.0815523137202999,0
1,6,0.5,57,"prot50_male",-0.4,-0.0770909854207911,0
1,6,0.5,57,"prot50_age",-0.6,-0.00101697292679197,0
1,6,0.5,57,"prot50_income",0.5,0.0573381196928787,0
1,6,0.5,57,"prot50_child",0.6,0.0758751618252482,0
1,6,0.5,57,"invasive_male",0.7,0.108907062253415,0
1,6,0.5,57,"invasive_age",0,-0.00812682688841439,0
1,6,0.5,57,"invasive_income",0,0.00767063684859469,0
1,6,0.5,57,"invasive_child",0,0.228220259285537,0
1,6,0.5,58,"ASC2_male",0.3,0.267940614022669,0
1,6,0.5,58,"ASC2_age",0.2,-0.0908659339482166,0
1,6,0.5,58,"ASC2_income",0,-0.0994727938661182,0
1,6,0.5,58,"ASC2_child",0,0.175959036043492,0
1,6,0.5,58,"ASC3_male",0,0.188345931587245,0
1,6,0.5,58,"ASC3_age",0,-0.0411032348333219,0
1,6,0.5,58,"ASC3_income",0,-0.133223611357563,0
1,6,0.5,58,"ASC3_child",0.1,0.194804136004556,0
1,6,0.5,58,"prot25_male",0,-0.115126414037698,0
1,6,0.5,58,"prot25_age",0,0.0456787431721551,0
1,6,0.5,58,"prot25_income",0,0.156243567260194,0
1,6,0.5,58,"prot25_child",1,0.00985461831382962,0
1,6,0.5,58,"prot50_male",0,-0.124993522780106,0
1,6,0.5,58,"prot50_age",0.5,0.167994535432931,0
1,6,0.5,58,"prot50_income",0,0.161608421098898,0
1,6,0.5,58,"prot50_child",0.8,0.117474333385344,0
1,6,0.5,58,"invasive_male",0.5,0.0749865383448443,0
1,6,0.5,58,"invasive_age",1,0.10802303877706,0
1,6,0.5,58,"invasive_income",0.6,0.123740945828411,0
1,6,0.5,58,"invasive_child",0.7,0.222625170286576,0
1,6,0.5,59,"ASC2_male",0,0.26730396040101,0
1,6,0.5,59,"ASC2_age",0.5,-0.0454557790856714,0
1,6,0.5,59,"ASC2_income",0,-0.0218860817145206,0
1,6,0.5,59,"ASC2_child",0,0.0163154560257133,0
1,6,0.5,59,"ASC3_male",0.6,0.304154888425724,0
1,6,0.5,59,"ASC3_age",-1.1,-0.360478647746097,0
1,6,0.5,59,"ASC3_income",0,-0.0147275919566946,0
1,6,0.5,59,"ASC3_child",0,0.171351463455392,0
1,6,0.5,59,"prot25_male",-0.7,-0.180594242136266,0
1,6,0.5,59,"prot25_age",0,0.132833008919179,0
1,6,0.5,59,"prot25_income",-0.2,-0.062195662863829,0
1,6,0.5,59,"prot25_child",0,-0.0752859853658094,0
1,6,0.5,59,"prot50_male",0.4,0.119654656683572,0
1,6,0.5,59,"prot50_age",-0.9,-0.066035064309855,0
1,6,0.5,59,"prot50_income",0,-0.0858285466425317,0
1,6,0.5,59,"prot50_child",0,-0.167230849489431,0
1,6,0.5,59,"invasive_male",1,0.313956556026808,0
1,6,0.5,59,"invasive_age",-0.8,-0.194584694601456,0
1,6,0.5,59,"invasive_income",-0.4,-0.0426793868296785,0
1,6,0.5,59,"invasive_child",0,-0.0366758271986445,0
1,6,0.5,60,"ASC2_male",-1.2,-0.239712073604962,0
1,6,0.5,60,"ASC2_age",0,-0.00378384511204854,0
1,6,0.5,60,"ASC2_income",0.6,0.0855774460444701,0
1,6,0.5,60,"ASC2_child",-0.4,-0.0451898617082874,0
1,6,0.5,60,"ASC3_male",0,0.0769235710171846,0
1,6,0.5,60,"ASC3_age",0,-0.0203626959587522,0
1,6,0.5,60,"ASC3_income",0,0.0292076928499552,0
1,6,0.5,60,"ASC3_child",0,-0.140488825290639,0
1,6,0.5,60,"prot25_male",0,0.00239561288306598,0
1,6,0.5,60,"prot25_age",-0.4,-0.0184357809769122,0
1,6,0.5,60,"prot25_income",0,-0.0378461632104245,0
1,6,0.5,60,"prot25_child",0,0.0256166460442646,0
1,6,0.5,60,"prot50_male",-1.1,-0.221539439249527,0
1,6,0.5,60,"prot50_age",0,0.0497572170868672,0
1,6,0.5,60,"prot50_income",0.4,0.0237530750998573,0
1,6,0.5,60,"prot50_child",0,0.0234442320401865,0
1,6,0.5,60,"invasive_male",0.3,-0.00883265619333669,0
1,6,0.5,60,"invasive_age",-0.5,-0.0944520263954895,0
1,6,0.5,60,"invasive_income",-0.7,-0.145281861451443,0
1,6,0.5,60,"invasive_child",1,0.163337670612692,0
1,6,0.5,61,"ASC2_male",0.8,0.0617030523370678,0
1,6,0.5,61,"ASC2_age",-0.9,-0.170716132572778,0
1,6,0.5,61,"ASC2_income",-0.3,-0.146809290054601,0
1,6,0.5,61,"ASC2_child",0,-0.260659605126101,0
1,6,0.5,61,"ASC3_male",0,-0.0616123202672745,0
1,6,0.5,61,"ASC3_age",0,-0.058599518109493,0
1,6,0.5,61,"ASC3_income",0,-0.069735630956846,0
1,6,0.5,61,"ASC3_child",0,-0.252835864659905,0
1,6,0.5,61,"prot25_male",0,-0.00407845053609624,0
1,6,0.5,61,"prot25_age",-1,-0.124183823371836,0
1,6,0.5,61,"prot25_income",0,0.069898324526537,0
1,6,0.5,61,"prot25_child",0,0.270499199799839,0
1,6,0.5,61,"prot50_male",-0.8,-0.269113876051326,0
1,6,0.5,61,"prot50_age",0.2,0.0311085814252467,0
1,6,0.5,61,"prot50_income",0,0.051818326856949,0
1,6,0.5,61,"prot50_child",0.3,0.18521273805802,0
1,6,0.5,61,"invasive_male",0,-0.104896819366798,0
1,6,0.5,61,"invasive_age",1,0.164655473734054,0
1,6,0.5,61,"invasive_income",0.2,0.0198578368909978,0
1,6,0.5,61,"invasive_child",0.9,0.221490935633025,0
1,6,0.5,62,"ASC2_male",0,-0.226380594788414,0
1,6,0.5,62,"ASC2_age",0,-0.00963661170695856,0
1,6,0.5,62,"ASC2_income",0.1,-0.0648618598299371,0
1,6,0.5,62,"ASC2_child",0,0.185260090569142,0
1,6,0.5,62,"ASC3_male",0,-0.0796771700627352,0
1,6,0.5,62,"ASC3_age",0.6,0.0721863177939177,0
1,6,0.5,62,"ASC3_income",0.6,0.00222741390540452,0
1,6,0.5,62,"ASC3_child",0,0.139338851090843,0
1,6,0.5,62,"prot25_male",-0.5,-0.125738668673906,0
1,6,0.5,62,"prot25_age",0,0.0212301016290246,0
1,6,0.5,62,"prot25_income",0,0.0841874718553573,0
1,6,0.5,62,"prot25_child",-0.2,-0.214700632195607,0
1,6,0.5,62,"prot50_male",-0.5,0.159070027483172,0
1,6,0.5,62,"prot50_age",0.3,0.0407461936443748,0
1,6,0.5,62,"prot50_income",0,0.0889441571056342,0
1,6,0.5,62,"prot50_child",1,-0.0830749383020519,0
1,6,0.5,62,"invasive_male",0.5,0.131968164089998,0
1,6,0.5,62,"invasive_age",0,-0.0533452246881323,0
1,6,0.5,62,"invasive_income",0,-0.00605644011979381,0
1,6,0.5,62,"invasive_child",-0.9,-0.20462480324619,0
1,6,0.5,63,"ASC2_male",0,-0.0741702200700142,0
1,6,0.5,63,"ASC2_age",0.6,0.0987520618095547,0
1,6,0.5,63,"ASC2_income",-0.7,-0.179340390562551,0
1,6,0.5,63,"ASC2_child",0,0.21536212997712,0
1,6,0.5,63,"ASC3_male",-0.5,-0.134771202923172,0
1,6,0.5,63,"ASC3_age",0,0.00293279879507814,0
1,6,0.5,63,"ASC3_income",0,-0.0892979488014567,0
1,6,0.5,63,"ASC3_child",-0.1,0.285611973676594,0
1,6,0.5,63,"prot25_male",0,0.0706482132913673,0
1,6,0.5,63,"prot25_age",0,-0.061027856942915,0
1,6,0.5,63,"prot25_income",-0.4,-0.111588607211021,0
1,6,0.5,63,"prot25_child",-0.6,-0.280083541588483,0
1,6,0.5,63,"prot50_male",0,0.122126527998963,0
1,6,0.5,63,"prot50_age",0,-0.082808120607632,0
1,6,0.5,63,"prot50_income",-0.9,-0.17809779165055,0
1,6,0.5,63,"prot50_child",-0.7,-0.284236003134613,0
1,6,0.5,63,"invasive_male",0.8,0.257517648573795,0
1,6,0.5,63,"invasive_age",0,-0.0158255931801926,0
1,6,0.5,63,"invasive_income",-0.8,-0.309302153394437,0
1,6,0.5,63,"invasive_child",0,0.180273976896149,0
1,6,0.5,64,"ASC2_male",0.2,-0.0732505721658292,0
1,6,0.5,64,"ASC2_age",0,0.0590621919270662,0
1,6,0.5,64,"ASC2_income",-0.3,-0.0218230423554426,0
1,6,0.5,64,"ASC2_child",0,0.113480852034388,0
1,6,0.5,64,"ASC3_male",0,-0.0841637832697325,0
1,6,0.5,64,"ASC3_age",-1.2,-0.129228130378875,0
1,6,0.5,64,"ASC3_income",0.1,0.065672756537465,0
1,6,0.5,64,"ASC3_child",0,0.151755318906632,0
1,6,0.5,64,"prot25_male",-0.8,-0.0481075456299916,0
1,6,0.5,64,"prot25_age",0.1,-0.0730831778491578,0
1,6,0.5,64,"prot25_income",0.3,0.0127217403432225,0
1,6,0.5,64,"prot25_child",-0.5,-0.175735129259105,0
1,6,0.5,64,"prot50_male",0.2,0.179578207097343,0
1,6,0.5,64,"prot50_age",1.1,0.11315172840717,0
1,6,0.5,64,"prot50_income",0,-0.100094837998047,0
1,6,0.5,64,"prot50_child",0,-0.185352554218525,0
1,6,0.5,64,"invasive_male",0,0.0325247442441056,0
1,6,0.5,64,"invasive_age",0,0.0303263108275834,0
1,6,0.5,64,"invasive_income",0,0.0306718908381994,0
1,6,0.5,64,"invasive_child",0,-0.0946111093800508,0
1,6,0.5,65,"ASC2_male",0,0.268286736854536,0
1,6,0.5,65,"ASC2_age",0.8,-0.107949631503132,0
1,6,0.5,65,"ASC2_income",0.2,-0.0599755611876709,0
1,6,0.5,65,"ASC2_child",0,-0.217578525855278,0
1,6,0.5,65,"ASC3_male",0,0.421207365084,0
1,6,0.5,65,"ASC3_age",0,-0.27293578022206,0
1,6,0.5,65,"ASC3_income",0.7,0.0224270413684429,0
1,6,0.5,65,"ASC3_child",0.5,-0.179637518591963,0
1,6,0.5,65,"prot25_male",0,-0.334775641953282,0
1,6,0.5,65,"prot25_age",0,0.211796508973426,0
1,6,0.5,65,"prot25_income",0,0.0208676511364133,0
1,6,0.5,65,"prot25_child",1,0.31359740290536,0
1,6,0.5,65,"prot50_male",0.6,-0.137011925188249,0
1,6,0.5,65,"prot50_age",0,0.175938182568849,0
1,6,0.5,65,"prot50_income",-0.2,0.049225453941739,0
1,6,0.5,65,"prot50_child",0.5,0.145282609780461,0
1,6,0.5,65,"invasive_male",0.3,0.173280885695667,0
1,6,0.5,65,"invasive_age",0,-0.0698240110887215,0
1,6,0.5,65,"invasive_income",0.9,0.116892016906221,0
1,6,0.5,65,"invasive_child",0,-0.0694757902036846,0
1,6,0.5,66,"ASC2_male",0,-0.193040507031101,0
1,6,0.5,66,"ASC2_age",-0.2,-0.0458722365646137,0
1,6,0.5,66,"ASC2_income",0.4,0.0445543638295662,0
1,6,0.5,66,"ASC2_child",0,0.208459304105528,0
1,6,0.5,66,"ASC3_male",-0.9,-0.341050225142472,0
1,6,0.5,66,"ASC3_age",1,0.214653844250131,0
1,6,0.5,66,"ASC3_income",0,-0.00143657424024137,0
1,6,0.5,66,"ASC3_child",0,0.247343679355171,0
1,6,0.5,66,"prot25_male",-0.5,0.0392481866029057,0
1,6,0.5,66,"prot25_age",0,0.0524522986041142,0
1,6,0.5,66,"prot25_income",0,0.03017584247777,0
1,6,0.5,66,"prot25_child",-1.1,-0.288895983444332,0
1,6,0.5,66,"prot50_male",1,0.248642063610472,0
1,6,0.5,66,"prot50_age",0,-0.0230873696340907,0
1,6,0.5,66,"prot50_income",0.2,0.105793969858274,0
1,6,0.5,66,"prot50_child",0.7,0.0985791967464248,0
1,6,0.5,66,"invasive_male",0,-0.056347116234622,0
1,6,0.5,66,"invasive_age",0,0.0299878813829041,0
1,6,0.5,66,"invasive_income",0,0.0436923133856904,0
1,6,0.5,66,"invasive_child",-1,-0.0648401924977862,0
1,6,0.5,67,"ASC2_male",-0.6,-0.243301467402527,0
1,6,0.5,67,"ASC2_age",-0.5,-0.0982999230447881,0
1,6,0.5,67,"ASC2_income",0,0.0525281062351938,0
1,6,0.5,67,"ASC2_child",0.9,0.0999737851034172,0
1,6,0.5,67,"ASC3_male",0.8,-0.0776947912200813,0
1,6,0.5,67,"ASC3_age",-0.9,-0.157914880299304,0
1,6,0.5,67,"ASC3_income",1.1,0.211770020358626,0
1,6,0.5,67,"ASC3_child",0.1,-0.0354701051107799,0
1,6,0.5,67,"prot25_male",0,0.242400305255435,0
1,6,0.5,67,"prot25_age",-0.2,0.00802022429251553,0
1,6,0.5,67,"prot25_income",0,-0.0152362883297243,0
1,6,0.5,67,"prot25_child",0,0.265244508947742,0
1,6,0.5,67,"prot50_male",1,0.322366222000604,0
1,6,0.5,67,"prot50_age",0,0.0710174980926855,0
1,6,0.5,67,"prot50_income",0,0.0301426633420323,0
1,6,0.5,67,"prot50_child",0.1,0.112002505948515,0
1,6,0.5,67,"invasive_male",0,-0.075427356502404,0
1,6,0.5,67,"invasive_age",0,0.0576284382766316,0
1,6,0.5,67,"invasive_income",0,-0.0143698249984989,0
1,6,0.5,67,"invasive_child",0,0.00246798205825902,0
1,6,0.5,68,"ASC2_male",0,0.235289438999957,0
1,6,0.5,68,"ASC2_age",0.1,0.0946135996344332,0
1,6,0.5,68,"ASC2_income",0,0.00418369544425404,0
1,6,0.5,68,"ASC2_child",-0.8,-0.242950553373361,0
1,6,0.5,68,"ASC3_male",1.1,0.356570188572738,0
1,6,0.5,68,"ASC3_age",-0.5,0.0302488583673889,0
1,6,0.5,68,"ASC3_income",0,-0.0112755483663508,0
1,6,0.5,68,"ASC3_child",-0.9,-0.311604422050914,0
1,6,0.5,68,"prot25_male",0.2,0.0150722401698534,0
1,6,0.5,68,"prot25_age",0,-0.0569913360248514,0
1,6,0.5,68,"prot25_income",0,0.0383576891344518,0
1,6,0.5,68,"prot25_child",-1.1,-0.30142853977569,0
1,6,0.5,68,"prot50_male",0,-0.006168823364115,0
1,6,0.5,68,"prot50_age",0,-0.0811654395589425,0
1,6,0.5,68,"prot50_income",0,0.0635398279493325,0
1,6,0.5,68,"prot50_child",-0.8,-0.330092956523342,0
1,6,0.5,68,"invasive_male",0,0.0298246313229185,0
1,6,0.5,68,"invasive_age",-0.7,-0.139708072143396,0
1,6,0.5,68,"invasive_income",0,-0.0352387860084366,0
1,6,0.5,68,"invasive_child",1.1,-0.0784511032858511,0
1,6,0.5,69,"ASC2_male",1.1,0.385454671968926,0
1,6,0.5,69,"ASC2_age",0,-0.0280794792854358,0
1,6,0.5,69,"ASC2_income",0.4,0.123265433613878,0
1,6,0.5,69,"ASC2_child",1.2,-0.00513480801868626,0
1,6,0.5,69,"ASC3_male",-1,0.0531294247402946,0
1,6,0.5,69,"ASC3_age",0,-0.0266801025137374,0
1,6,0.5,69,"ASC3_income",-1.2,-0.137411249360896,0
1,6,0.5,69,"ASC3_child",0,-0.285407647955882,0
1,6,0.5,69,"prot25_male",0,-0.218248095879184,0
1,6,0.5,69,"prot25_age",0,-0.0231640089673372,0
1,6,0.5,69,"prot25_income",-0.4,-0.128723804424024,0
1,6,0.5,69,"prot25_child",-0.4,0.137150576436574,0
1,6,0.5,69,"prot50_male",0,-0.169043090199413,0
1,6,0.5,69,"prot50_age",0,-0.0395704208735819,0
1,6,0.5,69,"prot50_income",0,-0.0742548262589522,0
1,6,0.5,69,"prot50_child",0,0.217281851527679,0
1,6,0.5,69,"invasive_male",0,0.21329831524786,0
1,6,0.5,69,"invasive_age",-0.5,-0.115895104871167,0
1,6,0.5,69,"invasive_income",-0.2,0.0296431288635547,0
1,6,0.5,69,"invasive_child",-0.2,-0.121675869145708,0
1,6,0.5,70,"ASC2_male",-0.8,0.0109298203413625,0
1,6,0.5,70,"ASC2_age",0,-0.0560806369832057,0
1,6,0.5,70,"ASC2_income",0.3,0.0488936944452278,0
1,6,0.5,70,"ASC2_child",0,-0.0238332511884536,0
1,6,0.5,70,"ASC3_male",0.9,0.267207190941581,0
1,6,0.5,70,"ASC3_age",0,-0.0621409749749174,0
1,6,0.5,70,"ASC3_income",0,0.000942147310912225,0
1,6,0.5,70,"ASC3_child",0,-0.0903697222829992,0
1,6,0.5,70,"prot25_male",0,-0.113786881158503,0
1,6,0.5,70,"prot25_age",0,0.0963561190761213,0
1,6,0.5,70,"prot25_income",0.9,0.148626492373269,0
1,6,0.5,70,"prot25_child",0,0.151558702838881,0
1,6,0.5,70,"prot50_male",-0.1,-0.171399887204238,0
1,6,0.5,70,"prot50_age",-0.9,-0.12055833669498,0
1,6,0.5,70,"prot50_income",0.9,0.134147727235606,0
1,6,0.5,70,"prot50_child",1,0.169993433070303,0
1,6,0.5,70,"invasive_male",0,-0.268372753498955,0
1,6,0.5,70,"invasive_age",0.8,0.115490966020371,0
1,6,0.5,70,"invasive_income",0,0.0462100119174503,0
1,6,0.5,70,"invasive_child",-0.6,-0.10534222999543,0
1,6,0.5,71,"ASC2_male",0.5,-0.0523057548140403,0
1,6,0.5,71,"ASC2_age",1,0.262832734493058,0
1,6,0.5,71,"ASC2_income",0.8,0.157627456532487,0
1,6,0.5,71,"ASC2_child",0.7,-0.0977397688753046,0
1,6,0.5,71,"ASC3_male",0,-0.0508050521539123,0
1,6,0.5,71,"ASC3_age",0,0.104474554456315,0
1,6,0.5,71,"ASC3_income",0,-1.50939147497617e-06,0
1,6,0.5,71,"ASC3_child",1.1,-0.0554493995498065,0
1,6,0.5,71,"prot25_male",0,0.132047346428211,0
1,6,0.5,71,"prot25_age",0,-0.0810512331980268,0
1,6,0.5,71,"prot25_income",0,-0.0428008683756068,0
1,6,0.5,71,"prot25_child",0,-0.0509933651482215,0
1,6,0.5,71,"prot50_male",0,0.108446766933333,0
1,6,0.5,71,"prot50_age",-0.6,-0.199334222649843,0
1,6,0.5,71,"prot50_income",-0.9,-0.122925091075014,0
1,6,0.5,71,"prot50_child",-0.7,-0.263333750585901,0
1,6,0.5,71,"invasive_male",0.8,0.137990524713849,0
1,6,0.5,71,"invasive_age",0,-0.020553836761516,0
1,6,0.5,71,"invasive_income",1,0.109265772849487,0
1,6,0.5,71,"invasive_child",0,-0.251697929662566,0
1,6,0.5,72,"ASC2_male",-0.8,0.113791657279412,0
1,6,0.5,72,"ASC2_age",0,-0.0656624262400806,0
1,6,0.5,72,"ASC2_income",0.3,0.0762010827534682,0
1,6,0.5,72,"ASC2_child",0.2,0.297929975611773,0
1,6,0.5,72,"ASC3_male",0,0.324907335232621,0
1,6,0.5,72,"ASC3_age",0,-0.113127058784565,0
1,6,0.5,72,"ASC3_income",0,0.0052174014335519,0
1,6,0.5,72,"ASC3_child",-0.9,0.11062795315615,0
1,6,0.5,72,"prot25_male",0,-0.256023011797592,0
1,6,0.5,72,"prot25_age",0,0.024756508928625,0
1,6,0.5,72,"prot25_income",0,-0.00583807574790604,0
1,6,0.5,72,"prot25_child",-0.6,-0.371969922385061,0
1,6,0.5,72,"prot50_male",1,-0.159436768897942,0
1,6,0.5,72,"prot50_age",-0.6,0.0135622144322182,0
1,6,0.5,72,"prot50_income",0,0.0227724119335775,0
1,6,0.5,72,"prot50_child",0.4,0.0694028467504611,0
1,6,0.5,72,"invasive_male",-0.5,-0.143506965240383,0
1,6,0.5,72,"invasive_age",0,0.0577122232173313,0
1,6,0.5,72,"invasive_income",0,-0.0383806023204577,0
1,6,0.5,72,"invasive_child",-0.1,0.195934242318957,0
1,6,0.5,73,"ASC2_male",0,-0.0529118804245697,0
1,6,0.5,73,"ASC2_age",0,0.0171519649192703,0
1,6,0.5,73,"ASC2_income",0.5,0.186155470490827,0
1,6,0.5,73,"ASC2_child",-1,-0.183688272210556,0
1,6,0.5,73,"ASC3_male",0.8,0.0756668650405029,0
1,6,0.5,73,"ASC3_age",0,-0.0269164331396527,0
1,6,0.5,73,"ASC3_income",-0.5,0.0531255024549599,0
1,6,0.5,73,"ASC3_child",-1.2,-0.240000891248531,0
1,6,0.5,73,"prot25_male",0,0.215135378805833,0
1,6,0.5,73,"prot25_age",0,-0.0312986913781,0
1,6,0.5,73,"prot25_income",0.4,0.00566993478420067,0
1,6,0.5,73,"prot25_child",0,-0.127177673046231,0
1,6,0.5,73,"prot50_male",-0.7,-0.00628199611772565,0
1,6,0.5,73,"prot50_age",0.7,0.0342655016118593,0
1,6,0.5,73,"prot50_income",1,0.0586280906001153,0
1,6,0.5,73,"prot50_child",0,0.0407481812141625,0
1,6,0.5,73,"invasive_male",0,0.0494216943273874,0
1,6,0.5,73,"invasive_age",0,-0.0453618879687876,0
1,6,0.5,73,"invasive_income",0,-0.0262853546336653,0
1,6,0.5,73,"invasive_child",0.8,0.00223159550971011,0
1,6,0.5,74,"ASC2_male",0,0.0122522158263055,0
1,6,0.5,74,"ASC2_age",0,-0.0323200532256444,0
1,6,0.5,74,"ASC2_income",0,0.0102217402139028,0
1,6,0.5,74,"ASC2_child",-1,-0.00926149167485689,0
1,6,0.5,74,"ASC3_male",0.9,0.182743107590175,0
1,6,0.5,74,"ASC3_age",1.1,0.211303842956291,0
1,6,0.5,74,"ASC3_income",0,-0.0393414025607997,0
1,6,0.5,74,"ASC3_child",0,0.32797923110105,0
1,6,0.5,74,"prot25_male",-0.6,-0.151616333632441,0
1,6,0.5,74,"prot25_age",0.5,0.0766251339695941,0
1,6,0.5,74,"prot25_income",-0.3,0.00813051662494006,0
1,6,0.5,74,"prot25_child",0,-0.208037700543199,0
1,6,0.5,74,"prot50_male",-0.2,-0.132591140549364,0
1,6,0.5,74,"prot50_age",0,-0.0247186840818699,0
1,6,0.5,74,"prot50_income",0,0.0807384025542917,0
1,6,0.5,74,"prot50_child",0,-0.190460516946023,0
1,6,0.5,74,"invasive_male",0,-0.0534771507441598,0
1,6,0.5,74,"invasive_age",-1.1,-0.179164768045783,0
1,6,0.5,74,"invasive_income",0.4,0.0646023677379813,0
1,6,0.5,74,"invasive_child",0.7,0.132564469610537,0
1,6,0.5,75,"ASC2_male",0,0.303460723386819,0
1,6,0.5,75,"ASC2_age",0.5,0.0705925539854819,0
1,6,0.5,75,"ASC2_income",0,0.0553364008972197,0
1,6,0.5,75,"ASC2_child",0,0.128978592048074,0
1,6,0.5,75,"ASC3_male",1,0.421259966012075,0
1,6,0.5,75,"ASC3_age",0,-0.0723449014747307,0
1,6,0.5,75,"ASC3_income",0,0.065760257138449,0
1,6,0.5,75,"ASC3_child",-0.8,-0.0969756228326983,0
1,6,0.5,75,"prot25_male",0.9,-0.00176072036129204,0
1,6,0.5,75,"prot25_age",1,0.192375455615881,0
1,6,0.5,75,"prot25_income",0,-0.0993919431510553,0
1,6,0.5,75,"prot25_child",-1,-0.148813229685289,0
1,6,0.5,75,"prot50_male",0,-0.0943422304853104,0
1,6,0.5,75,"prot50_age",0,0.017563226389862,0
1,6,0.5,75,"prot50_income",-0.9,-0.221293432709724,0
1,6,0.5,75,"prot50_child",-0.4,-0.0218300680231013,0
1,6,0.5,75,"invasive_male",0.7,0.294219374569947,0
1,6,0.5,75,"invasive_age",0,0.0567289404655934,0
1,6,0.5,75,"invasive_income",-0.5,-0.16597645588123,0
1,6,0.5,75,"invasive_child",0,0.209005260811197,0
1,6,0.5,76,"ASC2_male",-0.7,-0.0239235467805018,0
1,6,0.5,76,"ASC2_age",0,0.0379441763469891,0
1,6,0.5,76,"ASC2_income",0,-0.13285906743055,0
1,6,0.5,76,"ASC2_child",-1,-0.251447228027683,0
1,6,0.5,76,"ASC3_male",-0.4,0.0377030108085134,0
1,6,0.5,76,"ASC3_age",0,0.0176751422064029,0
1,6,0.5,76,"ASC3_income",-0.5,-0.236860882890149,0
1,6,0.5,76,"ASC3_child",-0.6,-0.163927011011945,0
1,6,0.5,76,"prot25_male",0,0.0361867858030177,0
1,6,0.5,76,"prot25_age",0,-0.089502195582566,0
1,6,0.5,76,"prot25_income",0,0.134500129234396,0
1,6,0.5,76,"prot25_child",-0.5,-0.0715023578193981,0
1,6,0.5,76,"prot50_male",-0.1,-0.121473729594572,0
1,6,0.5,76,"prot50_age",0,-0.0375333483098393,0
1,6,0.5,76,"prot50_income",0,0.113724118324056,0
1,6,0.5,76,"prot50_child",0,-0.0518261108623306,0
1,6,0.5,76,"invasive_male",-0.4,-0.245943833253389,0
1,6,0.5,76,"invasive_age",0,0.0135002076306446,0
1,6,0.5,76,"invasive_income",-0.2,-0.06335849162494,0
1,6,0.5,76,"invasive_child",0.1,-0.0711507620730049,0
1,6,0.5,77,"ASC2_male",0.4,0.166959022497862,0
1,6,0.5,77,"ASC2_age",-0.4,-0.0270979563015808,0
1,6,0.5,77,"ASC2_income",0,-0.109084890500342,0
1,6,0.5,77,"ASC2_child",-1.1,-0.125176026975463,0
1,6,0.5,77,"ASC3_male",0,0.177001531790673,0
1,6,0.5,77,"ASC3_age",0,-0.0210855814233473,0
1,6,0.5,77,"ASC3_income",0,-0.0853945534844622,0
1,6,0.5,77,"ASC3_child",0,0.000918221711177846,0
1,6,0.5,77,"prot25_male",0.8,-0.0485167758891475,0
1,6,0.5,77,"prot25_age",0.6,0.0400523478629011,0
1,6,0.5,77,"prot25_income",0,0.0438167606572297,0
1,6,0.5,77,"prot25_child",0,0.0180281354368025,0
1,6,0.5,77,"prot50_male",0,-0.147048192025082,0
1,6,0.5,77,"prot50_age",-0.5,-0.154915693814794,0
1,6,0.5,77,"prot50_income",-1.1,-0.250037332799788,0
1,6,0.5,77,"prot50_child",0,-0.0713465597391127,0
1,6,0.5,77,"invasive_male",0,-0.0670476749553566,0
1,6,0.5,77,"invasive_age",1,0.156172536635546,0
1,6,0.5,77,"invasive_income",0.6,-0.00501292014652264,0
1,6,0.5,77,"invasive_child",-0.2,-0.117385739208374,0
1,6,0.5,78,"ASC2_male",0,0.0661028340630886,0
1,6,0.5,78,"ASC2_age",0,0.121342741210117,0
1,6,0.5,78,"ASC2_income",0,0.141154018815582,0
1,6,0.5,78,"ASC2_child",0,0.236374104322697,0
1,6,0.5,78,"ASC3_male",0,0.110036743015115,0
1,6,0.5,78,"ASC3_age",0,0.084368330691157,0
1,6,0.5,78,"ASC3_income",-0.4,0.0162040849562027,0
1,6,0.5,78,"ASC3_child",0,0.179568513070718,0
1,6,0.5,78,"prot25_male",-1.1,-0.210704873879649,0
1,6,0.5,78,"prot25_age",0,0.00131388582239389,0
1,6,0.5,78,"prot25_income",-0.2,-0.0381486389112338,0
1,6,0.5,78,"prot25_child",0,-0.378820334297973,0
1,6,0.5,78,"prot50_male",0.6,0.0950056110966482,0
1,6,0.5,78,"prot50_age",-0.4,-0.0541766215223304,0
1,6,0.5,78,"prot50_income",-0.9,-0.20392581528045,0
1,6,0.5,78,"prot50_child",0.6,-0.22705027107436,0
1,6,0.5,78,"invasive_male",-0.6,-0.126812235265518,0
1,6,0.5,78,"invasive_age",0.9,0.263408287260644,0
1,6,0.5,78,"invasive_income",1.2,0.326903016982332,0
1,6,0.5,78,"invasive_child",0,-0.180145104473392,0
1,6,0.5,79,"ASC2_male",0,-0.24196663134715,0
1,6,0.5,79,"ASC2_age",0,-0.020736058896587,0
1,6,0.5,79,"ASC2_income",0,-0.0132017785831321,0
1,6,0.5,79,"ASC2_child",0,-0.00645349706038187,0
1,6,0.5,79,"ASC3_male",0,-0.182785293868413,0
1,6,0.5,79,"ASC3_age",0,-0.037414028644248,0
1,6,0.5,79,"ASC3_income",0.2,0.043518123121859,0
1,6,0.5,79,"ASC3_child",-0.3,-0.0529222990770443,0
1,6,0.5,79,"prot25_male",0.2,0.273806942840015,0
1,6,0.5,79,"prot25_age",0,-0.0264210555068465,0
1,6,0.5,79,"prot25_income",0.9,0.233415785087436,0
1,6,0.5,79,"prot25_child",0.3,0.0463886004560707,0
1,6,0.5,79,"prot50_male",1,0.463113306860629,0
1,6,0.5,79,"prot50_age",0,-0.0563842131888574,0
1,6,0.5,79,"prot50_income",-0.7,-0.0238265122117981,0
1,6,0.5,79,"prot50_child",0,-0.122744404947286,0
1,6,0.5,79,"invasive_male",-0.6,-0.0936171539202506,0
1,6,0.5,79,"invasive_age",-1.1,-0.217318737337135,0
1,6,0.5,79,"invasive_income",0,0.0116038061257964,0
1,6,0.5,79,"invasive_child",-0.1,-0.0311647877068746,0
1,6,0.5,80,"ASC2_male",0.8,0.183123196979595,0
1,6,0.5,80,"ASC2_age",0,0.0146925402107362,0
1,6,0.5,80,"ASC2_income",0.4,0.0727908883764317,0
1,6,0.5,80,"ASC2_child",-1,-0.1908689591219,0
1,6,0.5,80,"ASC3_male",0,-0.0490565107145132,0
1,6,0.5,80,"ASC3_age",1,0.131045695191569,0
1,6,0.5,80,"ASC3_income",0,0.0137033940223842,0
1,6,0.5,80,"ASC3_child",-1.1,-0.250195708670977,0
1,6,0.5,80,"prot25_male",0.8,-0.178551988785969,0
1,6,0.5,80,"prot25_age",0,0.118313104945021,0
1,6,0.5,80,"prot25_income",0,-0.0986133157538715,0
1,6,0.5,80,"prot25_child",0.3,0.184355173147912,0
1,6,0.5,80,"prot50_male",0,-0.114156150313259,0
1,6,0.5,80,"prot50_age",1,0.318308674120557,0
1,6,0.5,80,"prot50_income",0,-0.0408569760709982,0
1,6,0.5,80,"prot50_child",0,0.04377485232245,0
1,6,0.5,80,"invasive_male",0,-0.250588708272199,0
1,6,0.5,80,"invasive_age",1,0.218798988466531,0
1,6,0.5,80,"invasive_income",0,-0.0156208789015665,0
1,6,0.5,80,"invasive_child",1.1,0.129454899108683,0
1,6,0.5,81,"ASC2_male",1,0.350529723945704,0
1,6,0.5,81,"ASC2_age",0,-0.102318195461662,0
1,6,0.5,81,"ASC2_income",0,-0.0474716564757919,0
1,6,0.5,81,"ASC2_child",0,0.12379001449565,0
1,6,0.5,81,"ASC3_male",0,0.0782729380416459,0
1,6,0.5,81,"ASC3_age",0,-0.0565810015733736,0
1,6,0.5,81,"ASC3_income",0,-0.0168126742107191,0
1,6,0.5,81,"ASC3_child",-0.4,0.129426614830332,0
1,6,0.5,81,"prot25_male",0,-0.0697027254277543,0
1,6,0.5,81,"prot25_age",0,0.0529217586000787,0
1,6,0.5,81,"prot25_income",0,0.0699620837527269,0
1,6,0.5,81,"prot25_child",-0.2,-0.0305278566172853,0
1,6,0.5,81,"prot50_male",1.1,0.110665310304441,0
1,6,0.5,81,"prot50_age",0.8,0.0593447058246663,0
1,6,0.5,81,"prot50_income",0,0.109294775613129,0
1,6,0.5,81,"prot50_child",-0.3,-0.146946576495145,0
1,6,0.5,81,"invasive_male",-0.2,-0.108969918472958,0
1,6,0.5,81,"invasive_age",-1.2,-0.263364939121277,0
1,6,0.5,81,"invasive_income",0.4,0.0719940156053274,0
1,6,0.5,81,"invasive_child",1.1,0.226918285580034,0
1,6,0.5,82,"ASC2_male",0,0.0928111983543353,0
1,6,0.5,82,"ASC2_age",0,0.163918831446663,0
1,6,0.5,82,"ASC2_income",-0.8,-0.143458827768466,0
1,6,0.5,82,"ASC2_child",0.4,0.170061040885706,0
1,6,0.5,82,"ASC3_male",-0.5,0.0502191932455806,0
1,6,0.5,82,"ASC3_age",0,0.151406901036393,0
1,6,0.5,82,"ASC3_income",0,-0.0344482383313772,0
1,6,0.5,82,"ASC3_child",0,0.0493145926170693,0
1,6,0.5,82,"prot25_male",-0.5,-0.178027807040086,0
1,6,0.5,82,"prot25_age",0,-0.13147649578045,0
1,6,0.5,82,"prot25_income",0.8,0.13046391296213,0
1,6,0.5,82,"prot25_child",0,-0.15201468259424,0
1,6,0.5,82,"prot50_male",-0.3,-0.149302801313481,0
1,6,0.5,82,"prot50_age",0,-0.0290055562851011,0
1,6,0.5,82,"prot50_income",0.6,0.182791600997079,0
1,6,0.5,82,"prot50_child",0.3,-0.0939297928193141,0
1,6,0.5,82,"invasive_male",-1.1,-0.228596783934556,0
1,6,0.5,82,"invasive_age",-1.2,-0.160609518332136,0
1,6,0.5,82,"invasive_income",0,0.064257274309105,0
1,6,0.5,82,"invasive_child",0,-0.171400994279614,0
1,6,0.5,83,"ASC2_male",0.5,-0.138050774186518,0
1,6,0.5,83,"ASC2_age",0,0.0261177216912151,0
1,6,0.5,83,"ASC2_income",-0.6,-0.0877412018886346,0
1,6,0.5,83,"ASC2_child",-0.5,-0.140505420177817,0
1,6,0.5,83,"ASC3_male",0,-0.165836830651815,0
1,6,0.5,83,"ASC3_age",0,0.0146293414608627,0
1,6,0.5,83,"ASC3_income",0,0.00755501195865941,0
1,6,0.5,83,"ASC3_child",0,-0.142798833522582,0
1,6,0.5,83,"prot25_male",-1,-0.090961230248525,0
1,6,0.5,83,"prot25_age",0.1,0.0345301067306923,0
1,6,0.5,83,"prot25_income",0,-0.0235469145607159,0
1,6,0.5,83,"prot25_child",0,0.0824736249866939,0
1,6,0.5,83,"prot50_male",0.7,0.166509389392597,0
1,6,0.5,83,"prot50_age",0,0.0188721719724614,0
1,6,0.5,83,"prot50_income",1.1,0.166507435329184,0
1,6,0.5,83,"prot50_child",0,-0.0251055314213911,0
1,6,0.5,83,"invasive_male",0.7,0.0445433315012765,0
1,6,0.5,83,"invasive_age",-1,-0.126454152937241,0
1,6,0.5,83,"invasive_income",0.3,0.00527615485765223,0
1,6,0.5,83,"invasive_child",0,-0.0604533229247297,0
1,6,0.5,84,"ASC2_male",0,0.190380752057314,0
1,6,0.5,84,"ASC2_age",0,0.0150626182886856,0
1,6,0.5,84,"ASC2_income",-0.9,-0.181548757764447,0
1,6,0.5,84,"ASC2_child",1.1,-0.0286645599618343,0
1,6,0.5,84,"ASC3_male",0.7,0.279394852632025,0
1,6,0.5,84,"ASC3_age",0,0.0244299840139809,0
1,6,0.5,84,"ASC3_income",0,0.019498306946024,0
1,6,0.5,84,"ASC3_child",0.3,0.0999126147978017,0
1,6,0.5,84,"prot25_male",0.3,-0.158996762831829,0
1,6,0.5,84,"prot25_age",0,-0.0440466652802967,0
1,6,0.5,84,"prot25_income",0,0.0627330367741131,0
1,6,0.5,84,"prot25_child",0,0.0934471349493421,0
1,6,0.5,84,"prot50_male",0,-0.171269486651602,0
1,6,0.5,84,"prot50_age",-0.2,-0.0251835072560454,0
1,6,0.5,84,"prot50_income",0.5,0.10748889309952,0
1,6,0.5,84,"prot50_child",0,0.0271411543574858,0
1,6,0.5,84,"invasive_male",0,-0.0311503317372493,0
1,6,0.5,84,"invasive_age",-0.7,-0.154016083652977,0
1,6,0.5,84,"invasive_income",-0.9,-0.0902253129801878,0
1,6,0.5,84,"invasive_child",0.5,-0.00285993403988831,0
1,6,0.5,85,"ASC2_male",0.9,0.22462762903813,0
1,6,0.5,85,"ASC2_age",0,-0.0588158133865795,0
1,6,0.5,85,"ASC2_income",-0.2,-0.0686594840711726,0
1,6,0.5,85,"ASC2_child",0.5,0.0581006019967675,0
1,6,0.5,85,"ASC3_male",0,0.0906736352161679,0
1,6,0.5,85,"ASC3_age",0,-0.0589335106717431,0
1,6,0.5,85,"ASC3_income",0,0.00158566189505843,0
1,6,0.5,85,"ASC3_child",0.8,0.187380198929814,0
1,6,0.5,85,"prot25_male",0.4,0.052001862360853,0
1,6,0.5,85,"prot25_age",0,-0.0081282432319341,0
1,6,0.5,85,"prot25_income",0.5,0.0814271866554808,0
1,6,0.5,85,"prot25_child",-0.2,0.0597980134353367,0
1,6,0.5,85,"prot50_male",-0.1,-0.00768990292254155,0
1,6,0.5,85,"prot50_age",0,0.0295220162300462,0
1,6,0.5,85,"prot50_income",-1.1,-0.12318877133086,0
1,6,0.5,85,"prot50_child",0,0.29088248352734,0
1,6,0.5,85,"invasive_male",0.7,0.190764818748841,0
1,6,0.5,85,"invasive_age",0,-0.0419332689817192,0
1,6,0.5,85,"invasive_income",0,0.0248312600436398,0
1,6,0.5,85,"invasive_child",0,0.144722709985381,0
1,6,0.5,86,"ASC2_male",0.2,0.138521240408026,0
1,6,0.5,86,"ASC2_age",0.4,0.0820854840110809,0
1,6,0.5,86,"ASC2_income",0,0.0303668760839758,0
1,6,0.5,86,"ASC2_child",-0.2,-0.330708484278853,0
1,6,0.5,86,"ASC3_male",-0.2,0.0301732134220446,0
1,6,0.5,86,"ASC3_age",0,0.0213746137221385,0
1,6,0.5,86,"ASC3_income",0,0.0464313467090941,0
1,6,0.5,86,"ASC3_child",0,-0.340677416141175,0
1,6,0.5,86,"prot25_male",0,0.00814037002054346,0
1,6,0.5,86,"prot25_age",0,-0.00763204188810296,0
1,6,0.5,86,"prot25_income",-0.2,-0.119658683869844,0
1,6,0.5,86,"prot25_child",0,0.0965196872689065,0
1,6,0.5,86,"prot50_male",0.6,0.0406278448176853,0
1,6,0.5,86,"prot50_age",-1,-0.171475909729882,0
1,6,0.5,86,"prot50_income",0,-0.0871691774003907,0
1,6,0.5,86,"prot50_child",1,0.167329980511958,0
1,6,0.5,86,"invasive_male",0.5,0.0795667833935084,0
1,6,0.5,86,"invasive_age",0,0.0275543682331299,0
1,6,0.5,86,"invasive_income",0,0.0847276694128348,0
1,6,0.5,86,"invasive_child",-1,-0.339271801561516,0
1,6,0.5,87,"ASC2_male",0.2,0.220484229771362,0
1,6,0.5,87,"ASC2_age",1.1,0.181514487513311,0
1,6,0.5,87,"ASC2_income",0,0.0297110407128083,0
1,6,0.5,87,"ASC2_child",0,-0.0337435818173972,0
1,6,0.5,87,"ASC3_male",0,0.0490394430371904,0
1,6,0.5,87,"ASC3_age",-0.4,-0.0627678406919499,0
1,6,0.5,87,"ASC3_income",0,0.0823424363056036,0
1,6,0.5,87,"ASC3_child",0.7,0.147577364519049,0
1,6,0.5,87,"prot25_male",-1.2,-0.388453905725212,0
1,6,0.5,87,"prot25_age",-0.9,-0.156077884798437,0
1,6,0.5,87,"prot25_income",0,-0.0284065013136231,0
1,6,0.5,87,"prot25_child",-0.2,0.0696422804844321,0
1,6,0.5,87,"prot50_male",-0.5,-0.278781235420273,0
1,6,0.5,87,"prot50_age",0,-0.0287610918558629,0
1,6,0.5,87,"prot50_income",0,-0.120953643423695,0
1,6,0.5,87,"prot50_child",0.4,0.116632468668371,0
1,6,0.5,87,"invasive_male",0,0.05778632452335,0
1,6,0.5,87,"invasive_age",0,0.0586556615279502,0
1,6,0.5,87,"invasive_income",0,-0.0329885177183248,0
1,6,0.5,87,"invasive_child",0.8,0.0566929918461145,0
1,6,0.5,88,"ASC2_male",-1.1,-0.343206476748086,0
1,6,0.5,88,"ASC2_age",0,0.0237355700960143,0
1,6,0.5,88,"ASC2_income",0.3,0.0467137553172898,0
1,6,0.5,88,"ASC2_child",0,-0.0775524716303858,0
1,6,0.5,88,"ASC3_male",-1.1,-0.308651957613244,0
1,6,0.5,88,"ASC3_age",0,-0.0100628414572883,0
1,6,0.5,88,"ASC3_income",0,0.0455238159799161,0
1,6,0.5,88,"ASC3_child",0.5,-0.0749165297246004,0
1,6,0.5,88,"prot25_male",0.6,0.272296809900061,0
1,6,0.5,88,"prot25_age",0,-0.0574721554698748,0
1,6,0.5,88,"prot25_income",0,0.048088094538793,0
1,6,0.5,88,"prot25_child",0,0.0801206039843139,0
1,6,0.5,88,"prot50_male",0,0.137760156567106,0
1,6,0.5,88,"prot50_age",-0.3,-0.0620559052686164,0
1,6,0.5,88,"prot50_income",-0.5,-0.0808998374945186,0
1,6,0.5,88,"prot50_child",0.8,0.333248735512445,0
1,6,0.5,88,"invasive_male",0,0.0317362345884467,0
1,6,0.5,88,"invasive_age",-1.1,-0.210636473792642,0
1,6,0.5,88,"invasive_income",0.4,0.116690814125092,0
1,6,0.5,88,"invasive_child",0,0.110180107001358,0
1,6,0.5,89,"ASC2_male",0,0.228882945401882,0
1,6,0.5,89,"ASC2_age",0,-0.136252310185248,0
1,6,0.5,89,"ASC2_income",0.5,0.177702790160762,0
1,6,0.5,89,"ASC2_child",0,-0.421288916741466,0
1,6,0.5,89,"ASC3_male",0,0.196754053556721,0
1,6,0.5,89,"ASC3_age",0.3,-0.0527559374388468,0
1,6,0.5,89,"ASC3_income",-0.8,-0.0919727327717475,0
1,6,0.5,89,"ASC3_child",0,-0.393557068098686,0
1,6,0.5,89,"prot25_male",0.1,-0.122025498691408,0
1,6,0.5,89,"prot25_age",-0.1,0.0766212467787714,0
1,6,0.5,89,"prot25_income",0,-0.00223647098425363,0
1,6,0.5,89,"prot25_child",-1.2,0.0632944433763043,0
1,6,0.5,89,"prot50_male",-0.5,-0.303860057012626,0
1,6,0.5,89,"prot50_age",0,0.075682507232082,0
1,6,0.5,89,"prot50_income",0,-0.00501475753062011,0
1,6,0.5,89,"prot50_child",0,0.222478616143183,0
1,6,0.5,89,"invasive_male",-0.6,-0.00937817210566656,0
1,6,0.5,89,"invasive_age",0.2,0.0014950051872747,0
1,6,0.5,89,"invasive_income",1.1,0.310312917350144,0
1,6,0.5,89,"invasive_child",0,-0.234442879568184,0
1,6,0.5,90,"ASC2_male",-1,-0.171470726515804,0
1,6,0.5,90,"ASC2_age",-0.2,-0.0755118585265709,0
1,6,0.5,90,"ASC2_income",-0.9,-0.239658636711451,0
1,6,0.5,90,"ASC2_child",0.8,0.0448861058456497,0
1,6,0.5,90,"ASC3_male",0,-0.00390641990633067,0
1,6,0.5,90,"ASC3_age",0,-0.0561826019793828,0
1,6,0.5,90,"ASC3_income",0,-0.125778661742882,0
1,6,0.5,90,"ASC3_child",0.6,-0.0105936336840527,0
1,6,0.5,90,"prot25_male",0,-0.0250968844245709,0
1,6,0.5,90,"prot25_age",0,-0.00180889694735134,0
1,6,0.5,90,"prot25_income",0.8,0.280934338123777,0
1,6,0.5,90,"prot25_child",0,-0.166352286039137,0
1,6,0.5,90,"prot50_male",0,-0.229531616234303,0
1,6,0.5,90,"prot50_age",1,0.168498093639194,0
1,6,0.5,90,"prot50_income",0.6,0.256955052302611,0
1,6,0.5,90,"prot50_child",0,-0.076730106754895,0
1,6,0.5,90,"invasive_male",0,-0.0735521290801653,0
1,6,0.5,90,"invasive_age",0,-0.0650669555046496,0
1,6,0.5,90,"invasive_income",-0.6,-0.0941726797299715,0
1,6,0.5,90,"invasive_child",-1.2,-0.439994250259027,0
1,6,0.5,91,"ASC2_male",1.2,0.147286381659664,0
1,6,0.5,91,"ASC2_age",0.2,0.0958014574210949,0
1,6,0.5,91,"ASC2_income",0,-0.156716309430218,0
1,6,0.5,91,"ASC2_child",0,-0.0335048419467666,0
1,6,0.5,91,"ASC3_male",0,-0.156718459219159,0
1,6,0.5,91,"ASC3_age",0,0.0225225557368901,0
1,6,0.5,91,"ASC3_income",0.6,-0.00455749411794356,0
1,6,0.5,91,"ASC3_child",1.1,0.0692741309512687,0
1,6,0.5,91,"prot25_male",0,0.180929053183924,0
1,6,0.5,91,"prot25_age",0.3,-0.0988897441576833,0
1,6,0.5,91,"prot25_income",0.2,0.100281053987975,0
1,6,0.5,91,"prot25_child",0,0.0441742344371739,0
1,6,0.5,91,"prot50_male",-0.7,-0.0252945575618959,0
1,6,0.5,91,"prot50_age",0,-0.0587052394230644,0
1,6,0.5,91,"prot50_income",-1,-0.171727118843886,0
1,6,0.5,91,"prot50_child",0,0.119901900924577,0
1,6,0.5,91,"invasive_male",-0.6,-0.113369746964269,0
1,6,0.5,91,"invasive_age",0,-0.0542725393023225,0
1,6,0.5,91,"invasive_income",0.4,-0.0598076535847284,0
1,6,0.5,91,"invasive_child",0,0.0450724534877275,0
1,6,0.5,92,"ASC2_male",-0.4,0.0557476708328023,0
1,6,0.5,92,"ASC2_age",0,-0.0168750773078711,0
1,6,0.5,92,"ASC2_income",1,0.112449058842883,0
1,6,0.5,92,"ASC2_child",0,-0.13014927902445,0
1,6,0.5,92,"ASC3_male",-1.1,-0.0498300356585564,0
1,6,0.5,92,"ASC3_age",0.6,0.0660754490043439,0
1,6,0.5,92,"ASC3_income",0.8,0.0365751123543611,0
1,6,0.5,92,"ASC3_child",0,0.0440909947564487,0
1,6,0.5,92,"prot25_male",0,0.0606430397785066,0
1,6,0.5,92,"prot25_age",0,-0.0243672469339722,0
1,6,0.5,92,"prot25_income",0.7,0.195009405333591,0
1,6,0.5,92,"prot25_child",-0.8,-0.259647487502854,0
1,6,0.5,92,"prot50_male",1,-0.0153022628313129,0
1,6,0.5,92,"prot50_age",0,0.105494148745602,0
1,6,0.5,92,"prot50_income",-1.2,-0.112826981130018,0
1,6,0.5,92,"prot50_child",0,0.248355469360019,0
1,6,0.5,92,"invasive_male",0,0.0749692819221532,0
1,6,0.5,92,"invasive_age",0,-0.0439789566205339,0
1,6,0.5,92,"invasive_income",-0.9,-0.196012389033009,0
1,6,0.5,92,"invasive_child",0,0.16357557359322,0
1,6,0.5,93,"ASC2_male",0,0.0133001141510455,0
1,6,0.5,93,"ASC2_age",1,0.133862429500259,0
1,6,0.5,93,"ASC2_income",0,0.0997692277468771,0
1,6,0.5,93,"ASC2_child",-0.3,-0.0715517770301209,0
1,6,0.5,93,"ASC3_male",-1,-0.0699515024310925,0
1,6,0.5,93,"ASC3_age",0,0.0459310316463865,0
1,6,0.5,93,"ASC3_income",0,0.079035785221703,0
1,6,0.5,93,"ASC3_child",0.1,0.106966266966782,0
1,6,0.5,93,"prot25_male",0.7,0.170403379684237,0
1,6,0.5,93,"prot25_age",0,0.0270661576073072,0
1,6,0.5,93,"prot25_income",-0.7,-0.0947484586724198,0
1,6,0.5,93,"prot25_child",0,0.020236627929173,0
1,6,0.5,93,"prot50_male",0,0.192712428425971,0
1,6,0.5,93,"prot50_age",0,-0.0915111542762449,0
1,6,0.5,93,"prot50_income",0,-0.0220079008498068,0
1,6,0.5,93,"prot50_child",0.9,0.184494166181264,0
1,6,0.5,93,"invasive_male",-0.7,0.00646184014176076,0
1,6,0.5,93,"invasive_age",-0.7,-0.133784429225455,0
1,6,0.5,93,"invasive_income",0,0.0506808095342431,0
1,6,0.5,93,"invasive_child",-0.2,-0.0608386100257205,0
1,6,0.5,94,"ASC2_male",0.3,0.0119494474498623,0
1,6,0.5,94,"ASC2_age",-0.4,-0.0262905843501594,0
1,6,0.5,94,"ASC2_income",-0.4,-0.154961288864179,0
1,6,0.5,94,"ASC2_child",-0.6,-0.087521093365327,0
1,6,0.5,94,"ASC3_male",-0.3,0.0186744103983352,0
1,6,0.5,94,"ASC3_age",0,0.0740434942174911,0
1,6,0.5,94,"ASC3_income",0,-0.0195415428786401,0
1,6,0.5,94,"ASC3_child",0.9,0.240306761111286,0
1,6,0.5,94,"prot25_male",0.3,0.13182391545585,0
1,6,0.5,94,"prot25_age",0,-0.0943084131708249,0
1,6,0.5,94,"prot25_income",0.2,-0.0575557418879561,0
1,6,0.5,94,"prot25_child",0,0.0050975961512752,0
1,6,0.5,94,"prot50_male",0,-0.0677824831626784,0
1,6,0.5,94,"prot50_age",0.5,0.0218696706734485,0
1,6,0.5,94,"prot50_income",0,-0.0347904464866701,0
1,6,0.5,94,"prot50_child",-0.1,-0.183061452977508,0
1,6,0.5,94,"invasive_male",0,0.109675121960307,0
1,6,0.5,94,"invasive_age",0,0.00538954768401189,0
1,6,0.5,94,"invasive_income",0,-0.0795355185982753,0
1,6,0.5,94,"invasive_child",0,-0.126745993418922,0
1,6,0.5,95,"ASC2_male",-0.9,-0.254532190776085,0
1,6,0.5,95,"ASC2_age",0,-0.025367710653957,0
1,6,0.5,95,"ASC2_income",0,-0.0541167902067136,0
1,6,0.5,95,"ASC2_child",0,-0.419562582360756,0
1,6,0.5,95,"ASC3_male",0,-0.174390485751517,0
1,6,0.5,95,"ASC3_age",1.1,0.151898734716993,0
1,6,0.5,95,"ASC3_income",0.8,0.087733144964537,0
1,6,0.5,95,"ASC3_child",-1,-0.469162834726859,0
1,6,0.5,95,"prot25_male",-1,-0.0823363760671768,0
1,6,0.5,95,"prot25_age",0.8,0.162019722484552,0
1,6,0.5,95,"prot25_income",0.7,0.216134710402213,0
1,6,0.5,95,"prot25_child",0.6,0.265021046460651,0
1,6,0.5,95,"prot50_male",0,0.142574880604734,0
1,6,0.5,95,"prot50_age",0,0.0506574040134092,0
1,6,0.5,95,"prot50_income",1,0.267855529289983,0
1,6,0.5,95,"prot50_child",0,0.191040828343128,0
1,6,0.5,95,"invasive_male",0,0.0366309553907093,0
1,6,0.5,95,"invasive_age",0,0.0486756703879503,0
1,6,0.5,95,"invasive_income",0,0.00159466897181272,0
1,6,0.5,95,"invasive_child",0.4,0.0188471207791649,0
1,6,0.5,96,"ASC2_male",0.6,-0.0629351401698018,0
1,6,0.5,96,"ASC2_age",0,-0.130830798411013,0
1,6,0.5,96,"ASC2_income",0,-0.0176984547674826,0
1,6,0.5,96,"ASC2_child",0,0.0232309436464688,0
1,6,0.5,96,"ASC3_male",-0.1,-0.186025176740657,0
1,6,0.5,96,"ASC3_age",1.2,0.0378833622992169,0
1,6,0.5,96,"ASC3_income",0,-0.0343599585278581,0
1,6,0.5,96,"ASC3_child",0,-0.0903800314966066,0
1,6,0.5,96,"prot25_male",-0.6,0.258799822046243,0
1,6,0.5,96,"prot25_age",0.3,0.0595213426963944,0
1,6,0.5,96,"prot25_income",-0.8,-0.0923841776716327,0
1,6,0.5,96,"prot25_child",0.7,0.19035093885974,0
1,6,0.5,96,"prot50_male",-1,-0.0167733892745483,0
1,6,0.5,96,"prot50_age",0,0.0762884231152416,0
1,6,0.5,96,"prot50_income",0,0.0735482647911559,0
1,6,0.5,96,"prot50_child",0,-0.0143492861252147,0
1,6,0.5,96,"invasive_male",-0.2,0.071856641576982,0
1,6,0.5,96,"invasive_age",-0.4,-0.167843963485496,0
1,6,0.5,96,"invasive_income",0,0.0247253800304922,0
1,6,0.5,96,"invasive_child",0,0.038415182416315,0
1,6,0.5,97,"ASC2_male",-1,0.168859521289077,0
1,6,0.5,97,"ASC2_age",0.2,-0.0748088631191329,0
1,6,0.5,97,"ASC2_income",0,-0.0116004031572888,0
1,6,0.5,97,"ASC2_child",-0.3,-0.219693013264278,0
1,6,0.5,97,"ASC3_male",0.5,0.352321286880306,0
1,6,0.5,97,"ASC3_age",0.5,-0.00582071491828023,0
1,6,0.5,97,"ASC3_income",0,-0.067805934823653,0
1,6,0.5,97,"ASC3_child",-0.2,-0.262961943530209,0
1,6,0.5,97,"prot25_male",0,-0.106897542464402,0
1,6,0.5,97,"prot25_age",0,0.0857993839387118,0
1,6,0.5,97,"prot25_income",-0.1,0.0786466921882165,0
1,6,0.5,97,"prot25_child",0,0.075759737831312,0
1,6,0.5,97,"prot50_male",0.6,-0.0398594687278817,0
1,6,0.5,97,"prot50_age",0,0.0756115667145575,0
1,6,0.5,97,"prot50_income",-0.5,-0.0583633389070738,0
1,6,0.5,97,"prot50_child",0,-0.0250280506436383,0
1,6,0.5,97,"invasive_male",0,0.128869530850322,0
1,6,0.5,97,"invasive_age",0,-0.000275627213222753,0
1,6,0.5,97,"invasive_income",-0.7,-0.0299421262541693,0
1,6,0.5,97,"invasive_child",0,-0.172415330469131,0
1,6,0.5,98,"ASC2_male",0,0.0543824960855763,0
1,6,0.5,98,"ASC2_age",0,0.00449174941241697,0
1,6,0.5,98,"ASC2_income",-0.5,-0.0167048958767801,0
1,6,0.5,98,"ASC2_child",-1.1,-0.274942822959545,0
1,6,0.5,98,"ASC3_male",-0.3,-0.0911615607689947,0
1,6,0.5,98,"ASC3_age",1,0.117240423009215,0
1,6,0.5,98,"ASC3_income",0,0.0672183888733422,0
1,6,0.5,98,"ASC3_child",-0.6,-0.187511701157815,0
1,6,0.5,98,"prot25_male",-0.4,-0.0200252146765823,0
1,6,0.5,98,"prot25_age",0,0.00251923353523508,0
1,6,0.5,98,"prot25_income",1.2,0.163774496761638,0
1,6,0.5,98,"prot25_child",-0.8,-0.0177309844306396,0
1,6,0.5,98,"prot50_male",-1.1,-0.424002224210381,0
1,6,0.5,98,"prot50_age",0,-0.0596071560234629,0
1,6,0.5,98,"prot50_income",0,-0.0260747919819768,0
1,6,0.5,98,"prot50_child",0,0.301028550846725,0
1,6,0.5,98,"invasive_male",0,-0.0686060721046347,0
1,6,0.5,98,"invasive_age",0,-0.0242852800300414,0
1,6,0.5,98,"invasive_income",0,-0.0468065732134736,0
1,6,0.5,98,"invasive_child",1,0.230621597924231,0
1,6,0.5,99,"ASC2_male",1.1,0.345819334617744,0
1,6,0.5,99,"ASC2_age",0.3,0.0302990531505378,0
1,6,0.5,99,"ASC2_income",-0.8,0.021738968441272,0
1,6,0.5,99,"ASC2_child",0.2,-0.27611914849117,0
1,6,0.5,99,"ASC3_male",1.1,0.23723167449181,0
1,6,0.5,99,"ASC3_age",0,-0.0439642568639483,0
1,6,0.5,99,"ASC3_income",0,0.0338859373121648,0
1,6,0.5,99,"ASC3_child",0,-0.367199387427444,0
1,6,0.5,99,"prot25_male",-0.6,-0.230442083199198,0
1,6,0.5,99,"prot25_age",0,0.0912298954997341,0
1,6,0.5,99,"prot25_income",0,-0.0450931922090948,0
1,6,0.5,99,"prot25_child",0,0.299295470765104,0
1,6,0.5,99,"prot50_male",-0.2,-0.104541917916699,0
1,6,0.5,99,"prot50_age",0.9,0.207382963126939,0
1,6,0.5,99,"prot50_income",-0.1,-0.00418026222179936,0
1,6,0.5,99,"prot50_child",0,0.171556781710149,0
1,6,0.5,99,"invasive_male",0.9,0.240952932468478,0
1,6,0.5,99,"invasive_age",0,0.0167581880504469,0
1,6,0.5,99,"invasive_income",0,0.0345948323485012,0
1,6,0.5,99,"invasive_child",0,-0.102899514156037,0
1,6,0.5,100,"ASC2_male",0.1,0.077783921380162,0
1,6,0.5,100,"ASC2_age",0,0.0020728785702858,0
1,6,0.5,100,"ASC2_income",0,-0.0763641034906047,0
1,6,0.5,100,"ASC2_child",-0.7,-0.12981530498315,0
1,6,0.5,100,"ASC3_male",0,0.0186311169137967,0
1,6,0.5,100,"ASC3_age",0,0.0191096455939184,0
1,6,0.5,100,"ASC3_income",-0.7,-0.157092422947424,0
1,6,0.5,100,"ASC3_child",-1.1,-0.170205847296608,0
1,6,0.5,100,"prot25_male",0,0.122107563001611,0
1,6,0.5,100,"prot25_age",-0.7,-0.171028062499826,0
1,6,0.5,100,"prot25_income",0,-0.00192031679453567,0
1,6,0.5,100,"prot25_child",-0.6,-0.0808113935066284,0
1,6,0.5,100,"prot50_male",0,0.0659119692747747,0
1,6,0.5,100,"prot50_age",0,-0.128531483929736,0
1,6,0.5,100,"prot50_income",0.5,0.0217338873732307,0
1,6,0.5,100,"prot50_child",1,0.120392221195993,0
1,6,0.5,100,"invasive_male",0,0.0487081149271471,0
1,6,0.5,100,"invasive_age",0,-0.0313758832204235,0
1,6,0.5,100,"invasive_income",0.8,0.0278676973587259,0
1,6,0.5,100,"invasive_child",0.4,0.0413983921158374,0
