"Alpha","NoiseScale","Threshold","Iteration","Interaction","TrueBeta","Estimate","Detected"
1,1.5,1e-04,1,"ASC2_male",0,-6.16880031009403e-09,0
1,1.5,1e-04,1,"ASC2_age",0.6,0.384972883112788,1
1,1.5,1e-04,1,"ASC2_income",0,-8.2792515492072e-08,0
1,1.5,1e-04,1,"ASC2_child",0,1.44034625294859e-08,0
1,1.5,1e-04,1,"ASC3_male",0,0.00642666146795862,1
1,1.5,1e-04,1,"ASC3_age",-1,-0.667894852226298,1
1,1.5,1e-04,1,"ASC3_income",0,1.52422889828194e-07,0
1,1.5,1e-04,1,"ASC3_child",0.2,0.216948751304056,1
1,1.5,1e-04,1,"prot25_male",0,0.10406829897353,1
1,1.5,1e-04,1,"prot25_age",-1,-0.68791765585092,1
1,1.5,1e-04,1,"prot25_income",0,-0.0340656802041695,1
1,1.5,1e-04,1,"prot25_child",1.1,0.530920440168616,1
1,1.5,1e-04,1,"prot50_male",-0.2,-0.0774696936281371,1
1,1.5,1e-04,1,"prot50_age",0.5,0.407494050230467,1
1,1.5,1e-04,1,"prot50_income",0.6,0.383921704602398,1
1,1.5,1e-04,1,"prot50_child",0,-0.104616209564413,1
1,1.5,1e-04,1,"invasive_male",-0.2,-0.0956830340599558,1
1,1.5,1e-04,1,"invasive_age",0,0.0505824390817576,1
1,1.5,1e-04,1,"invasive_income",-0.3,-0.157548442803931,1
1,1.5,1e-04,1,"invasive_child",0,-9.83462932256322e-09,0
1,1.5,1e-04,2,"ASC2_male",0.2,0.0374076909005033,1
1,1.5,1e-04,2,"ASC2_age",0,-0.0115755185091172,1
1,1.5,1e-04,2,"ASC2_income",0.2,0.135562188090362,1
1,1.5,1e-04,2,"ASC2_child",0,-9.43175633383348e-10,0
1,1.5,1e-04,2,"ASC3_male",-0.2,-0.127541466198513,1
1,1.5,1e-04,2,"ASC3_age",0,-3.81697521049425e-10,0
1,1.5,1e-04,2,"ASC3_income",0.9,0.544713607650691,1
1,1.5,1e-04,2,"ASC3_child",0,-3.36285380431635e-09,0
1,1.5,1e-04,2,"prot25_male",0,-5.69880997930186e-09,0
1,1.5,1e-04,2,"prot25_age",-0.4,-0.203261221357165,1
1,1.5,1e-04,2,"prot25_income",0,-1.22410697379967e-08,0
1,1.5,1e-04,2,"prot25_child",-0.9,-0.392404464260398,1
1,1.5,1e-04,2,"prot50_male",0,-7.35669827646174e-09,0
1,1.5,1e-04,2,"prot50_age",-1,-0.657847162091097,1
1,1.5,1e-04,2,"prot50_income",0,0.0192671249879188,1
1,1.5,1e-04,2,"prot50_child",0,0.125312430771803,1
1,1.5,1e-04,2,"invasive_male",0.7,0.409018735960054,1
1,1.5,1e-04,2,"invasive_age",0,-0.00307880406527327,1
1,1.5,1e-04,2,"invasive_income",-0.2,-0.0548542710180446,1
1,1.5,1e-04,2,"invasive_child",-1,-0.483404800717574,1
1,1.5,1e-04,3,"ASC2_male",0,0.0838224585854327,1
1,1.5,1e-04,3,"ASC2_age",0.4,0.175406681827555,1
1,1.5,1e-04,3,"ASC2_income",-0.7,-0.450352957981728,1
1,1.5,1e-04,3,"ASC2_child",0,-0.0610731354145793,1
1,1.5,1e-04,3,"ASC3_male",0,1.41502919358991e-08,0
1,1.5,1e-04,3,"ASC3_age",0,-0.0698988456352343,1
1,1.5,1e-04,3,"ASC3_income",0,0.0763395389198352,1
1,1.5,1e-04,3,"ASC3_child",0,3.18193974096346e-07,0
1,1.5,1e-04,3,"prot25_male",0.3,0.106850733980853,1
1,1.5,1e-04,3,"prot25_age",-0.9,-0.554595735832731,1
1,1.5,1e-04,3,"prot25_income",0,0.0379513103481576,1
1,1.5,1e-04,3,"prot25_child",-0.3,-0.231745810348648,1
1,1.5,1e-04,3,"prot50_male",0,-0.0194810661608757,1
1,1.5,1e-04,3,"prot50_age",0,0.0665027612011462,1
1,1.5,1e-04,3,"prot50_income",0.2,0.112497258174325,1
1,1.5,1e-04,3,"prot50_child",0,2.1572987317138e-06,0
1,1.5,1e-04,3,"invasive_male",-0.4,-0.25033637486509,1
1,1.5,1e-04,3,"invasive_age",1,0.63131004798797,1
1,1.5,1e-04,3,"invasive_income",1.1,0.811433413863731,1
1,1.5,1e-04,3,"invasive_child",1,0.660002160713757,1
1,1.5,1e-04,4,"ASC2_male",0,0.110336507817853,1
1,1.5,1e-04,4,"ASC2_age",0.7,0.369846832531933,1
1,1.5,1e-04,4,"ASC2_income",0.6,0.248953854592228,1
1,1.5,1e-04,4,"ASC2_child",1,0.585382427689438,1
1,1.5,1e-04,4,"ASC3_male",0,0.102733406564252,1
1,1.5,1e-04,4,"ASC3_age",0,-0.0898749736418102,1
1,1.5,1e-04,4,"ASC3_income",0,-0.144679912033884,1
1,1.5,1e-04,4,"ASC3_child",-1.2,-0.822583883890807,1
1,1.5,1e-04,4,"prot25_male",0,-0.103491897832298,1
1,1.5,1e-04,4,"prot25_age",0,0.00407570044029255,1
1,1.5,1e-04,4,"prot25_income",0.6,0.46002762120549,1
1,1.5,1e-04,4,"prot25_child",-0.2,-0.0202880950357795,1
1,1.5,1e-04,4,"prot50_male",0,-0.169553423558862,1
1,1.5,1e-04,4,"prot50_age",0,0.04397912664354,1
1,1.5,1e-04,4,"prot50_income",0.3,0.225874696500831,1
1,1.5,1e-04,4,"prot50_child",0,0.0516589842692034,1
1,1.5,1e-04,4,"invasive_male",-0.5,-0.304020339458744,1
1,1.5,1e-04,4,"invasive_age",-0.2,-0.159302251652931,1
1,1.5,1e-04,4,"invasive_income",-0.6,-0.44254661443415,1
1,1.5,1e-04,4,"invasive_child",0,-0.080628804564492,1
1,1.5,1e-04,5,"ASC2_male",0,-0.327331678111044,1
1,1.5,1e-04,5,"ASC2_age",0,-0.0503827823987085,1
1,1.5,1e-04,5,"ASC2_income",-0.3,-0.208055614733296,1
1,1.5,1e-04,5,"ASC2_child",0,-0.0384383162315307,1
1,1.5,1e-04,5,"ASC3_male",0.7,0.214490930116504,1
1,1.5,1e-04,5,"ASC3_age",0,-6.43682664573076e-06,0
1,1.5,1e-04,5,"ASC3_income",0,-2.22995742295376e-08,0
1,1.5,1e-04,5,"ASC3_child",0.3,0.257325048392549,1
1,1.5,1e-04,5,"prot25_male",0.5,0.538008138006164,1
1,1.5,1e-04,5,"prot25_age",0,0.0559267526196418,1
1,1.5,1e-04,5,"prot25_income",0,3.17988751843309e-08,0
1,1.5,1e-04,5,"prot25_child",0.5,0.250961685957319,1
1,1.5,1e-04,5,"prot50_male",0.7,0.516512121701595,1
1,1.5,1e-04,5,"prot50_age",0.7,0.525973508605273,1
1,1.5,1e-04,5,"prot50_income",0,0.0326619328094655,1
1,1.5,1e-04,5,"prot50_child",0,-0.0542290212750498,1
1,1.5,1e-04,5,"invasive_male",0.3,0.097961167736144,1
1,1.5,1e-04,5,"invasive_age",0,4.36887283602019e-09,0
1,1.5,1e-04,5,"invasive_income",-0.8,-0.517704767414694,1
1,1.5,1e-04,5,"invasive_child",-0.2,-0.0750066740279386,1
1,1.5,1e-04,6,"ASC2_male",1.2,0.688594215007998,1
1,1.5,1e-04,6,"ASC2_age",0.5,0.388853012320748,1
1,1.5,1e-04,6,"ASC2_income",-0.2,-0.105893015248195,1
1,1.5,1e-04,6,"ASC2_child",0,0.00237912089242548,1
1,1.5,1e-04,6,"ASC3_male",0,-0.00640343700002247,1
1,1.5,1e-04,6,"ASC3_age",-0.5,-0.252012158674648,1
1,1.5,1e-04,6,"ASC3_income",0,0.0553768276137207,1
1,1.5,1e-04,6,"ASC3_child",0,-0.00132989843582225,1
1,1.5,1e-04,6,"prot25_male",0.2,0.102650325692746,1
1,1.5,1e-04,6,"prot25_age",0,-0.0539623507629943,1
1,1.5,1e-04,6,"prot25_income",0,0.00650193118236967,1
1,1.5,1e-04,6,"prot25_child",0,0.128115036566631,1
1,1.5,1e-04,6,"prot50_male",1,0.668926011207469,1
1,1.5,1e-04,6,"prot50_age",-0.5,-0.289159199541797,1
1,1.5,1e-04,6,"prot50_income",0,-0.0939080325914912,1
1,1.5,1e-04,6,"prot50_child",0,0.120207054898319,1
1,1.5,1e-04,6,"invasive_male",0.5,0.262674258491166,1
1,1.5,1e-04,6,"invasive_age",-0.2,-0.060409464614512,1
1,1.5,1e-04,6,"invasive_income",0,-0.00268091966125795,1
1,1.5,1e-04,6,"invasive_child",0.3,0.200964990132133,1
1,1.5,1e-04,7,"ASC2_male",0.2,0.0644238908378165,1
1,1.5,1e-04,7,"ASC2_age",0,-0.045781268564393,1
1,1.5,1e-04,7,"ASC2_income",0.8,0.414827328642544,1
1,1.5,1e-04,7,"ASC2_child",0,1.9624908574766e-06,0
1,1.5,1e-04,7,"ASC3_male",0.9,0.553926582108394,1
1,1.5,1e-04,7,"ASC3_age",-1.2,-0.793342031920012,1
1,1.5,1e-04,7,"ASC3_income",0.8,0.346510725919072,1
1,1.5,1e-04,7,"ASC3_child",0,-0.0437047974392768,1
1,1.5,1e-04,7,"prot25_male",-0.8,-0.416521966163543,1
1,1.5,1e-04,7,"prot25_age",-0.5,-0.23353738196689,1
1,1.5,1e-04,7,"prot25_income",0,0.0267217399873611,1
1,1.5,1e-04,7,"prot25_child",0,0.0619377988148811,1
1,1.5,1e-04,7,"prot50_male",0,0.117148841488472,1
1,1.5,1e-04,7,"prot50_age",-0.9,-0.570044873396749,1
1,1.5,1e-04,7,"prot50_income",-0.7,-0.474545599190077,1
1,1.5,1e-04,7,"prot50_child",-0.8,-0.388489395689017,1
1,1.5,1e-04,7,"invasive_male",0,-0.0054393580108426,1
1,1.5,1e-04,7,"invasive_age",0,-1.56575757475835e-07,0
1,1.5,1e-04,7,"invasive_income",0,-0.0668357284381908,1
1,1.5,1e-04,7,"invasive_child",0,-1.6727307650372e-08,0
1,1.5,1e-04,8,"ASC2_male",0.5,0.236222811040051,1
1,1.5,1e-04,8,"ASC2_age",0,-0.0591160886230526,1
1,1.5,1e-04,8,"ASC2_income",0,0.0312577611613144,1
1,1.5,1e-04,8,"ASC2_child",-0.5,-0.256126592869195,1
1,1.5,1e-04,8,"ASC3_male",0,-0.0143839789836042,1
1,1.5,1e-04,8,"ASC3_age",0.8,0.468098875241306,1
1,1.5,1e-04,8,"ASC3_income",0,0.041951462859457,1
1,1.5,1e-04,8,"ASC3_child",0.6,0.353046448880291,1
1,1.5,1e-04,8,"prot25_male",0,0.017602488455466,1
1,1.5,1e-04,8,"prot25_age",1.2,0.822707800361384,1
1,1.5,1e-04,8,"prot25_income",0,0.0177801743059036,1
1,1.5,1e-04,8,"prot25_child",1.1,0.861003401906163,1
1,1.5,1e-04,8,"prot50_male",0,2.25792985907825e-07,0
1,1.5,1e-04,8,"prot50_age",0,0.0312342350089017,1
1,1.5,1e-04,8,"prot50_income",0,0.0173739518865316,1
1,1.5,1e-04,8,"prot50_child",-1,-0.433773294830914,1
1,1.5,1e-04,8,"invasive_male",0,0.0142627764572313,1
1,1.5,1e-04,8,"invasive_age",-0.3,-0.217435273203234,1
1,1.5,1e-04,8,"invasive_income",0.3,0.218398935776902,1
1,1.5,1e-04,8,"invasive_child",-0.9,-0.443257636492527,1
1,1.5,1e-04,9,"ASC2_male",0,-4.5563448592844e-08,0
1,1.5,1e-04,9,"ASC2_age",0.5,0.335967111089426,1
1,1.5,1e-04,9,"ASC2_income",0.5,0.309091309034598,1
1,1.5,1e-04,9,"ASC2_child",0,-3.40614944629218e-08,0
1,1.5,1e-04,9,"ASC3_male",0,-4.69329049922637e-08,0
1,1.5,1e-04,9,"ASC3_age",0,-0.0349698772470797,1
1,1.5,1e-04,9,"ASC3_income",0,0.0400739123897627,1
1,1.5,1e-04,9,"ASC3_child",-0.3,-0.211514294645991,1
1,1.5,1e-04,9,"prot25_male",0.7,0.482103419183616,1
1,1.5,1e-04,9,"prot25_age",0.4,0.236651878221131,1
1,1.5,1e-04,9,"prot25_income",0,-1.02934194085618e-08,0
1,1.5,1e-04,9,"prot25_child",0.3,0.050488937501323,1
1,1.5,1e-04,9,"prot50_male",-0.2,-0.030508493416036,1
1,1.5,1e-04,9,"prot50_age",-1,-0.70398309592609,1
1,1.5,1e-04,9,"prot50_income",0,-0.0133919728599319,1
1,1.5,1e-04,9,"prot50_child",-0.8,-0.481181653116733,1
1,1.5,1e-04,9,"invasive_male",0,0.0570643880751551,1
1,1.5,1e-04,9,"invasive_age",1,0.561608883841681,1
1,1.5,1e-04,9,"invasive_income",0,0.00115111973963022,1
1,1.5,1e-04,9,"invasive_child",0,-0.0832623289398463,1
1,1.5,1e-04,10,"ASC2_male",0,-0.200871392770736,1
1,1.5,1e-04,10,"ASC2_age",-1,-0.66355109564478,1
1,1.5,1e-04,10,"ASC2_income",0,0.000167075741553462,1
1,1.5,1e-04,10,"ASC2_child",0,-9.10032293488371e-09,0
1,1.5,1e-04,10,"ASC3_male",0.7,0.195275870174804,1
1,1.5,1e-04,10,"ASC3_age",0,0.0052148058833449,1
1,1.5,1e-04,10,"ASC3_income",0,5.8162108444305e-06,0
1,1.5,1e-04,10,"ASC3_child",0,-1.68953804499451e-05,0
1,1.5,1e-04,10,"prot25_male",-1,-0.498448049984286,1
1,1.5,1e-04,10,"prot25_age",1.1,0.761392251539041,1
1,1.5,1e-04,10,"prot25_income",-0.7,-0.435142249016516,1
1,1.5,1e-04,10,"prot25_child",-0.3,-8.21675437857453e-05,0
1,1.5,1e-04,10,"prot50_male",0,0.158867717958618,1
1,1.5,1e-04,10,"prot50_age",0,0.00767141137997469,1
1,1.5,1e-04,10,"prot50_income",0,0.0565126853657266,1
1,1.5,1e-04,10,"prot50_child",0,2.37266201463116e-05,0
1,1.5,1e-04,10,"invasive_male",0.2,1.88249511728076e-06,0
1,1.5,1e-04,10,"invasive_age",0.6,0.396314712311357,1
1,1.5,1e-04,10,"invasive_income",-0.4,-0.258183887193495,1
1,1.5,1e-04,10,"invasive_child",-0.3,-0.0654836658078715,1
1,1.5,1e-04,11,"ASC2_male",1.1,0.484642270699696,1
1,1.5,1e-04,11,"ASC2_age",0,0.0698603823356268,1
1,1.5,1e-04,11,"ASC2_income",0.1,-0.0150526655524086,1
1,1.5,1e-04,11,"ASC2_child",0,0.0885379082329518,1
1,1.5,1e-04,11,"ASC3_male",0.6,0.128021350379838,1
1,1.5,1e-04,11,"ASC3_age",-1,-0.625784079782824,1
1,1.5,1e-04,11,"ASC3_income",0.9,0.536829326300152,1
1,1.5,1e-04,11,"ASC3_child",-0.8,-0.445432994063243,1
1,1.5,1e-04,11,"prot25_male",-0.9,-0.509707612427924,1
1,1.5,1e-04,11,"prot25_age",0,-0.0814786287982479,1
1,1.5,1e-04,11,"prot25_income",0,-0.000113012580939989,1
1,1.5,1e-04,11,"prot25_child",0,0.0540511171015111,1
1,1.5,1e-04,11,"prot50_male",0,0.0423121458749321,1
1,1.5,1e-04,11,"prot50_age",0,-0.0123669780429445,1
1,1.5,1e-04,11,"prot50_income",0,0.0322258266045489,1
1,1.5,1e-04,11,"prot50_child",0,-0.0778502141187397,1
1,1.5,1e-04,11,"invasive_male",-0.7,-0.674290409653687,1
1,1.5,1e-04,11,"invasive_age",0,0.0435271078860157,1
1,1.5,1e-04,11,"invasive_income",1,0.638203944124934,1
1,1.5,1e-04,11,"invasive_child",-1.2,-0.832052184473467,1
1,1.5,1e-04,12,"ASC2_male",0,0.0382980161938679,1
1,1.5,1e-04,12,"ASC2_age",-0.4,-0.302829487625232,1
1,1.5,1e-04,12,"ASC2_income",-0.6,-0.470325742584532,1
1,1.5,1e-04,12,"ASC2_child",-1.2,-0.820373062653374,1
1,1.5,1e-04,12,"ASC3_male",-0.7,-0.545571787471997,1
1,1.5,1e-04,12,"ASC3_age",0.4,0.269553832575037,1
1,1.5,1e-04,12,"ASC3_income",0,-0.0709795739444104,1
1,1.5,1e-04,12,"ASC3_child",0,-0.121949414826549,1
1,1.5,1e-04,12,"prot25_male",0,0.0832185812144437,1
1,1.5,1e-04,12,"prot25_age",0,-0.00237252141386381,1
1,1.5,1e-04,12,"prot25_income",0,-0.0197272752685746,1
1,1.5,1e-04,12,"prot25_child",1,0.896804612193483,1
1,1.5,1e-04,12,"prot50_male",-0.6,-0.28545363854047,1
1,1.5,1e-04,12,"prot50_age",0,0.0541652313952261,1
1,1.5,1e-04,12,"prot50_income",0,-0.0205828202146238,1
1,1.5,1e-04,12,"prot50_child",0,0.168502161052425,1
1,1.5,1e-04,12,"invasive_male",0,0.0327578805224682,1
1,1.5,1e-04,12,"invasive_age",0.6,0.445360471690767,1
1,1.5,1e-04,12,"invasive_income",0.6,0.316781939349813,1
1,1.5,1e-04,12,"invasive_child",-0.8,-0.539242013903556,1
1,1.5,1e-04,13,"ASC2_male",-0.4,-0.224832265514864,1
1,1.5,1e-04,13,"ASC2_age",0,0.0231071958609443,1
1,1.5,1e-04,13,"ASC2_income",0,-0.0324928921731566,1
1,1.5,1e-04,13,"ASC2_child",0,3.35554885977507e-07,0
1,1.5,1e-04,13,"ASC3_male",-0.4,-0.19711304763421,1
1,1.5,1e-04,13,"ASC3_age",-0.3,-0.188087431025363,1
1,1.5,1e-04,13,"ASC3_income",-0.3,-0.272439073463138,1
1,1.5,1e-04,13,"ASC3_child",0,0.0550862963352187,1
1,1.5,1e-04,13,"prot25_male",0,1.15325055622951e-07,0
1,1.5,1e-04,13,"prot25_age",-0.4,-0.286484986733704,1
1,1.5,1e-04,13,"prot25_income",-1,-0.629972730823908,1
1,1.5,1e-04,13,"prot25_child",0,-0.0338654555881789,1
1,1.5,1e-04,13,"prot50_male",-0.6,-0.450874152298079,1
1,1.5,1e-04,13,"prot50_age",0,-0.0122225298068424,1
1,1.5,1e-04,13,"prot50_income",0,-0.0456570251744327,1
1,1.5,1e-04,13,"prot50_child",0,0.0379446277747443,1
1,1.5,1e-04,13,"invasive_male",-0.2,-0.0295879301882004,1
1,1.5,1e-04,13,"invasive_age",1,0.686379896831301,1
1,1.5,1e-04,13,"invasive_income",0.5,0.176934202132985,1
1,1.5,1e-04,13,"invasive_child",0,0.0425641131030756,1
1,1.5,1e-04,14,"ASC2_male",1.1,0.700057311071045,1
1,1.5,1e-04,14,"ASC2_age",0,0.0631070246090556,1
1,1.5,1e-04,14,"ASC2_income",0,-0.0630750352540698,1
1,1.5,1e-04,14,"ASC2_child",0.9,0.579640870287146,1
1,1.5,1e-04,14,"ASC3_male",-0.6,-0.302185187646425,1
1,1.5,1e-04,14,"ASC3_age",0,-3.93344551709764e-10,0
1,1.5,1e-04,14,"ASC3_income",0.9,0.528123208078444,1
1,1.5,1e-04,14,"ASC3_child",0,-1.24467047744213e-08,0
1,1.5,1e-04,14,"prot25_male",0,-7.11967151133778e-09,0
1,1.5,1e-04,14,"prot25_age",0,-2.57352816405573e-08,0
1,1.5,1e-04,14,"prot25_income",0,0.00982540858431286,1
1,1.5,1e-04,14,"prot25_child",0,0.0285860301565253,1
1,1.5,1e-04,14,"prot50_male",0,0.0587711492187846,1
1,1.5,1e-04,14,"prot50_age",1,0.629674208255218,1
1,1.5,1e-04,14,"prot50_income",0,-0.0107049517229915,1
1,1.5,1e-04,14,"prot50_child",-0.9,-0.36542194135424,1
1,1.5,1e-04,14,"invasive_male",0.3,0.00378075150545963,1
1,1.5,1e-04,14,"invasive_age",-0.8,-0.50661058736968,1
1,1.5,1e-04,14,"invasive_income",0.6,0.390656497323179,1
1,1.5,1e-04,14,"invasive_child",-0.4,-0.0248097122131003,1
1,1.5,1e-04,15,"ASC2_male",-0.9,-0.503606373637601,1
1,1.5,1e-04,15,"ASC2_age",1.2,0.788341184316634,1
1,1.5,1e-04,15,"ASC2_income",0,-0.0475299294771807,1
1,1.5,1e-04,15,"ASC2_child",-0.4,-0.152063434082808,1
1,1.5,1e-04,15,"ASC3_male",-0.6,-0.308629457594483,1
1,1.5,1e-04,15,"ASC3_age",0,0.00537196330088875,1
1,1.5,1e-04,15,"ASC3_income",0,-1.16150954532542e-07,0
1,1.5,1e-04,15,"ASC3_child",0.9,0.567135582804264,1
1,1.5,1e-04,15,"prot25_male",0,0.059791504573925,1
1,1.5,1e-04,15,"prot25_age",0.7,0.468182526352615,1
1,1.5,1e-04,15,"prot25_income",-0.3,-0.170579684056381,1
1,1.5,1e-04,15,"prot25_child",0.5,0.104008909662593,1
1,1.5,1e-04,15,"prot50_male",0,-5.04406185897369e-09,0
1,1.5,1e-04,15,"prot50_age",-0.5,-0.324897610379576,1
1,1.5,1e-04,15,"prot50_income",0,0.0474331983061586,1
1,1.5,1e-04,15,"prot50_child",0.2,-8.57973783434332e-07,0
1,1.5,1e-04,15,"invasive_male",0,0.0202742396387344,1
1,1.5,1e-04,15,"invasive_age",0,0.0249111881203428,1
1,1.5,1e-04,15,"invasive_income",0,0.000988058710199253,1
1,1.5,1e-04,15,"invasive_child",0,0.124607528533877,1
1,1.5,1e-04,16,"ASC2_male",0,-7.84090101157572e-07,0
1,1.5,1e-04,16,"ASC2_age",-0.6,-0.41746119775515,1
1,1.5,1e-04,16,"ASC2_income",0,-0.0085820532614887,1
1,1.5,1e-04,16,"ASC2_child",-0.8,-0.416130071016559,1
1,1.5,1e-04,16,"ASC3_male",0,1.63744109825738e-06,0
1,1.5,1e-04,16,"ASC3_age",-0.8,-0.514221205997883,1
1,1.5,1e-04,16,"ASC3_income",0.8,0.498518874227616,1
1,1.5,1e-04,16,"ASC3_child",-0.8,-0.37336779845593,1
1,1.5,1e-04,16,"prot25_male",0.7,0.322759276243608,1
1,1.5,1e-04,16,"prot25_age",-1,-0.582501528192494,1
1,1.5,1e-04,16,"prot25_income",0,-0.025716575081195,1
1,1.5,1e-04,16,"prot25_child",0,-8.34058879305111e-10,0
1,1.5,1e-04,16,"prot50_male",0.6,0.287103815152528,1
1,1.5,1e-04,16,"prot50_age",-1,-0.601072410292991,1
1,1.5,1e-04,16,"prot50_income",0,-0.0909656606673644,1
1,1.5,1e-04,16,"prot50_child",0,0.00899573529956984,1
1,1.5,1e-04,16,"invasive_male",0,-0.0201930239322627,1
1,1.5,1e-04,16,"invasive_age",0.8,0.482622194261723,1
1,1.5,1e-04,16,"invasive_income",0,2.39985173852895e-07,0
1,1.5,1e-04,16,"invasive_child",0,0.141861373265914,1
1,1.5,1e-04,17,"ASC2_male",0,-0.0475014419940802,1
1,1.5,1e-04,17,"ASC2_age",-1,-0.674426164416752,1
1,1.5,1e-04,17,"ASC2_income",-0.9,-0.720857110690137,1
1,1.5,1e-04,17,"ASC2_child",0,-0.0107430591764682,1
1,1.5,1e-04,17,"ASC3_male",0,-5.89093056247388e-08,0
1,1.5,1e-04,17,"ASC3_age",-1.1,-0.680630439165167,1
1,1.5,1e-04,17,"ASC3_income",0,-0.0587239310222622,1
1,1.5,1e-04,17,"ASC3_child",-0.6,-0.414584977154058,1
1,1.5,1e-04,17,"prot25_male",-0.9,-0.610386788931289,1
1,1.5,1e-04,17,"prot25_age",0,-0.0443111861884281,1
1,1.5,1e-04,17,"prot25_income",0.6,0.418315317556097,1
1,1.5,1e-04,17,"prot25_child",0,-0.110568751033967,1
1,1.5,1e-04,17,"prot50_male",0.2,0.201206214447824,1
1,1.5,1e-04,17,"prot50_age",0.5,0.328136630802152,1
1,1.5,1e-04,17,"prot50_income",0,0.0150764642919784,1
1,1.5,1e-04,17,"prot50_child",0,-1.83705259748776e-08,0
1,1.5,1e-04,17,"invasive_male",0.8,0.609811810263596,1
1,1.5,1e-04,17,"invasive_age",0,0.0166458420272823,1
1,1.5,1e-04,17,"invasive_income",-1.1,-0.825408264769734,1
1,1.5,1e-04,17,"invasive_child",0,-1.73871370516011e-08,0
1,1.5,1e-04,18,"ASC2_male",0.2,-0.0877563661222947,1
1,1.5,1e-04,18,"ASC2_age",0.7,0.522553179941998,1
1,1.5,1e-04,18,"ASC2_income",0,-0.0515070280972563,1
1,1.5,1e-04,18,"ASC2_child",0.7,0.487524651862163,1
1,1.5,1e-04,18,"ASC3_male",0.2,-0.0368025870003698,1
1,1.5,1e-04,18,"ASC3_age",0,0.038179230381587,1
1,1.5,1e-04,18,"ASC3_income",0.4,0.162429299209988,1
1,1.5,1e-04,18,"ASC3_child",0,-8.02410977507863e-08,0
1,1.5,1e-04,18,"prot25_male",0,0.225905273173198,1
1,1.5,1e-04,18,"prot25_age",0,0.0139316887225357,1
1,1.5,1e-04,18,"prot25_income",0,0.0845904455523043,1
1,1.5,1e-04,18,"prot25_child",-0.5,-0.440187779449307,1
1,1.5,1e-04,18,"prot50_male",-0.6,-0.228229952474238,1
1,1.5,1e-04,18,"prot50_age",0,-0.0601891594535662,1
1,1.5,1e-04,18,"prot50_income",1,0.804245387134616,1
1,1.5,1e-04,18,"prot50_child",0,-2.97146546270061e-09,0
1,1.5,1e-04,18,"invasive_male",0,-0.0506450176952811,1
1,1.5,1e-04,18,"invasive_age",0,-0.0191678450624288,1
1,1.5,1e-04,18,"invasive_income",-0.2,-0.0914479254133689,1
1,1.5,1e-04,18,"invasive_child",0.7,0.480918682305013,1
1,1.5,1e-04,19,"ASC2_male",0,2.32424161465849e-08,0
1,1.5,1e-04,19,"ASC2_age",0,0.0135754726946908,1
1,1.5,1e-04,19,"ASC2_income",-0.2,-0.138856862525451,1
1,1.5,1e-04,19,"ASC2_child",0,0.0559289909500014,1
1,1.5,1e-04,19,"ASC3_male",0,-0.00444773927221137,1
1,1.5,1e-04,19,"ASC3_age",0.2,0.106450609711092,1
1,1.5,1e-04,19,"ASC3_income",-0.8,-0.520400410901869,1
1,1.5,1e-04,19,"ASC3_child",-1,-0.565701179178636,1
1,1.5,1e-04,19,"prot25_male",0,0.0278871617773806,1
1,1.5,1e-04,19,"prot25_age",0,0.0144237634652273,1
1,1.5,1e-04,19,"prot25_income",0,-8.19175137423247e-05,0
1,1.5,1e-04,19,"prot25_child",0.7,0.328166860127666,1
1,1.5,1e-04,19,"prot50_male",-1,-0.47316316895641,1
1,1.5,1e-04,19,"prot50_age",0,-6.88291551438927e-09,0
1,1.5,1e-04,19,"prot50_income",0.5,0.287171674869996,1
1,1.5,1e-04,19,"prot50_child",1.1,0.633510892728547,1
1,1.5,1e-04,19,"invasive_male",0,-5.45326319051835e-07,0
1,1.5,1e-04,19,"invasive_age",0,3.88706580976384e-07,0
1,1.5,1e-04,19,"invasive_income",0.6,0.407572557112141,1
1,1.5,1e-04,19,"invasive_child",-1.2,-0.682595814362517,1
1,1.5,1e-04,20,"ASC2_male",0,-3.68012969577679e-09,0
1,1.5,1e-04,20,"ASC2_age",0.9,0.530554458376792,1
1,1.5,1e-04,20,"ASC2_income",1,0.667774940324328,1
1,1.5,1e-04,20,"ASC2_child",-1,-0.285473458764044,1
1,1.5,1e-04,20,"ASC3_male",0.7,0.469453294668955,1
1,1.5,1e-04,20,"ASC3_age",-1.2,-0.761420090652643,1
1,1.5,1e-04,20,"ASC3_income",-0.6,-0.325905368771179,1
1,1.5,1e-04,20,"ASC3_child",-0.7,-0.0687946653957491,1
1,1.5,1e-04,20,"prot25_male",0,-2.12599954098697e-11,0
1,1.5,1e-04,20,"prot25_age",0,-8.68822956485677e-09,0
1,1.5,1e-04,20,"prot25_income",0,0.0441814535670876,1
1,1.5,1e-04,20,"prot25_child",0.7,0.16747901971954,1
1,1.5,1e-04,20,"prot50_male",0,-1.53515855545645e-09,0
1,1.5,1e-04,20,"prot50_age",0,-0.0274783272904467,1
1,1.5,1e-04,20,"prot50_income",0,-1.09576217200192e-08,0
1,1.5,1e-04,20,"prot50_child",0,-0.165531673027978,1
1,1.5,1e-04,20,"invasive_male",0,-1.57693179628339e-08,0
1,1.5,1e-04,20,"invasive_age",0.5,0.249273998841772,1
1,1.5,1e-04,20,"invasive_income",0,-7.29959765446884e-09,0
1,1.5,1e-04,20,"invasive_child",0.3,0.198631928295866,1
1,1.5,1e-04,21,"ASC2_male",-0.5,-0.2538543800238,1
1,1.5,1e-04,21,"ASC2_age",-0.6,-0.376402081997602,1
1,1.5,1e-04,21,"ASC2_income",0,-0.0555971850651495,1
1,1.5,1e-04,21,"ASC2_child",1.1,0.701067840895687,1
1,1.5,1e-04,21,"ASC3_male",0,2.42018117281693e-10,0
1,1.5,1e-04,21,"ASC3_age",0.3,0.255764328415858,1
1,1.5,1e-04,21,"ASC3_income",0,-0.0114655820281041,1
1,1.5,1e-04,21,"ASC3_child",0,-4.388220449745e-09,0
1,1.5,1e-04,21,"prot25_male",0.5,0.413567158599865,1
1,1.5,1e-04,21,"prot25_age",0,-0.0112167571755709,1
1,1.5,1e-04,21,"prot25_income",-1,-0.723469158947659,1
1,1.5,1e-04,21,"prot25_child",0,0.0500730894964397,1
1,1.5,1e-04,21,"prot50_male",-0.5,-0.188389636346908,1
1,1.5,1e-04,21,"prot50_age",0,-0.0125653716321393,1
1,1.5,1e-04,21,"prot50_income",0,-0.0432357400955033,1
1,1.5,1e-04,21,"prot50_child",-0.7,-0.321631487940819,1
1,1.5,1e-04,21,"invasive_male",0,-9.00844716966391e-09,0
1,1.5,1e-04,21,"invasive_age",1.2,0.843879652198013,1
1,1.5,1e-04,21,"invasive_income",-0.2,-0.110745912283273,1
1,1.5,1e-04,21,"invasive_child",0,-0.0234919941167802,1
1,1.5,1e-04,22,"ASC2_male",0.7,0.460286087749619,1
1,1.5,1e-04,22,"ASC2_age",-0.2,-1.19953822397344e-07,0
1,1.5,1e-04,22,"ASC2_income",-0.4,-0.248345120067445,1
1,1.5,1e-04,22,"ASC2_child",0,-1.02030853501569e-07,0
1,1.5,1e-04,22,"ASC3_male",0,-0.0527415878958463,1
1,1.5,1e-04,22,"ASC3_age",-0.7,-0.359006542107784,1
1,1.5,1e-04,22,"ASC3_income",0,0.00507936932533061,1
1,1.5,1e-04,22,"ASC3_child",-0.7,-0.438533289990999,1
1,1.5,1e-04,22,"prot25_male",0,0.0891045433735316,1
1,1.5,1e-04,22,"prot25_age",0,-0.10650474178201,1
1,1.5,1e-04,22,"prot25_income",0.5,0.356619295864059,1
1,1.5,1e-04,22,"prot25_child",0,-6.81084783537529e-09,0
1,1.5,1e-04,22,"prot50_male",0,-6.94321944954552e-09,0
1,1.5,1e-04,22,"prot50_age",1,0.5680941930803,1
1,1.5,1e-04,22,"prot50_income",-0.9,-0.588962180266513,1
1,1.5,1e-04,22,"prot50_child",-1.1,-0.624127504124692,1
1,1.5,1e-04,22,"invasive_male",0,-0.014486334207674,1
1,1.5,1e-04,22,"invasive_age",0.3,0.183616225763369,1
1,1.5,1e-04,22,"invasive_income",0,-0.0323887870272364,1
1,1.5,1e-04,22,"invasive_child",0,1.42463522849422e-09,0
1,1.5,1e-04,23,"ASC2_male",0,-0.117288413784349,1
1,1.5,1e-04,23,"ASC2_age",0.5,0.442137301208715,1
1,1.5,1e-04,23,"ASC2_income",0.8,0.627866504338665,1
1,1.5,1e-04,23,"ASC2_child",-0.2,1.53440676780776e-08,0
1,1.5,1e-04,23,"ASC3_male",0.6,0.295657657907372,1
1,1.5,1e-04,23,"ASC3_age",-0.3,-0.10876935586532,1
1,1.5,1e-04,23,"ASC3_income",0,0.094436649904744,1
1,1.5,1e-04,23,"ASC3_child",0,0.019987381966473,1
1,1.5,1e-04,23,"prot25_male",0.8,0.522815627862606,1
1,1.5,1e-04,23,"prot25_age",0.4,0.297743637802045,1
1,1.5,1e-04,23,"prot25_income",0.5,0.314571508670357,1
1,1.5,1e-04,23,"prot25_child",0,-5.48347646216256e-08,0
1,1.5,1e-04,23,"prot50_male",0,0.0336473146368664,1
1,1.5,1e-04,23,"prot50_age",0,-8.69012774801483e-09,0
1,1.5,1e-04,23,"prot50_income",0,-9.59705587411382e-08,0
1,1.5,1e-04,23,"prot50_child",0.5,0.253917410761451,1
1,1.5,1e-04,23,"invasive_male",-0.5,-0.0957331238976382,1
1,1.5,1e-04,23,"invasive_age",0,0.0245167055792488,1
1,1.5,1e-04,23,"invasive_income",0,-1.00893206676178e-08,0
1,1.5,1e-04,23,"invasive_child",0,-0.0553319780533525,1
1,1.5,1e-04,24,"ASC2_male",-0.3,-0.0656145803356391,1
1,1.5,1e-04,24,"ASC2_age",-0.3,-0.21809497729673,1
1,1.5,1e-04,24,"ASC2_income",0,-0.112091601259952,1
1,1.5,1e-04,24,"ASC2_child",0,-3.65979792128822e-09,0
1,1.5,1e-04,24,"ASC3_male",0,0.240055980276027,1
1,1.5,1e-04,24,"ASC3_age",1.2,0.81428469062955,1
1,1.5,1e-04,24,"ASC3_income",0,-0.095683532250697,1
1,1.5,1e-04,24,"ASC3_child",0,-0.00862126524018006,1
1,1.5,1e-04,24,"prot25_male",0.4,0.0354127575113829,1
1,1.5,1e-04,24,"prot25_age",0,-0.0112229021629001,1
1,1.5,1e-04,24,"prot25_income",0.8,0.59344462478482,1
1,1.5,1e-04,24,"prot25_child",1,0.670613956909584,1
1,1.5,1e-04,24,"prot50_male",0,-0.132701318475123,1
1,1.5,1e-04,24,"prot50_age",-0.8,-0.517897010851175,1
1,1.5,1e-04,24,"prot50_income",1.1,0.789711680012574,1
1,1.5,1e-04,24,"prot50_child",0,-0.0114588284551922,1
1,1.5,1e-04,24,"invasive_male",0,-0.0723670871627374,1
1,1.5,1e-04,24,"invasive_age",1.1,0.758509363580507,1
1,1.5,1e-04,24,"invasive_income",0,-0.00900160223808531,1
1,1.5,1e-04,24,"invasive_child",1.2,0.80387743368096,1
1,1.5,1e-04,25,"ASC2_male",1.2,0.752002269143109,1
1,1.5,1e-04,25,"ASC2_age",0,0.0995272947439568,1
1,1.5,1e-04,25,"ASC2_income",0,0.0146876533366521,1
1,1.5,1e-04,25,"ASC2_child",0,-0.00517705369958368,1
1,1.5,1e-04,25,"ASC3_male",-1,-0.682831062009363,1
1,1.5,1e-04,25,"ASC3_age",-0.2,-0.0568989935088664,1
1,1.5,1e-04,25,"ASC3_income",0,2.00472492124374e-09,0
1,1.5,1e-04,25,"ASC3_child",-1.1,-0.686557101817098,1
1,1.5,1e-04,25,"prot25_male",1.1,0.670301541762617,1
1,1.5,1e-04,25,"prot25_age",-0.6,-0.442729485952105,1
1,1.5,1e-04,25,"prot25_income",0,0.0491259845584568,1
1,1.5,1e-04,25,"prot25_child",1,0.680735955146411,1
1,1.5,1e-04,25,"prot50_male",0,-0.0560815835095059,1
1,1.5,1e-04,25,"prot50_age",0,-0.0808242122656286,1
1,1.5,1e-04,25,"prot50_income",0,0.0408208349664001,1
1,1.5,1e-04,25,"prot50_child",0,-0.0618862946309754,1
1,1.5,1e-04,25,"invasive_male",0,1.7675053442574e-08,0
1,1.5,1e-04,25,"invasive_age",1.1,0.733602208833031,1
1,1.5,1e-04,25,"invasive_income",-1.2,-0.808137494335276,1
1,1.5,1e-04,25,"invasive_child",1.2,0.757041828291742,1
1,1.5,1e-04,26,"ASC2_male",0,-0.196026156048449,1
1,1.5,1e-04,26,"ASC2_age",-0.9,-0.54407725506096,1
1,1.5,1e-04,26,"ASC2_income",-1.2,-0.684458392428878,1
1,1.5,1e-04,26,"ASC2_child",-0.4,-0.172369286833485,1
1,1.5,1e-04,26,"ASC3_male",0.8,0.316114852882886,1
1,1.5,1e-04,26,"ASC3_age",0,0.0602117326384678,1
1,1.5,1e-04,26,"ASC3_income",-0.5,-0.30167844568874,1
1,1.5,1e-04,26,"ASC3_child",0.1,0.0760200209706093,1
1,1.5,1e-04,26,"prot25_male",-0.9,-0.375558670312636,1
1,1.5,1e-04,26,"prot25_age",0,-0.00430066160155349,1
1,1.5,1e-04,26,"prot25_income",0,-0.12976664720344,1
1,1.5,1e-04,26,"prot25_child",0,-1.83782056831373e-09,0
1,1.5,1e-04,26,"prot50_male",0,0.157915377482037,1
1,1.5,1e-04,26,"prot50_age",0,-0.0530448601200708,1
1,1.5,1e-04,26,"prot50_income",0.1,0.0346404737204158,1
1,1.5,1e-04,26,"prot50_child",0,-5.69551811914666e-07,0
1,1.5,1e-04,26,"invasive_male",0,-3.18348573386435e-08,0
1,1.5,1e-04,26,"invasive_age",0.9,0.49908437399378,1
1,1.5,1e-04,26,"invasive_income",-0.7,-0.45190411654527,1
1,1.5,1e-04,26,"invasive_child",0,-7.91793961234204e-09,0
1,1.5,1e-04,27,"ASC2_male",-1.2,-0.804926828295831,1
1,1.5,1e-04,27,"ASC2_age",-0.5,-0.242682384045832,1
1,1.5,1e-04,27,"ASC2_income",0,0.095253824003082,1
1,1.5,1e-04,27,"ASC2_child",0,-2.07124586004427e-08,0
1,1.5,1e-04,27,"ASC3_male",0,1.08804433434105e-06,0
1,1.5,1e-04,27,"ASC3_age",0,0.0367249052752944,1
1,1.5,1e-04,27,"ASC3_income",0,0.0383366702381911,1
1,1.5,1e-04,27,"ASC3_child",0.8,0.459621217337778,1
1,1.5,1e-04,27,"prot25_male",-0.8,-0.424084058692361,1
1,1.5,1e-04,27,"prot25_age",0.9,0.553133778273992,1
1,1.5,1e-04,27,"prot25_income",0,6.68265313412128e-07,0
1,1.5,1e-04,27,"prot25_child",0.6,0.572435687861419,1
1,1.5,1e-04,27,"prot50_male",0,0.183559197987461,1
1,1.5,1e-04,27,"prot50_age",0,0.0206464676592761,1
1,1.5,1e-04,27,"prot50_income",0,-0.00813947314658912,1
1,1.5,1e-04,27,"prot50_child",0.4,0.320986663640777,1
1,1.5,1e-04,27,"invasive_male",-0.2,-0.0275257756174779,1
1,1.5,1e-04,27,"invasive_age",-0.2,-0.0676187965549715,1
1,1.5,1e-04,27,"invasive_income",1,0.78730467883642,1
1,1.5,1e-04,27,"invasive_child",0,-1.82451316732931e-08,0
1,1.5,1e-04,28,"ASC2_male",-0.6,-0.178792479239908,1
1,1.5,1e-04,28,"ASC2_age",0,0.0134309052953031,1
1,1.5,1e-04,28,"ASC2_income",0,0.10612113072047,1
1,1.5,1e-04,28,"ASC2_child",0,0.10322145440181,1
1,1.5,1e-04,28,"ASC3_male",-0.9,-0.43026724741689,1
1,1.5,1e-04,28,"ASC3_age",-0.8,-0.498467334332103,1
1,1.5,1e-04,28,"ASC3_income",0,0.102315763761966,1
1,1.5,1e-04,28,"ASC3_child",-0.7,-0.311931875279517,1
1,1.5,1e-04,28,"prot25_male",0,-0.0962662710477899,1
1,1.5,1e-04,28,"prot25_age",1.1,0.744631586409577,1
1,1.5,1e-04,28,"prot25_income",1.2,0.807100227244655,1
1,1.5,1e-04,28,"prot25_child",0,6.03735759388726e-07,0
1,1.5,1e-04,28,"prot50_male",-0.2,-0.200493885594089,1
1,1.5,1e-04,28,"prot50_age",0.8,0.47930898641823,1
1,1.5,1e-04,28,"prot50_income",-0.2,-0.147737639862284,1
1,1.5,1e-04,28,"prot50_child",0,8.49250717989633e-08,0
1,1.5,1e-04,28,"invasive_male",0,8.78538986827469e-07,0
1,1.5,1e-04,28,"invasive_age",0,0.0137693074871022,1
1,1.5,1e-04,28,"invasive_income",0.3,0.245100756712854,1
1,1.5,1e-04,28,"invasive_child",0,0.17086692830477,1
1,1.5,1e-04,29,"ASC2_male",0,3.20832498233967e-07,0
1,1.5,1e-04,29,"ASC2_age",0,0.128098497406382,1
1,1.5,1e-04,29,"ASC2_income",-0.1,-0.0301966591305105,1
1,1.5,1e-04,29,"ASC2_child",0,-3.62158112413693e-08,0
1,1.5,1e-04,29,"ASC3_male",0,-0.00682221529234777,1
1,1.5,1e-04,29,"ASC3_age",0.9,0.658323972541778,1
1,1.5,1e-04,29,"ASC3_income",0,7.05762509869225e-08,0
1,1.5,1e-04,29,"ASC3_child",-0.2,-0.253399017402772,1
1,1.5,1e-04,29,"prot25_male",0,-2.55593048649235e-07,0
1,1.5,1e-04,29,"prot25_age",0,-0.141118645894702,1
1,1.5,1e-04,29,"prot25_income",0.8,0.557420815424695,1
1,1.5,1e-04,29,"prot25_child",-0.4,-0.346210249328622,1
1,1.5,1e-04,29,"prot50_male",0.4,0.354472439153525,1
1,1.5,1e-04,29,"prot50_age",0.5,0.247810983254889,1
1,1.5,1e-04,29,"prot50_income",0,-7.86387545984833e-07,0
1,1.5,1e-04,29,"prot50_child",0.7,0.457227696727852,1
1,1.5,1e-04,29,"invasive_male",0,2.15992394611221e-07,0
1,1.5,1e-04,29,"invasive_age",-0.3,-0.124453516541876,1
1,1.5,1e-04,29,"invasive_income",0,-0.0106723491330729,1
1,1.5,1e-04,29,"invasive_child",1,0.629527074846927,1
1,1.5,1e-04,30,"ASC2_male",0,-0.000858464516894027,1
1,1.5,1e-04,30,"ASC2_age",0,-0.00273354414660382,1
1,1.5,1e-04,30,"ASC2_income",0,-2.54785919894966e-07,0
1,1.5,1e-04,30,"ASC2_child",0.6,0.28620025558386,1
1,1.5,1e-04,30,"ASC3_male",0.4,0.141524441768521,1
1,1.5,1e-04,30,"ASC3_age",0,-0.0296126894159329,1
1,1.5,1e-04,30,"ASC3_income",0.2,0.108175797529667,1
1,1.5,1e-04,30,"ASC3_child",0.2,-9.92104373174869e-10,0
1,1.5,1e-04,30,"prot25_male",0,0.080775389184175,1
1,1.5,1e-04,30,"prot25_age",-0.7,-0.393302760343635,1
1,1.5,1e-04,30,"prot25_income",0.4,0.190488494284314,1
1,1.5,1e-04,30,"prot25_child",0.8,0.644878519543101,1
1,1.5,1e-04,30,"prot50_male",-0.7,-0.361666240232585,1
1,1.5,1e-04,30,"prot50_age",0,0.0319621536707566,1
1,1.5,1e-04,30,"prot50_income",0,-2.01481093978894e-07,0
1,1.5,1e-04,30,"prot50_child",0,0.0327965968273864,1
1,1.5,1e-04,30,"invasive_male",1.1,0.568438843322991,1
1,1.5,1e-04,30,"invasive_age",0,0.0393456626533506,1
1,1.5,1e-04,30,"invasive_income",0.4,0.223887529533988,1
1,1.5,1e-04,30,"invasive_child",0,-0.0159757278344276,1
1,1.5,1e-04,31,"ASC2_male",1.2,0.784612641708003,1
1,1.5,1e-04,31,"ASC2_age",0,-0.0345205944270967,1
1,1.5,1e-04,31,"ASC2_income",-0.3,-0.324055263317845,1
1,1.5,1e-04,31,"ASC2_child",0,-0.130523343188342,1
1,1.5,1e-04,31,"ASC3_male",0,2.03012685318609e-08,0
1,1.5,1e-04,31,"ASC3_age",0,-0.0158000306368983,1
1,1.5,1e-04,31,"ASC3_income",0,-0.136699613212216,1
1,1.5,1e-04,31,"ASC3_child",0,-0.0823078653734784,1
1,1.5,1e-04,31,"prot25_male",-0.8,-0.386938108227511,1
1,1.5,1e-04,31,"prot25_age",-0.2,-0.0941052111329571,1
1,1.5,1e-04,31,"prot25_income",0,0.0663885129850096,1
1,1.5,1e-04,31,"prot25_child",0,0.0172194627773311,1
1,1.5,1e-04,31,"prot50_male",-0.9,-0.472065479870262,1
1,1.5,1e-04,31,"prot50_age",-0.9,-0.556407002905841,1
1,1.5,1e-04,31,"prot50_income",-0.2,-0.0550412539166755,1
1,1.5,1e-04,31,"prot50_child",-0.5,-0.148745502204302,1
1,1.5,1e-04,31,"invasive_male",-1,-0.562763830993161,1
1,1.5,1e-04,31,"invasive_age",0,0.0473946491544432,1
1,1.5,1e-04,31,"invasive_income",0,-4.4073903044486e-08,0
1,1.5,1e-04,31,"invasive_child",-0.7,-0.391400923668923,1
1,1.5,1e-04,32,"ASC2_male",0.2,0.00153495926075166,1
1,1.5,1e-04,32,"ASC2_age",0.7,0.425566313807319,1
1,1.5,1e-04,32,"ASC2_income",-1,-0.645107519069927,1
1,1.5,1e-04,32,"ASC2_child",0.4,0.297984661996296,1
1,1.5,1e-04,32,"ASC3_male",0,-0.194742550890588,1
1,1.5,1e-04,32,"ASC3_age",0.3,0.177007507164878,1
1,1.5,1e-04,32,"ASC3_income",0,-0.00864179950946089,1
1,1.5,1e-04,32,"ASC3_child",0.5,0.398402808190918,1
1,1.5,1e-04,32,"prot25_male",0,0.00135529864841106,1
1,1.5,1e-04,32,"prot25_age",-0.6,-0.383244421517981,1
1,1.5,1e-04,32,"prot25_income",0,-0.020488585217451,1
1,1.5,1e-04,32,"prot25_child",0,-0.0251790047754515,1
1,1.5,1e-04,32,"prot50_male",0.7,0.551501999299607,1
1,1.5,1e-04,32,"prot50_age",0.3,0.280639075574716,1
1,1.5,1e-04,32,"prot50_income",0,-0.051478273370924,1
1,1.5,1e-04,32,"prot50_child",-0.6,-0.611683362463034,1
1,1.5,1e-04,32,"invasive_male",0,-0.147940696430054,1
1,1.5,1e-04,32,"invasive_age",0,0.0231973732258989,1
1,1.5,1e-04,32,"invasive_income",0,0.0209169572740295,1
1,1.5,1e-04,32,"invasive_child",0,-0.0608136418377334,1
1,1.5,1e-04,33,"ASC2_male",0,3.40516379474818e-07,0
1,1.5,1e-04,33,"ASC2_age",-0.3,-0.264612994420951,1
1,1.5,1e-04,33,"ASC2_income",0,0.0141354453601674,1
1,1.5,1e-04,33,"ASC2_child",0,-0.115715570647386,1
1,1.5,1e-04,33,"ASC3_male",0,0.06120899448907,1
1,1.5,1e-04,33,"ASC3_age",1.1,0.759524815375709,1
1,1.5,1e-04,33,"ASC3_income",0,0.0182775907617975,1
1,1.5,1e-04,33,"ASC3_child",0,0.00336948041633132,1
1,1.5,1e-04,33,"prot25_male",0.9,0.56784759321921,1
1,1.5,1e-04,33,"prot25_age",-0.8,-0.449166381540356,1
1,1.5,1e-04,33,"prot25_income",1.1,0.820031916015434,1
1,1.5,1e-04,33,"prot25_child",0,0.0994782178571743,1
1,1.5,1e-04,33,"prot50_male",-1.2,-0.88206443131073,1
1,1.5,1e-04,33,"prot50_age",0.3,0.24881098944841,1
1,1.5,1e-04,33,"prot50_income",0,-1.55049837868361e-09,0
1,1.5,1e-04,33,"prot50_child",0.8,0.663271304544364,1
1,1.5,1e-04,33,"invasive_male",0,-0.18215974900252,1
1,1.5,1e-04,33,"invasive_age",-1.2,-0.812717774948233,1
1,1.5,1e-04,33,"invasive_income",0.6,0.406958179528415,1
1,1.5,1e-04,33,"invasive_child",0,0.149030173706593,1
1,1.5,1e-04,34,"ASC2_male",0,0.0216730891634866,1
1,1.5,1e-04,34,"ASC2_age",-0.5,-0.242700927619151,1
1,1.5,1e-04,34,"ASC2_income",0,-0.0253882879818387,1
1,1.5,1e-04,34,"ASC2_child",1,0.641087898774815,1
1,1.5,1e-04,34,"ASC3_male",0,7.21610074724211e-07,0
1,1.5,1e-04,34,"ASC3_age",-0.3,-0.147728254514959,1
1,1.5,1e-04,34,"ASC3_income",-0.7,-0.405284555527034,1
1,1.5,1e-04,34,"ASC3_child",-1,-0.590002292705873,1
1,1.5,1e-04,34,"prot25_male",0,0.0211882819886508,1
1,1.5,1e-04,34,"prot25_age",0,-8.28619020099899e-05,0
1,1.5,1e-04,34,"prot25_income",0,-0.0193146242094776,1
1,1.5,1e-04,34,"prot25_child",0,-1.08939181058055e-09,0
1,1.5,1e-04,34,"prot50_male",0,-1.68779309324176e-06,0
1,1.5,1e-04,34,"prot50_age",-0.8,-0.497045072911267,1
1,1.5,1e-04,34,"prot50_income",-0.1,-0.0803716356940312,1
1,1.5,1e-04,34,"prot50_child",0,-2.34089485655326e-07,0
1,1.5,1e-04,34,"invasive_male",-0.9,-0.646918960475708,1
1,1.5,1e-04,34,"invasive_age",-0.9,-0.5464045566791,1
1,1.5,1e-04,34,"invasive_income",-0.9,-0.559612100493451,1
1,1.5,1e-04,34,"invasive_child",0,-8.32008052551233e-09,0
1,1.5,1e-04,35,"ASC2_male",0,-3.65254812388526e-06,0
1,1.5,1e-04,35,"ASC2_age",0,-0.0659475004056131,1
1,1.5,1e-04,35,"ASC2_income",-0.2,-0.0634781828187762,1
1,1.5,1e-04,35,"ASC2_child",0,-0.0271327776287104,1
1,1.5,1e-04,35,"ASC3_male",0,0.00452558886288968,1
1,1.5,1e-04,35,"ASC3_age",0,-0.0512973475112121,1
1,1.5,1e-04,35,"ASC3_income",0,0.0638837120134515,1
1,1.5,1e-04,35,"ASC3_child",0,-3.39680445015615e-09,0
1,1.5,1e-04,35,"prot25_male",0,2.71815257613767e-07,0
1,1.5,1e-04,35,"prot25_age",1.2,0.77682473795592,1
1,1.5,1e-04,35,"prot25_income",-0.2,-0.194481578873899,1
1,1.5,1e-04,35,"prot25_child",0.8,0.544422786363569,1
1,1.5,1e-04,35,"prot50_male",-0.9,-0.586949804015797,1
1,1.5,1e-04,35,"prot50_age",-0.2,-0.0937445153560977,1
1,1.5,1e-04,35,"prot50_income",0,-0.0197874378137515,1
1,1.5,1e-04,35,"prot50_child",0,0.106145563876414,1
1,1.5,1e-04,35,"invasive_male",0.3,0.143022903559474,1
1,1.5,1e-04,35,"invasive_age",0.3,0.193762581534024,1
1,1.5,1e-04,35,"invasive_income",-0.4,-0.316521607127625,1
1,1.5,1e-04,35,"invasive_child",-0.5,-0.27209281156401,1
1,1.5,1e-04,36,"ASC2_male",-0.7,-0.426832237567892,1
1,1.5,1e-04,36,"ASC2_age",0,0.0417803845112865,1
1,1.5,1e-04,36,"ASC2_income",0.1,8.70632066117787e-07,0
1,1.5,1e-04,36,"ASC2_child",0,0.0380877488596615,1
1,1.5,1e-04,36,"ASC3_male",0,6.37472497110328e-10,0
1,1.5,1e-04,36,"ASC3_age",0.6,0.456904896447269,1
1,1.5,1e-04,36,"ASC3_income",1.1,0.714851022281165,1
1,1.5,1e-04,36,"ASC3_child",0,-0.0290198042961715,1
1,1.5,1e-04,36,"prot25_male",0,-7.14587237830438e-09,0
1,1.5,1e-04,36,"prot25_age",0,-0.0225508559609168,1
1,1.5,1e-04,36,"prot25_income",0.2,0.178293208008503,1
1,1.5,1e-04,36,"prot25_child",0,0.011513810942084,1
1,1.5,1e-04,36,"prot50_male",0,-0.0791703098276075,1
1,1.5,1e-04,36,"prot50_age",0.9,0.589898771353053,1
1,1.5,1e-04,36,"prot50_income",-0.8,-0.522563591377018,1
1,1.5,1e-04,36,"prot50_child",0,2.52576625974699e-08,0
1,1.5,1e-04,36,"invasive_male",-1,-0.692956752023119,1
1,1.5,1e-04,36,"invasive_age",0.8,0.581720788471117,1
1,1.5,1e-04,36,"invasive_income",0,0.0297903380688973,1
1,1.5,1e-04,36,"invasive_child",-0.8,-0.450562273165645,1
1,1.5,1e-04,37,"ASC2_male",0,-0.197606894839195,1
1,1.5,1e-04,37,"ASC2_age",0,0.0045597261098231,1
1,1.5,1e-04,37,"ASC2_income",0,-0.123656702770936,1
1,1.5,1e-04,37,"ASC2_child",0,0.0102862408948145,1
1,1.5,1e-04,37,"ASC3_male",0,-0.104569137071155,1
1,1.5,1e-04,37,"ASC3_age",0,-5.24016949566083e-11,0
1,1.5,1e-04,37,"ASC3_income",0.6,0.293207582308186,1
1,1.5,1e-04,37,"ASC3_child",0,-1.17971677978438e-05,0
1,1.5,1e-04,37,"prot25_male",-0.8,-0.456370084985471,1
1,1.5,1e-04,37,"prot25_age",0.9,0.571539581371347,1
1,1.5,1e-04,37,"prot25_income",-0.7,-0.365203732564682,1
1,1.5,1e-04,37,"prot25_child",0.1,0.146567059950527,1
1,1.5,1e-04,37,"prot50_male",0,-4.71586703634637e-08,0
1,1.5,1e-04,37,"prot50_age",1,0.717918335719128,1
1,1.5,1e-04,37,"prot50_income",0,0.123436335377403,1
1,1.5,1e-04,37,"prot50_child",-0.9,-0.575959100205112,1
1,1.5,1e-04,37,"invasive_male",0.6,0.170759384942601,1
1,1.5,1e-04,37,"invasive_age",-0.3,-0.132527193256324,1
1,1.5,1e-04,37,"invasive_income",1.1,0.736939315367149,1
1,1.5,1e-04,37,"invasive_child",0,-0.0208862783908834,1
1,1.5,1e-04,38,"ASC2_male",0.8,0.448739721431337,1
1,1.5,1e-04,38,"ASC2_age",0,-0.0452118367629152,1
1,1.5,1e-04,38,"ASC2_income",0.8,0.551119858023594,1
1,1.5,1e-04,38,"ASC2_child",0.4,0.0204977806873573,1
1,1.5,1e-04,38,"ASC3_male",0,-0.0840534749602939,1
1,1.5,1e-04,38,"ASC3_age",0,6.48330540847869e-05,0
1,1.5,1e-04,38,"ASC3_income",0,-1.21584289203195e-08,0
1,1.5,1e-04,38,"ASC3_child",0.2,-5.68180479015319e-09,0
1,1.5,1e-04,38,"prot25_male",0,0.0506114251513509,1
1,1.5,1e-04,38,"prot25_age",0,0.0128085624343933,1
1,1.5,1e-04,38,"prot25_income",0,-7.83474377822567e-08,0
1,1.5,1e-04,38,"prot25_child",0,-1.72057009365921e-09,0
1,1.5,1e-04,38,"prot50_male",0,8.34227944723864e-08,0
1,1.5,1e-04,38,"prot50_age",0.3,0.265024645156122,1
1,1.5,1e-04,38,"prot50_income",0.9,0.658873255418605,1
1,1.5,1e-04,38,"prot50_child",0,0.0739271428620813,1
1,1.5,1e-04,38,"invasive_male",-0.5,-0.346554478384954,1
1,1.5,1e-04,38,"invasive_age",0.9,0.736944915584727,1
1,1.5,1e-04,38,"invasive_income",1,0.715391166785704,1
1,1.5,1e-04,38,"invasive_child",-0.2,-0.326842759926632,1
1,1.5,1e-04,39,"ASC2_male",0.9,0.494444044541058,1
1,1.5,1e-04,39,"ASC2_age",1.1,0.764127602295717,1
1,1.5,1e-04,39,"ASC2_income",0,-2.52455782268667e-08,0
1,1.5,1e-04,39,"ASC2_child",0.7,0.493000961788829,1
1,1.5,1e-04,39,"ASC3_male",0,-9.15299906514181e-09,0
1,1.5,1e-04,39,"ASC3_age",-0.1,-0.0099948184450012,1
1,1.5,1e-04,39,"ASC3_income",0,-0.00937292233464885,1
1,1.5,1e-04,39,"ASC3_child",-1.1,-0.651684659158615,1
1,1.5,1e-04,39,"prot25_male",0,0.0476378226477719,1
1,1.5,1e-04,39,"prot25_age",0,-0.0353750219261457,1
1,1.5,1e-04,39,"prot25_income",0.9,0.512674390783559,1
1,1.5,1e-04,39,"prot25_child",0,-6.70769635161852e-09,0
1,1.5,1e-04,39,"prot50_male",0,-7.49723655807771e-10,0
1,1.5,1e-04,39,"prot50_age",0.9,0.5314282423701,1
1,1.5,1e-04,39,"prot50_income",-0.8,-0.401761889244137,1
1,1.5,1e-04,39,"prot50_child",0,-9.65552258867243e-09,0
1,1.5,1e-04,39,"invasive_male",0.1,-1.98027067598045e-08,0
1,1.5,1e-04,39,"invasive_age",0,3.48890496595676e-07,0
1,1.5,1e-04,39,"invasive_income",0.7,0.413713580465622,1
1,1.5,1e-04,39,"invasive_child",0,-6.68574690464006e-09,0
1,1.5,1e-04,40,"ASC2_male",0,-0.00205737856367314,1
1,1.5,1e-04,40,"ASC2_age",0,-6.87303341177919e-09,0
1,1.5,1e-04,40,"ASC2_income",-1,-0.787683343814664,1
1,1.5,1e-04,40,"ASC2_child",-0.4,-0.372743911613051,1
1,1.5,1e-04,40,"ASC3_male",1.2,0.781603749388148,1
1,1.5,1e-04,40,"ASC3_age",0,-0.0450923460069103,1
1,1.5,1e-04,40,"ASC3_income",0,-0.00585465268696052,1
1,1.5,1e-04,40,"ASC3_child",0,-2.2082393178612e-08,0
1,1.5,1e-04,40,"prot25_male",-0.1,-0.0468494896343836,1
1,1.5,1e-04,40,"prot25_age",0,-0.00441231375060628,1
1,1.5,1e-04,40,"prot25_income",-0.3,-0.16491136136612,1
1,1.5,1e-04,40,"prot25_child",-0.5,-0.268237611998735,1
1,1.5,1e-04,40,"prot50_male",-1.2,-0.813853547051755,1
1,1.5,1e-04,40,"prot50_age",0,-0.0118364680035886,1
1,1.5,1e-04,40,"prot50_income",0,-1.60899886128745e-08,0
1,1.5,1e-04,40,"prot50_child",1.1,0.829260644441716,1
1,1.5,1e-04,40,"invasive_male",-0.8,-0.532051510710426,1
1,1.5,1e-04,40,"invasive_age",0.5,0.331597713434981,1
1,1.5,1e-04,40,"invasive_income",0,-0.0437629056690218,1
1,1.5,1e-04,40,"invasive_child",0,0.0162364651099994,1
1,1.5,1e-04,41,"ASC2_male",0.1,-0.0891353838035441,1
1,1.5,1e-04,41,"ASC2_age",0,0.0219285960981126,1
1,1.5,1e-04,41,"ASC2_income",-1,-0.68273089497384,1
1,1.5,1e-04,41,"ASC2_child",-0.6,-0.302306825520359,1
1,1.5,1e-04,41,"ASC3_male",0.8,0.245881592710848,1
1,1.5,1e-04,41,"ASC3_age",-0.6,-0.353629202120941,1
1,1.5,1e-04,41,"ASC3_income",-0.6,-0.367603586483812,1
1,1.5,1e-04,41,"ASC3_child",-1,-0.555666702808298,1
1,1.5,1e-04,41,"prot25_male",0,0.0784844390645435,1
1,1.5,1e-04,41,"prot25_age",-1,-0.623121218761272,1
1,1.5,1e-04,41,"prot25_income",0,-0.0153710107145051,1
1,1.5,1e-04,41,"prot25_child",0,-0.0827876306378975,1
1,1.5,1e-04,41,"prot50_male",0,0.173976849603357,1
1,1.5,1e-04,41,"prot50_age",0,0.0536609687613899,1
1,1.5,1e-04,41,"prot50_income",0,0.00776018184314045,1
1,1.5,1e-04,41,"prot50_child",0,-0.112432321862497,1
1,1.5,1e-04,41,"invasive_male",-0.7,-0.449107928844667,1
1,1.5,1e-04,41,"invasive_age",-0.5,-0.362657674157369,1
1,1.5,1e-04,41,"invasive_income",0,0.008212451931253,1
1,1.5,1e-04,41,"invasive_child",0,-0.0098328752244368,1
1,1.5,1e-04,42,"ASC2_male",-0.1,-0.103135720284159,1
1,1.5,1e-04,42,"ASC2_age",1,0.748157929986893,1
1,1.5,1e-04,42,"ASC2_income",0,0.103852684184571,1
1,1.5,1e-04,42,"ASC2_child",0.4,0.224572333795317,1
1,1.5,1e-04,42,"ASC3_male",-0.7,-0.404067119132128,1
1,1.5,1e-04,42,"ASC3_age",0,0.0444834386152912,1
1,1.5,1e-04,42,"ASC3_income",0,0.055495581105189,1
1,1.5,1e-04,42,"ASC3_child",0,-0.078744269368819,1
1,1.5,1e-04,42,"prot25_male",0.1,0.061452410346956,1
1,1.5,1e-04,42,"prot25_age",0.8,0.520344749618549,1
1,1.5,1e-04,42,"prot25_income",0,0.04240784750112,1
1,1.5,1e-04,42,"prot25_child",0,-0.0447160686501293,1
1,1.5,1e-04,42,"prot50_male",0,-0.00876684769898816,1
1,1.5,1e-04,42,"prot50_age",1,0.685496104844528,1
1,1.5,1e-04,42,"prot50_income",0,0.034022448054684,1
1,1.5,1e-04,42,"prot50_child",0,0.00010938346438726,1
1,1.5,1e-04,42,"invasive_male",-0.9,-0.662902001055431,1
1,1.5,1e-04,42,"invasive_age",0,0.0339922797862273,1
1,1.5,1e-04,42,"invasive_income",-1,-0.552634657036599,1
1,1.5,1e-04,42,"invasive_child",-1.1,-0.849765526785127,1
1,1.5,1e-04,43,"ASC2_male",0,-0.113726355601415,1
1,1.5,1e-04,43,"ASC2_age",-0.8,-0.513977500651177,1
1,1.5,1e-04,43,"ASC2_income",0,0.0742042410802692,1
1,1.5,1e-04,43,"ASC2_child",0,-3.28646186051881e-10,0
1,1.5,1e-04,43,"ASC3_male",-1.2,-0.908717633952952,1
1,1.5,1e-04,43,"ASC3_age",0,-0.0109027563187415,1
1,1.5,1e-04,43,"ASC3_income",0,0.0046109012875484,1
1,1.5,1e-04,43,"ASC3_child",0,-0.00896975111160756,1
1,1.5,1e-04,43,"prot25_male",1,0.791132701142496,1
1,1.5,1e-04,43,"prot25_age",0.5,0.413688070061641,1
1,1.5,1e-04,43,"prot25_income",0.9,0.584434661536048,1
1,1.5,1e-04,43,"prot25_child",1,0.576387760251189,1
1,1.5,1e-04,43,"prot50_male",-0.2,-0.049219046526444,1
1,1.5,1e-04,43,"prot50_age",0,-0.000358387782928246,1
1,1.5,1e-04,43,"prot50_income",-0.3,-0.232823461878966,1
1,1.5,1e-04,43,"prot50_child",0.6,0.260103845881135,1
1,1.5,1e-04,43,"invasive_male",0,-3.16893316363001e-09,0
1,1.5,1e-04,43,"invasive_age",0,-0.00446788632526037,1
1,1.5,1e-04,43,"invasive_income",1,0.738357746776982,1
1,1.5,1e-04,43,"invasive_child",0,-1.84824871862364e-09,0
1,1.5,1e-04,44,"ASC2_male",0.9,0.545284922042117,1
1,1.5,1e-04,44,"ASC2_age",1.2,0.787643066882373,1
1,1.5,1e-04,44,"ASC2_income",0,-0.0961066979472945,1
1,1.5,1e-04,44,"ASC2_child",0,0.00516043827674971,1
1,1.5,1e-04,44,"ASC3_male",0.9,0.588283528126253,1
1,1.5,1e-04,44,"ASC3_age",0,0.0285054347101933,1
1,1.5,1e-04,44,"ASC3_income",-0.5,-0.381494061353665,1
1,1.5,1e-04,44,"ASC3_child",-1.1,-0.558511842989306,1
1,1.5,1e-04,44,"prot25_male",-1.1,-0.823636444303577,1
1,1.5,1e-04,44,"prot25_age",0,0.00237367156608852,1
1,1.5,1e-04,44,"prot25_income",0,0.00167778208118624,1
1,1.5,1e-04,44,"prot25_child",0.9,0.504758471583986,1
1,1.5,1e-04,44,"prot50_male",0,-0.107125423388526,1
1,1.5,1e-04,44,"prot50_age",-1.2,-0.778540868970109,1
1,1.5,1e-04,44,"prot50_income",-0.5,-0.326477493459006,1
1,1.5,1e-04,44,"prot50_child",0,-0.044398064227655,1
1,1.5,1e-04,44,"invasive_male",-0.8,-0.634384785359894,1
1,1.5,1e-04,44,"invasive_age",0,2.01117353976452e-10,0
1,1.5,1e-04,44,"invasive_income",0,-0.0846949725891754,1
1,1.5,1e-04,44,"invasive_child",0,0.115213382459126,1
1,1.5,1e-04,45,"ASC2_male",-0.6,-0.257648583151924,1
1,1.5,1e-04,45,"ASC2_age",0,-0.128309633657806,1
1,1.5,1e-04,45,"ASC2_income",0,-0.0634811638871061,1
1,1.5,1e-04,45,"ASC2_child",0.2,0.126704128732876,1
1,1.5,1e-04,45,"ASC3_male",-0.7,-0.433958694855637,1
1,1.5,1e-04,45,"ASC3_age",0,-0.123855011986721,1
1,1.5,1e-04,45,"ASC3_income",0,7.49761951829878e-06,0
1,1.5,1e-04,45,"ASC3_child",-0.1,-0.144616736522422,1
1,1.5,1e-04,45,"prot25_male",0,-0.0793657794461934,1
1,1.5,1e-04,45,"prot25_age",-0.8,-0.407818845072485,1
1,1.5,1e-04,45,"prot25_income",0,0.0409004058054259,1
1,1.5,1e-04,45,"prot25_child",0.4,0.302991414162184,1
1,1.5,1e-04,45,"prot50_male",0,0.000893408520561193,1
1,1.5,1e-04,45,"prot50_age",1.2,0.86401539547039,1
1,1.5,1e-04,45,"prot50_income",0,0.0146214651632383,1
1,1.5,1e-04,45,"prot50_child",-0.2,-0.0185589824702076,1
1,1.5,1e-04,45,"invasive_male",-1,-0.58924550258252,1
1,1.5,1e-04,45,"invasive_age",0,7.78609226084542e-09,0
1,1.5,1e-04,45,"invasive_income",-0.3,-0.198143961425206,1
1,1.5,1e-04,45,"invasive_child",0,0.0140647481385464,1
1,1.5,1e-04,46,"ASC2_male",-0.3,-0.325438257311853,1
1,1.5,1e-04,46,"ASC2_age",0,0.0316765068718832,1
1,1.5,1e-04,46,"ASC2_income",-0.4,-0.317297053680061,1
1,1.5,1e-04,46,"ASC2_child",0,-2.57315511554987e-07,0
1,1.5,1e-04,46,"ASC3_male",0,-0.0104831645943488,1
1,1.5,1e-04,46,"ASC3_age",0,0.0541914258440446,1
1,1.5,1e-04,46,"ASC3_income",0,-0.0499763634095582,1
1,1.5,1e-04,46,"ASC3_child",0,1.54685996129896e-07,0
1,1.5,1e-04,46,"prot25_male",0,-3.0731648523265e-10,0
1,1.5,1e-04,46,"prot25_age",0.9,0.510004409477095,1
1,1.5,1e-04,46,"prot25_income",0.4,0.307815656419702,1
1,1.5,1e-04,46,"prot25_child",0.5,0.300582655008449,1
1,1.5,1e-04,46,"prot50_male",0.7,0.342166972815219,1
1,1.5,1e-04,46,"prot50_age",0.5,0.306621346611435,1
1,1.5,1e-04,46,"prot50_income",-0.5,-0.317928995853351,1
1,1.5,1e-04,46,"prot50_child",0.7,0.258216134688663,1
1,1.5,1e-04,46,"invasive_male",0,-3.72009924168045e-07,0
1,1.5,1e-04,46,"invasive_age",0,0.0201018857834245,1
1,1.5,1e-04,46,"invasive_income",0,-0.0170128163534356,1
1,1.5,1e-04,46,"invasive_child",0.6,0.259749825204853,1
1,1.5,1e-04,47,"ASC2_male",0,-2.93141216981093e-06,0
1,1.5,1e-04,47,"ASC2_age",0,-0.0604972116981233,1
1,1.5,1e-04,47,"ASC2_income",-0.7,-0.459905963329207,1
1,1.5,1e-04,47,"ASC2_child",0.9,0.603340943124356,1
1,1.5,1e-04,47,"ASC3_male",0,-0.0902428222967752,1
1,1.5,1e-04,47,"ASC3_age",1,0.656990288880402,1
1,1.5,1e-04,47,"ASC3_income",0,0.0468446430958909,1
1,1.5,1e-04,47,"ASC3_child",0,5.08316823065621e-07,0
1,1.5,1e-04,47,"prot25_male",1.2,0.719224561299119,1
1,1.5,1e-04,47,"prot25_age",1,0.704351866563483,1
1,1.5,1e-04,47,"prot25_income",0,1.85632148091687e-07,0
1,1.5,1e-04,47,"prot25_child",0.5,0.264222910668296,1
1,1.5,1e-04,47,"prot50_male",-0.1,0.00647397081063061,1
1,1.5,1e-04,47,"prot50_age",0,-1.71099560161789e-07,0
1,1.5,1e-04,47,"prot50_income",1,0.595289945961054,1
1,1.5,1e-04,47,"prot50_child",0,0.0147524202973161,1
1,1.5,1e-04,47,"invasive_male",0,-9.82341903092401e-10,0
1,1.5,1e-04,47,"invasive_age",0,-0.0320455528613452,1
1,1.5,1e-04,47,"invasive_income",-0.3,-0.0947745456673095,1
1,1.5,1e-04,47,"invasive_child",-0.9,-0.647696493767282,1
1,1.5,1e-04,48,"ASC2_male",0.3,0.0759652459129069,1
1,1.5,1e-04,48,"ASC2_age",0,7.60381957246167e-08,0
1,1.5,1e-04,48,"ASC2_income",-1.1,-0.714073578284995,1
1,1.5,1e-04,48,"ASC2_child",0,-0.0515744255800337,1
1,1.5,1e-04,48,"ASC3_male",0,-0.0353605626538049,1
1,1.5,1e-04,48,"ASC3_age",1,0.586282354126719,1
1,1.5,1e-04,48,"ASC3_income",0.7,0.381101107963218,1
1,1.5,1e-04,48,"ASC3_child",0.9,0.469129193306677,1
1,1.5,1e-04,48,"prot25_male",1,0.655451909374494,1
1,1.5,1e-04,48,"prot25_age",0,3.23695558940727e-08,0
1,1.5,1e-04,48,"prot25_income",0.2,0.0854067670145792,1
1,1.5,1e-04,48,"prot25_child",0,1.69331717603749e-06,0
1,1.5,1e-04,48,"prot50_male",-0.7,-0.159186469856228,1
1,1.5,1e-04,48,"prot50_age",0,-4.88199604966132e-09,0
1,1.5,1e-04,48,"prot50_income",0,-0.00461730364506502,1
1,1.5,1e-04,48,"prot50_child",0.1,0.126060513383654,1
1,1.5,1e-04,48,"invasive_male",0,5.15700526986662e-08,0
1,1.5,1e-04,48,"invasive_age",0,0.0223064643457476,1
1,1.5,1e-04,48,"invasive_income",0.6,0.294100283569747,1
1,1.5,1e-04,48,"invasive_child",0,-0.0132367466146073,1
1,1.5,1e-04,49,"ASC2_male",0,-1.03661818945684e-08,0
1,1.5,1e-04,49,"ASC2_age",0.6,0.279813764901745,1
1,1.5,1e-04,49,"ASC2_income",0,0.0261754409732086,1
1,1.5,1e-04,49,"ASC2_child",0.6,0.298315776335871,1
1,1.5,1e-04,49,"ASC3_male",0,-0.0577106207925555,1
1,1.5,1e-04,49,"ASC3_age",0.5,0.261376944146864,1
1,1.5,1e-04,49,"ASC3_income",-0.2,-0.186627172057578,1
1,1.5,1e-04,49,"ASC3_child",0,-0.17242460935416,1
1,1.5,1e-04,49,"prot25_male",1,0.599649108051638,1
1,1.5,1e-04,49,"prot25_age",0,0.0450877591237137,1
1,1.5,1e-04,49,"prot25_income",0.8,0.536655678657785,1
1,1.5,1e-04,49,"prot25_child",-1,-0.581708415917913,1
1,1.5,1e-04,49,"prot50_male",0,-0.0472542420642963,1
1,1.5,1e-04,49,"prot50_age",0.7,0.518663406553956,1
1,1.5,1e-04,49,"prot50_income",0,-0.0237682988455926,1
1,1.5,1e-04,49,"prot50_child",-1,-0.470584812594512,1
1,1.5,1e-04,49,"invasive_male",-0.2,-0.125412472377713,1
1,1.5,1e-04,49,"invasive_age",0,0.0152367833282479,1
1,1.5,1e-04,49,"invasive_income",0,-0.0153500328308362,1
1,1.5,1e-04,49,"invasive_child",0,-0.0693799020027032,1
1,1.5,1e-04,50,"ASC2_male",0,-0.0477567869431503,1
1,1.5,1e-04,50,"ASC2_age",0,-0.0504065093693382,1
1,1.5,1e-04,50,"ASC2_income",0.4,0.246888122094834,1
1,1.5,1e-04,50,"ASC2_child",0.1,-0.00827389075433443,1
1,1.5,1e-04,50,"ASC3_male",0,-0.0327642121769447,1
1,1.5,1e-04,50,"ASC3_age",0,-0.0299261241519055,1
1,1.5,1e-04,50,"ASC3_income",0,-0.060777847739784,1
1,1.5,1e-04,50,"ASC3_child",-0.2,-0.152320758268709,1
1,1.5,1e-04,50,"prot25_male",-0.4,-0.241851996465311,1
1,1.5,1e-04,50,"prot25_age",1.2,0.78592129855535,1
1,1.5,1e-04,50,"prot25_income",-0.6,-0.384000137380297,1
1,1.5,1e-04,50,"prot25_child",0,-0.034976195962919,1
1,1.5,1e-04,50,"prot50_male",1,0.669147118487728,1
1,1.5,1e-04,50,"prot50_age",-0.3,-0.123890023417198,1
1,1.5,1e-04,50,"prot50_income",0,-1.67716546734158e-06,0
1,1.5,1e-04,50,"prot50_child",0,0.0327848080516395,1
1,1.5,1e-04,50,"invasive_male",-1,-0.690628062266887,1
1,1.5,1e-04,50,"invasive_age",0.4,0.272358670621131,1
1,1.5,1e-04,50,"invasive_income",0,-0.0246038650451754,1
1,1.5,1e-04,50,"invasive_child",0,-0.00999273396935947,1
1,1.5,1e-04,51,"ASC2_male",1.1,0.574930245547043,1
1,1.5,1e-04,51,"ASC2_age",0,0.00773245844813278,1
1,1.5,1e-04,51,"ASC2_income",-0.5,-0.345078801032894,1
1,1.5,1e-04,51,"ASC2_child",0,-0.0603154905119629,1
1,1.5,1e-04,51,"ASC3_male",0,-0.130586294870034,1
1,1.5,1e-04,51,"ASC3_age",-1,-0.660131444972863,1
1,1.5,1e-04,51,"ASC3_income",-0.5,-0.325680139270165,1
1,1.5,1e-04,51,"ASC3_child",0,-3.81082299545353e-08,0
1,1.5,1e-04,51,"prot25_male",0,0.0466411497378667,1
1,1.5,1e-04,51,"prot25_age",-0.8,-0.517629437443357,1
1,1.5,1e-04,51,"prot25_income",0.9,0.598959077060897,1
1,1.5,1e-04,51,"prot25_child",0.8,0.653654948718269,1
1,1.5,1e-04,51,"prot50_male",-1,-0.586259771390676,1
1,1.5,1e-04,51,"prot50_age",0,-0.00871508908896351,1
1,1.5,1e-04,51,"prot50_income",0,0.0237946153379049,1
1,1.5,1e-04,51,"prot50_child",0,-0.0327101899295905,1
1,1.5,1e-04,51,"invasive_male",0.9,0.619955956538927,1
1,1.5,1e-04,51,"invasive_age",0,-0.0340752084093104,1
1,1.5,1e-04,51,"invasive_income",-0.4,-0.31369294437355,1
1,1.5,1e-04,51,"invasive_child",0,-0.00954671929553957,1
1,1.5,1e-04,52,"ASC2_male",0,-0.157985348068148,1
1,1.5,1e-04,52,"ASC2_age",0.8,0.527762459463235,1
1,1.5,1e-04,52,"ASC2_income",0,0.0850185353093016,1
1,1.5,1e-04,52,"ASC2_child",0,-1.01721516865663e-08,0
1,1.5,1e-04,52,"ASC3_male",1.1,0.557601652787834,1
1,1.5,1e-04,52,"ASC3_age",0,0.0433536508428435,1
1,1.5,1e-04,52,"ASC3_income",0.2,0.169908939857012,1
1,1.5,1e-04,52,"ASC3_child",0,0.03474030245685,1
1,1.5,1e-04,52,"prot25_male",-0.9,-0.409560465524966,1
1,1.5,1e-04,52,"prot25_age",1.1,0.678853921020477,1
1,1.5,1e-04,52,"prot25_income",0,-0.0321588436580603,1
1,1.5,1e-04,52,"prot25_child",-1.1,-0.716674418265439,1
1,1.5,1e-04,52,"prot50_male",0,0.263209337342345,1
1,1.5,1e-04,52,"prot50_age",0,4.93880597322789e-12,0
1,1.5,1e-04,52,"prot50_income",0.9,0.507943946339308,1
1,1.5,1e-04,52,"prot50_child",-0.2,1.11944282370158e-07,0
1,1.5,1e-04,52,"invasive_male",0.2,0.217254998305898,1
1,1.5,1e-04,52,"invasive_age",0,-0.0243675895629404,1
1,1.5,1e-04,52,"invasive_income",-0.9,-0.519135957759421,1
1,1.5,1e-04,52,"invasive_child",0,-0.0298740165362873,1
1,1.5,1e-04,53,"ASC2_male",0,-3.16626103685891e-09,0
1,1.5,1e-04,53,"ASC2_age",0,-0.106183613410625,1
1,1.5,1e-04,53,"ASC2_income",-0.7,-0.449785535095176,1
1,1.5,1e-04,53,"ASC2_child",0.7,0.341122668082019,1
1,1.5,1e-04,53,"ASC3_male",0,-0.0431707441081362,1
1,1.5,1e-04,53,"ASC3_age",-0.4,-0.336770756810044,1
1,1.5,1e-04,53,"ASC3_income",0,0.0656134164164566,1
1,1.5,1e-04,53,"ASC3_child",0,0.000402910010356298,1
1,1.5,1e-04,53,"prot25_male",-1.1,-0.754507546630043,1
1,1.5,1e-04,53,"prot25_age",-0.4,-0.158841521983418,1
1,1.5,1e-04,53,"prot25_income",0,-0.0611533083238235,1
1,1.5,1e-04,53,"prot25_child",0,0.00150878428827279,1
1,1.5,1e-04,53,"prot50_male",0,0.0614524047548025,1
1,1.5,1e-04,53,"prot50_age",0.4,0.321436680295067,1
1,1.5,1e-04,53,"prot50_income",0,-0.0304282891574235,1
1,1.5,1e-04,53,"prot50_child",0,-0.0110355789471882,1
1,1.5,1e-04,53,"invasive_male",-1.1,-0.57285900947678,1
1,1.5,1e-04,53,"invasive_age",0.4,0.142775935785034,1
1,1.5,1e-04,53,"invasive_income",-0.4,-0.294681502282305,1
1,1.5,1e-04,53,"invasive_child",0.5,0.25575251238034,1
1,1.5,1e-04,54,"ASC2_male",-1,-0.467808411731805,1
1,1.5,1e-04,54,"ASC2_age",0.5,0.314054302765111,1
1,1.5,1e-04,54,"ASC2_income",0,0.000300745942628334,1
1,1.5,1e-04,54,"ASC2_child",0.2,0.0803027715086669,1
1,1.5,1e-04,54,"ASC3_male",0.5,0.438491394878213,1
1,1.5,1e-04,54,"ASC3_age",-0.2,-0.109789159327435,1
1,1.5,1e-04,54,"ASC3_income",0,-0.00164978627596128,1
1,1.5,1e-04,54,"ASC3_child",0,0.0102695366145984,1
1,1.5,1e-04,54,"prot25_male",0,-0.00349377669736901,1
1,1.5,1e-04,54,"prot25_age",0,-0.00518898220228442,1
1,1.5,1e-04,54,"prot25_income",0.3,0.181748737804523,1
1,1.5,1e-04,54,"prot25_child",0,0.0419714260146317,1
1,1.5,1e-04,54,"prot50_male",0,0.0426151293923804,1
1,1.5,1e-04,54,"prot50_age",0.9,0.592110388235086,1
1,1.5,1e-04,54,"prot50_income",0,-0.00730668232698299,1
1,1.5,1e-04,54,"prot50_child",-0.4,-0.283399424771048,1
1,1.5,1e-04,54,"invasive_male",0,0.168230729185732,1
1,1.5,1e-04,54,"invasive_age",0.9,0.575432877022764,1
1,1.5,1e-04,54,"invasive_income",-0.4,-0.242246175535118,1
1,1.5,1e-04,54,"invasive_child",0,-0.0203417670131111,1
1,1.5,1e-04,55,"ASC2_male",0.9,0.559341985127989,1
1,1.5,1e-04,55,"ASC2_age",0,-0.0712106221426823,1
1,1.5,1e-04,55,"ASC2_income",0,2.04882402357916e-06,0
1,1.5,1e-04,55,"ASC2_child",0.9,0.517210425303009,1
1,1.5,1e-04,55,"ASC3_male",0,-3.18247372981773e-08,0
1,1.5,1e-04,55,"ASC3_age",0,-0.136955604488192,1
1,1.5,1e-04,55,"ASC3_income",0,0.081452075340718,1
1,1.5,1e-04,55,"ASC3_child",-1,-0.832385898448297,1
1,1.5,1e-04,55,"prot25_male",-0.9,-0.456880122684572,1
1,1.5,1e-04,55,"prot25_age",-0.6,-0.272880739894537,1
1,1.5,1e-04,55,"prot25_income",0,-0.0783482386231731,1
1,1.5,1e-04,55,"prot25_child",-0.3,0.0315208571027013,1
1,1.5,1e-04,55,"prot50_male",-0.9,-0.394849717171071,1
1,1.5,1e-04,55,"prot50_age",0,0.0255743031300595,1
1,1.5,1e-04,55,"prot50_income",1.1,0.62364633621758,1
1,1.5,1e-04,55,"prot50_child",0,0.149598516326266,1
1,1.5,1e-04,55,"invasive_male",0.8,0.512129849401723,1
1,1.5,1e-04,55,"invasive_age",-0.8,-0.552641901412963,1
1,1.5,1e-04,55,"invasive_income",0,-0.0678583589940758,1
1,1.5,1e-04,55,"invasive_child",0,0.0527867310882355,1
1,1.5,1e-04,56,"ASC2_male",0,-7.16125940815119e-09,0
1,1.5,1e-04,56,"ASC2_age",1.1,0.754330262755518,1
1,1.5,1e-04,56,"ASC2_income",0,0.00216985321058157,1
1,1.5,1e-04,56,"ASC2_child",0,0.116205599185237,1
1,1.5,1e-04,56,"ASC3_male",0,0.00625790691595472,1
1,1.5,1e-04,56,"ASC3_age",-1,-0.662109653185706,1
1,1.5,1e-04,56,"ASC3_income",0.8,0.485353970462912,1
1,1.5,1e-04,56,"ASC3_child",0,-1.6259883068458e-08,0
1,1.5,1e-04,56,"prot25_male",0,-3.23787108455658e-08,0
1,1.5,1e-04,56,"prot25_age",0.9,0.552124516136043,1
1,1.5,1e-04,56,"prot25_income",0,-0.0206117762779824,1
1,1.5,1e-04,56,"prot25_child",0,0.0611050724113343,1
1,1.5,1e-04,56,"prot50_male",0.5,0.336987935314025,1
1,1.5,1e-04,56,"prot50_age",0,-0.0394233597432731,1
1,1.5,1e-04,56,"prot50_income",-0.8,-0.570485194783643,1
1,1.5,1e-04,56,"prot50_child",-0.4,-0.170279416911325,1
1,1.5,1e-04,56,"invasive_male",0,-0.0279037672452111,1
1,1.5,1e-04,56,"invasive_age",0.7,0.452974338100053,1
1,1.5,1e-04,56,"invasive_income",1.1,0.713441399997358,1
1,1.5,1e-04,56,"invasive_child",0.3,0.23655937343695,1
1,1.5,1e-04,57,"ASC2_male",0,-0.111234684394393,1
1,1.5,1e-04,57,"ASC2_age",0,-0.0614090912071734,1
1,1.5,1e-04,57,"ASC2_income",1,0.744662681737128,1
1,1.5,1e-04,57,"ASC2_child",1.1,0.627129716970781,1
1,1.5,1e-04,57,"ASC3_male",0,0.035288107267051,1
1,1.5,1e-04,57,"ASC3_age",0.9,0.5766758638938,1
1,1.5,1e-04,57,"ASC3_income",0,0.0651763051321938,1
1,1.5,1e-04,57,"ASC3_child",0,-0.0497714956021898,1
1,1.5,1e-04,57,"prot25_male",0.1,0.134744949289563,1
1,1.5,1e-04,57,"prot25_age",0,0.0173426243358748,1
1,1.5,1e-04,57,"prot25_income",0,-0.0272738931969041,1
1,1.5,1e-04,57,"prot25_child",-0.4,-0.216860193149511,1
1,1.5,1e-04,57,"prot50_male",1,0.682841067642568,1
1,1.5,1e-04,57,"prot50_age",-0.9,-0.542892695368865,1
1,1.5,1e-04,57,"prot50_income",0,0.0115240161920554,1
1,1.5,1e-04,57,"prot50_child",-0.2,-0.0676390190034382,1
1,1.5,1e-04,57,"invasive_male",-0.4,-0.150172421367277,1
1,1.5,1e-04,57,"invasive_age",1,0.643369803426219,1
1,1.5,1e-04,57,"invasive_income",0,0.0334712737219673,1
1,1.5,1e-04,57,"invasive_child",0,-2.55122534239684e-09,0
1,1.5,1e-04,58,"ASC2_male",0,-3.66001499298803e-08,0
1,1.5,1e-04,58,"ASC2_age",-0.4,-0.234450765665995,1
1,1.5,1e-04,58,"ASC2_income",1.1,0.696522370371815,1
1,1.5,1e-04,58,"ASC2_child",0.4,0.196710609449277,1
1,1.5,1e-04,58,"ASC3_male",0,-3.29013163159199e-09,0
1,1.5,1e-04,58,"ASC3_age",-0.6,-0.305099135473443,1
1,1.5,1e-04,58,"ASC3_income",0,0.0670662766170576,1
1,1.5,1e-04,58,"ASC3_child",0,-0.0226806695687155,1
1,1.5,1e-04,58,"prot25_male",0.2,0.0241419242703791,1
1,1.5,1e-04,58,"prot25_age",0,0.0411656229670794,1
1,1.5,1e-04,58,"prot25_income",0,0.0357442668822647,1
1,1.5,1e-04,58,"prot25_child",-0.4,-0.12985141558275,1
1,1.5,1e-04,58,"prot50_male",0.6,0.243621692067067,1
1,1.5,1e-04,58,"prot50_age",0,-0.0254584620055339,1
1,1.5,1e-04,58,"prot50_income",0,-2.81832490816623e-09,0
1,1.5,1e-04,58,"prot50_child",-0.7,-0.247654549586693,1
1,1.5,1e-04,58,"invasive_male",-1,-0.624773859060708,1
1,1.5,1e-04,58,"invasive_age",0.8,0.519570033303976,1
1,1.5,1e-04,58,"invasive_income",0,0.0619626234922521,1
1,1.5,1e-04,58,"invasive_child",0,2.311901222724e-09,0
1,1.5,1e-04,59,"ASC2_male",1.2,0.747142166984133,1
1,1.5,1e-04,59,"ASC2_age",1.1,0.657880857924947,1
1,1.5,1e-04,59,"ASC2_income",0,-4.61664492470523e-09,0
1,1.5,1e-04,59,"ASC2_child",0.2,0.0312745675643615,1
1,1.5,1e-04,59,"ASC3_male",0,1.67138728399743e-08,0
1,1.5,1e-04,59,"ASC3_age",1,0.61648357513895,1
1,1.5,1e-04,59,"ASC3_income",0,0.0310259416744489,1
1,1.5,1e-04,59,"ASC3_child",0,-0.0545869429222634,1
1,1.5,1e-04,59,"prot25_male",0.3,0.133630595515161,1
1,1.5,1e-04,59,"prot25_age",0,0.0730206200190505,1
1,1.5,1e-04,59,"prot25_income",0.4,0.201179412271293,1
1,1.5,1e-04,59,"prot25_child",0.3,0.208066389854927,1
1,1.5,1e-04,59,"prot50_male",0,2.18477350393194e-09,0
1,1.5,1e-04,59,"prot50_age",0,0.0190294874341907,1
1,1.5,1e-04,59,"prot50_income",1,0.578718420528616,1
1,1.5,1e-04,59,"prot50_child",0.9,0.575092867492655,1
1,1.5,1e-04,59,"invasive_male",0,-2.22785086263287e-09,0
1,1.5,1e-04,59,"invasive_age",0,-1.88023761464619e-09,0
1,1.5,1e-04,59,"invasive_income",0,-0.0376662282872254,1
1,1.5,1e-04,59,"invasive_child",-0.6,-0.409841072386119,1
1,1.5,1e-04,60,"ASC2_male",-1,-0.608417369585977,1
1,1.5,1e-04,60,"ASC2_age",-0.1,0.0335304115690487,1
1,1.5,1e-04,60,"ASC2_income",0,0.0542552859326441,1
1,1.5,1e-04,60,"ASC2_child",-0.4,-0.170024950604134,1
1,1.5,1e-04,60,"ASC3_male",-1.1,-0.570355108536296,1
1,1.5,1e-04,60,"ASC3_age",0,0.0572062312806538,1
1,1.5,1e-04,60,"ASC3_income",0,0.0284248487494442,1
1,1.5,1e-04,60,"ASC3_child",1.2,0.859829094343597,1
1,1.5,1e-04,60,"prot25_male",-1.1,-0.731268281414637,1
1,1.5,1e-04,60,"prot25_age",-0.8,-0.548607514072778,1
1,1.5,1e-04,60,"prot25_income",0,-0.0525881703829261,1
1,1.5,1e-04,60,"prot25_child",0,-0.208828375802437,1
1,1.5,1e-04,60,"prot50_male",-0.4,-0.298942440397241,1
1,1.5,1e-04,60,"prot50_age",0,-0.0166291539065587,1
1,1.5,1e-04,60,"prot50_income",0,-0.044516335560238,1
1,1.5,1e-04,60,"prot50_child",0,-0.144455636515147,1
1,1.5,1e-04,60,"invasive_male",1.1,0.754752669168306,1
1,1.5,1e-04,60,"invasive_age",0,0.0835574167873629,1
1,1.5,1e-04,60,"invasive_income",0,0.0458539041694875,1
1,1.5,1e-04,60,"invasive_child",-0.4,-0.270669242313107,1
1,1.5,1e-04,61,"ASC2_male",-0.6,-0.56811057553308,1
1,1.5,1e-04,61,"ASC2_age",0,0.0141531264519335,1
1,1.5,1e-04,61,"ASC2_income",0.3,0.205631853430381,1
1,1.5,1e-04,61,"ASC2_child",0.8,0.36002516672728,1
1,1.5,1e-04,61,"ASC3_male",0.5,0.11027202249903,1
1,1.5,1e-04,61,"ASC3_age",0,-1.35785327624899e-07,0
1,1.5,1e-04,61,"ASC3_income",0,6.14916480726935e-09,0
1,1.5,1e-04,61,"ASC3_child",0,-0.129098082000269,1
1,1.5,1e-04,61,"prot25_male",0,0.0448623792446918,1
1,1.5,1e-04,61,"prot25_age",-0.6,-0.38222736611259,1
1,1.5,1e-04,61,"prot25_income",0,0.019163013293729,1
1,1.5,1e-04,61,"prot25_child",0,-9.2234267889795e-07,0
1,1.5,1e-04,61,"prot50_male",0,-3.01672035081862e-09,0
1,1.5,1e-04,61,"prot50_age",-0.4,-0.245894646078678,1
1,1.5,1e-04,61,"prot50_income",0,0.0224838013222125,1
1,1.5,1e-04,61,"prot50_child",-0.7,-0.469836976930012,1
1,1.5,1e-04,61,"invasive_male",0,-0.141091259442225,1
1,1.5,1e-04,61,"invasive_age",1.1,0.66845580858816,1
1,1.5,1e-04,61,"invasive_income",1,0.617754232270623,1
1,1.5,1e-04,61,"invasive_child",0.5,0.328402145223572,1
1,1.5,1e-04,62,"ASC2_male",0,-0.166782863965874,1
1,1.5,1e-04,62,"ASC2_age",-1,-0.641236395296957,1
1,1.5,1e-04,62,"ASC2_income",-0.6,-0.311770836616746,1
1,1.5,1e-04,62,"ASC2_child",0,-1.02000877415615e-09,0
1,1.5,1e-04,62,"ASC3_male",0,-0.175130727174244,1
1,1.5,1e-04,62,"ASC3_age",0,0.0234221163609143,1
1,1.5,1e-04,62,"ASC3_income",0.3,0.234239636180704,1
1,1.5,1e-04,62,"ASC3_child",-0.1,-0.0441388246508326,1
1,1.5,1e-04,62,"prot25_male",0,0.0779082352985099,1
1,1.5,1e-04,62,"prot25_age",-0.9,-0.608307845647513,1
1,1.5,1e-04,62,"prot25_income",0.5,0.220869853817063,1
1,1.5,1e-04,62,"prot25_child",0.5,0.271452963240434,1
1,1.5,1e-04,62,"prot50_male",-0.8,-0.521482928708925,1
1,1.5,1e-04,62,"prot50_age",0,-0.113258730825412,1
1,1.5,1e-04,62,"prot50_income",0,-0.0207457953125581,1
1,1.5,1e-04,62,"prot50_child",1.2,0.690333898687793,1
1,1.5,1e-04,62,"invasive_male",0.3,8.3289764548532e-06,0
1,1.5,1e-04,62,"invasive_age",0,-0.0426150510774615,1
1,1.5,1e-04,62,"invasive_income",0,0.0696043248702203,1
1,1.5,1e-04,62,"invasive_child",0,0.00842201898948669,1
1,1.5,1e-04,63,"ASC2_male",0.9,0.303891776806526,1
1,1.5,1e-04,63,"ASC2_age",-0.1,0.0988767602360175,1
1,1.5,1e-04,63,"ASC2_income",0,-5.05981977092018e-08,0
1,1.5,1e-04,63,"ASC2_child",0.1,1.77218312894625e-07,0
1,1.5,1e-04,63,"ASC3_male",0.4,1.81654496574276e-06,0
1,1.5,1e-04,63,"ASC3_age",-0.7,-0.312673099679786,1
1,1.5,1e-04,63,"ASC3_income",0,-1.30999474893979e-08,0
1,1.5,1e-04,63,"ASC3_child",0,5.5623532290847e-07,0
1,1.5,1e-04,63,"prot25_male",0,0.0900357650940174,1
1,1.5,1e-04,63,"prot25_age",0,-0.0528102931287772,1
1,1.5,1e-04,63,"prot25_income",-0.2,-0.126991132333931,1
1,1.5,1e-04,63,"prot25_child",0,-3.73616484318716e-11,0
1,1.5,1e-04,63,"prot50_male",0,0.00220015290080281,1
1,1.5,1e-04,63,"prot50_age",1,0.610273618140549,1
1,1.5,1e-04,63,"prot50_income",0,-1.80796029141625e-08,0
1,1.5,1e-04,63,"prot50_child",-0.2,2.53395489759616e-07,0
1,1.5,1e-04,63,"invasive_male",0,-0.0790720238948062,1
1,1.5,1e-04,63,"invasive_age",-0.5,-0.242204495108051,1
1,1.5,1e-04,63,"invasive_income",0,-1.747496861192e-07,0
1,1.5,1e-04,63,"invasive_child",-0.6,-0.361943618122205,1
1,1.5,1e-04,64,"ASC2_male",0,-0.00125029021929786,1
1,1.5,1e-04,64,"ASC2_age",0,-7.52373701794113e-09,0
1,1.5,1e-04,64,"ASC2_income",1.1,0.636020307741665,1
1,1.5,1e-04,64,"ASC2_child",0.5,0.264248884233789,1
1,1.5,1e-04,64,"ASC3_male",0,-2.57234456317869e-07,0
1,1.5,1e-04,64,"ASC3_age",0,-1.62758596565171e-07,0
1,1.5,1e-04,64,"ASC3_income",1.1,0.579337888739212,1
1,1.5,1e-04,64,"ASC3_child",0,-6.37980982181415e-09,0
1,1.5,1e-04,64,"prot25_male",0,-1.12785801527212e-08,0
1,1.5,1e-04,64,"prot25_age",-1.1,-0.720297199836639,1
1,1.5,1e-04,64,"prot25_income",-0.7,-0.401908827304603,1
1,1.5,1e-04,64,"prot25_child",-0.8,-0.443053595976547,1
1,1.5,1e-04,64,"prot50_male",0,-6.86913066621787e-09,0
1,1.5,1e-04,64,"prot50_age",0.9,0.53183559685927,1
1,1.5,1e-04,64,"prot50_income",-0.5,-0.253624359042224,1
1,1.5,1e-04,64,"prot50_child",0,0.0687856717039074,1
1,1.5,1e-04,64,"invasive_male",0,0.118400512908445,1
1,1.5,1e-04,64,"invasive_age",-1.1,-0.699954339386453,1
1,1.5,1e-04,64,"invasive_income",0.3,0.133045605728769,1
1,1.5,1e-04,64,"invasive_child",0,-0.00470873049500884,1
1,1.5,1e-04,65,"ASC2_male",0,-5.11173156676262e-05,0
1,1.5,1e-04,65,"ASC2_age",0,-0.0436607566681611,1
1,1.5,1e-04,65,"ASC2_income",-0.7,-0.398489941324116,1
1,1.5,1e-04,65,"ASC2_child",0,-8.53134640258709e-09,0
1,1.5,1e-04,65,"ASC3_male",0,-0.0575211061082267,1
1,1.5,1e-04,65,"ASC3_age",-0.9,-0.604168920035362,1
1,1.5,1e-04,65,"ASC3_income",0,0.0386726458689303,1
1,1.5,1e-04,65,"ASC3_child",0,-0.137385392278371,1
1,1.5,1e-04,65,"prot25_male",0.1,0.0934066979587453,1
1,1.5,1e-04,65,"prot25_age",-0.8,-0.423951596777525,1
1,1.5,1e-04,65,"prot25_income",0.9,0.508204276933666,1
1,1.5,1e-04,65,"prot25_child",0,0.111399942049404,1
1,1.5,1e-04,65,"prot50_male",0.8,0.577866512982787,1
1,1.5,1e-04,65,"prot50_age",1.1,0.762973898735253,1
1,1.5,1e-04,65,"prot50_income",-1,-0.725490082765839,1
1,1.5,1e-04,65,"prot50_child",-1.2,-0.55199170812625,1
1,1.5,1e-04,65,"invasive_male",0,-0.0358137476008459,1
1,1.5,1e-04,65,"invasive_age",0,0.0223739354370556,1
1,1.5,1e-04,65,"invasive_income",-1,-0.623862124981596,1
1,1.5,1e-04,65,"invasive_child",0,0.0318922717818682,1
1,1.5,1e-04,66,"ASC2_male",0.9,0.583881965455544,1
1,1.5,1e-04,66,"ASC2_age",0.9,0.667889492587538,1
1,1.5,1e-04,66,"ASC2_income",0,0.068705965722365,1
1,1.5,1e-04,66,"ASC2_child",0,0.204758517342896,1
1,1.5,1e-04,66,"ASC3_male",-0.6,-0.577236240168099,1
1,1.5,1e-04,66,"ASC3_age",0,0.0767112751976296,1
1,1.5,1e-04,66,"ASC3_income",-1.2,-0.779018809514763,1
1,1.5,1e-04,66,"ASC3_child",0,0.10145225721037,1
1,1.5,1e-04,66,"prot25_male",0,0.0259965697009841,1
1,1.5,1e-04,66,"prot25_age",-0.4,-0.33100354651078,1
1,1.5,1e-04,66,"prot25_income",-0.4,-0.390419757714651,1
1,1.5,1e-04,66,"prot25_child",0,-0.207507558051414,1
1,1.5,1e-04,66,"prot50_male",0,0.118306438944664,1
1,1.5,1e-04,66,"prot50_age",0,-0.0834408941819207,1
1,1.5,1e-04,66,"prot50_income",0.2,0.0797115667639891,1
1,1.5,1e-04,66,"prot50_child",-0.7,-0.735375471757842,1
1,1.5,1e-04,66,"invasive_male",0.5,0.21649715696817,1
1,1.5,1e-04,66,"invasive_age",0.9,0.629274139168328,1
1,1.5,1e-04,66,"invasive_income",0,-0.0268079433708346,1
1,1.5,1e-04,66,"invasive_child",0,-0.100497855231849,1
1,1.5,1e-04,67,"ASC2_male",0,2.27316102378964e-08,0
1,1.5,1e-04,67,"ASC2_age",-1.1,-0.759605638370598,1
1,1.5,1e-04,67,"ASC2_income",0.6,0.41465924480436,1
1,1.5,1e-04,67,"ASC2_child",0.3,0.136145475765092,1
1,1.5,1e-04,67,"ASC3_male",0,-0.0327030546462496,1
1,1.5,1e-04,67,"ASC3_age",0,-0.0361640692771521,1
1,1.5,1e-04,67,"ASC3_income",0.7,0.426939695320085,1
1,1.5,1e-04,67,"ASC3_child",0,-0.00432170494899443,1
1,1.5,1e-04,67,"prot25_male",0.9,0.634326920626409,1
1,1.5,1e-04,67,"prot25_age",0.5,0.344461011603842,1
1,1.5,1e-04,67,"prot25_income",-0.8,-0.61971284783455,1
1,1.5,1e-04,67,"prot25_child",0,0.0907883738543841,1
1,1.5,1e-04,67,"prot50_male",-0.7,-0.436775491520668,1
1,1.5,1e-04,67,"prot50_age",0,0.0378320546228831,1
1,1.5,1e-04,67,"prot50_income",-0.2,-0.14488570330453,1
1,1.5,1e-04,67,"prot50_child",0,-8.67124166121117e-08,0
1,1.5,1e-04,67,"invasive_male",0,-3.01523710004747e-08,0
1,1.5,1e-04,67,"invasive_age",0,-0.0196296784419702,1
1,1.5,1e-04,67,"invasive_income",0,0.0370175246217262,1
1,1.5,1e-04,67,"invasive_child",0.9,0.482074941496225,1
1,1.5,1e-04,68,"ASC2_male",0.3,0.0434036056552663,1
1,1.5,1e-04,68,"ASC2_age",0.9,0.500143270756292,1
1,1.5,1e-04,68,"ASC2_income",-1,-0.642700613947428,1
1,1.5,1e-04,68,"ASC2_child",0.1,8.79707663373007e-07,0
1,1.5,1e-04,68,"ASC3_male",0,-3.57980458724861e-08,0
1,1.5,1e-04,68,"ASC3_age",0.7,0.335015912098581,1
1,1.5,1e-04,68,"ASC3_income",0,-7.02564971415674e-09,0
1,1.5,1e-04,68,"ASC3_child",-0.4,-0.323501924001697,1
1,1.5,1e-04,68,"prot25_male",0,0.0999653651926425,1
1,1.5,1e-04,68,"prot25_age",0,0.0457126362101094,1
1,1.5,1e-04,68,"prot25_income",0,-4.33852235706085e-08,0
1,1.5,1e-04,68,"prot25_child",-0.6,-0.224881081929985,1
1,1.5,1e-04,68,"prot50_male",0,0.0877571612276673,1
1,1.5,1e-04,68,"prot50_age",0.1,0.0117622711676801,1
1,1.5,1e-04,68,"prot50_income",0,-4.48656445225765e-08,0
1,1.5,1e-04,68,"prot50_child",0,4.25311734090212e-07,0
1,1.5,1e-04,68,"invasive_male",0,-0.0771636886947379,1
1,1.5,1e-04,68,"invasive_age",0,-0.148917994163983,1
1,1.5,1e-04,68,"invasive_income",0.5,0.362638712327122,1
1,1.5,1e-04,68,"invasive_child",0.3,0.0833210548286256,1
1,1.5,1e-04,69,"ASC2_male",0,-0.126384178772549,1
1,1.5,1e-04,69,"ASC2_age",0,-0.0958931320884072,1
1,1.5,1e-04,69,"ASC2_income",-0.9,-0.487211651399809,1
1,1.5,1e-04,69,"ASC2_child",0,6.60800847462254e-08,0
1,1.5,1e-04,69,"ASC3_male",0.8,0.344971389804581,1
1,1.5,1e-04,69,"ASC3_age",0,-0.0999792308413401,1
1,1.5,1e-04,69,"ASC3_income",0,-6.61454507266614e-09,0
1,1.5,1e-04,69,"ASC3_child",0,-1.89829371419965e-08,0
1,1.5,1e-04,69,"prot25_male",-0.4,-0.116293985021589,1
1,1.5,1e-04,69,"prot25_age",-0.8,-0.505632939621417,1
1,1.5,1e-04,69,"prot25_income",0,-0.0305393482315547,1
1,1.5,1e-04,69,"prot25_child",1.2,0.761044071465802,1
1,1.5,1e-04,69,"prot50_male",0,0.0438499979922443,1
1,1.5,1e-04,69,"prot50_age",-0.7,-0.472027689463724,1
1,1.5,1e-04,69,"prot50_income",0,-7.53615019604309e-09,0
1,1.5,1e-04,69,"prot50_child",-0.6,-0.333056168702159,1
1,1.5,1e-04,69,"invasive_male",-1.1,-0.675418067023756,1
1,1.5,1e-04,69,"invasive_age",0.5,0.268300356416971,1
1,1.5,1e-04,69,"invasive_income",-0.9,-0.550985296783507,1
1,1.5,1e-04,69,"invasive_child",0,-1.04735631148045e-08,0
1,1.5,1e-04,70,"ASC2_male",0,-0.0990183363959668,1
1,1.5,1e-04,70,"ASC2_age",-1,-0.696665662463597,1
1,1.5,1e-04,70,"ASC2_income",1.2,0.619599261096493,1
1,1.5,1e-04,70,"ASC2_child",0.3,0.115570767975256,1
1,1.5,1e-04,70,"ASC3_male",0,2.35702487385172e-08,0
1,1.5,1e-04,70,"ASC3_age",-0.9,-0.627825248164885,1
1,1.5,1e-04,70,"ASC3_income",0,-0.209113221399446,1
1,1.5,1e-04,70,"ASC3_child",0,-0.108944158291701,1
1,1.5,1e-04,70,"prot25_male",0,0.0948887457076552,1
1,1.5,1e-04,70,"prot25_age",0.2,0.201960319106757,1
1,1.5,1e-04,70,"prot25_income",0,0.10781573350864,1
1,1.5,1e-04,70,"prot25_child",-0.7,-0.28614716768761,1
1,1.5,1e-04,70,"prot50_male",0,-0.0282888885345502,1
1,1.5,1e-04,70,"prot50_age",0,0.0299393130819087,1
1,1.5,1e-04,70,"prot50_income",-0.7,-0.371744135374773,1
1,1.5,1e-04,70,"prot50_child",0,-7.20920093602615e-09,0
1,1.5,1e-04,70,"invasive_male",-0.3,-0.249042207692478,1
1,1.5,1e-04,70,"invasive_age",0,-3.42726735281567e-10,0
1,1.5,1e-04,70,"invasive_income",-0.7,-0.503475244353508,1
1,1.5,1e-04,70,"invasive_child",-0.6,-0.600203671358826,1
1,1.5,1e-04,71,"ASC2_male",-1.1,-0.673827171457405,1
1,1.5,1e-04,71,"ASC2_age",0,0.00639265189865916,1
1,1.5,1e-04,71,"ASC2_income",0,-0.0407574004142331,1
1,1.5,1e-04,71,"ASC2_child",-0.4,-0.306588023037196,1
1,1.5,1e-04,71,"ASC3_male",0,-0.0428354944858027,1
1,1.5,1e-04,71,"ASC3_age",0,-3.0895439604299e-08,0
1,1.5,1e-04,71,"ASC3_income",-0.5,-0.319834204703819,1
1,1.5,1e-04,71,"ASC3_child",-0.6,-0.44593508690931,1
1,1.5,1e-04,71,"prot25_male",0,-8.54079639621096e-08,0
1,1.5,1e-04,71,"prot25_age",0,-0.0362359288646889,1
1,1.5,1e-04,71,"prot25_income",0,-0.0299946133496688,1
1,1.5,1e-04,71,"prot25_child",0.2,0.0173566207197141,1
1,1.5,1e-04,71,"prot50_male",-0.5,-0.416969650855094,1
1,1.5,1e-04,71,"prot50_age",0.2,0.216505626407169,1
1,1.5,1e-04,71,"prot50_income",-1.1,-0.769331244549164,1
1,1.5,1e-04,71,"prot50_child",0,0.00404823918515366,1
1,1.5,1e-04,71,"invasive_male",0.9,0.431714034759516,1
1,1.5,1e-04,71,"invasive_age",1.2,0.843115359381943,1
1,1.5,1e-04,71,"invasive_income",0,-0.0974163897445831,1
1,1.5,1e-04,71,"invasive_child",0,1.05214401271838e-08,0
1,1.5,1e-04,72,"ASC2_male",0,-4.51560063067053e-08,0
1,1.5,1e-04,72,"ASC2_age",0,-0.0592821087820603,1
1,1.5,1e-04,72,"ASC2_income",0.2,0.0674550558107555,1
1,1.5,1e-04,72,"ASC2_child",0.1,0.0638309895482527,1
1,1.5,1e-04,72,"ASC3_male",0,-0.0764462986085992,1
1,1.5,1e-04,72,"ASC3_age",0.7,0.437391575577581,1
1,1.5,1e-04,72,"ASC3_income",0,-0.0286388541525424,1
1,1.5,1e-04,72,"ASC3_child",0,0.0511356329595528,1
1,1.5,1e-04,72,"prot25_male",-0.2,-8.39018858752357e-09,0
1,1.5,1e-04,72,"prot25_age",-1.1,-0.735813391216933,1
1,1.5,1e-04,72,"prot25_income",0,-2.17233870538217e-08,0
1,1.5,1e-04,72,"prot25_child",0,6.31989047289577e-11,0
1,1.5,1e-04,72,"prot50_male",0.5,0.297631772494343,1
1,1.5,1e-04,72,"prot50_age",0,-0.0258345861958316,1
1,1.5,1e-04,72,"prot50_income",0,0.000666367925605826,1
1,1.5,1e-04,72,"prot50_child",0.1,0.133447107338406,1
1,1.5,1e-04,72,"invasive_male",0,-0.153745360161006,1
1,1.5,1e-04,72,"invasive_age",0.3,0.182037628878894,1
1,1.5,1e-04,72,"invasive_income",0.4,0.302973644108467,1
1,1.5,1e-04,72,"invasive_child",-0.4,-0.288156393584665,1
1,1.5,1e-04,73,"ASC2_male",0,-6.49832255202816e-09,0
1,1.5,1e-04,73,"ASC2_age",0,0.230370757795325,1
1,1.5,1e-04,73,"ASC2_income",0,-1.27239870101601e-12,0
1,1.5,1e-04,73,"ASC2_child",0.9,0.529946961950948,1
1,1.5,1e-04,73,"ASC3_male",0,-1.70056981822055e-08,0
1,1.5,1e-04,73,"ASC3_age",-0.7,-0.219353449037003,1
1,1.5,1e-04,73,"ASC3_income",0,1.28171012038682e-06,0
1,1.5,1e-04,73,"ASC3_child",0,-3.4795312765683e-09,0
1,1.5,1e-04,73,"prot25_male",-0.5,-0.281169858228835,1
1,1.5,1e-04,73,"prot25_age",1,0.458132816450756,1
1,1.5,1e-04,73,"prot25_income",0,-0.00127271447111465,1
1,1.5,1e-04,73,"prot25_child",0,-9.20906692978373e-09,0
1,1.5,1e-04,73,"prot50_male",0.6,0.342920150459408,1
1,1.5,1e-04,73,"prot50_age",0.8,0.396433923653014,1
1,1.5,1e-04,73,"prot50_income",1.2,0.781292367652964,1
1,1.5,1e-04,73,"prot50_child",0.9,0.553664799440508,1
1,1.5,1e-04,73,"invasive_male",0,-7.79907412072722e-08,0
1,1.5,1e-04,73,"invasive_age",-1.2,-0.688945925502921,1
1,1.5,1e-04,73,"invasive_income",0,-5.85201085901038e-09,0
1,1.5,1e-04,73,"invasive_child",1.1,0.628157028997219,1
1,1.5,1e-04,74,"ASC2_male",0,0.118533391114333,1
1,1.5,1e-04,74,"ASC2_age",0,0.0606170157389974,1
1,1.5,1e-04,74,"ASC2_income",-0.5,-0.353427908548135,1
1,1.5,1e-04,74,"ASC2_child",0,-0.0661033070602321,1
1,1.5,1e-04,74,"ASC3_male",0.2,0.314733621489438,1
1,1.5,1e-04,74,"ASC3_age",0,0.0299898234715246,1
1,1.5,1e-04,74,"ASC3_income",1,0.692384197271929,1
1,1.5,1e-04,74,"ASC3_child",-0.8,-0.684573154051159,1
1,1.5,1e-04,74,"prot25_male",-1.1,-0.821081915039365,1
1,1.5,1e-04,74,"prot25_age",-0.7,-0.447003232697795,1
1,1.5,1e-04,74,"prot25_income",0.8,0.49877183714337,1
1,1.5,1e-04,74,"prot25_child",0,-1.38089934438127e-09,0
1,1.5,1e-04,74,"prot50_male",0.5,0.35789282579373,1
1,1.5,1e-04,74,"prot50_age",0,0.00889111403357226,1
1,1.5,1e-04,74,"prot50_income",-0.2,-0.268684029221655,1
1,1.5,1e-04,74,"prot50_child",0,0.136032853538499,1
1,1.5,1e-04,74,"invasive_male",0,-0.0544883781790256,1
1,1.5,1e-04,74,"invasive_age",0,0.0727831502669804,1
1,1.5,1e-04,74,"invasive_income",0,-0.00267153796127734,1
1,1.5,1e-04,74,"invasive_child",1.1,0.660017866854594,1
1,1.5,1e-04,75,"ASC2_male",0,-0.0643153462616496,1
1,1.5,1e-04,75,"ASC2_age",0,-0.0100599578505985,1
1,1.5,1e-04,75,"ASC2_income",-0.1,-0.0148516341868225,1
1,1.5,1e-04,75,"ASC2_child",0,-8.83130065304814e-09,0
1,1.5,1e-04,75,"ASC3_male",0,0.00568772309888334,1
1,1.5,1e-04,75,"ASC3_age",-0.8,-0.52319320535673,1
1,1.5,1e-04,75,"ASC3_income",0,-3.03643664445454e-08,0
1,1.5,1e-04,75,"ASC3_child",0.3,0.160442199970995,1
1,1.5,1e-04,75,"prot25_male",0,0.0242599609821219,1
1,1.5,1e-04,75,"prot25_age",0,-1.03464603233923e-08,0
1,1.5,1e-04,75,"prot25_income",-0.5,-0.320351887433341,1
1,1.5,1e-04,75,"prot25_child",0.6,0.279570960184472,1
1,1.5,1e-04,75,"prot50_male",0,0.0864350038183245,1
1,1.5,1e-04,75,"prot50_age",0,0.00308297438852247,1
1,1.5,1e-04,75,"prot50_income",-0.5,-0.345036820212705,1
1,1.5,1e-04,75,"prot50_child",0,-4.4266309585704e-10,0
1,1.5,1e-04,75,"invasive_male",-0.9,-0.655483609228388,1
1,1.5,1e-04,75,"invasive_age",-0.1,-0.126121955295744,1
1,1.5,1e-04,75,"invasive_income",1.1,0.773719141332869,1
1,1.5,1e-04,75,"invasive_child",0.1,0.0143110458462397,1
1,1.5,1e-04,76,"ASC2_male",0,-0.194847249722395,1
1,1.5,1e-04,76,"ASC2_age",-0.8,-0.503145364067226,1
1,1.5,1e-04,76,"ASC2_income",-0.8,-0.443611226870546,1
1,1.5,1e-04,76,"ASC2_child",0,-0.00304480650187496,1
1,1.5,1e-04,76,"ASC3_male",1,0.345414762738722,1
1,1.5,1e-04,76,"ASC3_age",0.2,0.134995937719156,1
1,1.5,1e-04,76,"ASC3_income",0.7,0.485162456180064,1
1,1.5,1e-04,76,"ASC3_child",0,0.0231576580252014,1
1,1.5,1e-04,76,"prot25_male",1,0.872991227013528,1
1,1.5,1e-04,76,"prot25_age",-0.4,-0.23782942861599,1
1,1.5,1e-04,76,"prot25_income",0,-7.57209761306467e-09,0
1,1.5,1e-04,76,"prot25_child",0,-0.010366300512049,1
1,1.5,1e-04,76,"prot50_male",-1.1,-0.41999167304433,1
1,1.5,1e-04,76,"prot50_age",0,-2.08881788986442e-09,0
1,1.5,1e-04,76,"prot50_income",0,-6.43650837245529e-09,0
1,1.5,1e-04,76,"prot50_child",0,-2.12216338119019e-09,0
1,1.5,1e-04,76,"invasive_male",0.5,0.273099271019258,1
1,1.5,1e-04,76,"invasive_age",0,-6.07051923309825e-10,0
1,1.5,1e-04,76,"invasive_income",0,-4.46975299127571e-09,0
1,1.5,1e-04,76,"invasive_child",-1.2,-0.598998859799487,1
1,1.5,1e-04,77,"ASC2_male",0.4,0.19207156157274,1
1,1.5,1e-04,77,"ASC2_age",0,0.0745206844654848,1
1,1.5,1e-04,77,"ASC2_income",0,0.0876338098744888,1
1,1.5,1e-04,77,"ASC2_child",-1.1,-0.763459049130817,1
1,1.5,1e-04,77,"ASC3_male",0,-0.185861557500264,1
1,1.5,1e-04,77,"ASC3_age",0,0.0876752606126222,1
1,1.5,1e-04,77,"ASC3_income",-1.1,-0.642811807765002,1
1,1.5,1e-04,77,"ASC3_child",0.7,0.452585230139394,1
1,1.5,1e-04,77,"prot25_male",-0.1,-3.91728413612222e-08,0
1,1.5,1e-04,77,"prot25_age",0,-0.0567500817813979,1
1,1.5,1e-04,77,"prot25_income",0.8,0.414062284267405,1
1,1.5,1e-04,77,"prot25_child",-0.7,-0.361241362937419,1
1,1.5,1e-04,77,"prot50_male",0,0.121066487554233,1
1,1.5,1e-04,77,"prot50_age",0.4,0.277880983229873,1
1,1.5,1e-04,77,"prot50_income",0.8,0.458742817598166,1
1,1.5,1e-04,77,"prot50_child",0,0.0398972139968179,1
1,1.5,1e-04,77,"invasive_male",0,4.48893480419466e-07,0
1,1.5,1e-04,77,"invasive_age",0,0.000334028088908978,1
1,1.5,1e-04,77,"invasive_income",0,0.0094742504295564,1
1,1.5,1e-04,77,"invasive_child",0.9,0.540493282405076,1
1,1.5,1e-04,78,"ASC2_male",-0.6,-0.50484430566978,1
1,1.5,1e-04,78,"ASC2_age",0,0.0287000711079604,1
1,1.5,1e-04,78,"ASC2_income",0,-0.0450175096529736,1
1,1.5,1e-04,78,"ASC2_child",0,-0.0489946020676736,1
1,1.5,1e-04,78,"ASC3_male",-1.2,-0.765589997100447,1
1,1.5,1e-04,78,"ASC3_age",-0.7,-0.456551950311527,1
1,1.5,1e-04,78,"ASC3_income",0,-0.0238763728127183,1
1,1.5,1e-04,78,"ASC3_child",0.8,0.448796822679293,1
1,1.5,1e-04,78,"prot25_male",0.4,0.182003198013645,1
1,1.5,1e-04,78,"prot25_age",0,-0.0136990148968764,1
1,1.5,1e-04,78,"prot25_income",0,0.00690124096992517,1
1,1.5,1e-04,78,"prot25_child",-1.2,-0.785844005929115,1
1,1.5,1e-04,78,"prot50_male",0,-1.66719564627229e-07,0
1,1.5,1e-04,78,"prot50_age",0.5,0.322796142775019,1
1,1.5,1e-04,78,"prot50_income",0.1,0.0344779855065648,1
1,1.5,1e-04,78,"prot50_child",0.2,0.0724966411898277,1
1,1.5,1e-04,78,"invasive_male",0,0.000937959434008084,1
1,1.5,1e-04,78,"invasive_age",0,-0.0386158204291806,1
1,1.5,1e-04,78,"invasive_income",0,-0.0812052981098007,1
1,1.5,1e-04,78,"invasive_child",0.9,0.402391594804745,1
1,1.5,1e-04,79,"ASC2_male",0,0.0572854571842688,1
1,1.5,1e-04,79,"ASC2_age",0,-0.0096293550403693,1
1,1.5,1e-04,79,"ASC2_income",0.2,0.230091878969587,1
1,1.5,1e-04,79,"ASC2_child",0,-0.102365597702781,1
1,1.5,1e-04,79,"ASC3_male",0,0.0334062186479777,1
1,1.5,1e-04,79,"ASC3_age",-0.6,-0.424044841770365,1
1,1.5,1e-04,79,"ASC3_income",-1,-0.573306584545253,1
1,1.5,1e-04,79,"ASC3_child",0.7,0.360193166468097,1
1,1.5,1e-04,79,"prot25_male",0,0.0083493194660953,1
1,1.5,1e-04,79,"prot25_age",-1,-0.688146626326684,1
1,1.5,1e-04,79,"prot25_income",0,-0.0941657561065206,1
1,1.5,1e-04,79,"prot25_child",0,0.0488586504244677,1
1,1.5,1e-04,79,"prot50_male",-1.1,-0.717641534841086,1
1,1.5,1e-04,79,"prot50_age",-1.1,-0.770974637170008,1
1,1.5,1e-04,79,"prot50_income",0.9,0.539771220709834,1
1,1.5,1e-04,79,"prot50_child",0.4,0.241488183670862,1
1,1.5,1e-04,79,"invasive_male",-0.4,-0.277715884654673,1
1,1.5,1e-04,79,"invasive_age",0,1.04481593075766e-09,0
1,1.5,1e-04,79,"invasive_income",0,1.63464965833359e-07,0
1,1.5,1e-04,79,"invasive_child",0,-0.0723107659599292,1
1,1.5,1e-04,80,"ASC2_male",-0.3,-0.143241994042746,1
1,1.5,1e-04,80,"ASC2_age",0,-0.0955912592180778,1
1,1.5,1e-04,80,"ASC2_income",0.9,0.670213796395048,1
1,1.5,1e-04,80,"ASC2_child",-1,-0.651750526043824,1
1,1.5,1e-04,80,"ASC3_male",0,-0.0465996344792472,1
1,1.5,1e-04,80,"ASC3_age",-0.6,-0.457600745265788,1
1,1.5,1e-04,80,"ASC3_income",0,0.0652439164415832,1
1,1.5,1e-04,80,"ASC3_child",0,-4.87889497632318e-09,0
1,1.5,1e-04,80,"prot25_male",0,0.0365060281811859,1
1,1.5,1e-04,80,"prot25_age",0.8,0.558631544206504,1
1,1.5,1e-04,80,"prot25_income",0.1,0.0394440326514754,1
1,1.5,1e-04,80,"prot25_child",0,-7.12195112435917e-08,0
1,1.5,1e-04,80,"prot50_male",0,0.0205548843895731,1
1,1.5,1e-04,80,"prot50_age",0,0.00404083918486794,1
1,1.5,1e-04,80,"prot50_income",0.7,0.411065172887473,1
1,1.5,1e-04,80,"prot50_child",0,0.110984264967171,1
1,1.5,1e-04,80,"invasive_male",0,1.15625330219085e-07,0
1,1.5,1e-04,80,"invasive_age",-0.8,-0.558820871916824,1
1,1.5,1e-04,80,"invasive_income",-0.7,-0.46829396140124,1
1,1.5,1e-04,80,"invasive_child",0.7,0.477922517617466,1
1,1.5,1e-04,81,"ASC2_male",0,-0.0389295142482357,1
1,1.5,1e-04,81,"ASC2_age",-1.1,-0.708265508617072,1
1,1.5,1e-04,81,"ASC2_income",0.1,0.104834952411589,1
1,1.5,1e-04,81,"ASC2_child",0.8,0.465907514814292,1
1,1.5,1e-04,81,"ASC3_male",0,-0.0465193328909934,1
1,1.5,1e-04,81,"ASC3_age",0,0.0350895254555052,1
1,1.5,1e-04,81,"ASC3_income",-0.8,-0.465336431281,1
1,1.5,1e-04,81,"ASC3_child",0,-2.74891173926564e-06,0
1,1.5,1e-04,81,"prot25_male",0,6.82268919800229e-07,0
1,1.5,1e-04,81,"prot25_age",-0.3,-0.233123154518657,1
1,1.5,1e-04,81,"prot25_income",0.1,-1.82193625102759e-06,0
1,1.5,1e-04,81,"prot25_child",0.2,0.21042136894245,1
1,1.5,1e-04,81,"prot50_male",0,-0.0223072135194176,1
1,1.5,1e-04,81,"prot50_age",0.4,0.250032129568932,1
1,1.5,1e-04,81,"prot50_income",-0.3,-0.234846353403125,1
1,1.5,1e-04,81,"prot50_child",0,0.064041033567571,1
1,1.5,1e-04,81,"invasive_male",0,-1.60548863286286e-09,0
1,1.5,1e-04,81,"invasive_age",0,-0.0113536256653641,1
1,1.5,1e-04,81,"invasive_income",-0.5,-0.309913797785342,1
1,1.5,1e-04,81,"invasive_child",0,5.3487346474645e-06,0
1,1.5,1e-04,82,"ASC2_male",0.9,0.49903626188531,1
1,1.5,1e-04,82,"ASC2_age",-0.6,-0.41392557683024,1
1,1.5,1e-04,82,"ASC2_income",1.1,0.69693770140471,1
1,1.5,1e-04,82,"ASC2_child",-0.9,-0.448766327842368,1
1,1.5,1e-04,82,"ASC3_male",0,1.43454706242824e-10,0
1,1.5,1e-04,82,"ASC3_age",0,-0.0284983269042147,1
1,1.5,1e-04,82,"ASC3_income",0,-0.0485469180922915,1
1,1.5,1e-04,82,"ASC3_child",0.3,0.330105795700689,1
1,1.5,1e-04,82,"prot25_male",0,0.073437729495065,1
1,1.5,1e-04,82,"prot25_age",0,0.0171302918698026,1
1,1.5,1e-04,82,"prot25_income",0,0.0205550207544141,1
1,1.5,1e-04,82,"prot25_child",1.1,0.625135739937528,1
1,1.5,1e-04,82,"prot50_male",-0.4,-0.264565291179861,1
1,1.5,1e-04,82,"prot50_age",0,-0.0198958321432102,1
1,1.5,1e-04,82,"prot50_income",-0.5,-0.31205440229889,1
1,1.5,1e-04,82,"prot50_child",0,-0.106768185656586,1
1,1.5,1e-04,82,"invasive_male",0,0.0196968332732331,1
1,1.5,1e-04,82,"invasive_age",-1.1,-0.722582918806359,1
1,1.5,1e-04,82,"invasive_income",0,-0.0811224174998772,1
1,1.5,1e-04,82,"invasive_child",0.4,0.406901181994373,1
1,1.5,1e-04,83,"ASC2_male",0.9,0.412975189223691,1
1,1.5,1e-04,83,"ASC2_age",0,0.0472455708522852,1
1,1.5,1e-04,83,"ASC2_income",-0.9,-0.579951763524281,1
1,1.5,1e-04,83,"ASC2_child",-0.8,-0.442710170848836,1
1,1.5,1e-04,83,"ASC3_male",0.9,0.512304783009366,1
1,1.5,1e-04,83,"ASC3_age",0,-5.04850874488939e-09,0
1,1.5,1e-04,83,"ASC3_income",0,-0.0187297797499309,1
1,1.5,1e-04,83,"ASC3_child",0,0.0475781964668106,1
1,1.5,1e-04,83,"prot25_male",1,0.612093205288726,1
1,1.5,1e-04,83,"prot25_age",1.2,0.761393473147856,1
1,1.5,1e-04,83,"prot25_income",-0.2,-0.127315259862545,1
1,1.5,1e-04,83,"prot25_child",0,-8.93465840756045e-10,0
1,1.5,1e-04,83,"prot50_male",0,5.71501999201035e-08,0
1,1.5,1e-04,83,"prot50_age",0,-0.00223261910616942,1
1,1.5,1e-04,83,"prot50_income",-0.2,-0.0785428864500457,1
1,1.5,1e-04,83,"prot50_child",0,-7.28281717058833e-08,0
1,1.5,1e-04,83,"invasive_male",0,-0.0799047964073235,1
1,1.5,1e-04,83,"invasive_age",-0.8,-0.462565473307762,1
1,1.5,1e-04,83,"invasive_income",-0.9,-0.527491433132242,1
1,1.5,1e-04,83,"invasive_child",0,-1.57132138434604e-07,0
1,1.5,1e-04,84,"ASC2_male",0,0.0382065733625851,1
1,1.5,1e-04,84,"ASC2_age",0,-2.23004248446764e-09,0
1,1.5,1e-04,84,"ASC2_income",0.4,0.253627288968586,1
1,1.5,1e-04,84,"ASC2_child",-0.9,-0.71762375682878,1
1,1.5,1e-04,84,"ASC3_male",-0.2,-0.039828104575495,1
1,1.5,1e-04,84,"ASC3_age",0.6,0.404943193753455,1
1,1.5,1e-04,84,"ASC3_income",0.4,0.266335493538472,1
1,1.5,1e-04,84,"ASC3_child",-0.6,-0.502764343012344,1
1,1.5,1e-04,84,"prot25_male",0,-0.0339058838277106,1
1,1.5,1e-04,84,"prot25_age",0,2.10385164834684e-06,0
1,1.5,1e-04,84,"prot25_income",0.2,0.15862815859949,1
1,1.5,1e-04,84,"prot25_child",-0.7,-0.366641810476928,1
1,1.5,1e-04,84,"prot50_male",0,7.4282265429603e-09,0
1,1.5,1e-04,84,"prot50_age",0,-2.06081703186465e-07,0
1,1.5,1e-04,84,"prot50_income",0,0.00411161652444541,1
1,1.5,1e-04,84,"prot50_child",-0.9,-0.35385179507074,1
1,1.5,1e-04,84,"invasive_male",-1.1,-0.552786722060967,1
1,1.5,1e-04,84,"invasive_age",0,-0.0324916241354229,1
1,1.5,1e-04,84,"invasive_income",0,-0.039060296788252,1
1,1.5,1e-04,84,"invasive_child",0,0.0422087773758215,1
1,1.5,1e-04,85,"ASC2_male",0.9,0.686345375047352,1
1,1.5,1e-04,85,"ASC2_age",0,0.0377610356781971,1
1,1.5,1e-04,85,"ASC2_income",0.4,0.235259172800754,1
1,1.5,1e-04,85,"ASC2_child",0,-0.163054034457972,1
1,1.5,1e-04,85,"ASC3_male",0,-0.0269893671048103,1
1,1.5,1e-04,85,"ASC3_age",0.5,0.387077345363434,1
1,1.5,1e-04,85,"ASC3_income",0.9,0.59933542623921,1
1,1.5,1e-04,85,"ASC3_child",0.4,0.0803037967697156,1
1,1.5,1e-04,85,"prot25_male",0,-0.07838621917441,1
1,1.5,1e-04,85,"prot25_age",-0.3,-0.211805234168518,1
1,1.5,1e-04,85,"prot25_income",0.7,0.52126763193004,1
1,1.5,1e-04,85,"prot25_child",0,0.0809193830311982,1
1,1.5,1e-04,85,"prot50_male",0,-0.0418799179279927,1
1,1.5,1e-04,85,"prot50_age",-0.8,-0.541109693908229,1
1,1.5,1e-04,85,"prot50_income",-0.7,-0.406071697370619,1
1,1.5,1e-04,85,"prot50_child",0,-0.0290081125424516,1
1,1.5,1e-04,85,"invasive_male",0,-0.0206273168259026,1
1,1.5,1e-04,85,"invasive_age",0,0.0134726579620768,1
1,1.5,1e-04,85,"invasive_income",0,0.0287302714610038,1
1,1.5,1e-04,85,"invasive_child",0.6,0.292321265475803,1
1,1.5,1e-04,86,"ASC2_male",0,8.93550728638228e-05,0
1,1.5,1e-04,86,"ASC2_age",-0.6,-0.37697665846895,1
1,1.5,1e-04,86,"ASC2_income",0.7,0.279847750625975,1
1,1.5,1e-04,86,"ASC2_child",0,0.0689163061461924,1
1,1.5,1e-04,86,"ASC3_male",0,-0.0447282517309863,1
1,1.5,1e-04,86,"ASC3_age",0,-0.0237076573964347,1
1,1.5,1e-04,86,"ASC3_income",1.2,0.641047332136413,1
1,1.5,1e-04,86,"ASC3_child",0,-9.92481380230301e-09,0
1,1.5,1e-04,86,"prot25_male",-0.7,-0.361423204314333,1
1,1.5,1e-04,86,"prot25_age",-1,-0.735823440565484,1
1,1.5,1e-04,86,"prot25_income",0,-0.00286736268832532,1
1,1.5,1e-04,86,"prot25_child",0.9,0.498591711796619,1
1,1.5,1e-04,86,"prot50_male",1,0.788946678908992,1
1,1.5,1e-04,86,"prot50_age",0,-0.00591883308471538,1
1,1.5,1e-04,86,"prot50_income",0,0.0480243367296239,1
1,1.5,1e-04,86,"prot50_child",-1,-0.67157024718973,1
1,1.5,1e-04,86,"invasive_male",0,0.00895567232832413,1
1,1.5,1e-04,86,"invasive_age",1,0.673566721290387,1
1,1.5,1e-04,86,"invasive_income",0,-7.76985403856365e-09,0
1,1.5,1e-04,86,"invasive_child",0.3,0.225352946759009,1
1,1.5,1e-04,87,"ASC2_male",-0.3,-0.205865842375541,1
1,1.5,1e-04,87,"ASC2_age",0.1,0.00270092721848688,1
1,1.5,1e-04,87,"ASC2_income",-0.2,-0.107040375741057,1
1,1.5,1e-04,87,"ASC2_child",0,-0.0161335877577749,1
1,1.5,1e-04,87,"ASC3_male",0,-1.31548104353051e-08,0
1,1.5,1e-04,87,"ASC3_age",0,-0.0685997923426808,1
1,1.5,1e-04,87,"ASC3_income",0.3,0.20570904066149,1
1,1.5,1e-04,87,"ASC3_child",0.7,0.456175112984062,1
1,1.5,1e-04,87,"prot25_male",0,0.0179784170844559,1
1,1.5,1e-04,87,"prot25_age",0,0.0448505566635924,1
1,1.5,1e-04,87,"prot25_income",0.5,0.317935321001616,1
1,1.5,1e-04,87,"prot25_child",0,0.155606771208124,1
1,1.5,1e-04,87,"prot50_male",0,-0.00155000586762371,1
1,1.5,1e-04,87,"prot50_age",1,0.721012324649093,1
1,1.5,1e-04,87,"prot50_income",1.1,0.731827916754201,1
1,1.5,1e-04,87,"prot50_child",-0.7,-0.483731583594097,1
1,1.5,1e-04,87,"invasive_male",0,-0.0728091198000853,1
1,1.5,1e-04,87,"invasive_age",-1.1,-0.747744231384808,1
1,1.5,1e-04,87,"invasive_income",0,-0.00811379427431193,1
1,1.5,1e-04,87,"invasive_child",0,-9.18772471395364e-08,0
1,1.5,1e-04,88,"ASC2_male",0,1.62745248151583e-09,0
1,1.5,1e-04,88,"ASC2_age",0.5,0.299751692640788,1
1,1.5,1e-04,88,"ASC2_income",-1,-0.757538615103358,1
1,1.5,1e-04,88,"ASC2_child",0,-0.168219863549648,1
1,1.5,1e-04,88,"ASC3_male",0,-4.4824145734574e-08,0
1,1.5,1e-04,88,"ASC3_age",0,0.00238981542801324,1
1,1.5,1e-04,88,"ASC3_income",-0.6,-0.407713155611659,1
1,1.5,1e-04,88,"ASC3_child",1.1,0.628373453177002,1
1,1.5,1e-04,88,"prot25_male",0.8,0.600961415439659,1
1,1.5,1e-04,88,"prot25_age",0.3,0.21972472726335,1
1,1.5,1e-04,88,"prot25_income",-0.5,-0.299671606286646,1
1,1.5,1e-04,88,"prot25_child",-1,-0.547106738808738,1
1,1.5,1e-04,88,"prot50_male",-0.2,-0.021320503714947,1
1,1.5,1e-04,88,"prot50_age",0,0.0138105565890969,1
1,1.5,1e-04,88,"prot50_income",-0.3,-0.19933171926172,1
1,1.5,1e-04,88,"prot50_child",0,-4.49275839054792e-10,0
1,1.5,1e-04,88,"invasive_male",0,0.00083082815060055,1
1,1.5,1e-04,88,"invasive_age",0,-2.35563939810393e-08,0
1,1.5,1e-04,88,"invasive_income",0,-1.81500769397629e-08,0
1,1.5,1e-04,88,"invasive_child",0,-2.33375154250894e-09,0
1,1.5,1e-04,89,"ASC2_male",0,-0.00427316557248798,1
1,1.5,1e-04,89,"ASC2_age",0.3,0.124906413494311,1
1,1.5,1e-04,89,"ASC2_income",0,0.0141682399141701,1
1,1.5,1e-04,89,"ASC2_child",0,-2.15130514311407e-05,0
1,1.5,1e-04,89,"ASC3_male",0,0.0423295331530354,1
1,1.5,1e-04,89,"ASC3_age",0.8,0.432675560063685,1
1,1.5,1e-04,89,"ASC3_income",0,-1.39338944958908e-08,0
1,1.5,1e-04,89,"ASC3_child",1,0.546433932916013,1
1,1.5,1e-04,89,"prot25_male",0.7,0.438050338900612,1
1,1.5,1e-04,89,"prot25_age",0,0.0939973020814873,1
1,1.5,1e-04,89,"prot25_income",0,-0.00720905840128474,1
1,1.5,1e-04,89,"prot25_child",-0.2,-3.05781920615319e-09,0
1,1.5,1e-04,89,"prot50_male",-0.6,-0.590787622670126,1
1,1.5,1e-04,89,"prot50_age",0.2,0.208471131255514,1
1,1.5,1e-04,89,"prot50_income",0.1,0.0322967376850338,1
1,1.5,1e-04,89,"prot50_child",0,2.7116991309717e-09,0
1,1.5,1e-04,89,"invasive_male",0,-0.0964634077096794,1
1,1.5,1e-04,89,"invasive_age",0,-0.0174547449062939,1
1,1.5,1e-04,89,"invasive_income",0.7,0.482557616307018,1
1,1.5,1e-04,89,"invasive_child",0.6,0.33755285734967,1
1,1.5,1e-04,90,"ASC2_male",0,-0.0699012549706919,1
1,1.5,1e-04,90,"ASC2_age",0.5,0.313241214257057,1
1,1.5,1e-04,90,"ASC2_income",0.8,0.742320220425021,1
1,1.5,1e-04,90,"ASC2_child",0.3,0.0061098709759766,1
1,1.5,1e-04,90,"ASC3_male",0,3.92406263814975e-08,0
1,1.5,1e-04,90,"ASC3_age",0.3,0.151364888413822,1
1,1.5,1e-04,90,"ASC3_income",-1.1,-0.640537496123285,1
1,1.5,1e-04,90,"ASC3_child",0,-0.201131383697539,1
1,1.5,1e-04,90,"prot25_male",0,0.0965829125470739,1
1,1.5,1e-04,90,"prot25_age",1.2,0.856755212915255,1
1,1.5,1e-04,90,"prot25_income",0.4,0.244739046443711,1
1,1.5,1e-04,90,"prot25_child",0,0.147961209160206,1
1,1.5,1e-04,90,"prot50_male",-0.8,-0.415391200793617,1
1,1.5,1e-04,90,"prot50_age",0.4,0.304362261686573,1
1,1.5,1e-04,90,"prot50_income",-0.1,-0.183302904411509,1
1,1.5,1e-04,90,"prot50_child",0,0.198887470820058,1
1,1.5,1e-04,90,"invasive_male",0,-0.0808426001012613,1
1,1.5,1e-04,90,"invasive_age",0,-0.0246536962952293,1
1,1.5,1e-04,90,"invasive_income",0,0.0500355651786059,1
1,1.5,1e-04,90,"invasive_child",0,-0.0432277925727776,1
1,1.5,1e-04,91,"ASC2_male",0,0.00679430461988959,1
1,1.5,1e-04,91,"ASC2_age",-0.4,-0.301183195775246,1
1,1.5,1e-04,91,"ASC2_income",0.3,0.236068833895195,1
1,1.5,1e-04,91,"ASC2_child",-0.2,-0.317860078889262,1
1,1.5,1e-04,91,"ASC3_male",0,0.0438199942022816,1
1,1.5,1e-04,91,"ASC3_age",0.2,0.105401083800911,1
1,1.5,1e-04,91,"ASC3_income",-0.3,-0.195587944904276,1
1,1.5,1e-04,91,"ASC3_child",-0.8,-0.71208150633946,1
1,1.5,1e-04,91,"prot25_male",0,-0.0237794902732867,1
1,1.5,1e-04,91,"prot25_age",0,-0.0861323249371593,1
1,1.5,1e-04,91,"prot25_income",0.8,0.534679330429124,1
1,1.5,1e-04,91,"prot25_child",0,0.0358224680645805,1
1,1.5,1e-04,91,"prot50_male",0.3,0.128375256170244,1
1,1.5,1e-04,91,"prot50_age",0,-0.0578207781381729,1
1,1.5,1e-04,91,"prot50_income",0,0.0675961771050926,1
1,1.5,1e-04,91,"prot50_child",0,-0.142628850351469,1
1,1.5,1e-04,91,"invasive_male",0,-0.0647091514127597,1
1,1.5,1e-04,91,"invasive_age",-0.2,-0.230878116546997,1
1,1.5,1e-04,91,"invasive_income",-0.5,-0.308467731293828,1
1,1.5,1e-04,91,"invasive_child",0,-0.294177219995693,1
1,1.5,1e-04,92,"ASC2_male",-0.5,-0.418500965884171,1
1,1.5,1e-04,92,"ASC2_age",1,0.628255709597757,1
1,1.5,1e-04,92,"ASC2_income",0,0.0204574946544812,1
1,1.5,1e-04,92,"ASC2_child",0,-0.298576494398535,1
1,1.5,1e-04,92,"ASC3_male",0,-0.0521113018265702,1
1,1.5,1e-04,92,"ASC3_age",0,-0.0389530799248488,1
1,1.5,1e-04,92,"ASC3_income",0,0.0378403571298731,1
1,1.5,1e-04,92,"ASC3_child",0.3,0.052099335767286,1
1,1.5,1e-04,92,"prot25_male",-1.1,-0.750452200409879,1
1,1.5,1e-04,92,"prot25_age",0,0.0791400822569169,1
1,1.5,1e-04,92,"prot25_income",-1.2,-0.913382110516049,1
1,1.5,1e-04,92,"prot25_child",0,0.138287877400375,1
1,1.5,1e-04,92,"prot50_male",-0.4,-0.205385439134207,1
1,1.5,1e-04,92,"prot50_age",-0.6,-0.384780649005831,1
1,1.5,1e-04,92,"prot50_income",0,-0.0286210630929251,1
1,1.5,1e-04,92,"prot50_child",0.8,0.701958583543707,1
1,1.5,1e-04,92,"invasive_male",0,-0.00504971419108453,1
1,1.5,1e-04,92,"invasive_age",0,-0.0314817705578813,1
1,1.5,1e-04,92,"invasive_income",0.7,0.500312090654529,1
1,1.5,1e-04,92,"invasive_child",0.9,0.490407661178379,1
1,1.5,1e-04,93,"ASC2_male",0,-0.0164632253218122,1
1,1.5,1e-04,93,"ASC2_age",-0.9,-0.470143731711533,1
1,1.5,1e-04,93,"ASC2_income",0,6.84312602730541e-08,0
1,1.5,1e-04,93,"ASC2_child",-0.4,-0.14770784151207,1
1,1.5,1e-04,93,"ASC3_male",0,-0.0768353299494689,1
1,1.5,1e-04,93,"ASC3_age",-1.1,-0.626617422919435,1
1,1.5,1e-04,93,"ASC3_income",0,-0.00724532915808069,1
1,1.5,1e-04,93,"ASC3_child",-1,-0.51939845909401,1
1,1.5,1e-04,93,"prot25_male",0,5.60671677463282e-05,0
1,1.5,1e-04,93,"prot25_age",0,-0.0660813649687157,1
1,1.5,1e-04,93,"prot25_income",0.4,0.21466921451543,1
1,1.5,1e-04,93,"prot25_child",1.1,0.68937652709338,1
1,1.5,1e-04,93,"prot50_male",0,0.0161522858194664,1
1,1.5,1e-04,93,"prot50_age",0.2,0.0504432074744889,1
1,1.5,1e-04,93,"prot50_income",1.2,0.761462628570329,1
1,1.5,1e-04,93,"prot50_child",-1.1,-0.710257264101703,1
1,1.5,1e-04,93,"invasive_male",0,-0.105462931130266,1
1,1.5,1e-04,93,"invasive_age",0,0.060595031389459,1
1,1.5,1e-04,93,"invasive_income",0,3.06199015980298e-07,0
1,1.5,1e-04,93,"invasive_child",-0.2,-0.0949225200952046,1
1,1.5,1e-04,94,"ASC2_male",-0.2,-0.000525152172910426,1
1,1.5,1e-04,94,"ASC2_age",0,-0.0248047816189539,1
1,1.5,1e-04,94,"ASC2_income",-0.2,-0.00795850766383122,1
1,1.5,1e-04,94,"ASC2_child",0.3,0.184772272828452,1
1,1.5,1e-04,94,"ASC3_male",-0.1,0.0111302662615407,1
1,1.5,1e-04,94,"ASC3_age",0,0.0290464337938264,1
1,1.5,1e-04,94,"ASC3_income",-1.2,-0.725687051847448,1
1,1.5,1e-04,94,"ASC3_child",-0.5,-0.287632563880124,1
1,1.5,1e-04,94,"prot25_male",0,-0.141715952799858,1
1,1.5,1e-04,94,"prot25_age",0,0.0110660983748038,1
1,1.5,1e-04,94,"prot25_income",0,-0.0848170176084811,1
1,1.5,1e-04,94,"prot25_child",0,9.99643806099463e-12,0
1,1.5,1e-04,94,"prot50_male",0,-0.158224217884745,1
1,1.5,1e-04,94,"prot50_age",0,0.0470609429852808,1
1,1.5,1e-04,94,"prot50_income",-0.6,-0.438303597621531,1
1,1.5,1e-04,94,"prot50_child",0,0.0317206994621488,1
1,1.5,1e-04,94,"invasive_male",0,-0.00217998624039069,1
1,1.5,1e-04,94,"invasive_age",1,0.690114701444572,1
1,1.5,1e-04,94,"invasive_income",0.8,0.558464361633694,1
1,1.5,1e-04,94,"invasive_child",0.6,0.274235264257299,1
1,1.5,1e-04,95,"ASC2_male",-0.4,-0.140955089904792,1
1,1.5,1e-04,95,"ASC2_age",-0.5,-0.276182432048717,1
1,1.5,1e-04,95,"ASC2_income",0,0.00987917114342094,1
1,1.5,1e-04,95,"ASC2_child",-0.7,-0.242280867216722,1
1,1.5,1e-04,95,"ASC3_male",-1.1,-0.585507465915946,1
1,1.5,1e-04,95,"ASC3_age",0,-0.0143783375747977,1
1,1.5,1e-04,95,"ASC3_income",0,-0.00568825085416067,1
1,1.5,1e-04,95,"ASC3_child",0,0.128343561169168,1
1,1.5,1e-04,95,"prot25_male",-0.9,-0.68542474622486,1
1,1.5,1e-04,95,"prot25_age",0,-0.0571864976125976,1
1,1.5,1e-04,95,"prot25_income",0,-0.050132537596558,1
1,1.5,1e-04,95,"prot25_child",0.5,0.0678767155406206,1
1,1.5,1e-04,95,"prot50_male",0.3,0.123671353745792,1
1,1.5,1e-04,95,"prot50_age",0.7,0.388855853306521,1
1,1.5,1e-04,95,"prot50_income",0,-0.0427019738658619,1
1,1.5,1e-04,95,"prot50_child",0.6,0.024243684782484,1
1,1.5,1e-04,95,"invasive_male",0,0.126165482175178,1
1,1.5,1e-04,95,"invasive_age",0,-0.028371673330957,1
1,1.5,1e-04,95,"invasive_income",0,0.0352738360953288,1
1,1.5,1e-04,95,"invasive_child",0.5,0.0846199672936464,1
1,1.5,1e-04,96,"ASC2_male",-0.1,-0.0381087181977569,1
1,1.5,1e-04,96,"ASC2_age",0.2,0.117409602511442,1
1,1.5,1e-04,96,"ASC2_income",0,0.0264621301404754,1
1,1.5,1e-04,96,"ASC2_child",-0.4,-0.19971277849513,1
1,1.5,1e-04,96,"ASC3_male",0,-7.29134679007292e-09,0
1,1.5,1e-04,96,"ASC3_age",0,-0.0577332255143321,1
1,1.5,1e-04,96,"ASC3_income",-0.6,-0.395853652129194,1
1,1.5,1e-04,96,"ASC3_child",0.6,0.41078199296605,1
1,1.5,1e-04,96,"prot25_male",0.3,0.0312215226464172,1
1,1.5,1e-04,96,"prot25_age",0,-9.81576104807804e-09,0
1,1.5,1e-04,96,"prot25_income",0,0.0571247298849653,1
1,1.5,1e-04,96,"prot25_child",-0.8,-0.58832123530732,1
1,1.5,1e-04,96,"prot50_male",0.3,0.187495883517096,1
1,1.5,1e-04,96,"prot50_age",1.2,0.844464809832672,1
1,1.5,1e-04,96,"prot50_income",0,-3.87376045008462e-07,0
1,1.5,1e-04,96,"prot50_child",0,-1.06447161160433e-08,0
1,1.5,1e-04,96,"invasive_male",0,-4.50943063804015e-08,0
1,1.5,1e-04,96,"invasive_age",0,0.00243245165186619,1
1,1.5,1e-04,96,"invasive_income",0,0.0263595372150955,1
1,1.5,1e-04,96,"invasive_child",0.6,0.541379756107514,1
1,1.5,1e-04,97,"ASC2_male",0.8,0.570864368198131,1
1,1.5,1e-04,97,"ASC2_age",0,0.0626475826503979,1
1,1.5,1e-04,97,"ASC2_income",-1.1,-0.615117498249849,1
1,1.5,1e-04,97,"ASC2_child",0.9,0.694341974745879,1
1,1.5,1e-04,97,"ASC3_male",0.5,0.406806778457066,1
1,1.5,1e-04,97,"ASC3_age",0,0.0720947321424817,1
1,1.5,1e-04,97,"ASC3_income",0,0.0818324896819367,1
1,1.5,1e-04,97,"ASC3_child",0,0.0573816437720571,1
1,1.5,1e-04,97,"prot25_male",-0.4,-0.311655088068598,1
1,1.5,1e-04,97,"prot25_age",0,-0.0293109929389912,1
1,1.5,1e-04,97,"prot25_income",0,0.0115355068090958,1
1,1.5,1e-04,97,"prot25_child",0,-4.94180011832395e-09,0
1,1.5,1e-04,97,"prot50_male",0.4,0.166542198524444,1
1,1.5,1e-04,97,"prot50_age",1.2,0.87620593498357,1
1,1.5,1e-04,97,"prot50_income",-0.4,-0.270297386120641,1
1,1.5,1e-04,97,"prot50_child",0.3,0.2760578307167,1
1,1.5,1e-04,97,"invasive_male",0,-0.0737684395813445,1
1,1.5,1e-04,97,"invasive_age",0,0.0806736607017685,1
1,1.5,1e-04,97,"invasive_income",0,0.0678891911911397,1
1,1.5,1e-04,97,"invasive_child",-0.8,-0.412792803042876,1
1,1.5,1e-04,98,"ASC2_male",0,-0.0205891754189469,1
1,1.5,1e-04,98,"ASC2_age",0.8,0.511036529650955,1
1,1.5,1e-04,98,"ASC2_income",0,-0.00369822814301696,1
1,1.5,1e-04,98,"ASC2_child",0.1,-0.153366123663503,1
1,1.5,1e-04,98,"ASC3_male",1.2,0.768865533508971,1
1,1.5,1e-04,98,"ASC3_age",-0.7,-0.42992187272648,1
1,1.5,1e-04,98,"ASC3_income",-0.6,-0.462322833133372,1
1,1.5,1e-04,98,"ASC3_child",-0.2,-0.168348030478909,1
1,1.5,1e-04,98,"prot25_male",0,0.0201350577232782,1
1,1.5,1e-04,98,"prot25_age",0,-0.00706568004454604,1
1,1.5,1e-04,98,"prot25_income",0,0.0158498780423188,1
1,1.5,1e-04,98,"prot25_child",0.7,0.588543859058315,1
1,1.5,1e-04,98,"prot50_male",0.5,0.425767276709484,1
1,1.5,1e-04,98,"prot50_age",-0.7,-0.491195273028167,1
1,1.5,1e-04,98,"prot50_income",-1.2,-0.744157983173248,1
1,1.5,1e-04,98,"prot50_child",0,0.165489707342104,1
1,1.5,1e-04,98,"invasive_male",0,-0.0108083422061924,1
1,1.5,1e-04,98,"invasive_age",0,-0.0201835105228555,1
1,1.5,1e-04,98,"invasive_income",0,0.0606459263342348,1
1,1.5,1e-04,98,"invasive_child",0,-0.0379532472539853,1
1,1.5,1e-04,99,"ASC2_male",0.5,0.359797291749518,1
1,1.5,1e-04,99,"ASC2_age",0,1.27525779026191e-07,0
1,1.5,1e-04,99,"ASC2_income",0.7,0.422861074116608,1
1,1.5,1e-04,99,"ASC2_child",1.1,0.580863746854665,1
1,1.5,1e-04,99,"ASC3_male",0,-0.028178701469279,1
1,1.5,1e-04,99,"ASC3_age",1.2,0.815778238629707,1
1,1.5,1e-04,99,"ASC3_income",0,0.0433841083310553,1
1,1.5,1e-04,99,"ASC3_child",0,-0.195750239851412,1
1,1.5,1e-04,99,"prot25_male",0.3,0.217292147582097,1
1,1.5,1e-04,99,"prot25_age",0.9,0.544877465196082,1
1,1.5,1e-04,99,"prot25_income",0,0.0223298306765044,1
1,1.5,1e-04,99,"prot25_child",0,8.36851015606144e-05,0
1,1.5,1e-04,99,"prot50_male",0,-0.065910452249144,1
1,1.5,1e-04,99,"prot50_age",0,-0.0579730245307023,1
1,1.5,1e-04,99,"prot50_income",0,-0.039803692194843,1
1,1.5,1e-04,99,"prot50_child",1.1,0.708690981045424,1
1,1.5,1e-04,99,"invasive_male",0,0.015266157311387,1
1,1.5,1e-04,99,"invasive_age",0.1,0.0607216563611089,1
1,1.5,1e-04,99,"invasive_income",1.2,0.75507657018815,1
1,1.5,1e-04,99,"invasive_child",1.2,0.495652236375964,1
1,1.5,1e-04,100,"ASC2_male",0,-7.33485109065185e-09,0
1,1.5,1e-04,100,"ASC2_age",0,-1.42350624555763e-09,0
1,1.5,1e-04,100,"ASC2_income",-1,-0.505405016407408,1
1,1.5,1e-04,100,"ASC2_child",0,-4.84334923510073e-08,0
1,1.5,1e-04,100,"ASC3_male",0,-3.0723726017996e-09,0
1,1.5,1e-04,100,"ASC3_age",-0.4,-0.252001695759338,1
1,1.5,1e-04,100,"ASC3_income",-0.7,-0.34806059001284,1
1,1.5,1e-04,100,"ASC3_child",-0.8,-0.467238226361477,1
1,1.5,1e-04,100,"prot25_male",1,0.524085886309842,1
1,1.5,1e-04,100,"prot25_age",0,-0.000579893019587847,1
1,1.5,1e-04,100,"prot25_income",0,0.000127452483485281,1
1,1.5,1e-04,100,"prot25_child",0,4.28010650668096e-13,0
1,1.5,1e-04,100,"prot50_male",1.1,0.604631190329483,1
1,1.5,1e-04,100,"prot50_age",-0.3,-0.127194105605899,1
1,1.5,1e-04,100,"prot50_income",0,-0.0426862233822147,1
1,1.5,1e-04,100,"prot50_child",-0.1,-0.0136686915752091,1
1,1.5,1e-04,100,"invasive_male",0,-8.30468233121737e-10,0
1,1.5,1e-04,100,"invasive_age",0,0.0581328696431083,1
1,1.5,1e-04,100,"invasive_income",0.9,0.649830659563363,1
1,1.5,1e-04,100,"invasive_child",-0.2,-9.21155614375517e-09,0
1,1.5,0.001,1,"ASC2_male",0,-6.16880031009403e-09,0
1,1.5,0.001,1,"ASC2_age",0.6,0.384972883112788,1
1,1.5,0.001,1,"ASC2_income",0,-8.2792515492072e-08,0
1,1.5,0.001,1,"ASC2_child",0,1.44034625294859e-08,0
1,1.5,0.001,1,"ASC3_male",0,0.00642666146795862,1
1,1.5,0.001,1,"ASC3_age",-1,-0.667894852226298,1
1,1.5,0.001,1,"ASC3_income",0,1.52422889828194e-07,0
1,1.5,0.001,1,"ASC3_child",0.2,0.216948751304056,1
1,1.5,0.001,1,"prot25_male",0,0.10406829897353,1
1,1.5,0.001,1,"prot25_age",-1,-0.68791765585092,1
1,1.5,0.001,1,"prot25_income",0,-0.0340656802041695,1
1,1.5,0.001,1,"prot25_child",1.1,0.530920440168616,1
1,1.5,0.001,1,"prot50_male",-0.2,-0.0774696936281371,1
1,1.5,0.001,1,"prot50_age",0.5,0.407494050230467,1
1,1.5,0.001,1,"prot50_income",0.6,0.383921704602398,1
1,1.5,0.001,1,"prot50_child",0,-0.104616209564413,1
1,1.5,0.001,1,"invasive_male",-0.2,-0.0956830340599558,1
1,1.5,0.001,1,"invasive_age",0,0.0505824390817576,1
1,1.5,0.001,1,"invasive_income",-0.3,-0.157548442803931,1
1,1.5,0.001,1,"invasive_child",0,-9.83462932256322e-09,0
1,1.5,0.001,2,"ASC2_male",0.2,0.0374076909005033,1
1,1.5,0.001,2,"ASC2_age",0,-0.0115755185091172,1
1,1.5,0.001,2,"ASC2_income",0.2,0.135562188090362,1
1,1.5,0.001,2,"ASC2_child",0,-9.43175633383348e-10,0
1,1.5,0.001,2,"ASC3_male",-0.2,-0.127541466198513,1
1,1.5,0.001,2,"ASC3_age",0,-3.81697521049425e-10,0
1,1.5,0.001,2,"ASC3_income",0.9,0.544713607650691,1
1,1.5,0.001,2,"ASC3_child",0,-3.36285380431635e-09,0
1,1.5,0.001,2,"prot25_male",0,-5.69880997930186e-09,0
1,1.5,0.001,2,"prot25_age",-0.4,-0.203261221357165,1
1,1.5,0.001,2,"prot25_income",0,-1.22410697379967e-08,0
1,1.5,0.001,2,"prot25_child",-0.9,-0.392404464260398,1
1,1.5,0.001,2,"prot50_male",0,-7.35669827646174e-09,0
1,1.5,0.001,2,"prot50_age",-1,-0.657847162091097,1
1,1.5,0.001,2,"prot50_income",0,0.0192671249879188,1
1,1.5,0.001,2,"prot50_child",0,0.125312430771803,1
1,1.5,0.001,2,"invasive_male",0.7,0.409018735960054,1
1,1.5,0.001,2,"invasive_age",0,-0.00307880406527327,1
1,1.5,0.001,2,"invasive_income",-0.2,-0.0548542710180446,1
1,1.5,0.001,2,"invasive_child",-1,-0.483404800717574,1
1,1.5,0.001,3,"ASC2_male",0,0.0838224585854327,1
1,1.5,0.001,3,"ASC2_age",0.4,0.175406681827555,1
1,1.5,0.001,3,"ASC2_income",-0.7,-0.450352957981728,1
1,1.5,0.001,3,"ASC2_child",0,-0.0610731354145793,1
1,1.5,0.001,3,"ASC3_male",0,1.41502919358991e-08,0
1,1.5,0.001,3,"ASC3_age",0,-0.0698988456352343,1
1,1.5,0.001,3,"ASC3_income",0,0.0763395389198352,1
1,1.5,0.001,3,"ASC3_child",0,3.18193974096346e-07,0
1,1.5,0.001,3,"prot25_male",0.3,0.106850733980853,1
1,1.5,0.001,3,"prot25_age",-0.9,-0.554595735832731,1
1,1.5,0.001,3,"prot25_income",0,0.0379513103481576,1
1,1.5,0.001,3,"prot25_child",-0.3,-0.231745810348648,1
1,1.5,0.001,3,"prot50_male",0,-0.0194810661608757,1
1,1.5,0.001,3,"prot50_age",0,0.0665027612011462,1
1,1.5,0.001,3,"prot50_income",0.2,0.112497258174325,1
1,1.5,0.001,3,"prot50_child",0,2.1572987317138e-06,0
1,1.5,0.001,3,"invasive_male",-0.4,-0.25033637486509,1
1,1.5,0.001,3,"invasive_age",1,0.63131004798797,1
1,1.5,0.001,3,"invasive_income",1.1,0.811433413863731,1
1,1.5,0.001,3,"invasive_child",1,0.660002160713757,1
1,1.5,0.001,4,"ASC2_male",0,0.110336507817853,1
1,1.5,0.001,4,"ASC2_age",0.7,0.369846832531933,1
1,1.5,0.001,4,"ASC2_income",0.6,0.248953854592228,1
1,1.5,0.001,4,"ASC2_child",1,0.585382427689438,1
1,1.5,0.001,4,"ASC3_male",0,0.102733406564252,1
1,1.5,0.001,4,"ASC3_age",0,-0.0898749736418102,1
1,1.5,0.001,4,"ASC3_income",0,-0.144679912033884,1
1,1.5,0.001,4,"ASC3_child",-1.2,-0.822583883890807,1
1,1.5,0.001,4,"prot25_male",0,-0.103491897832298,1
1,1.5,0.001,4,"prot25_age",0,0.00407570044029255,1
1,1.5,0.001,4,"prot25_income",0.6,0.46002762120549,1
1,1.5,0.001,4,"prot25_child",-0.2,-0.0202880950357795,1
1,1.5,0.001,4,"prot50_male",0,-0.169553423558862,1
1,1.5,0.001,4,"prot50_age",0,0.04397912664354,1
1,1.5,0.001,4,"prot50_income",0.3,0.225874696500831,1
1,1.5,0.001,4,"prot50_child",0,0.0516589842692034,1
1,1.5,0.001,4,"invasive_male",-0.5,-0.304020339458744,1
1,1.5,0.001,4,"invasive_age",-0.2,-0.159302251652931,1
1,1.5,0.001,4,"invasive_income",-0.6,-0.44254661443415,1
1,1.5,0.001,4,"invasive_child",0,-0.080628804564492,1
1,1.5,0.001,5,"ASC2_male",0,-0.327331678111044,1
1,1.5,0.001,5,"ASC2_age",0,-0.0503827823987085,1
1,1.5,0.001,5,"ASC2_income",-0.3,-0.208055614733296,1
1,1.5,0.001,5,"ASC2_child",0,-0.0384383162315307,1
1,1.5,0.001,5,"ASC3_male",0.7,0.214490930116504,1
1,1.5,0.001,5,"ASC3_age",0,-6.43682664573076e-06,0
1,1.5,0.001,5,"ASC3_income",0,-2.22995742295376e-08,0
1,1.5,0.001,5,"ASC3_child",0.3,0.257325048392549,1
1,1.5,0.001,5,"prot25_male",0.5,0.538008138006164,1
1,1.5,0.001,5,"prot25_age",0,0.0559267526196418,1
1,1.5,0.001,5,"prot25_income",0,3.17988751843309e-08,0
1,1.5,0.001,5,"prot25_child",0.5,0.250961685957319,1
1,1.5,0.001,5,"prot50_male",0.7,0.516512121701595,1
1,1.5,0.001,5,"prot50_age",0.7,0.525973508605273,1
1,1.5,0.001,5,"prot50_income",0,0.0326619328094655,1
1,1.5,0.001,5,"prot50_child",0,-0.0542290212750498,1
1,1.5,0.001,5,"invasive_male",0.3,0.097961167736144,1
1,1.5,0.001,5,"invasive_age",0,4.36887283602019e-09,0
1,1.5,0.001,5,"invasive_income",-0.8,-0.517704767414694,1
1,1.5,0.001,5,"invasive_child",-0.2,-0.0750066740279386,1
1,1.5,0.001,6,"ASC2_male",1.2,0.688594215007998,1
1,1.5,0.001,6,"ASC2_age",0.5,0.388853012320748,1
1,1.5,0.001,6,"ASC2_income",-0.2,-0.105893015248195,1
1,1.5,0.001,6,"ASC2_child",0,0.00237912089242548,1
1,1.5,0.001,6,"ASC3_male",0,-0.00640343700002247,1
1,1.5,0.001,6,"ASC3_age",-0.5,-0.252012158674648,1
1,1.5,0.001,6,"ASC3_income",0,0.0553768276137207,1
1,1.5,0.001,6,"ASC3_child",0,-0.00132989843582225,1
1,1.5,0.001,6,"prot25_male",0.2,0.102650325692746,1
1,1.5,0.001,6,"prot25_age",0,-0.0539623507629943,1
1,1.5,0.001,6,"prot25_income",0,0.00650193118236967,1
1,1.5,0.001,6,"prot25_child",0,0.128115036566631,1
1,1.5,0.001,6,"prot50_male",1,0.668926011207469,1
1,1.5,0.001,6,"prot50_age",-0.5,-0.289159199541797,1
1,1.5,0.001,6,"prot50_income",0,-0.0939080325914912,1
1,1.5,0.001,6,"prot50_child",0,0.120207054898319,1
1,1.5,0.001,6,"invasive_male",0.5,0.262674258491166,1
1,1.5,0.001,6,"invasive_age",-0.2,-0.060409464614512,1
1,1.5,0.001,6,"invasive_income",0,-0.00268091966125795,1
1,1.5,0.001,6,"invasive_child",0.3,0.200964990132133,1
1,1.5,0.001,7,"ASC2_male",0.2,0.0644238908378165,1
1,1.5,0.001,7,"ASC2_age",0,-0.045781268564393,1
1,1.5,0.001,7,"ASC2_income",0.8,0.414827328642544,1
1,1.5,0.001,7,"ASC2_child",0,1.9624908574766e-06,0
1,1.5,0.001,7,"ASC3_male",0.9,0.553926582108394,1
1,1.5,0.001,7,"ASC3_age",-1.2,-0.793342031920012,1
1,1.5,0.001,7,"ASC3_income",0.8,0.346510725919072,1
1,1.5,0.001,7,"ASC3_child",0,-0.0437047974392768,1
1,1.5,0.001,7,"prot25_male",-0.8,-0.416521966163543,1
1,1.5,0.001,7,"prot25_age",-0.5,-0.23353738196689,1
1,1.5,0.001,7,"prot25_income",0,0.0267217399873611,1
1,1.5,0.001,7,"prot25_child",0,0.0619377988148811,1
1,1.5,0.001,7,"prot50_male",0,0.117148841488472,1
1,1.5,0.001,7,"prot50_age",-0.9,-0.570044873396749,1
1,1.5,0.001,7,"prot50_income",-0.7,-0.474545599190077,1
1,1.5,0.001,7,"prot50_child",-0.8,-0.388489395689017,1
1,1.5,0.001,7,"invasive_male",0,-0.0054393580108426,1
1,1.5,0.001,7,"invasive_age",0,-1.56575757475835e-07,0
1,1.5,0.001,7,"invasive_income",0,-0.0668357284381908,1
1,1.5,0.001,7,"invasive_child",0,-1.6727307650372e-08,0
1,1.5,0.001,8,"ASC2_male",0.5,0.236222811040051,1
1,1.5,0.001,8,"ASC2_age",0,-0.0591160886230526,1
1,1.5,0.001,8,"ASC2_income",0,0.0312577611613144,1
1,1.5,0.001,8,"ASC2_child",-0.5,-0.256126592869195,1
1,1.5,0.001,8,"ASC3_male",0,-0.0143839789836042,1
1,1.5,0.001,8,"ASC3_age",0.8,0.468098875241306,1
1,1.5,0.001,8,"ASC3_income",0,0.041951462859457,1
1,1.5,0.001,8,"ASC3_child",0.6,0.353046448880291,1
1,1.5,0.001,8,"prot25_male",0,0.017602488455466,1
1,1.5,0.001,8,"prot25_age",1.2,0.822707800361384,1
1,1.5,0.001,8,"prot25_income",0,0.0177801743059036,1
1,1.5,0.001,8,"prot25_child",1.1,0.861003401906163,1
1,1.5,0.001,8,"prot50_male",0,2.25792985907825e-07,0
1,1.5,0.001,8,"prot50_age",0,0.0312342350089017,1
1,1.5,0.001,8,"prot50_income",0,0.0173739518865316,1
1,1.5,0.001,8,"prot50_child",-1,-0.433773294830914,1
1,1.5,0.001,8,"invasive_male",0,0.0142627764572313,1
1,1.5,0.001,8,"invasive_age",-0.3,-0.217435273203234,1
1,1.5,0.001,8,"invasive_income",0.3,0.218398935776902,1
1,1.5,0.001,8,"invasive_child",-0.9,-0.443257636492527,1
1,1.5,0.001,9,"ASC2_male",0,-4.5563448592844e-08,0
1,1.5,0.001,9,"ASC2_age",0.5,0.335967111089426,1
1,1.5,0.001,9,"ASC2_income",0.5,0.309091309034598,1
1,1.5,0.001,9,"ASC2_child",0,-3.40614944629218e-08,0
1,1.5,0.001,9,"ASC3_male",0,-4.69329049922637e-08,0
1,1.5,0.001,9,"ASC3_age",0,-0.0349698772470797,1
1,1.5,0.001,9,"ASC3_income",0,0.0400739123897627,1
1,1.5,0.001,9,"ASC3_child",-0.3,-0.211514294645991,1
1,1.5,0.001,9,"prot25_male",0.7,0.482103419183616,1
1,1.5,0.001,9,"prot25_age",0.4,0.236651878221131,1
1,1.5,0.001,9,"prot25_income",0,-1.02934194085618e-08,0
1,1.5,0.001,9,"prot25_child",0.3,0.050488937501323,1
1,1.5,0.001,9,"prot50_male",-0.2,-0.030508493416036,1
1,1.5,0.001,9,"prot50_age",-1,-0.70398309592609,1
1,1.5,0.001,9,"prot50_income",0,-0.0133919728599319,1
1,1.5,0.001,9,"prot50_child",-0.8,-0.481181653116733,1
1,1.5,0.001,9,"invasive_male",0,0.0570643880751551,1
1,1.5,0.001,9,"invasive_age",1,0.561608883841681,1
1,1.5,0.001,9,"invasive_income",0,0.00115111973963022,1
1,1.5,0.001,9,"invasive_child",0,-0.0832623289398463,1
1,1.5,0.001,10,"ASC2_male",0,-0.200871392770736,1
1,1.5,0.001,10,"ASC2_age",-1,-0.66355109564478,1
1,1.5,0.001,10,"ASC2_income",0,0.000167075741553462,0
1,1.5,0.001,10,"ASC2_child",0,-9.10032293488371e-09,0
1,1.5,0.001,10,"ASC3_male",0.7,0.195275870174804,1
1,1.5,0.001,10,"ASC3_age",0,0.0052148058833449,1
1,1.5,0.001,10,"ASC3_income",0,5.8162108444305e-06,0
1,1.5,0.001,10,"ASC3_child",0,-1.68953804499451e-05,0
1,1.5,0.001,10,"prot25_male",-1,-0.498448049984286,1
1,1.5,0.001,10,"prot25_age",1.1,0.761392251539041,1
1,1.5,0.001,10,"prot25_income",-0.7,-0.435142249016516,1
1,1.5,0.001,10,"prot25_child",-0.3,-8.21675437857453e-05,0
1,1.5,0.001,10,"prot50_male",0,0.158867717958618,1
1,1.5,0.001,10,"prot50_age",0,0.00767141137997469,1
1,1.5,0.001,10,"prot50_income",0,0.0565126853657266,1
1,1.5,0.001,10,"prot50_child",0,2.37266201463116e-05,0
1,1.5,0.001,10,"invasive_male",0.2,1.88249511728076e-06,0
1,1.5,0.001,10,"invasive_age",0.6,0.396314712311357,1
1,1.5,0.001,10,"invasive_income",-0.4,-0.258183887193495,1
1,1.5,0.001,10,"invasive_child",-0.3,-0.0654836658078715,1
1,1.5,0.001,11,"ASC2_male",1.1,0.484642270699696,1
1,1.5,0.001,11,"ASC2_age",0,0.0698603823356268,1
1,1.5,0.001,11,"ASC2_income",0.1,-0.0150526655524086,1
1,1.5,0.001,11,"ASC2_child",0,0.0885379082329518,1
1,1.5,0.001,11,"ASC3_male",0.6,0.128021350379838,1
1,1.5,0.001,11,"ASC3_age",-1,-0.625784079782824,1
1,1.5,0.001,11,"ASC3_income",0.9,0.536829326300152,1
1,1.5,0.001,11,"ASC3_child",-0.8,-0.445432994063243,1
1,1.5,0.001,11,"prot25_male",-0.9,-0.509707612427924,1
1,1.5,0.001,11,"prot25_age",0,-0.0814786287982479,1
1,1.5,0.001,11,"prot25_income",0,-0.000113012580939989,0
1,1.5,0.001,11,"prot25_child",0,0.0540511171015111,1
1,1.5,0.001,11,"prot50_male",0,0.0423121458749321,1
1,1.5,0.001,11,"prot50_age",0,-0.0123669780429445,1
1,1.5,0.001,11,"prot50_income",0,0.0322258266045489,1
1,1.5,0.001,11,"prot50_child",0,-0.0778502141187397,1
1,1.5,0.001,11,"invasive_male",-0.7,-0.674290409653687,1
1,1.5,0.001,11,"invasive_age",0,0.0435271078860157,1
1,1.5,0.001,11,"invasive_income",1,0.638203944124934,1
1,1.5,0.001,11,"invasive_child",-1.2,-0.832052184473467,1
1,1.5,0.001,12,"ASC2_male",0,0.0382980161938679,1
1,1.5,0.001,12,"ASC2_age",-0.4,-0.302829487625232,1
1,1.5,0.001,12,"ASC2_income",-0.6,-0.470325742584532,1
1,1.5,0.001,12,"ASC2_child",-1.2,-0.820373062653374,1
1,1.5,0.001,12,"ASC3_male",-0.7,-0.545571787471997,1
1,1.5,0.001,12,"ASC3_age",0.4,0.269553832575037,1
1,1.5,0.001,12,"ASC3_income",0,-0.0709795739444104,1
1,1.5,0.001,12,"ASC3_child",0,-0.121949414826549,1
1,1.5,0.001,12,"prot25_male",0,0.0832185812144437,1
1,1.5,0.001,12,"prot25_age",0,-0.00237252141386381,1
1,1.5,0.001,12,"prot25_income",0,-0.0197272752685746,1
1,1.5,0.001,12,"prot25_child",1,0.896804612193483,1
1,1.5,0.001,12,"prot50_male",-0.6,-0.28545363854047,1
1,1.5,0.001,12,"prot50_age",0,0.0541652313952261,1
1,1.5,0.001,12,"prot50_income",0,-0.0205828202146238,1
1,1.5,0.001,12,"prot50_child",0,0.168502161052425,1
1,1.5,0.001,12,"invasive_male",0,0.0327578805224682,1
1,1.5,0.001,12,"invasive_age",0.6,0.445360471690767,1
1,1.5,0.001,12,"invasive_income",0.6,0.316781939349813,1
1,1.5,0.001,12,"invasive_child",-0.8,-0.539242013903556,1
1,1.5,0.001,13,"ASC2_male",-0.4,-0.224832265514864,1
1,1.5,0.001,13,"ASC2_age",0,0.0231071958609443,1
1,1.5,0.001,13,"ASC2_income",0,-0.0324928921731566,1
1,1.5,0.001,13,"ASC2_child",0,3.35554885977507e-07,0
1,1.5,0.001,13,"ASC3_male",-0.4,-0.19711304763421,1
1,1.5,0.001,13,"ASC3_age",-0.3,-0.188087431025363,1
1,1.5,0.001,13,"ASC3_income",-0.3,-0.272439073463138,1
1,1.5,0.001,13,"ASC3_child",0,0.0550862963352187,1
1,1.5,0.001,13,"prot25_male",0,1.15325055622951e-07,0
1,1.5,0.001,13,"prot25_age",-0.4,-0.286484986733704,1
1,1.5,0.001,13,"prot25_income",-1,-0.629972730823908,1
1,1.5,0.001,13,"prot25_child",0,-0.0338654555881789,1
1,1.5,0.001,13,"prot50_male",-0.6,-0.450874152298079,1
1,1.5,0.001,13,"prot50_age",0,-0.0122225298068424,1
1,1.5,0.001,13,"prot50_income",0,-0.0456570251744327,1
1,1.5,0.001,13,"prot50_child",0,0.0379446277747443,1
1,1.5,0.001,13,"invasive_male",-0.2,-0.0295879301882004,1
1,1.5,0.001,13,"invasive_age",1,0.686379896831301,1
1,1.5,0.001,13,"invasive_income",0.5,0.176934202132985,1
1,1.5,0.001,13,"invasive_child",0,0.0425641131030756,1
1,1.5,0.001,14,"ASC2_male",1.1,0.700057311071045,1
1,1.5,0.001,14,"ASC2_age",0,0.0631070246090556,1
1,1.5,0.001,14,"ASC2_income",0,-0.0630750352540698,1
1,1.5,0.001,14,"ASC2_child",0.9,0.579640870287146,1
1,1.5,0.001,14,"ASC3_male",-0.6,-0.302185187646425,1
1,1.5,0.001,14,"ASC3_age",0,-3.93344551709764e-10,0
1,1.5,0.001,14,"ASC3_income",0.9,0.528123208078444,1
1,1.5,0.001,14,"ASC3_child",0,-1.24467047744213e-08,0
1,1.5,0.001,14,"prot25_male",0,-7.11967151133778e-09,0
1,1.5,0.001,14,"prot25_age",0,-2.57352816405573e-08,0
1,1.5,0.001,14,"prot25_income",0,0.00982540858431286,1
1,1.5,0.001,14,"prot25_child",0,0.0285860301565253,1
1,1.5,0.001,14,"prot50_male",0,0.0587711492187846,1
1,1.5,0.001,14,"prot50_age",1,0.629674208255218,1
1,1.5,0.001,14,"prot50_income",0,-0.0107049517229915,1
1,1.5,0.001,14,"prot50_child",-0.9,-0.36542194135424,1
1,1.5,0.001,14,"invasive_male",0.3,0.00378075150545963,1
1,1.5,0.001,14,"invasive_age",-0.8,-0.50661058736968,1
1,1.5,0.001,14,"invasive_income",0.6,0.390656497323179,1
1,1.5,0.001,14,"invasive_child",-0.4,-0.0248097122131003,1
1,1.5,0.001,15,"ASC2_male",-0.9,-0.503606373637601,1
1,1.5,0.001,15,"ASC2_age",1.2,0.788341184316634,1
1,1.5,0.001,15,"ASC2_income",0,-0.0475299294771807,1
1,1.5,0.001,15,"ASC2_child",-0.4,-0.152063434082808,1
1,1.5,0.001,15,"ASC3_male",-0.6,-0.308629457594483,1
1,1.5,0.001,15,"ASC3_age",0,0.00537196330088875,1
1,1.5,0.001,15,"ASC3_income",0,-1.16150954532542e-07,0
1,1.5,0.001,15,"ASC3_child",0.9,0.567135582804264,1
1,1.5,0.001,15,"prot25_male",0,0.059791504573925,1
1,1.5,0.001,15,"prot25_age",0.7,0.468182526352615,1
1,1.5,0.001,15,"prot25_income",-0.3,-0.170579684056381,1
1,1.5,0.001,15,"prot25_child",0.5,0.104008909662593,1
1,1.5,0.001,15,"prot50_male",0,-5.04406185897369e-09,0
1,1.5,0.001,15,"prot50_age",-0.5,-0.324897610379576,1
1,1.5,0.001,15,"prot50_income",0,0.0474331983061586,1
1,1.5,0.001,15,"prot50_child",0.2,-8.57973783434332e-07,0
1,1.5,0.001,15,"invasive_male",0,0.0202742396387344,1
1,1.5,0.001,15,"invasive_age",0,0.0249111881203428,1
1,1.5,0.001,15,"invasive_income",0,0.000988058710199253,0
1,1.5,0.001,15,"invasive_child",0,0.124607528533877,1
1,1.5,0.001,16,"ASC2_male",0,-7.84090101157572e-07,0
1,1.5,0.001,16,"ASC2_age",-0.6,-0.41746119775515,1
1,1.5,0.001,16,"ASC2_income",0,-0.0085820532614887,1
1,1.5,0.001,16,"ASC2_child",-0.8,-0.416130071016559,1
1,1.5,0.001,16,"ASC3_male",0,1.63744109825738e-06,0
1,1.5,0.001,16,"ASC3_age",-0.8,-0.514221205997883,1
1,1.5,0.001,16,"ASC3_income",0.8,0.498518874227616,1
1,1.5,0.001,16,"ASC3_child",-0.8,-0.37336779845593,1
1,1.5,0.001,16,"prot25_male",0.7,0.322759276243608,1
1,1.5,0.001,16,"prot25_age",-1,-0.582501528192494,1
1,1.5,0.001,16,"prot25_income",0,-0.025716575081195,1
1,1.5,0.001,16,"prot25_child",0,-8.34058879305111e-10,0
1,1.5,0.001,16,"prot50_male",0.6,0.287103815152528,1
1,1.5,0.001,16,"prot50_age",-1,-0.601072410292991,1
1,1.5,0.001,16,"prot50_income",0,-0.0909656606673644,1
1,1.5,0.001,16,"prot50_child",0,0.00899573529956984,1
1,1.5,0.001,16,"invasive_male",0,-0.0201930239322627,1
1,1.5,0.001,16,"invasive_age",0.8,0.482622194261723,1
1,1.5,0.001,16,"invasive_income",0,2.39985173852895e-07,0
1,1.5,0.001,16,"invasive_child",0,0.141861373265914,1
1,1.5,0.001,17,"ASC2_male",0,-0.0475014419940802,1
1,1.5,0.001,17,"ASC2_age",-1,-0.674426164416752,1
1,1.5,0.001,17,"ASC2_income",-0.9,-0.720857110690137,1
1,1.5,0.001,17,"ASC2_child",0,-0.0107430591764682,1
1,1.5,0.001,17,"ASC3_male",0,-5.89093056247388e-08,0
1,1.5,0.001,17,"ASC3_age",-1.1,-0.680630439165167,1
1,1.5,0.001,17,"ASC3_income",0,-0.0587239310222622,1
1,1.5,0.001,17,"ASC3_child",-0.6,-0.414584977154058,1
1,1.5,0.001,17,"prot25_male",-0.9,-0.610386788931289,1
1,1.5,0.001,17,"prot25_age",0,-0.0443111861884281,1
1,1.5,0.001,17,"prot25_income",0.6,0.418315317556097,1
1,1.5,0.001,17,"prot25_child",0,-0.110568751033967,1
1,1.5,0.001,17,"prot50_male",0.2,0.201206214447824,1
1,1.5,0.001,17,"prot50_age",0.5,0.328136630802152,1
1,1.5,0.001,17,"prot50_income",0,0.0150764642919784,1
1,1.5,0.001,17,"prot50_child",0,-1.83705259748776e-08,0
1,1.5,0.001,17,"invasive_male",0.8,0.609811810263596,1
1,1.5,0.001,17,"invasive_age",0,0.0166458420272823,1
1,1.5,0.001,17,"invasive_income",-1.1,-0.825408264769734,1
1,1.5,0.001,17,"invasive_child",0,-1.73871370516011e-08,0
1,1.5,0.001,18,"ASC2_male",0.2,-0.0877563661222947,1
1,1.5,0.001,18,"ASC2_age",0.7,0.522553179941998,1
1,1.5,0.001,18,"ASC2_income",0,-0.0515070280972563,1
1,1.5,0.001,18,"ASC2_child",0.7,0.487524651862163,1
1,1.5,0.001,18,"ASC3_male",0.2,-0.0368025870003698,1
1,1.5,0.001,18,"ASC3_age",0,0.038179230381587,1
1,1.5,0.001,18,"ASC3_income",0.4,0.162429299209988,1
1,1.5,0.001,18,"ASC3_child",0,-8.02410977507863e-08,0
1,1.5,0.001,18,"prot25_male",0,0.225905273173198,1
1,1.5,0.001,18,"prot25_age",0,0.0139316887225357,1
1,1.5,0.001,18,"prot25_income",0,0.0845904455523043,1
1,1.5,0.001,18,"prot25_child",-0.5,-0.440187779449307,1
1,1.5,0.001,18,"prot50_male",-0.6,-0.228229952474238,1
1,1.5,0.001,18,"prot50_age",0,-0.0601891594535662,1
1,1.5,0.001,18,"prot50_income",1,0.804245387134616,1
1,1.5,0.001,18,"prot50_child",0,-2.97146546270061e-09,0
1,1.5,0.001,18,"invasive_male",0,-0.0506450176952811,1
1,1.5,0.001,18,"invasive_age",0,-0.0191678450624288,1
1,1.5,0.001,18,"invasive_income",-0.2,-0.0914479254133689,1
1,1.5,0.001,18,"invasive_child",0.7,0.480918682305013,1
1,1.5,0.001,19,"ASC2_male",0,2.32424161465849e-08,0
1,1.5,0.001,19,"ASC2_age",0,0.0135754726946908,1
1,1.5,0.001,19,"ASC2_income",-0.2,-0.138856862525451,1
1,1.5,0.001,19,"ASC2_child",0,0.0559289909500014,1
1,1.5,0.001,19,"ASC3_male",0,-0.00444773927221137,1
1,1.5,0.001,19,"ASC3_age",0.2,0.106450609711092,1
1,1.5,0.001,19,"ASC3_income",-0.8,-0.520400410901869,1
1,1.5,0.001,19,"ASC3_child",-1,-0.565701179178636,1
1,1.5,0.001,19,"prot25_male",0,0.0278871617773806,1
1,1.5,0.001,19,"prot25_age",0,0.0144237634652273,1
1,1.5,0.001,19,"prot25_income",0,-8.19175137423247e-05,0
1,1.5,0.001,19,"prot25_child",0.7,0.328166860127666,1
1,1.5,0.001,19,"prot50_male",-1,-0.47316316895641,1
1,1.5,0.001,19,"prot50_age",0,-6.88291551438927e-09,0
1,1.5,0.001,19,"prot50_income",0.5,0.287171674869996,1
1,1.5,0.001,19,"prot50_child",1.1,0.633510892728547,1
1,1.5,0.001,19,"invasive_male",0,-5.45326319051835e-07,0
1,1.5,0.001,19,"invasive_age",0,3.88706580976384e-07,0
1,1.5,0.001,19,"invasive_income",0.6,0.407572557112141,1
1,1.5,0.001,19,"invasive_child",-1.2,-0.682595814362517,1
1,1.5,0.001,20,"ASC2_male",0,-3.68012969577679e-09,0
1,1.5,0.001,20,"ASC2_age",0.9,0.530554458376792,1
1,1.5,0.001,20,"ASC2_income",1,0.667774940324328,1
1,1.5,0.001,20,"ASC2_child",-1,-0.285473458764044,1
1,1.5,0.001,20,"ASC3_male",0.7,0.469453294668955,1
1,1.5,0.001,20,"ASC3_age",-1.2,-0.761420090652643,1
1,1.5,0.001,20,"ASC3_income",-0.6,-0.325905368771179,1
1,1.5,0.001,20,"ASC3_child",-0.7,-0.0687946653957491,1
1,1.5,0.001,20,"prot25_male",0,-2.12599954098697e-11,0
1,1.5,0.001,20,"prot25_age",0,-8.68822956485677e-09,0
1,1.5,0.001,20,"prot25_income",0,0.0441814535670876,1
1,1.5,0.001,20,"prot25_child",0.7,0.16747901971954,1
1,1.5,0.001,20,"prot50_male",0,-1.53515855545645e-09,0
1,1.5,0.001,20,"prot50_age",0,-0.0274783272904467,1
1,1.5,0.001,20,"prot50_income",0,-1.09576217200192e-08,0
1,1.5,0.001,20,"prot50_child",0,-0.165531673027978,1
1,1.5,0.001,20,"invasive_male",0,-1.57693179628339e-08,0
1,1.5,0.001,20,"invasive_age",0.5,0.249273998841772,1
1,1.5,0.001,20,"invasive_income",0,-7.29959765446884e-09,0
1,1.5,0.001,20,"invasive_child",0.3,0.198631928295866,1
1,1.5,0.001,21,"ASC2_male",-0.5,-0.2538543800238,1
1,1.5,0.001,21,"ASC2_age",-0.6,-0.376402081997602,1
1,1.5,0.001,21,"ASC2_income",0,-0.0555971850651495,1
1,1.5,0.001,21,"ASC2_child",1.1,0.701067840895687,1
1,1.5,0.001,21,"ASC3_male",0,2.42018117281693e-10,0
1,1.5,0.001,21,"ASC3_age",0.3,0.255764328415858,1
1,1.5,0.001,21,"ASC3_income",0,-0.0114655820281041,1
1,1.5,0.001,21,"ASC3_child",0,-4.388220449745e-09,0
1,1.5,0.001,21,"prot25_male",0.5,0.413567158599865,1
1,1.5,0.001,21,"prot25_age",0,-0.0112167571755709,1
1,1.5,0.001,21,"prot25_income",-1,-0.723469158947659,1
1,1.5,0.001,21,"prot25_child",0,0.0500730894964397,1
1,1.5,0.001,21,"prot50_male",-0.5,-0.188389636346908,1
1,1.5,0.001,21,"prot50_age",0,-0.0125653716321393,1
1,1.5,0.001,21,"prot50_income",0,-0.0432357400955033,1
1,1.5,0.001,21,"prot50_child",-0.7,-0.321631487940819,1
1,1.5,0.001,21,"invasive_male",0,-9.00844716966391e-09,0
1,1.5,0.001,21,"invasive_age",1.2,0.843879652198013,1
1,1.5,0.001,21,"invasive_income",-0.2,-0.110745912283273,1
1,1.5,0.001,21,"invasive_child",0,-0.0234919941167802,1
1,1.5,0.001,22,"ASC2_male",0.7,0.460286087749619,1
1,1.5,0.001,22,"ASC2_age",-0.2,-1.19953822397344e-07,0
1,1.5,0.001,22,"ASC2_income",-0.4,-0.248345120067445,1
1,1.5,0.001,22,"ASC2_child",0,-1.02030853501569e-07,0
1,1.5,0.001,22,"ASC3_male",0,-0.0527415878958463,1
1,1.5,0.001,22,"ASC3_age",-0.7,-0.359006542107784,1
1,1.5,0.001,22,"ASC3_income",0,0.00507936932533061,1
1,1.5,0.001,22,"ASC3_child",-0.7,-0.438533289990999,1
1,1.5,0.001,22,"prot25_male",0,0.0891045433735316,1
1,1.5,0.001,22,"prot25_age",0,-0.10650474178201,1
1,1.5,0.001,22,"prot25_income",0.5,0.356619295864059,1
1,1.5,0.001,22,"prot25_child",0,-6.81084783537529e-09,0
1,1.5,0.001,22,"prot50_male",0,-6.94321944954552e-09,0
1,1.5,0.001,22,"prot50_age",1,0.5680941930803,1
1,1.5,0.001,22,"prot50_income",-0.9,-0.588962180266513,1
1,1.5,0.001,22,"prot50_child",-1.1,-0.624127504124692,1
1,1.5,0.001,22,"invasive_male",0,-0.014486334207674,1
1,1.5,0.001,22,"invasive_age",0.3,0.183616225763369,1
1,1.5,0.001,22,"invasive_income",0,-0.0323887870272364,1
1,1.5,0.001,22,"invasive_child",0,1.42463522849422e-09,0
1,1.5,0.001,23,"ASC2_male",0,-0.117288413784349,1
1,1.5,0.001,23,"ASC2_age",0.5,0.442137301208715,1
1,1.5,0.001,23,"ASC2_income",0.8,0.627866504338665,1
1,1.5,0.001,23,"ASC2_child",-0.2,1.53440676780776e-08,0
1,1.5,0.001,23,"ASC3_male",0.6,0.295657657907372,1
1,1.5,0.001,23,"ASC3_age",-0.3,-0.10876935586532,1
1,1.5,0.001,23,"ASC3_income",0,0.094436649904744,1
1,1.5,0.001,23,"ASC3_child",0,0.019987381966473,1
1,1.5,0.001,23,"prot25_male",0.8,0.522815627862606,1
1,1.5,0.001,23,"prot25_age",0.4,0.297743637802045,1
1,1.5,0.001,23,"prot25_income",0.5,0.314571508670357,1
1,1.5,0.001,23,"prot25_child",0,-5.48347646216256e-08,0
1,1.5,0.001,23,"prot50_male",0,0.0336473146368664,1
1,1.5,0.001,23,"prot50_age",0,-8.69012774801483e-09,0
1,1.5,0.001,23,"prot50_income",0,-9.59705587411382e-08,0
1,1.5,0.001,23,"prot50_child",0.5,0.253917410761451,1
1,1.5,0.001,23,"invasive_male",-0.5,-0.0957331238976382,1
1,1.5,0.001,23,"invasive_age",0,0.0245167055792488,1
1,1.5,0.001,23,"invasive_income",0,-1.00893206676178e-08,0
1,1.5,0.001,23,"invasive_child",0,-0.0553319780533525,1
1,1.5,0.001,24,"ASC2_male",-0.3,-0.0656145803356391,1
1,1.5,0.001,24,"ASC2_age",-0.3,-0.21809497729673,1
1,1.5,0.001,24,"ASC2_income",0,-0.112091601259952,1
1,1.5,0.001,24,"ASC2_child",0,-3.65979792128822e-09,0
1,1.5,0.001,24,"ASC3_male",0,0.240055980276027,1
1,1.5,0.001,24,"ASC3_age",1.2,0.81428469062955,1
1,1.5,0.001,24,"ASC3_income",0,-0.095683532250697,1
1,1.5,0.001,24,"ASC3_child",0,-0.00862126524018006,1
1,1.5,0.001,24,"prot25_male",0.4,0.0354127575113829,1
1,1.5,0.001,24,"prot25_age",0,-0.0112229021629001,1
1,1.5,0.001,24,"prot25_income",0.8,0.59344462478482,1
1,1.5,0.001,24,"prot25_child",1,0.670613956909584,1
1,1.5,0.001,24,"prot50_male",0,-0.132701318475123,1
1,1.5,0.001,24,"prot50_age",-0.8,-0.517897010851175,1
1,1.5,0.001,24,"prot50_income",1.1,0.789711680012574,1
1,1.5,0.001,24,"prot50_child",0,-0.0114588284551922,1
1,1.5,0.001,24,"invasive_male",0,-0.0723670871627374,1
1,1.5,0.001,24,"invasive_age",1.1,0.758509363580507,1
1,1.5,0.001,24,"invasive_income",0,-0.00900160223808531,1
1,1.5,0.001,24,"invasive_child",1.2,0.80387743368096,1
1,1.5,0.001,25,"ASC2_male",1.2,0.752002269143109,1
1,1.5,0.001,25,"ASC2_age",0,0.0995272947439568,1
1,1.5,0.001,25,"ASC2_income",0,0.0146876533366521,1
1,1.5,0.001,25,"ASC2_child",0,-0.00517705369958368,1
1,1.5,0.001,25,"ASC3_male",-1,-0.682831062009363,1
1,1.5,0.001,25,"ASC3_age",-0.2,-0.0568989935088664,1
1,1.5,0.001,25,"ASC3_income",0,2.00472492124374e-09,0
1,1.5,0.001,25,"ASC3_child",-1.1,-0.686557101817098,1
1,1.5,0.001,25,"prot25_male",1.1,0.670301541762617,1
1,1.5,0.001,25,"prot25_age",-0.6,-0.442729485952105,1
1,1.5,0.001,25,"prot25_income",0,0.0491259845584568,1
1,1.5,0.001,25,"prot25_child",1,0.680735955146411,1
1,1.5,0.001,25,"prot50_male",0,-0.0560815835095059,1
1,1.5,0.001,25,"prot50_age",0,-0.0808242122656286,1
1,1.5,0.001,25,"prot50_income",0,0.0408208349664001,1
1,1.5,0.001,25,"prot50_child",0,-0.0618862946309754,1
1,1.5,0.001,25,"invasive_male",0,1.7675053442574e-08,0
1,1.5,0.001,25,"invasive_age",1.1,0.733602208833031,1
1,1.5,0.001,25,"invasive_income",-1.2,-0.808137494335276,1
1,1.5,0.001,25,"invasive_child",1.2,0.757041828291742,1
1,1.5,0.001,26,"ASC2_male",0,-0.196026156048449,1
1,1.5,0.001,26,"ASC2_age",-0.9,-0.54407725506096,1
1,1.5,0.001,26,"ASC2_income",-1.2,-0.684458392428878,1
1,1.5,0.001,26,"ASC2_child",-0.4,-0.172369286833485,1
1,1.5,0.001,26,"ASC3_male",0.8,0.316114852882886,1
1,1.5,0.001,26,"ASC3_age",0,0.0602117326384678,1
1,1.5,0.001,26,"ASC3_income",-0.5,-0.30167844568874,1
1,1.5,0.001,26,"ASC3_child",0.1,0.0760200209706093,1
1,1.5,0.001,26,"prot25_male",-0.9,-0.375558670312636,1
1,1.5,0.001,26,"prot25_age",0,-0.00430066160155349,1
1,1.5,0.001,26,"prot25_income",0,-0.12976664720344,1
1,1.5,0.001,26,"prot25_child",0,-1.83782056831373e-09,0
1,1.5,0.001,26,"prot50_male",0,0.157915377482037,1
1,1.5,0.001,26,"prot50_age",0,-0.0530448601200708,1
1,1.5,0.001,26,"prot50_income",0.1,0.0346404737204158,1
1,1.5,0.001,26,"prot50_child",0,-5.69551811914666e-07,0
1,1.5,0.001,26,"invasive_male",0,-3.18348573386435e-08,0
1,1.5,0.001,26,"invasive_age",0.9,0.49908437399378,1
1,1.5,0.001,26,"invasive_income",-0.7,-0.45190411654527,1
1,1.5,0.001,26,"invasive_child",0,-7.91793961234204e-09,0
1,1.5,0.001,27,"ASC2_male",-1.2,-0.804926828295831,1
1,1.5,0.001,27,"ASC2_age",-0.5,-0.242682384045832,1
1,1.5,0.001,27,"ASC2_income",0,0.095253824003082,1
1,1.5,0.001,27,"ASC2_child",0,-2.07124586004427e-08,0
1,1.5,0.001,27,"ASC3_male",0,1.08804433434105e-06,0
1,1.5,0.001,27,"ASC3_age",0,0.0367249052752944,1
1,1.5,0.001,27,"ASC3_income",0,0.0383366702381911,1
1,1.5,0.001,27,"ASC3_child",0.8,0.459621217337778,1
1,1.5,0.001,27,"prot25_male",-0.8,-0.424084058692361,1
1,1.5,0.001,27,"prot25_age",0.9,0.553133778273992,1
1,1.5,0.001,27,"prot25_income",0,6.68265313412128e-07,0
1,1.5,0.001,27,"prot25_child",0.6,0.572435687861419,1
1,1.5,0.001,27,"prot50_male",0,0.183559197987461,1
1,1.5,0.001,27,"prot50_age",0,0.0206464676592761,1
1,1.5,0.001,27,"prot50_income",0,-0.00813947314658912,1
1,1.5,0.001,27,"prot50_child",0.4,0.320986663640777,1
1,1.5,0.001,27,"invasive_male",-0.2,-0.0275257756174779,1
1,1.5,0.001,27,"invasive_age",-0.2,-0.0676187965549715,1
1,1.5,0.001,27,"invasive_income",1,0.78730467883642,1
1,1.5,0.001,27,"invasive_child",0,-1.82451316732931e-08,0
1,1.5,0.001,28,"ASC2_male",-0.6,-0.178792479239908,1
1,1.5,0.001,28,"ASC2_age",0,0.0134309052953031,1
1,1.5,0.001,28,"ASC2_income",0,0.10612113072047,1
1,1.5,0.001,28,"ASC2_child",0,0.10322145440181,1
1,1.5,0.001,28,"ASC3_male",-0.9,-0.43026724741689,1
1,1.5,0.001,28,"ASC3_age",-0.8,-0.498467334332103,1
1,1.5,0.001,28,"ASC3_income",0,0.102315763761966,1
1,1.5,0.001,28,"ASC3_child",-0.7,-0.311931875279517,1
1,1.5,0.001,28,"prot25_male",0,-0.0962662710477899,1
1,1.5,0.001,28,"prot25_age",1.1,0.744631586409577,1
1,1.5,0.001,28,"prot25_income",1.2,0.807100227244655,1
1,1.5,0.001,28,"prot25_child",0,6.03735759388726e-07,0
1,1.5,0.001,28,"prot50_male",-0.2,-0.200493885594089,1
1,1.5,0.001,28,"prot50_age",0.8,0.47930898641823,1
1,1.5,0.001,28,"prot50_income",-0.2,-0.147737639862284,1
1,1.5,0.001,28,"prot50_child",0,8.49250717989633e-08,0
1,1.5,0.001,28,"invasive_male",0,8.78538986827469e-07,0
1,1.5,0.001,28,"invasive_age",0,0.0137693074871022,1
1,1.5,0.001,28,"invasive_income",0.3,0.245100756712854,1
1,1.5,0.001,28,"invasive_child",0,0.17086692830477,1
1,1.5,0.001,29,"ASC2_male",0,3.20832498233967e-07,0
1,1.5,0.001,29,"ASC2_age",0,0.128098497406382,1
1,1.5,0.001,29,"ASC2_income",-0.1,-0.0301966591305105,1
1,1.5,0.001,29,"ASC2_child",0,-3.62158112413693e-08,0
1,1.5,0.001,29,"ASC3_male",0,-0.00682221529234777,1
1,1.5,0.001,29,"ASC3_age",0.9,0.658323972541778,1
1,1.5,0.001,29,"ASC3_income",0,7.05762509869225e-08,0
1,1.5,0.001,29,"ASC3_child",-0.2,-0.253399017402772,1
1,1.5,0.001,29,"prot25_male",0,-2.55593048649235e-07,0
1,1.5,0.001,29,"prot25_age",0,-0.141118645894702,1
1,1.5,0.001,29,"prot25_income",0.8,0.557420815424695,1
1,1.5,0.001,29,"prot25_child",-0.4,-0.346210249328622,1
1,1.5,0.001,29,"prot50_male",0.4,0.354472439153525,1
1,1.5,0.001,29,"prot50_age",0.5,0.247810983254889,1
1,1.5,0.001,29,"prot50_income",0,-7.86387545984833e-07,0
1,1.5,0.001,29,"prot50_child",0.7,0.457227696727852,1
1,1.5,0.001,29,"invasive_male",0,2.15992394611221e-07,0
1,1.5,0.001,29,"invasive_age",-0.3,-0.124453516541876,1
1,1.5,0.001,29,"invasive_income",0,-0.0106723491330729,1
1,1.5,0.001,29,"invasive_child",1,0.629527074846927,1
1,1.5,0.001,30,"ASC2_male",0,-0.000858464516894027,0
1,1.5,0.001,30,"ASC2_age",0,-0.00273354414660382,1
1,1.5,0.001,30,"ASC2_income",0,-2.54785919894966e-07,0
1,1.5,0.001,30,"ASC2_child",0.6,0.28620025558386,1
1,1.5,0.001,30,"ASC3_male",0.4,0.141524441768521,1
1,1.5,0.001,30,"ASC3_age",0,-0.0296126894159329,1
1,1.5,0.001,30,"ASC3_income",0.2,0.108175797529667,1
1,1.5,0.001,30,"ASC3_child",0.2,-9.92104373174869e-10,0
1,1.5,0.001,30,"prot25_male",0,0.080775389184175,1
1,1.5,0.001,30,"prot25_age",-0.7,-0.393302760343635,1
1,1.5,0.001,30,"prot25_income",0.4,0.190488494284314,1
1,1.5,0.001,30,"prot25_child",0.8,0.644878519543101,1
1,1.5,0.001,30,"prot50_male",-0.7,-0.361666240232585,1
1,1.5,0.001,30,"prot50_age",0,0.0319621536707566,1
1,1.5,0.001,30,"prot50_income",0,-2.01481093978894e-07,0
1,1.5,0.001,30,"prot50_child",0,0.0327965968273864,1
1,1.5,0.001,30,"invasive_male",1.1,0.568438843322991,1
1,1.5,0.001,30,"invasive_age",0,0.0393456626533506,1
1,1.5,0.001,30,"invasive_income",0.4,0.223887529533988,1
1,1.5,0.001,30,"invasive_child",0,-0.0159757278344276,1
1,1.5,0.001,31,"ASC2_male",1.2,0.784612641708003,1
1,1.5,0.001,31,"ASC2_age",0,-0.0345205944270967,1
1,1.5,0.001,31,"ASC2_income",-0.3,-0.324055263317845,1
1,1.5,0.001,31,"ASC2_child",0,-0.130523343188342,1
1,1.5,0.001,31,"ASC3_male",0,2.03012685318609e-08,0
1,1.5,0.001,31,"ASC3_age",0,-0.0158000306368983,1
1,1.5,0.001,31,"ASC3_income",0,-0.136699613212216,1
1,1.5,0.001,31,"ASC3_child",0,-0.0823078653734784,1
1,1.5,0.001,31,"prot25_male",-0.8,-0.386938108227511,1
1,1.5,0.001,31,"prot25_age",-0.2,-0.0941052111329571,1
1,1.5,0.001,31,"prot25_income",0,0.0663885129850096,1
1,1.5,0.001,31,"prot25_child",0,0.0172194627773311,1
1,1.5,0.001,31,"prot50_male",-0.9,-0.472065479870262,1
1,1.5,0.001,31,"prot50_age",-0.9,-0.556407002905841,1
1,1.5,0.001,31,"prot50_income",-0.2,-0.0550412539166755,1
1,1.5,0.001,31,"prot50_child",-0.5,-0.148745502204302,1
1,1.5,0.001,31,"invasive_male",-1,-0.562763830993161,1
1,1.5,0.001,31,"invasive_age",0,0.0473946491544432,1
1,1.5,0.001,31,"invasive_income",0,-4.4073903044486e-08,0
1,1.5,0.001,31,"invasive_child",-0.7,-0.391400923668923,1
1,1.5,0.001,32,"ASC2_male",0.2,0.00153495926075166,1
1,1.5,0.001,32,"ASC2_age",0.7,0.425566313807319,1
1,1.5,0.001,32,"ASC2_income",-1,-0.645107519069927,1
1,1.5,0.001,32,"ASC2_child",0.4,0.297984661996296,1
1,1.5,0.001,32,"ASC3_male",0,-0.194742550890588,1
1,1.5,0.001,32,"ASC3_age",0.3,0.177007507164878,1
1,1.5,0.001,32,"ASC3_income",0,-0.00864179950946089,1
1,1.5,0.001,32,"ASC3_child",0.5,0.398402808190918,1
1,1.5,0.001,32,"prot25_male",0,0.00135529864841106,1
1,1.5,0.001,32,"prot25_age",-0.6,-0.383244421517981,1
1,1.5,0.001,32,"prot25_income",0,-0.020488585217451,1
1,1.5,0.001,32,"prot25_child",0,-0.0251790047754515,1
1,1.5,0.001,32,"prot50_male",0.7,0.551501999299607,1
1,1.5,0.001,32,"prot50_age",0.3,0.280639075574716,1
1,1.5,0.001,32,"prot50_income",0,-0.051478273370924,1
1,1.5,0.001,32,"prot50_child",-0.6,-0.611683362463034,1
1,1.5,0.001,32,"invasive_male",0,-0.147940696430054,1
1,1.5,0.001,32,"invasive_age",0,0.0231973732258989,1
1,1.5,0.001,32,"invasive_income",0,0.0209169572740295,1
1,1.5,0.001,32,"invasive_child",0,-0.0608136418377334,1
1,1.5,0.001,33,"ASC2_male",0,3.40516379474818e-07,0
1,1.5,0.001,33,"ASC2_age",-0.3,-0.264612994420951,1
1,1.5,0.001,33,"ASC2_income",0,0.0141354453601674,1
1,1.5,0.001,33,"ASC2_child",0,-0.115715570647386,1
1,1.5,0.001,33,"ASC3_male",0,0.06120899448907,1
1,1.5,0.001,33,"ASC3_age",1.1,0.759524815375709,1
1,1.5,0.001,33,"ASC3_income",0,0.0182775907617975,1
1,1.5,0.001,33,"ASC3_child",0,0.00336948041633132,1
1,1.5,0.001,33,"prot25_male",0.9,0.56784759321921,1
1,1.5,0.001,33,"prot25_age",-0.8,-0.449166381540356,1
1,1.5,0.001,33,"prot25_income",1.1,0.820031916015434,1
1,1.5,0.001,33,"prot25_child",0,0.0994782178571743,1
1,1.5,0.001,33,"prot50_male",-1.2,-0.88206443131073,1
1,1.5,0.001,33,"prot50_age",0.3,0.24881098944841,1
1,1.5,0.001,33,"prot50_income",0,-1.55049837868361e-09,0
1,1.5,0.001,33,"prot50_child",0.8,0.663271304544364,1
1,1.5,0.001,33,"invasive_male",0,-0.18215974900252,1
1,1.5,0.001,33,"invasive_age",-1.2,-0.812717774948233,1
1,1.5,0.001,33,"invasive_income",0.6,0.406958179528415,1
1,1.5,0.001,33,"invasive_child",0,0.149030173706593,1
1,1.5,0.001,34,"ASC2_male",0,0.0216730891634866,1
1,1.5,0.001,34,"ASC2_age",-0.5,-0.242700927619151,1
1,1.5,0.001,34,"ASC2_income",0,-0.0253882879818387,1
1,1.5,0.001,34,"ASC2_child",1,0.641087898774815,1
1,1.5,0.001,34,"ASC3_male",0,7.21610074724211e-07,0
1,1.5,0.001,34,"ASC3_age",-0.3,-0.147728254514959,1
1,1.5,0.001,34,"ASC3_income",-0.7,-0.405284555527034,1
1,1.5,0.001,34,"ASC3_child",-1,-0.590002292705873,1
1,1.5,0.001,34,"prot25_male",0,0.0211882819886508,1
1,1.5,0.001,34,"prot25_age",0,-8.28619020099899e-05,0
1,1.5,0.001,34,"prot25_income",0,-0.0193146242094776,1
1,1.5,0.001,34,"prot25_child",0,-1.08939181058055e-09,0
1,1.5,0.001,34,"prot50_male",0,-1.68779309324176e-06,0
1,1.5,0.001,34,"prot50_age",-0.8,-0.497045072911267,1
1,1.5,0.001,34,"prot50_income",-0.1,-0.0803716356940312,1
1,1.5,0.001,34,"prot50_child",0,-2.34089485655326e-07,0
1,1.5,0.001,34,"invasive_male",-0.9,-0.646918960475708,1
1,1.5,0.001,34,"invasive_age",-0.9,-0.5464045566791,1
1,1.5,0.001,34,"invasive_income",-0.9,-0.559612100493451,1
1,1.5,0.001,34,"invasive_child",0,-8.32008052551233e-09,0
1,1.5,0.001,35,"ASC2_male",0,-3.65254812388526e-06,0
1,1.5,0.001,35,"ASC2_age",0,-0.0659475004056131,1
1,1.5,0.001,35,"ASC2_income",-0.2,-0.0634781828187762,1
1,1.5,0.001,35,"ASC2_child",0,-0.0271327776287104,1
1,1.5,0.001,35,"ASC3_male",0,0.00452558886288968,1
1,1.5,0.001,35,"ASC3_age",0,-0.0512973475112121,1
1,1.5,0.001,35,"ASC3_income",0,0.0638837120134515,1
1,1.5,0.001,35,"ASC3_child",0,-3.39680445015615e-09,0
1,1.5,0.001,35,"prot25_male",0,2.71815257613767e-07,0
1,1.5,0.001,35,"prot25_age",1.2,0.77682473795592,1
1,1.5,0.001,35,"prot25_income",-0.2,-0.194481578873899,1
1,1.5,0.001,35,"prot25_child",0.8,0.544422786363569,1
1,1.5,0.001,35,"prot50_male",-0.9,-0.586949804015797,1
1,1.5,0.001,35,"prot50_age",-0.2,-0.0937445153560977,1
1,1.5,0.001,35,"prot50_income",0,-0.0197874378137515,1
1,1.5,0.001,35,"prot50_child",0,0.106145563876414,1
1,1.5,0.001,35,"invasive_male",0.3,0.143022903559474,1
1,1.5,0.001,35,"invasive_age",0.3,0.193762581534024,1
1,1.5,0.001,35,"invasive_income",-0.4,-0.316521607127625,1
1,1.5,0.001,35,"invasive_child",-0.5,-0.27209281156401,1
1,1.5,0.001,36,"ASC2_male",-0.7,-0.426832237567892,1
1,1.5,0.001,36,"ASC2_age",0,0.0417803845112865,1
1,1.5,0.001,36,"ASC2_income",0.1,8.70632066117787e-07,0
1,1.5,0.001,36,"ASC2_child",0,0.0380877488596615,1
1,1.5,0.001,36,"ASC3_male",0,6.37472497110328e-10,0
1,1.5,0.001,36,"ASC3_age",0.6,0.456904896447269,1
1,1.5,0.001,36,"ASC3_income",1.1,0.714851022281165,1
1,1.5,0.001,36,"ASC3_child",0,-0.0290198042961715,1
1,1.5,0.001,36,"prot25_male",0,-7.14587237830438e-09,0
1,1.5,0.001,36,"prot25_age",0,-0.0225508559609168,1
1,1.5,0.001,36,"prot25_income",0.2,0.178293208008503,1
1,1.5,0.001,36,"prot25_child",0,0.011513810942084,1
1,1.5,0.001,36,"prot50_male",0,-0.0791703098276075,1
1,1.5,0.001,36,"prot50_age",0.9,0.589898771353053,1
1,1.5,0.001,36,"prot50_income",-0.8,-0.522563591377018,1
1,1.5,0.001,36,"prot50_child",0,2.52576625974699e-08,0
1,1.5,0.001,36,"invasive_male",-1,-0.692956752023119,1
1,1.5,0.001,36,"invasive_age",0.8,0.581720788471117,1
1,1.5,0.001,36,"invasive_income",0,0.0297903380688973,1
1,1.5,0.001,36,"invasive_child",-0.8,-0.450562273165645,1
1,1.5,0.001,37,"ASC2_male",0,-0.197606894839195,1
1,1.5,0.001,37,"ASC2_age",0,0.0045597261098231,1
1,1.5,0.001,37,"ASC2_income",0,-0.123656702770936,1
1,1.5,0.001,37,"ASC2_child",0,0.0102862408948145,1
1,1.5,0.001,37,"ASC3_male",0,-0.104569137071155,1
1,1.5,0.001,37,"ASC3_age",0,-5.24016949566083e-11,0
1,1.5,0.001,37,"ASC3_income",0.6,0.293207582308186,1
1,1.5,0.001,37,"ASC3_child",0,-1.17971677978438e-05,0
1,1.5,0.001,37,"prot25_male",-0.8,-0.456370084985471,1
1,1.5,0.001,37,"prot25_age",0.9,0.571539581371347,1
1,1.5,0.001,37,"prot25_income",-0.7,-0.365203732564682,1
1,1.5,0.001,37,"prot25_child",0.1,0.146567059950527,1
1,1.5,0.001,37,"prot50_male",0,-4.71586703634637e-08,0
1,1.5,0.001,37,"prot50_age",1,0.717918335719128,1
1,1.5,0.001,37,"prot50_income",0,0.123436335377403,1
1,1.5,0.001,37,"prot50_child",-0.9,-0.575959100205112,1
1,1.5,0.001,37,"invasive_male",0.6,0.170759384942601,1
1,1.5,0.001,37,"invasive_age",-0.3,-0.132527193256324,1
1,1.5,0.001,37,"invasive_income",1.1,0.736939315367149,1
1,1.5,0.001,37,"invasive_child",0,-0.0208862783908834,1
1,1.5,0.001,38,"ASC2_male",0.8,0.448739721431337,1
1,1.5,0.001,38,"ASC2_age",0,-0.0452118367629152,1
1,1.5,0.001,38,"ASC2_income",0.8,0.551119858023594,1
1,1.5,0.001,38,"ASC2_child",0.4,0.0204977806873573,1
1,1.5,0.001,38,"ASC3_male",0,-0.0840534749602939,1
1,1.5,0.001,38,"ASC3_age",0,6.48330540847869e-05,0
1,1.5,0.001,38,"ASC3_income",0,-1.21584289203195e-08,0
1,1.5,0.001,38,"ASC3_child",0.2,-5.68180479015319e-09,0
1,1.5,0.001,38,"prot25_male",0,0.0506114251513509,1
1,1.5,0.001,38,"prot25_age",0,0.0128085624343933,1
1,1.5,0.001,38,"prot25_income",0,-7.83474377822567e-08,0
1,1.5,0.001,38,"prot25_child",0,-1.72057009365921e-09,0
1,1.5,0.001,38,"prot50_male",0,8.34227944723864e-08,0
1,1.5,0.001,38,"prot50_age",0.3,0.265024645156122,1
1,1.5,0.001,38,"prot50_income",0.9,0.658873255418605,1
1,1.5,0.001,38,"prot50_child",0,0.0739271428620813,1
1,1.5,0.001,38,"invasive_male",-0.5,-0.346554478384954,1
1,1.5,0.001,38,"invasive_age",0.9,0.736944915584727,1
1,1.5,0.001,38,"invasive_income",1,0.715391166785704,1
1,1.5,0.001,38,"invasive_child",-0.2,-0.326842759926632,1
1,1.5,0.001,39,"ASC2_male",0.9,0.494444044541058,1
1,1.5,0.001,39,"ASC2_age",1.1,0.764127602295717,1
1,1.5,0.001,39,"ASC2_income",0,-2.52455782268667e-08,0
1,1.5,0.001,39,"ASC2_child",0.7,0.493000961788829,1
1,1.5,0.001,39,"ASC3_male",0,-9.15299906514181e-09,0
1,1.5,0.001,39,"ASC3_age",-0.1,-0.0099948184450012,1
1,1.5,0.001,39,"ASC3_income",0,-0.00937292233464885,1
1,1.5,0.001,39,"ASC3_child",-1.1,-0.651684659158615,1
1,1.5,0.001,39,"prot25_male",0,0.0476378226477719,1
1,1.5,0.001,39,"prot25_age",0,-0.0353750219261457,1
1,1.5,0.001,39,"prot25_income",0.9,0.512674390783559,1
1,1.5,0.001,39,"prot25_child",0,-6.70769635161852e-09,0
1,1.5,0.001,39,"prot50_male",0,-7.49723655807771e-10,0
1,1.5,0.001,39,"prot50_age",0.9,0.5314282423701,1
1,1.5,0.001,39,"prot50_income",-0.8,-0.401761889244137,1
1,1.5,0.001,39,"prot50_child",0,-9.65552258867243e-09,0
1,1.5,0.001,39,"invasive_male",0.1,-1.98027067598045e-08,0
1,1.5,0.001,39,"invasive_age",0,3.48890496595676e-07,0
1,1.5,0.001,39,"invasive_income",0.7,0.413713580465622,1
1,1.5,0.001,39,"invasive_child",0,-6.68574690464006e-09,0
1,1.5,0.001,40,"ASC2_male",0,-0.00205737856367314,1
1,1.5,0.001,40,"ASC2_age",0,-6.87303341177919e-09,0
1,1.5,0.001,40,"ASC2_income",-1,-0.787683343814664,1
1,1.5,0.001,40,"ASC2_child",-0.4,-0.372743911613051,1
1,1.5,0.001,40,"ASC3_male",1.2,0.781603749388148,1
1,1.5,0.001,40,"ASC3_age",0,-0.0450923460069103,1
1,1.5,0.001,40,"ASC3_income",0,-0.00585465268696052,1
1,1.5,0.001,40,"ASC3_child",0,-2.2082393178612e-08,0
1,1.5,0.001,40,"prot25_male",-0.1,-0.0468494896343836,1
1,1.5,0.001,40,"prot25_age",0,-0.00441231375060628,1
1,1.5,0.001,40,"prot25_income",-0.3,-0.16491136136612,1
1,1.5,0.001,40,"prot25_child",-0.5,-0.268237611998735,1
1,1.5,0.001,40,"prot50_male",-1.2,-0.813853547051755,1
1,1.5,0.001,40,"prot50_age",0,-0.0118364680035886,1
1,1.5,0.001,40,"prot50_income",0,-1.60899886128745e-08,0
1,1.5,0.001,40,"prot50_child",1.1,0.829260644441716,1
1,1.5,0.001,40,"invasive_male",-0.8,-0.532051510710426,1
1,1.5,0.001,40,"invasive_age",0.5,0.331597713434981,1
1,1.5,0.001,40,"invasive_income",0,-0.0437629056690218,1
1,1.5,0.001,40,"invasive_child",0,0.0162364651099994,1
1,1.5,0.001,41,"ASC2_male",0.1,-0.0891353838035441,1
1,1.5,0.001,41,"ASC2_age",0,0.0219285960981126,1
1,1.5,0.001,41,"ASC2_income",-1,-0.68273089497384,1
1,1.5,0.001,41,"ASC2_child",-0.6,-0.302306825520359,1
1,1.5,0.001,41,"ASC3_male",0.8,0.245881592710848,1
1,1.5,0.001,41,"ASC3_age",-0.6,-0.353629202120941,1
1,1.5,0.001,41,"ASC3_income",-0.6,-0.367603586483812,1
1,1.5,0.001,41,"ASC3_child",-1,-0.555666702808298,1
1,1.5,0.001,41,"prot25_male",0,0.0784844390645435,1
1,1.5,0.001,41,"prot25_age",-1,-0.623121218761272,1
1,1.5,0.001,41,"prot25_income",0,-0.0153710107145051,1
1,1.5,0.001,41,"prot25_child",0,-0.0827876306378975,1
1,1.5,0.001,41,"prot50_male",0,0.173976849603357,1
1,1.5,0.001,41,"prot50_age",0,0.0536609687613899,1
1,1.5,0.001,41,"prot50_income",0,0.00776018184314045,1
1,1.5,0.001,41,"prot50_child",0,-0.112432321862497,1
1,1.5,0.001,41,"invasive_male",-0.7,-0.449107928844667,1
1,1.5,0.001,41,"invasive_age",-0.5,-0.362657674157369,1
1,1.5,0.001,41,"invasive_income",0,0.008212451931253,1
1,1.5,0.001,41,"invasive_child",0,-0.0098328752244368,1
1,1.5,0.001,42,"ASC2_male",-0.1,-0.103135720284159,1
1,1.5,0.001,42,"ASC2_age",1,0.748157929986893,1
1,1.5,0.001,42,"ASC2_income",0,0.103852684184571,1
1,1.5,0.001,42,"ASC2_child",0.4,0.224572333795317,1
1,1.5,0.001,42,"ASC3_male",-0.7,-0.404067119132128,1
1,1.5,0.001,42,"ASC3_age",0,0.0444834386152912,1
1,1.5,0.001,42,"ASC3_income",0,0.055495581105189,1
1,1.5,0.001,42,"ASC3_child",0,-0.078744269368819,1
1,1.5,0.001,42,"prot25_male",0.1,0.061452410346956,1
1,1.5,0.001,42,"prot25_age",0.8,0.520344749618549,1
1,1.5,0.001,42,"prot25_income",0,0.04240784750112,1
1,1.5,0.001,42,"prot25_child",0,-0.0447160686501293,1
1,1.5,0.001,42,"prot50_male",0,-0.00876684769898816,1
1,1.5,0.001,42,"prot50_age",1,0.685496104844528,1
1,1.5,0.001,42,"prot50_income",0,0.034022448054684,1
1,1.5,0.001,42,"prot50_child",0,0.00010938346438726,0
1,1.5,0.001,42,"invasive_male",-0.9,-0.662902001055431,1
1,1.5,0.001,42,"invasive_age",0,0.0339922797862273,1
1,1.5,0.001,42,"invasive_income",-1,-0.552634657036599,1
1,1.5,0.001,42,"invasive_child",-1.1,-0.849765526785127,1
1,1.5,0.001,43,"ASC2_male",0,-0.113726355601415,1
1,1.5,0.001,43,"ASC2_age",-0.8,-0.513977500651177,1
1,1.5,0.001,43,"ASC2_income",0,0.0742042410802692,1
1,1.5,0.001,43,"ASC2_child",0,-3.28646186051881e-10,0
1,1.5,0.001,43,"ASC3_male",-1.2,-0.908717633952952,1
1,1.5,0.001,43,"ASC3_age",0,-0.0109027563187415,1
1,1.5,0.001,43,"ASC3_income",0,0.0046109012875484,1
1,1.5,0.001,43,"ASC3_child",0,-0.00896975111160756,1
1,1.5,0.001,43,"prot25_male",1,0.791132701142496,1
1,1.5,0.001,43,"prot25_age",0.5,0.413688070061641,1
1,1.5,0.001,43,"prot25_income",0.9,0.584434661536048,1
1,1.5,0.001,43,"prot25_child",1,0.576387760251189,1
1,1.5,0.001,43,"prot50_male",-0.2,-0.049219046526444,1
1,1.5,0.001,43,"prot50_age",0,-0.000358387782928246,0
1,1.5,0.001,43,"prot50_income",-0.3,-0.232823461878966,1
1,1.5,0.001,43,"prot50_child",0.6,0.260103845881135,1
1,1.5,0.001,43,"invasive_male",0,-3.16893316363001e-09,0
1,1.5,0.001,43,"invasive_age",0,-0.00446788632526037,1
1,1.5,0.001,43,"invasive_income",1,0.738357746776982,1
1,1.5,0.001,43,"invasive_child",0,-1.84824871862364e-09,0
1,1.5,0.001,44,"ASC2_male",0.9,0.545284922042117,1
1,1.5,0.001,44,"ASC2_age",1.2,0.787643066882373,1
1,1.5,0.001,44,"ASC2_income",0,-0.0961066979472945,1
1,1.5,0.001,44,"ASC2_child",0,0.00516043827674971,1
1,1.5,0.001,44,"ASC3_male",0.9,0.588283528126253,1
1,1.5,0.001,44,"ASC3_age",0,0.0285054347101933,1
1,1.5,0.001,44,"ASC3_income",-0.5,-0.381494061353665,1
1,1.5,0.001,44,"ASC3_child",-1.1,-0.558511842989306,1
1,1.5,0.001,44,"prot25_male",-1.1,-0.823636444303577,1
1,1.5,0.001,44,"prot25_age",0,0.00237367156608852,1
1,1.5,0.001,44,"prot25_income",0,0.00167778208118624,1
1,1.5,0.001,44,"prot25_child",0.9,0.504758471583986,1
1,1.5,0.001,44,"prot50_male",0,-0.107125423388526,1
1,1.5,0.001,44,"prot50_age",-1.2,-0.778540868970109,1
1,1.5,0.001,44,"prot50_income",-0.5,-0.326477493459006,1
1,1.5,0.001,44,"prot50_child",0,-0.044398064227655,1
1,1.5,0.001,44,"invasive_male",-0.8,-0.634384785359894,1
1,1.5,0.001,44,"invasive_age",0,2.01117353976452e-10,0
1,1.5,0.001,44,"invasive_income",0,-0.0846949725891754,1
1,1.5,0.001,44,"invasive_child",0,0.115213382459126,1
1,1.5,0.001,45,"ASC2_male",-0.6,-0.257648583151924,1
1,1.5,0.001,45,"ASC2_age",0,-0.128309633657806,1
1,1.5,0.001,45,"ASC2_income",0,-0.0634811638871061,1
1,1.5,0.001,45,"ASC2_child",0.2,0.126704128732876,1
1,1.5,0.001,45,"ASC3_male",-0.7,-0.433958694855637,1
1,1.5,0.001,45,"ASC3_age",0,-0.123855011986721,1
1,1.5,0.001,45,"ASC3_income",0,7.49761951829878e-06,0
1,1.5,0.001,45,"ASC3_child",-0.1,-0.144616736522422,1
1,1.5,0.001,45,"prot25_male",0,-0.0793657794461934,1
1,1.5,0.001,45,"prot25_age",-0.8,-0.407818845072485,1
1,1.5,0.001,45,"prot25_income",0,0.0409004058054259,1
1,1.5,0.001,45,"prot25_child",0.4,0.302991414162184,1
1,1.5,0.001,45,"prot50_male",0,0.000893408520561193,0
1,1.5,0.001,45,"prot50_age",1.2,0.86401539547039,1
1,1.5,0.001,45,"prot50_income",0,0.0146214651632383,1
1,1.5,0.001,45,"prot50_child",-0.2,-0.0185589824702076,1
1,1.5,0.001,45,"invasive_male",-1,-0.58924550258252,1
1,1.5,0.001,45,"invasive_age",0,7.78609226084542e-09,0
1,1.5,0.001,45,"invasive_income",-0.3,-0.198143961425206,1
1,1.5,0.001,45,"invasive_child",0,0.0140647481385464,1
1,1.5,0.001,46,"ASC2_male",-0.3,-0.325438257311853,1
1,1.5,0.001,46,"ASC2_age",0,0.0316765068718832,1
1,1.5,0.001,46,"ASC2_income",-0.4,-0.317297053680061,1
1,1.5,0.001,46,"ASC2_child",0,-2.57315511554987e-07,0
1,1.5,0.001,46,"ASC3_male",0,-0.0104831645943488,1
1,1.5,0.001,46,"ASC3_age",0,0.0541914258440446,1
1,1.5,0.001,46,"ASC3_income",0,-0.0499763634095582,1
1,1.5,0.001,46,"ASC3_child",0,1.54685996129896e-07,0
1,1.5,0.001,46,"prot25_male",0,-3.0731648523265e-10,0
1,1.5,0.001,46,"prot25_age",0.9,0.510004409477095,1
1,1.5,0.001,46,"prot25_income",0.4,0.307815656419702,1
1,1.5,0.001,46,"prot25_child",0.5,0.300582655008449,1
1,1.5,0.001,46,"prot50_male",0.7,0.342166972815219,1
1,1.5,0.001,46,"prot50_age",0.5,0.306621346611435,1
1,1.5,0.001,46,"prot50_income",-0.5,-0.317928995853351,1
1,1.5,0.001,46,"prot50_child",0.7,0.258216134688663,1
1,1.5,0.001,46,"invasive_male",0,-3.72009924168045e-07,0
1,1.5,0.001,46,"invasive_age",0,0.0201018857834245,1
1,1.5,0.001,46,"invasive_income",0,-0.0170128163534356,1
1,1.5,0.001,46,"invasive_child",0.6,0.259749825204853,1
1,1.5,0.001,47,"ASC2_male",0,-2.93141216981093e-06,0
1,1.5,0.001,47,"ASC2_age",0,-0.0604972116981233,1
1,1.5,0.001,47,"ASC2_income",-0.7,-0.459905963329207,1
1,1.5,0.001,47,"ASC2_child",0.9,0.603340943124356,1
1,1.5,0.001,47,"ASC3_male",0,-0.0902428222967752,1
1,1.5,0.001,47,"ASC3_age",1,0.656990288880402,1
1,1.5,0.001,47,"ASC3_income",0,0.0468446430958909,1
1,1.5,0.001,47,"ASC3_child",0,5.08316823065621e-07,0
1,1.5,0.001,47,"prot25_male",1.2,0.719224561299119,1
1,1.5,0.001,47,"prot25_age",1,0.704351866563483,1
1,1.5,0.001,47,"prot25_income",0,1.85632148091687e-07,0
1,1.5,0.001,47,"prot25_child",0.5,0.264222910668296,1
1,1.5,0.001,47,"prot50_male",-0.1,0.00647397081063061,1
1,1.5,0.001,47,"prot50_age",0,-1.71099560161789e-07,0
1,1.5,0.001,47,"prot50_income",1,0.595289945961054,1
1,1.5,0.001,47,"prot50_child",0,0.0147524202973161,1
1,1.5,0.001,47,"invasive_male",0,-9.82341903092401e-10,0
1,1.5,0.001,47,"invasive_age",0,-0.0320455528613452,1
1,1.5,0.001,47,"invasive_income",-0.3,-0.0947745456673095,1
1,1.5,0.001,47,"invasive_child",-0.9,-0.647696493767282,1
1,1.5,0.001,48,"ASC2_male",0.3,0.0759652459129069,1
1,1.5,0.001,48,"ASC2_age",0,7.60381957246167e-08,0
1,1.5,0.001,48,"ASC2_income",-1.1,-0.714073578284995,1
1,1.5,0.001,48,"ASC2_child",0,-0.0515744255800337,1
1,1.5,0.001,48,"ASC3_male",0,-0.0353605626538049,1
1,1.5,0.001,48,"ASC3_age",1,0.586282354126719,1
1,1.5,0.001,48,"ASC3_income",0.7,0.381101107963218,1
1,1.5,0.001,48,"ASC3_child",0.9,0.469129193306677,1
1,1.5,0.001,48,"prot25_male",1,0.655451909374494,1
1,1.5,0.001,48,"prot25_age",0,3.23695558940727e-08,0
1,1.5,0.001,48,"prot25_income",0.2,0.0854067670145792,1
1,1.5,0.001,48,"prot25_child",0,1.69331717603749e-06,0
1,1.5,0.001,48,"prot50_male",-0.7,-0.159186469856228,1
1,1.5,0.001,48,"prot50_age",0,-4.88199604966132e-09,0
1,1.5,0.001,48,"prot50_income",0,-0.00461730364506502,1
1,1.5,0.001,48,"prot50_child",0.1,0.126060513383654,1
1,1.5,0.001,48,"invasive_male",0,5.15700526986662e-08,0
1,1.5,0.001,48,"invasive_age",0,0.0223064643457476,1
1,1.5,0.001,48,"invasive_income",0.6,0.294100283569747,1
1,1.5,0.001,48,"invasive_child",0,-0.0132367466146073,1
1,1.5,0.001,49,"ASC2_male",0,-1.03661818945684e-08,0
1,1.5,0.001,49,"ASC2_age",0.6,0.279813764901745,1
1,1.5,0.001,49,"ASC2_income",0,0.0261754409732086,1
1,1.5,0.001,49,"ASC2_child",0.6,0.298315776335871,1
1,1.5,0.001,49,"ASC3_male",0,-0.0577106207925555,1
1,1.5,0.001,49,"ASC3_age",0.5,0.261376944146864,1
1,1.5,0.001,49,"ASC3_income",-0.2,-0.186627172057578,1
1,1.5,0.001,49,"ASC3_child",0,-0.17242460935416,1
1,1.5,0.001,49,"prot25_male",1,0.599649108051638,1
1,1.5,0.001,49,"prot25_age",0,0.0450877591237137,1
1,1.5,0.001,49,"prot25_income",0.8,0.536655678657785,1
1,1.5,0.001,49,"prot25_child",-1,-0.581708415917913,1
1,1.5,0.001,49,"prot50_male",0,-0.0472542420642963,1
1,1.5,0.001,49,"prot50_age",0.7,0.518663406553956,1
1,1.5,0.001,49,"prot50_income",0,-0.0237682988455926,1
1,1.5,0.001,49,"prot50_child",-1,-0.470584812594512,1
1,1.5,0.001,49,"invasive_male",-0.2,-0.125412472377713,1
1,1.5,0.001,49,"invasive_age",0,0.0152367833282479,1
1,1.5,0.001,49,"invasive_income",0,-0.0153500328308362,1
1,1.5,0.001,49,"invasive_child",0,-0.0693799020027032,1
1,1.5,0.001,50,"ASC2_male",0,-0.0477567869431503,1
1,1.5,0.001,50,"ASC2_age",0,-0.0504065093693382,1
1,1.5,0.001,50,"ASC2_income",0.4,0.246888122094834,1
1,1.5,0.001,50,"ASC2_child",0.1,-0.00827389075433443,1
1,1.5,0.001,50,"ASC3_male",0,-0.0327642121769447,1
1,1.5,0.001,50,"ASC3_age",0,-0.0299261241519055,1
1,1.5,0.001,50,"ASC3_income",0,-0.060777847739784,1
1,1.5,0.001,50,"ASC3_child",-0.2,-0.152320758268709,1
1,1.5,0.001,50,"prot25_male",-0.4,-0.241851996465311,1
1,1.5,0.001,50,"prot25_age",1.2,0.78592129855535,1
1,1.5,0.001,50,"prot25_income",-0.6,-0.384000137380297,1
1,1.5,0.001,50,"prot25_child",0,-0.034976195962919,1
1,1.5,0.001,50,"prot50_male",1,0.669147118487728,1
1,1.5,0.001,50,"prot50_age",-0.3,-0.123890023417198,1
1,1.5,0.001,50,"prot50_income",0,-1.67716546734158e-06,0
1,1.5,0.001,50,"prot50_child",0,0.0327848080516395,1
1,1.5,0.001,50,"invasive_male",-1,-0.690628062266887,1
1,1.5,0.001,50,"invasive_age",0.4,0.272358670621131,1
1,1.5,0.001,50,"invasive_income",0,-0.0246038650451754,1
1,1.5,0.001,50,"invasive_child",0,-0.00999273396935947,1
1,1.5,0.001,51,"ASC2_male",1.1,0.574930245547043,1
1,1.5,0.001,51,"ASC2_age",0,0.00773245844813278,1
1,1.5,0.001,51,"ASC2_income",-0.5,-0.345078801032894,1
1,1.5,0.001,51,"ASC2_child",0,-0.0603154905119629,1
1,1.5,0.001,51,"ASC3_male",0,-0.130586294870034,1
1,1.5,0.001,51,"ASC3_age",-1,-0.660131444972863,1
1,1.5,0.001,51,"ASC3_income",-0.5,-0.325680139270165,1
1,1.5,0.001,51,"ASC3_child",0,-3.81082299545353e-08,0
1,1.5,0.001,51,"prot25_male",0,0.0466411497378667,1
1,1.5,0.001,51,"prot25_age",-0.8,-0.517629437443357,1
1,1.5,0.001,51,"prot25_income",0.9,0.598959077060897,1
1,1.5,0.001,51,"prot25_child",0.8,0.653654948718269,1
1,1.5,0.001,51,"prot50_male",-1,-0.586259771390676,1
1,1.5,0.001,51,"prot50_age",0,-0.00871508908896351,1
1,1.5,0.001,51,"prot50_income",0,0.0237946153379049,1
1,1.5,0.001,51,"prot50_child",0,-0.0327101899295905,1
1,1.5,0.001,51,"invasive_male",0.9,0.619955956538927,1
1,1.5,0.001,51,"invasive_age",0,-0.0340752084093104,1
1,1.5,0.001,51,"invasive_income",-0.4,-0.31369294437355,1
1,1.5,0.001,51,"invasive_child",0,-0.00954671929553957,1
1,1.5,0.001,52,"ASC2_male",0,-0.157985348068148,1
1,1.5,0.001,52,"ASC2_age",0.8,0.527762459463235,1
1,1.5,0.001,52,"ASC2_income",0,0.0850185353093016,1
1,1.5,0.001,52,"ASC2_child",0,-1.01721516865663e-08,0
1,1.5,0.001,52,"ASC3_male",1.1,0.557601652787834,1
1,1.5,0.001,52,"ASC3_age",0,0.0433536508428435,1
1,1.5,0.001,52,"ASC3_income",0.2,0.169908939857012,1
1,1.5,0.001,52,"ASC3_child",0,0.03474030245685,1
1,1.5,0.001,52,"prot25_male",-0.9,-0.409560465524966,1
1,1.5,0.001,52,"prot25_age",1.1,0.678853921020477,1
1,1.5,0.001,52,"prot25_income",0,-0.0321588436580603,1
1,1.5,0.001,52,"prot25_child",-1.1,-0.716674418265439,1
1,1.5,0.001,52,"prot50_male",0,0.263209337342345,1
1,1.5,0.001,52,"prot50_age",0,4.93880597322789e-12,0
1,1.5,0.001,52,"prot50_income",0.9,0.507943946339308,1
1,1.5,0.001,52,"prot50_child",-0.2,1.11944282370158e-07,0
1,1.5,0.001,52,"invasive_male",0.2,0.217254998305898,1
1,1.5,0.001,52,"invasive_age",0,-0.0243675895629404,1
1,1.5,0.001,52,"invasive_income",-0.9,-0.519135957759421,1
1,1.5,0.001,52,"invasive_child",0,-0.0298740165362873,1
1,1.5,0.001,53,"ASC2_male",0,-3.16626103685891e-09,0
1,1.5,0.001,53,"ASC2_age",0,-0.106183613410625,1
1,1.5,0.001,53,"ASC2_income",-0.7,-0.449785535095176,1
1,1.5,0.001,53,"ASC2_child",0.7,0.341122668082019,1
1,1.5,0.001,53,"ASC3_male",0,-0.0431707441081362,1
1,1.5,0.001,53,"ASC3_age",-0.4,-0.336770756810044,1
1,1.5,0.001,53,"ASC3_income",0,0.0656134164164566,1
1,1.5,0.001,53,"ASC3_child",0,0.000402910010356298,0
1,1.5,0.001,53,"prot25_male",-1.1,-0.754507546630043,1
1,1.5,0.001,53,"prot25_age",-0.4,-0.158841521983418,1
1,1.5,0.001,53,"prot25_income",0,-0.0611533083238235,1
1,1.5,0.001,53,"prot25_child",0,0.00150878428827279,1
1,1.5,0.001,53,"prot50_male",0,0.0614524047548025,1
1,1.5,0.001,53,"prot50_age",0.4,0.321436680295067,1
1,1.5,0.001,53,"prot50_income",0,-0.0304282891574235,1
1,1.5,0.001,53,"prot50_child",0,-0.0110355789471882,1
1,1.5,0.001,53,"invasive_male",-1.1,-0.57285900947678,1
1,1.5,0.001,53,"invasive_age",0.4,0.142775935785034,1
1,1.5,0.001,53,"invasive_income",-0.4,-0.294681502282305,1
1,1.5,0.001,53,"invasive_child",0.5,0.25575251238034,1
1,1.5,0.001,54,"ASC2_male",-1,-0.467808411731805,1
1,1.5,0.001,54,"ASC2_age",0.5,0.314054302765111,1
1,1.5,0.001,54,"ASC2_income",0,0.000300745942628334,0
1,1.5,0.001,54,"ASC2_child",0.2,0.0803027715086669,1
1,1.5,0.001,54,"ASC3_male",0.5,0.438491394878213,1
1,1.5,0.001,54,"ASC3_age",-0.2,-0.109789159327435,1
1,1.5,0.001,54,"ASC3_income",0,-0.00164978627596128,1
1,1.5,0.001,54,"ASC3_child",0,0.0102695366145984,1
1,1.5,0.001,54,"prot25_male",0,-0.00349377669736901,1
1,1.5,0.001,54,"prot25_age",0,-0.00518898220228442,1
1,1.5,0.001,54,"prot25_income",0.3,0.181748737804523,1
1,1.5,0.001,54,"prot25_child",0,0.0419714260146317,1
1,1.5,0.001,54,"prot50_male",0,0.0426151293923804,1
1,1.5,0.001,54,"prot50_age",0.9,0.592110388235086,1
1,1.5,0.001,54,"prot50_income",0,-0.00730668232698299,1
1,1.5,0.001,54,"prot50_child",-0.4,-0.283399424771048,1
1,1.5,0.001,54,"invasive_male",0,0.168230729185732,1
1,1.5,0.001,54,"invasive_age",0.9,0.575432877022764,1
1,1.5,0.001,54,"invasive_income",-0.4,-0.242246175535118,1
1,1.5,0.001,54,"invasive_child",0,-0.0203417670131111,1
1,1.5,0.001,55,"ASC2_male",0.9,0.559341985127989,1
1,1.5,0.001,55,"ASC2_age",0,-0.0712106221426823,1
1,1.5,0.001,55,"ASC2_income",0,2.04882402357916e-06,0
1,1.5,0.001,55,"ASC2_child",0.9,0.517210425303009,1
1,1.5,0.001,55,"ASC3_male",0,-3.18247372981773e-08,0
1,1.5,0.001,55,"ASC3_age",0,-0.136955604488192,1
1,1.5,0.001,55,"ASC3_income",0,0.081452075340718,1
1,1.5,0.001,55,"ASC3_child",-1,-0.832385898448297,1
1,1.5,0.001,55,"prot25_male",-0.9,-0.456880122684572,1
1,1.5,0.001,55,"prot25_age",-0.6,-0.272880739894537,1
1,1.5,0.001,55,"prot25_income",0,-0.0783482386231731,1
1,1.5,0.001,55,"prot25_child",-0.3,0.0315208571027013,1
1,1.5,0.001,55,"prot50_male",-0.9,-0.394849717171071,1
1,1.5,0.001,55,"prot50_age",0,0.0255743031300595,1
1,1.5,0.001,55,"prot50_income",1.1,0.62364633621758,1
1,1.5,0.001,55,"prot50_child",0,0.149598516326266,1
1,1.5,0.001,55,"invasive_male",0.8,0.512129849401723,1
1,1.5,0.001,55,"invasive_age",-0.8,-0.552641901412963,1
1,1.5,0.001,55,"invasive_income",0,-0.0678583589940758,1
1,1.5,0.001,55,"invasive_child",0,0.0527867310882355,1
1,1.5,0.001,56,"ASC2_male",0,-7.16125940815119e-09,0
1,1.5,0.001,56,"ASC2_age",1.1,0.754330262755518,1
1,1.5,0.001,56,"ASC2_income",0,0.00216985321058157,1
1,1.5,0.001,56,"ASC2_child",0,0.116205599185237,1
1,1.5,0.001,56,"ASC3_male",0,0.00625790691595472,1
1,1.5,0.001,56,"ASC3_age",-1,-0.662109653185706,1
1,1.5,0.001,56,"ASC3_income",0.8,0.485353970462912,1
1,1.5,0.001,56,"ASC3_child",0,-1.6259883068458e-08,0
1,1.5,0.001,56,"prot25_male",0,-3.23787108455658e-08,0
1,1.5,0.001,56,"prot25_age",0.9,0.552124516136043,1
1,1.5,0.001,56,"prot25_income",0,-0.0206117762779824,1
1,1.5,0.001,56,"prot25_child",0,0.0611050724113343,1
1,1.5,0.001,56,"prot50_male",0.5,0.336987935314025,1
1,1.5,0.001,56,"prot50_age",0,-0.0394233597432731,1
1,1.5,0.001,56,"prot50_income",-0.8,-0.570485194783643,1
1,1.5,0.001,56,"prot50_child",-0.4,-0.170279416911325,1
1,1.5,0.001,56,"invasive_male",0,-0.0279037672452111,1
1,1.5,0.001,56,"invasive_age",0.7,0.452974338100053,1
1,1.5,0.001,56,"invasive_income",1.1,0.713441399997358,1
1,1.5,0.001,56,"invasive_child",0.3,0.23655937343695,1
1,1.5,0.001,57,"ASC2_male",0,-0.111234684394393,1
1,1.5,0.001,57,"ASC2_age",0,-0.0614090912071734,1
1,1.5,0.001,57,"ASC2_income",1,0.744662681737128,1
1,1.5,0.001,57,"ASC2_child",1.1,0.627129716970781,1
1,1.5,0.001,57,"ASC3_male",0,0.035288107267051,1
1,1.5,0.001,57,"ASC3_age",0.9,0.5766758638938,1
1,1.5,0.001,57,"ASC3_income",0,0.0651763051321938,1
1,1.5,0.001,57,"ASC3_child",0,-0.0497714956021898,1
1,1.5,0.001,57,"prot25_male",0.1,0.134744949289563,1
1,1.5,0.001,57,"prot25_age",0,0.0173426243358748,1
1,1.5,0.001,57,"prot25_income",0,-0.0272738931969041,1
1,1.5,0.001,57,"prot25_child",-0.4,-0.216860193149511,1
1,1.5,0.001,57,"prot50_male",1,0.682841067642568,1
1,1.5,0.001,57,"prot50_age",-0.9,-0.542892695368865,1
1,1.5,0.001,57,"prot50_income",0,0.0115240161920554,1
1,1.5,0.001,57,"prot50_child",-0.2,-0.0676390190034382,1
1,1.5,0.001,57,"invasive_male",-0.4,-0.150172421367277,1
1,1.5,0.001,57,"invasive_age",1,0.643369803426219,1
1,1.5,0.001,57,"invasive_income",0,0.0334712737219673,1
1,1.5,0.001,57,"invasive_child",0,-2.55122534239684e-09,0
1,1.5,0.001,58,"ASC2_male",0,-3.66001499298803e-08,0
1,1.5,0.001,58,"ASC2_age",-0.4,-0.234450765665995,1
1,1.5,0.001,58,"ASC2_income",1.1,0.696522370371815,1
1,1.5,0.001,58,"ASC2_child",0.4,0.196710609449277,1
1,1.5,0.001,58,"ASC3_male",0,-3.29013163159199e-09,0
1,1.5,0.001,58,"ASC3_age",-0.6,-0.305099135473443,1
1,1.5,0.001,58,"ASC3_income",0,0.0670662766170576,1
1,1.5,0.001,58,"ASC3_child",0,-0.0226806695687155,1
1,1.5,0.001,58,"prot25_male",0.2,0.0241419242703791,1
1,1.5,0.001,58,"prot25_age",0,0.0411656229670794,1
1,1.5,0.001,58,"prot25_income",0,0.0357442668822647,1
1,1.5,0.001,58,"prot25_child",-0.4,-0.12985141558275,1
1,1.5,0.001,58,"prot50_male",0.6,0.243621692067067,1
1,1.5,0.001,58,"prot50_age",0,-0.0254584620055339,1
1,1.5,0.001,58,"prot50_income",0,-2.81832490816623e-09,0
1,1.5,0.001,58,"prot50_child",-0.7,-0.247654549586693,1
1,1.5,0.001,58,"invasive_male",-1,-0.624773859060708,1
1,1.5,0.001,58,"invasive_age",0.8,0.519570033303976,1
1,1.5,0.001,58,"invasive_income",0,0.0619626234922521,1
1,1.5,0.001,58,"invasive_child",0,2.311901222724e-09,0
1,1.5,0.001,59,"ASC2_male",1.2,0.747142166984133,1
1,1.5,0.001,59,"ASC2_age",1.1,0.657880857924947,1
1,1.5,0.001,59,"ASC2_income",0,-4.61664492470523e-09,0
1,1.5,0.001,59,"ASC2_child",0.2,0.0312745675643615,1
1,1.5,0.001,59,"ASC3_male",0,1.67138728399743e-08,0
1,1.5,0.001,59,"ASC3_age",1,0.61648357513895,1
1,1.5,0.001,59,"ASC3_income",0,0.0310259416744489,1
1,1.5,0.001,59,"ASC3_child",0,-0.0545869429222634,1
1,1.5,0.001,59,"prot25_male",0.3,0.133630595515161,1
1,1.5,0.001,59,"prot25_age",0,0.0730206200190505,1
1,1.5,0.001,59,"prot25_income",0.4,0.201179412271293,1
1,1.5,0.001,59,"prot25_child",0.3,0.208066389854927,1
1,1.5,0.001,59,"prot50_male",0,2.18477350393194e-09,0
1,1.5,0.001,59,"prot50_age",0,0.0190294874341907,1
1,1.5,0.001,59,"prot50_income",1,0.578718420528616,1
1,1.5,0.001,59,"prot50_child",0.9,0.575092867492655,1
1,1.5,0.001,59,"invasive_male",0,-2.22785086263287e-09,0
1,1.5,0.001,59,"invasive_age",0,-1.88023761464619e-09,0
1,1.5,0.001,59,"invasive_income",0,-0.0376662282872254,1
1,1.5,0.001,59,"invasive_child",-0.6,-0.409841072386119,1
1,1.5,0.001,60,"ASC2_male",-1,-0.608417369585977,1
1,1.5,0.001,60,"ASC2_age",-0.1,0.0335304115690487,1
1,1.5,0.001,60,"ASC2_income",0,0.0542552859326441,1
1,1.5,0.001,60,"ASC2_child",-0.4,-0.170024950604134,1
1,1.5,0.001,60,"ASC3_male",-1.1,-0.570355108536296,1
1,1.5,0.001,60,"ASC3_age",0,0.0572062312806538,1
1,1.5,0.001,60,"ASC3_income",0,0.0284248487494442,1
1,1.5,0.001,60,"ASC3_child",1.2,0.859829094343597,1
1,1.5,0.001,60,"prot25_male",-1.1,-0.731268281414637,1
1,1.5,0.001,60,"prot25_age",-0.8,-0.548607514072778,1
1,1.5,0.001,60,"prot25_income",0,-0.0525881703829261,1
1,1.5,0.001,60,"prot25_child",0,-0.208828375802437,1
1,1.5,0.001,60,"prot50_male",-0.4,-0.298942440397241,1
1,1.5,0.001,60,"prot50_age",0,-0.0166291539065587,1
1,1.5,0.001,60,"prot50_income",0,-0.044516335560238,1
1,1.5,0.001,60,"prot50_child",0,-0.144455636515147,1
1,1.5,0.001,60,"invasive_male",1.1,0.754752669168306,1
1,1.5,0.001,60,"invasive_age",0,0.0835574167873629,1
1,1.5,0.001,60,"invasive_income",0,0.0458539041694875,1
1,1.5,0.001,60,"invasive_child",-0.4,-0.270669242313107,1
1,1.5,0.001,61,"ASC2_male",-0.6,-0.56811057553308,1
1,1.5,0.001,61,"ASC2_age",0,0.0141531264519335,1
1,1.5,0.001,61,"ASC2_income",0.3,0.205631853430381,1
1,1.5,0.001,61,"ASC2_child",0.8,0.36002516672728,1
1,1.5,0.001,61,"ASC3_male",0.5,0.11027202249903,1
1,1.5,0.001,61,"ASC3_age",0,-1.35785327624899e-07,0
1,1.5,0.001,61,"ASC3_income",0,6.14916480726935e-09,0
1,1.5,0.001,61,"ASC3_child",0,-0.129098082000269,1
1,1.5,0.001,61,"prot25_male",0,0.0448623792446918,1
1,1.5,0.001,61,"prot25_age",-0.6,-0.38222736611259,1
1,1.5,0.001,61,"prot25_income",0,0.019163013293729,1
1,1.5,0.001,61,"prot25_child",0,-9.2234267889795e-07,0
1,1.5,0.001,61,"prot50_male",0,-3.01672035081862e-09,0
1,1.5,0.001,61,"prot50_age",-0.4,-0.245894646078678,1
1,1.5,0.001,61,"prot50_income",0,0.0224838013222125,1
1,1.5,0.001,61,"prot50_child",-0.7,-0.469836976930012,1
1,1.5,0.001,61,"invasive_male",0,-0.141091259442225,1
1,1.5,0.001,61,"invasive_age",1.1,0.66845580858816,1
1,1.5,0.001,61,"invasive_income",1,0.617754232270623,1
1,1.5,0.001,61,"invasive_child",0.5,0.328402145223572,1
1,1.5,0.001,62,"ASC2_male",0,-0.166782863965874,1
1,1.5,0.001,62,"ASC2_age",-1,-0.641236395296957,1
1,1.5,0.001,62,"ASC2_income",-0.6,-0.311770836616746,1
1,1.5,0.001,62,"ASC2_child",0,-1.02000877415615e-09,0
1,1.5,0.001,62,"ASC3_male",0,-0.175130727174244,1
1,1.5,0.001,62,"ASC3_age",0,0.0234221163609143,1
1,1.5,0.001,62,"ASC3_income",0.3,0.234239636180704,1
1,1.5,0.001,62,"ASC3_child",-0.1,-0.0441388246508326,1
1,1.5,0.001,62,"prot25_male",0,0.0779082352985099,1
1,1.5,0.001,62,"prot25_age",-0.9,-0.608307845647513,1
1,1.5,0.001,62,"prot25_income",0.5,0.220869853817063,1
1,1.5,0.001,62,"prot25_child",0.5,0.271452963240434,1
1,1.5,0.001,62,"prot50_male",-0.8,-0.521482928708925,1
1,1.5,0.001,62,"prot50_age",0,-0.113258730825412,1
1,1.5,0.001,62,"prot50_income",0,-0.0207457953125581,1
1,1.5,0.001,62,"prot50_child",1.2,0.690333898687793,1
1,1.5,0.001,62,"invasive_male",0.3,8.3289764548532e-06,0
1,1.5,0.001,62,"invasive_age",0,-0.0426150510774615,1
1,1.5,0.001,62,"invasive_income",0,0.0696043248702203,1
1,1.5,0.001,62,"invasive_child",0,0.00842201898948669,1
1,1.5,0.001,63,"ASC2_male",0.9,0.303891776806526,1
1,1.5,0.001,63,"ASC2_age",-0.1,0.0988767602360175,1
1,1.5,0.001,63,"ASC2_income",0,-5.05981977092018e-08,0
1,1.5,0.001,63,"ASC2_child",0.1,1.77218312894625e-07,0
1,1.5,0.001,63,"ASC3_male",0.4,1.81654496574276e-06,0
1,1.5,0.001,63,"ASC3_age",-0.7,-0.312673099679786,1
1,1.5,0.001,63,"ASC3_income",0,-1.30999474893979e-08,0
1,1.5,0.001,63,"ASC3_child",0,5.5623532290847e-07,0
1,1.5,0.001,63,"prot25_male",0,0.0900357650940174,1
1,1.5,0.001,63,"prot25_age",0,-0.0528102931287772,1
1,1.5,0.001,63,"prot25_income",-0.2,-0.126991132333931,1
1,1.5,0.001,63,"prot25_child",0,-3.73616484318716e-11,0
1,1.5,0.001,63,"prot50_male",0,0.00220015290080281,1
1,1.5,0.001,63,"prot50_age",1,0.610273618140549,1
1,1.5,0.001,63,"prot50_income",0,-1.80796029141625e-08,0
1,1.5,0.001,63,"prot50_child",-0.2,2.53395489759616e-07,0
1,1.5,0.001,63,"invasive_male",0,-0.0790720238948062,1
1,1.5,0.001,63,"invasive_age",-0.5,-0.242204495108051,1
1,1.5,0.001,63,"invasive_income",0,-1.747496861192e-07,0
1,1.5,0.001,63,"invasive_child",-0.6,-0.361943618122205,1
1,1.5,0.001,64,"ASC2_male",0,-0.00125029021929786,1
1,1.5,0.001,64,"ASC2_age",0,-7.52373701794113e-09,0
1,1.5,0.001,64,"ASC2_income",1.1,0.636020307741665,1
1,1.5,0.001,64,"ASC2_child",0.5,0.264248884233789,1
1,1.5,0.001,64,"ASC3_male",0,-2.57234456317869e-07,0
1,1.5,0.001,64,"ASC3_age",0,-1.62758596565171e-07,0
1,1.5,0.001,64,"ASC3_income",1.1,0.579337888739212,1
1,1.5,0.001,64,"ASC3_child",0,-6.37980982181415e-09,0
1,1.5,0.001,64,"prot25_male",0,-1.12785801527212e-08,0
1,1.5,0.001,64,"prot25_age",-1.1,-0.720297199836639,1
1,1.5,0.001,64,"prot25_income",-0.7,-0.401908827304603,1
1,1.5,0.001,64,"prot25_child",-0.8,-0.443053595976547,1
1,1.5,0.001,64,"prot50_male",0,-6.86913066621787e-09,0
1,1.5,0.001,64,"prot50_age",0.9,0.53183559685927,1
1,1.5,0.001,64,"prot50_income",-0.5,-0.253624359042224,1
1,1.5,0.001,64,"prot50_child",0,0.0687856717039074,1
1,1.5,0.001,64,"invasive_male",0,0.118400512908445,1
1,1.5,0.001,64,"invasive_age",-1.1,-0.699954339386453,1
1,1.5,0.001,64,"invasive_income",0.3,0.133045605728769,1
1,1.5,0.001,64,"invasive_child",0,-0.00470873049500884,1
1,1.5,0.001,65,"ASC2_male",0,-5.11173156676262e-05,0
1,1.5,0.001,65,"ASC2_age",0,-0.0436607566681611,1
1,1.5,0.001,65,"ASC2_income",-0.7,-0.398489941324116,1
1,1.5,0.001,65,"ASC2_child",0,-8.53134640258709e-09,0
1,1.5,0.001,65,"ASC3_male",0,-0.0575211061082267,1
1,1.5,0.001,65,"ASC3_age",-0.9,-0.604168920035362,1
1,1.5,0.001,65,"ASC3_income",0,0.0386726458689303,1
1,1.5,0.001,65,"ASC3_child",0,-0.137385392278371,1
1,1.5,0.001,65,"prot25_male",0.1,0.0934066979587453,1
1,1.5,0.001,65,"prot25_age",-0.8,-0.423951596777525,1
1,1.5,0.001,65,"prot25_income",0.9,0.508204276933666,1
1,1.5,0.001,65,"prot25_child",0,0.111399942049404,1
1,1.5,0.001,65,"prot50_male",0.8,0.577866512982787,1
1,1.5,0.001,65,"prot50_age",1.1,0.762973898735253,1
1,1.5,0.001,65,"prot50_income",-1,-0.725490082765839,1
1,1.5,0.001,65,"prot50_child",-1.2,-0.55199170812625,1
1,1.5,0.001,65,"invasive_male",0,-0.0358137476008459,1
1,1.5,0.001,65,"invasive_age",0,0.0223739354370556,1
1,1.5,0.001,65,"invasive_income",-1,-0.623862124981596,1
1,1.5,0.001,65,"invasive_child",0,0.0318922717818682,1
1,1.5,0.001,66,"ASC2_male",0.9,0.583881965455544,1
1,1.5,0.001,66,"ASC2_age",0.9,0.667889492587538,1
1,1.5,0.001,66,"ASC2_income",0,0.068705965722365,1
1,1.5,0.001,66,"ASC2_child",0,0.204758517342896,1
1,1.5,0.001,66,"ASC3_male",-0.6,-0.577236240168099,1
1,1.5,0.001,66,"ASC3_age",0,0.0767112751976296,1
1,1.5,0.001,66,"ASC3_income",-1.2,-0.779018809514763,1
1,1.5,0.001,66,"ASC3_child",0,0.10145225721037,1
1,1.5,0.001,66,"prot25_male",0,0.0259965697009841,1
1,1.5,0.001,66,"prot25_age",-0.4,-0.33100354651078,1
1,1.5,0.001,66,"prot25_income",-0.4,-0.390419757714651,1
1,1.5,0.001,66,"prot25_child",0,-0.207507558051414,1
1,1.5,0.001,66,"prot50_male",0,0.118306438944664,1
1,1.5,0.001,66,"prot50_age",0,-0.0834408941819207,1
1,1.5,0.001,66,"prot50_income",0.2,0.0797115667639891,1
1,1.5,0.001,66,"prot50_child",-0.7,-0.735375471757842,1
1,1.5,0.001,66,"invasive_male",0.5,0.21649715696817,1
1,1.5,0.001,66,"invasive_age",0.9,0.629274139168328,1
1,1.5,0.001,66,"invasive_income",0,-0.0268079433708346,1
1,1.5,0.001,66,"invasive_child",0,-0.100497855231849,1
1,1.5,0.001,67,"ASC2_male",0,2.27316102378964e-08,0
1,1.5,0.001,67,"ASC2_age",-1.1,-0.759605638370598,1
1,1.5,0.001,67,"ASC2_income",0.6,0.41465924480436,1
1,1.5,0.001,67,"ASC2_child",0.3,0.136145475765092,1
1,1.5,0.001,67,"ASC3_male",0,-0.0327030546462496,1
1,1.5,0.001,67,"ASC3_age",0,-0.0361640692771521,1
1,1.5,0.001,67,"ASC3_income",0.7,0.426939695320085,1
1,1.5,0.001,67,"ASC3_child",0,-0.00432170494899443,1
1,1.5,0.001,67,"prot25_male",0.9,0.634326920626409,1
1,1.5,0.001,67,"prot25_age",0.5,0.344461011603842,1
1,1.5,0.001,67,"prot25_income",-0.8,-0.61971284783455,1
1,1.5,0.001,67,"prot25_child",0,0.0907883738543841,1
1,1.5,0.001,67,"prot50_male",-0.7,-0.436775491520668,1
1,1.5,0.001,67,"prot50_age",0,0.0378320546228831,1
1,1.5,0.001,67,"prot50_income",-0.2,-0.14488570330453,1
1,1.5,0.001,67,"prot50_child",0,-8.67124166121117e-08,0
1,1.5,0.001,67,"invasive_male",0,-3.01523710004747e-08,0
1,1.5,0.001,67,"invasive_age",0,-0.0196296784419702,1
1,1.5,0.001,67,"invasive_income",0,0.0370175246217262,1
1,1.5,0.001,67,"invasive_child",0.9,0.482074941496225,1
1,1.5,0.001,68,"ASC2_male",0.3,0.0434036056552663,1
1,1.5,0.001,68,"ASC2_age",0.9,0.500143270756292,1
1,1.5,0.001,68,"ASC2_income",-1,-0.642700613947428,1
1,1.5,0.001,68,"ASC2_child",0.1,8.79707663373007e-07,0
1,1.5,0.001,68,"ASC3_male",0,-3.57980458724861e-08,0
1,1.5,0.001,68,"ASC3_age",0.7,0.335015912098581,1
1,1.5,0.001,68,"ASC3_income",0,-7.02564971415674e-09,0
1,1.5,0.001,68,"ASC3_child",-0.4,-0.323501924001697,1
1,1.5,0.001,68,"prot25_male",0,0.0999653651926425,1
1,1.5,0.001,68,"prot25_age",0,0.0457126362101094,1
1,1.5,0.001,68,"prot25_income",0,-4.33852235706085e-08,0
1,1.5,0.001,68,"prot25_child",-0.6,-0.224881081929985,1
1,1.5,0.001,68,"prot50_male",0,0.0877571612276673,1
1,1.5,0.001,68,"prot50_age",0.1,0.0117622711676801,1
1,1.5,0.001,68,"prot50_income",0,-4.48656445225765e-08,0
1,1.5,0.001,68,"prot50_child",0,4.25311734090212e-07,0
1,1.5,0.001,68,"invasive_male",0,-0.0771636886947379,1
1,1.5,0.001,68,"invasive_age",0,-0.148917994163983,1
1,1.5,0.001,68,"invasive_income",0.5,0.362638712327122,1
1,1.5,0.001,68,"invasive_child",0.3,0.0833210548286256,1
1,1.5,0.001,69,"ASC2_male",0,-0.126384178772549,1
1,1.5,0.001,69,"ASC2_age",0,-0.0958931320884072,1
1,1.5,0.001,69,"ASC2_income",-0.9,-0.487211651399809,1
1,1.5,0.001,69,"ASC2_child",0,6.60800847462254e-08,0
1,1.5,0.001,69,"ASC3_male",0.8,0.344971389804581,1
1,1.5,0.001,69,"ASC3_age",0,-0.0999792308413401,1
1,1.5,0.001,69,"ASC3_income",0,-6.61454507266614e-09,0
1,1.5,0.001,69,"ASC3_child",0,-1.89829371419965e-08,0
1,1.5,0.001,69,"prot25_male",-0.4,-0.116293985021589,1
1,1.5,0.001,69,"prot25_age",-0.8,-0.505632939621417,1
1,1.5,0.001,69,"prot25_income",0,-0.0305393482315547,1
1,1.5,0.001,69,"prot25_child",1.2,0.761044071465802,1
1,1.5,0.001,69,"prot50_male",0,0.0438499979922443,1
1,1.5,0.001,69,"prot50_age",-0.7,-0.472027689463724,1
1,1.5,0.001,69,"prot50_income",0,-7.53615019604309e-09,0
1,1.5,0.001,69,"prot50_child",-0.6,-0.333056168702159,1
1,1.5,0.001,69,"invasive_male",-1.1,-0.675418067023756,1
1,1.5,0.001,69,"invasive_age",0.5,0.268300356416971,1
1,1.5,0.001,69,"invasive_income",-0.9,-0.550985296783507,1
1,1.5,0.001,69,"invasive_child",0,-1.04735631148045e-08,0
1,1.5,0.001,70,"ASC2_male",0,-0.0990183363959668,1
1,1.5,0.001,70,"ASC2_age",-1,-0.696665662463597,1
1,1.5,0.001,70,"ASC2_income",1.2,0.619599261096493,1
1,1.5,0.001,70,"ASC2_child",0.3,0.115570767975256,1
1,1.5,0.001,70,"ASC3_male",0,2.35702487385172e-08,0
1,1.5,0.001,70,"ASC3_age",-0.9,-0.627825248164885,1
1,1.5,0.001,70,"ASC3_income",0,-0.209113221399446,1
1,1.5,0.001,70,"ASC3_child",0,-0.108944158291701,1
1,1.5,0.001,70,"prot25_male",0,0.0948887457076552,1
1,1.5,0.001,70,"prot25_age",0.2,0.201960319106757,1
1,1.5,0.001,70,"prot25_income",0,0.10781573350864,1
1,1.5,0.001,70,"prot25_child",-0.7,-0.28614716768761,1
1,1.5,0.001,70,"prot50_male",0,-0.0282888885345502,1
1,1.5,0.001,70,"prot50_age",0,0.0299393130819087,1
1,1.5,0.001,70,"prot50_income",-0.7,-0.371744135374773,1
1,1.5,0.001,70,"prot50_child",0,-7.20920093602615e-09,0
1,1.5,0.001,70,"invasive_male",-0.3,-0.249042207692478,1
1,1.5,0.001,70,"invasive_age",0,-3.42726735281567e-10,0
1,1.5,0.001,70,"invasive_income",-0.7,-0.503475244353508,1
1,1.5,0.001,70,"invasive_child",-0.6,-0.600203671358826,1
1,1.5,0.001,71,"ASC2_male",-1.1,-0.673827171457405,1
1,1.5,0.001,71,"ASC2_age",0,0.00639265189865916,1
1,1.5,0.001,71,"ASC2_income",0,-0.0407574004142331,1
1,1.5,0.001,71,"ASC2_child",-0.4,-0.306588023037196,1
1,1.5,0.001,71,"ASC3_male",0,-0.0428354944858027,1
1,1.5,0.001,71,"ASC3_age",0,-3.0895439604299e-08,0
1,1.5,0.001,71,"ASC3_income",-0.5,-0.319834204703819,1
1,1.5,0.001,71,"ASC3_child",-0.6,-0.44593508690931,1
1,1.5,0.001,71,"prot25_male",0,-8.54079639621096e-08,0
1,1.5,0.001,71,"prot25_age",0,-0.0362359288646889,1
1,1.5,0.001,71,"prot25_income",0,-0.0299946133496688,1
1,1.5,0.001,71,"prot25_child",0.2,0.0173566207197141,1
1,1.5,0.001,71,"prot50_male",-0.5,-0.416969650855094,1
1,1.5,0.001,71,"prot50_age",0.2,0.216505626407169,1
1,1.5,0.001,71,"prot50_income",-1.1,-0.769331244549164,1
1,1.5,0.001,71,"prot50_child",0,0.00404823918515366,1
1,1.5,0.001,71,"invasive_male",0.9,0.431714034759516,1
1,1.5,0.001,71,"invasive_age",1.2,0.843115359381943,1
1,1.5,0.001,71,"invasive_income",0,-0.0974163897445831,1
1,1.5,0.001,71,"invasive_child",0,1.05214401271838e-08,0
1,1.5,0.001,72,"ASC2_male",0,-4.51560063067053e-08,0
1,1.5,0.001,72,"ASC2_age",0,-0.0592821087820603,1
1,1.5,0.001,72,"ASC2_income",0.2,0.0674550558107555,1
1,1.5,0.001,72,"ASC2_child",0.1,0.0638309895482527,1
1,1.5,0.001,72,"ASC3_male",0,-0.0764462986085992,1
1,1.5,0.001,72,"ASC3_age",0.7,0.437391575577581,1
1,1.5,0.001,72,"ASC3_income",0,-0.0286388541525424,1
1,1.5,0.001,72,"ASC3_child",0,0.0511356329595528,1
1,1.5,0.001,72,"prot25_male",-0.2,-8.39018858752357e-09,0
1,1.5,0.001,72,"prot25_age",-1.1,-0.735813391216933,1
1,1.5,0.001,72,"prot25_income",0,-2.17233870538217e-08,0
1,1.5,0.001,72,"prot25_child",0,6.31989047289577e-11,0
1,1.5,0.001,72,"prot50_male",0.5,0.297631772494343,1
1,1.5,0.001,72,"prot50_age",0,-0.0258345861958316,1
1,1.5,0.001,72,"prot50_income",0,0.000666367925605826,0
1,1.5,0.001,72,"prot50_child",0.1,0.133447107338406,1
1,1.5,0.001,72,"invasive_male",0,-0.153745360161006,1
1,1.5,0.001,72,"invasive_age",0.3,0.182037628878894,1
1,1.5,0.001,72,"invasive_income",0.4,0.302973644108467,1
1,1.5,0.001,72,"invasive_child",-0.4,-0.288156393584665,1
1,1.5,0.001,73,"ASC2_male",0,-6.49832255202816e-09,0
1,1.5,0.001,73,"ASC2_age",0,0.230370757795325,1
1,1.5,0.001,73,"ASC2_income",0,-1.27239870101601e-12,0
1,1.5,0.001,73,"ASC2_child",0.9,0.529946961950948,1
1,1.5,0.001,73,"ASC3_male",0,-1.70056981822055e-08,0
1,1.5,0.001,73,"ASC3_age",-0.7,-0.219353449037003,1
1,1.5,0.001,73,"ASC3_income",0,1.28171012038682e-06,0
1,1.5,0.001,73,"ASC3_child",0,-3.4795312765683e-09,0
1,1.5,0.001,73,"prot25_male",-0.5,-0.281169858228835,1
1,1.5,0.001,73,"prot25_age",1,0.458132816450756,1
1,1.5,0.001,73,"prot25_income",0,-0.00127271447111465,1
1,1.5,0.001,73,"prot25_child",0,-9.20906692978373e-09,0
1,1.5,0.001,73,"prot50_male",0.6,0.342920150459408,1
1,1.5,0.001,73,"prot50_age",0.8,0.396433923653014,1
1,1.5,0.001,73,"prot50_income",1.2,0.781292367652964,1
1,1.5,0.001,73,"prot50_child",0.9,0.553664799440508,1
1,1.5,0.001,73,"invasive_male",0,-7.79907412072722e-08,0
1,1.5,0.001,73,"invasive_age",-1.2,-0.688945925502921,1
1,1.5,0.001,73,"invasive_income",0,-5.85201085901038e-09,0
1,1.5,0.001,73,"invasive_child",1.1,0.628157028997219,1
1,1.5,0.001,74,"ASC2_male",0,0.118533391114333,1
1,1.5,0.001,74,"ASC2_age",0,0.0606170157389974,1
1,1.5,0.001,74,"ASC2_income",-0.5,-0.353427908548135,1
1,1.5,0.001,74,"ASC2_child",0,-0.0661033070602321,1
1,1.5,0.001,74,"ASC3_male",0.2,0.314733621489438,1
1,1.5,0.001,74,"ASC3_age",0,0.0299898234715246,1
1,1.5,0.001,74,"ASC3_income",1,0.692384197271929,1
1,1.5,0.001,74,"ASC3_child",-0.8,-0.684573154051159,1
1,1.5,0.001,74,"prot25_male",-1.1,-0.821081915039365,1
1,1.5,0.001,74,"prot25_age",-0.7,-0.447003232697795,1
1,1.5,0.001,74,"prot25_income",0.8,0.49877183714337,1
1,1.5,0.001,74,"prot25_child",0,-1.38089934438127e-09,0
1,1.5,0.001,74,"prot50_male",0.5,0.35789282579373,1
1,1.5,0.001,74,"prot50_age",0,0.00889111403357226,1
1,1.5,0.001,74,"prot50_income",-0.2,-0.268684029221655,1
1,1.5,0.001,74,"prot50_child",0,0.136032853538499,1
1,1.5,0.001,74,"invasive_male",0,-0.0544883781790256,1
1,1.5,0.001,74,"invasive_age",0,0.0727831502669804,1
1,1.5,0.001,74,"invasive_income",0,-0.00267153796127734,1
1,1.5,0.001,74,"invasive_child",1.1,0.660017866854594,1
1,1.5,0.001,75,"ASC2_male",0,-0.0643153462616496,1
1,1.5,0.001,75,"ASC2_age",0,-0.0100599578505985,1
1,1.5,0.001,75,"ASC2_income",-0.1,-0.0148516341868225,1
1,1.5,0.001,75,"ASC2_child",0,-8.83130065304814e-09,0
1,1.5,0.001,75,"ASC3_male",0,0.00568772309888334,1
1,1.5,0.001,75,"ASC3_age",-0.8,-0.52319320535673,1
1,1.5,0.001,75,"ASC3_income",0,-3.03643664445454e-08,0
1,1.5,0.001,75,"ASC3_child",0.3,0.160442199970995,1
1,1.5,0.001,75,"prot25_male",0,0.0242599609821219,1
1,1.5,0.001,75,"prot25_age",0,-1.03464603233923e-08,0
1,1.5,0.001,75,"prot25_income",-0.5,-0.320351887433341,1
1,1.5,0.001,75,"prot25_child",0.6,0.279570960184472,1
1,1.5,0.001,75,"prot50_male",0,0.0864350038183245,1
1,1.5,0.001,75,"prot50_age",0,0.00308297438852247,1
1,1.5,0.001,75,"prot50_income",-0.5,-0.345036820212705,1
1,1.5,0.001,75,"prot50_child",0,-4.4266309585704e-10,0
1,1.5,0.001,75,"invasive_male",-0.9,-0.655483609228388,1
1,1.5,0.001,75,"invasive_age",-0.1,-0.126121955295744,1
1,1.5,0.001,75,"invasive_income",1.1,0.773719141332869,1
1,1.5,0.001,75,"invasive_child",0.1,0.0143110458462397,1
1,1.5,0.001,76,"ASC2_male",0,-0.194847249722395,1
1,1.5,0.001,76,"ASC2_age",-0.8,-0.503145364067226,1
1,1.5,0.001,76,"ASC2_income",-0.8,-0.443611226870546,1
1,1.5,0.001,76,"ASC2_child",0,-0.00304480650187496,1
1,1.5,0.001,76,"ASC3_male",1,0.345414762738722,1
1,1.5,0.001,76,"ASC3_age",0.2,0.134995937719156,1
1,1.5,0.001,76,"ASC3_income",0.7,0.485162456180064,1
1,1.5,0.001,76,"ASC3_child",0,0.0231576580252014,1
1,1.5,0.001,76,"prot25_male",1,0.872991227013528,1
1,1.5,0.001,76,"prot25_age",-0.4,-0.23782942861599,1
1,1.5,0.001,76,"prot25_income",0,-7.57209761306467e-09,0
1,1.5,0.001,76,"prot25_child",0,-0.010366300512049,1
1,1.5,0.001,76,"prot50_male",-1.1,-0.41999167304433,1
1,1.5,0.001,76,"prot50_age",0,-2.08881788986442e-09,0
1,1.5,0.001,76,"prot50_income",0,-6.43650837245529e-09,0
1,1.5,0.001,76,"prot50_child",0,-2.12216338119019e-09,0
1,1.5,0.001,76,"invasive_male",0.5,0.273099271019258,1
1,1.5,0.001,76,"invasive_age",0,-6.07051923309825e-10,0
1,1.5,0.001,76,"invasive_income",0,-4.46975299127571e-09,0
1,1.5,0.001,76,"invasive_child",-1.2,-0.598998859799487,1
1,1.5,0.001,77,"ASC2_male",0.4,0.19207156157274,1
1,1.5,0.001,77,"ASC2_age",0,0.0745206844654848,1
1,1.5,0.001,77,"ASC2_income",0,0.0876338098744888,1
1,1.5,0.001,77,"ASC2_child",-1.1,-0.763459049130817,1
1,1.5,0.001,77,"ASC3_male",0,-0.185861557500264,1
1,1.5,0.001,77,"ASC3_age",0,0.0876752606126222,1
1,1.5,0.001,77,"ASC3_income",-1.1,-0.642811807765002,1
1,1.5,0.001,77,"ASC3_child",0.7,0.452585230139394,1
1,1.5,0.001,77,"prot25_male",-0.1,-3.91728413612222e-08,0
1,1.5,0.001,77,"prot25_age",0,-0.0567500817813979,1
1,1.5,0.001,77,"prot25_income",0.8,0.414062284267405,1
1,1.5,0.001,77,"prot25_child",-0.7,-0.361241362937419,1
1,1.5,0.001,77,"prot50_male",0,0.121066487554233,1
1,1.5,0.001,77,"prot50_age",0.4,0.277880983229873,1
1,1.5,0.001,77,"prot50_income",0.8,0.458742817598166,1
1,1.5,0.001,77,"prot50_child",0,0.0398972139968179,1
1,1.5,0.001,77,"invasive_male",0,4.48893480419466e-07,0
1,1.5,0.001,77,"invasive_age",0,0.000334028088908978,0
1,1.5,0.001,77,"invasive_income",0,0.0094742504295564,1
1,1.5,0.001,77,"invasive_child",0.9,0.540493282405076,1
1,1.5,0.001,78,"ASC2_male",-0.6,-0.50484430566978,1
1,1.5,0.001,78,"ASC2_age",0,0.0287000711079604,1
1,1.5,0.001,78,"ASC2_income",0,-0.0450175096529736,1
1,1.5,0.001,78,"ASC2_child",0,-0.0489946020676736,1
1,1.5,0.001,78,"ASC3_male",-1.2,-0.765589997100447,1
1,1.5,0.001,78,"ASC3_age",-0.7,-0.456551950311527,1
1,1.5,0.001,78,"ASC3_income",0,-0.0238763728127183,1
1,1.5,0.001,78,"ASC3_child",0.8,0.448796822679293,1
1,1.5,0.001,78,"prot25_male",0.4,0.182003198013645,1
1,1.5,0.001,78,"prot25_age",0,-0.0136990148968764,1
1,1.5,0.001,78,"prot25_income",0,0.00690124096992517,1
1,1.5,0.001,78,"prot25_child",-1.2,-0.785844005929115,1
1,1.5,0.001,78,"prot50_male",0,-1.66719564627229e-07,0
1,1.5,0.001,78,"prot50_age",0.5,0.322796142775019,1
1,1.5,0.001,78,"prot50_income",0.1,0.0344779855065648,1
1,1.5,0.001,78,"prot50_child",0.2,0.0724966411898277,1
1,1.5,0.001,78,"invasive_male",0,0.000937959434008084,0
1,1.5,0.001,78,"invasive_age",0,-0.0386158204291806,1
1,1.5,0.001,78,"invasive_income",0,-0.0812052981098007,1
1,1.5,0.001,78,"invasive_child",0.9,0.402391594804745,1
1,1.5,0.001,79,"ASC2_male",0,0.0572854571842688,1
1,1.5,0.001,79,"ASC2_age",0,-0.0096293550403693,1
1,1.5,0.001,79,"ASC2_income",0.2,0.230091878969587,1
1,1.5,0.001,79,"ASC2_child",0,-0.102365597702781,1
1,1.5,0.001,79,"ASC3_male",0,0.0334062186479777,1
1,1.5,0.001,79,"ASC3_age",-0.6,-0.424044841770365,1
1,1.5,0.001,79,"ASC3_income",-1,-0.573306584545253,1
1,1.5,0.001,79,"ASC3_child",0.7,0.360193166468097,1
1,1.5,0.001,79,"prot25_male",0,0.0083493194660953,1
1,1.5,0.001,79,"prot25_age",-1,-0.688146626326684,1
1,1.5,0.001,79,"prot25_income",0,-0.0941657561065206,1
1,1.5,0.001,79,"prot25_child",0,0.0488586504244677,1
1,1.5,0.001,79,"prot50_male",-1.1,-0.717641534841086,1
1,1.5,0.001,79,"prot50_age",-1.1,-0.770974637170008,1
1,1.5,0.001,79,"prot50_income",0.9,0.539771220709834,1
1,1.5,0.001,79,"prot50_child",0.4,0.241488183670862,1
1,1.5,0.001,79,"invasive_male",-0.4,-0.277715884654673,1
1,1.5,0.001,79,"invasive_age",0,1.04481593075766e-09,0
1,1.5,0.001,79,"invasive_income",0,1.63464965833359e-07,0
1,1.5,0.001,79,"invasive_child",0,-0.0723107659599292,1
1,1.5,0.001,80,"ASC2_male",-0.3,-0.143241994042746,1
1,1.5,0.001,80,"ASC2_age",0,-0.0955912592180778,1
1,1.5,0.001,80,"ASC2_income",0.9,0.670213796395048,1
1,1.5,0.001,80,"ASC2_child",-1,-0.651750526043824,1
1,1.5,0.001,80,"ASC3_male",0,-0.0465996344792472,1
1,1.5,0.001,80,"ASC3_age",-0.6,-0.457600745265788,1
1,1.5,0.001,80,"ASC3_income",0,0.0652439164415832,1
1,1.5,0.001,80,"ASC3_child",0,-4.87889497632318e-09,0
1,1.5,0.001,80,"prot25_male",0,0.0365060281811859,1
1,1.5,0.001,80,"prot25_age",0.8,0.558631544206504,1
1,1.5,0.001,80,"prot25_income",0.1,0.0394440326514754,1
1,1.5,0.001,80,"prot25_child",0,-7.12195112435917e-08,0
1,1.5,0.001,80,"prot50_male",0,0.0205548843895731,1
1,1.5,0.001,80,"prot50_age",0,0.00404083918486794,1
1,1.5,0.001,80,"prot50_income",0.7,0.411065172887473,1
1,1.5,0.001,80,"prot50_child",0,0.110984264967171,1
1,1.5,0.001,80,"invasive_male",0,1.15625330219085e-07,0
1,1.5,0.001,80,"invasive_age",-0.8,-0.558820871916824,1
1,1.5,0.001,80,"invasive_income",-0.7,-0.46829396140124,1
1,1.5,0.001,80,"invasive_child",0.7,0.477922517617466,1
1,1.5,0.001,81,"ASC2_male",0,-0.0389295142482357,1
1,1.5,0.001,81,"ASC2_age",-1.1,-0.708265508617072,1
1,1.5,0.001,81,"ASC2_income",0.1,0.104834952411589,1
1,1.5,0.001,81,"ASC2_child",0.8,0.465907514814292,1
1,1.5,0.001,81,"ASC3_male",0,-0.0465193328909934,1
1,1.5,0.001,81,"ASC3_age",0,0.0350895254555052,1
1,1.5,0.001,81,"ASC3_income",-0.8,-0.465336431281,1
1,1.5,0.001,81,"ASC3_child",0,-2.74891173926564e-06,0
1,1.5,0.001,81,"prot25_male",0,6.82268919800229e-07,0
1,1.5,0.001,81,"prot25_age",-0.3,-0.233123154518657,1
1,1.5,0.001,81,"prot25_income",0.1,-1.82193625102759e-06,0
1,1.5,0.001,81,"prot25_child",0.2,0.21042136894245,1
1,1.5,0.001,81,"prot50_male",0,-0.0223072135194176,1
1,1.5,0.001,81,"prot50_age",0.4,0.250032129568932,1
1,1.5,0.001,81,"prot50_income",-0.3,-0.234846353403125,1
1,1.5,0.001,81,"prot50_child",0,0.064041033567571,1
1,1.5,0.001,81,"invasive_male",0,-1.60548863286286e-09,0
1,1.5,0.001,81,"invasive_age",0,-0.0113536256653641,1
1,1.5,0.001,81,"invasive_income",-0.5,-0.309913797785342,1
1,1.5,0.001,81,"invasive_child",0,5.3487346474645e-06,0
1,1.5,0.001,82,"ASC2_male",0.9,0.49903626188531,1
1,1.5,0.001,82,"ASC2_age",-0.6,-0.41392557683024,1
1,1.5,0.001,82,"ASC2_income",1.1,0.69693770140471,1
1,1.5,0.001,82,"ASC2_child",-0.9,-0.448766327842368,1
1,1.5,0.001,82,"ASC3_male",0,1.43454706242824e-10,0
1,1.5,0.001,82,"ASC3_age",0,-0.0284983269042147,1
1,1.5,0.001,82,"ASC3_income",0,-0.0485469180922915,1
1,1.5,0.001,82,"ASC3_child",0.3,0.330105795700689,1
1,1.5,0.001,82,"prot25_male",0,0.073437729495065,1
1,1.5,0.001,82,"prot25_age",0,0.0171302918698026,1
1,1.5,0.001,82,"prot25_income",0,0.0205550207544141,1
1,1.5,0.001,82,"prot25_child",1.1,0.625135739937528,1
1,1.5,0.001,82,"prot50_male",-0.4,-0.264565291179861,1
1,1.5,0.001,82,"prot50_age",0,-0.0198958321432102,1
1,1.5,0.001,82,"prot50_income",-0.5,-0.31205440229889,1
1,1.5,0.001,82,"prot50_child",0,-0.106768185656586,1
1,1.5,0.001,82,"invasive_male",0,0.0196968332732331,1
1,1.5,0.001,82,"invasive_age",-1.1,-0.722582918806359,1
1,1.5,0.001,82,"invasive_income",0,-0.0811224174998772,1
1,1.5,0.001,82,"invasive_child",0.4,0.406901181994373,1
1,1.5,0.001,83,"ASC2_male",0.9,0.412975189223691,1
1,1.5,0.001,83,"ASC2_age",0,0.0472455708522852,1
1,1.5,0.001,83,"ASC2_income",-0.9,-0.579951763524281,1
1,1.5,0.001,83,"ASC2_child",-0.8,-0.442710170848836,1
1,1.5,0.001,83,"ASC3_male",0.9,0.512304783009366,1
1,1.5,0.001,83,"ASC3_age",0,-5.04850874488939e-09,0
1,1.5,0.001,83,"ASC3_income",0,-0.0187297797499309,1
1,1.5,0.001,83,"ASC3_child",0,0.0475781964668106,1
1,1.5,0.001,83,"prot25_male",1,0.612093205288726,1
1,1.5,0.001,83,"prot25_age",1.2,0.761393473147856,1
1,1.5,0.001,83,"prot25_income",-0.2,-0.127315259862545,1
1,1.5,0.001,83,"prot25_child",0,-8.93465840756045e-10,0
1,1.5,0.001,83,"prot50_male",0,5.71501999201035e-08,0
1,1.5,0.001,83,"prot50_age",0,-0.00223261910616942,1
1,1.5,0.001,83,"prot50_income",-0.2,-0.0785428864500457,1
1,1.5,0.001,83,"prot50_child",0,-7.28281717058833e-08,0
1,1.5,0.001,83,"invasive_male",0,-0.0799047964073235,1
1,1.5,0.001,83,"invasive_age",-0.8,-0.462565473307762,1
1,1.5,0.001,83,"invasive_income",-0.9,-0.527491433132242,1
1,1.5,0.001,83,"invasive_child",0,-1.57132138434604e-07,0
1,1.5,0.001,84,"ASC2_male",0,0.0382065733625851,1
1,1.5,0.001,84,"ASC2_age",0,-2.23004248446764e-09,0
1,1.5,0.001,84,"ASC2_income",0.4,0.253627288968586,1
1,1.5,0.001,84,"ASC2_child",-0.9,-0.71762375682878,1
1,1.5,0.001,84,"ASC3_male",-0.2,-0.039828104575495,1
1,1.5,0.001,84,"ASC3_age",0.6,0.404943193753455,1
1,1.5,0.001,84,"ASC3_income",0.4,0.266335493538472,1
1,1.5,0.001,84,"ASC3_child",-0.6,-0.502764343012344,1
1,1.5,0.001,84,"prot25_male",0,-0.0339058838277106,1
1,1.5,0.001,84,"prot25_age",0,2.10385164834684e-06,0
1,1.5,0.001,84,"prot25_income",0.2,0.15862815859949,1
1,1.5,0.001,84,"prot25_child",-0.7,-0.366641810476928,1
1,1.5,0.001,84,"prot50_male",0,7.4282265429603e-09,0
1,1.5,0.001,84,"prot50_age",0,-2.06081703186465e-07,0
1,1.5,0.001,84,"prot50_income",0,0.00411161652444541,1
1,1.5,0.001,84,"prot50_child",-0.9,-0.35385179507074,1
1,1.5,0.001,84,"invasive_male",-1.1,-0.552786722060967,1
1,1.5,0.001,84,"invasive_age",0,-0.0324916241354229,1
1,1.5,0.001,84,"invasive_income",0,-0.039060296788252,1
1,1.5,0.001,84,"invasive_child",0,0.0422087773758215,1
1,1.5,0.001,85,"ASC2_male",0.9,0.686345375047352,1
1,1.5,0.001,85,"ASC2_age",0,0.0377610356781971,1
1,1.5,0.001,85,"ASC2_income",0.4,0.235259172800754,1
1,1.5,0.001,85,"ASC2_child",0,-0.163054034457972,1
1,1.5,0.001,85,"ASC3_male",0,-0.0269893671048103,1
1,1.5,0.001,85,"ASC3_age",0.5,0.387077345363434,1
1,1.5,0.001,85,"ASC3_income",0.9,0.59933542623921,1
1,1.5,0.001,85,"ASC3_child",0.4,0.0803037967697156,1
1,1.5,0.001,85,"prot25_male",0,-0.07838621917441,1
1,1.5,0.001,85,"prot25_age",-0.3,-0.211805234168518,1
1,1.5,0.001,85,"prot25_income",0.7,0.52126763193004,1
1,1.5,0.001,85,"prot25_child",0,0.0809193830311982,1
1,1.5,0.001,85,"prot50_male",0,-0.0418799179279927,1
1,1.5,0.001,85,"prot50_age",-0.8,-0.541109693908229,1
1,1.5,0.001,85,"prot50_income",-0.7,-0.406071697370619,1
1,1.5,0.001,85,"prot50_child",0,-0.0290081125424516,1
1,1.5,0.001,85,"invasive_male",0,-0.0206273168259026,1
1,1.5,0.001,85,"invasive_age",0,0.0134726579620768,1
1,1.5,0.001,85,"invasive_income",0,0.0287302714610038,1
1,1.5,0.001,85,"invasive_child",0.6,0.292321265475803,1
1,1.5,0.001,86,"ASC2_male",0,8.93550728638228e-05,0
1,1.5,0.001,86,"ASC2_age",-0.6,-0.37697665846895,1
1,1.5,0.001,86,"ASC2_income",0.7,0.279847750625975,1
1,1.5,0.001,86,"ASC2_child",0,0.0689163061461924,1
1,1.5,0.001,86,"ASC3_male",0,-0.0447282517309863,1
1,1.5,0.001,86,"ASC3_age",0,-0.0237076573964347,1
1,1.5,0.001,86,"ASC3_income",1.2,0.641047332136413,1
1,1.5,0.001,86,"ASC3_child",0,-9.92481380230301e-09,0
1,1.5,0.001,86,"prot25_male",-0.7,-0.361423204314333,1
1,1.5,0.001,86,"prot25_age",-1,-0.735823440565484,1
1,1.5,0.001,86,"prot25_income",0,-0.00286736268832532,1
1,1.5,0.001,86,"prot25_child",0.9,0.498591711796619,1
1,1.5,0.001,86,"prot50_male",1,0.788946678908992,1
1,1.5,0.001,86,"prot50_age",0,-0.00591883308471538,1
1,1.5,0.001,86,"prot50_income",0,0.0480243367296239,1
1,1.5,0.001,86,"prot50_child",-1,-0.67157024718973,1
1,1.5,0.001,86,"invasive_male",0,0.00895567232832413,1
1,1.5,0.001,86,"invasive_age",1,0.673566721290387,1
1,1.5,0.001,86,"invasive_income",0,-7.76985403856365e-09,0
1,1.5,0.001,86,"invasive_child",0.3,0.225352946759009,1
1,1.5,0.001,87,"ASC2_male",-0.3,-0.205865842375541,1
1,1.5,0.001,87,"ASC2_age",0.1,0.00270092721848688,1
1,1.5,0.001,87,"ASC2_income",-0.2,-0.107040375741057,1
1,1.5,0.001,87,"ASC2_child",0,-0.0161335877577749,1
1,1.5,0.001,87,"ASC3_male",0,-1.31548104353051e-08,0
1,1.5,0.001,87,"ASC3_age",0,-0.0685997923426808,1
1,1.5,0.001,87,"ASC3_income",0.3,0.20570904066149,1
1,1.5,0.001,87,"ASC3_child",0.7,0.456175112984062,1
1,1.5,0.001,87,"prot25_male",0,0.0179784170844559,1
1,1.5,0.001,87,"prot25_age",0,0.0448505566635924,1
1,1.5,0.001,87,"prot25_income",0.5,0.317935321001616,1
1,1.5,0.001,87,"prot25_child",0,0.155606771208124,1
1,1.5,0.001,87,"prot50_male",0,-0.00155000586762371,1
1,1.5,0.001,87,"prot50_age",1,0.721012324649093,1
1,1.5,0.001,87,"prot50_income",1.1,0.731827916754201,1
1,1.5,0.001,87,"prot50_child",-0.7,-0.483731583594097,1
1,1.5,0.001,87,"invasive_male",0,-0.0728091198000853,1
1,1.5,0.001,87,"invasive_age",-1.1,-0.747744231384808,1
1,1.5,0.001,87,"invasive_income",0,-0.00811379427431193,1
1,1.5,0.001,87,"invasive_child",0,-9.18772471395364e-08,0
1,1.5,0.001,88,"ASC2_male",0,1.62745248151583e-09,0
1,1.5,0.001,88,"ASC2_age",0.5,0.299751692640788,1
1,1.5,0.001,88,"ASC2_income",-1,-0.757538615103358,1
1,1.5,0.001,88,"ASC2_child",0,-0.168219863549648,1
1,1.5,0.001,88,"ASC3_male",0,-4.4824145734574e-08,0
1,1.5,0.001,88,"ASC3_age",0,0.00238981542801324,1
1,1.5,0.001,88,"ASC3_income",-0.6,-0.407713155611659,1
1,1.5,0.001,88,"ASC3_child",1.1,0.628373453177002,1
1,1.5,0.001,88,"prot25_male",0.8,0.600961415439659,1
1,1.5,0.001,88,"prot25_age",0.3,0.21972472726335,1
1,1.5,0.001,88,"prot25_income",-0.5,-0.299671606286646,1
1,1.5,0.001,88,"prot25_child",-1,-0.547106738808738,1
1,1.5,0.001,88,"prot50_male",-0.2,-0.021320503714947,1
1,1.5,0.001,88,"prot50_age",0,0.0138105565890969,1
1,1.5,0.001,88,"prot50_income",-0.3,-0.19933171926172,1
1,1.5,0.001,88,"prot50_child",0,-4.49275839054792e-10,0
1,1.5,0.001,88,"invasive_male",0,0.00083082815060055,0
1,1.5,0.001,88,"invasive_age",0,-2.35563939810393e-08,0
1,1.5,0.001,88,"invasive_income",0,-1.81500769397629e-08,0
1,1.5,0.001,88,"invasive_child",0,-2.33375154250894e-09,0
1,1.5,0.001,89,"ASC2_male",0,-0.00427316557248798,1
1,1.5,0.001,89,"ASC2_age",0.3,0.124906413494311,1
1,1.5,0.001,89,"ASC2_income",0,0.0141682399141701,1
1,1.5,0.001,89,"ASC2_child",0,-2.15130514311407e-05,0
1,1.5,0.001,89,"ASC3_male",0,0.0423295331530354,1
1,1.5,0.001,89,"ASC3_age",0.8,0.432675560063685,1
1,1.5,0.001,89,"ASC3_income",0,-1.39338944958908e-08,0
1,1.5,0.001,89,"ASC3_child",1,0.546433932916013,1
1,1.5,0.001,89,"prot25_male",0.7,0.438050338900612,1
1,1.5,0.001,89,"prot25_age",0,0.0939973020814873,1
1,1.5,0.001,89,"prot25_income",0,-0.00720905840128474,1
1,1.5,0.001,89,"prot25_child",-0.2,-3.05781920615319e-09,0
1,1.5,0.001,89,"prot50_male",-0.6,-0.590787622670126,1
1,1.5,0.001,89,"prot50_age",0.2,0.208471131255514,1
1,1.5,0.001,89,"prot50_income",0.1,0.0322967376850338,1
1,1.5,0.001,89,"prot50_child",0,2.7116991309717e-09,0
1,1.5,0.001,89,"invasive_male",0,-0.0964634077096794,1
1,1.5,0.001,89,"invasive_age",0,-0.0174547449062939,1
1,1.5,0.001,89,"invasive_income",0.7,0.482557616307018,1
1,1.5,0.001,89,"invasive_child",0.6,0.33755285734967,1
1,1.5,0.001,90,"ASC2_male",0,-0.0699012549706919,1
1,1.5,0.001,90,"ASC2_age",0.5,0.313241214257057,1
1,1.5,0.001,90,"ASC2_income",0.8,0.742320220425021,1
1,1.5,0.001,90,"ASC2_child",0.3,0.0061098709759766,1
1,1.5,0.001,90,"ASC3_male",0,3.92406263814975e-08,0
1,1.5,0.001,90,"ASC3_age",0.3,0.151364888413822,1
1,1.5,0.001,90,"ASC3_income",-1.1,-0.640537496123285,1
1,1.5,0.001,90,"ASC3_child",0,-0.201131383697539,1
1,1.5,0.001,90,"prot25_male",0,0.0965829125470739,1
1,1.5,0.001,90,"prot25_age",1.2,0.856755212915255,1
1,1.5,0.001,90,"prot25_income",0.4,0.244739046443711,1
1,1.5,0.001,90,"prot25_child",0,0.147961209160206,1
1,1.5,0.001,90,"prot50_male",-0.8,-0.415391200793617,1
1,1.5,0.001,90,"prot50_age",0.4,0.304362261686573,1
1,1.5,0.001,90,"prot50_income",-0.1,-0.183302904411509,1
1,1.5,0.001,90,"prot50_child",0,0.198887470820058,1
1,1.5,0.001,90,"invasive_male",0,-0.0808426001012613,1
1,1.5,0.001,90,"invasive_age",0,-0.0246536962952293,1
1,1.5,0.001,90,"invasive_income",0,0.0500355651786059,1
1,1.5,0.001,90,"invasive_child",0,-0.0432277925727776,1
1,1.5,0.001,91,"ASC2_male",0,0.00679430461988959,1
1,1.5,0.001,91,"ASC2_age",-0.4,-0.301183195775246,1
1,1.5,0.001,91,"ASC2_income",0.3,0.236068833895195,1
1,1.5,0.001,91,"ASC2_child",-0.2,-0.317860078889262,1
1,1.5,0.001,91,"ASC3_male",0,0.0438199942022816,1
1,1.5,0.001,91,"ASC3_age",0.2,0.105401083800911,1
1,1.5,0.001,91,"ASC3_income",-0.3,-0.195587944904276,1
1,1.5,0.001,91,"ASC3_child",-0.8,-0.71208150633946,1
1,1.5,0.001,91,"prot25_male",0,-0.0237794902732867,1
1,1.5,0.001,91,"prot25_age",0,-0.0861323249371593,1
1,1.5,0.001,91,"prot25_income",0.8,0.534679330429124,1
1,1.5,0.001,91,"prot25_child",0,0.0358224680645805,1
1,1.5,0.001,91,"prot50_male",0.3,0.128375256170244,1
1,1.5,0.001,91,"prot50_age",0,-0.0578207781381729,1
1,1.5,0.001,91,"prot50_income",0,0.0675961771050926,1
1,1.5,0.001,91,"prot50_child",0,-0.142628850351469,1
1,1.5,0.001,91,"invasive_male",0,-0.0647091514127597,1
1,1.5,0.001,91,"invasive_age",-0.2,-0.230878116546997,1
1,1.5,0.001,91,"invasive_income",-0.5,-0.308467731293828,1
1,1.5,0.001,91,"invasive_child",0,-0.294177219995693,1
1,1.5,0.001,92,"ASC2_male",-0.5,-0.418500965884171,1
1,1.5,0.001,92,"ASC2_age",1,0.628255709597757,1
1,1.5,0.001,92,"ASC2_income",0,0.0204574946544812,1
1,1.5,0.001,92,"ASC2_child",0,-0.298576494398535,1
1,1.5,0.001,92,"ASC3_male",0,-0.0521113018265702,1
1,1.5,0.001,92,"ASC3_age",0,-0.0389530799248488,1
1,1.5,0.001,92,"ASC3_income",0,0.0378403571298731,1
1,1.5,0.001,92,"ASC3_child",0.3,0.052099335767286,1
1,1.5,0.001,92,"prot25_male",-1.1,-0.750452200409879,1
1,1.5,0.001,92,"prot25_age",0,0.0791400822569169,1
1,1.5,0.001,92,"prot25_income",-1.2,-0.913382110516049,1
1,1.5,0.001,92,"prot25_child",0,0.138287877400375,1
1,1.5,0.001,92,"prot50_male",-0.4,-0.205385439134207,1
1,1.5,0.001,92,"prot50_age",-0.6,-0.384780649005831,1
1,1.5,0.001,92,"prot50_income",0,-0.0286210630929251,1
1,1.5,0.001,92,"prot50_child",0.8,0.701958583543707,1
1,1.5,0.001,92,"invasive_male",0,-0.00504971419108453,1
1,1.5,0.001,92,"invasive_age",0,-0.0314817705578813,1
1,1.5,0.001,92,"invasive_income",0.7,0.500312090654529,1
1,1.5,0.001,92,"invasive_child",0.9,0.490407661178379,1
1,1.5,0.001,93,"ASC2_male",0,-0.0164632253218122,1
1,1.5,0.001,93,"ASC2_age",-0.9,-0.470143731711533,1
1,1.5,0.001,93,"ASC2_income",0,6.84312602730541e-08,0
1,1.5,0.001,93,"ASC2_child",-0.4,-0.14770784151207,1
1,1.5,0.001,93,"ASC3_male",0,-0.0768353299494689,1
1,1.5,0.001,93,"ASC3_age",-1.1,-0.626617422919435,1
1,1.5,0.001,93,"ASC3_income",0,-0.00724532915808069,1
1,1.5,0.001,93,"ASC3_child",-1,-0.51939845909401,1
1,1.5,0.001,93,"prot25_male",0,5.60671677463282e-05,0
1,1.5,0.001,93,"prot25_age",0,-0.0660813649687157,1
1,1.5,0.001,93,"prot25_income",0.4,0.21466921451543,1
1,1.5,0.001,93,"prot25_child",1.1,0.68937652709338,1
1,1.5,0.001,93,"prot50_male",0,0.0161522858194664,1
1,1.5,0.001,93,"prot50_age",0.2,0.0504432074744889,1
1,1.5,0.001,93,"prot50_income",1.2,0.761462628570329,1
1,1.5,0.001,93,"prot50_child",-1.1,-0.710257264101703,1
1,1.5,0.001,93,"invasive_male",0,-0.105462931130266,1
1,1.5,0.001,93,"invasive_age",0,0.060595031389459,1
1,1.5,0.001,93,"invasive_income",0,3.06199015980298e-07,0
1,1.5,0.001,93,"invasive_child",-0.2,-0.0949225200952046,1
1,1.5,0.001,94,"ASC2_male",-0.2,-0.000525152172910426,0
1,1.5,0.001,94,"ASC2_age",0,-0.0248047816189539,1
1,1.5,0.001,94,"ASC2_income",-0.2,-0.00795850766383122,1
1,1.5,0.001,94,"ASC2_child",0.3,0.184772272828452,1
1,1.5,0.001,94,"ASC3_male",-0.1,0.0111302662615407,1
1,1.5,0.001,94,"ASC3_age",0,0.0290464337938264,1
1,1.5,0.001,94,"ASC3_income",-1.2,-0.725687051847448,1
1,1.5,0.001,94,"ASC3_child",-0.5,-0.287632563880124,1
1,1.5,0.001,94,"prot25_male",0,-0.141715952799858,1
1,1.5,0.001,94,"prot25_age",0,0.0110660983748038,1
1,1.5,0.001,94,"prot25_income",0,-0.0848170176084811,1
1,1.5,0.001,94,"prot25_child",0,9.99643806099463e-12,0
1,1.5,0.001,94,"prot50_male",0,-0.158224217884745,1
1,1.5,0.001,94,"prot50_age",0,0.0470609429852808,1
1,1.5,0.001,94,"prot50_income",-0.6,-0.438303597621531,1
1,1.5,0.001,94,"prot50_child",0,0.0317206994621488,1
1,1.5,0.001,94,"invasive_male",0,-0.00217998624039069,1
1,1.5,0.001,94,"invasive_age",1,0.690114701444572,1
1,1.5,0.001,94,"invasive_income",0.8,0.558464361633694,1
1,1.5,0.001,94,"invasive_child",0.6,0.274235264257299,1
1,1.5,0.001,95,"ASC2_male",-0.4,-0.140955089904792,1
1,1.5,0.001,95,"ASC2_age",-0.5,-0.276182432048717,1
1,1.5,0.001,95,"ASC2_income",0,0.00987917114342094,1
1,1.5,0.001,95,"ASC2_child",-0.7,-0.242280867216722,1
1,1.5,0.001,95,"ASC3_male",-1.1,-0.585507465915946,1
1,1.5,0.001,95,"ASC3_age",0,-0.0143783375747977,1
1,1.5,0.001,95,"ASC3_income",0,-0.00568825085416067,1
1,1.5,0.001,95,"ASC3_child",0,0.128343561169168,1
1,1.5,0.001,95,"prot25_male",-0.9,-0.68542474622486,1
1,1.5,0.001,95,"prot25_age",0,-0.0571864976125976,1
1,1.5,0.001,95,"prot25_income",0,-0.050132537596558,1
1,1.5,0.001,95,"prot25_child",0.5,0.0678767155406206,1
1,1.5,0.001,95,"prot50_male",0.3,0.123671353745792,1
1,1.5,0.001,95,"prot50_age",0.7,0.388855853306521,1
1,1.5,0.001,95,"prot50_income",0,-0.0427019738658619,1
1,1.5,0.001,95,"prot50_child",0.6,0.024243684782484,1
1,1.5,0.001,95,"invasive_male",0,0.126165482175178,1
1,1.5,0.001,95,"invasive_age",0,-0.028371673330957,1
1,1.5,0.001,95,"invasive_income",0,0.0352738360953288,1
1,1.5,0.001,95,"invasive_child",0.5,0.0846199672936464,1
1,1.5,0.001,96,"ASC2_male",-0.1,-0.0381087181977569,1
1,1.5,0.001,96,"ASC2_age",0.2,0.117409602511442,1
1,1.5,0.001,96,"ASC2_income",0,0.0264621301404754,1
1,1.5,0.001,96,"ASC2_child",-0.4,-0.19971277849513,1
1,1.5,0.001,96,"ASC3_male",0,-7.29134679007292e-09,0
1,1.5,0.001,96,"ASC3_age",0,-0.0577332255143321,1
1,1.5,0.001,96,"ASC3_income",-0.6,-0.395853652129194,1
1,1.5,0.001,96,"ASC3_child",0.6,0.41078199296605,1
1,1.5,0.001,96,"prot25_male",0.3,0.0312215226464172,1
1,1.5,0.001,96,"prot25_age",0,-9.81576104807804e-09,0
1,1.5,0.001,96,"prot25_income",0,0.0571247298849653,1
1,1.5,0.001,96,"prot25_child",-0.8,-0.58832123530732,1
1,1.5,0.001,96,"prot50_male",0.3,0.187495883517096,1
1,1.5,0.001,96,"prot50_age",1.2,0.844464809832672,1
1,1.5,0.001,96,"prot50_income",0,-3.87376045008462e-07,0
1,1.5,0.001,96,"prot50_child",0,-1.06447161160433e-08,0
1,1.5,0.001,96,"invasive_male",0,-4.50943063804015e-08,0
1,1.5,0.001,96,"invasive_age",0,0.00243245165186619,1
1,1.5,0.001,96,"invasive_income",0,0.0263595372150955,1
1,1.5,0.001,96,"invasive_child",0.6,0.541379756107514,1
1,1.5,0.001,97,"ASC2_male",0.8,0.570864368198131,1
1,1.5,0.001,97,"ASC2_age",0,0.0626475826503979,1
1,1.5,0.001,97,"ASC2_income",-1.1,-0.615117498249849,1
1,1.5,0.001,97,"ASC2_child",0.9,0.694341974745879,1
1,1.5,0.001,97,"ASC3_male",0.5,0.406806778457066,1
1,1.5,0.001,97,"ASC3_age",0,0.0720947321424817,1
1,1.5,0.001,97,"ASC3_income",0,0.0818324896819367,1
1,1.5,0.001,97,"ASC3_child",0,0.0573816437720571,1
1,1.5,0.001,97,"prot25_male",-0.4,-0.311655088068598,1
1,1.5,0.001,97,"prot25_age",0,-0.0293109929389912,1
1,1.5,0.001,97,"prot25_income",0,0.0115355068090958,1
1,1.5,0.001,97,"prot25_child",0,-4.94180011832395e-09,0
1,1.5,0.001,97,"prot50_male",0.4,0.166542198524444,1
1,1.5,0.001,97,"prot50_age",1.2,0.87620593498357,1
1,1.5,0.001,97,"prot50_income",-0.4,-0.270297386120641,1
1,1.5,0.001,97,"prot50_child",0.3,0.2760578307167,1
1,1.5,0.001,97,"invasive_male",0,-0.0737684395813445,1
1,1.5,0.001,97,"invasive_age",0,0.0806736607017685,1
1,1.5,0.001,97,"invasive_income",0,0.0678891911911397,1
1,1.5,0.001,97,"invasive_child",-0.8,-0.412792803042876,1
1,1.5,0.001,98,"ASC2_male",0,-0.0205891754189469,1
1,1.5,0.001,98,"ASC2_age",0.8,0.511036529650955,1
1,1.5,0.001,98,"ASC2_income",0,-0.00369822814301696,1
1,1.5,0.001,98,"ASC2_child",0.1,-0.153366123663503,1
1,1.5,0.001,98,"ASC3_male",1.2,0.768865533508971,1
1,1.5,0.001,98,"ASC3_age",-0.7,-0.42992187272648,1
1,1.5,0.001,98,"ASC3_income",-0.6,-0.462322833133372,1
1,1.5,0.001,98,"ASC3_child",-0.2,-0.168348030478909,1
1,1.5,0.001,98,"prot25_male",0,0.0201350577232782,1
1,1.5,0.001,98,"prot25_age",0,-0.00706568004454604,1
1,1.5,0.001,98,"prot25_income",0,0.0158498780423188,1
1,1.5,0.001,98,"prot25_child",0.7,0.588543859058315,1
1,1.5,0.001,98,"prot50_male",0.5,0.425767276709484,1
1,1.5,0.001,98,"prot50_age",-0.7,-0.491195273028167,1
1,1.5,0.001,98,"prot50_income",-1.2,-0.744157983173248,1
1,1.5,0.001,98,"prot50_child",0,0.165489707342104,1
1,1.5,0.001,98,"invasive_male",0,-0.0108083422061924,1
1,1.5,0.001,98,"invasive_age",0,-0.0201835105228555,1
1,1.5,0.001,98,"invasive_income",0,0.0606459263342348,1
1,1.5,0.001,98,"invasive_child",0,-0.0379532472539853,1
1,1.5,0.001,99,"ASC2_male",0.5,0.359797291749518,1
1,1.5,0.001,99,"ASC2_age",0,1.27525779026191e-07,0
1,1.5,0.001,99,"ASC2_income",0.7,0.422861074116608,1
1,1.5,0.001,99,"ASC2_child",1.1,0.580863746854665,1
1,1.5,0.001,99,"ASC3_male",0,-0.028178701469279,1
1,1.5,0.001,99,"ASC3_age",1.2,0.815778238629707,1
1,1.5,0.001,99,"ASC3_income",0,0.0433841083310553,1
1,1.5,0.001,99,"ASC3_child",0,-0.195750239851412,1
1,1.5,0.001,99,"prot25_male",0.3,0.217292147582097,1
1,1.5,0.001,99,"prot25_age",0.9,0.544877465196082,1
1,1.5,0.001,99,"prot25_income",0,0.0223298306765044,1
1,1.5,0.001,99,"prot25_child",0,8.36851015606144e-05,0
1,1.5,0.001,99,"prot50_male",0,-0.065910452249144,1
1,1.5,0.001,99,"prot50_age",0,-0.0579730245307023,1
1,1.5,0.001,99,"prot50_income",0,-0.039803692194843,1
1,1.5,0.001,99,"prot50_child",1.1,0.708690981045424,1
1,1.5,0.001,99,"invasive_male",0,0.015266157311387,1
1,1.5,0.001,99,"invasive_age",0.1,0.0607216563611089,1
1,1.5,0.001,99,"invasive_income",1.2,0.75507657018815,1
1,1.5,0.001,99,"invasive_child",1.2,0.495652236375964,1
1,1.5,0.001,100,"ASC2_male",0,-7.33485109065185e-09,0
1,1.5,0.001,100,"ASC2_age",0,-1.42350624555763e-09,0
1,1.5,0.001,100,"ASC2_income",-1,-0.505405016407408,1
1,1.5,0.001,100,"ASC2_child",0,-4.84334923510073e-08,0
1,1.5,0.001,100,"ASC3_male",0,-3.0723726017996e-09,0
1,1.5,0.001,100,"ASC3_age",-0.4,-0.252001695759338,1
1,1.5,0.001,100,"ASC3_income",-0.7,-0.34806059001284,1
1,1.5,0.001,100,"ASC3_child",-0.8,-0.467238226361477,1
1,1.5,0.001,100,"prot25_male",1,0.524085886309842,1
1,1.5,0.001,100,"prot25_age",0,-0.000579893019587847,0
1,1.5,0.001,100,"prot25_income",0,0.000127452483485281,0
1,1.5,0.001,100,"prot25_child",0,4.28010650668096e-13,0
1,1.5,0.001,100,"prot50_male",1.1,0.604631190329483,1
1,1.5,0.001,100,"prot50_age",-0.3,-0.127194105605899,1
1,1.5,0.001,100,"prot50_income",0,-0.0426862233822147,1
1,1.5,0.001,100,"prot50_child",-0.1,-0.0136686915752091,1
1,1.5,0.001,100,"invasive_male",0,-8.30468233121737e-10,0
1,1.5,0.001,100,"invasive_age",0,0.0581328696431083,1
1,1.5,0.001,100,"invasive_income",0.9,0.649830659563363,1
1,1.5,0.001,100,"invasive_child",-0.2,-9.21155614375517e-09,0
1,1.5,0.01,1,"ASC2_male",0,-6.16880031009403e-09,0
1,1.5,0.01,1,"ASC2_age",0.6,0.384972883112788,1
1,1.5,0.01,1,"ASC2_income",0,-8.2792515492072e-08,0
1,1.5,0.01,1,"ASC2_child",0,1.44034625294859e-08,0
1,1.5,0.01,1,"ASC3_male",0,0.00642666146795862,0
1,1.5,0.01,1,"ASC3_age",-1,-0.667894852226298,1
1,1.5,0.01,1,"ASC3_income",0,1.52422889828194e-07,0
1,1.5,0.01,1,"ASC3_child",0.2,0.216948751304056,1
1,1.5,0.01,1,"prot25_male",0,0.10406829897353,1
1,1.5,0.01,1,"prot25_age",-1,-0.68791765585092,1
1,1.5,0.01,1,"prot25_income",0,-0.0340656802041695,1
1,1.5,0.01,1,"prot25_child",1.1,0.530920440168616,1
1,1.5,0.01,1,"prot50_male",-0.2,-0.0774696936281371,1
1,1.5,0.01,1,"prot50_age",0.5,0.407494050230467,1
1,1.5,0.01,1,"prot50_income",0.6,0.383921704602398,1
1,1.5,0.01,1,"prot50_child",0,-0.104616209564413,1
1,1.5,0.01,1,"invasive_male",-0.2,-0.0956830340599558,1
1,1.5,0.01,1,"invasive_age",0,0.0505824390817576,1
1,1.5,0.01,1,"invasive_income",-0.3,-0.157548442803931,1
1,1.5,0.01,1,"invasive_child",0,-9.83462932256322e-09,0
1,1.5,0.01,2,"ASC2_male",0.2,0.0374076909005033,1
1,1.5,0.01,2,"ASC2_age",0,-0.0115755185091172,1
1,1.5,0.01,2,"ASC2_income",0.2,0.135562188090362,1
1,1.5,0.01,2,"ASC2_child",0,-9.43175633383348e-10,0
1,1.5,0.01,2,"ASC3_male",-0.2,-0.127541466198513,1
1,1.5,0.01,2,"ASC3_age",0,-3.81697521049425e-10,0
1,1.5,0.01,2,"ASC3_income",0.9,0.544713607650691,1
1,1.5,0.01,2,"ASC3_child",0,-3.36285380431635e-09,0
1,1.5,0.01,2,"prot25_male",0,-5.69880997930186e-09,0
1,1.5,0.01,2,"prot25_age",-0.4,-0.203261221357165,1
1,1.5,0.01,2,"prot25_income",0,-1.22410697379967e-08,0
1,1.5,0.01,2,"prot25_child",-0.9,-0.392404464260398,1
1,1.5,0.01,2,"prot50_male",0,-7.35669827646174e-09,0
1,1.5,0.01,2,"prot50_age",-1,-0.657847162091097,1
1,1.5,0.01,2,"prot50_income",0,0.0192671249879188,1
1,1.5,0.01,2,"prot50_child",0,0.125312430771803,1
1,1.5,0.01,2,"invasive_male",0.7,0.409018735960054,1
1,1.5,0.01,2,"invasive_age",0,-0.00307880406527327,0
1,1.5,0.01,2,"invasive_income",-0.2,-0.0548542710180446,1
1,1.5,0.01,2,"invasive_child",-1,-0.483404800717574,1
1,1.5,0.01,3,"ASC2_male",0,0.0838224585854327,1
1,1.5,0.01,3,"ASC2_age",0.4,0.175406681827555,1
1,1.5,0.01,3,"ASC2_income",-0.7,-0.450352957981728,1
1,1.5,0.01,3,"ASC2_child",0,-0.0610731354145793,1
1,1.5,0.01,3,"ASC3_male",0,1.41502919358991e-08,0
1,1.5,0.01,3,"ASC3_age",0,-0.0698988456352343,1
1,1.5,0.01,3,"ASC3_income",0,0.0763395389198352,1
1,1.5,0.01,3,"ASC3_child",0,3.18193974096346e-07,0
1,1.5,0.01,3,"prot25_male",0.3,0.106850733980853,1
1,1.5,0.01,3,"prot25_age",-0.9,-0.554595735832731,1
1,1.5,0.01,3,"prot25_income",0,0.0379513103481576,1
1,1.5,0.01,3,"prot25_child",-0.3,-0.231745810348648,1
1,1.5,0.01,3,"prot50_male",0,-0.0194810661608757,1
1,1.5,0.01,3,"prot50_age",0,0.0665027612011462,1
1,1.5,0.01,3,"prot50_income",0.2,0.112497258174325,1
1,1.5,0.01,3,"prot50_child",0,2.1572987317138e-06,0
1,1.5,0.01,3,"invasive_male",-0.4,-0.25033637486509,1
1,1.5,0.01,3,"invasive_age",1,0.63131004798797,1
1,1.5,0.01,3,"invasive_income",1.1,0.811433413863731,1
1,1.5,0.01,3,"invasive_child",1,0.660002160713757,1
1,1.5,0.01,4,"ASC2_male",0,0.110336507817853,1
1,1.5,0.01,4,"ASC2_age",0.7,0.369846832531933,1
1,1.5,0.01,4,"ASC2_income",0.6,0.248953854592228,1
1,1.5,0.01,4,"ASC2_child",1,0.585382427689438,1
1,1.5,0.01,4,"ASC3_male",0,0.102733406564252,1
1,1.5,0.01,4,"ASC3_age",0,-0.0898749736418102,1
1,1.5,0.01,4,"ASC3_income",0,-0.144679912033884,1
1,1.5,0.01,4,"ASC3_child",-1.2,-0.822583883890807,1
1,1.5,0.01,4,"prot25_male",0,-0.103491897832298,1
1,1.5,0.01,4,"prot25_age",0,0.00407570044029255,0
1,1.5,0.01,4,"prot25_income",0.6,0.46002762120549,1
1,1.5,0.01,4,"prot25_child",-0.2,-0.0202880950357795,1
1,1.5,0.01,4,"prot50_male",0,-0.169553423558862,1
1,1.5,0.01,4,"prot50_age",0,0.04397912664354,1
1,1.5,0.01,4,"prot50_income",0.3,0.225874696500831,1
1,1.5,0.01,4,"prot50_child",0,0.0516589842692034,1
1,1.5,0.01,4,"invasive_male",-0.5,-0.304020339458744,1
1,1.5,0.01,4,"invasive_age",-0.2,-0.159302251652931,1
1,1.5,0.01,4,"invasive_income",-0.6,-0.44254661443415,1
1,1.5,0.01,4,"invasive_child",0,-0.080628804564492,1
1,1.5,0.01,5,"ASC2_male",0,-0.327331678111044,1
1,1.5,0.01,5,"ASC2_age",0,-0.0503827823987085,1
1,1.5,0.01,5,"ASC2_income",-0.3,-0.208055614733296,1
1,1.5,0.01,5,"ASC2_child",0,-0.0384383162315307,1
1,1.5,0.01,5,"ASC3_male",0.7,0.214490930116504,1
1,1.5,0.01,5,"ASC3_age",0,-6.43682664573076e-06,0
1,1.5,0.01,5,"ASC3_income",0,-2.22995742295376e-08,0
1,1.5,0.01,5,"ASC3_child",0.3,0.257325048392549,1
1,1.5,0.01,5,"prot25_male",0.5,0.538008138006164,1
1,1.5,0.01,5,"prot25_age",0,0.0559267526196418,1
1,1.5,0.01,5,"prot25_income",0,3.17988751843309e-08,0
1,1.5,0.01,5,"prot25_child",0.5,0.250961685957319,1
1,1.5,0.01,5,"prot50_male",0.7,0.516512121701595,1
1,1.5,0.01,5,"prot50_age",0.7,0.525973508605273,1
1,1.5,0.01,5,"prot50_income",0,0.0326619328094655,1
1,1.5,0.01,5,"prot50_child",0,-0.0542290212750498,1
1,1.5,0.01,5,"invasive_male",0.3,0.097961167736144,1
1,1.5,0.01,5,"invasive_age",0,4.36887283602019e-09,0
1,1.5,0.01,5,"invasive_income",-0.8,-0.517704767414694,1
1,1.5,0.01,5,"invasive_child",-0.2,-0.0750066740279386,1
1,1.5,0.01,6,"ASC2_male",1.2,0.688594215007998,1
1,1.5,0.01,6,"ASC2_age",0.5,0.388853012320748,1
1,1.5,0.01,6,"ASC2_income",-0.2,-0.105893015248195,1
1,1.5,0.01,6,"ASC2_child",0,0.00237912089242548,0
1,1.5,0.01,6,"ASC3_male",0,-0.00640343700002247,0
1,1.5,0.01,6,"ASC3_age",-0.5,-0.252012158674648,1
1,1.5,0.01,6,"ASC3_income",0,0.0553768276137207,1
1,1.5,0.01,6,"ASC3_child",0,-0.00132989843582225,0
1,1.5,0.01,6,"prot25_male",0.2,0.102650325692746,1
1,1.5,0.01,6,"prot25_age",0,-0.0539623507629943,1
1,1.5,0.01,6,"prot25_income",0,0.00650193118236967,0
1,1.5,0.01,6,"prot25_child",0,0.128115036566631,1
1,1.5,0.01,6,"prot50_male",1,0.668926011207469,1
1,1.5,0.01,6,"prot50_age",-0.5,-0.289159199541797,1
1,1.5,0.01,6,"prot50_income",0,-0.0939080325914912,1
1,1.5,0.01,6,"prot50_child",0,0.120207054898319,1
1,1.5,0.01,6,"invasive_male",0.5,0.262674258491166,1
1,1.5,0.01,6,"invasive_age",-0.2,-0.060409464614512,1
1,1.5,0.01,6,"invasive_income",0,-0.00268091966125795,0
1,1.5,0.01,6,"invasive_child",0.3,0.200964990132133,1
1,1.5,0.01,7,"ASC2_male",0.2,0.0644238908378165,1
1,1.5,0.01,7,"ASC2_age",0,-0.045781268564393,1
1,1.5,0.01,7,"ASC2_income",0.8,0.414827328642544,1
1,1.5,0.01,7,"ASC2_child",0,1.9624908574766e-06,0
1,1.5,0.01,7,"ASC3_male",0.9,0.553926582108394,1
1,1.5,0.01,7,"ASC3_age",-1.2,-0.793342031920012,1
1,1.5,0.01,7,"ASC3_income",0.8,0.346510725919072,1
1,1.5,0.01,7,"ASC3_child",0,-0.0437047974392768,1
1,1.5,0.01,7,"prot25_male",-0.8,-0.416521966163543,1
1,1.5,0.01,7,"prot25_age",-0.5,-0.23353738196689,1
1,1.5,0.01,7,"prot25_income",0,0.0267217399873611,1
1,1.5,0.01,7,"prot25_child",0,0.0619377988148811,1
1,1.5,0.01,7,"prot50_male",0,0.117148841488472,1
1,1.5,0.01,7,"prot50_age",-0.9,-0.570044873396749,1
1,1.5,0.01,7,"prot50_income",-0.7,-0.474545599190077,1
1,1.5,0.01,7,"prot50_child",-0.8,-0.388489395689017,1
1,1.5,0.01,7,"invasive_male",0,-0.0054393580108426,0
1,1.5,0.01,7,"invasive_age",0,-1.56575757475835e-07,0
1,1.5,0.01,7,"invasive_income",0,-0.0668357284381908,1
1,1.5,0.01,7,"invasive_child",0,-1.6727307650372e-08,0
1,1.5,0.01,8,"ASC2_male",0.5,0.236222811040051,1
1,1.5,0.01,8,"ASC2_age",0,-0.0591160886230526,1
1,1.5,0.01,8,"ASC2_income",0,0.0312577611613144,1
1,1.5,0.01,8,"ASC2_child",-0.5,-0.256126592869195,1
1,1.5,0.01,8,"ASC3_male",0,-0.0143839789836042,1
1,1.5,0.01,8,"ASC3_age",0.8,0.468098875241306,1
1,1.5,0.01,8,"ASC3_income",0,0.041951462859457,1
1,1.5,0.01,8,"ASC3_child",0.6,0.353046448880291,1
1,1.5,0.01,8,"prot25_male",0,0.017602488455466,1
1,1.5,0.01,8,"prot25_age",1.2,0.822707800361384,1
1,1.5,0.01,8,"prot25_income",0,0.0177801743059036,1
1,1.5,0.01,8,"prot25_child",1.1,0.861003401906163,1
1,1.5,0.01,8,"prot50_male",0,2.25792985907825e-07,0
1,1.5,0.01,8,"prot50_age",0,0.0312342350089017,1
1,1.5,0.01,8,"prot50_income",0,0.0173739518865316,1
1,1.5,0.01,8,"prot50_child",-1,-0.433773294830914,1
1,1.5,0.01,8,"invasive_male",0,0.0142627764572313,1
1,1.5,0.01,8,"invasive_age",-0.3,-0.217435273203234,1
1,1.5,0.01,8,"invasive_income",0.3,0.218398935776902,1
1,1.5,0.01,8,"invasive_child",-0.9,-0.443257636492527,1
1,1.5,0.01,9,"ASC2_male",0,-4.5563448592844e-08,0
1,1.5,0.01,9,"ASC2_age",0.5,0.335967111089426,1
1,1.5,0.01,9,"ASC2_income",0.5,0.309091309034598,1
1,1.5,0.01,9,"ASC2_child",0,-3.40614944629218e-08,0
1,1.5,0.01,9,"ASC3_male",0,-4.69329049922637e-08,0
1,1.5,0.01,9,"ASC3_age",0,-0.0349698772470797,1
1,1.5,0.01,9,"ASC3_income",0,0.0400739123897627,1
1,1.5,0.01,9,"ASC3_child",-0.3,-0.211514294645991,1
1,1.5,0.01,9,"prot25_male",0.7,0.482103419183616,1
1,1.5,0.01,9,"prot25_age",0.4,0.236651878221131,1
1,1.5,0.01,9,"prot25_income",0,-1.02934194085618e-08,0
1,1.5,0.01,9,"prot25_child",0.3,0.050488937501323,1
1,1.5,0.01,9,"prot50_male",-0.2,-0.030508493416036,1
1,1.5,0.01,9,"prot50_age",-1,-0.70398309592609,1
1,1.5,0.01,9,"prot50_income",0,-0.0133919728599319,1
1,1.5,0.01,9,"prot50_child",-0.8,-0.481181653116733,1
1,1.5,0.01,9,"invasive_male",0,0.0570643880751551,1
1,1.5,0.01,9,"invasive_age",1,0.561608883841681,1
1,1.5,0.01,9,"invasive_income",0,0.00115111973963022,0
1,1.5,0.01,9,"invasive_child",0,-0.0832623289398463,1
1,1.5,0.01,10,"ASC2_male",0,-0.200871392770736,1
1,1.5,0.01,10,"ASC2_age",-1,-0.66355109564478,1
1,1.5,0.01,10,"ASC2_income",0,0.000167075741553462,0
1,1.5,0.01,10,"ASC2_child",0,-9.10032293488371e-09,0
1,1.5,0.01,10,"ASC3_male",0.7,0.195275870174804,1
1,1.5,0.01,10,"ASC3_age",0,0.0052148058833449,0
1,1.5,0.01,10,"ASC3_income",0,5.8162108444305e-06,0
1,1.5,0.01,10,"ASC3_child",0,-1.68953804499451e-05,0
1,1.5,0.01,10,"prot25_male",-1,-0.498448049984286,1
1,1.5,0.01,10,"prot25_age",1.1,0.761392251539041,1
1,1.5,0.01,10,"prot25_income",-0.7,-0.435142249016516,1
1,1.5,0.01,10,"prot25_child",-0.3,-8.21675437857453e-05,0
1,1.5,0.01,10,"prot50_male",0,0.158867717958618,1
1,1.5,0.01,10,"prot50_age",0,0.00767141137997469,0
1,1.5,0.01,10,"prot50_income",0,0.0565126853657266,1
1,1.5,0.01,10,"prot50_child",0,2.37266201463116e-05,0
1,1.5,0.01,10,"invasive_male",0.2,1.88249511728076e-06,0
1,1.5,0.01,10,"invasive_age",0.6,0.396314712311357,1
1,1.5,0.01,10,"invasive_income",-0.4,-0.258183887193495,1
1,1.5,0.01,10,"invasive_child",-0.3,-0.0654836658078715,1
1,1.5,0.01,11,"ASC2_male",1.1,0.484642270699696,1
1,1.5,0.01,11,"ASC2_age",0,0.0698603823356268,1
1,1.5,0.01,11,"ASC2_income",0.1,-0.0150526655524086,1
1,1.5,0.01,11,"ASC2_child",0,0.0885379082329518,1
1,1.5,0.01,11,"ASC3_male",0.6,0.128021350379838,1
1,1.5,0.01,11,"ASC3_age",-1,-0.625784079782824,1
1,1.5,0.01,11,"ASC3_income",0.9,0.536829326300152,1
1,1.5,0.01,11,"ASC3_child",-0.8,-0.445432994063243,1
1,1.5,0.01,11,"prot25_male",-0.9,-0.509707612427924,1
1,1.5,0.01,11,"prot25_age",0,-0.0814786287982479,1
1,1.5,0.01,11,"prot25_income",0,-0.000113012580939989,0
1,1.5,0.01,11,"prot25_child",0,0.0540511171015111,1
1,1.5,0.01,11,"prot50_male",0,0.0423121458749321,1
1,1.5,0.01,11,"prot50_age",0,-0.0123669780429445,1
1,1.5,0.01,11,"prot50_income",0,0.0322258266045489,1
1,1.5,0.01,11,"prot50_child",0,-0.0778502141187397,1
1,1.5,0.01,11,"invasive_male",-0.7,-0.674290409653687,1
1,1.5,0.01,11,"invasive_age",0,0.0435271078860157,1
1,1.5,0.01,11,"invasive_income",1,0.638203944124934,1
1,1.5,0.01,11,"invasive_child",-1.2,-0.832052184473467,1
1,1.5,0.01,12,"ASC2_male",0,0.0382980161938679,1
1,1.5,0.01,12,"ASC2_age",-0.4,-0.302829487625232,1
1,1.5,0.01,12,"ASC2_income",-0.6,-0.470325742584532,1
1,1.5,0.01,12,"ASC2_child",-1.2,-0.820373062653374,1
1,1.5,0.01,12,"ASC3_male",-0.7,-0.545571787471997,1
1,1.5,0.01,12,"ASC3_age",0.4,0.269553832575037,1
1,1.5,0.01,12,"ASC3_income",0,-0.0709795739444104,1
1,1.5,0.01,12,"ASC3_child",0,-0.121949414826549,1
1,1.5,0.01,12,"prot25_male",0,0.0832185812144437,1
1,1.5,0.01,12,"prot25_age",0,-0.00237252141386381,0
1,1.5,0.01,12,"prot25_income",0,-0.0197272752685746,1
1,1.5,0.01,12,"prot25_child",1,0.896804612193483,1
1,1.5,0.01,12,"prot50_male",-0.6,-0.28545363854047,1
1,1.5,0.01,12,"prot50_age",0,0.0541652313952261,1
1,1.5,0.01,12,"prot50_income",0,-0.0205828202146238,1
1,1.5,0.01,12,"prot50_child",0,0.168502161052425,1
1,1.5,0.01,12,"invasive_male",0,0.0327578805224682,1
1,1.5,0.01,12,"invasive_age",0.6,0.445360471690767,1
1,1.5,0.01,12,"invasive_income",0.6,0.316781939349813,1
1,1.5,0.01,12,"invasive_child",-0.8,-0.539242013903556,1
1,1.5,0.01,13,"ASC2_male",-0.4,-0.224832265514864,1
1,1.5,0.01,13,"ASC2_age",0,0.0231071958609443,1
1,1.5,0.01,13,"ASC2_income",0,-0.0324928921731566,1
1,1.5,0.01,13,"ASC2_child",0,3.35554885977507e-07,0
1,1.5,0.01,13,"ASC3_male",-0.4,-0.19711304763421,1
1,1.5,0.01,13,"ASC3_age",-0.3,-0.188087431025363,1
1,1.5,0.01,13,"ASC3_income",-0.3,-0.272439073463138,1
1,1.5,0.01,13,"ASC3_child",0,0.0550862963352187,1
1,1.5,0.01,13,"prot25_male",0,1.15325055622951e-07,0
1,1.5,0.01,13,"prot25_age",-0.4,-0.286484986733704,1
1,1.5,0.01,13,"prot25_income",-1,-0.629972730823908,1
1,1.5,0.01,13,"prot25_child",0,-0.0338654555881789,1
1,1.5,0.01,13,"prot50_male",-0.6,-0.450874152298079,1
1,1.5,0.01,13,"prot50_age",0,-0.0122225298068424,1
1,1.5,0.01,13,"prot50_income",0,-0.0456570251744327,1
1,1.5,0.01,13,"prot50_child",0,0.0379446277747443,1
1,1.5,0.01,13,"invasive_male",-0.2,-0.0295879301882004,1
1,1.5,0.01,13,"invasive_age",1,0.686379896831301,1
1,1.5,0.01,13,"invasive_income",0.5,0.176934202132985,1
1,1.5,0.01,13,"invasive_child",0,0.0425641131030756,1
1,1.5,0.01,14,"ASC2_male",1.1,0.700057311071045,1
1,1.5,0.01,14,"ASC2_age",0,0.0631070246090556,1
1,1.5,0.01,14,"ASC2_income",0,-0.0630750352540698,1
1,1.5,0.01,14,"ASC2_child",0.9,0.579640870287146,1
1,1.5,0.01,14,"ASC3_male",-0.6,-0.302185187646425,1
1,1.5,0.01,14,"ASC3_age",0,-3.93344551709764e-10,0
1,1.5,0.01,14,"ASC3_income",0.9,0.528123208078444,1
1,1.5,0.01,14,"ASC3_child",0,-1.24467047744213e-08,0
1,1.5,0.01,14,"prot25_male",0,-7.11967151133778e-09,0
1,1.5,0.01,14,"prot25_age",0,-2.57352816405573e-08,0
1,1.5,0.01,14,"prot25_income",0,0.00982540858431286,0
1,1.5,0.01,14,"prot25_child",0,0.0285860301565253,1
1,1.5,0.01,14,"prot50_male",0,0.0587711492187846,1
1,1.5,0.01,14,"prot50_age",1,0.629674208255218,1
1,1.5,0.01,14,"prot50_income",0,-0.0107049517229915,1
1,1.5,0.01,14,"prot50_child",-0.9,-0.36542194135424,1
1,1.5,0.01,14,"invasive_male",0.3,0.00378075150545963,0
1,1.5,0.01,14,"invasive_age",-0.8,-0.50661058736968,1
1,1.5,0.01,14,"invasive_income",0.6,0.390656497323179,1
1,1.5,0.01,14,"invasive_child",-0.4,-0.0248097122131003,1
1,1.5,0.01,15,"ASC2_male",-0.9,-0.503606373637601,1
1,1.5,0.01,15,"ASC2_age",1.2,0.788341184316634,1
1,1.5,0.01,15,"ASC2_income",0,-0.0475299294771807,1
1,1.5,0.01,15,"ASC2_child",-0.4,-0.152063434082808,1
1,1.5,0.01,15,"ASC3_male",-0.6,-0.308629457594483,1
1,1.5,0.01,15,"ASC3_age",0,0.00537196330088875,0
1,1.5,0.01,15,"ASC3_income",0,-1.16150954532542e-07,0
1,1.5,0.01,15,"ASC3_child",0.9,0.567135582804264,1
1,1.5,0.01,15,"prot25_male",0,0.059791504573925,1
1,1.5,0.01,15,"prot25_age",0.7,0.468182526352615,1
1,1.5,0.01,15,"prot25_income",-0.3,-0.170579684056381,1
1,1.5,0.01,15,"prot25_child",0.5,0.104008909662593,1
1,1.5,0.01,15,"prot50_male",0,-5.04406185897369e-09,0
1,1.5,0.01,15,"prot50_age",-0.5,-0.324897610379576,1
1,1.5,0.01,15,"prot50_income",0,0.0474331983061586,1
1,1.5,0.01,15,"prot50_child",0.2,-8.57973783434332e-07,0
1,1.5,0.01,15,"invasive_male",0,0.0202742396387344,1
1,1.5,0.01,15,"invasive_age",0,0.0249111881203428,1
1,1.5,0.01,15,"invasive_income",0,0.000988058710199253,0
1,1.5,0.01,15,"invasive_child",0,0.124607528533877,1
1,1.5,0.01,16,"ASC2_male",0,-7.84090101157572e-07,0
1,1.5,0.01,16,"ASC2_age",-0.6,-0.41746119775515,1
1,1.5,0.01,16,"ASC2_income",0,-0.0085820532614887,0
1,1.5,0.01,16,"ASC2_child",-0.8,-0.416130071016559,1
1,1.5,0.01,16,"ASC3_male",0,1.63744109825738e-06,0
1,1.5,0.01,16,"ASC3_age",-0.8,-0.514221205997883,1
1,1.5,0.01,16,"ASC3_income",0.8,0.498518874227616,1
1,1.5,0.01,16,"ASC3_child",-0.8,-0.37336779845593,1
1,1.5,0.01,16,"prot25_male",0.7,0.322759276243608,1
1,1.5,0.01,16,"prot25_age",-1,-0.582501528192494,1
1,1.5,0.01,16,"prot25_income",0,-0.025716575081195,1
1,1.5,0.01,16,"prot25_child",0,-8.34058879305111e-10,0
1,1.5,0.01,16,"prot50_male",0.6,0.287103815152528,1
1,1.5,0.01,16,"prot50_age",-1,-0.601072410292991,1
1,1.5,0.01,16,"prot50_income",0,-0.0909656606673644,1
1,1.5,0.01,16,"prot50_child",0,0.00899573529956984,0
1,1.5,0.01,16,"invasive_male",0,-0.0201930239322627,1
1,1.5,0.01,16,"invasive_age",0.8,0.482622194261723,1
1,1.5,0.01,16,"invasive_income",0,2.39985173852895e-07,0
1,1.5,0.01,16,"invasive_child",0,0.141861373265914,1
1,1.5,0.01,17,"ASC2_male",0,-0.0475014419940802,1
1,1.5,0.01,17,"ASC2_age",-1,-0.674426164416752,1
1,1.5,0.01,17,"ASC2_income",-0.9,-0.720857110690137,1
1,1.5,0.01,17,"ASC2_child",0,-0.0107430591764682,1
1,1.5,0.01,17,"ASC3_male",0,-5.89093056247388e-08,0
1,1.5,0.01,17,"ASC3_age",-1.1,-0.680630439165167,1
1,1.5,0.01,17,"ASC3_income",0,-0.0587239310222622,1
1,1.5,0.01,17,"ASC3_child",-0.6,-0.414584977154058,1
1,1.5,0.01,17,"prot25_male",-0.9,-0.610386788931289,1
1,1.5,0.01,17,"prot25_age",0,-0.0443111861884281,1
1,1.5,0.01,17,"prot25_income",0.6,0.418315317556097,1
1,1.5,0.01,17,"prot25_child",0,-0.110568751033967,1
1,1.5,0.01,17,"prot50_male",0.2,0.201206214447824,1
1,1.5,0.01,17,"prot50_age",0.5,0.328136630802152,1
1,1.5,0.01,17,"prot50_income",0,0.0150764642919784,1
1,1.5,0.01,17,"prot50_child",0,-1.83705259748776e-08,0
1,1.5,0.01,17,"invasive_male",0.8,0.609811810263596,1
1,1.5,0.01,17,"invasive_age",0,0.0166458420272823,1
1,1.5,0.01,17,"invasive_income",-1.1,-0.825408264769734,1
1,1.5,0.01,17,"invasive_child",0,-1.73871370516011e-08,0
1,1.5,0.01,18,"ASC2_male",0.2,-0.0877563661222947,1
1,1.5,0.01,18,"ASC2_age",0.7,0.522553179941998,1
1,1.5,0.01,18,"ASC2_income",0,-0.0515070280972563,1
1,1.5,0.01,18,"ASC2_child",0.7,0.487524651862163,1
1,1.5,0.01,18,"ASC3_male",0.2,-0.0368025870003698,1
1,1.5,0.01,18,"ASC3_age",0,0.038179230381587,1
1,1.5,0.01,18,"ASC3_income",0.4,0.162429299209988,1
1,1.5,0.01,18,"ASC3_child",0,-8.02410977507863e-08,0
1,1.5,0.01,18,"prot25_male",0,0.225905273173198,1
1,1.5,0.01,18,"prot25_age",0,0.0139316887225357,1
1,1.5,0.01,18,"prot25_income",0,0.0845904455523043,1
1,1.5,0.01,18,"prot25_child",-0.5,-0.440187779449307,1
1,1.5,0.01,18,"prot50_male",-0.6,-0.228229952474238,1
1,1.5,0.01,18,"prot50_age",0,-0.0601891594535662,1
1,1.5,0.01,18,"prot50_income",1,0.804245387134616,1
1,1.5,0.01,18,"prot50_child",0,-2.97146546270061e-09,0
1,1.5,0.01,18,"invasive_male",0,-0.0506450176952811,1
1,1.5,0.01,18,"invasive_age",0,-0.0191678450624288,1
1,1.5,0.01,18,"invasive_income",-0.2,-0.0914479254133689,1
1,1.5,0.01,18,"invasive_child",0.7,0.480918682305013,1
1,1.5,0.01,19,"ASC2_male",0,2.32424161465849e-08,0
1,1.5,0.01,19,"ASC2_age",0,0.0135754726946908,1
1,1.5,0.01,19,"ASC2_income",-0.2,-0.138856862525451,1
1,1.5,0.01,19,"ASC2_child",0,0.0559289909500014,1
1,1.5,0.01,19,"ASC3_male",0,-0.00444773927221137,0
1,1.5,0.01,19,"ASC3_age",0.2,0.106450609711092,1
1,1.5,0.01,19,"ASC3_income",-0.8,-0.520400410901869,1
1,1.5,0.01,19,"ASC3_child",-1,-0.565701179178636,1
1,1.5,0.01,19,"prot25_male",0,0.0278871617773806,1
1,1.5,0.01,19,"prot25_age",0,0.0144237634652273,1
1,1.5,0.01,19,"prot25_income",0,-8.19175137423247e-05,0
1,1.5,0.01,19,"prot25_child",0.7,0.328166860127666,1
1,1.5,0.01,19,"prot50_male",-1,-0.47316316895641,1
1,1.5,0.01,19,"prot50_age",0,-6.88291551438927e-09,0
1,1.5,0.01,19,"prot50_income",0.5,0.287171674869996,1
1,1.5,0.01,19,"prot50_child",1.1,0.633510892728547,1
1,1.5,0.01,19,"invasive_male",0,-5.45326319051835e-07,0
1,1.5,0.01,19,"invasive_age",0,3.88706580976384e-07,0
1,1.5,0.01,19,"invasive_income",0.6,0.407572557112141,1
1,1.5,0.01,19,"invasive_child",-1.2,-0.682595814362517,1
1,1.5,0.01,20,"ASC2_male",0,-3.68012969577679e-09,0
1,1.5,0.01,20,"ASC2_age",0.9,0.530554458376792,1
1,1.5,0.01,20,"ASC2_income",1,0.667774940324328,1
1,1.5,0.01,20,"ASC2_child",-1,-0.285473458764044,1
1,1.5,0.01,20,"ASC3_male",0.7,0.469453294668955,1
1,1.5,0.01,20,"ASC3_age",-1.2,-0.761420090652643,1
1,1.5,0.01,20,"ASC3_income",-0.6,-0.325905368771179,1
1,1.5,0.01,20,"ASC3_child",-0.7,-0.0687946653957491,1
1,1.5,0.01,20,"prot25_male",0,-2.12599954098697e-11,0
1,1.5,0.01,20,"prot25_age",0,-8.68822956485677e-09,0
1,1.5,0.01,20,"prot25_income",0,0.0441814535670876,1
1,1.5,0.01,20,"prot25_child",0.7,0.16747901971954,1
1,1.5,0.01,20,"prot50_male",0,-1.53515855545645e-09,0
1,1.5,0.01,20,"prot50_age",0,-0.0274783272904467,1
1,1.5,0.01,20,"prot50_income",0,-1.09576217200192e-08,0
1,1.5,0.01,20,"prot50_child",0,-0.165531673027978,1
1,1.5,0.01,20,"invasive_male",0,-1.57693179628339e-08,0
1,1.5,0.01,20,"invasive_age",0.5,0.249273998841772,1
1,1.5,0.01,20,"invasive_income",0,-7.29959765446884e-09,0
1,1.5,0.01,20,"invasive_child",0.3,0.198631928295866,1
1,1.5,0.01,21,"ASC2_male",-0.5,-0.2538543800238,1
1,1.5,0.01,21,"ASC2_age",-0.6,-0.376402081997602,1
1,1.5,0.01,21,"ASC2_income",0,-0.0555971850651495,1
1,1.5,0.01,21,"ASC2_child",1.1,0.701067840895687,1
1,1.5,0.01,21,"ASC3_male",0,2.42018117281693e-10,0
1,1.5,0.01,21,"ASC3_age",0.3,0.255764328415858,1
1,1.5,0.01,21,"ASC3_income",0,-0.0114655820281041,1
1,1.5,0.01,21,"ASC3_child",0,-4.388220449745e-09,0
1,1.5,0.01,21,"prot25_male",0.5,0.413567158599865,1
1,1.5,0.01,21,"prot25_age",0,-0.0112167571755709,1
1,1.5,0.01,21,"prot25_income",-1,-0.723469158947659,1
1,1.5,0.01,21,"prot25_child",0,0.0500730894964397,1
1,1.5,0.01,21,"prot50_male",-0.5,-0.188389636346908,1
1,1.5,0.01,21,"prot50_age",0,-0.0125653716321393,1
1,1.5,0.01,21,"prot50_income",0,-0.0432357400955033,1
1,1.5,0.01,21,"prot50_child",-0.7,-0.321631487940819,1
1,1.5,0.01,21,"invasive_male",0,-9.00844716966391e-09,0
1,1.5,0.01,21,"invasive_age",1.2,0.843879652198013,1
1,1.5,0.01,21,"invasive_income",-0.2,-0.110745912283273,1
1,1.5,0.01,21,"invasive_child",0,-0.0234919941167802,1
1,1.5,0.01,22,"ASC2_male",0.7,0.460286087749619,1
1,1.5,0.01,22,"ASC2_age",-0.2,-1.19953822397344e-07,0
1,1.5,0.01,22,"ASC2_income",-0.4,-0.248345120067445,1
1,1.5,0.01,22,"ASC2_child",0,-1.02030853501569e-07,0
1,1.5,0.01,22,"ASC3_male",0,-0.0527415878958463,1
1,1.5,0.01,22,"ASC3_age",-0.7,-0.359006542107784,1
1,1.5,0.01,22,"ASC3_income",0,0.00507936932533061,0
1,1.5,0.01,22,"ASC3_child",-0.7,-0.438533289990999,1
1,1.5,0.01,22,"prot25_male",0,0.0891045433735316,1
1,1.5,0.01,22,"prot25_age",0,-0.10650474178201,1
1,1.5,0.01,22,"prot25_income",0.5,0.356619295864059,1
1,1.5,0.01,22,"prot25_child",0,-6.81084783537529e-09,0
1,1.5,0.01,22,"prot50_male",0,-6.94321944954552e-09,0
1,1.5,0.01,22,"prot50_age",1,0.5680941930803,1
1,1.5,0.01,22,"prot50_income",-0.9,-0.588962180266513,1
1,1.5,0.01,22,"prot50_child",-1.1,-0.624127504124692,1
1,1.5,0.01,22,"invasive_male",0,-0.014486334207674,1
1,1.5,0.01,22,"invasive_age",0.3,0.183616225763369,1
1,1.5,0.01,22,"invasive_income",0,-0.0323887870272364,1
1,1.5,0.01,22,"invasive_child",0,1.42463522849422e-09,0
1,1.5,0.01,23,"ASC2_male",0,-0.117288413784349,1
1,1.5,0.01,23,"ASC2_age",0.5,0.442137301208715,1
1,1.5,0.01,23,"ASC2_income",0.8,0.627866504338665,1
1,1.5,0.01,23,"ASC2_child",-0.2,1.53440676780776e-08,0
1,1.5,0.01,23,"ASC3_male",0.6,0.295657657907372,1
1,1.5,0.01,23,"ASC3_age",-0.3,-0.10876935586532,1
1,1.5,0.01,23,"ASC3_income",0,0.094436649904744,1
1,1.5,0.01,23,"ASC3_child",0,0.019987381966473,1
1,1.5,0.01,23,"prot25_male",0.8,0.522815627862606,1
1,1.5,0.01,23,"prot25_age",0.4,0.297743637802045,1
1,1.5,0.01,23,"prot25_income",0.5,0.314571508670357,1
1,1.5,0.01,23,"prot25_child",0,-5.48347646216256e-08,0
1,1.5,0.01,23,"prot50_male",0,0.0336473146368664,1
1,1.5,0.01,23,"prot50_age",0,-8.69012774801483e-09,0
1,1.5,0.01,23,"prot50_income",0,-9.59705587411382e-08,0
1,1.5,0.01,23,"prot50_child",0.5,0.253917410761451,1
1,1.5,0.01,23,"invasive_male",-0.5,-0.0957331238976382,1
1,1.5,0.01,23,"invasive_age",0,0.0245167055792488,1
1,1.5,0.01,23,"invasive_income",0,-1.00893206676178e-08,0
1,1.5,0.01,23,"invasive_child",0,-0.0553319780533525,1
1,1.5,0.01,24,"ASC2_male",-0.3,-0.0656145803356391,1
1,1.5,0.01,24,"ASC2_age",-0.3,-0.21809497729673,1
1,1.5,0.01,24,"ASC2_income",0,-0.112091601259952,1
1,1.5,0.01,24,"ASC2_child",0,-3.65979792128822e-09,0
1,1.5,0.01,24,"ASC3_male",0,0.240055980276027,1
1,1.5,0.01,24,"ASC3_age",1.2,0.81428469062955,1
1,1.5,0.01,24,"ASC3_income",0,-0.095683532250697,1
1,1.5,0.01,24,"ASC3_child",0,-0.00862126524018006,0
1,1.5,0.01,24,"prot25_male",0.4,0.0354127575113829,1
1,1.5,0.01,24,"prot25_age",0,-0.0112229021629001,1
1,1.5,0.01,24,"prot25_income",0.8,0.59344462478482,1
1,1.5,0.01,24,"prot25_child",1,0.670613956909584,1
1,1.5,0.01,24,"prot50_male",0,-0.132701318475123,1
1,1.5,0.01,24,"prot50_age",-0.8,-0.517897010851175,1
1,1.5,0.01,24,"prot50_income",1.1,0.789711680012574,1
1,1.5,0.01,24,"prot50_child",0,-0.0114588284551922,1
1,1.5,0.01,24,"invasive_male",0,-0.0723670871627374,1
1,1.5,0.01,24,"invasive_age",1.1,0.758509363580507,1
1,1.5,0.01,24,"invasive_income",0,-0.00900160223808531,0
1,1.5,0.01,24,"invasive_child",1.2,0.80387743368096,1
1,1.5,0.01,25,"ASC2_male",1.2,0.752002269143109,1
1,1.5,0.01,25,"ASC2_age",0,0.0995272947439568,1
1,1.5,0.01,25,"ASC2_income",0,0.0146876533366521,1
1,1.5,0.01,25,"ASC2_child",0,-0.00517705369958368,0
1,1.5,0.01,25,"ASC3_male",-1,-0.682831062009363,1
1,1.5,0.01,25,"ASC3_age",-0.2,-0.0568989935088664,1
1,1.5,0.01,25,"ASC3_income",0,2.00472492124374e-09,0
1,1.5,0.01,25,"ASC3_child",-1.1,-0.686557101817098,1
1,1.5,0.01,25,"prot25_male",1.1,0.670301541762617,1
1,1.5,0.01,25,"prot25_age",-0.6,-0.442729485952105,1
1,1.5,0.01,25,"prot25_income",0,0.0491259845584568,1
1,1.5,0.01,25,"prot25_child",1,0.680735955146411,1
1,1.5,0.01,25,"prot50_male",0,-0.0560815835095059,1
1,1.5,0.01,25,"prot50_age",0,-0.0808242122656286,1
1,1.5,0.01,25,"prot50_income",0,0.0408208349664001,1
1,1.5,0.01,25,"prot50_child",0,-0.0618862946309754,1
1,1.5,0.01,25,"invasive_male",0,1.7675053442574e-08,0
1,1.5,0.01,25,"invasive_age",1.1,0.733602208833031,1
1,1.5,0.01,25,"invasive_income",-1.2,-0.808137494335276,1
1,1.5,0.01,25,"invasive_child",1.2,0.757041828291742,1
1,1.5,0.01,26,"ASC2_male",0,-0.196026156048449,1
1,1.5,0.01,26,"ASC2_age",-0.9,-0.54407725506096,1
1,1.5,0.01,26,"ASC2_income",-1.2,-0.684458392428878,1
1,1.5,0.01,26,"ASC2_child",-0.4,-0.172369286833485,1
1,1.5,0.01,26,"ASC3_male",0.8,0.316114852882886,1
1,1.5,0.01,26,"ASC3_age",0,0.0602117326384678,1
1,1.5,0.01,26,"ASC3_income",-0.5,-0.30167844568874,1
1,1.5,0.01,26,"ASC3_child",0.1,0.0760200209706093,1
1,1.5,0.01,26,"prot25_male",-0.9,-0.375558670312636,1
1,1.5,0.01,26,"prot25_age",0,-0.00430066160155349,0
1,1.5,0.01,26,"prot25_income",0,-0.12976664720344,1
1,1.5,0.01,26,"prot25_child",0,-1.83782056831373e-09,0
1,1.5,0.01,26,"prot50_male",0,0.157915377482037,1
1,1.5,0.01,26,"prot50_age",0,-0.0530448601200708,1
1,1.5,0.01,26,"prot50_income",0.1,0.0346404737204158,1
1,1.5,0.01,26,"prot50_child",0,-5.69551811914666e-07,0
1,1.5,0.01,26,"invasive_male",0,-3.18348573386435e-08,0
1,1.5,0.01,26,"invasive_age",0.9,0.49908437399378,1
1,1.5,0.01,26,"invasive_income",-0.7,-0.45190411654527,1
1,1.5,0.01,26,"invasive_child",0,-7.91793961234204e-09,0
1,1.5,0.01,27,"ASC2_male",-1.2,-0.804926828295831,1
1,1.5,0.01,27,"ASC2_age",-0.5,-0.242682384045832,1
1,1.5,0.01,27,"ASC2_income",0,0.095253824003082,1
1,1.5,0.01,27,"ASC2_child",0,-2.07124586004427e-08,0
1,1.5,0.01,27,"ASC3_male",0,1.08804433434105e-06,0
1,1.5,0.01,27,"ASC3_age",0,0.0367249052752944,1
1,1.5,0.01,27,"ASC3_income",0,0.0383366702381911,1
1,1.5,0.01,27,"ASC3_child",0.8,0.459621217337778,1
1,1.5,0.01,27,"prot25_male",-0.8,-0.424084058692361,1
1,1.5,0.01,27,"prot25_age",0.9,0.553133778273992,1
1,1.5,0.01,27,"prot25_income",0,6.68265313412128e-07,0
1,1.5,0.01,27,"prot25_child",0.6,0.572435687861419,1
1,1.5,0.01,27,"prot50_male",0,0.183559197987461,1
1,1.5,0.01,27,"prot50_age",0,0.0206464676592761,1
1,1.5,0.01,27,"prot50_income",0,-0.00813947314658912,0
1,1.5,0.01,27,"prot50_child",0.4,0.320986663640777,1
1,1.5,0.01,27,"invasive_male",-0.2,-0.0275257756174779,1
1,1.5,0.01,27,"invasive_age",-0.2,-0.0676187965549715,1
1,1.5,0.01,27,"invasive_income",1,0.78730467883642,1
1,1.5,0.01,27,"invasive_child",0,-1.82451316732931e-08,0
1,1.5,0.01,28,"ASC2_male",-0.6,-0.178792479239908,1
1,1.5,0.01,28,"ASC2_age",0,0.0134309052953031,1
1,1.5,0.01,28,"ASC2_income",0,0.10612113072047,1
1,1.5,0.01,28,"ASC2_child",0,0.10322145440181,1
1,1.5,0.01,28,"ASC3_male",-0.9,-0.43026724741689,1
1,1.5,0.01,28,"ASC3_age",-0.8,-0.498467334332103,1
1,1.5,0.01,28,"ASC3_income",0,0.102315763761966,1
1,1.5,0.01,28,"ASC3_child",-0.7,-0.311931875279517,1
1,1.5,0.01,28,"prot25_male",0,-0.0962662710477899,1
1,1.5,0.01,28,"prot25_age",1.1,0.744631586409577,1
1,1.5,0.01,28,"prot25_income",1.2,0.807100227244655,1
1,1.5,0.01,28,"prot25_child",0,6.03735759388726e-07,0
1,1.5,0.01,28,"prot50_male",-0.2,-0.200493885594089,1
1,1.5,0.01,28,"prot50_age",0.8,0.47930898641823,1
1,1.5,0.01,28,"prot50_income",-0.2,-0.147737639862284,1
1,1.5,0.01,28,"prot50_child",0,8.49250717989633e-08,0
1,1.5,0.01,28,"invasive_male",0,8.78538986827469e-07,0
1,1.5,0.01,28,"invasive_age",0,0.0137693074871022,1
1,1.5,0.01,28,"invasive_income",0.3,0.245100756712854,1
1,1.5,0.01,28,"invasive_child",0,0.17086692830477,1
1,1.5,0.01,29,"ASC2_male",0,3.20832498233967e-07,0
1,1.5,0.01,29,"ASC2_age",0,0.128098497406382,1
1,1.5,0.01,29,"ASC2_income",-0.1,-0.0301966591305105,1
1,1.5,0.01,29,"ASC2_child",0,-3.62158112413693e-08,0
1,1.5,0.01,29,"ASC3_male",0,-0.00682221529234777,0
1,1.5,0.01,29,"ASC3_age",0.9,0.658323972541778,1
1,1.5,0.01,29,"ASC3_income",0,7.05762509869225e-08,0
1,1.5,0.01,29,"ASC3_child",-0.2,-0.253399017402772,1
1,1.5,0.01,29,"prot25_male",0,-2.55593048649235e-07,0
1,1.5,0.01,29,"prot25_age",0,-0.141118645894702,1
1,1.5,0.01,29,"prot25_income",0.8,0.557420815424695,1
1,1.5,0.01,29,"prot25_child",-0.4,-0.346210249328622,1
1,1.5,0.01,29,"prot50_male",0.4,0.354472439153525,1
1,1.5,0.01,29,"prot50_age",0.5,0.247810983254889,1
1,1.5,0.01,29,"prot50_income",0,-7.86387545984833e-07,0
1,1.5,0.01,29,"prot50_child",0.7,0.457227696727852,1
1,1.5,0.01,29,"invasive_male",0,2.15992394611221e-07,0
1,1.5,0.01,29,"invasive_age",-0.3,-0.124453516541876,1
1,1.5,0.01,29,"invasive_income",0,-0.0106723491330729,1
1,1.5,0.01,29,"invasive_child",1,0.629527074846927,1
1,1.5,0.01,30,"ASC2_male",0,-0.000858464516894027,0
1,1.5,0.01,30,"ASC2_age",0,-0.00273354414660382,0
1,1.5,0.01,30,"ASC2_income",0,-2.54785919894966e-07,0
1,1.5,0.01,30,"ASC2_child",0.6,0.28620025558386,1
1,1.5,0.01,30,"ASC3_male",0.4,0.141524441768521,1
1,1.5,0.01,30,"ASC3_age",0,-0.0296126894159329,1
1,1.5,0.01,30,"ASC3_income",0.2,0.108175797529667,1
1,1.5,0.01,30,"ASC3_child",0.2,-9.92104373174869e-10,0
1,1.5,0.01,30,"prot25_male",0,0.080775389184175,1
1,1.5,0.01,30,"prot25_age",-0.7,-0.393302760343635,1
1,1.5,0.01,30,"prot25_income",0.4,0.190488494284314,1
1,1.5,0.01,30,"prot25_child",0.8,0.644878519543101,1
1,1.5,0.01,30,"prot50_male",-0.7,-0.361666240232585,1
1,1.5,0.01,30,"prot50_age",0,0.0319621536707566,1
1,1.5,0.01,30,"prot50_income",0,-2.01481093978894e-07,0
1,1.5,0.01,30,"prot50_child",0,0.0327965968273864,1
1,1.5,0.01,30,"invasive_male",1.1,0.568438843322991,1
1,1.5,0.01,30,"invasive_age",0,0.0393456626533506,1
1,1.5,0.01,30,"invasive_income",0.4,0.223887529533988,1
1,1.5,0.01,30,"invasive_child",0,-0.0159757278344276,1
1,1.5,0.01,31,"ASC2_male",1.2,0.784612641708003,1
1,1.5,0.01,31,"ASC2_age",0,-0.0345205944270967,1
1,1.5,0.01,31,"ASC2_income",-0.3,-0.324055263317845,1
1,1.5,0.01,31,"ASC2_child",0,-0.130523343188342,1
1,1.5,0.01,31,"ASC3_male",0,2.03012685318609e-08,0
1,1.5,0.01,31,"ASC3_age",0,-0.0158000306368983,1
1,1.5,0.01,31,"ASC3_income",0,-0.136699613212216,1
1,1.5,0.01,31,"ASC3_child",0,-0.0823078653734784,1
1,1.5,0.01,31,"prot25_male",-0.8,-0.386938108227511,1
1,1.5,0.01,31,"prot25_age",-0.2,-0.0941052111329571,1
1,1.5,0.01,31,"prot25_income",0,0.0663885129850096,1
1,1.5,0.01,31,"prot25_child",0,0.0172194627773311,1
1,1.5,0.01,31,"prot50_male",-0.9,-0.472065479870262,1
1,1.5,0.01,31,"prot50_age",-0.9,-0.556407002905841,1
1,1.5,0.01,31,"prot50_income",-0.2,-0.0550412539166755,1
1,1.5,0.01,31,"prot50_child",-0.5,-0.148745502204302,1
1,1.5,0.01,31,"invasive_male",-1,-0.562763830993161,1
1,1.5,0.01,31,"invasive_age",0,0.0473946491544432,1
1,1.5,0.01,31,"invasive_income",0,-4.4073903044486e-08,0
1,1.5,0.01,31,"invasive_child",-0.7,-0.391400923668923,1
1,1.5,0.01,32,"ASC2_male",0.2,0.00153495926075166,0
1,1.5,0.01,32,"ASC2_age",0.7,0.425566313807319,1
1,1.5,0.01,32,"ASC2_income",-1,-0.645107519069927,1
1,1.5,0.01,32,"ASC2_child",0.4,0.297984661996296,1
1,1.5,0.01,32,"ASC3_male",0,-0.194742550890588,1
1,1.5,0.01,32,"ASC3_age",0.3,0.177007507164878,1
1,1.5,0.01,32,"ASC3_income",0,-0.00864179950946089,0
1,1.5,0.01,32,"ASC3_child",0.5,0.398402808190918,1
1,1.5,0.01,32,"prot25_male",0,0.00135529864841106,0
1,1.5,0.01,32,"prot25_age",-0.6,-0.383244421517981,1
1,1.5,0.01,32,"prot25_income",0,-0.020488585217451,1
1,1.5,0.01,32,"prot25_child",0,-0.0251790047754515,1
1,1.5,0.01,32,"prot50_male",0.7,0.551501999299607,1
1,1.5,0.01,32,"prot50_age",0.3,0.280639075574716,1
1,1.5,0.01,32,"prot50_income",0,-0.051478273370924,1
1,1.5,0.01,32,"prot50_child",-0.6,-0.611683362463034,1
1,1.5,0.01,32,"invasive_male",0,-0.147940696430054,1
1,1.5,0.01,32,"invasive_age",0,0.0231973732258989,1
1,1.5,0.01,32,"invasive_income",0,0.0209169572740295,1
1,1.5,0.01,32,"invasive_child",0,-0.0608136418377334,1
1,1.5,0.01,33,"ASC2_male",0,3.40516379474818e-07,0
1,1.5,0.01,33,"ASC2_age",-0.3,-0.264612994420951,1
1,1.5,0.01,33,"ASC2_income",0,0.0141354453601674,1
1,1.5,0.01,33,"ASC2_child",0,-0.115715570647386,1
1,1.5,0.01,33,"ASC3_male",0,0.06120899448907,1
1,1.5,0.01,33,"ASC3_age",1.1,0.759524815375709,1
1,1.5,0.01,33,"ASC3_income",0,0.0182775907617975,1
1,1.5,0.01,33,"ASC3_child",0,0.00336948041633132,0
1,1.5,0.01,33,"prot25_male",0.9,0.56784759321921,1
1,1.5,0.01,33,"prot25_age",-0.8,-0.449166381540356,1
1,1.5,0.01,33,"prot25_income",1.1,0.820031916015434,1
1,1.5,0.01,33,"prot25_child",0,0.0994782178571743,1
1,1.5,0.01,33,"prot50_male",-1.2,-0.88206443131073,1
1,1.5,0.01,33,"prot50_age",0.3,0.24881098944841,1
1,1.5,0.01,33,"prot50_income",0,-1.55049837868361e-09,0
1,1.5,0.01,33,"prot50_child",0.8,0.663271304544364,1
1,1.5,0.01,33,"invasive_male",0,-0.18215974900252,1
1,1.5,0.01,33,"invasive_age",-1.2,-0.812717774948233,1
1,1.5,0.01,33,"invasive_income",0.6,0.406958179528415,1
1,1.5,0.01,33,"invasive_child",0,0.149030173706593,1
1,1.5,0.01,34,"ASC2_male",0,0.0216730891634866,1
1,1.5,0.01,34,"ASC2_age",-0.5,-0.242700927619151,1
1,1.5,0.01,34,"ASC2_income",0,-0.0253882879818387,1
1,1.5,0.01,34,"ASC2_child",1,0.641087898774815,1
1,1.5,0.01,34,"ASC3_male",0,7.21610074724211e-07,0
1,1.5,0.01,34,"ASC3_age",-0.3,-0.147728254514959,1
1,1.5,0.01,34,"ASC3_income",-0.7,-0.405284555527034,1
1,1.5,0.01,34,"ASC3_child",-1,-0.590002292705873,1
1,1.5,0.01,34,"prot25_male",0,0.0211882819886508,1
1,1.5,0.01,34,"prot25_age",0,-8.28619020099899e-05,0
1,1.5,0.01,34,"prot25_income",0,-0.0193146242094776,1
1,1.5,0.01,34,"prot25_child",0,-1.08939181058055e-09,0
1,1.5,0.01,34,"prot50_male",0,-1.68779309324176e-06,0
1,1.5,0.01,34,"prot50_age",-0.8,-0.497045072911267,1
1,1.5,0.01,34,"prot50_income",-0.1,-0.0803716356940312,1
1,1.5,0.01,34,"prot50_child",0,-2.34089485655326e-07,0
1,1.5,0.01,34,"invasive_male",-0.9,-0.646918960475708,1
1,1.5,0.01,34,"invasive_age",-0.9,-0.5464045566791,1
1,1.5,0.01,34,"invasive_income",-0.9,-0.559612100493451,1
1,1.5,0.01,34,"invasive_child",0,-8.32008052551233e-09,0
1,1.5,0.01,35,"ASC2_male",0,-3.65254812388526e-06,0
1,1.5,0.01,35,"ASC2_age",0,-0.0659475004056131,1
1,1.5,0.01,35,"ASC2_income",-0.2,-0.0634781828187762,1
1,1.5,0.01,35,"ASC2_child",0,-0.0271327776287104,1
1,1.5,0.01,35,"ASC3_male",0,0.00452558886288968,0
1,1.5,0.01,35,"ASC3_age",0,-0.0512973475112121,1
1,1.5,0.01,35,"ASC3_income",0,0.0638837120134515,1
1,1.5,0.01,35,"ASC3_child",0,-3.39680445015615e-09,0
1,1.5,0.01,35,"prot25_male",0,2.71815257613767e-07,0
1,1.5,0.01,35,"prot25_age",1.2,0.77682473795592,1
1,1.5,0.01,35,"prot25_income",-0.2,-0.194481578873899,1
1,1.5,0.01,35,"prot25_child",0.8,0.544422786363569,1
1,1.5,0.01,35,"prot50_male",-0.9,-0.586949804015797,1
1,1.5,0.01,35,"prot50_age",-0.2,-0.0937445153560977,1
1,1.5,0.01,35,"prot50_income",0,-0.0197874378137515,1
1,1.5,0.01,35,"prot50_child",0,0.106145563876414,1
1,1.5,0.01,35,"invasive_male",0.3,0.143022903559474,1
1,1.5,0.01,35,"invasive_age",0.3,0.193762581534024,1
1,1.5,0.01,35,"invasive_income",-0.4,-0.316521607127625,1
1,1.5,0.01,35,"invasive_child",-0.5,-0.27209281156401,1
1,1.5,0.01,36,"ASC2_male",-0.7,-0.426832237567892,1
1,1.5,0.01,36,"ASC2_age",0,0.0417803845112865,1
1,1.5,0.01,36,"ASC2_income",0.1,8.70632066117787e-07,0
1,1.5,0.01,36,"ASC2_child",0,0.0380877488596615,1
1,1.5,0.01,36,"ASC3_male",0,6.37472497110328e-10,0
1,1.5,0.01,36,"ASC3_age",0.6,0.456904896447269,1
1,1.5,0.01,36,"ASC3_income",1.1,0.714851022281165,1
1,1.5,0.01,36,"ASC3_child",0,-0.0290198042961715,1
1,1.5,0.01,36,"prot25_male",0,-7.14587237830438e-09,0
1,1.5,0.01,36,"prot25_age",0,-0.0225508559609168,1
1,1.5,0.01,36,"prot25_income",0.2,0.178293208008503,1
1,1.5,0.01,36,"prot25_child",0,0.011513810942084,1
1,1.5,0.01,36,"prot50_male",0,-0.0791703098276075,1
1,1.5,0.01,36,"prot50_age",0.9,0.589898771353053,1
1,1.5,0.01,36,"prot50_income",-0.8,-0.522563591377018,1
1,1.5,0.01,36,"prot50_child",0,2.52576625974699e-08,0
1,1.5,0.01,36,"invasive_male",-1,-0.692956752023119,1
1,1.5,0.01,36,"invasive_age",0.8,0.581720788471117,1
1,1.5,0.01,36,"invasive_income",0,0.0297903380688973,1
1,1.5,0.01,36,"invasive_child",-0.8,-0.450562273165645,1
1,1.5,0.01,37,"ASC2_male",0,-0.197606894839195,1
1,1.5,0.01,37,"ASC2_age",0,0.0045597261098231,0
1,1.5,0.01,37,"ASC2_income",0,-0.123656702770936,1
1,1.5,0.01,37,"ASC2_child",0,0.0102862408948145,1
1,1.5,0.01,37,"ASC3_male",0,-0.104569137071155,1
1,1.5,0.01,37,"ASC3_age",0,-5.24016949566083e-11,0
1,1.5,0.01,37,"ASC3_income",0.6,0.293207582308186,1
1,1.5,0.01,37,"ASC3_child",0,-1.17971677978438e-05,0
1,1.5,0.01,37,"prot25_male",-0.8,-0.456370084985471,1
1,1.5,0.01,37,"prot25_age",0.9,0.571539581371347,1
1,1.5,0.01,37,"prot25_income",-0.7,-0.365203732564682,1
1,1.5,0.01,37,"prot25_child",0.1,0.146567059950527,1
1,1.5,0.01,37,"prot50_male",0,-4.71586703634637e-08,0
1,1.5,0.01,37,"prot50_age",1,0.717918335719128,1
1,1.5,0.01,37,"prot50_income",0,0.123436335377403,1
1,1.5,0.01,37,"prot50_child",-0.9,-0.575959100205112,1
1,1.5,0.01,37,"invasive_male",0.6,0.170759384942601,1
1,1.5,0.01,37,"invasive_age",-0.3,-0.132527193256324,1
1,1.5,0.01,37,"invasive_income",1.1,0.736939315367149,1
1,1.5,0.01,37,"invasive_child",0,-0.0208862783908834,1
1,1.5,0.01,38,"ASC2_male",0.8,0.448739721431337,1
1,1.5,0.01,38,"ASC2_age",0,-0.0452118367629152,1
1,1.5,0.01,38,"ASC2_income",0.8,0.551119858023594,1
1,1.5,0.01,38,"ASC2_child",0.4,0.0204977806873573,1
1,1.5,0.01,38,"ASC3_male",0,-0.0840534749602939,1
1,1.5,0.01,38,"ASC3_age",0,6.48330540847869e-05,0
1,1.5,0.01,38,"ASC3_income",0,-1.21584289203195e-08,0
1,1.5,0.01,38,"ASC3_child",0.2,-5.68180479015319e-09,0
1,1.5,0.01,38,"prot25_male",0,0.0506114251513509,1
1,1.5,0.01,38,"prot25_age",0,0.0128085624343933,1
1,1.5,0.01,38,"prot25_income",0,-7.83474377822567e-08,0
1,1.5,0.01,38,"prot25_child",0,-1.72057009365921e-09,0
1,1.5,0.01,38,"prot50_male",0,8.34227944723864e-08,0
1,1.5,0.01,38,"prot50_age",0.3,0.265024645156122,1
1,1.5,0.01,38,"prot50_income",0.9,0.658873255418605,1
1,1.5,0.01,38,"prot50_child",0,0.0739271428620813,1
1,1.5,0.01,38,"invasive_male",-0.5,-0.346554478384954,1
1,1.5,0.01,38,"invasive_age",0.9,0.736944915584727,1
1,1.5,0.01,38,"invasive_income",1,0.715391166785704,1
1,1.5,0.01,38,"invasive_child",-0.2,-0.326842759926632,1
1,1.5,0.01,39,"ASC2_male",0.9,0.494444044541058,1
1,1.5,0.01,39,"ASC2_age",1.1,0.764127602295717,1
1,1.5,0.01,39,"ASC2_income",0,-2.52455782268667e-08,0
1,1.5,0.01,39,"ASC2_child",0.7,0.493000961788829,1
1,1.5,0.01,39,"ASC3_male",0,-9.15299906514181e-09,0
1,1.5,0.01,39,"ASC3_age",-0.1,-0.0099948184450012,0
1,1.5,0.01,39,"ASC3_income",0,-0.00937292233464885,0
1,1.5,0.01,39,"ASC3_child",-1.1,-0.651684659158615,1
1,1.5,0.01,39,"prot25_male",0,0.0476378226477719,1
1,1.5,0.01,39,"prot25_age",0,-0.0353750219261457,1
1,1.5,0.01,39,"prot25_income",0.9,0.512674390783559,1
1,1.5,0.01,39,"prot25_child",0,-6.70769635161852e-09,0
1,1.5,0.01,39,"prot50_male",0,-7.49723655807771e-10,0
1,1.5,0.01,39,"prot50_age",0.9,0.5314282423701,1
1,1.5,0.01,39,"prot50_income",-0.8,-0.401761889244137,1
1,1.5,0.01,39,"prot50_child",0,-9.65552258867243e-09,0
1,1.5,0.01,39,"invasive_male",0.1,-1.98027067598045e-08,0
1,1.5,0.01,39,"invasive_age",0,3.48890496595676e-07,0
1,1.5,0.01,39,"invasive_income",0.7,0.413713580465622,1
1,1.5,0.01,39,"invasive_child",0,-6.68574690464006e-09,0
1,1.5,0.01,40,"ASC2_male",0,-0.00205737856367314,0
1,1.5,0.01,40,"ASC2_age",0,-6.87303341177919e-09,0
1,1.5,0.01,40,"ASC2_income",-1,-0.787683343814664,1
1,1.5,0.01,40,"ASC2_child",-0.4,-0.372743911613051,1
1,1.5,0.01,40,"ASC3_male",1.2,0.781603749388148,1
1,1.5,0.01,40,"ASC3_age",0,-0.0450923460069103,1
1,1.5,0.01,40,"ASC3_income",0,-0.00585465268696052,0
1,1.5,0.01,40,"ASC3_child",0,-2.2082393178612e-08,0
1,1.5,0.01,40,"prot25_male",-0.1,-0.0468494896343836,1
1,1.5,0.01,40,"prot25_age",0,-0.00441231375060628,0
1,1.5,0.01,40,"prot25_income",-0.3,-0.16491136136612,1
1,1.5,0.01,40,"prot25_child",-0.5,-0.268237611998735,1
1,1.5,0.01,40,"prot50_male",-1.2,-0.813853547051755,1
1,1.5,0.01,40,"prot50_age",0,-0.0118364680035886,1
1,1.5,0.01,40,"prot50_income",0,-1.60899886128745e-08,0
1,1.5,0.01,40,"prot50_child",1.1,0.829260644441716,1
1,1.5,0.01,40,"invasive_male",-0.8,-0.532051510710426,1
1,1.5,0.01,40,"invasive_age",0.5,0.331597713434981,1
1,1.5,0.01,40,"invasive_income",0,-0.0437629056690218,1
1,1.5,0.01,40,"invasive_child",0,0.0162364651099994,1
1,1.5,0.01,41,"ASC2_male",0.1,-0.0891353838035441,1
1,1.5,0.01,41,"ASC2_age",0,0.0219285960981126,1
1,1.5,0.01,41,"ASC2_income",-1,-0.68273089497384,1
1,1.5,0.01,41,"ASC2_child",-0.6,-0.302306825520359,1
1,1.5,0.01,41,"ASC3_male",0.8,0.245881592710848,1
1,1.5,0.01,41,"ASC3_age",-0.6,-0.353629202120941,1
1,1.5,0.01,41,"ASC3_income",-0.6,-0.367603586483812,1
1,1.5,0.01,41,"ASC3_child",-1,-0.555666702808298,1
1,1.5,0.01,41,"prot25_male",0,0.0784844390645435,1
1,1.5,0.01,41,"prot25_age",-1,-0.623121218761272,1
1,1.5,0.01,41,"prot25_income",0,-0.0153710107145051,1
1,1.5,0.01,41,"prot25_child",0,-0.0827876306378975,1
1,1.5,0.01,41,"prot50_male",0,0.173976849603357,1
1,1.5,0.01,41,"prot50_age",0,0.0536609687613899,1
1,1.5,0.01,41,"prot50_income",0,0.00776018184314045,0
1,1.5,0.01,41,"prot50_child",0,-0.112432321862497,1
1,1.5,0.01,41,"invasive_male",-0.7,-0.449107928844667,1
1,1.5,0.01,41,"invasive_age",-0.5,-0.362657674157369,1
1,1.5,0.01,41,"invasive_income",0,0.008212451931253,0
1,1.5,0.01,41,"invasive_child",0,-0.0098328752244368,0
1,1.5,0.01,42,"ASC2_male",-0.1,-0.103135720284159,1
1,1.5,0.01,42,"ASC2_age",1,0.748157929986893,1
1,1.5,0.01,42,"ASC2_income",0,0.103852684184571,1
1,1.5,0.01,42,"ASC2_child",0.4,0.224572333795317,1
1,1.5,0.01,42,"ASC3_male",-0.7,-0.404067119132128,1
1,1.5,0.01,42,"ASC3_age",0,0.0444834386152912,1
1,1.5,0.01,42,"ASC3_income",0,0.055495581105189,1
1,1.5,0.01,42,"ASC3_child",0,-0.078744269368819,1
1,1.5,0.01,42,"prot25_male",0.1,0.061452410346956,1
1,1.5,0.01,42,"prot25_age",0.8,0.520344749618549,1
1,1.5,0.01,42,"prot25_income",0,0.04240784750112,1
1,1.5,0.01,42,"prot25_child",0,-0.0447160686501293,1
1,1.5,0.01,42,"prot50_male",0,-0.00876684769898816,0
1,1.5,0.01,42,"prot50_age",1,0.685496104844528,1
1,1.5,0.01,42,"prot50_income",0,0.034022448054684,1
1,1.5,0.01,42,"prot50_child",0,0.00010938346438726,0
1,1.5,0.01,42,"invasive_male",-0.9,-0.662902001055431,1
1,1.5,0.01,42,"invasive_age",0,0.0339922797862273,1
1,1.5,0.01,42,"invasive_income",-1,-0.552634657036599,1
1,1.5,0.01,42,"invasive_child",-1.1,-0.849765526785127,1
1,1.5,0.01,43,"ASC2_male",0,-0.113726355601415,1
1,1.5,0.01,43,"ASC2_age",-0.8,-0.513977500651177,1
1,1.5,0.01,43,"ASC2_income",0,0.0742042410802692,1
1,1.5,0.01,43,"ASC2_child",0,-3.28646186051881e-10,0
1,1.5,0.01,43,"ASC3_male",-1.2,-0.908717633952952,1
1,1.5,0.01,43,"ASC3_age",0,-0.0109027563187415,1
1,1.5,0.01,43,"ASC3_income",0,0.0046109012875484,0
1,1.5,0.01,43,"ASC3_child",0,-0.00896975111160756,0
1,1.5,0.01,43,"prot25_male",1,0.791132701142496,1
1,1.5,0.01,43,"prot25_age",0.5,0.413688070061641,1
1,1.5,0.01,43,"prot25_income",0.9,0.584434661536048,1
1,1.5,0.01,43,"prot25_child",1,0.576387760251189,1
1,1.5,0.01,43,"prot50_male",-0.2,-0.049219046526444,1
1,1.5,0.01,43,"prot50_age",0,-0.000358387782928246,0
1,1.5,0.01,43,"prot50_income",-0.3,-0.232823461878966,1
1,1.5,0.01,43,"prot50_child",0.6,0.260103845881135,1
1,1.5,0.01,43,"invasive_male",0,-3.16893316363001e-09,0
1,1.5,0.01,43,"invasive_age",0,-0.00446788632526037,0
1,1.5,0.01,43,"invasive_income",1,0.738357746776982,1
1,1.5,0.01,43,"invasive_child",0,-1.84824871862364e-09,0
1,1.5,0.01,44,"ASC2_male",0.9,0.545284922042117,1
1,1.5,0.01,44,"ASC2_age",1.2,0.787643066882373,1
1,1.5,0.01,44,"ASC2_income",0,-0.0961066979472945,1
1,1.5,0.01,44,"ASC2_child",0,0.00516043827674971,0
1,1.5,0.01,44,"ASC3_male",0.9,0.588283528126253,1
1,1.5,0.01,44,"ASC3_age",0,0.0285054347101933,1
1,1.5,0.01,44,"ASC3_income",-0.5,-0.381494061353665,1
1,1.5,0.01,44,"ASC3_child",-1.1,-0.558511842989306,1
1,1.5,0.01,44,"prot25_male",-1.1,-0.823636444303577,1
1,1.5,0.01,44,"prot25_age",0,0.00237367156608852,0
1,1.5,0.01,44,"prot25_income",0,0.00167778208118624,0
1,1.5,0.01,44,"prot25_child",0.9,0.504758471583986,1
1,1.5,0.01,44,"prot50_male",0,-0.107125423388526,1
1,1.5,0.01,44,"prot50_age",-1.2,-0.778540868970109,1
1,1.5,0.01,44,"prot50_income",-0.5,-0.326477493459006,1
1,1.5,0.01,44,"prot50_child",0,-0.044398064227655,1
1,1.5,0.01,44,"invasive_male",-0.8,-0.634384785359894,1
1,1.5,0.01,44,"invasive_age",0,2.01117353976452e-10,0
1,1.5,0.01,44,"invasive_income",0,-0.0846949725891754,1
1,1.5,0.01,44,"invasive_child",0,0.115213382459126,1
1,1.5,0.01,45,"ASC2_male",-0.6,-0.257648583151924,1
1,1.5,0.01,45,"ASC2_age",0,-0.128309633657806,1
1,1.5,0.01,45,"ASC2_income",0,-0.0634811638871061,1
1,1.5,0.01,45,"ASC2_child",0.2,0.126704128732876,1
1,1.5,0.01,45,"ASC3_male",-0.7,-0.433958694855637,1
1,1.5,0.01,45,"ASC3_age",0,-0.123855011986721,1
1,1.5,0.01,45,"ASC3_income",0,7.49761951829878e-06,0
1,1.5,0.01,45,"ASC3_child",-0.1,-0.144616736522422,1
1,1.5,0.01,45,"prot25_male",0,-0.0793657794461934,1
1,1.5,0.01,45,"prot25_age",-0.8,-0.407818845072485,1
1,1.5,0.01,45,"prot25_income",0,0.0409004058054259,1
1,1.5,0.01,45,"prot25_child",0.4,0.302991414162184,1
1,1.5,0.01,45,"prot50_male",0,0.000893408520561193,0
1,1.5,0.01,45,"prot50_age",1.2,0.86401539547039,1
1,1.5,0.01,45,"prot50_income",0,0.0146214651632383,1
1,1.5,0.01,45,"prot50_child",-0.2,-0.0185589824702076,1
1,1.5,0.01,45,"invasive_male",-1,-0.58924550258252,1
1,1.5,0.01,45,"invasive_age",0,7.78609226084542e-09,0
1,1.5,0.01,45,"invasive_income",-0.3,-0.198143961425206,1
1,1.5,0.01,45,"invasive_child",0,0.0140647481385464,1
1,1.5,0.01,46,"ASC2_male",-0.3,-0.325438257311853,1
1,1.5,0.01,46,"ASC2_age",0,0.0316765068718832,1
1,1.5,0.01,46,"ASC2_income",-0.4,-0.317297053680061,1
1,1.5,0.01,46,"ASC2_child",0,-2.57315511554987e-07,0
1,1.5,0.01,46,"ASC3_male",0,-0.0104831645943488,1
1,1.5,0.01,46,"ASC3_age",0,0.0541914258440446,1
1,1.5,0.01,46,"ASC3_income",0,-0.0499763634095582,1
1,1.5,0.01,46,"ASC3_child",0,1.54685996129896e-07,0
1,1.5,0.01,46,"prot25_male",0,-3.0731648523265e-10,0
1,1.5,0.01,46,"prot25_age",0.9,0.510004409477095,1
1,1.5,0.01,46,"prot25_income",0.4,0.307815656419702,1
1,1.5,0.01,46,"prot25_child",0.5,0.300582655008449,1
1,1.5,0.01,46,"prot50_male",0.7,0.342166972815219,1
1,1.5,0.01,46,"prot50_age",0.5,0.306621346611435,1
1,1.5,0.01,46,"prot50_income",-0.5,-0.317928995853351,1
1,1.5,0.01,46,"prot50_child",0.7,0.258216134688663,1
1,1.5,0.01,46,"invasive_male",0,-3.72009924168045e-07,0
1,1.5,0.01,46,"invasive_age",0,0.0201018857834245,1
1,1.5,0.01,46,"invasive_income",0,-0.0170128163534356,1
1,1.5,0.01,46,"invasive_child",0.6,0.259749825204853,1
1,1.5,0.01,47,"ASC2_male",0,-2.93141216981093e-06,0
1,1.5,0.01,47,"ASC2_age",0,-0.0604972116981233,1
1,1.5,0.01,47,"ASC2_income",-0.7,-0.459905963329207,1
1,1.5,0.01,47,"ASC2_child",0.9,0.603340943124356,1
1,1.5,0.01,47,"ASC3_male",0,-0.0902428222967752,1
1,1.5,0.01,47,"ASC3_age",1,0.656990288880402,1
1,1.5,0.01,47,"ASC3_income",0,0.0468446430958909,1
1,1.5,0.01,47,"ASC3_child",0,5.08316823065621e-07,0
1,1.5,0.01,47,"prot25_male",1.2,0.719224561299119,1
1,1.5,0.01,47,"prot25_age",1,0.704351866563483,1
1,1.5,0.01,47,"prot25_income",0,1.85632148091687e-07,0
1,1.5,0.01,47,"prot25_child",0.5,0.264222910668296,1
1,1.5,0.01,47,"prot50_male",-0.1,0.00647397081063061,0
1,1.5,0.01,47,"prot50_age",0,-1.71099560161789e-07,0
1,1.5,0.01,47,"prot50_income",1,0.595289945961054,1
1,1.5,0.01,47,"prot50_child",0,0.0147524202973161,1
1,1.5,0.01,47,"invasive_male",0,-9.82341903092401e-10,0
1,1.5,0.01,47,"invasive_age",0,-0.0320455528613452,1
1,1.5,0.01,47,"invasive_income",-0.3,-0.0947745456673095,1
1,1.5,0.01,47,"invasive_child",-0.9,-0.647696493767282,1
1,1.5,0.01,48,"ASC2_male",0.3,0.0759652459129069,1
1,1.5,0.01,48,"ASC2_age",0,7.60381957246167e-08,0
1,1.5,0.01,48,"ASC2_income",-1.1,-0.714073578284995,1
1,1.5,0.01,48,"ASC2_child",0,-0.0515744255800337,1
1,1.5,0.01,48,"ASC3_male",0,-0.0353605626538049,1
1,1.5,0.01,48,"ASC3_age",1,0.586282354126719,1
1,1.5,0.01,48,"ASC3_income",0.7,0.381101107963218,1
1,1.5,0.01,48,"ASC3_child",0.9,0.469129193306677,1
1,1.5,0.01,48,"prot25_male",1,0.655451909374494,1
1,1.5,0.01,48,"prot25_age",0,3.23695558940727e-08,0
1,1.5,0.01,48,"prot25_income",0.2,0.0854067670145792,1
1,1.5,0.01,48,"prot25_child",0,1.69331717603749e-06,0
1,1.5,0.01,48,"prot50_male",-0.7,-0.159186469856228,1
1,1.5,0.01,48,"prot50_age",0,-4.88199604966132e-09,0
1,1.5,0.01,48,"prot50_income",0,-0.00461730364506502,0
1,1.5,0.01,48,"prot50_child",0.1,0.126060513383654,1
1,1.5,0.01,48,"invasive_male",0,5.15700526986662e-08,0
1,1.5,0.01,48,"invasive_age",0,0.0223064643457476,1
1,1.5,0.01,48,"invasive_income",0.6,0.294100283569747,1
1,1.5,0.01,48,"invasive_child",0,-0.0132367466146073,1
1,1.5,0.01,49,"ASC2_male",0,-1.03661818945684e-08,0
1,1.5,0.01,49,"ASC2_age",0.6,0.279813764901745,1
1,1.5,0.01,49,"ASC2_income",0,0.0261754409732086,1
1,1.5,0.01,49,"ASC2_child",0.6,0.298315776335871,1
1,1.5,0.01,49,"ASC3_male",0,-0.0577106207925555,1
1,1.5,0.01,49,"ASC3_age",0.5,0.261376944146864,1
1,1.5,0.01,49,"ASC3_income",-0.2,-0.186627172057578,1
1,1.5,0.01,49,"ASC3_child",0,-0.17242460935416,1
1,1.5,0.01,49,"prot25_male",1,0.599649108051638,1
1,1.5,0.01,49,"prot25_age",0,0.0450877591237137,1
1,1.5,0.01,49,"prot25_income",0.8,0.536655678657785,1
1,1.5,0.01,49,"prot25_child",-1,-0.581708415917913,1
1,1.5,0.01,49,"prot50_male",0,-0.0472542420642963,1
1,1.5,0.01,49,"prot50_age",0.7,0.518663406553956,1
1,1.5,0.01,49,"prot50_income",0,-0.0237682988455926,1
1,1.5,0.01,49,"prot50_child",-1,-0.470584812594512,1
1,1.5,0.01,49,"invasive_male",-0.2,-0.125412472377713,1
1,1.5,0.01,49,"invasive_age",0,0.0152367833282479,1
1,1.5,0.01,49,"invasive_income",0,-0.0153500328308362,1
1,1.5,0.01,49,"invasive_child",0,-0.0693799020027032,1
1,1.5,0.01,50,"ASC2_male",0,-0.0477567869431503,1
1,1.5,0.01,50,"ASC2_age",0,-0.0504065093693382,1
1,1.5,0.01,50,"ASC2_income",0.4,0.246888122094834,1
1,1.5,0.01,50,"ASC2_child",0.1,-0.00827389075433443,0
1,1.5,0.01,50,"ASC3_male",0,-0.0327642121769447,1
1,1.5,0.01,50,"ASC3_age",0,-0.0299261241519055,1
1,1.5,0.01,50,"ASC3_income",0,-0.060777847739784,1
1,1.5,0.01,50,"ASC3_child",-0.2,-0.152320758268709,1
1,1.5,0.01,50,"prot25_male",-0.4,-0.241851996465311,1
1,1.5,0.01,50,"prot25_age",1.2,0.78592129855535,1
1,1.5,0.01,50,"prot25_income",-0.6,-0.384000137380297,1
1,1.5,0.01,50,"prot25_child",0,-0.034976195962919,1
1,1.5,0.01,50,"prot50_male",1,0.669147118487728,1
1,1.5,0.01,50,"prot50_age",-0.3,-0.123890023417198,1
1,1.5,0.01,50,"prot50_income",0,-1.67716546734158e-06,0
1,1.5,0.01,50,"prot50_child",0,0.0327848080516395,1
1,1.5,0.01,50,"invasive_male",-1,-0.690628062266887,1
1,1.5,0.01,50,"invasive_age",0.4,0.272358670621131,1
1,1.5,0.01,50,"invasive_income",0,-0.0246038650451754,1
1,1.5,0.01,50,"invasive_child",0,-0.00999273396935947,0
1,1.5,0.01,51,"ASC2_male",1.1,0.574930245547043,1
1,1.5,0.01,51,"ASC2_age",0,0.00773245844813278,0
1,1.5,0.01,51,"ASC2_income",-0.5,-0.345078801032894,1
1,1.5,0.01,51,"ASC2_child",0,-0.0603154905119629,1
1,1.5,0.01,51,"ASC3_male",0,-0.130586294870034,1
1,1.5,0.01,51,"ASC3_age",-1,-0.660131444972863,1
1,1.5,0.01,51,"ASC3_income",-0.5,-0.325680139270165,1
1,1.5,0.01,51,"ASC3_child",0,-3.81082299545353e-08,0
1,1.5,0.01,51,"prot25_male",0,0.0466411497378667,1
1,1.5,0.01,51,"prot25_age",-0.8,-0.517629437443357,1
1,1.5,0.01,51,"prot25_income",0.9,0.598959077060897,1
1,1.5,0.01,51,"prot25_child",0.8,0.653654948718269,1
1,1.5,0.01,51,"prot50_male",-1,-0.586259771390676,1
1,1.5,0.01,51,"prot50_age",0,-0.00871508908896351,0
1,1.5,0.01,51,"prot50_income",0,0.0237946153379049,1
1,1.5,0.01,51,"prot50_child",0,-0.0327101899295905,1
1,1.5,0.01,51,"invasive_male",0.9,0.619955956538927,1
1,1.5,0.01,51,"invasive_age",0,-0.0340752084093104,1
1,1.5,0.01,51,"invasive_income",-0.4,-0.31369294437355,1
1,1.5,0.01,51,"invasive_child",0,-0.00954671929553957,0
1,1.5,0.01,52,"ASC2_male",0,-0.157985348068148,1
1,1.5,0.01,52,"ASC2_age",0.8,0.527762459463235,1
1,1.5,0.01,52,"ASC2_income",0,0.0850185353093016,1
1,1.5,0.01,52,"ASC2_child",0,-1.01721516865663e-08,0
1,1.5,0.01,52,"ASC3_male",1.1,0.557601652787834,1
1,1.5,0.01,52,"ASC3_age",0,0.0433536508428435,1
1,1.5,0.01,52,"ASC3_income",0.2,0.169908939857012,1
1,1.5,0.01,52,"ASC3_child",0,0.03474030245685,1
1,1.5,0.01,52,"prot25_male",-0.9,-0.409560465524966,1
1,1.5,0.01,52,"prot25_age",1.1,0.678853921020477,1
1,1.5,0.01,52,"prot25_income",0,-0.0321588436580603,1
1,1.5,0.01,52,"prot25_child",-1.1,-0.716674418265439,1
1,1.5,0.01,52,"prot50_male",0,0.263209337342345,1
1,1.5,0.01,52,"prot50_age",0,4.93880597322789e-12,0
1,1.5,0.01,52,"prot50_income",0.9,0.507943946339308,1
1,1.5,0.01,52,"prot50_child",-0.2,1.11944282370158e-07,0
1,1.5,0.01,52,"invasive_male",0.2,0.217254998305898,1
1,1.5,0.01,52,"invasive_age",0,-0.0243675895629404,1
1,1.5,0.01,52,"invasive_income",-0.9,-0.519135957759421,1
1,1.5,0.01,52,"invasive_child",0,-0.0298740165362873,1
1,1.5,0.01,53,"ASC2_male",0,-3.16626103685891e-09,0
1,1.5,0.01,53,"ASC2_age",0,-0.106183613410625,1
1,1.5,0.01,53,"ASC2_income",-0.7,-0.449785535095176,1
1,1.5,0.01,53,"ASC2_child",0.7,0.341122668082019,1
1,1.5,0.01,53,"ASC3_male",0,-0.0431707441081362,1
1,1.5,0.01,53,"ASC3_age",-0.4,-0.336770756810044,1
1,1.5,0.01,53,"ASC3_income",0,0.0656134164164566,1
1,1.5,0.01,53,"ASC3_child",0,0.000402910010356298,0
1,1.5,0.01,53,"prot25_male",-1.1,-0.754507546630043,1
1,1.5,0.01,53,"prot25_age",-0.4,-0.158841521983418,1
1,1.5,0.01,53,"prot25_income",0,-0.0611533083238235,1
1,1.5,0.01,53,"prot25_child",0,0.00150878428827279,0
1,1.5,0.01,53,"prot50_male",0,0.0614524047548025,1
1,1.5,0.01,53,"prot50_age",0.4,0.321436680295067,1
1,1.5,0.01,53,"prot50_income",0,-0.0304282891574235,1
1,1.5,0.01,53,"prot50_child",0,-0.0110355789471882,1
1,1.5,0.01,53,"invasive_male",-1.1,-0.57285900947678,1
1,1.5,0.01,53,"invasive_age",0.4,0.142775935785034,1
1,1.5,0.01,53,"invasive_income",-0.4,-0.294681502282305,1
1,1.5,0.01,53,"invasive_child",0.5,0.25575251238034,1
1,1.5,0.01,54,"ASC2_male",-1,-0.467808411731805,1
1,1.5,0.01,54,"ASC2_age",0.5,0.314054302765111,1
1,1.5,0.01,54,"ASC2_income",0,0.000300745942628334,0
1,1.5,0.01,54,"ASC2_child",0.2,0.0803027715086669,1
1,1.5,0.01,54,"ASC3_male",0.5,0.438491394878213,1
1,1.5,0.01,54,"ASC3_age",-0.2,-0.109789159327435,1
1,1.5,0.01,54,"ASC3_income",0,-0.00164978627596128,0
1,1.5,0.01,54,"ASC3_child",0,0.0102695366145984,1
1,1.5,0.01,54,"prot25_male",0,-0.00349377669736901,0
1,1.5,0.01,54,"prot25_age",0,-0.00518898220228442,0
1,1.5,0.01,54,"prot25_income",0.3,0.181748737804523,1
1,1.5,0.01,54,"prot25_child",0,0.0419714260146317,1
1,1.5,0.01,54,"prot50_male",0,0.0426151293923804,1
1,1.5,0.01,54,"prot50_age",0.9,0.592110388235086,1
1,1.5,0.01,54,"prot50_income",0,-0.00730668232698299,0
1,1.5,0.01,54,"prot50_child",-0.4,-0.283399424771048,1
1,1.5,0.01,54,"invasive_male",0,0.168230729185732,1
1,1.5,0.01,54,"invasive_age",0.9,0.575432877022764,1
1,1.5,0.01,54,"invasive_income",-0.4,-0.242246175535118,1
1,1.5,0.01,54,"invasive_child",0,-0.0203417670131111,1
1,1.5,0.01,55,"ASC2_male",0.9,0.559341985127989,1
1,1.5,0.01,55,"ASC2_age",0,-0.0712106221426823,1
1,1.5,0.01,55,"ASC2_income",0,2.04882402357916e-06,0
1,1.5,0.01,55,"ASC2_child",0.9,0.517210425303009,1
1,1.5,0.01,55,"ASC3_male",0,-3.18247372981773e-08,0
1,1.5,0.01,55,"ASC3_age",0,-0.136955604488192,1
1,1.5,0.01,55,"ASC3_income",0,0.081452075340718,1
1,1.5,0.01,55,"ASC3_child",-1,-0.832385898448297,1
1,1.5,0.01,55,"prot25_male",-0.9,-0.456880122684572,1
1,1.5,0.01,55,"prot25_age",-0.6,-0.272880739894537,1
1,1.5,0.01,55,"prot25_income",0,-0.0783482386231731,1
1,1.5,0.01,55,"prot25_child",-0.3,0.0315208571027013,1
1,1.5,0.01,55,"prot50_male",-0.9,-0.394849717171071,1
1,1.5,0.01,55,"prot50_age",0,0.0255743031300595,1
1,1.5,0.01,55,"prot50_income",1.1,0.62364633621758,1
1,1.5,0.01,55,"prot50_child",0,0.149598516326266,1
1,1.5,0.01,55,"invasive_male",0.8,0.512129849401723,1
1,1.5,0.01,55,"invasive_age",-0.8,-0.552641901412963,1
1,1.5,0.01,55,"invasive_income",0,-0.0678583589940758,1
1,1.5,0.01,55,"invasive_child",0,0.0527867310882355,1
1,1.5,0.01,56,"ASC2_male",0,-7.16125940815119e-09,0
1,1.5,0.01,56,"ASC2_age",1.1,0.754330262755518,1
1,1.5,0.01,56,"ASC2_income",0,0.00216985321058157,0
1,1.5,0.01,56,"ASC2_child",0,0.116205599185237,1
1,1.5,0.01,56,"ASC3_male",0,0.00625790691595472,0
1,1.5,0.01,56,"ASC3_age",-1,-0.662109653185706,1
1,1.5,0.01,56,"ASC3_income",0.8,0.485353970462912,1
1,1.5,0.01,56,"ASC3_child",0,-1.6259883068458e-08,0
1,1.5,0.01,56,"prot25_male",0,-3.23787108455658e-08,0
1,1.5,0.01,56,"prot25_age",0.9,0.552124516136043,1
1,1.5,0.01,56,"prot25_income",0,-0.0206117762779824,1
1,1.5,0.01,56,"prot25_child",0,0.0611050724113343,1
1,1.5,0.01,56,"prot50_male",0.5,0.336987935314025,1
1,1.5,0.01,56,"prot50_age",0,-0.0394233597432731,1
1,1.5,0.01,56,"prot50_income",-0.8,-0.570485194783643,1
1,1.5,0.01,56,"prot50_child",-0.4,-0.170279416911325,1
1,1.5,0.01,56,"invasive_male",0,-0.0279037672452111,1
1,1.5,0.01,56,"invasive_age",0.7,0.452974338100053,1
1,1.5,0.01,56,"invasive_income",1.1,0.713441399997358,1
1,1.5,0.01,56,"invasive_child",0.3,0.23655937343695,1
1,1.5,0.01,57,"ASC2_male",0,-0.111234684394393,1
1,1.5,0.01,57,"ASC2_age",0,-0.0614090912071734,1
1,1.5,0.01,57,"ASC2_income",1,0.744662681737128,1
1,1.5,0.01,57,"ASC2_child",1.1,0.627129716970781,1
1,1.5,0.01,57,"ASC3_male",0,0.035288107267051,1
1,1.5,0.01,57,"ASC3_age",0.9,0.5766758638938,1
1,1.5,0.01,57,"ASC3_income",0,0.0651763051321938,1
1,1.5,0.01,57,"ASC3_child",0,-0.0497714956021898,1
1,1.5,0.01,57,"prot25_male",0.1,0.134744949289563,1
1,1.5,0.01,57,"prot25_age",0,0.0173426243358748,1
1,1.5,0.01,57,"prot25_income",0,-0.0272738931969041,1
1,1.5,0.01,57,"prot25_child",-0.4,-0.216860193149511,1
1,1.5,0.01,57,"prot50_male",1,0.682841067642568,1
1,1.5,0.01,57,"prot50_age",-0.9,-0.542892695368865,1
1,1.5,0.01,57,"prot50_income",0,0.0115240161920554,1
1,1.5,0.01,57,"prot50_child",-0.2,-0.0676390190034382,1
1,1.5,0.01,57,"invasive_male",-0.4,-0.150172421367277,1
1,1.5,0.01,57,"invasive_age",1,0.643369803426219,1
1,1.5,0.01,57,"invasive_income",0,0.0334712737219673,1
1,1.5,0.01,57,"invasive_child",0,-2.55122534239684e-09,0
1,1.5,0.01,58,"ASC2_male",0,-3.66001499298803e-08,0
1,1.5,0.01,58,"ASC2_age",-0.4,-0.234450765665995,1
1,1.5,0.01,58,"ASC2_income",1.1,0.696522370371815,1
1,1.5,0.01,58,"ASC2_child",0.4,0.196710609449277,1
1,1.5,0.01,58,"ASC3_male",0,-3.29013163159199e-09,0
1,1.5,0.01,58,"ASC3_age",-0.6,-0.305099135473443,1
1,1.5,0.01,58,"ASC3_income",0,0.0670662766170576,1
1,1.5,0.01,58,"ASC3_child",0,-0.0226806695687155,1
1,1.5,0.01,58,"prot25_male",0.2,0.0241419242703791,1
1,1.5,0.01,58,"prot25_age",0,0.0411656229670794,1
1,1.5,0.01,58,"prot25_income",0,0.0357442668822647,1
1,1.5,0.01,58,"prot25_child",-0.4,-0.12985141558275,1
1,1.5,0.01,58,"prot50_male",0.6,0.243621692067067,1
1,1.5,0.01,58,"prot50_age",0,-0.0254584620055339,1
1,1.5,0.01,58,"prot50_income",0,-2.81832490816623e-09,0
1,1.5,0.01,58,"prot50_child",-0.7,-0.247654549586693,1
1,1.5,0.01,58,"invasive_male",-1,-0.624773859060708,1
1,1.5,0.01,58,"invasive_age",0.8,0.519570033303976,1
1,1.5,0.01,58,"invasive_income",0,0.0619626234922521,1
1,1.5,0.01,58,"invasive_child",0,2.311901222724e-09,0
1,1.5,0.01,59,"ASC2_male",1.2,0.747142166984133,1
1,1.5,0.01,59,"ASC2_age",1.1,0.657880857924947,1
1,1.5,0.01,59,"ASC2_income",0,-4.61664492470523e-09,0
1,1.5,0.01,59,"ASC2_child",0.2,0.0312745675643615,1
1,1.5,0.01,59,"ASC3_male",0,1.67138728399743e-08,0
1,1.5,0.01,59,"ASC3_age",1,0.61648357513895,1
1,1.5,0.01,59,"ASC3_income",0,0.0310259416744489,1
1,1.5,0.01,59,"ASC3_child",0,-0.0545869429222634,1
1,1.5,0.01,59,"prot25_male",0.3,0.133630595515161,1
1,1.5,0.01,59,"prot25_age",0,0.0730206200190505,1
1,1.5,0.01,59,"prot25_income",0.4,0.201179412271293,1
1,1.5,0.01,59,"prot25_child",0.3,0.208066389854927,1
1,1.5,0.01,59,"prot50_male",0,2.18477350393194e-09,0
1,1.5,0.01,59,"prot50_age",0,0.0190294874341907,1
1,1.5,0.01,59,"prot50_income",1,0.578718420528616,1
1,1.5,0.01,59,"prot50_child",0.9,0.575092867492655,1
1,1.5,0.01,59,"invasive_male",0,-2.22785086263287e-09,0
1,1.5,0.01,59,"invasive_age",0,-1.88023761464619e-09,0
1,1.5,0.01,59,"invasive_income",0,-0.0376662282872254,1
1,1.5,0.01,59,"invasive_child",-0.6,-0.409841072386119,1
1,1.5,0.01,60,"ASC2_male",-1,-0.608417369585977,1
1,1.5,0.01,60,"ASC2_age",-0.1,0.0335304115690487,1
1,1.5,0.01,60,"ASC2_income",0,0.0542552859326441,1
1,1.5,0.01,60,"ASC2_child",-0.4,-0.170024950604134,1
1,1.5,0.01,60,"ASC3_male",-1.1,-0.570355108536296,1
1,1.5,0.01,60,"ASC3_age",0,0.0572062312806538,1
1,1.5,0.01,60,"ASC3_income",0,0.0284248487494442,1
1,1.5,0.01,60,"ASC3_child",1.2,0.859829094343597,1
1,1.5,0.01,60,"prot25_male",-1.1,-0.731268281414637,1
1,1.5,0.01,60,"prot25_age",-0.8,-0.548607514072778,1
1,1.5,0.01,60,"prot25_income",0,-0.0525881703829261,1
1,1.5,0.01,60,"prot25_child",0,-0.208828375802437,1
1,1.5,0.01,60,"prot50_male",-0.4,-0.298942440397241,1
1,1.5,0.01,60,"prot50_age",0,-0.0166291539065587,1
1,1.5,0.01,60,"prot50_income",0,-0.044516335560238,1
1,1.5,0.01,60,"prot50_child",0,-0.144455636515147,1
1,1.5,0.01,60,"invasive_male",1.1,0.754752669168306,1
1,1.5,0.01,60,"invasive_age",0,0.0835574167873629,1
1,1.5,0.01,60,"invasive_income",0,0.0458539041694875,1
1,1.5,0.01,60,"invasive_child",-0.4,-0.270669242313107,1
1,1.5,0.01,61,"ASC2_male",-0.6,-0.56811057553308,1
1,1.5,0.01,61,"ASC2_age",0,0.0141531264519335,1
1,1.5,0.01,61,"ASC2_income",0.3,0.205631853430381,1
1,1.5,0.01,61,"ASC2_child",0.8,0.36002516672728,1
1,1.5,0.01,61,"ASC3_male",0.5,0.11027202249903,1
1,1.5,0.01,61,"ASC3_age",0,-1.35785327624899e-07,0
1,1.5,0.01,61,"ASC3_income",0,6.14916480726935e-09,0
1,1.5,0.01,61,"ASC3_child",0,-0.129098082000269,1
1,1.5,0.01,61,"prot25_male",0,0.0448623792446918,1
1,1.5,0.01,61,"prot25_age",-0.6,-0.38222736611259,1
1,1.5,0.01,61,"prot25_income",0,0.019163013293729,1
1,1.5,0.01,61,"prot25_child",0,-9.2234267889795e-07,0
1,1.5,0.01,61,"prot50_male",0,-3.01672035081862e-09,0
1,1.5,0.01,61,"prot50_age",-0.4,-0.245894646078678,1
1,1.5,0.01,61,"prot50_income",0,0.0224838013222125,1
1,1.5,0.01,61,"prot50_child",-0.7,-0.469836976930012,1
1,1.5,0.01,61,"invasive_male",0,-0.141091259442225,1
1,1.5,0.01,61,"invasive_age",1.1,0.66845580858816,1
1,1.5,0.01,61,"invasive_income",1,0.617754232270623,1
1,1.5,0.01,61,"invasive_child",0.5,0.328402145223572,1
1,1.5,0.01,62,"ASC2_male",0,-0.166782863965874,1
1,1.5,0.01,62,"ASC2_age",-1,-0.641236395296957,1
1,1.5,0.01,62,"ASC2_income",-0.6,-0.311770836616746,1
1,1.5,0.01,62,"ASC2_child",0,-1.02000877415615e-09,0
1,1.5,0.01,62,"ASC3_male",0,-0.175130727174244,1
1,1.5,0.01,62,"ASC3_age",0,0.0234221163609143,1
1,1.5,0.01,62,"ASC3_income",0.3,0.234239636180704,1
1,1.5,0.01,62,"ASC3_child",-0.1,-0.0441388246508326,1
1,1.5,0.01,62,"prot25_male",0,0.0779082352985099,1
1,1.5,0.01,62,"prot25_age",-0.9,-0.608307845647513,1
1,1.5,0.01,62,"prot25_income",0.5,0.220869853817063,1
1,1.5,0.01,62,"prot25_child",0.5,0.271452963240434,1
1,1.5,0.01,62,"prot50_male",-0.8,-0.521482928708925,1
1,1.5,0.01,62,"prot50_age",0,-0.113258730825412,1
1,1.5,0.01,62,"prot50_income",0,-0.0207457953125581,1
1,1.5,0.01,62,"prot50_child",1.2,0.690333898687793,1
1,1.5,0.01,62,"invasive_male",0.3,8.3289764548532e-06,0
1,1.5,0.01,62,"invasive_age",0,-0.0426150510774615,1
1,1.5,0.01,62,"invasive_income",0,0.0696043248702203,1
1,1.5,0.01,62,"invasive_child",0,0.00842201898948669,0
1,1.5,0.01,63,"ASC2_male",0.9,0.303891776806526,1
1,1.5,0.01,63,"ASC2_age",-0.1,0.0988767602360175,1
1,1.5,0.01,63,"ASC2_income",0,-5.05981977092018e-08,0
1,1.5,0.01,63,"ASC2_child",0.1,1.77218312894625e-07,0
1,1.5,0.01,63,"ASC3_male",0.4,1.81654496574276e-06,0
1,1.5,0.01,63,"ASC3_age",-0.7,-0.312673099679786,1
1,1.5,0.01,63,"ASC3_income",0,-1.30999474893979e-08,0
1,1.5,0.01,63,"ASC3_child",0,5.5623532290847e-07,0
1,1.5,0.01,63,"prot25_male",0,0.0900357650940174,1
1,1.5,0.01,63,"prot25_age",0,-0.0528102931287772,1
1,1.5,0.01,63,"prot25_income",-0.2,-0.126991132333931,1
1,1.5,0.01,63,"prot25_child",0,-3.73616484318716e-11,0
1,1.5,0.01,63,"prot50_male",0,0.00220015290080281,0
1,1.5,0.01,63,"prot50_age",1,0.610273618140549,1
1,1.5,0.01,63,"prot50_income",0,-1.80796029141625e-08,0
1,1.5,0.01,63,"prot50_child",-0.2,2.53395489759616e-07,0
1,1.5,0.01,63,"invasive_male",0,-0.0790720238948062,1
1,1.5,0.01,63,"invasive_age",-0.5,-0.242204495108051,1
1,1.5,0.01,63,"invasive_income",0,-1.747496861192e-07,0
1,1.5,0.01,63,"invasive_child",-0.6,-0.361943618122205,1
1,1.5,0.01,64,"ASC2_male",0,-0.00125029021929786,0
1,1.5,0.01,64,"ASC2_age",0,-7.52373701794113e-09,0
1,1.5,0.01,64,"ASC2_income",1.1,0.636020307741665,1
1,1.5,0.01,64,"ASC2_child",0.5,0.264248884233789,1
1,1.5,0.01,64,"ASC3_male",0,-2.57234456317869e-07,0
1,1.5,0.01,64,"ASC3_age",0,-1.62758596565171e-07,0
1,1.5,0.01,64,"ASC3_income",1.1,0.579337888739212,1
1,1.5,0.01,64,"ASC3_child",0,-6.37980982181415e-09,0
1,1.5,0.01,64,"prot25_male",0,-1.12785801527212e-08,0
1,1.5,0.01,64,"prot25_age",-1.1,-0.720297199836639,1
1,1.5,0.01,64,"prot25_income",-0.7,-0.401908827304603,1
1,1.5,0.01,64,"prot25_child",-0.8,-0.443053595976547,1
1,1.5,0.01,64,"prot50_male",0,-6.86913066621787e-09,0
1,1.5,0.01,64,"prot50_age",0.9,0.53183559685927,1
1,1.5,0.01,64,"prot50_income",-0.5,-0.253624359042224,1
1,1.5,0.01,64,"prot50_child",0,0.0687856717039074,1
1,1.5,0.01,64,"invasive_male",0,0.118400512908445,1
1,1.5,0.01,64,"invasive_age",-1.1,-0.699954339386453,1
1,1.5,0.01,64,"invasive_income",0.3,0.133045605728769,1
1,1.5,0.01,64,"invasive_child",0,-0.00470873049500884,0
1,1.5,0.01,65,"ASC2_male",0,-5.11173156676262e-05,0
1,1.5,0.01,65,"ASC2_age",0,-0.0436607566681611,1
1,1.5,0.01,65,"ASC2_income",-0.7,-0.398489941324116,1
1,1.5,0.01,65,"ASC2_child",0,-8.53134640258709e-09,0
1,1.5,0.01,65,"ASC3_male",0,-0.0575211061082267,1
1,1.5,0.01,65,"ASC3_age",-0.9,-0.604168920035362,1
1,1.5,0.01,65,"ASC3_income",0,0.0386726458689303,1
1,1.5,0.01,65,"ASC3_child",0,-0.137385392278371,1
1,1.5,0.01,65,"prot25_male",0.1,0.0934066979587453,1
1,1.5,0.01,65,"prot25_age",-0.8,-0.423951596777525,1
1,1.5,0.01,65,"prot25_income",0.9,0.508204276933666,1
1,1.5,0.01,65,"prot25_child",0,0.111399942049404,1
1,1.5,0.01,65,"prot50_male",0.8,0.577866512982787,1
1,1.5,0.01,65,"prot50_age",1.1,0.762973898735253,1
1,1.5,0.01,65,"prot50_income",-1,-0.725490082765839,1
1,1.5,0.01,65,"prot50_child",-1.2,-0.55199170812625,1
1,1.5,0.01,65,"invasive_male",0,-0.0358137476008459,1
1,1.5,0.01,65,"invasive_age",0,0.0223739354370556,1
1,1.5,0.01,65,"invasive_income",-1,-0.623862124981596,1
1,1.5,0.01,65,"invasive_child",0,0.0318922717818682,1
1,1.5,0.01,66,"ASC2_male",0.9,0.583881965455544,1
1,1.5,0.01,66,"ASC2_age",0.9,0.667889492587538,1
1,1.5,0.01,66,"ASC2_income",0,0.068705965722365,1
1,1.5,0.01,66,"ASC2_child",0,0.204758517342896,1
1,1.5,0.01,66,"ASC3_male",-0.6,-0.577236240168099,1
1,1.5,0.01,66,"ASC3_age",0,0.0767112751976296,1
1,1.5,0.01,66,"ASC3_income",-1.2,-0.779018809514763,1
1,1.5,0.01,66,"ASC3_child",0,0.10145225721037,1
1,1.5,0.01,66,"prot25_male",0,0.0259965697009841,1
1,1.5,0.01,66,"prot25_age",-0.4,-0.33100354651078,1
1,1.5,0.01,66,"prot25_income",-0.4,-0.390419757714651,1
1,1.5,0.01,66,"prot25_child",0,-0.207507558051414,1
1,1.5,0.01,66,"prot50_male",0,0.118306438944664,1
1,1.5,0.01,66,"prot50_age",0,-0.0834408941819207,1
1,1.5,0.01,66,"prot50_income",0.2,0.0797115667639891,1
1,1.5,0.01,66,"prot50_child",-0.7,-0.735375471757842,1
1,1.5,0.01,66,"invasive_male",0.5,0.21649715696817,1
1,1.5,0.01,66,"invasive_age",0.9,0.629274139168328,1
1,1.5,0.01,66,"invasive_income",0,-0.0268079433708346,1
1,1.5,0.01,66,"invasive_child",0,-0.100497855231849,1
1,1.5,0.01,67,"ASC2_male",0,2.27316102378964e-08,0
1,1.5,0.01,67,"ASC2_age",-1.1,-0.759605638370598,1
1,1.5,0.01,67,"ASC2_income",0.6,0.41465924480436,1
1,1.5,0.01,67,"ASC2_child",0.3,0.136145475765092,1
1,1.5,0.01,67,"ASC3_male",0,-0.0327030546462496,1
1,1.5,0.01,67,"ASC3_age",0,-0.0361640692771521,1
1,1.5,0.01,67,"ASC3_income",0.7,0.426939695320085,1
1,1.5,0.01,67,"ASC3_child",0,-0.00432170494899443,0
1,1.5,0.01,67,"prot25_male",0.9,0.634326920626409,1
1,1.5,0.01,67,"prot25_age",0.5,0.344461011603842,1
1,1.5,0.01,67,"prot25_income",-0.8,-0.61971284783455,1
1,1.5,0.01,67,"prot25_child",0,0.0907883738543841,1
1,1.5,0.01,67,"prot50_male",-0.7,-0.436775491520668,1
1,1.5,0.01,67,"prot50_age",0,0.0378320546228831,1
1,1.5,0.01,67,"prot50_income",-0.2,-0.14488570330453,1
1,1.5,0.01,67,"prot50_child",0,-8.67124166121117e-08,0
1,1.5,0.01,67,"invasive_male",0,-3.01523710004747e-08,0
1,1.5,0.01,67,"invasive_age",0,-0.0196296784419702,1
1,1.5,0.01,67,"invasive_income",0,0.0370175246217262,1
1,1.5,0.01,67,"invasive_child",0.9,0.482074941496225,1
1,1.5,0.01,68,"ASC2_male",0.3,0.0434036056552663,1
1,1.5,0.01,68,"ASC2_age",0.9,0.500143270756292,1
1,1.5,0.01,68,"ASC2_income",-1,-0.642700613947428,1
1,1.5,0.01,68,"ASC2_child",0.1,8.79707663373007e-07,0
1,1.5,0.01,68,"ASC3_male",0,-3.57980458724861e-08,0
1,1.5,0.01,68,"ASC3_age",0.7,0.335015912098581,1
1,1.5,0.01,68,"ASC3_income",0,-7.02564971415674e-09,0
1,1.5,0.01,68,"ASC3_child",-0.4,-0.323501924001697,1
1,1.5,0.01,68,"prot25_male",0,0.0999653651926425,1
1,1.5,0.01,68,"prot25_age",0,0.0457126362101094,1
1,1.5,0.01,68,"prot25_income",0,-4.33852235706085e-08,0
1,1.5,0.01,68,"prot25_child",-0.6,-0.224881081929985,1
1,1.5,0.01,68,"prot50_male",0,0.0877571612276673,1
1,1.5,0.01,68,"prot50_age",0.1,0.0117622711676801,1
1,1.5,0.01,68,"prot50_income",0,-4.48656445225765e-08,0
1,1.5,0.01,68,"prot50_child",0,4.25311734090212e-07,0
1,1.5,0.01,68,"invasive_male",0,-0.0771636886947379,1
1,1.5,0.01,68,"invasive_age",0,-0.148917994163983,1
1,1.5,0.01,68,"invasive_income",0.5,0.362638712327122,1
1,1.5,0.01,68,"invasive_child",0.3,0.0833210548286256,1
1,1.5,0.01,69,"ASC2_male",0,-0.126384178772549,1
1,1.5,0.01,69,"ASC2_age",0,-0.0958931320884072,1
1,1.5,0.01,69,"ASC2_income",-0.9,-0.487211651399809,1
1,1.5,0.01,69,"ASC2_child",0,6.60800847462254e-08,0
1,1.5,0.01,69,"ASC3_male",0.8,0.344971389804581,1
1,1.5,0.01,69,"ASC3_age",0,-0.0999792308413401,1
1,1.5,0.01,69,"ASC3_income",0,-6.61454507266614e-09,0
1,1.5,0.01,69,"ASC3_child",0,-1.89829371419965e-08,0
1,1.5,0.01,69,"prot25_male",-0.4,-0.116293985021589,1
1,1.5,0.01,69,"prot25_age",-0.8,-0.505632939621417,1
1,1.5,0.01,69,"prot25_income",0,-0.0305393482315547,1
1,1.5,0.01,69,"prot25_child",1.2,0.761044071465802,1
1,1.5,0.01,69,"prot50_male",0,0.0438499979922443,1
1,1.5,0.01,69,"prot50_age",-0.7,-0.472027689463724,1
1,1.5,0.01,69,"prot50_income",0,-7.53615019604309e-09,0
1,1.5,0.01,69,"prot50_child",-0.6,-0.333056168702159,1
1,1.5,0.01,69,"invasive_male",-1.1,-0.675418067023756,1
1,1.5,0.01,69,"invasive_age",0.5,0.268300356416971,1
1,1.5,0.01,69,"invasive_income",-0.9,-0.550985296783507,1
1,1.5,0.01,69,"invasive_child",0,-1.04735631148045e-08,0
1,1.5,0.01,70,"ASC2_male",0,-0.0990183363959668,1
1,1.5,0.01,70,"ASC2_age",-1,-0.696665662463597,1
1,1.5,0.01,70,"ASC2_income",1.2,0.619599261096493,1
1,1.5,0.01,70,"ASC2_child",0.3,0.115570767975256,1
1,1.5,0.01,70,"ASC3_male",0,2.35702487385172e-08,0
1,1.5,0.01,70,"ASC3_age",-0.9,-0.627825248164885,1
1,1.5,0.01,70,"ASC3_income",0,-0.209113221399446,1
1,1.5,0.01,70,"ASC3_child",0,-0.108944158291701,1
1,1.5,0.01,70,"prot25_male",0,0.0948887457076552,1
1,1.5,0.01,70,"prot25_age",0.2,0.201960319106757,1
1,1.5,0.01,70,"prot25_income",0,0.10781573350864,1
1,1.5,0.01,70,"prot25_child",-0.7,-0.28614716768761,1
1,1.5,0.01,70,"prot50_male",0,-0.0282888885345502,1
1,1.5,0.01,70,"prot50_age",0,0.0299393130819087,1
1,1.5,0.01,70,"prot50_income",-0.7,-0.371744135374773,1
1,1.5,0.01,70,"prot50_child",0,-7.20920093602615e-09,0
1,1.5,0.01,70,"invasive_male",-0.3,-0.249042207692478,1
1,1.5,0.01,70,"invasive_age",0,-3.42726735281567e-10,0
1,1.5,0.01,70,"invasive_income",-0.7,-0.503475244353508,1
1,1.5,0.01,70,"invasive_child",-0.6,-0.600203671358826,1
1,1.5,0.01,71,"ASC2_male",-1.1,-0.673827171457405,1
1,1.5,0.01,71,"ASC2_age",0,0.00639265189865916,0
1,1.5,0.01,71,"ASC2_income",0,-0.0407574004142331,1
1,1.5,0.01,71,"ASC2_child",-0.4,-0.306588023037196,1
1,1.5,0.01,71,"ASC3_male",0,-0.0428354944858027,1
1,1.5,0.01,71,"ASC3_age",0,-3.0895439604299e-08,0
1,1.5,0.01,71,"ASC3_income",-0.5,-0.319834204703819,1
1,1.5,0.01,71,"ASC3_child",-0.6,-0.44593508690931,1
1,1.5,0.01,71,"prot25_male",0,-8.54079639621096e-08,0
1,1.5,0.01,71,"prot25_age",0,-0.0362359288646889,1
1,1.5,0.01,71,"prot25_income",0,-0.0299946133496688,1
1,1.5,0.01,71,"prot25_child",0.2,0.0173566207197141,1
1,1.5,0.01,71,"prot50_male",-0.5,-0.416969650855094,1
1,1.5,0.01,71,"prot50_age",0.2,0.216505626407169,1
1,1.5,0.01,71,"prot50_income",-1.1,-0.769331244549164,1
1,1.5,0.01,71,"prot50_child",0,0.00404823918515366,0
1,1.5,0.01,71,"invasive_male",0.9,0.431714034759516,1
1,1.5,0.01,71,"invasive_age",1.2,0.843115359381943,1
1,1.5,0.01,71,"invasive_income",0,-0.0974163897445831,1
1,1.5,0.01,71,"invasive_child",0,1.05214401271838e-08,0
1,1.5,0.01,72,"ASC2_male",0,-4.51560063067053e-08,0
1,1.5,0.01,72,"ASC2_age",0,-0.0592821087820603,1
1,1.5,0.01,72,"ASC2_income",0.2,0.0674550558107555,1
1,1.5,0.01,72,"ASC2_child",0.1,0.0638309895482527,1
1,1.5,0.01,72,"ASC3_male",0,-0.0764462986085992,1
1,1.5,0.01,72,"ASC3_age",0.7,0.437391575577581,1
1,1.5,0.01,72,"ASC3_income",0,-0.0286388541525424,1
1,1.5,0.01,72,"ASC3_child",0,0.0511356329595528,1
1,1.5,0.01,72,"prot25_male",-0.2,-8.39018858752357e-09,0
1,1.5,0.01,72,"prot25_age",-1.1,-0.735813391216933,1
1,1.5,0.01,72,"prot25_income",0,-2.17233870538217e-08,0
1,1.5,0.01,72,"prot25_child",0,6.31989047289577e-11,0
1,1.5,0.01,72,"prot50_male",0.5,0.297631772494343,1
1,1.5,0.01,72,"prot50_age",0,-0.0258345861958316,1
1,1.5,0.01,72,"prot50_income",0,0.000666367925605826,0
1,1.5,0.01,72,"prot50_child",0.1,0.133447107338406,1
1,1.5,0.01,72,"invasive_male",0,-0.153745360161006,1
1,1.5,0.01,72,"invasive_age",0.3,0.182037628878894,1
1,1.5,0.01,72,"invasive_income",0.4,0.302973644108467,1
1,1.5,0.01,72,"invasive_child",-0.4,-0.288156393584665,1
1,1.5,0.01,73,"ASC2_male",0,-6.49832255202816e-09,0
1,1.5,0.01,73,"ASC2_age",0,0.230370757795325,1
1,1.5,0.01,73,"ASC2_income",0,-1.27239870101601e-12,0
1,1.5,0.01,73,"ASC2_child",0.9,0.529946961950948,1
1,1.5,0.01,73,"ASC3_male",0,-1.70056981822055e-08,0
1,1.5,0.01,73,"ASC3_age",-0.7,-0.219353449037003,1
1,1.5,0.01,73,"ASC3_income",0,1.28171012038682e-06,0
1,1.5,0.01,73,"ASC3_child",0,-3.4795312765683e-09,0
1,1.5,0.01,73,"prot25_male",-0.5,-0.281169858228835,1
1,1.5,0.01,73,"prot25_age",1,0.458132816450756,1
1,1.5,0.01,73,"prot25_income",0,-0.00127271447111465,0
1,1.5,0.01,73,"prot25_child",0,-9.20906692978373e-09,0
1,1.5,0.01,73,"prot50_male",0.6,0.342920150459408,1
1,1.5,0.01,73,"prot50_age",0.8,0.396433923653014,1
1,1.5,0.01,73,"prot50_income",1.2,0.781292367652964,1
1,1.5,0.01,73,"prot50_child",0.9,0.553664799440508,1
1,1.5,0.01,73,"invasive_male",0,-7.79907412072722e-08,0
1,1.5,0.01,73,"invasive_age",-1.2,-0.688945925502921,1
1,1.5,0.01,73,"invasive_income",0,-5.85201085901038e-09,0
1,1.5,0.01,73,"invasive_child",1.1,0.628157028997219,1
1,1.5,0.01,74,"ASC2_male",0,0.118533391114333,1
1,1.5,0.01,74,"ASC2_age",0,0.0606170157389974,1
1,1.5,0.01,74,"ASC2_income",-0.5,-0.353427908548135,1
1,1.5,0.01,74,"ASC2_child",0,-0.0661033070602321,1
1,1.5,0.01,74,"ASC3_male",0.2,0.314733621489438,1
1,1.5,0.01,74,"ASC3_age",0,0.0299898234715246,1
1,1.5,0.01,74,"ASC3_income",1,0.692384197271929,1
1,1.5,0.01,74,"ASC3_child",-0.8,-0.684573154051159,1
1,1.5,0.01,74,"prot25_male",-1.1,-0.821081915039365,1
1,1.5,0.01,74,"prot25_age",-0.7,-0.447003232697795,1
1,1.5,0.01,74,"prot25_income",0.8,0.49877183714337,1
1,1.5,0.01,74,"prot25_child",0,-1.38089934438127e-09,0
1,1.5,0.01,74,"prot50_male",0.5,0.35789282579373,1
1,1.5,0.01,74,"prot50_age",0,0.00889111403357226,0
1,1.5,0.01,74,"prot50_income",-0.2,-0.268684029221655,1
1,1.5,0.01,74,"prot50_child",0,0.136032853538499,1
1,1.5,0.01,74,"invasive_male",0,-0.0544883781790256,1
1,1.5,0.01,74,"invasive_age",0,0.0727831502669804,1
1,1.5,0.01,74,"invasive_income",0,-0.00267153796127734,0
1,1.5,0.01,74,"invasive_child",1.1,0.660017866854594,1
1,1.5,0.01,75,"ASC2_male",0,-0.0643153462616496,1
1,1.5,0.01,75,"ASC2_age",0,-0.0100599578505985,1
1,1.5,0.01,75,"ASC2_income",-0.1,-0.0148516341868225,1
1,1.5,0.01,75,"ASC2_child",0,-8.83130065304814e-09,0
1,1.5,0.01,75,"ASC3_male",0,0.00568772309888334,0
1,1.5,0.01,75,"ASC3_age",-0.8,-0.52319320535673,1
1,1.5,0.01,75,"ASC3_income",0,-3.03643664445454e-08,0
1,1.5,0.01,75,"ASC3_child",0.3,0.160442199970995,1
1,1.5,0.01,75,"prot25_male",0,0.0242599609821219,1
1,1.5,0.01,75,"prot25_age",0,-1.03464603233923e-08,0
1,1.5,0.01,75,"prot25_income",-0.5,-0.320351887433341,1
1,1.5,0.01,75,"prot25_child",0.6,0.279570960184472,1
1,1.5,0.01,75,"prot50_male",0,0.0864350038183245,1
1,1.5,0.01,75,"prot50_age",0,0.00308297438852247,0
1,1.5,0.01,75,"prot50_income",-0.5,-0.345036820212705,1
1,1.5,0.01,75,"prot50_child",0,-4.4266309585704e-10,0
1,1.5,0.01,75,"invasive_male",-0.9,-0.655483609228388,1
1,1.5,0.01,75,"invasive_age",-0.1,-0.126121955295744,1
1,1.5,0.01,75,"invasive_income",1.1,0.773719141332869,1
1,1.5,0.01,75,"invasive_child",0.1,0.0143110458462397,1
1,1.5,0.01,76,"ASC2_male",0,-0.194847249722395,1
1,1.5,0.01,76,"ASC2_age",-0.8,-0.503145364067226,1
1,1.5,0.01,76,"ASC2_income",-0.8,-0.443611226870546,1
1,1.5,0.01,76,"ASC2_child",0,-0.00304480650187496,0
1,1.5,0.01,76,"ASC3_male",1,0.345414762738722,1
1,1.5,0.01,76,"ASC3_age",0.2,0.134995937719156,1
1,1.5,0.01,76,"ASC3_income",0.7,0.485162456180064,1
1,1.5,0.01,76,"ASC3_child",0,0.0231576580252014,1
1,1.5,0.01,76,"prot25_male",1,0.872991227013528,1
1,1.5,0.01,76,"prot25_age",-0.4,-0.23782942861599,1
1,1.5,0.01,76,"prot25_income",0,-7.57209761306467e-09,0
1,1.5,0.01,76,"prot25_child",0,-0.010366300512049,1
1,1.5,0.01,76,"prot50_male",-1.1,-0.41999167304433,1
1,1.5,0.01,76,"prot50_age",0,-2.08881788986442e-09,0
1,1.5,0.01,76,"prot50_income",0,-6.43650837245529e-09,0
1,1.5,0.01,76,"prot50_child",0,-2.12216338119019e-09,0
1,1.5,0.01,76,"invasive_male",0.5,0.273099271019258,1
1,1.5,0.01,76,"invasive_age",0,-6.07051923309825e-10,0
1,1.5,0.01,76,"invasive_income",0,-4.46975299127571e-09,0
1,1.5,0.01,76,"invasive_child",-1.2,-0.598998859799487,1
1,1.5,0.01,77,"ASC2_male",0.4,0.19207156157274,1
1,1.5,0.01,77,"ASC2_age",0,0.0745206844654848,1
1,1.5,0.01,77,"ASC2_income",0,0.0876338098744888,1
1,1.5,0.01,77,"ASC2_child",-1.1,-0.763459049130817,1
1,1.5,0.01,77,"ASC3_male",0,-0.185861557500264,1
1,1.5,0.01,77,"ASC3_age",0,0.0876752606126222,1
1,1.5,0.01,77,"ASC3_income",-1.1,-0.642811807765002,1
1,1.5,0.01,77,"ASC3_child",0.7,0.452585230139394,1
1,1.5,0.01,77,"prot25_male",-0.1,-3.91728413612222e-08,0
1,1.5,0.01,77,"prot25_age",0,-0.0567500817813979,1
1,1.5,0.01,77,"prot25_income",0.8,0.414062284267405,1
1,1.5,0.01,77,"prot25_child",-0.7,-0.361241362937419,1
1,1.5,0.01,77,"prot50_male",0,0.121066487554233,1
1,1.5,0.01,77,"prot50_age",0.4,0.277880983229873,1
1,1.5,0.01,77,"prot50_income",0.8,0.458742817598166,1
1,1.5,0.01,77,"prot50_child",0,0.0398972139968179,1
1,1.5,0.01,77,"invasive_male",0,4.48893480419466e-07,0
1,1.5,0.01,77,"invasive_age",0,0.000334028088908978,0
1,1.5,0.01,77,"invasive_income",0,0.0094742504295564,0
1,1.5,0.01,77,"invasive_child",0.9,0.540493282405076,1
1,1.5,0.01,78,"ASC2_male",-0.6,-0.50484430566978,1
1,1.5,0.01,78,"ASC2_age",0,0.0287000711079604,1
1,1.5,0.01,78,"ASC2_income",0,-0.0450175096529736,1
1,1.5,0.01,78,"ASC2_child",0,-0.0489946020676736,1
1,1.5,0.01,78,"ASC3_male",-1.2,-0.765589997100447,1
1,1.5,0.01,78,"ASC3_age",-0.7,-0.456551950311527,1
1,1.5,0.01,78,"ASC3_income",0,-0.0238763728127183,1
1,1.5,0.01,78,"ASC3_child",0.8,0.448796822679293,1
1,1.5,0.01,78,"prot25_male",0.4,0.182003198013645,1
1,1.5,0.01,78,"prot25_age",0,-0.0136990148968764,1
1,1.5,0.01,78,"prot25_income",0,0.00690124096992517,0
1,1.5,0.01,78,"prot25_child",-1.2,-0.785844005929115,1
1,1.5,0.01,78,"prot50_male",0,-1.66719564627229e-07,0
1,1.5,0.01,78,"prot50_age",0.5,0.322796142775019,1
1,1.5,0.01,78,"prot50_income",0.1,0.0344779855065648,1
1,1.5,0.01,78,"prot50_child",0.2,0.0724966411898277,1
1,1.5,0.01,78,"invasive_male",0,0.000937959434008084,0
1,1.5,0.01,78,"invasive_age",0,-0.0386158204291806,1
1,1.5,0.01,78,"invasive_income",0,-0.0812052981098007,1
1,1.5,0.01,78,"invasive_child",0.9,0.402391594804745,1
1,1.5,0.01,79,"ASC2_male",0,0.0572854571842688,1
1,1.5,0.01,79,"ASC2_age",0,-0.0096293550403693,0
1,1.5,0.01,79,"ASC2_income",0.2,0.230091878969587,1
1,1.5,0.01,79,"ASC2_child",0,-0.102365597702781,1
1,1.5,0.01,79,"ASC3_male",0,0.0334062186479777,1
1,1.5,0.01,79,"ASC3_age",-0.6,-0.424044841770365,1
1,1.5,0.01,79,"ASC3_income",-1,-0.573306584545253,1
1,1.5,0.01,79,"ASC3_child",0.7,0.360193166468097,1
1,1.5,0.01,79,"prot25_male",0,0.0083493194660953,0
1,1.5,0.01,79,"prot25_age",-1,-0.688146626326684,1
1,1.5,0.01,79,"prot25_income",0,-0.0941657561065206,1
1,1.5,0.01,79,"prot25_child",0,0.0488586504244677,1
1,1.5,0.01,79,"prot50_male",-1.1,-0.717641534841086,1
1,1.5,0.01,79,"prot50_age",-1.1,-0.770974637170008,1
1,1.5,0.01,79,"prot50_income",0.9,0.539771220709834,1
1,1.5,0.01,79,"prot50_child",0.4,0.241488183670862,1
1,1.5,0.01,79,"invasive_male",-0.4,-0.277715884654673,1
1,1.5,0.01,79,"invasive_age",0,1.04481593075766e-09,0
1,1.5,0.01,79,"invasive_income",0,1.63464965833359e-07,0
1,1.5,0.01,79,"invasive_child",0,-0.0723107659599292,1
1,1.5,0.01,80,"ASC2_male",-0.3,-0.143241994042746,1
1,1.5,0.01,80,"ASC2_age",0,-0.0955912592180778,1
1,1.5,0.01,80,"ASC2_income",0.9,0.670213796395048,1
1,1.5,0.01,80,"ASC2_child",-1,-0.651750526043824,1
1,1.5,0.01,80,"ASC3_male",0,-0.0465996344792472,1
1,1.5,0.01,80,"ASC3_age",-0.6,-0.457600745265788,1
1,1.5,0.01,80,"ASC3_income",0,0.0652439164415832,1
1,1.5,0.01,80,"ASC3_child",0,-4.87889497632318e-09,0
1,1.5,0.01,80,"prot25_male",0,0.0365060281811859,1
1,1.5,0.01,80,"prot25_age",0.8,0.558631544206504,1
1,1.5,0.01,80,"prot25_income",0.1,0.0394440326514754,1
1,1.5,0.01,80,"prot25_child",0,-7.12195112435917e-08,0
1,1.5,0.01,80,"prot50_male",0,0.0205548843895731,1
1,1.5,0.01,80,"prot50_age",0,0.00404083918486794,0
1,1.5,0.01,80,"prot50_income",0.7,0.411065172887473,1
1,1.5,0.01,80,"prot50_child",0,0.110984264967171,1
1,1.5,0.01,80,"invasive_male",0,1.15625330219085e-07,0
1,1.5,0.01,80,"invasive_age",-0.8,-0.558820871916824,1
1,1.5,0.01,80,"invasive_income",-0.7,-0.46829396140124,1
1,1.5,0.01,80,"invasive_child",0.7,0.477922517617466,1
1,1.5,0.01,81,"ASC2_male",0,-0.0389295142482357,1
1,1.5,0.01,81,"ASC2_age",-1.1,-0.708265508617072,1
1,1.5,0.01,81,"ASC2_income",0.1,0.104834952411589,1
1,1.5,0.01,81,"ASC2_child",0.8,0.465907514814292,1
1,1.5,0.01,81,"ASC3_male",0,-0.0465193328909934,1
1,1.5,0.01,81,"ASC3_age",0,0.0350895254555052,1
1,1.5,0.01,81,"ASC3_income",-0.8,-0.465336431281,1
1,1.5,0.01,81,"ASC3_child",0,-2.74891173926564e-06,0
1,1.5,0.01,81,"prot25_male",0,6.82268919800229e-07,0
1,1.5,0.01,81,"prot25_age",-0.3,-0.233123154518657,1
1,1.5,0.01,81,"prot25_income",0.1,-1.82193625102759e-06,0
1,1.5,0.01,81,"prot25_child",0.2,0.21042136894245,1
1,1.5,0.01,81,"prot50_male",0,-0.0223072135194176,1
1,1.5,0.01,81,"prot50_age",0.4,0.250032129568932,1
1,1.5,0.01,81,"prot50_income",-0.3,-0.234846353403125,1
1,1.5,0.01,81,"prot50_child",0,0.064041033567571,1
1,1.5,0.01,81,"invasive_male",0,-1.60548863286286e-09,0
1,1.5,0.01,81,"invasive_age",0,-0.0113536256653641,1
1,1.5,0.01,81,"invasive_income",-0.5,-0.309913797785342,1
1,1.5,0.01,81,"invasive_child",0,5.3487346474645e-06,0
1,1.5,0.01,82,"ASC2_male",0.9,0.49903626188531,1
1,1.5,0.01,82,"ASC2_age",-0.6,-0.41392557683024,1
1,1.5,0.01,82,"ASC2_income",1.1,0.69693770140471,1
1,1.5,0.01,82,"ASC2_child",-0.9,-0.448766327842368,1
1,1.5,0.01,82,"ASC3_male",0,1.43454706242824e-10,0
1,1.5,0.01,82,"ASC3_age",0,-0.0284983269042147,1
1,1.5,0.01,82,"ASC3_income",0,-0.0485469180922915,1
1,1.5,0.01,82,"ASC3_child",0.3,0.330105795700689,1
1,1.5,0.01,82,"prot25_male",0,0.073437729495065,1
1,1.5,0.01,82,"prot25_age",0,0.0171302918698026,1
1,1.5,0.01,82,"prot25_income",0,0.0205550207544141,1
1,1.5,0.01,82,"prot25_child",1.1,0.625135739937528,1
1,1.5,0.01,82,"prot50_male",-0.4,-0.264565291179861,1
1,1.5,0.01,82,"prot50_age",0,-0.0198958321432102,1
1,1.5,0.01,82,"prot50_income",-0.5,-0.31205440229889,1
1,1.5,0.01,82,"prot50_child",0,-0.106768185656586,1
1,1.5,0.01,82,"invasive_male",0,0.0196968332732331,1
1,1.5,0.01,82,"invasive_age",-1.1,-0.722582918806359,1
1,1.5,0.01,82,"invasive_income",0,-0.0811224174998772,1
1,1.5,0.01,82,"invasive_child",0.4,0.406901181994373,1
1,1.5,0.01,83,"ASC2_male",0.9,0.412975189223691,1
1,1.5,0.01,83,"ASC2_age",0,0.0472455708522852,1
1,1.5,0.01,83,"ASC2_income",-0.9,-0.579951763524281,1
1,1.5,0.01,83,"ASC2_child",-0.8,-0.442710170848836,1
1,1.5,0.01,83,"ASC3_male",0.9,0.512304783009366,1
1,1.5,0.01,83,"ASC3_age",0,-5.04850874488939e-09,0
1,1.5,0.01,83,"ASC3_income",0,-0.0187297797499309,1
1,1.5,0.01,83,"ASC3_child",0,0.0475781964668106,1
1,1.5,0.01,83,"prot25_male",1,0.612093205288726,1
1,1.5,0.01,83,"prot25_age",1.2,0.761393473147856,1
1,1.5,0.01,83,"prot25_income",-0.2,-0.127315259862545,1
1,1.5,0.01,83,"prot25_child",0,-8.93465840756045e-10,0
1,1.5,0.01,83,"prot50_male",0,5.71501999201035e-08,0
1,1.5,0.01,83,"prot50_age",0,-0.00223261910616942,0
1,1.5,0.01,83,"prot50_income",-0.2,-0.0785428864500457,1
1,1.5,0.01,83,"prot50_child",0,-7.28281717058833e-08,0
1,1.5,0.01,83,"invasive_male",0,-0.0799047964073235,1
1,1.5,0.01,83,"invasive_age",-0.8,-0.462565473307762,1
1,1.5,0.01,83,"invasive_income",-0.9,-0.527491433132242,1
1,1.5,0.01,83,"invasive_child",0,-1.57132138434604e-07,0
1,1.5,0.01,84,"ASC2_male",0,0.0382065733625851,1
1,1.5,0.01,84,"ASC2_age",0,-2.23004248446764e-09,0
1,1.5,0.01,84,"ASC2_income",0.4,0.253627288968586,1
1,1.5,0.01,84,"ASC2_child",-0.9,-0.71762375682878,1
1,1.5,0.01,84,"ASC3_male",-0.2,-0.039828104575495,1
1,1.5,0.01,84,"ASC3_age",0.6,0.404943193753455,1
1,1.5,0.01,84,"ASC3_income",0.4,0.266335493538472,1
1,1.5,0.01,84,"ASC3_child",-0.6,-0.502764343012344,1
1,1.5,0.01,84,"prot25_male",0,-0.0339058838277106,1
1,1.5,0.01,84,"prot25_age",0,2.10385164834684e-06,0
1,1.5,0.01,84,"prot25_income",0.2,0.15862815859949,1
1,1.5,0.01,84,"prot25_child",-0.7,-0.366641810476928,1
1,1.5,0.01,84,"prot50_male",0,7.4282265429603e-09,0
1,1.5,0.01,84,"prot50_age",0,-2.06081703186465e-07,0
1,1.5,0.01,84,"prot50_income",0,0.00411161652444541,0
1,1.5,0.01,84,"prot50_child",-0.9,-0.35385179507074,1
1,1.5,0.01,84,"invasive_male",-1.1,-0.552786722060967,1
1,1.5,0.01,84,"invasive_age",0,-0.0324916241354229,1
1,1.5,0.01,84,"invasive_income",0,-0.039060296788252,1
1,1.5,0.01,84,"invasive_child",0,0.0422087773758215,1
1,1.5,0.01,85,"ASC2_male",0.9,0.686345375047352,1
1,1.5,0.01,85,"ASC2_age",0,0.0377610356781971,1
1,1.5,0.01,85,"ASC2_income",0.4,0.235259172800754,1
1,1.5,0.01,85,"ASC2_child",0,-0.163054034457972,1
1,1.5,0.01,85,"ASC3_male",0,-0.0269893671048103,1
1,1.5,0.01,85,"ASC3_age",0.5,0.387077345363434,1
1,1.5,0.01,85,"ASC3_income",0.9,0.59933542623921,1
1,1.5,0.01,85,"ASC3_child",0.4,0.0803037967697156,1
1,1.5,0.01,85,"prot25_male",0,-0.07838621917441,1
1,1.5,0.01,85,"prot25_age",-0.3,-0.211805234168518,1
1,1.5,0.01,85,"prot25_income",0.7,0.52126763193004,1
1,1.5,0.01,85,"prot25_child",0,0.0809193830311982,1
1,1.5,0.01,85,"prot50_male",0,-0.0418799179279927,1
1,1.5,0.01,85,"prot50_age",-0.8,-0.541109693908229,1
1,1.5,0.01,85,"prot50_income",-0.7,-0.406071697370619,1
1,1.5,0.01,85,"prot50_child",0,-0.0290081125424516,1
1,1.5,0.01,85,"invasive_male",0,-0.0206273168259026,1
1,1.5,0.01,85,"invasive_age",0,0.0134726579620768,1
1,1.5,0.01,85,"invasive_income",0,0.0287302714610038,1
1,1.5,0.01,85,"invasive_child",0.6,0.292321265475803,1
1,1.5,0.01,86,"ASC2_male",0,8.93550728638228e-05,0
1,1.5,0.01,86,"ASC2_age",-0.6,-0.37697665846895,1
1,1.5,0.01,86,"ASC2_income",0.7,0.279847750625975,1
1,1.5,0.01,86,"ASC2_child",0,0.0689163061461924,1
1,1.5,0.01,86,"ASC3_male",0,-0.0447282517309863,1
1,1.5,0.01,86,"ASC3_age",0,-0.0237076573964347,1
1,1.5,0.01,86,"ASC3_income",1.2,0.641047332136413,1
1,1.5,0.01,86,"ASC3_child",0,-9.92481380230301e-09,0
1,1.5,0.01,86,"prot25_male",-0.7,-0.361423204314333,1
1,1.5,0.01,86,"prot25_age",-1,-0.735823440565484,1
1,1.5,0.01,86,"prot25_income",0,-0.00286736268832532,0
1,1.5,0.01,86,"prot25_child",0.9,0.498591711796619,1
1,1.5,0.01,86,"prot50_male",1,0.788946678908992,1
1,1.5,0.01,86,"prot50_age",0,-0.00591883308471538,0
1,1.5,0.01,86,"prot50_income",0,0.0480243367296239,1
1,1.5,0.01,86,"prot50_child",-1,-0.67157024718973,1
1,1.5,0.01,86,"invasive_male",0,0.00895567232832413,0
1,1.5,0.01,86,"invasive_age",1,0.673566721290387,1
1,1.5,0.01,86,"invasive_income",0,-7.76985403856365e-09,0
1,1.5,0.01,86,"invasive_child",0.3,0.225352946759009,1
1,1.5,0.01,87,"ASC2_male",-0.3,-0.205865842375541,1
1,1.5,0.01,87,"ASC2_age",0.1,0.00270092721848688,0
1,1.5,0.01,87,"ASC2_income",-0.2,-0.107040375741057,1
1,1.5,0.01,87,"ASC2_child",0,-0.0161335877577749,1
1,1.5,0.01,87,"ASC3_male",0,-1.31548104353051e-08,0
1,1.5,0.01,87,"ASC3_age",0,-0.0685997923426808,1
1,1.5,0.01,87,"ASC3_income",0.3,0.20570904066149,1
1,1.5,0.01,87,"ASC3_child",0.7,0.456175112984062,1
1,1.5,0.01,87,"prot25_male",0,0.0179784170844559,1
1,1.5,0.01,87,"prot25_age",0,0.0448505566635924,1
1,1.5,0.01,87,"prot25_income",0.5,0.317935321001616,1
1,1.5,0.01,87,"prot25_child",0,0.155606771208124,1
1,1.5,0.01,87,"prot50_male",0,-0.00155000586762371,0
1,1.5,0.01,87,"prot50_age",1,0.721012324649093,1
1,1.5,0.01,87,"prot50_income",1.1,0.731827916754201,1
1,1.5,0.01,87,"prot50_child",-0.7,-0.483731583594097,1
1,1.5,0.01,87,"invasive_male",0,-0.0728091198000853,1
1,1.5,0.01,87,"invasive_age",-1.1,-0.747744231384808,1
1,1.5,0.01,87,"invasive_income",0,-0.00811379427431193,0
1,1.5,0.01,87,"invasive_child",0,-9.18772471395364e-08,0
1,1.5,0.01,88,"ASC2_male",0,1.62745248151583e-09,0
1,1.5,0.01,88,"ASC2_age",0.5,0.299751692640788,1
1,1.5,0.01,88,"ASC2_income",-1,-0.757538615103358,1
1,1.5,0.01,88,"ASC2_child",0,-0.168219863549648,1
1,1.5,0.01,88,"ASC3_male",0,-4.4824145734574e-08,0
1,1.5,0.01,88,"ASC3_age",0,0.00238981542801324,0
1,1.5,0.01,88,"ASC3_income",-0.6,-0.407713155611659,1
1,1.5,0.01,88,"ASC3_child",1.1,0.628373453177002,1
1,1.5,0.01,88,"prot25_male",0.8,0.600961415439659,1
1,1.5,0.01,88,"prot25_age",0.3,0.21972472726335,1
1,1.5,0.01,88,"prot25_income",-0.5,-0.299671606286646,1
1,1.5,0.01,88,"prot25_child",-1,-0.547106738808738,1
1,1.5,0.01,88,"prot50_male",-0.2,-0.021320503714947,1
1,1.5,0.01,88,"prot50_age",0,0.0138105565890969,1
1,1.5,0.01,88,"prot50_income",-0.3,-0.19933171926172,1
1,1.5,0.01,88,"prot50_child",0,-4.49275839054792e-10,0
1,1.5,0.01,88,"invasive_male",0,0.00083082815060055,0
1,1.5,0.01,88,"invasive_age",0,-2.35563939810393e-08,0
1,1.5,0.01,88,"invasive_income",0,-1.81500769397629e-08,0
1,1.5,0.01,88,"invasive_child",0,-2.33375154250894e-09,0
1,1.5,0.01,89,"ASC2_male",0,-0.00427316557248798,0
1,1.5,0.01,89,"ASC2_age",0.3,0.124906413494311,1
1,1.5,0.01,89,"ASC2_income",0,0.0141682399141701,1
1,1.5,0.01,89,"ASC2_child",0,-2.15130514311407e-05,0
1,1.5,0.01,89,"ASC3_male",0,0.0423295331530354,1
1,1.5,0.01,89,"ASC3_age",0.8,0.432675560063685,1
1,1.5,0.01,89,"ASC3_income",0,-1.39338944958908e-08,0
1,1.5,0.01,89,"ASC3_child",1,0.546433932916013,1
1,1.5,0.01,89,"prot25_male",0.7,0.438050338900612,1
1,1.5,0.01,89,"prot25_age",0,0.0939973020814873,1
1,1.5,0.01,89,"prot25_income",0,-0.00720905840128474,0
1,1.5,0.01,89,"prot25_child",-0.2,-3.05781920615319e-09,0
1,1.5,0.01,89,"prot50_male",-0.6,-0.590787622670126,1
1,1.5,0.01,89,"prot50_age",0.2,0.208471131255514,1
1,1.5,0.01,89,"prot50_income",0.1,0.0322967376850338,1
1,1.5,0.01,89,"prot50_child",0,2.7116991309717e-09,0
1,1.5,0.01,89,"invasive_male",0,-0.0964634077096794,1
1,1.5,0.01,89,"invasive_age",0,-0.0174547449062939,1
1,1.5,0.01,89,"invasive_income",0.7,0.482557616307018,1
1,1.5,0.01,89,"invasive_child",0.6,0.33755285734967,1
1,1.5,0.01,90,"ASC2_male",0,-0.0699012549706919,1
1,1.5,0.01,90,"ASC2_age",0.5,0.313241214257057,1
1,1.5,0.01,90,"ASC2_income",0.8,0.742320220425021,1
1,1.5,0.01,90,"ASC2_child",0.3,0.0061098709759766,0
1,1.5,0.01,90,"ASC3_male",0,3.92406263814975e-08,0
1,1.5,0.01,90,"ASC3_age",0.3,0.151364888413822,1
1,1.5,0.01,90,"ASC3_income",-1.1,-0.640537496123285,1
1,1.5,0.01,90,"ASC3_child",0,-0.201131383697539,1
1,1.5,0.01,90,"prot25_male",0,0.0965829125470739,1
1,1.5,0.01,90,"prot25_age",1.2,0.856755212915255,1
1,1.5,0.01,90,"prot25_income",0.4,0.244739046443711,1
1,1.5,0.01,90,"prot25_child",0,0.147961209160206,1
1,1.5,0.01,90,"prot50_male",-0.8,-0.415391200793617,1
1,1.5,0.01,90,"prot50_age",0.4,0.304362261686573,1
1,1.5,0.01,90,"prot50_income",-0.1,-0.183302904411509,1
1,1.5,0.01,90,"prot50_child",0,0.198887470820058,1
1,1.5,0.01,90,"invasive_male",0,-0.0808426001012613,1
1,1.5,0.01,90,"invasive_age",0,-0.0246536962952293,1
1,1.5,0.01,90,"invasive_income",0,0.0500355651786059,1
1,1.5,0.01,90,"invasive_child",0,-0.0432277925727776,1
1,1.5,0.01,91,"ASC2_male",0,0.00679430461988959,0
1,1.5,0.01,91,"ASC2_age",-0.4,-0.301183195775246,1
1,1.5,0.01,91,"ASC2_income",0.3,0.236068833895195,1
1,1.5,0.01,91,"ASC2_child",-0.2,-0.317860078889262,1
1,1.5,0.01,91,"ASC3_male",0,0.0438199942022816,1
1,1.5,0.01,91,"ASC3_age",0.2,0.105401083800911,1
1,1.5,0.01,91,"ASC3_income",-0.3,-0.195587944904276,1
1,1.5,0.01,91,"ASC3_child",-0.8,-0.71208150633946,1
1,1.5,0.01,91,"prot25_male",0,-0.0237794902732867,1
1,1.5,0.01,91,"prot25_age",0,-0.0861323249371593,1
1,1.5,0.01,91,"prot25_income",0.8,0.534679330429124,1
1,1.5,0.01,91,"prot25_child",0,0.0358224680645805,1
1,1.5,0.01,91,"prot50_male",0.3,0.128375256170244,1
1,1.5,0.01,91,"prot50_age",0,-0.0578207781381729,1
1,1.5,0.01,91,"prot50_income",0,0.0675961771050926,1
1,1.5,0.01,91,"prot50_child",0,-0.142628850351469,1
1,1.5,0.01,91,"invasive_male",0,-0.0647091514127597,1
1,1.5,0.01,91,"invasive_age",-0.2,-0.230878116546997,1
1,1.5,0.01,91,"invasive_income",-0.5,-0.308467731293828,1
1,1.5,0.01,91,"invasive_child",0,-0.294177219995693,1
1,1.5,0.01,92,"ASC2_male",-0.5,-0.418500965884171,1
1,1.5,0.01,92,"ASC2_age",1,0.628255709597757,1
1,1.5,0.01,92,"ASC2_income",0,0.0204574946544812,1
1,1.5,0.01,92,"ASC2_child",0,-0.298576494398535,1
1,1.5,0.01,92,"ASC3_male",0,-0.0521113018265702,1
1,1.5,0.01,92,"ASC3_age",0,-0.0389530799248488,1
1,1.5,0.01,92,"ASC3_income",0,0.0378403571298731,1
1,1.5,0.01,92,"ASC3_child",0.3,0.052099335767286,1
1,1.5,0.01,92,"prot25_male",-1.1,-0.750452200409879,1
1,1.5,0.01,92,"prot25_age",0,0.0791400822569169,1
1,1.5,0.01,92,"prot25_income",-1.2,-0.913382110516049,1
1,1.5,0.01,92,"prot25_child",0,0.138287877400375,1
1,1.5,0.01,92,"prot50_male",-0.4,-0.205385439134207,1
1,1.5,0.01,92,"prot50_age",-0.6,-0.384780649005831,1
1,1.5,0.01,92,"prot50_income",0,-0.0286210630929251,1
1,1.5,0.01,92,"prot50_child",0.8,0.701958583543707,1
1,1.5,0.01,92,"invasive_male",0,-0.00504971419108453,0
1,1.5,0.01,92,"invasive_age",0,-0.0314817705578813,1
1,1.5,0.01,92,"invasive_income",0.7,0.500312090654529,1
1,1.5,0.01,92,"invasive_child",0.9,0.490407661178379,1
1,1.5,0.01,93,"ASC2_male",0,-0.0164632253218122,1
1,1.5,0.01,93,"ASC2_age",-0.9,-0.470143731711533,1
1,1.5,0.01,93,"ASC2_income",0,6.84312602730541e-08,0
1,1.5,0.01,93,"ASC2_child",-0.4,-0.14770784151207,1
1,1.5,0.01,93,"ASC3_male",0,-0.0768353299494689,1
1,1.5,0.01,93,"ASC3_age",-1.1,-0.626617422919435,1
1,1.5,0.01,93,"ASC3_income",0,-0.00724532915808069,0
1,1.5,0.01,93,"ASC3_child",-1,-0.51939845909401,1
1,1.5,0.01,93,"prot25_male",0,5.60671677463282e-05,0
1,1.5,0.01,93,"prot25_age",0,-0.0660813649687157,1
1,1.5,0.01,93,"prot25_income",0.4,0.21466921451543,1
1,1.5,0.01,93,"prot25_child",1.1,0.68937652709338,1
1,1.5,0.01,93,"prot50_male",0,0.0161522858194664,1
1,1.5,0.01,93,"prot50_age",0.2,0.0504432074744889,1
1,1.5,0.01,93,"prot50_income",1.2,0.761462628570329,1
1,1.5,0.01,93,"prot50_child",-1.1,-0.710257264101703,1
1,1.5,0.01,93,"invasive_male",0,-0.105462931130266,1
1,1.5,0.01,93,"invasive_age",0,0.060595031389459,1
1,1.5,0.01,93,"invasive_income",0,3.06199015980298e-07,0
1,1.5,0.01,93,"invasive_child",-0.2,-0.0949225200952046,1
1,1.5,0.01,94,"ASC2_male",-0.2,-0.000525152172910426,0
1,1.5,0.01,94,"ASC2_age",0,-0.0248047816189539,1
1,1.5,0.01,94,"ASC2_income",-0.2,-0.00795850766383122,0
1,1.5,0.01,94,"ASC2_child",0.3,0.184772272828452,1
1,1.5,0.01,94,"ASC3_male",-0.1,0.0111302662615407,1
1,1.5,0.01,94,"ASC3_age",0,0.0290464337938264,1
1,1.5,0.01,94,"ASC3_income",-1.2,-0.725687051847448,1
1,1.5,0.01,94,"ASC3_child",-0.5,-0.287632563880124,1
1,1.5,0.01,94,"prot25_male",0,-0.141715952799858,1
1,1.5,0.01,94,"prot25_age",0,0.0110660983748038,1
1,1.5,0.01,94,"prot25_income",0,-0.0848170176084811,1
1,1.5,0.01,94,"prot25_child",0,9.99643806099463e-12,0
1,1.5,0.01,94,"prot50_male",0,-0.158224217884745,1
1,1.5,0.01,94,"prot50_age",0,0.0470609429852808,1
1,1.5,0.01,94,"prot50_income",-0.6,-0.438303597621531,1
1,1.5,0.01,94,"prot50_child",0,0.0317206994621488,1
1,1.5,0.01,94,"invasive_male",0,-0.00217998624039069,0
1,1.5,0.01,94,"invasive_age",1,0.690114701444572,1
1,1.5,0.01,94,"invasive_income",0.8,0.558464361633694,1
1,1.5,0.01,94,"invasive_child",0.6,0.274235264257299,1
1,1.5,0.01,95,"ASC2_male",-0.4,-0.140955089904792,1
1,1.5,0.01,95,"ASC2_age",-0.5,-0.276182432048717,1
1,1.5,0.01,95,"ASC2_income",0,0.00987917114342094,0
1,1.5,0.01,95,"ASC2_child",-0.7,-0.242280867216722,1
1,1.5,0.01,95,"ASC3_male",-1.1,-0.585507465915946,1
1,1.5,0.01,95,"ASC3_age",0,-0.0143783375747977,1
1,1.5,0.01,95,"ASC3_income",0,-0.00568825085416067,0
1,1.5,0.01,95,"ASC3_child",0,0.128343561169168,1
1,1.5,0.01,95,"prot25_male",-0.9,-0.68542474622486,1
1,1.5,0.01,95,"prot25_age",0,-0.0571864976125976,1
1,1.5,0.01,95,"prot25_income",0,-0.050132537596558,1
1,1.5,0.01,95,"prot25_child",0.5,0.0678767155406206,1
1,1.5,0.01,95,"prot50_male",0.3,0.123671353745792,1
1,1.5,0.01,95,"prot50_age",0.7,0.388855853306521,1
1,1.5,0.01,95,"prot50_income",0,-0.0427019738658619,1
1,1.5,0.01,95,"prot50_child",0.6,0.024243684782484,1
1,1.5,0.01,95,"invasive_male",0,0.126165482175178,1
1,1.5,0.01,95,"invasive_age",0,-0.028371673330957,1
1,1.5,0.01,95,"invasive_income",0,0.0352738360953288,1
1,1.5,0.01,95,"invasive_child",0.5,0.0846199672936464,1
1,1.5,0.01,96,"ASC2_male",-0.1,-0.0381087181977569,1
1,1.5,0.01,96,"ASC2_age",0.2,0.117409602511442,1
1,1.5,0.01,96,"ASC2_income",0,0.0264621301404754,1
1,1.5,0.01,96,"ASC2_child",-0.4,-0.19971277849513,1
1,1.5,0.01,96,"ASC3_male",0,-7.29134679007292e-09,0
1,1.5,0.01,96,"ASC3_age",0,-0.0577332255143321,1
1,1.5,0.01,96,"ASC3_income",-0.6,-0.395853652129194,1
1,1.5,0.01,96,"ASC3_child",0.6,0.41078199296605,1
1,1.5,0.01,96,"prot25_male",0.3,0.0312215226464172,1
1,1.5,0.01,96,"prot25_age",0,-9.81576104807804e-09,0
1,1.5,0.01,96,"prot25_income",0,0.0571247298849653,1
1,1.5,0.01,96,"prot25_child",-0.8,-0.58832123530732,1
1,1.5,0.01,96,"prot50_male",0.3,0.187495883517096,1
1,1.5,0.01,96,"prot50_age",1.2,0.844464809832672,1
1,1.5,0.01,96,"prot50_income",0,-3.87376045008462e-07,0
1,1.5,0.01,96,"prot50_child",0,-1.06447161160433e-08,0
1,1.5,0.01,96,"invasive_male",0,-4.50943063804015e-08,0
1,1.5,0.01,96,"invasive_age",0,0.00243245165186619,0
1,1.5,0.01,96,"invasive_income",0,0.0263595372150955,1
1,1.5,0.01,96,"invasive_child",0.6,0.541379756107514,1
1,1.5,0.01,97,"ASC2_male",0.8,0.570864368198131,1
1,1.5,0.01,97,"ASC2_age",0,0.0626475826503979,1
1,1.5,0.01,97,"ASC2_income",-1.1,-0.615117498249849,1
1,1.5,0.01,97,"ASC2_child",0.9,0.694341974745879,1
1,1.5,0.01,97,"ASC3_male",0.5,0.406806778457066,1
1,1.5,0.01,97,"ASC3_age",0,0.0720947321424817,1
1,1.5,0.01,97,"ASC3_income",0,0.0818324896819367,1
1,1.5,0.01,97,"ASC3_child",0,0.0573816437720571,1
1,1.5,0.01,97,"prot25_male",-0.4,-0.311655088068598,1
1,1.5,0.01,97,"prot25_age",0,-0.0293109929389912,1
1,1.5,0.01,97,"prot25_income",0,0.0115355068090958,1
1,1.5,0.01,97,"prot25_child",0,-4.94180011832395e-09,0
1,1.5,0.01,97,"prot50_male",0.4,0.166542198524444,1
1,1.5,0.01,97,"prot50_age",1.2,0.87620593498357,1
1,1.5,0.01,97,"prot50_income",-0.4,-0.270297386120641,1
1,1.5,0.01,97,"prot50_child",0.3,0.2760578307167,1
1,1.5,0.01,97,"invasive_male",0,-0.0737684395813445,1
1,1.5,0.01,97,"invasive_age",0,0.0806736607017685,1
1,1.5,0.01,97,"invasive_income",0,0.0678891911911397,1
1,1.5,0.01,97,"invasive_child",-0.8,-0.412792803042876,1
1,1.5,0.01,98,"ASC2_male",0,-0.0205891754189469,1
1,1.5,0.01,98,"ASC2_age",0.8,0.511036529650955,1
1,1.5,0.01,98,"ASC2_income",0,-0.00369822814301696,0
1,1.5,0.01,98,"ASC2_child",0.1,-0.153366123663503,1
1,1.5,0.01,98,"ASC3_male",1.2,0.768865533508971,1
1,1.5,0.01,98,"ASC3_age",-0.7,-0.42992187272648,1
1,1.5,0.01,98,"ASC3_income",-0.6,-0.462322833133372,1
1,1.5,0.01,98,"ASC3_child",-0.2,-0.168348030478909,1
1,1.5,0.01,98,"prot25_male",0,0.0201350577232782,1
1,1.5,0.01,98,"prot25_age",0,-0.00706568004454604,0
1,1.5,0.01,98,"prot25_income",0,0.0158498780423188,1
1,1.5,0.01,98,"prot25_child",0.7,0.588543859058315,1
1,1.5,0.01,98,"prot50_male",0.5,0.425767276709484,1
1,1.5,0.01,98,"prot50_age",-0.7,-0.491195273028167,1
1,1.5,0.01,98,"prot50_income",-1.2,-0.744157983173248,1
1,1.5,0.01,98,"prot50_child",0,0.165489707342104,1
1,1.5,0.01,98,"invasive_male",0,-0.0108083422061924,1
1,1.5,0.01,98,"invasive_age",0,-0.0201835105228555,1
1,1.5,0.01,98,"invasive_income",0,0.0606459263342348,1
1,1.5,0.01,98,"invasive_child",0,-0.0379532472539853,1
1,1.5,0.01,99,"ASC2_male",0.5,0.359797291749518,1
1,1.5,0.01,99,"ASC2_age",0,1.27525779026191e-07,0
1,1.5,0.01,99,"ASC2_income",0.7,0.422861074116608,1
1,1.5,0.01,99,"ASC2_child",1.1,0.580863746854665,1
1,1.5,0.01,99,"ASC3_male",0,-0.028178701469279,1
1,1.5,0.01,99,"ASC3_age",1.2,0.815778238629707,1
1,1.5,0.01,99,"ASC3_income",0,0.0433841083310553,1
1,1.5,0.01,99,"ASC3_child",0,-0.195750239851412,1
1,1.5,0.01,99,"prot25_male",0.3,0.217292147582097,1
1,1.5,0.01,99,"prot25_age",0.9,0.544877465196082,1
1,1.5,0.01,99,"prot25_income",0,0.0223298306765044,1
1,1.5,0.01,99,"prot25_child",0,8.36851015606144e-05,0
1,1.5,0.01,99,"prot50_male",0,-0.065910452249144,1
1,1.5,0.01,99,"prot50_age",0,-0.0579730245307023,1
1,1.5,0.01,99,"prot50_income",0,-0.039803692194843,1
1,1.5,0.01,99,"prot50_child",1.1,0.708690981045424,1
1,1.5,0.01,99,"invasive_male",0,0.015266157311387,1
1,1.5,0.01,99,"invasive_age",0.1,0.0607216563611089,1
1,1.5,0.01,99,"invasive_income",1.2,0.75507657018815,1
1,1.5,0.01,99,"invasive_child",1.2,0.495652236375964,1
1,1.5,0.01,100,"ASC2_male",0,-7.33485109065185e-09,0
1,1.5,0.01,100,"ASC2_age",0,-1.42350624555763e-09,0
1,1.5,0.01,100,"ASC2_income",-1,-0.505405016407408,1
1,1.5,0.01,100,"ASC2_child",0,-4.84334923510073e-08,0
1,1.5,0.01,100,"ASC3_male",0,-3.0723726017996e-09,0
1,1.5,0.01,100,"ASC3_age",-0.4,-0.252001695759338,1
1,1.5,0.01,100,"ASC3_income",-0.7,-0.34806059001284,1
1,1.5,0.01,100,"ASC3_child",-0.8,-0.467238226361477,1
1,1.5,0.01,100,"prot25_male",1,0.524085886309842,1
1,1.5,0.01,100,"prot25_age",0,-0.000579893019587847,0
1,1.5,0.01,100,"prot25_income",0,0.000127452483485281,0
1,1.5,0.01,100,"prot25_child",0,4.28010650668096e-13,0
1,1.5,0.01,100,"prot50_male",1.1,0.604631190329483,1
1,1.5,0.01,100,"prot50_age",-0.3,-0.127194105605899,1
1,1.5,0.01,100,"prot50_income",0,-0.0426862233822147,1
1,1.5,0.01,100,"prot50_child",-0.1,-0.0136686915752091,1
1,1.5,0.01,100,"invasive_male",0,-8.30468233121737e-10,0
1,1.5,0.01,100,"invasive_age",0,0.0581328696431083,1
1,1.5,0.01,100,"invasive_income",0.9,0.649830659563363,1
1,1.5,0.01,100,"invasive_child",-0.2,-9.21155614375517e-09,0
1,1.5,0.05,1,"ASC2_male",0,-6.16880031009403e-09,0
1,1.5,0.05,1,"ASC2_age",0.6,0.384972883112788,1
1,1.5,0.05,1,"ASC2_income",0,-8.2792515492072e-08,0
1,1.5,0.05,1,"ASC2_child",0,1.44034625294859e-08,0
1,1.5,0.05,1,"ASC3_male",0,0.00642666146795862,0
1,1.5,0.05,1,"ASC3_age",-1,-0.667894852226298,1
1,1.5,0.05,1,"ASC3_income",0,1.52422889828194e-07,0
1,1.5,0.05,1,"ASC3_child",0.2,0.216948751304056,1
1,1.5,0.05,1,"prot25_male",0,0.10406829897353,1
1,1.5,0.05,1,"prot25_age",-1,-0.68791765585092,1
1,1.5,0.05,1,"prot25_income",0,-0.0340656802041695,0
1,1.5,0.05,1,"prot25_child",1.1,0.530920440168616,1
1,1.5,0.05,1,"prot50_male",-0.2,-0.0774696936281371,1
1,1.5,0.05,1,"prot50_age",0.5,0.407494050230467,1
1,1.5,0.05,1,"prot50_income",0.6,0.383921704602398,1
1,1.5,0.05,1,"prot50_child",0,-0.104616209564413,1
1,1.5,0.05,1,"invasive_male",-0.2,-0.0956830340599558,1
1,1.5,0.05,1,"invasive_age",0,0.0505824390817576,1
1,1.5,0.05,1,"invasive_income",-0.3,-0.157548442803931,1
1,1.5,0.05,1,"invasive_child",0,-9.83462932256322e-09,0
1,1.5,0.05,2,"ASC2_male",0.2,0.0374076909005033,0
1,1.5,0.05,2,"ASC2_age",0,-0.0115755185091172,0
1,1.5,0.05,2,"ASC2_income",0.2,0.135562188090362,1
1,1.5,0.05,2,"ASC2_child",0,-9.43175633383348e-10,0
1,1.5,0.05,2,"ASC3_male",-0.2,-0.127541466198513,1
1,1.5,0.05,2,"ASC3_age",0,-3.81697521049425e-10,0
1,1.5,0.05,2,"ASC3_income",0.9,0.544713607650691,1
1,1.5,0.05,2,"ASC3_child",0,-3.36285380431635e-09,0
1,1.5,0.05,2,"prot25_male",0,-5.69880997930186e-09,0
1,1.5,0.05,2,"prot25_age",-0.4,-0.203261221357165,1
1,1.5,0.05,2,"prot25_income",0,-1.22410697379967e-08,0
1,1.5,0.05,2,"prot25_child",-0.9,-0.392404464260398,1
1,1.5,0.05,2,"prot50_male",0,-7.35669827646174e-09,0
1,1.5,0.05,2,"prot50_age",-1,-0.657847162091097,1
1,1.5,0.05,2,"prot50_income",0,0.0192671249879188,0
1,1.5,0.05,2,"prot50_child",0,0.125312430771803,1
1,1.5,0.05,2,"invasive_male",0.7,0.409018735960054,1
1,1.5,0.05,2,"invasive_age",0,-0.00307880406527327,0
1,1.5,0.05,2,"invasive_income",-0.2,-0.0548542710180446,1
1,1.5,0.05,2,"invasive_child",-1,-0.483404800717574,1
1,1.5,0.05,3,"ASC2_male",0,0.0838224585854327,1
1,1.5,0.05,3,"ASC2_age",0.4,0.175406681827555,1
1,1.5,0.05,3,"ASC2_income",-0.7,-0.450352957981728,1
1,1.5,0.05,3,"ASC2_child",0,-0.0610731354145793,1
1,1.5,0.05,3,"ASC3_male",0,1.41502919358991e-08,0
1,1.5,0.05,3,"ASC3_age",0,-0.0698988456352343,1
1,1.5,0.05,3,"ASC3_income",0,0.0763395389198352,1
1,1.5,0.05,3,"ASC3_child",0,3.18193974096346e-07,0
1,1.5,0.05,3,"prot25_male",0.3,0.106850733980853,1
1,1.5,0.05,3,"prot25_age",-0.9,-0.554595735832731,1
1,1.5,0.05,3,"prot25_income",0,0.0379513103481576,0
1,1.5,0.05,3,"prot25_child",-0.3,-0.231745810348648,1
1,1.5,0.05,3,"prot50_male",0,-0.0194810661608757,0
1,1.5,0.05,3,"prot50_age",0,0.0665027612011462,1
1,1.5,0.05,3,"prot50_income",0.2,0.112497258174325,1
1,1.5,0.05,3,"prot50_child",0,2.1572987317138e-06,0
1,1.5,0.05,3,"invasive_male",-0.4,-0.25033637486509,1
1,1.5,0.05,3,"invasive_age",1,0.63131004798797,1
1,1.5,0.05,3,"invasive_income",1.1,0.811433413863731,1
1,1.5,0.05,3,"invasive_child",1,0.660002160713757,1
1,1.5,0.05,4,"ASC2_male",0,0.110336507817853,1
1,1.5,0.05,4,"ASC2_age",0.7,0.369846832531933,1
1,1.5,0.05,4,"ASC2_income",0.6,0.248953854592228,1
1,1.5,0.05,4,"ASC2_child",1,0.585382427689438,1
1,1.5,0.05,4,"ASC3_male",0,0.102733406564252,1
1,1.5,0.05,4,"ASC3_age",0,-0.0898749736418102,1
1,1.5,0.05,4,"ASC3_income",0,-0.144679912033884,1
1,1.5,0.05,4,"ASC3_child",-1.2,-0.822583883890807,1
1,1.5,0.05,4,"prot25_male",0,-0.103491897832298,1
1,1.5,0.05,4,"prot25_age",0,0.00407570044029255,0
1,1.5,0.05,4,"prot25_income",0.6,0.46002762120549,1
1,1.5,0.05,4,"prot25_child",-0.2,-0.0202880950357795,0
1,1.5,0.05,4,"prot50_male",0,-0.169553423558862,1
1,1.5,0.05,4,"prot50_age",0,0.04397912664354,0
1,1.5,0.05,4,"prot50_income",0.3,0.225874696500831,1
1,1.5,0.05,4,"prot50_child",0,0.0516589842692034,1
1,1.5,0.05,4,"invasive_male",-0.5,-0.304020339458744,1
1,1.5,0.05,4,"invasive_age",-0.2,-0.159302251652931,1
1,1.5,0.05,4,"invasive_income",-0.6,-0.44254661443415,1
1,1.5,0.05,4,"invasive_child",0,-0.080628804564492,1
1,1.5,0.05,5,"ASC2_male",0,-0.327331678111044,1
1,1.5,0.05,5,"ASC2_age",0,-0.0503827823987085,1
1,1.5,0.05,5,"ASC2_income",-0.3,-0.208055614733296,1
1,1.5,0.05,5,"ASC2_child",0,-0.0384383162315307,0
1,1.5,0.05,5,"ASC3_male",0.7,0.214490930116504,1
1,1.5,0.05,5,"ASC3_age",0,-6.43682664573076e-06,0
1,1.5,0.05,5,"ASC3_income",0,-2.22995742295376e-08,0
1,1.5,0.05,5,"ASC3_child",0.3,0.257325048392549,1
1,1.5,0.05,5,"prot25_male",0.5,0.538008138006164,1
1,1.5,0.05,5,"prot25_age",0,0.0559267526196418,1
1,1.5,0.05,5,"prot25_income",0,3.17988751843309e-08,0
1,1.5,0.05,5,"prot25_child",0.5,0.250961685957319,1
1,1.5,0.05,5,"prot50_male",0.7,0.516512121701595,1
1,1.5,0.05,5,"prot50_age",0.7,0.525973508605273,1
1,1.5,0.05,5,"prot50_income",0,0.0326619328094655,0
1,1.5,0.05,5,"prot50_child",0,-0.0542290212750498,1
1,1.5,0.05,5,"invasive_male",0.3,0.097961167736144,1
1,1.5,0.05,5,"invasive_age",0,4.36887283602019e-09,0
1,1.5,0.05,5,"invasive_income",-0.8,-0.517704767414694,1
1,1.5,0.05,5,"invasive_child",-0.2,-0.0750066740279386,1
1,1.5,0.05,6,"ASC2_male",1.2,0.688594215007998,1
1,1.5,0.05,6,"ASC2_age",0.5,0.388853012320748,1
1,1.5,0.05,6,"ASC2_income",-0.2,-0.105893015248195,1
1,1.5,0.05,6,"ASC2_child",0,0.00237912089242548,0
1,1.5,0.05,6,"ASC3_male",0,-0.00640343700002247,0
1,1.5,0.05,6,"ASC3_age",-0.5,-0.252012158674648,1
1,1.5,0.05,6,"ASC3_income",0,0.0553768276137207,1
1,1.5,0.05,6,"ASC3_child",0,-0.00132989843582225,0
1,1.5,0.05,6,"prot25_male",0.2,0.102650325692746,1
1,1.5,0.05,6,"prot25_age",0,-0.0539623507629943,1
1,1.5,0.05,6,"prot25_income",0,0.00650193118236967,0
1,1.5,0.05,6,"prot25_child",0,0.128115036566631,1
1,1.5,0.05,6,"prot50_male",1,0.668926011207469,1
1,1.5,0.05,6,"prot50_age",-0.5,-0.289159199541797,1
1,1.5,0.05,6,"prot50_income",0,-0.0939080325914912,1
1,1.5,0.05,6,"prot50_child",0,0.120207054898319,1
1,1.5,0.05,6,"invasive_male",0.5,0.262674258491166,1
1,1.5,0.05,6,"invasive_age",-0.2,-0.060409464614512,1
1,1.5,0.05,6,"invasive_income",0,-0.00268091966125795,0
1,1.5,0.05,6,"invasive_child",0.3,0.200964990132133,1
1,1.5,0.05,7,"ASC2_male",0.2,0.0644238908378165,1
1,1.5,0.05,7,"ASC2_age",0,-0.045781268564393,0
1,1.5,0.05,7,"ASC2_income",0.8,0.414827328642544,1
1,1.5,0.05,7,"ASC2_child",0,1.9624908574766e-06,0
1,1.5,0.05,7,"ASC3_male",0.9,0.553926582108394,1
1,1.5,0.05,7,"ASC3_age",-1.2,-0.793342031920012,1
1,1.5,0.05,7,"ASC3_income",0.8,0.346510725919072,1
1,1.5,0.05,7,"ASC3_child",0,-0.0437047974392768,0
1,1.5,0.05,7,"prot25_male",-0.8,-0.416521966163543,1
1,1.5,0.05,7,"prot25_age",-0.5,-0.23353738196689,1
1,1.5,0.05,7,"prot25_income",0,0.0267217399873611,0
1,1.5,0.05,7,"prot25_child",0,0.0619377988148811,1
1,1.5,0.05,7,"prot50_male",0,0.117148841488472,1
1,1.5,0.05,7,"prot50_age",-0.9,-0.570044873396749,1
1,1.5,0.05,7,"prot50_income",-0.7,-0.474545599190077,1
1,1.5,0.05,7,"prot50_child",-0.8,-0.388489395689017,1
1,1.5,0.05,7,"invasive_male",0,-0.0054393580108426,0
1,1.5,0.05,7,"invasive_age",0,-1.56575757475835e-07,0
1,1.5,0.05,7,"invasive_income",0,-0.0668357284381908,1
1,1.5,0.05,7,"invasive_child",0,-1.6727307650372e-08,0
1,1.5,0.05,8,"ASC2_male",0.5,0.236222811040051,1
1,1.5,0.05,8,"ASC2_age",0,-0.0591160886230526,1
1,1.5,0.05,8,"ASC2_income",0,0.0312577611613144,0
1,1.5,0.05,8,"ASC2_child",-0.5,-0.256126592869195,1
1,1.5,0.05,8,"ASC3_male",0,-0.0143839789836042,0
1,1.5,0.05,8,"ASC3_age",0.8,0.468098875241306,1
1,1.5,0.05,8,"ASC3_income",0,0.041951462859457,0
1,1.5,0.05,8,"ASC3_child",0.6,0.353046448880291,1
1,1.5,0.05,8,"prot25_male",0,0.017602488455466,0
1,1.5,0.05,8,"prot25_age",1.2,0.822707800361384,1
1,1.5,0.05,8,"prot25_income",0,0.0177801743059036,0
1,1.5,0.05,8,"prot25_child",1.1,0.861003401906163,1
1,1.5,0.05,8,"prot50_male",0,2.25792985907825e-07,0
1,1.5,0.05,8,"prot50_age",0,0.0312342350089017,0
1,1.5,0.05,8,"prot50_income",0,0.0173739518865316,0
1,1.5,0.05,8,"prot50_child",-1,-0.433773294830914,1
1,1.5,0.05,8,"invasive_male",0,0.0142627764572313,0
1,1.5,0.05,8,"invasive_age",-0.3,-0.217435273203234,1
1,1.5,0.05,8,"invasive_income",0.3,0.218398935776902,1
1,1.5,0.05,8,"invasive_child",-0.9,-0.443257636492527,1
1,1.5,0.05,9,"ASC2_male",0,-4.5563448592844e-08,0
1,1.5,0.05,9,"ASC2_age",0.5,0.335967111089426,1
1,1.5,0.05,9,"ASC2_income",0.5,0.309091309034598,1
1,1.5,0.05,9,"ASC2_child",0,-3.40614944629218e-08,0
1,1.5,0.05,9,"ASC3_male",0,-4.69329049922637e-08,0
1,1.5,0.05,9,"ASC3_age",0,-0.0349698772470797,0
1,1.5,0.05,9,"ASC3_income",0,0.0400739123897627,0
1,1.5,0.05,9,"ASC3_child",-0.3,-0.211514294645991,1
1,1.5,0.05,9,"prot25_male",0.7,0.482103419183616,1
1,1.5,0.05,9,"prot25_age",0.4,0.236651878221131,1
1,1.5,0.05,9,"prot25_income",0,-1.02934194085618e-08,0
1,1.5,0.05,9,"prot25_child",0.3,0.050488937501323,1
1,1.5,0.05,9,"prot50_male",-0.2,-0.030508493416036,0
1,1.5,0.05,9,"prot50_age",-1,-0.70398309592609,1
1,1.5,0.05,9,"prot50_income",0,-0.0133919728599319,0
1,1.5,0.05,9,"prot50_child",-0.8,-0.481181653116733,1
1,1.5,0.05,9,"invasive_male",0,0.0570643880751551,1
1,1.5,0.05,9,"invasive_age",1,0.561608883841681,1
1,1.5,0.05,9,"invasive_income",0,0.00115111973963022,0
1,1.5,0.05,9,"invasive_child",0,-0.0832623289398463,1
1,1.5,0.05,10,"ASC2_male",0,-0.200871392770736,1
1,1.5,0.05,10,"ASC2_age",-1,-0.66355109564478,1
1,1.5,0.05,10,"ASC2_income",0,0.000167075741553462,0
1,1.5,0.05,10,"ASC2_child",0,-9.10032293488371e-09,0
1,1.5,0.05,10,"ASC3_male",0.7,0.195275870174804,1
1,1.5,0.05,10,"ASC3_age",0,0.0052148058833449,0
1,1.5,0.05,10,"ASC3_income",0,5.8162108444305e-06,0
1,1.5,0.05,10,"ASC3_child",0,-1.68953804499451e-05,0
1,1.5,0.05,10,"prot25_male",-1,-0.498448049984286,1
1,1.5,0.05,10,"prot25_age",1.1,0.761392251539041,1
1,1.5,0.05,10,"prot25_income",-0.7,-0.435142249016516,1
1,1.5,0.05,10,"prot25_child",-0.3,-8.21675437857453e-05,0
1,1.5,0.05,10,"prot50_male",0,0.158867717958618,1
1,1.5,0.05,10,"prot50_age",0,0.00767141137997469,0
1,1.5,0.05,10,"prot50_income",0,0.0565126853657266,1
1,1.5,0.05,10,"prot50_child",0,2.37266201463116e-05,0
1,1.5,0.05,10,"invasive_male",0.2,1.88249511728076e-06,0
1,1.5,0.05,10,"invasive_age",0.6,0.396314712311357,1
1,1.5,0.05,10,"invasive_income",-0.4,-0.258183887193495,1
1,1.5,0.05,10,"invasive_child",-0.3,-0.0654836658078715,1
1,1.5,0.05,11,"ASC2_male",1.1,0.484642270699696,1
1,1.5,0.05,11,"ASC2_age",0,0.0698603823356268,1
1,1.5,0.05,11,"ASC2_income",0.1,-0.0150526655524086,0
1,1.5,0.05,11,"ASC2_child",0,0.0885379082329518,1
1,1.5,0.05,11,"ASC3_male",0.6,0.128021350379838,1
1,1.5,0.05,11,"ASC3_age",-1,-0.625784079782824,1
1,1.5,0.05,11,"ASC3_income",0.9,0.536829326300152,1
1,1.5,0.05,11,"ASC3_child",-0.8,-0.445432994063243,1
1,1.5,0.05,11,"prot25_male",-0.9,-0.509707612427924,1
1,1.5,0.05,11,"prot25_age",0,-0.0814786287982479,1
1,1.5,0.05,11,"prot25_income",0,-0.000113012580939989,0
1,1.5,0.05,11,"prot25_child",0,0.0540511171015111,1
1,1.5,0.05,11,"prot50_male",0,0.0423121458749321,0
1,1.5,0.05,11,"prot50_age",0,-0.0123669780429445,0
1,1.5,0.05,11,"prot50_income",0,0.0322258266045489,0
1,1.5,0.05,11,"prot50_child",0,-0.0778502141187397,1
1,1.5,0.05,11,"invasive_male",-0.7,-0.674290409653687,1
1,1.5,0.05,11,"invasive_age",0,0.0435271078860157,0
1,1.5,0.05,11,"invasive_income",1,0.638203944124934,1
1,1.5,0.05,11,"invasive_child",-1.2,-0.832052184473467,1
1,1.5,0.05,12,"ASC2_male",0,0.0382980161938679,0
1,1.5,0.05,12,"ASC2_age",-0.4,-0.302829487625232,1
1,1.5,0.05,12,"ASC2_income",-0.6,-0.470325742584532,1
1,1.5,0.05,12,"ASC2_child",-1.2,-0.820373062653374,1
1,1.5,0.05,12,"ASC3_male",-0.7,-0.545571787471997,1
1,1.5,0.05,12,"ASC3_age",0.4,0.269553832575037,1
1,1.5,0.05,12,"ASC3_income",0,-0.0709795739444104,1
1,1.5,0.05,12,"ASC3_child",0,-0.121949414826549,1
1,1.5,0.05,12,"prot25_male",0,0.0832185812144437,1
1,1.5,0.05,12,"prot25_age",0,-0.00237252141386381,0
1,1.5,0.05,12,"prot25_income",0,-0.0197272752685746,0
1,1.5,0.05,12,"prot25_child",1,0.896804612193483,1
1,1.5,0.05,12,"prot50_male",-0.6,-0.28545363854047,1
1,1.5,0.05,12,"prot50_age",0,0.0541652313952261,1
1,1.5,0.05,12,"prot50_income",0,-0.0205828202146238,0
1,1.5,0.05,12,"prot50_child",0,0.168502161052425,1
1,1.5,0.05,12,"invasive_male",0,0.0327578805224682,0
1,1.5,0.05,12,"invasive_age",0.6,0.445360471690767,1
1,1.5,0.05,12,"invasive_income",0.6,0.316781939349813,1
1,1.5,0.05,12,"invasive_child",-0.8,-0.539242013903556,1
1,1.5,0.05,13,"ASC2_male",-0.4,-0.224832265514864,1
1,1.5,0.05,13,"ASC2_age",0,0.0231071958609443,0
1,1.5,0.05,13,"ASC2_income",0,-0.0324928921731566,0
1,1.5,0.05,13,"ASC2_child",0,3.35554885977507e-07,0
1,1.5,0.05,13,"ASC3_male",-0.4,-0.19711304763421,1
1,1.5,0.05,13,"ASC3_age",-0.3,-0.188087431025363,1
1,1.5,0.05,13,"ASC3_income",-0.3,-0.272439073463138,1
1,1.5,0.05,13,"ASC3_child",0,0.0550862963352187,1
1,1.5,0.05,13,"prot25_male",0,1.15325055622951e-07,0
1,1.5,0.05,13,"prot25_age",-0.4,-0.286484986733704,1
1,1.5,0.05,13,"prot25_income",-1,-0.629972730823908,1
1,1.5,0.05,13,"prot25_child",0,-0.0338654555881789,0
1,1.5,0.05,13,"prot50_male",-0.6,-0.450874152298079,1
1,1.5,0.05,13,"prot50_age",0,-0.0122225298068424,0
1,1.5,0.05,13,"prot50_income",0,-0.0456570251744327,0
1,1.5,0.05,13,"prot50_child",0,0.0379446277747443,0
1,1.5,0.05,13,"invasive_male",-0.2,-0.0295879301882004,0
1,1.5,0.05,13,"invasive_age",1,0.686379896831301,1
1,1.5,0.05,13,"invasive_income",0.5,0.176934202132985,1
1,1.5,0.05,13,"invasive_child",0,0.0425641131030756,0
1,1.5,0.05,14,"ASC2_male",1.1,0.700057311071045,1
1,1.5,0.05,14,"ASC2_age",0,0.0631070246090556,1
1,1.5,0.05,14,"ASC2_income",0,-0.0630750352540698,1
1,1.5,0.05,14,"ASC2_child",0.9,0.579640870287146,1
1,1.5,0.05,14,"ASC3_male",-0.6,-0.302185187646425,1
1,1.5,0.05,14,"ASC3_age",0,-3.93344551709764e-10,0
1,1.5,0.05,14,"ASC3_income",0.9,0.528123208078444,1
1,1.5,0.05,14,"ASC3_child",0,-1.24467047744213e-08,0
1,1.5,0.05,14,"prot25_male",0,-7.11967151133778e-09,0
1,1.5,0.05,14,"prot25_age",0,-2.57352816405573e-08,0
1,1.5,0.05,14,"prot25_income",0,0.00982540858431286,0
1,1.5,0.05,14,"prot25_child",0,0.0285860301565253,0
1,1.5,0.05,14,"prot50_male",0,0.0587711492187846,1
1,1.5,0.05,14,"prot50_age",1,0.629674208255218,1
1,1.5,0.05,14,"prot50_income",0,-0.0107049517229915,0
1,1.5,0.05,14,"prot50_child",-0.9,-0.36542194135424,1
1,1.5,0.05,14,"invasive_male",0.3,0.00378075150545963,0
1,1.5,0.05,14,"invasive_age",-0.8,-0.50661058736968,1
1,1.5,0.05,14,"invasive_income",0.6,0.390656497323179,1
1,1.5,0.05,14,"invasive_child",-0.4,-0.0248097122131003,0
1,1.5,0.05,15,"ASC2_male",-0.9,-0.503606373637601,1
1,1.5,0.05,15,"ASC2_age",1.2,0.788341184316634,1
1,1.5,0.05,15,"ASC2_income",0,-0.0475299294771807,0
1,1.5,0.05,15,"ASC2_child",-0.4,-0.152063434082808,1
1,1.5,0.05,15,"ASC3_male",-0.6,-0.308629457594483,1
1,1.5,0.05,15,"ASC3_age",0,0.00537196330088875,0
1,1.5,0.05,15,"ASC3_income",0,-1.16150954532542e-07,0
1,1.5,0.05,15,"ASC3_child",0.9,0.567135582804264,1
1,1.5,0.05,15,"prot25_male",0,0.059791504573925,1
1,1.5,0.05,15,"prot25_age",0.7,0.468182526352615,1
1,1.5,0.05,15,"prot25_income",-0.3,-0.170579684056381,1
1,1.5,0.05,15,"prot25_child",0.5,0.104008909662593,1
1,1.5,0.05,15,"prot50_male",0,-5.04406185897369e-09,0
1,1.5,0.05,15,"prot50_age",-0.5,-0.324897610379576,1
1,1.5,0.05,15,"prot50_income",0,0.0474331983061586,0
1,1.5,0.05,15,"prot50_child",0.2,-8.57973783434332e-07,0
1,1.5,0.05,15,"invasive_male",0,0.0202742396387344,0
1,1.5,0.05,15,"invasive_age",0,0.0249111881203428,0
1,1.5,0.05,15,"invasive_income",0,0.000988058710199253,0
1,1.5,0.05,15,"invasive_child",0,0.124607528533877,1
1,1.5,0.05,16,"ASC2_male",0,-7.84090101157572e-07,0
1,1.5,0.05,16,"ASC2_age",-0.6,-0.41746119775515,1
1,1.5,0.05,16,"ASC2_income",0,-0.0085820532614887,0
1,1.5,0.05,16,"ASC2_child",-0.8,-0.416130071016559,1
1,1.5,0.05,16,"ASC3_male",0,1.63744109825738e-06,0
1,1.5,0.05,16,"ASC3_age",-0.8,-0.514221205997883,1
1,1.5,0.05,16,"ASC3_income",0.8,0.498518874227616,1
1,1.5,0.05,16,"ASC3_child",-0.8,-0.37336779845593,1
1,1.5,0.05,16,"prot25_male",0.7,0.322759276243608,1
1,1.5,0.05,16,"prot25_age",-1,-0.582501528192494,1
1,1.5,0.05,16,"prot25_income",0,-0.025716575081195,0
1,1.5,0.05,16,"prot25_child",0,-8.34058879305111e-10,0
1,1.5,0.05,16,"prot50_male",0.6,0.287103815152528,1
1,1.5,0.05,16,"prot50_age",-1,-0.601072410292991,1
1,1.5,0.05,16,"prot50_income",0,-0.0909656606673644,1
1,1.5,0.05,16,"prot50_child",0,0.00899573529956984,0
1,1.5,0.05,16,"invasive_male",0,-0.0201930239322627,0
1,1.5,0.05,16,"invasive_age",0.8,0.482622194261723,1
1,1.5,0.05,16,"invasive_income",0,2.39985173852895e-07,0
1,1.5,0.05,16,"invasive_child",0,0.141861373265914,1
1,1.5,0.05,17,"ASC2_male",0,-0.0475014419940802,0
1,1.5,0.05,17,"ASC2_age",-1,-0.674426164416752,1
1,1.5,0.05,17,"ASC2_income",-0.9,-0.720857110690137,1
1,1.5,0.05,17,"ASC2_child",0,-0.0107430591764682,0
1,1.5,0.05,17,"ASC3_male",0,-5.89093056247388e-08,0
1,1.5,0.05,17,"ASC3_age",-1.1,-0.680630439165167,1
1,1.5,0.05,17,"ASC3_income",0,-0.0587239310222622,1
1,1.5,0.05,17,"ASC3_child",-0.6,-0.414584977154058,1
1,1.5,0.05,17,"prot25_male",-0.9,-0.610386788931289,1
1,1.5,0.05,17,"prot25_age",0,-0.0443111861884281,0
1,1.5,0.05,17,"prot25_income",0.6,0.418315317556097,1
1,1.5,0.05,17,"prot25_child",0,-0.110568751033967,1
1,1.5,0.05,17,"prot50_male",0.2,0.201206214447824,1
1,1.5,0.05,17,"prot50_age",0.5,0.328136630802152,1
1,1.5,0.05,17,"prot50_income",0,0.0150764642919784,0
1,1.5,0.05,17,"prot50_child",0,-1.83705259748776e-08,0
1,1.5,0.05,17,"invasive_male",0.8,0.609811810263596,1
1,1.5,0.05,17,"invasive_age",0,0.0166458420272823,0
1,1.5,0.05,17,"invasive_income",-1.1,-0.825408264769734,1
1,1.5,0.05,17,"invasive_child",0,-1.73871370516011e-08,0
1,1.5,0.05,18,"ASC2_male",0.2,-0.0877563661222947,1
1,1.5,0.05,18,"ASC2_age",0.7,0.522553179941998,1
1,1.5,0.05,18,"ASC2_income",0,-0.0515070280972563,1
1,1.5,0.05,18,"ASC2_child",0.7,0.487524651862163,1
1,1.5,0.05,18,"ASC3_male",0.2,-0.0368025870003698,0
1,1.5,0.05,18,"ASC3_age",0,0.038179230381587,0
1,1.5,0.05,18,"ASC3_income",0.4,0.162429299209988,1
1,1.5,0.05,18,"ASC3_child",0,-8.02410977507863e-08,0
1,1.5,0.05,18,"prot25_male",0,0.225905273173198,1
1,1.5,0.05,18,"prot25_age",0,0.0139316887225357,0
1,1.5,0.05,18,"prot25_income",0,0.0845904455523043,1
1,1.5,0.05,18,"prot25_child",-0.5,-0.440187779449307,1
1,1.5,0.05,18,"prot50_male",-0.6,-0.228229952474238,1
1,1.5,0.05,18,"prot50_age",0,-0.0601891594535662,1
1,1.5,0.05,18,"prot50_income",1,0.804245387134616,1
1,1.5,0.05,18,"prot50_child",0,-2.97146546270061e-09,0
1,1.5,0.05,18,"invasive_male",0,-0.0506450176952811,1
1,1.5,0.05,18,"invasive_age",0,-0.0191678450624288,0
1,1.5,0.05,18,"invasive_income",-0.2,-0.0914479254133689,1
1,1.5,0.05,18,"invasive_child",0.7,0.480918682305013,1
1,1.5,0.05,19,"ASC2_male",0,2.32424161465849e-08,0
1,1.5,0.05,19,"ASC2_age",0,0.0135754726946908,0
1,1.5,0.05,19,"ASC2_income",-0.2,-0.138856862525451,1
1,1.5,0.05,19,"ASC2_child",0,0.0559289909500014,1
1,1.5,0.05,19,"ASC3_male",0,-0.00444773927221137,0
1,1.5,0.05,19,"ASC3_age",0.2,0.106450609711092,1
1,1.5,0.05,19,"ASC3_income",-0.8,-0.520400410901869,1
1,1.5,0.05,19,"ASC3_child",-1,-0.565701179178636,1
1,1.5,0.05,19,"prot25_male",0,0.0278871617773806,0
1,1.5,0.05,19,"prot25_age",0,0.0144237634652273,0
1,1.5,0.05,19,"prot25_income",0,-8.19175137423247e-05,0
1,1.5,0.05,19,"prot25_child",0.7,0.328166860127666,1
1,1.5,0.05,19,"prot50_male",-1,-0.47316316895641,1
1,1.5,0.05,19,"prot50_age",0,-6.88291551438927e-09,0
1,1.5,0.05,19,"prot50_income",0.5,0.287171674869996,1
1,1.5,0.05,19,"prot50_child",1.1,0.633510892728547,1
1,1.5,0.05,19,"invasive_male",0,-5.45326319051835e-07,0
1,1.5,0.05,19,"invasive_age",0,3.88706580976384e-07,0
1,1.5,0.05,19,"invasive_income",0.6,0.407572557112141,1
1,1.5,0.05,19,"invasive_child",-1.2,-0.682595814362517,1
1,1.5,0.05,20,"ASC2_male",0,-3.68012969577679e-09,0
1,1.5,0.05,20,"ASC2_age",0.9,0.530554458376792,1
1,1.5,0.05,20,"ASC2_income",1,0.667774940324328,1
1,1.5,0.05,20,"ASC2_child",-1,-0.285473458764044,1
1,1.5,0.05,20,"ASC3_male",0.7,0.469453294668955,1
1,1.5,0.05,20,"ASC3_age",-1.2,-0.761420090652643,1
1,1.5,0.05,20,"ASC3_income",-0.6,-0.325905368771179,1
1,1.5,0.05,20,"ASC3_child",-0.7,-0.0687946653957491,1
1,1.5,0.05,20,"prot25_male",0,-2.12599954098697e-11,0
1,1.5,0.05,20,"prot25_age",0,-8.68822956485677e-09,0
1,1.5,0.05,20,"prot25_income",0,0.0441814535670876,0
1,1.5,0.05,20,"prot25_child",0.7,0.16747901971954,1
1,1.5,0.05,20,"prot50_male",0,-1.53515855545645e-09,0
1,1.5,0.05,20,"prot50_age",0,-0.0274783272904467,0
1,1.5,0.05,20,"prot50_income",0,-1.09576217200192e-08,0
1,1.5,0.05,20,"prot50_child",0,-0.165531673027978,1
1,1.5,0.05,20,"invasive_male",0,-1.57693179628339e-08,0
1,1.5,0.05,20,"invasive_age",0.5,0.249273998841772,1
1,1.5,0.05,20,"invasive_income",0,-7.29959765446884e-09,0
1,1.5,0.05,20,"invasive_child",0.3,0.198631928295866,1
1,1.5,0.05,21,"ASC2_male",-0.5,-0.2538543800238,1
1,1.5,0.05,21,"ASC2_age",-0.6,-0.376402081997602,1
1,1.5,0.05,21,"ASC2_income",0,-0.0555971850651495,1
1,1.5,0.05,21,"ASC2_child",1.1,0.701067840895687,1
1,1.5,0.05,21,"ASC3_male",0,2.42018117281693e-10,0
1,1.5,0.05,21,"ASC3_age",0.3,0.255764328415858,1
1,1.5,0.05,21,"ASC3_income",0,-0.0114655820281041,0
1,1.5,0.05,21,"ASC3_child",0,-4.388220449745e-09,0
1,1.5,0.05,21,"prot25_male",0.5,0.413567158599865,1
1,1.5,0.05,21,"prot25_age",0,-0.0112167571755709,0
1,1.5,0.05,21,"prot25_income",-1,-0.723469158947659,1
1,1.5,0.05,21,"prot25_child",0,0.0500730894964397,1
1,1.5,0.05,21,"prot50_male",-0.5,-0.188389636346908,1
1,1.5,0.05,21,"prot50_age",0,-0.0125653716321393,0
1,1.5,0.05,21,"prot50_income",0,-0.0432357400955033,0
1,1.5,0.05,21,"prot50_child",-0.7,-0.321631487940819,1
1,1.5,0.05,21,"invasive_male",0,-9.00844716966391e-09,0
1,1.5,0.05,21,"invasive_age",1.2,0.843879652198013,1
1,1.5,0.05,21,"invasive_income",-0.2,-0.110745912283273,1
1,1.5,0.05,21,"invasive_child",0,-0.0234919941167802,0
1,1.5,0.05,22,"ASC2_male",0.7,0.460286087749619,1
1,1.5,0.05,22,"ASC2_age",-0.2,-1.19953822397344e-07,0
1,1.5,0.05,22,"ASC2_income",-0.4,-0.248345120067445,1
1,1.5,0.05,22,"ASC2_child",0,-1.02030853501569e-07,0
1,1.5,0.05,22,"ASC3_male",0,-0.0527415878958463,1
1,1.5,0.05,22,"ASC3_age",-0.7,-0.359006542107784,1
1,1.5,0.05,22,"ASC3_income",0,0.00507936932533061,0
1,1.5,0.05,22,"ASC3_child",-0.7,-0.438533289990999,1
1,1.5,0.05,22,"prot25_male",0,0.0891045433735316,1
1,1.5,0.05,22,"prot25_age",0,-0.10650474178201,1
1,1.5,0.05,22,"prot25_income",0.5,0.356619295864059,1
1,1.5,0.05,22,"prot25_child",0,-6.81084783537529e-09,0
1,1.5,0.05,22,"prot50_male",0,-6.94321944954552e-09,0
1,1.5,0.05,22,"prot50_age",1,0.5680941930803,1
1,1.5,0.05,22,"prot50_income",-0.9,-0.588962180266513,1
1,1.5,0.05,22,"prot50_child",-1.1,-0.624127504124692,1
1,1.5,0.05,22,"invasive_male",0,-0.014486334207674,0
1,1.5,0.05,22,"invasive_age",0.3,0.183616225763369,1
1,1.5,0.05,22,"invasive_income",0,-0.0323887870272364,0
1,1.5,0.05,22,"invasive_child",0,1.42463522849422e-09,0
1,1.5,0.05,23,"ASC2_male",0,-0.117288413784349,1
1,1.5,0.05,23,"ASC2_age",0.5,0.442137301208715,1
1,1.5,0.05,23,"ASC2_income",0.8,0.627866504338665,1
1,1.5,0.05,23,"ASC2_child",-0.2,1.53440676780776e-08,0
1,1.5,0.05,23,"ASC3_male",0.6,0.295657657907372,1
1,1.5,0.05,23,"ASC3_age",-0.3,-0.10876935586532,1
1,1.5,0.05,23,"ASC3_income",0,0.094436649904744,1
1,1.5,0.05,23,"ASC3_child",0,0.019987381966473,0
1,1.5,0.05,23,"prot25_male",0.8,0.522815627862606,1
1,1.5,0.05,23,"prot25_age",0.4,0.297743637802045,1
1,1.5,0.05,23,"prot25_income",0.5,0.314571508670357,1
1,1.5,0.05,23,"prot25_child",0,-5.48347646216256e-08,0
1,1.5,0.05,23,"prot50_male",0,0.0336473146368664,0
1,1.5,0.05,23,"prot50_age",0,-8.69012774801483e-09,0
1,1.5,0.05,23,"prot50_income",0,-9.59705587411382e-08,0
1,1.5,0.05,23,"prot50_child",0.5,0.253917410761451,1
1,1.5,0.05,23,"invasive_male",-0.5,-0.0957331238976382,1
1,1.5,0.05,23,"invasive_age",0,0.0245167055792488,0
1,1.5,0.05,23,"invasive_income",0,-1.00893206676178e-08,0
1,1.5,0.05,23,"invasive_child",0,-0.0553319780533525,1
1,1.5,0.05,24,"ASC2_male",-0.3,-0.0656145803356391,1
1,1.5,0.05,24,"ASC2_age",-0.3,-0.21809497729673,1
1,1.5,0.05,24,"ASC2_income",0,-0.112091601259952,1
1,1.5,0.05,24,"ASC2_child",0,-3.65979792128822e-09,0
1,1.5,0.05,24,"ASC3_male",0,0.240055980276027,1
1,1.5,0.05,24,"ASC3_age",1.2,0.81428469062955,1
1,1.5,0.05,24,"ASC3_income",0,-0.095683532250697,1
1,1.5,0.05,24,"ASC3_child",0,-0.00862126524018006,0
1,1.5,0.05,24,"prot25_male",0.4,0.0354127575113829,0
1,1.5,0.05,24,"prot25_age",0,-0.0112229021629001,0
1,1.5,0.05,24,"prot25_income",0.8,0.59344462478482,1
1,1.5,0.05,24,"prot25_child",1,0.670613956909584,1
1,1.5,0.05,24,"prot50_male",0,-0.132701318475123,1
1,1.5,0.05,24,"prot50_age",-0.8,-0.517897010851175,1
1,1.5,0.05,24,"prot50_income",1.1,0.789711680012574,1
1,1.5,0.05,24,"prot50_child",0,-0.0114588284551922,0
1,1.5,0.05,24,"invasive_male",0,-0.0723670871627374,1
1,1.5,0.05,24,"invasive_age",1.1,0.758509363580507,1
1,1.5,0.05,24,"invasive_income",0,-0.00900160223808531,0
1,1.5,0.05,24,"invasive_child",1.2,0.80387743368096,1
1,1.5,0.05,25,"ASC2_male",1.2,0.752002269143109,1
1,1.5,0.05,25,"ASC2_age",0,0.0995272947439568,1
1,1.5,0.05,25,"ASC2_income",0,0.0146876533366521,0
1,1.5,0.05,25,"ASC2_child",0,-0.00517705369958368,0
1,1.5,0.05,25,"ASC3_male",-1,-0.682831062009363,1
1,1.5,0.05,25,"ASC3_age",-0.2,-0.0568989935088664,1
1,1.5,0.05,25,"ASC3_income",0,2.00472492124374e-09,0
1,1.5,0.05,25,"ASC3_child",-1.1,-0.686557101817098,1
1,1.5,0.05,25,"prot25_male",1.1,0.670301541762617,1
1,1.5,0.05,25,"prot25_age",-0.6,-0.442729485952105,1
1,1.5,0.05,25,"prot25_income",0,0.0491259845584568,0
1,1.5,0.05,25,"prot25_child",1,0.680735955146411,1
1,1.5,0.05,25,"prot50_male",0,-0.0560815835095059,1
1,1.5,0.05,25,"prot50_age",0,-0.0808242122656286,1
1,1.5,0.05,25,"prot50_income",0,0.0408208349664001,0
1,1.5,0.05,25,"prot50_child",0,-0.0618862946309754,1
1,1.5,0.05,25,"invasive_male",0,1.7675053442574e-08,0
1,1.5,0.05,25,"invasive_age",1.1,0.733602208833031,1
1,1.5,0.05,25,"invasive_income",-1.2,-0.808137494335276,1
1,1.5,0.05,25,"invasive_child",1.2,0.757041828291742,1
1,1.5,0.05,26,"ASC2_male",0,-0.196026156048449,1
1,1.5,0.05,26,"ASC2_age",-0.9,-0.54407725506096,1
1,1.5,0.05,26,"ASC2_income",-1.2,-0.684458392428878,1
1,1.5,0.05,26,"ASC2_child",-0.4,-0.172369286833485,1
1,1.5,0.05,26,"ASC3_male",0.8,0.316114852882886,1
1,1.5,0.05,26,"ASC3_age",0,0.0602117326384678,1
1,1.5,0.05,26,"ASC3_income",-0.5,-0.30167844568874,1
1,1.5,0.05,26,"ASC3_child",0.1,0.0760200209706093,1
1,1.5,0.05,26,"prot25_male",-0.9,-0.375558670312636,1
1,1.5,0.05,26,"prot25_age",0,-0.00430066160155349,0
1,1.5,0.05,26,"prot25_income",0,-0.12976664720344,1
1,1.5,0.05,26,"prot25_child",0,-1.83782056831373e-09,0
1,1.5,0.05,26,"prot50_male",0,0.157915377482037,1
1,1.5,0.05,26,"prot50_age",0,-0.0530448601200708,1
1,1.5,0.05,26,"prot50_income",0.1,0.0346404737204158,0
1,1.5,0.05,26,"prot50_child",0,-5.69551811914666e-07,0
1,1.5,0.05,26,"invasive_male",0,-3.18348573386435e-08,0
1,1.5,0.05,26,"invasive_age",0.9,0.49908437399378,1
1,1.5,0.05,26,"invasive_income",-0.7,-0.45190411654527,1
1,1.5,0.05,26,"invasive_child",0,-7.91793961234204e-09,0
1,1.5,0.05,27,"ASC2_male",-1.2,-0.804926828295831,1
1,1.5,0.05,27,"ASC2_age",-0.5,-0.242682384045832,1
1,1.5,0.05,27,"ASC2_income",0,0.095253824003082,1
1,1.5,0.05,27,"ASC2_child",0,-2.07124586004427e-08,0
1,1.5,0.05,27,"ASC3_male",0,1.08804433434105e-06,0
1,1.5,0.05,27,"ASC3_age",0,0.0367249052752944,0
1,1.5,0.05,27,"ASC3_income",0,0.0383366702381911,0
1,1.5,0.05,27,"ASC3_child",0.8,0.459621217337778,1
1,1.5,0.05,27,"prot25_male",-0.8,-0.424084058692361,1
1,1.5,0.05,27,"prot25_age",0.9,0.553133778273992,1
1,1.5,0.05,27,"prot25_income",0,6.68265313412128e-07,0
1,1.5,0.05,27,"prot25_child",0.6,0.572435687861419,1
1,1.5,0.05,27,"prot50_male",0,0.183559197987461,1
1,1.5,0.05,27,"prot50_age",0,0.0206464676592761,0
1,1.5,0.05,27,"prot50_income",0,-0.00813947314658912,0
1,1.5,0.05,27,"prot50_child",0.4,0.320986663640777,1
1,1.5,0.05,27,"invasive_male",-0.2,-0.0275257756174779,0
1,1.5,0.05,27,"invasive_age",-0.2,-0.0676187965549715,1
1,1.5,0.05,27,"invasive_income",1,0.78730467883642,1
1,1.5,0.05,27,"invasive_child",0,-1.82451316732931e-08,0
1,1.5,0.05,28,"ASC2_male",-0.6,-0.178792479239908,1
1,1.5,0.05,28,"ASC2_age",0,0.0134309052953031,0
1,1.5,0.05,28,"ASC2_income",0,0.10612113072047,1
1,1.5,0.05,28,"ASC2_child",0,0.10322145440181,1
1,1.5,0.05,28,"ASC3_male",-0.9,-0.43026724741689,1
1,1.5,0.05,28,"ASC3_age",-0.8,-0.498467334332103,1
1,1.5,0.05,28,"ASC3_income",0,0.102315763761966,1
1,1.5,0.05,28,"ASC3_child",-0.7,-0.311931875279517,1
1,1.5,0.05,28,"prot25_male",0,-0.0962662710477899,1
1,1.5,0.05,28,"prot25_age",1.1,0.744631586409577,1
1,1.5,0.05,28,"prot25_income",1.2,0.807100227244655,1
1,1.5,0.05,28,"prot25_child",0,6.03735759388726e-07,0
1,1.5,0.05,28,"prot50_male",-0.2,-0.200493885594089,1
1,1.5,0.05,28,"prot50_age",0.8,0.47930898641823,1
1,1.5,0.05,28,"prot50_income",-0.2,-0.147737639862284,1
1,1.5,0.05,28,"prot50_child",0,8.49250717989633e-08,0
1,1.5,0.05,28,"invasive_male",0,8.78538986827469e-07,0
1,1.5,0.05,28,"invasive_age",0,0.0137693074871022,0
1,1.5,0.05,28,"invasive_income",0.3,0.245100756712854,1
1,1.5,0.05,28,"invasive_child",0,0.17086692830477,1
1,1.5,0.05,29,"ASC2_male",0,3.20832498233967e-07,0
1,1.5,0.05,29,"ASC2_age",0,0.128098497406382,1
1,1.5,0.05,29,"ASC2_income",-0.1,-0.0301966591305105,0
1,1.5,0.05,29,"ASC2_child",0,-3.62158112413693e-08,0
1,1.5,0.05,29,"ASC3_male",0,-0.00682221529234777,0
1,1.5,0.05,29,"ASC3_age",0.9,0.658323972541778,1
1,1.5,0.05,29,"ASC3_income",0,7.05762509869225e-08,0
1,1.5,0.05,29,"ASC3_child",-0.2,-0.253399017402772,1
1,1.5,0.05,29,"prot25_male",0,-2.55593048649235e-07,0
1,1.5,0.05,29,"prot25_age",0,-0.141118645894702,1
1,1.5,0.05,29,"prot25_income",0.8,0.557420815424695,1
1,1.5,0.05,29,"prot25_child",-0.4,-0.346210249328622,1
1,1.5,0.05,29,"prot50_male",0.4,0.354472439153525,1
1,1.5,0.05,29,"prot50_age",0.5,0.247810983254889,1
1,1.5,0.05,29,"prot50_income",0,-7.86387545984833e-07,0
1,1.5,0.05,29,"prot50_child",0.7,0.457227696727852,1
1,1.5,0.05,29,"invasive_male",0,2.15992394611221e-07,0
1,1.5,0.05,29,"invasive_age",-0.3,-0.124453516541876,1
1,1.5,0.05,29,"invasive_income",0,-0.0106723491330729,0
1,1.5,0.05,29,"invasive_child",1,0.629527074846927,1
1,1.5,0.05,30,"ASC2_male",0,-0.000858464516894027,0
1,1.5,0.05,30,"ASC2_age",0,-0.00273354414660382,0
1,1.5,0.05,30,"ASC2_income",0,-2.54785919894966e-07,0
1,1.5,0.05,30,"ASC2_child",0.6,0.28620025558386,1
1,1.5,0.05,30,"ASC3_male",0.4,0.141524441768521,1
1,1.5,0.05,30,"ASC3_age",0,-0.0296126894159329,0
1,1.5,0.05,30,"ASC3_income",0.2,0.108175797529667,1
1,1.5,0.05,30,"ASC3_child",0.2,-9.92104373174869e-10,0
1,1.5,0.05,30,"prot25_male",0,0.080775389184175,1
1,1.5,0.05,30,"prot25_age",-0.7,-0.393302760343635,1
1,1.5,0.05,30,"prot25_income",0.4,0.190488494284314,1
1,1.5,0.05,30,"prot25_child",0.8,0.644878519543101,1
1,1.5,0.05,30,"prot50_male",-0.7,-0.361666240232585,1
1,1.5,0.05,30,"prot50_age",0,0.0319621536707566,0
1,1.5,0.05,30,"prot50_income",0,-2.01481093978894e-07,0
1,1.5,0.05,30,"prot50_child",0,0.0327965968273864,0
1,1.5,0.05,30,"invasive_male",1.1,0.568438843322991,1
1,1.5,0.05,30,"invasive_age",0,0.0393456626533506,0
1,1.5,0.05,30,"invasive_income",0.4,0.223887529533988,1
1,1.5,0.05,30,"invasive_child",0,-0.0159757278344276,0
1,1.5,0.05,31,"ASC2_male",1.2,0.784612641708003,1
1,1.5,0.05,31,"ASC2_age",0,-0.0345205944270967,0
1,1.5,0.05,31,"ASC2_income",-0.3,-0.324055263317845,1
1,1.5,0.05,31,"ASC2_child",0,-0.130523343188342,1
1,1.5,0.05,31,"ASC3_male",0,2.03012685318609e-08,0
1,1.5,0.05,31,"ASC3_age",0,-0.0158000306368983,0
1,1.5,0.05,31,"ASC3_income",0,-0.136699613212216,1
1,1.5,0.05,31,"ASC3_child",0,-0.0823078653734784,1
1,1.5,0.05,31,"prot25_male",-0.8,-0.386938108227511,1
1,1.5,0.05,31,"prot25_age",-0.2,-0.0941052111329571,1
1,1.5,0.05,31,"prot25_income",0,0.0663885129850096,1
1,1.5,0.05,31,"prot25_child",0,0.0172194627773311,0
1,1.5,0.05,31,"prot50_male",-0.9,-0.472065479870262,1
1,1.5,0.05,31,"prot50_age",-0.9,-0.556407002905841,1
1,1.5,0.05,31,"prot50_income",-0.2,-0.0550412539166755,1
1,1.5,0.05,31,"prot50_child",-0.5,-0.148745502204302,1
1,1.5,0.05,31,"invasive_male",-1,-0.562763830993161,1
1,1.5,0.05,31,"invasive_age",0,0.0473946491544432,0
1,1.5,0.05,31,"invasive_income",0,-4.4073903044486e-08,0
1,1.5,0.05,31,"invasive_child",-0.7,-0.391400923668923,1
1,1.5,0.05,32,"ASC2_male",0.2,0.00153495926075166,0
1,1.5,0.05,32,"ASC2_age",0.7,0.425566313807319,1
1,1.5,0.05,32,"ASC2_income",-1,-0.645107519069927,1
1,1.5,0.05,32,"ASC2_child",0.4,0.297984661996296,1
1,1.5,0.05,32,"ASC3_male",0,-0.194742550890588,1
1,1.5,0.05,32,"ASC3_age",0.3,0.177007507164878,1
1,1.5,0.05,32,"ASC3_income",0,-0.00864179950946089,0
1,1.5,0.05,32,"ASC3_child",0.5,0.398402808190918,1
1,1.5,0.05,32,"prot25_male",0,0.00135529864841106,0
1,1.5,0.05,32,"prot25_age",-0.6,-0.383244421517981,1
1,1.5,0.05,32,"prot25_income",0,-0.020488585217451,0
1,1.5,0.05,32,"prot25_child",0,-0.0251790047754515,0
1,1.5,0.05,32,"prot50_male",0.7,0.551501999299607,1
1,1.5,0.05,32,"prot50_age",0.3,0.280639075574716,1
1,1.5,0.05,32,"prot50_income",0,-0.051478273370924,1
1,1.5,0.05,32,"prot50_child",-0.6,-0.611683362463034,1
1,1.5,0.05,32,"invasive_male",0,-0.147940696430054,1
1,1.5,0.05,32,"invasive_age",0,0.0231973732258989,0
1,1.5,0.05,32,"invasive_income",0,0.0209169572740295,0
1,1.5,0.05,32,"invasive_child",0,-0.0608136418377334,1
1,1.5,0.05,33,"ASC2_male",0,3.40516379474818e-07,0
1,1.5,0.05,33,"ASC2_age",-0.3,-0.264612994420951,1
1,1.5,0.05,33,"ASC2_income",0,0.0141354453601674,0
1,1.5,0.05,33,"ASC2_child",0,-0.115715570647386,1
1,1.5,0.05,33,"ASC3_male",0,0.06120899448907,1
1,1.5,0.05,33,"ASC3_age",1.1,0.759524815375709,1
1,1.5,0.05,33,"ASC3_income",0,0.0182775907617975,0
1,1.5,0.05,33,"ASC3_child",0,0.00336948041633132,0
1,1.5,0.05,33,"prot25_male",0.9,0.56784759321921,1
1,1.5,0.05,33,"prot25_age",-0.8,-0.449166381540356,1
1,1.5,0.05,33,"prot25_income",1.1,0.820031916015434,1
1,1.5,0.05,33,"prot25_child",0,0.0994782178571743,1
1,1.5,0.05,33,"prot50_male",-1.2,-0.88206443131073,1
1,1.5,0.05,33,"prot50_age",0.3,0.24881098944841,1
1,1.5,0.05,33,"prot50_income",0,-1.55049837868361e-09,0
1,1.5,0.05,33,"prot50_child",0.8,0.663271304544364,1
1,1.5,0.05,33,"invasive_male",0,-0.18215974900252,1
1,1.5,0.05,33,"invasive_age",-1.2,-0.812717774948233,1
1,1.5,0.05,33,"invasive_income",0.6,0.406958179528415,1
1,1.5,0.05,33,"invasive_child",0,0.149030173706593,1
1,1.5,0.05,34,"ASC2_male",0,0.0216730891634866,0
1,1.5,0.05,34,"ASC2_age",-0.5,-0.242700927619151,1
1,1.5,0.05,34,"ASC2_income",0,-0.0253882879818387,0
1,1.5,0.05,34,"ASC2_child",1,0.641087898774815,1
1,1.5,0.05,34,"ASC3_male",0,7.21610074724211e-07,0
1,1.5,0.05,34,"ASC3_age",-0.3,-0.147728254514959,1
1,1.5,0.05,34,"ASC3_income",-0.7,-0.405284555527034,1
1,1.5,0.05,34,"ASC3_child",-1,-0.590002292705873,1
1,1.5,0.05,34,"prot25_male",0,0.0211882819886508,0
1,1.5,0.05,34,"prot25_age",0,-8.28619020099899e-05,0
1,1.5,0.05,34,"prot25_income",0,-0.0193146242094776,0
1,1.5,0.05,34,"prot25_child",0,-1.08939181058055e-09,0
1,1.5,0.05,34,"prot50_male",0,-1.68779309324176e-06,0
1,1.5,0.05,34,"prot50_age",-0.8,-0.497045072911267,1
1,1.5,0.05,34,"prot50_income",-0.1,-0.0803716356940312,1
1,1.5,0.05,34,"prot50_child",0,-2.34089485655326e-07,0
1,1.5,0.05,34,"invasive_male",-0.9,-0.646918960475708,1
1,1.5,0.05,34,"invasive_age",-0.9,-0.5464045566791,1
1,1.5,0.05,34,"invasive_income",-0.9,-0.559612100493451,1
1,1.5,0.05,34,"invasive_child",0,-8.32008052551233e-09,0
1,1.5,0.05,35,"ASC2_male",0,-3.65254812388526e-06,0
1,1.5,0.05,35,"ASC2_age",0,-0.0659475004056131,1
1,1.5,0.05,35,"ASC2_income",-0.2,-0.0634781828187762,1
1,1.5,0.05,35,"ASC2_child",0,-0.0271327776287104,0
1,1.5,0.05,35,"ASC3_male",0,0.00452558886288968,0
1,1.5,0.05,35,"ASC3_age",0,-0.0512973475112121,1
1,1.5,0.05,35,"ASC3_income",0,0.0638837120134515,1
1,1.5,0.05,35,"ASC3_child",0,-3.39680445015615e-09,0
1,1.5,0.05,35,"prot25_male",0,2.71815257613767e-07,0
1,1.5,0.05,35,"prot25_age",1.2,0.77682473795592,1
1,1.5,0.05,35,"prot25_income",-0.2,-0.194481578873899,1
1,1.5,0.05,35,"prot25_child",0.8,0.544422786363569,1
1,1.5,0.05,35,"prot50_male",-0.9,-0.586949804015797,1
1,1.5,0.05,35,"prot50_age",-0.2,-0.0937445153560977,1
1,1.5,0.05,35,"prot50_income",0,-0.0197874378137515,0
1,1.5,0.05,35,"prot50_child",0,0.106145563876414,1
1,1.5,0.05,35,"invasive_male",0.3,0.143022903559474,1
1,1.5,0.05,35,"invasive_age",0.3,0.193762581534024,1
1,1.5,0.05,35,"invasive_income",-0.4,-0.316521607127625,1
1,1.5,0.05,35,"invasive_child",-0.5,-0.27209281156401,1
1,1.5,0.05,36,"ASC2_male",-0.7,-0.426832237567892,1
1,1.5,0.05,36,"ASC2_age",0,0.0417803845112865,0
1,1.5,0.05,36,"ASC2_income",0.1,8.70632066117787e-07,0
1,1.5,0.05,36,"ASC2_child",0,0.0380877488596615,0
1,1.5,0.05,36,"ASC3_male",0,6.37472497110328e-10,0
1,1.5,0.05,36,"ASC3_age",0.6,0.456904896447269,1
1,1.5,0.05,36,"ASC3_income",1.1,0.714851022281165,1
1,1.5,0.05,36,"ASC3_child",0,-0.0290198042961715,0
1,1.5,0.05,36,"prot25_male",0,-7.14587237830438e-09,0
1,1.5,0.05,36,"prot25_age",0,-0.0225508559609168,0
1,1.5,0.05,36,"prot25_income",0.2,0.178293208008503,1
1,1.5,0.05,36,"prot25_child",0,0.011513810942084,0
1,1.5,0.05,36,"prot50_male",0,-0.0791703098276075,1
1,1.5,0.05,36,"prot50_age",0.9,0.589898771353053,1
1,1.5,0.05,36,"prot50_income",-0.8,-0.522563591377018,1
1,1.5,0.05,36,"prot50_child",0,2.52576625974699e-08,0
1,1.5,0.05,36,"invasive_male",-1,-0.692956752023119,1
1,1.5,0.05,36,"invasive_age",0.8,0.581720788471117,1
1,1.5,0.05,36,"invasive_income",0,0.0297903380688973,0
1,1.5,0.05,36,"invasive_child",-0.8,-0.450562273165645,1
1,1.5,0.05,37,"ASC2_male",0,-0.197606894839195,1
1,1.5,0.05,37,"ASC2_age",0,0.0045597261098231,0
1,1.5,0.05,37,"ASC2_income",0,-0.123656702770936,1
1,1.5,0.05,37,"ASC2_child",0,0.0102862408948145,0
1,1.5,0.05,37,"ASC3_male",0,-0.104569137071155,1
1,1.5,0.05,37,"ASC3_age",0,-5.24016949566083e-11,0
1,1.5,0.05,37,"ASC3_income",0.6,0.293207582308186,1
1,1.5,0.05,37,"ASC3_child",0,-1.17971677978438e-05,0
1,1.5,0.05,37,"prot25_male",-0.8,-0.456370084985471,1
1,1.5,0.05,37,"prot25_age",0.9,0.571539581371347,1
1,1.5,0.05,37,"prot25_income",-0.7,-0.365203732564682,1
1,1.5,0.05,37,"prot25_child",0.1,0.146567059950527,1
1,1.5,0.05,37,"prot50_male",0,-4.71586703634637e-08,0
1,1.5,0.05,37,"prot50_age",1,0.717918335719128,1
1,1.5,0.05,37,"prot50_income",0,0.123436335377403,1
1,1.5,0.05,37,"prot50_child",-0.9,-0.575959100205112,1
1,1.5,0.05,37,"invasive_male",0.6,0.170759384942601,1
1,1.5,0.05,37,"invasive_age",-0.3,-0.132527193256324,1
1,1.5,0.05,37,"invasive_income",1.1,0.736939315367149,1
1,1.5,0.05,37,"invasive_child",0,-0.0208862783908834,0
1,1.5,0.05,38,"ASC2_male",0.8,0.448739721431337,1
1,1.5,0.05,38,"ASC2_age",0,-0.0452118367629152,0
1,1.5,0.05,38,"ASC2_income",0.8,0.551119858023594,1
1,1.5,0.05,38,"ASC2_child",0.4,0.0204977806873573,0
1,1.5,0.05,38,"ASC3_male",0,-0.0840534749602939,1
1,1.5,0.05,38,"ASC3_age",0,6.48330540847869e-05,0
1,1.5,0.05,38,"ASC3_income",0,-1.21584289203195e-08,0
1,1.5,0.05,38,"ASC3_child",0.2,-5.68180479015319e-09,0
1,1.5,0.05,38,"prot25_male",0,0.0506114251513509,1
1,1.5,0.05,38,"prot25_age",0,0.0128085624343933,0
1,1.5,0.05,38,"prot25_income",0,-7.83474377822567e-08,0
1,1.5,0.05,38,"prot25_child",0,-1.72057009365921e-09,0
1,1.5,0.05,38,"prot50_male",0,8.34227944723864e-08,0
1,1.5,0.05,38,"prot50_age",0.3,0.265024645156122,1
1,1.5,0.05,38,"prot50_income",0.9,0.658873255418605,1
1,1.5,0.05,38,"prot50_child",0,0.0739271428620813,1
1,1.5,0.05,38,"invasive_male",-0.5,-0.346554478384954,1
1,1.5,0.05,38,"invasive_age",0.9,0.736944915584727,1
1,1.5,0.05,38,"invasive_income",1,0.715391166785704,1
1,1.5,0.05,38,"invasive_child",-0.2,-0.326842759926632,1
1,1.5,0.05,39,"ASC2_male",0.9,0.494444044541058,1
1,1.5,0.05,39,"ASC2_age",1.1,0.764127602295717,1
1,1.5,0.05,39,"ASC2_income",0,-2.52455782268667e-08,0
1,1.5,0.05,39,"ASC2_child",0.7,0.493000961788829,1
1,1.5,0.05,39,"ASC3_male",0,-9.15299906514181e-09,0
1,1.5,0.05,39,"ASC3_age",-0.1,-0.0099948184450012,0
1,1.5,0.05,39,"ASC3_income",0,-0.00937292233464885,0
1,1.5,0.05,39,"ASC3_child",-1.1,-0.651684659158615,1
1,1.5,0.05,39,"prot25_male",0,0.0476378226477719,0
1,1.5,0.05,39,"prot25_age",0,-0.0353750219261457,0
1,1.5,0.05,39,"prot25_income",0.9,0.512674390783559,1
1,1.5,0.05,39,"prot25_child",0,-6.70769635161852e-09,0
1,1.5,0.05,39,"prot50_male",0,-7.49723655807771e-10,0
1,1.5,0.05,39,"prot50_age",0.9,0.5314282423701,1
1,1.5,0.05,39,"prot50_income",-0.8,-0.401761889244137,1
1,1.5,0.05,39,"prot50_child",0,-9.65552258867243e-09,0
1,1.5,0.05,39,"invasive_male",0.1,-1.98027067598045e-08,0
1,1.5,0.05,39,"invasive_age",0,3.48890496595676e-07,0
1,1.5,0.05,39,"invasive_income",0.7,0.413713580465622,1
1,1.5,0.05,39,"invasive_child",0,-6.68574690464006e-09,0
1,1.5,0.05,40,"ASC2_male",0,-0.00205737856367314,0
1,1.5,0.05,40,"ASC2_age",0,-6.87303341177919e-09,0
1,1.5,0.05,40,"ASC2_income",-1,-0.787683343814664,1
1,1.5,0.05,40,"ASC2_child",-0.4,-0.372743911613051,1
1,1.5,0.05,40,"ASC3_male",1.2,0.781603749388148,1
1,1.5,0.05,40,"ASC3_age",0,-0.0450923460069103,0
1,1.5,0.05,40,"ASC3_income",0,-0.00585465268696052,0
1,1.5,0.05,40,"ASC3_child",0,-2.2082393178612e-08,0
1,1.5,0.05,40,"prot25_male",-0.1,-0.0468494896343836,0
1,1.5,0.05,40,"prot25_age",0,-0.00441231375060628,0
1,1.5,0.05,40,"prot25_income",-0.3,-0.16491136136612,1
1,1.5,0.05,40,"prot25_child",-0.5,-0.268237611998735,1
1,1.5,0.05,40,"prot50_male",-1.2,-0.813853547051755,1
1,1.5,0.05,40,"prot50_age",0,-0.0118364680035886,0
1,1.5,0.05,40,"prot50_income",0,-1.60899886128745e-08,0
1,1.5,0.05,40,"prot50_child",1.1,0.829260644441716,1
1,1.5,0.05,40,"invasive_male",-0.8,-0.532051510710426,1
1,1.5,0.05,40,"invasive_age",0.5,0.331597713434981,1
1,1.5,0.05,40,"invasive_income",0,-0.0437629056690218,0
1,1.5,0.05,40,"invasive_child",0,0.0162364651099994,0
1,1.5,0.05,41,"ASC2_male",0.1,-0.0891353838035441,1
1,1.5,0.05,41,"ASC2_age",0,0.0219285960981126,0
1,1.5,0.05,41,"ASC2_income",-1,-0.68273089497384,1
1,1.5,0.05,41,"ASC2_child",-0.6,-0.302306825520359,1
1,1.5,0.05,41,"ASC3_male",0.8,0.245881592710848,1
1,1.5,0.05,41,"ASC3_age",-0.6,-0.353629202120941,1
1,1.5,0.05,41,"ASC3_income",-0.6,-0.367603586483812,1
1,1.5,0.05,41,"ASC3_child",-1,-0.555666702808298,1
1,1.5,0.05,41,"prot25_male",0,0.0784844390645435,1
1,1.5,0.05,41,"prot25_age",-1,-0.623121218761272,1
1,1.5,0.05,41,"prot25_income",0,-0.0153710107145051,0
1,1.5,0.05,41,"prot25_child",0,-0.0827876306378975,1
1,1.5,0.05,41,"prot50_male",0,0.173976849603357,1
1,1.5,0.05,41,"prot50_age",0,0.0536609687613899,1
1,1.5,0.05,41,"prot50_income",0,0.00776018184314045,0
1,1.5,0.05,41,"prot50_child",0,-0.112432321862497,1
1,1.5,0.05,41,"invasive_male",-0.7,-0.449107928844667,1
1,1.5,0.05,41,"invasive_age",-0.5,-0.362657674157369,1
1,1.5,0.05,41,"invasive_income",0,0.008212451931253,0
1,1.5,0.05,41,"invasive_child",0,-0.0098328752244368,0
1,1.5,0.05,42,"ASC2_male",-0.1,-0.103135720284159,1
1,1.5,0.05,42,"ASC2_age",1,0.748157929986893,1
1,1.5,0.05,42,"ASC2_income",0,0.103852684184571,1
1,1.5,0.05,42,"ASC2_child",0.4,0.224572333795317,1
1,1.5,0.05,42,"ASC3_male",-0.7,-0.404067119132128,1
1,1.5,0.05,42,"ASC3_age",0,0.0444834386152912,0
1,1.5,0.05,42,"ASC3_income",0,0.055495581105189,1
1,1.5,0.05,42,"ASC3_child",0,-0.078744269368819,1
1,1.5,0.05,42,"prot25_male",0.1,0.061452410346956,1
1,1.5,0.05,42,"prot25_age",0.8,0.520344749618549,1
1,1.5,0.05,42,"prot25_income",0,0.04240784750112,0
1,1.5,0.05,42,"prot25_child",0,-0.0447160686501293,0
1,1.5,0.05,42,"prot50_male",0,-0.00876684769898816,0
1,1.5,0.05,42,"prot50_age",1,0.685496104844528,1
1,1.5,0.05,42,"prot50_income",0,0.034022448054684,0
1,1.5,0.05,42,"prot50_child",0,0.00010938346438726,0
1,1.5,0.05,42,"invasive_male",-0.9,-0.662902001055431,1
1,1.5,0.05,42,"invasive_age",0,0.0339922797862273,0
1,1.5,0.05,42,"invasive_income",-1,-0.552634657036599,1
1,1.5,0.05,42,"invasive_child",-1.1,-0.849765526785127,1
1,1.5,0.05,43,"ASC2_male",0,-0.113726355601415,1
1,1.5,0.05,43,"ASC2_age",-0.8,-0.513977500651177,1
1,1.5,0.05,43,"ASC2_income",0,0.0742042410802692,1
1,1.5,0.05,43,"ASC2_child",0,-3.28646186051881e-10,0
1,1.5,0.05,43,"ASC3_male",-1.2,-0.908717633952952,1
1,1.5,0.05,43,"ASC3_age",0,-0.0109027563187415,0
1,1.5,0.05,43,"ASC3_income",0,0.0046109012875484,0
1,1.5,0.05,43,"ASC3_child",0,-0.00896975111160756,0
1,1.5,0.05,43,"prot25_male",1,0.791132701142496,1
1,1.5,0.05,43,"prot25_age",0.5,0.413688070061641,1
1,1.5,0.05,43,"prot25_income",0.9,0.584434661536048,1
1,1.5,0.05,43,"prot25_child",1,0.576387760251189,1
1,1.5,0.05,43,"prot50_male",-0.2,-0.049219046526444,0
1,1.5,0.05,43,"prot50_age",0,-0.000358387782928246,0
1,1.5,0.05,43,"prot50_income",-0.3,-0.232823461878966,1
1,1.5,0.05,43,"prot50_child",0.6,0.260103845881135,1
1,1.5,0.05,43,"invasive_male",0,-3.16893316363001e-09,0
1,1.5,0.05,43,"invasive_age",0,-0.00446788632526037,0
1,1.5,0.05,43,"invasive_income",1,0.738357746776982,1
1,1.5,0.05,43,"invasive_child",0,-1.84824871862364e-09,0
1,1.5,0.05,44,"ASC2_male",0.9,0.545284922042117,1
1,1.5,0.05,44,"ASC2_age",1.2,0.787643066882373,1
1,1.5,0.05,44,"ASC2_income",0,-0.0961066979472945,1
1,1.5,0.05,44,"ASC2_child",0,0.00516043827674971,0
1,1.5,0.05,44,"ASC3_male",0.9,0.588283528126253,1
1,1.5,0.05,44,"ASC3_age",0,0.0285054347101933,0
1,1.5,0.05,44,"ASC3_income",-0.5,-0.381494061353665,1
1,1.5,0.05,44,"ASC3_child",-1.1,-0.558511842989306,1
1,1.5,0.05,44,"prot25_male",-1.1,-0.823636444303577,1
1,1.5,0.05,44,"prot25_age",0,0.00237367156608852,0
1,1.5,0.05,44,"prot25_income",0,0.00167778208118624,0
1,1.5,0.05,44,"prot25_child",0.9,0.504758471583986,1
1,1.5,0.05,44,"prot50_male",0,-0.107125423388526,1
1,1.5,0.05,44,"prot50_age",-1.2,-0.778540868970109,1
1,1.5,0.05,44,"prot50_income",-0.5,-0.326477493459006,1
1,1.5,0.05,44,"prot50_child",0,-0.044398064227655,0
1,1.5,0.05,44,"invasive_male",-0.8,-0.634384785359894,1
1,1.5,0.05,44,"invasive_age",0,2.01117353976452e-10,0
1,1.5,0.05,44,"invasive_income",0,-0.0846949725891754,1
1,1.5,0.05,44,"invasive_child",0,0.115213382459126,1
1,1.5,0.05,45,"ASC2_male",-0.6,-0.257648583151924,1
1,1.5,0.05,45,"ASC2_age",0,-0.128309633657806,1
1,1.5,0.05,45,"ASC2_income",0,-0.0634811638871061,1
1,1.5,0.05,45,"ASC2_child",0.2,0.126704128732876,1
1,1.5,0.05,45,"ASC3_male",-0.7,-0.433958694855637,1
1,1.5,0.05,45,"ASC3_age",0,-0.123855011986721,1
1,1.5,0.05,45,"ASC3_income",0,7.49761951829878e-06,0
1,1.5,0.05,45,"ASC3_child",-0.1,-0.144616736522422,1
1,1.5,0.05,45,"prot25_male",0,-0.0793657794461934,1
1,1.5,0.05,45,"prot25_age",-0.8,-0.407818845072485,1
1,1.5,0.05,45,"prot25_income",0,0.0409004058054259,0
1,1.5,0.05,45,"prot25_child",0.4,0.302991414162184,1
1,1.5,0.05,45,"prot50_male",0,0.000893408520561193,0
1,1.5,0.05,45,"prot50_age",1.2,0.86401539547039,1
1,1.5,0.05,45,"prot50_income",0,0.0146214651632383,0
1,1.5,0.05,45,"prot50_child",-0.2,-0.0185589824702076,0
1,1.5,0.05,45,"invasive_male",-1,-0.58924550258252,1
1,1.5,0.05,45,"invasive_age",0,7.78609226084542e-09,0
1,1.5,0.05,45,"invasive_income",-0.3,-0.198143961425206,1
1,1.5,0.05,45,"invasive_child",0,0.0140647481385464,0
1,1.5,0.05,46,"ASC2_male",-0.3,-0.325438257311853,1
1,1.5,0.05,46,"ASC2_age",0,0.0316765068718832,0
1,1.5,0.05,46,"ASC2_income",-0.4,-0.317297053680061,1
1,1.5,0.05,46,"ASC2_child",0,-2.57315511554987e-07,0
1,1.5,0.05,46,"ASC3_male",0,-0.0104831645943488,0
1,1.5,0.05,46,"ASC3_age",0,0.0541914258440446,1
1,1.5,0.05,46,"ASC3_income",0,-0.0499763634095582,0
1,1.5,0.05,46,"ASC3_child",0,1.54685996129896e-07,0
1,1.5,0.05,46,"prot25_male",0,-3.0731648523265e-10,0
1,1.5,0.05,46,"prot25_age",0.9,0.510004409477095,1
1,1.5,0.05,46,"prot25_income",0.4,0.307815656419702,1
1,1.5,0.05,46,"prot25_child",0.5,0.300582655008449,1
1,1.5,0.05,46,"prot50_male",0.7,0.342166972815219,1
1,1.5,0.05,46,"prot50_age",0.5,0.306621346611435,1
1,1.5,0.05,46,"prot50_income",-0.5,-0.317928995853351,1
1,1.5,0.05,46,"prot50_child",0.7,0.258216134688663,1
1,1.5,0.05,46,"invasive_male",0,-3.72009924168045e-07,0
1,1.5,0.05,46,"invasive_age",0,0.0201018857834245,0
1,1.5,0.05,46,"invasive_income",0,-0.0170128163534356,0
1,1.5,0.05,46,"invasive_child",0.6,0.259749825204853,1
1,1.5,0.05,47,"ASC2_male",0,-2.93141216981093e-06,0
1,1.5,0.05,47,"ASC2_age",0,-0.0604972116981233,1
1,1.5,0.05,47,"ASC2_income",-0.7,-0.459905963329207,1
1,1.5,0.05,47,"ASC2_child",0.9,0.603340943124356,1
1,1.5,0.05,47,"ASC3_male",0,-0.0902428222967752,1
1,1.5,0.05,47,"ASC3_age",1,0.656990288880402,1
1,1.5,0.05,47,"ASC3_income",0,0.0468446430958909,0
1,1.5,0.05,47,"ASC3_child",0,5.08316823065621e-07,0
1,1.5,0.05,47,"prot25_male",1.2,0.719224561299119,1
1,1.5,0.05,47,"prot25_age",1,0.704351866563483,1
1,1.5,0.05,47,"prot25_income",0,1.85632148091687e-07,0
1,1.5,0.05,47,"prot25_child",0.5,0.264222910668296,1
1,1.5,0.05,47,"prot50_male",-0.1,0.00647397081063061,0
1,1.5,0.05,47,"prot50_age",0,-1.71099560161789e-07,0
1,1.5,0.05,47,"prot50_income",1,0.595289945961054,1
1,1.5,0.05,47,"prot50_child",0,0.0147524202973161,0
1,1.5,0.05,47,"invasive_male",0,-9.82341903092401e-10,0
1,1.5,0.05,47,"invasive_age",0,-0.0320455528613452,0
1,1.5,0.05,47,"invasive_income",-0.3,-0.0947745456673095,1
1,1.5,0.05,47,"invasive_child",-0.9,-0.647696493767282,1
1,1.5,0.05,48,"ASC2_male",0.3,0.0759652459129069,1
1,1.5,0.05,48,"ASC2_age",0,7.60381957246167e-08,0
1,1.5,0.05,48,"ASC2_income",-1.1,-0.714073578284995,1
1,1.5,0.05,48,"ASC2_child",0,-0.0515744255800337,1
1,1.5,0.05,48,"ASC3_male",0,-0.0353605626538049,0
1,1.5,0.05,48,"ASC3_age",1,0.586282354126719,1
1,1.5,0.05,48,"ASC3_income",0.7,0.381101107963218,1
1,1.5,0.05,48,"ASC3_child",0.9,0.469129193306677,1
1,1.5,0.05,48,"prot25_male",1,0.655451909374494,1
1,1.5,0.05,48,"prot25_age",0,3.23695558940727e-08,0
1,1.5,0.05,48,"prot25_income",0.2,0.0854067670145792,1
1,1.5,0.05,48,"prot25_child",0,1.69331717603749e-06,0
1,1.5,0.05,48,"prot50_male",-0.7,-0.159186469856228,1
1,1.5,0.05,48,"prot50_age",0,-4.88199604966132e-09,0
1,1.5,0.05,48,"prot50_income",0,-0.00461730364506502,0
1,1.5,0.05,48,"prot50_child",0.1,0.126060513383654,1
1,1.5,0.05,48,"invasive_male",0,5.15700526986662e-08,0
1,1.5,0.05,48,"invasive_age",0,0.0223064643457476,0
1,1.5,0.05,48,"invasive_income",0.6,0.294100283569747,1
1,1.5,0.05,48,"invasive_child",0,-0.0132367466146073,0
1,1.5,0.05,49,"ASC2_male",0,-1.03661818945684e-08,0
1,1.5,0.05,49,"ASC2_age",0.6,0.279813764901745,1
1,1.5,0.05,49,"ASC2_income",0,0.0261754409732086,0
1,1.5,0.05,49,"ASC2_child",0.6,0.298315776335871,1
1,1.5,0.05,49,"ASC3_male",0,-0.0577106207925555,1
1,1.5,0.05,49,"ASC3_age",0.5,0.261376944146864,1
1,1.5,0.05,49,"ASC3_income",-0.2,-0.186627172057578,1
1,1.5,0.05,49,"ASC3_child",0,-0.17242460935416,1
1,1.5,0.05,49,"prot25_male",1,0.599649108051638,1
1,1.5,0.05,49,"prot25_age",0,0.0450877591237137,0
1,1.5,0.05,49,"prot25_income",0.8,0.536655678657785,1
1,1.5,0.05,49,"prot25_child",-1,-0.581708415917913,1
1,1.5,0.05,49,"prot50_male",0,-0.0472542420642963,0
1,1.5,0.05,49,"prot50_age",0.7,0.518663406553956,1
1,1.5,0.05,49,"prot50_income",0,-0.0237682988455926,0
1,1.5,0.05,49,"prot50_child",-1,-0.470584812594512,1
1,1.5,0.05,49,"invasive_male",-0.2,-0.125412472377713,1
1,1.5,0.05,49,"invasive_age",0,0.0152367833282479,0
1,1.5,0.05,49,"invasive_income",0,-0.0153500328308362,0
1,1.5,0.05,49,"invasive_child",0,-0.0693799020027032,1
1,1.5,0.05,50,"ASC2_male",0,-0.0477567869431503,0
1,1.5,0.05,50,"ASC2_age",0,-0.0504065093693382,1
1,1.5,0.05,50,"ASC2_income",0.4,0.246888122094834,1
1,1.5,0.05,50,"ASC2_child",0.1,-0.00827389075433443,0
1,1.5,0.05,50,"ASC3_male",0,-0.0327642121769447,0
1,1.5,0.05,50,"ASC3_age",0,-0.0299261241519055,0
1,1.5,0.05,50,"ASC3_income",0,-0.060777847739784,1
1,1.5,0.05,50,"ASC3_child",-0.2,-0.152320758268709,1
1,1.5,0.05,50,"prot25_male",-0.4,-0.241851996465311,1
1,1.5,0.05,50,"prot25_age",1.2,0.78592129855535,1
1,1.5,0.05,50,"prot25_income",-0.6,-0.384000137380297,1
1,1.5,0.05,50,"prot25_child",0,-0.034976195962919,0
1,1.5,0.05,50,"prot50_male",1,0.669147118487728,1
1,1.5,0.05,50,"prot50_age",-0.3,-0.123890023417198,1
1,1.5,0.05,50,"prot50_income",0,-1.67716546734158e-06,0
1,1.5,0.05,50,"prot50_child",0,0.0327848080516395,0
1,1.5,0.05,50,"invasive_male",-1,-0.690628062266887,1
1,1.5,0.05,50,"invasive_age",0.4,0.272358670621131,1
1,1.5,0.05,50,"invasive_income",0,-0.0246038650451754,0
1,1.5,0.05,50,"invasive_child",0,-0.00999273396935947,0
1,1.5,0.05,51,"ASC2_male",1.1,0.574930245547043,1
1,1.5,0.05,51,"ASC2_age",0,0.00773245844813278,0
1,1.5,0.05,51,"ASC2_income",-0.5,-0.345078801032894,1
1,1.5,0.05,51,"ASC2_child",0,-0.0603154905119629,1
1,1.5,0.05,51,"ASC3_male",0,-0.130586294870034,1
1,1.5,0.05,51,"ASC3_age",-1,-0.660131444972863,1
1,1.5,0.05,51,"ASC3_income",-0.5,-0.325680139270165,1
1,1.5,0.05,51,"ASC3_child",0,-3.81082299545353e-08,0
1,1.5,0.05,51,"prot25_male",0,0.0466411497378667,0
1,1.5,0.05,51,"prot25_age",-0.8,-0.517629437443357,1
1,1.5,0.05,51,"prot25_income",0.9,0.598959077060897,1
1,1.5,0.05,51,"prot25_child",0.8,0.653654948718269,1
1,1.5,0.05,51,"prot50_male",-1,-0.586259771390676,1
1,1.5,0.05,51,"prot50_age",0,-0.00871508908896351,0
1,1.5,0.05,51,"prot50_income",0,0.0237946153379049,0
1,1.5,0.05,51,"prot50_child",0,-0.0327101899295905,0
1,1.5,0.05,51,"invasive_male",0.9,0.619955956538927,1
1,1.5,0.05,51,"invasive_age",0,-0.0340752084093104,0
1,1.5,0.05,51,"invasive_income",-0.4,-0.31369294437355,1
1,1.5,0.05,51,"invasive_child",0,-0.00954671929553957,0
1,1.5,0.05,52,"ASC2_male",0,-0.157985348068148,1
1,1.5,0.05,52,"ASC2_age",0.8,0.527762459463235,1
1,1.5,0.05,52,"ASC2_income",0,0.0850185353093016,1
1,1.5,0.05,52,"ASC2_child",0,-1.01721516865663e-08,0
1,1.5,0.05,52,"ASC3_male",1.1,0.557601652787834,1
1,1.5,0.05,52,"ASC3_age",0,0.0433536508428435,0
1,1.5,0.05,52,"ASC3_income",0.2,0.169908939857012,1
1,1.5,0.05,52,"ASC3_child",0,0.03474030245685,0
1,1.5,0.05,52,"prot25_male",-0.9,-0.409560465524966,1
1,1.5,0.05,52,"prot25_age",1.1,0.678853921020477,1
1,1.5,0.05,52,"prot25_income",0,-0.0321588436580603,0
1,1.5,0.05,52,"prot25_child",-1.1,-0.716674418265439,1
1,1.5,0.05,52,"prot50_male",0,0.263209337342345,1
1,1.5,0.05,52,"prot50_age",0,4.93880597322789e-12,0
1,1.5,0.05,52,"prot50_income",0.9,0.507943946339308,1
1,1.5,0.05,52,"prot50_child",-0.2,1.11944282370158e-07,0
1,1.5,0.05,52,"invasive_male",0.2,0.217254998305898,1
1,1.5,0.05,52,"invasive_age",0,-0.0243675895629404,0
1,1.5,0.05,52,"invasive_income",-0.9,-0.519135957759421,1
1,1.5,0.05,52,"invasive_child",0,-0.0298740165362873,0
1,1.5,0.05,53,"ASC2_male",0,-3.16626103685891e-09,0
1,1.5,0.05,53,"ASC2_age",0,-0.106183613410625,1
1,1.5,0.05,53,"ASC2_income",-0.7,-0.449785535095176,1
1,1.5,0.05,53,"ASC2_child",0.7,0.341122668082019,1
1,1.5,0.05,53,"ASC3_male",0,-0.0431707441081362,0
1,1.5,0.05,53,"ASC3_age",-0.4,-0.336770756810044,1
1,1.5,0.05,53,"ASC3_income",0,0.0656134164164566,1
1,1.5,0.05,53,"ASC3_child",0,0.000402910010356298,0
1,1.5,0.05,53,"prot25_male",-1.1,-0.754507546630043,1
1,1.5,0.05,53,"prot25_age",-0.4,-0.158841521983418,1
1,1.5,0.05,53,"prot25_income",0,-0.0611533083238235,1
1,1.5,0.05,53,"prot25_child",0,0.00150878428827279,0
1,1.5,0.05,53,"prot50_male",0,0.0614524047548025,1
1,1.5,0.05,53,"prot50_age",0.4,0.321436680295067,1
1,1.5,0.05,53,"prot50_income",0,-0.0304282891574235,0
1,1.5,0.05,53,"prot50_child",0,-0.0110355789471882,0
1,1.5,0.05,53,"invasive_male",-1.1,-0.57285900947678,1
1,1.5,0.05,53,"invasive_age",0.4,0.142775935785034,1
1,1.5,0.05,53,"invasive_income",-0.4,-0.294681502282305,1
1,1.5,0.05,53,"invasive_child",0.5,0.25575251238034,1
1,1.5,0.05,54,"ASC2_male",-1,-0.467808411731805,1
1,1.5,0.05,54,"ASC2_age",0.5,0.314054302765111,1
1,1.5,0.05,54,"ASC2_income",0,0.000300745942628334,0
1,1.5,0.05,54,"ASC2_child",0.2,0.0803027715086669,1
1,1.5,0.05,54,"ASC3_male",0.5,0.438491394878213,1
1,1.5,0.05,54,"ASC3_age",-0.2,-0.109789159327435,1
1,1.5,0.05,54,"ASC3_income",0,-0.00164978627596128,0
1,1.5,0.05,54,"ASC3_child",0,0.0102695366145984,0
1,1.5,0.05,54,"prot25_male",0,-0.00349377669736901,0
1,1.5,0.05,54,"prot25_age",0,-0.00518898220228442,0
1,1.5,0.05,54,"prot25_income",0.3,0.181748737804523,1
1,1.5,0.05,54,"prot25_child",0,0.0419714260146317,0
1,1.5,0.05,54,"prot50_male",0,0.0426151293923804,0
1,1.5,0.05,54,"prot50_age",0.9,0.592110388235086,1
1,1.5,0.05,54,"prot50_income",0,-0.00730668232698299,0
1,1.5,0.05,54,"prot50_child",-0.4,-0.283399424771048,1
1,1.5,0.05,54,"invasive_male",0,0.168230729185732,1
1,1.5,0.05,54,"invasive_age",0.9,0.575432877022764,1
1,1.5,0.05,54,"invasive_income",-0.4,-0.242246175535118,1
1,1.5,0.05,54,"invasive_child",0,-0.0203417670131111,0
1,1.5,0.05,55,"ASC2_male",0.9,0.559341985127989,1
1,1.5,0.05,55,"ASC2_age",0,-0.0712106221426823,1
1,1.5,0.05,55,"ASC2_income",0,2.04882402357916e-06,0
1,1.5,0.05,55,"ASC2_child",0.9,0.517210425303009,1
1,1.5,0.05,55,"ASC3_male",0,-3.18247372981773e-08,0
1,1.5,0.05,55,"ASC3_age",0,-0.136955604488192,1
1,1.5,0.05,55,"ASC3_income",0,0.081452075340718,1
1,1.5,0.05,55,"ASC3_child",-1,-0.832385898448297,1
1,1.5,0.05,55,"prot25_male",-0.9,-0.456880122684572,1
1,1.5,0.05,55,"prot25_age",-0.6,-0.272880739894537,1
1,1.5,0.05,55,"prot25_income",0,-0.0783482386231731,1
1,1.5,0.05,55,"prot25_child",-0.3,0.0315208571027013,0
1,1.5,0.05,55,"prot50_male",-0.9,-0.394849717171071,1
1,1.5,0.05,55,"prot50_age",0,0.0255743031300595,0
1,1.5,0.05,55,"prot50_income",1.1,0.62364633621758,1
1,1.5,0.05,55,"prot50_child",0,0.149598516326266,1
1,1.5,0.05,55,"invasive_male",0.8,0.512129849401723,1
1,1.5,0.05,55,"invasive_age",-0.8,-0.552641901412963,1
1,1.5,0.05,55,"invasive_income",0,-0.0678583589940758,1
1,1.5,0.05,55,"invasive_child",0,0.0527867310882355,1
1,1.5,0.05,56,"ASC2_male",0,-7.16125940815119e-09,0
1,1.5,0.05,56,"ASC2_age",1.1,0.754330262755518,1
1,1.5,0.05,56,"ASC2_income",0,0.00216985321058157,0
1,1.5,0.05,56,"ASC2_child",0,0.116205599185237,1
1,1.5,0.05,56,"ASC3_male",0,0.00625790691595472,0
1,1.5,0.05,56,"ASC3_age",-1,-0.662109653185706,1
1,1.5,0.05,56,"ASC3_income",0.8,0.485353970462912,1
1,1.5,0.05,56,"ASC3_child",0,-1.6259883068458e-08,0
1,1.5,0.05,56,"prot25_male",0,-3.23787108455658e-08,0
1,1.5,0.05,56,"prot25_age",0.9,0.552124516136043,1
1,1.5,0.05,56,"prot25_income",0,-0.0206117762779824,0
1,1.5,0.05,56,"prot25_child",0,0.0611050724113343,1
1,1.5,0.05,56,"prot50_male",0.5,0.336987935314025,1
1,1.5,0.05,56,"prot50_age",0,-0.0394233597432731,0
1,1.5,0.05,56,"prot50_income",-0.8,-0.570485194783643,1
1,1.5,0.05,56,"prot50_child",-0.4,-0.170279416911325,1
1,1.5,0.05,56,"invasive_male",0,-0.0279037672452111,0
1,1.5,0.05,56,"invasive_age",0.7,0.452974338100053,1
1,1.5,0.05,56,"invasive_income",1.1,0.713441399997358,1
1,1.5,0.05,56,"invasive_child",0.3,0.23655937343695,1
1,1.5,0.05,57,"ASC2_male",0,-0.111234684394393,1
1,1.5,0.05,57,"ASC2_age",0,-0.0614090912071734,1
1,1.5,0.05,57,"ASC2_income",1,0.744662681737128,1
1,1.5,0.05,57,"ASC2_child",1.1,0.627129716970781,1
1,1.5,0.05,57,"ASC3_male",0,0.035288107267051,0
1,1.5,0.05,57,"ASC3_age",0.9,0.5766758638938,1
1,1.5,0.05,57,"ASC3_income",0,0.0651763051321938,1
1,1.5,0.05,57,"ASC3_child",0,-0.0497714956021898,0
1,1.5,0.05,57,"prot25_male",0.1,0.134744949289563,1
1,1.5,0.05,57,"prot25_age",0,0.0173426243358748,0
1,1.5,0.05,57,"prot25_income",0,-0.0272738931969041,0
1,1.5,0.05,57,"prot25_child",-0.4,-0.216860193149511,1
1,1.5,0.05,57,"prot50_male",1,0.682841067642568,1
1,1.5,0.05,57,"prot50_age",-0.9,-0.542892695368865,1
1,1.5,0.05,57,"prot50_income",0,0.0115240161920554,0
1,1.5,0.05,57,"prot50_child",-0.2,-0.0676390190034382,1
1,1.5,0.05,57,"invasive_male",-0.4,-0.150172421367277,1
1,1.5,0.05,57,"invasive_age",1,0.643369803426219,1
1,1.5,0.05,57,"invasive_income",0,0.0334712737219673,0
1,1.5,0.05,57,"invasive_child",0,-2.55122534239684e-09,0
1,1.5,0.05,58,"ASC2_male",0,-3.66001499298803e-08,0
1,1.5,0.05,58,"ASC2_age",-0.4,-0.234450765665995,1
1,1.5,0.05,58,"ASC2_income",1.1,0.696522370371815,1
1,1.5,0.05,58,"ASC2_child",0.4,0.196710609449277,1
1,1.5,0.05,58,"ASC3_male",0,-3.29013163159199e-09,0
1,1.5,0.05,58,"ASC3_age",-0.6,-0.305099135473443,1
1,1.5,0.05,58,"ASC3_income",0,0.0670662766170576,1
1,1.5,0.05,58,"ASC3_child",0,-0.0226806695687155,0
1,1.5,0.05,58,"prot25_male",0.2,0.0241419242703791,0
1,1.5,0.05,58,"prot25_age",0,0.0411656229670794,0
1,1.5,0.05,58,"prot25_income",0,0.0357442668822647,0
1,1.5,0.05,58,"prot25_child",-0.4,-0.12985141558275,1
1,1.5,0.05,58,"prot50_male",0.6,0.243621692067067,1
1,1.5,0.05,58,"prot50_age",0,-0.0254584620055339,0
1,1.5,0.05,58,"prot50_income",0,-2.81832490816623e-09,0
1,1.5,0.05,58,"prot50_child",-0.7,-0.247654549586693,1
1,1.5,0.05,58,"invasive_male",-1,-0.624773859060708,1
1,1.5,0.05,58,"invasive_age",0.8,0.519570033303976,1
1,1.5,0.05,58,"invasive_income",0,0.0619626234922521,1
1,1.5,0.05,58,"invasive_child",0,2.311901222724e-09,0
1,1.5,0.05,59,"ASC2_male",1.2,0.747142166984133,1
1,1.5,0.05,59,"ASC2_age",1.1,0.657880857924947,1
1,1.5,0.05,59,"ASC2_income",0,-4.61664492470523e-09,0
1,1.5,0.05,59,"ASC2_child",0.2,0.0312745675643615,0
1,1.5,0.05,59,"ASC3_male",0,1.67138728399743e-08,0
1,1.5,0.05,59,"ASC3_age",1,0.61648357513895,1
1,1.5,0.05,59,"ASC3_income",0,0.0310259416744489,0
1,1.5,0.05,59,"ASC3_child",0,-0.0545869429222634,1
1,1.5,0.05,59,"prot25_male",0.3,0.133630595515161,1
1,1.5,0.05,59,"prot25_age",0,0.0730206200190505,1
1,1.5,0.05,59,"prot25_income",0.4,0.201179412271293,1
1,1.5,0.05,59,"prot25_child",0.3,0.208066389854927,1
1,1.5,0.05,59,"prot50_male",0,2.18477350393194e-09,0
1,1.5,0.05,59,"prot50_age",0,0.0190294874341907,0
1,1.5,0.05,59,"prot50_income",1,0.578718420528616,1
1,1.5,0.05,59,"prot50_child",0.9,0.575092867492655,1
1,1.5,0.05,59,"invasive_male",0,-2.22785086263287e-09,0
1,1.5,0.05,59,"invasive_age",0,-1.88023761464619e-09,0
1,1.5,0.05,59,"invasive_income",0,-0.0376662282872254,0
1,1.5,0.05,59,"invasive_child",-0.6,-0.409841072386119,1
1,1.5,0.05,60,"ASC2_male",-1,-0.608417369585977,1
1,1.5,0.05,60,"ASC2_age",-0.1,0.0335304115690487,0
1,1.5,0.05,60,"ASC2_income",0,0.0542552859326441,1
1,1.5,0.05,60,"ASC2_child",-0.4,-0.170024950604134,1
1,1.5,0.05,60,"ASC3_male",-1.1,-0.570355108536296,1
1,1.5,0.05,60,"ASC3_age",0,0.0572062312806538,1
1,1.5,0.05,60,"ASC3_income",0,0.0284248487494442,0
1,1.5,0.05,60,"ASC3_child",1.2,0.859829094343597,1
1,1.5,0.05,60,"prot25_male",-1.1,-0.731268281414637,1
1,1.5,0.05,60,"prot25_age",-0.8,-0.548607514072778,1
1,1.5,0.05,60,"prot25_income",0,-0.0525881703829261,1
1,1.5,0.05,60,"prot25_child",0,-0.208828375802437,1
1,1.5,0.05,60,"prot50_male",-0.4,-0.298942440397241,1
1,1.5,0.05,60,"prot50_age",0,-0.0166291539065587,0
1,1.5,0.05,60,"prot50_income",0,-0.044516335560238,0
1,1.5,0.05,60,"prot50_child",0,-0.144455636515147,1
1,1.5,0.05,60,"invasive_male",1.1,0.754752669168306,1
1,1.5,0.05,60,"invasive_age",0,0.0835574167873629,1
1,1.5,0.05,60,"invasive_income",0,0.0458539041694875,0
1,1.5,0.05,60,"invasive_child",-0.4,-0.270669242313107,1
1,1.5,0.05,61,"ASC2_male",-0.6,-0.56811057553308,1
1,1.5,0.05,61,"ASC2_age",0,0.0141531264519335,0
1,1.5,0.05,61,"ASC2_income",0.3,0.205631853430381,1
1,1.5,0.05,61,"ASC2_child",0.8,0.36002516672728,1
1,1.5,0.05,61,"ASC3_male",0.5,0.11027202249903,1
1,1.5,0.05,61,"ASC3_age",0,-1.35785327624899e-07,0
1,1.5,0.05,61,"ASC3_income",0,6.14916480726935e-09,0
1,1.5,0.05,61,"ASC3_child",0,-0.129098082000269,1
1,1.5,0.05,61,"prot25_male",0,0.0448623792446918,0
1,1.5,0.05,61,"prot25_age",-0.6,-0.38222736611259,1
1,1.5,0.05,61,"prot25_income",0,0.019163013293729,0
1,1.5,0.05,61,"prot25_child",0,-9.2234267889795e-07,0
1,1.5,0.05,61,"prot50_male",0,-3.01672035081862e-09,0
1,1.5,0.05,61,"prot50_age",-0.4,-0.245894646078678,1
1,1.5,0.05,61,"prot50_income",0,0.0224838013222125,0
1,1.5,0.05,61,"prot50_child",-0.7,-0.469836976930012,1
1,1.5,0.05,61,"invasive_male",0,-0.141091259442225,1
1,1.5,0.05,61,"invasive_age",1.1,0.66845580858816,1
1,1.5,0.05,61,"invasive_income",1,0.617754232270623,1
1,1.5,0.05,61,"invasive_child",0.5,0.328402145223572,1
1,1.5,0.05,62,"ASC2_male",0,-0.166782863965874,1
1,1.5,0.05,62,"ASC2_age",-1,-0.641236395296957,1
1,1.5,0.05,62,"ASC2_income",-0.6,-0.311770836616746,1
1,1.5,0.05,62,"ASC2_child",0,-1.02000877415615e-09,0
1,1.5,0.05,62,"ASC3_male",0,-0.175130727174244,1
1,1.5,0.05,62,"ASC3_age",0,0.0234221163609143,0
1,1.5,0.05,62,"ASC3_income",0.3,0.234239636180704,1
1,1.5,0.05,62,"ASC3_child",-0.1,-0.0441388246508326,0
1,1.5,0.05,62,"prot25_male",0,0.0779082352985099,1
1,1.5,0.05,62,"prot25_age",-0.9,-0.608307845647513,1
1,1.5,0.05,62,"prot25_income",0.5,0.220869853817063,1
1,1.5,0.05,62,"prot25_child",0.5,0.271452963240434,1
1,1.5,0.05,62,"prot50_male",-0.8,-0.521482928708925,1
1,1.5,0.05,62,"prot50_age",0,-0.113258730825412,1
1,1.5,0.05,62,"prot50_income",0,-0.0207457953125581,0
1,1.5,0.05,62,"prot50_child",1.2,0.690333898687793,1
1,1.5,0.05,62,"invasive_male",0.3,8.3289764548532e-06,0
1,1.5,0.05,62,"invasive_age",0,-0.0426150510774615,0
1,1.5,0.05,62,"invasive_income",0,0.0696043248702203,1
1,1.5,0.05,62,"invasive_child",0,0.00842201898948669,0
1,1.5,0.05,63,"ASC2_male",0.9,0.303891776806526,1
1,1.5,0.05,63,"ASC2_age",-0.1,0.0988767602360175,1
1,1.5,0.05,63,"ASC2_income",0,-5.05981977092018e-08,0
1,1.5,0.05,63,"ASC2_child",0.1,1.77218312894625e-07,0
1,1.5,0.05,63,"ASC3_male",0.4,1.81654496574276e-06,0
1,1.5,0.05,63,"ASC3_age",-0.7,-0.312673099679786,1
1,1.5,0.05,63,"ASC3_income",0,-1.30999474893979e-08,0
1,1.5,0.05,63,"ASC3_child",0,5.5623532290847e-07,0
1,1.5,0.05,63,"prot25_male",0,0.0900357650940174,1
1,1.5,0.05,63,"prot25_age",0,-0.0528102931287772,1
1,1.5,0.05,63,"prot25_income",-0.2,-0.126991132333931,1
1,1.5,0.05,63,"prot25_child",0,-3.73616484318716e-11,0
1,1.5,0.05,63,"prot50_male",0,0.00220015290080281,0
1,1.5,0.05,63,"prot50_age",1,0.610273618140549,1
1,1.5,0.05,63,"prot50_income",0,-1.80796029141625e-08,0
1,1.5,0.05,63,"prot50_child",-0.2,2.53395489759616e-07,0
1,1.5,0.05,63,"invasive_male",0,-0.0790720238948062,1
1,1.5,0.05,63,"invasive_age",-0.5,-0.242204495108051,1
1,1.5,0.05,63,"invasive_income",0,-1.747496861192e-07,0
1,1.5,0.05,63,"invasive_child",-0.6,-0.361943618122205,1
1,1.5,0.05,64,"ASC2_male",0,-0.00125029021929786,0
1,1.5,0.05,64,"ASC2_age",0,-7.52373701794113e-09,0
1,1.5,0.05,64,"ASC2_income",1.1,0.636020307741665,1
1,1.5,0.05,64,"ASC2_child",0.5,0.264248884233789,1
1,1.5,0.05,64,"ASC3_male",0,-2.57234456317869e-07,0
1,1.5,0.05,64,"ASC3_age",0,-1.62758596565171e-07,0
1,1.5,0.05,64,"ASC3_income",1.1,0.579337888739212,1
1,1.5,0.05,64,"ASC3_child",0,-6.37980982181415e-09,0
1,1.5,0.05,64,"prot25_male",0,-1.12785801527212e-08,0
1,1.5,0.05,64,"prot25_age",-1.1,-0.720297199836639,1
1,1.5,0.05,64,"prot25_income",-0.7,-0.401908827304603,1
1,1.5,0.05,64,"prot25_child",-0.8,-0.443053595976547,1
1,1.5,0.05,64,"prot50_male",0,-6.86913066621787e-09,0
1,1.5,0.05,64,"prot50_age",0.9,0.53183559685927,1
1,1.5,0.05,64,"prot50_income",-0.5,-0.253624359042224,1
1,1.5,0.05,64,"prot50_child",0,0.0687856717039074,1
1,1.5,0.05,64,"invasive_male",0,0.118400512908445,1
1,1.5,0.05,64,"invasive_age",-1.1,-0.699954339386453,1
1,1.5,0.05,64,"invasive_income",0.3,0.133045605728769,1
1,1.5,0.05,64,"invasive_child",0,-0.00470873049500884,0
1,1.5,0.05,65,"ASC2_male",0,-5.11173156676262e-05,0
1,1.5,0.05,65,"ASC2_age",0,-0.0436607566681611,0
1,1.5,0.05,65,"ASC2_income",-0.7,-0.398489941324116,1
1,1.5,0.05,65,"ASC2_child",0,-8.53134640258709e-09,0
1,1.5,0.05,65,"ASC3_male",0,-0.0575211061082267,1
1,1.5,0.05,65,"ASC3_age",-0.9,-0.604168920035362,1
1,1.5,0.05,65,"ASC3_income",0,0.0386726458689303,0
1,1.5,0.05,65,"ASC3_child",0,-0.137385392278371,1
1,1.5,0.05,65,"prot25_male",0.1,0.0934066979587453,1
1,1.5,0.05,65,"prot25_age",-0.8,-0.423951596777525,1
1,1.5,0.05,65,"prot25_income",0.9,0.508204276933666,1
1,1.5,0.05,65,"prot25_child",0,0.111399942049404,1
1,1.5,0.05,65,"prot50_male",0.8,0.577866512982787,1
1,1.5,0.05,65,"prot50_age",1.1,0.762973898735253,1
1,1.5,0.05,65,"prot50_income",-1,-0.725490082765839,1
1,1.5,0.05,65,"prot50_child",-1.2,-0.55199170812625,1
1,1.5,0.05,65,"invasive_male",0,-0.0358137476008459,0
1,1.5,0.05,65,"invasive_age",0,0.0223739354370556,0
1,1.5,0.05,65,"invasive_income",-1,-0.623862124981596,1
1,1.5,0.05,65,"invasive_child",0,0.0318922717818682,0
1,1.5,0.05,66,"ASC2_male",0.9,0.583881965455544,1
1,1.5,0.05,66,"ASC2_age",0.9,0.667889492587538,1
1,1.5,0.05,66,"ASC2_income",0,0.068705965722365,1
1,1.5,0.05,66,"ASC2_child",0,0.204758517342896,1
1,1.5,0.05,66,"ASC3_male",-0.6,-0.577236240168099,1
1,1.5,0.05,66,"ASC3_age",0,0.0767112751976296,1
1,1.5,0.05,66,"ASC3_income",-1.2,-0.779018809514763,1
1,1.5,0.05,66,"ASC3_child",0,0.10145225721037,1
1,1.5,0.05,66,"prot25_male",0,0.0259965697009841,0
1,1.5,0.05,66,"prot25_age",-0.4,-0.33100354651078,1
1,1.5,0.05,66,"prot25_income",-0.4,-0.390419757714651,1
1,1.5,0.05,66,"prot25_child",0,-0.207507558051414,1
1,1.5,0.05,66,"prot50_male",0,0.118306438944664,1
1,1.5,0.05,66,"prot50_age",0,-0.0834408941819207,1
1,1.5,0.05,66,"prot50_income",0.2,0.0797115667639891,1
1,1.5,0.05,66,"prot50_child",-0.7,-0.735375471757842,1
1,1.5,0.05,66,"invasive_male",0.5,0.21649715696817,1
1,1.5,0.05,66,"invasive_age",0.9,0.629274139168328,1
1,1.5,0.05,66,"invasive_income",0,-0.0268079433708346,0
1,1.5,0.05,66,"invasive_child",0,-0.100497855231849,1
1,1.5,0.05,67,"ASC2_male",0,2.27316102378964e-08,0
1,1.5,0.05,67,"ASC2_age",-1.1,-0.759605638370598,1
1,1.5,0.05,67,"ASC2_income",0.6,0.41465924480436,1
1,1.5,0.05,67,"ASC2_child",0.3,0.136145475765092,1
1,1.5,0.05,67,"ASC3_male",0,-0.0327030546462496,0
1,1.5,0.05,67,"ASC3_age",0,-0.0361640692771521,0
1,1.5,0.05,67,"ASC3_income",0.7,0.426939695320085,1
1,1.5,0.05,67,"ASC3_child",0,-0.00432170494899443,0
1,1.5,0.05,67,"prot25_male",0.9,0.634326920626409,1
1,1.5,0.05,67,"prot25_age",0.5,0.344461011603842,1
1,1.5,0.05,67,"prot25_income",-0.8,-0.61971284783455,1
1,1.5,0.05,67,"prot25_child",0,0.0907883738543841,1
1,1.5,0.05,67,"prot50_male",-0.7,-0.436775491520668,1
1,1.5,0.05,67,"prot50_age",0,0.0378320546228831,0
1,1.5,0.05,67,"prot50_income",-0.2,-0.14488570330453,1
1,1.5,0.05,67,"prot50_child",0,-8.67124166121117e-08,0
1,1.5,0.05,67,"invasive_male",0,-3.01523710004747e-08,0
1,1.5,0.05,67,"invasive_age",0,-0.0196296784419702,0
1,1.5,0.05,67,"invasive_income",0,0.0370175246217262,0
1,1.5,0.05,67,"invasive_child",0.9,0.482074941496225,1
1,1.5,0.05,68,"ASC2_male",0.3,0.0434036056552663,0
1,1.5,0.05,68,"ASC2_age",0.9,0.500143270756292,1
1,1.5,0.05,68,"ASC2_income",-1,-0.642700613947428,1
1,1.5,0.05,68,"ASC2_child",0.1,8.79707663373007e-07,0
1,1.5,0.05,68,"ASC3_male",0,-3.57980458724861e-08,0
1,1.5,0.05,68,"ASC3_age",0.7,0.335015912098581,1
1,1.5,0.05,68,"ASC3_income",0,-7.02564971415674e-09,0
1,1.5,0.05,68,"ASC3_child",-0.4,-0.323501924001697,1
1,1.5,0.05,68,"prot25_male",0,0.0999653651926425,1
1,1.5,0.05,68,"prot25_age",0,0.0457126362101094,0
1,1.5,0.05,68,"prot25_income",0,-4.33852235706085e-08,0
1,1.5,0.05,68,"prot25_child",-0.6,-0.224881081929985,1
1,1.5,0.05,68,"prot50_male",0,0.0877571612276673,1
1,1.5,0.05,68,"prot50_age",0.1,0.0117622711676801,0
1,1.5,0.05,68,"prot50_income",0,-4.48656445225765e-08,0
1,1.5,0.05,68,"prot50_child",0,4.25311734090212e-07,0
1,1.5,0.05,68,"invasive_male",0,-0.0771636886947379,1
1,1.5,0.05,68,"invasive_age",0,-0.148917994163983,1
1,1.5,0.05,68,"invasive_income",0.5,0.362638712327122,1
1,1.5,0.05,68,"invasive_child",0.3,0.0833210548286256,1
1,1.5,0.05,69,"ASC2_male",0,-0.126384178772549,1
1,1.5,0.05,69,"ASC2_age",0,-0.0958931320884072,1
1,1.5,0.05,69,"ASC2_income",-0.9,-0.487211651399809,1
1,1.5,0.05,69,"ASC2_child",0,6.60800847462254e-08,0
1,1.5,0.05,69,"ASC3_male",0.8,0.344971389804581,1
1,1.5,0.05,69,"ASC3_age",0,-0.0999792308413401,1
1,1.5,0.05,69,"ASC3_income",0,-6.61454507266614e-09,0
1,1.5,0.05,69,"ASC3_child",0,-1.89829371419965e-08,0
1,1.5,0.05,69,"prot25_male",-0.4,-0.116293985021589,1
1,1.5,0.05,69,"prot25_age",-0.8,-0.505632939621417,1
1,1.5,0.05,69,"prot25_income",0,-0.0305393482315547,0
1,1.5,0.05,69,"prot25_child",1.2,0.761044071465802,1
1,1.5,0.05,69,"prot50_male",0,0.0438499979922443,0
1,1.5,0.05,69,"prot50_age",-0.7,-0.472027689463724,1
1,1.5,0.05,69,"prot50_income",0,-7.53615019604309e-09,0
1,1.5,0.05,69,"prot50_child",-0.6,-0.333056168702159,1
1,1.5,0.05,69,"invasive_male",-1.1,-0.675418067023756,1
1,1.5,0.05,69,"invasive_age",0.5,0.268300356416971,1
1,1.5,0.05,69,"invasive_income",-0.9,-0.550985296783507,1
1,1.5,0.05,69,"invasive_child",0,-1.04735631148045e-08,0
1,1.5,0.05,70,"ASC2_male",0,-0.0990183363959668,1
1,1.5,0.05,70,"ASC2_age",-1,-0.696665662463597,1
1,1.5,0.05,70,"ASC2_income",1.2,0.619599261096493,1
1,1.5,0.05,70,"ASC2_child",0.3,0.115570767975256,1
1,1.5,0.05,70,"ASC3_male",0,2.35702487385172e-08,0
1,1.5,0.05,70,"ASC3_age",-0.9,-0.627825248164885,1
1,1.5,0.05,70,"ASC3_income",0,-0.209113221399446,1
1,1.5,0.05,70,"ASC3_child",0,-0.108944158291701,1
1,1.5,0.05,70,"prot25_male",0,0.0948887457076552,1
1,1.5,0.05,70,"prot25_age",0.2,0.201960319106757,1
1,1.5,0.05,70,"prot25_income",0,0.10781573350864,1
1,1.5,0.05,70,"prot25_child",-0.7,-0.28614716768761,1
1,1.5,0.05,70,"prot50_male",0,-0.0282888885345502,0
1,1.5,0.05,70,"prot50_age",0,0.0299393130819087,0
1,1.5,0.05,70,"prot50_income",-0.7,-0.371744135374773,1
1,1.5,0.05,70,"prot50_child",0,-7.20920093602615e-09,0
1,1.5,0.05,70,"invasive_male",-0.3,-0.249042207692478,1
1,1.5,0.05,70,"invasive_age",0,-3.42726735281567e-10,0
1,1.5,0.05,70,"invasive_income",-0.7,-0.503475244353508,1
1,1.5,0.05,70,"invasive_child",-0.6,-0.600203671358826,1
1,1.5,0.05,71,"ASC2_male",-1.1,-0.673827171457405,1
1,1.5,0.05,71,"ASC2_age",0,0.00639265189865916,0
1,1.5,0.05,71,"ASC2_income",0,-0.0407574004142331,0
1,1.5,0.05,71,"ASC2_child",-0.4,-0.306588023037196,1
1,1.5,0.05,71,"ASC3_male",0,-0.0428354944858027,0
1,1.5,0.05,71,"ASC3_age",0,-3.0895439604299e-08,0
1,1.5,0.05,71,"ASC3_income",-0.5,-0.319834204703819,1
1,1.5,0.05,71,"ASC3_child",-0.6,-0.44593508690931,1
1,1.5,0.05,71,"prot25_male",0,-8.54079639621096e-08,0
1,1.5,0.05,71,"prot25_age",0,-0.0362359288646889,0
1,1.5,0.05,71,"prot25_income",0,-0.0299946133496688,0
1,1.5,0.05,71,"prot25_child",0.2,0.0173566207197141,0
1,1.5,0.05,71,"prot50_male",-0.5,-0.416969650855094,1
1,1.5,0.05,71,"prot50_age",0.2,0.216505626407169,1
1,1.5,0.05,71,"prot50_income",-1.1,-0.769331244549164,1
1,1.5,0.05,71,"prot50_child",0,0.00404823918515366,0
1,1.5,0.05,71,"invasive_male",0.9,0.431714034759516,1
1,1.5,0.05,71,"invasive_age",1.2,0.843115359381943,1
1,1.5,0.05,71,"invasive_income",0,-0.0974163897445831,1
1,1.5,0.05,71,"invasive_child",0,1.05214401271838e-08,0
1,1.5,0.05,72,"ASC2_male",0,-4.51560063067053e-08,0
1,1.5,0.05,72,"ASC2_age",0,-0.0592821087820603,1
1,1.5,0.05,72,"ASC2_income",0.2,0.0674550558107555,1
1,1.5,0.05,72,"ASC2_child",0.1,0.0638309895482527,1
1,1.5,0.05,72,"ASC3_male",0,-0.0764462986085992,1
1,1.5,0.05,72,"ASC3_age",0.7,0.437391575577581,1
1,1.5,0.05,72,"ASC3_income",0,-0.0286388541525424,0
1,1.5,0.05,72,"ASC3_child",0,0.0511356329595528,1
1,1.5,0.05,72,"prot25_male",-0.2,-8.39018858752357e-09,0
1,1.5,0.05,72,"prot25_age",-1.1,-0.735813391216933,1
1,1.5,0.05,72,"prot25_income",0,-2.17233870538217e-08,0
1,1.5,0.05,72,"prot25_child",0,6.31989047289577e-11,0
1,1.5,0.05,72,"prot50_male",0.5,0.297631772494343,1
1,1.5,0.05,72,"prot50_age",0,-0.0258345861958316,0
1,1.5,0.05,72,"prot50_income",0,0.000666367925605826,0
1,1.5,0.05,72,"prot50_child",0.1,0.133447107338406,1
1,1.5,0.05,72,"invasive_male",0,-0.153745360161006,1
1,1.5,0.05,72,"invasive_age",0.3,0.182037628878894,1
1,1.5,0.05,72,"invasive_income",0.4,0.302973644108467,1
1,1.5,0.05,72,"invasive_child",-0.4,-0.288156393584665,1
1,1.5,0.05,73,"ASC2_male",0,-6.49832255202816e-09,0
1,1.5,0.05,73,"ASC2_age",0,0.230370757795325,1
1,1.5,0.05,73,"ASC2_income",0,-1.27239870101601e-12,0
1,1.5,0.05,73,"ASC2_child",0.9,0.529946961950948,1
1,1.5,0.05,73,"ASC3_male",0,-1.70056981822055e-08,0
1,1.5,0.05,73,"ASC3_age",-0.7,-0.219353449037003,1
1,1.5,0.05,73,"ASC3_income",0,1.28171012038682e-06,0
1,1.5,0.05,73,"ASC3_child",0,-3.4795312765683e-09,0
1,1.5,0.05,73,"prot25_male",-0.5,-0.281169858228835,1
1,1.5,0.05,73,"prot25_age",1,0.458132816450756,1
1,1.5,0.05,73,"prot25_income",0,-0.00127271447111465,0
1,1.5,0.05,73,"prot25_child",0,-9.20906692978373e-09,0
1,1.5,0.05,73,"prot50_male",0.6,0.342920150459408,1
1,1.5,0.05,73,"prot50_age",0.8,0.396433923653014,1
1,1.5,0.05,73,"prot50_income",1.2,0.781292367652964,1
1,1.5,0.05,73,"prot50_child",0.9,0.553664799440508,1
1,1.5,0.05,73,"invasive_male",0,-7.79907412072722e-08,0
1,1.5,0.05,73,"invasive_age",-1.2,-0.688945925502921,1
1,1.5,0.05,73,"invasive_income",0,-5.85201085901038e-09,0
1,1.5,0.05,73,"invasive_child",1.1,0.628157028997219,1
1,1.5,0.05,74,"ASC2_male",0,0.118533391114333,1
1,1.5,0.05,74,"ASC2_age",0,0.0606170157389974,1
1,1.5,0.05,74,"ASC2_income",-0.5,-0.353427908548135,1
1,1.5,0.05,74,"ASC2_child",0,-0.0661033070602321,1
1,1.5,0.05,74,"ASC3_male",0.2,0.314733621489438,1
1,1.5,0.05,74,"ASC3_age",0,0.0299898234715246,0
1,1.5,0.05,74,"ASC3_income",1,0.692384197271929,1
1,1.5,0.05,74,"ASC3_child",-0.8,-0.684573154051159,1
1,1.5,0.05,74,"prot25_male",-1.1,-0.821081915039365,1
1,1.5,0.05,74,"prot25_age",-0.7,-0.447003232697795,1
1,1.5,0.05,74,"prot25_income",0.8,0.49877183714337,1
1,1.5,0.05,74,"prot25_child",0,-1.38089934438127e-09,0
1,1.5,0.05,74,"prot50_male",0.5,0.35789282579373,1
1,1.5,0.05,74,"prot50_age",0,0.00889111403357226,0
1,1.5,0.05,74,"prot50_income",-0.2,-0.268684029221655,1
1,1.5,0.05,74,"prot50_child",0,0.136032853538499,1
1,1.5,0.05,74,"invasive_male",0,-0.0544883781790256,1
1,1.5,0.05,74,"invasive_age",0,0.0727831502669804,1
1,1.5,0.05,74,"invasive_income",0,-0.00267153796127734,0
1,1.5,0.05,74,"invasive_child",1.1,0.660017866854594,1
1,1.5,0.05,75,"ASC2_male",0,-0.0643153462616496,1
1,1.5,0.05,75,"ASC2_age",0,-0.0100599578505985,0
1,1.5,0.05,75,"ASC2_income",-0.1,-0.0148516341868225,0
1,1.5,0.05,75,"ASC2_child",0,-8.83130065304814e-09,0
1,1.5,0.05,75,"ASC3_male",0,0.00568772309888334,0
1,1.5,0.05,75,"ASC3_age",-0.8,-0.52319320535673,1
1,1.5,0.05,75,"ASC3_income",0,-3.03643664445454e-08,0
1,1.5,0.05,75,"ASC3_child",0.3,0.160442199970995,1
1,1.5,0.05,75,"prot25_male",0,0.0242599609821219,0
1,1.5,0.05,75,"prot25_age",0,-1.03464603233923e-08,0
1,1.5,0.05,75,"prot25_income",-0.5,-0.320351887433341,1
1,1.5,0.05,75,"prot25_child",0.6,0.279570960184472,1
1,1.5,0.05,75,"prot50_male",0,0.0864350038183245,1
1,1.5,0.05,75,"prot50_age",0,0.00308297438852247,0
1,1.5,0.05,75,"prot50_income",-0.5,-0.345036820212705,1
1,1.5,0.05,75,"prot50_child",0,-4.4266309585704e-10,0
1,1.5,0.05,75,"invasive_male",-0.9,-0.655483609228388,1
1,1.5,0.05,75,"invasive_age",-0.1,-0.126121955295744,1
1,1.5,0.05,75,"invasive_income",1.1,0.773719141332869,1
1,1.5,0.05,75,"invasive_child",0.1,0.0143110458462397,0
1,1.5,0.05,76,"ASC2_male",0,-0.194847249722395,1
1,1.5,0.05,76,"ASC2_age",-0.8,-0.503145364067226,1
1,1.5,0.05,76,"ASC2_income",-0.8,-0.443611226870546,1
1,1.5,0.05,76,"ASC2_child",0,-0.00304480650187496,0
1,1.5,0.05,76,"ASC3_male",1,0.345414762738722,1
1,1.5,0.05,76,"ASC3_age",0.2,0.134995937719156,1
1,1.5,0.05,76,"ASC3_income",0.7,0.485162456180064,1
1,1.5,0.05,76,"ASC3_child",0,0.0231576580252014,0
1,1.5,0.05,76,"prot25_male",1,0.872991227013528,1
1,1.5,0.05,76,"prot25_age",-0.4,-0.23782942861599,1
1,1.5,0.05,76,"prot25_income",0,-7.57209761306467e-09,0
1,1.5,0.05,76,"prot25_child",0,-0.010366300512049,0
1,1.5,0.05,76,"prot50_male",-1.1,-0.41999167304433,1
1,1.5,0.05,76,"prot50_age",0,-2.08881788986442e-09,0
1,1.5,0.05,76,"prot50_income",0,-6.43650837245529e-09,0
1,1.5,0.05,76,"prot50_child",0,-2.12216338119019e-09,0
1,1.5,0.05,76,"invasive_male",0.5,0.273099271019258,1
1,1.5,0.05,76,"invasive_age",0,-6.07051923309825e-10,0
1,1.5,0.05,76,"invasive_income",0,-4.46975299127571e-09,0
1,1.5,0.05,76,"invasive_child",-1.2,-0.598998859799487,1
1,1.5,0.05,77,"ASC2_male",0.4,0.19207156157274,1
1,1.5,0.05,77,"ASC2_age",0,0.0745206844654848,1
1,1.5,0.05,77,"ASC2_income",0,0.0876338098744888,1
1,1.5,0.05,77,"ASC2_child",-1.1,-0.763459049130817,1
1,1.5,0.05,77,"ASC3_male",0,-0.185861557500264,1
1,1.5,0.05,77,"ASC3_age",0,0.0876752606126222,1
1,1.5,0.05,77,"ASC3_income",-1.1,-0.642811807765002,1
1,1.5,0.05,77,"ASC3_child",0.7,0.452585230139394,1
1,1.5,0.05,77,"prot25_male",-0.1,-3.91728413612222e-08,0
1,1.5,0.05,77,"prot25_age",0,-0.0567500817813979,1
1,1.5,0.05,77,"prot25_income",0.8,0.414062284267405,1
1,1.5,0.05,77,"prot25_child",-0.7,-0.361241362937419,1
1,1.5,0.05,77,"prot50_male",0,0.121066487554233,1
1,1.5,0.05,77,"prot50_age",0.4,0.277880983229873,1
1,1.5,0.05,77,"prot50_income",0.8,0.458742817598166,1
1,1.5,0.05,77,"prot50_child",0,0.0398972139968179,0
1,1.5,0.05,77,"invasive_male",0,4.48893480419466e-07,0
1,1.5,0.05,77,"invasive_age",0,0.000334028088908978,0
1,1.5,0.05,77,"invasive_income",0,0.0094742504295564,0
1,1.5,0.05,77,"invasive_child",0.9,0.540493282405076,1
1,1.5,0.05,78,"ASC2_male",-0.6,-0.50484430566978,1
1,1.5,0.05,78,"ASC2_age",0,0.0287000711079604,0
1,1.5,0.05,78,"ASC2_income",0,-0.0450175096529736,0
1,1.5,0.05,78,"ASC2_child",0,-0.0489946020676736,0
1,1.5,0.05,78,"ASC3_male",-1.2,-0.765589997100447,1
1,1.5,0.05,78,"ASC3_age",-0.7,-0.456551950311527,1
1,1.5,0.05,78,"ASC3_income",0,-0.0238763728127183,0
1,1.5,0.05,78,"ASC3_child",0.8,0.448796822679293,1
1,1.5,0.05,78,"prot25_male",0.4,0.182003198013645,1
1,1.5,0.05,78,"prot25_age",0,-0.0136990148968764,0
1,1.5,0.05,78,"prot25_income",0,0.00690124096992517,0
1,1.5,0.05,78,"prot25_child",-1.2,-0.785844005929115,1
1,1.5,0.05,78,"prot50_male",0,-1.66719564627229e-07,0
1,1.5,0.05,78,"prot50_age",0.5,0.322796142775019,1
1,1.5,0.05,78,"prot50_income",0.1,0.0344779855065648,0
1,1.5,0.05,78,"prot50_child",0.2,0.0724966411898277,1
1,1.5,0.05,78,"invasive_male",0,0.000937959434008084,0
1,1.5,0.05,78,"invasive_age",0,-0.0386158204291806,0
1,1.5,0.05,78,"invasive_income",0,-0.0812052981098007,1
1,1.5,0.05,78,"invasive_child",0.9,0.402391594804745,1
1,1.5,0.05,79,"ASC2_male",0,0.0572854571842688,1
1,1.5,0.05,79,"ASC2_age",0,-0.0096293550403693,0
1,1.5,0.05,79,"ASC2_income",0.2,0.230091878969587,1
1,1.5,0.05,79,"ASC2_child",0,-0.102365597702781,1
1,1.5,0.05,79,"ASC3_male",0,0.0334062186479777,0
1,1.5,0.05,79,"ASC3_age",-0.6,-0.424044841770365,1
1,1.5,0.05,79,"ASC3_income",-1,-0.573306584545253,1
1,1.5,0.05,79,"ASC3_child",0.7,0.360193166468097,1
1,1.5,0.05,79,"prot25_male",0,0.0083493194660953,0
1,1.5,0.05,79,"prot25_age",-1,-0.688146626326684,1
1,1.5,0.05,79,"prot25_income",0,-0.0941657561065206,1
1,1.5,0.05,79,"prot25_child",0,0.0488586504244677,0
1,1.5,0.05,79,"prot50_male",-1.1,-0.717641534841086,1
1,1.5,0.05,79,"prot50_age",-1.1,-0.770974637170008,1
1,1.5,0.05,79,"prot50_income",0.9,0.539771220709834,1
1,1.5,0.05,79,"prot50_child",0.4,0.241488183670862,1
1,1.5,0.05,79,"invasive_male",-0.4,-0.277715884654673,1
1,1.5,0.05,79,"invasive_age",0,1.04481593075766e-09,0
1,1.5,0.05,79,"invasive_income",0,1.63464965833359e-07,0
1,1.5,0.05,79,"invasive_child",0,-0.0723107659599292,1
1,1.5,0.05,80,"ASC2_male",-0.3,-0.143241994042746,1
1,1.5,0.05,80,"ASC2_age",0,-0.0955912592180778,1
1,1.5,0.05,80,"ASC2_income",0.9,0.670213796395048,1
1,1.5,0.05,80,"ASC2_child",-1,-0.651750526043824,1
1,1.5,0.05,80,"ASC3_male",0,-0.0465996344792472,0
1,1.5,0.05,80,"ASC3_age",-0.6,-0.457600745265788,1
1,1.5,0.05,80,"ASC3_income",0,0.0652439164415832,1
1,1.5,0.05,80,"ASC3_child",0,-4.87889497632318e-09,0
1,1.5,0.05,80,"prot25_male",0,0.0365060281811859,0
1,1.5,0.05,80,"prot25_age",0.8,0.558631544206504,1
1,1.5,0.05,80,"prot25_income",0.1,0.0394440326514754,0
1,1.5,0.05,80,"prot25_child",0,-7.12195112435917e-08,0
1,1.5,0.05,80,"prot50_male",0,0.0205548843895731,0
1,1.5,0.05,80,"prot50_age",0,0.00404083918486794,0
1,1.5,0.05,80,"prot50_income",0.7,0.411065172887473,1
1,1.5,0.05,80,"prot50_child",0,0.110984264967171,1
1,1.5,0.05,80,"invasive_male",0,1.15625330219085e-07,0
1,1.5,0.05,80,"invasive_age",-0.8,-0.558820871916824,1
1,1.5,0.05,80,"invasive_income",-0.7,-0.46829396140124,1
1,1.5,0.05,80,"invasive_child",0.7,0.477922517617466,1
1,1.5,0.05,81,"ASC2_male",0,-0.0389295142482357,0
1,1.5,0.05,81,"ASC2_age",-1.1,-0.708265508617072,1
1,1.5,0.05,81,"ASC2_income",0.1,0.104834952411589,1
1,1.5,0.05,81,"ASC2_child",0.8,0.465907514814292,1
1,1.5,0.05,81,"ASC3_male",0,-0.0465193328909934,0
1,1.5,0.05,81,"ASC3_age",0,0.0350895254555052,0
1,1.5,0.05,81,"ASC3_income",-0.8,-0.465336431281,1
1,1.5,0.05,81,"ASC3_child",0,-2.74891173926564e-06,0
1,1.5,0.05,81,"prot25_male",0,6.82268919800229e-07,0
1,1.5,0.05,81,"prot25_age",-0.3,-0.233123154518657,1
1,1.5,0.05,81,"prot25_income",0.1,-1.82193625102759e-06,0
1,1.5,0.05,81,"prot25_child",0.2,0.21042136894245,1
1,1.5,0.05,81,"prot50_male",0,-0.0223072135194176,0
1,1.5,0.05,81,"prot50_age",0.4,0.250032129568932,1
1,1.5,0.05,81,"prot50_income",-0.3,-0.234846353403125,1
1,1.5,0.05,81,"prot50_child",0,0.064041033567571,1
1,1.5,0.05,81,"invasive_male",0,-1.60548863286286e-09,0
1,1.5,0.05,81,"invasive_age",0,-0.0113536256653641,0
1,1.5,0.05,81,"invasive_income",-0.5,-0.309913797785342,1
1,1.5,0.05,81,"invasive_child",0,5.3487346474645e-06,0
1,1.5,0.05,82,"ASC2_male",0.9,0.49903626188531,1
1,1.5,0.05,82,"ASC2_age",-0.6,-0.41392557683024,1
1,1.5,0.05,82,"ASC2_income",1.1,0.69693770140471,1
1,1.5,0.05,82,"ASC2_child",-0.9,-0.448766327842368,1
1,1.5,0.05,82,"ASC3_male",0,1.43454706242824e-10,0
1,1.5,0.05,82,"ASC3_age",0,-0.0284983269042147,0
1,1.5,0.05,82,"ASC3_income",0,-0.0485469180922915,0
1,1.5,0.05,82,"ASC3_child",0.3,0.330105795700689,1
1,1.5,0.05,82,"prot25_male",0,0.073437729495065,1
1,1.5,0.05,82,"prot25_age",0,0.0171302918698026,0
1,1.5,0.05,82,"prot25_income",0,0.0205550207544141,0
1,1.5,0.05,82,"prot25_child",1.1,0.625135739937528,1
1,1.5,0.05,82,"prot50_male",-0.4,-0.264565291179861,1
1,1.5,0.05,82,"prot50_age",0,-0.0198958321432102,0
1,1.5,0.05,82,"prot50_income",-0.5,-0.31205440229889,1
1,1.5,0.05,82,"prot50_child",0,-0.106768185656586,1
1,1.5,0.05,82,"invasive_male",0,0.0196968332732331,0
1,1.5,0.05,82,"invasive_age",-1.1,-0.722582918806359,1
1,1.5,0.05,82,"invasive_income",0,-0.0811224174998772,1
1,1.5,0.05,82,"invasive_child",0.4,0.406901181994373,1
1,1.5,0.05,83,"ASC2_male",0.9,0.412975189223691,1
1,1.5,0.05,83,"ASC2_age",0,0.0472455708522852,0
1,1.5,0.05,83,"ASC2_income",-0.9,-0.579951763524281,1
1,1.5,0.05,83,"ASC2_child",-0.8,-0.442710170848836,1
1,1.5,0.05,83,"ASC3_male",0.9,0.512304783009366,1
1,1.5,0.05,83,"ASC3_age",0,-5.04850874488939e-09,0
1,1.5,0.05,83,"ASC3_income",0,-0.0187297797499309,0
1,1.5,0.05,83,"ASC3_child",0,0.0475781964668106,0
1,1.5,0.05,83,"prot25_male",1,0.612093205288726,1
1,1.5,0.05,83,"prot25_age",1.2,0.761393473147856,1
1,1.5,0.05,83,"prot25_income",-0.2,-0.127315259862545,1
1,1.5,0.05,83,"prot25_child",0,-8.93465840756045e-10,0
1,1.5,0.05,83,"prot50_male",0,5.71501999201035e-08,0
1,1.5,0.05,83,"prot50_age",0,-0.00223261910616942,0
1,1.5,0.05,83,"prot50_income",-0.2,-0.0785428864500457,1
1,1.5,0.05,83,"prot50_child",0,-7.28281717058833e-08,0
1,1.5,0.05,83,"invasive_male",0,-0.0799047964073235,1
1,1.5,0.05,83,"invasive_age",-0.8,-0.462565473307762,1
1,1.5,0.05,83,"invasive_income",-0.9,-0.527491433132242,1
1,1.5,0.05,83,"invasive_child",0,-1.57132138434604e-07,0
1,1.5,0.05,84,"ASC2_male",0,0.0382065733625851,0
1,1.5,0.05,84,"ASC2_age",0,-2.23004248446764e-09,0
1,1.5,0.05,84,"ASC2_income",0.4,0.253627288968586,1
1,1.5,0.05,84,"ASC2_child",-0.9,-0.71762375682878,1
1,1.5,0.05,84,"ASC3_male",-0.2,-0.039828104575495,0
1,1.5,0.05,84,"ASC3_age",0.6,0.404943193753455,1
1,1.5,0.05,84,"ASC3_income",0.4,0.266335493538472,1
1,1.5,0.05,84,"ASC3_child",-0.6,-0.502764343012344,1
1,1.5,0.05,84,"prot25_male",0,-0.0339058838277106,0
1,1.5,0.05,84,"prot25_age",0,2.10385164834684e-06,0
1,1.5,0.05,84,"prot25_income",0.2,0.15862815859949,1
1,1.5,0.05,84,"prot25_child",-0.7,-0.366641810476928,1
1,1.5,0.05,84,"prot50_male",0,7.4282265429603e-09,0
1,1.5,0.05,84,"prot50_age",0,-2.06081703186465e-07,0
1,1.5,0.05,84,"prot50_income",0,0.00411161652444541,0
1,1.5,0.05,84,"prot50_child",-0.9,-0.35385179507074,1
1,1.5,0.05,84,"invasive_male",-1.1,-0.552786722060967,1
1,1.5,0.05,84,"invasive_age",0,-0.0324916241354229,0
1,1.5,0.05,84,"invasive_income",0,-0.039060296788252,0
1,1.5,0.05,84,"invasive_child",0,0.0422087773758215,0
1,1.5,0.05,85,"ASC2_male",0.9,0.686345375047352,1
1,1.5,0.05,85,"ASC2_age",0,0.0377610356781971,0
1,1.5,0.05,85,"ASC2_income",0.4,0.235259172800754,1
1,1.5,0.05,85,"ASC2_child",0,-0.163054034457972,1
1,1.5,0.05,85,"ASC3_male",0,-0.0269893671048103,0
1,1.5,0.05,85,"ASC3_age",0.5,0.387077345363434,1
1,1.5,0.05,85,"ASC3_income",0.9,0.59933542623921,1
1,1.5,0.05,85,"ASC3_child",0.4,0.0803037967697156,1
1,1.5,0.05,85,"prot25_male",0,-0.07838621917441,1
1,1.5,0.05,85,"prot25_age",-0.3,-0.211805234168518,1
1,1.5,0.05,85,"prot25_income",0.7,0.52126763193004,1
1,1.5,0.05,85,"prot25_child",0,0.0809193830311982,1
1,1.5,0.05,85,"prot50_male",0,-0.0418799179279927,0
1,1.5,0.05,85,"prot50_age",-0.8,-0.541109693908229,1
1,1.5,0.05,85,"prot50_income",-0.7,-0.406071697370619,1
1,1.5,0.05,85,"prot50_child",0,-0.0290081125424516,0
1,1.5,0.05,85,"invasive_male",0,-0.0206273168259026,0
1,1.5,0.05,85,"invasive_age",0,0.0134726579620768,0
1,1.5,0.05,85,"invasive_income",0,0.0287302714610038,0
1,1.5,0.05,85,"invasive_child",0.6,0.292321265475803,1
1,1.5,0.05,86,"ASC2_male",0,8.93550728638228e-05,0
1,1.5,0.05,86,"ASC2_age",-0.6,-0.37697665846895,1
1,1.5,0.05,86,"ASC2_income",0.7,0.279847750625975,1
1,1.5,0.05,86,"ASC2_child",0,0.0689163061461924,1
1,1.5,0.05,86,"ASC3_male",0,-0.0447282517309863,0
1,1.5,0.05,86,"ASC3_age",0,-0.0237076573964347,0
1,1.5,0.05,86,"ASC3_income",1.2,0.641047332136413,1
1,1.5,0.05,86,"ASC3_child",0,-9.92481380230301e-09,0
1,1.5,0.05,86,"prot25_male",-0.7,-0.361423204314333,1
1,1.5,0.05,86,"prot25_age",-1,-0.735823440565484,1
1,1.5,0.05,86,"prot25_income",0,-0.00286736268832532,0
1,1.5,0.05,86,"prot25_child",0.9,0.498591711796619,1
1,1.5,0.05,86,"prot50_male",1,0.788946678908992,1
1,1.5,0.05,86,"prot50_age",0,-0.00591883308471538,0
1,1.5,0.05,86,"prot50_income",0,0.0480243367296239,0
1,1.5,0.05,86,"prot50_child",-1,-0.67157024718973,1
1,1.5,0.05,86,"invasive_male",0,0.00895567232832413,0
1,1.5,0.05,86,"invasive_age",1,0.673566721290387,1
1,1.5,0.05,86,"invasive_income",0,-7.76985403856365e-09,0
1,1.5,0.05,86,"invasive_child",0.3,0.225352946759009,1
1,1.5,0.05,87,"ASC2_male",-0.3,-0.205865842375541,1
1,1.5,0.05,87,"ASC2_age",0.1,0.00270092721848688,0
1,1.5,0.05,87,"ASC2_income",-0.2,-0.107040375741057,1
1,1.5,0.05,87,"ASC2_child",0,-0.0161335877577749,0
1,1.5,0.05,87,"ASC3_male",0,-1.31548104353051e-08,0
1,1.5,0.05,87,"ASC3_age",0,-0.0685997923426808,1
1,1.5,0.05,87,"ASC3_income",0.3,0.20570904066149,1
1,1.5,0.05,87,"ASC3_child",0.7,0.456175112984062,1
1,1.5,0.05,87,"prot25_male",0,0.0179784170844559,0
1,1.5,0.05,87,"prot25_age",0,0.0448505566635924,0
1,1.5,0.05,87,"prot25_income",0.5,0.317935321001616,1
1,1.5,0.05,87,"prot25_child",0,0.155606771208124,1
1,1.5,0.05,87,"prot50_male",0,-0.00155000586762371,0
1,1.5,0.05,87,"prot50_age",1,0.721012324649093,1
1,1.5,0.05,87,"prot50_income",1.1,0.731827916754201,1
1,1.5,0.05,87,"prot50_child",-0.7,-0.483731583594097,1
1,1.5,0.05,87,"invasive_male",0,-0.0728091198000853,1
1,1.5,0.05,87,"invasive_age",-1.1,-0.747744231384808,1
1,1.5,0.05,87,"invasive_income",0,-0.00811379427431193,0
1,1.5,0.05,87,"invasive_child",0,-9.18772471395364e-08,0
1,1.5,0.05,88,"ASC2_male",0,1.62745248151583e-09,0
1,1.5,0.05,88,"ASC2_age",0.5,0.299751692640788,1
1,1.5,0.05,88,"ASC2_income",-1,-0.757538615103358,1
1,1.5,0.05,88,"ASC2_child",0,-0.168219863549648,1
1,1.5,0.05,88,"ASC3_male",0,-4.4824145734574e-08,0
1,1.5,0.05,88,"ASC3_age",0,0.00238981542801324,0
1,1.5,0.05,88,"ASC3_income",-0.6,-0.407713155611659,1
1,1.5,0.05,88,"ASC3_child",1.1,0.628373453177002,1
1,1.5,0.05,88,"prot25_male",0.8,0.600961415439659,1
1,1.5,0.05,88,"prot25_age",0.3,0.21972472726335,1
1,1.5,0.05,88,"prot25_income",-0.5,-0.299671606286646,1
1,1.5,0.05,88,"prot25_child",-1,-0.547106738808738,1
1,1.5,0.05,88,"prot50_male",-0.2,-0.021320503714947,0
1,1.5,0.05,88,"prot50_age",0,0.0138105565890969,0
1,1.5,0.05,88,"prot50_income",-0.3,-0.19933171926172,1
1,1.5,0.05,88,"prot50_child",0,-4.49275839054792e-10,0
1,1.5,0.05,88,"invasive_male",0,0.00083082815060055,0
1,1.5,0.05,88,"invasive_age",0,-2.35563939810393e-08,0
1,1.5,0.05,88,"invasive_income",0,-1.81500769397629e-08,0
1,1.5,0.05,88,"invasive_child",0,-2.33375154250894e-09,0
1,1.5,0.05,89,"ASC2_male",0,-0.00427316557248798,0
1,1.5,0.05,89,"ASC2_age",0.3,0.124906413494311,1
1,1.5,0.05,89,"ASC2_income",0,0.0141682399141701,0
1,1.5,0.05,89,"ASC2_child",0,-2.15130514311407e-05,0
1,1.5,0.05,89,"ASC3_male",0,0.0423295331530354,0
1,1.5,0.05,89,"ASC3_age",0.8,0.432675560063685,1
1,1.5,0.05,89,"ASC3_income",0,-1.39338944958908e-08,0
1,1.5,0.05,89,"ASC3_child",1,0.546433932916013,1
1,1.5,0.05,89,"prot25_male",0.7,0.438050338900612,1
1,1.5,0.05,89,"prot25_age",0,0.0939973020814873,1
1,1.5,0.05,89,"prot25_income",0,-0.00720905840128474,0
1,1.5,0.05,89,"prot25_child",-0.2,-3.05781920615319e-09,0
1,1.5,0.05,89,"prot50_male",-0.6,-0.590787622670126,1
1,1.5,0.05,89,"prot50_age",0.2,0.208471131255514,1
1,1.5,0.05,89,"prot50_income",0.1,0.0322967376850338,0
1,1.5,0.05,89,"prot50_child",0,2.7116991309717e-09,0
1,1.5,0.05,89,"invasive_male",0,-0.0964634077096794,1
1,1.5,0.05,89,"invasive_age",0,-0.0174547449062939,0
1,1.5,0.05,89,"invasive_income",0.7,0.482557616307018,1
1,1.5,0.05,89,"invasive_child",0.6,0.33755285734967,1
1,1.5,0.05,90,"ASC2_male",0,-0.0699012549706919,1
1,1.5,0.05,90,"ASC2_age",0.5,0.313241214257057,1
1,1.5,0.05,90,"ASC2_income",0.8,0.742320220425021,1
1,1.5,0.05,90,"ASC2_child",0.3,0.0061098709759766,0
1,1.5,0.05,90,"ASC3_male",0,3.92406263814975e-08,0
1,1.5,0.05,90,"ASC3_age",0.3,0.151364888413822,1
1,1.5,0.05,90,"ASC3_income",-1.1,-0.640537496123285,1
1,1.5,0.05,90,"ASC3_child",0,-0.201131383697539,1
1,1.5,0.05,90,"prot25_male",0,0.0965829125470739,1
1,1.5,0.05,90,"prot25_age",1.2,0.856755212915255,1
1,1.5,0.05,90,"prot25_income",0.4,0.244739046443711,1
1,1.5,0.05,90,"prot25_child",0,0.147961209160206,1
1,1.5,0.05,90,"prot50_male",-0.8,-0.415391200793617,1
1,1.5,0.05,90,"prot50_age",0.4,0.304362261686573,1
1,1.5,0.05,90,"prot50_income",-0.1,-0.183302904411509,1
1,1.5,0.05,90,"prot50_child",0,0.198887470820058,1
1,1.5,0.05,90,"invasive_male",0,-0.0808426001012613,1
1,1.5,0.05,90,"invasive_age",0,-0.0246536962952293,0
1,1.5,0.05,90,"invasive_income",0,0.0500355651786059,1
1,1.5,0.05,90,"invasive_child",0,-0.0432277925727776,0
1,1.5,0.05,91,"ASC2_male",0,0.00679430461988959,0
1,1.5,0.05,91,"ASC2_age",-0.4,-0.301183195775246,1
1,1.5,0.05,91,"ASC2_income",0.3,0.236068833895195,1
1,1.5,0.05,91,"ASC2_child",-0.2,-0.317860078889262,1
1,1.5,0.05,91,"ASC3_male",0,0.0438199942022816,0
1,1.5,0.05,91,"ASC3_age",0.2,0.105401083800911,1
1,1.5,0.05,91,"ASC3_income",-0.3,-0.195587944904276,1
1,1.5,0.05,91,"ASC3_child",-0.8,-0.71208150633946,1
1,1.5,0.05,91,"prot25_male",0,-0.0237794902732867,0
1,1.5,0.05,91,"prot25_age",0,-0.0861323249371593,1
1,1.5,0.05,91,"prot25_income",0.8,0.534679330429124,1
1,1.5,0.05,91,"prot25_child",0,0.0358224680645805,0
1,1.5,0.05,91,"prot50_male",0.3,0.128375256170244,1
1,1.5,0.05,91,"prot50_age",0,-0.0578207781381729,1
1,1.5,0.05,91,"prot50_income",0,0.0675961771050926,1
1,1.5,0.05,91,"prot50_child",0,-0.142628850351469,1
1,1.5,0.05,91,"invasive_male",0,-0.0647091514127597,1
1,1.5,0.05,91,"invasive_age",-0.2,-0.230878116546997,1
1,1.5,0.05,91,"invasive_income",-0.5,-0.308467731293828,1
1,1.5,0.05,91,"invasive_child",0,-0.294177219995693,1
1,1.5,0.05,92,"ASC2_male",-0.5,-0.418500965884171,1
1,1.5,0.05,92,"ASC2_age",1,0.628255709597757,1
1,1.5,0.05,92,"ASC2_income",0,0.0204574946544812,0
1,1.5,0.05,92,"ASC2_child",0,-0.298576494398535,1
1,1.5,0.05,92,"ASC3_male",0,-0.0521113018265702,1
1,1.5,0.05,92,"ASC3_age",0,-0.0389530799248488,0
1,1.5,0.05,92,"ASC3_income",0,0.0378403571298731,0
1,1.5,0.05,92,"ASC3_child",0.3,0.052099335767286,1
1,1.5,0.05,92,"prot25_male",-1.1,-0.750452200409879,1
1,1.5,0.05,92,"prot25_age",0,0.0791400822569169,1
1,1.5,0.05,92,"prot25_income",-1.2,-0.913382110516049,1
1,1.5,0.05,92,"prot25_child",0,0.138287877400375,1
1,1.5,0.05,92,"prot50_male",-0.4,-0.205385439134207,1
1,1.5,0.05,92,"prot50_age",-0.6,-0.384780649005831,1
1,1.5,0.05,92,"prot50_income",0,-0.0286210630929251,0
1,1.5,0.05,92,"prot50_child",0.8,0.701958583543707,1
1,1.5,0.05,92,"invasive_male",0,-0.00504971419108453,0
1,1.5,0.05,92,"invasive_age",0,-0.0314817705578813,0
1,1.5,0.05,92,"invasive_income",0.7,0.500312090654529,1
1,1.5,0.05,92,"invasive_child",0.9,0.490407661178379,1
1,1.5,0.05,93,"ASC2_male",0,-0.0164632253218122,0
1,1.5,0.05,93,"ASC2_age",-0.9,-0.470143731711533,1
1,1.5,0.05,93,"ASC2_income",0,6.84312602730541e-08,0
1,1.5,0.05,93,"ASC2_child",-0.4,-0.14770784151207,1
1,1.5,0.05,93,"ASC3_male",0,-0.0768353299494689,1
1,1.5,0.05,93,"ASC3_age",-1.1,-0.626617422919435,1
1,1.5,0.05,93,"ASC3_income",0,-0.00724532915808069,0
1,1.5,0.05,93,"ASC3_child",-1,-0.51939845909401,1
1,1.5,0.05,93,"prot25_male",0,5.60671677463282e-05,0
1,1.5,0.05,93,"prot25_age",0,-0.0660813649687157,1
1,1.5,0.05,93,"prot25_income",0.4,0.21466921451543,1
1,1.5,0.05,93,"prot25_child",1.1,0.68937652709338,1
1,1.5,0.05,93,"prot50_male",0,0.0161522858194664,0
1,1.5,0.05,93,"prot50_age",0.2,0.0504432074744889,1
1,1.5,0.05,93,"prot50_income",1.2,0.761462628570329,1
1,1.5,0.05,93,"prot50_child",-1.1,-0.710257264101703,1
1,1.5,0.05,93,"invasive_male",0,-0.105462931130266,1
1,1.5,0.05,93,"invasive_age",0,0.060595031389459,1
1,1.5,0.05,93,"invasive_income",0,3.06199015980298e-07,0
1,1.5,0.05,93,"invasive_child",-0.2,-0.0949225200952046,1
1,1.5,0.05,94,"ASC2_male",-0.2,-0.000525152172910426,0
1,1.5,0.05,94,"ASC2_age",0,-0.0248047816189539,0
1,1.5,0.05,94,"ASC2_income",-0.2,-0.00795850766383122,0
1,1.5,0.05,94,"ASC2_child",0.3,0.184772272828452,1
1,1.5,0.05,94,"ASC3_male",-0.1,0.0111302662615407,0
1,1.5,0.05,94,"ASC3_age",0,0.0290464337938264,0
1,1.5,0.05,94,"ASC3_income",-1.2,-0.725687051847448,1
1,1.5,0.05,94,"ASC3_child",-0.5,-0.287632563880124,1
1,1.5,0.05,94,"prot25_male",0,-0.141715952799858,1
1,1.5,0.05,94,"prot25_age",0,0.0110660983748038,0
1,1.5,0.05,94,"prot25_income",0,-0.0848170176084811,1
1,1.5,0.05,94,"prot25_child",0,9.99643806099463e-12,0
1,1.5,0.05,94,"prot50_male",0,-0.158224217884745,1
1,1.5,0.05,94,"prot50_age",0,0.0470609429852808,0
1,1.5,0.05,94,"prot50_income",-0.6,-0.438303597621531,1
1,1.5,0.05,94,"prot50_child",0,0.0317206994621488,0
1,1.5,0.05,94,"invasive_male",0,-0.00217998624039069,0
1,1.5,0.05,94,"invasive_age",1,0.690114701444572,1
1,1.5,0.05,94,"invasive_income",0.8,0.558464361633694,1
1,1.5,0.05,94,"invasive_child",0.6,0.274235264257299,1
1,1.5,0.05,95,"ASC2_male",-0.4,-0.140955089904792,1
1,1.5,0.05,95,"ASC2_age",-0.5,-0.276182432048717,1
1,1.5,0.05,95,"ASC2_income",0,0.00987917114342094,0
1,1.5,0.05,95,"ASC2_child",-0.7,-0.242280867216722,1
1,1.5,0.05,95,"ASC3_male",-1.1,-0.585507465915946,1
1,1.5,0.05,95,"ASC3_age",0,-0.0143783375747977,0
1,1.5,0.05,95,"ASC3_income",0,-0.00568825085416067,0
1,1.5,0.05,95,"ASC3_child",0,0.128343561169168,1
1,1.5,0.05,95,"prot25_male",-0.9,-0.68542474622486,1
1,1.5,0.05,95,"prot25_age",0,-0.0571864976125976,1
1,1.5,0.05,95,"prot25_income",0,-0.050132537596558,1
1,1.5,0.05,95,"prot25_child",0.5,0.0678767155406206,1
1,1.5,0.05,95,"prot50_male",0.3,0.123671353745792,1
1,1.5,0.05,95,"prot50_age",0.7,0.388855853306521,1
1,1.5,0.05,95,"prot50_income",0,-0.0427019738658619,0
1,1.5,0.05,95,"prot50_child",0.6,0.024243684782484,0
1,1.5,0.05,95,"invasive_male",0,0.126165482175178,1
1,1.5,0.05,95,"invasive_age",0,-0.028371673330957,0
1,1.5,0.05,95,"invasive_income",0,0.0352738360953288,0
1,1.5,0.05,95,"invasive_child",0.5,0.0846199672936464,1
1,1.5,0.05,96,"ASC2_male",-0.1,-0.0381087181977569,0
1,1.5,0.05,96,"ASC2_age",0.2,0.117409602511442,1
1,1.5,0.05,96,"ASC2_income",0,0.0264621301404754,0
1,1.5,0.05,96,"ASC2_child",-0.4,-0.19971277849513,1
1,1.5,0.05,96,"ASC3_male",0,-7.29134679007292e-09,0
1,1.5,0.05,96,"ASC3_age",0,-0.0577332255143321,1
1,1.5,0.05,96,"ASC3_income",-0.6,-0.395853652129194,1
1,1.5,0.05,96,"ASC3_child",0.6,0.41078199296605,1
1,1.5,0.05,96,"prot25_male",0.3,0.0312215226464172,0
1,1.5,0.05,96,"prot25_age",0,-9.81576104807804e-09,0
1,1.5,0.05,96,"prot25_income",0,0.0571247298849653,1
1,1.5,0.05,96,"prot25_child",-0.8,-0.58832123530732,1
1,1.5,0.05,96,"prot50_male",0.3,0.187495883517096,1
1,1.5,0.05,96,"prot50_age",1.2,0.844464809832672,1
1,1.5,0.05,96,"prot50_income",0,-3.87376045008462e-07,0
1,1.5,0.05,96,"prot50_child",0,-1.06447161160433e-08,0
1,1.5,0.05,96,"invasive_male",0,-4.50943063804015e-08,0
1,1.5,0.05,96,"invasive_age",0,0.00243245165186619,0
1,1.5,0.05,96,"invasive_income",0,0.0263595372150955,0
1,1.5,0.05,96,"invasive_child",0.6,0.541379756107514,1
1,1.5,0.05,97,"ASC2_male",0.8,0.570864368198131,1
1,1.5,0.05,97,"ASC2_age",0,0.0626475826503979,1
1,1.5,0.05,97,"ASC2_income",-1.1,-0.615117498249849,1
1,1.5,0.05,97,"ASC2_child",0.9,0.694341974745879,1
1,1.5,0.05,97,"ASC3_male",0.5,0.406806778457066,1
1,1.5,0.05,97,"ASC3_age",0,0.0720947321424817,1
1,1.5,0.05,97,"ASC3_income",0,0.0818324896819367,1
1,1.5,0.05,97,"ASC3_child",0,0.0573816437720571,1
1,1.5,0.05,97,"prot25_male",-0.4,-0.311655088068598,1
1,1.5,0.05,97,"prot25_age",0,-0.0293109929389912,0
1,1.5,0.05,97,"prot25_income",0,0.0115355068090958,0
1,1.5,0.05,97,"prot25_child",0,-4.94180011832395e-09,0
1,1.5,0.05,97,"prot50_male",0.4,0.166542198524444,1
1,1.5,0.05,97,"prot50_age",1.2,0.87620593498357,1
1,1.5,0.05,97,"prot50_income",-0.4,-0.270297386120641,1
1,1.5,0.05,97,"prot50_child",0.3,0.2760578307167,1
1,1.5,0.05,97,"invasive_male",0,-0.0737684395813445,1
1,1.5,0.05,97,"invasive_age",0,0.0806736607017685,1
1,1.5,0.05,97,"invasive_income",0,0.0678891911911397,1
1,1.5,0.05,97,"invasive_child",-0.8,-0.412792803042876,1
1,1.5,0.05,98,"ASC2_male",0,-0.0205891754189469,0
1,1.5,0.05,98,"ASC2_age",0.8,0.511036529650955,1
1,1.5,0.05,98,"ASC2_income",0,-0.00369822814301696,0
1,1.5,0.05,98,"ASC2_child",0.1,-0.153366123663503,1
1,1.5,0.05,98,"ASC3_male",1.2,0.768865533508971,1
1,1.5,0.05,98,"ASC3_age",-0.7,-0.42992187272648,1
1,1.5,0.05,98,"ASC3_income",-0.6,-0.462322833133372,1
1,1.5,0.05,98,"ASC3_child",-0.2,-0.168348030478909,1
1,1.5,0.05,98,"prot25_male",0,0.0201350577232782,0
1,1.5,0.05,98,"prot25_age",0,-0.00706568004454604,0
1,1.5,0.05,98,"prot25_income",0,0.0158498780423188,0
1,1.5,0.05,98,"prot25_child",0.7,0.588543859058315,1
1,1.5,0.05,98,"prot50_male",0.5,0.425767276709484,1
1,1.5,0.05,98,"prot50_age",-0.7,-0.491195273028167,1
1,1.5,0.05,98,"prot50_income",-1.2,-0.744157983173248,1
1,1.5,0.05,98,"prot50_child",0,0.165489707342104,1
1,1.5,0.05,98,"invasive_male",0,-0.0108083422061924,0
1,1.5,0.05,98,"invasive_age",0,-0.0201835105228555,0
1,1.5,0.05,98,"invasive_income",0,0.0606459263342348,1
1,1.5,0.05,98,"invasive_child",0,-0.0379532472539853,0
1,1.5,0.05,99,"ASC2_male",0.5,0.359797291749518,1
1,1.5,0.05,99,"ASC2_age",0,1.27525779026191e-07,0
1,1.5,0.05,99,"ASC2_income",0.7,0.422861074116608,1
1,1.5,0.05,99,"ASC2_child",1.1,0.580863746854665,1
1,1.5,0.05,99,"ASC3_male",0,-0.028178701469279,0
1,1.5,0.05,99,"ASC3_age",1.2,0.815778238629707,1
1,1.5,0.05,99,"ASC3_income",0,0.0433841083310553,0
1,1.5,0.05,99,"ASC3_child",0,-0.195750239851412,1
1,1.5,0.05,99,"prot25_male",0.3,0.217292147582097,1
1,1.5,0.05,99,"prot25_age",0.9,0.544877465196082,1
1,1.5,0.05,99,"prot25_income",0,0.0223298306765044,0
1,1.5,0.05,99,"prot25_child",0,8.36851015606144e-05,0
1,1.5,0.05,99,"prot50_male",0,-0.065910452249144,1
1,1.5,0.05,99,"prot50_age",0,-0.0579730245307023,1
1,1.5,0.05,99,"prot50_income",0,-0.039803692194843,0
1,1.5,0.05,99,"prot50_child",1.1,0.708690981045424,1
1,1.5,0.05,99,"invasive_male",0,0.015266157311387,0
1,1.5,0.05,99,"invasive_age",0.1,0.0607216563611089,1
1,1.5,0.05,99,"invasive_income",1.2,0.75507657018815,1
1,1.5,0.05,99,"invasive_child",1.2,0.495652236375964,1
1,1.5,0.05,100,"ASC2_male",0,-7.33485109065185e-09,0
1,1.5,0.05,100,"ASC2_age",0,-1.42350624555763e-09,0
1,1.5,0.05,100,"ASC2_income",-1,-0.505405016407408,1
1,1.5,0.05,100,"ASC2_child",0,-4.84334923510073e-08,0
1,1.5,0.05,100,"ASC3_male",0,-3.0723726017996e-09,0
1,1.5,0.05,100,"ASC3_age",-0.4,-0.252001695759338,1
1,1.5,0.05,100,"ASC3_income",-0.7,-0.34806059001284,1
1,1.5,0.05,100,"ASC3_child",-0.8,-0.467238226361477,1
1,1.5,0.05,100,"prot25_male",1,0.524085886309842,1
1,1.5,0.05,100,"prot25_age",0,-0.000579893019587847,0
1,1.5,0.05,100,"prot25_income",0,0.000127452483485281,0
1,1.5,0.05,100,"prot25_child",0,4.28010650668096e-13,0
1,1.5,0.05,100,"prot50_male",1.1,0.604631190329483,1
1,1.5,0.05,100,"prot50_age",-0.3,-0.127194105605899,1
1,1.5,0.05,100,"prot50_income",0,-0.0426862233822147,0
1,1.5,0.05,100,"prot50_child",-0.1,-0.0136686915752091,0
1,1.5,0.05,100,"invasive_male",0,-8.30468233121737e-10,0
1,1.5,0.05,100,"invasive_age",0,0.0581328696431083,1
1,1.5,0.05,100,"invasive_income",0.9,0.649830659563363,1
1,1.5,0.05,100,"invasive_child",-0.2,-9.21155614375517e-09,0
1,1.5,0.1,1,"ASC2_male",0,-6.16880031009403e-09,0
1,1.5,0.1,1,"ASC2_age",0.6,0.384972883112788,1
1,1.5,0.1,1,"ASC2_income",0,-8.2792515492072e-08,0
1,1.5,0.1,1,"ASC2_child",0,1.44034625294859e-08,0
1,1.5,0.1,1,"ASC3_male",0,0.00642666146795862,0
1,1.5,0.1,1,"ASC3_age",-1,-0.667894852226298,1
1,1.5,0.1,1,"ASC3_income",0,1.52422889828194e-07,0
1,1.5,0.1,1,"ASC3_child",0.2,0.216948751304056,1
1,1.5,0.1,1,"prot25_male",0,0.10406829897353,1
1,1.5,0.1,1,"prot25_age",-1,-0.68791765585092,1
1,1.5,0.1,1,"prot25_income",0,-0.0340656802041695,0
1,1.5,0.1,1,"prot25_child",1.1,0.530920440168616,1
1,1.5,0.1,1,"prot50_male",-0.2,-0.0774696936281371,0
1,1.5,0.1,1,"prot50_age",0.5,0.407494050230467,1
1,1.5,0.1,1,"prot50_income",0.6,0.383921704602398,1
1,1.5,0.1,1,"prot50_child",0,-0.104616209564413,1
1,1.5,0.1,1,"invasive_male",-0.2,-0.0956830340599558,0
1,1.5,0.1,1,"invasive_age",0,0.0505824390817576,0
1,1.5,0.1,1,"invasive_income",-0.3,-0.157548442803931,1
1,1.5,0.1,1,"invasive_child",0,-9.83462932256322e-09,0
1,1.5,0.1,2,"ASC2_male",0.2,0.0374076909005033,0
1,1.5,0.1,2,"ASC2_age",0,-0.0115755185091172,0
1,1.5,0.1,2,"ASC2_income",0.2,0.135562188090362,1
1,1.5,0.1,2,"ASC2_child",0,-9.43175633383348e-10,0
1,1.5,0.1,2,"ASC3_male",-0.2,-0.127541466198513,1
1,1.5,0.1,2,"ASC3_age",0,-3.81697521049425e-10,0
1,1.5,0.1,2,"ASC3_income",0.9,0.544713607650691,1
1,1.5,0.1,2,"ASC3_child",0,-3.36285380431635e-09,0
1,1.5,0.1,2,"prot25_male",0,-5.69880997930186e-09,0
1,1.5,0.1,2,"prot25_age",-0.4,-0.203261221357165,1
1,1.5,0.1,2,"prot25_income",0,-1.22410697379967e-08,0
1,1.5,0.1,2,"prot25_child",-0.9,-0.392404464260398,1
1,1.5,0.1,2,"prot50_male",0,-7.35669827646174e-09,0
1,1.5,0.1,2,"prot50_age",-1,-0.657847162091097,1
1,1.5,0.1,2,"prot50_income",0,0.0192671249879188,0
1,1.5,0.1,2,"prot50_child",0,0.125312430771803,1
1,1.5,0.1,2,"invasive_male",0.7,0.409018735960054,1
1,1.5,0.1,2,"invasive_age",0,-0.00307880406527327,0
1,1.5,0.1,2,"invasive_income",-0.2,-0.0548542710180446,0
1,1.5,0.1,2,"invasive_child",-1,-0.483404800717574,1
1,1.5,0.1,3,"ASC2_male",0,0.0838224585854327,0
1,1.5,0.1,3,"ASC2_age",0.4,0.175406681827555,1
1,1.5,0.1,3,"ASC2_income",-0.7,-0.450352957981728,1
1,1.5,0.1,3,"ASC2_child",0,-0.0610731354145793,0
1,1.5,0.1,3,"ASC3_male",0,1.41502919358991e-08,0
1,1.5,0.1,3,"ASC3_age",0,-0.0698988456352343,0
1,1.5,0.1,3,"ASC3_income",0,0.0763395389198352,0
1,1.5,0.1,3,"ASC3_child",0,3.18193974096346e-07,0
1,1.5,0.1,3,"prot25_male",0.3,0.106850733980853,1
1,1.5,0.1,3,"prot25_age",-0.9,-0.554595735832731,1
1,1.5,0.1,3,"prot25_income",0,0.0379513103481576,0
1,1.5,0.1,3,"prot25_child",-0.3,-0.231745810348648,1
1,1.5,0.1,3,"prot50_male",0,-0.0194810661608757,0
1,1.5,0.1,3,"prot50_age",0,0.0665027612011462,0
1,1.5,0.1,3,"prot50_income",0.2,0.112497258174325,1
1,1.5,0.1,3,"prot50_child",0,2.1572987317138e-06,0
1,1.5,0.1,3,"invasive_male",-0.4,-0.25033637486509,1
1,1.5,0.1,3,"invasive_age",1,0.63131004798797,1
1,1.5,0.1,3,"invasive_income",1.1,0.811433413863731,1
1,1.5,0.1,3,"invasive_child",1,0.660002160713757,1
1,1.5,0.1,4,"ASC2_male",0,0.110336507817853,1
1,1.5,0.1,4,"ASC2_age",0.7,0.369846832531933,1
1,1.5,0.1,4,"ASC2_income",0.6,0.248953854592228,1
1,1.5,0.1,4,"ASC2_child",1,0.585382427689438,1
1,1.5,0.1,4,"ASC3_male",0,0.102733406564252,1
1,1.5,0.1,4,"ASC3_age",0,-0.0898749736418102,0
1,1.5,0.1,4,"ASC3_income",0,-0.144679912033884,1
1,1.5,0.1,4,"ASC3_child",-1.2,-0.822583883890807,1
1,1.5,0.1,4,"prot25_male",0,-0.103491897832298,1
1,1.5,0.1,4,"prot25_age",0,0.00407570044029255,0
1,1.5,0.1,4,"prot25_income",0.6,0.46002762120549,1
1,1.5,0.1,4,"prot25_child",-0.2,-0.0202880950357795,0
1,1.5,0.1,4,"prot50_male",0,-0.169553423558862,1
1,1.5,0.1,4,"prot50_age",0,0.04397912664354,0
1,1.5,0.1,4,"prot50_income",0.3,0.225874696500831,1
1,1.5,0.1,4,"prot50_child",0,0.0516589842692034,0
1,1.5,0.1,4,"invasive_male",-0.5,-0.304020339458744,1
1,1.5,0.1,4,"invasive_age",-0.2,-0.159302251652931,1
1,1.5,0.1,4,"invasive_income",-0.6,-0.44254661443415,1
1,1.5,0.1,4,"invasive_child",0,-0.080628804564492,0
1,1.5,0.1,5,"ASC2_male",0,-0.327331678111044,1
1,1.5,0.1,5,"ASC2_age",0,-0.0503827823987085,0
1,1.5,0.1,5,"ASC2_income",-0.3,-0.208055614733296,1
1,1.5,0.1,5,"ASC2_child",0,-0.0384383162315307,0
1,1.5,0.1,5,"ASC3_male",0.7,0.214490930116504,1
1,1.5,0.1,5,"ASC3_age",0,-6.43682664573076e-06,0
1,1.5,0.1,5,"ASC3_income",0,-2.22995742295376e-08,0
1,1.5,0.1,5,"ASC3_child",0.3,0.257325048392549,1
1,1.5,0.1,5,"prot25_male",0.5,0.538008138006164,1
1,1.5,0.1,5,"prot25_age",0,0.0559267526196418,0
1,1.5,0.1,5,"prot25_income",0,3.17988751843309e-08,0
1,1.5,0.1,5,"prot25_child",0.5,0.250961685957319,1
1,1.5,0.1,5,"prot50_male",0.7,0.516512121701595,1
1,1.5,0.1,5,"prot50_age",0.7,0.525973508605273,1
1,1.5,0.1,5,"prot50_income",0,0.0326619328094655,0
1,1.5,0.1,5,"prot50_child",0,-0.0542290212750498,0
1,1.5,0.1,5,"invasive_male",0.3,0.097961167736144,0
1,1.5,0.1,5,"invasive_age",0,4.36887283602019e-09,0
1,1.5,0.1,5,"invasive_income",-0.8,-0.517704767414694,1
1,1.5,0.1,5,"invasive_child",-0.2,-0.0750066740279386,0
1,1.5,0.1,6,"ASC2_male",1.2,0.688594215007998,1
1,1.5,0.1,6,"ASC2_age",0.5,0.388853012320748,1
1,1.5,0.1,6,"ASC2_income",-0.2,-0.105893015248195,1
1,1.5,0.1,6,"ASC2_child",0,0.00237912089242548,0
1,1.5,0.1,6,"ASC3_male",0,-0.00640343700002247,0
1,1.5,0.1,6,"ASC3_age",-0.5,-0.252012158674648,1
1,1.5,0.1,6,"ASC3_income",0,0.0553768276137207,0
1,1.5,0.1,6,"ASC3_child",0,-0.00132989843582225,0
1,1.5,0.1,6,"prot25_male",0.2,0.102650325692746,1
1,1.5,0.1,6,"prot25_age",0,-0.0539623507629943,0
1,1.5,0.1,6,"prot25_income",0,0.00650193118236967,0
1,1.5,0.1,6,"prot25_child",0,0.128115036566631,1
1,1.5,0.1,6,"prot50_male",1,0.668926011207469,1
1,1.5,0.1,6,"prot50_age",-0.5,-0.289159199541797,1
1,1.5,0.1,6,"prot50_income",0,-0.0939080325914912,0
1,1.5,0.1,6,"prot50_child",0,0.120207054898319,1
1,1.5,0.1,6,"invasive_male",0.5,0.262674258491166,1
1,1.5,0.1,6,"invasive_age",-0.2,-0.060409464614512,0
1,1.5,0.1,6,"invasive_income",0,-0.00268091966125795,0
1,1.5,0.1,6,"invasive_child",0.3,0.200964990132133,1
1,1.5,0.1,7,"ASC2_male",0.2,0.0644238908378165,0
1,1.5,0.1,7,"ASC2_age",0,-0.045781268564393,0
1,1.5,0.1,7,"ASC2_income",0.8,0.414827328642544,1
1,1.5,0.1,7,"ASC2_child",0,1.9624908574766e-06,0
1,1.5,0.1,7,"ASC3_male",0.9,0.553926582108394,1
1,1.5,0.1,7,"ASC3_age",-1.2,-0.793342031920012,1
1,1.5,0.1,7,"ASC3_income",0.8,0.346510725919072,1
1,1.5,0.1,7,"ASC3_child",0,-0.0437047974392768,0
1,1.5,0.1,7,"prot25_male",-0.8,-0.416521966163543,1
1,1.5,0.1,7,"prot25_age",-0.5,-0.23353738196689,1
1,1.5,0.1,7,"prot25_income",0,0.0267217399873611,0
1,1.5,0.1,7,"prot25_child",0,0.0619377988148811,0
1,1.5,0.1,7,"prot50_male",0,0.117148841488472,1
1,1.5,0.1,7,"prot50_age",-0.9,-0.570044873396749,1
1,1.5,0.1,7,"prot50_income",-0.7,-0.474545599190077,1
1,1.5,0.1,7,"prot50_child",-0.8,-0.388489395689017,1
1,1.5,0.1,7,"invasive_male",0,-0.0054393580108426,0
1,1.5,0.1,7,"invasive_age",0,-1.56575757475835e-07,0
1,1.5,0.1,7,"invasive_income",0,-0.0668357284381908,0
1,1.5,0.1,7,"invasive_child",0,-1.6727307650372e-08,0
1,1.5,0.1,8,"ASC2_male",0.5,0.236222811040051,1
1,1.5,0.1,8,"ASC2_age",0,-0.0591160886230526,0
1,1.5,0.1,8,"ASC2_income",0,0.0312577611613144,0
1,1.5,0.1,8,"ASC2_child",-0.5,-0.256126592869195,1
1,1.5,0.1,8,"ASC3_male",0,-0.0143839789836042,0
1,1.5,0.1,8,"ASC3_age",0.8,0.468098875241306,1
1,1.5,0.1,8,"ASC3_income",0,0.041951462859457,0
1,1.5,0.1,8,"ASC3_child",0.6,0.353046448880291,1
1,1.5,0.1,8,"prot25_male",0,0.017602488455466,0
1,1.5,0.1,8,"prot25_age",1.2,0.822707800361384,1
1,1.5,0.1,8,"prot25_income",0,0.0177801743059036,0
1,1.5,0.1,8,"prot25_child",1.1,0.861003401906163,1
1,1.5,0.1,8,"prot50_male",0,2.25792985907825e-07,0
1,1.5,0.1,8,"prot50_age",0,0.0312342350089017,0
1,1.5,0.1,8,"prot50_income",0,0.0173739518865316,0
1,1.5,0.1,8,"prot50_child",-1,-0.433773294830914,1
1,1.5,0.1,8,"invasive_male",0,0.0142627764572313,0
1,1.5,0.1,8,"invasive_age",-0.3,-0.217435273203234,1
1,1.5,0.1,8,"invasive_income",0.3,0.218398935776902,1
1,1.5,0.1,8,"invasive_child",-0.9,-0.443257636492527,1
1,1.5,0.1,9,"ASC2_male",0,-4.5563448592844e-08,0
1,1.5,0.1,9,"ASC2_age",0.5,0.335967111089426,1
1,1.5,0.1,9,"ASC2_income",0.5,0.309091309034598,1
1,1.5,0.1,9,"ASC2_child",0,-3.40614944629218e-08,0
1,1.5,0.1,9,"ASC3_male",0,-4.69329049922637e-08,0
1,1.5,0.1,9,"ASC3_age",0,-0.0349698772470797,0
1,1.5,0.1,9,"ASC3_income",0,0.0400739123897627,0
1,1.5,0.1,9,"ASC3_child",-0.3,-0.211514294645991,1
1,1.5,0.1,9,"prot25_male",0.7,0.482103419183616,1
1,1.5,0.1,9,"prot25_age",0.4,0.236651878221131,1
1,1.5,0.1,9,"prot25_income",0,-1.02934194085618e-08,0
1,1.5,0.1,9,"prot25_child",0.3,0.050488937501323,0
1,1.5,0.1,9,"prot50_male",-0.2,-0.030508493416036,0
1,1.5,0.1,9,"prot50_age",-1,-0.70398309592609,1
1,1.5,0.1,9,"prot50_income",0,-0.0133919728599319,0
1,1.5,0.1,9,"prot50_child",-0.8,-0.481181653116733,1
1,1.5,0.1,9,"invasive_male",0,0.0570643880751551,0
1,1.5,0.1,9,"invasive_age",1,0.561608883841681,1
1,1.5,0.1,9,"invasive_income",0,0.00115111973963022,0
1,1.5,0.1,9,"invasive_child",0,-0.0832623289398463,0
1,1.5,0.1,10,"ASC2_male",0,-0.200871392770736,1
1,1.5,0.1,10,"ASC2_age",-1,-0.66355109564478,1
1,1.5,0.1,10,"ASC2_income",0,0.000167075741553462,0
1,1.5,0.1,10,"ASC2_child",0,-9.10032293488371e-09,0
1,1.5,0.1,10,"ASC3_male",0.7,0.195275870174804,1
1,1.5,0.1,10,"ASC3_age",0,0.0052148058833449,0
1,1.5,0.1,10,"ASC3_income",0,5.8162108444305e-06,0
1,1.5,0.1,10,"ASC3_child",0,-1.68953804499451e-05,0
1,1.5,0.1,10,"prot25_male",-1,-0.498448049984286,1
1,1.5,0.1,10,"prot25_age",1.1,0.761392251539041,1
1,1.5,0.1,10,"prot25_income",-0.7,-0.435142249016516,1
1,1.5,0.1,10,"prot25_child",-0.3,-8.21675437857453e-05,0
1,1.5,0.1,10,"prot50_male",0,0.158867717958618,1
1,1.5,0.1,10,"prot50_age",0,0.00767141137997469,0
1,1.5,0.1,10,"prot50_income",0,0.0565126853657266,0
1,1.5,0.1,10,"prot50_child",0,2.37266201463116e-05,0
1,1.5,0.1,10,"invasive_male",0.2,1.88249511728076e-06,0
1,1.5,0.1,10,"invasive_age",0.6,0.396314712311357,1
1,1.5,0.1,10,"invasive_income",-0.4,-0.258183887193495,1
1,1.5,0.1,10,"invasive_child",-0.3,-0.0654836658078715,0
1,1.5,0.1,11,"ASC2_male",1.1,0.484642270699696,1
1,1.5,0.1,11,"ASC2_age",0,0.0698603823356268,0
1,1.5,0.1,11,"ASC2_income",0.1,-0.0150526655524086,0
1,1.5,0.1,11,"ASC2_child",0,0.0885379082329518,0
1,1.5,0.1,11,"ASC3_male",0.6,0.128021350379838,1
1,1.5,0.1,11,"ASC3_age",-1,-0.625784079782824,1
1,1.5,0.1,11,"ASC3_income",0.9,0.536829326300152,1
1,1.5,0.1,11,"ASC3_child",-0.8,-0.445432994063243,1
1,1.5,0.1,11,"prot25_male",-0.9,-0.509707612427924,1
1,1.5,0.1,11,"prot25_age",0,-0.0814786287982479,0
1,1.5,0.1,11,"prot25_income",0,-0.000113012580939989,0
1,1.5,0.1,11,"prot25_child",0,0.0540511171015111,0
1,1.5,0.1,11,"prot50_male",0,0.0423121458749321,0
1,1.5,0.1,11,"prot50_age",0,-0.0123669780429445,0
1,1.5,0.1,11,"prot50_income",0,0.0322258266045489,0
1,1.5,0.1,11,"prot50_child",0,-0.0778502141187397,0
1,1.5,0.1,11,"invasive_male",-0.7,-0.674290409653687,1
1,1.5,0.1,11,"invasive_age",0,0.0435271078860157,0
1,1.5,0.1,11,"invasive_income",1,0.638203944124934,1
1,1.5,0.1,11,"invasive_child",-1.2,-0.832052184473467,1
1,1.5,0.1,12,"ASC2_male",0,0.0382980161938679,0
1,1.5,0.1,12,"ASC2_age",-0.4,-0.302829487625232,1
1,1.5,0.1,12,"ASC2_income",-0.6,-0.470325742584532,1
1,1.5,0.1,12,"ASC2_child",-1.2,-0.820373062653374,1
1,1.5,0.1,12,"ASC3_male",-0.7,-0.545571787471997,1
1,1.5,0.1,12,"ASC3_age",0.4,0.269553832575037,1
1,1.5,0.1,12,"ASC3_income",0,-0.0709795739444104,0
1,1.5,0.1,12,"ASC3_child",0,-0.121949414826549,1
1,1.5,0.1,12,"prot25_male",0,0.0832185812144437,0
1,1.5,0.1,12,"prot25_age",0,-0.00237252141386381,0
1,1.5,0.1,12,"prot25_income",0,-0.0197272752685746,0
1,1.5,0.1,12,"prot25_child",1,0.896804612193483,1
1,1.5,0.1,12,"prot50_male",-0.6,-0.28545363854047,1
1,1.5,0.1,12,"prot50_age",0,0.0541652313952261,0
1,1.5,0.1,12,"prot50_income",0,-0.0205828202146238,0
1,1.5,0.1,12,"prot50_child",0,0.168502161052425,1
1,1.5,0.1,12,"invasive_male",0,0.0327578805224682,0
1,1.5,0.1,12,"invasive_age",0.6,0.445360471690767,1
1,1.5,0.1,12,"invasive_income",0.6,0.316781939349813,1
1,1.5,0.1,12,"invasive_child",-0.8,-0.539242013903556,1
1,1.5,0.1,13,"ASC2_male",-0.4,-0.224832265514864,1
1,1.5,0.1,13,"ASC2_age",0,0.0231071958609443,0
1,1.5,0.1,13,"ASC2_income",0,-0.0324928921731566,0
1,1.5,0.1,13,"ASC2_child",0,3.35554885977507e-07,0
1,1.5,0.1,13,"ASC3_male",-0.4,-0.19711304763421,1
1,1.5,0.1,13,"ASC3_age",-0.3,-0.188087431025363,1
1,1.5,0.1,13,"ASC3_income",-0.3,-0.272439073463138,1
1,1.5,0.1,13,"ASC3_child",0,0.0550862963352187,0
1,1.5,0.1,13,"prot25_male",0,1.15325055622951e-07,0
1,1.5,0.1,13,"prot25_age",-0.4,-0.286484986733704,1
1,1.5,0.1,13,"prot25_income",-1,-0.629972730823908,1
1,1.5,0.1,13,"prot25_child",0,-0.0338654555881789,0
1,1.5,0.1,13,"prot50_male",-0.6,-0.450874152298079,1
1,1.5,0.1,13,"prot50_age",0,-0.0122225298068424,0
1,1.5,0.1,13,"prot50_income",0,-0.0456570251744327,0
1,1.5,0.1,13,"prot50_child",0,0.0379446277747443,0
1,1.5,0.1,13,"invasive_male",-0.2,-0.0295879301882004,0
1,1.5,0.1,13,"invasive_age",1,0.686379896831301,1
1,1.5,0.1,13,"invasive_income",0.5,0.176934202132985,1
1,1.5,0.1,13,"invasive_child",0,0.0425641131030756,0
1,1.5,0.1,14,"ASC2_male",1.1,0.700057311071045,1
1,1.5,0.1,14,"ASC2_age",0,0.0631070246090556,0
1,1.5,0.1,14,"ASC2_income",0,-0.0630750352540698,0
1,1.5,0.1,14,"ASC2_child",0.9,0.579640870287146,1
1,1.5,0.1,14,"ASC3_male",-0.6,-0.302185187646425,1
1,1.5,0.1,14,"ASC3_age",0,-3.93344551709764e-10,0
1,1.5,0.1,14,"ASC3_income",0.9,0.528123208078444,1
1,1.5,0.1,14,"ASC3_child",0,-1.24467047744213e-08,0
1,1.5,0.1,14,"prot25_male",0,-7.11967151133778e-09,0
1,1.5,0.1,14,"prot25_age",0,-2.57352816405573e-08,0
1,1.5,0.1,14,"prot25_income",0,0.00982540858431286,0
1,1.5,0.1,14,"prot25_child",0,0.0285860301565253,0
1,1.5,0.1,14,"prot50_male",0,0.0587711492187846,0
1,1.5,0.1,14,"prot50_age",1,0.629674208255218,1
1,1.5,0.1,14,"prot50_income",0,-0.0107049517229915,0
1,1.5,0.1,14,"prot50_child",-0.9,-0.36542194135424,1
1,1.5,0.1,14,"invasive_male",0.3,0.00378075150545963,0
1,1.5,0.1,14,"invasive_age",-0.8,-0.50661058736968,1
1,1.5,0.1,14,"invasive_income",0.6,0.390656497323179,1
1,1.5,0.1,14,"invasive_child",-0.4,-0.0248097122131003,0
1,1.5,0.1,15,"ASC2_male",-0.9,-0.503606373637601,1
1,1.5,0.1,15,"ASC2_age",1.2,0.788341184316634,1
1,1.5,0.1,15,"ASC2_income",0,-0.0475299294771807,0
1,1.5,0.1,15,"ASC2_child",-0.4,-0.152063434082808,1
1,1.5,0.1,15,"ASC3_male",-0.6,-0.308629457594483,1
1,1.5,0.1,15,"ASC3_age",0,0.00537196330088875,0
1,1.5,0.1,15,"ASC3_income",0,-1.16150954532542e-07,0
1,1.5,0.1,15,"ASC3_child",0.9,0.567135582804264,1
1,1.5,0.1,15,"prot25_male",0,0.059791504573925,0
1,1.5,0.1,15,"prot25_age",0.7,0.468182526352615,1
1,1.5,0.1,15,"prot25_income",-0.3,-0.170579684056381,1
1,1.5,0.1,15,"prot25_child",0.5,0.104008909662593,1
1,1.5,0.1,15,"prot50_male",0,-5.04406185897369e-09,0
1,1.5,0.1,15,"prot50_age",-0.5,-0.324897610379576,1
1,1.5,0.1,15,"prot50_income",0,0.0474331983061586,0
1,1.5,0.1,15,"prot50_child",0.2,-8.57973783434332e-07,0
1,1.5,0.1,15,"invasive_male",0,0.0202742396387344,0
1,1.5,0.1,15,"invasive_age",0,0.0249111881203428,0
1,1.5,0.1,15,"invasive_income",0,0.000988058710199253,0
1,1.5,0.1,15,"invasive_child",0,0.124607528533877,1
1,1.5,0.1,16,"ASC2_male",0,-7.84090101157572e-07,0
1,1.5,0.1,16,"ASC2_age",-0.6,-0.41746119775515,1
1,1.5,0.1,16,"ASC2_income",0,-0.0085820532614887,0
1,1.5,0.1,16,"ASC2_child",-0.8,-0.416130071016559,1
1,1.5,0.1,16,"ASC3_male",0,1.63744109825738e-06,0
1,1.5,0.1,16,"ASC3_age",-0.8,-0.514221205997883,1
1,1.5,0.1,16,"ASC3_income",0.8,0.498518874227616,1
1,1.5,0.1,16,"ASC3_child",-0.8,-0.37336779845593,1
1,1.5,0.1,16,"prot25_male",0.7,0.322759276243608,1
1,1.5,0.1,16,"prot25_age",-1,-0.582501528192494,1
1,1.5,0.1,16,"prot25_income",0,-0.025716575081195,0
1,1.5,0.1,16,"prot25_child",0,-8.34058879305111e-10,0
1,1.5,0.1,16,"prot50_male",0.6,0.287103815152528,1
1,1.5,0.1,16,"prot50_age",-1,-0.601072410292991,1
1,1.5,0.1,16,"prot50_income",0,-0.0909656606673644,0
1,1.5,0.1,16,"prot50_child",0,0.00899573529956984,0
1,1.5,0.1,16,"invasive_male",0,-0.0201930239322627,0
1,1.5,0.1,16,"invasive_age",0.8,0.482622194261723,1
1,1.5,0.1,16,"invasive_income",0,2.39985173852895e-07,0
1,1.5,0.1,16,"invasive_child",0,0.141861373265914,1
1,1.5,0.1,17,"ASC2_male",0,-0.0475014419940802,0
1,1.5,0.1,17,"ASC2_age",-1,-0.674426164416752,1
1,1.5,0.1,17,"ASC2_income",-0.9,-0.720857110690137,1
1,1.5,0.1,17,"ASC2_child",0,-0.0107430591764682,0
1,1.5,0.1,17,"ASC3_male",0,-5.89093056247388e-08,0
1,1.5,0.1,17,"ASC3_age",-1.1,-0.680630439165167,1
1,1.5,0.1,17,"ASC3_income",0,-0.0587239310222622,0
1,1.5,0.1,17,"ASC3_child",-0.6,-0.414584977154058,1
1,1.5,0.1,17,"prot25_male",-0.9,-0.610386788931289,1
1,1.5,0.1,17,"prot25_age",0,-0.0443111861884281,0
1,1.5,0.1,17,"prot25_income",0.6,0.418315317556097,1
1,1.5,0.1,17,"prot25_child",0,-0.110568751033967,1
1,1.5,0.1,17,"prot50_male",0.2,0.201206214447824,1
1,1.5,0.1,17,"prot50_age",0.5,0.328136630802152,1
1,1.5,0.1,17,"prot50_income",0,0.0150764642919784,0
1,1.5,0.1,17,"prot50_child",0,-1.83705259748776e-08,0
1,1.5,0.1,17,"invasive_male",0.8,0.609811810263596,1
1,1.5,0.1,17,"invasive_age",0,0.0166458420272823,0
1,1.5,0.1,17,"invasive_income",-1.1,-0.825408264769734,1
1,1.5,0.1,17,"invasive_child",0,-1.73871370516011e-08,0
1,1.5,0.1,18,"ASC2_male",0.2,-0.0877563661222947,0
1,1.5,0.1,18,"ASC2_age",0.7,0.522553179941998,1
1,1.5,0.1,18,"ASC2_income",0,-0.0515070280972563,0
1,1.5,0.1,18,"ASC2_child",0.7,0.487524651862163,1
1,1.5,0.1,18,"ASC3_male",0.2,-0.0368025870003698,0
1,1.5,0.1,18,"ASC3_age",0,0.038179230381587,0
1,1.5,0.1,18,"ASC3_income",0.4,0.162429299209988,1
1,1.5,0.1,18,"ASC3_child",0,-8.02410977507863e-08,0
1,1.5,0.1,18,"prot25_male",0,0.225905273173198,1
1,1.5,0.1,18,"prot25_age",0,0.0139316887225357,0
1,1.5,0.1,18,"prot25_income",0,0.0845904455523043,0
1,1.5,0.1,18,"prot25_child",-0.5,-0.440187779449307,1
1,1.5,0.1,18,"prot50_male",-0.6,-0.228229952474238,1
1,1.5,0.1,18,"prot50_age",0,-0.0601891594535662,0
1,1.5,0.1,18,"prot50_income",1,0.804245387134616,1
1,1.5,0.1,18,"prot50_child",0,-2.97146546270061e-09,0
1,1.5,0.1,18,"invasive_male",0,-0.0506450176952811,0
1,1.5,0.1,18,"invasive_age",0,-0.0191678450624288,0
1,1.5,0.1,18,"invasive_income",-0.2,-0.0914479254133689,0
1,1.5,0.1,18,"invasive_child",0.7,0.480918682305013,1
1,1.5,0.1,19,"ASC2_male",0,2.32424161465849e-08,0
1,1.5,0.1,19,"ASC2_age",0,0.0135754726946908,0
1,1.5,0.1,19,"ASC2_income",-0.2,-0.138856862525451,1
1,1.5,0.1,19,"ASC2_child",0,0.0559289909500014,0
1,1.5,0.1,19,"ASC3_male",0,-0.00444773927221137,0
1,1.5,0.1,19,"ASC3_age",0.2,0.106450609711092,1
1,1.5,0.1,19,"ASC3_income",-0.8,-0.520400410901869,1
1,1.5,0.1,19,"ASC3_child",-1,-0.565701179178636,1
1,1.5,0.1,19,"prot25_male",0,0.0278871617773806,0
1,1.5,0.1,19,"prot25_age",0,0.0144237634652273,0
1,1.5,0.1,19,"prot25_income",0,-8.19175137423247e-05,0
1,1.5,0.1,19,"prot25_child",0.7,0.328166860127666,1
1,1.5,0.1,19,"prot50_male",-1,-0.47316316895641,1
1,1.5,0.1,19,"prot50_age",0,-6.88291551438927e-09,0
1,1.5,0.1,19,"prot50_income",0.5,0.287171674869996,1
1,1.5,0.1,19,"prot50_child",1.1,0.633510892728547,1
1,1.5,0.1,19,"invasive_male",0,-5.45326319051835e-07,0
1,1.5,0.1,19,"invasive_age",0,3.88706580976384e-07,0
1,1.5,0.1,19,"invasive_income",0.6,0.407572557112141,1
1,1.5,0.1,19,"invasive_child",-1.2,-0.682595814362517,1
1,1.5,0.1,20,"ASC2_male",0,-3.68012969577679e-09,0
1,1.5,0.1,20,"ASC2_age",0.9,0.530554458376792,1
1,1.5,0.1,20,"ASC2_income",1,0.667774940324328,1
1,1.5,0.1,20,"ASC2_child",-1,-0.285473458764044,1
1,1.5,0.1,20,"ASC3_male",0.7,0.469453294668955,1
1,1.5,0.1,20,"ASC3_age",-1.2,-0.761420090652643,1
1,1.5,0.1,20,"ASC3_income",-0.6,-0.325905368771179,1
1,1.5,0.1,20,"ASC3_child",-0.7,-0.0687946653957491,0
1,1.5,0.1,20,"prot25_male",0,-2.12599954098697e-11,0
1,1.5,0.1,20,"prot25_age",0,-8.68822956485677e-09,0
1,1.5,0.1,20,"prot25_income",0,0.0441814535670876,0
1,1.5,0.1,20,"prot25_child",0.7,0.16747901971954,1
1,1.5,0.1,20,"prot50_male",0,-1.53515855545645e-09,0
1,1.5,0.1,20,"prot50_age",0,-0.0274783272904467,0
1,1.5,0.1,20,"prot50_income",0,-1.09576217200192e-08,0
1,1.5,0.1,20,"prot50_child",0,-0.165531673027978,1
1,1.5,0.1,20,"invasive_male",0,-1.57693179628339e-08,0
1,1.5,0.1,20,"invasive_age",0.5,0.249273998841772,1
1,1.5,0.1,20,"invasive_income",0,-7.29959765446884e-09,0
1,1.5,0.1,20,"invasive_child",0.3,0.198631928295866,1
1,1.5,0.1,21,"ASC2_male",-0.5,-0.2538543800238,1
1,1.5,0.1,21,"ASC2_age",-0.6,-0.376402081997602,1
1,1.5,0.1,21,"ASC2_income",0,-0.0555971850651495,0
1,1.5,0.1,21,"ASC2_child",1.1,0.701067840895687,1
1,1.5,0.1,21,"ASC3_male",0,2.42018117281693e-10,0
1,1.5,0.1,21,"ASC3_age",0.3,0.255764328415858,1
1,1.5,0.1,21,"ASC3_income",0,-0.0114655820281041,0
1,1.5,0.1,21,"ASC3_child",0,-4.388220449745e-09,0
1,1.5,0.1,21,"prot25_male",0.5,0.413567158599865,1
1,1.5,0.1,21,"prot25_age",0,-0.0112167571755709,0
1,1.5,0.1,21,"prot25_income",-1,-0.723469158947659,1
1,1.5,0.1,21,"prot25_child",0,0.0500730894964397,0
1,1.5,0.1,21,"prot50_male",-0.5,-0.188389636346908,1
1,1.5,0.1,21,"prot50_age",0,-0.0125653716321393,0
1,1.5,0.1,21,"prot50_income",0,-0.0432357400955033,0
1,1.5,0.1,21,"prot50_child",-0.7,-0.321631487940819,1
1,1.5,0.1,21,"invasive_male",0,-9.00844716966391e-09,0
1,1.5,0.1,21,"invasive_age",1.2,0.843879652198013,1
1,1.5,0.1,21,"invasive_income",-0.2,-0.110745912283273,1
1,1.5,0.1,21,"invasive_child",0,-0.0234919941167802,0
1,1.5,0.1,22,"ASC2_male",0.7,0.460286087749619,1
1,1.5,0.1,22,"ASC2_age",-0.2,-1.19953822397344e-07,0
1,1.5,0.1,22,"ASC2_income",-0.4,-0.248345120067445,1
1,1.5,0.1,22,"ASC2_child",0,-1.02030853501569e-07,0
1,1.5,0.1,22,"ASC3_male",0,-0.0527415878958463,0
1,1.5,0.1,22,"ASC3_age",-0.7,-0.359006542107784,1
1,1.5,0.1,22,"ASC3_income",0,0.00507936932533061,0
1,1.5,0.1,22,"ASC3_child",-0.7,-0.438533289990999,1
1,1.5,0.1,22,"prot25_male",0,0.0891045433735316,0
1,1.5,0.1,22,"prot25_age",0,-0.10650474178201,1
1,1.5,0.1,22,"prot25_income",0.5,0.356619295864059,1
1,1.5,0.1,22,"prot25_child",0,-6.81084783537529e-09,0
1,1.5,0.1,22,"prot50_male",0,-6.94321944954552e-09,0
1,1.5,0.1,22,"prot50_age",1,0.5680941930803,1
1,1.5,0.1,22,"prot50_income",-0.9,-0.588962180266513,1
1,1.5,0.1,22,"prot50_child",-1.1,-0.624127504124692,1
1,1.5,0.1,22,"invasive_male",0,-0.014486334207674,0
1,1.5,0.1,22,"invasive_age",0.3,0.183616225763369,1
1,1.5,0.1,22,"invasive_income",0,-0.0323887870272364,0
1,1.5,0.1,22,"invasive_child",0,1.42463522849422e-09,0
1,1.5,0.1,23,"ASC2_male",0,-0.117288413784349,1
1,1.5,0.1,23,"ASC2_age",0.5,0.442137301208715,1
1,1.5,0.1,23,"ASC2_income",0.8,0.627866504338665,1
1,1.5,0.1,23,"ASC2_child",-0.2,1.53440676780776e-08,0
1,1.5,0.1,23,"ASC3_male",0.6,0.295657657907372,1
1,1.5,0.1,23,"ASC3_age",-0.3,-0.10876935586532,1
1,1.5,0.1,23,"ASC3_income",0,0.094436649904744,0
1,1.5,0.1,23,"ASC3_child",0,0.019987381966473,0
1,1.5,0.1,23,"prot25_male",0.8,0.522815627862606,1
1,1.5,0.1,23,"prot25_age",0.4,0.297743637802045,1
1,1.5,0.1,23,"prot25_income",0.5,0.314571508670357,1
1,1.5,0.1,23,"prot25_child",0,-5.48347646216256e-08,0
1,1.5,0.1,23,"prot50_male",0,0.0336473146368664,0
1,1.5,0.1,23,"prot50_age",0,-8.69012774801483e-09,0
1,1.5,0.1,23,"prot50_income",0,-9.59705587411382e-08,0
1,1.5,0.1,23,"prot50_child",0.5,0.253917410761451,1
1,1.5,0.1,23,"invasive_male",-0.5,-0.0957331238976382,0
1,1.5,0.1,23,"invasive_age",0,0.0245167055792488,0
1,1.5,0.1,23,"invasive_income",0,-1.00893206676178e-08,0
1,1.5,0.1,23,"invasive_child",0,-0.0553319780533525,0
1,1.5,0.1,24,"ASC2_male",-0.3,-0.0656145803356391,0
1,1.5,0.1,24,"ASC2_age",-0.3,-0.21809497729673,1
1,1.5,0.1,24,"ASC2_income",0,-0.112091601259952,1
1,1.5,0.1,24,"ASC2_child",0,-3.65979792128822e-09,0
1,1.5,0.1,24,"ASC3_male",0,0.240055980276027,1
1,1.5,0.1,24,"ASC3_age",1.2,0.81428469062955,1
1,1.5,0.1,24,"ASC3_income",0,-0.095683532250697,0
1,1.5,0.1,24,"ASC3_child",0,-0.00862126524018006,0
1,1.5,0.1,24,"prot25_male",0.4,0.0354127575113829,0
1,1.5,0.1,24,"prot25_age",0,-0.0112229021629001,0
1,1.5,0.1,24,"prot25_income",0.8,0.59344462478482,1
1,1.5,0.1,24,"prot25_child",1,0.670613956909584,1
1,1.5,0.1,24,"prot50_male",0,-0.132701318475123,1
1,1.5,0.1,24,"prot50_age",-0.8,-0.517897010851175,1
1,1.5,0.1,24,"prot50_income",1.1,0.789711680012574,1
1,1.5,0.1,24,"prot50_child",0,-0.0114588284551922,0
1,1.5,0.1,24,"invasive_male",0,-0.0723670871627374,0
1,1.5,0.1,24,"invasive_age",1.1,0.758509363580507,1
1,1.5,0.1,24,"invasive_income",0,-0.00900160223808531,0
1,1.5,0.1,24,"invasive_child",1.2,0.80387743368096,1
1,1.5,0.1,25,"ASC2_male",1.2,0.752002269143109,1
1,1.5,0.1,25,"ASC2_age",0,0.0995272947439568,0
1,1.5,0.1,25,"ASC2_income",0,0.0146876533366521,0
1,1.5,0.1,25,"ASC2_child",0,-0.00517705369958368,0
1,1.5,0.1,25,"ASC3_male",-1,-0.682831062009363,1
1,1.5,0.1,25,"ASC3_age",-0.2,-0.0568989935088664,0
1,1.5,0.1,25,"ASC3_income",0,2.00472492124374e-09,0
1,1.5,0.1,25,"ASC3_child",-1.1,-0.686557101817098,1
1,1.5,0.1,25,"prot25_male",1.1,0.670301541762617,1
1,1.5,0.1,25,"prot25_age",-0.6,-0.442729485952105,1
1,1.5,0.1,25,"prot25_income",0,0.0491259845584568,0
1,1.5,0.1,25,"prot25_child",1,0.680735955146411,1
1,1.5,0.1,25,"prot50_male",0,-0.0560815835095059,0
1,1.5,0.1,25,"prot50_age",0,-0.0808242122656286,0
1,1.5,0.1,25,"prot50_income",0,0.0408208349664001,0
1,1.5,0.1,25,"prot50_child",0,-0.0618862946309754,0
1,1.5,0.1,25,"invasive_male",0,1.7675053442574e-08,0
1,1.5,0.1,25,"invasive_age",1.1,0.733602208833031,1
1,1.5,0.1,25,"invasive_income",-1.2,-0.808137494335276,1
1,1.5,0.1,25,"invasive_child",1.2,0.757041828291742,1
1,1.5,0.1,26,"ASC2_male",0,-0.196026156048449,1
1,1.5,0.1,26,"ASC2_age",-0.9,-0.54407725506096,1
1,1.5,0.1,26,"ASC2_income",-1.2,-0.684458392428878,1
1,1.5,0.1,26,"ASC2_child",-0.4,-0.172369286833485,1
1,1.5,0.1,26,"ASC3_male",0.8,0.316114852882886,1
1,1.5,0.1,26,"ASC3_age",0,0.0602117326384678,0
1,1.5,0.1,26,"ASC3_income",-0.5,-0.30167844568874,1
1,1.5,0.1,26,"ASC3_child",0.1,0.0760200209706093,0
1,1.5,0.1,26,"prot25_male",-0.9,-0.375558670312636,1
1,1.5,0.1,26,"prot25_age",0,-0.00430066160155349,0
1,1.5,0.1,26,"prot25_income",0,-0.12976664720344,1
1,1.5,0.1,26,"prot25_child",0,-1.83782056831373e-09,0
1,1.5,0.1,26,"prot50_male",0,0.157915377482037,1
1,1.5,0.1,26,"prot50_age",0,-0.0530448601200708,0
1,1.5,0.1,26,"prot50_income",0.1,0.0346404737204158,0
1,1.5,0.1,26,"prot50_child",0,-5.69551811914666e-07,0
1,1.5,0.1,26,"invasive_male",0,-3.18348573386435e-08,0
1,1.5,0.1,26,"invasive_age",0.9,0.49908437399378,1
1,1.5,0.1,26,"invasive_income",-0.7,-0.45190411654527,1
1,1.5,0.1,26,"invasive_child",0,-7.91793961234204e-09,0
1,1.5,0.1,27,"ASC2_male",-1.2,-0.804926828295831,1
1,1.5,0.1,27,"ASC2_age",-0.5,-0.242682384045832,1
1,1.5,0.1,27,"ASC2_income",0,0.095253824003082,0
1,1.5,0.1,27,"ASC2_child",0,-2.07124586004427e-08,0
1,1.5,0.1,27,"ASC3_male",0,1.08804433434105e-06,0
1,1.5,0.1,27,"ASC3_age",0,0.0367249052752944,0
1,1.5,0.1,27,"ASC3_income",0,0.0383366702381911,0
1,1.5,0.1,27,"ASC3_child",0.8,0.459621217337778,1
1,1.5,0.1,27,"prot25_male",-0.8,-0.424084058692361,1
1,1.5,0.1,27,"prot25_age",0.9,0.553133778273992,1
1,1.5,0.1,27,"prot25_income",0,6.68265313412128e-07,0
1,1.5,0.1,27,"prot25_child",0.6,0.572435687861419,1
1,1.5,0.1,27,"prot50_male",0,0.183559197987461,1
1,1.5,0.1,27,"prot50_age",0,0.0206464676592761,0
1,1.5,0.1,27,"prot50_income",0,-0.00813947314658912,0
1,1.5,0.1,27,"prot50_child",0.4,0.320986663640777,1
1,1.5,0.1,27,"invasive_male",-0.2,-0.0275257756174779,0
1,1.5,0.1,27,"invasive_age",-0.2,-0.0676187965549715,0
1,1.5,0.1,27,"invasive_income",1,0.78730467883642,1
1,1.5,0.1,27,"invasive_child",0,-1.82451316732931e-08,0
1,1.5,0.1,28,"ASC2_male",-0.6,-0.178792479239908,1
1,1.5,0.1,28,"ASC2_age",0,0.0134309052953031,0
1,1.5,0.1,28,"ASC2_income",0,0.10612113072047,1
1,1.5,0.1,28,"ASC2_child",0,0.10322145440181,1
1,1.5,0.1,28,"ASC3_male",-0.9,-0.43026724741689,1
1,1.5,0.1,28,"ASC3_age",-0.8,-0.498467334332103,1
1,1.5,0.1,28,"ASC3_income",0,0.102315763761966,1
1,1.5,0.1,28,"ASC3_child",-0.7,-0.311931875279517,1
1,1.5,0.1,28,"prot25_male",0,-0.0962662710477899,0
1,1.5,0.1,28,"prot25_age",1.1,0.744631586409577,1
1,1.5,0.1,28,"prot25_income",1.2,0.807100227244655,1
1,1.5,0.1,28,"prot25_child",0,6.03735759388726e-07,0
1,1.5,0.1,28,"prot50_male",-0.2,-0.200493885594089,1
1,1.5,0.1,28,"prot50_age",0.8,0.47930898641823,1
1,1.5,0.1,28,"prot50_income",-0.2,-0.147737639862284,1
1,1.5,0.1,28,"prot50_child",0,8.49250717989633e-08,0
1,1.5,0.1,28,"invasive_male",0,8.78538986827469e-07,0
1,1.5,0.1,28,"invasive_age",0,0.0137693074871022,0
1,1.5,0.1,28,"invasive_income",0.3,0.245100756712854,1
1,1.5,0.1,28,"invasive_child",0,0.17086692830477,1
1,1.5,0.1,29,"ASC2_male",0,3.20832498233967e-07,0
1,1.5,0.1,29,"ASC2_age",0,0.128098497406382,1
1,1.5,0.1,29,"ASC2_income",-0.1,-0.0301966591305105,0
1,1.5,0.1,29,"ASC2_child",0,-3.62158112413693e-08,0
1,1.5,0.1,29,"ASC3_male",0,-0.00682221529234777,0
1,1.5,0.1,29,"ASC3_age",0.9,0.658323972541778,1
1,1.5,0.1,29,"ASC3_income",0,7.05762509869225e-08,0
1,1.5,0.1,29,"ASC3_child",-0.2,-0.253399017402772,1
1,1.5,0.1,29,"prot25_male",0,-2.55593048649235e-07,0
1,1.5,0.1,29,"prot25_age",0,-0.141118645894702,1
1,1.5,0.1,29,"prot25_income",0.8,0.557420815424695,1
1,1.5,0.1,29,"prot25_child",-0.4,-0.346210249328622,1
1,1.5,0.1,29,"prot50_male",0.4,0.354472439153525,1
1,1.5,0.1,29,"prot50_age",0.5,0.247810983254889,1
1,1.5,0.1,29,"prot50_income",0,-7.86387545984833e-07,0
1,1.5,0.1,29,"prot50_child",0.7,0.457227696727852,1
1,1.5,0.1,29,"invasive_male",0,2.15992394611221e-07,0
1,1.5,0.1,29,"invasive_age",-0.3,-0.124453516541876,1
1,1.5,0.1,29,"invasive_income",0,-0.0106723491330729,0
1,1.5,0.1,29,"invasive_child",1,0.629527074846927,1
1,1.5,0.1,30,"ASC2_male",0,-0.000858464516894027,0
1,1.5,0.1,30,"ASC2_age",0,-0.00273354414660382,0
1,1.5,0.1,30,"ASC2_income",0,-2.54785919894966e-07,0
1,1.5,0.1,30,"ASC2_child",0.6,0.28620025558386,1
1,1.5,0.1,30,"ASC3_male",0.4,0.141524441768521,1
1,1.5,0.1,30,"ASC3_age",0,-0.0296126894159329,0
1,1.5,0.1,30,"ASC3_income",0.2,0.108175797529667,1
1,1.5,0.1,30,"ASC3_child",0.2,-9.92104373174869e-10,0
1,1.5,0.1,30,"prot25_male",0,0.080775389184175,0
1,1.5,0.1,30,"prot25_age",-0.7,-0.393302760343635,1
1,1.5,0.1,30,"prot25_income",0.4,0.190488494284314,1
1,1.5,0.1,30,"prot25_child",0.8,0.644878519543101,1
1,1.5,0.1,30,"prot50_male",-0.7,-0.361666240232585,1
1,1.5,0.1,30,"prot50_age",0,0.0319621536707566,0
1,1.5,0.1,30,"prot50_income",0,-2.01481093978894e-07,0
1,1.5,0.1,30,"prot50_child",0,0.0327965968273864,0
1,1.5,0.1,30,"invasive_male",1.1,0.568438843322991,1
1,1.5,0.1,30,"invasive_age",0,0.0393456626533506,0
1,1.5,0.1,30,"invasive_income",0.4,0.223887529533988,1
1,1.5,0.1,30,"invasive_child",0,-0.0159757278344276,0
1,1.5,0.1,31,"ASC2_male",1.2,0.784612641708003,1
1,1.5,0.1,31,"ASC2_age",0,-0.0345205944270967,0
1,1.5,0.1,31,"ASC2_income",-0.3,-0.324055263317845,1
1,1.5,0.1,31,"ASC2_child",0,-0.130523343188342,1
1,1.5,0.1,31,"ASC3_male",0,2.03012685318609e-08,0
1,1.5,0.1,31,"ASC3_age",0,-0.0158000306368983,0
1,1.5,0.1,31,"ASC3_income",0,-0.136699613212216,1
1,1.5,0.1,31,"ASC3_child",0,-0.0823078653734784,0
1,1.5,0.1,31,"prot25_male",-0.8,-0.386938108227511,1
1,1.5,0.1,31,"prot25_age",-0.2,-0.0941052111329571,0
1,1.5,0.1,31,"prot25_income",0,0.0663885129850096,0
1,1.5,0.1,31,"prot25_child",0,0.0172194627773311,0
1,1.5,0.1,31,"prot50_male",-0.9,-0.472065479870262,1
1,1.5,0.1,31,"prot50_age",-0.9,-0.556407002905841,1
1,1.5,0.1,31,"prot50_income",-0.2,-0.0550412539166755,0
1,1.5,0.1,31,"prot50_child",-0.5,-0.148745502204302,1
1,1.5,0.1,31,"invasive_male",-1,-0.562763830993161,1
1,1.5,0.1,31,"invasive_age",0,0.0473946491544432,0
1,1.5,0.1,31,"invasive_income",0,-4.4073903044486e-08,0
1,1.5,0.1,31,"invasive_child",-0.7,-0.391400923668923,1
1,1.5,0.1,32,"ASC2_male",0.2,0.00153495926075166,0
1,1.5,0.1,32,"ASC2_age",0.7,0.425566313807319,1
1,1.5,0.1,32,"ASC2_income",-1,-0.645107519069927,1
1,1.5,0.1,32,"ASC2_child",0.4,0.297984661996296,1
1,1.5,0.1,32,"ASC3_male",0,-0.194742550890588,1
1,1.5,0.1,32,"ASC3_age",0.3,0.177007507164878,1
1,1.5,0.1,32,"ASC3_income",0,-0.00864179950946089,0
1,1.5,0.1,32,"ASC3_child",0.5,0.398402808190918,1
1,1.5,0.1,32,"prot25_male",0,0.00135529864841106,0
1,1.5,0.1,32,"prot25_age",-0.6,-0.383244421517981,1
1,1.5,0.1,32,"prot25_income",0,-0.020488585217451,0
1,1.5,0.1,32,"prot25_child",0,-0.0251790047754515,0
1,1.5,0.1,32,"prot50_male",0.7,0.551501999299607,1
1,1.5,0.1,32,"prot50_age",0.3,0.280639075574716,1
1,1.5,0.1,32,"prot50_income",0,-0.051478273370924,0
1,1.5,0.1,32,"prot50_child",-0.6,-0.611683362463034,1
1,1.5,0.1,32,"invasive_male",0,-0.147940696430054,1
1,1.5,0.1,32,"invasive_age",0,0.0231973732258989,0
1,1.5,0.1,32,"invasive_income",0,0.0209169572740295,0
1,1.5,0.1,32,"invasive_child",0,-0.0608136418377334,0
1,1.5,0.1,33,"ASC2_male",0,3.40516379474818e-07,0
1,1.5,0.1,33,"ASC2_age",-0.3,-0.264612994420951,1
1,1.5,0.1,33,"ASC2_income",0,0.0141354453601674,0
1,1.5,0.1,33,"ASC2_child",0,-0.115715570647386,1
1,1.5,0.1,33,"ASC3_male",0,0.06120899448907,0
1,1.5,0.1,33,"ASC3_age",1.1,0.759524815375709,1
1,1.5,0.1,33,"ASC3_income",0,0.0182775907617975,0
1,1.5,0.1,33,"ASC3_child",0,0.00336948041633132,0
1,1.5,0.1,33,"prot25_male",0.9,0.56784759321921,1
1,1.5,0.1,33,"prot25_age",-0.8,-0.449166381540356,1
1,1.5,0.1,33,"prot25_income",1.1,0.820031916015434,1
1,1.5,0.1,33,"prot25_child",0,0.0994782178571743,0
1,1.5,0.1,33,"prot50_male",-1.2,-0.88206443131073,1
1,1.5,0.1,33,"prot50_age",0.3,0.24881098944841,1
1,1.5,0.1,33,"prot50_income",0,-1.55049837868361e-09,0
1,1.5,0.1,33,"prot50_child",0.8,0.663271304544364,1
1,1.5,0.1,33,"invasive_male",0,-0.18215974900252,1
1,1.5,0.1,33,"invasive_age",-1.2,-0.812717774948233,1
1,1.5,0.1,33,"invasive_income",0.6,0.406958179528415,1
1,1.5,0.1,33,"invasive_child",0,0.149030173706593,1
1,1.5,0.1,34,"ASC2_male",0,0.0216730891634866,0
1,1.5,0.1,34,"ASC2_age",-0.5,-0.242700927619151,1
1,1.5,0.1,34,"ASC2_income",0,-0.0253882879818387,0
1,1.5,0.1,34,"ASC2_child",1,0.641087898774815,1
1,1.5,0.1,34,"ASC3_male",0,7.21610074724211e-07,0
1,1.5,0.1,34,"ASC3_age",-0.3,-0.147728254514959,1
1,1.5,0.1,34,"ASC3_income",-0.7,-0.405284555527034,1
1,1.5,0.1,34,"ASC3_child",-1,-0.590002292705873,1
1,1.5,0.1,34,"prot25_male",0,0.0211882819886508,0
1,1.5,0.1,34,"prot25_age",0,-8.28619020099899e-05,0
1,1.5,0.1,34,"prot25_income",0,-0.0193146242094776,0
1,1.5,0.1,34,"prot25_child",0,-1.08939181058055e-09,0
1,1.5,0.1,34,"prot50_male",0,-1.68779309324176e-06,0
1,1.5,0.1,34,"prot50_age",-0.8,-0.497045072911267,1
1,1.5,0.1,34,"prot50_income",-0.1,-0.0803716356940312,0
1,1.5,0.1,34,"prot50_child",0,-2.34089485655326e-07,0
1,1.5,0.1,34,"invasive_male",-0.9,-0.646918960475708,1
1,1.5,0.1,34,"invasive_age",-0.9,-0.5464045566791,1
1,1.5,0.1,34,"invasive_income",-0.9,-0.559612100493451,1
1,1.5,0.1,34,"invasive_child",0,-8.32008052551233e-09,0
1,1.5,0.1,35,"ASC2_male",0,-3.65254812388526e-06,0
1,1.5,0.1,35,"ASC2_age",0,-0.0659475004056131,0
1,1.5,0.1,35,"ASC2_income",-0.2,-0.0634781828187762,0
1,1.5,0.1,35,"ASC2_child",0,-0.0271327776287104,0
1,1.5,0.1,35,"ASC3_male",0,0.00452558886288968,0
1,1.5,0.1,35,"ASC3_age",0,-0.0512973475112121,0
1,1.5,0.1,35,"ASC3_income",0,0.0638837120134515,0
1,1.5,0.1,35,"ASC3_child",0,-3.39680445015615e-09,0
1,1.5,0.1,35,"prot25_male",0,2.71815257613767e-07,0
1,1.5,0.1,35,"prot25_age",1.2,0.77682473795592,1
1,1.5,0.1,35,"prot25_income",-0.2,-0.194481578873899,1
1,1.5,0.1,35,"prot25_child",0.8,0.544422786363569,1
1,1.5,0.1,35,"prot50_male",-0.9,-0.586949804015797,1
1,1.5,0.1,35,"prot50_age",-0.2,-0.0937445153560977,0
1,1.5,0.1,35,"prot50_income",0,-0.0197874378137515,0
1,1.5,0.1,35,"prot50_child",0,0.106145563876414,1
1,1.5,0.1,35,"invasive_male",0.3,0.143022903559474,1
1,1.5,0.1,35,"invasive_age",0.3,0.193762581534024,1
1,1.5,0.1,35,"invasive_income",-0.4,-0.316521607127625,1
1,1.5,0.1,35,"invasive_child",-0.5,-0.27209281156401,1
1,1.5,0.1,36,"ASC2_male",-0.7,-0.426832237567892,1
1,1.5,0.1,36,"ASC2_age",0,0.0417803845112865,0
1,1.5,0.1,36,"ASC2_income",0.1,8.70632066117787e-07,0
1,1.5,0.1,36,"ASC2_child",0,0.0380877488596615,0
1,1.5,0.1,36,"ASC3_male",0,6.37472497110328e-10,0
1,1.5,0.1,36,"ASC3_age",0.6,0.456904896447269,1
1,1.5,0.1,36,"ASC3_income",1.1,0.714851022281165,1
1,1.5,0.1,36,"ASC3_child",0,-0.0290198042961715,0
1,1.5,0.1,36,"prot25_male",0,-7.14587237830438e-09,0
1,1.5,0.1,36,"prot25_age",0,-0.0225508559609168,0
1,1.5,0.1,36,"prot25_income",0.2,0.178293208008503,1
1,1.5,0.1,36,"prot25_child",0,0.011513810942084,0
1,1.5,0.1,36,"prot50_male",0,-0.0791703098276075,0
1,1.5,0.1,36,"prot50_age",0.9,0.589898771353053,1
1,1.5,0.1,36,"prot50_income",-0.8,-0.522563591377018,1
1,1.5,0.1,36,"prot50_child",0,2.52576625974699e-08,0
1,1.5,0.1,36,"invasive_male",-1,-0.692956752023119,1
1,1.5,0.1,36,"invasive_age",0.8,0.581720788471117,1
1,1.5,0.1,36,"invasive_income",0,0.0297903380688973,0
1,1.5,0.1,36,"invasive_child",-0.8,-0.450562273165645,1
1,1.5,0.1,37,"ASC2_male",0,-0.197606894839195,1
1,1.5,0.1,37,"ASC2_age",0,0.0045597261098231,0
1,1.5,0.1,37,"ASC2_income",0,-0.123656702770936,1
1,1.5,0.1,37,"ASC2_child",0,0.0102862408948145,0
1,1.5,0.1,37,"ASC3_male",0,-0.104569137071155,1
1,1.5,0.1,37,"ASC3_age",0,-5.24016949566083e-11,0
1,1.5,0.1,37,"ASC3_income",0.6,0.293207582308186,1
1,1.5,0.1,37,"ASC3_child",0,-1.17971677978438e-05,0
1,1.5,0.1,37,"prot25_male",-0.8,-0.456370084985471,1
1,1.5,0.1,37,"prot25_age",0.9,0.571539581371347,1
1,1.5,0.1,37,"prot25_income",-0.7,-0.365203732564682,1
1,1.5,0.1,37,"prot25_child",0.1,0.146567059950527,1
1,1.5,0.1,37,"prot50_male",0,-4.71586703634637e-08,0
1,1.5,0.1,37,"prot50_age",1,0.717918335719128,1
1,1.5,0.1,37,"prot50_income",0,0.123436335377403,1
1,1.5,0.1,37,"prot50_child",-0.9,-0.575959100205112,1
1,1.5,0.1,37,"invasive_male",0.6,0.170759384942601,1
1,1.5,0.1,37,"invasive_age",-0.3,-0.132527193256324,1
1,1.5,0.1,37,"invasive_income",1.1,0.736939315367149,1
1,1.5,0.1,37,"invasive_child",0,-0.0208862783908834,0
1,1.5,0.1,38,"ASC2_male",0.8,0.448739721431337,1
1,1.5,0.1,38,"ASC2_age",0,-0.0452118367629152,0
1,1.5,0.1,38,"ASC2_income",0.8,0.551119858023594,1
1,1.5,0.1,38,"ASC2_child",0.4,0.0204977806873573,0
1,1.5,0.1,38,"ASC3_male",0,-0.0840534749602939,0
1,1.5,0.1,38,"ASC3_age",0,6.48330540847869e-05,0
1,1.5,0.1,38,"ASC3_income",0,-1.21584289203195e-08,0
1,1.5,0.1,38,"ASC3_child",0.2,-5.68180479015319e-09,0
1,1.5,0.1,38,"prot25_male",0,0.0506114251513509,0
1,1.5,0.1,38,"prot25_age",0,0.0128085624343933,0
1,1.5,0.1,38,"prot25_income",0,-7.83474377822567e-08,0
1,1.5,0.1,38,"prot25_child",0,-1.72057009365921e-09,0
1,1.5,0.1,38,"prot50_male",0,8.34227944723864e-08,0
1,1.5,0.1,38,"prot50_age",0.3,0.265024645156122,1
1,1.5,0.1,38,"prot50_income",0.9,0.658873255418605,1
1,1.5,0.1,38,"prot50_child",0,0.0739271428620813,0
1,1.5,0.1,38,"invasive_male",-0.5,-0.346554478384954,1
1,1.5,0.1,38,"invasive_age",0.9,0.736944915584727,1
1,1.5,0.1,38,"invasive_income",1,0.715391166785704,1
1,1.5,0.1,38,"invasive_child",-0.2,-0.326842759926632,1
1,1.5,0.1,39,"ASC2_male",0.9,0.494444044541058,1
1,1.5,0.1,39,"ASC2_age",1.1,0.764127602295717,1
1,1.5,0.1,39,"ASC2_income",0,-2.52455782268667e-08,0
1,1.5,0.1,39,"ASC2_child",0.7,0.493000961788829,1
1,1.5,0.1,39,"ASC3_male",0,-9.15299906514181e-09,0
1,1.5,0.1,39,"ASC3_age",-0.1,-0.0099948184450012,0
1,1.5,0.1,39,"ASC3_income",0,-0.00937292233464885,0
1,1.5,0.1,39,"ASC3_child",-1.1,-0.651684659158615,1
1,1.5,0.1,39,"prot25_male",0,0.0476378226477719,0
1,1.5,0.1,39,"prot25_age",0,-0.0353750219261457,0
1,1.5,0.1,39,"prot25_income",0.9,0.512674390783559,1
1,1.5,0.1,39,"prot25_child",0,-6.70769635161852e-09,0
1,1.5,0.1,39,"prot50_male",0,-7.49723655807771e-10,0
1,1.5,0.1,39,"prot50_age",0.9,0.5314282423701,1
1,1.5,0.1,39,"prot50_income",-0.8,-0.401761889244137,1
1,1.5,0.1,39,"prot50_child",0,-9.65552258867243e-09,0
1,1.5,0.1,39,"invasive_male",0.1,-1.98027067598045e-08,0
1,1.5,0.1,39,"invasive_age",0,3.48890496595676e-07,0
1,1.5,0.1,39,"invasive_income",0.7,0.413713580465622,1
1,1.5,0.1,39,"invasive_child",0,-6.68574690464006e-09,0
1,1.5,0.1,40,"ASC2_male",0,-0.00205737856367314,0
1,1.5,0.1,40,"ASC2_age",0,-6.87303341177919e-09,0
1,1.5,0.1,40,"ASC2_income",-1,-0.787683343814664,1
1,1.5,0.1,40,"ASC2_child",-0.4,-0.372743911613051,1
1,1.5,0.1,40,"ASC3_male",1.2,0.781603749388148,1
1,1.5,0.1,40,"ASC3_age",0,-0.0450923460069103,0
1,1.5,0.1,40,"ASC3_income",0,-0.00585465268696052,0
1,1.5,0.1,40,"ASC3_child",0,-2.2082393178612e-08,0
1,1.5,0.1,40,"prot25_male",-0.1,-0.0468494896343836,0
1,1.5,0.1,40,"prot25_age",0,-0.00441231375060628,0
1,1.5,0.1,40,"prot25_income",-0.3,-0.16491136136612,1
1,1.5,0.1,40,"prot25_child",-0.5,-0.268237611998735,1
1,1.5,0.1,40,"prot50_male",-1.2,-0.813853547051755,1
1,1.5,0.1,40,"prot50_age",0,-0.0118364680035886,0
1,1.5,0.1,40,"prot50_income",0,-1.60899886128745e-08,0
1,1.5,0.1,40,"prot50_child",1.1,0.829260644441716,1
1,1.5,0.1,40,"invasive_male",-0.8,-0.532051510710426,1
1,1.5,0.1,40,"invasive_age",0.5,0.331597713434981,1
1,1.5,0.1,40,"invasive_income",0,-0.0437629056690218,0
1,1.5,0.1,40,"invasive_child",0,0.0162364651099994,0
1,1.5,0.1,41,"ASC2_male",0.1,-0.0891353838035441,0
1,1.5,0.1,41,"ASC2_age",0,0.0219285960981126,0
1,1.5,0.1,41,"ASC2_income",-1,-0.68273089497384,1
1,1.5,0.1,41,"ASC2_child",-0.6,-0.302306825520359,1
1,1.5,0.1,41,"ASC3_male",0.8,0.245881592710848,1
1,1.5,0.1,41,"ASC3_age",-0.6,-0.353629202120941,1
1,1.5,0.1,41,"ASC3_income",-0.6,-0.367603586483812,1
1,1.5,0.1,41,"ASC3_child",-1,-0.555666702808298,1
1,1.5,0.1,41,"prot25_male",0,0.0784844390645435,0
1,1.5,0.1,41,"prot25_age",-1,-0.623121218761272,1
1,1.5,0.1,41,"prot25_income",0,-0.0153710107145051,0
1,1.5,0.1,41,"prot25_child",0,-0.0827876306378975,0
1,1.5,0.1,41,"prot50_male",0,0.173976849603357,1
1,1.5,0.1,41,"prot50_age",0,0.0536609687613899,0
1,1.5,0.1,41,"prot50_income",0,0.00776018184314045,0
1,1.5,0.1,41,"prot50_child",0,-0.112432321862497,1
1,1.5,0.1,41,"invasive_male",-0.7,-0.449107928844667,1
1,1.5,0.1,41,"invasive_age",-0.5,-0.362657674157369,1
1,1.5,0.1,41,"invasive_income",0,0.008212451931253,0
1,1.5,0.1,41,"invasive_child",0,-0.0098328752244368,0
1,1.5,0.1,42,"ASC2_male",-0.1,-0.103135720284159,1
1,1.5,0.1,42,"ASC2_age",1,0.748157929986893,1
1,1.5,0.1,42,"ASC2_income",0,0.103852684184571,1
1,1.5,0.1,42,"ASC2_child",0.4,0.224572333795317,1
1,1.5,0.1,42,"ASC3_male",-0.7,-0.404067119132128,1
1,1.5,0.1,42,"ASC3_age",0,0.0444834386152912,0
1,1.5,0.1,42,"ASC3_income",0,0.055495581105189,0
1,1.5,0.1,42,"ASC3_child",0,-0.078744269368819,0
1,1.5,0.1,42,"prot25_male",0.1,0.061452410346956,0
1,1.5,0.1,42,"prot25_age",0.8,0.520344749618549,1
1,1.5,0.1,42,"prot25_income",0,0.04240784750112,0
1,1.5,0.1,42,"prot25_child",0,-0.0447160686501293,0
1,1.5,0.1,42,"prot50_male",0,-0.00876684769898816,0
1,1.5,0.1,42,"prot50_age",1,0.685496104844528,1
1,1.5,0.1,42,"prot50_income",0,0.034022448054684,0
1,1.5,0.1,42,"prot50_child",0,0.00010938346438726,0
1,1.5,0.1,42,"invasive_male",-0.9,-0.662902001055431,1
1,1.5,0.1,42,"invasive_age",0,0.0339922797862273,0
1,1.5,0.1,42,"invasive_income",-1,-0.552634657036599,1
1,1.5,0.1,42,"invasive_child",-1.1,-0.849765526785127,1
1,1.5,0.1,43,"ASC2_male",0,-0.113726355601415,1
1,1.5,0.1,43,"ASC2_age",-0.8,-0.513977500651177,1
1,1.5,0.1,43,"ASC2_income",0,0.0742042410802692,0
1,1.5,0.1,43,"ASC2_child",0,-3.28646186051881e-10,0
1,1.5,0.1,43,"ASC3_male",-1.2,-0.908717633952952,1
1,1.5,0.1,43,"ASC3_age",0,-0.0109027563187415,0
1,1.5,0.1,43,"ASC3_income",0,0.0046109012875484,0
1,1.5,0.1,43,"ASC3_child",0,-0.00896975111160756,0
1,1.5,0.1,43,"prot25_male",1,0.791132701142496,1
1,1.5,0.1,43,"prot25_age",0.5,0.413688070061641,1
1,1.5,0.1,43,"prot25_income",0.9,0.584434661536048,1
1,1.5,0.1,43,"prot25_child",1,0.576387760251189,1
1,1.5,0.1,43,"prot50_male",-0.2,-0.049219046526444,0
1,1.5,0.1,43,"prot50_age",0,-0.000358387782928246,0
1,1.5,0.1,43,"prot50_income",-0.3,-0.232823461878966,1
1,1.5,0.1,43,"prot50_child",0.6,0.260103845881135,1
1,1.5,0.1,43,"invasive_male",0,-3.16893316363001e-09,0
1,1.5,0.1,43,"invasive_age",0,-0.00446788632526037,0
1,1.5,0.1,43,"invasive_income",1,0.738357746776982,1
1,1.5,0.1,43,"invasive_child",0,-1.84824871862364e-09,0
1,1.5,0.1,44,"ASC2_male",0.9,0.545284922042117,1
1,1.5,0.1,44,"ASC2_age",1.2,0.787643066882373,1
1,1.5,0.1,44,"ASC2_income",0,-0.0961066979472945,0
1,1.5,0.1,44,"ASC2_child",0,0.00516043827674971,0
1,1.5,0.1,44,"ASC3_male",0.9,0.588283528126253,1
1,1.5,0.1,44,"ASC3_age",0,0.0285054347101933,0
1,1.5,0.1,44,"ASC3_income",-0.5,-0.381494061353665,1
1,1.5,0.1,44,"ASC3_child",-1.1,-0.558511842989306,1
1,1.5,0.1,44,"prot25_male",-1.1,-0.823636444303577,1
1,1.5,0.1,44,"prot25_age",0,0.00237367156608852,0
1,1.5,0.1,44,"prot25_income",0,0.00167778208118624,0
1,1.5,0.1,44,"prot25_child",0.9,0.504758471583986,1
1,1.5,0.1,44,"prot50_male",0,-0.107125423388526,1
1,1.5,0.1,44,"prot50_age",-1.2,-0.778540868970109,1
1,1.5,0.1,44,"prot50_income",-0.5,-0.326477493459006,1
1,1.5,0.1,44,"prot50_child",0,-0.044398064227655,0
1,1.5,0.1,44,"invasive_male",-0.8,-0.634384785359894,1
1,1.5,0.1,44,"invasive_age",0,2.01117353976452e-10,0
1,1.5,0.1,44,"invasive_income",0,-0.0846949725891754,0
1,1.5,0.1,44,"invasive_child",0,0.115213382459126,1
1,1.5,0.1,45,"ASC2_male",-0.6,-0.257648583151924,1
1,1.5,0.1,45,"ASC2_age",0,-0.128309633657806,1
1,1.5,0.1,45,"ASC2_income",0,-0.0634811638871061,0
1,1.5,0.1,45,"ASC2_child",0.2,0.126704128732876,1
1,1.5,0.1,45,"ASC3_male",-0.7,-0.433958694855637,1
1,1.5,0.1,45,"ASC3_age",0,-0.123855011986721,1
1,1.5,0.1,45,"ASC3_income",0,7.49761951829878e-06,0
1,1.5,0.1,45,"ASC3_child",-0.1,-0.144616736522422,1
1,1.5,0.1,45,"prot25_male",0,-0.0793657794461934,0
1,1.5,0.1,45,"prot25_age",-0.8,-0.407818845072485,1
1,1.5,0.1,45,"prot25_income",0,0.0409004058054259,0
1,1.5,0.1,45,"prot25_child",0.4,0.302991414162184,1
1,1.5,0.1,45,"prot50_male",0,0.000893408520561193,0
1,1.5,0.1,45,"prot50_age",1.2,0.86401539547039,1
1,1.5,0.1,45,"prot50_income",0,0.0146214651632383,0
1,1.5,0.1,45,"prot50_child",-0.2,-0.0185589824702076,0
1,1.5,0.1,45,"invasive_male",-1,-0.58924550258252,1
1,1.5,0.1,45,"invasive_age",0,7.78609226084542e-09,0
1,1.5,0.1,45,"invasive_income",-0.3,-0.198143961425206,1
1,1.5,0.1,45,"invasive_child",0,0.0140647481385464,0
1,1.5,0.1,46,"ASC2_male",-0.3,-0.325438257311853,1
1,1.5,0.1,46,"ASC2_age",0,0.0316765068718832,0
1,1.5,0.1,46,"ASC2_income",-0.4,-0.317297053680061,1
1,1.5,0.1,46,"ASC2_child",0,-2.57315511554987e-07,0
1,1.5,0.1,46,"ASC3_male",0,-0.0104831645943488,0
1,1.5,0.1,46,"ASC3_age",0,0.0541914258440446,0
1,1.5,0.1,46,"ASC3_income",0,-0.0499763634095582,0
1,1.5,0.1,46,"ASC3_child",0,1.54685996129896e-07,0
1,1.5,0.1,46,"prot25_male",0,-3.0731648523265e-10,0
1,1.5,0.1,46,"prot25_age",0.9,0.510004409477095,1
1,1.5,0.1,46,"prot25_income",0.4,0.307815656419702,1
1,1.5,0.1,46,"prot25_child",0.5,0.300582655008449,1
1,1.5,0.1,46,"prot50_male",0.7,0.342166972815219,1
1,1.5,0.1,46,"prot50_age",0.5,0.306621346611435,1
1,1.5,0.1,46,"prot50_income",-0.5,-0.317928995853351,1
1,1.5,0.1,46,"prot50_child",0.7,0.258216134688663,1
1,1.5,0.1,46,"invasive_male",0,-3.72009924168045e-07,0
1,1.5,0.1,46,"invasive_age",0,0.0201018857834245,0
1,1.5,0.1,46,"invasive_income",0,-0.0170128163534356,0
1,1.5,0.1,46,"invasive_child",0.6,0.259749825204853,1
1,1.5,0.1,47,"ASC2_male",0,-2.93141216981093e-06,0
1,1.5,0.1,47,"ASC2_age",0,-0.0604972116981233,0
1,1.5,0.1,47,"ASC2_income",-0.7,-0.459905963329207,1
1,1.5,0.1,47,"ASC2_child",0.9,0.603340943124356,1
1,1.5,0.1,47,"ASC3_male",0,-0.0902428222967752,0
1,1.5,0.1,47,"ASC3_age",1,0.656990288880402,1
1,1.5,0.1,47,"ASC3_income",0,0.0468446430958909,0
1,1.5,0.1,47,"ASC3_child",0,5.08316823065621e-07,0
1,1.5,0.1,47,"prot25_male",1.2,0.719224561299119,1
1,1.5,0.1,47,"prot25_age",1,0.704351866563483,1
1,1.5,0.1,47,"prot25_income",0,1.85632148091687e-07,0
1,1.5,0.1,47,"prot25_child",0.5,0.264222910668296,1
1,1.5,0.1,47,"prot50_male",-0.1,0.00647397081063061,0
1,1.5,0.1,47,"prot50_age",0,-1.71099560161789e-07,0
1,1.5,0.1,47,"prot50_income",1,0.595289945961054,1
1,1.5,0.1,47,"prot50_child",0,0.0147524202973161,0
1,1.5,0.1,47,"invasive_male",0,-9.82341903092401e-10,0
1,1.5,0.1,47,"invasive_age",0,-0.0320455528613452,0
1,1.5,0.1,47,"invasive_income",-0.3,-0.0947745456673095,0
1,1.5,0.1,47,"invasive_child",-0.9,-0.647696493767282,1
1,1.5,0.1,48,"ASC2_male",0.3,0.0759652459129069,0
1,1.5,0.1,48,"ASC2_age",0,7.60381957246167e-08,0
1,1.5,0.1,48,"ASC2_income",-1.1,-0.714073578284995,1
1,1.5,0.1,48,"ASC2_child",0,-0.0515744255800337,0
1,1.5,0.1,48,"ASC3_male",0,-0.0353605626538049,0
1,1.5,0.1,48,"ASC3_age",1,0.586282354126719,1
1,1.5,0.1,48,"ASC3_income",0.7,0.381101107963218,1
1,1.5,0.1,48,"ASC3_child",0.9,0.469129193306677,1
1,1.5,0.1,48,"prot25_male",1,0.655451909374494,1
1,1.5,0.1,48,"prot25_age",0,3.23695558940727e-08,0
1,1.5,0.1,48,"prot25_income",0.2,0.0854067670145792,0
1,1.5,0.1,48,"prot25_child",0,1.69331717603749e-06,0
1,1.5,0.1,48,"prot50_male",-0.7,-0.159186469856228,1
1,1.5,0.1,48,"prot50_age",0,-4.88199604966132e-09,0
1,1.5,0.1,48,"prot50_income",0,-0.00461730364506502,0
1,1.5,0.1,48,"prot50_child",0.1,0.126060513383654,1
1,1.5,0.1,48,"invasive_male",0,5.15700526986662e-08,0
1,1.5,0.1,48,"invasive_age",0,0.0223064643457476,0
1,1.5,0.1,48,"invasive_income",0.6,0.294100283569747,1
1,1.5,0.1,48,"invasive_child",0,-0.0132367466146073,0
1,1.5,0.1,49,"ASC2_male",0,-1.03661818945684e-08,0
1,1.5,0.1,49,"ASC2_age",0.6,0.279813764901745,1
1,1.5,0.1,49,"ASC2_income",0,0.0261754409732086,0
1,1.5,0.1,49,"ASC2_child",0.6,0.298315776335871,1
1,1.5,0.1,49,"ASC3_male",0,-0.0577106207925555,0
1,1.5,0.1,49,"ASC3_age",0.5,0.261376944146864,1
1,1.5,0.1,49,"ASC3_income",-0.2,-0.186627172057578,1
1,1.5,0.1,49,"ASC3_child",0,-0.17242460935416,1
1,1.5,0.1,49,"prot25_male",1,0.599649108051638,1
1,1.5,0.1,49,"prot25_age",0,0.0450877591237137,0
1,1.5,0.1,49,"prot25_income",0.8,0.536655678657785,1
1,1.5,0.1,49,"prot25_child",-1,-0.581708415917913,1
1,1.5,0.1,49,"prot50_male",0,-0.0472542420642963,0
1,1.5,0.1,49,"prot50_age",0.7,0.518663406553956,1
1,1.5,0.1,49,"prot50_income",0,-0.0237682988455926,0
1,1.5,0.1,49,"prot50_child",-1,-0.470584812594512,1
1,1.5,0.1,49,"invasive_male",-0.2,-0.125412472377713,1
1,1.5,0.1,49,"invasive_age",0,0.0152367833282479,0
1,1.5,0.1,49,"invasive_income",0,-0.0153500328308362,0
1,1.5,0.1,49,"invasive_child",0,-0.0693799020027032,0
1,1.5,0.1,50,"ASC2_male",0,-0.0477567869431503,0
1,1.5,0.1,50,"ASC2_age",0,-0.0504065093693382,0
1,1.5,0.1,50,"ASC2_income",0.4,0.246888122094834,1
1,1.5,0.1,50,"ASC2_child",0.1,-0.00827389075433443,0
1,1.5,0.1,50,"ASC3_male",0,-0.0327642121769447,0
1,1.5,0.1,50,"ASC3_age",0,-0.0299261241519055,0
1,1.5,0.1,50,"ASC3_income",0,-0.060777847739784,0
1,1.5,0.1,50,"ASC3_child",-0.2,-0.152320758268709,1
1,1.5,0.1,50,"prot25_male",-0.4,-0.241851996465311,1
1,1.5,0.1,50,"prot25_age",1.2,0.78592129855535,1
1,1.5,0.1,50,"prot25_income",-0.6,-0.384000137380297,1
1,1.5,0.1,50,"prot25_child",0,-0.034976195962919,0
1,1.5,0.1,50,"prot50_male",1,0.669147118487728,1
1,1.5,0.1,50,"prot50_age",-0.3,-0.123890023417198,1
1,1.5,0.1,50,"prot50_income",0,-1.67716546734158e-06,0
1,1.5,0.1,50,"prot50_child",0,0.0327848080516395,0
1,1.5,0.1,50,"invasive_male",-1,-0.690628062266887,1
1,1.5,0.1,50,"invasive_age",0.4,0.272358670621131,1
1,1.5,0.1,50,"invasive_income",0,-0.0246038650451754,0
1,1.5,0.1,50,"invasive_child",0,-0.00999273396935947,0
1,1.5,0.1,51,"ASC2_male",1.1,0.574930245547043,1
1,1.5,0.1,51,"ASC2_age",0,0.00773245844813278,0
1,1.5,0.1,51,"ASC2_income",-0.5,-0.345078801032894,1
1,1.5,0.1,51,"ASC2_child",0,-0.0603154905119629,0
1,1.5,0.1,51,"ASC3_male",0,-0.130586294870034,1
1,1.5,0.1,51,"ASC3_age",-1,-0.660131444972863,1
1,1.5,0.1,51,"ASC3_income",-0.5,-0.325680139270165,1
1,1.5,0.1,51,"ASC3_child",0,-3.81082299545353e-08,0
1,1.5,0.1,51,"prot25_male",0,0.0466411497378667,0
1,1.5,0.1,51,"prot25_age",-0.8,-0.517629437443357,1
1,1.5,0.1,51,"prot25_income",0.9,0.598959077060897,1
1,1.5,0.1,51,"prot25_child",0.8,0.653654948718269,1
1,1.5,0.1,51,"prot50_male",-1,-0.586259771390676,1
1,1.5,0.1,51,"prot50_age",0,-0.00871508908896351,0
1,1.5,0.1,51,"prot50_income",0,0.0237946153379049,0
1,1.5,0.1,51,"prot50_child",0,-0.0327101899295905,0
1,1.5,0.1,51,"invasive_male",0.9,0.619955956538927,1
1,1.5,0.1,51,"invasive_age",0,-0.0340752084093104,0
1,1.5,0.1,51,"invasive_income",-0.4,-0.31369294437355,1
1,1.5,0.1,51,"invasive_child",0,-0.00954671929553957,0
1,1.5,0.1,52,"ASC2_male",0,-0.157985348068148,1
1,1.5,0.1,52,"ASC2_age",0.8,0.527762459463235,1
1,1.5,0.1,52,"ASC2_income",0,0.0850185353093016,0
1,1.5,0.1,52,"ASC2_child",0,-1.01721516865663e-08,0
1,1.5,0.1,52,"ASC3_male",1.1,0.557601652787834,1
1,1.5,0.1,52,"ASC3_age",0,0.0433536508428435,0
1,1.5,0.1,52,"ASC3_income",0.2,0.169908939857012,1
1,1.5,0.1,52,"ASC3_child",0,0.03474030245685,0
1,1.5,0.1,52,"prot25_male",-0.9,-0.409560465524966,1
1,1.5,0.1,52,"prot25_age",1.1,0.678853921020477,1
1,1.5,0.1,52,"prot25_income",0,-0.0321588436580603,0
1,1.5,0.1,52,"prot25_child",-1.1,-0.716674418265439,1
1,1.5,0.1,52,"prot50_male",0,0.263209337342345,1
1,1.5,0.1,52,"prot50_age",0,4.93880597322789e-12,0
1,1.5,0.1,52,"prot50_income",0.9,0.507943946339308,1
1,1.5,0.1,52,"prot50_child",-0.2,1.11944282370158e-07,0
1,1.5,0.1,52,"invasive_male",0.2,0.217254998305898,1
1,1.5,0.1,52,"invasive_age",0,-0.0243675895629404,0
1,1.5,0.1,52,"invasive_income",-0.9,-0.519135957759421,1
1,1.5,0.1,52,"invasive_child",0,-0.0298740165362873,0
1,1.5,0.1,53,"ASC2_male",0,-3.16626103685891e-09,0
1,1.5,0.1,53,"ASC2_age",0,-0.106183613410625,1
1,1.5,0.1,53,"ASC2_income",-0.7,-0.449785535095176,1
1,1.5,0.1,53,"ASC2_child",0.7,0.341122668082019,1
1,1.5,0.1,53,"ASC3_male",0,-0.0431707441081362,0
1,1.5,0.1,53,"ASC3_age",-0.4,-0.336770756810044,1
1,1.5,0.1,53,"ASC3_income",0,0.0656134164164566,0
1,1.5,0.1,53,"ASC3_child",0,0.000402910010356298,0
1,1.5,0.1,53,"prot25_male",-1.1,-0.754507546630043,1
1,1.5,0.1,53,"prot25_age",-0.4,-0.158841521983418,1
1,1.5,0.1,53,"prot25_income",0,-0.0611533083238235,0
1,1.5,0.1,53,"prot25_child",0,0.00150878428827279,0
1,1.5,0.1,53,"prot50_male",0,0.0614524047548025,0
1,1.5,0.1,53,"prot50_age",0.4,0.321436680295067,1
1,1.5,0.1,53,"prot50_income",0,-0.0304282891574235,0
1,1.5,0.1,53,"prot50_child",0,-0.0110355789471882,0
1,1.5,0.1,53,"invasive_male",-1.1,-0.57285900947678,1
1,1.5,0.1,53,"invasive_age",0.4,0.142775935785034,1
1,1.5,0.1,53,"invasive_income",-0.4,-0.294681502282305,1
1,1.5,0.1,53,"invasive_child",0.5,0.25575251238034,1
1,1.5,0.1,54,"ASC2_male",-1,-0.467808411731805,1
1,1.5,0.1,54,"ASC2_age",0.5,0.314054302765111,1
1,1.5,0.1,54,"ASC2_income",0,0.000300745942628334,0
1,1.5,0.1,54,"ASC2_child",0.2,0.0803027715086669,0
1,1.5,0.1,54,"ASC3_male",0.5,0.438491394878213,1
1,1.5,0.1,54,"ASC3_age",-0.2,-0.109789159327435,1
1,1.5,0.1,54,"ASC3_income",0,-0.00164978627596128,0
1,1.5,0.1,54,"ASC3_child",0,0.0102695366145984,0
1,1.5,0.1,54,"prot25_male",0,-0.00349377669736901,0
1,1.5,0.1,54,"prot25_age",0,-0.00518898220228442,0
1,1.5,0.1,54,"prot25_income",0.3,0.181748737804523,1
1,1.5,0.1,54,"prot25_child",0,0.0419714260146317,0
1,1.5,0.1,54,"prot50_male",0,0.0426151293923804,0
1,1.5,0.1,54,"prot50_age",0.9,0.592110388235086,1
1,1.5,0.1,54,"prot50_income",0,-0.00730668232698299,0
1,1.5,0.1,54,"prot50_child",-0.4,-0.283399424771048,1
1,1.5,0.1,54,"invasive_male",0,0.168230729185732,1
1,1.5,0.1,54,"invasive_age",0.9,0.575432877022764,1
1,1.5,0.1,54,"invasive_income",-0.4,-0.242246175535118,1
1,1.5,0.1,54,"invasive_child",0,-0.0203417670131111,0
1,1.5,0.1,55,"ASC2_male",0.9,0.559341985127989,1
1,1.5,0.1,55,"ASC2_age",0,-0.0712106221426823,0
1,1.5,0.1,55,"ASC2_income",0,2.04882402357916e-06,0
1,1.5,0.1,55,"ASC2_child",0.9,0.517210425303009,1
1,1.5,0.1,55,"ASC3_male",0,-3.18247372981773e-08,0
1,1.5,0.1,55,"ASC3_age",0,-0.136955604488192,1
1,1.5,0.1,55,"ASC3_income",0,0.081452075340718,0
1,1.5,0.1,55,"ASC3_child",-1,-0.832385898448297,1
1,1.5,0.1,55,"prot25_male",-0.9,-0.456880122684572,1
1,1.5,0.1,55,"prot25_age",-0.6,-0.272880739894537,1
1,1.5,0.1,55,"prot25_income",0,-0.0783482386231731,0
1,1.5,0.1,55,"prot25_child",-0.3,0.0315208571027013,0
1,1.5,0.1,55,"prot50_male",-0.9,-0.394849717171071,1
1,1.5,0.1,55,"prot50_age",0,0.0255743031300595,0
1,1.5,0.1,55,"prot50_income",1.1,0.62364633621758,1
1,1.5,0.1,55,"prot50_child",0,0.149598516326266,1
1,1.5,0.1,55,"invasive_male",0.8,0.512129849401723,1
1,1.5,0.1,55,"invasive_age",-0.8,-0.552641901412963,1
1,1.5,0.1,55,"invasive_income",0,-0.0678583589940758,0
1,1.5,0.1,55,"invasive_child",0,0.0527867310882355,0
1,1.5,0.1,56,"ASC2_male",0,-7.16125940815119e-09,0
1,1.5,0.1,56,"ASC2_age",1.1,0.754330262755518,1
1,1.5,0.1,56,"ASC2_income",0,0.00216985321058157,0
1,1.5,0.1,56,"ASC2_child",0,0.116205599185237,1
1,1.5,0.1,56,"ASC3_male",0,0.00625790691595472,0
1,1.5,0.1,56,"ASC3_age",-1,-0.662109653185706,1
1,1.5,0.1,56,"ASC3_income",0.8,0.485353970462912,1
1,1.5,0.1,56,"ASC3_child",0,-1.6259883068458e-08,0
1,1.5,0.1,56,"prot25_male",0,-3.23787108455658e-08,0
1,1.5,0.1,56,"prot25_age",0.9,0.552124516136043,1
1,1.5,0.1,56,"prot25_income",0,-0.0206117762779824,0
1,1.5,0.1,56,"prot25_child",0,0.0611050724113343,0
1,1.5,0.1,56,"prot50_male",0.5,0.336987935314025,1
1,1.5,0.1,56,"prot50_age",0,-0.0394233597432731,0
1,1.5,0.1,56,"prot50_income",-0.8,-0.570485194783643,1
1,1.5,0.1,56,"prot50_child",-0.4,-0.170279416911325,1
1,1.5,0.1,56,"invasive_male",0,-0.0279037672452111,0
1,1.5,0.1,56,"invasive_age",0.7,0.452974338100053,1
1,1.5,0.1,56,"invasive_income",1.1,0.713441399997358,1
1,1.5,0.1,56,"invasive_child",0.3,0.23655937343695,1
1,1.5,0.1,57,"ASC2_male",0,-0.111234684394393,1
1,1.5,0.1,57,"ASC2_age",0,-0.0614090912071734,0
1,1.5,0.1,57,"ASC2_income",1,0.744662681737128,1
1,1.5,0.1,57,"ASC2_child",1.1,0.627129716970781,1
1,1.5,0.1,57,"ASC3_male",0,0.035288107267051,0
1,1.5,0.1,57,"ASC3_age",0.9,0.5766758638938,1
1,1.5,0.1,57,"ASC3_income",0,0.0651763051321938,0
1,1.5,0.1,57,"ASC3_child",0,-0.0497714956021898,0
1,1.5,0.1,57,"prot25_male",0.1,0.134744949289563,1
1,1.5,0.1,57,"prot25_age",0,0.0173426243358748,0
1,1.5,0.1,57,"prot25_income",0,-0.0272738931969041,0
1,1.5,0.1,57,"prot25_child",-0.4,-0.216860193149511,1
1,1.5,0.1,57,"prot50_male",1,0.682841067642568,1
1,1.5,0.1,57,"prot50_age",-0.9,-0.542892695368865,1
1,1.5,0.1,57,"prot50_income",0,0.0115240161920554,0
1,1.5,0.1,57,"prot50_child",-0.2,-0.0676390190034382,0
1,1.5,0.1,57,"invasive_male",-0.4,-0.150172421367277,1
1,1.5,0.1,57,"invasive_age",1,0.643369803426219,1
1,1.5,0.1,57,"invasive_income",0,0.0334712737219673,0
1,1.5,0.1,57,"invasive_child",0,-2.55122534239684e-09,0
1,1.5,0.1,58,"ASC2_male",0,-3.66001499298803e-08,0
1,1.5,0.1,58,"ASC2_age",-0.4,-0.234450765665995,1
1,1.5,0.1,58,"ASC2_income",1.1,0.696522370371815,1
1,1.5,0.1,58,"ASC2_child",0.4,0.196710609449277,1
1,1.5,0.1,58,"ASC3_male",0,-3.29013163159199e-09,0
1,1.5,0.1,58,"ASC3_age",-0.6,-0.305099135473443,1
1,1.5,0.1,58,"ASC3_income",0,0.0670662766170576,0
1,1.5,0.1,58,"ASC3_child",0,-0.0226806695687155,0
1,1.5,0.1,58,"prot25_male",0.2,0.0241419242703791,0
1,1.5,0.1,58,"prot25_age",0,0.0411656229670794,0
1,1.5,0.1,58,"prot25_income",0,0.0357442668822647,0
1,1.5,0.1,58,"prot25_child",-0.4,-0.12985141558275,1
1,1.5,0.1,58,"prot50_male",0.6,0.243621692067067,1
1,1.5,0.1,58,"prot50_age",0,-0.0254584620055339,0
1,1.5,0.1,58,"prot50_income",0,-2.81832490816623e-09,0
1,1.5,0.1,58,"prot50_child",-0.7,-0.247654549586693,1
1,1.5,0.1,58,"invasive_male",-1,-0.624773859060708,1
1,1.5,0.1,58,"invasive_age",0.8,0.519570033303976,1
1,1.5,0.1,58,"invasive_income",0,0.0619626234922521,0
1,1.5,0.1,58,"invasive_child",0,2.311901222724e-09,0
1,1.5,0.1,59,"ASC2_male",1.2,0.747142166984133,1
1,1.5,0.1,59,"ASC2_age",1.1,0.657880857924947,1
1,1.5,0.1,59,"ASC2_income",0,-4.61664492470523e-09,0
1,1.5,0.1,59,"ASC2_child",0.2,0.0312745675643615,0
1,1.5,0.1,59,"ASC3_male",0,1.67138728399743e-08,0
1,1.5,0.1,59,"ASC3_age",1,0.61648357513895,1
1,1.5,0.1,59,"ASC3_income",0,0.0310259416744489,0
1,1.5,0.1,59,"ASC3_child",0,-0.0545869429222634,0
1,1.5,0.1,59,"prot25_male",0.3,0.133630595515161,1
1,1.5,0.1,59,"prot25_age",0,0.0730206200190505,0
1,1.5,0.1,59,"prot25_income",0.4,0.201179412271293,1
1,1.5,0.1,59,"prot25_child",0.3,0.208066389854927,1
1,1.5,0.1,59,"prot50_male",0,2.18477350393194e-09,0
1,1.5,0.1,59,"prot50_age",0,0.0190294874341907,0
1,1.5,0.1,59,"prot50_income",1,0.578718420528616,1
1,1.5,0.1,59,"prot50_child",0.9,0.575092867492655,1
1,1.5,0.1,59,"invasive_male",0,-2.22785086263287e-09,0
1,1.5,0.1,59,"invasive_age",0,-1.88023761464619e-09,0
1,1.5,0.1,59,"invasive_income",0,-0.0376662282872254,0
1,1.5,0.1,59,"invasive_child",-0.6,-0.409841072386119,1
1,1.5,0.1,60,"ASC2_male",-1,-0.608417369585977,1
1,1.5,0.1,60,"ASC2_age",-0.1,0.0335304115690487,0
1,1.5,0.1,60,"ASC2_income",0,0.0542552859326441,0
1,1.5,0.1,60,"ASC2_child",-0.4,-0.170024950604134,1
1,1.5,0.1,60,"ASC3_male",-1.1,-0.570355108536296,1
1,1.5,0.1,60,"ASC3_age",0,0.0572062312806538,0
1,1.5,0.1,60,"ASC3_income",0,0.0284248487494442,0
1,1.5,0.1,60,"ASC3_child",1.2,0.859829094343597,1
1,1.5,0.1,60,"prot25_male",-1.1,-0.731268281414637,1
1,1.5,0.1,60,"prot25_age",-0.8,-0.548607514072778,1
1,1.5,0.1,60,"prot25_income",0,-0.0525881703829261,0
1,1.5,0.1,60,"prot25_child",0,-0.208828375802437,1
1,1.5,0.1,60,"prot50_male",-0.4,-0.298942440397241,1
1,1.5,0.1,60,"prot50_age",0,-0.0166291539065587,0
1,1.5,0.1,60,"prot50_income",0,-0.044516335560238,0
1,1.5,0.1,60,"prot50_child",0,-0.144455636515147,1
1,1.5,0.1,60,"invasive_male",1.1,0.754752669168306,1
1,1.5,0.1,60,"invasive_age",0,0.0835574167873629,0
1,1.5,0.1,60,"invasive_income",0,0.0458539041694875,0
1,1.5,0.1,60,"invasive_child",-0.4,-0.270669242313107,1
1,1.5,0.1,61,"ASC2_male",-0.6,-0.56811057553308,1
1,1.5,0.1,61,"ASC2_age",0,0.0141531264519335,0
1,1.5,0.1,61,"ASC2_income",0.3,0.205631853430381,1
1,1.5,0.1,61,"ASC2_child",0.8,0.36002516672728,1
1,1.5,0.1,61,"ASC3_male",0.5,0.11027202249903,1
1,1.5,0.1,61,"ASC3_age",0,-1.35785327624899e-07,0
1,1.5,0.1,61,"ASC3_income",0,6.14916480726935e-09,0
1,1.5,0.1,61,"ASC3_child",0,-0.129098082000269,1
1,1.5,0.1,61,"prot25_male",0,0.0448623792446918,0
1,1.5,0.1,61,"prot25_age",-0.6,-0.38222736611259,1
1,1.5,0.1,61,"prot25_income",0,0.019163013293729,0
1,1.5,0.1,61,"prot25_child",0,-9.2234267889795e-07,0
1,1.5,0.1,61,"prot50_male",0,-3.01672035081862e-09,0
1,1.5,0.1,61,"prot50_age",-0.4,-0.245894646078678,1
1,1.5,0.1,61,"prot50_income",0,0.0224838013222125,0
1,1.5,0.1,61,"prot50_child",-0.7,-0.469836976930012,1
1,1.5,0.1,61,"invasive_male",0,-0.141091259442225,1
1,1.5,0.1,61,"invasive_age",1.1,0.66845580858816,1
1,1.5,0.1,61,"invasive_income",1,0.617754232270623,1
1,1.5,0.1,61,"invasive_child",0.5,0.328402145223572,1
1,1.5,0.1,62,"ASC2_male",0,-0.166782863965874,1
1,1.5,0.1,62,"ASC2_age",-1,-0.641236395296957,1
1,1.5,0.1,62,"ASC2_income",-0.6,-0.311770836616746,1
1,1.5,0.1,62,"ASC2_child",0,-1.02000877415615e-09,0
1,1.5,0.1,62,"ASC3_male",0,-0.175130727174244,1
1,1.5,0.1,62,"ASC3_age",0,0.0234221163609143,0
1,1.5,0.1,62,"ASC3_income",0.3,0.234239636180704,1
1,1.5,0.1,62,"ASC3_child",-0.1,-0.0441388246508326,0
1,1.5,0.1,62,"prot25_male",0,0.0779082352985099,0
1,1.5,0.1,62,"prot25_age",-0.9,-0.608307845647513,1
1,1.5,0.1,62,"prot25_income",0.5,0.220869853817063,1
1,1.5,0.1,62,"prot25_child",0.5,0.271452963240434,1
1,1.5,0.1,62,"prot50_male",-0.8,-0.521482928708925,1
1,1.5,0.1,62,"prot50_age",0,-0.113258730825412,1
1,1.5,0.1,62,"prot50_income",0,-0.0207457953125581,0
1,1.5,0.1,62,"prot50_child",1.2,0.690333898687793,1
1,1.5,0.1,62,"invasive_male",0.3,8.3289764548532e-06,0
1,1.5,0.1,62,"invasive_age",0,-0.0426150510774615,0
1,1.5,0.1,62,"invasive_income",0,0.0696043248702203,0
1,1.5,0.1,62,"invasive_child",0,0.00842201898948669,0
1,1.5,0.1,63,"ASC2_male",0.9,0.303891776806526,1
1,1.5,0.1,63,"ASC2_age",-0.1,0.0988767602360175,0
1,1.5,0.1,63,"ASC2_income",0,-5.05981977092018e-08,0
1,1.5,0.1,63,"ASC2_child",0.1,1.77218312894625e-07,0
1,1.5,0.1,63,"ASC3_male",0.4,1.81654496574276e-06,0
1,1.5,0.1,63,"ASC3_age",-0.7,-0.312673099679786,1
1,1.5,0.1,63,"ASC3_income",0,-1.30999474893979e-08,0
1,1.5,0.1,63,"ASC3_child",0,5.5623532290847e-07,0
1,1.5,0.1,63,"prot25_male",0,0.0900357650940174,0
1,1.5,0.1,63,"prot25_age",0,-0.0528102931287772,0
1,1.5,0.1,63,"prot25_income",-0.2,-0.126991132333931,1
1,1.5,0.1,63,"prot25_child",0,-3.73616484318716e-11,0
1,1.5,0.1,63,"prot50_male",0,0.00220015290080281,0
1,1.5,0.1,63,"prot50_age",1,0.610273618140549,1
1,1.5,0.1,63,"prot50_income",0,-1.80796029141625e-08,0
1,1.5,0.1,63,"prot50_child",-0.2,2.53395489759616e-07,0
1,1.5,0.1,63,"invasive_male",0,-0.0790720238948062,0
1,1.5,0.1,63,"invasive_age",-0.5,-0.242204495108051,1
1,1.5,0.1,63,"invasive_income",0,-1.747496861192e-07,0
1,1.5,0.1,63,"invasive_child",-0.6,-0.361943618122205,1
1,1.5,0.1,64,"ASC2_male",0,-0.00125029021929786,0
1,1.5,0.1,64,"ASC2_age",0,-7.52373701794113e-09,0
1,1.5,0.1,64,"ASC2_income",1.1,0.636020307741665,1
1,1.5,0.1,64,"ASC2_child",0.5,0.264248884233789,1
1,1.5,0.1,64,"ASC3_male",0,-2.57234456317869e-07,0
1,1.5,0.1,64,"ASC3_age",0,-1.62758596565171e-07,0
1,1.5,0.1,64,"ASC3_income",1.1,0.579337888739212,1
1,1.5,0.1,64,"ASC3_child",0,-6.37980982181415e-09,0
1,1.5,0.1,64,"prot25_male",0,-1.12785801527212e-08,0
1,1.5,0.1,64,"prot25_age",-1.1,-0.720297199836639,1
1,1.5,0.1,64,"prot25_income",-0.7,-0.401908827304603,1
1,1.5,0.1,64,"prot25_child",-0.8,-0.443053595976547,1
1,1.5,0.1,64,"prot50_male",0,-6.86913066621787e-09,0
1,1.5,0.1,64,"prot50_age",0.9,0.53183559685927,1
1,1.5,0.1,64,"prot50_income",-0.5,-0.253624359042224,1
1,1.5,0.1,64,"prot50_child",0,0.0687856717039074,0
1,1.5,0.1,64,"invasive_male",0,0.118400512908445,1
1,1.5,0.1,64,"invasive_age",-1.1,-0.699954339386453,1
1,1.5,0.1,64,"invasive_income",0.3,0.133045605728769,1
1,1.5,0.1,64,"invasive_child",0,-0.00470873049500884,0
1,1.5,0.1,65,"ASC2_male",0,-5.11173156676262e-05,0
1,1.5,0.1,65,"ASC2_age",0,-0.0436607566681611,0
1,1.5,0.1,65,"ASC2_income",-0.7,-0.398489941324116,1
1,1.5,0.1,65,"ASC2_child",0,-8.53134640258709e-09,0
1,1.5,0.1,65,"ASC3_male",0,-0.0575211061082267,0
1,1.5,0.1,65,"ASC3_age",-0.9,-0.604168920035362,1
1,1.5,0.1,65,"ASC3_income",0,0.0386726458689303,0
1,1.5,0.1,65,"ASC3_child",0,-0.137385392278371,1
1,1.5,0.1,65,"prot25_male",0.1,0.0934066979587453,0
1,1.5,0.1,65,"prot25_age",-0.8,-0.423951596777525,1
1,1.5,0.1,65,"prot25_income",0.9,0.508204276933666,1
1,1.5,0.1,65,"prot25_child",0,0.111399942049404,1
1,1.5,0.1,65,"prot50_male",0.8,0.577866512982787,1
1,1.5,0.1,65,"prot50_age",1.1,0.762973898735253,1
1,1.5,0.1,65,"prot50_income",-1,-0.725490082765839,1
1,1.5,0.1,65,"prot50_child",-1.2,-0.55199170812625,1
1,1.5,0.1,65,"invasive_male",0,-0.0358137476008459,0
1,1.5,0.1,65,"invasive_age",0,0.0223739354370556,0
1,1.5,0.1,65,"invasive_income",-1,-0.623862124981596,1
1,1.5,0.1,65,"invasive_child",0,0.0318922717818682,0
1,1.5,0.1,66,"ASC2_male",0.9,0.583881965455544,1
1,1.5,0.1,66,"ASC2_age",0.9,0.667889492587538,1
1,1.5,0.1,66,"ASC2_income",0,0.068705965722365,0
1,1.5,0.1,66,"ASC2_child",0,0.204758517342896,1
1,1.5,0.1,66,"ASC3_male",-0.6,-0.577236240168099,1
1,1.5,0.1,66,"ASC3_age",0,0.0767112751976296,0
1,1.5,0.1,66,"ASC3_income",-1.2,-0.779018809514763,1
1,1.5,0.1,66,"ASC3_child",0,0.10145225721037,1
1,1.5,0.1,66,"prot25_male",0,0.0259965697009841,0
1,1.5,0.1,66,"prot25_age",-0.4,-0.33100354651078,1
1,1.5,0.1,66,"prot25_income",-0.4,-0.390419757714651,1
1,1.5,0.1,66,"prot25_child",0,-0.207507558051414,1
1,1.5,0.1,66,"prot50_male",0,0.118306438944664,1
1,1.5,0.1,66,"prot50_age",0,-0.0834408941819207,0
1,1.5,0.1,66,"prot50_income",0.2,0.0797115667639891,0
1,1.5,0.1,66,"prot50_child",-0.7,-0.735375471757842,1
1,1.5,0.1,66,"invasive_male",0.5,0.21649715696817,1
1,1.5,0.1,66,"invasive_age",0.9,0.629274139168328,1
1,1.5,0.1,66,"invasive_income",0,-0.0268079433708346,0
1,1.5,0.1,66,"invasive_child",0,-0.100497855231849,1
1,1.5,0.1,67,"ASC2_male",0,2.27316102378964e-08,0
1,1.5,0.1,67,"ASC2_age",-1.1,-0.759605638370598,1
1,1.5,0.1,67,"ASC2_income",0.6,0.41465924480436,1
1,1.5,0.1,67,"ASC2_child",0.3,0.136145475765092,1
1,1.5,0.1,67,"ASC3_male",0,-0.0327030546462496,0
1,1.5,0.1,67,"ASC3_age",0,-0.0361640692771521,0
1,1.5,0.1,67,"ASC3_income",0.7,0.426939695320085,1
1,1.5,0.1,67,"ASC3_child",0,-0.00432170494899443,0
1,1.5,0.1,67,"prot25_male",0.9,0.634326920626409,1
1,1.5,0.1,67,"prot25_age",0.5,0.344461011603842,1
1,1.5,0.1,67,"prot25_income",-0.8,-0.61971284783455,1
1,1.5,0.1,67,"prot25_child",0,0.0907883738543841,0
1,1.5,0.1,67,"prot50_male",-0.7,-0.436775491520668,1
1,1.5,0.1,67,"prot50_age",0,0.0378320546228831,0
1,1.5,0.1,67,"prot50_income",-0.2,-0.14488570330453,1
1,1.5,0.1,67,"prot50_child",0,-8.67124166121117e-08,0
1,1.5,0.1,67,"invasive_male",0,-3.01523710004747e-08,0
1,1.5,0.1,67,"invasive_age",0,-0.0196296784419702,0
1,1.5,0.1,67,"invasive_income",0,0.0370175246217262,0
1,1.5,0.1,67,"invasive_child",0.9,0.482074941496225,1
1,1.5,0.1,68,"ASC2_male",0.3,0.0434036056552663,0
1,1.5,0.1,68,"ASC2_age",0.9,0.500143270756292,1
1,1.5,0.1,68,"ASC2_income",-1,-0.642700613947428,1
1,1.5,0.1,68,"ASC2_child",0.1,8.79707663373007e-07,0
1,1.5,0.1,68,"ASC3_male",0,-3.57980458724861e-08,0
1,1.5,0.1,68,"ASC3_age",0.7,0.335015912098581,1
1,1.5,0.1,68,"ASC3_income",0,-7.02564971415674e-09,0
1,1.5,0.1,68,"ASC3_child",-0.4,-0.323501924001697,1
1,1.5,0.1,68,"prot25_male",0,0.0999653651926425,0
1,1.5,0.1,68,"prot25_age",0,0.0457126362101094,0
1,1.5,0.1,68,"prot25_income",0,-4.33852235706085e-08,0
1,1.5,0.1,68,"prot25_child",-0.6,-0.224881081929985,1
1,1.5,0.1,68,"prot50_male",0,0.0877571612276673,0
1,1.5,0.1,68,"prot50_age",0.1,0.0117622711676801,0
1,1.5,0.1,68,"prot50_income",0,-4.48656445225765e-08,0
1,1.5,0.1,68,"prot50_child",0,4.25311734090212e-07,0
1,1.5,0.1,68,"invasive_male",0,-0.0771636886947379,0
1,1.5,0.1,68,"invasive_age",0,-0.148917994163983,1
1,1.5,0.1,68,"invasive_income",0.5,0.362638712327122,1
1,1.5,0.1,68,"invasive_child",0.3,0.0833210548286256,0
1,1.5,0.1,69,"ASC2_male",0,-0.126384178772549,1
1,1.5,0.1,69,"ASC2_age",0,-0.0958931320884072,0
1,1.5,0.1,69,"ASC2_income",-0.9,-0.487211651399809,1
1,1.5,0.1,69,"ASC2_child",0,6.60800847462254e-08,0
1,1.5,0.1,69,"ASC3_male",0.8,0.344971389804581,1
1,1.5,0.1,69,"ASC3_age",0,-0.0999792308413401,0
1,1.5,0.1,69,"ASC3_income",0,-6.61454507266614e-09,0
1,1.5,0.1,69,"ASC3_child",0,-1.89829371419965e-08,0
1,1.5,0.1,69,"prot25_male",-0.4,-0.116293985021589,1
1,1.5,0.1,69,"prot25_age",-0.8,-0.505632939621417,1
1,1.5,0.1,69,"prot25_income",0,-0.0305393482315547,0
1,1.5,0.1,69,"prot25_child",1.2,0.761044071465802,1
1,1.5,0.1,69,"prot50_male",0,0.0438499979922443,0
1,1.5,0.1,69,"prot50_age",-0.7,-0.472027689463724,1
1,1.5,0.1,69,"prot50_income",0,-7.53615019604309e-09,0
1,1.5,0.1,69,"prot50_child",-0.6,-0.333056168702159,1
1,1.5,0.1,69,"invasive_male",-1.1,-0.675418067023756,1
1,1.5,0.1,69,"invasive_age",0.5,0.268300356416971,1
1,1.5,0.1,69,"invasive_income",-0.9,-0.550985296783507,1
1,1.5,0.1,69,"invasive_child",0,-1.04735631148045e-08,0
1,1.5,0.1,70,"ASC2_male",0,-0.0990183363959668,0
1,1.5,0.1,70,"ASC2_age",-1,-0.696665662463597,1
1,1.5,0.1,70,"ASC2_income",1.2,0.619599261096493,1
1,1.5,0.1,70,"ASC2_child",0.3,0.115570767975256,1
1,1.5,0.1,70,"ASC3_male",0,2.35702487385172e-08,0
1,1.5,0.1,70,"ASC3_age",-0.9,-0.627825248164885,1
1,1.5,0.1,70,"ASC3_income",0,-0.209113221399446,1
1,1.5,0.1,70,"ASC3_child",0,-0.108944158291701,1
1,1.5,0.1,70,"prot25_male",0,0.0948887457076552,0
1,1.5,0.1,70,"prot25_age",0.2,0.201960319106757,1
1,1.5,0.1,70,"prot25_income",0,0.10781573350864,1
1,1.5,0.1,70,"prot25_child",-0.7,-0.28614716768761,1
1,1.5,0.1,70,"prot50_male",0,-0.0282888885345502,0
1,1.5,0.1,70,"prot50_age",0,0.0299393130819087,0
1,1.5,0.1,70,"prot50_income",-0.7,-0.371744135374773,1
1,1.5,0.1,70,"prot50_child",0,-7.20920093602615e-09,0
1,1.5,0.1,70,"invasive_male",-0.3,-0.249042207692478,1
1,1.5,0.1,70,"invasive_age",0,-3.42726735281567e-10,0
1,1.5,0.1,70,"invasive_income",-0.7,-0.503475244353508,1
1,1.5,0.1,70,"invasive_child",-0.6,-0.600203671358826,1
1,1.5,0.1,71,"ASC2_male",-1.1,-0.673827171457405,1
1,1.5,0.1,71,"ASC2_age",0,0.00639265189865916,0
1,1.5,0.1,71,"ASC2_income",0,-0.0407574004142331,0
1,1.5,0.1,71,"ASC2_child",-0.4,-0.306588023037196,1
1,1.5,0.1,71,"ASC3_male",0,-0.0428354944858027,0
1,1.5,0.1,71,"ASC3_age",0,-3.0895439604299e-08,0
1,1.5,0.1,71,"ASC3_income",-0.5,-0.319834204703819,1
1,1.5,0.1,71,"ASC3_child",-0.6,-0.44593508690931,1
1,1.5,0.1,71,"prot25_male",0,-8.54079639621096e-08,0
1,1.5,0.1,71,"prot25_age",0,-0.0362359288646889,0
1,1.5,0.1,71,"prot25_income",0,-0.0299946133496688,0
1,1.5,0.1,71,"prot25_child",0.2,0.0173566207197141,0
1,1.5,0.1,71,"prot50_male",-0.5,-0.416969650855094,1
1,1.5,0.1,71,"prot50_age",0.2,0.216505626407169,1
1,1.5,0.1,71,"prot50_income",-1.1,-0.769331244549164,1
1,1.5,0.1,71,"prot50_child",0,0.00404823918515366,0
1,1.5,0.1,71,"invasive_male",0.9,0.431714034759516,1
1,1.5,0.1,71,"invasive_age",1.2,0.843115359381943,1
1,1.5,0.1,71,"invasive_income",0,-0.0974163897445831,0
1,1.5,0.1,71,"invasive_child",0,1.05214401271838e-08,0
1,1.5,0.1,72,"ASC2_male",0,-4.51560063067053e-08,0
1,1.5,0.1,72,"ASC2_age",0,-0.0592821087820603,0
1,1.5,0.1,72,"ASC2_income",0.2,0.0674550558107555,0
1,1.5,0.1,72,"ASC2_child",0.1,0.0638309895482527,0
1,1.5,0.1,72,"ASC3_male",0,-0.0764462986085992,0
1,1.5,0.1,72,"ASC3_age",0.7,0.437391575577581,1
1,1.5,0.1,72,"ASC3_income",0,-0.0286388541525424,0
1,1.5,0.1,72,"ASC3_child",0,0.0511356329595528,0
1,1.5,0.1,72,"prot25_male",-0.2,-8.39018858752357e-09,0
1,1.5,0.1,72,"prot25_age",-1.1,-0.735813391216933,1
1,1.5,0.1,72,"prot25_income",0,-2.17233870538217e-08,0
1,1.5,0.1,72,"prot25_child",0,6.31989047289577e-11,0
1,1.5,0.1,72,"prot50_male",0.5,0.297631772494343,1
1,1.5,0.1,72,"prot50_age",0,-0.0258345861958316,0
1,1.5,0.1,72,"prot50_income",0,0.000666367925605826,0
1,1.5,0.1,72,"prot50_child",0.1,0.133447107338406,1
1,1.5,0.1,72,"invasive_male",0,-0.153745360161006,1
1,1.5,0.1,72,"invasive_age",0.3,0.182037628878894,1
1,1.5,0.1,72,"invasive_income",0.4,0.302973644108467,1
1,1.5,0.1,72,"invasive_child",-0.4,-0.288156393584665,1
1,1.5,0.1,73,"ASC2_male",0,-6.49832255202816e-09,0
1,1.5,0.1,73,"ASC2_age",0,0.230370757795325,1
1,1.5,0.1,73,"ASC2_income",0,-1.27239870101601e-12,0
1,1.5,0.1,73,"ASC2_child",0.9,0.529946961950948,1
1,1.5,0.1,73,"ASC3_male",0,-1.70056981822055e-08,0
1,1.5,0.1,73,"ASC3_age",-0.7,-0.219353449037003,1
1,1.5,0.1,73,"ASC3_income",0,1.28171012038682e-06,0
1,1.5,0.1,73,"ASC3_child",0,-3.4795312765683e-09,0
1,1.5,0.1,73,"prot25_male",-0.5,-0.281169858228835,1
1,1.5,0.1,73,"prot25_age",1,0.458132816450756,1
1,1.5,0.1,73,"prot25_income",0,-0.00127271447111465,0
1,1.5,0.1,73,"prot25_child",0,-9.20906692978373e-09,0
1,1.5,0.1,73,"prot50_male",0.6,0.342920150459408,1
1,1.5,0.1,73,"prot50_age",0.8,0.396433923653014,1
1,1.5,0.1,73,"prot50_income",1.2,0.781292367652964,1
1,1.5,0.1,73,"prot50_child",0.9,0.553664799440508,1
1,1.5,0.1,73,"invasive_male",0,-7.79907412072722e-08,0
1,1.5,0.1,73,"invasive_age",-1.2,-0.688945925502921,1
1,1.5,0.1,73,"invasive_income",0,-5.85201085901038e-09,0
1,1.5,0.1,73,"invasive_child",1.1,0.628157028997219,1
1,1.5,0.1,74,"ASC2_male",0,0.118533391114333,1
1,1.5,0.1,74,"ASC2_age",0,0.0606170157389974,0
1,1.5,0.1,74,"ASC2_income",-0.5,-0.353427908548135,1
1,1.5,0.1,74,"ASC2_child",0,-0.0661033070602321,0
1,1.5,0.1,74,"ASC3_male",0.2,0.314733621489438,1
1,1.5,0.1,74,"ASC3_age",0,0.0299898234715246,0
1,1.5,0.1,74,"ASC3_income",1,0.692384197271929,1
1,1.5,0.1,74,"ASC3_child",-0.8,-0.684573154051159,1
1,1.5,0.1,74,"prot25_male",-1.1,-0.821081915039365,1
1,1.5,0.1,74,"prot25_age",-0.7,-0.447003232697795,1
1,1.5,0.1,74,"prot25_income",0.8,0.49877183714337,1
1,1.5,0.1,74,"prot25_child",0,-1.38089934438127e-09,0
1,1.5,0.1,74,"prot50_male",0.5,0.35789282579373,1
1,1.5,0.1,74,"prot50_age",0,0.00889111403357226,0
1,1.5,0.1,74,"prot50_income",-0.2,-0.268684029221655,1
1,1.5,0.1,74,"prot50_child",0,0.136032853538499,1
1,1.5,0.1,74,"invasive_male",0,-0.0544883781790256,0
1,1.5,0.1,74,"invasive_age",0,0.0727831502669804,0
1,1.5,0.1,74,"invasive_income",0,-0.00267153796127734,0
1,1.5,0.1,74,"invasive_child",1.1,0.660017866854594,1
1,1.5,0.1,75,"ASC2_male",0,-0.0643153462616496,0
1,1.5,0.1,75,"ASC2_age",0,-0.0100599578505985,0
1,1.5,0.1,75,"ASC2_income",-0.1,-0.0148516341868225,0
1,1.5,0.1,75,"ASC2_child",0,-8.83130065304814e-09,0
1,1.5,0.1,75,"ASC3_male",0,0.00568772309888334,0
1,1.5,0.1,75,"ASC3_age",-0.8,-0.52319320535673,1
1,1.5,0.1,75,"ASC3_income",0,-3.03643664445454e-08,0
1,1.5,0.1,75,"ASC3_child",0.3,0.160442199970995,1
1,1.5,0.1,75,"prot25_male",0,0.0242599609821219,0
1,1.5,0.1,75,"prot25_age",0,-1.03464603233923e-08,0
1,1.5,0.1,75,"prot25_income",-0.5,-0.320351887433341,1
1,1.5,0.1,75,"prot25_child",0.6,0.279570960184472,1
1,1.5,0.1,75,"prot50_male",0,0.0864350038183245,0
1,1.5,0.1,75,"prot50_age",0,0.00308297438852247,0
1,1.5,0.1,75,"prot50_income",-0.5,-0.345036820212705,1
1,1.5,0.1,75,"prot50_child",0,-4.4266309585704e-10,0
1,1.5,0.1,75,"invasive_male",-0.9,-0.655483609228388,1
1,1.5,0.1,75,"invasive_age",-0.1,-0.126121955295744,1
1,1.5,0.1,75,"invasive_income",1.1,0.773719141332869,1
1,1.5,0.1,75,"invasive_child",0.1,0.0143110458462397,0
1,1.5,0.1,76,"ASC2_male",0,-0.194847249722395,1
1,1.5,0.1,76,"ASC2_age",-0.8,-0.503145364067226,1
1,1.5,0.1,76,"ASC2_income",-0.8,-0.443611226870546,1
1,1.5,0.1,76,"ASC2_child",0,-0.00304480650187496,0
1,1.5,0.1,76,"ASC3_male",1,0.345414762738722,1
1,1.5,0.1,76,"ASC3_age",0.2,0.134995937719156,1
1,1.5,0.1,76,"ASC3_income",0.7,0.485162456180064,1
1,1.5,0.1,76,"ASC3_child",0,0.0231576580252014,0
1,1.5,0.1,76,"prot25_male",1,0.872991227013528,1
1,1.5,0.1,76,"prot25_age",-0.4,-0.23782942861599,1
1,1.5,0.1,76,"prot25_income",0,-7.57209761306467e-09,0
1,1.5,0.1,76,"prot25_child",0,-0.010366300512049,0
1,1.5,0.1,76,"prot50_male",-1.1,-0.41999167304433,1
1,1.5,0.1,76,"prot50_age",0,-2.08881788986442e-09,0
1,1.5,0.1,76,"prot50_income",0,-6.43650837245529e-09,0
1,1.5,0.1,76,"prot50_child",0,-2.12216338119019e-09,0
1,1.5,0.1,76,"invasive_male",0.5,0.273099271019258,1
1,1.5,0.1,76,"invasive_age",0,-6.07051923309825e-10,0
1,1.5,0.1,76,"invasive_income",0,-4.46975299127571e-09,0
1,1.5,0.1,76,"invasive_child",-1.2,-0.598998859799487,1
1,1.5,0.1,77,"ASC2_male",0.4,0.19207156157274,1
1,1.5,0.1,77,"ASC2_age",0,0.0745206844654848,0
1,1.5,0.1,77,"ASC2_income",0,0.0876338098744888,0
1,1.5,0.1,77,"ASC2_child",-1.1,-0.763459049130817,1
1,1.5,0.1,77,"ASC3_male",0,-0.185861557500264,1
1,1.5,0.1,77,"ASC3_age",0,0.0876752606126222,0
1,1.5,0.1,77,"ASC3_income",-1.1,-0.642811807765002,1
1,1.5,0.1,77,"ASC3_child",0.7,0.452585230139394,1
1,1.5,0.1,77,"prot25_male",-0.1,-3.91728413612222e-08,0
1,1.5,0.1,77,"prot25_age",0,-0.0567500817813979,0
1,1.5,0.1,77,"prot25_income",0.8,0.414062284267405,1
1,1.5,0.1,77,"prot25_child",-0.7,-0.361241362937419,1
1,1.5,0.1,77,"prot50_male",0,0.121066487554233,1
1,1.5,0.1,77,"prot50_age",0.4,0.277880983229873,1
1,1.5,0.1,77,"prot50_income",0.8,0.458742817598166,1
1,1.5,0.1,77,"prot50_child",0,0.0398972139968179,0
1,1.5,0.1,77,"invasive_male",0,4.48893480419466e-07,0
1,1.5,0.1,77,"invasive_age",0,0.000334028088908978,0
1,1.5,0.1,77,"invasive_income",0,0.0094742504295564,0
1,1.5,0.1,77,"invasive_child",0.9,0.540493282405076,1
1,1.5,0.1,78,"ASC2_male",-0.6,-0.50484430566978,1
1,1.5,0.1,78,"ASC2_age",0,0.0287000711079604,0
1,1.5,0.1,78,"ASC2_income",0,-0.0450175096529736,0
1,1.5,0.1,78,"ASC2_child",0,-0.0489946020676736,0
1,1.5,0.1,78,"ASC3_male",-1.2,-0.765589997100447,1
1,1.5,0.1,78,"ASC3_age",-0.7,-0.456551950311527,1
1,1.5,0.1,78,"ASC3_income",0,-0.0238763728127183,0
1,1.5,0.1,78,"ASC3_child",0.8,0.448796822679293,1
1,1.5,0.1,78,"prot25_male",0.4,0.182003198013645,1
1,1.5,0.1,78,"prot25_age",0,-0.0136990148968764,0
1,1.5,0.1,78,"prot25_income",0,0.00690124096992517,0
1,1.5,0.1,78,"prot25_child",-1.2,-0.785844005929115,1
1,1.5,0.1,78,"prot50_male",0,-1.66719564627229e-07,0
1,1.5,0.1,78,"prot50_age",0.5,0.322796142775019,1
1,1.5,0.1,78,"prot50_income",0.1,0.0344779855065648,0
1,1.5,0.1,78,"prot50_child",0.2,0.0724966411898277,0
1,1.5,0.1,78,"invasive_male",0,0.000937959434008084,0
1,1.5,0.1,78,"invasive_age",0,-0.0386158204291806,0
1,1.5,0.1,78,"invasive_income",0,-0.0812052981098007,0
1,1.5,0.1,78,"invasive_child",0.9,0.402391594804745,1
1,1.5,0.1,79,"ASC2_male",0,0.0572854571842688,0
1,1.5,0.1,79,"ASC2_age",0,-0.0096293550403693,0
1,1.5,0.1,79,"ASC2_income",0.2,0.230091878969587,1
1,1.5,0.1,79,"ASC2_child",0,-0.102365597702781,1
1,1.5,0.1,79,"ASC3_male",0,0.0334062186479777,0
1,1.5,0.1,79,"ASC3_age",-0.6,-0.424044841770365,1
1,1.5,0.1,79,"ASC3_income",-1,-0.573306584545253,1
1,1.5,0.1,79,"ASC3_child",0.7,0.360193166468097,1
1,1.5,0.1,79,"prot25_male",0,0.0083493194660953,0
1,1.5,0.1,79,"prot25_age",-1,-0.688146626326684,1
1,1.5,0.1,79,"prot25_income",0,-0.0941657561065206,0
1,1.5,0.1,79,"prot25_child",0,0.0488586504244677,0
1,1.5,0.1,79,"prot50_male",-1.1,-0.717641534841086,1
1,1.5,0.1,79,"prot50_age",-1.1,-0.770974637170008,1
1,1.5,0.1,79,"prot50_income",0.9,0.539771220709834,1
1,1.5,0.1,79,"prot50_child",0.4,0.241488183670862,1
1,1.5,0.1,79,"invasive_male",-0.4,-0.277715884654673,1
1,1.5,0.1,79,"invasive_age",0,1.04481593075766e-09,0
1,1.5,0.1,79,"invasive_income",0,1.63464965833359e-07,0
1,1.5,0.1,79,"invasive_child",0,-0.0723107659599292,0
1,1.5,0.1,80,"ASC2_male",-0.3,-0.143241994042746,1
1,1.5,0.1,80,"ASC2_age",0,-0.0955912592180778,0
1,1.5,0.1,80,"ASC2_income",0.9,0.670213796395048,1
1,1.5,0.1,80,"ASC2_child",-1,-0.651750526043824,1
1,1.5,0.1,80,"ASC3_male",0,-0.0465996344792472,0
1,1.5,0.1,80,"ASC3_age",-0.6,-0.457600745265788,1
1,1.5,0.1,80,"ASC3_income",0,0.0652439164415832,0
1,1.5,0.1,80,"ASC3_child",0,-4.87889497632318e-09,0
1,1.5,0.1,80,"prot25_male",0,0.0365060281811859,0
1,1.5,0.1,80,"prot25_age",0.8,0.558631544206504,1
1,1.5,0.1,80,"prot25_income",0.1,0.0394440326514754,0
1,1.5,0.1,80,"prot25_child",0,-7.12195112435917e-08,0
1,1.5,0.1,80,"prot50_male",0,0.0205548843895731,0
1,1.5,0.1,80,"prot50_age",0,0.00404083918486794,0
1,1.5,0.1,80,"prot50_income",0.7,0.411065172887473,1
1,1.5,0.1,80,"prot50_child",0,0.110984264967171,1
1,1.5,0.1,80,"invasive_male",0,1.15625330219085e-07,0
1,1.5,0.1,80,"invasive_age",-0.8,-0.558820871916824,1
1,1.5,0.1,80,"invasive_income",-0.7,-0.46829396140124,1
1,1.5,0.1,80,"invasive_child",0.7,0.477922517617466,1
1,1.5,0.1,81,"ASC2_male",0,-0.0389295142482357,0
1,1.5,0.1,81,"ASC2_age",-1.1,-0.708265508617072,1
1,1.5,0.1,81,"ASC2_income",0.1,0.104834952411589,1
1,1.5,0.1,81,"ASC2_child",0.8,0.465907514814292,1
1,1.5,0.1,81,"ASC3_male",0,-0.0465193328909934,0
1,1.5,0.1,81,"ASC3_age",0,0.0350895254555052,0
1,1.5,0.1,81,"ASC3_income",-0.8,-0.465336431281,1
1,1.5,0.1,81,"ASC3_child",0,-2.74891173926564e-06,0
1,1.5,0.1,81,"prot25_male",0,6.82268919800229e-07,0
1,1.5,0.1,81,"prot25_age",-0.3,-0.233123154518657,1
1,1.5,0.1,81,"prot25_income",0.1,-1.82193625102759e-06,0
1,1.5,0.1,81,"prot25_child",0.2,0.21042136894245,1
1,1.5,0.1,81,"prot50_male",0,-0.0223072135194176,0
1,1.5,0.1,81,"prot50_age",0.4,0.250032129568932,1
1,1.5,0.1,81,"prot50_income",-0.3,-0.234846353403125,1
1,1.5,0.1,81,"prot50_child",0,0.064041033567571,0
1,1.5,0.1,81,"invasive_male",0,-1.60548863286286e-09,0
1,1.5,0.1,81,"invasive_age",0,-0.0113536256653641,0
1,1.5,0.1,81,"invasive_income",-0.5,-0.309913797785342,1
1,1.5,0.1,81,"invasive_child",0,5.3487346474645e-06,0
1,1.5,0.1,82,"ASC2_male",0.9,0.49903626188531,1
1,1.5,0.1,82,"ASC2_age",-0.6,-0.41392557683024,1
1,1.5,0.1,82,"ASC2_income",1.1,0.69693770140471,1
1,1.5,0.1,82,"ASC2_child",-0.9,-0.448766327842368,1
1,1.5,0.1,82,"ASC3_male",0,1.43454706242824e-10,0
1,1.5,0.1,82,"ASC3_age",0,-0.0284983269042147,0
1,1.5,0.1,82,"ASC3_income",0,-0.0485469180922915,0
1,1.5,0.1,82,"ASC3_child",0.3,0.330105795700689,1
1,1.5,0.1,82,"prot25_male",0,0.073437729495065,0
1,1.5,0.1,82,"prot25_age",0,0.0171302918698026,0
1,1.5,0.1,82,"prot25_income",0,0.0205550207544141,0
1,1.5,0.1,82,"prot25_child",1.1,0.625135739937528,1
1,1.5,0.1,82,"prot50_male",-0.4,-0.264565291179861,1
1,1.5,0.1,82,"prot50_age",0,-0.0198958321432102,0
1,1.5,0.1,82,"prot50_income",-0.5,-0.31205440229889,1
1,1.5,0.1,82,"prot50_child",0,-0.106768185656586,1
1,1.5,0.1,82,"invasive_male",0,0.0196968332732331,0
1,1.5,0.1,82,"invasive_age",-1.1,-0.722582918806359,1
1,1.5,0.1,82,"invasive_income",0,-0.0811224174998772,0
1,1.5,0.1,82,"invasive_child",0.4,0.406901181994373,1
1,1.5,0.1,83,"ASC2_male",0.9,0.412975189223691,1
1,1.5,0.1,83,"ASC2_age",0,0.0472455708522852,0
1,1.5,0.1,83,"ASC2_income",-0.9,-0.579951763524281,1
1,1.5,0.1,83,"ASC2_child",-0.8,-0.442710170848836,1
1,1.5,0.1,83,"ASC3_male",0.9,0.512304783009366,1
1,1.5,0.1,83,"ASC3_age",0,-5.04850874488939e-09,0
1,1.5,0.1,83,"ASC3_income",0,-0.0187297797499309,0
1,1.5,0.1,83,"ASC3_child",0,0.0475781964668106,0
1,1.5,0.1,83,"prot25_male",1,0.612093205288726,1
1,1.5,0.1,83,"prot25_age",1.2,0.761393473147856,1
1,1.5,0.1,83,"prot25_income",-0.2,-0.127315259862545,1
1,1.5,0.1,83,"prot25_child",0,-8.93465840756045e-10,0
1,1.5,0.1,83,"prot50_male",0,5.71501999201035e-08,0
1,1.5,0.1,83,"prot50_age",0,-0.00223261910616942,0
1,1.5,0.1,83,"prot50_income",-0.2,-0.0785428864500457,0
1,1.5,0.1,83,"prot50_child",0,-7.28281717058833e-08,0
1,1.5,0.1,83,"invasive_male",0,-0.0799047964073235,0
1,1.5,0.1,83,"invasive_age",-0.8,-0.462565473307762,1
1,1.5,0.1,83,"invasive_income",-0.9,-0.527491433132242,1
1,1.5,0.1,83,"invasive_child",0,-1.57132138434604e-07,0
1,1.5,0.1,84,"ASC2_male",0,0.0382065733625851,0
1,1.5,0.1,84,"ASC2_age",0,-2.23004248446764e-09,0
1,1.5,0.1,84,"ASC2_income",0.4,0.253627288968586,1
1,1.5,0.1,84,"ASC2_child",-0.9,-0.71762375682878,1
1,1.5,0.1,84,"ASC3_male",-0.2,-0.039828104575495,0
1,1.5,0.1,84,"ASC3_age",0.6,0.404943193753455,1
1,1.5,0.1,84,"ASC3_income",0.4,0.266335493538472,1
1,1.5,0.1,84,"ASC3_child",-0.6,-0.502764343012344,1
1,1.5,0.1,84,"prot25_male",0,-0.0339058838277106,0
1,1.5,0.1,84,"prot25_age",0,2.10385164834684e-06,0
1,1.5,0.1,84,"prot25_income",0.2,0.15862815859949,1
1,1.5,0.1,84,"prot25_child",-0.7,-0.366641810476928,1
1,1.5,0.1,84,"prot50_male",0,7.4282265429603e-09,0
1,1.5,0.1,84,"prot50_age",0,-2.06081703186465e-07,0
1,1.5,0.1,84,"prot50_income",0,0.00411161652444541,0
1,1.5,0.1,84,"prot50_child",-0.9,-0.35385179507074,1
1,1.5,0.1,84,"invasive_male",-1.1,-0.552786722060967,1
1,1.5,0.1,84,"invasive_age",0,-0.0324916241354229,0
1,1.5,0.1,84,"invasive_income",0,-0.039060296788252,0
1,1.5,0.1,84,"invasive_child",0,0.0422087773758215,0
1,1.5,0.1,85,"ASC2_male",0.9,0.686345375047352,1
1,1.5,0.1,85,"ASC2_age",0,0.0377610356781971,0
1,1.5,0.1,85,"ASC2_income",0.4,0.235259172800754,1
1,1.5,0.1,85,"ASC2_child",0,-0.163054034457972,1
1,1.5,0.1,85,"ASC3_male",0,-0.0269893671048103,0
1,1.5,0.1,85,"ASC3_age",0.5,0.387077345363434,1
1,1.5,0.1,85,"ASC3_income",0.9,0.59933542623921,1
1,1.5,0.1,85,"ASC3_child",0.4,0.0803037967697156,0
1,1.5,0.1,85,"prot25_male",0,-0.07838621917441,0
1,1.5,0.1,85,"prot25_age",-0.3,-0.211805234168518,1
1,1.5,0.1,85,"prot25_income",0.7,0.52126763193004,1
1,1.5,0.1,85,"prot25_child",0,0.0809193830311982,0
1,1.5,0.1,85,"prot50_male",0,-0.0418799179279927,0
1,1.5,0.1,85,"prot50_age",-0.8,-0.541109693908229,1
1,1.5,0.1,85,"prot50_income",-0.7,-0.406071697370619,1
1,1.5,0.1,85,"prot50_child",0,-0.0290081125424516,0
1,1.5,0.1,85,"invasive_male",0,-0.0206273168259026,0
1,1.5,0.1,85,"invasive_age",0,0.0134726579620768,0
1,1.5,0.1,85,"invasive_income",0,0.0287302714610038,0
1,1.5,0.1,85,"invasive_child",0.6,0.292321265475803,1
1,1.5,0.1,86,"ASC2_male",0,8.93550728638228e-05,0
1,1.5,0.1,86,"ASC2_age",-0.6,-0.37697665846895,1
1,1.5,0.1,86,"ASC2_income",0.7,0.279847750625975,1
1,1.5,0.1,86,"ASC2_child",0,0.0689163061461924,0
1,1.5,0.1,86,"ASC3_male",0,-0.0447282517309863,0
1,1.5,0.1,86,"ASC3_age",0,-0.0237076573964347,0
1,1.5,0.1,86,"ASC3_income",1.2,0.641047332136413,1
1,1.5,0.1,86,"ASC3_child",0,-9.92481380230301e-09,0
1,1.5,0.1,86,"prot25_male",-0.7,-0.361423204314333,1
1,1.5,0.1,86,"prot25_age",-1,-0.735823440565484,1
1,1.5,0.1,86,"prot25_income",0,-0.00286736268832532,0
1,1.5,0.1,86,"prot25_child",0.9,0.498591711796619,1
1,1.5,0.1,86,"prot50_male",1,0.788946678908992,1
1,1.5,0.1,86,"prot50_age",0,-0.00591883308471538,0
1,1.5,0.1,86,"prot50_income",0,0.0480243367296239,0
1,1.5,0.1,86,"prot50_child",-1,-0.67157024718973,1
1,1.5,0.1,86,"invasive_male",0,0.00895567232832413,0
1,1.5,0.1,86,"invasive_age",1,0.673566721290387,1
1,1.5,0.1,86,"invasive_income",0,-7.76985403856365e-09,0
1,1.5,0.1,86,"invasive_child",0.3,0.225352946759009,1
1,1.5,0.1,87,"ASC2_male",-0.3,-0.205865842375541,1
1,1.5,0.1,87,"ASC2_age",0.1,0.00270092721848688,0
1,1.5,0.1,87,"ASC2_income",-0.2,-0.107040375741057,1
1,1.5,0.1,87,"ASC2_child",0,-0.0161335877577749,0
1,1.5,0.1,87,"ASC3_male",0,-1.31548104353051e-08,0
1,1.5,0.1,87,"ASC3_age",0,-0.0685997923426808,0
1,1.5,0.1,87,"ASC3_income",0.3,0.20570904066149,1
1,1.5,0.1,87,"ASC3_child",0.7,0.456175112984062,1
1,1.5,0.1,87,"prot25_male",0,0.0179784170844559,0
1,1.5,0.1,87,"prot25_age",0,0.0448505566635924,0
1,1.5,0.1,87,"prot25_income",0.5,0.317935321001616,1
1,1.5,0.1,87,"prot25_child",0,0.155606771208124,1
1,1.5,0.1,87,"prot50_male",0,-0.00155000586762371,0
1,1.5,0.1,87,"prot50_age",1,0.721012324649093,1
1,1.5,0.1,87,"prot50_income",1.1,0.731827916754201,1
1,1.5,0.1,87,"prot50_child",-0.7,-0.483731583594097,1
1,1.5,0.1,87,"invasive_male",0,-0.0728091198000853,0
1,1.5,0.1,87,"invasive_age",-1.1,-0.747744231384808,1
1,1.5,0.1,87,"invasive_income",0,-0.00811379427431193,0
1,1.5,0.1,87,"invasive_child",0,-9.18772471395364e-08,0
1,1.5,0.1,88,"ASC2_male",0,1.62745248151583e-09,0
1,1.5,0.1,88,"ASC2_age",0.5,0.299751692640788,1
1,1.5,0.1,88,"ASC2_income",-1,-0.757538615103358,1
1,1.5,0.1,88,"ASC2_child",0,-0.168219863549648,1
1,1.5,0.1,88,"ASC3_male",0,-4.4824145734574e-08,0
1,1.5,0.1,88,"ASC3_age",0,0.00238981542801324,0
1,1.5,0.1,88,"ASC3_income",-0.6,-0.407713155611659,1
1,1.5,0.1,88,"ASC3_child",1.1,0.628373453177002,1
1,1.5,0.1,88,"prot25_male",0.8,0.600961415439659,1
1,1.5,0.1,88,"prot25_age",0.3,0.21972472726335,1
1,1.5,0.1,88,"prot25_income",-0.5,-0.299671606286646,1
1,1.5,0.1,88,"prot25_child",-1,-0.547106738808738,1
1,1.5,0.1,88,"prot50_male",-0.2,-0.021320503714947,0
1,1.5,0.1,88,"prot50_age",0,0.0138105565890969,0
1,1.5,0.1,88,"prot50_income",-0.3,-0.19933171926172,1
1,1.5,0.1,88,"prot50_child",0,-4.49275839054792e-10,0
1,1.5,0.1,88,"invasive_male",0,0.00083082815060055,0
1,1.5,0.1,88,"invasive_age",0,-2.35563939810393e-08,0
1,1.5,0.1,88,"invasive_income",0,-1.81500769397629e-08,0
1,1.5,0.1,88,"invasive_child",0,-2.33375154250894e-09,0
1,1.5,0.1,89,"ASC2_male",0,-0.00427316557248798,0
1,1.5,0.1,89,"ASC2_age",0.3,0.124906413494311,1
1,1.5,0.1,89,"ASC2_income",0,0.0141682399141701,0
1,1.5,0.1,89,"ASC2_child",0,-2.15130514311407e-05,0
1,1.5,0.1,89,"ASC3_male",0,0.0423295331530354,0
1,1.5,0.1,89,"ASC3_age",0.8,0.432675560063685,1
1,1.5,0.1,89,"ASC3_income",0,-1.39338944958908e-08,0
1,1.5,0.1,89,"ASC3_child",1,0.546433932916013,1
1,1.5,0.1,89,"prot25_male",0.7,0.438050338900612,1
1,1.5,0.1,89,"prot25_age",0,0.0939973020814873,0
1,1.5,0.1,89,"prot25_income",0,-0.00720905840128474,0
1,1.5,0.1,89,"prot25_child",-0.2,-3.05781920615319e-09,0
1,1.5,0.1,89,"prot50_male",-0.6,-0.590787622670126,1
1,1.5,0.1,89,"prot50_age",0.2,0.208471131255514,1
1,1.5,0.1,89,"prot50_income",0.1,0.0322967376850338,0
1,1.5,0.1,89,"prot50_child",0,2.7116991309717e-09,0
1,1.5,0.1,89,"invasive_male",0,-0.0964634077096794,0
1,1.5,0.1,89,"invasive_age",0,-0.0174547449062939,0
1,1.5,0.1,89,"invasive_income",0.7,0.482557616307018,1
1,1.5,0.1,89,"invasive_child",0.6,0.33755285734967,1
1,1.5,0.1,90,"ASC2_male",0,-0.0699012549706919,0
1,1.5,0.1,90,"ASC2_age",0.5,0.313241214257057,1
1,1.5,0.1,90,"ASC2_income",0.8,0.742320220425021,1
1,1.5,0.1,90,"ASC2_child",0.3,0.0061098709759766,0
1,1.5,0.1,90,"ASC3_male",0,3.92406263814975e-08,0
1,1.5,0.1,90,"ASC3_age",0.3,0.151364888413822,1
1,1.5,0.1,90,"ASC3_income",-1.1,-0.640537496123285,1
1,1.5,0.1,90,"ASC3_child",0,-0.201131383697539,1
1,1.5,0.1,90,"prot25_male",0,0.0965829125470739,0
1,1.5,0.1,90,"prot25_age",1.2,0.856755212915255,1
1,1.5,0.1,90,"prot25_income",0.4,0.244739046443711,1
1,1.5,0.1,90,"prot25_child",0,0.147961209160206,1
1,1.5,0.1,90,"prot50_male",-0.8,-0.415391200793617,1
1,1.5,0.1,90,"prot50_age",0.4,0.304362261686573,1
1,1.5,0.1,90,"prot50_income",-0.1,-0.183302904411509,1
1,1.5,0.1,90,"prot50_child",0,0.198887470820058,1
1,1.5,0.1,90,"invasive_male",0,-0.0808426001012613,0
1,1.5,0.1,90,"invasive_age",0,-0.0246536962952293,0
1,1.5,0.1,90,"invasive_income",0,0.0500355651786059,0
1,1.5,0.1,90,"invasive_child",0,-0.0432277925727776,0
1,1.5,0.1,91,"ASC2_male",0,0.00679430461988959,0
1,1.5,0.1,91,"ASC2_age",-0.4,-0.301183195775246,1
1,1.5,0.1,91,"ASC2_income",0.3,0.236068833895195,1
1,1.5,0.1,91,"ASC2_child",-0.2,-0.317860078889262,1
1,1.5,0.1,91,"ASC3_male",0,0.0438199942022816,0
1,1.5,0.1,91,"ASC3_age",0.2,0.105401083800911,1
1,1.5,0.1,91,"ASC3_income",-0.3,-0.195587944904276,1
1,1.5,0.1,91,"ASC3_child",-0.8,-0.71208150633946,1
1,1.5,0.1,91,"prot25_male",0,-0.0237794902732867,0
1,1.5,0.1,91,"prot25_age",0,-0.0861323249371593,0
1,1.5,0.1,91,"prot25_income",0.8,0.534679330429124,1
1,1.5,0.1,91,"prot25_child",0,0.0358224680645805,0
1,1.5,0.1,91,"prot50_male",0.3,0.128375256170244,1
1,1.5,0.1,91,"prot50_age",0,-0.0578207781381729,0
1,1.5,0.1,91,"prot50_income",0,0.0675961771050926,0
1,1.5,0.1,91,"prot50_child",0,-0.142628850351469,1
1,1.5,0.1,91,"invasive_male",0,-0.0647091514127597,0
1,1.5,0.1,91,"invasive_age",-0.2,-0.230878116546997,1
1,1.5,0.1,91,"invasive_income",-0.5,-0.308467731293828,1
1,1.5,0.1,91,"invasive_child",0,-0.294177219995693,1
1,1.5,0.1,92,"ASC2_male",-0.5,-0.418500965884171,1
1,1.5,0.1,92,"ASC2_age",1,0.628255709597757,1
1,1.5,0.1,92,"ASC2_income",0,0.0204574946544812,0
1,1.5,0.1,92,"ASC2_child",0,-0.298576494398535,1
1,1.5,0.1,92,"ASC3_male",0,-0.0521113018265702,0
1,1.5,0.1,92,"ASC3_age",0,-0.0389530799248488,0
1,1.5,0.1,92,"ASC3_income",0,0.0378403571298731,0
1,1.5,0.1,92,"ASC3_child",0.3,0.052099335767286,0
1,1.5,0.1,92,"prot25_male",-1.1,-0.750452200409879,1
1,1.5,0.1,92,"prot25_age",0,0.0791400822569169,0
1,1.5,0.1,92,"prot25_income",-1.2,-0.913382110516049,1
1,1.5,0.1,92,"prot25_child",0,0.138287877400375,1
1,1.5,0.1,92,"prot50_male",-0.4,-0.205385439134207,1
1,1.5,0.1,92,"prot50_age",-0.6,-0.384780649005831,1
1,1.5,0.1,92,"prot50_income",0,-0.0286210630929251,0
1,1.5,0.1,92,"prot50_child",0.8,0.701958583543707,1
1,1.5,0.1,92,"invasive_male",0,-0.00504971419108453,0
1,1.5,0.1,92,"invasive_age",0,-0.0314817705578813,0
1,1.5,0.1,92,"invasive_income",0.7,0.500312090654529,1
1,1.5,0.1,92,"invasive_child",0.9,0.490407661178379,1
1,1.5,0.1,93,"ASC2_male",0,-0.0164632253218122,0
1,1.5,0.1,93,"ASC2_age",-0.9,-0.470143731711533,1
1,1.5,0.1,93,"ASC2_income",0,6.84312602730541e-08,0
1,1.5,0.1,93,"ASC2_child",-0.4,-0.14770784151207,1
1,1.5,0.1,93,"ASC3_male",0,-0.0768353299494689,0
1,1.5,0.1,93,"ASC3_age",-1.1,-0.626617422919435,1
1,1.5,0.1,93,"ASC3_income",0,-0.00724532915808069,0
1,1.5,0.1,93,"ASC3_child",-1,-0.51939845909401,1
1,1.5,0.1,93,"prot25_male",0,5.60671677463282e-05,0
1,1.5,0.1,93,"prot25_age",0,-0.0660813649687157,0
1,1.5,0.1,93,"prot25_income",0.4,0.21466921451543,1
1,1.5,0.1,93,"prot25_child",1.1,0.68937652709338,1
1,1.5,0.1,93,"prot50_male",0,0.0161522858194664,0
1,1.5,0.1,93,"prot50_age",0.2,0.0504432074744889,0
1,1.5,0.1,93,"prot50_income",1.2,0.761462628570329,1
1,1.5,0.1,93,"prot50_child",-1.1,-0.710257264101703,1
1,1.5,0.1,93,"invasive_male",0,-0.105462931130266,1
1,1.5,0.1,93,"invasive_age",0,0.060595031389459,0
1,1.5,0.1,93,"invasive_income",0,3.06199015980298e-07,0
1,1.5,0.1,93,"invasive_child",-0.2,-0.0949225200952046,0
1,1.5,0.1,94,"ASC2_male",-0.2,-0.000525152172910426,0
1,1.5,0.1,94,"ASC2_age",0,-0.0248047816189539,0
1,1.5,0.1,94,"ASC2_income",-0.2,-0.00795850766383122,0
1,1.5,0.1,94,"ASC2_child",0.3,0.184772272828452,1
1,1.5,0.1,94,"ASC3_male",-0.1,0.0111302662615407,0
1,1.5,0.1,94,"ASC3_age",0,0.0290464337938264,0
1,1.5,0.1,94,"ASC3_income",-1.2,-0.725687051847448,1
1,1.5,0.1,94,"ASC3_child",-0.5,-0.287632563880124,1
1,1.5,0.1,94,"prot25_male",0,-0.141715952799858,1
1,1.5,0.1,94,"prot25_age",0,0.0110660983748038,0
1,1.5,0.1,94,"prot25_income",0,-0.0848170176084811,0
1,1.5,0.1,94,"prot25_child",0,9.99643806099463e-12,0
1,1.5,0.1,94,"prot50_male",0,-0.158224217884745,1
1,1.5,0.1,94,"prot50_age",0,0.0470609429852808,0
1,1.5,0.1,94,"prot50_income",-0.6,-0.438303597621531,1
1,1.5,0.1,94,"prot50_child",0,0.0317206994621488,0
1,1.5,0.1,94,"invasive_male",0,-0.00217998624039069,0
1,1.5,0.1,94,"invasive_age",1,0.690114701444572,1
1,1.5,0.1,94,"invasive_income",0.8,0.558464361633694,1
1,1.5,0.1,94,"invasive_child",0.6,0.274235264257299,1
1,1.5,0.1,95,"ASC2_male",-0.4,-0.140955089904792,1
1,1.5,0.1,95,"ASC2_age",-0.5,-0.276182432048717,1
1,1.5,0.1,95,"ASC2_income",0,0.00987917114342094,0
1,1.5,0.1,95,"ASC2_child",-0.7,-0.242280867216722,1
1,1.5,0.1,95,"ASC3_male",-1.1,-0.585507465915946,1
1,1.5,0.1,95,"ASC3_age",0,-0.0143783375747977,0
1,1.5,0.1,95,"ASC3_income",0,-0.00568825085416067,0
1,1.5,0.1,95,"ASC3_child",0,0.128343561169168,1
1,1.5,0.1,95,"prot25_male",-0.9,-0.68542474622486,1
1,1.5,0.1,95,"prot25_age",0,-0.0571864976125976,0
1,1.5,0.1,95,"prot25_income",0,-0.050132537596558,0
1,1.5,0.1,95,"prot25_child",0.5,0.0678767155406206,0
1,1.5,0.1,95,"prot50_male",0.3,0.123671353745792,1
1,1.5,0.1,95,"prot50_age",0.7,0.388855853306521,1
1,1.5,0.1,95,"prot50_income",0,-0.0427019738658619,0
1,1.5,0.1,95,"prot50_child",0.6,0.024243684782484,0
1,1.5,0.1,95,"invasive_male",0,0.126165482175178,1
1,1.5,0.1,95,"invasive_age",0,-0.028371673330957,0
1,1.5,0.1,95,"invasive_income",0,0.0352738360953288,0
1,1.5,0.1,95,"invasive_child",0.5,0.0846199672936464,0
1,1.5,0.1,96,"ASC2_male",-0.1,-0.0381087181977569,0
1,1.5,0.1,96,"ASC2_age",0.2,0.117409602511442,1
1,1.5,0.1,96,"ASC2_income",0,0.0264621301404754,0
1,1.5,0.1,96,"ASC2_child",-0.4,-0.19971277849513,1
1,1.5,0.1,96,"ASC3_male",0,-7.29134679007292e-09,0
1,1.5,0.1,96,"ASC3_age",0,-0.0577332255143321,0
1,1.5,0.1,96,"ASC3_income",-0.6,-0.395853652129194,1
1,1.5,0.1,96,"ASC3_child",0.6,0.41078199296605,1
1,1.5,0.1,96,"prot25_male",0.3,0.0312215226464172,0
1,1.5,0.1,96,"prot25_age",0,-9.81576104807804e-09,0
1,1.5,0.1,96,"prot25_income",0,0.0571247298849653,0
1,1.5,0.1,96,"prot25_child",-0.8,-0.58832123530732,1
1,1.5,0.1,96,"prot50_male",0.3,0.187495883517096,1
1,1.5,0.1,96,"prot50_age",1.2,0.844464809832672,1
1,1.5,0.1,96,"prot50_income",0,-3.87376045008462e-07,0
1,1.5,0.1,96,"prot50_child",0,-1.06447161160433e-08,0
1,1.5,0.1,96,"invasive_male",0,-4.50943063804015e-08,0
1,1.5,0.1,96,"invasive_age",0,0.00243245165186619,0
1,1.5,0.1,96,"invasive_income",0,0.0263595372150955,0
1,1.5,0.1,96,"invasive_child",0.6,0.541379756107514,1
1,1.5,0.1,97,"ASC2_male",0.8,0.570864368198131,1
1,1.5,0.1,97,"ASC2_age",0,0.0626475826503979,0
1,1.5,0.1,97,"ASC2_income",-1.1,-0.615117498249849,1
1,1.5,0.1,97,"ASC2_child",0.9,0.694341974745879,1
1,1.5,0.1,97,"ASC3_male",0.5,0.406806778457066,1
1,1.5,0.1,97,"ASC3_age",0,0.0720947321424817,0
1,1.5,0.1,97,"ASC3_income",0,0.0818324896819367,0
1,1.5,0.1,97,"ASC3_child",0,0.0573816437720571,0
1,1.5,0.1,97,"prot25_male",-0.4,-0.311655088068598,1
1,1.5,0.1,97,"prot25_age",0,-0.0293109929389912,0
1,1.5,0.1,97,"prot25_income",0,0.0115355068090958,0
1,1.5,0.1,97,"prot25_child",0,-4.94180011832395e-09,0
1,1.5,0.1,97,"prot50_male",0.4,0.166542198524444,1
1,1.5,0.1,97,"prot50_age",1.2,0.87620593498357,1
1,1.5,0.1,97,"prot50_income",-0.4,-0.270297386120641,1
1,1.5,0.1,97,"prot50_child",0.3,0.2760578307167,1
1,1.5,0.1,97,"invasive_male",0,-0.0737684395813445,0
1,1.5,0.1,97,"invasive_age",0,0.0806736607017685,0
1,1.5,0.1,97,"invasive_income",0,0.0678891911911397,0
1,1.5,0.1,97,"invasive_child",-0.8,-0.412792803042876,1
1,1.5,0.1,98,"ASC2_male",0,-0.0205891754189469,0
1,1.5,0.1,98,"ASC2_age",0.8,0.511036529650955,1
1,1.5,0.1,98,"ASC2_income",0,-0.00369822814301696,0
1,1.5,0.1,98,"ASC2_child",0.1,-0.153366123663503,1
1,1.5,0.1,98,"ASC3_male",1.2,0.768865533508971,1
1,1.5,0.1,98,"ASC3_age",-0.7,-0.42992187272648,1
1,1.5,0.1,98,"ASC3_income",-0.6,-0.462322833133372,1
1,1.5,0.1,98,"ASC3_child",-0.2,-0.168348030478909,1
1,1.5,0.1,98,"prot25_male",0,0.0201350577232782,0
1,1.5,0.1,98,"prot25_age",0,-0.00706568004454604,0
1,1.5,0.1,98,"prot25_income",0,0.0158498780423188,0
1,1.5,0.1,98,"prot25_child",0.7,0.588543859058315,1
1,1.5,0.1,98,"prot50_male",0.5,0.425767276709484,1
1,1.5,0.1,98,"prot50_age",-0.7,-0.491195273028167,1
1,1.5,0.1,98,"prot50_income",-1.2,-0.744157983173248,1
1,1.5,0.1,98,"prot50_child",0,0.165489707342104,1
1,1.5,0.1,98,"invasive_male",0,-0.0108083422061924,0
1,1.5,0.1,98,"invasive_age",0,-0.0201835105228555,0
1,1.5,0.1,98,"invasive_income",0,0.0606459263342348,0
1,1.5,0.1,98,"invasive_child",0,-0.0379532472539853,0
1,1.5,0.1,99,"ASC2_male",0.5,0.359797291749518,1
1,1.5,0.1,99,"ASC2_age",0,1.27525779026191e-07,0
1,1.5,0.1,99,"ASC2_income",0.7,0.422861074116608,1
1,1.5,0.1,99,"ASC2_child",1.1,0.580863746854665,1
1,1.5,0.1,99,"ASC3_male",0,-0.028178701469279,0
1,1.5,0.1,99,"ASC3_age",1.2,0.815778238629707,1
1,1.5,0.1,99,"ASC3_income",0,0.0433841083310553,0
1,1.5,0.1,99,"ASC3_child",0,-0.195750239851412,1
1,1.5,0.1,99,"prot25_male",0.3,0.217292147582097,1
1,1.5,0.1,99,"prot25_age",0.9,0.544877465196082,1
1,1.5,0.1,99,"prot25_income",0,0.0223298306765044,0
1,1.5,0.1,99,"prot25_child",0,8.36851015606144e-05,0
1,1.5,0.1,99,"prot50_male",0,-0.065910452249144,0
1,1.5,0.1,99,"prot50_age",0,-0.0579730245307023,0
1,1.5,0.1,99,"prot50_income",0,-0.039803692194843,0
1,1.5,0.1,99,"prot50_child",1.1,0.708690981045424,1
1,1.5,0.1,99,"invasive_male",0,0.015266157311387,0
1,1.5,0.1,99,"invasive_age",0.1,0.0607216563611089,0
1,1.5,0.1,99,"invasive_income",1.2,0.75507657018815,1
1,1.5,0.1,99,"invasive_child",1.2,0.495652236375964,1
1,1.5,0.1,100,"ASC2_male",0,-7.33485109065185e-09,0
1,1.5,0.1,100,"ASC2_age",0,-1.42350624555763e-09,0
1,1.5,0.1,100,"ASC2_income",-1,-0.505405016407408,1
1,1.5,0.1,100,"ASC2_child",0,-4.84334923510073e-08,0
1,1.5,0.1,100,"ASC3_male",0,-3.0723726017996e-09,0
1,1.5,0.1,100,"ASC3_age",-0.4,-0.252001695759338,1
1,1.5,0.1,100,"ASC3_income",-0.7,-0.34806059001284,1
1,1.5,0.1,100,"ASC3_child",-0.8,-0.467238226361477,1
1,1.5,0.1,100,"prot25_male",1,0.524085886309842,1
1,1.5,0.1,100,"prot25_age",0,-0.000579893019587847,0
1,1.5,0.1,100,"prot25_income",0,0.000127452483485281,0
1,1.5,0.1,100,"prot25_child",0,4.28010650668096e-13,0
1,1.5,0.1,100,"prot50_male",1.1,0.604631190329483,1
1,1.5,0.1,100,"prot50_age",-0.3,-0.127194105605899,1
1,1.5,0.1,100,"prot50_income",0,-0.0426862233822147,0
1,1.5,0.1,100,"prot50_child",-0.1,-0.0136686915752091,0
1,1.5,0.1,100,"invasive_male",0,-8.30468233121737e-10,0
1,1.5,0.1,100,"invasive_age",0,0.0581328696431083,0
1,1.5,0.1,100,"invasive_income",0.9,0.649830659563363,1
1,1.5,0.1,100,"invasive_child",-0.2,-9.21155614375517e-09,0
1,1.5,0.5,1,"ASC2_male",0,-6.16880031009403e-09,0
1,1.5,0.5,1,"ASC2_age",0.6,0.384972883112788,0
1,1.5,0.5,1,"ASC2_income",0,-8.2792515492072e-08,0
1,1.5,0.5,1,"ASC2_child",0,1.44034625294859e-08,0
1,1.5,0.5,1,"ASC3_male",0,0.00642666146795862,0
1,1.5,0.5,1,"ASC3_age",-1,-0.667894852226298,1
1,1.5,0.5,1,"ASC3_income",0,1.52422889828194e-07,0
1,1.5,0.5,1,"ASC3_child",0.2,0.216948751304056,0
1,1.5,0.5,1,"prot25_male",0,0.10406829897353,0
1,1.5,0.5,1,"prot25_age",-1,-0.68791765585092,1
1,1.5,0.5,1,"prot25_income",0,-0.0340656802041695,0
1,1.5,0.5,1,"prot25_child",1.1,0.530920440168616,1
1,1.5,0.5,1,"prot50_male",-0.2,-0.0774696936281371,0
1,1.5,0.5,1,"prot50_age",0.5,0.407494050230467,0
1,1.5,0.5,1,"prot50_income",0.6,0.383921704602398,0
1,1.5,0.5,1,"prot50_child",0,-0.104616209564413,0
1,1.5,0.5,1,"invasive_male",-0.2,-0.0956830340599558,0
1,1.5,0.5,1,"invasive_age",0,0.0505824390817576,0
1,1.5,0.5,1,"invasive_income",-0.3,-0.157548442803931,0
1,1.5,0.5,1,"invasive_child",0,-9.83462932256322e-09,0
1,1.5,0.5,2,"ASC2_male",0.2,0.0374076909005033,0
1,1.5,0.5,2,"ASC2_age",0,-0.0115755185091172,0
1,1.5,0.5,2,"ASC2_income",0.2,0.135562188090362,0
1,1.5,0.5,2,"ASC2_child",0,-9.43175633383348e-10,0
1,1.5,0.5,2,"ASC3_male",-0.2,-0.127541466198513,0
1,1.5,0.5,2,"ASC3_age",0,-3.81697521049425e-10,0
1,1.5,0.5,2,"ASC3_income",0.9,0.544713607650691,1
1,1.5,0.5,2,"ASC3_child",0,-3.36285380431635e-09,0
1,1.5,0.5,2,"prot25_male",0,-5.69880997930186e-09,0
1,1.5,0.5,2,"prot25_age",-0.4,-0.203261221357165,0
1,1.5,0.5,2,"prot25_income",0,-1.22410697379967e-08,0
1,1.5,0.5,2,"prot25_child",-0.9,-0.392404464260398,0
1,1.5,0.5,2,"prot50_male",0,-7.35669827646174e-09,0
1,1.5,0.5,2,"prot50_age",-1,-0.657847162091097,1
1,1.5,0.5,2,"prot50_income",0,0.0192671249879188,0
1,1.5,0.5,2,"prot50_child",0,0.125312430771803,0
1,1.5,0.5,2,"invasive_male",0.7,0.409018735960054,0
1,1.5,0.5,2,"invasive_age",0,-0.00307880406527327,0
1,1.5,0.5,2,"invasive_income",-0.2,-0.0548542710180446,0
1,1.5,0.5,2,"invasive_child",-1,-0.483404800717574,0
1,1.5,0.5,3,"ASC2_male",0,0.0838224585854327,0
1,1.5,0.5,3,"ASC2_age",0.4,0.175406681827555,0
1,1.5,0.5,3,"ASC2_income",-0.7,-0.450352957981728,0
1,1.5,0.5,3,"ASC2_child",0,-0.0610731354145793,0
1,1.5,0.5,3,"ASC3_male",0,1.41502919358991e-08,0
1,1.5,0.5,3,"ASC3_age",0,-0.0698988456352343,0
1,1.5,0.5,3,"ASC3_income",0,0.0763395389198352,0
1,1.5,0.5,3,"ASC3_child",0,3.18193974096346e-07,0
1,1.5,0.5,3,"prot25_male",0.3,0.106850733980853,0
1,1.5,0.5,3,"prot25_age",-0.9,-0.554595735832731,1
1,1.5,0.5,3,"prot25_income",0,0.0379513103481576,0
1,1.5,0.5,3,"prot25_child",-0.3,-0.231745810348648,0
1,1.5,0.5,3,"prot50_male",0,-0.0194810661608757,0
1,1.5,0.5,3,"prot50_age",0,0.0665027612011462,0
1,1.5,0.5,3,"prot50_income",0.2,0.112497258174325,0
1,1.5,0.5,3,"prot50_child",0,2.1572987317138e-06,0
1,1.5,0.5,3,"invasive_male",-0.4,-0.25033637486509,0
1,1.5,0.5,3,"invasive_age",1,0.63131004798797,1
1,1.5,0.5,3,"invasive_income",1.1,0.811433413863731,1
1,1.5,0.5,3,"invasive_child",1,0.660002160713757,1
1,1.5,0.5,4,"ASC2_male",0,0.110336507817853,0
1,1.5,0.5,4,"ASC2_age",0.7,0.369846832531933,0
1,1.5,0.5,4,"ASC2_income",0.6,0.248953854592228,0
1,1.5,0.5,4,"ASC2_child",1,0.585382427689438,1
1,1.5,0.5,4,"ASC3_male",0,0.102733406564252,0
1,1.5,0.5,4,"ASC3_age",0,-0.0898749736418102,0
1,1.5,0.5,4,"ASC3_income",0,-0.144679912033884,0
1,1.5,0.5,4,"ASC3_child",-1.2,-0.822583883890807,1
1,1.5,0.5,4,"prot25_male",0,-0.103491897832298,0
1,1.5,0.5,4,"prot25_age",0,0.00407570044029255,0
1,1.5,0.5,4,"prot25_income",0.6,0.46002762120549,0
1,1.5,0.5,4,"prot25_child",-0.2,-0.0202880950357795,0
1,1.5,0.5,4,"prot50_male",0,-0.169553423558862,0
1,1.5,0.5,4,"prot50_age",0,0.04397912664354,0
1,1.5,0.5,4,"prot50_income",0.3,0.225874696500831,0
1,1.5,0.5,4,"prot50_child",0,0.0516589842692034,0
1,1.5,0.5,4,"invasive_male",-0.5,-0.304020339458744,0
1,1.5,0.5,4,"invasive_age",-0.2,-0.159302251652931,0
1,1.5,0.5,4,"invasive_income",-0.6,-0.44254661443415,0
1,1.5,0.5,4,"invasive_child",0,-0.080628804564492,0
1,1.5,0.5,5,"ASC2_male",0,-0.327331678111044,0
1,1.5,0.5,5,"ASC2_age",0,-0.0503827823987085,0
1,1.5,0.5,5,"ASC2_income",-0.3,-0.208055614733296,0
1,1.5,0.5,5,"ASC2_child",0,-0.0384383162315307,0
1,1.5,0.5,5,"ASC3_male",0.7,0.214490930116504,0
1,1.5,0.5,5,"ASC3_age",0,-6.43682664573076e-06,0
1,1.5,0.5,5,"ASC3_income",0,-2.22995742295376e-08,0
1,1.5,0.5,5,"ASC3_child",0.3,0.257325048392549,0
1,1.5,0.5,5,"prot25_male",0.5,0.538008138006164,1
1,1.5,0.5,5,"prot25_age",0,0.0559267526196418,0
1,1.5,0.5,5,"prot25_income",0,3.17988751843309e-08,0
1,1.5,0.5,5,"prot25_child",0.5,0.250961685957319,0
1,1.5,0.5,5,"prot50_male",0.7,0.516512121701595,1
1,1.5,0.5,5,"prot50_age",0.7,0.525973508605273,1
1,1.5,0.5,5,"prot50_income",0,0.0326619328094655,0
1,1.5,0.5,5,"prot50_child",0,-0.0542290212750498,0
1,1.5,0.5,5,"invasive_male",0.3,0.097961167736144,0
1,1.5,0.5,5,"invasive_age",0,4.36887283602019e-09,0
1,1.5,0.5,5,"invasive_income",-0.8,-0.517704767414694,1
1,1.5,0.5,5,"invasive_child",-0.2,-0.0750066740279386,0
1,1.5,0.5,6,"ASC2_male",1.2,0.688594215007998,1
1,1.5,0.5,6,"ASC2_age",0.5,0.388853012320748,0
1,1.5,0.5,6,"ASC2_income",-0.2,-0.105893015248195,0
1,1.5,0.5,6,"ASC2_child",0,0.00237912089242548,0
1,1.5,0.5,6,"ASC3_male",0,-0.00640343700002247,0
1,1.5,0.5,6,"ASC3_age",-0.5,-0.252012158674648,0
1,1.5,0.5,6,"ASC3_income",0,0.0553768276137207,0
1,1.5,0.5,6,"ASC3_child",0,-0.00132989843582225,0
1,1.5,0.5,6,"prot25_male",0.2,0.102650325692746,0
1,1.5,0.5,6,"prot25_age",0,-0.0539623507629943,0
1,1.5,0.5,6,"prot25_income",0,0.00650193118236967,0
1,1.5,0.5,6,"prot25_child",0,0.128115036566631,0
1,1.5,0.5,6,"prot50_male",1,0.668926011207469,1
1,1.5,0.5,6,"prot50_age",-0.5,-0.289159199541797,0
1,1.5,0.5,6,"prot50_income",0,-0.0939080325914912,0
1,1.5,0.5,6,"prot50_child",0,0.120207054898319,0
1,1.5,0.5,6,"invasive_male",0.5,0.262674258491166,0
1,1.5,0.5,6,"invasive_age",-0.2,-0.060409464614512,0
1,1.5,0.5,6,"invasive_income",0,-0.00268091966125795,0
1,1.5,0.5,6,"invasive_child",0.3,0.200964990132133,0
1,1.5,0.5,7,"ASC2_male",0.2,0.0644238908378165,0
1,1.5,0.5,7,"ASC2_age",0,-0.045781268564393,0
1,1.5,0.5,7,"ASC2_income",0.8,0.414827328642544,0
1,1.5,0.5,7,"ASC2_child",0,1.9624908574766e-06,0
1,1.5,0.5,7,"ASC3_male",0.9,0.553926582108394,1
1,1.5,0.5,7,"ASC3_age",-1.2,-0.793342031920012,1
1,1.5,0.5,7,"ASC3_income",0.8,0.346510725919072,0
1,1.5,0.5,7,"ASC3_child",0,-0.0437047974392768,0
1,1.5,0.5,7,"prot25_male",-0.8,-0.416521966163543,0
1,1.5,0.5,7,"prot25_age",-0.5,-0.23353738196689,0
1,1.5,0.5,7,"prot25_income",0,0.0267217399873611,0
1,1.5,0.5,7,"prot25_child",0,0.0619377988148811,0
1,1.5,0.5,7,"prot50_male",0,0.117148841488472,0
1,1.5,0.5,7,"prot50_age",-0.9,-0.570044873396749,1
1,1.5,0.5,7,"prot50_income",-0.7,-0.474545599190077,0
1,1.5,0.5,7,"prot50_child",-0.8,-0.388489395689017,0
1,1.5,0.5,7,"invasive_male",0,-0.0054393580108426,0
1,1.5,0.5,7,"invasive_age",0,-1.56575757475835e-07,0
1,1.5,0.5,7,"invasive_income",0,-0.0668357284381908,0
1,1.5,0.5,7,"invasive_child",0,-1.6727307650372e-08,0
1,1.5,0.5,8,"ASC2_male",0.5,0.236222811040051,0
1,1.5,0.5,8,"ASC2_age",0,-0.0591160886230526,0
1,1.5,0.5,8,"ASC2_income",0,0.0312577611613144,0
1,1.5,0.5,8,"ASC2_child",-0.5,-0.256126592869195,0
1,1.5,0.5,8,"ASC3_male",0,-0.0143839789836042,0
1,1.5,0.5,8,"ASC3_age",0.8,0.468098875241306,0
1,1.5,0.5,8,"ASC3_income",0,0.041951462859457,0
1,1.5,0.5,8,"ASC3_child",0.6,0.353046448880291,0
1,1.5,0.5,8,"prot25_male",0,0.017602488455466,0
1,1.5,0.5,8,"prot25_age",1.2,0.822707800361384,1
1,1.5,0.5,8,"prot25_income",0,0.0177801743059036,0
1,1.5,0.5,8,"prot25_child",1.1,0.861003401906163,1
1,1.5,0.5,8,"prot50_male",0,2.25792985907825e-07,0
1,1.5,0.5,8,"prot50_age",0,0.0312342350089017,0
1,1.5,0.5,8,"prot50_income",0,0.0173739518865316,0
1,1.5,0.5,8,"prot50_child",-1,-0.433773294830914,0
1,1.5,0.5,8,"invasive_male",0,0.0142627764572313,0
1,1.5,0.5,8,"invasive_age",-0.3,-0.217435273203234,0
1,1.5,0.5,8,"invasive_income",0.3,0.218398935776902,0
1,1.5,0.5,8,"invasive_child",-0.9,-0.443257636492527,0
1,1.5,0.5,9,"ASC2_male",0,-4.5563448592844e-08,0
1,1.5,0.5,9,"ASC2_age",0.5,0.335967111089426,0
1,1.5,0.5,9,"ASC2_income",0.5,0.309091309034598,0
1,1.5,0.5,9,"ASC2_child",0,-3.40614944629218e-08,0
1,1.5,0.5,9,"ASC3_male",0,-4.69329049922637e-08,0
1,1.5,0.5,9,"ASC3_age",0,-0.0349698772470797,0
1,1.5,0.5,9,"ASC3_income",0,0.0400739123897627,0
1,1.5,0.5,9,"ASC3_child",-0.3,-0.211514294645991,0
1,1.5,0.5,9,"prot25_male",0.7,0.482103419183616,0
1,1.5,0.5,9,"prot25_age",0.4,0.236651878221131,0
1,1.5,0.5,9,"prot25_income",0,-1.02934194085618e-08,0
1,1.5,0.5,9,"prot25_child",0.3,0.050488937501323,0
1,1.5,0.5,9,"prot50_male",-0.2,-0.030508493416036,0
1,1.5,0.5,9,"prot50_age",-1,-0.70398309592609,1
1,1.5,0.5,9,"prot50_income",0,-0.0133919728599319,0
1,1.5,0.5,9,"prot50_child",-0.8,-0.481181653116733,0
1,1.5,0.5,9,"invasive_male",0,0.0570643880751551,0
1,1.5,0.5,9,"invasive_age",1,0.561608883841681,1
1,1.5,0.5,9,"invasive_income",0,0.00115111973963022,0
1,1.5,0.5,9,"invasive_child",0,-0.0832623289398463,0
1,1.5,0.5,10,"ASC2_male",0,-0.200871392770736,0
1,1.5,0.5,10,"ASC2_age",-1,-0.66355109564478,1
1,1.5,0.5,10,"ASC2_income",0,0.000167075741553462,0
1,1.5,0.5,10,"ASC2_child",0,-9.10032293488371e-09,0
1,1.5,0.5,10,"ASC3_male",0.7,0.195275870174804,0
1,1.5,0.5,10,"ASC3_age",0,0.0052148058833449,0
1,1.5,0.5,10,"ASC3_income",0,5.8162108444305e-06,0
1,1.5,0.5,10,"ASC3_child",0,-1.68953804499451e-05,0
1,1.5,0.5,10,"prot25_male",-1,-0.498448049984286,0
1,1.5,0.5,10,"prot25_age",1.1,0.761392251539041,1
1,1.5,0.5,10,"prot25_income",-0.7,-0.435142249016516,0
1,1.5,0.5,10,"prot25_child",-0.3,-8.21675437857453e-05,0
1,1.5,0.5,10,"prot50_male",0,0.158867717958618,0
1,1.5,0.5,10,"prot50_age",0,0.00767141137997469,0
1,1.5,0.5,10,"prot50_income",0,0.0565126853657266,0
1,1.5,0.5,10,"prot50_child",0,2.37266201463116e-05,0
1,1.5,0.5,10,"invasive_male",0.2,1.88249511728076e-06,0
1,1.5,0.5,10,"invasive_age",0.6,0.396314712311357,0
1,1.5,0.5,10,"invasive_income",-0.4,-0.258183887193495,0
1,1.5,0.5,10,"invasive_child",-0.3,-0.0654836658078715,0
1,1.5,0.5,11,"ASC2_male",1.1,0.484642270699696,0
1,1.5,0.5,11,"ASC2_age",0,0.0698603823356268,0
1,1.5,0.5,11,"ASC2_income",0.1,-0.0150526655524086,0
1,1.5,0.5,11,"ASC2_child",0,0.0885379082329518,0
1,1.5,0.5,11,"ASC3_male",0.6,0.128021350379838,0
1,1.5,0.5,11,"ASC3_age",-1,-0.625784079782824,1
1,1.5,0.5,11,"ASC3_income",0.9,0.536829326300152,1
1,1.5,0.5,11,"ASC3_child",-0.8,-0.445432994063243,0
1,1.5,0.5,11,"prot25_male",-0.9,-0.509707612427924,1
1,1.5,0.5,11,"prot25_age",0,-0.0814786287982479,0
1,1.5,0.5,11,"prot25_income",0,-0.000113012580939989,0
1,1.5,0.5,11,"prot25_child",0,0.0540511171015111,0
1,1.5,0.5,11,"prot50_male",0,0.0423121458749321,0
1,1.5,0.5,11,"prot50_age",0,-0.0123669780429445,0
1,1.5,0.5,11,"prot50_income",0,0.0322258266045489,0
1,1.5,0.5,11,"prot50_child",0,-0.0778502141187397,0
1,1.5,0.5,11,"invasive_male",-0.7,-0.674290409653687,1
1,1.5,0.5,11,"invasive_age",0,0.0435271078860157,0
1,1.5,0.5,11,"invasive_income",1,0.638203944124934,1
1,1.5,0.5,11,"invasive_child",-1.2,-0.832052184473467,1
1,1.5,0.5,12,"ASC2_male",0,0.0382980161938679,0
1,1.5,0.5,12,"ASC2_age",-0.4,-0.302829487625232,0
1,1.5,0.5,12,"ASC2_income",-0.6,-0.470325742584532,0
1,1.5,0.5,12,"ASC2_child",-1.2,-0.820373062653374,1
1,1.5,0.5,12,"ASC3_male",-0.7,-0.545571787471997,1
1,1.5,0.5,12,"ASC3_age",0.4,0.269553832575037,0
1,1.5,0.5,12,"ASC3_income",0,-0.0709795739444104,0
1,1.5,0.5,12,"ASC3_child",0,-0.121949414826549,0
1,1.5,0.5,12,"prot25_male",0,0.0832185812144437,0
1,1.5,0.5,12,"prot25_age",0,-0.00237252141386381,0
1,1.5,0.5,12,"prot25_income",0,-0.0197272752685746,0
1,1.5,0.5,12,"prot25_child",1,0.896804612193483,1
1,1.5,0.5,12,"prot50_male",-0.6,-0.28545363854047,0
1,1.5,0.5,12,"prot50_age",0,0.0541652313952261,0
1,1.5,0.5,12,"prot50_income",0,-0.0205828202146238,0
1,1.5,0.5,12,"prot50_child",0,0.168502161052425,0
1,1.5,0.5,12,"invasive_male",0,0.0327578805224682,0
1,1.5,0.5,12,"invasive_age",0.6,0.445360471690767,0
1,1.5,0.5,12,"invasive_income",0.6,0.316781939349813,0
1,1.5,0.5,12,"invasive_child",-0.8,-0.539242013903556,1
1,1.5,0.5,13,"ASC2_male",-0.4,-0.224832265514864,0
1,1.5,0.5,13,"ASC2_age",0,0.0231071958609443,0
1,1.5,0.5,13,"ASC2_income",0,-0.0324928921731566,0
1,1.5,0.5,13,"ASC2_child",0,3.35554885977507e-07,0
1,1.5,0.5,13,"ASC3_male",-0.4,-0.19711304763421,0
1,1.5,0.5,13,"ASC3_age",-0.3,-0.188087431025363,0
1,1.5,0.5,13,"ASC3_income",-0.3,-0.272439073463138,0
1,1.5,0.5,13,"ASC3_child",0,0.0550862963352187,0
1,1.5,0.5,13,"prot25_male",0,1.15325055622951e-07,0
1,1.5,0.5,13,"prot25_age",-0.4,-0.286484986733704,0
1,1.5,0.5,13,"prot25_income",-1,-0.629972730823908,1
1,1.5,0.5,13,"prot25_child",0,-0.0338654555881789,0
1,1.5,0.5,13,"prot50_male",-0.6,-0.450874152298079,0
1,1.5,0.5,13,"prot50_age",0,-0.0122225298068424,0
1,1.5,0.5,13,"prot50_income",0,-0.0456570251744327,0
1,1.5,0.5,13,"prot50_child",0,0.0379446277747443,0
1,1.5,0.5,13,"invasive_male",-0.2,-0.0295879301882004,0
1,1.5,0.5,13,"invasive_age",1,0.686379896831301,1
1,1.5,0.5,13,"invasive_income",0.5,0.176934202132985,0
1,1.5,0.5,13,"invasive_child",0,0.0425641131030756,0
1,1.5,0.5,14,"ASC2_male",1.1,0.700057311071045,1
1,1.5,0.5,14,"ASC2_age",0,0.0631070246090556,0
1,1.5,0.5,14,"ASC2_income",0,-0.0630750352540698,0
1,1.5,0.5,14,"ASC2_child",0.9,0.579640870287146,1
1,1.5,0.5,14,"ASC3_male",-0.6,-0.302185187646425,0
1,1.5,0.5,14,"ASC3_age",0,-3.93344551709764e-10,0
1,1.5,0.5,14,"ASC3_income",0.9,0.528123208078444,1
1,1.5,0.5,14,"ASC3_child",0,-1.24467047744213e-08,0
1,1.5,0.5,14,"prot25_male",0,-7.11967151133778e-09,0
1,1.5,0.5,14,"prot25_age",0,-2.57352816405573e-08,0
1,1.5,0.5,14,"prot25_income",0,0.00982540858431286,0
1,1.5,0.5,14,"prot25_child",0,0.0285860301565253,0
1,1.5,0.5,14,"prot50_male",0,0.0587711492187846,0
1,1.5,0.5,14,"prot50_age",1,0.629674208255218,1
1,1.5,0.5,14,"prot50_income",0,-0.0107049517229915,0
1,1.5,0.5,14,"prot50_child",-0.9,-0.36542194135424,0
1,1.5,0.5,14,"invasive_male",0.3,0.00378075150545963,0
1,1.5,0.5,14,"invasive_age",-0.8,-0.50661058736968,1
1,1.5,0.5,14,"invasive_income",0.6,0.390656497323179,0
1,1.5,0.5,14,"invasive_child",-0.4,-0.0248097122131003,0
1,1.5,0.5,15,"ASC2_male",-0.9,-0.503606373637601,1
1,1.5,0.5,15,"ASC2_age",1.2,0.788341184316634,1
1,1.5,0.5,15,"ASC2_income",0,-0.0475299294771807,0
1,1.5,0.5,15,"ASC2_child",-0.4,-0.152063434082808,0
1,1.5,0.5,15,"ASC3_male",-0.6,-0.308629457594483,0
1,1.5,0.5,15,"ASC3_age",0,0.00537196330088875,0
1,1.5,0.5,15,"ASC3_income",0,-1.16150954532542e-07,0
1,1.5,0.5,15,"ASC3_child",0.9,0.567135582804264,1
1,1.5,0.5,15,"prot25_male",0,0.059791504573925,0
1,1.5,0.5,15,"prot25_age",0.7,0.468182526352615,0
1,1.5,0.5,15,"prot25_income",-0.3,-0.170579684056381,0
1,1.5,0.5,15,"prot25_child",0.5,0.104008909662593,0
1,1.5,0.5,15,"prot50_male",0,-5.04406185897369e-09,0
1,1.5,0.5,15,"prot50_age",-0.5,-0.324897610379576,0
1,1.5,0.5,15,"prot50_income",0,0.0474331983061586,0
1,1.5,0.5,15,"prot50_child",0.2,-8.57973783434332e-07,0
1,1.5,0.5,15,"invasive_male",0,0.0202742396387344,0
1,1.5,0.5,15,"invasive_age",0,0.0249111881203428,0
1,1.5,0.5,15,"invasive_income",0,0.000988058710199253,0
1,1.5,0.5,15,"invasive_child",0,0.124607528533877,0
1,1.5,0.5,16,"ASC2_male",0,-7.84090101157572e-07,0
1,1.5,0.5,16,"ASC2_age",-0.6,-0.41746119775515,0
1,1.5,0.5,16,"ASC2_income",0,-0.0085820532614887,0
1,1.5,0.5,16,"ASC2_child",-0.8,-0.416130071016559,0
1,1.5,0.5,16,"ASC3_male",0,1.63744109825738e-06,0
1,1.5,0.5,16,"ASC3_age",-0.8,-0.514221205997883,1
1,1.5,0.5,16,"ASC3_income",0.8,0.498518874227616,0
1,1.5,0.5,16,"ASC3_child",-0.8,-0.37336779845593,0
1,1.5,0.5,16,"prot25_male",0.7,0.322759276243608,0
1,1.5,0.5,16,"prot25_age",-1,-0.582501528192494,1
1,1.5,0.5,16,"prot25_income",0,-0.025716575081195,0
1,1.5,0.5,16,"prot25_child",0,-8.34058879305111e-10,0
1,1.5,0.5,16,"prot50_male",0.6,0.287103815152528,0
1,1.5,0.5,16,"prot50_age",-1,-0.601072410292991,1
1,1.5,0.5,16,"prot50_income",0,-0.0909656606673644,0
1,1.5,0.5,16,"prot50_child",0,0.00899573529956984,0
1,1.5,0.5,16,"invasive_male",0,-0.0201930239322627,0
1,1.5,0.5,16,"invasive_age",0.8,0.482622194261723,0
1,1.5,0.5,16,"invasive_income",0,2.39985173852895e-07,0
1,1.5,0.5,16,"invasive_child",0,0.141861373265914,0
1,1.5,0.5,17,"ASC2_male",0,-0.0475014419940802,0
1,1.5,0.5,17,"ASC2_age",-1,-0.674426164416752,1
1,1.5,0.5,17,"ASC2_income",-0.9,-0.720857110690137,1
1,1.5,0.5,17,"ASC2_child",0,-0.0107430591764682,0
1,1.5,0.5,17,"ASC3_male",0,-5.89093056247388e-08,0
1,1.5,0.5,17,"ASC3_age",-1.1,-0.680630439165167,1
1,1.5,0.5,17,"ASC3_income",0,-0.0587239310222622,0
1,1.5,0.5,17,"ASC3_child",-0.6,-0.414584977154058,0
1,1.5,0.5,17,"prot25_male",-0.9,-0.610386788931289,1
1,1.5,0.5,17,"prot25_age",0,-0.0443111861884281,0
1,1.5,0.5,17,"prot25_income",0.6,0.418315317556097,0
1,1.5,0.5,17,"prot25_child",0,-0.110568751033967,0
1,1.5,0.5,17,"prot50_male",0.2,0.201206214447824,0
1,1.5,0.5,17,"prot50_age",0.5,0.328136630802152,0
1,1.5,0.5,17,"prot50_income",0,0.0150764642919784,0
1,1.5,0.5,17,"prot50_child",0,-1.83705259748776e-08,0
1,1.5,0.5,17,"invasive_male",0.8,0.609811810263596,1
1,1.5,0.5,17,"invasive_age",0,0.0166458420272823,0
1,1.5,0.5,17,"invasive_income",-1.1,-0.825408264769734,1
1,1.5,0.5,17,"invasive_child",0,-1.73871370516011e-08,0
1,1.5,0.5,18,"ASC2_male",0.2,-0.0877563661222947,0
1,1.5,0.5,18,"ASC2_age",0.7,0.522553179941998,1
1,1.5,0.5,18,"ASC2_income",0,-0.0515070280972563,0
1,1.5,0.5,18,"ASC2_child",0.7,0.487524651862163,0
1,1.5,0.5,18,"ASC3_male",0.2,-0.0368025870003698,0
1,1.5,0.5,18,"ASC3_age",0,0.038179230381587,0
1,1.5,0.5,18,"ASC3_income",0.4,0.162429299209988,0
1,1.5,0.5,18,"ASC3_child",0,-8.02410977507863e-08,0
1,1.5,0.5,18,"prot25_male",0,0.225905273173198,0
1,1.5,0.5,18,"prot25_age",0,0.0139316887225357,0
1,1.5,0.5,18,"prot25_income",0,0.0845904455523043,0
1,1.5,0.5,18,"prot25_child",-0.5,-0.440187779449307,0
1,1.5,0.5,18,"prot50_male",-0.6,-0.228229952474238,0
1,1.5,0.5,18,"prot50_age",0,-0.0601891594535662,0
1,1.5,0.5,18,"prot50_income",1,0.804245387134616,1
1,1.5,0.5,18,"prot50_child",0,-2.97146546270061e-09,0
1,1.5,0.5,18,"invasive_male",0,-0.0506450176952811,0
1,1.5,0.5,18,"invasive_age",0,-0.0191678450624288,0
1,1.5,0.5,18,"invasive_income",-0.2,-0.0914479254133689,0
1,1.5,0.5,18,"invasive_child",0.7,0.480918682305013,0
1,1.5,0.5,19,"ASC2_male",0,2.32424161465849e-08,0
1,1.5,0.5,19,"ASC2_age",0,0.0135754726946908,0
1,1.5,0.5,19,"ASC2_income",-0.2,-0.138856862525451,0
1,1.5,0.5,19,"ASC2_child",0,0.0559289909500014,0
1,1.5,0.5,19,"ASC3_male",0,-0.00444773927221137,0
1,1.5,0.5,19,"ASC3_age",0.2,0.106450609711092,0
1,1.5,0.5,19,"ASC3_income",-0.8,-0.520400410901869,1
1,1.5,0.5,19,"ASC3_child",-1,-0.565701179178636,1
1,1.5,0.5,19,"prot25_male",0,0.0278871617773806,0
1,1.5,0.5,19,"prot25_age",0,0.0144237634652273,0
1,1.5,0.5,19,"prot25_income",0,-8.19175137423247e-05,0
1,1.5,0.5,19,"prot25_child",0.7,0.328166860127666,0
1,1.5,0.5,19,"prot50_male",-1,-0.47316316895641,0
1,1.5,0.5,19,"prot50_age",0,-6.88291551438927e-09,0
1,1.5,0.5,19,"prot50_income",0.5,0.287171674869996,0
1,1.5,0.5,19,"prot50_child",1.1,0.633510892728547,1
1,1.5,0.5,19,"invasive_male",0,-5.45326319051835e-07,0
1,1.5,0.5,19,"invasive_age",0,3.88706580976384e-07,0
1,1.5,0.5,19,"invasive_income",0.6,0.407572557112141,0
1,1.5,0.5,19,"invasive_child",-1.2,-0.682595814362517,1
1,1.5,0.5,20,"ASC2_male",0,-3.68012969577679e-09,0
1,1.5,0.5,20,"ASC2_age",0.9,0.530554458376792,1
1,1.5,0.5,20,"ASC2_income",1,0.667774940324328,1
1,1.5,0.5,20,"ASC2_child",-1,-0.285473458764044,0
1,1.5,0.5,20,"ASC3_male",0.7,0.469453294668955,0
1,1.5,0.5,20,"ASC3_age",-1.2,-0.761420090652643,1
1,1.5,0.5,20,"ASC3_income",-0.6,-0.325905368771179,0
1,1.5,0.5,20,"ASC3_child",-0.7,-0.0687946653957491,0
1,1.5,0.5,20,"prot25_male",0,-2.12599954098697e-11,0
1,1.5,0.5,20,"prot25_age",0,-8.68822956485677e-09,0
1,1.5,0.5,20,"prot25_income",0,0.0441814535670876,0
1,1.5,0.5,20,"prot25_child",0.7,0.16747901971954,0
1,1.5,0.5,20,"prot50_male",0,-1.53515855545645e-09,0
1,1.5,0.5,20,"prot50_age",0,-0.0274783272904467,0
1,1.5,0.5,20,"prot50_income",0,-1.09576217200192e-08,0
1,1.5,0.5,20,"prot50_child",0,-0.165531673027978,0
1,1.5,0.5,20,"invasive_male",0,-1.57693179628339e-08,0
1,1.5,0.5,20,"invasive_age",0.5,0.249273998841772,0
1,1.5,0.5,20,"invasive_income",0,-7.29959765446884e-09,0
1,1.5,0.5,20,"invasive_child",0.3,0.198631928295866,0
1,1.5,0.5,21,"ASC2_male",-0.5,-0.2538543800238,0
1,1.5,0.5,21,"ASC2_age",-0.6,-0.376402081997602,0
1,1.5,0.5,21,"ASC2_income",0,-0.0555971850651495,0
1,1.5,0.5,21,"ASC2_child",1.1,0.701067840895687,1
1,1.5,0.5,21,"ASC3_male",0,2.42018117281693e-10,0
1,1.5,0.5,21,"ASC3_age",0.3,0.255764328415858,0
1,1.5,0.5,21,"ASC3_income",0,-0.0114655820281041,0
1,1.5,0.5,21,"ASC3_child",0,-4.388220449745e-09,0
1,1.5,0.5,21,"prot25_male",0.5,0.413567158599865,0
1,1.5,0.5,21,"prot25_age",0,-0.0112167571755709,0
1,1.5,0.5,21,"prot25_income",-1,-0.723469158947659,1
1,1.5,0.5,21,"prot25_child",0,0.0500730894964397,0
1,1.5,0.5,21,"prot50_male",-0.5,-0.188389636346908,0
1,1.5,0.5,21,"prot50_age",0,-0.0125653716321393,0
1,1.5,0.5,21,"prot50_income",0,-0.0432357400955033,0
1,1.5,0.5,21,"prot50_child",-0.7,-0.321631487940819,0
1,1.5,0.5,21,"invasive_male",0,-9.00844716966391e-09,0
1,1.5,0.5,21,"invasive_age",1.2,0.843879652198013,1
1,1.5,0.5,21,"invasive_income",-0.2,-0.110745912283273,0
1,1.5,0.5,21,"invasive_child",0,-0.0234919941167802,0
1,1.5,0.5,22,"ASC2_male",0.7,0.460286087749619,0
1,1.5,0.5,22,"ASC2_age",-0.2,-1.19953822397344e-07,0
1,1.5,0.5,22,"ASC2_income",-0.4,-0.248345120067445,0
1,1.5,0.5,22,"ASC2_child",0,-1.02030853501569e-07,0
1,1.5,0.5,22,"ASC3_male",0,-0.0527415878958463,0
1,1.5,0.5,22,"ASC3_age",-0.7,-0.359006542107784,0
1,1.5,0.5,22,"ASC3_income",0,0.00507936932533061,0
1,1.5,0.5,22,"ASC3_child",-0.7,-0.438533289990999,0
1,1.5,0.5,22,"prot25_male",0,0.0891045433735316,0
1,1.5,0.5,22,"prot25_age",0,-0.10650474178201,0
1,1.5,0.5,22,"prot25_income",0.5,0.356619295864059,0
1,1.5,0.5,22,"prot25_child",0,-6.81084783537529e-09,0
1,1.5,0.5,22,"prot50_male",0,-6.94321944954552e-09,0
1,1.5,0.5,22,"prot50_age",1,0.5680941930803,1
1,1.5,0.5,22,"prot50_income",-0.9,-0.588962180266513,1
1,1.5,0.5,22,"prot50_child",-1.1,-0.624127504124692,1
1,1.5,0.5,22,"invasive_male",0,-0.014486334207674,0
1,1.5,0.5,22,"invasive_age",0.3,0.183616225763369,0
1,1.5,0.5,22,"invasive_income",0,-0.0323887870272364,0
1,1.5,0.5,22,"invasive_child",0,1.42463522849422e-09,0
1,1.5,0.5,23,"ASC2_male",0,-0.117288413784349,0
1,1.5,0.5,23,"ASC2_age",0.5,0.442137301208715,0
1,1.5,0.5,23,"ASC2_income",0.8,0.627866504338665,1
1,1.5,0.5,23,"ASC2_child",-0.2,1.53440676780776e-08,0
1,1.5,0.5,23,"ASC3_male",0.6,0.295657657907372,0
1,1.5,0.5,23,"ASC3_age",-0.3,-0.10876935586532,0
1,1.5,0.5,23,"ASC3_income",0,0.094436649904744,0
1,1.5,0.5,23,"ASC3_child",0,0.019987381966473,0
1,1.5,0.5,23,"prot25_male",0.8,0.522815627862606,1
1,1.5,0.5,23,"prot25_age",0.4,0.297743637802045,0
1,1.5,0.5,23,"prot25_income",0.5,0.314571508670357,0
1,1.5,0.5,23,"prot25_child",0,-5.48347646216256e-08,0
1,1.5,0.5,23,"prot50_male",0,0.0336473146368664,0
1,1.5,0.5,23,"prot50_age",0,-8.69012774801483e-09,0
1,1.5,0.5,23,"prot50_income",0,-9.59705587411382e-08,0
1,1.5,0.5,23,"prot50_child",0.5,0.253917410761451,0
1,1.5,0.5,23,"invasive_male",-0.5,-0.0957331238976382,0
1,1.5,0.5,23,"invasive_age",0,0.0245167055792488,0
1,1.5,0.5,23,"invasive_income",0,-1.00893206676178e-08,0
1,1.5,0.5,23,"invasive_child",0,-0.0553319780533525,0
1,1.5,0.5,24,"ASC2_male",-0.3,-0.0656145803356391,0
1,1.5,0.5,24,"ASC2_age",-0.3,-0.21809497729673,0
1,1.5,0.5,24,"ASC2_income",0,-0.112091601259952,0
1,1.5,0.5,24,"ASC2_child",0,-3.65979792128822e-09,0
1,1.5,0.5,24,"ASC3_male",0,0.240055980276027,0
1,1.5,0.5,24,"ASC3_age",1.2,0.81428469062955,1
1,1.5,0.5,24,"ASC3_income",0,-0.095683532250697,0
1,1.5,0.5,24,"ASC3_child",0,-0.00862126524018006,0
1,1.5,0.5,24,"prot25_male",0.4,0.0354127575113829,0
1,1.5,0.5,24,"prot25_age",0,-0.0112229021629001,0
1,1.5,0.5,24,"prot25_income",0.8,0.59344462478482,1
1,1.5,0.5,24,"prot25_child",1,0.670613956909584,1
1,1.5,0.5,24,"prot50_male",0,-0.132701318475123,0
1,1.5,0.5,24,"prot50_age",-0.8,-0.517897010851175,1
1,1.5,0.5,24,"prot50_income",1.1,0.789711680012574,1
1,1.5,0.5,24,"prot50_child",0,-0.0114588284551922,0
1,1.5,0.5,24,"invasive_male",0,-0.0723670871627374,0
1,1.5,0.5,24,"invasive_age",1.1,0.758509363580507,1
1,1.5,0.5,24,"invasive_income",0,-0.00900160223808531,0
1,1.5,0.5,24,"invasive_child",1.2,0.80387743368096,1
1,1.5,0.5,25,"ASC2_male",1.2,0.752002269143109,1
1,1.5,0.5,25,"ASC2_age",0,0.0995272947439568,0
1,1.5,0.5,25,"ASC2_income",0,0.0146876533366521,0
1,1.5,0.5,25,"ASC2_child",0,-0.00517705369958368,0
1,1.5,0.5,25,"ASC3_male",-1,-0.682831062009363,1
1,1.5,0.5,25,"ASC3_age",-0.2,-0.0568989935088664,0
1,1.5,0.5,25,"ASC3_income",0,2.00472492124374e-09,0
1,1.5,0.5,25,"ASC3_child",-1.1,-0.686557101817098,1
1,1.5,0.5,25,"prot25_male",1.1,0.670301541762617,1
1,1.5,0.5,25,"prot25_age",-0.6,-0.442729485952105,0
1,1.5,0.5,25,"prot25_income",0,0.0491259845584568,0
1,1.5,0.5,25,"prot25_child",1,0.680735955146411,1
1,1.5,0.5,25,"prot50_male",0,-0.0560815835095059,0
1,1.5,0.5,25,"prot50_age",0,-0.0808242122656286,0
1,1.5,0.5,25,"prot50_income",0,0.0408208349664001,0
1,1.5,0.5,25,"prot50_child",0,-0.0618862946309754,0
1,1.5,0.5,25,"invasive_male",0,1.7675053442574e-08,0
1,1.5,0.5,25,"invasive_age",1.1,0.733602208833031,1
1,1.5,0.5,25,"invasive_income",-1.2,-0.808137494335276,1
1,1.5,0.5,25,"invasive_child",1.2,0.757041828291742,1
1,1.5,0.5,26,"ASC2_male",0,-0.196026156048449,0
1,1.5,0.5,26,"ASC2_age",-0.9,-0.54407725506096,1
1,1.5,0.5,26,"ASC2_income",-1.2,-0.684458392428878,1
1,1.5,0.5,26,"ASC2_child",-0.4,-0.172369286833485,0
1,1.5,0.5,26,"ASC3_male",0.8,0.316114852882886,0
1,1.5,0.5,26,"ASC3_age",0,0.0602117326384678,0
1,1.5,0.5,26,"ASC3_income",-0.5,-0.30167844568874,0
1,1.5,0.5,26,"ASC3_child",0.1,0.0760200209706093,0
1,1.5,0.5,26,"prot25_male",-0.9,-0.375558670312636,0
1,1.5,0.5,26,"prot25_age",0,-0.00430066160155349,0
1,1.5,0.5,26,"prot25_income",0,-0.12976664720344,0
1,1.5,0.5,26,"prot25_child",0,-1.83782056831373e-09,0
1,1.5,0.5,26,"prot50_male",0,0.157915377482037,0
1,1.5,0.5,26,"prot50_age",0,-0.0530448601200708,0
1,1.5,0.5,26,"prot50_income",0.1,0.0346404737204158,0
1,1.5,0.5,26,"prot50_child",0,-5.69551811914666e-07,0
1,1.5,0.5,26,"invasive_male",0,-3.18348573386435e-08,0
1,1.5,0.5,26,"invasive_age",0.9,0.49908437399378,0
1,1.5,0.5,26,"invasive_income",-0.7,-0.45190411654527,0
1,1.5,0.5,26,"invasive_child",0,-7.91793961234204e-09,0
1,1.5,0.5,27,"ASC2_male",-1.2,-0.804926828295831,1
1,1.5,0.5,27,"ASC2_age",-0.5,-0.242682384045832,0
1,1.5,0.5,27,"ASC2_income",0,0.095253824003082,0
1,1.5,0.5,27,"ASC2_child",0,-2.07124586004427e-08,0
1,1.5,0.5,27,"ASC3_male",0,1.08804433434105e-06,0
1,1.5,0.5,27,"ASC3_age",0,0.0367249052752944,0
1,1.5,0.5,27,"ASC3_income",0,0.0383366702381911,0
1,1.5,0.5,27,"ASC3_child",0.8,0.459621217337778,0
1,1.5,0.5,27,"prot25_male",-0.8,-0.424084058692361,0
1,1.5,0.5,27,"prot25_age",0.9,0.553133778273992,1
1,1.5,0.5,27,"prot25_income",0,6.68265313412128e-07,0
1,1.5,0.5,27,"prot25_child",0.6,0.572435687861419,1
1,1.5,0.5,27,"prot50_male",0,0.183559197987461,0
1,1.5,0.5,27,"prot50_age",0,0.0206464676592761,0
1,1.5,0.5,27,"prot50_income",0,-0.00813947314658912,0
1,1.5,0.5,27,"prot50_child",0.4,0.320986663640777,0
1,1.5,0.5,27,"invasive_male",-0.2,-0.0275257756174779,0
1,1.5,0.5,27,"invasive_age",-0.2,-0.0676187965549715,0
1,1.5,0.5,27,"invasive_income",1,0.78730467883642,1
1,1.5,0.5,27,"invasive_child",0,-1.82451316732931e-08,0
1,1.5,0.5,28,"ASC2_male",-0.6,-0.178792479239908,0
1,1.5,0.5,28,"ASC2_age",0,0.0134309052953031,0
1,1.5,0.5,28,"ASC2_income",0,0.10612113072047,0
1,1.5,0.5,28,"ASC2_child",0,0.10322145440181,0
1,1.5,0.5,28,"ASC3_male",-0.9,-0.43026724741689,0
1,1.5,0.5,28,"ASC3_age",-0.8,-0.498467334332103,0
1,1.5,0.5,28,"ASC3_income",0,0.102315763761966,0
1,1.5,0.5,28,"ASC3_child",-0.7,-0.311931875279517,0
1,1.5,0.5,28,"prot25_male",0,-0.0962662710477899,0
1,1.5,0.5,28,"prot25_age",1.1,0.744631586409577,1
1,1.5,0.5,28,"prot25_income",1.2,0.807100227244655,1
1,1.5,0.5,28,"prot25_child",0,6.03735759388726e-07,0
1,1.5,0.5,28,"prot50_male",-0.2,-0.200493885594089,0
1,1.5,0.5,28,"prot50_age",0.8,0.47930898641823,0
1,1.5,0.5,28,"prot50_income",-0.2,-0.147737639862284,0
1,1.5,0.5,28,"prot50_child",0,8.49250717989633e-08,0
1,1.5,0.5,28,"invasive_male",0,8.78538986827469e-07,0
1,1.5,0.5,28,"invasive_age",0,0.0137693074871022,0
1,1.5,0.5,28,"invasive_income",0.3,0.245100756712854,0
1,1.5,0.5,28,"invasive_child",0,0.17086692830477,0
1,1.5,0.5,29,"ASC2_male",0,3.20832498233967e-07,0
1,1.5,0.5,29,"ASC2_age",0,0.128098497406382,0
1,1.5,0.5,29,"ASC2_income",-0.1,-0.0301966591305105,0
1,1.5,0.5,29,"ASC2_child",0,-3.62158112413693e-08,0
1,1.5,0.5,29,"ASC3_male",0,-0.00682221529234777,0
1,1.5,0.5,29,"ASC3_age",0.9,0.658323972541778,1
1,1.5,0.5,29,"ASC3_income",0,7.05762509869225e-08,0
1,1.5,0.5,29,"ASC3_child",-0.2,-0.253399017402772,0
1,1.5,0.5,29,"prot25_male",0,-2.55593048649235e-07,0
1,1.5,0.5,29,"prot25_age",0,-0.141118645894702,0
1,1.5,0.5,29,"prot25_income",0.8,0.557420815424695,1
1,1.5,0.5,29,"prot25_child",-0.4,-0.346210249328622,0
1,1.5,0.5,29,"prot50_male",0.4,0.354472439153525,0
1,1.5,0.5,29,"prot50_age",0.5,0.247810983254889,0
1,1.5,0.5,29,"prot50_income",0,-7.86387545984833e-07,0
1,1.5,0.5,29,"prot50_child",0.7,0.457227696727852,0
1,1.5,0.5,29,"invasive_male",0,2.15992394611221e-07,0
1,1.5,0.5,29,"invasive_age",-0.3,-0.124453516541876,0
1,1.5,0.5,29,"invasive_income",0,-0.0106723491330729,0
1,1.5,0.5,29,"invasive_child",1,0.629527074846927,1
1,1.5,0.5,30,"ASC2_male",0,-0.000858464516894027,0
1,1.5,0.5,30,"ASC2_age",0,-0.00273354414660382,0
1,1.5,0.5,30,"ASC2_income",0,-2.54785919894966e-07,0
1,1.5,0.5,30,"ASC2_child",0.6,0.28620025558386,0
1,1.5,0.5,30,"ASC3_male",0.4,0.141524441768521,0
1,1.5,0.5,30,"ASC3_age",0,-0.0296126894159329,0
1,1.5,0.5,30,"ASC3_income",0.2,0.108175797529667,0
1,1.5,0.5,30,"ASC3_child",0.2,-9.92104373174869e-10,0
1,1.5,0.5,30,"prot25_male",0,0.080775389184175,0
1,1.5,0.5,30,"prot25_age",-0.7,-0.393302760343635,0
1,1.5,0.5,30,"prot25_income",0.4,0.190488494284314,0
1,1.5,0.5,30,"prot25_child",0.8,0.644878519543101,1
1,1.5,0.5,30,"prot50_male",-0.7,-0.361666240232585,0
1,1.5,0.5,30,"prot50_age",0,0.0319621536707566,0
1,1.5,0.5,30,"prot50_income",0,-2.01481093978894e-07,0
1,1.5,0.5,30,"prot50_child",0,0.0327965968273864,0
1,1.5,0.5,30,"invasive_male",1.1,0.568438843322991,1
1,1.5,0.5,30,"invasive_age",0,0.0393456626533506,0
1,1.5,0.5,30,"invasive_income",0.4,0.223887529533988,0
1,1.5,0.5,30,"invasive_child",0,-0.0159757278344276,0
1,1.5,0.5,31,"ASC2_male",1.2,0.784612641708003,1
1,1.5,0.5,31,"ASC2_age",0,-0.0345205944270967,0
1,1.5,0.5,31,"ASC2_income",-0.3,-0.324055263317845,0
1,1.5,0.5,31,"ASC2_child",0,-0.130523343188342,0
1,1.5,0.5,31,"ASC3_male",0,2.03012685318609e-08,0
1,1.5,0.5,31,"ASC3_age",0,-0.0158000306368983,0
1,1.5,0.5,31,"ASC3_income",0,-0.136699613212216,0
1,1.5,0.5,31,"ASC3_child",0,-0.0823078653734784,0
1,1.5,0.5,31,"prot25_male",-0.8,-0.386938108227511,0
1,1.5,0.5,31,"prot25_age",-0.2,-0.0941052111329571,0
1,1.5,0.5,31,"prot25_income",0,0.0663885129850096,0
1,1.5,0.5,31,"prot25_child",0,0.0172194627773311,0
1,1.5,0.5,31,"prot50_male",-0.9,-0.472065479870262,0
1,1.5,0.5,31,"prot50_age",-0.9,-0.556407002905841,1
1,1.5,0.5,31,"prot50_income",-0.2,-0.0550412539166755,0
1,1.5,0.5,31,"prot50_child",-0.5,-0.148745502204302,0
1,1.5,0.5,31,"invasive_male",-1,-0.562763830993161,1
1,1.5,0.5,31,"invasive_age",0,0.0473946491544432,0
1,1.5,0.5,31,"invasive_income",0,-4.4073903044486e-08,0
1,1.5,0.5,31,"invasive_child",-0.7,-0.391400923668923,0
1,1.5,0.5,32,"ASC2_male",0.2,0.00153495926075166,0
1,1.5,0.5,32,"ASC2_age",0.7,0.425566313807319,0
1,1.5,0.5,32,"ASC2_income",-1,-0.645107519069927,1
1,1.5,0.5,32,"ASC2_child",0.4,0.297984661996296,0
1,1.5,0.5,32,"ASC3_male",0,-0.194742550890588,0
1,1.5,0.5,32,"ASC3_age",0.3,0.177007507164878,0
1,1.5,0.5,32,"ASC3_income",0,-0.00864179950946089,0
1,1.5,0.5,32,"ASC3_child",0.5,0.398402808190918,0
1,1.5,0.5,32,"prot25_male",0,0.00135529864841106,0
1,1.5,0.5,32,"prot25_age",-0.6,-0.383244421517981,0
1,1.5,0.5,32,"prot25_income",0,-0.020488585217451,0
1,1.5,0.5,32,"prot25_child",0,-0.0251790047754515,0
1,1.5,0.5,32,"prot50_male",0.7,0.551501999299607,1
1,1.5,0.5,32,"prot50_age",0.3,0.280639075574716,0
1,1.5,0.5,32,"prot50_income",0,-0.051478273370924,0
1,1.5,0.5,32,"prot50_child",-0.6,-0.611683362463034,1
1,1.5,0.5,32,"invasive_male",0,-0.147940696430054,0
1,1.5,0.5,32,"invasive_age",0,0.0231973732258989,0
1,1.5,0.5,32,"invasive_income",0,0.0209169572740295,0
1,1.5,0.5,32,"invasive_child",0,-0.0608136418377334,0
1,1.5,0.5,33,"ASC2_male",0,3.40516379474818e-07,0
1,1.5,0.5,33,"ASC2_age",-0.3,-0.264612994420951,0
1,1.5,0.5,33,"ASC2_income",0,0.0141354453601674,0
1,1.5,0.5,33,"ASC2_child",0,-0.115715570647386,0
1,1.5,0.5,33,"ASC3_male",0,0.06120899448907,0
1,1.5,0.5,33,"ASC3_age",1.1,0.759524815375709,1
1,1.5,0.5,33,"ASC3_income",0,0.0182775907617975,0
1,1.5,0.5,33,"ASC3_child",0,0.00336948041633132,0
1,1.5,0.5,33,"prot25_male",0.9,0.56784759321921,1
1,1.5,0.5,33,"prot25_age",-0.8,-0.449166381540356,0
1,1.5,0.5,33,"prot25_income",1.1,0.820031916015434,1
1,1.5,0.5,33,"prot25_child",0,0.0994782178571743,0
1,1.5,0.5,33,"prot50_male",-1.2,-0.88206443131073,1
1,1.5,0.5,33,"prot50_age",0.3,0.24881098944841,0
1,1.5,0.5,33,"prot50_income",0,-1.55049837868361e-09,0
1,1.5,0.5,33,"prot50_child",0.8,0.663271304544364,1
1,1.5,0.5,33,"invasive_male",0,-0.18215974900252,0
1,1.5,0.5,33,"invasive_age",-1.2,-0.812717774948233,1
1,1.5,0.5,33,"invasive_income",0.6,0.406958179528415,0
1,1.5,0.5,33,"invasive_child",0,0.149030173706593,0
1,1.5,0.5,34,"ASC2_male",0,0.0216730891634866,0
1,1.5,0.5,34,"ASC2_age",-0.5,-0.242700927619151,0
1,1.5,0.5,34,"ASC2_income",0,-0.0253882879818387,0
1,1.5,0.5,34,"ASC2_child",1,0.641087898774815,1
1,1.5,0.5,34,"ASC3_male",0,7.21610074724211e-07,0
1,1.5,0.5,34,"ASC3_age",-0.3,-0.147728254514959,0
1,1.5,0.5,34,"ASC3_income",-0.7,-0.405284555527034,0
1,1.5,0.5,34,"ASC3_child",-1,-0.590002292705873,1
1,1.5,0.5,34,"prot25_male",0,0.0211882819886508,0
1,1.5,0.5,34,"prot25_age",0,-8.28619020099899e-05,0
1,1.5,0.5,34,"prot25_income",0,-0.0193146242094776,0
1,1.5,0.5,34,"prot25_child",0,-1.08939181058055e-09,0
1,1.5,0.5,34,"prot50_male",0,-1.68779309324176e-06,0
1,1.5,0.5,34,"prot50_age",-0.8,-0.497045072911267,0
1,1.5,0.5,34,"prot50_income",-0.1,-0.0803716356940312,0
1,1.5,0.5,34,"prot50_child",0,-2.34089485655326e-07,0
1,1.5,0.5,34,"invasive_male",-0.9,-0.646918960475708,1
1,1.5,0.5,34,"invasive_age",-0.9,-0.5464045566791,1
1,1.5,0.5,34,"invasive_income",-0.9,-0.559612100493451,1
1,1.5,0.5,34,"invasive_child",0,-8.32008052551233e-09,0
1,1.5,0.5,35,"ASC2_male",0,-3.65254812388526e-06,0
1,1.5,0.5,35,"ASC2_age",0,-0.0659475004056131,0
1,1.5,0.5,35,"ASC2_income",-0.2,-0.0634781828187762,0
1,1.5,0.5,35,"ASC2_child",0,-0.0271327776287104,0
1,1.5,0.5,35,"ASC3_male",0,0.00452558886288968,0
1,1.5,0.5,35,"ASC3_age",0,-0.0512973475112121,0
1,1.5,0.5,35,"ASC3_income",0,0.0638837120134515,0
1,1.5,0.5,35,"ASC3_child",0,-3.39680445015615e-09,0
1,1.5,0.5,35,"prot25_male",0,2.71815257613767e-07,0
1,1.5,0.5,35,"prot25_age",1.2,0.77682473795592,1
1,1.5,0.5,35,"prot25_income",-0.2,-0.194481578873899,0
1,1.5,0.5,35,"prot25_child",0.8,0.544422786363569,1
1,1.5,0.5,35,"prot50_male",-0.9,-0.586949804015797,1
1,1.5,0.5,35,"prot50_age",-0.2,-0.0937445153560977,0
1,1.5,0.5,35,"prot50_income",0,-0.0197874378137515,0
1,1.5,0.5,35,"prot50_child",0,0.106145563876414,0
1,1.5,0.5,35,"invasive_male",0.3,0.143022903559474,0
1,1.5,0.5,35,"invasive_age",0.3,0.193762581534024,0
1,1.5,0.5,35,"invasive_income",-0.4,-0.316521607127625,0
1,1.5,0.5,35,"invasive_child",-0.5,-0.27209281156401,0
1,1.5,0.5,36,"ASC2_male",-0.7,-0.426832237567892,0
1,1.5,0.5,36,"ASC2_age",0,0.0417803845112865,0
1,1.5,0.5,36,"ASC2_income",0.1,8.70632066117787e-07,0
1,1.5,0.5,36,"ASC2_child",0,0.0380877488596615,0
1,1.5,0.5,36,"ASC3_male",0,6.37472497110328e-10,0
1,1.5,0.5,36,"ASC3_age",0.6,0.456904896447269,0
1,1.5,0.5,36,"ASC3_income",1.1,0.714851022281165,1
1,1.5,0.5,36,"ASC3_child",0,-0.0290198042961715,0
1,1.5,0.5,36,"prot25_male",0,-7.14587237830438e-09,0
1,1.5,0.5,36,"prot25_age",0,-0.0225508559609168,0
1,1.5,0.5,36,"prot25_income",0.2,0.178293208008503,0
1,1.5,0.5,36,"prot25_child",0,0.011513810942084,0
1,1.5,0.5,36,"prot50_male",0,-0.0791703098276075,0
1,1.5,0.5,36,"prot50_age",0.9,0.589898771353053,1
1,1.5,0.5,36,"prot50_income",-0.8,-0.522563591377018,1
1,1.5,0.5,36,"prot50_child",0,2.52576625974699e-08,0
1,1.5,0.5,36,"invasive_male",-1,-0.692956752023119,1
1,1.5,0.5,36,"invasive_age",0.8,0.581720788471117,1
1,1.5,0.5,36,"invasive_income",0,0.0297903380688973,0
1,1.5,0.5,36,"invasive_child",-0.8,-0.450562273165645,0
1,1.5,0.5,37,"ASC2_male",0,-0.197606894839195,0
1,1.5,0.5,37,"ASC2_age",0,0.0045597261098231,0
1,1.5,0.5,37,"ASC2_income",0,-0.123656702770936,0
1,1.5,0.5,37,"ASC2_child",0,0.0102862408948145,0
1,1.5,0.5,37,"ASC3_male",0,-0.104569137071155,0
1,1.5,0.5,37,"ASC3_age",0,-5.24016949566083e-11,0
1,1.5,0.5,37,"ASC3_income",0.6,0.293207582308186,0
1,1.5,0.5,37,"ASC3_child",0,-1.17971677978438e-05,0
1,1.5,0.5,37,"prot25_male",-0.8,-0.456370084985471,0
1,1.5,0.5,37,"prot25_age",0.9,0.571539581371347,1
1,1.5,0.5,37,"prot25_income",-0.7,-0.365203732564682,0
1,1.5,0.5,37,"prot25_child",0.1,0.146567059950527,0
1,1.5,0.5,37,"prot50_male",0,-4.71586703634637e-08,0
1,1.5,0.5,37,"prot50_age",1,0.717918335719128,1
1,1.5,0.5,37,"prot50_income",0,0.123436335377403,0
1,1.5,0.5,37,"prot50_child",-0.9,-0.575959100205112,1
1,1.5,0.5,37,"invasive_male",0.6,0.170759384942601,0
1,1.5,0.5,37,"invasive_age",-0.3,-0.132527193256324,0
1,1.5,0.5,37,"invasive_income",1.1,0.736939315367149,1
1,1.5,0.5,37,"invasive_child",0,-0.0208862783908834,0
1,1.5,0.5,38,"ASC2_male",0.8,0.448739721431337,0
1,1.5,0.5,38,"ASC2_age",0,-0.0452118367629152,0
1,1.5,0.5,38,"ASC2_income",0.8,0.551119858023594,1
1,1.5,0.5,38,"ASC2_child",0.4,0.0204977806873573,0
1,1.5,0.5,38,"ASC3_male",0,-0.0840534749602939,0
1,1.5,0.5,38,"ASC3_age",0,6.48330540847869e-05,0
1,1.5,0.5,38,"ASC3_income",0,-1.21584289203195e-08,0
1,1.5,0.5,38,"ASC3_child",0.2,-5.68180479015319e-09,0
1,1.5,0.5,38,"prot25_male",0,0.0506114251513509,0
1,1.5,0.5,38,"prot25_age",0,0.0128085624343933,0
1,1.5,0.5,38,"prot25_income",0,-7.83474377822567e-08,0
1,1.5,0.5,38,"prot25_child",0,-1.72057009365921e-09,0
1,1.5,0.5,38,"prot50_male",0,8.34227944723864e-08,0
1,1.5,0.5,38,"prot50_age",0.3,0.265024645156122,0
1,1.5,0.5,38,"prot50_income",0.9,0.658873255418605,1
1,1.5,0.5,38,"prot50_child",0,0.0739271428620813,0
1,1.5,0.5,38,"invasive_male",-0.5,-0.346554478384954,0
1,1.5,0.5,38,"invasive_age",0.9,0.736944915584727,1
1,1.5,0.5,38,"invasive_income",1,0.715391166785704,1
1,1.5,0.5,38,"invasive_child",-0.2,-0.326842759926632,0
1,1.5,0.5,39,"ASC2_male",0.9,0.494444044541058,0
1,1.5,0.5,39,"ASC2_age",1.1,0.764127602295717,1
1,1.5,0.5,39,"ASC2_income",0,-2.52455782268667e-08,0
1,1.5,0.5,39,"ASC2_child",0.7,0.493000961788829,0
1,1.5,0.5,39,"ASC3_male",0,-9.15299906514181e-09,0
1,1.5,0.5,39,"ASC3_age",-0.1,-0.0099948184450012,0
1,1.5,0.5,39,"ASC3_income",0,-0.00937292233464885,0
1,1.5,0.5,39,"ASC3_child",-1.1,-0.651684659158615,1
1,1.5,0.5,39,"prot25_male",0,0.0476378226477719,0
1,1.5,0.5,39,"prot25_age",0,-0.0353750219261457,0
1,1.5,0.5,39,"prot25_income",0.9,0.512674390783559,1
1,1.5,0.5,39,"prot25_child",0,-6.70769635161852e-09,0
1,1.5,0.5,39,"prot50_male",0,-7.49723655807771e-10,0
1,1.5,0.5,39,"prot50_age",0.9,0.5314282423701,1
1,1.5,0.5,39,"prot50_income",-0.8,-0.401761889244137,0
1,1.5,0.5,39,"prot50_child",0,-9.65552258867243e-09,0
1,1.5,0.5,39,"invasive_male",0.1,-1.98027067598045e-08,0
1,1.5,0.5,39,"invasive_age",0,3.48890496595676e-07,0
1,1.5,0.5,39,"invasive_income",0.7,0.413713580465622,0
1,1.5,0.5,39,"invasive_child",0,-6.68574690464006e-09,0
1,1.5,0.5,40,"ASC2_male",0,-0.00205737856367314,0
1,1.5,0.5,40,"ASC2_age",0,-6.87303341177919e-09,0
1,1.5,0.5,40,"ASC2_income",-1,-0.787683343814664,1
1,1.5,0.5,40,"ASC2_child",-0.4,-0.372743911613051,0
1,1.5,0.5,40,"ASC3_male",1.2,0.781603749388148,1
1,1.5,0.5,40,"ASC3_age",0,-0.0450923460069103,0
1,1.5,0.5,40,"ASC3_income",0,-0.00585465268696052,0
1,1.5,0.5,40,"ASC3_child",0,-2.2082393178612e-08,0
1,1.5,0.5,40,"prot25_male",-0.1,-0.0468494896343836,0
1,1.5,0.5,40,"prot25_age",0,-0.00441231375060628,0
1,1.5,0.5,40,"prot25_income",-0.3,-0.16491136136612,0
1,1.5,0.5,40,"prot25_child",-0.5,-0.268237611998735,0
1,1.5,0.5,40,"prot50_male",-1.2,-0.813853547051755,1
1,1.5,0.5,40,"prot50_age",0,-0.0118364680035886,0
1,1.5,0.5,40,"prot50_income",0,-1.60899886128745e-08,0
1,1.5,0.5,40,"prot50_child",1.1,0.829260644441716,1
1,1.5,0.5,40,"invasive_male",-0.8,-0.532051510710426,1
1,1.5,0.5,40,"invasive_age",0.5,0.331597713434981,0
1,1.5,0.5,40,"invasive_income",0,-0.0437629056690218,0
1,1.5,0.5,40,"invasive_child",0,0.0162364651099994,0
1,1.5,0.5,41,"ASC2_male",0.1,-0.0891353838035441,0
1,1.5,0.5,41,"ASC2_age",0,0.0219285960981126,0
1,1.5,0.5,41,"ASC2_income",-1,-0.68273089497384,1
1,1.5,0.5,41,"ASC2_child",-0.6,-0.302306825520359,0
1,1.5,0.5,41,"ASC3_male",0.8,0.245881592710848,0
1,1.5,0.5,41,"ASC3_age",-0.6,-0.353629202120941,0
1,1.5,0.5,41,"ASC3_income",-0.6,-0.367603586483812,0
1,1.5,0.5,41,"ASC3_child",-1,-0.555666702808298,1
1,1.5,0.5,41,"prot25_male",0,0.0784844390645435,0
1,1.5,0.5,41,"prot25_age",-1,-0.623121218761272,1
1,1.5,0.5,41,"prot25_income",0,-0.0153710107145051,0
1,1.5,0.5,41,"prot25_child",0,-0.0827876306378975,0
1,1.5,0.5,41,"prot50_male",0,0.173976849603357,0
1,1.5,0.5,41,"prot50_age",0,0.0536609687613899,0
1,1.5,0.5,41,"prot50_income",0,0.00776018184314045,0
1,1.5,0.5,41,"prot50_child",0,-0.112432321862497,0
1,1.5,0.5,41,"invasive_male",-0.7,-0.449107928844667,0
1,1.5,0.5,41,"invasive_age",-0.5,-0.362657674157369,0
1,1.5,0.5,41,"invasive_income",0,0.008212451931253,0
1,1.5,0.5,41,"invasive_child",0,-0.0098328752244368,0
1,1.5,0.5,42,"ASC2_male",-0.1,-0.103135720284159,0
1,1.5,0.5,42,"ASC2_age",1,0.748157929986893,1
1,1.5,0.5,42,"ASC2_income",0,0.103852684184571,0
1,1.5,0.5,42,"ASC2_child",0.4,0.224572333795317,0
1,1.5,0.5,42,"ASC3_male",-0.7,-0.404067119132128,0
1,1.5,0.5,42,"ASC3_age",0,0.0444834386152912,0
1,1.5,0.5,42,"ASC3_income",0,0.055495581105189,0
1,1.5,0.5,42,"ASC3_child",0,-0.078744269368819,0
1,1.5,0.5,42,"prot25_male",0.1,0.061452410346956,0
1,1.5,0.5,42,"prot25_age",0.8,0.520344749618549,1
1,1.5,0.5,42,"prot25_income",0,0.04240784750112,0
1,1.5,0.5,42,"prot25_child",0,-0.0447160686501293,0
1,1.5,0.5,42,"prot50_male",0,-0.00876684769898816,0
1,1.5,0.5,42,"prot50_age",1,0.685496104844528,1
1,1.5,0.5,42,"prot50_income",0,0.034022448054684,0
1,1.5,0.5,42,"prot50_child",0,0.00010938346438726,0
1,1.5,0.5,42,"invasive_male",-0.9,-0.662902001055431,1
1,1.5,0.5,42,"invasive_age",0,0.0339922797862273,0
1,1.5,0.5,42,"invasive_income",-1,-0.552634657036599,1
1,1.5,0.5,42,"invasive_child",-1.1,-0.849765526785127,1
1,1.5,0.5,43,"ASC2_male",0,-0.113726355601415,0
1,1.5,0.5,43,"ASC2_age",-0.8,-0.513977500651177,1
1,1.5,0.5,43,"ASC2_income",0,0.0742042410802692,0
1,1.5,0.5,43,"ASC2_child",0,-3.28646186051881e-10,0
1,1.5,0.5,43,"ASC3_male",-1.2,-0.908717633952952,1
1,1.5,0.5,43,"ASC3_age",0,-0.0109027563187415,0
1,1.5,0.5,43,"ASC3_income",0,0.0046109012875484,0
1,1.5,0.5,43,"ASC3_child",0,-0.00896975111160756,0
1,1.5,0.5,43,"prot25_male",1,0.791132701142496,1
1,1.5,0.5,43,"prot25_age",0.5,0.413688070061641,0
1,1.5,0.5,43,"prot25_income",0.9,0.584434661536048,1
1,1.5,0.5,43,"prot25_child",1,0.576387760251189,1
1,1.5,0.5,43,"prot50_male",-0.2,-0.049219046526444,0
1,1.5,0.5,43,"prot50_age",0,-0.000358387782928246,0
1,1.5,0.5,43,"prot50_income",-0.3,-0.232823461878966,0
1,1.5,0.5,43,"prot50_child",0.6,0.260103845881135,0
1,1.5,0.5,43,"invasive_male",0,-3.16893316363001e-09,0
1,1.5,0.5,43,"invasive_age",0,-0.00446788632526037,0
1,1.5,0.5,43,"invasive_income",1,0.738357746776982,1
1,1.5,0.5,43,"invasive_child",0,-1.84824871862364e-09,0
1,1.5,0.5,44,"ASC2_male",0.9,0.545284922042117,1
1,1.5,0.5,44,"ASC2_age",1.2,0.787643066882373,1
1,1.5,0.5,44,"ASC2_income",0,-0.0961066979472945,0
1,1.5,0.5,44,"ASC2_child",0,0.00516043827674971,0
1,1.5,0.5,44,"ASC3_male",0.9,0.588283528126253,1
1,1.5,0.5,44,"ASC3_age",0,0.0285054347101933,0
1,1.5,0.5,44,"ASC3_income",-0.5,-0.381494061353665,0
1,1.5,0.5,44,"ASC3_child",-1.1,-0.558511842989306,1
1,1.5,0.5,44,"prot25_male",-1.1,-0.823636444303577,1
1,1.5,0.5,44,"prot25_age",0,0.00237367156608852,0
1,1.5,0.5,44,"prot25_income",0,0.00167778208118624,0
1,1.5,0.5,44,"prot25_child",0.9,0.504758471583986,1
1,1.5,0.5,44,"prot50_male",0,-0.107125423388526,0
1,1.5,0.5,44,"prot50_age",-1.2,-0.778540868970109,1
1,1.5,0.5,44,"prot50_income",-0.5,-0.326477493459006,0
1,1.5,0.5,44,"prot50_child",0,-0.044398064227655,0
1,1.5,0.5,44,"invasive_male",-0.8,-0.634384785359894,1
1,1.5,0.5,44,"invasive_age",0,2.01117353976452e-10,0
1,1.5,0.5,44,"invasive_income",0,-0.0846949725891754,0
1,1.5,0.5,44,"invasive_child",0,0.115213382459126,0
1,1.5,0.5,45,"ASC2_male",-0.6,-0.257648583151924,0
1,1.5,0.5,45,"ASC2_age",0,-0.128309633657806,0
1,1.5,0.5,45,"ASC2_income",0,-0.0634811638871061,0
1,1.5,0.5,45,"ASC2_child",0.2,0.126704128732876,0
1,1.5,0.5,45,"ASC3_male",-0.7,-0.433958694855637,0
1,1.5,0.5,45,"ASC3_age",0,-0.123855011986721,0
1,1.5,0.5,45,"ASC3_income",0,7.49761951829878e-06,0
1,1.5,0.5,45,"ASC3_child",-0.1,-0.144616736522422,0
1,1.5,0.5,45,"prot25_male",0,-0.0793657794461934,0
1,1.5,0.5,45,"prot25_age",-0.8,-0.407818845072485,0
1,1.5,0.5,45,"prot25_income",0,0.0409004058054259,0
1,1.5,0.5,45,"prot25_child",0.4,0.302991414162184,0
1,1.5,0.5,45,"prot50_male",0,0.000893408520561193,0
1,1.5,0.5,45,"prot50_age",1.2,0.86401539547039,1
1,1.5,0.5,45,"prot50_income",0,0.0146214651632383,0
1,1.5,0.5,45,"prot50_child",-0.2,-0.0185589824702076,0
1,1.5,0.5,45,"invasive_male",-1,-0.58924550258252,1
1,1.5,0.5,45,"invasive_age",0,7.78609226084542e-09,0
1,1.5,0.5,45,"invasive_income",-0.3,-0.198143961425206,0
1,1.5,0.5,45,"invasive_child",0,0.0140647481385464,0
1,1.5,0.5,46,"ASC2_male",-0.3,-0.325438257311853,0
1,1.5,0.5,46,"ASC2_age",0,0.0316765068718832,0
1,1.5,0.5,46,"ASC2_income",-0.4,-0.317297053680061,0
1,1.5,0.5,46,"ASC2_child",0,-2.57315511554987e-07,0
1,1.5,0.5,46,"ASC3_male",0,-0.0104831645943488,0
1,1.5,0.5,46,"ASC3_age",0,0.0541914258440446,0
1,1.5,0.5,46,"ASC3_income",0,-0.0499763634095582,0
1,1.5,0.5,46,"ASC3_child",0,1.54685996129896e-07,0
1,1.5,0.5,46,"prot25_male",0,-3.0731648523265e-10,0
1,1.5,0.5,46,"prot25_age",0.9,0.510004409477095,1
1,1.5,0.5,46,"prot25_income",0.4,0.307815656419702,0
1,1.5,0.5,46,"prot25_child",0.5,0.300582655008449,0
1,1.5,0.5,46,"prot50_male",0.7,0.342166972815219,0
1,1.5,0.5,46,"prot50_age",0.5,0.306621346611435,0
1,1.5,0.5,46,"prot50_income",-0.5,-0.317928995853351,0
1,1.5,0.5,46,"prot50_child",0.7,0.258216134688663,0
1,1.5,0.5,46,"invasive_male",0,-3.72009924168045e-07,0
1,1.5,0.5,46,"invasive_age",0,0.0201018857834245,0
1,1.5,0.5,46,"invasive_income",0,-0.0170128163534356,0
1,1.5,0.5,46,"invasive_child",0.6,0.259749825204853,0
1,1.5,0.5,47,"ASC2_male",0,-2.93141216981093e-06,0
1,1.5,0.5,47,"ASC2_age",0,-0.0604972116981233,0
1,1.5,0.5,47,"ASC2_income",-0.7,-0.459905963329207,0
1,1.5,0.5,47,"ASC2_child",0.9,0.603340943124356,1
1,1.5,0.5,47,"ASC3_male",0,-0.0902428222967752,0
1,1.5,0.5,47,"ASC3_age",1,0.656990288880402,1
1,1.5,0.5,47,"ASC3_income",0,0.0468446430958909,0
1,1.5,0.5,47,"ASC3_child",0,5.08316823065621e-07,0
1,1.5,0.5,47,"prot25_male",1.2,0.719224561299119,1
1,1.5,0.5,47,"prot25_age",1,0.704351866563483,1
1,1.5,0.5,47,"prot25_income",0,1.85632148091687e-07,0
1,1.5,0.5,47,"prot25_child",0.5,0.264222910668296,0
1,1.5,0.5,47,"prot50_male",-0.1,0.00647397081063061,0
1,1.5,0.5,47,"prot50_age",0,-1.71099560161789e-07,0
1,1.5,0.5,47,"prot50_income",1,0.595289945961054,1
1,1.5,0.5,47,"prot50_child",0,0.0147524202973161,0
1,1.5,0.5,47,"invasive_male",0,-9.82341903092401e-10,0
1,1.5,0.5,47,"invasive_age",0,-0.0320455528613452,0
1,1.5,0.5,47,"invasive_income",-0.3,-0.0947745456673095,0
1,1.5,0.5,47,"invasive_child",-0.9,-0.647696493767282,1
1,1.5,0.5,48,"ASC2_male",0.3,0.0759652459129069,0
1,1.5,0.5,48,"ASC2_age",0,7.60381957246167e-08,0
1,1.5,0.5,48,"ASC2_income",-1.1,-0.714073578284995,1
1,1.5,0.5,48,"ASC2_child",0,-0.0515744255800337,0
1,1.5,0.5,48,"ASC3_male",0,-0.0353605626538049,0
1,1.5,0.5,48,"ASC3_age",1,0.586282354126719,1
1,1.5,0.5,48,"ASC3_income",0.7,0.381101107963218,0
1,1.5,0.5,48,"ASC3_child",0.9,0.469129193306677,0
1,1.5,0.5,48,"prot25_male",1,0.655451909374494,1
1,1.5,0.5,48,"prot25_age",0,3.23695558940727e-08,0
1,1.5,0.5,48,"prot25_income",0.2,0.0854067670145792,0
1,1.5,0.5,48,"prot25_child",0,1.69331717603749e-06,0
1,1.5,0.5,48,"prot50_male",-0.7,-0.159186469856228,0
1,1.5,0.5,48,"prot50_age",0,-4.88199604966132e-09,0
1,1.5,0.5,48,"prot50_income",0,-0.00461730364506502,0
1,1.5,0.5,48,"prot50_child",0.1,0.126060513383654,0
1,1.5,0.5,48,"invasive_male",0,5.15700526986662e-08,0
1,1.5,0.5,48,"invasive_age",0,0.0223064643457476,0
1,1.5,0.5,48,"invasive_income",0.6,0.294100283569747,0
1,1.5,0.5,48,"invasive_child",0,-0.0132367466146073,0
1,1.5,0.5,49,"ASC2_male",0,-1.03661818945684e-08,0
1,1.5,0.5,49,"ASC2_age",0.6,0.279813764901745,0
1,1.5,0.5,49,"ASC2_income",0,0.0261754409732086,0
1,1.5,0.5,49,"ASC2_child",0.6,0.298315776335871,0
1,1.5,0.5,49,"ASC3_male",0,-0.0577106207925555,0
1,1.5,0.5,49,"ASC3_age",0.5,0.261376944146864,0
1,1.5,0.5,49,"ASC3_income",-0.2,-0.186627172057578,0
1,1.5,0.5,49,"ASC3_child",0,-0.17242460935416,0
1,1.5,0.5,49,"prot25_male",1,0.599649108051638,1
1,1.5,0.5,49,"prot25_age",0,0.0450877591237137,0
1,1.5,0.5,49,"prot25_income",0.8,0.536655678657785,1
1,1.5,0.5,49,"prot25_child",-1,-0.581708415917913,1
1,1.5,0.5,49,"prot50_male",0,-0.0472542420642963,0
1,1.5,0.5,49,"prot50_age",0.7,0.518663406553956,1
1,1.5,0.5,49,"prot50_income",0,-0.0237682988455926,0
1,1.5,0.5,49,"prot50_child",-1,-0.470584812594512,0
1,1.5,0.5,49,"invasive_male",-0.2,-0.125412472377713,0
1,1.5,0.5,49,"invasive_age",0,0.0152367833282479,0
1,1.5,0.5,49,"invasive_income",0,-0.0153500328308362,0
1,1.5,0.5,49,"invasive_child",0,-0.0693799020027032,0
1,1.5,0.5,50,"ASC2_male",0,-0.0477567869431503,0
1,1.5,0.5,50,"ASC2_age",0,-0.0504065093693382,0
1,1.5,0.5,50,"ASC2_income",0.4,0.246888122094834,0
1,1.5,0.5,50,"ASC2_child",0.1,-0.00827389075433443,0
1,1.5,0.5,50,"ASC3_male",0,-0.0327642121769447,0
1,1.5,0.5,50,"ASC3_age",0,-0.0299261241519055,0
1,1.5,0.5,50,"ASC3_income",0,-0.060777847739784,0
1,1.5,0.5,50,"ASC3_child",-0.2,-0.152320758268709,0
1,1.5,0.5,50,"prot25_male",-0.4,-0.241851996465311,0
1,1.5,0.5,50,"prot25_age",1.2,0.78592129855535,1
1,1.5,0.5,50,"prot25_income",-0.6,-0.384000137380297,0
1,1.5,0.5,50,"prot25_child",0,-0.034976195962919,0
1,1.5,0.5,50,"prot50_male",1,0.669147118487728,1
1,1.5,0.5,50,"prot50_age",-0.3,-0.123890023417198,0
1,1.5,0.5,50,"prot50_income",0,-1.67716546734158e-06,0
1,1.5,0.5,50,"prot50_child",0,0.0327848080516395,0
1,1.5,0.5,50,"invasive_male",-1,-0.690628062266887,1
1,1.5,0.5,50,"invasive_age",0.4,0.272358670621131,0
1,1.5,0.5,50,"invasive_income",0,-0.0246038650451754,0
1,1.5,0.5,50,"invasive_child",0,-0.00999273396935947,0
1,1.5,0.5,51,"ASC2_male",1.1,0.574930245547043,1
1,1.5,0.5,51,"ASC2_age",0,0.00773245844813278,0
1,1.5,0.5,51,"ASC2_income",-0.5,-0.345078801032894,0
1,1.5,0.5,51,"ASC2_child",0,-0.0603154905119629,0
1,1.5,0.5,51,"ASC3_male",0,-0.130586294870034,0
1,1.5,0.5,51,"ASC3_age",-1,-0.660131444972863,1
1,1.5,0.5,51,"ASC3_income",-0.5,-0.325680139270165,0
1,1.5,0.5,51,"ASC3_child",0,-3.81082299545353e-08,0
1,1.5,0.5,51,"prot25_male",0,0.0466411497378667,0
1,1.5,0.5,51,"prot25_age",-0.8,-0.517629437443357,1
1,1.5,0.5,51,"prot25_income",0.9,0.598959077060897,1
1,1.5,0.5,51,"prot25_child",0.8,0.653654948718269,1
1,1.5,0.5,51,"prot50_male",-1,-0.586259771390676,1
1,1.5,0.5,51,"prot50_age",0,-0.00871508908896351,0
1,1.5,0.5,51,"prot50_income",0,0.0237946153379049,0
1,1.5,0.5,51,"prot50_child",0,-0.0327101899295905,0
1,1.5,0.5,51,"invasive_male",0.9,0.619955956538927,1
1,1.5,0.5,51,"invasive_age",0,-0.0340752084093104,0
1,1.5,0.5,51,"invasive_income",-0.4,-0.31369294437355,0
1,1.5,0.5,51,"invasive_child",0,-0.00954671929553957,0
1,1.5,0.5,52,"ASC2_male",0,-0.157985348068148,0
1,1.5,0.5,52,"ASC2_age",0.8,0.527762459463235,1
1,1.5,0.5,52,"ASC2_income",0,0.0850185353093016,0
1,1.5,0.5,52,"ASC2_child",0,-1.01721516865663e-08,0
1,1.5,0.5,52,"ASC3_male",1.1,0.557601652787834,1
1,1.5,0.5,52,"ASC3_age",0,0.0433536508428435,0
1,1.5,0.5,52,"ASC3_income",0.2,0.169908939857012,0
1,1.5,0.5,52,"ASC3_child",0,0.03474030245685,0
1,1.5,0.5,52,"prot25_male",-0.9,-0.409560465524966,0
1,1.5,0.5,52,"prot25_age",1.1,0.678853921020477,1
1,1.5,0.5,52,"prot25_income",0,-0.0321588436580603,0
1,1.5,0.5,52,"prot25_child",-1.1,-0.716674418265439,1
1,1.5,0.5,52,"prot50_male",0,0.263209337342345,0
1,1.5,0.5,52,"prot50_age",0,4.93880597322789e-12,0
1,1.5,0.5,52,"prot50_income",0.9,0.507943946339308,1
1,1.5,0.5,52,"prot50_child",-0.2,1.11944282370158e-07,0
1,1.5,0.5,52,"invasive_male",0.2,0.217254998305898,0
1,1.5,0.5,52,"invasive_age",0,-0.0243675895629404,0
1,1.5,0.5,52,"invasive_income",-0.9,-0.519135957759421,1
1,1.5,0.5,52,"invasive_child",0,-0.0298740165362873,0
1,1.5,0.5,53,"ASC2_male",0,-3.16626103685891e-09,0
1,1.5,0.5,53,"ASC2_age",0,-0.106183613410625,0
1,1.5,0.5,53,"ASC2_income",-0.7,-0.449785535095176,0
1,1.5,0.5,53,"ASC2_child",0.7,0.341122668082019,0
1,1.5,0.5,53,"ASC3_male",0,-0.0431707441081362,0
1,1.5,0.5,53,"ASC3_age",-0.4,-0.336770756810044,0
1,1.5,0.5,53,"ASC3_income",0,0.0656134164164566,0
1,1.5,0.5,53,"ASC3_child",0,0.000402910010356298,0
1,1.5,0.5,53,"prot25_male",-1.1,-0.754507546630043,1
1,1.5,0.5,53,"prot25_age",-0.4,-0.158841521983418,0
1,1.5,0.5,53,"prot25_income",0,-0.0611533083238235,0
1,1.5,0.5,53,"prot25_child",0,0.00150878428827279,0
1,1.5,0.5,53,"prot50_male",0,0.0614524047548025,0
1,1.5,0.5,53,"prot50_age",0.4,0.321436680295067,0
1,1.5,0.5,53,"prot50_income",0,-0.0304282891574235,0
1,1.5,0.5,53,"prot50_child",0,-0.0110355789471882,0
1,1.5,0.5,53,"invasive_male",-1.1,-0.57285900947678,1
1,1.5,0.5,53,"invasive_age",0.4,0.142775935785034,0
1,1.5,0.5,53,"invasive_income",-0.4,-0.294681502282305,0
1,1.5,0.5,53,"invasive_child",0.5,0.25575251238034,0
1,1.5,0.5,54,"ASC2_male",-1,-0.467808411731805,0
1,1.5,0.5,54,"ASC2_age",0.5,0.314054302765111,0
1,1.5,0.5,54,"ASC2_income",0,0.000300745942628334,0
1,1.5,0.5,54,"ASC2_child",0.2,0.0803027715086669,0
1,1.5,0.5,54,"ASC3_male",0.5,0.438491394878213,0
1,1.5,0.5,54,"ASC3_age",-0.2,-0.109789159327435,0
1,1.5,0.5,54,"ASC3_income",0,-0.00164978627596128,0
1,1.5,0.5,54,"ASC3_child",0,0.0102695366145984,0
1,1.5,0.5,54,"prot25_male",0,-0.00349377669736901,0
1,1.5,0.5,54,"prot25_age",0,-0.00518898220228442,0
1,1.5,0.5,54,"prot25_income",0.3,0.181748737804523,0
1,1.5,0.5,54,"prot25_child",0,0.0419714260146317,0
1,1.5,0.5,54,"prot50_male",0,0.0426151293923804,0
1,1.5,0.5,54,"prot50_age",0.9,0.592110388235086,1
1,1.5,0.5,54,"prot50_income",0,-0.00730668232698299,0
1,1.5,0.5,54,"prot50_child",-0.4,-0.283399424771048,0
1,1.5,0.5,54,"invasive_male",0,0.168230729185732,0
1,1.5,0.5,54,"invasive_age",0.9,0.575432877022764,1
1,1.5,0.5,54,"invasive_income",-0.4,-0.242246175535118,0
1,1.5,0.5,54,"invasive_child",0,-0.0203417670131111,0
1,1.5,0.5,55,"ASC2_male",0.9,0.559341985127989,1
1,1.5,0.5,55,"ASC2_age",0,-0.0712106221426823,0
1,1.5,0.5,55,"ASC2_income",0,2.04882402357916e-06,0
1,1.5,0.5,55,"ASC2_child",0.9,0.517210425303009,1
1,1.5,0.5,55,"ASC3_male",0,-3.18247372981773e-08,0
1,1.5,0.5,55,"ASC3_age",0,-0.136955604488192,0
1,1.5,0.5,55,"ASC3_income",0,0.081452075340718,0
1,1.5,0.5,55,"ASC3_child",-1,-0.832385898448297,1
1,1.5,0.5,55,"prot25_male",-0.9,-0.456880122684572,0
1,1.5,0.5,55,"prot25_age",-0.6,-0.272880739894537,0
1,1.5,0.5,55,"prot25_income",0,-0.0783482386231731,0
1,1.5,0.5,55,"prot25_child",-0.3,0.0315208571027013,0
1,1.5,0.5,55,"prot50_male",-0.9,-0.394849717171071,0
1,1.5,0.5,55,"prot50_age",0,0.0255743031300595,0
1,1.5,0.5,55,"prot50_income",1.1,0.62364633621758,1
1,1.5,0.5,55,"prot50_child",0,0.149598516326266,0
1,1.5,0.5,55,"invasive_male",0.8,0.512129849401723,1
1,1.5,0.5,55,"invasive_age",-0.8,-0.552641901412963,1
1,1.5,0.5,55,"invasive_income",0,-0.0678583589940758,0
1,1.5,0.5,55,"invasive_child",0,0.0527867310882355,0
1,1.5,0.5,56,"ASC2_male",0,-7.16125940815119e-09,0
1,1.5,0.5,56,"ASC2_age",1.1,0.754330262755518,1
1,1.5,0.5,56,"ASC2_income",0,0.00216985321058157,0
1,1.5,0.5,56,"ASC2_child",0,0.116205599185237,0
1,1.5,0.5,56,"ASC3_male",0,0.00625790691595472,0
1,1.5,0.5,56,"ASC3_age",-1,-0.662109653185706,1
1,1.5,0.5,56,"ASC3_income",0.8,0.485353970462912,0
1,1.5,0.5,56,"ASC3_child",0,-1.6259883068458e-08,0
1,1.5,0.5,56,"prot25_male",0,-3.23787108455658e-08,0
1,1.5,0.5,56,"prot25_age",0.9,0.552124516136043,1
1,1.5,0.5,56,"prot25_income",0,-0.0206117762779824,0
1,1.5,0.5,56,"prot25_child",0,0.0611050724113343,0
1,1.5,0.5,56,"prot50_male",0.5,0.336987935314025,0
1,1.5,0.5,56,"prot50_age",0,-0.0394233597432731,0
1,1.5,0.5,56,"prot50_income",-0.8,-0.570485194783643,1
1,1.5,0.5,56,"prot50_child",-0.4,-0.170279416911325,0
1,1.5,0.5,56,"invasive_male",0,-0.0279037672452111,0
1,1.5,0.5,56,"invasive_age",0.7,0.452974338100053,0
1,1.5,0.5,56,"invasive_income",1.1,0.713441399997358,1
1,1.5,0.5,56,"invasive_child",0.3,0.23655937343695,0
1,1.5,0.5,57,"ASC2_male",0,-0.111234684394393,0
1,1.5,0.5,57,"ASC2_age",0,-0.0614090912071734,0
1,1.5,0.5,57,"ASC2_income",1,0.744662681737128,1
1,1.5,0.5,57,"ASC2_child",1.1,0.627129716970781,1
1,1.5,0.5,57,"ASC3_male",0,0.035288107267051,0
1,1.5,0.5,57,"ASC3_age",0.9,0.5766758638938,1
1,1.5,0.5,57,"ASC3_income",0,0.0651763051321938,0
1,1.5,0.5,57,"ASC3_child",0,-0.0497714956021898,0
1,1.5,0.5,57,"prot25_male",0.1,0.134744949289563,0
1,1.5,0.5,57,"prot25_age",0,0.0173426243358748,0
1,1.5,0.5,57,"prot25_income",0,-0.0272738931969041,0
1,1.5,0.5,57,"prot25_child",-0.4,-0.216860193149511,0
1,1.5,0.5,57,"prot50_male",1,0.682841067642568,1
1,1.5,0.5,57,"prot50_age",-0.9,-0.542892695368865,1
1,1.5,0.5,57,"prot50_income",0,0.0115240161920554,0
1,1.5,0.5,57,"prot50_child",-0.2,-0.0676390190034382,0
1,1.5,0.5,57,"invasive_male",-0.4,-0.150172421367277,0
1,1.5,0.5,57,"invasive_age",1,0.643369803426219,1
1,1.5,0.5,57,"invasive_income",0,0.0334712737219673,0
1,1.5,0.5,57,"invasive_child",0,-2.55122534239684e-09,0
1,1.5,0.5,58,"ASC2_male",0,-3.66001499298803e-08,0
1,1.5,0.5,58,"ASC2_age",-0.4,-0.234450765665995,0
1,1.5,0.5,58,"ASC2_income",1.1,0.696522370371815,1
1,1.5,0.5,58,"ASC2_child",0.4,0.196710609449277,0
1,1.5,0.5,58,"ASC3_male",0,-3.29013163159199e-09,0
1,1.5,0.5,58,"ASC3_age",-0.6,-0.305099135473443,0
1,1.5,0.5,58,"ASC3_income",0,0.0670662766170576,0
1,1.5,0.5,58,"ASC3_child",0,-0.0226806695687155,0
1,1.5,0.5,58,"prot25_male",0.2,0.0241419242703791,0
1,1.5,0.5,58,"prot25_age",0,0.0411656229670794,0
1,1.5,0.5,58,"prot25_income",0,0.0357442668822647,0
1,1.5,0.5,58,"prot25_child",-0.4,-0.12985141558275,0
1,1.5,0.5,58,"prot50_male",0.6,0.243621692067067,0
1,1.5,0.5,58,"prot50_age",0,-0.0254584620055339,0
1,1.5,0.5,58,"prot50_income",0,-2.81832490816623e-09,0
1,1.5,0.5,58,"prot50_child",-0.7,-0.247654549586693,0
1,1.5,0.5,58,"invasive_male",-1,-0.624773859060708,1
1,1.5,0.5,58,"invasive_age",0.8,0.519570033303976,1
1,1.5,0.5,58,"invasive_income",0,0.0619626234922521,0
1,1.5,0.5,58,"invasive_child",0,2.311901222724e-09,0
1,1.5,0.5,59,"ASC2_male",1.2,0.747142166984133,1
1,1.5,0.5,59,"ASC2_age",1.1,0.657880857924947,1
1,1.5,0.5,59,"ASC2_income",0,-4.61664492470523e-09,0
1,1.5,0.5,59,"ASC2_child",0.2,0.0312745675643615,0
1,1.5,0.5,59,"ASC3_male",0,1.67138728399743e-08,0
1,1.5,0.5,59,"ASC3_age",1,0.61648357513895,1
1,1.5,0.5,59,"ASC3_income",0,0.0310259416744489,0
1,1.5,0.5,59,"ASC3_child",0,-0.0545869429222634,0
1,1.5,0.5,59,"prot25_male",0.3,0.133630595515161,0
1,1.5,0.5,59,"prot25_age",0,0.0730206200190505,0
1,1.5,0.5,59,"prot25_income",0.4,0.201179412271293,0
1,1.5,0.5,59,"prot25_child",0.3,0.208066389854927,0
1,1.5,0.5,59,"prot50_male",0,2.18477350393194e-09,0
1,1.5,0.5,59,"prot50_age",0,0.0190294874341907,0
1,1.5,0.5,59,"prot50_income",1,0.578718420528616,1
1,1.5,0.5,59,"prot50_child",0.9,0.575092867492655,1
1,1.5,0.5,59,"invasive_male",0,-2.22785086263287e-09,0
1,1.5,0.5,59,"invasive_age",0,-1.88023761464619e-09,0
1,1.5,0.5,59,"invasive_income",0,-0.0376662282872254,0
1,1.5,0.5,59,"invasive_child",-0.6,-0.409841072386119,0
1,1.5,0.5,60,"ASC2_male",-1,-0.608417369585977,1
1,1.5,0.5,60,"ASC2_age",-0.1,0.0335304115690487,0
1,1.5,0.5,60,"ASC2_income",0,0.0542552859326441,0
1,1.5,0.5,60,"ASC2_child",-0.4,-0.170024950604134,0
1,1.5,0.5,60,"ASC3_male",-1.1,-0.570355108536296,1
1,1.5,0.5,60,"ASC3_age",0,0.0572062312806538,0
1,1.5,0.5,60,"ASC3_income",0,0.0284248487494442,0
1,1.5,0.5,60,"ASC3_child",1.2,0.859829094343597,1
1,1.5,0.5,60,"prot25_male",-1.1,-0.731268281414637,1
1,1.5,0.5,60,"prot25_age",-0.8,-0.548607514072778,1
1,1.5,0.5,60,"prot25_income",0,-0.0525881703829261,0
1,1.5,0.5,60,"prot25_child",0,-0.208828375802437,0
1,1.5,0.5,60,"prot50_male",-0.4,-0.298942440397241,0
1,1.5,0.5,60,"prot50_age",0,-0.0166291539065587,0
1,1.5,0.5,60,"prot50_income",0,-0.044516335560238,0
1,1.5,0.5,60,"prot50_child",0,-0.144455636515147,0
1,1.5,0.5,60,"invasive_male",1.1,0.754752669168306,1
1,1.5,0.5,60,"invasive_age",0,0.0835574167873629,0
1,1.5,0.5,60,"invasive_income",0,0.0458539041694875,0
1,1.5,0.5,60,"invasive_child",-0.4,-0.270669242313107,0
1,1.5,0.5,61,"ASC2_male",-0.6,-0.56811057553308,1
1,1.5,0.5,61,"ASC2_age",0,0.0141531264519335,0
1,1.5,0.5,61,"ASC2_income",0.3,0.205631853430381,0
1,1.5,0.5,61,"ASC2_child",0.8,0.36002516672728,0
1,1.5,0.5,61,"ASC3_male",0.5,0.11027202249903,0
1,1.5,0.5,61,"ASC3_age",0,-1.35785327624899e-07,0
1,1.5,0.5,61,"ASC3_income",0,6.14916480726935e-09,0
1,1.5,0.5,61,"ASC3_child",0,-0.129098082000269,0
1,1.5,0.5,61,"prot25_male",0,0.0448623792446918,0
1,1.5,0.5,61,"prot25_age",-0.6,-0.38222736611259,0
1,1.5,0.5,61,"prot25_income",0,0.019163013293729,0
1,1.5,0.5,61,"prot25_child",0,-9.2234267889795e-07,0
1,1.5,0.5,61,"prot50_male",0,-3.01672035081862e-09,0
1,1.5,0.5,61,"prot50_age",-0.4,-0.245894646078678,0
1,1.5,0.5,61,"prot50_income",0,0.0224838013222125,0
1,1.5,0.5,61,"prot50_child",-0.7,-0.469836976930012,0
1,1.5,0.5,61,"invasive_male",0,-0.141091259442225,0
1,1.5,0.5,61,"invasive_age",1.1,0.66845580858816,1
1,1.5,0.5,61,"invasive_income",1,0.617754232270623,1
1,1.5,0.5,61,"invasive_child",0.5,0.328402145223572,0
1,1.5,0.5,62,"ASC2_male",0,-0.166782863965874,0
1,1.5,0.5,62,"ASC2_age",-1,-0.641236395296957,1
1,1.5,0.5,62,"ASC2_income",-0.6,-0.311770836616746,0
1,1.5,0.5,62,"ASC2_child",0,-1.02000877415615e-09,0
1,1.5,0.5,62,"ASC3_male",0,-0.175130727174244,0
1,1.5,0.5,62,"ASC3_age",0,0.0234221163609143,0
1,1.5,0.5,62,"ASC3_income",0.3,0.234239636180704,0
1,1.5,0.5,62,"ASC3_child",-0.1,-0.0441388246508326,0
1,1.5,0.5,62,"prot25_male",0,0.0779082352985099,0
1,1.5,0.5,62,"prot25_age",-0.9,-0.608307845647513,1
1,1.5,0.5,62,"prot25_income",0.5,0.220869853817063,0
1,1.5,0.5,62,"prot25_child",0.5,0.271452963240434,0
1,1.5,0.5,62,"prot50_male",-0.8,-0.521482928708925,1
1,1.5,0.5,62,"prot50_age",0,-0.113258730825412,0
1,1.5,0.5,62,"prot50_income",0,-0.0207457953125581,0
1,1.5,0.5,62,"prot50_child",1.2,0.690333898687793,1
1,1.5,0.5,62,"invasive_male",0.3,8.3289764548532e-06,0
1,1.5,0.5,62,"invasive_age",0,-0.0426150510774615,0
1,1.5,0.5,62,"invasive_income",0,0.0696043248702203,0
1,1.5,0.5,62,"invasive_child",0,0.00842201898948669,0
1,1.5,0.5,63,"ASC2_male",0.9,0.303891776806526,0
1,1.5,0.5,63,"ASC2_age",-0.1,0.0988767602360175,0
1,1.5,0.5,63,"ASC2_income",0,-5.05981977092018e-08,0
1,1.5,0.5,63,"ASC2_child",0.1,1.77218312894625e-07,0
1,1.5,0.5,63,"ASC3_male",0.4,1.81654496574276e-06,0
1,1.5,0.5,63,"ASC3_age",-0.7,-0.312673099679786,0
1,1.5,0.5,63,"ASC3_income",0,-1.30999474893979e-08,0
1,1.5,0.5,63,"ASC3_child",0,5.5623532290847e-07,0
1,1.5,0.5,63,"prot25_male",0,0.0900357650940174,0
1,1.5,0.5,63,"prot25_age",0,-0.0528102931287772,0
1,1.5,0.5,63,"prot25_income",-0.2,-0.126991132333931,0
1,1.5,0.5,63,"prot25_child",0,-3.73616484318716e-11,0
1,1.5,0.5,63,"prot50_male",0,0.00220015290080281,0
1,1.5,0.5,63,"prot50_age",1,0.610273618140549,1
1,1.5,0.5,63,"prot50_income",0,-1.80796029141625e-08,0
1,1.5,0.5,63,"prot50_child",-0.2,2.53395489759616e-07,0
1,1.5,0.5,63,"invasive_male",0,-0.0790720238948062,0
1,1.5,0.5,63,"invasive_age",-0.5,-0.242204495108051,0
1,1.5,0.5,63,"invasive_income",0,-1.747496861192e-07,0
1,1.5,0.5,63,"invasive_child",-0.6,-0.361943618122205,0
1,1.5,0.5,64,"ASC2_male",0,-0.00125029021929786,0
1,1.5,0.5,64,"ASC2_age",0,-7.52373701794113e-09,0
1,1.5,0.5,64,"ASC2_income",1.1,0.636020307741665,1
1,1.5,0.5,64,"ASC2_child",0.5,0.264248884233789,0
1,1.5,0.5,64,"ASC3_male",0,-2.57234456317869e-07,0
1,1.5,0.5,64,"ASC3_age",0,-1.62758596565171e-07,0
1,1.5,0.5,64,"ASC3_income",1.1,0.579337888739212,1
1,1.5,0.5,64,"ASC3_child",0,-6.37980982181415e-09,0
1,1.5,0.5,64,"prot25_male",0,-1.12785801527212e-08,0
1,1.5,0.5,64,"prot25_age",-1.1,-0.720297199836639,1
1,1.5,0.5,64,"prot25_income",-0.7,-0.401908827304603,0
1,1.5,0.5,64,"prot25_child",-0.8,-0.443053595976547,0
1,1.5,0.5,64,"prot50_male",0,-6.86913066621787e-09,0
1,1.5,0.5,64,"prot50_age",0.9,0.53183559685927,1
1,1.5,0.5,64,"prot50_income",-0.5,-0.253624359042224,0
1,1.5,0.5,64,"prot50_child",0,0.0687856717039074,0
1,1.5,0.5,64,"invasive_male",0,0.118400512908445,0
1,1.5,0.5,64,"invasive_age",-1.1,-0.699954339386453,1
1,1.5,0.5,64,"invasive_income",0.3,0.133045605728769,0
1,1.5,0.5,64,"invasive_child",0,-0.00470873049500884,0
1,1.5,0.5,65,"ASC2_male",0,-5.11173156676262e-05,0
1,1.5,0.5,65,"ASC2_age",0,-0.0436607566681611,0
1,1.5,0.5,65,"ASC2_income",-0.7,-0.398489941324116,0
1,1.5,0.5,65,"ASC2_child",0,-8.53134640258709e-09,0
1,1.5,0.5,65,"ASC3_male",0,-0.0575211061082267,0
1,1.5,0.5,65,"ASC3_age",-0.9,-0.604168920035362,1
1,1.5,0.5,65,"ASC3_income",0,0.0386726458689303,0
1,1.5,0.5,65,"ASC3_child",0,-0.137385392278371,0
1,1.5,0.5,65,"prot25_male",0.1,0.0934066979587453,0
1,1.5,0.5,65,"prot25_age",-0.8,-0.423951596777525,0
1,1.5,0.5,65,"prot25_income",0.9,0.508204276933666,1
1,1.5,0.5,65,"prot25_child",0,0.111399942049404,0
1,1.5,0.5,65,"prot50_male",0.8,0.577866512982787,1
1,1.5,0.5,65,"prot50_age",1.1,0.762973898735253,1
1,1.5,0.5,65,"prot50_income",-1,-0.725490082765839,1
1,1.5,0.5,65,"prot50_child",-1.2,-0.55199170812625,1
1,1.5,0.5,65,"invasive_male",0,-0.0358137476008459,0
1,1.5,0.5,65,"invasive_age",0,0.0223739354370556,0
1,1.5,0.5,65,"invasive_income",-1,-0.623862124981596,1
1,1.5,0.5,65,"invasive_child",0,0.0318922717818682,0
1,1.5,0.5,66,"ASC2_male",0.9,0.583881965455544,1
1,1.5,0.5,66,"ASC2_age",0.9,0.667889492587538,1
1,1.5,0.5,66,"ASC2_income",0,0.068705965722365,0
1,1.5,0.5,66,"ASC2_child",0,0.204758517342896,0
1,1.5,0.5,66,"ASC3_male",-0.6,-0.577236240168099,1
1,1.5,0.5,66,"ASC3_age",0,0.0767112751976296,0
1,1.5,0.5,66,"ASC3_income",-1.2,-0.779018809514763,1
1,1.5,0.5,66,"ASC3_child",0,0.10145225721037,0
1,1.5,0.5,66,"prot25_male",0,0.0259965697009841,0
1,1.5,0.5,66,"prot25_age",-0.4,-0.33100354651078,0
1,1.5,0.5,66,"prot25_income",-0.4,-0.390419757714651,0
1,1.5,0.5,66,"prot25_child",0,-0.207507558051414,0
1,1.5,0.5,66,"prot50_male",0,0.118306438944664,0
1,1.5,0.5,66,"prot50_age",0,-0.0834408941819207,0
1,1.5,0.5,66,"prot50_income",0.2,0.0797115667639891,0
1,1.5,0.5,66,"prot50_child",-0.7,-0.735375471757842,1
1,1.5,0.5,66,"invasive_male",0.5,0.21649715696817,0
1,1.5,0.5,66,"invasive_age",0.9,0.629274139168328,1
1,1.5,0.5,66,"invasive_income",0,-0.0268079433708346,0
1,1.5,0.5,66,"invasive_child",0,-0.100497855231849,0
1,1.5,0.5,67,"ASC2_male",0,2.27316102378964e-08,0
1,1.5,0.5,67,"ASC2_age",-1.1,-0.759605638370598,1
1,1.5,0.5,67,"ASC2_income",0.6,0.41465924480436,0
1,1.5,0.5,67,"ASC2_child",0.3,0.136145475765092,0
1,1.5,0.5,67,"ASC3_male",0,-0.0327030546462496,0
1,1.5,0.5,67,"ASC3_age",0,-0.0361640692771521,0
1,1.5,0.5,67,"ASC3_income",0.7,0.426939695320085,0
1,1.5,0.5,67,"ASC3_child",0,-0.00432170494899443,0
1,1.5,0.5,67,"prot25_male",0.9,0.634326920626409,1
1,1.5,0.5,67,"prot25_age",0.5,0.344461011603842,0
1,1.5,0.5,67,"prot25_income",-0.8,-0.61971284783455,1
1,1.5,0.5,67,"prot25_child",0,0.0907883738543841,0
1,1.5,0.5,67,"prot50_male",-0.7,-0.436775491520668,0
1,1.5,0.5,67,"prot50_age",0,0.0378320546228831,0
1,1.5,0.5,67,"prot50_income",-0.2,-0.14488570330453,0
1,1.5,0.5,67,"prot50_child",0,-8.67124166121117e-08,0
1,1.5,0.5,67,"invasive_male",0,-3.01523710004747e-08,0
1,1.5,0.5,67,"invasive_age",0,-0.0196296784419702,0
1,1.5,0.5,67,"invasive_income",0,0.0370175246217262,0
1,1.5,0.5,67,"invasive_child",0.9,0.482074941496225,0
1,1.5,0.5,68,"ASC2_male",0.3,0.0434036056552663,0
1,1.5,0.5,68,"ASC2_age",0.9,0.500143270756292,1
1,1.5,0.5,68,"ASC2_income",-1,-0.642700613947428,1
1,1.5,0.5,68,"ASC2_child",0.1,8.79707663373007e-07,0
1,1.5,0.5,68,"ASC3_male",0,-3.57980458724861e-08,0
1,1.5,0.5,68,"ASC3_age",0.7,0.335015912098581,0
1,1.5,0.5,68,"ASC3_income",0,-7.02564971415674e-09,0
1,1.5,0.5,68,"ASC3_child",-0.4,-0.323501924001697,0
1,1.5,0.5,68,"prot25_male",0,0.0999653651926425,0
1,1.5,0.5,68,"prot25_age",0,0.0457126362101094,0
1,1.5,0.5,68,"prot25_income",0,-4.33852235706085e-08,0
1,1.5,0.5,68,"prot25_child",-0.6,-0.224881081929985,0
1,1.5,0.5,68,"prot50_male",0,0.0877571612276673,0
1,1.5,0.5,68,"prot50_age",0.1,0.0117622711676801,0
1,1.5,0.5,68,"prot50_income",0,-4.48656445225765e-08,0
1,1.5,0.5,68,"prot50_child",0,4.25311734090212e-07,0
1,1.5,0.5,68,"invasive_male",0,-0.0771636886947379,0
1,1.5,0.5,68,"invasive_age",0,-0.148917994163983,0
1,1.5,0.5,68,"invasive_income",0.5,0.362638712327122,0
1,1.5,0.5,68,"invasive_child",0.3,0.0833210548286256,0
1,1.5,0.5,69,"ASC2_male",0,-0.126384178772549,0
1,1.5,0.5,69,"ASC2_age",0,-0.0958931320884072,0
1,1.5,0.5,69,"ASC2_income",-0.9,-0.487211651399809,0
1,1.5,0.5,69,"ASC2_child",0,6.60800847462254e-08,0
1,1.5,0.5,69,"ASC3_male",0.8,0.344971389804581,0
1,1.5,0.5,69,"ASC3_age",0,-0.0999792308413401,0
1,1.5,0.5,69,"ASC3_income",0,-6.61454507266614e-09,0
1,1.5,0.5,69,"ASC3_child",0,-1.89829371419965e-08,0
1,1.5,0.5,69,"prot25_male",-0.4,-0.116293985021589,0
1,1.5,0.5,69,"prot25_age",-0.8,-0.505632939621417,1
1,1.5,0.5,69,"prot25_income",0,-0.0305393482315547,0
1,1.5,0.5,69,"prot25_child",1.2,0.761044071465802,1
1,1.5,0.5,69,"prot50_male",0,0.0438499979922443,0
1,1.5,0.5,69,"prot50_age",-0.7,-0.472027689463724,0
1,1.5,0.5,69,"prot50_income",0,-7.53615019604309e-09,0
1,1.5,0.5,69,"prot50_child",-0.6,-0.333056168702159,0
1,1.5,0.5,69,"invasive_male",-1.1,-0.675418067023756,1
1,1.5,0.5,69,"invasive_age",0.5,0.268300356416971,0
1,1.5,0.5,69,"invasive_income",-0.9,-0.550985296783507,1
1,1.5,0.5,69,"invasive_child",0,-1.04735631148045e-08,0
1,1.5,0.5,70,"ASC2_male",0,-0.0990183363959668,0
1,1.5,0.5,70,"ASC2_age",-1,-0.696665662463597,1
1,1.5,0.5,70,"ASC2_income",1.2,0.619599261096493,1
1,1.5,0.5,70,"ASC2_child",0.3,0.115570767975256,0
1,1.5,0.5,70,"ASC3_male",0,2.35702487385172e-08,0
1,1.5,0.5,70,"ASC3_age",-0.9,-0.627825248164885,1
1,1.5,0.5,70,"ASC3_income",0,-0.209113221399446,0
1,1.5,0.5,70,"ASC3_child",0,-0.108944158291701,0
1,1.5,0.5,70,"prot25_male",0,0.0948887457076552,0
1,1.5,0.5,70,"prot25_age",0.2,0.201960319106757,0
1,1.5,0.5,70,"prot25_income",0,0.10781573350864,0
1,1.5,0.5,70,"prot25_child",-0.7,-0.28614716768761,0
1,1.5,0.5,70,"prot50_male",0,-0.0282888885345502,0
1,1.5,0.5,70,"prot50_age",0,0.0299393130819087,0
1,1.5,0.5,70,"prot50_income",-0.7,-0.371744135374773,0
1,1.5,0.5,70,"prot50_child",0,-7.20920093602615e-09,0
1,1.5,0.5,70,"invasive_male",-0.3,-0.249042207692478,0
1,1.5,0.5,70,"invasive_age",0,-3.42726735281567e-10,0
1,1.5,0.5,70,"invasive_income",-0.7,-0.503475244353508,1
1,1.5,0.5,70,"invasive_child",-0.6,-0.600203671358826,1
1,1.5,0.5,71,"ASC2_male",-1.1,-0.673827171457405,1
1,1.5,0.5,71,"ASC2_age",0,0.00639265189865916,0
1,1.5,0.5,71,"ASC2_income",0,-0.0407574004142331,0
1,1.5,0.5,71,"ASC2_child",-0.4,-0.306588023037196,0
1,1.5,0.5,71,"ASC3_male",0,-0.0428354944858027,0
1,1.5,0.5,71,"ASC3_age",0,-3.0895439604299e-08,0
1,1.5,0.5,71,"ASC3_income",-0.5,-0.319834204703819,0
1,1.5,0.5,71,"ASC3_child",-0.6,-0.44593508690931,0
1,1.5,0.5,71,"prot25_male",0,-8.54079639621096e-08,0
1,1.5,0.5,71,"prot25_age",0,-0.0362359288646889,0
1,1.5,0.5,71,"prot25_income",0,-0.0299946133496688,0
1,1.5,0.5,71,"prot25_child",0.2,0.0173566207197141,0
1,1.5,0.5,71,"prot50_male",-0.5,-0.416969650855094,0
1,1.5,0.5,71,"prot50_age",0.2,0.216505626407169,0
1,1.5,0.5,71,"prot50_income",-1.1,-0.769331244549164,1
1,1.5,0.5,71,"prot50_child",0,0.00404823918515366,0
1,1.5,0.5,71,"invasive_male",0.9,0.431714034759516,0
1,1.5,0.5,71,"invasive_age",1.2,0.843115359381943,1
1,1.5,0.5,71,"invasive_income",0,-0.0974163897445831,0
1,1.5,0.5,71,"invasive_child",0,1.05214401271838e-08,0
1,1.5,0.5,72,"ASC2_male",0,-4.51560063067053e-08,0
1,1.5,0.5,72,"ASC2_age",0,-0.0592821087820603,0
1,1.5,0.5,72,"ASC2_income",0.2,0.0674550558107555,0
1,1.5,0.5,72,"ASC2_child",0.1,0.0638309895482527,0
1,1.5,0.5,72,"ASC3_male",0,-0.0764462986085992,0
1,1.5,0.5,72,"ASC3_age",0.7,0.437391575577581,0
1,1.5,0.5,72,"ASC3_income",0,-0.0286388541525424,0
1,1.5,0.5,72,"ASC3_child",0,0.0511356329595528,0
1,1.5,0.5,72,"prot25_male",-0.2,-8.39018858752357e-09,0
1,1.5,0.5,72,"prot25_age",-1.1,-0.735813391216933,1
1,1.5,0.5,72,"prot25_income",0,-2.17233870538217e-08,0
1,1.5,0.5,72,"prot25_child",0,6.31989047289577e-11,0
1,1.5,0.5,72,"prot50_male",0.5,0.297631772494343,0
1,1.5,0.5,72,"prot50_age",0,-0.0258345861958316,0
1,1.5,0.5,72,"prot50_income",0,0.000666367925605826,0
1,1.5,0.5,72,"prot50_child",0.1,0.133447107338406,0
1,1.5,0.5,72,"invasive_male",0,-0.153745360161006,0
1,1.5,0.5,72,"invasive_age",0.3,0.182037628878894,0
1,1.5,0.5,72,"invasive_income",0.4,0.302973644108467,0
1,1.5,0.5,72,"invasive_child",-0.4,-0.288156393584665,0
1,1.5,0.5,73,"ASC2_male",0,-6.49832255202816e-09,0
1,1.5,0.5,73,"ASC2_age",0,0.230370757795325,0
1,1.5,0.5,73,"ASC2_income",0,-1.27239870101601e-12,0
1,1.5,0.5,73,"ASC2_child",0.9,0.529946961950948,1
1,1.5,0.5,73,"ASC3_male",0,-1.70056981822055e-08,0
1,1.5,0.5,73,"ASC3_age",-0.7,-0.219353449037003,0
1,1.5,0.5,73,"ASC3_income",0,1.28171012038682e-06,0
1,1.5,0.5,73,"ASC3_child",0,-3.4795312765683e-09,0
1,1.5,0.5,73,"prot25_male",-0.5,-0.281169858228835,0
1,1.5,0.5,73,"prot25_age",1,0.458132816450756,0
1,1.5,0.5,73,"prot25_income",0,-0.00127271447111465,0
1,1.5,0.5,73,"prot25_child",0,-9.20906692978373e-09,0
1,1.5,0.5,73,"prot50_male",0.6,0.342920150459408,0
1,1.5,0.5,73,"prot50_age",0.8,0.396433923653014,0
1,1.5,0.5,73,"prot50_income",1.2,0.781292367652964,1
1,1.5,0.5,73,"prot50_child",0.9,0.553664799440508,1
1,1.5,0.5,73,"invasive_male",0,-7.79907412072722e-08,0
1,1.5,0.5,73,"invasive_age",-1.2,-0.688945925502921,1
1,1.5,0.5,73,"invasive_income",0,-5.85201085901038e-09,0
1,1.5,0.5,73,"invasive_child",1.1,0.628157028997219,1
1,1.5,0.5,74,"ASC2_male",0,0.118533391114333,0
1,1.5,0.5,74,"ASC2_age",0,0.0606170157389974,0
1,1.5,0.5,74,"ASC2_income",-0.5,-0.353427908548135,0
1,1.5,0.5,74,"ASC2_child",0,-0.0661033070602321,0
1,1.5,0.5,74,"ASC3_male",0.2,0.314733621489438,0
1,1.5,0.5,74,"ASC3_age",0,0.0299898234715246,0
1,1.5,0.5,74,"ASC3_income",1,0.692384197271929,1
1,1.5,0.5,74,"ASC3_child",-0.8,-0.684573154051159,1
1,1.5,0.5,74,"prot25_male",-1.1,-0.821081915039365,1
1,1.5,0.5,74,"prot25_age",-0.7,-0.447003232697795,0
1,1.5,0.5,74,"prot25_income",0.8,0.49877183714337,0
1,1.5,0.5,74,"prot25_child",0,-1.38089934438127e-09,0
1,1.5,0.5,74,"prot50_male",0.5,0.35789282579373,0
1,1.5,0.5,74,"prot50_age",0,0.00889111403357226,0
1,1.5,0.5,74,"prot50_income",-0.2,-0.268684029221655,0
1,1.5,0.5,74,"prot50_child",0,0.136032853538499,0
1,1.5,0.5,74,"invasive_male",0,-0.0544883781790256,0
1,1.5,0.5,74,"invasive_age",0,0.0727831502669804,0
1,1.5,0.5,74,"invasive_income",0,-0.00267153796127734,0
1,1.5,0.5,74,"invasive_child",1.1,0.660017866854594,1
1,1.5,0.5,75,"ASC2_male",0,-0.0643153462616496,0
1,1.5,0.5,75,"ASC2_age",0,-0.0100599578505985,0
1,1.5,0.5,75,"ASC2_income",-0.1,-0.0148516341868225,0
1,1.5,0.5,75,"ASC2_child",0,-8.83130065304814e-09,0
1,1.5,0.5,75,"ASC3_male",0,0.00568772309888334,0
1,1.5,0.5,75,"ASC3_age",-0.8,-0.52319320535673,1
1,1.5,0.5,75,"ASC3_income",0,-3.03643664445454e-08,0
1,1.5,0.5,75,"ASC3_child",0.3,0.160442199970995,0
1,1.5,0.5,75,"prot25_male",0,0.0242599609821219,0
1,1.5,0.5,75,"prot25_age",0,-1.03464603233923e-08,0
1,1.5,0.5,75,"prot25_income",-0.5,-0.320351887433341,0
1,1.5,0.5,75,"prot25_child",0.6,0.279570960184472,0
1,1.5,0.5,75,"prot50_male",0,0.0864350038183245,0
1,1.5,0.5,75,"prot50_age",0,0.00308297438852247,0
1,1.5,0.5,75,"prot50_income",-0.5,-0.345036820212705,0
1,1.5,0.5,75,"prot50_child",0,-4.4266309585704e-10,0
1,1.5,0.5,75,"invasive_male",-0.9,-0.655483609228388,1
1,1.5,0.5,75,"invasive_age",-0.1,-0.126121955295744,0
1,1.5,0.5,75,"invasive_income",1.1,0.773719141332869,1
1,1.5,0.5,75,"invasive_child",0.1,0.0143110458462397,0
1,1.5,0.5,76,"ASC2_male",0,-0.194847249722395,0
1,1.5,0.5,76,"ASC2_age",-0.8,-0.503145364067226,1
1,1.5,0.5,76,"ASC2_income",-0.8,-0.443611226870546,0
1,1.5,0.5,76,"ASC2_child",0,-0.00304480650187496,0
1,1.5,0.5,76,"ASC3_male",1,0.345414762738722,0
1,1.5,0.5,76,"ASC3_age",0.2,0.134995937719156,0
1,1.5,0.5,76,"ASC3_income",0.7,0.485162456180064,0
1,1.5,0.5,76,"ASC3_child",0,0.0231576580252014,0
1,1.5,0.5,76,"prot25_male",1,0.872991227013528,1
1,1.5,0.5,76,"prot25_age",-0.4,-0.23782942861599,0
1,1.5,0.5,76,"prot25_income",0,-7.57209761306467e-09,0
1,1.5,0.5,76,"prot25_child",0,-0.010366300512049,0
1,1.5,0.5,76,"prot50_male",-1.1,-0.41999167304433,0
1,1.5,0.5,76,"prot50_age",0,-2.08881788986442e-09,0
1,1.5,0.5,76,"prot50_income",0,-6.43650837245529e-09,0
1,1.5,0.5,76,"prot50_child",0,-2.12216338119019e-09,0
1,1.5,0.5,76,"invasive_male",0.5,0.273099271019258,0
1,1.5,0.5,76,"invasive_age",0,-6.07051923309825e-10,0
1,1.5,0.5,76,"invasive_income",0,-4.46975299127571e-09,0
1,1.5,0.5,76,"invasive_child",-1.2,-0.598998859799487,1
1,1.5,0.5,77,"ASC2_male",0.4,0.19207156157274,0
1,1.5,0.5,77,"ASC2_age",0,0.0745206844654848,0
1,1.5,0.5,77,"ASC2_income",0,0.0876338098744888,0
1,1.5,0.5,77,"ASC2_child",-1.1,-0.763459049130817,1
1,1.5,0.5,77,"ASC3_male",0,-0.185861557500264,0
1,1.5,0.5,77,"ASC3_age",0,0.0876752606126222,0
1,1.5,0.5,77,"ASC3_income",-1.1,-0.642811807765002,1
1,1.5,0.5,77,"ASC3_child",0.7,0.452585230139394,0
1,1.5,0.5,77,"prot25_male",-0.1,-3.91728413612222e-08,0
1,1.5,0.5,77,"prot25_age",0,-0.0567500817813979,0
1,1.5,0.5,77,"prot25_income",0.8,0.414062284267405,0
1,1.5,0.5,77,"prot25_child",-0.7,-0.361241362937419,0
1,1.5,0.5,77,"prot50_male",0,0.121066487554233,0
1,1.5,0.5,77,"prot50_age",0.4,0.277880983229873,0
1,1.5,0.5,77,"prot50_income",0.8,0.458742817598166,0
1,1.5,0.5,77,"prot50_child",0,0.0398972139968179,0
1,1.5,0.5,77,"invasive_male",0,4.48893480419466e-07,0
1,1.5,0.5,77,"invasive_age",0,0.000334028088908978,0
1,1.5,0.5,77,"invasive_income",0,0.0094742504295564,0
1,1.5,0.5,77,"invasive_child",0.9,0.540493282405076,1
1,1.5,0.5,78,"ASC2_male",-0.6,-0.50484430566978,1
1,1.5,0.5,78,"ASC2_age",0,0.0287000711079604,0
1,1.5,0.5,78,"ASC2_income",0,-0.0450175096529736,0
1,1.5,0.5,78,"ASC2_child",0,-0.0489946020676736,0
1,1.5,0.5,78,"ASC3_male",-1.2,-0.765589997100447,1
1,1.5,0.5,78,"ASC3_age",-0.7,-0.456551950311527,0
1,1.5,0.5,78,"ASC3_income",0,-0.0238763728127183,0
1,1.5,0.5,78,"ASC3_child",0.8,0.448796822679293,0
1,1.5,0.5,78,"prot25_male",0.4,0.182003198013645,0
1,1.5,0.5,78,"prot25_age",0,-0.0136990148968764,0
1,1.5,0.5,78,"prot25_income",0,0.00690124096992517,0
1,1.5,0.5,78,"prot25_child",-1.2,-0.785844005929115,1
1,1.5,0.5,78,"prot50_male",0,-1.66719564627229e-07,0
1,1.5,0.5,78,"prot50_age",0.5,0.322796142775019,0
1,1.5,0.5,78,"prot50_income",0.1,0.0344779855065648,0
1,1.5,0.5,78,"prot50_child",0.2,0.0724966411898277,0
1,1.5,0.5,78,"invasive_male",0,0.000937959434008084,0
1,1.5,0.5,78,"invasive_age",0,-0.0386158204291806,0
1,1.5,0.5,78,"invasive_income",0,-0.0812052981098007,0
1,1.5,0.5,78,"invasive_child",0.9,0.402391594804745,0
1,1.5,0.5,79,"ASC2_male",0,0.0572854571842688,0
1,1.5,0.5,79,"ASC2_age",0,-0.0096293550403693,0
1,1.5,0.5,79,"ASC2_income",0.2,0.230091878969587,0
1,1.5,0.5,79,"ASC2_child",0,-0.102365597702781,0
1,1.5,0.5,79,"ASC3_male",0,0.0334062186479777,0
1,1.5,0.5,79,"ASC3_age",-0.6,-0.424044841770365,0
1,1.5,0.5,79,"ASC3_income",-1,-0.573306584545253,1
1,1.5,0.5,79,"ASC3_child",0.7,0.360193166468097,0
1,1.5,0.5,79,"prot25_male",0,0.0083493194660953,0
1,1.5,0.5,79,"prot25_age",-1,-0.688146626326684,1
1,1.5,0.5,79,"prot25_income",0,-0.0941657561065206,0
1,1.5,0.5,79,"prot25_child",0,0.0488586504244677,0
1,1.5,0.5,79,"prot50_male",-1.1,-0.717641534841086,1
1,1.5,0.5,79,"prot50_age",-1.1,-0.770974637170008,1
1,1.5,0.5,79,"prot50_income",0.9,0.539771220709834,1
1,1.5,0.5,79,"prot50_child",0.4,0.241488183670862,0
1,1.5,0.5,79,"invasive_male",-0.4,-0.277715884654673,0
1,1.5,0.5,79,"invasive_age",0,1.04481593075766e-09,0
1,1.5,0.5,79,"invasive_income",0,1.63464965833359e-07,0
1,1.5,0.5,79,"invasive_child",0,-0.0723107659599292,0
1,1.5,0.5,80,"ASC2_male",-0.3,-0.143241994042746,0
1,1.5,0.5,80,"ASC2_age",0,-0.0955912592180778,0
1,1.5,0.5,80,"ASC2_income",0.9,0.670213796395048,1
1,1.5,0.5,80,"ASC2_child",-1,-0.651750526043824,1
1,1.5,0.5,80,"ASC3_male",0,-0.0465996344792472,0
1,1.5,0.5,80,"ASC3_age",-0.6,-0.457600745265788,0
1,1.5,0.5,80,"ASC3_income",0,0.0652439164415832,0
1,1.5,0.5,80,"ASC3_child",0,-4.87889497632318e-09,0
1,1.5,0.5,80,"prot25_male",0,0.0365060281811859,0
1,1.5,0.5,80,"prot25_age",0.8,0.558631544206504,1
1,1.5,0.5,80,"prot25_income",0.1,0.0394440326514754,0
1,1.5,0.5,80,"prot25_child",0,-7.12195112435917e-08,0
1,1.5,0.5,80,"prot50_male",0,0.0205548843895731,0
1,1.5,0.5,80,"prot50_age",0,0.00404083918486794,0
1,1.5,0.5,80,"prot50_income",0.7,0.411065172887473,0
1,1.5,0.5,80,"prot50_child",0,0.110984264967171,0
1,1.5,0.5,80,"invasive_male",0,1.15625330219085e-07,0
1,1.5,0.5,80,"invasive_age",-0.8,-0.558820871916824,1
1,1.5,0.5,80,"invasive_income",-0.7,-0.46829396140124,0
1,1.5,0.5,80,"invasive_child",0.7,0.477922517617466,0
1,1.5,0.5,81,"ASC2_male",0,-0.0389295142482357,0
1,1.5,0.5,81,"ASC2_age",-1.1,-0.708265508617072,1
1,1.5,0.5,81,"ASC2_income",0.1,0.104834952411589,0
1,1.5,0.5,81,"ASC2_child",0.8,0.465907514814292,0
1,1.5,0.5,81,"ASC3_male",0,-0.0465193328909934,0
1,1.5,0.5,81,"ASC3_age",0,0.0350895254555052,0
1,1.5,0.5,81,"ASC3_income",-0.8,-0.465336431281,0
1,1.5,0.5,81,"ASC3_child",0,-2.74891173926564e-06,0
1,1.5,0.5,81,"prot25_male",0,6.82268919800229e-07,0
1,1.5,0.5,81,"prot25_age",-0.3,-0.233123154518657,0
1,1.5,0.5,81,"prot25_income",0.1,-1.82193625102759e-06,0
1,1.5,0.5,81,"prot25_child",0.2,0.21042136894245,0
1,1.5,0.5,81,"prot50_male",0,-0.0223072135194176,0
1,1.5,0.5,81,"prot50_age",0.4,0.250032129568932,0
1,1.5,0.5,81,"prot50_income",-0.3,-0.234846353403125,0
1,1.5,0.5,81,"prot50_child",0,0.064041033567571,0
1,1.5,0.5,81,"invasive_male",0,-1.60548863286286e-09,0
1,1.5,0.5,81,"invasive_age",0,-0.0113536256653641,0
1,1.5,0.5,81,"invasive_income",-0.5,-0.309913797785342,0
1,1.5,0.5,81,"invasive_child",0,5.3487346474645e-06,0
1,1.5,0.5,82,"ASC2_male",0.9,0.49903626188531,0
1,1.5,0.5,82,"ASC2_age",-0.6,-0.41392557683024,0
1,1.5,0.5,82,"ASC2_income",1.1,0.69693770140471,1
1,1.5,0.5,82,"ASC2_child",-0.9,-0.448766327842368,0
1,1.5,0.5,82,"ASC3_male",0,1.43454706242824e-10,0
1,1.5,0.5,82,"ASC3_age",0,-0.0284983269042147,0
1,1.5,0.5,82,"ASC3_income",0,-0.0485469180922915,0
1,1.5,0.5,82,"ASC3_child",0.3,0.330105795700689,0
1,1.5,0.5,82,"prot25_male",0,0.073437729495065,0
1,1.5,0.5,82,"prot25_age",0,0.0171302918698026,0
1,1.5,0.5,82,"prot25_income",0,0.0205550207544141,0
1,1.5,0.5,82,"prot25_child",1.1,0.625135739937528,1
1,1.5,0.5,82,"prot50_male",-0.4,-0.264565291179861,0
1,1.5,0.5,82,"prot50_age",0,-0.0198958321432102,0
1,1.5,0.5,82,"prot50_income",-0.5,-0.31205440229889,0
1,1.5,0.5,82,"prot50_child",0,-0.106768185656586,0
1,1.5,0.5,82,"invasive_male",0,0.0196968332732331,0
1,1.5,0.5,82,"invasive_age",-1.1,-0.722582918806359,1
1,1.5,0.5,82,"invasive_income",0,-0.0811224174998772,0
1,1.5,0.5,82,"invasive_child",0.4,0.406901181994373,0
1,1.5,0.5,83,"ASC2_male",0.9,0.412975189223691,0
1,1.5,0.5,83,"ASC2_age",0,0.0472455708522852,0
1,1.5,0.5,83,"ASC2_income",-0.9,-0.579951763524281,1
1,1.5,0.5,83,"ASC2_child",-0.8,-0.442710170848836,0
1,1.5,0.5,83,"ASC3_male",0.9,0.512304783009366,1
1,1.5,0.5,83,"ASC3_age",0,-5.04850874488939e-09,0
1,1.5,0.5,83,"ASC3_income",0,-0.0187297797499309,0
1,1.5,0.5,83,"ASC3_child",0,0.0475781964668106,0
1,1.5,0.5,83,"prot25_male",1,0.612093205288726,1
1,1.5,0.5,83,"prot25_age",1.2,0.761393473147856,1
1,1.5,0.5,83,"prot25_income",-0.2,-0.127315259862545,0
1,1.5,0.5,83,"prot25_child",0,-8.93465840756045e-10,0
1,1.5,0.5,83,"prot50_male",0,5.71501999201035e-08,0
1,1.5,0.5,83,"prot50_age",0,-0.00223261910616942,0
1,1.5,0.5,83,"prot50_income",-0.2,-0.0785428864500457,0
1,1.5,0.5,83,"prot50_child",0,-7.28281717058833e-08,0
1,1.5,0.5,83,"invasive_male",0,-0.0799047964073235,0
1,1.5,0.5,83,"invasive_age",-0.8,-0.462565473307762,0
1,1.5,0.5,83,"invasive_income",-0.9,-0.527491433132242,1
1,1.5,0.5,83,"invasive_child",0,-1.57132138434604e-07,0
1,1.5,0.5,84,"ASC2_male",0,0.0382065733625851,0
1,1.5,0.5,84,"ASC2_age",0,-2.23004248446764e-09,0
1,1.5,0.5,84,"ASC2_income",0.4,0.253627288968586,0
1,1.5,0.5,84,"ASC2_child",-0.9,-0.71762375682878,1
1,1.5,0.5,84,"ASC3_male",-0.2,-0.039828104575495,0
1,1.5,0.5,84,"ASC3_age",0.6,0.404943193753455,0
1,1.5,0.5,84,"ASC3_income",0.4,0.266335493538472,0
1,1.5,0.5,84,"ASC3_child",-0.6,-0.502764343012344,1
1,1.5,0.5,84,"prot25_male",0,-0.0339058838277106,0
1,1.5,0.5,84,"prot25_age",0,2.10385164834684e-06,0
1,1.5,0.5,84,"prot25_income",0.2,0.15862815859949,0
1,1.5,0.5,84,"prot25_child",-0.7,-0.366641810476928,0
1,1.5,0.5,84,"prot50_male",0,7.4282265429603e-09,0
1,1.5,0.5,84,"prot50_age",0,-2.06081703186465e-07,0
1,1.5,0.5,84,"prot50_income",0,0.00411161652444541,0
1,1.5,0.5,84,"prot50_child",-0.9,-0.35385179507074,0
1,1.5,0.5,84,"invasive_male",-1.1,-0.552786722060967,1
1,1.5,0.5,84,"invasive_age",0,-0.0324916241354229,0
1,1.5,0.5,84,"invasive_income",0,-0.039060296788252,0
1,1.5,0.5,84,"invasive_child",0,0.0422087773758215,0
1,1.5,0.5,85,"ASC2_male",0.9,0.686345375047352,1
1,1.5,0.5,85,"ASC2_age",0,0.0377610356781971,0
1,1.5,0.5,85,"ASC2_income",0.4,0.235259172800754,0
1,1.5,0.5,85,"ASC2_child",0,-0.163054034457972,0
1,1.5,0.5,85,"ASC3_male",0,-0.0269893671048103,0
1,1.5,0.5,85,"ASC3_age",0.5,0.387077345363434,0
1,1.5,0.5,85,"ASC3_income",0.9,0.59933542623921,1
1,1.5,0.5,85,"ASC3_child",0.4,0.0803037967697156,0
1,1.5,0.5,85,"prot25_male",0,-0.07838621917441,0
1,1.5,0.5,85,"prot25_age",-0.3,-0.211805234168518,0
1,1.5,0.5,85,"prot25_income",0.7,0.52126763193004,1
1,1.5,0.5,85,"prot25_child",0,0.0809193830311982,0
1,1.5,0.5,85,"prot50_male",0,-0.0418799179279927,0
1,1.5,0.5,85,"prot50_age",-0.8,-0.541109693908229,1
1,1.5,0.5,85,"prot50_income",-0.7,-0.406071697370619,0
1,1.5,0.5,85,"prot50_child",0,-0.0290081125424516,0
1,1.5,0.5,85,"invasive_male",0,-0.0206273168259026,0
1,1.5,0.5,85,"invasive_age",0,0.0134726579620768,0
1,1.5,0.5,85,"invasive_income",0,0.0287302714610038,0
1,1.5,0.5,85,"invasive_child",0.6,0.292321265475803,0
1,1.5,0.5,86,"ASC2_male",0,8.93550728638228e-05,0
1,1.5,0.5,86,"ASC2_age",-0.6,-0.37697665846895,0
1,1.5,0.5,86,"ASC2_income",0.7,0.279847750625975,0
1,1.5,0.5,86,"ASC2_child",0,0.0689163061461924,0
1,1.5,0.5,86,"ASC3_male",0,-0.0447282517309863,0
1,1.5,0.5,86,"ASC3_age",0,-0.0237076573964347,0
1,1.5,0.5,86,"ASC3_income",1.2,0.641047332136413,1
1,1.5,0.5,86,"ASC3_child",0,-9.92481380230301e-09,0
1,1.5,0.5,86,"prot25_male",-0.7,-0.361423204314333,0
1,1.5,0.5,86,"prot25_age",-1,-0.735823440565484,1
1,1.5,0.5,86,"prot25_income",0,-0.00286736268832532,0
1,1.5,0.5,86,"prot25_child",0.9,0.498591711796619,0
1,1.5,0.5,86,"prot50_male",1,0.788946678908992,1
1,1.5,0.5,86,"prot50_age",0,-0.00591883308471538,0
1,1.5,0.5,86,"prot50_income",0,0.0480243367296239,0
1,1.5,0.5,86,"prot50_child",-1,-0.67157024718973,1
1,1.5,0.5,86,"invasive_male",0,0.00895567232832413,0
1,1.5,0.5,86,"invasive_age",1,0.673566721290387,1
1,1.5,0.5,86,"invasive_income",0,-7.76985403856365e-09,0
1,1.5,0.5,86,"invasive_child",0.3,0.225352946759009,0
1,1.5,0.5,87,"ASC2_male",-0.3,-0.205865842375541,0
1,1.5,0.5,87,"ASC2_age",0.1,0.00270092721848688,0
1,1.5,0.5,87,"ASC2_income",-0.2,-0.107040375741057,0
1,1.5,0.5,87,"ASC2_child",0,-0.0161335877577749,0
1,1.5,0.5,87,"ASC3_male",0,-1.31548104353051e-08,0
1,1.5,0.5,87,"ASC3_age",0,-0.0685997923426808,0
1,1.5,0.5,87,"ASC3_income",0.3,0.20570904066149,0
1,1.5,0.5,87,"ASC3_child",0.7,0.456175112984062,0
1,1.5,0.5,87,"prot25_male",0,0.0179784170844559,0
1,1.5,0.5,87,"prot25_age",0,0.0448505566635924,0
1,1.5,0.5,87,"prot25_income",0.5,0.317935321001616,0
1,1.5,0.5,87,"prot25_child",0,0.155606771208124,0
1,1.5,0.5,87,"prot50_male",0,-0.00155000586762371,0
1,1.5,0.5,87,"prot50_age",1,0.721012324649093,1
1,1.5,0.5,87,"prot50_income",1.1,0.731827916754201,1
1,1.5,0.5,87,"prot50_child",-0.7,-0.483731583594097,0
1,1.5,0.5,87,"invasive_male",0,-0.0728091198000853,0
1,1.5,0.5,87,"invasive_age",-1.1,-0.747744231384808,1
1,1.5,0.5,87,"invasive_income",0,-0.00811379427431193,0
1,1.5,0.5,87,"invasive_child",0,-9.18772471395364e-08,0
1,1.5,0.5,88,"ASC2_male",0,1.62745248151583e-09,0
1,1.5,0.5,88,"ASC2_age",0.5,0.299751692640788,0
1,1.5,0.5,88,"ASC2_income",-1,-0.757538615103358,1
1,1.5,0.5,88,"ASC2_child",0,-0.168219863549648,0
1,1.5,0.5,88,"ASC3_male",0,-4.4824145734574e-08,0
1,1.5,0.5,88,"ASC3_age",0,0.00238981542801324,0
1,1.5,0.5,88,"ASC3_income",-0.6,-0.407713155611659,0
1,1.5,0.5,88,"ASC3_child",1.1,0.628373453177002,1
1,1.5,0.5,88,"prot25_male",0.8,0.600961415439659,1
1,1.5,0.5,88,"prot25_age",0.3,0.21972472726335,0
1,1.5,0.5,88,"prot25_income",-0.5,-0.299671606286646,0
1,1.5,0.5,88,"prot25_child",-1,-0.547106738808738,1
1,1.5,0.5,88,"prot50_male",-0.2,-0.021320503714947,0
1,1.5,0.5,88,"prot50_age",0,0.0138105565890969,0
1,1.5,0.5,88,"prot50_income",-0.3,-0.19933171926172,0
1,1.5,0.5,88,"prot50_child",0,-4.49275839054792e-10,0
1,1.5,0.5,88,"invasive_male",0,0.00083082815060055,0
1,1.5,0.5,88,"invasive_age",0,-2.35563939810393e-08,0
1,1.5,0.5,88,"invasive_income",0,-1.81500769397629e-08,0
1,1.5,0.5,88,"invasive_child",0,-2.33375154250894e-09,0
1,1.5,0.5,89,"ASC2_male",0,-0.00427316557248798,0
1,1.5,0.5,89,"ASC2_age",0.3,0.124906413494311,0
1,1.5,0.5,89,"ASC2_income",0,0.0141682399141701,0
1,1.5,0.5,89,"ASC2_child",0,-2.15130514311407e-05,0
1,1.5,0.5,89,"ASC3_male",0,0.0423295331530354,0
1,1.5,0.5,89,"ASC3_age",0.8,0.432675560063685,0
1,1.5,0.5,89,"ASC3_income",0,-1.39338944958908e-08,0
1,1.5,0.5,89,"ASC3_child",1,0.546433932916013,1
1,1.5,0.5,89,"prot25_male",0.7,0.438050338900612,0
1,1.5,0.5,89,"prot25_age",0,0.0939973020814873,0
1,1.5,0.5,89,"prot25_income",0,-0.00720905840128474,0
1,1.5,0.5,89,"prot25_child",-0.2,-3.05781920615319e-09,0
1,1.5,0.5,89,"prot50_male",-0.6,-0.590787622670126,1
1,1.5,0.5,89,"prot50_age",0.2,0.208471131255514,0
1,1.5,0.5,89,"prot50_income",0.1,0.0322967376850338,0
1,1.5,0.5,89,"prot50_child",0,2.7116991309717e-09,0
1,1.5,0.5,89,"invasive_male",0,-0.0964634077096794,0
1,1.5,0.5,89,"invasive_age",0,-0.0174547449062939,0
1,1.5,0.5,89,"invasive_income",0.7,0.482557616307018,0
1,1.5,0.5,89,"invasive_child",0.6,0.33755285734967,0
1,1.5,0.5,90,"ASC2_male",0,-0.0699012549706919,0
1,1.5,0.5,90,"ASC2_age",0.5,0.313241214257057,0
1,1.5,0.5,90,"ASC2_income",0.8,0.742320220425021,1
1,1.5,0.5,90,"ASC2_child",0.3,0.0061098709759766,0
1,1.5,0.5,90,"ASC3_male",0,3.92406263814975e-08,0
1,1.5,0.5,90,"ASC3_age",0.3,0.151364888413822,0
1,1.5,0.5,90,"ASC3_income",-1.1,-0.640537496123285,1
1,1.5,0.5,90,"ASC3_child",0,-0.201131383697539,0
1,1.5,0.5,90,"prot25_male",0,0.0965829125470739,0
1,1.5,0.5,90,"prot25_age",1.2,0.856755212915255,1
1,1.5,0.5,90,"prot25_income",0.4,0.244739046443711,0
1,1.5,0.5,90,"prot25_child",0,0.147961209160206,0
1,1.5,0.5,90,"prot50_male",-0.8,-0.415391200793617,0
1,1.5,0.5,90,"prot50_age",0.4,0.304362261686573,0
1,1.5,0.5,90,"prot50_income",-0.1,-0.183302904411509,0
1,1.5,0.5,90,"prot50_child",0,0.198887470820058,0
1,1.5,0.5,90,"invasive_male",0,-0.0808426001012613,0
1,1.5,0.5,90,"invasive_age",0,-0.0246536962952293,0
1,1.5,0.5,90,"invasive_income",0,0.0500355651786059,0
1,1.5,0.5,90,"invasive_child",0,-0.0432277925727776,0
1,1.5,0.5,91,"ASC2_male",0,0.00679430461988959,0
1,1.5,0.5,91,"ASC2_age",-0.4,-0.301183195775246,0
1,1.5,0.5,91,"ASC2_income",0.3,0.236068833895195,0
1,1.5,0.5,91,"ASC2_child",-0.2,-0.317860078889262,0
1,1.5,0.5,91,"ASC3_male",0,0.0438199942022816,0
1,1.5,0.5,91,"ASC3_age",0.2,0.105401083800911,0
1,1.5,0.5,91,"ASC3_income",-0.3,-0.195587944904276,0
1,1.5,0.5,91,"ASC3_child",-0.8,-0.71208150633946,1
1,1.5,0.5,91,"prot25_male",0,-0.0237794902732867,0
1,1.5,0.5,91,"prot25_age",0,-0.0861323249371593,0
1,1.5,0.5,91,"prot25_income",0.8,0.534679330429124,1
1,1.5,0.5,91,"prot25_child",0,0.0358224680645805,0
1,1.5,0.5,91,"prot50_male",0.3,0.128375256170244,0
1,1.5,0.5,91,"prot50_age",0,-0.0578207781381729,0
1,1.5,0.5,91,"prot50_income",0,0.0675961771050926,0
1,1.5,0.5,91,"prot50_child",0,-0.142628850351469,0
1,1.5,0.5,91,"invasive_male",0,-0.0647091514127597,0
1,1.5,0.5,91,"invasive_age",-0.2,-0.230878116546997,0
1,1.5,0.5,91,"invasive_income",-0.5,-0.308467731293828,0
1,1.5,0.5,91,"invasive_child",0,-0.294177219995693,0
1,1.5,0.5,92,"ASC2_male",-0.5,-0.418500965884171,0
1,1.5,0.5,92,"ASC2_age",1,0.628255709597757,1
1,1.5,0.5,92,"ASC2_income",0,0.0204574946544812,0
1,1.5,0.5,92,"ASC2_child",0,-0.298576494398535,0
1,1.5,0.5,92,"ASC3_male",0,-0.0521113018265702,0
1,1.5,0.5,92,"ASC3_age",0,-0.0389530799248488,0
1,1.5,0.5,92,"ASC3_income",0,0.0378403571298731,0
1,1.5,0.5,92,"ASC3_child",0.3,0.052099335767286,0
1,1.5,0.5,92,"prot25_male",-1.1,-0.750452200409879,1
1,1.5,0.5,92,"prot25_age",0,0.0791400822569169,0
1,1.5,0.5,92,"prot25_income",-1.2,-0.913382110516049,1
1,1.5,0.5,92,"prot25_child",0,0.138287877400375,0
1,1.5,0.5,92,"prot50_male",-0.4,-0.205385439134207,0
1,1.5,0.5,92,"prot50_age",-0.6,-0.384780649005831,0
1,1.5,0.5,92,"prot50_income",0,-0.0286210630929251,0
1,1.5,0.5,92,"prot50_child",0.8,0.701958583543707,1
1,1.5,0.5,92,"invasive_male",0,-0.00504971419108453,0
1,1.5,0.5,92,"invasive_age",0,-0.0314817705578813,0
1,1.5,0.5,92,"invasive_income",0.7,0.500312090654529,1
1,1.5,0.5,92,"invasive_child",0.9,0.490407661178379,0
1,1.5,0.5,93,"ASC2_male",0,-0.0164632253218122,0
1,1.5,0.5,93,"ASC2_age",-0.9,-0.470143731711533,0
1,1.5,0.5,93,"ASC2_income",0,6.84312602730541e-08,0
1,1.5,0.5,93,"ASC2_child",-0.4,-0.14770784151207,0
1,1.5,0.5,93,"ASC3_male",0,-0.0768353299494689,0
1,1.5,0.5,93,"ASC3_age",-1.1,-0.626617422919435,1
1,1.5,0.5,93,"ASC3_income",0,-0.00724532915808069,0
1,1.5,0.5,93,"ASC3_child",-1,-0.51939845909401,1
1,1.5,0.5,93,"prot25_male",0,5.60671677463282e-05,0
1,1.5,0.5,93,"prot25_age",0,-0.0660813649687157,0
1,1.5,0.5,93,"prot25_income",0.4,0.21466921451543,0
1,1.5,0.5,93,"prot25_child",1.1,0.68937652709338,1
1,1.5,0.5,93,"prot50_male",0,0.0161522858194664,0
1,1.5,0.5,93,"prot50_age",0.2,0.0504432074744889,0
1,1.5,0.5,93,"prot50_income",1.2,0.761462628570329,1
1,1.5,0.5,93,"prot50_child",-1.1,-0.710257264101703,1
1,1.5,0.5,93,"invasive_male",0,-0.105462931130266,0
1,1.5,0.5,93,"invasive_age",0,0.060595031389459,0
1,1.5,0.5,93,"invasive_income",0,3.06199015980298e-07,0
1,1.5,0.5,93,"invasive_child",-0.2,-0.0949225200952046,0
1,1.5,0.5,94,"ASC2_male",-0.2,-0.000525152172910426,0
1,1.5,0.5,94,"ASC2_age",0,-0.0248047816189539,0
1,1.5,0.5,94,"ASC2_income",-0.2,-0.00795850766383122,0
1,1.5,0.5,94,"ASC2_child",0.3,0.184772272828452,0
1,1.5,0.5,94,"ASC3_male",-0.1,0.0111302662615407,0
1,1.5,0.5,94,"ASC3_age",0,0.0290464337938264,0
1,1.5,0.5,94,"ASC3_income",-1.2,-0.725687051847448,1
1,1.5,0.5,94,"ASC3_child",-0.5,-0.287632563880124,0
1,1.5,0.5,94,"prot25_male",0,-0.141715952799858,0
1,1.5,0.5,94,"prot25_age",0,0.0110660983748038,0
1,1.5,0.5,94,"prot25_income",0,-0.0848170176084811,0
1,1.5,0.5,94,"prot25_child",0,9.99643806099463e-12,0
1,1.5,0.5,94,"prot50_male",0,-0.158224217884745,0
1,1.5,0.5,94,"prot50_age",0,0.0470609429852808,0
1,1.5,0.5,94,"prot50_income",-0.6,-0.438303597621531,0
1,1.5,0.5,94,"prot50_child",0,0.0317206994621488,0
1,1.5,0.5,94,"invasive_male",0,-0.00217998624039069,0
1,1.5,0.5,94,"invasive_age",1,0.690114701444572,1
1,1.5,0.5,94,"invasive_income",0.8,0.558464361633694,1
1,1.5,0.5,94,"invasive_child",0.6,0.274235264257299,0
1,1.5,0.5,95,"ASC2_male",-0.4,-0.140955089904792,0
1,1.5,0.5,95,"ASC2_age",-0.5,-0.276182432048717,0
1,1.5,0.5,95,"ASC2_income",0,0.00987917114342094,0
1,1.5,0.5,95,"ASC2_child",-0.7,-0.242280867216722,0
1,1.5,0.5,95,"ASC3_male",-1.1,-0.585507465915946,1
1,1.5,0.5,95,"ASC3_age",0,-0.0143783375747977,0
1,1.5,0.5,95,"ASC3_income",0,-0.00568825085416067,0
1,1.5,0.5,95,"ASC3_child",0,0.128343561169168,0
1,1.5,0.5,95,"prot25_male",-0.9,-0.68542474622486,1
1,1.5,0.5,95,"prot25_age",0,-0.0571864976125976,0
1,1.5,0.5,95,"prot25_income",0,-0.050132537596558,0
1,1.5,0.5,95,"prot25_child",0.5,0.0678767155406206,0
1,1.5,0.5,95,"prot50_male",0.3,0.123671353745792,0
1,1.5,0.5,95,"prot50_age",0.7,0.388855853306521,0
1,1.5,0.5,95,"prot50_income",0,-0.0427019738658619,0
1,1.5,0.5,95,"prot50_child",0.6,0.024243684782484,0
1,1.5,0.5,95,"invasive_male",0,0.126165482175178,0
1,1.5,0.5,95,"invasive_age",0,-0.028371673330957,0
1,1.5,0.5,95,"invasive_income",0,0.0352738360953288,0
1,1.5,0.5,95,"invasive_child",0.5,0.0846199672936464,0
1,1.5,0.5,96,"ASC2_male",-0.1,-0.0381087181977569,0
1,1.5,0.5,96,"ASC2_age",0.2,0.117409602511442,0
1,1.5,0.5,96,"ASC2_income",0,0.0264621301404754,0
1,1.5,0.5,96,"ASC2_child",-0.4,-0.19971277849513,0
1,1.5,0.5,96,"ASC3_male",0,-7.29134679007292e-09,0
1,1.5,0.5,96,"ASC3_age",0,-0.0577332255143321,0
1,1.5,0.5,96,"ASC3_income",-0.6,-0.395853652129194,0
1,1.5,0.5,96,"ASC3_child",0.6,0.41078199296605,0
1,1.5,0.5,96,"prot25_male",0.3,0.0312215226464172,0
1,1.5,0.5,96,"prot25_age",0,-9.81576104807804e-09,0
1,1.5,0.5,96,"prot25_income",0,0.0571247298849653,0
1,1.5,0.5,96,"prot25_child",-0.8,-0.58832123530732,1
1,1.5,0.5,96,"prot50_male",0.3,0.187495883517096,0
1,1.5,0.5,96,"prot50_age",1.2,0.844464809832672,1
1,1.5,0.5,96,"prot50_income",0,-3.87376045008462e-07,0
1,1.5,0.5,96,"prot50_child",0,-1.06447161160433e-08,0
1,1.5,0.5,96,"invasive_male",0,-4.50943063804015e-08,0
1,1.5,0.5,96,"invasive_age",0,0.00243245165186619,0
1,1.5,0.5,96,"invasive_income",0,0.0263595372150955,0
1,1.5,0.5,96,"invasive_child",0.6,0.541379756107514,1
1,1.5,0.5,97,"ASC2_male",0.8,0.570864368198131,1
1,1.5,0.5,97,"ASC2_age",0,0.0626475826503979,0
1,1.5,0.5,97,"ASC2_income",-1.1,-0.615117498249849,1
1,1.5,0.5,97,"ASC2_child",0.9,0.694341974745879,1
1,1.5,0.5,97,"ASC3_male",0.5,0.406806778457066,0
1,1.5,0.5,97,"ASC3_age",0,0.0720947321424817,0
1,1.5,0.5,97,"ASC3_income",0,0.0818324896819367,0
1,1.5,0.5,97,"ASC3_child",0,0.0573816437720571,0
1,1.5,0.5,97,"prot25_male",-0.4,-0.311655088068598,0
1,1.5,0.5,97,"prot25_age",0,-0.0293109929389912,0
1,1.5,0.5,97,"prot25_income",0,0.0115355068090958,0
1,1.5,0.5,97,"prot25_child",0,-4.94180011832395e-09,0
1,1.5,0.5,97,"prot50_male",0.4,0.166542198524444,0
1,1.5,0.5,97,"prot50_age",1.2,0.87620593498357,1
1,1.5,0.5,97,"prot50_income",-0.4,-0.270297386120641,0
1,1.5,0.5,97,"prot50_child",0.3,0.2760578307167,0
1,1.5,0.5,97,"invasive_male",0,-0.0737684395813445,0
1,1.5,0.5,97,"invasive_age",0,0.0806736607017685,0
1,1.5,0.5,97,"invasive_income",0,0.0678891911911397,0
1,1.5,0.5,97,"invasive_child",-0.8,-0.412792803042876,0
1,1.5,0.5,98,"ASC2_male",0,-0.0205891754189469,0
1,1.5,0.5,98,"ASC2_age",0.8,0.511036529650955,1
1,1.5,0.5,98,"ASC2_income",0,-0.00369822814301696,0
1,1.5,0.5,98,"ASC2_child",0.1,-0.153366123663503,0
1,1.5,0.5,98,"ASC3_male",1.2,0.768865533508971,1
1,1.5,0.5,98,"ASC3_age",-0.7,-0.42992187272648,0
1,1.5,0.5,98,"ASC3_income",-0.6,-0.462322833133372,0
1,1.5,0.5,98,"ASC3_child",-0.2,-0.168348030478909,0
1,1.5,0.5,98,"prot25_male",0,0.0201350577232782,0
1,1.5,0.5,98,"prot25_age",0,-0.00706568004454604,0
1,1.5,0.5,98,"prot25_income",0,0.0158498780423188,0
1,1.5,0.5,98,"prot25_child",0.7,0.588543859058315,1
1,1.5,0.5,98,"prot50_male",0.5,0.425767276709484,0
1,1.5,0.5,98,"prot50_age",-0.7,-0.491195273028167,0
1,1.5,0.5,98,"prot50_income",-1.2,-0.744157983173248,1
1,1.5,0.5,98,"prot50_child",0,0.165489707342104,0
1,1.5,0.5,98,"invasive_male",0,-0.0108083422061924,0
1,1.5,0.5,98,"invasive_age",0,-0.0201835105228555,0
1,1.5,0.5,98,"invasive_income",0,0.0606459263342348,0
1,1.5,0.5,98,"invasive_child",0,-0.0379532472539853,0
1,1.5,0.5,99,"ASC2_male",0.5,0.359797291749518,0
1,1.5,0.5,99,"ASC2_age",0,1.27525779026191e-07,0
1,1.5,0.5,99,"ASC2_income",0.7,0.422861074116608,0
1,1.5,0.5,99,"ASC2_child",1.1,0.580863746854665,1
1,1.5,0.5,99,"ASC3_male",0,-0.028178701469279,0
1,1.5,0.5,99,"ASC3_age",1.2,0.815778238629707,1
1,1.5,0.5,99,"ASC3_income",0,0.0433841083310553,0
1,1.5,0.5,99,"ASC3_child",0,-0.195750239851412,0
1,1.5,0.5,99,"prot25_male",0.3,0.217292147582097,0
1,1.5,0.5,99,"prot25_age",0.9,0.544877465196082,1
1,1.5,0.5,99,"prot25_income",0,0.0223298306765044,0
1,1.5,0.5,99,"prot25_child",0,8.36851015606144e-05,0
1,1.5,0.5,99,"prot50_male",0,-0.065910452249144,0
1,1.5,0.5,99,"prot50_age",0,-0.0579730245307023,0
1,1.5,0.5,99,"prot50_income",0,-0.039803692194843,0
1,1.5,0.5,99,"prot50_child",1.1,0.708690981045424,1
1,1.5,0.5,99,"invasive_male",0,0.015266157311387,0
1,1.5,0.5,99,"invasive_age",0.1,0.0607216563611089,0
1,1.5,0.5,99,"invasive_income",1.2,0.75507657018815,1
1,1.5,0.5,99,"invasive_child",1.2,0.495652236375964,0
1,1.5,0.5,100,"ASC2_male",0,-7.33485109065185e-09,0
1,1.5,0.5,100,"ASC2_age",0,-1.42350624555763e-09,0
1,1.5,0.5,100,"ASC2_income",-1,-0.505405016407408,1
1,1.5,0.5,100,"ASC2_child",0,-4.84334923510073e-08,0
1,1.5,0.5,100,"ASC3_male",0,-3.0723726017996e-09,0
1,1.5,0.5,100,"ASC3_age",-0.4,-0.252001695759338,0
1,1.5,0.5,100,"ASC3_income",-0.7,-0.34806059001284,0
1,1.5,0.5,100,"ASC3_child",-0.8,-0.467238226361477,0
1,1.5,0.5,100,"prot25_male",1,0.524085886309842,1
1,1.5,0.5,100,"prot25_age",0,-0.000579893019587847,0
1,1.5,0.5,100,"prot25_income",0,0.000127452483485281,0
1,1.5,0.5,100,"prot25_child",0,4.28010650668096e-13,0
1,1.5,0.5,100,"prot50_male",1.1,0.604631190329483,1
1,1.5,0.5,100,"prot50_age",-0.3,-0.127194105605899,0
1,1.5,0.5,100,"prot50_income",0,-0.0426862233822147,0
1,1.5,0.5,100,"prot50_child",-0.1,-0.0136686915752091,0
1,1.5,0.5,100,"invasive_male",0,-8.30468233121737e-10,0
1,1.5,0.5,100,"invasive_age",0,0.0581328696431083,0
1,1.5,0.5,100,"invasive_income",0.9,0.649830659563363,1
1,1.5,0.5,100,"invasive_child",-0.2,-9.21155614375517e-09,0
