"Alpha","TPR","FPR","TNR","FNR"
0.5,0.3,0.0666666666666667,0.933333333333333,0.7
