"Alpha","TPR","FPR","TNR","FNR"
1,0.233333333333333,0.0666666666666667,0.933333333333333,0.766666666666667
