"Alpha","NoiseScale","Threshold","Iteration","Interaction","TrueBeta","Estimate","Detected"
1,1.75,1e-04,1,"ASC2_male",0.9,0.0384682963083193,1
1,1.75,1e-04,1,"ASC2_age",0.3,0.501541799788965,1
1,1.75,1e-04,1,"ASC2_income",0,-0.342270628324006,1
1,1.75,1e-04,1,"ASC2_child",0,-1.11769045089362,1
1,1.75,1e-04,1,"ASC3_male",-1.1,-0.823692513704431,1
1,1.75,1e-04,1,"ASC3_age",0,0.277533161597054,1
1,1.75,1e-04,1,"ASC3_income",0.8,0.0560129951146503,1
1,1.75,1e-04,1,"ASC3_child",0,-1.45736289201523,1
1,1.75,1e-04,1,"prot25_male",1.2,0.889838930176233,1
1,1.75,1e-04,1,"prot25_age",0.7,0.213319391368959,1
1,1.75,1e-04,1,"prot25_income",0,0.550116664356547,1
1,1.75,1e-04,1,"prot25_child",1.1,1.07201463836639,1
1,1.75,1e-04,1,"prot50_male",0,0.438595750141072,1
1,1.75,1e-04,1,"prot50_age",0,-0.443775820734163,1
1,1.75,1e-04,1,"prot50_income",-1.2,-0.367942112756875,1
1,1.75,1e-04,1,"prot50_child",1.1,1.15920706489731,1
1,1.75,1e-04,1,"invasive_male",0,0.289513012779795,1
1,1.75,1e-04,1,"invasive_age",-0.6,-0.493061068640617,1
1,1.75,1e-04,1,"invasive_income",0,-0.0121004311982462,1
1,1.75,1e-04,1,"invasive_child",0,-0.477392054150519,1
1,1.75,1e-04,2,"ASC2_male",0,-0.222205794708651,1
1,1.75,1e-04,2,"ASC2_age",0.1,0.0751582917241755,1
1,1.75,1e-04,2,"ASC2_income",0.7,0.757661196198336,1
1,1.75,1e-04,2,"ASC2_child",-0.4,-0.852417892655114,1
1,1.75,1e-04,2,"ASC3_male",0,-0.0664063627525027,1
1,1.75,1e-04,2,"ASC3_age",0.4,0.111255684000736,1
1,1.75,1e-04,2,"ASC3_income",-0.8,-0.0674676247091466,1
1,1.75,1e-04,2,"ASC3_child",0,-0.80057437651271,1
1,1.75,1e-04,2,"prot25_male",0.5,0.775830786669976,1
1,1.75,1e-04,2,"prot25_age",0.8,0.632859097830721,1
1,1.75,1e-04,2,"prot25_income",0,-0.412867565826854,1
1,1.75,1e-04,2,"prot25_child",0,-0.159298468452181,1
1,1.75,1e-04,2,"prot50_male",0,0.371324739698399,1
1,1.75,1e-04,2,"prot50_age",0,-0.00608631541368186,1
1,1.75,1e-04,2,"prot50_income",0,-0.567214318460295,1
1,1.75,1e-04,2,"prot50_child",0,-0.292532111483861,1
1,1.75,1e-04,2,"invasive_male",1,0.283227348619247,1
1,1.75,1e-04,2,"invasive_age",-0.1,0.0876342703791183,1
1,1.75,1e-04,2,"invasive_income",0,-0.0971965312603543,1
1,1.75,1e-04,2,"invasive_child",-0.6,-0.574295908971867,1
1,1.75,1e-04,3,"ASC2_male",-0.9,-0.404307932344196,1
1,1.75,1e-04,3,"ASC2_age",-0.4,-0.299220249150846,1
1,1.75,1e-04,3,"ASC2_income",0,-0.215642074343369,1
1,1.75,1e-04,3,"ASC2_child",0,-0.71901962794195,1
1,1.75,1e-04,3,"ASC3_male",-0.7,-0.735868492790497,1
1,1.75,1e-04,3,"ASC3_age",0,-0.143209231627918,1
1,1.75,1e-04,3,"ASC3_income",0,-0.0371403238215715,1
1,1.75,1e-04,3,"ASC3_child",1,0.405406116993039,1
1,1.75,1e-04,3,"prot25_male",0,0.236949226385338,1
1,1.75,1e-04,3,"prot25_age",0,0.29575950592715,1
1,1.75,1e-04,3,"prot25_income",0,0.242699054469779,1
1,1.75,1e-04,3,"prot25_child",0,0.173484081419668,1
1,1.75,1e-04,3,"prot50_male",0.7,0.580233657452848,1
1,1.75,1e-04,3,"prot50_age",-0.2,0.0113764931127467,1
1,1.75,1e-04,3,"prot50_income",-1,-0.865588591459325,1
1,1.75,1e-04,3,"prot50_child",-0.8,-0.24724846843741,1
1,1.75,1e-04,3,"invasive_male",0,0.0528207837570236,1
1,1.75,1e-04,3,"invasive_age",0,-0.0370424787647306,1
1,1.75,1e-04,3,"invasive_income",-1.2,-0.957381529249922,1
1,1.75,1e-04,3,"invasive_child",1,0.294191879227024,1
1,1.75,1e-04,4,"ASC2_male",0,0.311389811475504,1
1,1.75,1e-04,4,"ASC2_age",-0.1,0.232650055504844,1
1,1.75,1e-04,4,"ASC2_income",0,-0.460585880681578,1
1,1.75,1e-04,4,"ASC2_child",-0.6,-1.12149634704006,1
1,1.75,1e-04,4,"ASC3_male",0,-0.0552741994492381,1
1,1.75,1e-04,4,"ASC3_age",1,1.09228784660555,1
1,1.75,1e-04,4,"ASC3_income",0,-0.745163205413432,1
1,1.75,1e-04,4,"ASC3_child",0,-0.908481408366813,1
1,1.75,1e-04,4,"prot25_male",0,-0.675512507273126,1
1,1.75,1e-04,4,"prot25_age",-0.5,-0.764812582455737,1
1,1.75,1e-04,4,"prot25_income",0,0.487373312186105,1
1,1.75,1e-04,4,"prot25_child",0,0.216022770541286,1
1,1.75,1e-04,4,"prot50_male",0.1,-0.343567721687887,1
1,1.75,1e-04,4,"prot50_age",1,0.477843485699391,1
1,1.75,1e-04,4,"prot50_income",0,0.345377331946106,1
1,1.75,1e-04,4,"prot50_child",-1,-0.31003184796311,1
1,1.75,1e-04,4,"invasive_male",-1,-0.690242531664722,1
1,1.75,1e-04,4,"invasive_age",-0.9,-0.351134642527614,1
1,1.75,1e-04,4,"invasive_income",-0.3,-0.563125309319647,1
1,1.75,1e-04,4,"invasive_child",0,-0.0815035223402459,1
1,1.75,1e-04,5,"ASC2_male",0,0.144995411585411,1
1,1.75,1e-04,5,"ASC2_age",0.7,0.555017941197191,1
1,1.75,1e-04,5,"ASC2_income",-0.4,-0.42098809144898,1
1,1.75,1e-04,5,"ASC2_child",-0.3,0.657359754478537,1
1,1.75,1e-04,5,"ASC3_male",0,-0.170564634258129,1
1,1.75,1e-04,5,"ASC3_age",0,0.0227910683136049,1
1,1.75,1e-04,5,"ASC3_income",0.9,0.512782287879265,1
1,1.75,1e-04,5,"ASC3_child",-0.6,0.96800037181073,1
1,1.75,1e-04,5,"prot25_male",0.9,0.927854469862282,1
1,1.75,1e-04,5,"prot25_age",0,-0.31492063637574,1
1,1.75,1e-04,5,"prot25_income",-0.3,-0.474264694260169,1
1,1.75,1e-04,5,"prot25_child",0,-0.772756593920594,1
1,1.75,1e-04,5,"prot50_male",0.4,0.289634239204651,1
1,1.75,1e-04,5,"prot50_age",0,0.178808122791395,1
1,1.75,1e-04,5,"prot50_income",0.5,0.383925019365295,1
1,1.75,1e-04,5,"prot50_child",0,-0.167450594928222,1
1,1.75,1e-04,5,"invasive_male",0.7,0.56178659457132,1
1,1.75,1e-04,5,"invasive_age",0,0.00248856634244992,1
1,1.75,1e-04,5,"invasive_income",0,-0.244488040515023,1
1,1.75,1e-04,5,"invasive_child",0,0.686284260724595,1
1,1.75,1e-04,6,"ASC2_male",0.4,-0.38048913818548,1
1,1.75,1e-04,6,"ASC2_age",0.7,0.73574228642413,1
1,1.75,1e-04,6,"ASC2_income",0,-0.54436059101598,1
1,1.75,1e-04,6,"ASC2_child",0,0.166111729256601,1
1,1.75,1e-04,6,"ASC3_male",0,-0.0633691022983694,1
1,1.75,1e-04,6,"ASC3_age",0,0.0165297912478757,1
1,1.75,1e-04,6,"ASC3_income",0,-0.442633000881881,1
1,1.75,1e-04,6,"ASC3_child",1.2,0.935099280985642,1
1,1.75,1e-04,6,"prot25_male",-0.4,0.343787030666184,1
1,1.75,1e-04,6,"prot25_age",-0.3,-0.564373350297237,1
1,1.75,1e-04,6,"prot25_income",0,0.45511441188428,1
1,1.75,1e-04,6,"prot25_child",0,-0.339736955900514,1
1,1.75,1e-04,6,"prot50_male",0,0.356687888577427,1
1,1.75,1e-04,6,"prot50_age",-1.1,-1.01064410208038,1
1,1.75,1e-04,6,"prot50_income",-0.2,0.299400283524964,1
1,1.75,1e-04,6,"prot50_child",-0.2,-0.643052247501543,1
1,1.75,1e-04,6,"invasive_male",0,-0.565382986283397,1
1,1.75,1e-04,6,"invasive_age",1,0.34070248973429,1
1,1.75,1e-04,6,"invasive_income",0,-0.0956770620197005,1
1,1.75,1e-04,6,"invasive_child",0.9,0.407527413579834,1
1,1.75,1e-04,7,"ASC2_male",0.8,-0.356199611185272,1
1,1.75,1e-04,7,"ASC2_age",0,0.243331567666886,1
1,1.75,1e-04,7,"ASC2_income",0,-0.119238053600852,1
1,1.75,1e-04,7,"ASC2_child",1.2,1.10553131380867,1
1,1.75,1e-04,7,"ASC3_male",-0.7,-0.844175452508886,1
1,1.75,1e-04,7,"ASC3_age",0,0.377533416548678,1
1,1.75,1e-04,7,"ASC3_income",0,-0.133086499701381,1
1,1.75,1e-04,7,"ASC3_child",-1,-0.295468425181005,1
1,1.75,1e-04,7,"prot25_male",1.2,0.550689175528115,1
1,1.75,1e-04,7,"prot25_age",0.8,0.114264918559762,1
1,1.75,1e-04,7,"prot25_income",0,0.142515220973469,1
1,1.75,1e-04,7,"prot25_child",0.7,-0.00461969003227702,1
1,1.75,1e-04,7,"prot50_male",0,-0.0808111682842883,1
1,1.75,1e-04,7,"prot50_age",-0.4,-0.850184197967231,1
1,1.75,1e-04,7,"prot50_income",0,0.243164797574811,1
1,1.75,1e-04,7,"prot50_child",0.6,-0.45058579818248,1
1,1.75,1e-04,7,"invasive_male",0,0.39580217622235,1
1,1.75,1e-04,7,"invasive_age",0,-0.403209115474473,1
1,1.75,1e-04,7,"invasive_income",1.1,0.8188277825201,1
1,1.75,1e-04,7,"invasive_child",0,-0.644284108754413,1
1,1.75,1e-04,8,"ASC2_male",0,-0.551566995374474,1
1,1.75,1e-04,8,"ASC2_age",-1.2,-0.116521265048136,1
1,1.75,1e-04,8,"ASC2_income",0,0.0816863860485716,1
1,1.75,1e-04,8,"ASC2_child",0,-0.690351107101446,1
1,1.75,1e-04,8,"ASC3_male",-0.3,-0.830549162536839,1
1,1.75,1e-04,8,"ASC3_age",0.9,1.2657065534737,1
1,1.75,1e-04,8,"ASC3_income",0,0.0192003204886143,1
1,1.75,1e-04,8,"ASC3_child",1.2,0.130167341447748,1
1,1.75,1e-04,8,"prot25_male",0,0.204892752358129,1
1,1.75,1e-04,8,"prot25_age",-0.2,0.0710833377576513,1
1,1.75,1e-04,8,"prot25_income",0,0.193586088135423,1
1,1.75,1e-04,8,"prot25_child",1.1,0.955476024818028,1
1,1.75,1e-04,8,"prot50_male",1.1,0.758454892140937,1
1,1.75,1e-04,8,"prot50_age",0,-0.049370074010668,1
1,1.75,1e-04,8,"prot50_income",-0.2,-0.114016159775818,1
1,1.75,1e-04,8,"prot50_child",0,0.467885650088218,1
1,1.75,1e-04,8,"invasive_male",0,-0.128066486930276,1
1,1.75,1e-04,8,"invasive_age",0.7,0.517151365427939,1
1,1.75,1e-04,8,"invasive_income",0.3,0.0712385509197462,1
1,1.75,1e-04,8,"invasive_child",0,-0.0461734145558632,1
1,1.75,1e-04,9,"ASC2_male",1,1.44318496059368,1
1,1.75,1e-04,9,"ASC2_age",0,-0.161515024394645,1
1,1.75,1e-04,9,"ASC2_income",0,0.114531233089571,1
1,1.75,1e-04,9,"ASC2_child",-1.2,-1.27781177891818,1
1,1.75,1e-04,9,"ASC3_male",0.9,0.923610514288649,1
1,1.75,1e-04,9,"ASC3_age",-0.6,-0.526512476061269,1
1,1.75,1e-04,9,"ASC3_income",0,0.37519673827015,1
1,1.75,1e-04,9,"ASC3_child",-0.9,-1.10599721015055,1
1,1.75,1e-04,9,"prot25_male",-0.3,-0.437129480572854,1
1,1.75,1e-04,9,"prot25_age",0,0.0128838817510873,1
1,1.75,1e-04,9,"prot25_income",0,-0.118628950653231,1
1,1.75,1e-04,9,"prot25_child",0,0.668860477843713,1
1,1.75,1e-04,9,"prot50_male",-0.2,-0.265353348443911,1
1,1.75,1e-04,9,"prot50_age",0.6,0.923781009546325,1
1,1.75,1e-04,9,"prot50_income",-0.7,-0.812373583704628,1
1,1.75,1e-04,9,"prot50_child",0,0.758797079579537,1
1,1.75,1e-04,9,"invasive_male",0,0.0622586785501011,1
1,1.75,1e-04,9,"invasive_age",0,0.350909642794074,1
1,1.75,1e-04,9,"invasive_income",-0.7,-0.305906813706438,1
1,1.75,1e-04,9,"invasive_child",0,0.0349031934070314,1
1,1.75,1e-04,10,"ASC2_male",0.9,0.0788220485396993,1
1,1.75,1e-04,10,"ASC2_age",0,-0.350956244259522,1
1,1.75,1e-04,10,"ASC2_income",1.2,0.944800565185903,1
1,1.75,1e-04,10,"ASC2_child",-0.8,-1.69076555522081,1
1,1.75,1e-04,10,"ASC3_male",0.4,-0.353879709349054,1
1,1.75,1e-04,10,"ASC3_age",-0.4,-0.452217205639947,1
1,1.75,1e-04,10,"ASC3_income",0,0.560217928067004,1
1,1.75,1e-04,10,"ASC3_child",0,-1.03008818759219,1
1,1.75,1e-04,10,"prot25_male",1,0.591086011796632,1
1,1.75,1e-04,10,"prot25_age",0,0.0890917271398426,1
1,1.75,1e-04,10,"prot25_income",0,0.241960407819197,1
1,1.75,1e-04,10,"prot25_child",0,0.0736143673876679,1
1,1.75,1e-04,10,"prot50_male",0.4,-0.157067467108797,1
1,1.75,1e-04,10,"prot50_age",0,0.242926495848123,1
1,1.75,1e-04,10,"prot50_income",0,0.127219508181732,1
1,1.75,1e-04,10,"prot50_child",0.7,1.04840887792596,1
1,1.75,1e-04,10,"invasive_male",0,-0.582256764047594,1
1,1.75,1e-04,10,"invasive_age",0.6,0.528957927876688,1
1,1.75,1e-04,10,"invasive_income",0,0.229520628162926,1
1,1.75,1e-04,10,"invasive_child",-0.7,-0.288915175604678,1
1,1.75,1e-04,11,"ASC2_male",1.1,0.0235764734722445,1
1,1.75,1e-04,11,"ASC2_age",-0.5,-0.115069521366738,1
1,1.75,1e-04,11,"ASC2_income",0,-0.443253559624826,1
1,1.75,1e-04,11,"ASC2_child",-0.5,0.683863841631006,1
1,1.75,1e-04,11,"ASC3_male",0,-0.129864138421196,1
1,1.75,1e-04,11,"ASC3_age",0,-0.0997029141778122,1
1,1.75,1e-04,11,"ASC3_income",-0.7,-1.31314123345198,1
1,1.75,1e-04,11,"ASC3_child",0,0.327212106710277,1
1,1.75,1e-04,11,"prot25_male",0,0.656299554593665,1
1,1.75,1e-04,11,"prot25_age",0.7,0.615043253976398,1
1,1.75,1e-04,11,"prot25_income",0,0.135653747330058,1
1,1.75,1e-04,11,"prot25_child",0,-0.547507849540741,1
1,1.75,1e-04,11,"prot50_male",-1,0.0655770467861271,1
1,1.75,1e-04,11,"prot50_age",0.7,0.638163956865588,1
1,1.75,1e-04,11,"prot50_income",0.1,0.418032017518875,1
1,1.75,1e-04,11,"prot50_child",1.2,0.658832887545856,1
1,1.75,1e-04,11,"invasive_male",0,-0.061440034751919,1
1,1.75,1e-04,11,"invasive_age",0,0.103011826228976,1
1,1.75,1e-04,11,"invasive_income",-0.2,-0.323008142688237,1
1,1.75,1e-04,11,"invasive_child",0,-0.208825989739418,1
1,1.75,1e-04,12,"ASC2_male",0,0.395442787619437,1
1,1.75,1e-04,12,"ASC2_age",0.8,0.711566247079193,1
1,1.75,1e-04,12,"ASC2_income",0,-0.924376728847281,1
1,1.75,1e-04,12,"ASC2_child",0,0.147757520682162,1
1,1.75,1e-04,12,"ASC3_male",0.6,0.222448373717488,1
1,1.75,1e-04,12,"ASC3_age",0.2,0.384679581690446,1
1,1.75,1e-04,12,"ASC3_income",0,-1.07134156370997,1
1,1.75,1e-04,12,"ASC3_child",0,-0.447401154499107,1
1,1.75,1e-04,12,"prot25_male",0,-0.261178051847397,1
1,1.75,1e-04,12,"prot25_age",-0.9,-0.748993301603214,1
1,1.75,1e-04,12,"prot25_income",0,0.697265099462125,1
1,1.75,1e-04,12,"prot25_child",0.2,0.0955949621634546,1
1,1.75,1e-04,12,"prot50_male",-0.7,-0.748167302976084,1
1,1.75,1e-04,12,"prot50_age",-0.6,-0.464836286038157,1
1,1.75,1e-04,12,"prot50_income",0,0.92887849469649,1
1,1.75,1e-04,12,"prot50_child",0,-0.313781036975258,1
1,1.75,1e-04,12,"invasive_male",-0.7,-0.8549309185953,1
1,1.75,1e-04,12,"invasive_age",-1.2,-0.693211018552854,1
1,1.75,1e-04,12,"invasive_income",-1.1,-0.81236104464626,1
1,1.75,1e-04,12,"invasive_child",0,-0.236375633278492,1
1,1.75,1e-04,13,"ASC2_male",-0.7,-1.58770743615074,1
1,1.75,1e-04,13,"ASC2_age",-0.3,-0.318959292455455,1
1,1.75,1e-04,13,"ASC2_income",0,-0.0822179038099901,1
1,1.75,1e-04,13,"ASC2_child",0,-0.397546805238749,1
1,1.75,1e-04,13,"ASC3_male",0,-1.09930300022292,1
1,1.75,1e-04,13,"ASC3_age",0,-0.260408677288642,1
1,1.75,1e-04,13,"ASC3_income",0,-0.0936946808889739,1
1,1.75,1e-04,13,"ASC3_child",-1.1,-1.37220333224208,1
1,1.75,1e-04,13,"prot25_male",-0.5,0.35628290876715,1
1,1.75,1e-04,13,"prot25_age",0,0.532749554386755,1
1,1.75,1e-04,13,"prot25_income",0.3,0.0612945512506928,1
1,1.75,1e-04,13,"prot25_child",-0.3,0.659504372020602,1
1,1.75,1e-04,13,"prot50_male",0.9,1.4821721088935,1
1,1.75,1e-04,13,"prot50_age",1,1.04674585002612,1
1,1.75,1e-04,13,"prot50_income",-0.5,-0.41005319000092,1
1,1.75,1e-04,13,"prot50_child",0,1.01162452189444,1
1,1.75,1e-04,13,"invasive_male",0,-0.440064583153464,1
1,1.75,1e-04,13,"invasive_age",0,0.406098992717098,1
1,1.75,1e-04,13,"invasive_income",1,0.518255706592459,1
1,1.75,1e-04,13,"invasive_child",0,-0.308158717853259,1
1,1.75,1e-04,14,"ASC2_male",0.7,0.402566042829692,1
1,1.75,1e-04,14,"ASC2_age",0,0.192142465759174,1
1,1.75,1e-04,14,"ASC2_income",0,0.598230268292595,1
1,1.75,1e-04,14,"ASC2_child",-1.2,-0.0128951214935381,1
1,1.75,1e-04,14,"ASC3_male",-1.1,-1.35101648707898,1
1,1.75,1e-04,14,"ASC3_age",0,0.577597411762582,1
1,1.75,1e-04,14,"ASC3_income",0,0.296220661092525,1
1,1.75,1e-04,14,"ASC3_child",0,0.767170460969984,1
1,1.75,1e-04,14,"prot25_male",0,0.80731487218771,1
1,1.75,1e-04,14,"prot25_age",-0.2,-0.483978386296,1
1,1.75,1e-04,14,"prot25_income",-1,-0.655152174489576,1
1,1.75,1e-04,14,"prot25_child",-0.2,-0.449333107416756,1
1,1.75,1e-04,14,"prot50_male",0,-0.253853831746014,1
1,1.75,1e-04,14,"prot50_age",-1,-1.01871381785428,1
1,1.75,1e-04,14,"prot50_income",1,0.798111352561332,1
1,1.75,1e-04,14,"prot50_child",0,0.0982920660405162,1
1,1.75,1e-04,14,"invasive_male",0,0.27704399578462,1
1,1.75,1e-04,14,"invasive_age",0.6,0.672432720960782,1
1,1.75,1e-04,14,"invasive_income",0.2,0.125852998427488,1
1,1.75,1e-04,14,"invasive_child",0,0.336256732239988,1
1,1.75,1e-04,15,"ASC2_male",-0.1,0.668631333737961,1
1,1.75,1e-04,15,"ASC2_age",-0.6,-0.576610480583465,1
1,1.75,1e-04,15,"ASC2_income",0.3,0.523168916517613,1
1,1.75,1e-04,15,"ASC2_child",0,0.859351250879476,1
1,1.75,1e-04,15,"ASC3_male",0,0.741472408603415,1
1,1.75,1e-04,15,"ASC3_age",0,-0.0584714093723636,1
1,1.75,1e-04,15,"ASC3_income",1.1,0.867451798340019,1
1,1.75,1e-04,15,"ASC3_child",1.2,1.05156994095916,1
1,1.75,1e-04,15,"prot25_male",0,-0.348022224107352,1
1,1.75,1e-04,15,"prot25_age",0,-0.0910357837522161,1
1,1.75,1e-04,15,"prot25_income",0,-0.46776074611355,1
1,1.75,1e-04,15,"prot25_child",0.8,0.163649498062064,1
1,1.75,1e-04,15,"prot50_male",0,-0.737984646608087,1
1,1.75,1e-04,15,"prot50_age",0.8,0.559700669048564,1
1,1.75,1e-04,15,"prot50_income",0.2,-0.303388264424804,1
1,1.75,1e-04,15,"prot50_child",0,-0.79021924116987,1
1,1.75,1e-04,15,"invasive_male",0,0.393940895951921,1
1,1.75,1e-04,15,"invasive_age",-1.2,-0.8937146582283,1
1,1.75,1e-04,15,"invasive_income",0,0.0202148650193865,1
1,1.75,1e-04,15,"invasive_child",0.9,0.0947207135943314,1
1,1.75,1e-04,16,"ASC2_male",1,1.21699654672603,1
1,1.75,1e-04,16,"ASC2_age",1,0.543302750431925,1
1,1.75,1e-04,16,"ASC2_income",0,0.00430666687249424,1
1,1.75,1e-04,16,"ASC2_child",0,-1.78521661758697,1
1,1.75,1e-04,16,"ASC3_male",0.7,1.11472611806998,1
1,1.75,1e-04,16,"ASC3_age",0,0.00487957346464137,1
1,1.75,1e-04,16,"ASC3_income",0,-0.268210022633714,1
1,1.75,1e-04,16,"ASC3_child",-1,-2.51674265928922,1
1,1.75,1e-04,16,"prot25_male",0,-0.875378599253656,1
1,1.75,1e-04,16,"prot25_age",0.2,0.437647721509567,1
1,1.75,1e-04,16,"prot25_income",0,0.0435821767175085,1
1,1.75,1e-04,16,"prot25_child",0,1.50959717779846,1
1,1.75,1e-04,16,"prot50_male",0.9,0.180424245182333,1
1,1.75,1e-04,16,"prot50_age",0.5,0.555033232621492,1
1,1.75,1e-04,16,"prot50_income",0,0.0658929136373235,1
1,1.75,1e-04,16,"prot50_child",-0.3,0.621721166943676,1
1,1.75,1e-04,16,"invasive_male",-0.4,0.226572567533194,1
1,1.75,1e-04,16,"invasive_age",0,-0.0821779101313981,1
1,1.75,1e-04,16,"invasive_income",0.2,0.0479114349134036,1
1,1.75,1e-04,16,"invasive_child",0,-0.767805363991957,1
1,1.75,1e-04,17,"ASC2_male",0.6,0.433589503402384,1
1,1.75,1e-04,17,"ASC2_age",-1,-0.926790913091227,1
1,1.75,1e-04,17,"ASC2_income",1,0.718841048469376,1
1,1.75,1e-04,17,"ASC2_child",0.8,0.133275042309477,1
1,1.75,1e-04,17,"ASC3_male",0,0.178122712870137,1
1,1.75,1e-04,17,"ASC3_age",0,-0.220759107001264,1
1,1.75,1e-04,17,"ASC3_income",0.7,0.619253398873081,1
1,1.75,1e-04,17,"ASC3_child",-0.4,-0.839363358240933,1
1,1.75,1e-04,17,"prot25_male",0,-0.441938044125901,1
1,1.75,1e-04,17,"prot25_age",0,-0.0123705362360062,1
1,1.75,1e-04,17,"prot25_income",0,-0.36928952680883,1
1,1.75,1e-04,17,"prot25_child",-0.7,-1.00090151780367,1
1,1.75,1e-04,17,"prot50_male",0,-0.299271397181786,1
1,1.75,1e-04,17,"prot50_age",0,0.0738585809695985,1
1,1.75,1e-04,17,"prot50_income",0.4,-0.119472270490371,1
1,1.75,1e-04,17,"prot50_child",-1.1,-0.936661617512052,1
1,1.75,1e-04,17,"invasive_male",0,-0.0494530984510557,1
1,1.75,1e-04,17,"invasive_age",0,-0.213146606580974,1
1,1.75,1e-04,17,"invasive_income",0,-0.15949634592641,1
1,1.75,1e-04,17,"invasive_child",0.8,0.208043056700012,1
1,1.75,1e-04,18,"ASC2_male",0,-0.853844652983059,1
1,1.75,1e-04,18,"ASC2_age",0,0.705836624325354,1
1,1.75,1e-04,18,"ASC2_income",0.2,0.162139500560175,1
1,1.75,1e-04,18,"ASC2_child",0,0.39775879125748,1
1,1.75,1e-04,18,"ASC3_male",0.3,-0.0436847269071814,1
1,1.75,1e-04,18,"ASC3_age",0,0.393770845193984,1
1,1.75,1e-04,18,"ASC3_income",0.7,0.503680561142917,1
1,1.75,1e-04,18,"ASC3_child",0,0.00104025582781851,1
1,1.75,1e-04,18,"prot25_male",0,-0.0838800282752423,1
1,1.75,1e-04,18,"prot25_age",0.2,-0.53527913839935,1
1,1.75,1e-04,18,"prot25_income",0,0.28749659991991,1
1,1.75,1e-04,18,"prot25_child",0.9,0.399552378702585,1
1,1.75,1e-04,18,"prot50_male",-0.9,0.131399827886329,1
1,1.75,1e-04,18,"prot50_age",0,-0.825496244154974,1
1,1.75,1e-04,18,"prot50_income",0,0.147144821235645,1
1,1.75,1e-04,18,"prot50_child",0,-0.430528558270332,1
1,1.75,1e-04,18,"invasive_male",-0.9,-1.67335150352429,1
1,1.75,1e-04,18,"invasive_age",0.1,-0.0856218641092275,1
1,1.75,1e-04,18,"invasive_income",-0.5,-0.363386844105372,1
1,1.75,1e-04,18,"invasive_child",-0.2,-0.347004301709732,1
1,1.75,1e-04,19,"ASC2_male",0,-0.301249548548171,1
1,1.75,1e-04,19,"ASC2_age",1.2,0.797637054421759,1
1,1.75,1e-04,19,"ASC2_income",0,-0.017402173082437,1
1,1.75,1e-04,19,"ASC2_child",0,0.129031731965746,1
1,1.75,1e-04,19,"ASC3_male",0.1,0.157185494798572,1
1,1.75,1e-04,19,"ASC3_age",0,-0.155980114778496,1
1,1.75,1e-04,19,"ASC3_income",0.7,0.438730301709532,1
1,1.75,1e-04,19,"ASC3_child",0,0.186407659749349,1
1,1.75,1e-04,19,"prot25_male",0,0.253001937913584,1
1,1.75,1e-04,19,"prot25_age",0.2,0.222686040416158,1
1,1.75,1e-04,19,"prot25_income",-0.1,0.0632663639147212,1
1,1.75,1e-04,19,"prot25_child",0.6,0.0540195967605224,1
1,1.75,1e-04,19,"prot50_male",0.4,0.324704458184762,1
1,1.75,1e-04,19,"prot50_age",0,0.388619810742493,1
1,1.75,1e-04,19,"prot50_income",0,-0.379248251437906,1
1,1.75,1e-04,19,"prot50_child",0,0.657838689896086,1
1,1.75,1e-04,19,"invasive_male",0.6,0.256882680346292,1
1,1.75,1e-04,19,"invasive_age",0,0.246386237805488,1
1,1.75,1e-04,19,"invasive_income",0.2,-0.12806670436141,1
1,1.75,1e-04,19,"invasive_child",-0.8,-0.288780200573863,1
1,1.75,1e-04,20,"ASC2_male",-1,-0.779342768733841,1
1,1.75,1e-04,20,"ASC2_age",1,0.058744371816242,1
1,1.75,1e-04,20,"ASC2_income",-0.8,0.166118704335648,1
1,1.75,1e-04,20,"ASC2_child",0,0.378431087720255,1
1,1.75,1e-04,20,"ASC3_male",0,0.182659615111444,1
1,1.75,1e-04,20,"ASC3_age",0,-0.405279172168299,1
1,1.75,1e-04,20,"ASC3_income",0,0.232487219943787,1
1,1.75,1e-04,20,"ASC3_child",0,0.326288441325653,1
1,1.75,1e-04,20,"prot25_male",0,0.032689033617057,1
1,1.75,1e-04,20,"prot25_age",0,0.472081279739415,1
1,1.75,1e-04,20,"prot25_income",0.3,-0.237260206223532,1
1,1.75,1e-04,20,"prot25_child",0.3,0.208556231461852,1
1,1.75,1e-04,20,"prot50_male",0.4,0.474623176161236,1
1,1.75,1e-04,20,"prot50_age",-0.9,-0.163740552180088,1
1,1.75,1e-04,20,"prot50_income",-1.1,-1.06217429514149,1
1,1.75,1e-04,20,"prot50_child",0,0.336447854610409,1
1,1.75,1e-04,20,"invasive_male",0,0.0167524181734096,1
1,1.75,1e-04,20,"invasive_age",-0.3,-0.48703665087998,1
1,1.75,1e-04,20,"invasive_income",-0.7,-0.304562555369426,1
1,1.75,1e-04,20,"invasive_child",0,0.53147166873903,1
1,1.75,1e-04,21,"ASC2_male",-0.1,-0.368411055771788,1
1,1.75,1e-04,21,"ASC2_age",0,0.0260005477377902,1
1,1.75,1e-04,21,"ASC2_income",0,-0.356957396473216,1
1,1.75,1e-04,21,"ASC2_child",0.4,1.06144797842352,1
1,1.75,1e-04,21,"ASC3_male",0,-0.607041277712573,1
1,1.75,1e-04,21,"ASC3_age",-0.8,-0.442703143653546,1
1,1.75,1e-04,21,"ASC3_income",0,-0.32750754801486,1
1,1.75,1e-04,21,"ASC3_child",-0.3,0.50644389137333,1
1,1.75,1e-04,21,"prot25_male",-0.8,-0.0122773965790489,1
1,1.75,1e-04,21,"prot25_age",-0.4,-0.37946789615822,1
1,1.75,1e-04,21,"prot25_income",0,0.388478701053402,1
1,1.75,1e-04,21,"prot25_child",-0.3,-0.485461801993853,1
1,1.75,1e-04,21,"prot50_male",0.5,0.685134113471673,1
1,1.75,1e-04,21,"prot50_age",0,-0.278188991386059,1
1,1.75,1e-04,21,"prot50_income",0,-0.165207773554974,1
1,1.75,1e-04,21,"prot50_child",0.1,-0.756688464296182,1
1,1.75,1e-04,21,"invasive_male",0,-0.568641965158714,1
1,1.75,1e-04,21,"invasive_age",-0.3,-0.0157387068017207,1
1,1.75,1e-04,21,"invasive_income",0,-0.436307336736269,1
1,1.75,1e-04,21,"invasive_child",0,0.00654081128690517,1
1,1.75,1e-04,22,"ASC2_male",0.9,0.270911015969432,1
1,1.75,1e-04,22,"ASC2_age",0,-0.432511703303296,1
1,1.75,1e-04,22,"ASC2_income",0,0.595712268270425,1
1,1.75,1e-04,22,"ASC2_child",-0.7,-0.420032675793154,1
1,1.75,1e-04,22,"ASC3_male",-0.7,-0.934959098190204,1
1,1.75,1e-04,22,"ASC3_age",0,-0.409810572376243,1
1,1.75,1e-04,22,"ASC3_income",0,0.552598981866897,1
1,1.75,1e-04,22,"ASC3_child",0,0.138766484187597,1
1,1.75,1e-04,22,"prot25_male",0,-0.52162731337079,1
1,1.75,1e-04,22,"prot25_age",-0.2,0.218716278832857,1
1,1.75,1e-04,22,"prot25_income",0.4,0.0600410195126395,1
1,1.75,1e-04,22,"prot25_child",0,0.476892430499044,1
1,1.75,1e-04,22,"prot50_male",0.4,0.144906006368938,1
1,1.75,1e-04,22,"prot50_age",-1,-0.800295768646336,1
1,1.75,1e-04,22,"prot50_income",0,-0.0845636103368365,1
1,1.75,1e-04,22,"prot50_child",0.9,0.464715629642259,1
1,1.75,1e-04,22,"invasive_male",0,0.168869734949558,1
1,1.75,1e-04,22,"invasive_age",-0.8,-0.458944408271098,1
1,1.75,1e-04,22,"invasive_income",0,0.104485911677876,1
1,1.75,1e-04,22,"invasive_child",-0.1,-0.0901466497933318,1
1,1.75,1e-04,23,"ASC2_male",-0.1,-0.340829677268971,1
1,1.75,1e-04,23,"ASC2_age",-0.3,-0.073126812823091,1
1,1.75,1e-04,23,"ASC2_income",0,-0.335649864484454,1
1,1.75,1e-04,23,"ASC2_child",0,0.50881594111264,1
1,1.75,1e-04,23,"ASC3_male",-0.9,-0.293636722482608,1
1,1.75,1e-04,23,"ASC3_age",0,0.0624962189250167,1
1,1.75,1e-04,23,"ASC3_income",0,-0.514334505289716,1
1,1.75,1e-04,23,"ASC3_child",1,0.940859080772676,1
1,1.75,1e-04,23,"prot25_male",0,-0.12341917489015,1
1,1.75,1e-04,23,"prot25_age",0,-0.192276826698083,1
1,1.75,1e-04,23,"prot25_income",0,0.358437504907296,1
1,1.75,1e-04,23,"prot25_child",-1.1,-0.98904677805703,1
1,1.75,1e-04,23,"prot50_male",-1.1,-0.708677101208724,1
1,1.75,1e-04,23,"prot50_age",-0.8,-0.973111310786774,1
1,1.75,1e-04,23,"prot50_income",0,0.0444693661105788,1
1,1.75,1e-04,23,"prot50_child",0,-0.552368494822102,1
1,1.75,1e-04,23,"invasive_male",-0.4,-0.237651081855083,1
1,1.75,1e-04,23,"invasive_age",-0.4,-0.293380748211562,1
1,1.75,1e-04,23,"invasive_income",0.8,0.263698584663288,1
1,1.75,1e-04,23,"invasive_child",0,0.158363885552398,1
1,1.75,1e-04,24,"ASC2_male",0.6,0.143592702604755,1
1,1.75,1e-04,24,"ASC2_age",-1.1,-0.660371680683379,1
1,1.75,1e-04,24,"ASC2_income",0,-0.0759737096325722,1
1,1.75,1e-04,24,"ASC2_child",0,0.0881600937943069,1
1,1.75,1e-04,24,"ASC3_male",0,-0.251015909739761,1
1,1.75,1e-04,24,"ASC3_age",0,0.078729444641377,1
1,1.75,1e-04,24,"ASC3_income",-0.6,-0.125730718954544,1
1,1.75,1e-04,24,"ASC3_child",0.4,-0.342821871092925,1
1,1.75,1e-04,24,"prot25_male",-0.3,-0.357566330017573,1
1,1.75,1e-04,24,"prot25_age",0,-0.0750165489262904,1
1,1.75,1e-04,24,"prot25_income",0,-0.0785849159971753,1
1,1.75,1e-04,24,"prot25_child",-0.4,0.563744403692467,1
1,1.75,1e-04,24,"prot50_male",0,-1.02110905617991,1
1,1.75,1e-04,24,"prot50_age",0,0.429554986859761,1
1,1.75,1e-04,24,"prot50_income",-0.5,-0.39830534204837,1
1,1.75,1e-04,24,"prot50_child",0,0.4548987942041,1
1,1.75,1e-04,24,"invasive_male",0.9,0.78355858956616,1
1,1.75,1e-04,24,"invasive_age",-0.7,-0.450196859799916,1
1,1.75,1e-04,24,"invasive_income",1.2,1.00713809239734,1
1,1.75,1e-04,24,"invasive_child",0,0.489052330982406,1
1,1.75,1e-04,25,"ASC2_male",-0.8,-0.536449677495532,1
1,1.75,1e-04,25,"ASC2_age",1,0.842848387429357,1
1,1.75,1e-04,25,"ASC2_income",0,-0.104213297314209,1
1,1.75,1e-04,25,"ASC2_child",0,0.337887062415322,1
1,1.75,1e-04,25,"ASC3_male",0.9,0.911224341009818,1
1,1.75,1e-04,25,"ASC3_age",0,0.490177136695167,1
1,1.75,1e-04,25,"ASC3_income",-0.7,-0.509430113247245,1
1,1.75,1e-04,25,"ASC3_child",-0.9,0.191289371233508,1
1,1.75,1e-04,25,"prot25_male",0,-0.0536183841839785,1
1,1.75,1e-04,25,"prot25_age",0,-0.00384507043884036,1
1,1.75,1e-04,25,"prot25_income",-0.9,-0.40141143241415,1
1,1.75,1e-04,25,"prot25_child",0,-0.722650561307059,1
1,1.75,1e-04,25,"prot50_male",0,-0.178274788585582,1
1,1.75,1e-04,25,"prot50_age",0,0.0632050736742442,1
1,1.75,1e-04,25,"prot50_income",0.3,0.133540654938879,1
1,1.75,1e-04,25,"prot50_child",0,-0.363277517469196,1
1,1.75,1e-04,25,"invasive_male",-1.2,-0.371537731213339,1
1,1.75,1e-04,25,"invasive_age",0.2,0.366185168245246,1
1,1.75,1e-04,25,"invasive_income",0,0.0460049922038104,1
1,1.75,1e-04,25,"invasive_child",-0.3,0.280004836440604,1
1,1.75,1e-04,26,"ASC2_male",0,0.416993510415093,1
1,1.75,1e-04,26,"ASC2_age",0,-0.42519071713393,1
1,1.75,1e-04,26,"ASC2_income",-0.2,-0.052884250407524,1
1,1.75,1e-04,26,"ASC2_child",0,-0.396837652407137,1
1,1.75,1e-04,26,"ASC3_male",0.2,0.523864392667512,1
1,1.75,1e-04,26,"ASC3_age",0,-0.415030651037999,1
1,1.75,1e-04,26,"ASC3_income",-0.6,-0.517470458564343,1
1,1.75,1e-04,26,"ASC3_child",-0.4,-0.425912897233541,1
1,1.75,1e-04,26,"prot25_male",0,0.0527199106306202,1
1,1.75,1e-04,26,"prot25_age",0.3,0.0675591681058305,1
1,1.75,1e-04,26,"prot25_income",-1.1,-1.08673371685875,1
1,1.75,1e-04,26,"prot25_child",0.6,-0.00619060978362839,1
1,1.75,1e-04,26,"prot50_male",0,0.191301780706501,1
1,1.75,1e-04,26,"prot50_age",1.2,0.815008617347925,1
1,1.75,1e-04,26,"prot50_income",0,-0.10613474585815,1
1,1.75,1e-04,26,"prot50_child",-0.3,-0.0315603030709554,1
1,1.75,1e-04,26,"invasive_male",0,0.478119968538811,1
1,1.75,1e-04,26,"invasive_age",0,0.124039281957557,1
1,1.75,1e-04,26,"invasive_income",0,-0.167730534277351,1
1,1.75,1e-04,26,"invasive_child",0.9,0.744446033094003,1
1,1.75,1e-04,27,"ASC2_male",0.2,0.829189158998423,1
1,1.75,1e-04,27,"ASC2_age",-0.9,-0.788080942920145,1
1,1.75,1e-04,27,"ASC2_income",0.7,0.102991979535902,1
1,1.75,1e-04,27,"ASC2_child",0,-0.800577953921973,1
1,1.75,1e-04,27,"ASC3_male",0,0.428540686906868,1
1,1.75,1e-04,27,"ASC3_age",0,-0.0642626980222051,1
1,1.75,1e-04,27,"ASC3_income",0.5,-0.469665789156103,1
1,1.75,1e-04,27,"ASC3_child",-0.7,-1.4169305003607,1
1,1.75,1e-04,27,"prot25_male",0.8,0.19275532570736,1
1,1.75,1e-04,27,"prot25_age",0,-0.22011380918619,1
1,1.75,1e-04,27,"prot25_income",0,0.500340608725636,1
1,1.75,1e-04,27,"prot25_child",0,0.418985286246894,1
1,1.75,1e-04,27,"prot50_male",0,-0.33634767919317,1
1,1.75,1e-04,27,"prot50_age",0.7,-0.0254329690767275,1
1,1.75,1e-04,27,"prot50_income",0,0.511471835894507,1
1,1.75,1e-04,27,"prot50_child",-1,-0.567947179689332,1
1,1.75,1e-04,27,"invasive_male",0,0.539568546290321,1
1,1.75,1e-04,27,"invasive_age",0,-0.382492719205827,1
1,1.75,1e-04,27,"invasive_income",1,0.532004849445969,1
1,1.75,1e-04,27,"invasive_child",0.9,-0.584986111149389,1
1,1.75,1e-04,28,"ASC2_male",0,-0.376077057976372,1
1,1.75,1e-04,28,"ASC2_age",0,0.135256103755652,1
1,1.75,1e-04,28,"ASC2_income",0,-0.0324715636623335,1
1,1.75,1e-04,28,"ASC2_child",-0.9,0.245564916389635,1
1,1.75,1e-04,28,"ASC3_male",-0.9,-0.707124497498396,1
1,1.75,1e-04,28,"ASC3_age",-0.3,0.0600517333678477,1
1,1.75,1e-04,28,"ASC3_income",0,0.0451092182242842,1
1,1.75,1e-04,28,"ASC3_child",0,0.400375214992008,1
1,1.75,1e-04,28,"prot25_male",-0.7,-0.150237072122672,1
1,1.75,1e-04,28,"prot25_age",-0.3,-0.346053258138101,1
1,1.75,1e-04,28,"prot25_income",0,-0.289300255079693,1
1,1.75,1e-04,28,"prot25_child",0,-0.506534816596416,1
1,1.75,1e-04,28,"prot50_male",-0.3,-0.844070811740533,1
1,1.75,1e-04,28,"prot50_age",0.2,-0.0725161210426653,1
1,1.75,1e-04,28,"prot50_income",0,-0.155930496926414,1
1,1.75,1e-04,28,"prot50_child",0,-0.349232733039956,1
1,1.75,1e-04,28,"invasive_male",0.5,-0.15112631889236,1
1,1.75,1e-04,28,"invasive_age",0,-0.0141235108398858,1
1,1.75,1e-04,28,"invasive_income",-1,-0.699443412185325,1
1,1.75,1e-04,28,"invasive_child",0.6,0.894974566625145,1
1,1.75,1e-04,29,"ASC2_male",0.3,-0.41380846050072,1
1,1.75,1e-04,29,"ASC2_age",0.9,0.151664806477392,1
1,1.75,1e-04,29,"ASC2_income",1.2,0.445854425365473,1
1,1.75,1e-04,29,"ASC2_child",0.5,0.894325328918707,1
1,1.75,1e-04,29,"ASC3_male",1.1,-0.0274371140541691,1
1,1.75,1e-04,29,"ASC3_age",0,-0.479493973156968,1
1,1.75,1e-04,29,"ASC3_income",0,-0.231885642967529,1
1,1.75,1e-04,29,"ASC3_child",0.1,0.36868869976938,1
1,1.75,1e-04,29,"prot25_male",-1.1,-1.58962685216294,1
1,1.75,1e-04,29,"prot25_age",0,0.382020307865004,1
1,1.75,1e-04,29,"prot25_income",0,0.455522819115927,1
1,1.75,1e-04,29,"prot25_child",-0.5,0.145841685258088,1
1,1.75,1e-04,29,"prot50_male",0,-0.164743320365083,1
1,1.75,1e-04,29,"prot50_age",-0.9,-0.582247353751864,1
1,1.75,1e-04,29,"prot50_income",-0.8,-0.428350118042461,1
1,1.75,1e-04,29,"prot50_child",0,0.0582138979038421,1
1,1.75,1e-04,29,"invasive_male",0,0.412900586651833,1
1,1.75,1e-04,29,"invasive_age",0,-0.314195560983683,1
1,1.75,1e-04,29,"invasive_income",0,-0.259483099777521,1
1,1.75,1e-04,29,"invasive_child",0,-0.304455271659243,1
1,1.75,1e-04,30,"ASC2_male",0.4,0.0467456608580841,1
1,1.75,1e-04,30,"ASC2_age",0,0.110533077412985,1
1,1.75,1e-04,30,"ASC2_income",0,0.612196346359688,1
1,1.75,1e-04,30,"ASC2_child",0.7,-0.436506141010123,1
1,1.75,1e-04,30,"ASC3_male",1.1,0.706106045751806,1
1,1.75,1e-04,30,"ASC3_age",0,0.265007365885032,1
1,1.75,1e-04,30,"ASC3_income",0.4,0.871754978259827,1
1,1.75,1e-04,30,"ASC3_child",0.9,-0.169090941395454,1
1,1.75,1e-04,30,"prot25_male",-0.2,-0.279523086112603,1
1,1.75,1e-04,30,"prot25_age",0.1,-0.153012374087797,1
1,1.75,1e-04,30,"prot25_income",0.3,0.151962133461088,1
1,1.75,1e-04,30,"prot25_child",0,0.624500466573966,1
1,1.75,1e-04,30,"prot50_male",0,-0.457769797110824,1
1,1.75,1e-04,30,"prot50_age",0,0.0961170581380531,1
1,1.75,1e-04,30,"prot50_income",0,-0.708853268922032,1
1,1.75,1e-04,30,"prot50_child",0,0.143659623902927,1
1,1.75,1e-04,30,"invasive_male",-0.6,-0.728403607770986,1
1,1.75,1e-04,30,"invasive_age",0,0.323170552092808,1
1,1.75,1e-04,30,"invasive_income",-1,-1.01672216315251,1
1,1.75,1e-04,30,"invasive_child",0,-0.318951539835421,1
1,1.75,1e-04,31,"ASC2_male",-0.3,0.0531167064914906,1
1,1.75,1e-04,31,"ASC2_age",1.2,0.811624404966181,1
1,1.75,1e-04,31,"ASC2_income",1,0.425617141126967,1
1,1.75,1e-04,31,"ASC2_child",0,-0.710364997736096,1
1,1.75,1e-04,31,"ASC3_male",0,0.120334934027601,1
1,1.75,1e-04,31,"ASC3_age",1.1,1.0490084853718,1
1,1.75,1e-04,31,"ASC3_income",-0.6,-0.765033288659914,1
1,1.75,1e-04,31,"ASC3_child",0,0.315365017172023,1
1,1.75,1e-04,31,"prot25_male",0,0.181627477878235,1
1,1.75,1e-04,31,"prot25_age",-0.2,-0.33149585101978,1
1,1.75,1e-04,31,"prot25_income",0,0.326229040286278,1
1,1.75,1e-04,31,"prot25_child",-0.2,0.224241010021209,1
1,1.75,1e-04,31,"prot50_male",-0.3,-0.201550904802398,1
1,1.75,1e-04,31,"prot50_age",0,-0.0957916686645529,1
1,1.75,1e-04,31,"prot50_income",0,-0.314600920491984,1
1,1.75,1e-04,31,"prot50_child",0,0.220311912099912,1
1,1.75,1e-04,31,"invasive_male",0,0.53494122259627,1
1,1.75,1e-04,31,"invasive_age",0.2,0.0448534394161089,1
1,1.75,1e-04,31,"invasive_income",0.9,0.397139937236796,1
1,1.75,1e-04,31,"invasive_child",0,-0.692027903748974,1
1,1.75,1e-04,32,"ASC2_male",0.6,0.595690166036637,1
1,1.75,1e-04,32,"ASC2_age",0,-0.0484790050888471,1
1,1.75,1e-04,32,"ASC2_income",1.1,0.701484586541562,1
1,1.75,1e-04,32,"ASC2_child",0,-0.57619495320784,1
1,1.75,1e-04,32,"ASC3_male",-0.7,0.0524461607837264,1
1,1.75,1e-04,32,"ASC3_age",-1.1,-0.563119682095108,1
1,1.75,1e-04,32,"ASC3_income",0,-0.337245690432024,1
1,1.75,1e-04,32,"ASC3_child",-0.3,-0.527951428053186,1
1,1.75,1e-04,32,"prot25_male",0.7,-0.044970916424799,1
1,1.75,1e-04,32,"prot25_age",0,-0.286638151274041,1
1,1.75,1e-04,32,"prot25_income",-0.5,-0.853082046936701,1
1,1.75,1e-04,32,"prot25_child",-1.1,-0.766808303660949,1
1,1.75,1e-04,32,"prot50_male",0,0.252351430732514,1
1,1.75,1e-04,32,"prot50_age",-0.6,-0.491796244265086,1
1,1.75,1e-04,32,"prot50_income",0,-0.109276298361007,1
1,1.75,1e-04,32,"prot50_child",0,0.12402030620058,1
1,1.75,1e-04,32,"invasive_male",0,-0.335389292339498,1
1,1.75,1e-04,32,"invasive_age",0,-0.208291087614854,1
1,1.75,1e-04,32,"invasive_income",0,-0.238651032621451,1
1,1.75,1e-04,32,"invasive_child",0.2,-0.195508564819275,1
1,1.75,1e-04,33,"ASC2_male",-0.4,0.166545764395677,1
1,1.75,1e-04,33,"ASC2_age",0,0.442242510052196,1
1,1.75,1e-04,33,"ASC2_income",0,0.675442710502608,1
1,1.75,1e-04,33,"ASC2_child",0,1.19009678028471,1
1,1.75,1e-04,33,"ASC3_male",0.6,1.06353582250694,1
1,1.75,1e-04,33,"ASC3_age",0,0.35988990186831,1
1,1.75,1e-04,33,"ASC3_income",-1,-0.491660738264916,1
1,1.75,1e-04,33,"ASC3_child",0,0.604460991597919,1
1,1.75,1e-04,33,"prot25_male",0,-0.638079399053244,1
1,1.75,1e-04,33,"prot25_age",0,-0.380196942983948,1
1,1.75,1e-04,33,"prot25_income",0,-0.403813325790929,1
1,1.75,1e-04,33,"prot25_child",1.1,-0.219547425430075,1
1,1.75,1e-04,33,"prot50_male",0,-0.983529349028149,1
1,1.75,1e-04,33,"prot50_age",0.4,-0.126916237372651,1
1,1.75,1e-04,33,"prot50_income",0.3,-0.0253267271390155,1
1,1.75,1e-04,33,"prot50_child",-0.4,-0.359288378236081,1
1,1.75,1e-04,33,"invasive_male",0.3,-0.0807687698992021,1
1,1.75,1e-04,33,"invasive_age",0,-0.0516729147662056,1
1,1.75,1e-04,33,"invasive_income",0.6,0.528051910803972,1
1,1.75,1e-04,33,"invasive_child",0.8,1.09915530579508,1
1,1.75,1e-04,34,"ASC2_male",0,0.759077966404965,1
1,1.75,1e-04,34,"ASC2_age",0,-0.242579435927057,1
1,1.75,1e-04,34,"ASC2_income",-0.8,-0.0654473408848187,1
1,1.75,1e-04,34,"ASC2_child",-0.4,-0.570326211724476,1
1,1.75,1e-04,34,"ASC3_male",0,0.698614318783555,1
1,1.75,1e-04,34,"ASC3_age",0,-0.190818499371219,1
1,1.75,1e-04,34,"ASC3_income",0,0.365818449721592,1
1,1.75,1e-04,34,"ASC3_child",0.4,0.26912791481501,1
1,1.75,1e-04,34,"prot25_male",0,-0.514143099098434,1
1,1.75,1e-04,34,"prot25_age",0,-0.101312612912404,1
1,1.75,1e-04,34,"prot25_income",1,0.30298750084122,1
1,1.75,1e-04,34,"prot25_child",1.2,0.703410642514289,1
1,1.75,1e-04,34,"prot50_male",0.1,-0.708890612725867,1
1,1.75,1e-04,34,"prot50_age",0.2,0.187879558552534,1
1,1.75,1e-04,34,"prot50_income",-0.5,-0.200261421850706,1
1,1.75,1e-04,34,"prot50_child",0,-0.0376745051893134,1
1,1.75,1e-04,34,"invasive_male",0,0.868891949272044,1
1,1.75,1e-04,34,"invasive_age",0,-0.677448944600108,1
1,1.75,1e-04,34,"invasive_income",-1,-0.10481095139352,1
1,1.75,1e-04,34,"invasive_child",0.2,-0.0609029560676807,1
1,1.75,1e-04,35,"ASC2_male",0,-0.154782123358685,1
1,1.75,1e-04,35,"ASC2_age",0,0.252362832236725,1
1,1.75,1e-04,35,"ASC2_income",0.9,0.758360246557677,1
1,1.75,1e-04,35,"ASC2_child",0,0.20726875603081,1
1,1.75,1e-04,35,"ASC3_male",0,-0.00213349311003174,1
1,1.75,1e-04,35,"ASC3_age",1.1,1.2392258910878,1
1,1.75,1e-04,35,"ASC3_income",0,0.476172134568026,1
1,1.75,1e-04,35,"ASC3_child",0,0.467674106045296,1
1,1.75,1e-04,35,"prot25_male",-0.2,0.63341793963571,1
1,1.75,1e-04,35,"prot25_age",0.3,-0.106596557193179,1
1,1.75,1e-04,35,"prot25_income",0,0.0551343233855323,1
1,1.75,1e-04,35,"prot25_child",-1.1,-1.0908442162061,1
1,1.75,1e-04,35,"prot50_male",-0.4,-0.0673125413828175,1
1,1.75,1e-04,35,"prot50_age",0,-0.483713041924255,1
1,1.75,1e-04,35,"prot50_income",-0.3,-0.0220930376171094,1
1,1.75,1e-04,35,"prot50_child",0.5,-0.0791911030233478,1
1,1.75,1e-04,35,"invasive_male",0.1,-0.0712563052866182,1
1,1.75,1e-04,35,"invasive_age",0,-0.121847585317971,1
1,1.75,1e-04,35,"invasive_income",-1.1,-0.129707331820711,1
1,1.75,1e-04,35,"invasive_child",0,-0.25559396081049,1
1,1.75,1e-04,36,"ASC2_male",-0.4,-0.146609799270907,1
1,1.75,1e-04,36,"ASC2_age",-1,-0.896575353841562,1
1,1.75,1e-04,36,"ASC2_income",-0.5,-0.471754937495879,1
1,1.75,1e-04,36,"ASC2_child",-0.9,-0.102713231025384,1
1,1.75,1e-04,36,"ASC3_male",0,0.0390456900712524,1
1,1.75,1e-04,36,"ASC3_age",1.1,0.670746459319359,1
1,1.75,1e-04,36,"ASC3_income",0,-0.0600585243714779,1
1,1.75,1e-04,36,"ASC3_child",0,0.201904231869518,1
1,1.75,1e-04,36,"prot25_male",0,-0.408073031491358,1
1,1.75,1e-04,36,"prot25_age",0,0.131138815604355,1
1,1.75,1e-04,36,"prot25_income",1.1,0.767311665977612,1
1,1.75,1e-04,36,"prot25_child",-0.5,-0.836217020667876,1
1,1.75,1e-04,36,"prot50_male",0,0.0589592705217634,1
1,1.75,1e-04,36,"prot50_age",0,0.00774789716618284,1
1,1.75,1e-04,36,"prot50_income",1.1,0.748078093932412,1
1,1.75,1e-04,36,"prot50_child",0,0.223917459870975,1
1,1.75,1e-04,36,"invasive_male",0.3,-0.230812568234003,1
1,1.75,1e-04,36,"invasive_age",0,-0.0163114626178451,1
1,1.75,1e-04,36,"invasive_income",-0.5,-0.109135502109506,1
1,1.75,1e-04,36,"invasive_child",0,0.681058870211687,1
1,1.75,1e-04,37,"ASC2_male",0.6,0.484153674165183,1
1,1.75,1e-04,37,"ASC2_age",0,0.330612794229965,1
1,1.75,1e-04,37,"ASC2_income",0.9,0.972091693686471,1
1,1.75,1e-04,37,"ASC2_child",0,0.427668561741617,1
1,1.75,1e-04,37,"ASC3_male",0,0.00485526776093931,1
1,1.75,1e-04,37,"ASC3_age",0.6,0.72791480396288,1
1,1.75,1e-04,37,"ASC3_income",1.1,0.993823473334227,1
1,1.75,1e-04,37,"ASC3_child",-0.8,0.136877286457008,1
1,1.75,1e-04,37,"prot25_male",-1.2,-1.12609535546845,1
1,1.75,1e-04,37,"prot25_age",0,0.176035793143501,1
1,1.75,1e-04,37,"prot25_income",1.1,-0.228256989822585,1
1,1.75,1e-04,37,"prot25_child",0,-0.2913977676223,1
1,1.75,1e-04,37,"prot50_male",0,-0.401004543909077,1
1,1.75,1e-04,37,"prot50_age",0.5,-0.0499245313350318,1
1,1.75,1e-04,37,"prot50_income",0,-0.728763216850973,1
1,1.75,1e-04,37,"prot50_child",0,-0.209806849862638,1
1,1.75,1e-04,37,"invasive_male",0,-0.296418855066752,1
1,1.75,1e-04,37,"invasive_age",1.1,0.628448882816972,1
1,1.75,1e-04,37,"invasive_income",0,-0.210011272098179,1
1,1.75,1e-04,37,"invasive_child",0.6,0.369397327413161,1
1,1.75,1e-04,38,"ASC2_male",0.3,0.475809993366457,1
1,1.75,1e-04,38,"ASC2_age",0.3,0.314464769017819,1
1,1.75,1e-04,38,"ASC2_income",0,-0.300151422755596,1
1,1.75,1e-04,38,"ASC2_child",0.9,1.17424762477919,1
1,1.75,1e-04,38,"ASC3_male",0,0.398807521444979,1
1,1.75,1e-04,38,"ASC3_age",-0.6,-0.175661233957304,1
1,1.75,1e-04,38,"ASC3_income",0,-0.282980934016112,1
1,1.75,1e-04,38,"ASC3_child",0,0.416482628039916,1
1,1.75,1e-04,38,"prot25_male",0,-0.578556584798542,1
1,1.75,1e-04,38,"prot25_age",0,-0.112043107228473,1
1,1.75,1e-04,38,"prot25_income",0.7,0.682201610707877,1
1,1.75,1e-04,38,"prot25_child",0,-0.872238588819383,1
1,1.75,1e-04,38,"prot50_male",0,-0.314768785890103,1
1,1.75,1e-04,38,"prot50_age",0,-0.41867457518778,1
1,1.75,1e-04,38,"prot50_income",0.2,0.470164101615134,1
1,1.75,1e-04,38,"prot50_child",-0.8,-1.15141216327685,1
1,1.75,1e-04,38,"invasive_male",0.1,0.305947141694991,1
1,1.75,1e-04,38,"invasive_age",0,-0.0849729159924432,1
1,1.75,1e-04,38,"invasive_income",-0.6,-0.644082468245837,1
1,1.75,1e-04,38,"invasive_child",-0.6,-0.447915003969681,1
1,1.75,1e-04,39,"ASC2_male",0.9,1.0866439739,1
1,1.75,1e-04,39,"ASC2_age",0,0.3442016429019,1
1,1.75,1e-04,39,"ASC2_income",0,0.356600491034532,1
1,1.75,1e-04,39,"ASC2_child",0,0.471362817890583,1
1,1.75,1e-04,39,"ASC3_male",-0.9,-0.250063845650105,1
1,1.75,1e-04,39,"ASC3_age",0,0.357496219447642,1
1,1.75,1e-04,39,"ASC3_income",-0.7,-0.424998925066062,1
1,1.75,1e-04,39,"ASC3_child",-1.1,0.136357649407921,1
1,1.75,1e-04,39,"prot25_male",-1,-0.830638639430521,1
1,1.75,1e-04,39,"prot25_age",-0.6,-1.02031816245405,1
1,1.75,1e-04,39,"prot25_income",0.7,0.902130107851816,1
1,1.75,1e-04,39,"prot25_child",-0.3,-1.00953408215977,1
1,1.75,1e-04,39,"prot50_male",0,-0.258286225525096,1
1,1.75,1e-04,39,"prot50_age",0,-0.419585599550817,1
1,1.75,1e-04,39,"prot50_income",0,0.0464193976366354,1
1,1.75,1e-04,39,"prot50_child",0,-0.0854923146482969,1
1,1.75,1e-04,39,"invasive_male",1.1,0.697188403733306,1
1,1.75,1e-04,39,"invasive_age",0,0.094193472435914,1
1,1.75,1e-04,39,"invasive_income",0,0.3614446123231,1
1,1.75,1e-04,39,"invasive_child",-0.6,0.0777001232757157,1
1,1.75,1e-04,40,"ASC2_male",0,-0.129934957731333,1
1,1.75,1e-04,40,"ASC2_age",-0.3,0.253692093416661,1
1,1.75,1e-04,40,"ASC2_income",1.1,1.24715444944406,1
1,1.75,1e-04,40,"ASC2_child",0,0.90309702661378,1
1,1.75,1e-04,40,"ASC3_male",0.5,0.200340062250415,1
1,1.75,1e-04,40,"ASC3_age",0,0.270908465830477,1
1,1.75,1e-04,40,"ASC3_income",-0.9,-0.119799940527532,1
1,1.75,1e-04,40,"ASC3_child",-1,0.1012340248464,1
1,1.75,1e-04,40,"prot25_male",-0.5,0.179071168142371,1
1,1.75,1e-04,40,"prot25_age",-0.3,-0.530989783422009,1
1,1.75,1e-04,40,"prot25_income",0,-0.767336578363486,1
1,1.75,1e-04,40,"prot25_child",0,-0.17302990950664,1
1,1.75,1e-04,40,"prot50_male",0,-0.159876384125443,1
1,1.75,1e-04,40,"prot50_age",-1,-0.823252014766685,1
1,1.75,1e-04,40,"prot50_income",0,-0.701675197662853,1
1,1.75,1e-04,40,"prot50_child",0,-0.54381751883792,1
1,1.75,1e-04,40,"invasive_male",0,-0.250627992943296,1
1,1.75,1e-04,40,"invasive_age",-0.3,0.0920046982485313,1
1,1.75,1e-04,40,"invasive_income",-0.1,-0.0325564676590747,1
1,1.75,1e-04,40,"invasive_child",0,0.635238731124075,1
1,1.75,1e-04,41,"ASC2_male",-0.5,-0.0991501023115585,1
1,1.75,1e-04,41,"ASC2_age",0.9,0.649516742062767,1
1,1.75,1e-04,41,"ASC2_income",1.1,0.449698877238366,1
1,1.75,1e-04,41,"ASC2_child",0,0.536128254285619,1
1,1.75,1e-04,41,"ASC3_male",0.3,0.209511420202787,1
1,1.75,1e-04,41,"ASC3_age",0,-0.00843849862676084,1
1,1.75,1e-04,41,"ASC3_income",0,-0.149690821355193,1
1,1.75,1e-04,41,"ASC3_child",0,0.5384601969778,1
1,1.75,1e-04,41,"prot25_male",0,0.441391293558027,1
1,1.75,1e-04,41,"prot25_age",0,-0.207461115223945,1
1,1.75,1e-04,41,"prot25_income",-0.2,-0.00164390313341391,1
1,1.75,1e-04,41,"prot25_child",0.7,0.184980276461956,1
1,1.75,1e-04,41,"prot50_male",-0.8,-0.345867322019186,1
1,1.75,1e-04,41,"prot50_age",-0.4,-0.783812164088,1
1,1.75,1e-04,41,"prot50_income",0,0.145870505779787,1
1,1.75,1e-04,41,"prot50_child",0,0.130978113234215,1
1,1.75,1e-04,41,"invasive_male",0,-0.454807209301161,1
1,1.75,1e-04,41,"invasive_age",0,-0.377850263897865,1
1,1.75,1e-04,41,"invasive_income",0.3,0.311007845920112,1
1,1.75,1e-04,41,"invasive_child",0.5,0.838076269411257,1
1,1.75,1e-04,42,"ASC2_male",0.6,1.31538034378623,1
1,1.75,1e-04,42,"ASC2_age",0,-0.415103261002581,1
1,1.75,1e-04,42,"ASC2_income",0.6,0.14258578571799,1
1,1.75,1e-04,42,"ASC2_child",0.8,-0.645422561367239,1
1,1.75,1e-04,42,"ASC3_male",0,0.771416547353304,1
1,1.75,1e-04,42,"ASC3_age",-0.3,-0.514146803351464,1
1,1.75,1e-04,42,"ASC3_income",0,-0.267646444121232,1
1,1.75,1e-04,42,"ASC3_child",-1,-1.57587637977738,1
1,1.75,1e-04,42,"prot25_male",0,-0.985817878589989,1
1,1.75,1e-04,42,"prot25_age",0.6,0.93418311401618,1
1,1.75,1e-04,42,"prot25_income",0,0.426812032507778,1
1,1.75,1e-04,42,"prot25_child",0,0.906455453153165,1
1,1.75,1e-04,42,"prot50_male",0,-0.831640554370944,1
1,1.75,1e-04,42,"prot50_age",0.7,0.903855220030247,1
1,1.75,1e-04,42,"prot50_income",-0.9,0.0274569566844377,1
1,1.75,1e-04,42,"prot50_child",-0.7,0.36817677777804,1
1,1.75,1e-04,42,"invasive_male",1.2,0.897008715978754,1
1,1.75,1e-04,42,"invasive_age",0,0.0435125802301957,1
1,1.75,1e-04,42,"invasive_income",0,0.275736610280689,1
1,1.75,1e-04,42,"invasive_child",0,-0.366647195341184,1
1,1.75,1e-04,43,"ASC2_male",-0.7,-0.777043659717948,1
1,1.75,1e-04,43,"ASC2_age",0,-0.0117836952979404,1
1,1.75,1e-04,43,"ASC2_income",0,-0.228711996047461,1
1,1.75,1e-04,43,"ASC2_child",0.2,-0.0553908889256815,1
1,1.75,1e-04,43,"ASC3_male",0.5,0.456220953024464,1
1,1.75,1e-04,43,"ASC3_age",0,-0.128291752158126,1
1,1.75,1e-04,43,"ASC3_income",1,0.19510377056008,1
1,1.75,1e-04,43,"ASC3_child",-0.3,0.466828179626413,1
1,1.75,1e-04,43,"prot25_male",0,0.158742223128686,1
1,1.75,1e-04,43,"prot25_age",-0.9,-0.596091697134756,1
1,1.75,1e-04,43,"prot25_income",0,0.209209531833239,1
1,1.75,1e-04,43,"prot25_child",0,-0.444783004378783,1
1,1.75,1e-04,43,"prot50_male",0,-0.295618290860132,1
1,1.75,1e-04,43,"prot50_age",0,0.0818801758733864,1
1,1.75,1e-04,43,"prot50_income",-1.2,-0.994155314910059,1
1,1.75,1e-04,43,"prot50_child",0.6,0.0314691948366897,1
1,1.75,1e-04,43,"invasive_male",0.7,-0.0440008988100525,1
1,1.75,1e-04,43,"invasive_age",0,-0.0594035427390917,1
1,1.75,1e-04,43,"invasive_income",-0.6,-0.902619541203358,1
1,1.75,1e-04,43,"invasive_child",0,-0.0537097277463508,1
1,1.75,1e-04,44,"ASC2_male",0,-0.258438104054589,1
1,1.75,1e-04,44,"ASC2_age",-0.5,-0.396562987270598,1
1,1.75,1e-04,44,"ASC2_income",-1,-0.242452997617597,1
1,1.75,1e-04,44,"ASC2_child",-0.8,-0.172197991455385,1
1,1.75,1e-04,44,"ASC3_male",-1.1,-0.985992178587618,1
1,1.75,1e-04,44,"ASC3_age",0,0.0264031954977173,1
1,1.75,1e-04,44,"ASC3_income",0,-0.00354407919689976,1
1,1.75,1e-04,44,"ASC3_child",0,0.422383952015214,1
1,1.75,1e-04,44,"prot25_male",-1.1,-0.318908580623532,1
1,1.75,1e-04,44,"prot25_age",-0.3,-0.225938751792919,1
1,1.75,1e-04,44,"prot25_income",0,-0.127762817743096,1
1,1.75,1e-04,44,"prot25_child",-0.6,-0.450952349886127,1
1,1.75,1e-04,44,"prot50_male",0,0.376073268604037,1
1,1.75,1e-04,44,"prot50_age",0,0.135714369579824,1
1,1.75,1e-04,44,"prot50_income",-0.8,-0.496074323626888,1
1,1.75,1e-04,44,"prot50_child",0,0.343144593982266,1
1,1.75,1e-04,44,"invasive_male",-0.3,-0.446838358015636,1
1,1.75,1e-04,44,"invasive_age",0,0.23594843796085,1
1,1.75,1e-04,44,"invasive_income",0,0.0105055155963964,1
1,1.75,1e-04,44,"invasive_child",-0.4,0.869272563931631,1
1,1.75,1e-04,45,"ASC2_male",0,0.0554130270079408,1
1,1.75,1e-04,45,"ASC2_age",0.7,0.796704564169829,1
1,1.75,1e-04,45,"ASC2_income",1.1,0.627882799999536,1
1,1.75,1e-04,45,"ASC2_child",0.3,0.309346290384507,1
1,1.75,1e-04,45,"ASC3_male",0,-0.344928826439375,1
1,1.75,1e-04,45,"ASC3_age",0.4,0.857323690614412,1
1,1.75,1e-04,45,"ASC3_income",-0.1,-0.00944371725799073,1
1,1.75,1e-04,45,"ASC3_child",0,0.425920611028836,1
1,1.75,1e-04,45,"prot25_male",0,0.587772569565615,1
1,1.75,1e-04,45,"prot25_age",0,-0.503197332930675,1
1,1.75,1e-04,45,"prot25_income",0,0.0314614724648278,1
1,1.75,1e-04,45,"prot25_child",1.1,0.203192660332665,1
1,1.75,1e-04,45,"prot50_male",0,0.350315548104739,1
1,1.75,1e-04,45,"prot50_age",-0.4,-0.370557539074049,1
1,1.75,1e-04,45,"prot50_income",0,-0.0417800869384255,1
1,1.75,1e-04,45,"prot50_child",0.4,0.268626238116411,1
1,1.75,1e-04,45,"invasive_male",-0.3,-0.477171083953091,1
1,1.75,1e-04,45,"invasive_age",-0.2,0.367136312907819,1
1,1.75,1e-04,45,"invasive_income",0,0.201974778669803,1
1,1.75,1e-04,45,"invasive_child",0,0.527538234870568,1
1,1.75,1e-04,46,"ASC2_male",0.4,-0.643805397393951,1
1,1.75,1e-04,46,"ASC2_age",0,0.31753277040094,1
1,1.75,1e-04,46,"ASC2_income",0,-0.179229552065473,1
1,1.75,1e-04,46,"ASC2_child",-0.5,-0.200828574606298,1
1,1.75,1e-04,46,"ASC3_male",-0.9,-1.73291837537567,1
1,1.75,1e-04,46,"ASC3_age",0,-0.0877940090645129,1
1,1.75,1e-04,46,"ASC3_income",-1,-0.983027535720692,1
1,1.75,1e-04,46,"ASC3_child",0.7,0.420478540407623,1
1,1.75,1e-04,46,"prot25_male",0,1.48206464125429,1
1,1.75,1e-04,46,"prot25_age",-0.9,-0.94668702413904,1
1,1.75,1e-04,46,"prot25_income",0,0.091913390607685,1
1,1.75,1e-04,46,"prot25_child",0,-0.201163909572386,1
1,1.75,1e-04,46,"prot50_male",0,1.42382641106747,1
1,1.75,1e-04,46,"prot50_age",0.3,0.520441600801261,1
1,1.75,1e-04,46,"prot50_income",1,0.827823982951317,1
1,1.75,1e-04,46,"prot50_child",0,-0.288328381767396,1
1,1.75,1e-04,46,"invasive_male",0.3,0.31576397658112,1
1,1.75,1e-04,46,"invasive_age",0,0.262328879207726,1
1,1.75,1e-04,46,"invasive_income",0.2,0.175002065661438,1
1,1.75,1e-04,46,"invasive_child",0,-0.352351282797779,1
1,1.75,1e-04,47,"ASC2_male",0,0.346929816524551,1
1,1.75,1e-04,47,"ASC2_age",0,-0.128514117239896,1
1,1.75,1e-04,47,"ASC2_income",0.8,0.166569348777085,1
1,1.75,1e-04,47,"ASC2_child",-1.2,-0.987629593351496,1
1,1.75,1e-04,47,"ASC3_male",0.2,0.287074209821181,1
1,1.75,1e-04,47,"ASC3_age",0,-0.167365620781947,1
1,1.75,1e-04,47,"ASC3_income",0,-0.531661222998496,1
1,1.75,1e-04,47,"ASC3_child",0,0.332039341955209,1
1,1.75,1e-04,47,"prot25_male",0,0.262860366556377,1
1,1.75,1e-04,47,"prot25_age",0.5,0.201730202002272,1
1,1.75,1e-04,47,"prot25_income",0.4,0.633708067037571,1
1,1.75,1e-04,47,"prot25_child",0.9,0.248730500509921,1
1,1.75,1e-04,47,"prot50_male",0,0.482728545378438,1
1,1.75,1e-04,47,"prot50_age",-0.3,-0.395213356776674,1
1,1.75,1e-04,47,"prot50_income",-0.7,-0.105399928195644,1
1,1.75,1e-04,47,"prot50_child",-1.1,-1.28949821545688,1
1,1.75,1e-04,47,"invasive_male",0,0.510501588172578,1
1,1.75,1e-04,47,"invasive_age",0.5,0.074122786207143,1
1,1.75,1e-04,47,"invasive_income",0,-0.455662859302877,1
1,1.75,1e-04,47,"invasive_child",0,-0.527071779322302,1
1,1.75,1e-04,48,"ASC2_male",1.1,0.826057021291833,1
1,1.75,1e-04,48,"ASC2_age",0,-0.102862647167313,1
1,1.75,1e-04,48,"ASC2_income",0,-0.218671072219444,1
1,1.75,1e-04,48,"ASC2_child",-0.3,-0.423370056738482,1
1,1.75,1e-04,48,"ASC3_male",0,-0.119945351993959,1
1,1.75,1e-04,48,"ASC3_age",0,-0.0595407684036149,1
1,1.75,1e-04,48,"ASC3_income",0.8,0.622640877774925,1
1,1.75,1e-04,48,"ASC3_child",0,-0.721157973819078,1
1,1.75,1e-04,48,"prot25_male",-0.6,-0.374837753476998,1
1,1.75,1e-04,48,"prot25_age",0,0.0510333333681073,1
1,1.75,1e-04,48,"prot25_income",-0.2,-0.526826565536033,1
1,1.75,1e-04,48,"prot25_child",0,-0.964802770345326,1
1,1.75,1e-04,48,"prot50_male",0,0.338560800270608,1
1,1.75,1e-04,48,"prot50_age",-0.4,0.181559356686502,1
1,1.75,1e-04,48,"prot50_income",0,-0.0204479204188531,1
1,1.75,1e-04,48,"prot50_child",0,-0.265964651138422,1
1,1.75,1e-04,48,"invasive_male",0.7,0.766391019517386,1
1,1.75,1e-04,48,"invasive_age",-0.6,-0.222911631700861,1
1,1.75,1e-04,48,"invasive_income",-0.3,0.203883603315786,1
1,1.75,1e-04,48,"invasive_child",-0.7,-1.28426513464765,1
1,1.75,1e-04,49,"ASC2_male",0.7,0.593742326596634,1
1,1.75,1e-04,49,"ASC2_age",0,0.38507336043349,1
1,1.75,1e-04,49,"ASC2_income",-0.8,-0.833089300263984,1
1,1.75,1e-04,49,"ASC2_child",-0.9,-1.1591411677602,1
1,1.75,1e-04,49,"ASC3_male",0,0.358890053682589,1
1,1.75,1e-04,49,"ASC3_age",0,0.288829550178646,1
1,1.75,1e-04,49,"ASC3_income",-0.5,-0.613629705338295,1
1,1.75,1e-04,49,"ASC3_child",0,-0.0288652074264762,1
1,1.75,1e-04,49,"prot25_male",0.8,0.746483437607464,1
1,1.75,1e-04,49,"prot25_age",0,0.00688331961457949,1
1,1.75,1e-04,49,"prot25_income",0,0.107439847423038,1
1,1.75,1e-04,49,"prot25_child",0.5,1.04400901340139,1
1,1.75,1e-04,49,"prot50_male",-0.1,0.168858951176727,1
1,1.75,1e-04,49,"prot50_age",0.8,0.336624546057408,1
1,1.75,1e-04,49,"prot50_income",0,-0.0162844922150473,1
1,1.75,1e-04,49,"prot50_child",0,-0.0979307474650895,1
1,1.75,1e-04,49,"invasive_male",-0.9,-1.07895742319783,1
1,1.75,1e-04,49,"invasive_age",0,0.0762353295990754,1
1,1.75,1e-04,49,"invasive_income",0,-0.195316724364242,1
1,1.75,1e-04,49,"invasive_child",0.3,0.308101965192401,1
1,1.75,1e-04,50,"ASC2_male",0,-0.960901072385017,1
1,1.75,1e-04,50,"ASC2_age",0.8,0.536853960802041,1
1,1.75,1e-04,50,"ASC2_income",0,-0.435292318054255,1
1,1.75,1e-04,50,"ASC2_child",0,-0.876452519171578,1
1,1.75,1e-04,50,"ASC3_male",-0.5,-1.12175078167709,1
1,1.75,1e-04,50,"ASC3_age",-0.4,-0.369664640522301,1
1,1.75,1e-04,50,"ASC3_income",1.1,0.281930096839913,1
1,1.75,1e-04,50,"ASC3_child",0.5,-0.723221775293458,1
1,1.75,1e-04,50,"prot25_male",1.1,1.44309289669887,1
1,1.75,1e-04,50,"prot25_age",0.8,0.504774310942132,1
1,1.75,1e-04,50,"prot25_income",0,-0.0922422289026288,1
1,1.75,1e-04,50,"prot25_child",0,1.38295365149324,1
1,1.75,1e-04,50,"prot50_male",-0.6,0.860950689269429,1
1,1.75,1e-04,50,"prot50_age",0,-0.115432298765206,1
1,1.75,1e-04,50,"prot50_income",-0.3,0.20123512921477,1
1,1.75,1e-04,50,"prot50_child",0,1.33782486965031,1
1,1.75,1e-04,50,"invasive_male",0,0.460246326596314,1
1,1.75,1e-04,50,"invasive_age",0,-0.139431994097307,1
1,1.75,1e-04,50,"invasive_income",0.6,0.309536274093175,1
1,1.75,1e-04,50,"invasive_child",0,0.417133701924477,1
1,1.75,1e-04,51,"ASC2_male",-0.3,0.0124431026416268,1
1,1.75,1e-04,51,"ASC2_age",-0.5,-0.353997110607788,1
1,1.75,1e-04,51,"ASC2_income",0,-0.360840190507741,1
1,1.75,1e-04,51,"ASC2_child",-0.7,-0.665460437837986,1
1,1.75,1e-04,51,"ASC3_male",0,0.0316526694865897,1
1,1.75,1e-04,51,"ASC3_age",0.5,0.631518802085252,1
1,1.75,1e-04,51,"ASC3_income",0,-0.188100993572681,1
1,1.75,1e-04,51,"ASC3_child",0,0.209483134220354,1
1,1.75,1e-04,51,"prot25_male",-1.1,-1.09471446137529,1
1,1.75,1e-04,51,"prot25_age",0.3,-0.012273755155553,1
1,1.75,1e-04,51,"prot25_income",0.2,0.312011991380978,1
1,1.75,1e-04,51,"prot25_child",0,0.277859320045915,1
1,1.75,1e-04,51,"prot50_male",0,0.398525194342112,1
1,1.75,1e-04,51,"prot50_age",0,-0.419425599648912,1
1,1.75,1e-04,51,"prot50_income",0,0.259215488161443,1
1,1.75,1e-04,51,"prot50_child",1.2,0.56866442598351,1
1,1.75,1e-04,51,"invasive_male",-0.1,-0.123909035997051,1
1,1.75,1e-04,51,"invasive_age",0,-0.047111606452719,1
1,1.75,1e-04,51,"invasive_income",0,0.123976905606261,1
1,1.75,1e-04,51,"invasive_child",0.3,-0.182355569604145,1
1,1.75,1e-04,52,"ASC2_male",-0.5,-1.45903338197038,1
1,1.75,1e-04,52,"ASC2_age",-0.5,0.196908209212564,1
1,1.75,1e-04,52,"ASC2_income",1.1,0.76344340840774,1
1,1.75,1e-04,52,"ASC2_child",-0.5,0.829763126030309,1
1,1.75,1e-04,52,"ASC3_male",0.3,-0.409689490389833,1
1,1.75,1e-04,52,"ASC3_age",0,0.25347576610364,1
1,1.75,1e-04,52,"ASC3_income",0,-0.192646560583817,1
1,1.75,1e-04,52,"ASC3_child",0,0.642452909640592,1
1,1.75,1e-04,52,"prot25_male",-0.3,0.838799757663388,1
1,1.75,1e-04,52,"prot25_age",1,0.294519555037123,1
1,1.75,1e-04,52,"prot25_income",0,0.444770589715884,1
1,1.75,1e-04,52,"prot25_child",-1.2,-0.658259218389121,1
1,1.75,1e-04,52,"prot50_male",0,0.506170716365585,1
1,1.75,1e-04,52,"prot50_age",0,-0.287750780868213,1
1,1.75,1e-04,52,"prot50_income",0,0.131919722381776,1
1,1.75,1e-04,52,"prot50_child",0.3,-0.284554416801326,1
1,1.75,1e-04,52,"invasive_male",0.1,-0.410387892645367,1
1,1.75,1e-04,52,"invasive_age",0,0.466066950168635,1
1,1.75,1e-04,52,"invasive_income",0,0.0379718901394934,1
1,1.75,1e-04,52,"invasive_child",0,0.947170971233044,1
1,1.75,1e-04,53,"ASC2_male",-0.4,0.0678782826731722,1
1,1.75,1e-04,53,"ASC2_age",0,0.191023278245609,1
1,1.75,1e-04,53,"ASC2_income",-0.7,-0.383583531329087,1
1,1.75,1e-04,53,"ASC2_child",0,-0.165504820873203,1
1,1.75,1e-04,53,"ASC3_male",0.3,0.693616881706263,1
1,1.75,1e-04,53,"ASC3_age",0.6,0.417540874169378,1
1,1.75,1e-04,53,"ASC3_income",0,-0.0258115145730738,1
1,1.75,1e-04,53,"ASC3_child",0,-0.0253188371806763,1
1,1.75,1e-04,53,"prot25_male",0,-0.337540682608505,1
1,1.75,1e-04,53,"prot25_age",0.4,0.100367787862276,1
1,1.75,1e-04,53,"prot25_income",0,-0.0989305788314738,1
1,1.75,1e-04,53,"prot25_child",0,0.340446132630104,1
1,1.75,1e-04,53,"prot50_male",-0.6,-0.391508623782289,1
1,1.75,1e-04,53,"prot50_age",0.9,0.0225754052008936,1
1,1.75,1e-04,53,"prot50_income",0,0.276924317245959,1
1,1.75,1e-04,53,"prot50_child",-1.1,-1.02078422331358,1
1,1.75,1e-04,53,"invasive_male",-0.5,-0.151414916003427,1
1,1.75,1e-04,53,"invasive_age",0,-0.0142255428491855,1
1,1.75,1e-04,53,"invasive_income",0,0.46482085418527,1
1,1.75,1e-04,53,"invasive_child",-0.6,-0.637801989468749,1
1,1.75,1e-04,54,"ASC2_male",0,-0.73612980433033,1
1,1.75,1e-04,54,"ASC2_age",-0.5,-0.335124591864956,1
1,1.75,1e-04,54,"ASC2_income",-0.7,-0.294658046964559,1
1,1.75,1e-04,54,"ASC2_child",0,0.321303265665672,1
1,1.75,1e-04,54,"ASC3_male",1.1,0.111494173187643,1
1,1.75,1e-04,54,"ASC3_age",0,0.0733693919314936,1
1,1.75,1e-04,54,"ASC3_income",0,0.0559395698691441,1
1,1.75,1e-04,54,"ASC3_child",-0.5,0.118812434623232,1
1,1.75,1e-04,54,"prot25_male",0,1.15426267816313,1
1,1.75,1e-04,54,"prot25_age",0.3,-0.023053823886667,1
1,1.75,1e-04,54,"prot25_income",0,0.163509088002636,1
1,1.75,1e-04,54,"prot25_child",0,-0.276572724776887,1
1,1.75,1e-04,54,"prot50_male",0,0.63795354801046,1
1,1.75,1e-04,54,"prot50_age",0.2,-0.0833447995231509,1
1,1.75,1e-04,54,"prot50_income",0.5,0.258159012013318,1
1,1.75,1e-04,54,"prot50_child",-0.7,-0.618908331200839,1
1,1.75,1e-04,54,"invasive_male",0,-0.0405188121825382,1
1,1.75,1e-04,54,"invasive_age",0.1,-0.227082499195782,1
1,1.75,1e-04,54,"invasive_income",-1.2,-0.619784822027287,1
1,1.75,1e-04,54,"invasive_child",0,0.00102778116502208,1
1,1.75,1e-04,55,"ASC2_male",0,1.18761369934932,1
1,1.75,1e-04,55,"ASC2_age",0,-0.361132897730786,1
1,1.75,1e-04,55,"ASC2_income",0,-0.0876757139831541,1
1,1.75,1e-04,55,"ASC2_child",0,-0.838969388037173,1
1,1.75,1e-04,55,"ASC3_male",0.5,0.997765985859937,1
1,1.75,1e-04,55,"ASC3_age",0,-0.344020955423108,1
1,1.75,1e-04,55,"ASC3_income",0,-0.0314115309780761,1
1,1.75,1e-04,55,"ASC3_child",0,-0.583323305942364,1
1,1.75,1e-04,55,"prot25_male",0.2,-0.07047245028621,1
1,1.75,1e-04,55,"prot25_age",0.7,0.856343221871661,1
1,1.75,1e-04,55,"prot25_income",-0.7,-0.818796029800252,1
1,1.75,1e-04,55,"prot25_child",0,0.575816300049758,1
1,1.75,1e-04,55,"prot50_male",-0.5,-0.63852562169533,1
1,1.75,1e-04,55,"prot50_age",0.5,0.716431281763353,1
1,1.75,1e-04,55,"prot50_income",-1,-0.781552819485466,1
1,1.75,1e-04,55,"prot50_child",0,0.679583369611089,1
1,1.75,1e-04,55,"invasive_male",0.8,1.09906039927259,1
1,1.75,1e-04,55,"invasive_age",0,0.0840853493897792,1
1,1.75,1e-04,55,"invasive_income",-0.9,-0.820757498539411,1
1,1.75,1e-04,55,"invasive_child",-1.2,-0.417459388557871,1
1,1.75,1e-04,56,"ASC2_male",0,0.28226818535268,1
1,1.75,1e-04,56,"ASC2_age",-0.7,-0.748341918891118,1
1,1.75,1e-04,56,"ASC2_income",0,0.0579490775748805,1
1,1.75,1e-04,56,"ASC2_child",0,-0.284292885980456,1
1,1.75,1e-04,56,"ASC3_male",0,0.365528826071169,1
1,1.75,1e-04,56,"ASC3_age",-0.4,-0.816654872691534,1
1,1.75,1e-04,56,"ASC3_income",0,-0.108017384494816,1
1,1.75,1e-04,56,"ASC3_child",0,-0.0354943618047181,1
1,1.75,1e-04,56,"prot25_male",0,-0.566444271823024,1
1,1.75,1e-04,56,"prot25_age",0,0.438256198378012,1
1,1.75,1e-04,56,"prot25_income",-0.2,-0.0567663845004047,1
1,1.75,1e-04,56,"prot25_child",-1,-0.54320198036075,1
1,1.75,1e-04,56,"prot50_male",0.7,-0.292954581709794,1
1,1.75,1e-04,56,"prot50_age",0.5,0.618033845102293,1
1,1.75,1e-04,56,"prot50_income",-0.6,-0.794708490773006,1
1,1.75,1e-04,56,"prot50_child",0.7,0.108560055847908,1
1,1.75,1e-04,56,"invasive_male",0,-0.413753222626117,1
1,1.75,1e-04,56,"invasive_age",-1.1,-0.813711447491306,1
1,1.75,1e-04,56,"invasive_income",0.3,-0.197582348391824,1
1,1.75,1e-04,56,"invasive_child",0,-0.655530213619967,1
1,1.75,1e-04,57,"ASC2_male",1.2,0.288244345086282,1
1,1.75,1e-04,57,"ASC2_age",1,0.804672940718565,1
1,1.75,1e-04,57,"ASC2_income",0,-0.587798797126666,1
1,1.75,1e-04,57,"ASC2_child",0,0.228753289100534,1
1,1.75,1e-04,57,"ASC3_male",-0.2,-0.076385831879493,1
1,1.75,1e-04,57,"ASC3_age",0,0.288039364934168,1
1,1.75,1e-04,57,"ASC3_income",0,-0.58785420618328,1
1,1.75,1e-04,57,"ASC3_child",0,-0.15717435933698,1
1,1.75,1e-04,57,"prot25_male",-1,-0.819120404648006,1
1,1.75,1e-04,57,"prot25_age",0,-0.203531525607445,1
1,1.75,1e-04,57,"prot25_income",-0.1,0.131727798272346,1
1,1.75,1e-04,57,"prot25_child",0,0.19055909743574,1
1,1.75,1e-04,57,"prot50_male",-0.4,-0.598480520235596,1
1,1.75,1e-04,57,"prot50_age",-0.6,-0.537913758412336,1
1,1.75,1e-04,57,"prot50_income",0.5,0.218985530288289,1
1,1.75,1e-04,57,"prot50_child",0.6,0.0839312205831839,1
1,1.75,1e-04,57,"invasive_male",0.7,0.273237462936838,1
1,1.75,1e-04,57,"invasive_age",0,0.240274976306011,1
1,1.75,1e-04,57,"invasive_income",0,-0.372659779099482,1
1,1.75,1e-04,57,"invasive_child",0,0.0252313132904484,1
1,1.75,1e-04,58,"ASC2_male",0.3,-0.106244447463791,1
1,1.75,1e-04,58,"ASC2_age",0.2,0.183985182680464,1
1,1.75,1e-04,58,"ASC2_income",0,0.423918959804651,1
1,1.75,1e-04,58,"ASC2_child",0,0.165639533829469,1
1,1.75,1e-04,58,"ASC3_male",0,-0.479325049215334,1
1,1.75,1e-04,58,"ASC3_age",0,0.374337366168071,1
1,1.75,1e-04,58,"ASC3_income",0,0.359730335150244,1
1,1.75,1e-04,58,"ASC3_child",0.1,0.516230701130248,1
1,1.75,1e-04,58,"prot25_male",0,-0.185940081278535,1
1,1.75,1e-04,58,"prot25_age",0,-0.0751882303949216,1
1,1.75,1e-04,58,"prot25_income",0,-0.220782073204474,1
1,1.75,1e-04,58,"prot25_child",1,-0.393368493261995,1
1,1.75,1e-04,58,"prot50_male",0,-0.264276233577919,1
1,1.75,1e-04,58,"prot50_age",0.5,0.434307067280521,1
1,1.75,1e-04,58,"prot50_income",0,-0.116893747763123,1
1,1.75,1e-04,58,"prot50_child",0.8,-0.193106352909364,1
1,1.75,1e-04,58,"invasive_male",0.5,-0.240993041186106,1
1,1.75,1e-04,58,"invasive_age",1,0.812348502800183,1
1,1.75,1e-04,58,"invasive_income",0.6,0.688411161004729,1
1,1.75,1e-04,58,"invasive_child",0.7,0.169668679650254,1
1,1.75,1e-04,59,"ASC2_male",0,0.0196349784410622,1
1,1.75,1e-04,59,"ASC2_age",0.5,-0.0781126012890145,1
1,1.75,1e-04,59,"ASC2_income",0,0.19796317037647,1
1,1.75,1e-04,59,"ASC2_child",0,0.0489024653569342,1
1,1.75,1e-04,59,"ASC3_male",0.6,0.56475486631822,1
1,1.75,1e-04,59,"ASC3_age",-1.1,-1.28156053572461,1
1,1.75,1e-04,59,"ASC3_income",0,0.196889821281217,1
1,1.75,1e-04,59,"ASC3_child",0,-0.12826109249602,1
1,1.75,1e-04,59,"prot25_male",-0.7,-0.786305648603153,1
1,1.75,1e-04,59,"prot25_age",0,0.152559220154874,1
1,1.75,1e-04,59,"prot25_income",-0.2,-0.168937391789831,1
1,1.75,1e-04,59,"prot25_child",0,-0.361780768590711,1
1,1.75,1e-04,59,"prot50_male",0.4,0.0938772886526224,1
1,1.75,1e-04,59,"prot50_age",-0.9,-0.147743855367661,1
1,1.75,1e-04,59,"prot50_income",0,0.0221324095482863,1
1,1.75,1e-04,59,"prot50_child",0,0.00284069364990138,1
1,1.75,1e-04,59,"invasive_male",1,0.688929166823925,1
1,1.75,1e-04,59,"invasive_age",-0.8,-1.07624267124657,1
1,1.75,1e-04,59,"invasive_income",-0.4,-0.37158312574278,1
1,1.75,1e-04,59,"invasive_child",0,0.0654077147121372,1
1,1.75,1e-04,60,"ASC2_male",-1.2,-0.365055405721785,1
1,1.75,1e-04,60,"ASC2_age",0,-0.0586431122360903,1
1,1.75,1e-04,60,"ASC2_income",0.6,0.160413526711405,1
1,1.75,1e-04,60,"ASC2_child",-0.4,-0.105044410356068,1
1,1.75,1e-04,60,"ASC3_male",0,0.174310492148337,1
1,1.75,1e-04,60,"ASC3_age",0,-0.282018071279619,1
1,1.75,1e-04,60,"ASC3_income",0,-0.472895891042576,1
1,1.75,1e-04,60,"ASC3_child",0,0.234577160624941,1
1,1.75,1e-04,60,"prot25_male",0,-0.520789056820855,1
1,1.75,1e-04,60,"prot25_age",-0.4,-0.045571169594,1
1,1.75,1e-04,60,"prot25_income",0,0.241813983712616,1
1,1.75,1e-04,60,"prot25_child",0,-0.544639249461312,1
1,1.75,1e-04,60,"prot50_male",-1.1,-1.42347134049257,1
1,1.75,1e-04,60,"prot50_age",0,0.734417754285089,1
1,1.75,1e-04,60,"prot50_income",0.4,0.409454573983138,1
1,1.75,1e-04,60,"prot50_child",0,-0.725552831345016,1
1,1.75,1e-04,60,"invasive_male",0.3,0.231334881950192,1
1,1.75,1e-04,60,"invasive_age",-0.5,-0.228398578582747,1
1,1.75,1e-04,60,"invasive_income",-0.7,-0.417799363262117,1
1,1.75,1e-04,60,"invasive_child",1,0.389744059890765,1
1,1.75,1e-04,61,"ASC2_male",0.8,-0.0952388785323654,1
1,1.75,1e-04,61,"ASC2_age",-0.9,-0.838639951522296,1
1,1.75,1e-04,61,"ASC2_income",-0.3,-0.207451642014201,1
1,1.75,1e-04,61,"ASC2_child",0,-0.116499733004056,1
1,1.75,1e-04,61,"ASC3_male",0,-0.391734834305884,1
1,1.75,1e-04,61,"ASC3_age",0,-0.45358669121472,1
1,1.75,1e-04,61,"ASC3_income",0,-0.199113283717018,1
1,1.75,1e-04,61,"ASC3_child",0,-0.0643785400269861,1
1,1.75,1e-04,61,"prot25_male",0,0.0239246682774006,1
1,1.75,1e-04,61,"prot25_age",-1,-0.0860291137112499,1
1,1.75,1e-04,61,"prot25_income",0,-0.0298522317157938,1
1,1.75,1e-04,61,"prot25_child",0,0.385343917672054,1
1,1.75,1e-04,61,"prot50_male",-0.8,0.0322242445623977,1
1,1.75,1e-04,61,"prot50_age",0.2,0.264608829980743,1
1,1.75,1e-04,61,"prot50_income",0,-0.0283780620592513,1
1,1.75,1e-04,61,"prot50_child",0.3,0.339552473242405,1
1,1.75,1e-04,61,"invasive_male",0,0.130315366788541,1
1,1.75,1e-04,61,"invasive_age",1,0.590783495018288,1
1,1.75,1e-04,61,"invasive_income",0.2,-0.136706117938942,1
1,1.75,1e-04,61,"invasive_child",0.9,0.328167193721906,1
1,1.75,1e-04,62,"ASC2_male",0,-1.75177987425473,1
1,1.75,1e-04,62,"ASC2_age",0,0.0569982486822516,1
1,1.75,1e-04,62,"ASC2_income",0.1,-0.322915749356966,1
1,1.75,1e-04,62,"ASC2_child",0,0.031876436752976,1
1,1.75,1e-04,62,"ASC3_male",0,-1.6909143853234,1
1,1.75,1e-04,62,"ASC3_age",0.6,0.377519288552182,1
1,1.75,1e-04,62,"ASC3_income",0.6,0.147484164181357,1
1,1.75,1e-04,62,"ASC3_child",0,-0.0120345218050022,1
1,1.75,1e-04,62,"prot25_male",-0.5,0.70956375281903,1
1,1.75,1e-04,62,"prot25_age",0,-0.158857766635573,1
1,1.75,1e-04,62,"prot25_income",0,0.259155754451056,1
1,1.75,1e-04,62,"prot25_child",-0.2,0.231125521736995,1
1,1.75,1e-04,62,"prot50_male",-0.5,0.662371794706159,1
1,1.75,1e-04,62,"prot50_age",0.3,-0.0348702068127665,1
1,1.75,1e-04,62,"prot50_income",0,0.513919378683953,1
1,1.75,1e-04,62,"prot50_child",1,1.27785924482417,1
1,1.75,1e-04,62,"invasive_male",0.5,-0.561699189141745,1
1,1.75,1e-04,62,"invasive_age",0,-0.174422990854567,1
1,1.75,1e-04,62,"invasive_income",0,0.0669350646121015,1
1,1.75,1e-04,62,"invasive_child",-0.9,-0.425826939693608,1
1,1.75,1e-04,63,"ASC2_male",0,-0.304449195501908,1
1,1.75,1e-04,63,"ASC2_age",0.6,0.452256019516461,1
1,1.75,1e-04,63,"ASC2_income",-0.7,-0.779419722551789,1
1,1.75,1e-04,63,"ASC2_child",0,-0.376686907055053,1
1,1.75,1e-04,63,"ASC3_male",-0.5,-1.11923922503061,1
1,1.75,1e-04,63,"ASC3_age",0,-0.13344354368661,1
1,1.75,1e-04,63,"ASC3_income",0,0.0740993676198426,1
1,1.75,1e-04,63,"ASC3_child",-0.1,-0.228181111464153,1
1,1.75,1e-04,63,"prot25_male",0,0.357942222279501,1
1,1.75,1e-04,63,"prot25_age",0,-0.025225357990256,1
1,1.75,1e-04,63,"prot25_income",-0.4,-0.284113376369661,1
1,1.75,1e-04,63,"prot25_child",-0.6,-0.140703201025331,1
1,1.75,1e-04,63,"prot50_male",0,0.0744774278284536,1
1,1.75,1e-04,63,"prot50_age",0,0.205062790447802,1
1,1.75,1e-04,63,"prot50_income",-0.9,-0.854721264938815,1
1,1.75,1e-04,63,"prot50_child",-0.7,-0.154519090894195,1
1,1.75,1e-04,63,"invasive_male",0.8,0.296709666463632,1
1,1.75,1e-04,63,"invasive_age",0,-0.137581865960162,1
1,1.75,1e-04,63,"invasive_income",-0.8,-1.10393472590567,1
1,1.75,1e-04,63,"invasive_child",0,-0.177898884454404,1
1,1.75,1e-04,64,"ASC2_male",0.2,0.212193647581151,1
1,1.75,1e-04,64,"ASC2_age",0,-0.250017510402333,1
1,1.75,1e-04,64,"ASC2_income",-0.3,-0.227447159022652,1
1,1.75,1e-04,64,"ASC2_child",0,0.0969498962623253,1
1,1.75,1e-04,64,"ASC3_male",0,0.51191042998111,1
1,1.75,1e-04,64,"ASC3_age",-1.2,-1.07278722584802,1
1,1.75,1e-04,64,"ASC3_income",0.1,-0.030889842867692,1
1,1.75,1e-04,64,"ASC3_child",0,0.390744383520946,1
1,1.75,1e-04,64,"prot25_male",-0.8,-0.506313901243562,1
1,1.75,1e-04,64,"prot25_age",0.1,-0.0760379106086044,1
1,1.75,1e-04,64,"prot25_income",0.3,0.379566983070194,1
1,1.75,1e-04,64,"prot25_child",-0.5,0.105761506860917,1
1,1.75,1e-04,64,"prot50_male",0.2,0.533878088833305,1
1,1.75,1e-04,64,"prot50_age",1.1,0.632979630651122,1
1,1.75,1e-04,64,"prot50_income",0,0.0677734852775635,1
1,1.75,1e-04,64,"prot50_child",0,0.244585555344073,1
1,1.75,1e-04,64,"invasive_male",0,0.426570163485504,1
1,1.75,1e-04,64,"invasive_age",0,-0.239424658568157,1
1,1.75,1e-04,64,"invasive_income",0,0.104027002094463,1
1,1.75,1e-04,64,"invasive_child",0,0.177128756335734,1
1,1.75,1e-04,65,"ASC2_male",0,-0.132140122049783,1
1,1.75,1e-04,65,"ASC2_age",0.8,0.286258520116615,1
1,1.75,1e-04,65,"ASC2_income",0.2,1.00160574568162,1
1,1.75,1e-04,65,"ASC2_child",0,1.13779192648321,1
1,1.75,1e-04,65,"ASC3_male",0,0.120959853078982,1
1,1.75,1e-04,65,"ASC3_age",0,-0.473053813509037,1
1,1.75,1e-04,65,"ASC3_income",0.7,1.45515108149345,1
1,1.75,1e-04,65,"ASC3_child",0.5,0.946288868456706,1
1,1.75,1e-04,65,"prot25_male",0,0.0492124505464628,1
1,1.75,1e-04,65,"prot25_age",0,0.0940028924919626,1
1,1.75,1e-04,65,"prot25_income",0,-0.178890395890434,1
1,1.75,1e-04,65,"prot25_child",1,0.211409533855577,1
1,1.75,1e-04,65,"prot50_male",0.6,0.321687397179496,1
1,1.75,1e-04,65,"prot50_age",0,0.145618763848885,1
1,1.75,1e-04,65,"prot50_income",-0.2,-0.357498663109905,1
1,1.75,1e-04,65,"prot50_child",0.5,-0.312623246130509,1
1,1.75,1e-04,65,"invasive_male",0.3,0.589522159256766,1
1,1.75,1e-04,65,"invasive_age",0,-0.226355619344684,1
1,1.75,1e-04,65,"invasive_income",0.9,1.13507303281559,1
1,1.75,1e-04,65,"invasive_child",0,1.28639389414336,1
1,1.75,1e-04,66,"ASC2_male",0,0.80078620868654,1
1,1.75,1e-04,66,"ASC2_age",-0.2,-0.0926327470263113,1
1,1.75,1e-04,66,"ASC2_income",0.4,-0.0128988074794412,1
1,1.75,1e-04,66,"ASC2_child",0,0.583699008190919,1
1,1.75,1e-04,66,"ASC3_male",-0.9,0.238975992568344,1
1,1.75,1e-04,66,"ASC3_age",1,0.520761994444323,1
1,1.75,1e-04,66,"ASC3_income",0,-0.251558375447261,1
1,1.75,1e-04,66,"ASC3_child",0,0.572299053580063,1
1,1.75,1e-04,66,"prot25_male",-0.5,-0.671981993652035,1
1,1.75,1e-04,66,"prot25_age",0,-0.146912931360843,1
1,1.75,1e-04,66,"prot25_income",0,0.0377975938358219,1
1,1.75,1e-04,66,"prot25_child",-1.1,-0.181617960265736,1
1,1.75,1e-04,66,"prot50_male",1,-0.0943583088132279,1
1,1.75,1e-04,66,"prot50_age",0,-0.115417141743253,1
1,1.75,1e-04,66,"prot50_income",0.2,0.159082526141794,1
1,1.75,1e-04,66,"prot50_child",0.7,0.0711763693173843,1
1,1.75,1e-04,66,"invasive_male",0,0.458648650024721,1
1,1.75,1e-04,66,"invasive_age",0,-0.204116476084706,1
1,1.75,1e-04,66,"invasive_income",0,0.0231827402925061,1
1,1.75,1e-04,66,"invasive_child",-1,-0.56026102429721,1
1,1.75,1e-04,67,"ASC2_male",-0.6,-0.0912478803057635,1
1,1.75,1e-04,67,"ASC2_age",-0.5,-0.0711177678074106,1
1,1.75,1e-04,67,"ASC2_income",0,-0.517821399261859,1
1,1.75,1e-04,67,"ASC2_child",0.9,0.638955279647105,1
1,1.75,1e-04,67,"ASC3_male",0.8,0.602845852559052,1
1,1.75,1e-04,67,"ASC3_age",-0.9,-0.334590761096476,1
1,1.75,1e-04,67,"ASC3_income",1.1,0.161434718321571,1
1,1.75,1e-04,67,"ASC3_child",0.1,-0.127853808221473,1
1,1.75,1e-04,67,"prot25_male",0,-0.446156647328183,1
1,1.75,1e-04,67,"prot25_age",-0.2,-0.259519231871761,1
1,1.75,1e-04,67,"prot25_income",0,0.453318438463173,1
1,1.75,1e-04,67,"prot25_child",0,0.520555215796695,1
1,1.75,1e-04,67,"prot50_male",1,-0.0263507718557245,1
1,1.75,1e-04,67,"prot50_age",0,-0.216998814660799,1
1,1.75,1e-04,67,"prot50_income",0,0.146141626440981,1
1,1.75,1e-04,67,"prot50_child",0.1,0.678019733333398,1
1,1.75,1e-04,67,"invasive_male",0,-0.445235731232195,1
1,1.75,1e-04,67,"invasive_age",0,-0.117219227320642,1
1,1.75,1e-04,67,"invasive_income",0,-0.237803770279922,1
1,1.75,1e-04,67,"invasive_child",0,0.455017471064336,1
1,1.75,1e-04,68,"ASC2_male",0,0.0769190191590618,1
1,1.75,1e-04,68,"ASC2_age",0.1,0.156675109679617,1
1,1.75,1e-04,68,"ASC2_income",0,-0.0670040324113266,1
1,1.75,1e-04,68,"ASC2_child",-0.8,-0.664437605436128,1
1,1.75,1e-04,68,"ASC3_male",1.1,0.678033126248686,1
1,1.75,1e-04,68,"ASC3_age",-0.5,-0.700449278499673,1
1,1.75,1e-04,68,"ASC3_income",0,-0.16483043791714,1
1,1.75,1e-04,68,"ASC3_child",-0.9,-0.9502528569424,1
1,1.75,1e-04,68,"prot25_male",0.2,0.272451515564929,1
1,1.75,1e-04,68,"prot25_age",0,-0.159686039552279,1
1,1.75,1e-04,68,"prot25_income",0,-0.158323427952252,1
1,1.75,1e-04,68,"prot25_child",-1.1,-0.876247618517544,1
1,1.75,1e-04,68,"prot50_male",0,0.266220786072433,1
1,1.75,1e-04,68,"prot50_age",0,0.175576571143131,1
1,1.75,1e-04,68,"prot50_income",0,0.0249437635862629,1
1,1.75,1e-04,68,"prot50_child",-0.8,-0.114030733468766,1
1,1.75,1e-04,68,"invasive_male",0,0.0946066938508075,1
1,1.75,1e-04,68,"invasive_age",-0.7,-0.24260354592779,1
1,1.75,1e-04,68,"invasive_income",0,-0.00936886308061478,1
1,1.75,1e-04,68,"invasive_child",1.1,0.270050461734428,1
1,1.75,1e-04,69,"ASC2_male",1.1,1.14793868654223,1
1,1.75,1e-04,69,"ASC2_age",0,-0.00659563223378516,1
1,1.75,1e-04,69,"ASC2_income",0.4,0.222960985594502,1
1,1.75,1e-04,69,"ASC2_child",1.2,0.567535459689446,1
1,1.75,1e-04,69,"ASC3_male",-1,-0.681518060928202,1
1,1.75,1e-04,69,"ASC3_age",0,0.105991105129064,1
1,1.75,1e-04,69,"ASC3_income",-1.2,-0.561009615387784,1
1,1.75,1e-04,69,"ASC3_child",0,-0.562755705265867,1
1,1.75,1e-04,69,"prot25_male",0,0.377293820800227,1
1,1.75,1e-04,69,"prot25_age",0,-0.020450542563943,1
1,1.75,1e-04,69,"prot25_income",-0.4,0.0307961927402715,1
1,1.75,1e-04,69,"prot25_child",-0.4,-0.249865241223328,1
1,1.75,1e-04,69,"prot50_male",0,-0.329060991550646,1
1,1.75,1e-04,69,"prot50_age",0,0.110999803705963,1
1,1.75,1e-04,69,"prot50_income",0,-0.176296672820133,1
1,1.75,1e-04,69,"prot50_child",0,-0.0894772726252459,1
1,1.75,1e-04,69,"invasive_male",0,0.184418586329913,1
1,1.75,1e-04,69,"invasive_age",-0.5,-0.234687858646495,1
1,1.75,1e-04,69,"invasive_income",-0.2,-0.0233692376129607,1
1,1.75,1e-04,69,"invasive_child",-0.2,-0.428753722751427,1
1,1.75,1e-04,70,"ASC2_male",-0.8,-0.52384180448071,1
1,1.75,1e-04,70,"ASC2_age",0,0.363326802069723,1
1,1.75,1e-04,70,"ASC2_income",0.3,-0.112429496792341,1
1,1.75,1e-04,70,"ASC2_child",0,-0.09363342169414,1
1,1.75,1e-04,70,"ASC3_male",0.9,0.274315640870105,1
1,1.75,1e-04,70,"ASC3_age",0,0.208707940516663,1
1,1.75,1e-04,70,"ASC3_income",0,-0.334163630346391,1
1,1.75,1e-04,70,"ASC3_child",0,0.478811925510684,1
1,1.75,1e-04,70,"prot25_male",0,0.0938164940260152,1
1,1.75,1e-04,70,"prot25_age",0,-0.367186605778002,1
1,1.75,1e-04,70,"prot25_income",0.9,0.81655860856842,1
1,1.75,1e-04,70,"prot25_child",0,-0.0928378480082007,1
1,1.75,1e-04,70,"prot50_male",-0.1,-0.754944408474925,1
1,1.75,1e-04,70,"prot50_age",-0.9,-0.865852401243876,1
1,1.75,1e-04,70,"prot50_income",0.9,0.724225532850336,1
1,1.75,1e-04,70,"prot50_child",1,0.8525208147895,1
1,1.75,1e-04,70,"invasive_male",0,-0.614318572006027,1
1,1.75,1e-04,70,"invasive_age",0.8,0.551449309675823,1
1,1.75,1e-04,70,"invasive_income",0,0.030144379206306,1
1,1.75,1e-04,70,"invasive_child",-0.6,0.224792883398239,1
1,1.75,1e-04,71,"ASC2_male",0.5,0.332188508731565,1
1,1.75,1e-04,71,"ASC2_age",1,0.530019105773124,1
1,1.75,1e-04,71,"ASC2_income",0.8,0.705251106367476,1
1,1.75,1e-04,71,"ASC2_child",0.7,0.208109655435924,1
1,1.75,1e-04,71,"ASC3_male",0,0.0792770398045752,1
1,1.75,1e-04,71,"ASC3_age",0,0.278635847059295,1
1,1.75,1e-04,71,"ASC3_income",0,0.123003115383823,1
1,1.75,1e-04,71,"ASC3_child",1.1,0.396119440732369,1
1,1.75,1e-04,71,"prot25_male",0,0.309510791803018,1
1,1.75,1e-04,71,"prot25_age",0,-0.124736156647456,1
1,1.75,1e-04,71,"prot25_income",0,-0.256404108586144,1
1,1.75,1e-04,71,"prot25_child",0,-0.0175197390681867,1
1,1.75,1e-04,71,"prot50_male",0,-0.243826677561,1
1,1.75,1e-04,71,"prot50_age",-0.6,-0.235448803818539,1
1,1.75,1e-04,71,"prot50_income",-0.9,-0.736185000880042,1
1,1.75,1e-04,71,"prot50_child",-0.7,-0.63568597631143,1
1,1.75,1e-04,71,"invasive_male",0.8,0.223470611785867,1
1,1.75,1e-04,71,"invasive_age",0,0.10163593053596,1
1,1.75,1e-04,71,"invasive_income",1,0.235575532953789,1
1,1.75,1e-04,71,"invasive_child",0,-0.420766961012766,1
1,1.75,1e-04,72,"ASC2_male",-0.8,-0.302331263058498,1
1,1.75,1e-04,72,"ASC2_age",0,-0.0219831408451694,1
1,1.75,1e-04,72,"ASC2_income",0.3,0.394051116475329,1
1,1.75,1e-04,72,"ASC2_child",0.2,-0.20764298445951,1
1,1.75,1e-04,72,"ASC3_male",0,0.236202358384301,1
1,1.75,1e-04,72,"ASC3_age",0,0.183611692298138,1
1,1.75,1e-04,72,"ASC3_income",0,0.491091208688161,1
1,1.75,1e-04,72,"ASC3_child",-0.9,-0.248135138787397,1
1,1.75,1e-04,72,"prot25_male",0,0.0470084575159064,1
1,1.75,1e-04,72,"prot25_age",0,0.00848125404998511,1
1,1.75,1e-04,72,"prot25_income",0,0.0593430137221829,1
1,1.75,1e-04,72,"prot25_child",-0.6,0.0747767136517202,1
1,1.75,1e-04,72,"prot50_male",1,-0.231306944173216,1
1,1.75,1e-04,72,"prot50_age",-0.6,-0.393818207639947,1
1,1.75,1e-04,72,"prot50_income",0,0.366432494639845,1
1,1.75,1e-04,72,"prot50_child",0.4,0.429479128873715,1
1,1.75,1e-04,72,"invasive_male",-0.5,-0.640335252763443,1
1,1.75,1e-04,72,"invasive_age",0,-0.0563142038664939,1
1,1.75,1e-04,72,"invasive_income",0,0.482008471329093,1
1,1.75,1e-04,72,"invasive_child",-0.1,-0.0684874007184449,1
1,1.75,1e-04,73,"ASC2_male",0,0.478495287929838,1
1,1.75,1e-04,73,"ASC2_age",0,-0.145159892729846,1
1,1.75,1e-04,73,"ASC2_income",0.5,0.0931873321754163,1
1,1.75,1e-04,73,"ASC2_child",-1,-0.263244561379202,1
1,1.75,1e-04,73,"ASC3_male",0.8,0.375351443758077,1
1,1.75,1e-04,73,"ASC3_age",0,0.011856599105446,1
1,1.75,1e-04,73,"ASC3_income",-0.5,-0.239069449391174,1
1,1.75,1e-04,73,"ASC3_child",-1.2,-0.484015254680024,1
1,1.75,1e-04,73,"prot25_male",0,-0.31876028691146,1
1,1.75,1e-04,73,"prot25_age",0,-0.00788209474649923,1
1,1.75,1e-04,73,"prot25_income",0.4,0.573927245839619,1
1,1.75,1e-04,73,"prot25_child",0,0.174156882770989,1
1,1.75,1e-04,73,"prot50_male",-0.7,-0.109388906214743,1
1,1.75,1e-04,73,"prot50_age",0.7,0.187758658056475,1
1,1.75,1e-04,73,"prot50_income",1,0.667814519160346,1
1,1.75,1e-04,73,"prot50_child",0,-0.432168330435678,1
1,1.75,1e-04,73,"invasive_male",0,0.300696557218356,1
1,1.75,1e-04,73,"invasive_age",0,-0.217166175048644,1
1,1.75,1e-04,73,"invasive_income",0,-0.231283682694995,1
1,1.75,1e-04,73,"invasive_child",0.8,0.32668469362597,1
1,1.75,1e-04,74,"ASC2_male",0,-0.279770691297459,1
1,1.75,1e-04,74,"ASC2_age",0,0.349310253270458,1
1,1.75,1e-04,74,"ASC2_income",0,-0.38745758271462,1
1,1.75,1e-04,74,"ASC2_child",-1,0.264238245836654,1
1,1.75,1e-04,74,"ASC3_male",0.9,0.303658212149518,1
1,1.75,1e-04,74,"ASC3_age",1.1,1.02728943427791,1
1,1.75,1e-04,74,"ASC3_income",0,-0.161925584979814,1
1,1.75,1e-04,74,"ASC3_child",0,0.566897795677111,1
1,1.75,1e-04,74,"prot25_male",-0.6,0.100492724894278,1
1,1.75,1e-04,74,"prot25_age",0.5,0.197567189019666,1
1,1.75,1e-04,74,"prot25_income",-0.3,-0.200463307598722,1
1,1.75,1e-04,74,"prot25_child",0,0.354530258294848,1
1,1.75,1e-04,74,"prot50_male",-0.2,0.388778829407773,1
1,1.75,1e-04,74,"prot50_age",0,-0.415632070536675,1
1,1.75,1e-04,74,"prot50_income",0,-0.216721914373178,1
1,1.75,1e-04,74,"prot50_child",0,-0.224409795503035,1
1,1.75,1e-04,74,"invasive_male",0,0.289017027362586,1
1,1.75,1e-04,74,"invasive_age",-1.1,-0.659760725145535,1
1,1.75,1e-04,74,"invasive_income",0.4,0.219808401705022,1
1,1.75,1e-04,74,"invasive_child",0.7,-0.0705278497965838,1
1,1.75,1e-04,75,"ASC2_male",0,0.555669815800304,1
1,1.75,1e-04,75,"ASC2_age",0.5,0.606533880284535,1
1,1.75,1e-04,75,"ASC2_income",0,-0.424425988854175,1
1,1.75,1e-04,75,"ASC2_child",0,-0.207114817294879,1
1,1.75,1e-04,75,"ASC3_male",1,1.33074500723221,1
1,1.75,1e-04,75,"ASC3_age",0,0.25239762020136,1
1,1.75,1e-04,75,"ASC3_income",0,-0.749786558406547,1
1,1.75,1e-04,75,"ASC3_child",-0.8,-0.727701297589351,1
1,1.75,1e-04,75,"prot25_male",0.9,0.735683995805487,1
1,1.75,1e-04,75,"prot25_age",1,0.631144267481669,1
1,1.75,1e-04,75,"prot25_income",0,0.617842967024359,1
1,1.75,1e-04,75,"prot25_child",-1,-0.855826951608974,1
1,1.75,1e-04,75,"prot50_male",0,-0.237831860675533,1
1,1.75,1e-04,75,"prot50_age",0,-0.559649452902637,1
1,1.75,1e-04,75,"prot50_income",-0.9,-0.399150343311089,1
1,1.75,1e-04,75,"prot50_child",-0.4,-0.464799296889512,1
1,1.75,1e-04,75,"invasive_male",0.7,0.214186188172275,1
1,1.75,1e-04,75,"invasive_age",0,0.0237667432460443,1
1,1.75,1e-04,75,"invasive_income",-0.5,-0.574371360305726,1
1,1.75,1e-04,75,"invasive_child",0,-0.200392910313757,1
1,1.75,1e-04,76,"ASC2_male",-0.7,-0.212613898511991,1
1,1.75,1e-04,76,"ASC2_age",0,0.350026940949303,1
1,1.75,1e-04,76,"ASC2_income",0,-0.626575319086958,1
1,1.75,1e-04,76,"ASC2_child",-1,-0.266875067264797,1
1,1.75,1e-04,76,"ASC3_male",-0.4,-0.0423126160492228,1
1,1.75,1e-04,76,"ASC3_age",0,0.377917810705955,1
1,1.75,1e-04,76,"ASC3_income",-0.5,-0.703112174774429,1
1,1.75,1e-04,76,"ASC3_child",-0.6,-0.264121899526418,1
1,1.75,1e-04,76,"prot25_male",0,-0.216243230700535,1
1,1.75,1e-04,76,"prot25_age",0,-0.617538602567273,1
1,1.75,1e-04,76,"prot25_income",0,0.546163876693002,1
1,1.75,1e-04,76,"prot25_child",-0.5,-0.746315060705024,1
1,1.75,1e-04,76,"prot50_male",-0.1,-0.196382302201693,1
1,1.75,1e-04,76,"prot50_age",0,-0.293466799539121,1
1,1.75,1e-04,76,"prot50_income",0,0.383138193908555,1
1,1.75,1e-04,76,"prot50_child",0,-0.45723837193871,1
1,1.75,1e-04,76,"invasive_male",-0.4,-0.406735111370273,1
1,1.75,1e-04,76,"invasive_age",0,0.339019037972234,1
1,1.75,1e-04,76,"invasive_income",-0.2,-0.39435185984168,1
1,1.75,1e-04,76,"invasive_child",0.1,-0.133966104291764,1
1,1.75,1e-04,77,"ASC2_male",0.4,0.227490730567862,1
1,1.75,1e-04,77,"ASC2_age",-0.4,0.0801038589292668,1
1,1.75,1e-04,77,"ASC2_income",0,0.179468941624126,1
1,1.75,1e-04,77,"ASC2_child",-1.1,-0.820125858364531,1
1,1.75,1e-04,77,"ASC3_male",0,-0.0772423691312752,1
1,1.75,1e-04,77,"ASC3_age",0,0.259152868797847,1
1,1.75,1e-04,77,"ASC3_income",0,0.122314934761624,1
1,1.75,1e-04,77,"ASC3_child",0,0.347964599973422,1
1,1.75,1e-04,77,"prot25_male",0.8,0.280195839454188,1
1,1.75,1e-04,77,"prot25_age",0.6,0.0627799202657197,1
1,1.75,1e-04,77,"prot25_income",0,-0.0346155034044606,1
1,1.75,1e-04,77,"prot25_child",0,-0.273781971684273,1
1,1.75,1e-04,77,"prot50_male",0,-0.180854769134965,1
1,1.75,1e-04,77,"prot50_age",-0.5,-0.488483995715145,1
1,1.75,1e-04,77,"prot50_income",-1.1,-0.806925467274387,1
1,1.75,1e-04,77,"prot50_child",0,0.0295010995090073,1
1,1.75,1e-04,77,"invasive_male",0,-0.189039195005778,1
1,1.75,1e-04,77,"invasive_age",1,0.405627794040968,1
1,1.75,1e-04,77,"invasive_income",0.6,0.654403372292774,1
1,1.75,1e-04,77,"invasive_child",-0.2,-0.634654585213774,1
1,1.75,1e-04,78,"ASC2_male",0,-0.221826560614085,1
1,1.75,1e-04,78,"ASC2_age",0,0.221883008813763,1
1,1.75,1e-04,78,"ASC2_income",0,-0.838309041663361,1
1,1.75,1e-04,78,"ASC2_child",0,-0.0710691716050285,1
1,1.75,1e-04,78,"ASC3_male",0,-0.133042507801734,1
1,1.75,1e-04,78,"ASC3_age",0,0.129642461484925,1
1,1.75,1e-04,78,"ASC3_income",-0.4,-1.24681413413548,1
1,1.75,1e-04,78,"ASC3_child",0,0.359418456033262,1
1,1.75,1e-04,78,"prot25_male",-1.1,-0.0718110827910044,1
1,1.75,1e-04,78,"prot25_age",0,-0.396120882135337,1
1,1.75,1e-04,78,"prot25_income",-0.2,0.644187778729081,1
1,1.75,1e-04,78,"prot25_child",0,-0.163672332116855,1
1,1.75,1e-04,78,"prot50_male",0.6,0.240741323187084,1
1,1.75,1e-04,78,"prot50_age",-0.4,-0.156624742683225,1
1,1.75,1e-04,78,"prot50_income",-0.9,0.198390723995109,1
1,1.75,1e-04,78,"prot50_child",0.6,0.201038116201739,1
1,1.75,1e-04,78,"invasive_male",-0.6,-0.61762263500966,1
1,1.75,1e-04,78,"invasive_age",0.9,0.680957905661563,1
1,1.75,1e-04,78,"invasive_income",1.2,0.575863561757251,1
1,1.75,1e-04,78,"invasive_child",0,0.283244736771189,1
1,1.75,1e-04,79,"ASC2_male",0,-0.444413772289298,1
1,1.75,1e-04,79,"ASC2_age",0,0.44194710671236,1
1,1.75,1e-04,79,"ASC2_income",0,0.0529780042415813,1
1,1.75,1e-04,79,"ASC2_child",0,-0.452718341137216,1
1,1.75,1e-04,79,"ASC3_male",0,-0.182392014278625,1
1,1.75,1e-04,79,"ASC3_age",0,0.220782931823214,1
1,1.75,1e-04,79,"ASC3_income",0.2,0.0134221463585896,1
1,1.75,1e-04,79,"ASC3_child",-0.3,-0.332331901798882,1
1,1.75,1e-04,79,"prot25_male",0.2,-0.135067888507749,1
1,1.75,1e-04,79,"prot25_age",0,0.00345313833632687,1
1,1.75,1e-04,79,"prot25_income",0.9,0.403353500047194,1
1,1.75,1e-04,79,"prot25_child",0.3,0.983189641002534,1
1,1.75,1e-04,79,"prot50_male",1,0.818795976852724,1
1,1.75,1e-04,79,"prot50_age",0,0.0908921904718629,1
1,1.75,1e-04,79,"prot50_income",-0.7,-0.64430436793467,1
1,1.75,1e-04,79,"prot50_child",0,0.587508212640403,1
1,1.75,1e-04,79,"invasive_male",-0.6,-0.155937593594006,1
1,1.75,1e-04,79,"invasive_age",-1.1,-0.667391320074197,1
1,1.75,1e-04,79,"invasive_income",0,-0.0188321308980572,1
1,1.75,1e-04,79,"invasive_child",-0.1,-0.00634025664311339,1
1,1.75,1e-04,80,"ASC2_male",0.8,0.60263047008143,1
1,1.75,1e-04,80,"ASC2_age",0,0.235069152001536,1
1,1.75,1e-04,80,"ASC2_income",0.4,0.174676654247977,1
1,1.75,1e-04,80,"ASC2_child",-1,0.328687561860102,1
1,1.75,1e-04,80,"ASC3_male",0,0.262258824526611,1
1,1.75,1e-04,80,"ASC3_age",1,0.599068084423492,1
1,1.75,1e-04,80,"ASC3_income",0,0.0865803341772317,1
1,1.75,1e-04,80,"ASC3_child",-1.1,-0.0889857381578518,1
1,1.75,1e-04,80,"prot25_male",0.8,0.109971767864178,1
1,1.75,1e-04,80,"prot25_age",0,0.0762468355327651,1
1,1.75,1e-04,80,"prot25_income",0,-0.21934895958351,1
1,1.75,1e-04,80,"prot25_child",0.3,-0.0275657685324246,1
1,1.75,1e-04,80,"prot50_male",0,-0.387249603313878,1
1,1.75,1e-04,80,"prot50_age",1,0.606921627867479,1
1,1.75,1e-04,80,"prot50_income",0,-0.0941273159746475,1
1,1.75,1e-04,80,"prot50_child",0,-0.356409118734188,1
1,1.75,1e-04,80,"invasive_male",0,0.407689101321858,1
1,1.75,1e-04,80,"invasive_age",1,0.297721444504869,1
1,1.75,1e-04,80,"invasive_income",0,-0.00951250935119344,1
1,1.75,1e-04,80,"invasive_child",1.1,0.589271623353281,1
1,1.75,1e-04,81,"ASC2_male",1,0.410744695447629,1
1,1.75,1e-04,81,"ASC2_age",0,-0.408251219205276,1
1,1.75,1e-04,81,"ASC2_income",0,0.265675622881072,1
1,1.75,1e-04,81,"ASC2_child",0,-0.192240441760604,1
1,1.75,1e-04,81,"ASC3_male",0,-0.566849168559538,1
1,1.75,1e-04,81,"ASC3_age",0,-0.428644921932554,1
1,1.75,1e-04,81,"ASC3_income",0,0.118740793638916,1
1,1.75,1e-04,81,"ASC3_child",-0.4,-0.450751377385188,1
1,1.75,1e-04,81,"prot25_male",0,0.708152545854864,1
1,1.75,1e-04,81,"prot25_age",0,0.307316124039352,1
1,1.75,1e-04,81,"prot25_income",0,-0.0626910149316075,1
1,1.75,1e-04,81,"prot25_child",-0.2,0.19970573291826,1
1,1.75,1e-04,81,"prot50_male",1.1,1.68880760765838,1
1,1.75,1e-04,81,"prot50_age",0.8,0.745692298997141,1
1,1.75,1e-04,81,"prot50_income",0,-0.0114240443115849,1
1,1.75,1e-04,81,"prot50_child",-0.3,-0.0760940965252961,1
1,1.75,1e-04,81,"invasive_male",-0.2,-0.445853480365982,1
1,1.75,1e-04,81,"invasive_age",-1.2,-0.67265371287362,1
1,1.75,1e-04,81,"invasive_income",0.4,0.434588993883789,1
1,1.75,1e-04,81,"invasive_child",1.1,0.423439870330229,1
1,1.75,1e-04,82,"ASC2_male",0,0.271800124884147,1
1,1.75,1e-04,82,"ASC2_age",0,0.474039647728164,1
1,1.75,1e-04,82,"ASC2_income",-0.8,-0.66709343688568,1
1,1.75,1e-04,82,"ASC2_child",0.4,0.343406875829139,1
1,1.75,1e-04,82,"ASC3_male",-0.5,0.316192540716696,1
1,1.75,1e-04,82,"ASC3_age",0,0.467803600364392,1
1,1.75,1e-04,82,"ASC3_income",0,-0.308204659634879,1
1,1.75,1e-04,82,"ASC3_child",0,0.709306142488091,1
1,1.75,1e-04,82,"prot25_male",-0.5,-0.665555352603733,1
1,1.75,1e-04,82,"prot25_age",0,-0.470881830737292,1
1,1.75,1e-04,82,"prot25_income",0.8,0.686127719717679,1
1,1.75,1e-04,82,"prot25_child",0,0.079137711986448,1
1,1.75,1e-04,82,"prot50_male",-0.3,-0.565268886895701,1
1,1.75,1e-04,82,"prot50_age",0,-0.237977917321585,1
1,1.75,1e-04,82,"prot50_income",0.6,0.748215291886772,1
1,1.75,1e-04,82,"prot50_child",0.3,0.228159252959246,1
1,1.75,1e-04,82,"invasive_male",-1.1,-0.415290435245392,1
1,1.75,1e-04,82,"invasive_age",-1.2,-0.825232909725991,1
1,1.75,1e-04,82,"invasive_income",0,0.0763624459453032,1
1,1.75,1e-04,82,"invasive_child",0,0.477333944004388,1
1,1.75,1e-04,83,"ASC2_male",0.5,0.987909915319707,1
1,1.75,1e-04,83,"ASC2_age",0,0.0171837341981153,1
1,1.75,1e-04,83,"ASC2_income",-0.6,0.0490586955653362,1
1,1.75,1e-04,83,"ASC2_child",-0.5,-0.423367664046691,1
1,1.75,1e-04,83,"ASC3_male",0,0.733855226808256,1
1,1.75,1e-04,83,"ASC3_age",0,0.284322446973611,1
1,1.75,1e-04,83,"ASC3_income",0,0.301209187763689,1
1,1.75,1e-04,83,"ASC3_child",0,0.0422287907037894,1
1,1.75,1e-04,83,"prot25_male",-1,-0.38752093521963,1
1,1.75,1e-04,83,"prot25_age",0.1,-0.100973001016992,1
1,1.75,1e-04,83,"prot25_income",0,-0.279199941990911,1
1,1.75,1e-04,83,"prot25_child",0,-0.26225177740162,1
1,1.75,1e-04,83,"prot50_male",0.7,0.850712514213084,1
1,1.75,1e-04,83,"prot50_age",0,-0.240229930628892,1
1,1.75,1e-04,83,"prot50_income",1.1,0.742294435225011,1
1,1.75,1e-04,83,"prot50_child",0,-0.498684212592402,1
1,1.75,1e-04,83,"invasive_male",0.7,1.09136539436356,1
1,1.75,1e-04,83,"invasive_age",-1,-0.694443291052082,1
1,1.75,1e-04,83,"invasive_income",0.3,0.36167408653551,1
1,1.75,1e-04,83,"invasive_child",0,-0.221020176050304,1
1,1.75,1e-04,84,"ASC2_male",0,-0.425475234299774,1
1,1.75,1e-04,84,"ASC2_age",0,0.13043141898505,1
1,1.75,1e-04,84,"ASC2_income",-0.9,-0.337218994361221,1
1,1.75,1e-04,84,"ASC2_child",1.1,-1.13805212794669,1
1,1.75,1e-04,84,"ASC3_male",0.7,0.0542341879799243,1
1,1.75,1e-04,84,"ASC3_age",0,0.0235903332258693,1
1,1.75,1e-04,84,"ASC3_income",0,0.0261622398251227,1
1,1.75,1e-04,84,"ASC3_child",0.3,-1.82097876306746,1
1,1.75,1e-04,84,"prot25_male",0.3,0.814699762250243,1
1,1.75,1e-04,84,"prot25_age",0,0.183101145087469,1
1,1.75,1e-04,84,"prot25_income",0,0.0364032419367937,1
1,1.75,1e-04,84,"prot25_child",0,1.36351615533201,1
1,1.75,1e-04,84,"prot50_male",0,0.854796542774475,1
1,1.75,1e-04,84,"prot50_age",-0.2,-0.0984945317389698,1
1,1.75,1e-04,84,"prot50_income",0.5,0.130400542592551,1
1,1.75,1e-04,84,"prot50_child",0,1.72582223001697,1
1,1.75,1e-04,84,"invasive_male",0,0.0025240003748452,1
1,1.75,1e-04,84,"invasive_age",-0.7,-0.370465813590424,1
1,1.75,1e-04,84,"invasive_income",-0.9,-0.317333705384531,1
1,1.75,1e-04,84,"invasive_child",0.5,-0.311860369498548,1
1,1.75,1e-04,85,"ASC2_male",0.9,1.08821153781741,1
1,1.75,1e-04,85,"ASC2_age",0,-0.218120911663981,1
1,1.75,1e-04,85,"ASC2_income",-0.2,-0.231996093363193,1
1,1.75,1e-04,85,"ASC2_child",0.5,0.0267302305152301,1
1,1.75,1e-04,85,"ASC3_male",0,0.479421810155948,1
1,1.75,1e-04,85,"ASC3_age",0,0.0189172700523841,1
1,1.75,1e-04,85,"ASC3_income",0,-0.0162007749735196,1
1,1.75,1e-04,85,"ASC3_child",0.8,0.483366656113379,1
1,1.75,1e-04,85,"prot25_male",0.4,-0.00897721177482264,1
1,1.75,1e-04,85,"prot25_age",0,-0.0945936629416648,1
1,1.75,1e-04,85,"prot25_income",0.5,0.169286226218592,1
1,1.75,1e-04,85,"prot25_child",-0.2,-0.347776507291621,1
1,1.75,1e-04,85,"prot50_male",-0.1,-0.456307843464883,1
1,1.75,1e-04,85,"prot50_age",0,0.077098346254967,1
1,1.75,1e-04,85,"prot50_income",-1.1,-0.881612162576601,1
1,1.75,1e-04,85,"prot50_child",0,0.455982198289911,1
1,1.75,1e-04,85,"invasive_male",0.7,0.248694868631303,1
1,1.75,1e-04,85,"invasive_age",0,0.0872441659000294,1
1,1.75,1e-04,85,"invasive_income",0,-0.37699161471715,1
1,1.75,1e-04,85,"invasive_child",0,0.32478468590841,1
1,1.75,1e-04,86,"ASC2_male",0.2,-0.126762621482742,1
1,1.75,1e-04,86,"ASC2_age",0.4,0.832357282475146,1
1,1.75,1e-04,86,"ASC2_income",0,0.104313025836417,1
1,1.75,1e-04,86,"ASC2_child",-0.2,-0.262764002948278,1
1,1.75,1e-04,86,"ASC3_male",-0.2,0.118602007529398,1
1,1.75,1e-04,86,"ASC3_age",0,0.792409660293562,1
1,1.75,1e-04,86,"ASC3_income",0,0.212129040051657,1
1,1.75,1e-04,86,"ASC3_child",0,0.225967935944269,1
1,1.75,1e-04,86,"prot25_male",0,-0.502188209284423,1
1,1.75,1e-04,86,"prot25_age",0,-0.458589014826884,1
1,1.75,1e-04,86,"prot25_income",-0.2,0.0499272797381846,1
1,1.75,1e-04,86,"prot25_child",0,0.465542538943441,1
1,1.75,1e-04,86,"prot50_male",0.6,0.233620044909393,1
1,1.75,1e-04,86,"prot50_age",-1,-1.23884466566208,1
1,1.75,1e-04,86,"prot50_income",0,0.166991019362571,1
1,1.75,1e-04,86,"prot50_child",1,1.22575989855297,1
1,1.75,1e-04,86,"invasive_male",0.5,0.204532573067654,1
1,1.75,1e-04,86,"invasive_age",0,0.0224670929092693,1
1,1.75,1e-04,86,"invasive_income",0,0.313326168031251,1
1,1.75,1e-04,86,"invasive_child",-1,-0.349134842786804,1
1,1.75,1e-04,87,"ASC2_male",0.2,0.651148230011114,1
1,1.75,1e-04,87,"ASC2_age",1.1,0.724733035451297,1
1,1.75,1e-04,87,"ASC2_income",0,0.0455699180343813,1
1,1.75,1e-04,87,"ASC2_child",0,0.666925940790422,1
1,1.75,1e-04,87,"ASC3_male",0,0.488669418780288,1
1,1.75,1e-04,87,"ASC3_age",-0.4,0.25659804493521,1
1,1.75,1e-04,87,"ASC3_income",0,-0.0142914246998737,1
1,1.75,1e-04,87,"ASC3_child",0.7,1.20515951525227,1
1,1.75,1e-04,87,"prot25_male",-1.2,-1.93425488410129,1
1,1.75,1e-04,87,"prot25_age",-0.9,-0.37644554007512,1
1,1.75,1e-04,87,"prot25_income",0,-0.0114355371005884,1
1,1.75,1e-04,87,"prot25_child",-0.2,-0.417612723193388,1
1,1.75,1e-04,87,"prot50_male",-0.5,-1.06730795255721,1
1,1.75,1e-04,87,"prot50_age",0,0.383340537535685,1
1,1.75,1e-04,87,"prot50_income",0,-0.235325194454249,1
1,1.75,1e-04,87,"prot50_child",0.4,0.518034496583727,1
1,1.75,1e-04,87,"invasive_male",0,-0.185511652226757,1
1,1.75,1e-04,87,"invasive_age",0,0.279614261305901,1
1,1.75,1e-04,87,"invasive_income",0,-0.282565235601268,1
1,1.75,1e-04,87,"invasive_child",0.8,1.05044642411382,1
1,1.75,1e-04,88,"ASC2_male",-1.1,0.274308488414192,1
1,1.75,1e-04,88,"ASC2_age",0,-0.442071440010686,1
1,1.75,1e-04,88,"ASC2_income",0.3,0.07016699540617,1
1,1.75,1e-04,88,"ASC2_child",0,0.220455211746143,1
1,1.75,1e-04,88,"ASC3_male",-1.1,0.382068919360082,1
1,1.75,1e-04,88,"ASC3_age",0,-0.0865463903360322,1
1,1.75,1e-04,88,"ASC3_income",0,-0.265571512165767,1
1,1.75,1e-04,88,"ASC3_child",0.5,0.250837948030331,1
1,1.75,1e-04,88,"prot25_male",0.6,-0.616064828725279,1
1,1.75,1e-04,88,"prot25_age",0,0.0659037518813285,1
1,1.75,1e-04,88,"prot25_income",0,0.0880571231481089,1
1,1.75,1e-04,88,"prot25_child",0,-0.527508499343318,1
1,1.75,1e-04,88,"prot50_male",0,-0.6414604082337,1
1,1.75,1e-04,88,"prot50_age",-0.3,-0.0720645191690853,1
1,1.75,1e-04,88,"prot50_income",-0.5,-0.189948264836397,1
1,1.75,1e-04,88,"prot50_child",0.8,0.28186326539079,1
1,1.75,1e-04,88,"invasive_male",0,0.585824310431946,1
1,1.75,1e-04,88,"invasive_age",-1.1,-0.811395952988115,1
1,1.75,1e-04,88,"invasive_income",0.4,0.239657566644651,1
1,1.75,1e-04,88,"invasive_child",0,-0.162152604882458,1
1,1.75,1e-04,89,"ASC2_male",0,-0.159150760745035,1
1,1.75,1e-04,89,"ASC2_age",0,-0.20436986416283,1
1,1.75,1e-04,89,"ASC2_income",0.5,0.362071438625708,1
1,1.75,1e-04,89,"ASC2_child",0,-0.87449332306582,1
1,1.75,1e-04,89,"ASC3_male",0,-0.317732803009386,1
1,1.75,1e-04,89,"ASC3_age",0.3,-0.195810314244702,1
1,1.75,1e-04,89,"ASC3_income",-0.8,-0.431762853233734,1
1,1.75,1e-04,89,"ASC3_child",0,-0.756674969998111,1
1,1.75,1e-04,89,"prot25_male",0.1,-0.281718828399564,1
1,1.75,1e-04,89,"prot25_age",-0.1,0.0439919098862128,1
1,1.75,1e-04,89,"prot25_income",0,-0.00623596593065231,1
1,1.75,1e-04,89,"prot25_child",-1.2,0.179270641209434,1
1,1.75,1e-04,89,"prot50_male",-0.5,-1.19513857288403,1
1,1.75,1e-04,89,"prot50_age",0,-0.238836706813394,1
1,1.75,1e-04,89,"prot50_income",0,0.54781319943616,1
1,1.75,1e-04,89,"prot50_child",0,0.424866480021896,1
1,1.75,1e-04,89,"invasive_male",-0.6,-0.938961023132734,1
1,1.75,1e-04,89,"invasive_age",0.2,-0.247285845064751,1
1,1.75,1e-04,89,"invasive_income",1.1,1.25997428387353,1
1,1.75,1e-04,89,"invasive_child",0,-0.202725519293683,1
1,1.75,1e-04,90,"ASC2_male",-1,-0.548259730814945,1
1,1.75,1e-04,90,"ASC2_age",-0.2,-0.654769063141256,1
1,1.75,1e-04,90,"ASC2_income",-0.9,-1.0909761349402,1
1,1.75,1e-04,90,"ASC2_child",0.8,1.12932748306063,1
1,1.75,1e-04,90,"ASC3_male",0,0.232245790349531,1
1,1.75,1e-04,90,"ASC3_age",0,-0.0936251990224317,1
1,1.75,1e-04,90,"ASC3_income",0,-0.47396875673679,1
1,1.75,1e-04,90,"ASC3_child",0.6,0.828448426683833,1
1,1.75,1e-04,90,"prot25_male",0,-0.34114588618412,1
1,1.75,1e-04,90,"prot25_age",0,0.225554619766296,1
1,1.75,1e-04,90,"prot25_income",0.8,1.25474426465491,1
1,1.75,1e-04,90,"prot25_child",0,-0.522678127483994,1
1,1.75,1e-04,90,"prot50_male",0,-0.49019358576618,1
1,1.75,1e-04,90,"prot50_age",1,0.88246053158265,1
1,1.75,1e-04,90,"prot50_income",0.6,1.02189630113505,1
1,1.75,1e-04,90,"prot50_child",0,-0.100838667953762,1
1,1.75,1e-04,90,"invasive_male",0,-0.551242633919424,1
1,1.75,1e-04,90,"invasive_age",0,-0.0598284184857819,1
1,1.75,1e-04,90,"invasive_income",-0.6,-0.279839467904765,1
1,1.75,1e-04,90,"invasive_child",-1.2,-1.05132928498375,1
1,1.75,1e-04,91,"ASC2_male",1.2,0.958406692717909,1
1,1.75,1e-04,91,"ASC2_age",0.2,0.156221654807383,1
1,1.75,1e-04,91,"ASC2_income",0,0.190644277514181,1
1,1.75,1e-04,91,"ASC2_child",0,0.0242148860868207,1
1,1.75,1e-04,91,"ASC3_male",0,0.187433200894965,1
1,1.75,1e-04,91,"ASC3_age",0,-0.185189126998034,1
1,1.75,1e-04,91,"ASC3_income",0.6,0.633139675340449,1
1,1.75,1e-04,91,"ASC3_child",1.1,0.325194965416256,1
1,1.75,1e-04,91,"prot25_male",0,-0.348238452921001,1
1,1.75,1e-04,91,"prot25_age",0.3,0.322702343124084,1
1,1.75,1e-04,91,"prot25_income",0.2,0.00713560716870749,1
1,1.75,1e-04,91,"prot25_child",0,-0.653878895094059,1
1,1.75,1e-04,91,"prot50_male",-0.7,-0.0576879872032714,1
1,1.75,1e-04,91,"prot50_age",0,0.401840769760518,1
1,1.75,1e-04,91,"prot50_income",-1,-1.1779634212425,1
1,1.75,1e-04,91,"prot50_child",0,0.787901643882878,1
1,1.75,1e-04,91,"invasive_male",-0.6,-0.517297574559708,1
1,1.75,1e-04,91,"invasive_age",0,0.125965940718534,1
1,1.75,1e-04,91,"invasive_income",0.4,0.352068407406409,1
1,1.75,1e-04,91,"invasive_child",0,-0.101860721471596,1
1,1.75,1e-04,92,"ASC2_male",-0.4,-0.579158979261887,1
1,1.75,1e-04,92,"ASC2_age",0,0.069639063838149,1
1,1.75,1e-04,92,"ASC2_income",1,0.574573289952599,1
1,1.75,1e-04,92,"ASC2_child",0,-0.0691228943665605,1
1,1.75,1e-04,92,"ASC3_male",-1.1,-1.40281066433467,1
1,1.75,1e-04,92,"ASC3_age",0.6,0.29776303570186,1
1,1.75,1e-04,92,"ASC3_income",0.8,0.672607825499577,1
1,1.75,1e-04,92,"ASC3_child",0,-0.465285455890834,1
1,1.75,1e-04,92,"prot25_male",0,0.298288717240848,1
1,1.75,1e-04,92,"prot25_age",0,-0.127669586534626,1
1,1.75,1e-04,92,"prot25_income",0.7,0.72753032756348,1
1,1.75,1e-04,92,"prot25_child",-0.8,-0.121756290083329,1
1,1.75,1e-04,92,"prot50_male",1,0.998465513721828,1
1,1.75,1e-04,92,"prot50_age",0,0.395230596064984,1
1,1.75,1e-04,92,"prot50_income",-1.2,-1.21653128121309,1
1,1.75,1e-04,92,"prot50_child",0,0.426506348062106,1
1,1.75,1e-04,92,"invasive_male",0,-0.21691510328586,1
1,1.75,1e-04,92,"invasive_age",0,0.691392162570408,1
1,1.75,1e-04,92,"invasive_income",-0.9,-1.42703177132595,1
1,1.75,1e-04,92,"invasive_child",0,0.739338377547495,1
1,1.75,1e-04,93,"ASC2_male",0,-0.409868908140667,1
1,1.75,1e-04,93,"ASC2_age",1,0.754958346110561,1
1,1.75,1e-04,93,"ASC2_income",0,-0.0808128730300823,1
1,1.75,1e-04,93,"ASC2_child",-0.3,-0.975292834315158,1
1,1.75,1e-04,93,"ASC3_male",-1,-0.636275593427021,1
1,1.75,1e-04,93,"ASC3_age",0,0.128813292108116,1
1,1.75,1e-04,93,"ASC3_income",0,-0.245509050088927,1
1,1.75,1e-04,93,"ASC3_child",0.1,-0.712567722000863,1
1,1.75,1e-04,93,"prot25_male",0.7,0.995954616540451,1
1,1.75,1e-04,93,"prot25_age",0,0.0998822339511086,1
1,1.75,1e-04,93,"prot25_income",-0.7,-0.116865140093204,1
1,1.75,1e-04,93,"prot25_child",0,0.534829532751449,1
1,1.75,1e-04,93,"prot50_male",0,0.493483078520424,1
1,1.75,1e-04,93,"prot50_age",0,0.0103304226614708,1
1,1.75,1e-04,93,"prot50_income",0,0.218707792241135,1
1,1.75,1e-04,93,"prot50_child",0.9,1.22789344003148,1
1,1.75,1e-04,93,"invasive_male",-0.7,-0.509734288255092,1
1,1.75,1e-04,93,"invasive_age",-0.7,-0.416216019980085,1
1,1.75,1e-04,93,"invasive_income",0,0.0965604336496052,1
1,1.75,1e-04,93,"invasive_child",-0.2,0.517460701248872,1
1,1.75,1e-04,94,"ASC2_male",0.3,1.04148376494247,1
1,1.75,1e-04,94,"ASC2_age",-0.4,0.18944949038108,1
1,1.75,1e-04,94,"ASC2_income",-0.4,0.48138893705469,1
1,1.75,1e-04,94,"ASC2_child",-0.6,0.0627401634781522,1
1,1.75,1e-04,94,"ASC3_male",-0.3,0.261604521543494,1
1,1.75,1e-04,94,"ASC3_age",0,0.652885899801609,1
1,1.75,1e-04,94,"ASC3_income",0,0.503228980720951,1
1,1.75,1e-04,94,"ASC3_child",0.9,1.03221199571389,1
1,1.75,1e-04,94,"prot25_male",0.3,-0.558578632177134,1
1,1.75,1e-04,94,"prot25_age",0,-0.206510404349863,1
1,1.75,1e-04,94,"prot25_income",0.2,-0.459059883741253,1
1,1.75,1e-04,94,"prot25_child",0,-0.534757656663061,1
1,1.75,1e-04,94,"prot50_male",0,-0.450989013103509,1
1,1.75,1e-04,94,"prot50_age",0.5,0.179169510234139,1
1,1.75,1e-04,94,"prot50_income",0,-0.508679094304774,1
1,1.75,1e-04,94,"prot50_child",-0.1,-0.246707680491663,1
1,1.75,1e-04,94,"invasive_male",0,0.455360696614138,1
1,1.75,1e-04,94,"invasive_age",0,0.436055219638065,1
1,1.75,1e-04,94,"invasive_income",0,0.0416421096366375,1
1,1.75,1e-04,94,"invasive_child",0,0.208522906811059,1
1,1.75,1e-04,95,"ASC2_male",-0.9,-0.58211718053494,1
1,1.75,1e-04,95,"ASC2_age",0,-0.460868961301279,1
1,1.75,1e-04,95,"ASC2_income",0,0.268089252507903,1
1,1.75,1e-04,95,"ASC2_child",0,-0.283710665292632,1
1,1.75,1e-04,95,"ASC3_male",0,-0.326176173961004,1
1,1.75,1e-04,95,"ASC3_age",1.1,0.292266286370252,1
1,1.75,1e-04,95,"ASC3_income",0.8,0.489688579146481,1
1,1.75,1e-04,95,"ASC3_child",-1,-0.513354664444191,1
1,1.75,1e-04,95,"prot25_male",-1,-0.693723259057672,1
1,1.75,1e-04,95,"prot25_age",0.8,1.16793429839415,1
1,1.75,1e-04,95,"prot25_income",0.7,0.61228685106941,1
1,1.75,1e-04,95,"prot25_child",0.6,1.18223170688565,1
1,1.75,1e-04,95,"prot50_male",0,0.0130953544559621,1
1,1.75,1e-04,95,"prot50_age",0,0.361454781402788,1
1,1.75,1e-04,95,"prot50_income",1,0.704895451093409,1
1,1.75,1e-04,95,"prot50_child",0,0.0520572274944593,1
1,1.75,1e-04,95,"invasive_male",0,-0.0678179016825567,1
1,1.75,1e-04,95,"invasive_age",0,0.16655394304058,1
1,1.75,1e-04,95,"invasive_income",0,-0.0467288233727045,1
1,1.75,1e-04,95,"invasive_child",0.4,-0.058714795458972,1
1,1.75,1e-04,96,"ASC2_male",0.6,0.179127434513209,1
1,1.75,1e-04,96,"ASC2_age",0,0.414907801114026,1
1,1.75,1e-04,96,"ASC2_income",0,-0.265947058106864,1
1,1.75,1e-04,96,"ASC2_child",0,0.0833212489931236,1
1,1.75,1e-04,96,"ASC3_male",-0.1,0.0123702047395827,1
1,1.75,1e-04,96,"ASC3_age",1.2,1.33761987238792,1
1,1.75,1e-04,96,"ASC3_income",0,-0.258856882538966,1
1,1.75,1e-04,96,"ASC3_child",0,0.130130271404333,1
1,1.75,1e-04,96,"prot25_male",-0.6,-0.0163989978590682,1
1,1.75,1e-04,96,"prot25_age",0.3,-0.19321100698033,1
1,1.75,1e-04,96,"prot25_income",-0.8,-0.168362774404224,1
1,1.75,1e-04,96,"prot25_child",0.7,0.281682252129967,1
1,1.75,1e-04,96,"prot50_male",-1,-0.273722460228809,1
1,1.75,1e-04,96,"prot50_age",0,0.0722467692678995,1
1,1.75,1e-04,96,"prot50_income",0,0.138647751296051,1
1,1.75,1e-04,96,"prot50_child",0,-0.466450515287844,1
1,1.75,1e-04,96,"invasive_male",-0.2,0.0732965464415265,1
1,1.75,1e-04,96,"invasive_age",-0.4,-0.213968317381573,1
1,1.75,1e-04,96,"invasive_income",0,-0.259545256162677,1
1,1.75,1e-04,96,"invasive_child",0,-0.244743216373046,1
1,1.75,1e-04,97,"ASC2_male",-1,-1.24583381295623,1
1,1.75,1e-04,97,"ASC2_age",0.2,-0.252482765618105,1
1,1.75,1e-04,97,"ASC2_income",0,0.0732611794613831,1
1,1.75,1e-04,97,"ASC2_child",-0.3,-0.419099420820154,1
1,1.75,1e-04,97,"ASC3_male",0.5,-0.339467337516696,1
1,1.75,1e-04,97,"ASC3_age",0.5,0.00286106197350114,1
1,1.75,1e-04,97,"ASC3_income",0,0.100920439092694,1
1,1.75,1e-04,97,"ASC3_child",-0.2,-0.356594409486727,1
1,1.75,1e-04,97,"prot25_male",0,0.634150426282151,1
1,1.75,1e-04,97,"prot25_age",0,0.292293701009839,1
1,1.75,1e-04,97,"prot25_income",-0.1,0.172545660041719,1
1,1.75,1e-04,97,"prot25_child",0,-0.263599026259455,1
1,1.75,1e-04,97,"prot50_male",0.6,0.813643602742312,1
1,1.75,1e-04,97,"prot50_age",0,0.0750795204342572,1
1,1.75,1e-04,97,"prot50_income",-0.5,-0.394553285682189,1
1,1.75,1e-04,97,"prot50_child",0,-0.802025611231743,1
1,1.75,1e-04,97,"invasive_male",0,-0.363674627252354,1
1,1.75,1e-04,97,"invasive_age",0,0.0463877982888827,1
1,1.75,1e-04,97,"invasive_income",-0.7,-0.665897914687149,1
1,1.75,1e-04,97,"invasive_child",0,-0.0918518524934337,1
1,1.75,1e-04,98,"ASC2_male",0,-0.805315280904239,1
1,1.75,1e-04,98,"ASC2_age",0,0.681240133996993,1
1,1.75,1e-04,98,"ASC2_income",-0.5,-0.12955077576356,1
1,1.75,1e-04,98,"ASC2_child",-1.1,-1.93792685602923,1
1,1.75,1e-04,98,"ASC3_male",-0.3,-0.635570327935973,1
1,1.75,1e-04,98,"ASC3_age",1,1.30150568259241,1
1,1.75,1e-04,98,"ASC3_income",0,0.407126808130784,1
1,1.75,1e-04,98,"ASC3_child",-0.6,-1.42042743899282,1
1,1.75,1e-04,98,"prot25_male",-0.4,-0.172653526159777,1
1,1.75,1e-04,98,"prot25_age",0,-0.405349770533879,1
1,1.75,1e-04,98,"prot25_income",1.2,0.329040654008928,1
1,1.75,1e-04,98,"prot25_child",-0.8,0.400562187049825,1
1,1.75,1e-04,98,"prot50_male",-1.1,-0.680350790891402,1
1,1.75,1e-04,98,"prot50_age",0,-0.387849673639128,1
1,1.75,1e-04,98,"prot50_income",0,-0.390930703300429,1
1,1.75,1e-04,98,"prot50_child",0,1.04772044367856,1
1,1.75,1e-04,98,"invasive_male",0,-0.281196778519045,1
1,1.75,1e-04,98,"invasive_age",0,-0.0702598601079652,1
1,1.75,1e-04,98,"invasive_income",0,-0.185688112849083,1
1,1.75,1e-04,98,"invasive_child",1,1.0399505900819,1
1,1.75,1e-04,99,"ASC2_male",1.1,0.0582674844088686,1
1,1.75,1e-04,99,"ASC2_age",0.3,0.192232210146642,1
1,1.75,1e-04,99,"ASC2_income",-0.8,-0.620886419436463,1
1,1.75,1e-04,99,"ASC2_child",0.2,0.551221851908451,1
1,1.75,1e-04,99,"ASC3_male",1.1,0.212439936816294,1
1,1.75,1e-04,99,"ASC3_age",0,0.109661079805519,1
1,1.75,1e-04,99,"ASC3_income",0,-0.180562227820291,1
1,1.75,1e-04,99,"ASC3_child",0,0.423802466908922,1
1,1.75,1e-04,99,"prot25_male",-0.6,-0.575142528915978,1
1,1.75,1e-04,99,"prot25_age",0,0.0527787576505208,1
1,1.75,1e-04,99,"prot25_income",0,0.150504905521274,1
1,1.75,1e-04,99,"prot25_child",0,0.180261963426535,1
1,1.75,1e-04,99,"prot50_male",-0.2,0.0435655074848954,1
1,1.75,1e-04,99,"prot50_age",0.9,0.446874099420408,1
1,1.75,1e-04,99,"prot50_income",-0.1,-0.131963991487979,1
1,1.75,1e-04,99,"prot50_child",0,-0.257075225603998,1
1,1.75,1e-04,99,"invasive_male",0.9,0.599622995483653,1
1,1.75,1e-04,99,"invasive_age",0,-0.0106495953577299,1
1,1.75,1e-04,99,"invasive_income",0,-0.293797828105294,1
1,1.75,1e-04,99,"invasive_child",0,0.112666296646712,1
1,1.75,1e-04,100,"ASC2_male",0.1,0.16847351744449,1
1,1.75,1e-04,100,"ASC2_age",0,0.420250418207495,1
1,1.75,1e-04,100,"ASC2_income",0,0.00718534503416673,1
1,1.75,1e-04,100,"ASC2_child",-0.7,-0.00883656898628187,1
1,1.75,1e-04,100,"ASC3_male",0,-0.205190986409936,1
1,1.75,1e-04,100,"ASC3_age",0,0.371213467344869,1
1,1.75,1e-04,100,"ASC3_income",-0.7,-0.225189528260696,1
1,1.75,1e-04,100,"ASC3_child",-1.1,-0.414126437630307,1
1,1.75,1e-04,100,"prot25_male",0,-0.694761217805073,1
1,1.75,1e-04,100,"prot25_age",-0.7,-0.632563014242088,1
1,1.75,1e-04,100,"prot25_income",0,-0.186648437681209,1
1,1.75,1e-04,100,"prot25_child",-0.6,-0.113616222282767,1
1,1.75,1e-04,100,"prot50_male",0,0.0162071211039784,1
1,1.75,1e-04,100,"prot50_age",0,-0.134042440472632,1
1,1.75,1e-04,100,"prot50_income",0.5,0.202818454731741,1
1,1.75,1e-04,100,"prot50_child",1,0.419726729910897,1
1,1.75,1e-04,100,"invasive_male",0,-0.348244769184281,1
1,1.75,1e-04,100,"invasive_age",0,0.44682832669095,1
1,1.75,1e-04,100,"invasive_income",0.8,0.794817486177921,1
1,1.75,1e-04,100,"invasive_child",0.4,-0.0142375819154759,1
1,1.75,0.001,1,"ASC2_male",0.9,0.0384682963083193,1
1,1.75,0.001,1,"ASC2_age",0.3,0.501541799788965,1
1,1.75,0.001,1,"ASC2_income",0,-0.342270628324006,1
1,1.75,0.001,1,"ASC2_child",0,-1.11769045089362,1
1,1.75,0.001,1,"ASC3_male",-1.1,-0.823692513704431,1
1,1.75,0.001,1,"ASC3_age",0,0.277533161597054,1
1,1.75,0.001,1,"ASC3_income",0.8,0.0560129951146503,1
1,1.75,0.001,1,"ASC3_child",0,-1.45736289201523,1
1,1.75,0.001,1,"prot25_male",1.2,0.889838930176233,1
1,1.75,0.001,1,"prot25_age",0.7,0.213319391368959,1
1,1.75,0.001,1,"prot25_income",0,0.550116664356547,1
1,1.75,0.001,1,"prot25_child",1.1,1.07201463836639,1
1,1.75,0.001,1,"prot50_male",0,0.438595750141072,1
1,1.75,0.001,1,"prot50_age",0,-0.443775820734163,1
1,1.75,0.001,1,"prot50_income",-1.2,-0.367942112756875,1
1,1.75,0.001,1,"prot50_child",1.1,1.15920706489731,1
1,1.75,0.001,1,"invasive_male",0,0.289513012779795,1
1,1.75,0.001,1,"invasive_age",-0.6,-0.493061068640617,1
1,1.75,0.001,1,"invasive_income",0,-0.0121004311982462,1
1,1.75,0.001,1,"invasive_child",0,-0.477392054150519,1
1,1.75,0.001,2,"ASC2_male",0,-0.222205794708651,1
1,1.75,0.001,2,"ASC2_age",0.1,0.0751582917241755,1
1,1.75,0.001,2,"ASC2_income",0.7,0.757661196198336,1
1,1.75,0.001,2,"ASC2_child",-0.4,-0.852417892655114,1
1,1.75,0.001,2,"ASC3_male",0,-0.0664063627525027,1
1,1.75,0.001,2,"ASC3_age",0.4,0.111255684000736,1
1,1.75,0.001,2,"ASC3_income",-0.8,-0.0674676247091466,1
1,1.75,0.001,2,"ASC3_child",0,-0.80057437651271,1
1,1.75,0.001,2,"prot25_male",0.5,0.775830786669976,1
1,1.75,0.001,2,"prot25_age",0.8,0.632859097830721,1
1,1.75,0.001,2,"prot25_income",0,-0.412867565826854,1
1,1.75,0.001,2,"prot25_child",0,-0.159298468452181,1
1,1.75,0.001,2,"prot50_male",0,0.371324739698399,1
1,1.75,0.001,2,"prot50_age",0,-0.00608631541368186,1
1,1.75,0.001,2,"prot50_income",0,-0.567214318460295,1
1,1.75,0.001,2,"prot50_child",0,-0.292532111483861,1
1,1.75,0.001,2,"invasive_male",1,0.283227348619247,1
1,1.75,0.001,2,"invasive_age",-0.1,0.0876342703791183,1
1,1.75,0.001,2,"invasive_income",0,-0.0971965312603543,1
1,1.75,0.001,2,"invasive_child",-0.6,-0.574295908971867,1
1,1.75,0.001,3,"ASC2_male",-0.9,-0.404307932344196,1
1,1.75,0.001,3,"ASC2_age",-0.4,-0.299220249150846,1
1,1.75,0.001,3,"ASC2_income",0,-0.215642074343369,1
1,1.75,0.001,3,"ASC2_child",0,-0.71901962794195,1
1,1.75,0.001,3,"ASC3_male",-0.7,-0.735868492790497,1
1,1.75,0.001,3,"ASC3_age",0,-0.143209231627918,1
1,1.75,0.001,3,"ASC3_income",0,-0.0371403238215715,1
1,1.75,0.001,3,"ASC3_child",1,0.405406116993039,1
1,1.75,0.001,3,"prot25_male",0,0.236949226385338,1
1,1.75,0.001,3,"prot25_age",0,0.29575950592715,1
1,1.75,0.001,3,"prot25_income",0,0.242699054469779,1
1,1.75,0.001,3,"prot25_child",0,0.173484081419668,1
1,1.75,0.001,3,"prot50_male",0.7,0.580233657452848,1
1,1.75,0.001,3,"prot50_age",-0.2,0.0113764931127467,1
1,1.75,0.001,3,"prot50_income",-1,-0.865588591459325,1
1,1.75,0.001,3,"prot50_child",-0.8,-0.24724846843741,1
1,1.75,0.001,3,"invasive_male",0,0.0528207837570236,1
1,1.75,0.001,3,"invasive_age",0,-0.0370424787647306,1
1,1.75,0.001,3,"invasive_income",-1.2,-0.957381529249922,1
1,1.75,0.001,3,"invasive_child",1,0.294191879227024,1
1,1.75,0.001,4,"ASC2_male",0,0.311389811475504,1
1,1.75,0.001,4,"ASC2_age",-0.1,0.232650055504844,1
1,1.75,0.001,4,"ASC2_income",0,-0.460585880681578,1
1,1.75,0.001,4,"ASC2_child",-0.6,-1.12149634704006,1
1,1.75,0.001,4,"ASC3_male",0,-0.0552741994492381,1
1,1.75,0.001,4,"ASC3_age",1,1.09228784660555,1
1,1.75,0.001,4,"ASC3_income",0,-0.745163205413432,1
1,1.75,0.001,4,"ASC3_child",0,-0.908481408366813,1
1,1.75,0.001,4,"prot25_male",0,-0.675512507273126,1
1,1.75,0.001,4,"prot25_age",-0.5,-0.764812582455737,1
1,1.75,0.001,4,"prot25_income",0,0.487373312186105,1
1,1.75,0.001,4,"prot25_child",0,0.216022770541286,1
1,1.75,0.001,4,"prot50_male",0.1,-0.343567721687887,1
1,1.75,0.001,4,"prot50_age",1,0.477843485699391,1
1,1.75,0.001,4,"prot50_income",0,0.345377331946106,1
1,1.75,0.001,4,"prot50_child",-1,-0.31003184796311,1
1,1.75,0.001,4,"invasive_male",-1,-0.690242531664722,1
1,1.75,0.001,4,"invasive_age",-0.9,-0.351134642527614,1
1,1.75,0.001,4,"invasive_income",-0.3,-0.563125309319647,1
1,1.75,0.001,4,"invasive_child",0,-0.0815035223402459,1
1,1.75,0.001,5,"ASC2_male",0,0.144995411585411,1
1,1.75,0.001,5,"ASC2_age",0.7,0.555017941197191,1
1,1.75,0.001,5,"ASC2_income",-0.4,-0.42098809144898,1
1,1.75,0.001,5,"ASC2_child",-0.3,0.657359754478537,1
1,1.75,0.001,5,"ASC3_male",0,-0.170564634258129,1
1,1.75,0.001,5,"ASC3_age",0,0.0227910683136049,1
1,1.75,0.001,5,"ASC3_income",0.9,0.512782287879265,1
1,1.75,0.001,5,"ASC3_child",-0.6,0.96800037181073,1
1,1.75,0.001,5,"prot25_male",0.9,0.927854469862282,1
1,1.75,0.001,5,"prot25_age",0,-0.31492063637574,1
1,1.75,0.001,5,"prot25_income",-0.3,-0.474264694260169,1
1,1.75,0.001,5,"prot25_child",0,-0.772756593920594,1
1,1.75,0.001,5,"prot50_male",0.4,0.289634239204651,1
1,1.75,0.001,5,"prot50_age",0,0.178808122791395,1
1,1.75,0.001,5,"prot50_income",0.5,0.383925019365295,1
1,1.75,0.001,5,"prot50_child",0,-0.167450594928222,1
1,1.75,0.001,5,"invasive_male",0.7,0.56178659457132,1
1,1.75,0.001,5,"invasive_age",0,0.00248856634244992,1
1,1.75,0.001,5,"invasive_income",0,-0.244488040515023,1
1,1.75,0.001,5,"invasive_child",0,0.686284260724595,1
1,1.75,0.001,6,"ASC2_male",0.4,-0.38048913818548,1
1,1.75,0.001,6,"ASC2_age",0.7,0.73574228642413,1
1,1.75,0.001,6,"ASC2_income",0,-0.54436059101598,1
1,1.75,0.001,6,"ASC2_child",0,0.166111729256601,1
1,1.75,0.001,6,"ASC3_male",0,-0.0633691022983694,1
1,1.75,0.001,6,"ASC3_age",0,0.0165297912478757,1
1,1.75,0.001,6,"ASC3_income",0,-0.442633000881881,1
1,1.75,0.001,6,"ASC3_child",1.2,0.935099280985642,1
1,1.75,0.001,6,"prot25_male",-0.4,0.343787030666184,1
1,1.75,0.001,6,"prot25_age",-0.3,-0.564373350297237,1
1,1.75,0.001,6,"prot25_income",0,0.45511441188428,1
1,1.75,0.001,6,"prot25_child",0,-0.339736955900514,1
1,1.75,0.001,6,"prot50_male",0,0.356687888577427,1
1,1.75,0.001,6,"prot50_age",-1.1,-1.01064410208038,1
1,1.75,0.001,6,"prot50_income",-0.2,0.299400283524964,1
1,1.75,0.001,6,"prot50_child",-0.2,-0.643052247501543,1
1,1.75,0.001,6,"invasive_male",0,-0.565382986283397,1
1,1.75,0.001,6,"invasive_age",1,0.34070248973429,1
1,1.75,0.001,6,"invasive_income",0,-0.0956770620197005,1
1,1.75,0.001,6,"invasive_child",0.9,0.407527413579834,1
1,1.75,0.001,7,"ASC2_male",0.8,-0.356199611185272,1
1,1.75,0.001,7,"ASC2_age",0,0.243331567666886,1
1,1.75,0.001,7,"ASC2_income",0,-0.119238053600852,1
1,1.75,0.001,7,"ASC2_child",1.2,1.10553131380867,1
1,1.75,0.001,7,"ASC3_male",-0.7,-0.844175452508886,1
1,1.75,0.001,7,"ASC3_age",0,0.377533416548678,1
1,1.75,0.001,7,"ASC3_income",0,-0.133086499701381,1
1,1.75,0.001,7,"ASC3_child",-1,-0.295468425181005,1
1,1.75,0.001,7,"prot25_male",1.2,0.550689175528115,1
1,1.75,0.001,7,"prot25_age",0.8,0.114264918559762,1
1,1.75,0.001,7,"prot25_income",0,0.142515220973469,1
1,1.75,0.001,7,"prot25_child",0.7,-0.00461969003227702,1
1,1.75,0.001,7,"prot50_male",0,-0.0808111682842883,1
1,1.75,0.001,7,"prot50_age",-0.4,-0.850184197967231,1
1,1.75,0.001,7,"prot50_income",0,0.243164797574811,1
1,1.75,0.001,7,"prot50_child",0.6,-0.45058579818248,1
1,1.75,0.001,7,"invasive_male",0,0.39580217622235,1
1,1.75,0.001,7,"invasive_age",0,-0.403209115474473,1
1,1.75,0.001,7,"invasive_income",1.1,0.8188277825201,1
1,1.75,0.001,7,"invasive_child",0,-0.644284108754413,1
1,1.75,0.001,8,"ASC2_male",0,-0.551566995374474,1
1,1.75,0.001,8,"ASC2_age",-1.2,-0.116521265048136,1
1,1.75,0.001,8,"ASC2_income",0,0.0816863860485716,1
1,1.75,0.001,8,"ASC2_child",0,-0.690351107101446,1
1,1.75,0.001,8,"ASC3_male",-0.3,-0.830549162536839,1
1,1.75,0.001,8,"ASC3_age",0.9,1.2657065534737,1
1,1.75,0.001,8,"ASC3_income",0,0.0192003204886143,1
1,1.75,0.001,8,"ASC3_child",1.2,0.130167341447748,1
1,1.75,0.001,8,"prot25_male",0,0.204892752358129,1
1,1.75,0.001,8,"prot25_age",-0.2,0.0710833377576513,1
1,1.75,0.001,8,"prot25_income",0,0.193586088135423,1
1,1.75,0.001,8,"prot25_child",1.1,0.955476024818028,1
1,1.75,0.001,8,"prot50_male",1.1,0.758454892140937,1
1,1.75,0.001,8,"prot50_age",0,-0.049370074010668,1
1,1.75,0.001,8,"prot50_income",-0.2,-0.114016159775818,1
1,1.75,0.001,8,"prot50_child",0,0.467885650088218,1
1,1.75,0.001,8,"invasive_male",0,-0.128066486930276,1
1,1.75,0.001,8,"invasive_age",0.7,0.517151365427939,1
1,1.75,0.001,8,"invasive_income",0.3,0.0712385509197462,1
1,1.75,0.001,8,"invasive_child",0,-0.0461734145558632,1
1,1.75,0.001,9,"ASC2_male",1,1.44318496059368,1
1,1.75,0.001,9,"ASC2_age",0,-0.161515024394645,1
1,1.75,0.001,9,"ASC2_income",0,0.114531233089571,1
1,1.75,0.001,9,"ASC2_child",-1.2,-1.27781177891818,1
1,1.75,0.001,9,"ASC3_male",0.9,0.923610514288649,1
1,1.75,0.001,9,"ASC3_age",-0.6,-0.526512476061269,1
1,1.75,0.001,9,"ASC3_income",0,0.37519673827015,1
1,1.75,0.001,9,"ASC3_child",-0.9,-1.10599721015055,1
1,1.75,0.001,9,"prot25_male",-0.3,-0.437129480572854,1
1,1.75,0.001,9,"prot25_age",0,0.0128838817510873,1
1,1.75,0.001,9,"prot25_income",0,-0.118628950653231,1
1,1.75,0.001,9,"prot25_child",0,0.668860477843713,1
1,1.75,0.001,9,"prot50_male",-0.2,-0.265353348443911,1
1,1.75,0.001,9,"prot50_age",0.6,0.923781009546325,1
1,1.75,0.001,9,"prot50_income",-0.7,-0.812373583704628,1
1,1.75,0.001,9,"prot50_child",0,0.758797079579537,1
1,1.75,0.001,9,"invasive_male",0,0.0622586785501011,1
1,1.75,0.001,9,"invasive_age",0,0.350909642794074,1
1,1.75,0.001,9,"invasive_income",-0.7,-0.305906813706438,1
1,1.75,0.001,9,"invasive_child",0,0.0349031934070314,1
1,1.75,0.001,10,"ASC2_male",0.9,0.0788220485396993,1
1,1.75,0.001,10,"ASC2_age",0,-0.350956244259522,1
1,1.75,0.001,10,"ASC2_income",1.2,0.944800565185903,1
1,1.75,0.001,10,"ASC2_child",-0.8,-1.69076555522081,1
1,1.75,0.001,10,"ASC3_male",0.4,-0.353879709349054,1
1,1.75,0.001,10,"ASC3_age",-0.4,-0.452217205639947,1
1,1.75,0.001,10,"ASC3_income",0,0.560217928067004,1
1,1.75,0.001,10,"ASC3_child",0,-1.03008818759219,1
1,1.75,0.001,10,"prot25_male",1,0.591086011796632,1
1,1.75,0.001,10,"prot25_age",0,0.0890917271398426,1
1,1.75,0.001,10,"prot25_income",0,0.241960407819197,1
1,1.75,0.001,10,"prot25_child",0,0.0736143673876679,1
1,1.75,0.001,10,"prot50_male",0.4,-0.157067467108797,1
1,1.75,0.001,10,"prot50_age",0,0.242926495848123,1
1,1.75,0.001,10,"prot50_income",0,0.127219508181732,1
1,1.75,0.001,10,"prot50_child",0.7,1.04840887792596,1
1,1.75,0.001,10,"invasive_male",0,-0.582256764047594,1
1,1.75,0.001,10,"invasive_age",0.6,0.528957927876688,1
1,1.75,0.001,10,"invasive_income",0,0.229520628162926,1
1,1.75,0.001,10,"invasive_child",-0.7,-0.288915175604678,1
1,1.75,0.001,11,"ASC2_male",1.1,0.0235764734722445,1
1,1.75,0.001,11,"ASC2_age",-0.5,-0.115069521366738,1
1,1.75,0.001,11,"ASC2_income",0,-0.443253559624826,1
1,1.75,0.001,11,"ASC2_child",-0.5,0.683863841631006,1
1,1.75,0.001,11,"ASC3_male",0,-0.129864138421196,1
1,1.75,0.001,11,"ASC3_age",0,-0.0997029141778122,1
1,1.75,0.001,11,"ASC3_income",-0.7,-1.31314123345198,1
1,1.75,0.001,11,"ASC3_child",0,0.327212106710277,1
1,1.75,0.001,11,"prot25_male",0,0.656299554593665,1
1,1.75,0.001,11,"prot25_age",0.7,0.615043253976398,1
1,1.75,0.001,11,"prot25_income",0,0.135653747330058,1
1,1.75,0.001,11,"prot25_child",0,-0.547507849540741,1
1,1.75,0.001,11,"prot50_male",-1,0.0655770467861271,1
1,1.75,0.001,11,"prot50_age",0.7,0.638163956865588,1
1,1.75,0.001,11,"prot50_income",0.1,0.418032017518875,1
1,1.75,0.001,11,"prot50_child",1.2,0.658832887545856,1
1,1.75,0.001,11,"invasive_male",0,-0.061440034751919,1
1,1.75,0.001,11,"invasive_age",0,0.103011826228976,1
1,1.75,0.001,11,"invasive_income",-0.2,-0.323008142688237,1
1,1.75,0.001,11,"invasive_child",0,-0.208825989739418,1
1,1.75,0.001,12,"ASC2_male",0,0.395442787619437,1
1,1.75,0.001,12,"ASC2_age",0.8,0.711566247079193,1
1,1.75,0.001,12,"ASC2_income",0,-0.924376728847281,1
1,1.75,0.001,12,"ASC2_child",0,0.147757520682162,1
1,1.75,0.001,12,"ASC3_male",0.6,0.222448373717488,1
1,1.75,0.001,12,"ASC3_age",0.2,0.384679581690446,1
1,1.75,0.001,12,"ASC3_income",0,-1.07134156370997,1
1,1.75,0.001,12,"ASC3_child",0,-0.447401154499107,1
1,1.75,0.001,12,"prot25_male",0,-0.261178051847397,1
1,1.75,0.001,12,"prot25_age",-0.9,-0.748993301603214,1
1,1.75,0.001,12,"prot25_income",0,0.697265099462125,1
1,1.75,0.001,12,"prot25_child",0.2,0.0955949621634546,1
1,1.75,0.001,12,"prot50_male",-0.7,-0.748167302976084,1
1,1.75,0.001,12,"prot50_age",-0.6,-0.464836286038157,1
1,1.75,0.001,12,"prot50_income",0,0.92887849469649,1
1,1.75,0.001,12,"prot50_child",0,-0.313781036975258,1
1,1.75,0.001,12,"invasive_male",-0.7,-0.8549309185953,1
1,1.75,0.001,12,"invasive_age",-1.2,-0.693211018552854,1
1,1.75,0.001,12,"invasive_income",-1.1,-0.81236104464626,1
1,1.75,0.001,12,"invasive_child",0,-0.236375633278492,1
1,1.75,0.001,13,"ASC2_male",-0.7,-1.58770743615074,1
1,1.75,0.001,13,"ASC2_age",-0.3,-0.318959292455455,1
1,1.75,0.001,13,"ASC2_income",0,-0.0822179038099901,1
1,1.75,0.001,13,"ASC2_child",0,-0.397546805238749,1
1,1.75,0.001,13,"ASC3_male",0,-1.09930300022292,1
1,1.75,0.001,13,"ASC3_age",0,-0.260408677288642,1
1,1.75,0.001,13,"ASC3_income",0,-0.0936946808889739,1
1,1.75,0.001,13,"ASC3_child",-1.1,-1.37220333224208,1
1,1.75,0.001,13,"prot25_male",-0.5,0.35628290876715,1
1,1.75,0.001,13,"prot25_age",0,0.532749554386755,1
1,1.75,0.001,13,"prot25_income",0.3,0.0612945512506928,1
1,1.75,0.001,13,"prot25_child",-0.3,0.659504372020602,1
1,1.75,0.001,13,"prot50_male",0.9,1.4821721088935,1
1,1.75,0.001,13,"prot50_age",1,1.04674585002612,1
1,1.75,0.001,13,"prot50_income",-0.5,-0.41005319000092,1
1,1.75,0.001,13,"prot50_child",0,1.01162452189444,1
1,1.75,0.001,13,"invasive_male",0,-0.440064583153464,1
1,1.75,0.001,13,"invasive_age",0,0.406098992717098,1
1,1.75,0.001,13,"invasive_income",1,0.518255706592459,1
1,1.75,0.001,13,"invasive_child",0,-0.308158717853259,1
1,1.75,0.001,14,"ASC2_male",0.7,0.402566042829692,1
1,1.75,0.001,14,"ASC2_age",0,0.192142465759174,1
1,1.75,0.001,14,"ASC2_income",0,0.598230268292595,1
1,1.75,0.001,14,"ASC2_child",-1.2,-0.0128951214935381,1
1,1.75,0.001,14,"ASC3_male",-1.1,-1.35101648707898,1
1,1.75,0.001,14,"ASC3_age",0,0.577597411762582,1
1,1.75,0.001,14,"ASC3_income",0,0.296220661092525,1
1,1.75,0.001,14,"ASC3_child",0,0.767170460969984,1
1,1.75,0.001,14,"prot25_male",0,0.80731487218771,1
1,1.75,0.001,14,"prot25_age",-0.2,-0.483978386296,1
1,1.75,0.001,14,"prot25_income",-1,-0.655152174489576,1
1,1.75,0.001,14,"prot25_child",-0.2,-0.449333107416756,1
1,1.75,0.001,14,"prot50_male",0,-0.253853831746014,1
1,1.75,0.001,14,"prot50_age",-1,-1.01871381785428,1
1,1.75,0.001,14,"prot50_income",1,0.798111352561332,1
1,1.75,0.001,14,"prot50_child",0,0.0982920660405162,1
1,1.75,0.001,14,"invasive_male",0,0.27704399578462,1
1,1.75,0.001,14,"invasive_age",0.6,0.672432720960782,1
1,1.75,0.001,14,"invasive_income",0.2,0.125852998427488,1
1,1.75,0.001,14,"invasive_child",0,0.336256732239988,1
1,1.75,0.001,15,"ASC2_male",-0.1,0.668631333737961,1
1,1.75,0.001,15,"ASC2_age",-0.6,-0.576610480583465,1
1,1.75,0.001,15,"ASC2_income",0.3,0.523168916517613,1
1,1.75,0.001,15,"ASC2_child",0,0.859351250879476,1
1,1.75,0.001,15,"ASC3_male",0,0.741472408603415,1
1,1.75,0.001,15,"ASC3_age",0,-0.0584714093723636,1
1,1.75,0.001,15,"ASC3_income",1.1,0.867451798340019,1
1,1.75,0.001,15,"ASC3_child",1.2,1.05156994095916,1
1,1.75,0.001,15,"prot25_male",0,-0.348022224107352,1
1,1.75,0.001,15,"prot25_age",0,-0.0910357837522161,1
1,1.75,0.001,15,"prot25_income",0,-0.46776074611355,1
1,1.75,0.001,15,"prot25_child",0.8,0.163649498062064,1
1,1.75,0.001,15,"prot50_male",0,-0.737984646608087,1
1,1.75,0.001,15,"prot50_age",0.8,0.559700669048564,1
1,1.75,0.001,15,"prot50_income",0.2,-0.303388264424804,1
1,1.75,0.001,15,"prot50_child",0,-0.79021924116987,1
1,1.75,0.001,15,"invasive_male",0,0.393940895951921,1
1,1.75,0.001,15,"invasive_age",-1.2,-0.8937146582283,1
1,1.75,0.001,15,"invasive_income",0,0.0202148650193865,1
1,1.75,0.001,15,"invasive_child",0.9,0.0947207135943314,1
1,1.75,0.001,16,"ASC2_male",1,1.21699654672603,1
1,1.75,0.001,16,"ASC2_age",1,0.543302750431925,1
1,1.75,0.001,16,"ASC2_income",0,0.00430666687249424,1
1,1.75,0.001,16,"ASC2_child",0,-1.78521661758697,1
1,1.75,0.001,16,"ASC3_male",0.7,1.11472611806998,1
1,1.75,0.001,16,"ASC3_age",0,0.00487957346464137,1
1,1.75,0.001,16,"ASC3_income",0,-0.268210022633714,1
1,1.75,0.001,16,"ASC3_child",-1,-2.51674265928922,1
1,1.75,0.001,16,"prot25_male",0,-0.875378599253656,1
1,1.75,0.001,16,"prot25_age",0.2,0.437647721509567,1
1,1.75,0.001,16,"prot25_income",0,0.0435821767175085,1
1,1.75,0.001,16,"prot25_child",0,1.50959717779846,1
1,1.75,0.001,16,"prot50_male",0.9,0.180424245182333,1
1,1.75,0.001,16,"prot50_age",0.5,0.555033232621492,1
1,1.75,0.001,16,"prot50_income",0,0.0658929136373235,1
1,1.75,0.001,16,"prot50_child",-0.3,0.621721166943676,1
1,1.75,0.001,16,"invasive_male",-0.4,0.226572567533194,1
1,1.75,0.001,16,"invasive_age",0,-0.0821779101313981,1
1,1.75,0.001,16,"invasive_income",0.2,0.0479114349134036,1
1,1.75,0.001,16,"invasive_child",0,-0.767805363991957,1
1,1.75,0.001,17,"ASC2_male",0.6,0.433589503402384,1
1,1.75,0.001,17,"ASC2_age",-1,-0.926790913091227,1
1,1.75,0.001,17,"ASC2_income",1,0.718841048469376,1
1,1.75,0.001,17,"ASC2_child",0.8,0.133275042309477,1
1,1.75,0.001,17,"ASC3_male",0,0.178122712870137,1
1,1.75,0.001,17,"ASC3_age",0,-0.220759107001264,1
1,1.75,0.001,17,"ASC3_income",0.7,0.619253398873081,1
1,1.75,0.001,17,"ASC3_child",-0.4,-0.839363358240933,1
1,1.75,0.001,17,"prot25_male",0,-0.441938044125901,1
1,1.75,0.001,17,"prot25_age",0,-0.0123705362360062,1
1,1.75,0.001,17,"prot25_income",0,-0.36928952680883,1
1,1.75,0.001,17,"prot25_child",-0.7,-1.00090151780367,1
1,1.75,0.001,17,"prot50_male",0,-0.299271397181786,1
1,1.75,0.001,17,"prot50_age",0,0.0738585809695985,1
1,1.75,0.001,17,"prot50_income",0.4,-0.119472270490371,1
1,1.75,0.001,17,"prot50_child",-1.1,-0.936661617512052,1
1,1.75,0.001,17,"invasive_male",0,-0.0494530984510557,1
1,1.75,0.001,17,"invasive_age",0,-0.213146606580974,1
1,1.75,0.001,17,"invasive_income",0,-0.15949634592641,1
1,1.75,0.001,17,"invasive_child",0.8,0.208043056700012,1
1,1.75,0.001,18,"ASC2_male",0,-0.853844652983059,1
1,1.75,0.001,18,"ASC2_age",0,0.705836624325354,1
1,1.75,0.001,18,"ASC2_income",0.2,0.162139500560175,1
1,1.75,0.001,18,"ASC2_child",0,0.39775879125748,1
1,1.75,0.001,18,"ASC3_male",0.3,-0.0436847269071814,1
1,1.75,0.001,18,"ASC3_age",0,0.393770845193984,1
1,1.75,0.001,18,"ASC3_income",0.7,0.503680561142917,1
1,1.75,0.001,18,"ASC3_child",0,0.00104025582781851,1
1,1.75,0.001,18,"prot25_male",0,-0.0838800282752423,1
1,1.75,0.001,18,"prot25_age",0.2,-0.53527913839935,1
1,1.75,0.001,18,"prot25_income",0,0.28749659991991,1
1,1.75,0.001,18,"prot25_child",0.9,0.399552378702585,1
1,1.75,0.001,18,"prot50_male",-0.9,0.131399827886329,1
1,1.75,0.001,18,"prot50_age",0,-0.825496244154974,1
1,1.75,0.001,18,"prot50_income",0,0.147144821235645,1
1,1.75,0.001,18,"prot50_child",0,-0.430528558270332,1
1,1.75,0.001,18,"invasive_male",-0.9,-1.67335150352429,1
1,1.75,0.001,18,"invasive_age",0.1,-0.0856218641092275,1
1,1.75,0.001,18,"invasive_income",-0.5,-0.363386844105372,1
1,1.75,0.001,18,"invasive_child",-0.2,-0.347004301709732,1
1,1.75,0.001,19,"ASC2_male",0,-0.301249548548171,1
1,1.75,0.001,19,"ASC2_age",1.2,0.797637054421759,1
1,1.75,0.001,19,"ASC2_income",0,-0.017402173082437,1
1,1.75,0.001,19,"ASC2_child",0,0.129031731965746,1
1,1.75,0.001,19,"ASC3_male",0.1,0.157185494798572,1
1,1.75,0.001,19,"ASC3_age",0,-0.155980114778496,1
1,1.75,0.001,19,"ASC3_income",0.7,0.438730301709532,1
1,1.75,0.001,19,"ASC3_child",0,0.186407659749349,1
1,1.75,0.001,19,"prot25_male",0,0.253001937913584,1
1,1.75,0.001,19,"prot25_age",0.2,0.222686040416158,1
1,1.75,0.001,19,"prot25_income",-0.1,0.0632663639147212,1
1,1.75,0.001,19,"prot25_child",0.6,0.0540195967605224,1
1,1.75,0.001,19,"prot50_male",0.4,0.324704458184762,1
1,1.75,0.001,19,"prot50_age",0,0.388619810742493,1
1,1.75,0.001,19,"prot50_income",0,-0.379248251437906,1
1,1.75,0.001,19,"prot50_child",0,0.657838689896086,1
1,1.75,0.001,19,"invasive_male",0.6,0.256882680346292,1
1,1.75,0.001,19,"invasive_age",0,0.246386237805488,1
1,1.75,0.001,19,"invasive_income",0.2,-0.12806670436141,1
1,1.75,0.001,19,"invasive_child",-0.8,-0.288780200573863,1
1,1.75,0.001,20,"ASC2_male",-1,-0.779342768733841,1
1,1.75,0.001,20,"ASC2_age",1,0.058744371816242,1
1,1.75,0.001,20,"ASC2_income",-0.8,0.166118704335648,1
1,1.75,0.001,20,"ASC2_child",0,0.378431087720255,1
1,1.75,0.001,20,"ASC3_male",0,0.182659615111444,1
1,1.75,0.001,20,"ASC3_age",0,-0.405279172168299,1
1,1.75,0.001,20,"ASC3_income",0,0.232487219943787,1
1,1.75,0.001,20,"ASC3_child",0,0.326288441325653,1
1,1.75,0.001,20,"prot25_male",0,0.032689033617057,1
1,1.75,0.001,20,"prot25_age",0,0.472081279739415,1
1,1.75,0.001,20,"prot25_income",0.3,-0.237260206223532,1
1,1.75,0.001,20,"prot25_child",0.3,0.208556231461852,1
1,1.75,0.001,20,"prot50_male",0.4,0.474623176161236,1
1,1.75,0.001,20,"prot50_age",-0.9,-0.163740552180088,1
1,1.75,0.001,20,"prot50_income",-1.1,-1.06217429514149,1
1,1.75,0.001,20,"prot50_child",0,0.336447854610409,1
1,1.75,0.001,20,"invasive_male",0,0.0167524181734096,1
1,1.75,0.001,20,"invasive_age",-0.3,-0.48703665087998,1
1,1.75,0.001,20,"invasive_income",-0.7,-0.304562555369426,1
1,1.75,0.001,20,"invasive_child",0,0.53147166873903,1
1,1.75,0.001,21,"ASC2_male",-0.1,-0.368411055771788,1
1,1.75,0.001,21,"ASC2_age",0,0.0260005477377902,1
1,1.75,0.001,21,"ASC2_income",0,-0.356957396473216,1
1,1.75,0.001,21,"ASC2_child",0.4,1.06144797842352,1
1,1.75,0.001,21,"ASC3_male",0,-0.607041277712573,1
1,1.75,0.001,21,"ASC3_age",-0.8,-0.442703143653546,1
1,1.75,0.001,21,"ASC3_income",0,-0.32750754801486,1
1,1.75,0.001,21,"ASC3_child",-0.3,0.50644389137333,1
1,1.75,0.001,21,"prot25_male",-0.8,-0.0122773965790489,1
1,1.75,0.001,21,"prot25_age",-0.4,-0.37946789615822,1
1,1.75,0.001,21,"prot25_income",0,0.388478701053402,1
1,1.75,0.001,21,"prot25_child",-0.3,-0.485461801993853,1
1,1.75,0.001,21,"prot50_male",0.5,0.685134113471673,1
1,1.75,0.001,21,"prot50_age",0,-0.278188991386059,1
1,1.75,0.001,21,"prot50_income",0,-0.165207773554974,1
1,1.75,0.001,21,"prot50_child",0.1,-0.756688464296182,1
1,1.75,0.001,21,"invasive_male",0,-0.568641965158714,1
1,1.75,0.001,21,"invasive_age",-0.3,-0.0157387068017207,1
1,1.75,0.001,21,"invasive_income",0,-0.436307336736269,1
1,1.75,0.001,21,"invasive_child",0,0.00654081128690517,1
1,1.75,0.001,22,"ASC2_male",0.9,0.270911015969432,1
1,1.75,0.001,22,"ASC2_age",0,-0.432511703303296,1
1,1.75,0.001,22,"ASC2_income",0,0.595712268270425,1
1,1.75,0.001,22,"ASC2_child",-0.7,-0.420032675793154,1
1,1.75,0.001,22,"ASC3_male",-0.7,-0.934959098190204,1
1,1.75,0.001,22,"ASC3_age",0,-0.409810572376243,1
1,1.75,0.001,22,"ASC3_income",0,0.552598981866897,1
1,1.75,0.001,22,"ASC3_child",0,0.138766484187597,1
1,1.75,0.001,22,"prot25_male",0,-0.52162731337079,1
1,1.75,0.001,22,"prot25_age",-0.2,0.218716278832857,1
1,1.75,0.001,22,"prot25_income",0.4,0.0600410195126395,1
1,1.75,0.001,22,"prot25_child",0,0.476892430499044,1
1,1.75,0.001,22,"prot50_male",0.4,0.144906006368938,1
1,1.75,0.001,22,"prot50_age",-1,-0.800295768646336,1
1,1.75,0.001,22,"prot50_income",0,-0.0845636103368365,1
1,1.75,0.001,22,"prot50_child",0.9,0.464715629642259,1
1,1.75,0.001,22,"invasive_male",0,0.168869734949558,1
1,1.75,0.001,22,"invasive_age",-0.8,-0.458944408271098,1
1,1.75,0.001,22,"invasive_income",0,0.104485911677876,1
1,1.75,0.001,22,"invasive_child",-0.1,-0.0901466497933318,1
1,1.75,0.001,23,"ASC2_male",-0.1,-0.340829677268971,1
1,1.75,0.001,23,"ASC2_age",-0.3,-0.073126812823091,1
1,1.75,0.001,23,"ASC2_income",0,-0.335649864484454,1
1,1.75,0.001,23,"ASC2_child",0,0.50881594111264,1
1,1.75,0.001,23,"ASC3_male",-0.9,-0.293636722482608,1
1,1.75,0.001,23,"ASC3_age",0,0.0624962189250167,1
1,1.75,0.001,23,"ASC3_income",0,-0.514334505289716,1
1,1.75,0.001,23,"ASC3_child",1,0.940859080772676,1
1,1.75,0.001,23,"prot25_male",0,-0.12341917489015,1
1,1.75,0.001,23,"prot25_age",0,-0.192276826698083,1
1,1.75,0.001,23,"prot25_income",0,0.358437504907296,1
1,1.75,0.001,23,"prot25_child",-1.1,-0.98904677805703,1
1,1.75,0.001,23,"prot50_male",-1.1,-0.708677101208724,1
1,1.75,0.001,23,"prot50_age",-0.8,-0.973111310786774,1
1,1.75,0.001,23,"prot50_income",0,0.0444693661105788,1
1,1.75,0.001,23,"prot50_child",0,-0.552368494822102,1
1,1.75,0.001,23,"invasive_male",-0.4,-0.237651081855083,1
1,1.75,0.001,23,"invasive_age",-0.4,-0.293380748211562,1
1,1.75,0.001,23,"invasive_income",0.8,0.263698584663288,1
1,1.75,0.001,23,"invasive_child",0,0.158363885552398,1
1,1.75,0.001,24,"ASC2_male",0.6,0.143592702604755,1
1,1.75,0.001,24,"ASC2_age",-1.1,-0.660371680683379,1
1,1.75,0.001,24,"ASC2_income",0,-0.0759737096325722,1
1,1.75,0.001,24,"ASC2_child",0,0.0881600937943069,1
1,1.75,0.001,24,"ASC3_male",0,-0.251015909739761,1
1,1.75,0.001,24,"ASC3_age",0,0.078729444641377,1
1,1.75,0.001,24,"ASC3_income",-0.6,-0.125730718954544,1
1,1.75,0.001,24,"ASC3_child",0.4,-0.342821871092925,1
1,1.75,0.001,24,"prot25_male",-0.3,-0.357566330017573,1
1,1.75,0.001,24,"prot25_age",0,-0.0750165489262904,1
1,1.75,0.001,24,"prot25_income",0,-0.0785849159971753,1
1,1.75,0.001,24,"prot25_child",-0.4,0.563744403692467,1
1,1.75,0.001,24,"prot50_male",0,-1.02110905617991,1
1,1.75,0.001,24,"prot50_age",0,0.429554986859761,1
1,1.75,0.001,24,"prot50_income",-0.5,-0.39830534204837,1
1,1.75,0.001,24,"prot50_child",0,0.4548987942041,1
1,1.75,0.001,24,"invasive_male",0.9,0.78355858956616,1
1,1.75,0.001,24,"invasive_age",-0.7,-0.450196859799916,1
1,1.75,0.001,24,"invasive_income",1.2,1.00713809239734,1
1,1.75,0.001,24,"invasive_child",0,0.489052330982406,1
1,1.75,0.001,25,"ASC2_male",-0.8,-0.536449677495532,1
1,1.75,0.001,25,"ASC2_age",1,0.842848387429357,1
1,1.75,0.001,25,"ASC2_income",0,-0.104213297314209,1
1,1.75,0.001,25,"ASC2_child",0,0.337887062415322,1
1,1.75,0.001,25,"ASC3_male",0.9,0.911224341009818,1
1,1.75,0.001,25,"ASC3_age",0,0.490177136695167,1
1,1.75,0.001,25,"ASC3_income",-0.7,-0.509430113247245,1
1,1.75,0.001,25,"ASC3_child",-0.9,0.191289371233508,1
1,1.75,0.001,25,"prot25_male",0,-0.0536183841839785,1
1,1.75,0.001,25,"prot25_age",0,-0.00384507043884036,1
1,1.75,0.001,25,"prot25_income",-0.9,-0.40141143241415,1
1,1.75,0.001,25,"prot25_child",0,-0.722650561307059,1
1,1.75,0.001,25,"prot50_male",0,-0.178274788585582,1
1,1.75,0.001,25,"prot50_age",0,0.0632050736742442,1
1,1.75,0.001,25,"prot50_income",0.3,0.133540654938879,1
1,1.75,0.001,25,"prot50_child",0,-0.363277517469196,1
1,1.75,0.001,25,"invasive_male",-1.2,-0.371537731213339,1
1,1.75,0.001,25,"invasive_age",0.2,0.366185168245246,1
1,1.75,0.001,25,"invasive_income",0,0.0460049922038104,1
1,1.75,0.001,25,"invasive_child",-0.3,0.280004836440604,1
1,1.75,0.001,26,"ASC2_male",0,0.416993510415093,1
1,1.75,0.001,26,"ASC2_age",0,-0.42519071713393,1
1,1.75,0.001,26,"ASC2_income",-0.2,-0.052884250407524,1
1,1.75,0.001,26,"ASC2_child",0,-0.396837652407137,1
1,1.75,0.001,26,"ASC3_male",0.2,0.523864392667512,1
1,1.75,0.001,26,"ASC3_age",0,-0.415030651037999,1
1,1.75,0.001,26,"ASC3_income",-0.6,-0.517470458564343,1
1,1.75,0.001,26,"ASC3_child",-0.4,-0.425912897233541,1
1,1.75,0.001,26,"prot25_male",0,0.0527199106306202,1
1,1.75,0.001,26,"prot25_age",0.3,0.0675591681058305,1
1,1.75,0.001,26,"prot25_income",-1.1,-1.08673371685875,1
1,1.75,0.001,26,"prot25_child",0.6,-0.00619060978362839,1
1,1.75,0.001,26,"prot50_male",0,0.191301780706501,1
1,1.75,0.001,26,"prot50_age",1.2,0.815008617347925,1
1,1.75,0.001,26,"prot50_income",0,-0.10613474585815,1
1,1.75,0.001,26,"prot50_child",-0.3,-0.0315603030709554,1
1,1.75,0.001,26,"invasive_male",0,0.478119968538811,1
1,1.75,0.001,26,"invasive_age",0,0.124039281957557,1
1,1.75,0.001,26,"invasive_income",0,-0.167730534277351,1
1,1.75,0.001,26,"invasive_child",0.9,0.744446033094003,1
1,1.75,0.001,27,"ASC2_male",0.2,0.829189158998423,1
1,1.75,0.001,27,"ASC2_age",-0.9,-0.788080942920145,1
1,1.75,0.001,27,"ASC2_income",0.7,0.102991979535902,1
1,1.75,0.001,27,"ASC2_child",0,-0.800577953921973,1
1,1.75,0.001,27,"ASC3_male",0,0.428540686906868,1
1,1.75,0.001,27,"ASC3_age",0,-0.0642626980222051,1
1,1.75,0.001,27,"ASC3_income",0.5,-0.469665789156103,1
1,1.75,0.001,27,"ASC3_child",-0.7,-1.4169305003607,1
1,1.75,0.001,27,"prot25_male",0.8,0.19275532570736,1
1,1.75,0.001,27,"prot25_age",0,-0.22011380918619,1
1,1.75,0.001,27,"prot25_income",0,0.500340608725636,1
1,1.75,0.001,27,"prot25_child",0,0.418985286246894,1
1,1.75,0.001,27,"prot50_male",0,-0.33634767919317,1
1,1.75,0.001,27,"prot50_age",0.7,-0.0254329690767275,1
1,1.75,0.001,27,"prot50_income",0,0.511471835894507,1
1,1.75,0.001,27,"prot50_child",-1,-0.567947179689332,1
1,1.75,0.001,27,"invasive_male",0,0.539568546290321,1
1,1.75,0.001,27,"invasive_age",0,-0.382492719205827,1
1,1.75,0.001,27,"invasive_income",1,0.532004849445969,1
1,1.75,0.001,27,"invasive_child",0.9,-0.584986111149389,1
1,1.75,0.001,28,"ASC2_male",0,-0.376077057976372,1
1,1.75,0.001,28,"ASC2_age",0,0.135256103755652,1
1,1.75,0.001,28,"ASC2_income",0,-0.0324715636623335,1
1,1.75,0.001,28,"ASC2_child",-0.9,0.245564916389635,1
1,1.75,0.001,28,"ASC3_male",-0.9,-0.707124497498396,1
1,1.75,0.001,28,"ASC3_age",-0.3,0.0600517333678477,1
1,1.75,0.001,28,"ASC3_income",0,0.0451092182242842,1
1,1.75,0.001,28,"ASC3_child",0,0.400375214992008,1
1,1.75,0.001,28,"prot25_male",-0.7,-0.150237072122672,1
1,1.75,0.001,28,"prot25_age",-0.3,-0.346053258138101,1
1,1.75,0.001,28,"prot25_income",0,-0.289300255079693,1
1,1.75,0.001,28,"prot25_child",0,-0.506534816596416,1
1,1.75,0.001,28,"prot50_male",-0.3,-0.844070811740533,1
1,1.75,0.001,28,"prot50_age",0.2,-0.0725161210426653,1
1,1.75,0.001,28,"prot50_income",0,-0.155930496926414,1
1,1.75,0.001,28,"prot50_child",0,-0.349232733039956,1
1,1.75,0.001,28,"invasive_male",0.5,-0.15112631889236,1
1,1.75,0.001,28,"invasive_age",0,-0.0141235108398858,1
1,1.75,0.001,28,"invasive_income",-1,-0.699443412185325,1
1,1.75,0.001,28,"invasive_child",0.6,0.894974566625145,1
1,1.75,0.001,29,"ASC2_male",0.3,-0.41380846050072,1
1,1.75,0.001,29,"ASC2_age",0.9,0.151664806477392,1
1,1.75,0.001,29,"ASC2_income",1.2,0.445854425365473,1
1,1.75,0.001,29,"ASC2_child",0.5,0.894325328918707,1
1,1.75,0.001,29,"ASC3_male",1.1,-0.0274371140541691,1
1,1.75,0.001,29,"ASC3_age",0,-0.479493973156968,1
1,1.75,0.001,29,"ASC3_income",0,-0.231885642967529,1
1,1.75,0.001,29,"ASC3_child",0.1,0.36868869976938,1
1,1.75,0.001,29,"prot25_male",-1.1,-1.58962685216294,1
1,1.75,0.001,29,"prot25_age",0,0.382020307865004,1
1,1.75,0.001,29,"prot25_income",0,0.455522819115927,1
1,1.75,0.001,29,"prot25_child",-0.5,0.145841685258088,1
1,1.75,0.001,29,"prot50_male",0,-0.164743320365083,1
1,1.75,0.001,29,"prot50_age",-0.9,-0.582247353751864,1
1,1.75,0.001,29,"prot50_income",-0.8,-0.428350118042461,1
1,1.75,0.001,29,"prot50_child",0,0.0582138979038421,1
1,1.75,0.001,29,"invasive_male",0,0.412900586651833,1
1,1.75,0.001,29,"invasive_age",0,-0.314195560983683,1
1,1.75,0.001,29,"invasive_income",0,-0.259483099777521,1
1,1.75,0.001,29,"invasive_child",0,-0.304455271659243,1
1,1.75,0.001,30,"ASC2_male",0.4,0.0467456608580841,1
1,1.75,0.001,30,"ASC2_age",0,0.110533077412985,1
1,1.75,0.001,30,"ASC2_income",0,0.612196346359688,1
1,1.75,0.001,30,"ASC2_child",0.7,-0.436506141010123,1
1,1.75,0.001,30,"ASC3_male",1.1,0.706106045751806,1
1,1.75,0.001,30,"ASC3_age",0,0.265007365885032,1
1,1.75,0.001,30,"ASC3_income",0.4,0.871754978259827,1
1,1.75,0.001,30,"ASC3_child",0.9,-0.169090941395454,1
1,1.75,0.001,30,"prot25_male",-0.2,-0.279523086112603,1
1,1.75,0.001,30,"prot25_age",0.1,-0.153012374087797,1
1,1.75,0.001,30,"prot25_income",0.3,0.151962133461088,1
1,1.75,0.001,30,"prot25_child",0,0.624500466573966,1
1,1.75,0.001,30,"prot50_male",0,-0.457769797110824,1
1,1.75,0.001,30,"prot50_age",0,0.0961170581380531,1
1,1.75,0.001,30,"prot50_income",0,-0.708853268922032,1
1,1.75,0.001,30,"prot50_child",0,0.143659623902927,1
1,1.75,0.001,30,"invasive_male",-0.6,-0.728403607770986,1
1,1.75,0.001,30,"invasive_age",0,0.323170552092808,1
1,1.75,0.001,30,"invasive_income",-1,-1.01672216315251,1
1,1.75,0.001,30,"invasive_child",0,-0.318951539835421,1
1,1.75,0.001,31,"ASC2_male",-0.3,0.0531167064914906,1
1,1.75,0.001,31,"ASC2_age",1.2,0.811624404966181,1
1,1.75,0.001,31,"ASC2_income",1,0.425617141126967,1
1,1.75,0.001,31,"ASC2_child",0,-0.710364997736096,1
1,1.75,0.001,31,"ASC3_male",0,0.120334934027601,1
1,1.75,0.001,31,"ASC3_age",1.1,1.0490084853718,1
1,1.75,0.001,31,"ASC3_income",-0.6,-0.765033288659914,1
1,1.75,0.001,31,"ASC3_child",0,0.315365017172023,1
1,1.75,0.001,31,"prot25_male",0,0.181627477878235,1
1,1.75,0.001,31,"prot25_age",-0.2,-0.33149585101978,1
1,1.75,0.001,31,"prot25_income",0,0.326229040286278,1
1,1.75,0.001,31,"prot25_child",-0.2,0.224241010021209,1
1,1.75,0.001,31,"prot50_male",-0.3,-0.201550904802398,1
1,1.75,0.001,31,"prot50_age",0,-0.0957916686645529,1
1,1.75,0.001,31,"prot50_income",0,-0.314600920491984,1
1,1.75,0.001,31,"prot50_child",0,0.220311912099912,1
1,1.75,0.001,31,"invasive_male",0,0.53494122259627,1
1,1.75,0.001,31,"invasive_age",0.2,0.0448534394161089,1
1,1.75,0.001,31,"invasive_income",0.9,0.397139937236796,1
1,1.75,0.001,31,"invasive_child",0,-0.692027903748974,1
1,1.75,0.001,32,"ASC2_male",0.6,0.595690166036637,1
1,1.75,0.001,32,"ASC2_age",0,-0.0484790050888471,1
1,1.75,0.001,32,"ASC2_income",1.1,0.701484586541562,1
1,1.75,0.001,32,"ASC2_child",0,-0.57619495320784,1
1,1.75,0.001,32,"ASC3_male",-0.7,0.0524461607837264,1
1,1.75,0.001,32,"ASC3_age",-1.1,-0.563119682095108,1
1,1.75,0.001,32,"ASC3_income",0,-0.337245690432024,1
1,1.75,0.001,32,"ASC3_child",-0.3,-0.527951428053186,1
1,1.75,0.001,32,"prot25_male",0.7,-0.044970916424799,1
1,1.75,0.001,32,"prot25_age",0,-0.286638151274041,1
1,1.75,0.001,32,"prot25_income",-0.5,-0.853082046936701,1
1,1.75,0.001,32,"prot25_child",-1.1,-0.766808303660949,1
1,1.75,0.001,32,"prot50_male",0,0.252351430732514,1
1,1.75,0.001,32,"prot50_age",-0.6,-0.491796244265086,1
1,1.75,0.001,32,"prot50_income",0,-0.109276298361007,1
1,1.75,0.001,32,"prot50_child",0,0.12402030620058,1
1,1.75,0.001,32,"invasive_male",0,-0.335389292339498,1
1,1.75,0.001,32,"invasive_age",0,-0.208291087614854,1
1,1.75,0.001,32,"invasive_income",0,-0.238651032621451,1
1,1.75,0.001,32,"invasive_child",0.2,-0.195508564819275,1
1,1.75,0.001,33,"ASC2_male",-0.4,0.166545764395677,1
1,1.75,0.001,33,"ASC2_age",0,0.442242510052196,1
1,1.75,0.001,33,"ASC2_income",0,0.675442710502608,1
1,1.75,0.001,33,"ASC2_child",0,1.19009678028471,1
1,1.75,0.001,33,"ASC3_male",0.6,1.06353582250694,1
1,1.75,0.001,33,"ASC3_age",0,0.35988990186831,1
1,1.75,0.001,33,"ASC3_income",-1,-0.491660738264916,1
1,1.75,0.001,33,"ASC3_child",0,0.604460991597919,1
1,1.75,0.001,33,"prot25_male",0,-0.638079399053244,1
1,1.75,0.001,33,"prot25_age",0,-0.380196942983948,1
1,1.75,0.001,33,"prot25_income",0,-0.403813325790929,1
1,1.75,0.001,33,"prot25_child",1.1,-0.219547425430075,1
1,1.75,0.001,33,"prot50_male",0,-0.983529349028149,1
1,1.75,0.001,33,"prot50_age",0.4,-0.126916237372651,1
1,1.75,0.001,33,"prot50_income",0.3,-0.0253267271390155,1
1,1.75,0.001,33,"prot50_child",-0.4,-0.359288378236081,1
1,1.75,0.001,33,"invasive_male",0.3,-0.0807687698992021,1
1,1.75,0.001,33,"invasive_age",0,-0.0516729147662056,1
1,1.75,0.001,33,"invasive_income",0.6,0.528051910803972,1
1,1.75,0.001,33,"invasive_child",0.8,1.09915530579508,1
1,1.75,0.001,34,"ASC2_male",0,0.759077966404965,1
1,1.75,0.001,34,"ASC2_age",0,-0.242579435927057,1
1,1.75,0.001,34,"ASC2_income",-0.8,-0.0654473408848187,1
1,1.75,0.001,34,"ASC2_child",-0.4,-0.570326211724476,1
1,1.75,0.001,34,"ASC3_male",0,0.698614318783555,1
1,1.75,0.001,34,"ASC3_age",0,-0.190818499371219,1
1,1.75,0.001,34,"ASC3_income",0,0.365818449721592,1
1,1.75,0.001,34,"ASC3_child",0.4,0.26912791481501,1
1,1.75,0.001,34,"prot25_male",0,-0.514143099098434,1
1,1.75,0.001,34,"prot25_age",0,-0.101312612912404,1
1,1.75,0.001,34,"prot25_income",1,0.30298750084122,1
1,1.75,0.001,34,"prot25_child",1.2,0.703410642514289,1
1,1.75,0.001,34,"prot50_male",0.1,-0.708890612725867,1
1,1.75,0.001,34,"prot50_age",0.2,0.187879558552534,1
1,1.75,0.001,34,"prot50_income",-0.5,-0.200261421850706,1
1,1.75,0.001,34,"prot50_child",0,-0.0376745051893134,1
1,1.75,0.001,34,"invasive_male",0,0.868891949272044,1
1,1.75,0.001,34,"invasive_age",0,-0.677448944600108,1
1,1.75,0.001,34,"invasive_income",-1,-0.10481095139352,1
1,1.75,0.001,34,"invasive_child",0.2,-0.0609029560676807,1
1,1.75,0.001,35,"ASC2_male",0,-0.154782123358685,1
1,1.75,0.001,35,"ASC2_age",0,0.252362832236725,1
1,1.75,0.001,35,"ASC2_income",0.9,0.758360246557677,1
1,1.75,0.001,35,"ASC2_child",0,0.20726875603081,1
1,1.75,0.001,35,"ASC3_male",0,-0.00213349311003174,1
1,1.75,0.001,35,"ASC3_age",1.1,1.2392258910878,1
1,1.75,0.001,35,"ASC3_income",0,0.476172134568026,1
1,1.75,0.001,35,"ASC3_child",0,0.467674106045296,1
1,1.75,0.001,35,"prot25_male",-0.2,0.63341793963571,1
1,1.75,0.001,35,"prot25_age",0.3,-0.106596557193179,1
1,1.75,0.001,35,"prot25_income",0,0.0551343233855323,1
1,1.75,0.001,35,"prot25_child",-1.1,-1.0908442162061,1
1,1.75,0.001,35,"prot50_male",-0.4,-0.0673125413828175,1
1,1.75,0.001,35,"prot50_age",0,-0.483713041924255,1
1,1.75,0.001,35,"prot50_income",-0.3,-0.0220930376171094,1
1,1.75,0.001,35,"prot50_child",0.5,-0.0791911030233478,1
1,1.75,0.001,35,"invasive_male",0.1,-0.0712563052866182,1
1,1.75,0.001,35,"invasive_age",0,-0.121847585317971,1
1,1.75,0.001,35,"invasive_income",-1.1,-0.129707331820711,1
1,1.75,0.001,35,"invasive_child",0,-0.25559396081049,1
1,1.75,0.001,36,"ASC2_male",-0.4,-0.146609799270907,1
1,1.75,0.001,36,"ASC2_age",-1,-0.896575353841562,1
1,1.75,0.001,36,"ASC2_income",-0.5,-0.471754937495879,1
1,1.75,0.001,36,"ASC2_child",-0.9,-0.102713231025384,1
1,1.75,0.001,36,"ASC3_male",0,0.0390456900712524,1
1,1.75,0.001,36,"ASC3_age",1.1,0.670746459319359,1
1,1.75,0.001,36,"ASC3_income",0,-0.0600585243714779,1
1,1.75,0.001,36,"ASC3_child",0,0.201904231869518,1
1,1.75,0.001,36,"prot25_male",0,-0.408073031491358,1
1,1.75,0.001,36,"prot25_age",0,0.131138815604355,1
1,1.75,0.001,36,"prot25_income",1.1,0.767311665977612,1
1,1.75,0.001,36,"prot25_child",-0.5,-0.836217020667876,1
1,1.75,0.001,36,"prot50_male",0,0.0589592705217634,1
1,1.75,0.001,36,"prot50_age",0,0.00774789716618284,1
1,1.75,0.001,36,"prot50_income",1.1,0.748078093932412,1
1,1.75,0.001,36,"prot50_child",0,0.223917459870975,1
1,1.75,0.001,36,"invasive_male",0.3,-0.230812568234003,1
1,1.75,0.001,36,"invasive_age",0,-0.0163114626178451,1
1,1.75,0.001,36,"invasive_income",-0.5,-0.109135502109506,1
1,1.75,0.001,36,"invasive_child",0,0.681058870211687,1
1,1.75,0.001,37,"ASC2_male",0.6,0.484153674165183,1
1,1.75,0.001,37,"ASC2_age",0,0.330612794229965,1
1,1.75,0.001,37,"ASC2_income",0.9,0.972091693686471,1
1,1.75,0.001,37,"ASC2_child",0,0.427668561741617,1
1,1.75,0.001,37,"ASC3_male",0,0.00485526776093931,1
1,1.75,0.001,37,"ASC3_age",0.6,0.72791480396288,1
1,1.75,0.001,37,"ASC3_income",1.1,0.993823473334227,1
1,1.75,0.001,37,"ASC3_child",-0.8,0.136877286457008,1
1,1.75,0.001,37,"prot25_male",-1.2,-1.12609535546845,1
1,1.75,0.001,37,"prot25_age",0,0.176035793143501,1
1,1.75,0.001,37,"prot25_income",1.1,-0.228256989822585,1
1,1.75,0.001,37,"prot25_child",0,-0.2913977676223,1
1,1.75,0.001,37,"prot50_male",0,-0.401004543909077,1
1,1.75,0.001,37,"prot50_age",0.5,-0.0499245313350318,1
1,1.75,0.001,37,"prot50_income",0,-0.728763216850973,1
1,1.75,0.001,37,"prot50_child",0,-0.209806849862638,1
1,1.75,0.001,37,"invasive_male",0,-0.296418855066752,1
1,1.75,0.001,37,"invasive_age",1.1,0.628448882816972,1
1,1.75,0.001,37,"invasive_income",0,-0.210011272098179,1
1,1.75,0.001,37,"invasive_child",0.6,0.369397327413161,1
1,1.75,0.001,38,"ASC2_male",0.3,0.475809993366457,1
1,1.75,0.001,38,"ASC2_age",0.3,0.314464769017819,1
1,1.75,0.001,38,"ASC2_income",0,-0.300151422755596,1
1,1.75,0.001,38,"ASC2_child",0.9,1.17424762477919,1
1,1.75,0.001,38,"ASC3_male",0,0.398807521444979,1
1,1.75,0.001,38,"ASC3_age",-0.6,-0.175661233957304,1
1,1.75,0.001,38,"ASC3_income",0,-0.282980934016112,1
1,1.75,0.001,38,"ASC3_child",0,0.416482628039916,1
1,1.75,0.001,38,"prot25_male",0,-0.578556584798542,1
1,1.75,0.001,38,"prot25_age",0,-0.112043107228473,1
1,1.75,0.001,38,"prot25_income",0.7,0.682201610707877,1
1,1.75,0.001,38,"prot25_child",0,-0.872238588819383,1
1,1.75,0.001,38,"prot50_male",0,-0.314768785890103,1
1,1.75,0.001,38,"prot50_age",0,-0.41867457518778,1
1,1.75,0.001,38,"prot50_income",0.2,0.470164101615134,1
1,1.75,0.001,38,"prot50_child",-0.8,-1.15141216327685,1
1,1.75,0.001,38,"invasive_male",0.1,0.305947141694991,1
1,1.75,0.001,38,"invasive_age",0,-0.0849729159924432,1
1,1.75,0.001,38,"invasive_income",-0.6,-0.644082468245837,1
1,1.75,0.001,38,"invasive_child",-0.6,-0.447915003969681,1
1,1.75,0.001,39,"ASC2_male",0.9,1.0866439739,1
1,1.75,0.001,39,"ASC2_age",0,0.3442016429019,1
1,1.75,0.001,39,"ASC2_income",0,0.356600491034532,1
1,1.75,0.001,39,"ASC2_child",0,0.471362817890583,1
1,1.75,0.001,39,"ASC3_male",-0.9,-0.250063845650105,1
1,1.75,0.001,39,"ASC3_age",0,0.357496219447642,1
1,1.75,0.001,39,"ASC3_income",-0.7,-0.424998925066062,1
1,1.75,0.001,39,"ASC3_child",-1.1,0.136357649407921,1
1,1.75,0.001,39,"prot25_male",-1,-0.830638639430521,1
1,1.75,0.001,39,"prot25_age",-0.6,-1.02031816245405,1
1,1.75,0.001,39,"prot25_income",0.7,0.902130107851816,1
1,1.75,0.001,39,"prot25_child",-0.3,-1.00953408215977,1
1,1.75,0.001,39,"prot50_male",0,-0.258286225525096,1
1,1.75,0.001,39,"prot50_age",0,-0.419585599550817,1
1,1.75,0.001,39,"prot50_income",0,0.0464193976366354,1
1,1.75,0.001,39,"prot50_child",0,-0.0854923146482969,1
1,1.75,0.001,39,"invasive_male",1.1,0.697188403733306,1
1,1.75,0.001,39,"invasive_age",0,0.094193472435914,1
1,1.75,0.001,39,"invasive_income",0,0.3614446123231,1
1,1.75,0.001,39,"invasive_child",-0.6,0.0777001232757157,1
1,1.75,0.001,40,"ASC2_male",0,-0.129934957731333,1
1,1.75,0.001,40,"ASC2_age",-0.3,0.253692093416661,1
1,1.75,0.001,40,"ASC2_income",1.1,1.24715444944406,1
1,1.75,0.001,40,"ASC2_child",0,0.90309702661378,1
1,1.75,0.001,40,"ASC3_male",0.5,0.200340062250415,1
1,1.75,0.001,40,"ASC3_age",0,0.270908465830477,1
1,1.75,0.001,40,"ASC3_income",-0.9,-0.119799940527532,1
1,1.75,0.001,40,"ASC3_child",-1,0.1012340248464,1
1,1.75,0.001,40,"prot25_male",-0.5,0.179071168142371,1
1,1.75,0.001,40,"prot25_age",-0.3,-0.530989783422009,1
1,1.75,0.001,40,"prot25_income",0,-0.767336578363486,1
1,1.75,0.001,40,"prot25_child",0,-0.17302990950664,1
1,1.75,0.001,40,"prot50_male",0,-0.159876384125443,1
1,1.75,0.001,40,"prot50_age",-1,-0.823252014766685,1
1,1.75,0.001,40,"prot50_income",0,-0.701675197662853,1
1,1.75,0.001,40,"prot50_child",0,-0.54381751883792,1
1,1.75,0.001,40,"invasive_male",0,-0.250627992943296,1
1,1.75,0.001,40,"invasive_age",-0.3,0.0920046982485313,1
1,1.75,0.001,40,"invasive_income",-0.1,-0.0325564676590747,1
1,1.75,0.001,40,"invasive_child",0,0.635238731124075,1
1,1.75,0.001,41,"ASC2_male",-0.5,-0.0991501023115585,1
1,1.75,0.001,41,"ASC2_age",0.9,0.649516742062767,1
1,1.75,0.001,41,"ASC2_income",1.1,0.449698877238366,1
1,1.75,0.001,41,"ASC2_child",0,0.536128254285619,1
1,1.75,0.001,41,"ASC3_male",0.3,0.209511420202787,1
1,1.75,0.001,41,"ASC3_age",0,-0.00843849862676084,1
1,1.75,0.001,41,"ASC3_income",0,-0.149690821355193,1
1,1.75,0.001,41,"ASC3_child",0,0.5384601969778,1
1,1.75,0.001,41,"prot25_male",0,0.441391293558027,1
1,1.75,0.001,41,"prot25_age",0,-0.207461115223945,1
1,1.75,0.001,41,"prot25_income",-0.2,-0.00164390313341391,1
1,1.75,0.001,41,"prot25_child",0.7,0.184980276461956,1
1,1.75,0.001,41,"prot50_male",-0.8,-0.345867322019186,1
1,1.75,0.001,41,"prot50_age",-0.4,-0.783812164088,1
1,1.75,0.001,41,"prot50_income",0,0.145870505779787,1
1,1.75,0.001,41,"prot50_child",0,0.130978113234215,1
1,1.75,0.001,41,"invasive_male",0,-0.454807209301161,1
1,1.75,0.001,41,"invasive_age",0,-0.377850263897865,1
1,1.75,0.001,41,"invasive_income",0.3,0.311007845920112,1
1,1.75,0.001,41,"invasive_child",0.5,0.838076269411257,1
1,1.75,0.001,42,"ASC2_male",0.6,1.31538034378623,1
1,1.75,0.001,42,"ASC2_age",0,-0.415103261002581,1
1,1.75,0.001,42,"ASC2_income",0.6,0.14258578571799,1
1,1.75,0.001,42,"ASC2_child",0.8,-0.645422561367239,1
1,1.75,0.001,42,"ASC3_male",0,0.771416547353304,1
1,1.75,0.001,42,"ASC3_age",-0.3,-0.514146803351464,1
1,1.75,0.001,42,"ASC3_income",0,-0.267646444121232,1
1,1.75,0.001,42,"ASC3_child",-1,-1.57587637977738,1
1,1.75,0.001,42,"prot25_male",0,-0.985817878589989,1
1,1.75,0.001,42,"prot25_age",0.6,0.93418311401618,1
1,1.75,0.001,42,"prot25_income",0,0.426812032507778,1
1,1.75,0.001,42,"prot25_child",0,0.906455453153165,1
1,1.75,0.001,42,"prot50_male",0,-0.831640554370944,1
1,1.75,0.001,42,"prot50_age",0.7,0.903855220030247,1
1,1.75,0.001,42,"prot50_income",-0.9,0.0274569566844377,1
1,1.75,0.001,42,"prot50_child",-0.7,0.36817677777804,1
1,1.75,0.001,42,"invasive_male",1.2,0.897008715978754,1
1,1.75,0.001,42,"invasive_age",0,0.0435125802301957,1
1,1.75,0.001,42,"invasive_income",0,0.275736610280689,1
1,1.75,0.001,42,"invasive_child",0,-0.366647195341184,1
1,1.75,0.001,43,"ASC2_male",-0.7,-0.777043659717948,1
1,1.75,0.001,43,"ASC2_age",0,-0.0117836952979404,1
1,1.75,0.001,43,"ASC2_income",0,-0.228711996047461,1
1,1.75,0.001,43,"ASC2_child",0.2,-0.0553908889256815,1
1,1.75,0.001,43,"ASC3_male",0.5,0.456220953024464,1
1,1.75,0.001,43,"ASC3_age",0,-0.128291752158126,1
1,1.75,0.001,43,"ASC3_income",1,0.19510377056008,1
1,1.75,0.001,43,"ASC3_child",-0.3,0.466828179626413,1
1,1.75,0.001,43,"prot25_male",0,0.158742223128686,1
1,1.75,0.001,43,"prot25_age",-0.9,-0.596091697134756,1
1,1.75,0.001,43,"prot25_income",0,0.209209531833239,1
1,1.75,0.001,43,"prot25_child",0,-0.444783004378783,1
1,1.75,0.001,43,"prot50_male",0,-0.295618290860132,1
1,1.75,0.001,43,"prot50_age",0,0.0818801758733864,1
1,1.75,0.001,43,"prot50_income",-1.2,-0.994155314910059,1
1,1.75,0.001,43,"prot50_child",0.6,0.0314691948366897,1
1,1.75,0.001,43,"invasive_male",0.7,-0.0440008988100525,1
1,1.75,0.001,43,"invasive_age",0,-0.0594035427390917,1
1,1.75,0.001,43,"invasive_income",-0.6,-0.902619541203358,1
1,1.75,0.001,43,"invasive_child",0,-0.0537097277463508,1
1,1.75,0.001,44,"ASC2_male",0,-0.258438104054589,1
1,1.75,0.001,44,"ASC2_age",-0.5,-0.396562987270598,1
1,1.75,0.001,44,"ASC2_income",-1,-0.242452997617597,1
1,1.75,0.001,44,"ASC2_child",-0.8,-0.172197991455385,1
1,1.75,0.001,44,"ASC3_male",-1.1,-0.985992178587618,1
1,1.75,0.001,44,"ASC3_age",0,0.0264031954977173,1
1,1.75,0.001,44,"ASC3_income",0,-0.00354407919689976,1
1,1.75,0.001,44,"ASC3_child",0,0.422383952015214,1
1,1.75,0.001,44,"prot25_male",-1.1,-0.318908580623532,1
1,1.75,0.001,44,"prot25_age",-0.3,-0.225938751792919,1
1,1.75,0.001,44,"prot25_income",0,-0.127762817743096,1
1,1.75,0.001,44,"prot25_child",-0.6,-0.450952349886127,1
1,1.75,0.001,44,"prot50_male",0,0.376073268604037,1
1,1.75,0.001,44,"prot50_age",0,0.135714369579824,1
1,1.75,0.001,44,"prot50_income",-0.8,-0.496074323626888,1
1,1.75,0.001,44,"prot50_child",0,0.343144593982266,1
1,1.75,0.001,44,"invasive_male",-0.3,-0.446838358015636,1
1,1.75,0.001,44,"invasive_age",0,0.23594843796085,1
1,1.75,0.001,44,"invasive_income",0,0.0105055155963964,1
1,1.75,0.001,44,"invasive_child",-0.4,0.869272563931631,1
1,1.75,0.001,45,"ASC2_male",0,0.0554130270079408,1
1,1.75,0.001,45,"ASC2_age",0.7,0.796704564169829,1
1,1.75,0.001,45,"ASC2_income",1.1,0.627882799999536,1
1,1.75,0.001,45,"ASC2_child",0.3,0.309346290384507,1
1,1.75,0.001,45,"ASC3_male",0,-0.344928826439375,1
1,1.75,0.001,45,"ASC3_age",0.4,0.857323690614412,1
1,1.75,0.001,45,"ASC3_income",-0.1,-0.00944371725799073,1
1,1.75,0.001,45,"ASC3_child",0,0.425920611028836,1
1,1.75,0.001,45,"prot25_male",0,0.587772569565615,1
1,1.75,0.001,45,"prot25_age",0,-0.503197332930675,1
1,1.75,0.001,45,"prot25_income",0,0.0314614724648278,1
1,1.75,0.001,45,"prot25_child",1.1,0.203192660332665,1
1,1.75,0.001,45,"prot50_male",0,0.350315548104739,1
1,1.75,0.001,45,"prot50_age",-0.4,-0.370557539074049,1
1,1.75,0.001,45,"prot50_income",0,-0.0417800869384255,1
1,1.75,0.001,45,"prot50_child",0.4,0.268626238116411,1
1,1.75,0.001,45,"invasive_male",-0.3,-0.477171083953091,1
1,1.75,0.001,45,"invasive_age",-0.2,0.367136312907819,1
1,1.75,0.001,45,"invasive_income",0,0.201974778669803,1
1,1.75,0.001,45,"invasive_child",0,0.527538234870568,1
1,1.75,0.001,46,"ASC2_male",0.4,-0.643805397393951,1
1,1.75,0.001,46,"ASC2_age",0,0.31753277040094,1
1,1.75,0.001,46,"ASC2_income",0,-0.179229552065473,1
1,1.75,0.001,46,"ASC2_child",-0.5,-0.200828574606298,1
1,1.75,0.001,46,"ASC3_male",-0.9,-1.73291837537567,1
1,1.75,0.001,46,"ASC3_age",0,-0.0877940090645129,1
1,1.75,0.001,46,"ASC3_income",-1,-0.983027535720692,1
1,1.75,0.001,46,"ASC3_child",0.7,0.420478540407623,1
1,1.75,0.001,46,"prot25_male",0,1.48206464125429,1
1,1.75,0.001,46,"prot25_age",-0.9,-0.94668702413904,1
1,1.75,0.001,46,"prot25_income",0,0.091913390607685,1
1,1.75,0.001,46,"prot25_child",0,-0.201163909572386,1
1,1.75,0.001,46,"prot50_male",0,1.42382641106747,1
1,1.75,0.001,46,"prot50_age",0.3,0.520441600801261,1
1,1.75,0.001,46,"prot50_income",1,0.827823982951317,1
1,1.75,0.001,46,"prot50_child",0,-0.288328381767396,1
1,1.75,0.001,46,"invasive_male",0.3,0.31576397658112,1
1,1.75,0.001,46,"invasive_age",0,0.262328879207726,1
1,1.75,0.001,46,"invasive_income",0.2,0.175002065661438,1
1,1.75,0.001,46,"invasive_child",0,-0.352351282797779,1
1,1.75,0.001,47,"ASC2_male",0,0.346929816524551,1
1,1.75,0.001,47,"ASC2_age",0,-0.128514117239896,1
1,1.75,0.001,47,"ASC2_income",0.8,0.166569348777085,1
1,1.75,0.001,47,"ASC2_child",-1.2,-0.987629593351496,1
1,1.75,0.001,47,"ASC3_male",0.2,0.287074209821181,1
1,1.75,0.001,47,"ASC3_age",0,-0.167365620781947,1
1,1.75,0.001,47,"ASC3_income",0,-0.531661222998496,1
1,1.75,0.001,47,"ASC3_child",0,0.332039341955209,1
1,1.75,0.001,47,"prot25_male",0,0.262860366556377,1
1,1.75,0.001,47,"prot25_age",0.5,0.201730202002272,1
1,1.75,0.001,47,"prot25_income",0.4,0.633708067037571,1
1,1.75,0.001,47,"prot25_child",0.9,0.248730500509921,1
1,1.75,0.001,47,"prot50_male",0,0.482728545378438,1
1,1.75,0.001,47,"prot50_age",-0.3,-0.395213356776674,1
1,1.75,0.001,47,"prot50_income",-0.7,-0.105399928195644,1
1,1.75,0.001,47,"prot50_child",-1.1,-1.28949821545688,1
1,1.75,0.001,47,"invasive_male",0,0.510501588172578,1
1,1.75,0.001,47,"invasive_age",0.5,0.074122786207143,1
1,1.75,0.001,47,"invasive_income",0,-0.455662859302877,1
1,1.75,0.001,47,"invasive_child",0,-0.527071779322302,1
1,1.75,0.001,48,"ASC2_male",1.1,0.826057021291833,1
1,1.75,0.001,48,"ASC2_age",0,-0.102862647167313,1
1,1.75,0.001,48,"ASC2_income",0,-0.218671072219444,1
1,1.75,0.001,48,"ASC2_child",-0.3,-0.423370056738482,1
1,1.75,0.001,48,"ASC3_male",0,-0.119945351993959,1
1,1.75,0.001,48,"ASC3_age",0,-0.0595407684036149,1
1,1.75,0.001,48,"ASC3_income",0.8,0.622640877774925,1
1,1.75,0.001,48,"ASC3_child",0,-0.721157973819078,1
1,1.75,0.001,48,"prot25_male",-0.6,-0.374837753476998,1
1,1.75,0.001,48,"prot25_age",0,0.0510333333681073,1
1,1.75,0.001,48,"prot25_income",-0.2,-0.526826565536033,1
1,1.75,0.001,48,"prot25_child",0,-0.964802770345326,1
1,1.75,0.001,48,"prot50_male",0,0.338560800270608,1
1,1.75,0.001,48,"prot50_age",-0.4,0.181559356686502,1
1,1.75,0.001,48,"prot50_income",0,-0.0204479204188531,1
1,1.75,0.001,48,"prot50_child",0,-0.265964651138422,1
1,1.75,0.001,48,"invasive_male",0.7,0.766391019517386,1
1,1.75,0.001,48,"invasive_age",-0.6,-0.222911631700861,1
1,1.75,0.001,48,"invasive_income",-0.3,0.203883603315786,1
1,1.75,0.001,48,"invasive_child",-0.7,-1.28426513464765,1
1,1.75,0.001,49,"ASC2_male",0.7,0.593742326596634,1
1,1.75,0.001,49,"ASC2_age",0,0.38507336043349,1
1,1.75,0.001,49,"ASC2_income",-0.8,-0.833089300263984,1
1,1.75,0.001,49,"ASC2_child",-0.9,-1.1591411677602,1
1,1.75,0.001,49,"ASC3_male",0,0.358890053682589,1
1,1.75,0.001,49,"ASC3_age",0,0.288829550178646,1
1,1.75,0.001,49,"ASC3_income",-0.5,-0.613629705338295,1
1,1.75,0.001,49,"ASC3_child",0,-0.0288652074264762,1
1,1.75,0.001,49,"prot25_male",0.8,0.746483437607464,1
1,1.75,0.001,49,"prot25_age",0,0.00688331961457949,1
1,1.75,0.001,49,"prot25_income",0,0.107439847423038,1
1,1.75,0.001,49,"prot25_child",0.5,1.04400901340139,1
1,1.75,0.001,49,"prot50_male",-0.1,0.168858951176727,1
1,1.75,0.001,49,"prot50_age",0.8,0.336624546057408,1
1,1.75,0.001,49,"prot50_income",0,-0.0162844922150473,1
1,1.75,0.001,49,"prot50_child",0,-0.0979307474650895,1
1,1.75,0.001,49,"invasive_male",-0.9,-1.07895742319783,1
1,1.75,0.001,49,"invasive_age",0,0.0762353295990754,1
1,1.75,0.001,49,"invasive_income",0,-0.195316724364242,1
1,1.75,0.001,49,"invasive_child",0.3,0.308101965192401,1
1,1.75,0.001,50,"ASC2_male",0,-0.960901072385017,1
1,1.75,0.001,50,"ASC2_age",0.8,0.536853960802041,1
1,1.75,0.001,50,"ASC2_income",0,-0.435292318054255,1
1,1.75,0.001,50,"ASC2_child",0,-0.876452519171578,1
1,1.75,0.001,50,"ASC3_male",-0.5,-1.12175078167709,1
1,1.75,0.001,50,"ASC3_age",-0.4,-0.369664640522301,1
1,1.75,0.001,50,"ASC3_income",1.1,0.281930096839913,1
1,1.75,0.001,50,"ASC3_child",0.5,-0.723221775293458,1
1,1.75,0.001,50,"prot25_male",1.1,1.44309289669887,1
1,1.75,0.001,50,"prot25_age",0.8,0.504774310942132,1
1,1.75,0.001,50,"prot25_income",0,-0.0922422289026288,1
1,1.75,0.001,50,"prot25_child",0,1.38295365149324,1
1,1.75,0.001,50,"prot50_male",-0.6,0.860950689269429,1
1,1.75,0.001,50,"prot50_age",0,-0.115432298765206,1
1,1.75,0.001,50,"prot50_income",-0.3,0.20123512921477,1
1,1.75,0.001,50,"prot50_child",0,1.33782486965031,1
1,1.75,0.001,50,"invasive_male",0,0.460246326596314,1
1,1.75,0.001,50,"invasive_age",0,-0.139431994097307,1
1,1.75,0.001,50,"invasive_income",0.6,0.309536274093175,1
1,1.75,0.001,50,"invasive_child",0,0.417133701924477,1
1,1.75,0.001,51,"ASC2_male",-0.3,0.0124431026416268,1
1,1.75,0.001,51,"ASC2_age",-0.5,-0.353997110607788,1
1,1.75,0.001,51,"ASC2_income",0,-0.360840190507741,1
1,1.75,0.001,51,"ASC2_child",-0.7,-0.665460437837986,1
1,1.75,0.001,51,"ASC3_male",0,0.0316526694865897,1
1,1.75,0.001,51,"ASC3_age",0.5,0.631518802085252,1
1,1.75,0.001,51,"ASC3_income",0,-0.188100993572681,1
1,1.75,0.001,51,"ASC3_child",0,0.209483134220354,1
1,1.75,0.001,51,"prot25_male",-1.1,-1.09471446137529,1
1,1.75,0.001,51,"prot25_age",0.3,-0.012273755155553,1
1,1.75,0.001,51,"prot25_income",0.2,0.312011991380978,1
1,1.75,0.001,51,"prot25_child",0,0.277859320045915,1
1,1.75,0.001,51,"prot50_male",0,0.398525194342112,1
1,1.75,0.001,51,"prot50_age",0,-0.419425599648912,1
1,1.75,0.001,51,"prot50_income",0,0.259215488161443,1
1,1.75,0.001,51,"prot50_child",1.2,0.56866442598351,1
1,1.75,0.001,51,"invasive_male",-0.1,-0.123909035997051,1
1,1.75,0.001,51,"invasive_age",0,-0.047111606452719,1
1,1.75,0.001,51,"invasive_income",0,0.123976905606261,1
1,1.75,0.001,51,"invasive_child",0.3,-0.182355569604145,1
1,1.75,0.001,52,"ASC2_male",-0.5,-1.45903338197038,1
1,1.75,0.001,52,"ASC2_age",-0.5,0.196908209212564,1
1,1.75,0.001,52,"ASC2_income",1.1,0.76344340840774,1
1,1.75,0.001,52,"ASC2_child",-0.5,0.829763126030309,1
1,1.75,0.001,52,"ASC3_male",0.3,-0.409689490389833,1
1,1.75,0.001,52,"ASC3_age",0,0.25347576610364,1
1,1.75,0.001,52,"ASC3_income",0,-0.192646560583817,1
1,1.75,0.001,52,"ASC3_child",0,0.642452909640592,1
1,1.75,0.001,52,"prot25_male",-0.3,0.838799757663388,1
1,1.75,0.001,52,"prot25_age",1,0.294519555037123,1
1,1.75,0.001,52,"prot25_income",0,0.444770589715884,1
1,1.75,0.001,52,"prot25_child",-1.2,-0.658259218389121,1
1,1.75,0.001,52,"prot50_male",0,0.506170716365585,1
1,1.75,0.001,52,"prot50_age",0,-0.287750780868213,1
1,1.75,0.001,52,"prot50_income",0,0.131919722381776,1
1,1.75,0.001,52,"prot50_child",0.3,-0.284554416801326,1
1,1.75,0.001,52,"invasive_male",0.1,-0.410387892645367,1
1,1.75,0.001,52,"invasive_age",0,0.466066950168635,1
1,1.75,0.001,52,"invasive_income",0,0.0379718901394934,1
1,1.75,0.001,52,"invasive_child",0,0.947170971233044,1
1,1.75,0.001,53,"ASC2_male",-0.4,0.0678782826731722,1
1,1.75,0.001,53,"ASC2_age",0,0.191023278245609,1
1,1.75,0.001,53,"ASC2_income",-0.7,-0.383583531329087,1
1,1.75,0.001,53,"ASC2_child",0,-0.165504820873203,1
1,1.75,0.001,53,"ASC3_male",0.3,0.693616881706263,1
1,1.75,0.001,53,"ASC3_age",0.6,0.417540874169378,1
1,1.75,0.001,53,"ASC3_income",0,-0.0258115145730738,1
1,1.75,0.001,53,"ASC3_child",0,-0.0253188371806763,1
1,1.75,0.001,53,"prot25_male",0,-0.337540682608505,1
1,1.75,0.001,53,"prot25_age",0.4,0.100367787862276,1
1,1.75,0.001,53,"prot25_income",0,-0.0989305788314738,1
1,1.75,0.001,53,"prot25_child",0,0.340446132630104,1
1,1.75,0.001,53,"prot50_male",-0.6,-0.391508623782289,1
1,1.75,0.001,53,"prot50_age",0.9,0.0225754052008936,1
1,1.75,0.001,53,"prot50_income",0,0.276924317245959,1
1,1.75,0.001,53,"prot50_child",-1.1,-1.02078422331358,1
1,1.75,0.001,53,"invasive_male",-0.5,-0.151414916003427,1
1,1.75,0.001,53,"invasive_age",0,-0.0142255428491855,1
1,1.75,0.001,53,"invasive_income",0,0.46482085418527,1
1,1.75,0.001,53,"invasive_child",-0.6,-0.637801989468749,1
1,1.75,0.001,54,"ASC2_male",0,-0.73612980433033,1
1,1.75,0.001,54,"ASC2_age",-0.5,-0.335124591864956,1
1,1.75,0.001,54,"ASC2_income",-0.7,-0.294658046964559,1
1,1.75,0.001,54,"ASC2_child",0,0.321303265665672,1
1,1.75,0.001,54,"ASC3_male",1.1,0.111494173187643,1
1,1.75,0.001,54,"ASC3_age",0,0.0733693919314936,1
1,1.75,0.001,54,"ASC3_income",0,0.0559395698691441,1
1,1.75,0.001,54,"ASC3_child",-0.5,0.118812434623232,1
1,1.75,0.001,54,"prot25_male",0,1.15426267816313,1
1,1.75,0.001,54,"prot25_age",0.3,-0.023053823886667,1
1,1.75,0.001,54,"prot25_income",0,0.163509088002636,1
1,1.75,0.001,54,"prot25_child",0,-0.276572724776887,1
1,1.75,0.001,54,"prot50_male",0,0.63795354801046,1
1,1.75,0.001,54,"prot50_age",0.2,-0.0833447995231509,1
1,1.75,0.001,54,"prot50_income",0.5,0.258159012013318,1
1,1.75,0.001,54,"prot50_child",-0.7,-0.618908331200839,1
1,1.75,0.001,54,"invasive_male",0,-0.0405188121825382,1
1,1.75,0.001,54,"invasive_age",0.1,-0.227082499195782,1
1,1.75,0.001,54,"invasive_income",-1.2,-0.619784822027287,1
1,1.75,0.001,54,"invasive_child",0,0.00102778116502208,1
1,1.75,0.001,55,"ASC2_male",0,1.18761369934932,1
1,1.75,0.001,55,"ASC2_age",0,-0.361132897730786,1
1,1.75,0.001,55,"ASC2_income",0,-0.0876757139831541,1
1,1.75,0.001,55,"ASC2_child",0,-0.838969388037173,1
1,1.75,0.001,55,"ASC3_male",0.5,0.997765985859937,1
1,1.75,0.001,55,"ASC3_age",0,-0.344020955423108,1
1,1.75,0.001,55,"ASC3_income",0,-0.0314115309780761,1
1,1.75,0.001,55,"ASC3_child",0,-0.583323305942364,1
1,1.75,0.001,55,"prot25_male",0.2,-0.07047245028621,1
1,1.75,0.001,55,"prot25_age",0.7,0.856343221871661,1
1,1.75,0.001,55,"prot25_income",-0.7,-0.818796029800252,1
1,1.75,0.001,55,"prot25_child",0,0.575816300049758,1
1,1.75,0.001,55,"prot50_male",-0.5,-0.63852562169533,1
1,1.75,0.001,55,"prot50_age",0.5,0.716431281763353,1
1,1.75,0.001,55,"prot50_income",-1,-0.781552819485466,1
1,1.75,0.001,55,"prot50_child",0,0.679583369611089,1
1,1.75,0.001,55,"invasive_male",0.8,1.09906039927259,1
1,1.75,0.001,55,"invasive_age",0,0.0840853493897792,1
1,1.75,0.001,55,"invasive_income",-0.9,-0.820757498539411,1
1,1.75,0.001,55,"invasive_child",-1.2,-0.417459388557871,1
1,1.75,0.001,56,"ASC2_male",0,0.28226818535268,1
1,1.75,0.001,56,"ASC2_age",-0.7,-0.748341918891118,1
1,1.75,0.001,56,"ASC2_income",0,0.0579490775748805,1
1,1.75,0.001,56,"ASC2_child",0,-0.284292885980456,1
1,1.75,0.001,56,"ASC3_male",0,0.365528826071169,1
1,1.75,0.001,56,"ASC3_age",-0.4,-0.816654872691534,1
1,1.75,0.001,56,"ASC3_income",0,-0.108017384494816,1
1,1.75,0.001,56,"ASC3_child",0,-0.0354943618047181,1
1,1.75,0.001,56,"prot25_male",0,-0.566444271823024,1
1,1.75,0.001,56,"prot25_age",0,0.438256198378012,1
1,1.75,0.001,56,"prot25_income",-0.2,-0.0567663845004047,1
1,1.75,0.001,56,"prot25_child",-1,-0.54320198036075,1
1,1.75,0.001,56,"prot50_male",0.7,-0.292954581709794,1
1,1.75,0.001,56,"prot50_age",0.5,0.618033845102293,1
1,1.75,0.001,56,"prot50_income",-0.6,-0.794708490773006,1
1,1.75,0.001,56,"prot50_child",0.7,0.108560055847908,1
1,1.75,0.001,56,"invasive_male",0,-0.413753222626117,1
1,1.75,0.001,56,"invasive_age",-1.1,-0.813711447491306,1
1,1.75,0.001,56,"invasive_income",0.3,-0.197582348391824,1
1,1.75,0.001,56,"invasive_child",0,-0.655530213619967,1
1,1.75,0.001,57,"ASC2_male",1.2,0.288244345086282,1
1,1.75,0.001,57,"ASC2_age",1,0.804672940718565,1
1,1.75,0.001,57,"ASC2_income",0,-0.587798797126666,1
1,1.75,0.001,57,"ASC2_child",0,0.228753289100534,1
1,1.75,0.001,57,"ASC3_male",-0.2,-0.076385831879493,1
1,1.75,0.001,57,"ASC3_age",0,0.288039364934168,1
1,1.75,0.001,57,"ASC3_income",0,-0.58785420618328,1
1,1.75,0.001,57,"ASC3_child",0,-0.15717435933698,1
1,1.75,0.001,57,"prot25_male",-1,-0.819120404648006,1
1,1.75,0.001,57,"prot25_age",0,-0.203531525607445,1
1,1.75,0.001,57,"prot25_income",-0.1,0.131727798272346,1
1,1.75,0.001,57,"prot25_child",0,0.19055909743574,1
1,1.75,0.001,57,"prot50_male",-0.4,-0.598480520235596,1
1,1.75,0.001,57,"prot50_age",-0.6,-0.537913758412336,1
1,1.75,0.001,57,"prot50_income",0.5,0.218985530288289,1
1,1.75,0.001,57,"prot50_child",0.6,0.0839312205831839,1
1,1.75,0.001,57,"invasive_male",0.7,0.273237462936838,1
1,1.75,0.001,57,"invasive_age",0,0.240274976306011,1
1,1.75,0.001,57,"invasive_income",0,-0.372659779099482,1
1,1.75,0.001,57,"invasive_child",0,0.0252313132904484,1
1,1.75,0.001,58,"ASC2_male",0.3,-0.106244447463791,1
1,1.75,0.001,58,"ASC2_age",0.2,0.183985182680464,1
1,1.75,0.001,58,"ASC2_income",0,0.423918959804651,1
1,1.75,0.001,58,"ASC2_child",0,0.165639533829469,1
1,1.75,0.001,58,"ASC3_male",0,-0.479325049215334,1
1,1.75,0.001,58,"ASC3_age",0,0.374337366168071,1
1,1.75,0.001,58,"ASC3_income",0,0.359730335150244,1
1,1.75,0.001,58,"ASC3_child",0.1,0.516230701130248,1
1,1.75,0.001,58,"prot25_male",0,-0.185940081278535,1
1,1.75,0.001,58,"prot25_age",0,-0.0751882303949216,1
1,1.75,0.001,58,"prot25_income",0,-0.220782073204474,1
1,1.75,0.001,58,"prot25_child",1,-0.393368493261995,1
1,1.75,0.001,58,"prot50_male",0,-0.264276233577919,1
1,1.75,0.001,58,"prot50_age",0.5,0.434307067280521,1
1,1.75,0.001,58,"prot50_income",0,-0.116893747763123,1
1,1.75,0.001,58,"prot50_child",0.8,-0.193106352909364,1
1,1.75,0.001,58,"invasive_male",0.5,-0.240993041186106,1
1,1.75,0.001,58,"invasive_age",1,0.812348502800183,1
1,1.75,0.001,58,"invasive_income",0.6,0.688411161004729,1
1,1.75,0.001,58,"invasive_child",0.7,0.169668679650254,1
1,1.75,0.001,59,"ASC2_male",0,0.0196349784410622,1
1,1.75,0.001,59,"ASC2_age",0.5,-0.0781126012890145,1
1,1.75,0.001,59,"ASC2_income",0,0.19796317037647,1
1,1.75,0.001,59,"ASC2_child",0,0.0489024653569342,1
1,1.75,0.001,59,"ASC3_male",0.6,0.56475486631822,1
1,1.75,0.001,59,"ASC3_age",-1.1,-1.28156053572461,1
1,1.75,0.001,59,"ASC3_income",0,0.196889821281217,1
1,1.75,0.001,59,"ASC3_child",0,-0.12826109249602,1
1,1.75,0.001,59,"prot25_male",-0.7,-0.786305648603153,1
1,1.75,0.001,59,"prot25_age",0,0.152559220154874,1
1,1.75,0.001,59,"prot25_income",-0.2,-0.168937391789831,1
1,1.75,0.001,59,"prot25_child",0,-0.361780768590711,1
1,1.75,0.001,59,"prot50_male",0.4,0.0938772886526224,1
1,1.75,0.001,59,"prot50_age",-0.9,-0.147743855367661,1
1,1.75,0.001,59,"prot50_income",0,0.0221324095482863,1
1,1.75,0.001,59,"prot50_child",0,0.00284069364990138,1
1,1.75,0.001,59,"invasive_male",1,0.688929166823925,1
1,1.75,0.001,59,"invasive_age",-0.8,-1.07624267124657,1
1,1.75,0.001,59,"invasive_income",-0.4,-0.37158312574278,1
1,1.75,0.001,59,"invasive_child",0,0.0654077147121372,1
1,1.75,0.001,60,"ASC2_male",-1.2,-0.365055405721785,1
1,1.75,0.001,60,"ASC2_age",0,-0.0586431122360903,1
1,1.75,0.001,60,"ASC2_income",0.6,0.160413526711405,1
1,1.75,0.001,60,"ASC2_child",-0.4,-0.105044410356068,1
1,1.75,0.001,60,"ASC3_male",0,0.174310492148337,1
1,1.75,0.001,60,"ASC3_age",0,-0.282018071279619,1
1,1.75,0.001,60,"ASC3_income",0,-0.472895891042576,1
1,1.75,0.001,60,"ASC3_child",0,0.234577160624941,1
1,1.75,0.001,60,"prot25_male",0,-0.520789056820855,1
1,1.75,0.001,60,"prot25_age",-0.4,-0.045571169594,1
1,1.75,0.001,60,"prot25_income",0,0.241813983712616,1
1,1.75,0.001,60,"prot25_child",0,-0.544639249461312,1
1,1.75,0.001,60,"prot50_male",-1.1,-1.42347134049257,1
1,1.75,0.001,60,"prot50_age",0,0.734417754285089,1
1,1.75,0.001,60,"prot50_income",0.4,0.409454573983138,1
1,1.75,0.001,60,"prot50_child",0,-0.725552831345016,1
1,1.75,0.001,60,"invasive_male",0.3,0.231334881950192,1
1,1.75,0.001,60,"invasive_age",-0.5,-0.228398578582747,1
1,1.75,0.001,60,"invasive_income",-0.7,-0.417799363262117,1
1,1.75,0.001,60,"invasive_child",1,0.389744059890765,1
1,1.75,0.001,61,"ASC2_male",0.8,-0.0952388785323654,1
1,1.75,0.001,61,"ASC2_age",-0.9,-0.838639951522296,1
1,1.75,0.001,61,"ASC2_income",-0.3,-0.207451642014201,1
1,1.75,0.001,61,"ASC2_child",0,-0.116499733004056,1
1,1.75,0.001,61,"ASC3_male",0,-0.391734834305884,1
1,1.75,0.001,61,"ASC3_age",0,-0.45358669121472,1
1,1.75,0.001,61,"ASC3_income",0,-0.199113283717018,1
1,1.75,0.001,61,"ASC3_child",0,-0.0643785400269861,1
1,1.75,0.001,61,"prot25_male",0,0.0239246682774006,1
1,1.75,0.001,61,"prot25_age",-1,-0.0860291137112499,1
1,1.75,0.001,61,"prot25_income",0,-0.0298522317157938,1
1,1.75,0.001,61,"prot25_child",0,0.385343917672054,1
1,1.75,0.001,61,"prot50_male",-0.8,0.0322242445623977,1
1,1.75,0.001,61,"prot50_age",0.2,0.264608829980743,1
1,1.75,0.001,61,"prot50_income",0,-0.0283780620592513,1
1,1.75,0.001,61,"prot50_child",0.3,0.339552473242405,1
1,1.75,0.001,61,"invasive_male",0,0.130315366788541,1
1,1.75,0.001,61,"invasive_age",1,0.590783495018288,1
1,1.75,0.001,61,"invasive_income",0.2,-0.136706117938942,1
1,1.75,0.001,61,"invasive_child",0.9,0.328167193721906,1
1,1.75,0.001,62,"ASC2_male",0,-1.75177987425473,1
1,1.75,0.001,62,"ASC2_age",0,0.0569982486822516,1
1,1.75,0.001,62,"ASC2_income",0.1,-0.322915749356966,1
1,1.75,0.001,62,"ASC2_child",0,0.031876436752976,1
1,1.75,0.001,62,"ASC3_male",0,-1.6909143853234,1
1,1.75,0.001,62,"ASC3_age",0.6,0.377519288552182,1
1,1.75,0.001,62,"ASC3_income",0.6,0.147484164181357,1
1,1.75,0.001,62,"ASC3_child",0,-0.0120345218050022,1
1,1.75,0.001,62,"prot25_male",-0.5,0.70956375281903,1
1,1.75,0.001,62,"prot25_age",0,-0.158857766635573,1
1,1.75,0.001,62,"prot25_income",0,0.259155754451056,1
1,1.75,0.001,62,"prot25_child",-0.2,0.231125521736995,1
1,1.75,0.001,62,"prot50_male",-0.5,0.662371794706159,1
1,1.75,0.001,62,"prot50_age",0.3,-0.0348702068127665,1
1,1.75,0.001,62,"prot50_income",0,0.513919378683953,1
1,1.75,0.001,62,"prot50_child",1,1.27785924482417,1
1,1.75,0.001,62,"invasive_male",0.5,-0.561699189141745,1
1,1.75,0.001,62,"invasive_age",0,-0.174422990854567,1
1,1.75,0.001,62,"invasive_income",0,0.0669350646121015,1
1,1.75,0.001,62,"invasive_child",-0.9,-0.425826939693608,1
1,1.75,0.001,63,"ASC2_male",0,-0.304449195501908,1
1,1.75,0.001,63,"ASC2_age",0.6,0.452256019516461,1
1,1.75,0.001,63,"ASC2_income",-0.7,-0.779419722551789,1
1,1.75,0.001,63,"ASC2_child",0,-0.376686907055053,1
1,1.75,0.001,63,"ASC3_male",-0.5,-1.11923922503061,1
1,1.75,0.001,63,"ASC3_age",0,-0.13344354368661,1
1,1.75,0.001,63,"ASC3_income",0,0.0740993676198426,1
1,1.75,0.001,63,"ASC3_child",-0.1,-0.228181111464153,1
1,1.75,0.001,63,"prot25_male",0,0.357942222279501,1
1,1.75,0.001,63,"prot25_age",0,-0.025225357990256,1
1,1.75,0.001,63,"prot25_income",-0.4,-0.284113376369661,1
1,1.75,0.001,63,"prot25_child",-0.6,-0.140703201025331,1
1,1.75,0.001,63,"prot50_male",0,0.0744774278284536,1
1,1.75,0.001,63,"prot50_age",0,0.205062790447802,1
1,1.75,0.001,63,"prot50_income",-0.9,-0.854721264938815,1
1,1.75,0.001,63,"prot50_child",-0.7,-0.154519090894195,1
1,1.75,0.001,63,"invasive_male",0.8,0.296709666463632,1
1,1.75,0.001,63,"invasive_age",0,-0.137581865960162,1
1,1.75,0.001,63,"invasive_income",-0.8,-1.10393472590567,1
1,1.75,0.001,63,"invasive_child",0,-0.177898884454404,1
1,1.75,0.001,64,"ASC2_male",0.2,0.212193647581151,1
1,1.75,0.001,64,"ASC2_age",0,-0.250017510402333,1
1,1.75,0.001,64,"ASC2_income",-0.3,-0.227447159022652,1
1,1.75,0.001,64,"ASC2_child",0,0.0969498962623253,1
1,1.75,0.001,64,"ASC3_male",0,0.51191042998111,1
1,1.75,0.001,64,"ASC3_age",-1.2,-1.07278722584802,1
1,1.75,0.001,64,"ASC3_income",0.1,-0.030889842867692,1
1,1.75,0.001,64,"ASC3_child",0,0.390744383520946,1
1,1.75,0.001,64,"prot25_male",-0.8,-0.506313901243562,1
1,1.75,0.001,64,"prot25_age",0.1,-0.0760379106086044,1
1,1.75,0.001,64,"prot25_income",0.3,0.379566983070194,1
1,1.75,0.001,64,"prot25_child",-0.5,0.105761506860917,1
1,1.75,0.001,64,"prot50_male",0.2,0.533878088833305,1
1,1.75,0.001,64,"prot50_age",1.1,0.632979630651122,1
1,1.75,0.001,64,"prot50_income",0,0.0677734852775635,1
1,1.75,0.001,64,"prot50_child",0,0.244585555344073,1
1,1.75,0.001,64,"invasive_male",0,0.426570163485504,1
1,1.75,0.001,64,"invasive_age",0,-0.239424658568157,1
1,1.75,0.001,64,"invasive_income",0,0.104027002094463,1
1,1.75,0.001,64,"invasive_child",0,0.177128756335734,1
1,1.75,0.001,65,"ASC2_male",0,-0.132140122049783,1
1,1.75,0.001,65,"ASC2_age",0.8,0.286258520116615,1
1,1.75,0.001,65,"ASC2_income",0.2,1.00160574568162,1
1,1.75,0.001,65,"ASC2_child",0,1.13779192648321,1
1,1.75,0.001,65,"ASC3_male",0,0.120959853078982,1
1,1.75,0.001,65,"ASC3_age",0,-0.473053813509037,1
1,1.75,0.001,65,"ASC3_income",0.7,1.45515108149345,1
1,1.75,0.001,65,"ASC3_child",0.5,0.946288868456706,1
1,1.75,0.001,65,"prot25_male",0,0.0492124505464628,1
1,1.75,0.001,65,"prot25_age",0,0.0940028924919626,1
1,1.75,0.001,65,"prot25_income",0,-0.178890395890434,1
1,1.75,0.001,65,"prot25_child",1,0.211409533855577,1
1,1.75,0.001,65,"prot50_male",0.6,0.321687397179496,1
1,1.75,0.001,65,"prot50_age",0,0.145618763848885,1
1,1.75,0.001,65,"prot50_income",-0.2,-0.357498663109905,1
1,1.75,0.001,65,"prot50_child",0.5,-0.312623246130509,1
1,1.75,0.001,65,"invasive_male",0.3,0.589522159256766,1
1,1.75,0.001,65,"invasive_age",0,-0.226355619344684,1
1,1.75,0.001,65,"invasive_income",0.9,1.13507303281559,1
1,1.75,0.001,65,"invasive_child",0,1.28639389414336,1
1,1.75,0.001,66,"ASC2_male",0,0.80078620868654,1
1,1.75,0.001,66,"ASC2_age",-0.2,-0.0926327470263113,1
1,1.75,0.001,66,"ASC2_income",0.4,-0.0128988074794412,1
1,1.75,0.001,66,"ASC2_child",0,0.583699008190919,1
1,1.75,0.001,66,"ASC3_male",-0.9,0.238975992568344,1
1,1.75,0.001,66,"ASC3_age",1,0.520761994444323,1
1,1.75,0.001,66,"ASC3_income",0,-0.251558375447261,1
1,1.75,0.001,66,"ASC3_child",0,0.572299053580063,1
1,1.75,0.001,66,"prot25_male",-0.5,-0.671981993652035,1
1,1.75,0.001,66,"prot25_age",0,-0.146912931360843,1
1,1.75,0.001,66,"prot25_income",0,0.0377975938358219,1
1,1.75,0.001,66,"prot25_child",-1.1,-0.181617960265736,1
1,1.75,0.001,66,"prot50_male",1,-0.0943583088132279,1
1,1.75,0.001,66,"prot50_age",0,-0.115417141743253,1
1,1.75,0.001,66,"prot50_income",0.2,0.159082526141794,1
1,1.75,0.001,66,"prot50_child",0.7,0.0711763693173843,1
1,1.75,0.001,66,"invasive_male",0,0.458648650024721,1
1,1.75,0.001,66,"invasive_age",0,-0.204116476084706,1
1,1.75,0.001,66,"invasive_income",0,0.0231827402925061,1
1,1.75,0.001,66,"invasive_child",-1,-0.56026102429721,1
1,1.75,0.001,67,"ASC2_male",-0.6,-0.0912478803057635,1
1,1.75,0.001,67,"ASC2_age",-0.5,-0.0711177678074106,1
1,1.75,0.001,67,"ASC2_income",0,-0.517821399261859,1
1,1.75,0.001,67,"ASC2_child",0.9,0.638955279647105,1
1,1.75,0.001,67,"ASC3_male",0.8,0.602845852559052,1
1,1.75,0.001,67,"ASC3_age",-0.9,-0.334590761096476,1
1,1.75,0.001,67,"ASC3_income",1.1,0.161434718321571,1
1,1.75,0.001,67,"ASC3_child",0.1,-0.127853808221473,1
1,1.75,0.001,67,"prot25_male",0,-0.446156647328183,1
1,1.75,0.001,67,"prot25_age",-0.2,-0.259519231871761,1
1,1.75,0.001,67,"prot25_income",0,0.453318438463173,1
1,1.75,0.001,67,"prot25_child",0,0.520555215796695,1
1,1.75,0.001,67,"prot50_male",1,-0.0263507718557245,1
1,1.75,0.001,67,"prot50_age",0,-0.216998814660799,1
1,1.75,0.001,67,"prot50_income",0,0.146141626440981,1
1,1.75,0.001,67,"prot50_child",0.1,0.678019733333398,1
1,1.75,0.001,67,"invasive_male",0,-0.445235731232195,1
1,1.75,0.001,67,"invasive_age",0,-0.117219227320642,1
1,1.75,0.001,67,"invasive_income",0,-0.237803770279922,1
1,1.75,0.001,67,"invasive_child",0,0.455017471064336,1
1,1.75,0.001,68,"ASC2_male",0,0.0769190191590618,1
1,1.75,0.001,68,"ASC2_age",0.1,0.156675109679617,1
1,1.75,0.001,68,"ASC2_income",0,-0.0670040324113266,1
1,1.75,0.001,68,"ASC2_child",-0.8,-0.664437605436128,1
1,1.75,0.001,68,"ASC3_male",1.1,0.678033126248686,1
1,1.75,0.001,68,"ASC3_age",-0.5,-0.700449278499673,1
1,1.75,0.001,68,"ASC3_income",0,-0.16483043791714,1
1,1.75,0.001,68,"ASC3_child",-0.9,-0.9502528569424,1
1,1.75,0.001,68,"prot25_male",0.2,0.272451515564929,1
1,1.75,0.001,68,"prot25_age",0,-0.159686039552279,1
1,1.75,0.001,68,"prot25_income",0,-0.158323427952252,1
1,1.75,0.001,68,"prot25_child",-1.1,-0.876247618517544,1
1,1.75,0.001,68,"prot50_male",0,0.266220786072433,1
1,1.75,0.001,68,"prot50_age",0,0.175576571143131,1
1,1.75,0.001,68,"prot50_income",0,0.0249437635862629,1
1,1.75,0.001,68,"prot50_child",-0.8,-0.114030733468766,1
1,1.75,0.001,68,"invasive_male",0,0.0946066938508075,1
1,1.75,0.001,68,"invasive_age",-0.7,-0.24260354592779,1
1,1.75,0.001,68,"invasive_income",0,-0.00936886308061478,1
1,1.75,0.001,68,"invasive_child",1.1,0.270050461734428,1
1,1.75,0.001,69,"ASC2_male",1.1,1.14793868654223,1
1,1.75,0.001,69,"ASC2_age",0,-0.00659563223378516,1
1,1.75,0.001,69,"ASC2_income",0.4,0.222960985594502,1
1,1.75,0.001,69,"ASC2_child",1.2,0.567535459689446,1
1,1.75,0.001,69,"ASC3_male",-1,-0.681518060928202,1
1,1.75,0.001,69,"ASC3_age",0,0.105991105129064,1
1,1.75,0.001,69,"ASC3_income",-1.2,-0.561009615387784,1
1,1.75,0.001,69,"ASC3_child",0,-0.562755705265867,1
1,1.75,0.001,69,"prot25_male",0,0.377293820800227,1
1,1.75,0.001,69,"prot25_age",0,-0.020450542563943,1
1,1.75,0.001,69,"prot25_income",-0.4,0.0307961927402715,1
1,1.75,0.001,69,"prot25_child",-0.4,-0.249865241223328,1
1,1.75,0.001,69,"prot50_male",0,-0.329060991550646,1
1,1.75,0.001,69,"prot50_age",0,0.110999803705963,1
1,1.75,0.001,69,"prot50_income",0,-0.176296672820133,1
1,1.75,0.001,69,"prot50_child",0,-0.0894772726252459,1
1,1.75,0.001,69,"invasive_male",0,0.184418586329913,1
1,1.75,0.001,69,"invasive_age",-0.5,-0.234687858646495,1
1,1.75,0.001,69,"invasive_income",-0.2,-0.0233692376129607,1
1,1.75,0.001,69,"invasive_child",-0.2,-0.428753722751427,1
1,1.75,0.001,70,"ASC2_male",-0.8,-0.52384180448071,1
1,1.75,0.001,70,"ASC2_age",0,0.363326802069723,1
1,1.75,0.001,70,"ASC2_income",0.3,-0.112429496792341,1
1,1.75,0.001,70,"ASC2_child",0,-0.09363342169414,1
1,1.75,0.001,70,"ASC3_male",0.9,0.274315640870105,1
1,1.75,0.001,70,"ASC3_age",0,0.208707940516663,1
1,1.75,0.001,70,"ASC3_income",0,-0.334163630346391,1
1,1.75,0.001,70,"ASC3_child",0,0.478811925510684,1
1,1.75,0.001,70,"prot25_male",0,0.0938164940260152,1
1,1.75,0.001,70,"prot25_age",0,-0.367186605778002,1
1,1.75,0.001,70,"prot25_income",0.9,0.81655860856842,1
1,1.75,0.001,70,"prot25_child",0,-0.0928378480082007,1
1,1.75,0.001,70,"prot50_male",-0.1,-0.754944408474925,1
1,1.75,0.001,70,"prot50_age",-0.9,-0.865852401243876,1
1,1.75,0.001,70,"prot50_income",0.9,0.724225532850336,1
1,1.75,0.001,70,"prot50_child",1,0.8525208147895,1
1,1.75,0.001,70,"invasive_male",0,-0.614318572006027,1
1,1.75,0.001,70,"invasive_age",0.8,0.551449309675823,1
1,1.75,0.001,70,"invasive_income",0,0.030144379206306,1
1,1.75,0.001,70,"invasive_child",-0.6,0.224792883398239,1
1,1.75,0.001,71,"ASC2_male",0.5,0.332188508731565,1
1,1.75,0.001,71,"ASC2_age",1,0.530019105773124,1
1,1.75,0.001,71,"ASC2_income",0.8,0.705251106367476,1
1,1.75,0.001,71,"ASC2_child",0.7,0.208109655435924,1
1,1.75,0.001,71,"ASC3_male",0,0.0792770398045752,1
1,1.75,0.001,71,"ASC3_age",0,0.278635847059295,1
1,1.75,0.001,71,"ASC3_income",0,0.123003115383823,1
1,1.75,0.001,71,"ASC3_child",1.1,0.396119440732369,1
1,1.75,0.001,71,"prot25_male",0,0.309510791803018,1
1,1.75,0.001,71,"prot25_age",0,-0.124736156647456,1
1,1.75,0.001,71,"prot25_income",0,-0.256404108586144,1
1,1.75,0.001,71,"prot25_child",0,-0.0175197390681867,1
1,1.75,0.001,71,"prot50_male",0,-0.243826677561,1
1,1.75,0.001,71,"prot50_age",-0.6,-0.235448803818539,1
1,1.75,0.001,71,"prot50_income",-0.9,-0.736185000880042,1
1,1.75,0.001,71,"prot50_child",-0.7,-0.63568597631143,1
1,1.75,0.001,71,"invasive_male",0.8,0.223470611785867,1
1,1.75,0.001,71,"invasive_age",0,0.10163593053596,1
1,1.75,0.001,71,"invasive_income",1,0.235575532953789,1
1,1.75,0.001,71,"invasive_child",0,-0.420766961012766,1
1,1.75,0.001,72,"ASC2_male",-0.8,-0.302331263058498,1
1,1.75,0.001,72,"ASC2_age",0,-0.0219831408451694,1
1,1.75,0.001,72,"ASC2_income",0.3,0.394051116475329,1
1,1.75,0.001,72,"ASC2_child",0.2,-0.20764298445951,1
1,1.75,0.001,72,"ASC3_male",0,0.236202358384301,1
1,1.75,0.001,72,"ASC3_age",0,0.183611692298138,1
1,1.75,0.001,72,"ASC3_income",0,0.491091208688161,1
1,1.75,0.001,72,"ASC3_child",-0.9,-0.248135138787397,1
1,1.75,0.001,72,"prot25_male",0,0.0470084575159064,1
1,1.75,0.001,72,"prot25_age",0,0.00848125404998511,1
1,1.75,0.001,72,"prot25_income",0,0.0593430137221829,1
1,1.75,0.001,72,"prot25_child",-0.6,0.0747767136517202,1
1,1.75,0.001,72,"prot50_male",1,-0.231306944173216,1
1,1.75,0.001,72,"prot50_age",-0.6,-0.393818207639947,1
1,1.75,0.001,72,"prot50_income",0,0.366432494639845,1
1,1.75,0.001,72,"prot50_child",0.4,0.429479128873715,1
1,1.75,0.001,72,"invasive_male",-0.5,-0.640335252763443,1
1,1.75,0.001,72,"invasive_age",0,-0.0563142038664939,1
1,1.75,0.001,72,"invasive_income",0,0.482008471329093,1
1,1.75,0.001,72,"invasive_child",-0.1,-0.0684874007184449,1
1,1.75,0.001,73,"ASC2_male",0,0.478495287929838,1
1,1.75,0.001,73,"ASC2_age",0,-0.145159892729846,1
1,1.75,0.001,73,"ASC2_income",0.5,0.0931873321754163,1
1,1.75,0.001,73,"ASC2_child",-1,-0.263244561379202,1
1,1.75,0.001,73,"ASC3_male",0.8,0.375351443758077,1
1,1.75,0.001,73,"ASC3_age",0,0.011856599105446,1
1,1.75,0.001,73,"ASC3_income",-0.5,-0.239069449391174,1
1,1.75,0.001,73,"ASC3_child",-1.2,-0.484015254680024,1
1,1.75,0.001,73,"prot25_male",0,-0.31876028691146,1
1,1.75,0.001,73,"prot25_age",0,-0.00788209474649923,1
1,1.75,0.001,73,"prot25_income",0.4,0.573927245839619,1
1,1.75,0.001,73,"prot25_child",0,0.174156882770989,1
1,1.75,0.001,73,"prot50_male",-0.7,-0.109388906214743,1
1,1.75,0.001,73,"prot50_age",0.7,0.187758658056475,1
1,1.75,0.001,73,"prot50_income",1,0.667814519160346,1
1,1.75,0.001,73,"prot50_child",0,-0.432168330435678,1
1,1.75,0.001,73,"invasive_male",0,0.300696557218356,1
1,1.75,0.001,73,"invasive_age",0,-0.217166175048644,1
1,1.75,0.001,73,"invasive_income",0,-0.231283682694995,1
1,1.75,0.001,73,"invasive_child",0.8,0.32668469362597,1
1,1.75,0.001,74,"ASC2_male",0,-0.279770691297459,1
1,1.75,0.001,74,"ASC2_age",0,0.349310253270458,1
1,1.75,0.001,74,"ASC2_income",0,-0.38745758271462,1
1,1.75,0.001,74,"ASC2_child",-1,0.264238245836654,1
1,1.75,0.001,74,"ASC3_male",0.9,0.303658212149518,1
1,1.75,0.001,74,"ASC3_age",1.1,1.02728943427791,1
1,1.75,0.001,74,"ASC3_income",0,-0.161925584979814,1
1,1.75,0.001,74,"ASC3_child",0,0.566897795677111,1
1,1.75,0.001,74,"prot25_male",-0.6,0.100492724894278,1
1,1.75,0.001,74,"prot25_age",0.5,0.197567189019666,1
1,1.75,0.001,74,"prot25_income",-0.3,-0.200463307598722,1
1,1.75,0.001,74,"prot25_child",0,0.354530258294848,1
1,1.75,0.001,74,"prot50_male",-0.2,0.388778829407773,1
1,1.75,0.001,74,"prot50_age",0,-0.415632070536675,1
1,1.75,0.001,74,"prot50_income",0,-0.216721914373178,1
1,1.75,0.001,74,"prot50_child",0,-0.224409795503035,1
1,1.75,0.001,74,"invasive_male",0,0.289017027362586,1
1,1.75,0.001,74,"invasive_age",-1.1,-0.659760725145535,1
1,1.75,0.001,74,"invasive_income",0.4,0.219808401705022,1
1,1.75,0.001,74,"invasive_child",0.7,-0.0705278497965838,1
1,1.75,0.001,75,"ASC2_male",0,0.555669815800304,1
1,1.75,0.001,75,"ASC2_age",0.5,0.606533880284535,1
1,1.75,0.001,75,"ASC2_income",0,-0.424425988854175,1
1,1.75,0.001,75,"ASC2_child",0,-0.207114817294879,1
1,1.75,0.001,75,"ASC3_male",1,1.33074500723221,1
1,1.75,0.001,75,"ASC3_age",0,0.25239762020136,1
1,1.75,0.001,75,"ASC3_income",0,-0.749786558406547,1
1,1.75,0.001,75,"ASC3_child",-0.8,-0.727701297589351,1
1,1.75,0.001,75,"prot25_male",0.9,0.735683995805487,1
1,1.75,0.001,75,"prot25_age",1,0.631144267481669,1
1,1.75,0.001,75,"prot25_income",0,0.617842967024359,1
1,1.75,0.001,75,"prot25_child",-1,-0.855826951608974,1
1,1.75,0.001,75,"prot50_male",0,-0.237831860675533,1
1,1.75,0.001,75,"prot50_age",0,-0.559649452902637,1
1,1.75,0.001,75,"prot50_income",-0.9,-0.399150343311089,1
1,1.75,0.001,75,"prot50_child",-0.4,-0.464799296889512,1
1,1.75,0.001,75,"invasive_male",0.7,0.214186188172275,1
1,1.75,0.001,75,"invasive_age",0,0.0237667432460443,1
1,1.75,0.001,75,"invasive_income",-0.5,-0.574371360305726,1
1,1.75,0.001,75,"invasive_child",0,-0.200392910313757,1
1,1.75,0.001,76,"ASC2_male",-0.7,-0.212613898511991,1
1,1.75,0.001,76,"ASC2_age",0,0.350026940949303,1
1,1.75,0.001,76,"ASC2_income",0,-0.626575319086958,1
1,1.75,0.001,76,"ASC2_child",-1,-0.266875067264797,1
1,1.75,0.001,76,"ASC3_male",-0.4,-0.0423126160492228,1
1,1.75,0.001,76,"ASC3_age",0,0.377917810705955,1
1,1.75,0.001,76,"ASC3_income",-0.5,-0.703112174774429,1
1,1.75,0.001,76,"ASC3_child",-0.6,-0.264121899526418,1
1,1.75,0.001,76,"prot25_male",0,-0.216243230700535,1
1,1.75,0.001,76,"prot25_age",0,-0.617538602567273,1
1,1.75,0.001,76,"prot25_income",0,0.546163876693002,1
1,1.75,0.001,76,"prot25_child",-0.5,-0.746315060705024,1
1,1.75,0.001,76,"prot50_male",-0.1,-0.196382302201693,1
1,1.75,0.001,76,"prot50_age",0,-0.293466799539121,1
1,1.75,0.001,76,"prot50_income",0,0.383138193908555,1
1,1.75,0.001,76,"prot50_child",0,-0.45723837193871,1
1,1.75,0.001,76,"invasive_male",-0.4,-0.406735111370273,1
1,1.75,0.001,76,"invasive_age",0,0.339019037972234,1
1,1.75,0.001,76,"invasive_income",-0.2,-0.39435185984168,1
1,1.75,0.001,76,"invasive_child",0.1,-0.133966104291764,1
1,1.75,0.001,77,"ASC2_male",0.4,0.227490730567862,1
1,1.75,0.001,77,"ASC2_age",-0.4,0.0801038589292668,1
1,1.75,0.001,77,"ASC2_income",0,0.179468941624126,1
1,1.75,0.001,77,"ASC2_child",-1.1,-0.820125858364531,1
1,1.75,0.001,77,"ASC3_male",0,-0.0772423691312752,1
1,1.75,0.001,77,"ASC3_age",0,0.259152868797847,1
1,1.75,0.001,77,"ASC3_income",0,0.122314934761624,1
1,1.75,0.001,77,"ASC3_child",0,0.347964599973422,1
1,1.75,0.001,77,"prot25_male",0.8,0.280195839454188,1
1,1.75,0.001,77,"prot25_age",0.6,0.0627799202657197,1
1,1.75,0.001,77,"prot25_income",0,-0.0346155034044606,1
1,1.75,0.001,77,"prot25_child",0,-0.273781971684273,1
1,1.75,0.001,77,"prot50_male",0,-0.180854769134965,1
1,1.75,0.001,77,"prot50_age",-0.5,-0.488483995715145,1
1,1.75,0.001,77,"prot50_income",-1.1,-0.806925467274387,1
1,1.75,0.001,77,"prot50_child",0,0.0295010995090073,1
1,1.75,0.001,77,"invasive_male",0,-0.189039195005778,1
1,1.75,0.001,77,"invasive_age",1,0.405627794040968,1
1,1.75,0.001,77,"invasive_income",0.6,0.654403372292774,1
1,1.75,0.001,77,"invasive_child",-0.2,-0.634654585213774,1
1,1.75,0.001,78,"ASC2_male",0,-0.221826560614085,1
1,1.75,0.001,78,"ASC2_age",0,0.221883008813763,1
1,1.75,0.001,78,"ASC2_income",0,-0.838309041663361,1
1,1.75,0.001,78,"ASC2_child",0,-0.0710691716050285,1
1,1.75,0.001,78,"ASC3_male",0,-0.133042507801734,1
1,1.75,0.001,78,"ASC3_age",0,0.129642461484925,1
1,1.75,0.001,78,"ASC3_income",-0.4,-1.24681413413548,1
1,1.75,0.001,78,"ASC3_child",0,0.359418456033262,1
1,1.75,0.001,78,"prot25_male",-1.1,-0.0718110827910044,1
1,1.75,0.001,78,"prot25_age",0,-0.396120882135337,1
1,1.75,0.001,78,"prot25_income",-0.2,0.644187778729081,1
1,1.75,0.001,78,"prot25_child",0,-0.163672332116855,1
1,1.75,0.001,78,"prot50_male",0.6,0.240741323187084,1
1,1.75,0.001,78,"prot50_age",-0.4,-0.156624742683225,1
1,1.75,0.001,78,"prot50_income",-0.9,0.198390723995109,1
1,1.75,0.001,78,"prot50_child",0.6,0.201038116201739,1
1,1.75,0.001,78,"invasive_male",-0.6,-0.61762263500966,1
1,1.75,0.001,78,"invasive_age",0.9,0.680957905661563,1
1,1.75,0.001,78,"invasive_income",1.2,0.575863561757251,1
1,1.75,0.001,78,"invasive_child",0,0.283244736771189,1
1,1.75,0.001,79,"ASC2_male",0,-0.444413772289298,1
1,1.75,0.001,79,"ASC2_age",0,0.44194710671236,1
1,1.75,0.001,79,"ASC2_income",0,0.0529780042415813,1
1,1.75,0.001,79,"ASC2_child",0,-0.452718341137216,1
1,1.75,0.001,79,"ASC3_male",0,-0.182392014278625,1
1,1.75,0.001,79,"ASC3_age",0,0.220782931823214,1
1,1.75,0.001,79,"ASC3_income",0.2,0.0134221463585896,1
1,1.75,0.001,79,"ASC3_child",-0.3,-0.332331901798882,1
1,1.75,0.001,79,"prot25_male",0.2,-0.135067888507749,1
1,1.75,0.001,79,"prot25_age",0,0.00345313833632687,1
1,1.75,0.001,79,"prot25_income",0.9,0.403353500047194,1
1,1.75,0.001,79,"prot25_child",0.3,0.983189641002534,1
1,1.75,0.001,79,"prot50_male",1,0.818795976852724,1
1,1.75,0.001,79,"prot50_age",0,0.0908921904718629,1
1,1.75,0.001,79,"prot50_income",-0.7,-0.64430436793467,1
1,1.75,0.001,79,"prot50_child",0,0.587508212640403,1
1,1.75,0.001,79,"invasive_male",-0.6,-0.155937593594006,1
1,1.75,0.001,79,"invasive_age",-1.1,-0.667391320074197,1
1,1.75,0.001,79,"invasive_income",0,-0.0188321308980572,1
1,1.75,0.001,79,"invasive_child",-0.1,-0.00634025664311339,1
1,1.75,0.001,80,"ASC2_male",0.8,0.60263047008143,1
1,1.75,0.001,80,"ASC2_age",0,0.235069152001536,1
1,1.75,0.001,80,"ASC2_income",0.4,0.174676654247977,1
1,1.75,0.001,80,"ASC2_child",-1,0.328687561860102,1
1,1.75,0.001,80,"ASC3_male",0,0.262258824526611,1
1,1.75,0.001,80,"ASC3_age",1,0.599068084423492,1
1,1.75,0.001,80,"ASC3_income",0,0.0865803341772317,1
1,1.75,0.001,80,"ASC3_child",-1.1,-0.0889857381578518,1
1,1.75,0.001,80,"prot25_male",0.8,0.109971767864178,1
1,1.75,0.001,80,"prot25_age",0,0.0762468355327651,1
1,1.75,0.001,80,"prot25_income",0,-0.21934895958351,1
1,1.75,0.001,80,"prot25_child",0.3,-0.0275657685324246,1
1,1.75,0.001,80,"prot50_male",0,-0.387249603313878,1
1,1.75,0.001,80,"prot50_age",1,0.606921627867479,1
1,1.75,0.001,80,"prot50_income",0,-0.0941273159746475,1
1,1.75,0.001,80,"prot50_child",0,-0.356409118734188,1
1,1.75,0.001,80,"invasive_male",0,0.407689101321858,1
1,1.75,0.001,80,"invasive_age",1,0.297721444504869,1
1,1.75,0.001,80,"invasive_income",0,-0.00951250935119344,1
1,1.75,0.001,80,"invasive_child",1.1,0.589271623353281,1
1,1.75,0.001,81,"ASC2_male",1,0.410744695447629,1
1,1.75,0.001,81,"ASC2_age",0,-0.408251219205276,1
1,1.75,0.001,81,"ASC2_income",0,0.265675622881072,1
1,1.75,0.001,81,"ASC2_child",0,-0.192240441760604,1
1,1.75,0.001,81,"ASC3_male",0,-0.566849168559538,1
1,1.75,0.001,81,"ASC3_age",0,-0.428644921932554,1
1,1.75,0.001,81,"ASC3_income",0,0.118740793638916,1
1,1.75,0.001,81,"ASC3_child",-0.4,-0.450751377385188,1
1,1.75,0.001,81,"prot25_male",0,0.708152545854864,1
1,1.75,0.001,81,"prot25_age",0,0.307316124039352,1
1,1.75,0.001,81,"prot25_income",0,-0.0626910149316075,1
1,1.75,0.001,81,"prot25_child",-0.2,0.19970573291826,1
1,1.75,0.001,81,"prot50_male",1.1,1.68880760765838,1
1,1.75,0.001,81,"prot50_age",0.8,0.745692298997141,1
1,1.75,0.001,81,"prot50_income",0,-0.0114240443115849,1
1,1.75,0.001,81,"prot50_child",-0.3,-0.0760940965252961,1
1,1.75,0.001,81,"invasive_male",-0.2,-0.445853480365982,1
1,1.75,0.001,81,"invasive_age",-1.2,-0.67265371287362,1
1,1.75,0.001,81,"invasive_income",0.4,0.434588993883789,1
1,1.75,0.001,81,"invasive_child",1.1,0.423439870330229,1
1,1.75,0.001,82,"ASC2_male",0,0.271800124884147,1
1,1.75,0.001,82,"ASC2_age",0,0.474039647728164,1
1,1.75,0.001,82,"ASC2_income",-0.8,-0.66709343688568,1
1,1.75,0.001,82,"ASC2_child",0.4,0.343406875829139,1
1,1.75,0.001,82,"ASC3_male",-0.5,0.316192540716696,1
1,1.75,0.001,82,"ASC3_age",0,0.467803600364392,1
1,1.75,0.001,82,"ASC3_income",0,-0.308204659634879,1
1,1.75,0.001,82,"ASC3_child",0,0.709306142488091,1
1,1.75,0.001,82,"prot25_male",-0.5,-0.665555352603733,1
1,1.75,0.001,82,"prot25_age",0,-0.470881830737292,1
1,1.75,0.001,82,"prot25_income",0.8,0.686127719717679,1
1,1.75,0.001,82,"prot25_child",0,0.079137711986448,1
1,1.75,0.001,82,"prot50_male",-0.3,-0.565268886895701,1
1,1.75,0.001,82,"prot50_age",0,-0.237977917321585,1
1,1.75,0.001,82,"prot50_income",0.6,0.748215291886772,1
1,1.75,0.001,82,"prot50_child",0.3,0.228159252959246,1
1,1.75,0.001,82,"invasive_male",-1.1,-0.415290435245392,1
1,1.75,0.001,82,"invasive_age",-1.2,-0.825232909725991,1
1,1.75,0.001,82,"invasive_income",0,0.0763624459453032,1
1,1.75,0.001,82,"invasive_child",0,0.477333944004388,1
1,1.75,0.001,83,"ASC2_male",0.5,0.987909915319707,1
1,1.75,0.001,83,"ASC2_age",0,0.0171837341981153,1
1,1.75,0.001,83,"ASC2_income",-0.6,0.0490586955653362,1
1,1.75,0.001,83,"ASC2_child",-0.5,-0.423367664046691,1
1,1.75,0.001,83,"ASC3_male",0,0.733855226808256,1
1,1.75,0.001,83,"ASC3_age",0,0.284322446973611,1
1,1.75,0.001,83,"ASC3_income",0,0.301209187763689,1
1,1.75,0.001,83,"ASC3_child",0,0.0422287907037894,1
1,1.75,0.001,83,"prot25_male",-1,-0.38752093521963,1
1,1.75,0.001,83,"prot25_age",0.1,-0.100973001016992,1
1,1.75,0.001,83,"prot25_income",0,-0.279199941990911,1
1,1.75,0.001,83,"prot25_child",0,-0.26225177740162,1
1,1.75,0.001,83,"prot50_male",0.7,0.850712514213084,1
1,1.75,0.001,83,"prot50_age",0,-0.240229930628892,1
1,1.75,0.001,83,"prot50_income",1.1,0.742294435225011,1
1,1.75,0.001,83,"prot50_child",0,-0.498684212592402,1
1,1.75,0.001,83,"invasive_male",0.7,1.09136539436356,1
1,1.75,0.001,83,"invasive_age",-1,-0.694443291052082,1
1,1.75,0.001,83,"invasive_income",0.3,0.36167408653551,1
1,1.75,0.001,83,"invasive_child",0,-0.221020176050304,1
1,1.75,0.001,84,"ASC2_male",0,-0.425475234299774,1
1,1.75,0.001,84,"ASC2_age",0,0.13043141898505,1
1,1.75,0.001,84,"ASC2_income",-0.9,-0.337218994361221,1
1,1.75,0.001,84,"ASC2_child",1.1,-1.13805212794669,1
1,1.75,0.001,84,"ASC3_male",0.7,0.0542341879799243,1
1,1.75,0.001,84,"ASC3_age",0,0.0235903332258693,1
1,1.75,0.001,84,"ASC3_income",0,0.0261622398251227,1
1,1.75,0.001,84,"ASC3_child",0.3,-1.82097876306746,1
1,1.75,0.001,84,"prot25_male",0.3,0.814699762250243,1
1,1.75,0.001,84,"prot25_age",0,0.183101145087469,1
1,1.75,0.001,84,"prot25_income",0,0.0364032419367937,1
1,1.75,0.001,84,"prot25_child",0,1.36351615533201,1
1,1.75,0.001,84,"prot50_male",0,0.854796542774475,1
1,1.75,0.001,84,"prot50_age",-0.2,-0.0984945317389698,1
1,1.75,0.001,84,"prot50_income",0.5,0.130400542592551,1
1,1.75,0.001,84,"prot50_child",0,1.72582223001697,1
1,1.75,0.001,84,"invasive_male",0,0.0025240003748452,1
1,1.75,0.001,84,"invasive_age",-0.7,-0.370465813590424,1
1,1.75,0.001,84,"invasive_income",-0.9,-0.317333705384531,1
1,1.75,0.001,84,"invasive_child",0.5,-0.311860369498548,1
1,1.75,0.001,85,"ASC2_male",0.9,1.08821153781741,1
1,1.75,0.001,85,"ASC2_age",0,-0.218120911663981,1
1,1.75,0.001,85,"ASC2_income",-0.2,-0.231996093363193,1
1,1.75,0.001,85,"ASC2_child",0.5,0.0267302305152301,1
1,1.75,0.001,85,"ASC3_male",0,0.479421810155948,1
1,1.75,0.001,85,"ASC3_age",0,0.0189172700523841,1
1,1.75,0.001,85,"ASC3_income",0,-0.0162007749735196,1
1,1.75,0.001,85,"ASC3_child",0.8,0.483366656113379,1
1,1.75,0.001,85,"prot25_male",0.4,-0.00897721177482264,1
1,1.75,0.001,85,"prot25_age",0,-0.0945936629416648,1
1,1.75,0.001,85,"prot25_income",0.5,0.169286226218592,1
1,1.75,0.001,85,"prot25_child",-0.2,-0.347776507291621,1
1,1.75,0.001,85,"prot50_male",-0.1,-0.456307843464883,1
1,1.75,0.001,85,"prot50_age",0,0.077098346254967,1
1,1.75,0.001,85,"prot50_income",-1.1,-0.881612162576601,1
1,1.75,0.001,85,"prot50_child",0,0.455982198289911,1
1,1.75,0.001,85,"invasive_male",0.7,0.248694868631303,1
1,1.75,0.001,85,"invasive_age",0,0.0872441659000294,1
1,1.75,0.001,85,"invasive_income",0,-0.37699161471715,1
1,1.75,0.001,85,"invasive_child",0,0.32478468590841,1
1,1.75,0.001,86,"ASC2_male",0.2,-0.126762621482742,1
1,1.75,0.001,86,"ASC2_age",0.4,0.832357282475146,1
1,1.75,0.001,86,"ASC2_income",0,0.104313025836417,1
1,1.75,0.001,86,"ASC2_child",-0.2,-0.262764002948278,1
1,1.75,0.001,86,"ASC3_male",-0.2,0.118602007529398,1
1,1.75,0.001,86,"ASC3_age",0,0.792409660293562,1
1,1.75,0.001,86,"ASC3_income",0,0.212129040051657,1
1,1.75,0.001,86,"ASC3_child",0,0.225967935944269,1
1,1.75,0.001,86,"prot25_male",0,-0.502188209284423,1
1,1.75,0.001,86,"prot25_age",0,-0.458589014826884,1
1,1.75,0.001,86,"prot25_income",-0.2,0.0499272797381846,1
1,1.75,0.001,86,"prot25_child",0,0.465542538943441,1
1,1.75,0.001,86,"prot50_male",0.6,0.233620044909393,1
1,1.75,0.001,86,"prot50_age",-1,-1.23884466566208,1
1,1.75,0.001,86,"prot50_income",0,0.166991019362571,1
1,1.75,0.001,86,"prot50_child",1,1.22575989855297,1
1,1.75,0.001,86,"invasive_male",0.5,0.204532573067654,1
1,1.75,0.001,86,"invasive_age",0,0.0224670929092693,1
1,1.75,0.001,86,"invasive_income",0,0.313326168031251,1
1,1.75,0.001,86,"invasive_child",-1,-0.349134842786804,1
1,1.75,0.001,87,"ASC2_male",0.2,0.651148230011114,1
1,1.75,0.001,87,"ASC2_age",1.1,0.724733035451297,1
1,1.75,0.001,87,"ASC2_income",0,0.0455699180343813,1
1,1.75,0.001,87,"ASC2_child",0,0.666925940790422,1
1,1.75,0.001,87,"ASC3_male",0,0.488669418780288,1
1,1.75,0.001,87,"ASC3_age",-0.4,0.25659804493521,1
1,1.75,0.001,87,"ASC3_income",0,-0.0142914246998737,1
1,1.75,0.001,87,"ASC3_child",0.7,1.20515951525227,1
1,1.75,0.001,87,"prot25_male",-1.2,-1.93425488410129,1
1,1.75,0.001,87,"prot25_age",-0.9,-0.37644554007512,1
1,1.75,0.001,87,"prot25_income",0,-0.0114355371005884,1
1,1.75,0.001,87,"prot25_child",-0.2,-0.417612723193388,1
1,1.75,0.001,87,"prot50_male",-0.5,-1.06730795255721,1
1,1.75,0.001,87,"prot50_age",0,0.383340537535685,1
1,1.75,0.001,87,"prot50_income",0,-0.235325194454249,1
1,1.75,0.001,87,"prot50_child",0.4,0.518034496583727,1
1,1.75,0.001,87,"invasive_male",0,-0.185511652226757,1
1,1.75,0.001,87,"invasive_age",0,0.279614261305901,1
1,1.75,0.001,87,"invasive_income",0,-0.282565235601268,1
1,1.75,0.001,87,"invasive_child",0.8,1.05044642411382,1
1,1.75,0.001,88,"ASC2_male",-1.1,0.274308488414192,1
1,1.75,0.001,88,"ASC2_age",0,-0.442071440010686,1
1,1.75,0.001,88,"ASC2_income",0.3,0.07016699540617,1
1,1.75,0.001,88,"ASC2_child",0,0.220455211746143,1
1,1.75,0.001,88,"ASC3_male",-1.1,0.382068919360082,1
1,1.75,0.001,88,"ASC3_age",0,-0.0865463903360322,1
1,1.75,0.001,88,"ASC3_income",0,-0.265571512165767,1
1,1.75,0.001,88,"ASC3_child",0.5,0.250837948030331,1
1,1.75,0.001,88,"prot25_male",0.6,-0.616064828725279,1
1,1.75,0.001,88,"prot25_age",0,0.0659037518813285,1
1,1.75,0.001,88,"prot25_income",0,0.0880571231481089,1
1,1.75,0.001,88,"prot25_child",0,-0.527508499343318,1
1,1.75,0.001,88,"prot50_male",0,-0.6414604082337,1
1,1.75,0.001,88,"prot50_age",-0.3,-0.0720645191690853,1
1,1.75,0.001,88,"prot50_income",-0.5,-0.189948264836397,1
1,1.75,0.001,88,"prot50_child",0.8,0.28186326539079,1
1,1.75,0.001,88,"invasive_male",0,0.585824310431946,1
1,1.75,0.001,88,"invasive_age",-1.1,-0.811395952988115,1
1,1.75,0.001,88,"invasive_income",0.4,0.239657566644651,1
1,1.75,0.001,88,"invasive_child",0,-0.162152604882458,1
1,1.75,0.001,89,"ASC2_male",0,-0.159150760745035,1
1,1.75,0.001,89,"ASC2_age",0,-0.20436986416283,1
1,1.75,0.001,89,"ASC2_income",0.5,0.362071438625708,1
1,1.75,0.001,89,"ASC2_child",0,-0.87449332306582,1
1,1.75,0.001,89,"ASC3_male",0,-0.317732803009386,1
1,1.75,0.001,89,"ASC3_age",0.3,-0.195810314244702,1
1,1.75,0.001,89,"ASC3_income",-0.8,-0.431762853233734,1
1,1.75,0.001,89,"ASC3_child",0,-0.756674969998111,1
1,1.75,0.001,89,"prot25_male",0.1,-0.281718828399564,1
1,1.75,0.001,89,"prot25_age",-0.1,0.0439919098862128,1
1,1.75,0.001,89,"prot25_income",0,-0.00623596593065231,1
1,1.75,0.001,89,"prot25_child",-1.2,0.179270641209434,1
1,1.75,0.001,89,"prot50_male",-0.5,-1.19513857288403,1
1,1.75,0.001,89,"prot50_age",0,-0.238836706813394,1
1,1.75,0.001,89,"prot50_income",0,0.54781319943616,1
1,1.75,0.001,89,"prot50_child",0,0.424866480021896,1
1,1.75,0.001,89,"invasive_male",-0.6,-0.938961023132734,1
1,1.75,0.001,89,"invasive_age",0.2,-0.247285845064751,1
1,1.75,0.001,89,"invasive_income",1.1,1.25997428387353,1
1,1.75,0.001,89,"invasive_child",0,-0.202725519293683,1
1,1.75,0.001,90,"ASC2_male",-1,-0.548259730814945,1
1,1.75,0.001,90,"ASC2_age",-0.2,-0.654769063141256,1
1,1.75,0.001,90,"ASC2_income",-0.9,-1.0909761349402,1
1,1.75,0.001,90,"ASC2_child",0.8,1.12932748306063,1
1,1.75,0.001,90,"ASC3_male",0,0.232245790349531,1
1,1.75,0.001,90,"ASC3_age",0,-0.0936251990224317,1
1,1.75,0.001,90,"ASC3_income",0,-0.47396875673679,1
1,1.75,0.001,90,"ASC3_child",0.6,0.828448426683833,1
1,1.75,0.001,90,"prot25_male",0,-0.34114588618412,1
1,1.75,0.001,90,"prot25_age",0,0.225554619766296,1
1,1.75,0.001,90,"prot25_income",0.8,1.25474426465491,1
1,1.75,0.001,90,"prot25_child",0,-0.522678127483994,1
1,1.75,0.001,90,"prot50_male",0,-0.49019358576618,1
1,1.75,0.001,90,"prot50_age",1,0.88246053158265,1
1,1.75,0.001,90,"prot50_income",0.6,1.02189630113505,1
1,1.75,0.001,90,"prot50_child",0,-0.100838667953762,1
1,1.75,0.001,90,"invasive_male",0,-0.551242633919424,1
1,1.75,0.001,90,"invasive_age",0,-0.0598284184857819,1
1,1.75,0.001,90,"invasive_income",-0.6,-0.279839467904765,1
1,1.75,0.001,90,"invasive_child",-1.2,-1.05132928498375,1
1,1.75,0.001,91,"ASC2_male",1.2,0.958406692717909,1
1,1.75,0.001,91,"ASC2_age",0.2,0.156221654807383,1
1,1.75,0.001,91,"ASC2_income",0,0.190644277514181,1
1,1.75,0.001,91,"ASC2_child",0,0.0242148860868207,1
1,1.75,0.001,91,"ASC3_male",0,0.187433200894965,1
1,1.75,0.001,91,"ASC3_age",0,-0.185189126998034,1
1,1.75,0.001,91,"ASC3_income",0.6,0.633139675340449,1
1,1.75,0.001,91,"ASC3_child",1.1,0.325194965416256,1
1,1.75,0.001,91,"prot25_male",0,-0.348238452921001,1
1,1.75,0.001,91,"prot25_age",0.3,0.322702343124084,1
1,1.75,0.001,91,"prot25_income",0.2,0.00713560716870749,1
1,1.75,0.001,91,"prot25_child",0,-0.653878895094059,1
1,1.75,0.001,91,"prot50_male",-0.7,-0.0576879872032714,1
1,1.75,0.001,91,"prot50_age",0,0.401840769760518,1
1,1.75,0.001,91,"prot50_income",-1,-1.1779634212425,1
1,1.75,0.001,91,"prot50_child",0,0.787901643882878,1
1,1.75,0.001,91,"invasive_male",-0.6,-0.517297574559708,1
1,1.75,0.001,91,"invasive_age",0,0.125965940718534,1
1,1.75,0.001,91,"invasive_income",0.4,0.352068407406409,1
1,1.75,0.001,91,"invasive_child",0,-0.101860721471596,1
1,1.75,0.001,92,"ASC2_male",-0.4,-0.579158979261887,1
1,1.75,0.001,92,"ASC2_age",0,0.069639063838149,1
1,1.75,0.001,92,"ASC2_income",1,0.574573289952599,1
1,1.75,0.001,92,"ASC2_child",0,-0.0691228943665605,1
1,1.75,0.001,92,"ASC3_male",-1.1,-1.40281066433467,1
1,1.75,0.001,92,"ASC3_age",0.6,0.29776303570186,1
1,1.75,0.001,92,"ASC3_income",0.8,0.672607825499577,1
1,1.75,0.001,92,"ASC3_child",0,-0.465285455890834,1
1,1.75,0.001,92,"prot25_male",0,0.298288717240848,1
1,1.75,0.001,92,"prot25_age",0,-0.127669586534626,1
1,1.75,0.001,92,"prot25_income",0.7,0.72753032756348,1
1,1.75,0.001,92,"prot25_child",-0.8,-0.121756290083329,1
1,1.75,0.001,92,"prot50_male",1,0.998465513721828,1
1,1.75,0.001,92,"prot50_age",0,0.395230596064984,1
1,1.75,0.001,92,"prot50_income",-1.2,-1.21653128121309,1
1,1.75,0.001,92,"prot50_child",0,0.426506348062106,1
1,1.75,0.001,92,"invasive_male",0,-0.21691510328586,1
1,1.75,0.001,92,"invasive_age",0,0.691392162570408,1
1,1.75,0.001,92,"invasive_income",-0.9,-1.42703177132595,1
1,1.75,0.001,92,"invasive_child",0,0.739338377547495,1
1,1.75,0.001,93,"ASC2_male",0,-0.409868908140667,1
1,1.75,0.001,93,"ASC2_age",1,0.754958346110561,1
1,1.75,0.001,93,"ASC2_income",0,-0.0808128730300823,1
1,1.75,0.001,93,"ASC2_child",-0.3,-0.975292834315158,1
1,1.75,0.001,93,"ASC3_male",-1,-0.636275593427021,1
1,1.75,0.001,93,"ASC3_age",0,0.128813292108116,1
1,1.75,0.001,93,"ASC3_income",0,-0.245509050088927,1
1,1.75,0.001,93,"ASC3_child",0.1,-0.712567722000863,1
1,1.75,0.001,93,"prot25_male",0.7,0.995954616540451,1
1,1.75,0.001,93,"prot25_age",0,0.0998822339511086,1
1,1.75,0.001,93,"prot25_income",-0.7,-0.116865140093204,1
1,1.75,0.001,93,"prot25_child",0,0.534829532751449,1
1,1.75,0.001,93,"prot50_male",0,0.493483078520424,1
1,1.75,0.001,93,"prot50_age",0,0.0103304226614708,1
1,1.75,0.001,93,"prot50_income",0,0.218707792241135,1
1,1.75,0.001,93,"prot50_child",0.9,1.22789344003148,1
1,1.75,0.001,93,"invasive_male",-0.7,-0.509734288255092,1
1,1.75,0.001,93,"invasive_age",-0.7,-0.416216019980085,1
1,1.75,0.001,93,"invasive_income",0,0.0965604336496052,1
1,1.75,0.001,93,"invasive_child",-0.2,0.517460701248872,1
1,1.75,0.001,94,"ASC2_male",0.3,1.04148376494247,1
1,1.75,0.001,94,"ASC2_age",-0.4,0.18944949038108,1
1,1.75,0.001,94,"ASC2_income",-0.4,0.48138893705469,1
1,1.75,0.001,94,"ASC2_child",-0.6,0.0627401634781522,1
1,1.75,0.001,94,"ASC3_male",-0.3,0.261604521543494,1
1,1.75,0.001,94,"ASC3_age",0,0.652885899801609,1
1,1.75,0.001,94,"ASC3_income",0,0.503228980720951,1
1,1.75,0.001,94,"ASC3_child",0.9,1.03221199571389,1
1,1.75,0.001,94,"prot25_male",0.3,-0.558578632177134,1
1,1.75,0.001,94,"prot25_age",0,-0.206510404349863,1
1,1.75,0.001,94,"prot25_income",0.2,-0.459059883741253,1
1,1.75,0.001,94,"prot25_child",0,-0.534757656663061,1
1,1.75,0.001,94,"prot50_male",0,-0.450989013103509,1
1,1.75,0.001,94,"prot50_age",0.5,0.179169510234139,1
1,1.75,0.001,94,"prot50_income",0,-0.508679094304774,1
1,1.75,0.001,94,"prot50_child",-0.1,-0.246707680491663,1
1,1.75,0.001,94,"invasive_male",0,0.455360696614138,1
1,1.75,0.001,94,"invasive_age",0,0.436055219638065,1
1,1.75,0.001,94,"invasive_income",0,0.0416421096366375,1
1,1.75,0.001,94,"invasive_child",0,0.208522906811059,1
1,1.75,0.001,95,"ASC2_male",-0.9,-0.58211718053494,1
1,1.75,0.001,95,"ASC2_age",0,-0.460868961301279,1
1,1.75,0.001,95,"ASC2_income",0,0.268089252507903,1
1,1.75,0.001,95,"ASC2_child",0,-0.283710665292632,1
1,1.75,0.001,95,"ASC3_male",0,-0.326176173961004,1
1,1.75,0.001,95,"ASC3_age",1.1,0.292266286370252,1
1,1.75,0.001,95,"ASC3_income",0.8,0.489688579146481,1
1,1.75,0.001,95,"ASC3_child",-1,-0.513354664444191,1
1,1.75,0.001,95,"prot25_male",-1,-0.693723259057672,1
1,1.75,0.001,95,"prot25_age",0.8,1.16793429839415,1
1,1.75,0.001,95,"prot25_income",0.7,0.61228685106941,1
1,1.75,0.001,95,"prot25_child",0.6,1.18223170688565,1
1,1.75,0.001,95,"prot50_male",0,0.0130953544559621,1
1,1.75,0.001,95,"prot50_age",0,0.361454781402788,1
1,1.75,0.001,95,"prot50_income",1,0.704895451093409,1
1,1.75,0.001,95,"prot50_child",0,0.0520572274944593,1
1,1.75,0.001,95,"invasive_male",0,-0.0678179016825567,1
1,1.75,0.001,95,"invasive_age",0,0.16655394304058,1
1,1.75,0.001,95,"invasive_income",0,-0.0467288233727045,1
1,1.75,0.001,95,"invasive_child",0.4,-0.058714795458972,1
1,1.75,0.001,96,"ASC2_male",0.6,0.179127434513209,1
1,1.75,0.001,96,"ASC2_age",0,0.414907801114026,1
1,1.75,0.001,96,"ASC2_income",0,-0.265947058106864,1
1,1.75,0.001,96,"ASC2_child",0,0.0833212489931236,1
1,1.75,0.001,96,"ASC3_male",-0.1,0.0123702047395827,1
1,1.75,0.001,96,"ASC3_age",1.2,1.33761987238792,1
1,1.75,0.001,96,"ASC3_income",0,-0.258856882538966,1
1,1.75,0.001,96,"ASC3_child",0,0.130130271404333,1
1,1.75,0.001,96,"prot25_male",-0.6,-0.0163989978590682,1
1,1.75,0.001,96,"prot25_age",0.3,-0.19321100698033,1
1,1.75,0.001,96,"prot25_income",-0.8,-0.168362774404224,1
1,1.75,0.001,96,"prot25_child",0.7,0.281682252129967,1
1,1.75,0.001,96,"prot50_male",-1,-0.273722460228809,1
1,1.75,0.001,96,"prot50_age",0,0.0722467692678995,1
1,1.75,0.001,96,"prot50_income",0,0.138647751296051,1
1,1.75,0.001,96,"prot50_child",0,-0.466450515287844,1
1,1.75,0.001,96,"invasive_male",-0.2,0.0732965464415265,1
1,1.75,0.001,96,"invasive_age",-0.4,-0.213968317381573,1
1,1.75,0.001,96,"invasive_income",0,-0.259545256162677,1
1,1.75,0.001,96,"invasive_child",0,-0.244743216373046,1
1,1.75,0.001,97,"ASC2_male",-1,-1.24583381295623,1
1,1.75,0.001,97,"ASC2_age",0.2,-0.252482765618105,1
1,1.75,0.001,97,"ASC2_income",0,0.0732611794613831,1
1,1.75,0.001,97,"ASC2_child",-0.3,-0.419099420820154,1
1,1.75,0.001,97,"ASC3_male",0.5,-0.339467337516696,1
1,1.75,0.001,97,"ASC3_age",0.5,0.00286106197350114,1
1,1.75,0.001,97,"ASC3_income",0,0.100920439092694,1
1,1.75,0.001,97,"ASC3_child",-0.2,-0.356594409486727,1
1,1.75,0.001,97,"prot25_male",0,0.634150426282151,1
1,1.75,0.001,97,"prot25_age",0,0.292293701009839,1
1,1.75,0.001,97,"prot25_income",-0.1,0.172545660041719,1
1,1.75,0.001,97,"prot25_child",0,-0.263599026259455,1
1,1.75,0.001,97,"prot50_male",0.6,0.813643602742312,1
1,1.75,0.001,97,"prot50_age",0,0.0750795204342572,1
1,1.75,0.001,97,"prot50_income",-0.5,-0.394553285682189,1
1,1.75,0.001,97,"prot50_child",0,-0.802025611231743,1
1,1.75,0.001,97,"invasive_male",0,-0.363674627252354,1
1,1.75,0.001,97,"invasive_age",0,0.0463877982888827,1
1,1.75,0.001,97,"invasive_income",-0.7,-0.665897914687149,1
1,1.75,0.001,97,"invasive_child",0,-0.0918518524934337,1
1,1.75,0.001,98,"ASC2_male",0,-0.805315280904239,1
1,1.75,0.001,98,"ASC2_age",0,0.681240133996993,1
1,1.75,0.001,98,"ASC2_income",-0.5,-0.12955077576356,1
1,1.75,0.001,98,"ASC2_child",-1.1,-1.93792685602923,1
1,1.75,0.001,98,"ASC3_male",-0.3,-0.635570327935973,1
1,1.75,0.001,98,"ASC3_age",1,1.30150568259241,1
1,1.75,0.001,98,"ASC3_income",0,0.407126808130784,1
1,1.75,0.001,98,"ASC3_child",-0.6,-1.42042743899282,1
1,1.75,0.001,98,"prot25_male",-0.4,-0.172653526159777,1
1,1.75,0.001,98,"prot25_age",0,-0.405349770533879,1
1,1.75,0.001,98,"prot25_income",1.2,0.329040654008928,1
1,1.75,0.001,98,"prot25_child",-0.8,0.400562187049825,1
1,1.75,0.001,98,"prot50_male",-1.1,-0.680350790891402,1
1,1.75,0.001,98,"prot50_age",0,-0.387849673639128,1
1,1.75,0.001,98,"prot50_income",0,-0.390930703300429,1
1,1.75,0.001,98,"prot50_child",0,1.04772044367856,1
1,1.75,0.001,98,"invasive_male",0,-0.281196778519045,1
1,1.75,0.001,98,"invasive_age",0,-0.0702598601079652,1
1,1.75,0.001,98,"invasive_income",0,-0.185688112849083,1
1,1.75,0.001,98,"invasive_child",1,1.0399505900819,1
1,1.75,0.001,99,"ASC2_male",1.1,0.0582674844088686,1
1,1.75,0.001,99,"ASC2_age",0.3,0.192232210146642,1
1,1.75,0.001,99,"ASC2_income",-0.8,-0.620886419436463,1
1,1.75,0.001,99,"ASC2_child",0.2,0.551221851908451,1
1,1.75,0.001,99,"ASC3_male",1.1,0.212439936816294,1
1,1.75,0.001,99,"ASC3_age",0,0.109661079805519,1
1,1.75,0.001,99,"ASC3_income",0,-0.180562227820291,1
1,1.75,0.001,99,"ASC3_child",0,0.423802466908922,1
1,1.75,0.001,99,"prot25_male",-0.6,-0.575142528915978,1
1,1.75,0.001,99,"prot25_age",0,0.0527787576505208,1
1,1.75,0.001,99,"prot25_income",0,0.150504905521274,1
1,1.75,0.001,99,"prot25_child",0,0.180261963426535,1
1,1.75,0.001,99,"prot50_male",-0.2,0.0435655074848954,1
1,1.75,0.001,99,"prot50_age",0.9,0.446874099420408,1
1,1.75,0.001,99,"prot50_income",-0.1,-0.131963991487979,1
1,1.75,0.001,99,"prot50_child",0,-0.257075225603998,1
1,1.75,0.001,99,"invasive_male",0.9,0.599622995483653,1
1,1.75,0.001,99,"invasive_age",0,-0.0106495953577299,1
1,1.75,0.001,99,"invasive_income",0,-0.293797828105294,1
1,1.75,0.001,99,"invasive_child",0,0.112666296646712,1
1,1.75,0.001,100,"ASC2_male",0.1,0.16847351744449,1
1,1.75,0.001,100,"ASC2_age",0,0.420250418207495,1
1,1.75,0.001,100,"ASC2_income",0,0.00718534503416673,1
1,1.75,0.001,100,"ASC2_child",-0.7,-0.00883656898628187,1
1,1.75,0.001,100,"ASC3_male",0,-0.205190986409936,1
1,1.75,0.001,100,"ASC3_age",0,0.371213467344869,1
1,1.75,0.001,100,"ASC3_income",-0.7,-0.225189528260696,1
1,1.75,0.001,100,"ASC3_child",-1.1,-0.414126437630307,1
1,1.75,0.001,100,"prot25_male",0,-0.694761217805073,1
1,1.75,0.001,100,"prot25_age",-0.7,-0.632563014242088,1
1,1.75,0.001,100,"prot25_income",0,-0.186648437681209,1
1,1.75,0.001,100,"prot25_child",-0.6,-0.113616222282767,1
1,1.75,0.001,100,"prot50_male",0,0.0162071211039784,1
1,1.75,0.001,100,"prot50_age",0,-0.134042440472632,1
1,1.75,0.001,100,"prot50_income",0.5,0.202818454731741,1
1,1.75,0.001,100,"prot50_child",1,0.419726729910897,1
1,1.75,0.001,100,"invasive_male",0,-0.348244769184281,1
1,1.75,0.001,100,"invasive_age",0,0.44682832669095,1
1,1.75,0.001,100,"invasive_income",0.8,0.794817486177921,1
1,1.75,0.001,100,"invasive_child",0.4,-0.0142375819154759,1
1,1.75,0.01,1,"ASC2_male",0.9,0.0384682963083193,1
1,1.75,0.01,1,"ASC2_age",0.3,0.501541799788965,1
1,1.75,0.01,1,"ASC2_income",0,-0.342270628324006,1
1,1.75,0.01,1,"ASC2_child",0,-1.11769045089362,1
1,1.75,0.01,1,"ASC3_male",-1.1,-0.823692513704431,1
1,1.75,0.01,1,"ASC3_age",0,0.277533161597054,1
1,1.75,0.01,1,"ASC3_income",0.8,0.0560129951146503,1
1,1.75,0.01,1,"ASC3_child",0,-1.45736289201523,1
1,1.75,0.01,1,"prot25_male",1.2,0.889838930176233,1
1,1.75,0.01,1,"prot25_age",0.7,0.213319391368959,1
1,1.75,0.01,1,"prot25_income",0,0.550116664356547,1
1,1.75,0.01,1,"prot25_child",1.1,1.07201463836639,1
1,1.75,0.01,1,"prot50_male",0,0.438595750141072,1
1,1.75,0.01,1,"prot50_age",0,-0.443775820734163,1
1,1.75,0.01,1,"prot50_income",-1.2,-0.367942112756875,1
1,1.75,0.01,1,"prot50_child",1.1,1.15920706489731,1
1,1.75,0.01,1,"invasive_male",0,0.289513012779795,1
1,1.75,0.01,1,"invasive_age",-0.6,-0.493061068640617,1
1,1.75,0.01,1,"invasive_income",0,-0.0121004311982462,1
1,1.75,0.01,1,"invasive_child",0,-0.477392054150519,1
1,1.75,0.01,2,"ASC2_male",0,-0.222205794708651,1
1,1.75,0.01,2,"ASC2_age",0.1,0.0751582917241755,1
1,1.75,0.01,2,"ASC2_income",0.7,0.757661196198336,1
1,1.75,0.01,2,"ASC2_child",-0.4,-0.852417892655114,1
1,1.75,0.01,2,"ASC3_male",0,-0.0664063627525027,1
1,1.75,0.01,2,"ASC3_age",0.4,0.111255684000736,1
1,1.75,0.01,2,"ASC3_income",-0.8,-0.0674676247091466,1
1,1.75,0.01,2,"ASC3_child",0,-0.80057437651271,1
1,1.75,0.01,2,"prot25_male",0.5,0.775830786669976,1
1,1.75,0.01,2,"prot25_age",0.8,0.632859097830721,1
1,1.75,0.01,2,"prot25_income",0,-0.412867565826854,1
1,1.75,0.01,2,"prot25_child",0,-0.159298468452181,1
1,1.75,0.01,2,"prot50_male",0,0.371324739698399,1
1,1.75,0.01,2,"prot50_age",0,-0.00608631541368186,0
1,1.75,0.01,2,"prot50_income",0,-0.567214318460295,1
1,1.75,0.01,2,"prot50_child",0,-0.292532111483861,1
1,1.75,0.01,2,"invasive_male",1,0.283227348619247,1
1,1.75,0.01,2,"invasive_age",-0.1,0.0876342703791183,1
1,1.75,0.01,2,"invasive_income",0,-0.0971965312603543,1
1,1.75,0.01,2,"invasive_child",-0.6,-0.574295908971867,1
1,1.75,0.01,3,"ASC2_male",-0.9,-0.404307932344196,1
1,1.75,0.01,3,"ASC2_age",-0.4,-0.299220249150846,1
1,1.75,0.01,3,"ASC2_income",0,-0.215642074343369,1
1,1.75,0.01,3,"ASC2_child",0,-0.71901962794195,1
1,1.75,0.01,3,"ASC3_male",-0.7,-0.735868492790497,1
1,1.75,0.01,3,"ASC3_age",0,-0.143209231627918,1
1,1.75,0.01,3,"ASC3_income",0,-0.0371403238215715,1
1,1.75,0.01,3,"ASC3_child",1,0.405406116993039,1
1,1.75,0.01,3,"prot25_male",0,0.236949226385338,1
1,1.75,0.01,3,"prot25_age",0,0.29575950592715,1
1,1.75,0.01,3,"prot25_income",0,0.242699054469779,1
1,1.75,0.01,3,"prot25_child",0,0.173484081419668,1
1,1.75,0.01,3,"prot50_male",0.7,0.580233657452848,1
1,1.75,0.01,3,"prot50_age",-0.2,0.0113764931127467,1
1,1.75,0.01,3,"prot50_income",-1,-0.865588591459325,1
1,1.75,0.01,3,"prot50_child",-0.8,-0.24724846843741,1
1,1.75,0.01,3,"invasive_male",0,0.0528207837570236,1
1,1.75,0.01,3,"invasive_age",0,-0.0370424787647306,1
1,1.75,0.01,3,"invasive_income",-1.2,-0.957381529249922,1
1,1.75,0.01,3,"invasive_child",1,0.294191879227024,1
1,1.75,0.01,4,"ASC2_male",0,0.311389811475504,1
1,1.75,0.01,4,"ASC2_age",-0.1,0.232650055504844,1
1,1.75,0.01,4,"ASC2_income",0,-0.460585880681578,1
1,1.75,0.01,4,"ASC2_child",-0.6,-1.12149634704006,1
1,1.75,0.01,4,"ASC3_male",0,-0.0552741994492381,1
1,1.75,0.01,4,"ASC3_age",1,1.09228784660555,1
1,1.75,0.01,4,"ASC3_income",0,-0.745163205413432,1
1,1.75,0.01,4,"ASC3_child",0,-0.908481408366813,1
1,1.75,0.01,4,"prot25_male",0,-0.675512507273126,1
1,1.75,0.01,4,"prot25_age",-0.5,-0.764812582455737,1
1,1.75,0.01,4,"prot25_income",0,0.487373312186105,1
1,1.75,0.01,4,"prot25_child",0,0.216022770541286,1
1,1.75,0.01,4,"prot50_male",0.1,-0.343567721687887,1
1,1.75,0.01,4,"prot50_age",1,0.477843485699391,1
1,1.75,0.01,4,"prot50_income",0,0.345377331946106,1
1,1.75,0.01,4,"prot50_child",-1,-0.31003184796311,1
1,1.75,0.01,4,"invasive_male",-1,-0.690242531664722,1
1,1.75,0.01,4,"invasive_age",-0.9,-0.351134642527614,1
1,1.75,0.01,4,"invasive_income",-0.3,-0.563125309319647,1
1,1.75,0.01,4,"invasive_child",0,-0.0815035223402459,1
1,1.75,0.01,5,"ASC2_male",0,0.144995411585411,1
1,1.75,0.01,5,"ASC2_age",0.7,0.555017941197191,1
1,1.75,0.01,5,"ASC2_income",-0.4,-0.42098809144898,1
1,1.75,0.01,5,"ASC2_child",-0.3,0.657359754478537,1
1,1.75,0.01,5,"ASC3_male",0,-0.170564634258129,1
1,1.75,0.01,5,"ASC3_age",0,0.0227910683136049,1
1,1.75,0.01,5,"ASC3_income",0.9,0.512782287879265,1
1,1.75,0.01,5,"ASC3_child",-0.6,0.96800037181073,1
1,1.75,0.01,5,"prot25_male",0.9,0.927854469862282,1
1,1.75,0.01,5,"prot25_age",0,-0.31492063637574,1
1,1.75,0.01,5,"prot25_income",-0.3,-0.474264694260169,1
1,1.75,0.01,5,"prot25_child",0,-0.772756593920594,1
1,1.75,0.01,5,"prot50_male",0.4,0.289634239204651,1
1,1.75,0.01,5,"prot50_age",0,0.178808122791395,1
1,1.75,0.01,5,"prot50_income",0.5,0.383925019365295,1
1,1.75,0.01,5,"prot50_child",0,-0.167450594928222,1
1,1.75,0.01,5,"invasive_male",0.7,0.56178659457132,1
1,1.75,0.01,5,"invasive_age",0,0.00248856634244992,0
1,1.75,0.01,5,"invasive_income",0,-0.244488040515023,1
1,1.75,0.01,5,"invasive_child",0,0.686284260724595,1
1,1.75,0.01,6,"ASC2_male",0.4,-0.38048913818548,1
1,1.75,0.01,6,"ASC2_age",0.7,0.73574228642413,1
1,1.75,0.01,6,"ASC2_income",0,-0.54436059101598,1
1,1.75,0.01,6,"ASC2_child",0,0.166111729256601,1
1,1.75,0.01,6,"ASC3_male",0,-0.0633691022983694,1
1,1.75,0.01,6,"ASC3_age",0,0.0165297912478757,1
1,1.75,0.01,6,"ASC3_income",0,-0.442633000881881,1
1,1.75,0.01,6,"ASC3_child",1.2,0.935099280985642,1
1,1.75,0.01,6,"prot25_male",-0.4,0.343787030666184,1
1,1.75,0.01,6,"prot25_age",-0.3,-0.564373350297237,1
1,1.75,0.01,6,"prot25_income",0,0.45511441188428,1
1,1.75,0.01,6,"prot25_child",0,-0.339736955900514,1
1,1.75,0.01,6,"prot50_male",0,0.356687888577427,1
1,1.75,0.01,6,"prot50_age",-1.1,-1.01064410208038,1
1,1.75,0.01,6,"prot50_income",-0.2,0.299400283524964,1
1,1.75,0.01,6,"prot50_child",-0.2,-0.643052247501543,1
1,1.75,0.01,6,"invasive_male",0,-0.565382986283397,1
1,1.75,0.01,6,"invasive_age",1,0.34070248973429,1
1,1.75,0.01,6,"invasive_income",0,-0.0956770620197005,1
1,1.75,0.01,6,"invasive_child",0.9,0.407527413579834,1
1,1.75,0.01,7,"ASC2_male",0.8,-0.356199611185272,1
1,1.75,0.01,7,"ASC2_age",0,0.243331567666886,1
1,1.75,0.01,7,"ASC2_income",0,-0.119238053600852,1
1,1.75,0.01,7,"ASC2_child",1.2,1.10553131380867,1
1,1.75,0.01,7,"ASC3_male",-0.7,-0.844175452508886,1
1,1.75,0.01,7,"ASC3_age",0,0.377533416548678,1
1,1.75,0.01,7,"ASC3_income",0,-0.133086499701381,1
1,1.75,0.01,7,"ASC3_child",-1,-0.295468425181005,1
1,1.75,0.01,7,"prot25_male",1.2,0.550689175528115,1
1,1.75,0.01,7,"prot25_age",0.8,0.114264918559762,1
1,1.75,0.01,7,"prot25_income",0,0.142515220973469,1
1,1.75,0.01,7,"prot25_child",0.7,-0.00461969003227702,0
1,1.75,0.01,7,"prot50_male",0,-0.0808111682842883,1
1,1.75,0.01,7,"prot50_age",-0.4,-0.850184197967231,1
1,1.75,0.01,7,"prot50_income",0,0.243164797574811,1
1,1.75,0.01,7,"prot50_child",0.6,-0.45058579818248,1
1,1.75,0.01,7,"invasive_male",0,0.39580217622235,1
1,1.75,0.01,7,"invasive_age",0,-0.403209115474473,1
1,1.75,0.01,7,"invasive_income",1.1,0.8188277825201,1
1,1.75,0.01,7,"invasive_child",0,-0.644284108754413,1
1,1.75,0.01,8,"ASC2_male",0,-0.551566995374474,1
1,1.75,0.01,8,"ASC2_age",-1.2,-0.116521265048136,1
1,1.75,0.01,8,"ASC2_income",0,0.0816863860485716,1
1,1.75,0.01,8,"ASC2_child",0,-0.690351107101446,1
1,1.75,0.01,8,"ASC3_male",-0.3,-0.830549162536839,1
1,1.75,0.01,8,"ASC3_age",0.9,1.2657065534737,1
1,1.75,0.01,8,"ASC3_income",0,0.0192003204886143,1
1,1.75,0.01,8,"ASC3_child",1.2,0.130167341447748,1
1,1.75,0.01,8,"prot25_male",0,0.204892752358129,1
1,1.75,0.01,8,"prot25_age",-0.2,0.0710833377576513,1
1,1.75,0.01,8,"prot25_income",0,0.193586088135423,1
1,1.75,0.01,8,"prot25_child",1.1,0.955476024818028,1
1,1.75,0.01,8,"prot50_male",1.1,0.758454892140937,1
1,1.75,0.01,8,"prot50_age",0,-0.049370074010668,1
1,1.75,0.01,8,"prot50_income",-0.2,-0.114016159775818,1
1,1.75,0.01,8,"prot50_child",0,0.467885650088218,1
1,1.75,0.01,8,"invasive_male",0,-0.128066486930276,1
1,1.75,0.01,8,"invasive_age",0.7,0.517151365427939,1
1,1.75,0.01,8,"invasive_income",0.3,0.0712385509197462,1
1,1.75,0.01,8,"invasive_child",0,-0.0461734145558632,1
1,1.75,0.01,9,"ASC2_male",1,1.44318496059368,1
1,1.75,0.01,9,"ASC2_age",0,-0.161515024394645,1
1,1.75,0.01,9,"ASC2_income",0,0.114531233089571,1
1,1.75,0.01,9,"ASC2_child",-1.2,-1.27781177891818,1
1,1.75,0.01,9,"ASC3_male",0.9,0.923610514288649,1
1,1.75,0.01,9,"ASC3_age",-0.6,-0.526512476061269,1
1,1.75,0.01,9,"ASC3_income",0,0.37519673827015,1
1,1.75,0.01,9,"ASC3_child",-0.9,-1.10599721015055,1
1,1.75,0.01,9,"prot25_male",-0.3,-0.437129480572854,1
1,1.75,0.01,9,"prot25_age",0,0.0128838817510873,1
1,1.75,0.01,9,"prot25_income",0,-0.118628950653231,1
1,1.75,0.01,9,"prot25_child",0,0.668860477843713,1
1,1.75,0.01,9,"prot50_male",-0.2,-0.265353348443911,1
1,1.75,0.01,9,"prot50_age",0.6,0.923781009546325,1
1,1.75,0.01,9,"prot50_income",-0.7,-0.812373583704628,1
1,1.75,0.01,9,"prot50_child",0,0.758797079579537,1
1,1.75,0.01,9,"invasive_male",0,0.0622586785501011,1
1,1.75,0.01,9,"invasive_age",0,0.350909642794074,1
1,1.75,0.01,9,"invasive_income",-0.7,-0.305906813706438,1
1,1.75,0.01,9,"invasive_child",0,0.0349031934070314,1
1,1.75,0.01,10,"ASC2_male",0.9,0.0788220485396993,1
1,1.75,0.01,10,"ASC2_age",0,-0.350956244259522,1
1,1.75,0.01,10,"ASC2_income",1.2,0.944800565185903,1
1,1.75,0.01,10,"ASC2_child",-0.8,-1.69076555522081,1
1,1.75,0.01,10,"ASC3_male",0.4,-0.353879709349054,1
1,1.75,0.01,10,"ASC3_age",-0.4,-0.452217205639947,1
1,1.75,0.01,10,"ASC3_income",0,0.560217928067004,1
1,1.75,0.01,10,"ASC3_child",0,-1.03008818759219,1
1,1.75,0.01,10,"prot25_male",1,0.591086011796632,1
1,1.75,0.01,10,"prot25_age",0,0.0890917271398426,1
1,1.75,0.01,10,"prot25_income",0,0.241960407819197,1
1,1.75,0.01,10,"prot25_child",0,0.0736143673876679,1
1,1.75,0.01,10,"prot50_male",0.4,-0.157067467108797,1
1,1.75,0.01,10,"prot50_age",0,0.242926495848123,1
1,1.75,0.01,10,"prot50_income",0,0.127219508181732,1
1,1.75,0.01,10,"prot50_child",0.7,1.04840887792596,1
1,1.75,0.01,10,"invasive_male",0,-0.582256764047594,1
1,1.75,0.01,10,"invasive_age",0.6,0.528957927876688,1
1,1.75,0.01,10,"invasive_income",0,0.229520628162926,1
1,1.75,0.01,10,"invasive_child",-0.7,-0.288915175604678,1
1,1.75,0.01,11,"ASC2_male",1.1,0.0235764734722445,1
1,1.75,0.01,11,"ASC2_age",-0.5,-0.115069521366738,1
1,1.75,0.01,11,"ASC2_income",0,-0.443253559624826,1
1,1.75,0.01,11,"ASC2_child",-0.5,0.683863841631006,1
1,1.75,0.01,11,"ASC3_male",0,-0.129864138421196,1
1,1.75,0.01,11,"ASC3_age",0,-0.0997029141778122,1
1,1.75,0.01,11,"ASC3_income",-0.7,-1.31314123345198,1
1,1.75,0.01,11,"ASC3_child",0,0.327212106710277,1
1,1.75,0.01,11,"prot25_male",0,0.656299554593665,1
1,1.75,0.01,11,"prot25_age",0.7,0.615043253976398,1
1,1.75,0.01,11,"prot25_income",0,0.135653747330058,1
1,1.75,0.01,11,"prot25_child",0,-0.547507849540741,1
1,1.75,0.01,11,"prot50_male",-1,0.0655770467861271,1
1,1.75,0.01,11,"prot50_age",0.7,0.638163956865588,1
1,1.75,0.01,11,"prot50_income",0.1,0.418032017518875,1
1,1.75,0.01,11,"prot50_child",1.2,0.658832887545856,1
1,1.75,0.01,11,"invasive_male",0,-0.061440034751919,1
1,1.75,0.01,11,"invasive_age",0,0.103011826228976,1
1,1.75,0.01,11,"invasive_income",-0.2,-0.323008142688237,1
1,1.75,0.01,11,"invasive_child",0,-0.208825989739418,1
1,1.75,0.01,12,"ASC2_male",0,0.395442787619437,1
1,1.75,0.01,12,"ASC2_age",0.8,0.711566247079193,1
1,1.75,0.01,12,"ASC2_income",0,-0.924376728847281,1
1,1.75,0.01,12,"ASC2_child",0,0.147757520682162,1
1,1.75,0.01,12,"ASC3_male",0.6,0.222448373717488,1
1,1.75,0.01,12,"ASC3_age",0.2,0.384679581690446,1
1,1.75,0.01,12,"ASC3_income",0,-1.07134156370997,1
1,1.75,0.01,12,"ASC3_child",0,-0.447401154499107,1
1,1.75,0.01,12,"prot25_male",0,-0.261178051847397,1
1,1.75,0.01,12,"prot25_age",-0.9,-0.748993301603214,1
1,1.75,0.01,12,"prot25_income",0,0.697265099462125,1
1,1.75,0.01,12,"prot25_child",0.2,0.0955949621634546,1
1,1.75,0.01,12,"prot50_male",-0.7,-0.748167302976084,1
1,1.75,0.01,12,"prot50_age",-0.6,-0.464836286038157,1
1,1.75,0.01,12,"prot50_income",0,0.92887849469649,1
1,1.75,0.01,12,"prot50_child",0,-0.313781036975258,1
1,1.75,0.01,12,"invasive_male",-0.7,-0.8549309185953,1
1,1.75,0.01,12,"invasive_age",-1.2,-0.693211018552854,1
1,1.75,0.01,12,"invasive_income",-1.1,-0.81236104464626,1
1,1.75,0.01,12,"invasive_child",0,-0.236375633278492,1
1,1.75,0.01,13,"ASC2_male",-0.7,-1.58770743615074,1
1,1.75,0.01,13,"ASC2_age",-0.3,-0.318959292455455,1
1,1.75,0.01,13,"ASC2_income",0,-0.0822179038099901,1
1,1.75,0.01,13,"ASC2_child",0,-0.397546805238749,1
1,1.75,0.01,13,"ASC3_male",0,-1.09930300022292,1
1,1.75,0.01,13,"ASC3_age",0,-0.260408677288642,1
1,1.75,0.01,13,"ASC3_income",0,-0.0936946808889739,1
1,1.75,0.01,13,"ASC3_child",-1.1,-1.37220333224208,1
1,1.75,0.01,13,"prot25_male",-0.5,0.35628290876715,1
1,1.75,0.01,13,"prot25_age",0,0.532749554386755,1
1,1.75,0.01,13,"prot25_income",0.3,0.0612945512506928,1
1,1.75,0.01,13,"prot25_child",-0.3,0.659504372020602,1
1,1.75,0.01,13,"prot50_male",0.9,1.4821721088935,1
1,1.75,0.01,13,"prot50_age",1,1.04674585002612,1
1,1.75,0.01,13,"prot50_income",-0.5,-0.41005319000092,1
1,1.75,0.01,13,"prot50_child",0,1.01162452189444,1
1,1.75,0.01,13,"invasive_male",0,-0.440064583153464,1
1,1.75,0.01,13,"invasive_age",0,0.406098992717098,1
1,1.75,0.01,13,"invasive_income",1,0.518255706592459,1
1,1.75,0.01,13,"invasive_child",0,-0.308158717853259,1
1,1.75,0.01,14,"ASC2_male",0.7,0.402566042829692,1
1,1.75,0.01,14,"ASC2_age",0,0.192142465759174,1
1,1.75,0.01,14,"ASC2_income",0,0.598230268292595,1
1,1.75,0.01,14,"ASC2_child",-1.2,-0.0128951214935381,1
1,1.75,0.01,14,"ASC3_male",-1.1,-1.35101648707898,1
1,1.75,0.01,14,"ASC3_age",0,0.577597411762582,1
1,1.75,0.01,14,"ASC3_income",0,0.296220661092525,1
1,1.75,0.01,14,"ASC3_child",0,0.767170460969984,1
1,1.75,0.01,14,"prot25_male",0,0.80731487218771,1
1,1.75,0.01,14,"prot25_age",-0.2,-0.483978386296,1
1,1.75,0.01,14,"prot25_income",-1,-0.655152174489576,1
1,1.75,0.01,14,"prot25_child",-0.2,-0.449333107416756,1
1,1.75,0.01,14,"prot50_male",0,-0.253853831746014,1
1,1.75,0.01,14,"prot50_age",-1,-1.01871381785428,1
1,1.75,0.01,14,"prot50_income",1,0.798111352561332,1
1,1.75,0.01,14,"prot50_child",0,0.0982920660405162,1
1,1.75,0.01,14,"invasive_male",0,0.27704399578462,1
1,1.75,0.01,14,"invasive_age",0.6,0.672432720960782,1
1,1.75,0.01,14,"invasive_income",0.2,0.125852998427488,1
1,1.75,0.01,14,"invasive_child",0,0.336256732239988,1
1,1.75,0.01,15,"ASC2_male",-0.1,0.668631333737961,1
1,1.75,0.01,15,"ASC2_age",-0.6,-0.576610480583465,1
1,1.75,0.01,15,"ASC2_income",0.3,0.523168916517613,1
1,1.75,0.01,15,"ASC2_child",0,0.859351250879476,1
1,1.75,0.01,15,"ASC3_male",0,0.741472408603415,1
1,1.75,0.01,15,"ASC3_age",0,-0.0584714093723636,1
1,1.75,0.01,15,"ASC3_income",1.1,0.867451798340019,1
1,1.75,0.01,15,"ASC3_child",1.2,1.05156994095916,1
1,1.75,0.01,15,"prot25_male",0,-0.348022224107352,1
1,1.75,0.01,15,"prot25_age",0,-0.0910357837522161,1
1,1.75,0.01,15,"prot25_income",0,-0.46776074611355,1
1,1.75,0.01,15,"prot25_child",0.8,0.163649498062064,1
1,1.75,0.01,15,"prot50_male",0,-0.737984646608087,1
1,1.75,0.01,15,"prot50_age",0.8,0.559700669048564,1
1,1.75,0.01,15,"prot50_income",0.2,-0.303388264424804,1
1,1.75,0.01,15,"prot50_child",0,-0.79021924116987,1
1,1.75,0.01,15,"invasive_male",0,0.393940895951921,1
1,1.75,0.01,15,"invasive_age",-1.2,-0.8937146582283,1
1,1.75,0.01,15,"invasive_income",0,0.0202148650193865,1
1,1.75,0.01,15,"invasive_child",0.9,0.0947207135943314,1
1,1.75,0.01,16,"ASC2_male",1,1.21699654672603,1
1,1.75,0.01,16,"ASC2_age",1,0.543302750431925,1
1,1.75,0.01,16,"ASC2_income",0,0.00430666687249424,0
1,1.75,0.01,16,"ASC2_child",0,-1.78521661758697,1
1,1.75,0.01,16,"ASC3_male",0.7,1.11472611806998,1
1,1.75,0.01,16,"ASC3_age",0,0.00487957346464137,0
1,1.75,0.01,16,"ASC3_income",0,-0.268210022633714,1
1,1.75,0.01,16,"ASC3_child",-1,-2.51674265928922,1
1,1.75,0.01,16,"prot25_male",0,-0.875378599253656,1
1,1.75,0.01,16,"prot25_age",0.2,0.437647721509567,1
1,1.75,0.01,16,"prot25_income",0,0.0435821767175085,1
1,1.75,0.01,16,"prot25_child",0,1.50959717779846,1
1,1.75,0.01,16,"prot50_male",0.9,0.180424245182333,1
1,1.75,0.01,16,"prot50_age",0.5,0.555033232621492,1
1,1.75,0.01,16,"prot50_income",0,0.0658929136373235,1
1,1.75,0.01,16,"prot50_child",-0.3,0.621721166943676,1
1,1.75,0.01,16,"invasive_male",-0.4,0.226572567533194,1
1,1.75,0.01,16,"invasive_age",0,-0.0821779101313981,1
1,1.75,0.01,16,"invasive_income",0.2,0.0479114349134036,1
1,1.75,0.01,16,"invasive_child",0,-0.767805363991957,1
1,1.75,0.01,17,"ASC2_male",0.6,0.433589503402384,1
1,1.75,0.01,17,"ASC2_age",-1,-0.926790913091227,1
1,1.75,0.01,17,"ASC2_income",1,0.718841048469376,1
1,1.75,0.01,17,"ASC2_child",0.8,0.133275042309477,1
1,1.75,0.01,17,"ASC3_male",0,0.178122712870137,1
1,1.75,0.01,17,"ASC3_age",0,-0.220759107001264,1
1,1.75,0.01,17,"ASC3_income",0.7,0.619253398873081,1
1,1.75,0.01,17,"ASC3_child",-0.4,-0.839363358240933,1
1,1.75,0.01,17,"prot25_male",0,-0.441938044125901,1
1,1.75,0.01,17,"prot25_age",0,-0.0123705362360062,1
1,1.75,0.01,17,"prot25_income",0,-0.36928952680883,1
1,1.75,0.01,17,"prot25_child",-0.7,-1.00090151780367,1
1,1.75,0.01,17,"prot50_male",0,-0.299271397181786,1
1,1.75,0.01,17,"prot50_age",0,0.0738585809695985,1
1,1.75,0.01,17,"prot50_income",0.4,-0.119472270490371,1
1,1.75,0.01,17,"prot50_child",-1.1,-0.936661617512052,1
1,1.75,0.01,17,"invasive_male",0,-0.0494530984510557,1
1,1.75,0.01,17,"invasive_age",0,-0.213146606580974,1
1,1.75,0.01,17,"invasive_income",0,-0.15949634592641,1
1,1.75,0.01,17,"invasive_child",0.8,0.208043056700012,1
1,1.75,0.01,18,"ASC2_male",0,-0.853844652983059,1
1,1.75,0.01,18,"ASC2_age",0,0.705836624325354,1
1,1.75,0.01,18,"ASC2_income",0.2,0.162139500560175,1
1,1.75,0.01,18,"ASC2_child",0,0.39775879125748,1
1,1.75,0.01,18,"ASC3_male",0.3,-0.0436847269071814,1
1,1.75,0.01,18,"ASC3_age",0,0.393770845193984,1
1,1.75,0.01,18,"ASC3_income",0.7,0.503680561142917,1
1,1.75,0.01,18,"ASC3_child",0,0.00104025582781851,0
1,1.75,0.01,18,"prot25_male",0,-0.0838800282752423,1
1,1.75,0.01,18,"prot25_age",0.2,-0.53527913839935,1
1,1.75,0.01,18,"prot25_income",0,0.28749659991991,1
1,1.75,0.01,18,"prot25_child",0.9,0.399552378702585,1
1,1.75,0.01,18,"prot50_male",-0.9,0.131399827886329,1
1,1.75,0.01,18,"prot50_age",0,-0.825496244154974,1
1,1.75,0.01,18,"prot50_income",0,0.147144821235645,1
1,1.75,0.01,18,"prot50_child",0,-0.430528558270332,1
1,1.75,0.01,18,"invasive_male",-0.9,-1.67335150352429,1
1,1.75,0.01,18,"invasive_age",0.1,-0.0856218641092275,1
1,1.75,0.01,18,"invasive_income",-0.5,-0.363386844105372,1
1,1.75,0.01,18,"invasive_child",-0.2,-0.347004301709732,1
1,1.75,0.01,19,"ASC2_male",0,-0.301249548548171,1
1,1.75,0.01,19,"ASC2_age",1.2,0.797637054421759,1
1,1.75,0.01,19,"ASC2_income",0,-0.017402173082437,1
1,1.75,0.01,19,"ASC2_child",0,0.129031731965746,1
1,1.75,0.01,19,"ASC3_male",0.1,0.157185494798572,1
1,1.75,0.01,19,"ASC3_age",0,-0.155980114778496,1
1,1.75,0.01,19,"ASC3_income",0.7,0.438730301709532,1
1,1.75,0.01,19,"ASC3_child",0,0.186407659749349,1
1,1.75,0.01,19,"prot25_male",0,0.253001937913584,1
1,1.75,0.01,19,"prot25_age",0.2,0.222686040416158,1
1,1.75,0.01,19,"prot25_income",-0.1,0.0632663639147212,1
1,1.75,0.01,19,"prot25_child",0.6,0.0540195967605224,1
1,1.75,0.01,19,"prot50_male",0.4,0.324704458184762,1
1,1.75,0.01,19,"prot50_age",0,0.388619810742493,1
1,1.75,0.01,19,"prot50_income",0,-0.379248251437906,1
1,1.75,0.01,19,"prot50_child",0,0.657838689896086,1
1,1.75,0.01,19,"invasive_male",0.6,0.256882680346292,1
1,1.75,0.01,19,"invasive_age",0,0.246386237805488,1
1,1.75,0.01,19,"invasive_income",0.2,-0.12806670436141,1
1,1.75,0.01,19,"invasive_child",-0.8,-0.288780200573863,1
1,1.75,0.01,20,"ASC2_male",-1,-0.779342768733841,1
1,1.75,0.01,20,"ASC2_age",1,0.058744371816242,1
1,1.75,0.01,20,"ASC2_income",-0.8,0.166118704335648,1
1,1.75,0.01,20,"ASC2_child",0,0.378431087720255,1
1,1.75,0.01,20,"ASC3_male",0,0.182659615111444,1
1,1.75,0.01,20,"ASC3_age",0,-0.405279172168299,1
1,1.75,0.01,20,"ASC3_income",0,0.232487219943787,1
1,1.75,0.01,20,"ASC3_child",0,0.326288441325653,1
1,1.75,0.01,20,"prot25_male",0,0.032689033617057,1
1,1.75,0.01,20,"prot25_age",0,0.472081279739415,1
1,1.75,0.01,20,"prot25_income",0.3,-0.237260206223532,1
1,1.75,0.01,20,"prot25_child",0.3,0.208556231461852,1
1,1.75,0.01,20,"prot50_male",0.4,0.474623176161236,1
1,1.75,0.01,20,"prot50_age",-0.9,-0.163740552180088,1
1,1.75,0.01,20,"prot50_income",-1.1,-1.06217429514149,1
1,1.75,0.01,20,"prot50_child",0,0.336447854610409,1
1,1.75,0.01,20,"invasive_male",0,0.0167524181734096,1
1,1.75,0.01,20,"invasive_age",-0.3,-0.48703665087998,1
1,1.75,0.01,20,"invasive_income",-0.7,-0.304562555369426,1
1,1.75,0.01,20,"invasive_child",0,0.53147166873903,1
1,1.75,0.01,21,"ASC2_male",-0.1,-0.368411055771788,1
1,1.75,0.01,21,"ASC2_age",0,0.0260005477377902,1
1,1.75,0.01,21,"ASC2_income",0,-0.356957396473216,1
1,1.75,0.01,21,"ASC2_child",0.4,1.06144797842352,1
1,1.75,0.01,21,"ASC3_male",0,-0.607041277712573,1
1,1.75,0.01,21,"ASC3_age",-0.8,-0.442703143653546,1
1,1.75,0.01,21,"ASC3_income",0,-0.32750754801486,1
1,1.75,0.01,21,"ASC3_child",-0.3,0.50644389137333,1
1,1.75,0.01,21,"prot25_male",-0.8,-0.0122773965790489,1
1,1.75,0.01,21,"prot25_age",-0.4,-0.37946789615822,1
1,1.75,0.01,21,"prot25_income",0,0.388478701053402,1
1,1.75,0.01,21,"prot25_child",-0.3,-0.485461801993853,1
1,1.75,0.01,21,"prot50_male",0.5,0.685134113471673,1
1,1.75,0.01,21,"prot50_age",0,-0.278188991386059,1
1,1.75,0.01,21,"prot50_income",0,-0.165207773554974,1
1,1.75,0.01,21,"prot50_child",0.1,-0.756688464296182,1
1,1.75,0.01,21,"invasive_male",0,-0.568641965158714,1
1,1.75,0.01,21,"invasive_age",-0.3,-0.0157387068017207,1
1,1.75,0.01,21,"invasive_income",0,-0.436307336736269,1
1,1.75,0.01,21,"invasive_child",0,0.00654081128690517,0
1,1.75,0.01,22,"ASC2_male",0.9,0.270911015969432,1
1,1.75,0.01,22,"ASC2_age",0,-0.432511703303296,1
1,1.75,0.01,22,"ASC2_income",0,0.595712268270425,1
1,1.75,0.01,22,"ASC2_child",-0.7,-0.420032675793154,1
1,1.75,0.01,22,"ASC3_male",-0.7,-0.934959098190204,1
1,1.75,0.01,22,"ASC3_age",0,-0.409810572376243,1
1,1.75,0.01,22,"ASC3_income",0,0.552598981866897,1
1,1.75,0.01,22,"ASC3_child",0,0.138766484187597,1
1,1.75,0.01,22,"prot25_male",0,-0.52162731337079,1
1,1.75,0.01,22,"prot25_age",-0.2,0.218716278832857,1
1,1.75,0.01,22,"prot25_income",0.4,0.0600410195126395,1
1,1.75,0.01,22,"prot25_child",0,0.476892430499044,1
1,1.75,0.01,22,"prot50_male",0.4,0.144906006368938,1
1,1.75,0.01,22,"prot50_age",-1,-0.800295768646336,1
1,1.75,0.01,22,"prot50_income",0,-0.0845636103368365,1
1,1.75,0.01,22,"prot50_child",0.9,0.464715629642259,1
1,1.75,0.01,22,"invasive_male",0,0.168869734949558,1
1,1.75,0.01,22,"invasive_age",-0.8,-0.458944408271098,1
1,1.75,0.01,22,"invasive_income",0,0.104485911677876,1
1,1.75,0.01,22,"invasive_child",-0.1,-0.0901466497933318,1
1,1.75,0.01,23,"ASC2_male",-0.1,-0.340829677268971,1
1,1.75,0.01,23,"ASC2_age",-0.3,-0.073126812823091,1
1,1.75,0.01,23,"ASC2_income",0,-0.335649864484454,1
1,1.75,0.01,23,"ASC2_child",0,0.50881594111264,1
1,1.75,0.01,23,"ASC3_male",-0.9,-0.293636722482608,1
1,1.75,0.01,23,"ASC3_age",0,0.0624962189250167,1
1,1.75,0.01,23,"ASC3_income",0,-0.514334505289716,1
1,1.75,0.01,23,"ASC3_child",1,0.940859080772676,1
1,1.75,0.01,23,"prot25_male",0,-0.12341917489015,1
1,1.75,0.01,23,"prot25_age",0,-0.192276826698083,1
1,1.75,0.01,23,"prot25_income",0,0.358437504907296,1
1,1.75,0.01,23,"prot25_child",-1.1,-0.98904677805703,1
1,1.75,0.01,23,"prot50_male",-1.1,-0.708677101208724,1
1,1.75,0.01,23,"prot50_age",-0.8,-0.973111310786774,1
1,1.75,0.01,23,"prot50_income",0,0.0444693661105788,1
1,1.75,0.01,23,"prot50_child",0,-0.552368494822102,1
1,1.75,0.01,23,"invasive_male",-0.4,-0.237651081855083,1
1,1.75,0.01,23,"invasive_age",-0.4,-0.293380748211562,1
1,1.75,0.01,23,"invasive_income",0.8,0.263698584663288,1
1,1.75,0.01,23,"invasive_child",0,0.158363885552398,1
1,1.75,0.01,24,"ASC2_male",0.6,0.143592702604755,1
1,1.75,0.01,24,"ASC2_age",-1.1,-0.660371680683379,1
1,1.75,0.01,24,"ASC2_income",0,-0.0759737096325722,1
1,1.75,0.01,24,"ASC2_child",0,0.0881600937943069,1
1,1.75,0.01,24,"ASC3_male",0,-0.251015909739761,1
1,1.75,0.01,24,"ASC3_age",0,0.078729444641377,1
1,1.75,0.01,24,"ASC3_income",-0.6,-0.125730718954544,1
1,1.75,0.01,24,"ASC3_child",0.4,-0.342821871092925,1
1,1.75,0.01,24,"prot25_male",-0.3,-0.357566330017573,1
1,1.75,0.01,24,"prot25_age",0,-0.0750165489262904,1
1,1.75,0.01,24,"prot25_income",0,-0.0785849159971753,1
1,1.75,0.01,24,"prot25_child",-0.4,0.563744403692467,1
1,1.75,0.01,24,"prot50_male",0,-1.02110905617991,1
1,1.75,0.01,24,"prot50_age",0,0.429554986859761,1
1,1.75,0.01,24,"prot50_income",-0.5,-0.39830534204837,1
1,1.75,0.01,24,"prot50_child",0,0.4548987942041,1
1,1.75,0.01,24,"invasive_male",0.9,0.78355858956616,1
1,1.75,0.01,24,"invasive_age",-0.7,-0.450196859799916,1
1,1.75,0.01,24,"invasive_income",1.2,1.00713809239734,1
1,1.75,0.01,24,"invasive_child",0,0.489052330982406,1
1,1.75,0.01,25,"ASC2_male",-0.8,-0.536449677495532,1
1,1.75,0.01,25,"ASC2_age",1,0.842848387429357,1
1,1.75,0.01,25,"ASC2_income",0,-0.104213297314209,1
1,1.75,0.01,25,"ASC2_child",0,0.337887062415322,1
1,1.75,0.01,25,"ASC3_male",0.9,0.911224341009818,1
1,1.75,0.01,25,"ASC3_age",0,0.490177136695167,1
1,1.75,0.01,25,"ASC3_income",-0.7,-0.509430113247245,1
1,1.75,0.01,25,"ASC3_child",-0.9,0.191289371233508,1
1,1.75,0.01,25,"prot25_male",0,-0.0536183841839785,1
1,1.75,0.01,25,"prot25_age",0,-0.00384507043884036,0
1,1.75,0.01,25,"prot25_income",-0.9,-0.40141143241415,1
1,1.75,0.01,25,"prot25_child",0,-0.722650561307059,1
1,1.75,0.01,25,"prot50_male",0,-0.178274788585582,1
1,1.75,0.01,25,"prot50_age",0,0.0632050736742442,1
1,1.75,0.01,25,"prot50_income",0.3,0.133540654938879,1
1,1.75,0.01,25,"prot50_child",0,-0.363277517469196,1
1,1.75,0.01,25,"invasive_male",-1.2,-0.371537731213339,1
1,1.75,0.01,25,"invasive_age",0.2,0.366185168245246,1
1,1.75,0.01,25,"invasive_income",0,0.0460049922038104,1
1,1.75,0.01,25,"invasive_child",-0.3,0.280004836440604,1
1,1.75,0.01,26,"ASC2_male",0,0.416993510415093,1
1,1.75,0.01,26,"ASC2_age",0,-0.42519071713393,1
1,1.75,0.01,26,"ASC2_income",-0.2,-0.052884250407524,1
1,1.75,0.01,26,"ASC2_child",0,-0.396837652407137,1
1,1.75,0.01,26,"ASC3_male",0.2,0.523864392667512,1
1,1.75,0.01,26,"ASC3_age",0,-0.415030651037999,1
1,1.75,0.01,26,"ASC3_income",-0.6,-0.517470458564343,1
1,1.75,0.01,26,"ASC3_child",-0.4,-0.425912897233541,1
1,1.75,0.01,26,"prot25_male",0,0.0527199106306202,1
1,1.75,0.01,26,"prot25_age",0.3,0.0675591681058305,1
1,1.75,0.01,26,"prot25_income",-1.1,-1.08673371685875,1
1,1.75,0.01,26,"prot25_child",0.6,-0.00619060978362839,0
1,1.75,0.01,26,"prot50_male",0,0.191301780706501,1
1,1.75,0.01,26,"prot50_age",1.2,0.815008617347925,1
1,1.75,0.01,26,"prot50_income",0,-0.10613474585815,1
1,1.75,0.01,26,"prot50_child",-0.3,-0.0315603030709554,1
1,1.75,0.01,26,"invasive_male",0,0.478119968538811,1
1,1.75,0.01,26,"invasive_age",0,0.124039281957557,1
1,1.75,0.01,26,"invasive_income",0,-0.167730534277351,1
1,1.75,0.01,26,"invasive_child",0.9,0.744446033094003,1
1,1.75,0.01,27,"ASC2_male",0.2,0.829189158998423,1
1,1.75,0.01,27,"ASC2_age",-0.9,-0.788080942920145,1
1,1.75,0.01,27,"ASC2_income",0.7,0.102991979535902,1
1,1.75,0.01,27,"ASC2_child",0,-0.800577953921973,1
1,1.75,0.01,27,"ASC3_male",0,0.428540686906868,1
1,1.75,0.01,27,"ASC3_age",0,-0.0642626980222051,1
1,1.75,0.01,27,"ASC3_income",0.5,-0.469665789156103,1
1,1.75,0.01,27,"ASC3_child",-0.7,-1.4169305003607,1
1,1.75,0.01,27,"prot25_male",0.8,0.19275532570736,1
1,1.75,0.01,27,"prot25_age",0,-0.22011380918619,1
1,1.75,0.01,27,"prot25_income",0,0.500340608725636,1
1,1.75,0.01,27,"prot25_child",0,0.418985286246894,1
1,1.75,0.01,27,"prot50_male",0,-0.33634767919317,1
1,1.75,0.01,27,"prot50_age",0.7,-0.0254329690767275,1
1,1.75,0.01,27,"prot50_income",0,0.511471835894507,1
1,1.75,0.01,27,"prot50_child",-1,-0.567947179689332,1
1,1.75,0.01,27,"invasive_male",0,0.539568546290321,1
1,1.75,0.01,27,"invasive_age",0,-0.382492719205827,1
1,1.75,0.01,27,"invasive_income",1,0.532004849445969,1
1,1.75,0.01,27,"invasive_child",0.9,-0.584986111149389,1
1,1.75,0.01,28,"ASC2_male",0,-0.376077057976372,1
1,1.75,0.01,28,"ASC2_age",0,0.135256103755652,1
1,1.75,0.01,28,"ASC2_income",0,-0.0324715636623335,1
1,1.75,0.01,28,"ASC2_child",-0.9,0.245564916389635,1
1,1.75,0.01,28,"ASC3_male",-0.9,-0.707124497498396,1
1,1.75,0.01,28,"ASC3_age",-0.3,0.0600517333678477,1
1,1.75,0.01,28,"ASC3_income",0,0.0451092182242842,1
1,1.75,0.01,28,"ASC3_child",0,0.400375214992008,1
1,1.75,0.01,28,"prot25_male",-0.7,-0.150237072122672,1
1,1.75,0.01,28,"prot25_age",-0.3,-0.346053258138101,1
1,1.75,0.01,28,"prot25_income",0,-0.289300255079693,1
1,1.75,0.01,28,"prot25_child",0,-0.506534816596416,1
1,1.75,0.01,28,"prot50_male",-0.3,-0.844070811740533,1
1,1.75,0.01,28,"prot50_age",0.2,-0.0725161210426653,1
1,1.75,0.01,28,"prot50_income",0,-0.155930496926414,1
1,1.75,0.01,28,"prot50_child",0,-0.349232733039956,1
1,1.75,0.01,28,"invasive_male",0.5,-0.15112631889236,1
1,1.75,0.01,28,"invasive_age",0,-0.0141235108398858,1
1,1.75,0.01,28,"invasive_income",-1,-0.699443412185325,1
1,1.75,0.01,28,"invasive_child",0.6,0.894974566625145,1
1,1.75,0.01,29,"ASC2_male",0.3,-0.41380846050072,1
1,1.75,0.01,29,"ASC2_age",0.9,0.151664806477392,1
1,1.75,0.01,29,"ASC2_income",1.2,0.445854425365473,1
1,1.75,0.01,29,"ASC2_child",0.5,0.894325328918707,1
1,1.75,0.01,29,"ASC3_male",1.1,-0.0274371140541691,1
1,1.75,0.01,29,"ASC3_age",0,-0.479493973156968,1
1,1.75,0.01,29,"ASC3_income",0,-0.231885642967529,1
1,1.75,0.01,29,"ASC3_child",0.1,0.36868869976938,1
1,1.75,0.01,29,"prot25_male",-1.1,-1.58962685216294,1
1,1.75,0.01,29,"prot25_age",0,0.382020307865004,1
1,1.75,0.01,29,"prot25_income",0,0.455522819115927,1
1,1.75,0.01,29,"prot25_child",-0.5,0.145841685258088,1
1,1.75,0.01,29,"prot50_male",0,-0.164743320365083,1
1,1.75,0.01,29,"prot50_age",-0.9,-0.582247353751864,1
1,1.75,0.01,29,"prot50_income",-0.8,-0.428350118042461,1
1,1.75,0.01,29,"prot50_child",0,0.0582138979038421,1
1,1.75,0.01,29,"invasive_male",0,0.412900586651833,1
1,1.75,0.01,29,"invasive_age",0,-0.314195560983683,1
1,1.75,0.01,29,"invasive_income",0,-0.259483099777521,1
1,1.75,0.01,29,"invasive_child",0,-0.304455271659243,1
1,1.75,0.01,30,"ASC2_male",0.4,0.0467456608580841,1
1,1.75,0.01,30,"ASC2_age",0,0.110533077412985,1
1,1.75,0.01,30,"ASC2_income",0,0.612196346359688,1
1,1.75,0.01,30,"ASC2_child",0.7,-0.436506141010123,1
1,1.75,0.01,30,"ASC3_male",1.1,0.706106045751806,1
1,1.75,0.01,30,"ASC3_age",0,0.265007365885032,1
1,1.75,0.01,30,"ASC3_income",0.4,0.871754978259827,1
1,1.75,0.01,30,"ASC3_child",0.9,-0.169090941395454,1
1,1.75,0.01,30,"prot25_male",-0.2,-0.279523086112603,1
1,1.75,0.01,30,"prot25_age",0.1,-0.153012374087797,1
1,1.75,0.01,30,"prot25_income",0.3,0.151962133461088,1
1,1.75,0.01,30,"prot25_child",0,0.624500466573966,1
1,1.75,0.01,30,"prot50_male",0,-0.457769797110824,1
1,1.75,0.01,30,"prot50_age",0,0.0961170581380531,1
1,1.75,0.01,30,"prot50_income",0,-0.708853268922032,1
1,1.75,0.01,30,"prot50_child",0,0.143659623902927,1
1,1.75,0.01,30,"invasive_male",-0.6,-0.728403607770986,1
1,1.75,0.01,30,"invasive_age",0,0.323170552092808,1
1,1.75,0.01,30,"invasive_income",-1,-1.01672216315251,1
1,1.75,0.01,30,"invasive_child",0,-0.318951539835421,1
1,1.75,0.01,31,"ASC2_male",-0.3,0.0531167064914906,1
1,1.75,0.01,31,"ASC2_age",1.2,0.811624404966181,1
1,1.75,0.01,31,"ASC2_income",1,0.425617141126967,1
1,1.75,0.01,31,"ASC2_child",0,-0.710364997736096,1
1,1.75,0.01,31,"ASC3_male",0,0.120334934027601,1
1,1.75,0.01,31,"ASC3_age",1.1,1.0490084853718,1
1,1.75,0.01,31,"ASC3_income",-0.6,-0.765033288659914,1
1,1.75,0.01,31,"ASC3_child",0,0.315365017172023,1
1,1.75,0.01,31,"prot25_male",0,0.181627477878235,1
1,1.75,0.01,31,"prot25_age",-0.2,-0.33149585101978,1
1,1.75,0.01,31,"prot25_income",0,0.326229040286278,1
1,1.75,0.01,31,"prot25_child",-0.2,0.224241010021209,1
1,1.75,0.01,31,"prot50_male",-0.3,-0.201550904802398,1
1,1.75,0.01,31,"prot50_age",0,-0.0957916686645529,1
1,1.75,0.01,31,"prot50_income",0,-0.314600920491984,1
1,1.75,0.01,31,"prot50_child",0,0.220311912099912,1
1,1.75,0.01,31,"invasive_male",0,0.53494122259627,1
1,1.75,0.01,31,"invasive_age",0.2,0.0448534394161089,1
1,1.75,0.01,31,"invasive_income",0.9,0.397139937236796,1
1,1.75,0.01,31,"invasive_child",0,-0.692027903748974,1
1,1.75,0.01,32,"ASC2_male",0.6,0.595690166036637,1
1,1.75,0.01,32,"ASC2_age",0,-0.0484790050888471,1
1,1.75,0.01,32,"ASC2_income",1.1,0.701484586541562,1
1,1.75,0.01,32,"ASC2_child",0,-0.57619495320784,1
1,1.75,0.01,32,"ASC3_male",-0.7,0.0524461607837264,1
1,1.75,0.01,32,"ASC3_age",-1.1,-0.563119682095108,1
1,1.75,0.01,32,"ASC3_income",0,-0.337245690432024,1
1,1.75,0.01,32,"ASC3_child",-0.3,-0.527951428053186,1
1,1.75,0.01,32,"prot25_male",0.7,-0.044970916424799,1
1,1.75,0.01,32,"prot25_age",0,-0.286638151274041,1
1,1.75,0.01,32,"prot25_income",-0.5,-0.853082046936701,1
1,1.75,0.01,32,"prot25_child",-1.1,-0.766808303660949,1
1,1.75,0.01,32,"prot50_male",0,0.252351430732514,1
1,1.75,0.01,32,"prot50_age",-0.6,-0.491796244265086,1
1,1.75,0.01,32,"prot50_income",0,-0.109276298361007,1
1,1.75,0.01,32,"prot50_child",0,0.12402030620058,1
1,1.75,0.01,32,"invasive_male",0,-0.335389292339498,1
1,1.75,0.01,32,"invasive_age",0,-0.208291087614854,1
1,1.75,0.01,32,"invasive_income",0,-0.238651032621451,1
1,1.75,0.01,32,"invasive_child",0.2,-0.195508564819275,1
1,1.75,0.01,33,"ASC2_male",-0.4,0.166545764395677,1
1,1.75,0.01,33,"ASC2_age",0,0.442242510052196,1
1,1.75,0.01,33,"ASC2_income",0,0.675442710502608,1
1,1.75,0.01,33,"ASC2_child",0,1.19009678028471,1
1,1.75,0.01,33,"ASC3_male",0.6,1.06353582250694,1
1,1.75,0.01,33,"ASC3_age",0,0.35988990186831,1
1,1.75,0.01,33,"ASC3_income",-1,-0.491660738264916,1
1,1.75,0.01,33,"ASC3_child",0,0.604460991597919,1
1,1.75,0.01,33,"prot25_male",0,-0.638079399053244,1
1,1.75,0.01,33,"prot25_age",0,-0.380196942983948,1
1,1.75,0.01,33,"prot25_income",0,-0.403813325790929,1
1,1.75,0.01,33,"prot25_child",1.1,-0.219547425430075,1
1,1.75,0.01,33,"prot50_male",0,-0.983529349028149,1
1,1.75,0.01,33,"prot50_age",0.4,-0.126916237372651,1
1,1.75,0.01,33,"prot50_income",0.3,-0.0253267271390155,1
1,1.75,0.01,33,"prot50_child",-0.4,-0.359288378236081,1
1,1.75,0.01,33,"invasive_male",0.3,-0.0807687698992021,1
1,1.75,0.01,33,"invasive_age",0,-0.0516729147662056,1
1,1.75,0.01,33,"invasive_income",0.6,0.528051910803972,1
1,1.75,0.01,33,"invasive_child",0.8,1.09915530579508,1
1,1.75,0.01,34,"ASC2_male",0,0.759077966404965,1
1,1.75,0.01,34,"ASC2_age",0,-0.242579435927057,1
1,1.75,0.01,34,"ASC2_income",-0.8,-0.0654473408848187,1
1,1.75,0.01,34,"ASC2_child",-0.4,-0.570326211724476,1
1,1.75,0.01,34,"ASC3_male",0,0.698614318783555,1
1,1.75,0.01,34,"ASC3_age",0,-0.190818499371219,1
1,1.75,0.01,34,"ASC3_income",0,0.365818449721592,1
1,1.75,0.01,34,"ASC3_child",0.4,0.26912791481501,1
1,1.75,0.01,34,"prot25_male",0,-0.514143099098434,1
1,1.75,0.01,34,"prot25_age",0,-0.101312612912404,1
1,1.75,0.01,34,"prot25_income",1,0.30298750084122,1
1,1.75,0.01,34,"prot25_child",1.2,0.703410642514289,1
1,1.75,0.01,34,"prot50_male",0.1,-0.708890612725867,1
1,1.75,0.01,34,"prot50_age",0.2,0.187879558552534,1
1,1.75,0.01,34,"prot50_income",-0.5,-0.200261421850706,1
1,1.75,0.01,34,"prot50_child",0,-0.0376745051893134,1
1,1.75,0.01,34,"invasive_male",0,0.868891949272044,1
1,1.75,0.01,34,"invasive_age",0,-0.677448944600108,1
1,1.75,0.01,34,"invasive_income",-1,-0.10481095139352,1
1,1.75,0.01,34,"invasive_child",0.2,-0.0609029560676807,1
1,1.75,0.01,35,"ASC2_male",0,-0.154782123358685,1
1,1.75,0.01,35,"ASC2_age",0,0.252362832236725,1
1,1.75,0.01,35,"ASC2_income",0.9,0.758360246557677,1
1,1.75,0.01,35,"ASC2_child",0,0.20726875603081,1
1,1.75,0.01,35,"ASC3_male",0,-0.00213349311003174,0
1,1.75,0.01,35,"ASC3_age",1.1,1.2392258910878,1
1,1.75,0.01,35,"ASC3_income",0,0.476172134568026,1
1,1.75,0.01,35,"ASC3_child",0,0.467674106045296,1
1,1.75,0.01,35,"prot25_male",-0.2,0.63341793963571,1
1,1.75,0.01,35,"prot25_age",0.3,-0.106596557193179,1
1,1.75,0.01,35,"prot25_income",0,0.0551343233855323,1
1,1.75,0.01,35,"prot25_child",-1.1,-1.0908442162061,1
1,1.75,0.01,35,"prot50_male",-0.4,-0.0673125413828175,1
1,1.75,0.01,35,"prot50_age",0,-0.483713041924255,1
1,1.75,0.01,35,"prot50_income",-0.3,-0.0220930376171094,1
1,1.75,0.01,35,"prot50_child",0.5,-0.0791911030233478,1
1,1.75,0.01,35,"invasive_male",0.1,-0.0712563052866182,1
1,1.75,0.01,35,"invasive_age",0,-0.121847585317971,1
1,1.75,0.01,35,"invasive_income",-1.1,-0.129707331820711,1
1,1.75,0.01,35,"invasive_child",0,-0.25559396081049,1
1,1.75,0.01,36,"ASC2_male",-0.4,-0.146609799270907,1
1,1.75,0.01,36,"ASC2_age",-1,-0.896575353841562,1
1,1.75,0.01,36,"ASC2_income",-0.5,-0.471754937495879,1
1,1.75,0.01,36,"ASC2_child",-0.9,-0.102713231025384,1
1,1.75,0.01,36,"ASC3_male",0,0.0390456900712524,1
1,1.75,0.01,36,"ASC3_age",1.1,0.670746459319359,1
1,1.75,0.01,36,"ASC3_income",0,-0.0600585243714779,1
1,1.75,0.01,36,"ASC3_child",0,0.201904231869518,1
1,1.75,0.01,36,"prot25_male",0,-0.408073031491358,1
1,1.75,0.01,36,"prot25_age",0,0.131138815604355,1
1,1.75,0.01,36,"prot25_income",1.1,0.767311665977612,1
1,1.75,0.01,36,"prot25_child",-0.5,-0.836217020667876,1
1,1.75,0.01,36,"prot50_male",0,0.0589592705217634,1
1,1.75,0.01,36,"prot50_age",0,0.00774789716618284,0
1,1.75,0.01,36,"prot50_income",1.1,0.748078093932412,1
1,1.75,0.01,36,"prot50_child",0,0.223917459870975,1
1,1.75,0.01,36,"invasive_male",0.3,-0.230812568234003,1
1,1.75,0.01,36,"invasive_age",0,-0.0163114626178451,1
1,1.75,0.01,36,"invasive_income",-0.5,-0.109135502109506,1
1,1.75,0.01,36,"invasive_child",0,0.681058870211687,1
1,1.75,0.01,37,"ASC2_male",0.6,0.484153674165183,1
1,1.75,0.01,37,"ASC2_age",0,0.330612794229965,1
1,1.75,0.01,37,"ASC2_income",0.9,0.972091693686471,1
1,1.75,0.01,37,"ASC2_child",0,0.427668561741617,1
1,1.75,0.01,37,"ASC3_male",0,0.00485526776093931,0
1,1.75,0.01,37,"ASC3_age",0.6,0.72791480396288,1
1,1.75,0.01,37,"ASC3_income",1.1,0.993823473334227,1
1,1.75,0.01,37,"ASC3_child",-0.8,0.136877286457008,1
1,1.75,0.01,37,"prot25_male",-1.2,-1.12609535546845,1
1,1.75,0.01,37,"prot25_age",0,0.176035793143501,1
1,1.75,0.01,37,"prot25_income",1.1,-0.228256989822585,1
1,1.75,0.01,37,"prot25_child",0,-0.2913977676223,1
1,1.75,0.01,37,"prot50_male",0,-0.401004543909077,1
1,1.75,0.01,37,"prot50_age",0.5,-0.0499245313350318,1
1,1.75,0.01,37,"prot50_income",0,-0.728763216850973,1
1,1.75,0.01,37,"prot50_child",0,-0.209806849862638,1
1,1.75,0.01,37,"invasive_male",0,-0.296418855066752,1
1,1.75,0.01,37,"invasive_age",1.1,0.628448882816972,1
1,1.75,0.01,37,"invasive_income",0,-0.210011272098179,1
1,1.75,0.01,37,"invasive_child",0.6,0.369397327413161,1
1,1.75,0.01,38,"ASC2_male",0.3,0.475809993366457,1
1,1.75,0.01,38,"ASC2_age",0.3,0.314464769017819,1
1,1.75,0.01,38,"ASC2_income",0,-0.300151422755596,1
1,1.75,0.01,38,"ASC2_child",0.9,1.17424762477919,1
1,1.75,0.01,38,"ASC3_male",0,0.398807521444979,1
1,1.75,0.01,38,"ASC3_age",-0.6,-0.175661233957304,1
1,1.75,0.01,38,"ASC3_income",0,-0.282980934016112,1
1,1.75,0.01,38,"ASC3_child",0,0.416482628039916,1
1,1.75,0.01,38,"prot25_male",0,-0.578556584798542,1
1,1.75,0.01,38,"prot25_age",0,-0.112043107228473,1
1,1.75,0.01,38,"prot25_income",0.7,0.682201610707877,1
1,1.75,0.01,38,"prot25_child",0,-0.872238588819383,1
1,1.75,0.01,38,"prot50_male",0,-0.314768785890103,1
1,1.75,0.01,38,"prot50_age",0,-0.41867457518778,1
1,1.75,0.01,38,"prot50_income",0.2,0.470164101615134,1
1,1.75,0.01,38,"prot50_child",-0.8,-1.15141216327685,1
1,1.75,0.01,38,"invasive_male",0.1,0.305947141694991,1
1,1.75,0.01,38,"invasive_age",0,-0.0849729159924432,1
1,1.75,0.01,38,"invasive_income",-0.6,-0.644082468245837,1
1,1.75,0.01,38,"invasive_child",-0.6,-0.447915003969681,1
1,1.75,0.01,39,"ASC2_male",0.9,1.0866439739,1
1,1.75,0.01,39,"ASC2_age",0,0.3442016429019,1
1,1.75,0.01,39,"ASC2_income",0,0.356600491034532,1
1,1.75,0.01,39,"ASC2_child",0,0.471362817890583,1
1,1.75,0.01,39,"ASC3_male",-0.9,-0.250063845650105,1
1,1.75,0.01,39,"ASC3_age",0,0.357496219447642,1
1,1.75,0.01,39,"ASC3_income",-0.7,-0.424998925066062,1
1,1.75,0.01,39,"ASC3_child",-1.1,0.136357649407921,1
1,1.75,0.01,39,"prot25_male",-1,-0.830638639430521,1
1,1.75,0.01,39,"prot25_age",-0.6,-1.02031816245405,1
1,1.75,0.01,39,"prot25_income",0.7,0.902130107851816,1
1,1.75,0.01,39,"prot25_child",-0.3,-1.00953408215977,1
1,1.75,0.01,39,"prot50_male",0,-0.258286225525096,1
1,1.75,0.01,39,"prot50_age",0,-0.419585599550817,1
1,1.75,0.01,39,"prot50_income",0,0.0464193976366354,1
1,1.75,0.01,39,"prot50_child",0,-0.0854923146482969,1
1,1.75,0.01,39,"invasive_male",1.1,0.697188403733306,1
1,1.75,0.01,39,"invasive_age",0,0.094193472435914,1
1,1.75,0.01,39,"invasive_income",0,0.3614446123231,1
1,1.75,0.01,39,"invasive_child",-0.6,0.0777001232757157,1
1,1.75,0.01,40,"ASC2_male",0,-0.129934957731333,1
1,1.75,0.01,40,"ASC2_age",-0.3,0.253692093416661,1
1,1.75,0.01,40,"ASC2_income",1.1,1.24715444944406,1
1,1.75,0.01,40,"ASC2_child",0,0.90309702661378,1
1,1.75,0.01,40,"ASC3_male",0.5,0.200340062250415,1
1,1.75,0.01,40,"ASC3_age",0,0.270908465830477,1
1,1.75,0.01,40,"ASC3_income",-0.9,-0.119799940527532,1
1,1.75,0.01,40,"ASC3_child",-1,0.1012340248464,1
1,1.75,0.01,40,"prot25_male",-0.5,0.179071168142371,1
1,1.75,0.01,40,"prot25_age",-0.3,-0.530989783422009,1
1,1.75,0.01,40,"prot25_income",0,-0.767336578363486,1
1,1.75,0.01,40,"prot25_child",0,-0.17302990950664,1
1,1.75,0.01,40,"prot50_male",0,-0.159876384125443,1
1,1.75,0.01,40,"prot50_age",-1,-0.823252014766685,1
1,1.75,0.01,40,"prot50_income",0,-0.701675197662853,1
1,1.75,0.01,40,"prot50_child",0,-0.54381751883792,1
1,1.75,0.01,40,"invasive_male",0,-0.250627992943296,1
1,1.75,0.01,40,"invasive_age",-0.3,0.0920046982485313,1
1,1.75,0.01,40,"invasive_income",-0.1,-0.0325564676590747,1
1,1.75,0.01,40,"invasive_child",0,0.635238731124075,1
1,1.75,0.01,41,"ASC2_male",-0.5,-0.0991501023115585,1
1,1.75,0.01,41,"ASC2_age",0.9,0.649516742062767,1
1,1.75,0.01,41,"ASC2_income",1.1,0.449698877238366,1
1,1.75,0.01,41,"ASC2_child",0,0.536128254285619,1
1,1.75,0.01,41,"ASC3_male",0.3,0.209511420202787,1
1,1.75,0.01,41,"ASC3_age",0,-0.00843849862676084,0
1,1.75,0.01,41,"ASC3_income",0,-0.149690821355193,1
1,1.75,0.01,41,"ASC3_child",0,0.5384601969778,1
1,1.75,0.01,41,"prot25_male",0,0.441391293558027,1
1,1.75,0.01,41,"prot25_age",0,-0.207461115223945,1
1,1.75,0.01,41,"prot25_income",-0.2,-0.00164390313341391,0
1,1.75,0.01,41,"prot25_child",0.7,0.184980276461956,1
1,1.75,0.01,41,"prot50_male",-0.8,-0.345867322019186,1
1,1.75,0.01,41,"prot50_age",-0.4,-0.783812164088,1
1,1.75,0.01,41,"prot50_income",0,0.145870505779787,1
1,1.75,0.01,41,"prot50_child",0,0.130978113234215,1
1,1.75,0.01,41,"invasive_male",0,-0.454807209301161,1
1,1.75,0.01,41,"invasive_age",0,-0.377850263897865,1
1,1.75,0.01,41,"invasive_income",0.3,0.311007845920112,1
1,1.75,0.01,41,"invasive_child",0.5,0.838076269411257,1
1,1.75,0.01,42,"ASC2_male",0.6,1.31538034378623,1
1,1.75,0.01,42,"ASC2_age",0,-0.415103261002581,1
1,1.75,0.01,42,"ASC2_income",0.6,0.14258578571799,1
1,1.75,0.01,42,"ASC2_child",0.8,-0.645422561367239,1
1,1.75,0.01,42,"ASC3_male",0,0.771416547353304,1
1,1.75,0.01,42,"ASC3_age",-0.3,-0.514146803351464,1
1,1.75,0.01,42,"ASC3_income",0,-0.267646444121232,1
1,1.75,0.01,42,"ASC3_child",-1,-1.57587637977738,1
1,1.75,0.01,42,"prot25_male",0,-0.985817878589989,1
1,1.75,0.01,42,"prot25_age",0.6,0.93418311401618,1
1,1.75,0.01,42,"prot25_income",0,0.426812032507778,1
1,1.75,0.01,42,"prot25_child",0,0.906455453153165,1
1,1.75,0.01,42,"prot50_male",0,-0.831640554370944,1
1,1.75,0.01,42,"prot50_age",0.7,0.903855220030247,1
1,1.75,0.01,42,"prot50_income",-0.9,0.0274569566844377,1
1,1.75,0.01,42,"prot50_child",-0.7,0.36817677777804,1
1,1.75,0.01,42,"invasive_male",1.2,0.897008715978754,1
1,1.75,0.01,42,"invasive_age",0,0.0435125802301957,1
1,1.75,0.01,42,"invasive_income",0,0.275736610280689,1
1,1.75,0.01,42,"invasive_child",0,-0.366647195341184,1
1,1.75,0.01,43,"ASC2_male",-0.7,-0.777043659717948,1
1,1.75,0.01,43,"ASC2_age",0,-0.0117836952979404,1
1,1.75,0.01,43,"ASC2_income",0,-0.228711996047461,1
1,1.75,0.01,43,"ASC2_child",0.2,-0.0553908889256815,1
1,1.75,0.01,43,"ASC3_male",0.5,0.456220953024464,1
1,1.75,0.01,43,"ASC3_age",0,-0.128291752158126,1
1,1.75,0.01,43,"ASC3_income",1,0.19510377056008,1
1,1.75,0.01,43,"ASC3_child",-0.3,0.466828179626413,1
1,1.75,0.01,43,"prot25_male",0,0.158742223128686,1
1,1.75,0.01,43,"prot25_age",-0.9,-0.596091697134756,1
1,1.75,0.01,43,"prot25_income",0,0.209209531833239,1
1,1.75,0.01,43,"prot25_child",0,-0.444783004378783,1
1,1.75,0.01,43,"prot50_male",0,-0.295618290860132,1
1,1.75,0.01,43,"prot50_age",0,0.0818801758733864,1
1,1.75,0.01,43,"prot50_income",-1.2,-0.994155314910059,1
1,1.75,0.01,43,"prot50_child",0.6,0.0314691948366897,1
1,1.75,0.01,43,"invasive_male",0.7,-0.0440008988100525,1
1,1.75,0.01,43,"invasive_age",0,-0.0594035427390917,1
1,1.75,0.01,43,"invasive_income",-0.6,-0.902619541203358,1
1,1.75,0.01,43,"invasive_child",0,-0.0537097277463508,1
1,1.75,0.01,44,"ASC2_male",0,-0.258438104054589,1
1,1.75,0.01,44,"ASC2_age",-0.5,-0.396562987270598,1
1,1.75,0.01,44,"ASC2_income",-1,-0.242452997617597,1
1,1.75,0.01,44,"ASC2_child",-0.8,-0.172197991455385,1
1,1.75,0.01,44,"ASC3_male",-1.1,-0.985992178587618,1
1,1.75,0.01,44,"ASC3_age",0,0.0264031954977173,1
1,1.75,0.01,44,"ASC3_income",0,-0.00354407919689976,0
1,1.75,0.01,44,"ASC3_child",0,0.422383952015214,1
1,1.75,0.01,44,"prot25_male",-1.1,-0.318908580623532,1
1,1.75,0.01,44,"prot25_age",-0.3,-0.225938751792919,1
1,1.75,0.01,44,"prot25_income",0,-0.127762817743096,1
1,1.75,0.01,44,"prot25_child",-0.6,-0.450952349886127,1
1,1.75,0.01,44,"prot50_male",0,0.376073268604037,1
1,1.75,0.01,44,"prot50_age",0,0.135714369579824,1
1,1.75,0.01,44,"prot50_income",-0.8,-0.496074323626888,1
1,1.75,0.01,44,"prot50_child",0,0.343144593982266,1
1,1.75,0.01,44,"invasive_male",-0.3,-0.446838358015636,1
1,1.75,0.01,44,"invasive_age",0,0.23594843796085,1
1,1.75,0.01,44,"invasive_income",0,0.0105055155963964,1
1,1.75,0.01,44,"invasive_child",-0.4,0.869272563931631,1
1,1.75,0.01,45,"ASC2_male",0,0.0554130270079408,1
1,1.75,0.01,45,"ASC2_age",0.7,0.796704564169829,1
1,1.75,0.01,45,"ASC2_income",1.1,0.627882799999536,1
1,1.75,0.01,45,"ASC2_child",0.3,0.309346290384507,1
1,1.75,0.01,45,"ASC3_male",0,-0.344928826439375,1
1,1.75,0.01,45,"ASC3_age",0.4,0.857323690614412,1
1,1.75,0.01,45,"ASC3_income",-0.1,-0.00944371725799073,0
1,1.75,0.01,45,"ASC3_child",0,0.425920611028836,1
1,1.75,0.01,45,"prot25_male",0,0.587772569565615,1
1,1.75,0.01,45,"prot25_age",0,-0.503197332930675,1
1,1.75,0.01,45,"prot25_income",0,0.0314614724648278,1
1,1.75,0.01,45,"prot25_child",1.1,0.203192660332665,1
1,1.75,0.01,45,"prot50_male",0,0.350315548104739,1
1,1.75,0.01,45,"prot50_age",-0.4,-0.370557539074049,1
1,1.75,0.01,45,"prot50_income",0,-0.0417800869384255,1
1,1.75,0.01,45,"prot50_child",0.4,0.268626238116411,1
1,1.75,0.01,45,"invasive_male",-0.3,-0.477171083953091,1
1,1.75,0.01,45,"invasive_age",-0.2,0.367136312907819,1
1,1.75,0.01,45,"invasive_income",0,0.201974778669803,1
1,1.75,0.01,45,"invasive_child",0,0.527538234870568,1
1,1.75,0.01,46,"ASC2_male",0.4,-0.643805397393951,1
1,1.75,0.01,46,"ASC2_age",0,0.31753277040094,1
1,1.75,0.01,46,"ASC2_income",0,-0.179229552065473,1
1,1.75,0.01,46,"ASC2_child",-0.5,-0.200828574606298,1
1,1.75,0.01,46,"ASC3_male",-0.9,-1.73291837537567,1
1,1.75,0.01,46,"ASC3_age",0,-0.0877940090645129,1
1,1.75,0.01,46,"ASC3_income",-1,-0.983027535720692,1
1,1.75,0.01,46,"ASC3_child",0.7,0.420478540407623,1
1,1.75,0.01,46,"prot25_male",0,1.48206464125429,1
1,1.75,0.01,46,"prot25_age",-0.9,-0.94668702413904,1
1,1.75,0.01,46,"prot25_income",0,0.091913390607685,1
1,1.75,0.01,46,"prot25_child",0,-0.201163909572386,1
1,1.75,0.01,46,"prot50_male",0,1.42382641106747,1
1,1.75,0.01,46,"prot50_age",0.3,0.520441600801261,1
1,1.75,0.01,46,"prot50_income",1,0.827823982951317,1
1,1.75,0.01,46,"prot50_child",0,-0.288328381767396,1
1,1.75,0.01,46,"invasive_male",0.3,0.31576397658112,1
1,1.75,0.01,46,"invasive_age",0,0.262328879207726,1
1,1.75,0.01,46,"invasive_income",0.2,0.175002065661438,1
1,1.75,0.01,46,"invasive_child",0,-0.352351282797779,1
1,1.75,0.01,47,"ASC2_male",0,0.346929816524551,1
1,1.75,0.01,47,"ASC2_age",0,-0.128514117239896,1
1,1.75,0.01,47,"ASC2_income",0.8,0.166569348777085,1
1,1.75,0.01,47,"ASC2_child",-1.2,-0.987629593351496,1
1,1.75,0.01,47,"ASC3_male",0.2,0.287074209821181,1
1,1.75,0.01,47,"ASC3_age",0,-0.167365620781947,1
1,1.75,0.01,47,"ASC3_income",0,-0.531661222998496,1
1,1.75,0.01,47,"ASC3_child",0,0.332039341955209,1
1,1.75,0.01,47,"prot25_male",0,0.262860366556377,1
1,1.75,0.01,47,"prot25_age",0.5,0.201730202002272,1
1,1.75,0.01,47,"prot25_income",0.4,0.633708067037571,1
1,1.75,0.01,47,"prot25_child",0.9,0.248730500509921,1
1,1.75,0.01,47,"prot50_male",0,0.482728545378438,1
1,1.75,0.01,47,"prot50_age",-0.3,-0.395213356776674,1
1,1.75,0.01,47,"prot50_income",-0.7,-0.105399928195644,1
1,1.75,0.01,47,"prot50_child",-1.1,-1.28949821545688,1
1,1.75,0.01,47,"invasive_male",0,0.510501588172578,1
1,1.75,0.01,47,"invasive_age",0.5,0.074122786207143,1
1,1.75,0.01,47,"invasive_income",0,-0.455662859302877,1
1,1.75,0.01,47,"invasive_child",0,-0.527071779322302,1
1,1.75,0.01,48,"ASC2_male",1.1,0.826057021291833,1
1,1.75,0.01,48,"ASC2_age",0,-0.102862647167313,1
1,1.75,0.01,48,"ASC2_income",0,-0.218671072219444,1
1,1.75,0.01,48,"ASC2_child",-0.3,-0.423370056738482,1
1,1.75,0.01,48,"ASC3_male",0,-0.119945351993959,1
1,1.75,0.01,48,"ASC3_age",0,-0.0595407684036149,1
1,1.75,0.01,48,"ASC3_income",0.8,0.622640877774925,1
1,1.75,0.01,48,"ASC3_child",0,-0.721157973819078,1
1,1.75,0.01,48,"prot25_male",-0.6,-0.374837753476998,1
1,1.75,0.01,48,"prot25_age",0,0.0510333333681073,1
1,1.75,0.01,48,"prot25_income",-0.2,-0.526826565536033,1
1,1.75,0.01,48,"prot25_child",0,-0.964802770345326,1
1,1.75,0.01,48,"prot50_male",0,0.338560800270608,1
1,1.75,0.01,48,"prot50_age",-0.4,0.181559356686502,1
1,1.75,0.01,48,"prot50_income",0,-0.0204479204188531,1
1,1.75,0.01,48,"prot50_child",0,-0.265964651138422,1
1,1.75,0.01,48,"invasive_male",0.7,0.766391019517386,1
1,1.75,0.01,48,"invasive_age",-0.6,-0.222911631700861,1
1,1.75,0.01,48,"invasive_income",-0.3,0.203883603315786,1
1,1.75,0.01,48,"invasive_child",-0.7,-1.28426513464765,1
1,1.75,0.01,49,"ASC2_male",0.7,0.593742326596634,1
1,1.75,0.01,49,"ASC2_age",0,0.38507336043349,1
1,1.75,0.01,49,"ASC2_income",-0.8,-0.833089300263984,1
1,1.75,0.01,49,"ASC2_child",-0.9,-1.1591411677602,1
1,1.75,0.01,49,"ASC3_male",0,0.358890053682589,1
1,1.75,0.01,49,"ASC3_age",0,0.288829550178646,1
1,1.75,0.01,49,"ASC3_income",-0.5,-0.613629705338295,1
1,1.75,0.01,49,"ASC3_child",0,-0.0288652074264762,1
1,1.75,0.01,49,"prot25_male",0.8,0.746483437607464,1
1,1.75,0.01,49,"prot25_age",0,0.00688331961457949,0
1,1.75,0.01,49,"prot25_income",0,0.107439847423038,1
1,1.75,0.01,49,"prot25_child",0.5,1.04400901340139,1
1,1.75,0.01,49,"prot50_male",-0.1,0.168858951176727,1
1,1.75,0.01,49,"prot50_age",0.8,0.336624546057408,1
1,1.75,0.01,49,"prot50_income",0,-0.0162844922150473,1
1,1.75,0.01,49,"prot50_child",0,-0.0979307474650895,1
1,1.75,0.01,49,"invasive_male",-0.9,-1.07895742319783,1
1,1.75,0.01,49,"invasive_age",0,0.0762353295990754,1
1,1.75,0.01,49,"invasive_income",0,-0.195316724364242,1
1,1.75,0.01,49,"invasive_child",0.3,0.308101965192401,1
1,1.75,0.01,50,"ASC2_male",0,-0.960901072385017,1
1,1.75,0.01,50,"ASC2_age",0.8,0.536853960802041,1
1,1.75,0.01,50,"ASC2_income",0,-0.435292318054255,1
1,1.75,0.01,50,"ASC2_child",0,-0.876452519171578,1
1,1.75,0.01,50,"ASC3_male",-0.5,-1.12175078167709,1
1,1.75,0.01,50,"ASC3_age",-0.4,-0.369664640522301,1
1,1.75,0.01,50,"ASC3_income",1.1,0.281930096839913,1
1,1.75,0.01,50,"ASC3_child",0.5,-0.723221775293458,1
1,1.75,0.01,50,"prot25_male",1.1,1.44309289669887,1
1,1.75,0.01,50,"prot25_age",0.8,0.504774310942132,1
1,1.75,0.01,50,"prot25_income",0,-0.0922422289026288,1
1,1.75,0.01,50,"prot25_child",0,1.38295365149324,1
1,1.75,0.01,50,"prot50_male",-0.6,0.860950689269429,1
1,1.75,0.01,50,"prot50_age",0,-0.115432298765206,1
1,1.75,0.01,50,"prot50_income",-0.3,0.20123512921477,1
1,1.75,0.01,50,"prot50_child",0,1.33782486965031,1
1,1.75,0.01,50,"invasive_male",0,0.460246326596314,1
1,1.75,0.01,50,"invasive_age",0,-0.139431994097307,1
1,1.75,0.01,50,"invasive_income",0.6,0.309536274093175,1
1,1.75,0.01,50,"invasive_child",0,0.417133701924477,1
1,1.75,0.01,51,"ASC2_male",-0.3,0.0124431026416268,1
1,1.75,0.01,51,"ASC2_age",-0.5,-0.353997110607788,1
1,1.75,0.01,51,"ASC2_income",0,-0.360840190507741,1
1,1.75,0.01,51,"ASC2_child",-0.7,-0.665460437837986,1
1,1.75,0.01,51,"ASC3_male",0,0.0316526694865897,1
1,1.75,0.01,51,"ASC3_age",0.5,0.631518802085252,1
1,1.75,0.01,51,"ASC3_income",0,-0.188100993572681,1
1,1.75,0.01,51,"ASC3_child",0,0.209483134220354,1
1,1.75,0.01,51,"prot25_male",-1.1,-1.09471446137529,1
1,1.75,0.01,51,"prot25_age",0.3,-0.012273755155553,1
1,1.75,0.01,51,"prot25_income",0.2,0.312011991380978,1
1,1.75,0.01,51,"prot25_child",0,0.277859320045915,1
1,1.75,0.01,51,"prot50_male",0,0.398525194342112,1
1,1.75,0.01,51,"prot50_age",0,-0.419425599648912,1
1,1.75,0.01,51,"prot50_income",0,0.259215488161443,1
1,1.75,0.01,51,"prot50_child",1.2,0.56866442598351,1
1,1.75,0.01,51,"invasive_male",-0.1,-0.123909035997051,1
1,1.75,0.01,51,"invasive_age",0,-0.047111606452719,1
1,1.75,0.01,51,"invasive_income",0,0.123976905606261,1
1,1.75,0.01,51,"invasive_child",0.3,-0.182355569604145,1
1,1.75,0.01,52,"ASC2_male",-0.5,-1.45903338197038,1
1,1.75,0.01,52,"ASC2_age",-0.5,0.196908209212564,1
1,1.75,0.01,52,"ASC2_income",1.1,0.76344340840774,1
1,1.75,0.01,52,"ASC2_child",-0.5,0.829763126030309,1
1,1.75,0.01,52,"ASC3_male",0.3,-0.409689490389833,1
1,1.75,0.01,52,"ASC3_age",0,0.25347576610364,1
1,1.75,0.01,52,"ASC3_income",0,-0.192646560583817,1
1,1.75,0.01,52,"ASC3_child",0,0.642452909640592,1
1,1.75,0.01,52,"prot25_male",-0.3,0.838799757663388,1
1,1.75,0.01,52,"prot25_age",1,0.294519555037123,1
1,1.75,0.01,52,"prot25_income",0,0.444770589715884,1
1,1.75,0.01,52,"prot25_child",-1.2,-0.658259218389121,1
1,1.75,0.01,52,"prot50_male",0,0.506170716365585,1
1,1.75,0.01,52,"prot50_age",0,-0.287750780868213,1
1,1.75,0.01,52,"prot50_income",0,0.131919722381776,1
1,1.75,0.01,52,"prot50_child",0.3,-0.284554416801326,1
1,1.75,0.01,52,"invasive_male",0.1,-0.410387892645367,1
1,1.75,0.01,52,"invasive_age",0,0.466066950168635,1
1,1.75,0.01,52,"invasive_income",0,0.0379718901394934,1
1,1.75,0.01,52,"invasive_child",0,0.947170971233044,1
1,1.75,0.01,53,"ASC2_male",-0.4,0.0678782826731722,1
1,1.75,0.01,53,"ASC2_age",0,0.191023278245609,1
1,1.75,0.01,53,"ASC2_income",-0.7,-0.383583531329087,1
1,1.75,0.01,53,"ASC2_child",0,-0.165504820873203,1
1,1.75,0.01,53,"ASC3_male",0.3,0.693616881706263,1
1,1.75,0.01,53,"ASC3_age",0.6,0.417540874169378,1
1,1.75,0.01,53,"ASC3_income",0,-0.0258115145730738,1
1,1.75,0.01,53,"ASC3_child",0,-0.0253188371806763,1
1,1.75,0.01,53,"prot25_male",0,-0.337540682608505,1
1,1.75,0.01,53,"prot25_age",0.4,0.100367787862276,1
1,1.75,0.01,53,"prot25_income",0,-0.0989305788314738,1
1,1.75,0.01,53,"prot25_child",0,0.340446132630104,1
1,1.75,0.01,53,"prot50_male",-0.6,-0.391508623782289,1
1,1.75,0.01,53,"prot50_age",0.9,0.0225754052008936,1
1,1.75,0.01,53,"prot50_income",0,0.276924317245959,1
1,1.75,0.01,53,"prot50_child",-1.1,-1.02078422331358,1
1,1.75,0.01,53,"invasive_male",-0.5,-0.151414916003427,1
1,1.75,0.01,53,"invasive_age",0,-0.0142255428491855,1
1,1.75,0.01,53,"invasive_income",0,0.46482085418527,1
1,1.75,0.01,53,"invasive_child",-0.6,-0.637801989468749,1
1,1.75,0.01,54,"ASC2_male",0,-0.73612980433033,1
1,1.75,0.01,54,"ASC2_age",-0.5,-0.335124591864956,1
1,1.75,0.01,54,"ASC2_income",-0.7,-0.294658046964559,1
1,1.75,0.01,54,"ASC2_child",0,0.321303265665672,1
1,1.75,0.01,54,"ASC3_male",1.1,0.111494173187643,1
1,1.75,0.01,54,"ASC3_age",0,0.0733693919314936,1
1,1.75,0.01,54,"ASC3_income",0,0.0559395698691441,1
1,1.75,0.01,54,"ASC3_child",-0.5,0.118812434623232,1
1,1.75,0.01,54,"prot25_male",0,1.15426267816313,1
1,1.75,0.01,54,"prot25_age",0.3,-0.023053823886667,1
1,1.75,0.01,54,"prot25_income",0,0.163509088002636,1
1,1.75,0.01,54,"prot25_child",0,-0.276572724776887,1
1,1.75,0.01,54,"prot50_male",0,0.63795354801046,1
1,1.75,0.01,54,"prot50_age",0.2,-0.0833447995231509,1
1,1.75,0.01,54,"prot50_income",0.5,0.258159012013318,1
1,1.75,0.01,54,"prot50_child",-0.7,-0.618908331200839,1
1,1.75,0.01,54,"invasive_male",0,-0.0405188121825382,1
1,1.75,0.01,54,"invasive_age",0.1,-0.227082499195782,1
1,1.75,0.01,54,"invasive_income",-1.2,-0.619784822027287,1
1,1.75,0.01,54,"invasive_child",0,0.00102778116502208,0
1,1.75,0.01,55,"ASC2_male",0,1.18761369934932,1
1,1.75,0.01,55,"ASC2_age",0,-0.361132897730786,1
1,1.75,0.01,55,"ASC2_income",0,-0.0876757139831541,1
1,1.75,0.01,55,"ASC2_child",0,-0.838969388037173,1
1,1.75,0.01,55,"ASC3_male",0.5,0.997765985859937,1
1,1.75,0.01,55,"ASC3_age",0,-0.344020955423108,1
1,1.75,0.01,55,"ASC3_income",0,-0.0314115309780761,1
1,1.75,0.01,55,"ASC3_child",0,-0.583323305942364,1
1,1.75,0.01,55,"prot25_male",0.2,-0.07047245028621,1
1,1.75,0.01,55,"prot25_age",0.7,0.856343221871661,1
1,1.75,0.01,55,"prot25_income",-0.7,-0.818796029800252,1
1,1.75,0.01,55,"prot25_child",0,0.575816300049758,1
1,1.75,0.01,55,"prot50_male",-0.5,-0.63852562169533,1
1,1.75,0.01,55,"prot50_age",0.5,0.716431281763353,1
1,1.75,0.01,55,"prot50_income",-1,-0.781552819485466,1
1,1.75,0.01,55,"prot50_child",0,0.679583369611089,1
1,1.75,0.01,55,"invasive_male",0.8,1.09906039927259,1
1,1.75,0.01,55,"invasive_age",0,0.0840853493897792,1
1,1.75,0.01,55,"invasive_income",-0.9,-0.820757498539411,1
1,1.75,0.01,55,"invasive_child",-1.2,-0.417459388557871,1
1,1.75,0.01,56,"ASC2_male",0,0.28226818535268,1
1,1.75,0.01,56,"ASC2_age",-0.7,-0.748341918891118,1
1,1.75,0.01,56,"ASC2_income",0,0.0579490775748805,1
1,1.75,0.01,56,"ASC2_child",0,-0.284292885980456,1
1,1.75,0.01,56,"ASC3_male",0,0.365528826071169,1
1,1.75,0.01,56,"ASC3_age",-0.4,-0.816654872691534,1
1,1.75,0.01,56,"ASC3_income",0,-0.108017384494816,1
1,1.75,0.01,56,"ASC3_child",0,-0.0354943618047181,1
1,1.75,0.01,56,"prot25_male",0,-0.566444271823024,1
1,1.75,0.01,56,"prot25_age",0,0.438256198378012,1
1,1.75,0.01,56,"prot25_income",-0.2,-0.0567663845004047,1
1,1.75,0.01,56,"prot25_child",-1,-0.54320198036075,1
1,1.75,0.01,56,"prot50_male",0.7,-0.292954581709794,1
1,1.75,0.01,56,"prot50_age",0.5,0.618033845102293,1
1,1.75,0.01,56,"prot50_income",-0.6,-0.794708490773006,1
1,1.75,0.01,56,"prot50_child",0.7,0.108560055847908,1
1,1.75,0.01,56,"invasive_male",0,-0.413753222626117,1
1,1.75,0.01,56,"invasive_age",-1.1,-0.813711447491306,1
1,1.75,0.01,56,"invasive_income",0.3,-0.197582348391824,1
1,1.75,0.01,56,"invasive_child",0,-0.655530213619967,1
1,1.75,0.01,57,"ASC2_male",1.2,0.288244345086282,1
1,1.75,0.01,57,"ASC2_age",1,0.804672940718565,1
1,1.75,0.01,57,"ASC2_income",0,-0.587798797126666,1
1,1.75,0.01,57,"ASC2_child",0,0.228753289100534,1
1,1.75,0.01,57,"ASC3_male",-0.2,-0.076385831879493,1
1,1.75,0.01,57,"ASC3_age",0,0.288039364934168,1
1,1.75,0.01,57,"ASC3_income",0,-0.58785420618328,1
1,1.75,0.01,57,"ASC3_child",0,-0.15717435933698,1
1,1.75,0.01,57,"prot25_male",-1,-0.819120404648006,1
1,1.75,0.01,57,"prot25_age",0,-0.203531525607445,1
1,1.75,0.01,57,"prot25_income",-0.1,0.131727798272346,1
1,1.75,0.01,57,"prot25_child",0,0.19055909743574,1
1,1.75,0.01,57,"prot50_male",-0.4,-0.598480520235596,1
1,1.75,0.01,57,"prot50_age",-0.6,-0.537913758412336,1
1,1.75,0.01,57,"prot50_income",0.5,0.218985530288289,1
1,1.75,0.01,57,"prot50_child",0.6,0.0839312205831839,1
1,1.75,0.01,57,"invasive_male",0.7,0.273237462936838,1
1,1.75,0.01,57,"invasive_age",0,0.240274976306011,1
1,1.75,0.01,57,"invasive_income",0,-0.372659779099482,1
1,1.75,0.01,57,"invasive_child",0,0.0252313132904484,1
1,1.75,0.01,58,"ASC2_male",0.3,-0.106244447463791,1
1,1.75,0.01,58,"ASC2_age",0.2,0.183985182680464,1
1,1.75,0.01,58,"ASC2_income",0,0.423918959804651,1
1,1.75,0.01,58,"ASC2_child",0,0.165639533829469,1
1,1.75,0.01,58,"ASC3_male",0,-0.479325049215334,1
1,1.75,0.01,58,"ASC3_age",0,0.374337366168071,1
1,1.75,0.01,58,"ASC3_income",0,0.359730335150244,1
1,1.75,0.01,58,"ASC3_child",0.1,0.516230701130248,1
1,1.75,0.01,58,"prot25_male",0,-0.185940081278535,1
1,1.75,0.01,58,"prot25_age",0,-0.0751882303949216,1
1,1.75,0.01,58,"prot25_income",0,-0.220782073204474,1
1,1.75,0.01,58,"prot25_child",1,-0.393368493261995,1
1,1.75,0.01,58,"prot50_male",0,-0.264276233577919,1
1,1.75,0.01,58,"prot50_age",0.5,0.434307067280521,1
1,1.75,0.01,58,"prot50_income",0,-0.116893747763123,1
1,1.75,0.01,58,"prot50_child",0.8,-0.193106352909364,1
1,1.75,0.01,58,"invasive_male",0.5,-0.240993041186106,1
1,1.75,0.01,58,"invasive_age",1,0.812348502800183,1
1,1.75,0.01,58,"invasive_income",0.6,0.688411161004729,1
1,1.75,0.01,58,"invasive_child",0.7,0.169668679650254,1
1,1.75,0.01,59,"ASC2_male",0,0.0196349784410622,1
1,1.75,0.01,59,"ASC2_age",0.5,-0.0781126012890145,1
1,1.75,0.01,59,"ASC2_income",0,0.19796317037647,1
1,1.75,0.01,59,"ASC2_child",0,0.0489024653569342,1
1,1.75,0.01,59,"ASC3_male",0.6,0.56475486631822,1
1,1.75,0.01,59,"ASC3_age",-1.1,-1.28156053572461,1
1,1.75,0.01,59,"ASC3_income",0,0.196889821281217,1
1,1.75,0.01,59,"ASC3_child",0,-0.12826109249602,1
1,1.75,0.01,59,"prot25_male",-0.7,-0.786305648603153,1
1,1.75,0.01,59,"prot25_age",0,0.152559220154874,1
1,1.75,0.01,59,"prot25_income",-0.2,-0.168937391789831,1
1,1.75,0.01,59,"prot25_child",0,-0.361780768590711,1
1,1.75,0.01,59,"prot50_male",0.4,0.0938772886526224,1
1,1.75,0.01,59,"prot50_age",-0.9,-0.147743855367661,1
1,1.75,0.01,59,"prot50_income",0,0.0221324095482863,1
1,1.75,0.01,59,"prot50_child",0,0.00284069364990138,0
1,1.75,0.01,59,"invasive_male",1,0.688929166823925,1
1,1.75,0.01,59,"invasive_age",-0.8,-1.07624267124657,1
1,1.75,0.01,59,"invasive_income",-0.4,-0.37158312574278,1
1,1.75,0.01,59,"invasive_child",0,0.0654077147121372,1
1,1.75,0.01,60,"ASC2_male",-1.2,-0.365055405721785,1
1,1.75,0.01,60,"ASC2_age",0,-0.0586431122360903,1
1,1.75,0.01,60,"ASC2_income",0.6,0.160413526711405,1
1,1.75,0.01,60,"ASC2_child",-0.4,-0.105044410356068,1
1,1.75,0.01,60,"ASC3_male",0,0.174310492148337,1
1,1.75,0.01,60,"ASC3_age",0,-0.282018071279619,1
1,1.75,0.01,60,"ASC3_income",0,-0.472895891042576,1
1,1.75,0.01,60,"ASC3_child",0,0.234577160624941,1
1,1.75,0.01,60,"prot25_male",0,-0.520789056820855,1
1,1.75,0.01,60,"prot25_age",-0.4,-0.045571169594,1
1,1.75,0.01,60,"prot25_income",0,0.241813983712616,1
1,1.75,0.01,60,"prot25_child",0,-0.544639249461312,1
1,1.75,0.01,60,"prot50_male",-1.1,-1.42347134049257,1
1,1.75,0.01,60,"prot50_age",0,0.734417754285089,1
1,1.75,0.01,60,"prot50_income",0.4,0.409454573983138,1
1,1.75,0.01,60,"prot50_child",0,-0.725552831345016,1
1,1.75,0.01,60,"invasive_male",0.3,0.231334881950192,1
1,1.75,0.01,60,"invasive_age",-0.5,-0.228398578582747,1
1,1.75,0.01,60,"invasive_income",-0.7,-0.417799363262117,1
1,1.75,0.01,60,"invasive_child",1,0.389744059890765,1
1,1.75,0.01,61,"ASC2_male",0.8,-0.0952388785323654,1
1,1.75,0.01,61,"ASC2_age",-0.9,-0.838639951522296,1
1,1.75,0.01,61,"ASC2_income",-0.3,-0.207451642014201,1
1,1.75,0.01,61,"ASC2_child",0,-0.116499733004056,1
1,1.75,0.01,61,"ASC3_male",0,-0.391734834305884,1
1,1.75,0.01,61,"ASC3_age",0,-0.45358669121472,1
1,1.75,0.01,61,"ASC3_income",0,-0.199113283717018,1
1,1.75,0.01,61,"ASC3_child",0,-0.0643785400269861,1
1,1.75,0.01,61,"prot25_male",0,0.0239246682774006,1
1,1.75,0.01,61,"prot25_age",-1,-0.0860291137112499,1
1,1.75,0.01,61,"prot25_income",0,-0.0298522317157938,1
1,1.75,0.01,61,"prot25_child",0,0.385343917672054,1
1,1.75,0.01,61,"prot50_male",-0.8,0.0322242445623977,1
1,1.75,0.01,61,"prot50_age",0.2,0.264608829980743,1
1,1.75,0.01,61,"prot50_income",0,-0.0283780620592513,1
1,1.75,0.01,61,"prot50_child",0.3,0.339552473242405,1
1,1.75,0.01,61,"invasive_male",0,0.130315366788541,1
1,1.75,0.01,61,"invasive_age",1,0.590783495018288,1
1,1.75,0.01,61,"invasive_income",0.2,-0.136706117938942,1
1,1.75,0.01,61,"invasive_child",0.9,0.328167193721906,1
1,1.75,0.01,62,"ASC2_male",0,-1.75177987425473,1
1,1.75,0.01,62,"ASC2_age",0,0.0569982486822516,1
1,1.75,0.01,62,"ASC2_income",0.1,-0.322915749356966,1
1,1.75,0.01,62,"ASC2_child",0,0.031876436752976,1
1,1.75,0.01,62,"ASC3_male",0,-1.6909143853234,1
1,1.75,0.01,62,"ASC3_age",0.6,0.377519288552182,1
1,1.75,0.01,62,"ASC3_income",0.6,0.147484164181357,1
1,1.75,0.01,62,"ASC3_child",0,-0.0120345218050022,1
1,1.75,0.01,62,"prot25_male",-0.5,0.70956375281903,1
1,1.75,0.01,62,"prot25_age",0,-0.158857766635573,1
1,1.75,0.01,62,"prot25_income",0,0.259155754451056,1
1,1.75,0.01,62,"prot25_child",-0.2,0.231125521736995,1
1,1.75,0.01,62,"prot50_male",-0.5,0.662371794706159,1
1,1.75,0.01,62,"prot50_age",0.3,-0.0348702068127665,1
1,1.75,0.01,62,"prot50_income",0,0.513919378683953,1
1,1.75,0.01,62,"prot50_child",1,1.27785924482417,1
1,1.75,0.01,62,"invasive_male",0.5,-0.561699189141745,1
1,1.75,0.01,62,"invasive_age",0,-0.174422990854567,1
1,1.75,0.01,62,"invasive_income",0,0.0669350646121015,1
1,1.75,0.01,62,"invasive_child",-0.9,-0.425826939693608,1
1,1.75,0.01,63,"ASC2_male",0,-0.304449195501908,1
1,1.75,0.01,63,"ASC2_age",0.6,0.452256019516461,1
1,1.75,0.01,63,"ASC2_income",-0.7,-0.779419722551789,1
1,1.75,0.01,63,"ASC2_child",0,-0.376686907055053,1
1,1.75,0.01,63,"ASC3_male",-0.5,-1.11923922503061,1
1,1.75,0.01,63,"ASC3_age",0,-0.13344354368661,1
1,1.75,0.01,63,"ASC3_income",0,0.0740993676198426,1
1,1.75,0.01,63,"ASC3_child",-0.1,-0.228181111464153,1
1,1.75,0.01,63,"prot25_male",0,0.357942222279501,1
1,1.75,0.01,63,"prot25_age",0,-0.025225357990256,1
1,1.75,0.01,63,"prot25_income",-0.4,-0.284113376369661,1
1,1.75,0.01,63,"prot25_child",-0.6,-0.140703201025331,1
1,1.75,0.01,63,"prot50_male",0,0.0744774278284536,1
1,1.75,0.01,63,"prot50_age",0,0.205062790447802,1
1,1.75,0.01,63,"prot50_income",-0.9,-0.854721264938815,1
1,1.75,0.01,63,"prot50_child",-0.7,-0.154519090894195,1
1,1.75,0.01,63,"invasive_male",0.8,0.296709666463632,1
1,1.75,0.01,63,"invasive_age",0,-0.137581865960162,1
1,1.75,0.01,63,"invasive_income",-0.8,-1.10393472590567,1
1,1.75,0.01,63,"invasive_child",0,-0.177898884454404,1
1,1.75,0.01,64,"ASC2_male",0.2,0.212193647581151,1
1,1.75,0.01,64,"ASC2_age",0,-0.250017510402333,1
1,1.75,0.01,64,"ASC2_income",-0.3,-0.227447159022652,1
1,1.75,0.01,64,"ASC2_child",0,0.0969498962623253,1
1,1.75,0.01,64,"ASC3_male",0,0.51191042998111,1
1,1.75,0.01,64,"ASC3_age",-1.2,-1.07278722584802,1
1,1.75,0.01,64,"ASC3_income",0.1,-0.030889842867692,1
1,1.75,0.01,64,"ASC3_child",0,0.390744383520946,1
1,1.75,0.01,64,"prot25_male",-0.8,-0.506313901243562,1
1,1.75,0.01,64,"prot25_age",0.1,-0.0760379106086044,1
1,1.75,0.01,64,"prot25_income",0.3,0.379566983070194,1
1,1.75,0.01,64,"prot25_child",-0.5,0.105761506860917,1
1,1.75,0.01,64,"prot50_male",0.2,0.533878088833305,1
1,1.75,0.01,64,"prot50_age",1.1,0.632979630651122,1
1,1.75,0.01,64,"prot50_income",0,0.0677734852775635,1
1,1.75,0.01,64,"prot50_child",0,0.244585555344073,1
1,1.75,0.01,64,"invasive_male",0,0.426570163485504,1
1,1.75,0.01,64,"invasive_age",0,-0.239424658568157,1
1,1.75,0.01,64,"invasive_income",0,0.104027002094463,1
1,1.75,0.01,64,"invasive_child",0,0.177128756335734,1
1,1.75,0.01,65,"ASC2_male",0,-0.132140122049783,1
1,1.75,0.01,65,"ASC2_age",0.8,0.286258520116615,1
1,1.75,0.01,65,"ASC2_income",0.2,1.00160574568162,1
1,1.75,0.01,65,"ASC2_child",0,1.13779192648321,1
1,1.75,0.01,65,"ASC3_male",0,0.120959853078982,1
1,1.75,0.01,65,"ASC3_age",0,-0.473053813509037,1
1,1.75,0.01,65,"ASC3_income",0.7,1.45515108149345,1
1,1.75,0.01,65,"ASC3_child",0.5,0.946288868456706,1
1,1.75,0.01,65,"prot25_male",0,0.0492124505464628,1
1,1.75,0.01,65,"prot25_age",0,0.0940028924919626,1
1,1.75,0.01,65,"prot25_income",0,-0.178890395890434,1
1,1.75,0.01,65,"prot25_child",1,0.211409533855577,1
1,1.75,0.01,65,"prot50_male",0.6,0.321687397179496,1
1,1.75,0.01,65,"prot50_age",0,0.145618763848885,1
1,1.75,0.01,65,"prot50_income",-0.2,-0.357498663109905,1
1,1.75,0.01,65,"prot50_child",0.5,-0.312623246130509,1
1,1.75,0.01,65,"invasive_male",0.3,0.589522159256766,1
1,1.75,0.01,65,"invasive_age",0,-0.226355619344684,1
1,1.75,0.01,65,"invasive_income",0.9,1.13507303281559,1
1,1.75,0.01,65,"invasive_child",0,1.28639389414336,1
1,1.75,0.01,66,"ASC2_male",0,0.80078620868654,1
1,1.75,0.01,66,"ASC2_age",-0.2,-0.0926327470263113,1
1,1.75,0.01,66,"ASC2_income",0.4,-0.0128988074794412,1
1,1.75,0.01,66,"ASC2_child",0,0.583699008190919,1
1,1.75,0.01,66,"ASC3_male",-0.9,0.238975992568344,1
1,1.75,0.01,66,"ASC3_age",1,0.520761994444323,1
1,1.75,0.01,66,"ASC3_income",0,-0.251558375447261,1
1,1.75,0.01,66,"ASC3_child",0,0.572299053580063,1
1,1.75,0.01,66,"prot25_male",-0.5,-0.671981993652035,1
1,1.75,0.01,66,"prot25_age",0,-0.146912931360843,1
1,1.75,0.01,66,"prot25_income",0,0.0377975938358219,1
1,1.75,0.01,66,"prot25_child",-1.1,-0.181617960265736,1
1,1.75,0.01,66,"prot50_male",1,-0.0943583088132279,1
1,1.75,0.01,66,"prot50_age",0,-0.115417141743253,1
1,1.75,0.01,66,"prot50_income",0.2,0.159082526141794,1
1,1.75,0.01,66,"prot50_child",0.7,0.0711763693173843,1
1,1.75,0.01,66,"invasive_male",0,0.458648650024721,1
1,1.75,0.01,66,"invasive_age",0,-0.204116476084706,1
1,1.75,0.01,66,"invasive_income",0,0.0231827402925061,1
1,1.75,0.01,66,"invasive_child",-1,-0.56026102429721,1
1,1.75,0.01,67,"ASC2_male",-0.6,-0.0912478803057635,1
1,1.75,0.01,67,"ASC2_age",-0.5,-0.0711177678074106,1
1,1.75,0.01,67,"ASC2_income",0,-0.517821399261859,1
1,1.75,0.01,67,"ASC2_child",0.9,0.638955279647105,1
1,1.75,0.01,67,"ASC3_male",0.8,0.602845852559052,1
1,1.75,0.01,67,"ASC3_age",-0.9,-0.334590761096476,1
1,1.75,0.01,67,"ASC3_income",1.1,0.161434718321571,1
1,1.75,0.01,67,"ASC3_child",0.1,-0.127853808221473,1
1,1.75,0.01,67,"prot25_male",0,-0.446156647328183,1
1,1.75,0.01,67,"prot25_age",-0.2,-0.259519231871761,1
1,1.75,0.01,67,"prot25_income",0,0.453318438463173,1
1,1.75,0.01,67,"prot25_child",0,0.520555215796695,1
1,1.75,0.01,67,"prot50_male",1,-0.0263507718557245,1
1,1.75,0.01,67,"prot50_age",0,-0.216998814660799,1
1,1.75,0.01,67,"prot50_income",0,0.146141626440981,1
1,1.75,0.01,67,"prot50_child",0.1,0.678019733333398,1
1,1.75,0.01,67,"invasive_male",0,-0.445235731232195,1
1,1.75,0.01,67,"invasive_age",0,-0.117219227320642,1
1,1.75,0.01,67,"invasive_income",0,-0.237803770279922,1
1,1.75,0.01,67,"invasive_child",0,0.455017471064336,1
1,1.75,0.01,68,"ASC2_male",0,0.0769190191590618,1
1,1.75,0.01,68,"ASC2_age",0.1,0.156675109679617,1
1,1.75,0.01,68,"ASC2_income",0,-0.0670040324113266,1
1,1.75,0.01,68,"ASC2_child",-0.8,-0.664437605436128,1
1,1.75,0.01,68,"ASC3_male",1.1,0.678033126248686,1
1,1.75,0.01,68,"ASC3_age",-0.5,-0.700449278499673,1
1,1.75,0.01,68,"ASC3_income",0,-0.16483043791714,1
1,1.75,0.01,68,"ASC3_child",-0.9,-0.9502528569424,1
1,1.75,0.01,68,"prot25_male",0.2,0.272451515564929,1
1,1.75,0.01,68,"prot25_age",0,-0.159686039552279,1
1,1.75,0.01,68,"prot25_income",0,-0.158323427952252,1
1,1.75,0.01,68,"prot25_child",-1.1,-0.876247618517544,1
1,1.75,0.01,68,"prot50_male",0,0.266220786072433,1
1,1.75,0.01,68,"prot50_age",0,0.175576571143131,1
1,1.75,0.01,68,"prot50_income",0,0.0249437635862629,1
1,1.75,0.01,68,"prot50_child",-0.8,-0.114030733468766,1
1,1.75,0.01,68,"invasive_male",0,0.0946066938508075,1
1,1.75,0.01,68,"invasive_age",-0.7,-0.24260354592779,1
1,1.75,0.01,68,"invasive_income",0,-0.00936886308061478,0
1,1.75,0.01,68,"invasive_child",1.1,0.270050461734428,1
1,1.75,0.01,69,"ASC2_male",1.1,1.14793868654223,1
1,1.75,0.01,69,"ASC2_age",0,-0.00659563223378516,0
1,1.75,0.01,69,"ASC2_income",0.4,0.222960985594502,1
1,1.75,0.01,69,"ASC2_child",1.2,0.567535459689446,1
1,1.75,0.01,69,"ASC3_male",-1,-0.681518060928202,1
1,1.75,0.01,69,"ASC3_age",0,0.105991105129064,1
1,1.75,0.01,69,"ASC3_income",-1.2,-0.561009615387784,1
1,1.75,0.01,69,"ASC3_child",0,-0.562755705265867,1
1,1.75,0.01,69,"prot25_male",0,0.377293820800227,1
1,1.75,0.01,69,"prot25_age",0,-0.020450542563943,1
1,1.75,0.01,69,"prot25_income",-0.4,0.0307961927402715,1
1,1.75,0.01,69,"prot25_child",-0.4,-0.249865241223328,1
1,1.75,0.01,69,"prot50_male",0,-0.329060991550646,1
1,1.75,0.01,69,"prot50_age",0,0.110999803705963,1
1,1.75,0.01,69,"prot50_income",0,-0.176296672820133,1
1,1.75,0.01,69,"prot50_child",0,-0.0894772726252459,1
1,1.75,0.01,69,"invasive_male",0,0.184418586329913,1
1,1.75,0.01,69,"invasive_age",-0.5,-0.234687858646495,1
1,1.75,0.01,69,"invasive_income",-0.2,-0.0233692376129607,1
1,1.75,0.01,69,"invasive_child",-0.2,-0.428753722751427,1
1,1.75,0.01,70,"ASC2_male",-0.8,-0.52384180448071,1
1,1.75,0.01,70,"ASC2_age",0,0.363326802069723,1
1,1.75,0.01,70,"ASC2_income",0.3,-0.112429496792341,1
1,1.75,0.01,70,"ASC2_child",0,-0.09363342169414,1
1,1.75,0.01,70,"ASC3_male",0.9,0.274315640870105,1
1,1.75,0.01,70,"ASC3_age",0,0.208707940516663,1
1,1.75,0.01,70,"ASC3_income",0,-0.334163630346391,1
1,1.75,0.01,70,"ASC3_child",0,0.478811925510684,1
1,1.75,0.01,70,"prot25_male",0,0.0938164940260152,1
1,1.75,0.01,70,"prot25_age",0,-0.367186605778002,1
1,1.75,0.01,70,"prot25_income",0.9,0.81655860856842,1
1,1.75,0.01,70,"prot25_child",0,-0.0928378480082007,1
1,1.75,0.01,70,"prot50_male",-0.1,-0.754944408474925,1
1,1.75,0.01,70,"prot50_age",-0.9,-0.865852401243876,1
1,1.75,0.01,70,"prot50_income",0.9,0.724225532850336,1
1,1.75,0.01,70,"prot50_child",1,0.8525208147895,1
1,1.75,0.01,70,"invasive_male",0,-0.614318572006027,1
1,1.75,0.01,70,"invasive_age",0.8,0.551449309675823,1
1,1.75,0.01,70,"invasive_income",0,0.030144379206306,1
1,1.75,0.01,70,"invasive_child",-0.6,0.224792883398239,1
1,1.75,0.01,71,"ASC2_male",0.5,0.332188508731565,1
1,1.75,0.01,71,"ASC2_age",1,0.530019105773124,1
1,1.75,0.01,71,"ASC2_income",0.8,0.705251106367476,1
1,1.75,0.01,71,"ASC2_child",0.7,0.208109655435924,1
1,1.75,0.01,71,"ASC3_male",0,0.0792770398045752,1
1,1.75,0.01,71,"ASC3_age",0,0.278635847059295,1
1,1.75,0.01,71,"ASC3_income",0,0.123003115383823,1
1,1.75,0.01,71,"ASC3_child",1.1,0.396119440732369,1
1,1.75,0.01,71,"prot25_male",0,0.309510791803018,1
1,1.75,0.01,71,"prot25_age",0,-0.124736156647456,1
1,1.75,0.01,71,"prot25_income",0,-0.256404108586144,1
1,1.75,0.01,71,"prot25_child",0,-0.0175197390681867,1
1,1.75,0.01,71,"prot50_male",0,-0.243826677561,1
1,1.75,0.01,71,"prot50_age",-0.6,-0.235448803818539,1
1,1.75,0.01,71,"prot50_income",-0.9,-0.736185000880042,1
1,1.75,0.01,71,"prot50_child",-0.7,-0.63568597631143,1
1,1.75,0.01,71,"invasive_male",0.8,0.223470611785867,1
1,1.75,0.01,71,"invasive_age",0,0.10163593053596,1
1,1.75,0.01,71,"invasive_income",1,0.235575532953789,1
1,1.75,0.01,71,"invasive_child",0,-0.420766961012766,1
1,1.75,0.01,72,"ASC2_male",-0.8,-0.302331263058498,1
1,1.75,0.01,72,"ASC2_age",0,-0.0219831408451694,1
1,1.75,0.01,72,"ASC2_income",0.3,0.394051116475329,1
1,1.75,0.01,72,"ASC2_child",0.2,-0.20764298445951,1
1,1.75,0.01,72,"ASC3_male",0,0.236202358384301,1
1,1.75,0.01,72,"ASC3_age",0,0.183611692298138,1
1,1.75,0.01,72,"ASC3_income",0,0.491091208688161,1
1,1.75,0.01,72,"ASC3_child",-0.9,-0.248135138787397,1
1,1.75,0.01,72,"prot25_male",0,0.0470084575159064,1
1,1.75,0.01,72,"prot25_age",0,0.00848125404998511,0
1,1.75,0.01,72,"prot25_income",0,0.0593430137221829,1
1,1.75,0.01,72,"prot25_child",-0.6,0.0747767136517202,1
1,1.75,0.01,72,"prot50_male",1,-0.231306944173216,1
1,1.75,0.01,72,"prot50_age",-0.6,-0.393818207639947,1
1,1.75,0.01,72,"prot50_income",0,0.366432494639845,1
1,1.75,0.01,72,"prot50_child",0.4,0.429479128873715,1
1,1.75,0.01,72,"invasive_male",-0.5,-0.640335252763443,1
1,1.75,0.01,72,"invasive_age",0,-0.0563142038664939,1
1,1.75,0.01,72,"invasive_income",0,0.482008471329093,1
1,1.75,0.01,72,"invasive_child",-0.1,-0.0684874007184449,1
1,1.75,0.01,73,"ASC2_male",0,0.478495287929838,1
1,1.75,0.01,73,"ASC2_age",0,-0.145159892729846,1
1,1.75,0.01,73,"ASC2_income",0.5,0.0931873321754163,1
1,1.75,0.01,73,"ASC2_child",-1,-0.263244561379202,1
1,1.75,0.01,73,"ASC3_male",0.8,0.375351443758077,1
1,1.75,0.01,73,"ASC3_age",0,0.011856599105446,1
1,1.75,0.01,73,"ASC3_income",-0.5,-0.239069449391174,1
1,1.75,0.01,73,"ASC3_child",-1.2,-0.484015254680024,1
1,1.75,0.01,73,"prot25_male",0,-0.31876028691146,1
1,1.75,0.01,73,"prot25_age",0,-0.00788209474649923,0
1,1.75,0.01,73,"prot25_income",0.4,0.573927245839619,1
1,1.75,0.01,73,"prot25_child",0,0.174156882770989,1
1,1.75,0.01,73,"prot50_male",-0.7,-0.109388906214743,1
1,1.75,0.01,73,"prot50_age",0.7,0.187758658056475,1
1,1.75,0.01,73,"prot50_income",1,0.667814519160346,1
1,1.75,0.01,73,"prot50_child",0,-0.432168330435678,1
1,1.75,0.01,73,"invasive_male",0,0.300696557218356,1
1,1.75,0.01,73,"invasive_age",0,-0.217166175048644,1
1,1.75,0.01,73,"invasive_income",0,-0.231283682694995,1
1,1.75,0.01,73,"invasive_child",0.8,0.32668469362597,1
1,1.75,0.01,74,"ASC2_male",0,-0.279770691297459,1
1,1.75,0.01,74,"ASC2_age",0,0.349310253270458,1
1,1.75,0.01,74,"ASC2_income",0,-0.38745758271462,1
1,1.75,0.01,74,"ASC2_child",-1,0.264238245836654,1
1,1.75,0.01,74,"ASC3_male",0.9,0.303658212149518,1
1,1.75,0.01,74,"ASC3_age",1.1,1.02728943427791,1
1,1.75,0.01,74,"ASC3_income",0,-0.161925584979814,1
1,1.75,0.01,74,"ASC3_child",0,0.566897795677111,1
1,1.75,0.01,74,"prot25_male",-0.6,0.100492724894278,1
1,1.75,0.01,74,"prot25_age",0.5,0.197567189019666,1
1,1.75,0.01,74,"prot25_income",-0.3,-0.200463307598722,1
1,1.75,0.01,74,"prot25_child",0,0.354530258294848,1
1,1.75,0.01,74,"prot50_male",-0.2,0.388778829407773,1
1,1.75,0.01,74,"prot50_age",0,-0.415632070536675,1
1,1.75,0.01,74,"prot50_income",0,-0.216721914373178,1
1,1.75,0.01,74,"prot50_child",0,-0.224409795503035,1
1,1.75,0.01,74,"invasive_male",0,0.289017027362586,1
1,1.75,0.01,74,"invasive_age",-1.1,-0.659760725145535,1
1,1.75,0.01,74,"invasive_income",0.4,0.219808401705022,1
1,1.75,0.01,74,"invasive_child",0.7,-0.0705278497965838,1
1,1.75,0.01,75,"ASC2_male",0,0.555669815800304,1
1,1.75,0.01,75,"ASC2_age",0.5,0.606533880284535,1
1,1.75,0.01,75,"ASC2_income",0,-0.424425988854175,1
1,1.75,0.01,75,"ASC2_child",0,-0.207114817294879,1
1,1.75,0.01,75,"ASC3_male",1,1.33074500723221,1
1,1.75,0.01,75,"ASC3_age",0,0.25239762020136,1
1,1.75,0.01,75,"ASC3_income",0,-0.749786558406547,1
1,1.75,0.01,75,"ASC3_child",-0.8,-0.727701297589351,1
1,1.75,0.01,75,"prot25_male",0.9,0.735683995805487,1
1,1.75,0.01,75,"prot25_age",1,0.631144267481669,1
1,1.75,0.01,75,"prot25_income",0,0.617842967024359,1
1,1.75,0.01,75,"prot25_child",-1,-0.855826951608974,1
1,1.75,0.01,75,"prot50_male",0,-0.237831860675533,1
1,1.75,0.01,75,"prot50_age",0,-0.559649452902637,1
1,1.75,0.01,75,"prot50_income",-0.9,-0.399150343311089,1
1,1.75,0.01,75,"prot50_child",-0.4,-0.464799296889512,1
1,1.75,0.01,75,"invasive_male",0.7,0.214186188172275,1
1,1.75,0.01,75,"invasive_age",0,0.0237667432460443,1
1,1.75,0.01,75,"invasive_income",-0.5,-0.574371360305726,1
1,1.75,0.01,75,"invasive_child",0,-0.200392910313757,1
1,1.75,0.01,76,"ASC2_male",-0.7,-0.212613898511991,1
1,1.75,0.01,76,"ASC2_age",0,0.350026940949303,1
1,1.75,0.01,76,"ASC2_income",0,-0.626575319086958,1
1,1.75,0.01,76,"ASC2_child",-1,-0.266875067264797,1
1,1.75,0.01,76,"ASC3_male",-0.4,-0.0423126160492228,1
1,1.75,0.01,76,"ASC3_age",0,0.377917810705955,1
1,1.75,0.01,76,"ASC3_income",-0.5,-0.703112174774429,1
1,1.75,0.01,76,"ASC3_child",-0.6,-0.264121899526418,1
1,1.75,0.01,76,"prot25_male",0,-0.216243230700535,1
1,1.75,0.01,76,"prot25_age",0,-0.617538602567273,1
1,1.75,0.01,76,"prot25_income",0,0.546163876693002,1
1,1.75,0.01,76,"prot25_child",-0.5,-0.746315060705024,1
1,1.75,0.01,76,"prot50_male",-0.1,-0.196382302201693,1
1,1.75,0.01,76,"prot50_age",0,-0.293466799539121,1
1,1.75,0.01,76,"prot50_income",0,0.383138193908555,1
1,1.75,0.01,76,"prot50_child",0,-0.45723837193871,1
1,1.75,0.01,76,"invasive_male",-0.4,-0.406735111370273,1
1,1.75,0.01,76,"invasive_age",0,0.339019037972234,1
1,1.75,0.01,76,"invasive_income",-0.2,-0.39435185984168,1
1,1.75,0.01,76,"invasive_child",0.1,-0.133966104291764,1
1,1.75,0.01,77,"ASC2_male",0.4,0.227490730567862,1
1,1.75,0.01,77,"ASC2_age",-0.4,0.0801038589292668,1
1,1.75,0.01,77,"ASC2_income",0,0.179468941624126,1
1,1.75,0.01,77,"ASC2_child",-1.1,-0.820125858364531,1
1,1.75,0.01,77,"ASC3_male",0,-0.0772423691312752,1
1,1.75,0.01,77,"ASC3_age",0,0.259152868797847,1
1,1.75,0.01,77,"ASC3_income",0,0.122314934761624,1
1,1.75,0.01,77,"ASC3_child",0,0.347964599973422,1
1,1.75,0.01,77,"prot25_male",0.8,0.280195839454188,1
1,1.75,0.01,77,"prot25_age",0.6,0.0627799202657197,1
1,1.75,0.01,77,"prot25_income",0,-0.0346155034044606,1
1,1.75,0.01,77,"prot25_child",0,-0.273781971684273,1
1,1.75,0.01,77,"prot50_male",0,-0.180854769134965,1
1,1.75,0.01,77,"prot50_age",-0.5,-0.488483995715145,1
1,1.75,0.01,77,"prot50_income",-1.1,-0.806925467274387,1
1,1.75,0.01,77,"prot50_child",0,0.0295010995090073,1
1,1.75,0.01,77,"invasive_male",0,-0.189039195005778,1
1,1.75,0.01,77,"invasive_age",1,0.405627794040968,1
1,1.75,0.01,77,"invasive_income",0.6,0.654403372292774,1
1,1.75,0.01,77,"invasive_child",-0.2,-0.634654585213774,1
1,1.75,0.01,78,"ASC2_male",0,-0.221826560614085,1
1,1.75,0.01,78,"ASC2_age",0,0.221883008813763,1
1,1.75,0.01,78,"ASC2_income",0,-0.838309041663361,1
1,1.75,0.01,78,"ASC2_child",0,-0.0710691716050285,1
1,1.75,0.01,78,"ASC3_male",0,-0.133042507801734,1
1,1.75,0.01,78,"ASC3_age",0,0.129642461484925,1
1,1.75,0.01,78,"ASC3_income",-0.4,-1.24681413413548,1
1,1.75,0.01,78,"ASC3_child",0,0.359418456033262,1
1,1.75,0.01,78,"prot25_male",-1.1,-0.0718110827910044,1
1,1.75,0.01,78,"prot25_age",0,-0.396120882135337,1
1,1.75,0.01,78,"prot25_income",-0.2,0.644187778729081,1
1,1.75,0.01,78,"prot25_child",0,-0.163672332116855,1
1,1.75,0.01,78,"prot50_male",0.6,0.240741323187084,1
1,1.75,0.01,78,"prot50_age",-0.4,-0.156624742683225,1
1,1.75,0.01,78,"prot50_income",-0.9,0.198390723995109,1
1,1.75,0.01,78,"prot50_child",0.6,0.201038116201739,1
1,1.75,0.01,78,"invasive_male",-0.6,-0.61762263500966,1
1,1.75,0.01,78,"invasive_age",0.9,0.680957905661563,1
1,1.75,0.01,78,"invasive_income",1.2,0.575863561757251,1
1,1.75,0.01,78,"invasive_child",0,0.283244736771189,1
1,1.75,0.01,79,"ASC2_male",0,-0.444413772289298,1
1,1.75,0.01,79,"ASC2_age",0,0.44194710671236,1
1,1.75,0.01,79,"ASC2_income",0,0.0529780042415813,1
1,1.75,0.01,79,"ASC2_child",0,-0.452718341137216,1
1,1.75,0.01,79,"ASC3_male",0,-0.182392014278625,1
1,1.75,0.01,79,"ASC3_age",0,0.220782931823214,1
1,1.75,0.01,79,"ASC3_income",0.2,0.0134221463585896,1
1,1.75,0.01,79,"ASC3_child",-0.3,-0.332331901798882,1
1,1.75,0.01,79,"prot25_male",0.2,-0.135067888507749,1
1,1.75,0.01,79,"prot25_age",0,0.00345313833632687,0
1,1.75,0.01,79,"prot25_income",0.9,0.403353500047194,1
1,1.75,0.01,79,"prot25_child",0.3,0.983189641002534,1
1,1.75,0.01,79,"prot50_male",1,0.818795976852724,1
1,1.75,0.01,79,"prot50_age",0,0.0908921904718629,1
1,1.75,0.01,79,"prot50_income",-0.7,-0.64430436793467,1
1,1.75,0.01,79,"prot50_child",0,0.587508212640403,1
1,1.75,0.01,79,"invasive_male",-0.6,-0.155937593594006,1
1,1.75,0.01,79,"invasive_age",-1.1,-0.667391320074197,1
1,1.75,0.01,79,"invasive_income",0,-0.0188321308980572,1
1,1.75,0.01,79,"invasive_child",-0.1,-0.00634025664311339,0
1,1.75,0.01,80,"ASC2_male",0.8,0.60263047008143,1
1,1.75,0.01,80,"ASC2_age",0,0.235069152001536,1
1,1.75,0.01,80,"ASC2_income",0.4,0.174676654247977,1
1,1.75,0.01,80,"ASC2_child",-1,0.328687561860102,1
1,1.75,0.01,80,"ASC3_male",0,0.262258824526611,1
1,1.75,0.01,80,"ASC3_age",1,0.599068084423492,1
1,1.75,0.01,80,"ASC3_income",0,0.0865803341772317,1
1,1.75,0.01,80,"ASC3_child",-1.1,-0.0889857381578518,1
1,1.75,0.01,80,"prot25_male",0.8,0.109971767864178,1
1,1.75,0.01,80,"prot25_age",0,0.0762468355327651,1
1,1.75,0.01,80,"prot25_income",0,-0.21934895958351,1
1,1.75,0.01,80,"prot25_child",0.3,-0.0275657685324246,1
1,1.75,0.01,80,"prot50_male",0,-0.387249603313878,1
1,1.75,0.01,80,"prot50_age",1,0.606921627867479,1
1,1.75,0.01,80,"prot50_income",0,-0.0941273159746475,1
1,1.75,0.01,80,"prot50_child",0,-0.356409118734188,1
1,1.75,0.01,80,"invasive_male",0,0.407689101321858,1
1,1.75,0.01,80,"invasive_age",1,0.297721444504869,1
1,1.75,0.01,80,"invasive_income",0,-0.00951250935119344,0
1,1.75,0.01,80,"invasive_child",1.1,0.589271623353281,1
1,1.75,0.01,81,"ASC2_male",1,0.410744695447629,1
1,1.75,0.01,81,"ASC2_age",0,-0.408251219205276,1
1,1.75,0.01,81,"ASC2_income",0,0.265675622881072,1
1,1.75,0.01,81,"ASC2_child",0,-0.192240441760604,1
1,1.75,0.01,81,"ASC3_male",0,-0.566849168559538,1
1,1.75,0.01,81,"ASC3_age",0,-0.428644921932554,1
1,1.75,0.01,81,"ASC3_income",0,0.118740793638916,1
1,1.75,0.01,81,"ASC3_child",-0.4,-0.450751377385188,1
1,1.75,0.01,81,"prot25_male",0,0.708152545854864,1
1,1.75,0.01,81,"prot25_age",0,0.307316124039352,1
1,1.75,0.01,81,"prot25_income",0,-0.0626910149316075,1
1,1.75,0.01,81,"prot25_child",-0.2,0.19970573291826,1
1,1.75,0.01,81,"prot50_male",1.1,1.68880760765838,1
1,1.75,0.01,81,"prot50_age",0.8,0.745692298997141,1
1,1.75,0.01,81,"prot50_income",0,-0.0114240443115849,1
1,1.75,0.01,81,"prot50_child",-0.3,-0.0760940965252961,1
1,1.75,0.01,81,"invasive_male",-0.2,-0.445853480365982,1
1,1.75,0.01,81,"invasive_age",-1.2,-0.67265371287362,1
1,1.75,0.01,81,"invasive_income",0.4,0.434588993883789,1
1,1.75,0.01,81,"invasive_child",1.1,0.423439870330229,1
1,1.75,0.01,82,"ASC2_male",0,0.271800124884147,1
1,1.75,0.01,82,"ASC2_age",0,0.474039647728164,1
1,1.75,0.01,82,"ASC2_income",-0.8,-0.66709343688568,1
1,1.75,0.01,82,"ASC2_child",0.4,0.343406875829139,1
1,1.75,0.01,82,"ASC3_male",-0.5,0.316192540716696,1
1,1.75,0.01,82,"ASC3_age",0,0.467803600364392,1
1,1.75,0.01,82,"ASC3_income",0,-0.308204659634879,1
1,1.75,0.01,82,"ASC3_child",0,0.709306142488091,1
1,1.75,0.01,82,"prot25_male",-0.5,-0.665555352603733,1
1,1.75,0.01,82,"prot25_age",0,-0.470881830737292,1
1,1.75,0.01,82,"prot25_income",0.8,0.686127719717679,1
1,1.75,0.01,82,"prot25_child",0,0.079137711986448,1
1,1.75,0.01,82,"prot50_male",-0.3,-0.565268886895701,1
1,1.75,0.01,82,"prot50_age",0,-0.237977917321585,1
1,1.75,0.01,82,"prot50_income",0.6,0.748215291886772,1
1,1.75,0.01,82,"prot50_child",0.3,0.228159252959246,1
1,1.75,0.01,82,"invasive_male",-1.1,-0.415290435245392,1
1,1.75,0.01,82,"invasive_age",-1.2,-0.825232909725991,1
1,1.75,0.01,82,"invasive_income",0,0.0763624459453032,1
1,1.75,0.01,82,"invasive_child",0,0.477333944004388,1
1,1.75,0.01,83,"ASC2_male",0.5,0.987909915319707,1
1,1.75,0.01,83,"ASC2_age",0,0.0171837341981153,1
1,1.75,0.01,83,"ASC2_income",-0.6,0.0490586955653362,1
1,1.75,0.01,83,"ASC2_child",-0.5,-0.423367664046691,1
1,1.75,0.01,83,"ASC3_male",0,0.733855226808256,1
1,1.75,0.01,83,"ASC3_age",0,0.284322446973611,1
1,1.75,0.01,83,"ASC3_income",0,0.301209187763689,1
1,1.75,0.01,83,"ASC3_child",0,0.0422287907037894,1
1,1.75,0.01,83,"prot25_male",-1,-0.38752093521963,1
1,1.75,0.01,83,"prot25_age",0.1,-0.100973001016992,1
1,1.75,0.01,83,"prot25_income",0,-0.279199941990911,1
1,1.75,0.01,83,"prot25_child",0,-0.26225177740162,1
1,1.75,0.01,83,"prot50_male",0.7,0.850712514213084,1
1,1.75,0.01,83,"prot50_age",0,-0.240229930628892,1
1,1.75,0.01,83,"prot50_income",1.1,0.742294435225011,1
1,1.75,0.01,83,"prot50_child",0,-0.498684212592402,1
1,1.75,0.01,83,"invasive_male",0.7,1.09136539436356,1
1,1.75,0.01,83,"invasive_age",-1,-0.694443291052082,1
1,1.75,0.01,83,"invasive_income",0.3,0.36167408653551,1
1,1.75,0.01,83,"invasive_child",0,-0.221020176050304,1
1,1.75,0.01,84,"ASC2_male",0,-0.425475234299774,1
1,1.75,0.01,84,"ASC2_age",0,0.13043141898505,1
1,1.75,0.01,84,"ASC2_income",-0.9,-0.337218994361221,1
1,1.75,0.01,84,"ASC2_child",1.1,-1.13805212794669,1
1,1.75,0.01,84,"ASC3_male",0.7,0.0542341879799243,1
1,1.75,0.01,84,"ASC3_age",0,0.0235903332258693,1
1,1.75,0.01,84,"ASC3_income",0,0.0261622398251227,1
1,1.75,0.01,84,"ASC3_child",0.3,-1.82097876306746,1
1,1.75,0.01,84,"prot25_male",0.3,0.814699762250243,1
1,1.75,0.01,84,"prot25_age",0,0.183101145087469,1
1,1.75,0.01,84,"prot25_income",0,0.0364032419367937,1
1,1.75,0.01,84,"prot25_child",0,1.36351615533201,1
1,1.75,0.01,84,"prot50_male",0,0.854796542774475,1
1,1.75,0.01,84,"prot50_age",-0.2,-0.0984945317389698,1
1,1.75,0.01,84,"prot50_income",0.5,0.130400542592551,1
1,1.75,0.01,84,"prot50_child",0,1.72582223001697,1
1,1.75,0.01,84,"invasive_male",0,0.0025240003748452,0
1,1.75,0.01,84,"invasive_age",-0.7,-0.370465813590424,1
1,1.75,0.01,84,"invasive_income",-0.9,-0.317333705384531,1
1,1.75,0.01,84,"invasive_child",0.5,-0.311860369498548,1
1,1.75,0.01,85,"ASC2_male",0.9,1.08821153781741,1
1,1.75,0.01,85,"ASC2_age",0,-0.218120911663981,1
1,1.75,0.01,85,"ASC2_income",-0.2,-0.231996093363193,1
1,1.75,0.01,85,"ASC2_child",0.5,0.0267302305152301,1
1,1.75,0.01,85,"ASC3_male",0,0.479421810155948,1
1,1.75,0.01,85,"ASC3_age",0,0.0189172700523841,1
1,1.75,0.01,85,"ASC3_income",0,-0.0162007749735196,1
1,1.75,0.01,85,"ASC3_child",0.8,0.483366656113379,1
1,1.75,0.01,85,"prot25_male",0.4,-0.00897721177482264,0
1,1.75,0.01,85,"prot25_age",0,-0.0945936629416648,1
1,1.75,0.01,85,"prot25_income",0.5,0.169286226218592,1
1,1.75,0.01,85,"prot25_child",-0.2,-0.347776507291621,1
1,1.75,0.01,85,"prot50_male",-0.1,-0.456307843464883,1
1,1.75,0.01,85,"prot50_age",0,0.077098346254967,1
1,1.75,0.01,85,"prot50_income",-1.1,-0.881612162576601,1
1,1.75,0.01,85,"prot50_child",0,0.455982198289911,1
1,1.75,0.01,85,"invasive_male",0.7,0.248694868631303,1
1,1.75,0.01,85,"invasive_age",0,0.0872441659000294,1
1,1.75,0.01,85,"invasive_income",0,-0.37699161471715,1
1,1.75,0.01,85,"invasive_child",0,0.32478468590841,1
1,1.75,0.01,86,"ASC2_male",0.2,-0.126762621482742,1
1,1.75,0.01,86,"ASC2_age",0.4,0.832357282475146,1
1,1.75,0.01,86,"ASC2_income",0,0.104313025836417,1
1,1.75,0.01,86,"ASC2_child",-0.2,-0.262764002948278,1
1,1.75,0.01,86,"ASC3_male",-0.2,0.118602007529398,1
1,1.75,0.01,86,"ASC3_age",0,0.792409660293562,1
1,1.75,0.01,86,"ASC3_income",0,0.212129040051657,1
1,1.75,0.01,86,"ASC3_child",0,0.225967935944269,1
1,1.75,0.01,86,"prot25_male",0,-0.502188209284423,1
1,1.75,0.01,86,"prot25_age",0,-0.458589014826884,1
1,1.75,0.01,86,"prot25_income",-0.2,0.0499272797381846,1
1,1.75,0.01,86,"prot25_child",0,0.465542538943441,1
1,1.75,0.01,86,"prot50_male",0.6,0.233620044909393,1
1,1.75,0.01,86,"prot50_age",-1,-1.23884466566208,1
1,1.75,0.01,86,"prot50_income",0,0.166991019362571,1
1,1.75,0.01,86,"prot50_child",1,1.22575989855297,1
1,1.75,0.01,86,"invasive_male",0.5,0.204532573067654,1
1,1.75,0.01,86,"invasive_age",0,0.0224670929092693,1
1,1.75,0.01,86,"invasive_income",0,0.313326168031251,1
1,1.75,0.01,86,"invasive_child",-1,-0.349134842786804,1
1,1.75,0.01,87,"ASC2_male",0.2,0.651148230011114,1
1,1.75,0.01,87,"ASC2_age",1.1,0.724733035451297,1
1,1.75,0.01,87,"ASC2_income",0,0.0455699180343813,1
1,1.75,0.01,87,"ASC2_child",0,0.666925940790422,1
1,1.75,0.01,87,"ASC3_male",0,0.488669418780288,1
1,1.75,0.01,87,"ASC3_age",-0.4,0.25659804493521,1
1,1.75,0.01,87,"ASC3_income",0,-0.0142914246998737,1
1,1.75,0.01,87,"ASC3_child",0.7,1.20515951525227,1
1,1.75,0.01,87,"prot25_male",-1.2,-1.93425488410129,1
1,1.75,0.01,87,"prot25_age",-0.9,-0.37644554007512,1
1,1.75,0.01,87,"prot25_income",0,-0.0114355371005884,1
1,1.75,0.01,87,"prot25_child",-0.2,-0.417612723193388,1
1,1.75,0.01,87,"prot50_male",-0.5,-1.06730795255721,1
1,1.75,0.01,87,"prot50_age",0,0.383340537535685,1
1,1.75,0.01,87,"prot50_income",0,-0.235325194454249,1
1,1.75,0.01,87,"prot50_child",0.4,0.518034496583727,1
1,1.75,0.01,87,"invasive_male",0,-0.185511652226757,1
1,1.75,0.01,87,"invasive_age",0,0.279614261305901,1
1,1.75,0.01,87,"invasive_income",0,-0.282565235601268,1
1,1.75,0.01,87,"invasive_child",0.8,1.05044642411382,1
1,1.75,0.01,88,"ASC2_male",-1.1,0.274308488414192,1
1,1.75,0.01,88,"ASC2_age",0,-0.442071440010686,1
1,1.75,0.01,88,"ASC2_income",0.3,0.07016699540617,1
1,1.75,0.01,88,"ASC2_child",0,0.220455211746143,1
1,1.75,0.01,88,"ASC3_male",-1.1,0.382068919360082,1
1,1.75,0.01,88,"ASC3_age",0,-0.0865463903360322,1
1,1.75,0.01,88,"ASC3_income",0,-0.265571512165767,1
1,1.75,0.01,88,"ASC3_child",0.5,0.250837948030331,1
1,1.75,0.01,88,"prot25_male",0.6,-0.616064828725279,1
1,1.75,0.01,88,"prot25_age",0,0.0659037518813285,1
1,1.75,0.01,88,"prot25_income",0,0.0880571231481089,1
1,1.75,0.01,88,"prot25_child",0,-0.527508499343318,1
1,1.75,0.01,88,"prot50_male",0,-0.6414604082337,1
1,1.75,0.01,88,"prot50_age",-0.3,-0.0720645191690853,1
1,1.75,0.01,88,"prot50_income",-0.5,-0.189948264836397,1
1,1.75,0.01,88,"prot50_child",0.8,0.28186326539079,1
1,1.75,0.01,88,"invasive_male",0,0.585824310431946,1
1,1.75,0.01,88,"invasive_age",-1.1,-0.811395952988115,1
1,1.75,0.01,88,"invasive_income",0.4,0.239657566644651,1
1,1.75,0.01,88,"invasive_child",0,-0.162152604882458,1
1,1.75,0.01,89,"ASC2_male",0,-0.159150760745035,1
1,1.75,0.01,89,"ASC2_age",0,-0.20436986416283,1
1,1.75,0.01,89,"ASC2_income",0.5,0.362071438625708,1
1,1.75,0.01,89,"ASC2_child",0,-0.87449332306582,1
1,1.75,0.01,89,"ASC3_male",0,-0.317732803009386,1
1,1.75,0.01,89,"ASC3_age",0.3,-0.195810314244702,1
1,1.75,0.01,89,"ASC3_income",-0.8,-0.431762853233734,1
1,1.75,0.01,89,"ASC3_child",0,-0.756674969998111,1
1,1.75,0.01,89,"prot25_male",0.1,-0.281718828399564,1
1,1.75,0.01,89,"prot25_age",-0.1,0.0439919098862128,1
1,1.75,0.01,89,"prot25_income",0,-0.00623596593065231,0
1,1.75,0.01,89,"prot25_child",-1.2,0.179270641209434,1
1,1.75,0.01,89,"prot50_male",-0.5,-1.19513857288403,1
1,1.75,0.01,89,"prot50_age",0,-0.238836706813394,1
1,1.75,0.01,89,"prot50_income",0,0.54781319943616,1
1,1.75,0.01,89,"prot50_child",0,0.424866480021896,1
1,1.75,0.01,89,"invasive_male",-0.6,-0.938961023132734,1
1,1.75,0.01,89,"invasive_age",0.2,-0.247285845064751,1
1,1.75,0.01,89,"invasive_income",1.1,1.25997428387353,1
1,1.75,0.01,89,"invasive_child",0,-0.202725519293683,1
1,1.75,0.01,90,"ASC2_male",-1,-0.548259730814945,1
1,1.75,0.01,90,"ASC2_age",-0.2,-0.654769063141256,1
1,1.75,0.01,90,"ASC2_income",-0.9,-1.0909761349402,1
1,1.75,0.01,90,"ASC2_child",0.8,1.12932748306063,1
1,1.75,0.01,90,"ASC3_male",0,0.232245790349531,1
1,1.75,0.01,90,"ASC3_age",0,-0.0936251990224317,1
1,1.75,0.01,90,"ASC3_income",0,-0.47396875673679,1
1,1.75,0.01,90,"ASC3_child",0.6,0.828448426683833,1
1,1.75,0.01,90,"prot25_male",0,-0.34114588618412,1
1,1.75,0.01,90,"prot25_age",0,0.225554619766296,1
1,1.75,0.01,90,"prot25_income",0.8,1.25474426465491,1
1,1.75,0.01,90,"prot25_child",0,-0.522678127483994,1
1,1.75,0.01,90,"prot50_male",0,-0.49019358576618,1
1,1.75,0.01,90,"prot50_age",1,0.88246053158265,1
1,1.75,0.01,90,"prot50_income",0.6,1.02189630113505,1
1,1.75,0.01,90,"prot50_child",0,-0.100838667953762,1
1,1.75,0.01,90,"invasive_male",0,-0.551242633919424,1
1,1.75,0.01,90,"invasive_age",0,-0.0598284184857819,1
1,1.75,0.01,90,"invasive_income",-0.6,-0.279839467904765,1
1,1.75,0.01,90,"invasive_child",-1.2,-1.05132928498375,1
1,1.75,0.01,91,"ASC2_male",1.2,0.958406692717909,1
1,1.75,0.01,91,"ASC2_age",0.2,0.156221654807383,1
1,1.75,0.01,91,"ASC2_income",0,0.190644277514181,1
1,1.75,0.01,91,"ASC2_child",0,0.0242148860868207,1
1,1.75,0.01,91,"ASC3_male",0,0.187433200894965,1
1,1.75,0.01,91,"ASC3_age",0,-0.185189126998034,1
1,1.75,0.01,91,"ASC3_income",0.6,0.633139675340449,1
1,1.75,0.01,91,"ASC3_child",1.1,0.325194965416256,1
1,1.75,0.01,91,"prot25_male",0,-0.348238452921001,1
1,1.75,0.01,91,"prot25_age",0.3,0.322702343124084,1
1,1.75,0.01,91,"prot25_income",0.2,0.00713560716870749,0
1,1.75,0.01,91,"prot25_child",0,-0.653878895094059,1
1,1.75,0.01,91,"prot50_male",-0.7,-0.0576879872032714,1
1,1.75,0.01,91,"prot50_age",0,0.401840769760518,1
1,1.75,0.01,91,"prot50_income",-1,-1.1779634212425,1
1,1.75,0.01,91,"prot50_child",0,0.787901643882878,1
1,1.75,0.01,91,"invasive_male",-0.6,-0.517297574559708,1
1,1.75,0.01,91,"invasive_age",0,0.125965940718534,1
1,1.75,0.01,91,"invasive_income",0.4,0.352068407406409,1
1,1.75,0.01,91,"invasive_child",0,-0.101860721471596,1
1,1.75,0.01,92,"ASC2_male",-0.4,-0.579158979261887,1
1,1.75,0.01,92,"ASC2_age",0,0.069639063838149,1
1,1.75,0.01,92,"ASC2_income",1,0.574573289952599,1
1,1.75,0.01,92,"ASC2_child",0,-0.0691228943665605,1
1,1.75,0.01,92,"ASC3_male",-1.1,-1.40281066433467,1
1,1.75,0.01,92,"ASC3_age",0.6,0.29776303570186,1
1,1.75,0.01,92,"ASC3_income",0.8,0.672607825499577,1
1,1.75,0.01,92,"ASC3_child",0,-0.465285455890834,1
1,1.75,0.01,92,"prot25_male",0,0.298288717240848,1
1,1.75,0.01,92,"prot25_age",0,-0.127669586534626,1
1,1.75,0.01,92,"prot25_income",0.7,0.72753032756348,1
1,1.75,0.01,92,"prot25_child",-0.8,-0.121756290083329,1
1,1.75,0.01,92,"prot50_male",1,0.998465513721828,1
1,1.75,0.01,92,"prot50_age",0,0.395230596064984,1
1,1.75,0.01,92,"prot50_income",-1.2,-1.21653128121309,1
1,1.75,0.01,92,"prot50_child",0,0.426506348062106,1
1,1.75,0.01,92,"invasive_male",0,-0.21691510328586,1
1,1.75,0.01,92,"invasive_age",0,0.691392162570408,1
1,1.75,0.01,92,"invasive_income",-0.9,-1.42703177132595,1
1,1.75,0.01,92,"invasive_child",0,0.739338377547495,1
1,1.75,0.01,93,"ASC2_male",0,-0.409868908140667,1
1,1.75,0.01,93,"ASC2_age",1,0.754958346110561,1
1,1.75,0.01,93,"ASC2_income",0,-0.0808128730300823,1
1,1.75,0.01,93,"ASC2_child",-0.3,-0.975292834315158,1
1,1.75,0.01,93,"ASC3_male",-1,-0.636275593427021,1
1,1.75,0.01,93,"ASC3_age",0,0.128813292108116,1
1,1.75,0.01,93,"ASC3_income",0,-0.245509050088927,1
1,1.75,0.01,93,"ASC3_child",0.1,-0.712567722000863,1
1,1.75,0.01,93,"prot25_male",0.7,0.995954616540451,1
1,1.75,0.01,93,"prot25_age",0,0.0998822339511086,1
1,1.75,0.01,93,"prot25_income",-0.7,-0.116865140093204,1
1,1.75,0.01,93,"prot25_child",0,0.534829532751449,1
1,1.75,0.01,93,"prot50_male",0,0.493483078520424,1
1,1.75,0.01,93,"prot50_age",0,0.0103304226614708,1
1,1.75,0.01,93,"prot50_income",0,0.218707792241135,1
1,1.75,0.01,93,"prot50_child",0.9,1.22789344003148,1
1,1.75,0.01,93,"invasive_male",-0.7,-0.509734288255092,1
1,1.75,0.01,93,"invasive_age",-0.7,-0.416216019980085,1
1,1.75,0.01,93,"invasive_income",0,0.0965604336496052,1
1,1.75,0.01,93,"invasive_child",-0.2,0.517460701248872,1
1,1.75,0.01,94,"ASC2_male",0.3,1.04148376494247,1
1,1.75,0.01,94,"ASC2_age",-0.4,0.18944949038108,1
1,1.75,0.01,94,"ASC2_income",-0.4,0.48138893705469,1
1,1.75,0.01,94,"ASC2_child",-0.6,0.0627401634781522,1
1,1.75,0.01,94,"ASC3_male",-0.3,0.261604521543494,1
1,1.75,0.01,94,"ASC3_age",0,0.652885899801609,1
1,1.75,0.01,94,"ASC3_income",0,0.503228980720951,1
1,1.75,0.01,94,"ASC3_child",0.9,1.03221199571389,1
1,1.75,0.01,94,"prot25_male",0.3,-0.558578632177134,1
1,1.75,0.01,94,"prot25_age",0,-0.206510404349863,1
1,1.75,0.01,94,"prot25_income",0.2,-0.459059883741253,1
1,1.75,0.01,94,"prot25_child",0,-0.534757656663061,1
1,1.75,0.01,94,"prot50_male",0,-0.450989013103509,1
1,1.75,0.01,94,"prot50_age",0.5,0.179169510234139,1
1,1.75,0.01,94,"prot50_income",0,-0.508679094304774,1
1,1.75,0.01,94,"prot50_child",-0.1,-0.246707680491663,1
1,1.75,0.01,94,"invasive_male",0,0.455360696614138,1
1,1.75,0.01,94,"invasive_age",0,0.436055219638065,1
1,1.75,0.01,94,"invasive_income",0,0.0416421096366375,1
1,1.75,0.01,94,"invasive_child",0,0.208522906811059,1
1,1.75,0.01,95,"ASC2_male",-0.9,-0.58211718053494,1
1,1.75,0.01,95,"ASC2_age",0,-0.460868961301279,1
1,1.75,0.01,95,"ASC2_income",0,0.268089252507903,1
1,1.75,0.01,95,"ASC2_child",0,-0.283710665292632,1
1,1.75,0.01,95,"ASC3_male",0,-0.326176173961004,1
1,1.75,0.01,95,"ASC3_age",1.1,0.292266286370252,1
1,1.75,0.01,95,"ASC3_income",0.8,0.489688579146481,1
1,1.75,0.01,95,"ASC3_child",-1,-0.513354664444191,1
1,1.75,0.01,95,"prot25_male",-1,-0.693723259057672,1
1,1.75,0.01,95,"prot25_age",0.8,1.16793429839415,1
1,1.75,0.01,95,"prot25_income",0.7,0.61228685106941,1
1,1.75,0.01,95,"prot25_child",0.6,1.18223170688565,1
1,1.75,0.01,95,"prot50_male",0,0.0130953544559621,1
1,1.75,0.01,95,"prot50_age",0,0.361454781402788,1
1,1.75,0.01,95,"prot50_income",1,0.704895451093409,1
1,1.75,0.01,95,"prot50_child",0,0.0520572274944593,1
1,1.75,0.01,95,"invasive_male",0,-0.0678179016825567,1
1,1.75,0.01,95,"invasive_age",0,0.16655394304058,1
1,1.75,0.01,95,"invasive_income",0,-0.0467288233727045,1
1,1.75,0.01,95,"invasive_child",0.4,-0.058714795458972,1
1,1.75,0.01,96,"ASC2_male",0.6,0.179127434513209,1
1,1.75,0.01,96,"ASC2_age",0,0.414907801114026,1
1,1.75,0.01,96,"ASC2_income",0,-0.265947058106864,1
1,1.75,0.01,96,"ASC2_child",0,0.0833212489931236,1
1,1.75,0.01,96,"ASC3_male",-0.1,0.0123702047395827,1
1,1.75,0.01,96,"ASC3_age",1.2,1.33761987238792,1
1,1.75,0.01,96,"ASC3_income",0,-0.258856882538966,1
1,1.75,0.01,96,"ASC3_child",0,0.130130271404333,1
1,1.75,0.01,96,"prot25_male",-0.6,-0.0163989978590682,1
1,1.75,0.01,96,"prot25_age",0.3,-0.19321100698033,1
1,1.75,0.01,96,"prot25_income",-0.8,-0.168362774404224,1
1,1.75,0.01,96,"prot25_child",0.7,0.281682252129967,1
1,1.75,0.01,96,"prot50_male",-1,-0.273722460228809,1
1,1.75,0.01,96,"prot50_age",0,0.0722467692678995,1
1,1.75,0.01,96,"prot50_income",0,0.138647751296051,1
1,1.75,0.01,96,"prot50_child",0,-0.466450515287844,1
1,1.75,0.01,96,"invasive_male",-0.2,0.0732965464415265,1
1,1.75,0.01,96,"invasive_age",-0.4,-0.213968317381573,1
1,1.75,0.01,96,"invasive_income",0,-0.259545256162677,1
1,1.75,0.01,96,"invasive_child",0,-0.244743216373046,1
1,1.75,0.01,97,"ASC2_male",-1,-1.24583381295623,1
1,1.75,0.01,97,"ASC2_age",0.2,-0.252482765618105,1
1,1.75,0.01,97,"ASC2_income",0,0.0732611794613831,1
1,1.75,0.01,97,"ASC2_child",-0.3,-0.419099420820154,1
1,1.75,0.01,97,"ASC3_male",0.5,-0.339467337516696,1
1,1.75,0.01,97,"ASC3_age",0.5,0.00286106197350114,0
1,1.75,0.01,97,"ASC3_income",0,0.100920439092694,1
1,1.75,0.01,97,"ASC3_child",-0.2,-0.356594409486727,1
1,1.75,0.01,97,"prot25_male",0,0.634150426282151,1
1,1.75,0.01,97,"prot25_age",0,0.292293701009839,1
1,1.75,0.01,97,"prot25_income",-0.1,0.172545660041719,1
1,1.75,0.01,97,"prot25_child",0,-0.263599026259455,1
1,1.75,0.01,97,"prot50_male",0.6,0.813643602742312,1
1,1.75,0.01,97,"prot50_age",0,0.0750795204342572,1
1,1.75,0.01,97,"prot50_income",-0.5,-0.394553285682189,1
1,1.75,0.01,97,"prot50_child",0,-0.802025611231743,1
1,1.75,0.01,97,"invasive_male",0,-0.363674627252354,1
1,1.75,0.01,97,"invasive_age",0,0.0463877982888827,1
1,1.75,0.01,97,"invasive_income",-0.7,-0.665897914687149,1
1,1.75,0.01,97,"invasive_child",0,-0.0918518524934337,1
1,1.75,0.01,98,"ASC2_male",0,-0.805315280904239,1
1,1.75,0.01,98,"ASC2_age",0,0.681240133996993,1
1,1.75,0.01,98,"ASC2_income",-0.5,-0.12955077576356,1
1,1.75,0.01,98,"ASC2_child",-1.1,-1.93792685602923,1
1,1.75,0.01,98,"ASC3_male",-0.3,-0.635570327935973,1
1,1.75,0.01,98,"ASC3_age",1,1.30150568259241,1
1,1.75,0.01,98,"ASC3_income",0,0.407126808130784,1
1,1.75,0.01,98,"ASC3_child",-0.6,-1.42042743899282,1
1,1.75,0.01,98,"prot25_male",-0.4,-0.172653526159777,1
1,1.75,0.01,98,"prot25_age",0,-0.405349770533879,1
1,1.75,0.01,98,"prot25_income",1.2,0.329040654008928,1
1,1.75,0.01,98,"prot25_child",-0.8,0.400562187049825,1
1,1.75,0.01,98,"prot50_male",-1.1,-0.680350790891402,1
1,1.75,0.01,98,"prot50_age",0,-0.387849673639128,1
1,1.75,0.01,98,"prot50_income",0,-0.390930703300429,1
1,1.75,0.01,98,"prot50_child",0,1.04772044367856,1
1,1.75,0.01,98,"invasive_male",0,-0.281196778519045,1
1,1.75,0.01,98,"invasive_age",0,-0.0702598601079652,1
1,1.75,0.01,98,"invasive_income",0,-0.185688112849083,1
1,1.75,0.01,98,"invasive_child",1,1.0399505900819,1
1,1.75,0.01,99,"ASC2_male",1.1,0.0582674844088686,1
1,1.75,0.01,99,"ASC2_age",0.3,0.192232210146642,1
1,1.75,0.01,99,"ASC2_income",-0.8,-0.620886419436463,1
1,1.75,0.01,99,"ASC2_child",0.2,0.551221851908451,1
1,1.75,0.01,99,"ASC3_male",1.1,0.212439936816294,1
1,1.75,0.01,99,"ASC3_age",0,0.109661079805519,1
1,1.75,0.01,99,"ASC3_income",0,-0.180562227820291,1
1,1.75,0.01,99,"ASC3_child",0,0.423802466908922,1
1,1.75,0.01,99,"prot25_male",-0.6,-0.575142528915978,1
1,1.75,0.01,99,"prot25_age",0,0.0527787576505208,1
1,1.75,0.01,99,"prot25_income",0,0.150504905521274,1
1,1.75,0.01,99,"prot25_child",0,0.180261963426535,1
1,1.75,0.01,99,"prot50_male",-0.2,0.0435655074848954,1
1,1.75,0.01,99,"prot50_age",0.9,0.446874099420408,1
1,1.75,0.01,99,"prot50_income",-0.1,-0.131963991487979,1
1,1.75,0.01,99,"prot50_child",0,-0.257075225603998,1
1,1.75,0.01,99,"invasive_male",0.9,0.599622995483653,1
1,1.75,0.01,99,"invasive_age",0,-0.0106495953577299,1
1,1.75,0.01,99,"invasive_income",0,-0.293797828105294,1
1,1.75,0.01,99,"invasive_child",0,0.112666296646712,1
1,1.75,0.01,100,"ASC2_male",0.1,0.16847351744449,1
1,1.75,0.01,100,"ASC2_age",0,0.420250418207495,1
1,1.75,0.01,100,"ASC2_income",0,0.00718534503416673,0
1,1.75,0.01,100,"ASC2_child",-0.7,-0.00883656898628187,0
1,1.75,0.01,100,"ASC3_male",0,-0.205190986409936,1
1,1.75,0.01,100,"ASC3_age",0,0.371213467344869,1
1,1.75,0.01,100,"ASC3_income",-0.7,-0.225189528260696,1
1,1.75,0.01,100,"ASC3_child",-1.1,-0.414126437630307,1
1,1.75,0.01,100,"prot25_male",0,-0.694761217805073,1
1,1.75,0.01,100,"prot25_age",-0.7,-0.632563014242088,1
1,1.75,0.01,100,"prot25_income",0,-0.186648437681209,1
1,1.75,0.01,100,"prot25_child",-0.6,-0.113616222282767,1
1,1.75,0.01,100,"prot50_male",0,0.0162071211039784,1
1,1.75,0.01,100,"prot50_age",0,-0.134042440472632,1
1,1.75,0.01,100,"prot50_income",0.5,0.202818454731741,1
1,1.75,0.01,100,"prot50_child",1,0.419726729910897,1
1,1.75,0.01,100,"invasive_male",0,-0.348244769184281,1
1,1.75,0.01,100,"invasive_age",0,0.44682832669095,1
1,1.75,0.01,100,"invasive_income",0.8,0.794817486177921,1
1,1.75,0.01,100,"invasive_child",0.4,-0.0142375819154759,1
1,1.75,0.05,1,"ASC2_male",0.9,0.0384682963083193,0
1,1.75,0.05,1,"ASC2_age",0.3,0.501541799788965,1
1,1.75,0.05,1,"ASC2_income",0,-0.342270628324006,1
1,1.75,0.05,1,"ASC2_child",0,-1.11769045089362,1
1,1.75,0.05,1,"ASC3_male",-1.1,-0.823692513704431,1
1,1.75,0.05,1,"ASC3_age",0,0.277533161597054,1
1,1.75,0.05,1,"ASC3_income",0.8,0.0560129951146503,1
1,1.75,0.05,1,"ASC3_child",0,-1.45736289201523,1
1,1.75,0.05,1,"prot25_male",1.2,0.889838930176233,1
1,1.75,0.05,1,"prot25_age",0.7,0.213319391368959,1
1,1.75,0.05,1,"prot25_income",0,0.550116664356547,1
1,1.75,0.05,1,"prot25_child",1.1,1.07201463836639,1
1,1.75,0.05,1,"prot50_male",0,0.438595750141072,1
1,1.75,0.05,1,"prot50_age",0,-0.443775820734163,1
1,1.75,0.05,1,"prot50_income",-1.2,-0.367942112756875,1
1,1.75,0.05,1,"prot50_child",1.1,1.15920706489731,1
1,1.75,0.05,1,"invasive_male",0,0.289513012779795,1
1,1.75,0.05,1,"invasive_age",-0.6,-0.493061068640617,1
1,1.75,0.05,1,"invasive_income",0,-0.0121004311982462,0
1,1.75,0.05,1,"invasive_child",0,-0.477392054150519,1
1,1.75,0.05,2,"ASC2_male",0,-0.222205794708651,1
1,1.75,0.05,2,"ASC2_age",0.1,0.0751582917241755,1
1,1.75,0.05,2,"ASC2_income",0.7,0.757661196198336,1
1,1.75,0.05,2,"ASC2_child",-0.4,-0.852417892655114,1
1,1.75,0.05,2,"ASC3_male",0,-0.0664063627525027,1
1,1.75,0.05,2,"ASC3_age",0.4,0.111255684000736,1
1,1.75,0.05,2,"ASC3_income",-0.8,-0.0674676247091466,1
1,1.75,0.05,2,"ASC3_child",0,-0.80057437651271,1
1,1.75,0.05,2,"prot25_male",0.5,0.775830786669976,1
1,1.75,0.05,2,"prot25_age",0.8,0.632859097830721,1
1,1.75,0.05,2,"prot25_income",0,-0.412867565826854,1
1,1.75,0.05,2,"prot25_child",0,-0.159298468452181,1
1,1.75,0.05,2,"prot50_male",0,0.371324739698399,1
1,1.75,0.05,2,"prot50_age",0,-0.00608631541368186,0
1,1.75,0.05,2,"prot50_income",0,-0.567214318460295,1
1,1.75,0.05,2,"prot50_child",0,-0.292532111483861,1
1,1.75,0.05,2,"invasive_male",1,0.283227348619247,1
1,1.75,0.05,2,"invasive_age",-0.1,0.0876342703791183,1
1,1.75,0.05,2,"invasive_income",0,-0.0971965312603543,1
1,1.75,0.05,2,"invasive_child",-0.6,-0.574295908971867,1
1,1.75,0.05,3,"ASC2_male",-0.9,-0.404307932344196,1
1,1.75,0.05,3,"ASC2_age",-0.4,-0.299220249150846,1
1,1.75,0.05,3,"ASC2_income",0,-0.215642074343369,1
1,1.75,0.05,3,"ASC2_child",0,-0.71901962794195,1
1,1.75,0.05,3,"ASC3_male",-0.7,-0.735868492790497,1
1,1.75,0.05,3,"ASC3_age",0,-0.143209231627918,1
1,1.75,0.05,3,"ASC3_income",0,-0.0371403238215715,0
1,1.75,0.05,3,"ASC3_child",1,0.405406116993039,1
1,1.75,0.05,3,"prot25_male",0,0.236949226385338,1
1,1.75,0.05,3,"prot25_age",0,0.29575950592715,1
1,1.75,0.05,3,"prot25_income",0,0.242699054469779,1
1,1.75,0.05,3,"prot25_child",0,0.173484081419668,1
1,1.75,0.05,3,"prot50_male",0.7,0.580233657452848,1
1,1.75,0.05,3,"prot50_age",-0.2,0.0113764931127467,0
1,1.75,0.05,3,"prot50_income",-1,-0.865588591459325,1
1,1.75,0.05,3,"prot50_child",-0.8,-0.24724846843741,1
1,1.75,0.05,3,"invasive_male",0,0.0528207837570236,1
1,1.75,0.05,3,"invasive_age",0,-0.0370424787647306,0
1,1.75,0.05,3,"invasive_income",-1.2,-0.957381529249922,1
1,1.75,0.05,3,"invasive_child",1,0.294191879227024,1
1,1.75,0.05,4,"ASC2_male",0,0.311389811475504,1
1,1.75,0.05,4,"ASC2_age",-0.1,0.232650055504844,1
1,1.75,0.05,4,"ASC2_income",0,-0.460585880681578,1
1,1.75,0.05,4,"ASC2_child",-0.6,-1.12149634704006,1
1,1.75,0.05,4,"ASC3_male",0,-0.0552741994492381,1
1,1.75,0.05,4,"ASC3_age",1,1.09228784660555,1
1,1.75,0.05,4,"ASC3_income",0,-0.745163205413432,1
1,1.75,0.05,4,"ASC3_child",0,-0.908481408366813,1
1,1.75,0.05,4,"prot25_male",0,-0.675512507273126,1
1,1.75,0.05,4,"prot25_age",-0.5,-0.764812582455737,1
1,1.75,0.05,4,"prot25_income",0,0.487373312186105,1
1,1.75,0.05,4,"prot25_child",0,0.216022770541286,1
1,1.75,0.05,4,"prot50_male",0.1,-0.343567721687887,1
1,1.75,0.05,4,"prot50_age",1,0.477843485699391,1
1,1.75,0.05,4,"prot50_income",0,0.345377331946106,1
1,1.75,0.05,4,"prot50_child",-1,-0.31003184796311,1
1,1.75,0.05,4,"invasive_male",-1,-0.690242531664722,1
1,1.75,0.05,4,"invasive_age",-0.9,-0.351134642527614,1
1,1.75,0.05,4,"invasive_income",-0.3,-0.563125309319647,1
1,1.75,0.05,4,"invasive_child",0,-0.0815035223402459,1
1,1.75,0.05,5,"ASC2_male",0,0.144995411585411,1
1,1.75,0.05,5,"ASC2_age",0.7,0.555017941197191,1
1,1.75,0.05,5,"ASC2_income",-0.4,-0.42098809144898,1
1,1.75,0.05,5,"ASC2_child",-0.3,0.657359754478537,1
1,1.75,0.05,5,"ASC3_male",0,-0.170564634258129,1
1,1.75,0.05,5,"ASC3_age",0,0.0227910683136049,0
1,1.75,0.05,5,"ASC3_income",0.9,0.512782287879265,1
1,1.75,0.05,5,"ASC3_child",-0.6,0.96800037181073,1
1,1.75,0.05,5,"prot25_male",0.9,0.927854469862282,1
1,1.75,0.05,5,"prot25_age",0,-0.31492063637574,1
1,1.75,0.05,5,"prot25_income",-0.3,-0.474264694260169,1
1,1.75,0.05,5,"prot25_child",0,-0.772756593920594,1
1,1.75,0.05,5,"prot50_male",0.4,0.289634239204651,1
1,1.75,0.05,5,"prot50_age",0,0.178808122791395,1
1,1.75,0.05,5,"prot50_income",0.5,0.383925019365295,1
1,1.75,0.05,5,"prot50_child",0,-0.167450594928222,1
1,1.75,0.05,5,"invasive_male",0.7,0.56178659457132,1
1,1.75,0.05,5,"invasive_age",0,0.00248856634244992,0
1,1.75,0.05,5,"invasive_income",0,-0.244488040515023,1
1,1.75,0.05,5,"invasive_child",0,0.686284260724595,1
1,1.75,0.05,6,"ASC2_male",0.4,-0.38048913818548,1
1,1.75,0.05,6,"ASC2_age",0.7,0.73574228642413,1
1,1.75,0.05,6,"ASC2_income",0,-0.54436059101598,1
1,1.75,0.05,6,"ASC2_child",0,0.166111729256601,1
1,1.75,0.05,6,"ASC3_male",0,-0.0633691022983694,1
1,1.75,0.05,6,"ASC3_age",0,0.0165297912478757,0
1,1.75,0.05,6,"ASC3_income",0,-0.442633000881881,1
1,1.75,0.05,6,"ASC3_child",1.2,0.935099280985642,1
1,1.75,0.05,6,"prot25_male",-0.4,0.343787030666184,1
1,1.75,0.05,6,"prot25_age",-0.3,-0.564373350297237,1
1,1.75,0.05,6,"prot25_income",0,0.45511441188428,1
1,1.75,0.05,6,"prot25_child",0,-0.339736955900514,1
1,1.75,0.05,6,"prot50_male",0,0.356687888577427,1
1,1.75,0.05,6,"prot50_age",-1.1,-1.01064410208038,1
1,1.75,0.05,6,"prot50_income",-0.2,0.299400283524964,1
1,1.75,0.05,6,"prot50_child",-0.2,-0.643052247501543,1
1,1.75,0.05,6,"invasive_male",0,-0.565382986283397,1
1,1.75,0.05,6,"invasive_age",1,0.34070248973429,1
1,1.75,0.05,6,"invasive_income",0,-0.0956770620197005,1
1,1.75,0.05,6,"invasive_child",0.9,0.407527413579834,1
1,1.75,0.05,7,"ASC2_male",0.8,-0.356199611185272,1
1,1.75,0.05,7,"ASC2_age",0,0.243331567666886,1
1,1.75,0.05,7,"ASC2_income",0,-0.119238053600852,1
1,1.75,0.05,7,"ASC2_child",1.2,1.10553131380867,1
1,1.75,0.05,7,"ASC3_male",-0.7,-0.844175452508886,1
1,1.75,0.05,7,"ASC3_age",0,0.377533416548678,1
1,1.75,0.05,7,"ASC3_income",0,-0.133086499701381,1
1,1.75,0.05,7,"ASC3_child",-1,-0.295468425181005,1
1,1.75,0.05,7,"prot25_male",1.2,0.550689175528115,1
1,1.75,0.05,7,"prot25_age",0.8,0.114264918559762,1
1,1.75,0.05,7,"prot25_income",0,0.142515220973469,1
1,1.75,0.05,7,"prot25_child",0.7,-0.00461969003227702,0
1,1.75,0.05,7,"prot50_male",0,-0.0808111682842883,1
1,1.75,0.05,7,"prot50_age",-0.4,-0.850184197967231,1
1,1.75,0.05,7,"prot50_income",0,0.243164797574811,1
1,1.75,0.05,7,"prot50_child",0.6,-0.45058579818248,1
1,1.75,0.05,7,"invasive_male",0,0.39580217622235,1
1,1.75,0.05,7,"invasive_age",0,-0.403209115474473,1
1,1.75,0.05,7,"invasive_income",1.1,0.8188277825201,1
1,1.75,0.05,7,"invasive_child",0,-0.644284108754413,1
1,1.75,0.05,8,"ASC2_male",0,-0.551566995374474,1
1,1.75,0.05,8,"ASC2_age",-1.2,-0.116521265048136,1
1,1.75,0.05,8,"ASC2_income",0,0.0816863860485716,1
1,1.75,0.05,8,"ASC2_child",0,-0.690351107101446,1
1,1.75,0.05,8,"ASC3_male",-0.3,-0.830549162536839,1
1,1.75,0.05,8,"ASC3_age",0.9,1.2657065534737,1
1,1.75,0.05,8,"ASC3_income",0,0.0192003204886143,0
1,1.75,0.05,8,"ASC3_child",1.2,0.130167341447748,1
1,1.75,0.05,8,"prot25_male",0,0.204892752358129,1
1,1.75,0.05,8,"prot25_age",-0.2,0.0710833377576513,1
1,1.75,0.05,8,"prot25_income",0,0.193586088135423,1
1,1.75,0.05,8,"prot25_child",1.1,0.955476024818028,1
1,1.75,0.05,8,"prot50_male",1.1,0.758454892140937,1
1,1.75,0.05,8,"prot50_age",0,-0.049370074010668,0
1,1.75,0.05,8,"prot50_income",-0.2,-0.114016159775818,1
1,1.75,0.05,8,"prot50_child",0,0.467885650088218,1
1,1.75,0.05,8,"invasive_male",0,-0.128066486930276,1
1,1.75,0.05,8,"invasive_age",0.7,0.517151365427939,1
1,1.75,0.05,8,"invasive_income",0.3,0.0712385509197462,1
1,1.75,0.05,8,"invasive_child",0,-0.0461734145558632,0
1,1.75,0.05,9,"ASC2_male",1,1.44318496059368,1
1,1.75,0.05,9,"ASC2_age",0,-0.161515024394645,1
1,1.75,0.05,9,"ASC2_income",0,0.114531233089571,1
1,1.75,0.05,9,"ASC2_child",-1.2,-1.27781177891818,1
1,1.75,0.05,9,"ASC3_male",0.9,0.923610514288649,1
1,1.75,0.05,9,"ASC3_age",-0.6,-0.526512476061269,1
1,1.75,0.05,9,"ASC3_income",0,0.37519673827015,1
1,1.75,0.05,9,"ASC3_child",-0.9,-1.10599721015055,1
1,1.75,0.05,9,"prot25_male",-0.3,-0.437129480572854,1
1,1.75,0.05,9,"prot25_age",0,0.0128838817510873,0
1,1.75,0.05,9,"prot25_income",0,-0.118628950653231,1
1,1.75,0.05,9,"prot25_child",0,0.668860477843713,1
1,1.75,0.05,9,"prot50_male",-0.2,-0.265353348443911,1
1,1.75,0.05,9,"prot50_age",0.6,0.923781009546325,1
1,1.75,0.05,9,"prot50_income",-0.7,-0.812373583704628,1
1,1.75,0.05,9,"prot50_child",0,0.758797079579537,1
1,1.75,0.05,9,"invasive_male",0,0.0622586785501011,1
1,1.75,0.05,9,"invasive_age",0,0.350909642794074,1
1,1.75,0.05,9,"invasive_income",-0.7,-0.305906813706438,1
1,1.75,0.05,9,"invasive_child",0,0.0349031934070314,0
1,1.75,0.05,10,"ASC2_male",0.9,0.0788220485396993,1
1,1.75,0.05,10,"ASC2_age",0,-0.350956244259522,1
1,1.75,0.05,10,"ASC2_income",1.2,0.944800565185903,1
1,1.75,0.05,10,"ASC2_child",-0.8,-1.69076555522081,1
1,1.75,0.05,10,"ASC3_male",0.4,-0.353879709349054,1
1,1.75,0.05,10,"ASC3_age",-0.4,-0.452217205639947,1
1,1.75,0.05,10,"ASC3_income",0,0.560217928067004,1
1,1.75,0.05,10,"ASC3_child",0,-1.03008818759219,1
1,1.75,0.05,10,"prot25_male",1,0.591086011796632,1
1,1.75,0.05,10,"prot25_age",0,0.0890917271398426,1
1,1.75,0.05,10,"prot25_income",0,0.241960407819197,1
1,1.75,0.05,10,"prot25_child",0,0.0736143673876679,1
1,1.75,0.05,10,"prot50_male",0.4,-0.157067467108797,1
1,1.75,0.05,10,"prot50_age",0,0.242926495848123,1
1,1.75,0.05,10,"prot50_income",0,0.127219508181732,1
1,1.75,0.05,10,"prot50_child",0.7,1.04840887792596,1
1,1.75,0.05,10,"invasive_male",0,-0.582256764047594,1
1,1.75,0.05,10,"invasive_age",0.6,0.528957927876688,1
1,1.75,0.05,10,"invasive_income",0,0.229520628162926,1
1,1.75,0.05,10,"invasive_child",-0.7,-0.288915175604678,1
1,1.75,0.05,11,"ASC2_male",1.1,0.0235764734722445,0
1,1.75,0.05,11,"ASC2_age",-0.5,-0.115069521366738,1
1,1.75,0.05,11,"ASC2_income",0,-0.443253559624826,1
1,1.75,0.05,11,"ASC2_child",-0.5,0.683863841631006,1
1,1.75,0.05,11,"ASC3_male",0,-0.129864138421196,1
1,1.75,0.05,11,"ASC3_age",0,-0.0997029141778122,1
1,1.75,0.05,11,"ASC3_income",-0.7,-1.31314123345198,1
1,1.75,0.05,11,"ASC3_child",0,0.327212106710277,1
1,1.75,0.05,11,"prot25_male",0,0.656299554593665,1
1,1.75,0.05,11,"prot25_age",0.7,0.615043253976398,1
1,1.75,0.05,11,"prot25_income",0,0.135653747330058,1
1,1.75,0.05,11,"prot25_child",0,-0.547507849540741,1
1,1.75,0.05,11,"prot50_male",-1,0.0655770467861271,1
1,1.75,0.05,11,"prot50_age",0.7,0.638163956865588,1
1,1.75,0.05,11,"prot50_income",0.1,0.418032017518875,1
1,1.75,0.05,11,"prot50_child",1.2,0.658832887545856,1
1,1.75,0.05,11,"invasive_male",0,-0.061440034751919,1
1,1.75,0.05,11,"invasive_age",0,0.103011826228976,1
1,1.75,0.05,11,"invasive_income",-0.2,-0.323008142688237,1
1,1.75,0.05,11,"invasive_child",0,-0.208825989739418,1
1,1.75,0.05,12,"ASC2_male",0,0.395442787619437,1
1,1.75,0.05,12,"ASC2_age",0.8,0.711566247079193,1
1,1.75,0.05,12,"ASC2_income",0,-0.924376728847281,1
1,1.75,0.05,12,"ASC2_child",0,0.147757520682162,1
1,1.75,0.05,12,"ASC3_male",0.6,0.222448373717488,1
1,1.75,0.05,12,"ASC3_age",0.2,0.384679581690446,1
1,1.75,0.05,12,"ASC3_income",0,-1.07134156370997,1
1,1.75,0.05,12,"ASC3_child",0,-0.447401154499107,1
1,1.75,0.05,12,"prot25_male",0,-0.261178051847397,1
1,1.75,0.05,12,"prot25_age",-0.9,-0.748993301603214,1
1,1.75,0.05,12,"prot25_income",0,0.697265099462125,1
1,1.75,0.05,12,"prot25_child",0.2,0.0955949621634546,1
1,1.75,0.05,12,"prot50_male",-0.7,-0.748167302976084,1
1,1.75,0.05,12,"prot50_age",-0.6,-0.464836286038157,1
1,1.75,0.05,12,"prot50_income",0,0.92887849469649,1
1,1.75,0.05,12,"prot50_child",0,-0.313781036975258,1
1,1.75,0.05,12,"invasive_male",-0.7,-0.8549309185953,1
1,1.75,0.05,12,"invasive_age",-1.2,-0.693211018552854,1
1,1.75,0.05,12,"invasive_income",-1.1,-0.81236104464626,1
1,1.75,0.05,12,"invasive_child",0,-0.236375633278492,1
1,1.75,0.05,13,"ASC2_male",-0.7,-1.58770743615074,1
1,1.75,0.05,13,"ASC2_age",-0.3,-0.318959292455455,1
1,1.75,0.05,13,"ASC2_income",0,-0.0822179038099901,1
1,1.75,0.05,13,"ASC2_child",0,-0.397546805238749,1
1,1.75,0.05,13,"ASC3_male",0,-1.09930300022292,1
1,1.75,0.05,13,"ASC3_age",0,-0.260408677288642,1
1,1.75,0.05,13,"ASC3_income",0,-0.0936946808889739,1
1,1.75,0.05,13,"ASC3_child",-1.1,-1.37220333224208,1
1,1.75,0.05,13,"prot25_male",-0.5,0.35628290876715,1
1,1.75,0.05,13,"prot25_age",0,0.532749554386755,1
1,1.75,0.05,13,"prot25_income",0.3,0.0612945512506928,1
1,1.75,0.05,13,"prot25_child",-0.3,0.659504372020602,1
1,1.75,0.05,13,"prot50_male",0.9,1.4821721088935,1
1,1.75,0.05,13,"prot50_age",1,1.04674585002612,1
1,1.75,0.05,13,"prot50_income",-0.5,-0.41005319000092,1
1,1.75,0.05,13,"prot50_child",0,1.01162452189444,1
1,1.75,0.05,13,"invasive_male",0,-0.440064583153464,1
1,1.75,0.05,13,"invasive_age",0,0.406098992717098,1
1,1.75,0.05,13,"invasive_income",1,0.518255706592459,1
1,1.75,0.05,13,"invasive_child",0,-0.308158717853259,1
1,1.75,0.05,14,"ASC2_male",0.7,0.402566042829692,1
1,1.75,0.05,14,"ASC2_age",0,0.192142465759174,1
1,1.75,0.05,14,"ASC2_income",0,0.598230268292595,1
1,1.75,0.05,14,"ASC2_child",-1.2,-0.0128951214935381,0
1,1.75,0.05,14,"ASC3_male",-1.1,-1.35101648707898,1
1,1.75,0.05,14,"ASC3_age",0,0.577597411762582,1
1,1.75,0.05,14,"ASC3_income",0,0.296220661092525,1
1,1.75,0.05,14,"ASC3_child",0,0.767170460969984,1
1,1.75,0.05,14,"prot25_male",0,0.80731487218771,1
1,1.75,0.05,14,"prot25_age",-0.2,-0.483978386296,1
1,1.75,0.05,14,"prot25_income",-1,-0.655152174489576,1
1,1.75,0.05,14,"prot25_child",-0.2,-0.449333107416756,1
1,1.75,0.05,14,"prot50_male",0,-0.253853831746014,1
1,1.75,0.05,14,"prot50_age",-1,-1.01871381785428,1
1,1.75,0.05,14,"prot50_income",1,0.798111352561332,1
1,1.75,0.05,14,"prot50_child",0,0.0982920660405162,1
1,1.75,0.05,14,"invasive_male",0,0.27704399578462,1
1,1.75,0.05,14,"invasive_age",0.6,0.672432720960782,1
1,1.75,0.05,14,"invasive_income",0.2,0.125852998427488,1
1,1.75,0.05,14,"invasive_child",0,0.336256732239988,1
1,1.75,0.05,15,"ASC2_male",-0.1,0.668631333737961,1
1,1.75,0.05,15,"ASC2_age",-0.6,-0.576610480583465,1
1,1.75,0.05,15,"ASC2_income",0.3,0.523168916517613,1
1,1.75,0.05,15,"ASC2_child",0,0.859351250879476,1
1,1.75,0.05,15,"ASC3_male",0,0.741472408603415,1
1,1.75,0.05,15,"ASC3_age",0,-0.0584714093723636,1
1,1.75,0.05,15,"ASC3_income",1.1,0.867451798340019,1
1,1.75,0.05,15,"ASC3_child",1.2,1.05156994095916,1
1,1.75,0.05,15,"prot25_male",0,-0.348022224107352,1
1,1.75,0.05,15,"prot25_age",0,-0.0910357837522161,1
1,1.75,0.05,15,"prot25_income",0,-0.46776074611355,1
1,1.75,0.05,15,"prot25_child",0.8,0.163649498062064,1
1,1.75,0.05,15,"prot50_male",0,-0.737984646608087,1
1,1.75,0.05,15,"prot50_age",0.8,0.559700669048564,1
1,1.75,0.05,15,"prot50_income",0.2,-0.303388264424804,1
1,1.75,0.05,15,"prot50_child",0,-0.79021924116987,1
1,1.75,0.05,15,"invasive_male",0,0.393940895951921,1
1,1.75,0.05,15,"invasive_age",-1.2,-0.8937146582283,1
1,1.75,0.05,15,"invasive_income",0,0.0202148650193865,0
1,1.75,0.05,15,"invasive_child",0.9,0.0947207135943314,1
1,1.75,0.05,16,"ASC2_male",1,1.21699654672603,1
1,1.75,0.05,16,"ASC2_age",1,0.543302750431925,1
1,1.75,0.05,16,"ASC2_income",0,0.00430666687249424,0
1,1.75,0.05,16,"ASC2_child",0,-1.78521661758697,1
1,1.75,0.05,16,"ASC3_male",0.7,1.11472611806998,1
1,1.75,0.05,16,"ASC3_age",0,0.00487957346464137,0
1,1.75,0.05,16,"ASC3_income",0,-0.268210022633714,1
1,1.75,0.05,16,"ASC3_child",-1,-2.51674265928922,1
1,1.75,0.05,16,"prot25_male",0,-0.875378599253656,1
1,1.75,0.05,16,"prot25_age",0.2,0.437647721509567,1
1,1.75,0.05,16,"prot25_income",0,0.0435821767175085,0
1,1.75,0.05,16,"prot25_child",0,1.50959717779846,1
1,1.75,0.05,16,"prot50_male",0.9,0.180424245182333,1
1,1.75,0.05,16,"prot50_age",0.5,0.555033232621492,1
1,1.75,0.05,16,"prot50_income",0,0.0658929136373235,1
1,1.75,0.05,16,"prot50_child",-0.3,0.621721166943676,1
1,1.75,0.05,16,"invasive_male",-0.4,0.226572567533194,1
1,1.75,0.05,16,"invasive_age",0,-0.0821779101313981,1
1,1.75,0.05,16,"invasive_income",0.2,0.0479114349134036,0
1,1.75,0.05,16,"invasive_child",0,-0.767805363991957,1
1,1.75,0.05,17,"ASC2_male",0.6,0.433589503402384,1
1,1.75,0.05,17,"ASC2_age",-1,-0.926790913091227,1
1,1.75,0.05,17,"ASC2_income",1,0.718841048469376,1
1,1.75,0.05,17,"ASC2_child",0.8,0.133275042309477,1
1,1.75,0.05,17,"ASC3_male",0,0.178122712870137,1
1,1.75,0.05,17,"ASC3_age",0,-0.220759107001264,1
1,1.75,0.05,17,"ASC3_income",0.7,0.619253398873081,1
1,1.75,0.05,17,"ASC3_child",-0.4,-0.839363358240933,1
1,1.75,0.05,17,"prot25_male",0,-0.441938044125901,1
1,1.75,0.05,17,"prot25_age",0,-0.0123705362360062,0
1,1.75,0.05,17,"prot25_income",0,-0.36928952680883,1
1,1.75,0.05,17,"prot25_child",-0.7,-1.00090151780367,1
1,1.75,0.05,17,"prot50_male",0,-0.299271397181786,1
1,1.75,0.05,17,"prot50_age",0,0.0738585809695985,1
1,1.75,0.05,17,"prot50_income",0.4,-0.119472270490371,1
1,1.75,0.05,17,"prot50_child",-1.1,-0.936661617512052,1
1,1.75,0.05,17,"invasive_male",0,-0.0494530984510557,0
1,1.75,0.05,17,"invasive_age",0,-0.213146606580974,1
1,1.75,0.05,17,"invasive_income",0,-0.15949634592641,1
1,1.75,0.05,17,"invasive_child",0.8,0.208043056700012,1
1,1.75,0.05,18,"ASC2_male",0,-0.853844652983059,1
1,1.75,0.05,18,"ASC2_age",0,0.705836624325354,1
1,1.75,0.05,18,"ASC2_income",0.2,0.162139500560175,1
1,1.75,0.05,18,"ASC2_child",0,0.39775879125748,1
1,1.75,0.05,18,"ASC3_male",0.3,-0.0436847269071814,0
1,1.75,0.05,18,"ASC3_age",0,0.393770845193984,1
1,1.75,0.05,18,"ASC3_income",0.7,0.503680561142917,1
1,1.75,0.05,18,"ASC3_child",0,0.00104025582781851,0
1,1.75,0.05,18,"prot25_male",0,-0.0838800282752423,1
1,1.75,0.05,18,"prot25_age",0.2,-0.53527913839935,1
1,1.75,0.05,18,"prot25_income",0,0.28749659991991,1
1,1.75,0.05,18,"prot25_child",0.9,0.399552378702585,1
1,1.75,0.05,18,"prot50_male",-0.9,0.131399827886329,1
1,1.75,0.05,18,"prot50_age",0,-0.825496244154974,1
1,1.75,0.05,18,"prot50_income",0,0.147144821235645,1
1,1.75,0.05,18,"prot50_child",0,-0.430528558270332,1
1,1.75,0.05,18,"invasive_male",-0.9,-1.67335150352429,1
1,1.75,0.05,18,"invasive_age",0.1,-0.0856218641092275,1
1,1.75,0.05,18,"invasive_income",-0.5,-0.363386844105372,1
1,1.75,0.05,18,"invasive_child",-0.2,-0.347004301709732,1
1,1.75,0.05,19,"ASC2_male",0,-0.301249548548171,1
1,1.75,0.05,19,"ASC2_age",1.2,0.797637054421759,1
1,1.75,0.05,19,"ASC2_income",0,-0.017402173082437,0
1,1.75,0.05,19,"ASC2_child",0,0.129031731965746,1
1,1.75,0.05,19,"ASC3_male",0.1,0.157185494798572,1
1,1.75,0.05,19,"ASC3_age",0,-0.155980114778496,1
1,1.75,0.05,19,"ASC3_income",0.7,0.438730301709532,1
1,1.75,0.05,19,"ASC3_child",0,0.186407659749349,1
1,1.75,0.05,19,"prot25_male",0,0.253001937913584,1
1,1.75,0.05,19,"prot25_age",0.2,0.222686040416158,1
1,1.75,0.05,19,"prot25_income",-0.1,0.0632663639147212,1
1,1.75,0.05,19,"prot25_child",0.6,0.0540195967605224,1
1,1.75,0.05,19,"prot50_male",0.4,0.324704458184762,1
1,1.75,0.05,19,"prot50_age",0,0.388619810742493,1
1,1.75,0.05,19,"prot50_income",0,-0.379248251437906,1
1,1.75,0.05,19,"prot50_child",0,0.657838689896086,1
1,1.75,0.05,19,"invasive_male",0.6,0.256882680346292,1
1,1.75,0.05,19,"invasive_age",0,0.246386237805488,1
1,1.75,0.05,19,"invasive_income",0.2,-0.12806670436141,1
1,1.75,0.05,19,"invasive_child",-0.8,-0.288780200573863,1
1,1.75,0.05,20,"ASC2_male",-1,-0.779342768733841,1
1,1.75,0.05,20,"ASC2_age",1,0.058744371816242,1
1,1.75,0.05,20,"ASC2_income",-0.8,0.166118704335648,1
1,1.75,0.05,20,"ASC2_child",0,0.378431087720255,1
1,1.75,0.05,20,"ASC3_male",0,0.182659615111444,1
1,1.75,0.05,20,"ASC3_age",0,-0.405279172168299,1
1,1.75,0.05,20,"ASC3_income",0,0.232487219943787,1
1,1.75,0.05,20,"ASC3_child",0,0.326288441325653,1
1,1.75,0.05,20,"prot25_male",0,0.032689033617057,0
1,1.75,0.05,20,"prot25_age",0,0.472081279739415,1
1,1.75,0.05,20,"prot25_income",0.3,-0.237260206223532,1
1,1.75,0.05,20,"prot25_child",0.3,0.208556231461852,1
1,1.75,0.05,20,"prot50_male",0.4,0.474623176161236,1
1,1.75,0.05,20,"prot50_age",-0.9,-0.163740552180088,1
1,1.75,0.05,20,"prot50_income",-1.1,-1.06217429514149,1
1,1.75,0.05,20,"prot50_child",0,0.336447854610409,1
1,1.75,0.05,20,"invasive_male",0,0.0167524181734096,0
1,1.75,0.05,20,"invasive_age",-0.3,-0.48703665087998,1
1,1.75,0.05,20,"invasive_income",-0.7,-0.304562555369426,1
1,1.75,0.05,20,"invasive_child",0,0.53147166873903,1
1,1.75,0.05,21,"ASC2_male",-0.1,-0.368411055771788,1
1,1.75,0.05,21,"ASC2_age",0,0.0260005477377902,0
1,1.75,0.05,21,"ASC2_income",0,-0.356957396473216,1
1,1.75,0.05,21,"ASC2_child",0.4,1.06144797842352,1
1,1.75,0.05,21,"ASC3_male",0,-0.607041277712573,1
1,1.75,0.05,21,"ASC3_age",-0.8,-0.442703143653546,1
1,1.75,0.05,21,"ASC3_income",0,-0.32750754801486,1
1,1.75,0.05,21,"ASC3_child",-0.3,0.50644389137333,1
1,1.75,0.05,21,"prot25_male",-0.8,-0.0122773965790489,0
1,1.75,0.05,21,"prot25_age",-0.4,-0.37946789615822,1
1,1.75,0.05,21,"prot25_income",0,0.388478701053402,1
1,1.75,0.05,21,"prot25_child",-0.3,-0.485461801993853,1
1,1.75,0.05,21,"prot50_male",0.5,0.685134113471673,1
1,1.75,0.05,21,"prot50_age",0,-0.278188991386059,1
1,1.75,0.05,21,"prot50_income",0,-0.165207773554974,1
1,1.75,0.05,21,"prot50_child",0.1,-0.756688464296182,1
1,1.75,0.05,21,"invasive_male",0,-0.568641965158714,1
1,1.75,0.05,21,"invasive_age",-0.3,-0.0157387068017207,0
1,1.75,0.05,21,"invasive_income",0,-0.436307336736269,1
1,1.75,0.05,21,"invasive_child",0,0.00654081128690517,0
1,1.75,0.05,22,"ASC2_male",0.9,0.270911015969432,1
1,1.75,0.05,22,"ASC2_age",0,-0.432511703303296,1
1,1.75,0.05,22,"ASC2_income",0,0.595712268270425,1
1,1.75,0.05,22,"ASC2_child",-0.7,-0.420032675793154,1
1,1.75,0.05,22,"ASC3_male",-0.7,-0.934959098190204,1
1,1.75,0.05,22,"ASC3_age",0,-0.409810572376243,1
1,1.75,0.05,22,"ASC3_income",0,0.552598981866897,1
1,1.75,0.05,22,"ASC3_child",0,0.138766484187597,1
1,1.75,0.05,22,"prot25_male",0,-0.52162731337079,1
1,1.75,0.05,22,"prot25_age",-0.2,0.218716278832857,1
1,1.75,0.05,22,"prot25_income",0.4,0.0600410195126395,1
1,1.75,0.05,22,"prot25_child",0,0.476892430499044,1
1,1.75,0.05,22,"prot50_male",0.4,0.144906006368938,1
1,1.75,0.05,22,"prot50_age",-1,-0.800295768646336,1
1,1.75,0.05,22,"prot50_income",0,-0.0845636103368365,1
1,1.75,0.05,22,"prot50_child",0.9,0.464715629642259,1
1,1.75,0.05,22,"invasive_male",0,0.168869734949558,1
1,1.75,0.05,22,"invasive_age",-0.8,-0.458944408271098,1
1,1.75,0.05,22,"invasive_income",0,0.104485911677876,1
1,1.75,0.05,22,"invasive_child",-0.1,-0.0901466497933318,1
1,1.75,0.05,23,"ASC2_male",-0.1,-0.340829677268971,1
1,1.75,0.05,23,"ASC2_age",-0.3,-0.073126812823091,1
1,1.75,0.05,23,"ASC2_income",0,-0.335649864484454,1
1,1.75,0.05,23,"ASC2_child",0,0.50881594111264,1
1,1.75,0.05,23,"ASC3_male",-0.9,-0.293636722482608,1
1,1.75,0.05,23,"ASC3_age",0,0.0624962189250167,1
1,1.75,0.05,23,"ASC3_income",0,-0.514334505289716,1
1,1.75,0.05,23,"ASC3_child",1,0.940859080772676,1
1,1.75,0.05,23,"prot25_male",0,-0.12341917489015,1
1,1.75,0.05,23,"prot25_age",0,-0.192276826698083,1
1,1.75,0.05,23,"prot25_income",0,0.358437504907296,1
1,1.75,0.05,23,"prot25_child",-1.1,-0.98904677805703,1
1,1.75,0.05,23,"prot50_male",-1.1,-0.708677101208724,1
1,1.75,0.05,23,"prot50_age",-0.8,-0.973111310786774,1
1,1.75,0.05,23,"prot50_income",0,0.0444693661105788,0
1,1.75,0.05,23,"prot50_child",0,-0.552368494822102,1
1,1.75,0.05,23,"invasive_male",-0.4,-0.237651081855083,1
1,1.75,0.05,23,"invasive_age",-0.4,-0.293380748211562,1
1,1.75,0.05,23,"invasive_income",0.8,0.263698584663288,1
1,1.75,0.05,23,"invasive_child",0,0.158363885552398,1
1,1.75,0.05,24,"ASC2_male",0.6,0.143592702604755,1
1,1.75,0.05,24,"ASC2_age",-1.1,-0.660371680683379,1
1,1.75,0.05,24,"ASC2_income",0,-0.0759737096325722,1
1,1.75,0.05,24,"ASC2_child",0,0.0881600937943069,1
1,1.75,0.05,24,"ASC3_male",0,-0.251015909739761,1
1,1.75,0.05,24,"ASC3_age",0,0.078729444641377,1
1,1.75,0.05,24,"ASC3_income",-0.6,-0.125730718954544,1
1,1.75,0.05,24,"ASC3_child",0.4,-0.342821871092925,1
1,1.75,0.05,24,"prot25_male",-0.3,-0.357566330017573,1
1,1.75,0.05,24,"prot25_age",0,-0.0750165489262904,1
1,1.75,0.05,24,"prot25_income",0,-0.0785849159971753,1
1,1.75,0.05,24,"prot25_child",-0.4,0.563744403692467,1
1,1.75,0.05,24,"prot50_male",0,-1.02110905617991,1
1,1.75,0.05,24,"prot50_age",0,0.429554986859761,1
1,1.75,0.05,24,"prot50_income",-0.5,-0.39830534204837,1
1,1.75,0.05,24,"prot50_child",0,0.4548987942041,1
1,1.75,0.05,24,"invasive_male",0.9,0.78355858956616,1
1,1.75,0.05,24,"invasive_age",-0.7,-0.450196859799916,1
1,1.75,0.05,24,"invasive_income",1.2,1.00713809239734,1
1,1.75,0.05,24,"invasive_child",0,0.489052330982406,1
1,1.75,0.05,25,"ASC2_male",-0.8,-0.536449677495532,1
1,1.75,0.05,25,"ASC2_age",1,0.842848387429357,1
1,1.75,0.05,25,"ASC2_income",0,-0.104213297314209,1
1,1.75,0.05,25,"ASC2_child",0,0.337887062415322,1
1,1.75,0.05,25,"ASC3_male",0.9,0.911224341009818,1
1,1.75,0.05,25,"ASC3_age",0,0.490177136695167,1
1,1.75,0.05,25,"ASC3_income",-0.7,-0.509430113247245,1
1,1.75,0.05,25,"ASC3_child",-0.9,0.191289371233508,1
1,1.75,0.05,25,"prot25_male",0,-0.0536183841839785,1
1,1.75,0.05,25,"prot25_age",0,-0.00384507043884036,0
1,1.75,0.05,25,"prot25_income",-0.9,-0.40141143241415,1
1,1.75,0.05,25,"prot25_child",0,-0.722650561307059,1
1,1.75,0.05,25,"prot50_male",0,-0.178274788585582,1
1,1.75,0.05,25,"prot50_age",0,0.0632050736742442,1
1,1.75,0.05,25,"prot50_income",0.3,0.133540654938879,1
1,1.75,0.05,25,"prot50_child",0,-0.363277517469196,1
1,1.75,0.05,25,"invasive_male",-1.2,-0.371537731213339,1
1,1.75,0.05,25,"invasive_age",0.2,0.366185168245246,1
1,1.75,0.05,25,"invasive_income",0,0.0460049922038104,0
1,1.75,0.05,25,"invasive_child",-0.3,0.280004836440604,1
1,1.75,0.05,26,"ASC2_male",0,0.416993510415093,1
1,1.75,0.05,26,"ASC2_age",0,-0.42519071713393,1
1,1.75,0.05,26,"ASC2_income",-0.2,-0.052884250407524,1
1,1.75,0.05,26,"ASC2_child",0,-0.396837652407137,1
1,1.75,0.05,26,"ASC3_male",0.2,0.523864392667512,1
1,1.75,0.05,26,"ASC3_age",0,-0.415030651037999,1
1,1.75,0.05,26,"ASC3_income",-0.6,-0.517470458564343,1
1,1.75,0.05,26,"ASC3_child",-0.4,-0.425912897233541,1
1,1.75,0.05,26,"prot25_male",0,0.0527199106306202,1
1,1.75,0.05,26,"prot25_age",0.3,0.0675591681058305,1
1,1.75,0.05,26,"prot25_income",-1.1,-1.08673371685875,1
1,1.75,0.05,26,"prot25_child",0.6,-0.00619060978362839,0
1,1.75,0.05,26,"prot50_male",0,0.191301780706501,1
1,1.75,0.05,26,"prot50_age",1.2,0.815008617347925,1
1,1.75,0.05,26,"prot50_income",0,-0.10613474585815,1
1,1.75,0.05,26,"prot50_child",-0.3,-0.0315603030709554,0
1,1.75,0.05,26,"invasive_male",0,0.478119968538811,1
1,1.75,0.05,26,"invasive_age",0,0.124039281957557,1
1,1.75,0.05,26,"invasive_income",0,-0.167730534277351,1
1,1.75,0.05,26,"invasive_child",0.9,0.744446033094003,1
1,1.75,0.05,27,"ASC2_male",0.2,0.829189158998423,1
1,1.75,0.05,27,"ASC2_age",-0.9,-0.788080942920145,1
1,1.75,0.05,27,"ASC2_income",0.7,0.102991979535902,1
1,1.75,0.05,27,"ASC2_child",0,-0.800577953921973,1
1,1.75,0.05,27,"ASC3_male",0,0.428540686906868,1
1,1.75,0.05,27,"ASC3_age",0,-0.0642626980222051,1
1,1.75,0.05,27,"ASC3_income",0.5,-0.469665789156103,1
1,1.75,0.05,27,"ASC3_child",-0.7,-1.4169305003607,1
1,1.75,0.05,27,"prot25_male",0.8,0.19275532570736,1
1,1.75,0.05,27,"prot25_age",0,-0.22011380918619,1
1,1.75,0.05,27,"prot25_income",0,0.500340608725636,1
1,1.75,0.05,27,"prot25_child",0,0.418985286246894,1
1,1.75,0.05,27,"prot50_male",0,-0.33634767919317,1
1,1.75,0.05,27,"prot50_age",0.7,-0.0254329690767275,0
1,1.75,0.05,27,"prot50_income",0,0.511471835894507,1
1,1.75,0.05,27,"prot50_child",-1,-0.567947179689332,1
1,1.75,0.05,27,"invasive_male",0,0.539568546290321,1
1,1.75,0.05,27,"invasive_age",0,-0.382492719205827,1
1,1.75,0.05,27,"invasive_income",1,0.532004849445969,1
1,1.75,0.05,27,"invasive_child",0.9,-0.584986111149389,1
1,1.75,0.05,28,"ASC2_male",0,-0.376077057976372,1
1,1.75,0.05,28,"ASC2_age",0,0.135256103755652,1
1,1.75,0.05,28,"ASC2_income",0,-0.0324715636623335,0
1,1.75,0.05,28,"ASC2_child",-0.9,0.245564916389635,1
1,1.75,0.05,28,"ASC3_male",-0.9,-0.707124497498396,1
1,1.75,0.05,28,"ASC3_age",-0.3,0.0600517333678477,1
1,1.75,0.05,28,"ASC3_income",0,0.0451092182242842,0
1,1.75,0.05,28,"ASC3_child",0,0.400375214992008,1
1,1.75,0.05,28,"prot25_male",-0.7,-0.150237072122672,1
1,1.75,0.05,28,"prot25_age",-0.3,-0.346053258138101,1
1,1.75,0.05,28,"prot25_income",0,-0.289300255079693,1
1,1.75,0.05,28,"prot25_child",0,-0.506534816596416,1
1,1.75,0.05,28,"prot50_male",-0.3,-0.844070811740533,1
1,1.75,0.05,28,"prot50_age",0.2,-0.0725161210426653,1
1,1.75,0.05,28,"prot50_income",0,-0.155930496926414,1
1,1.75,0.05,28,"prot50_child",0,-0.349232733039956,1
1,1.75,0.05,28,"invasive_male",0.5,-0.15112631889236,1
1,1.75,0.05,28,"invasive_age",0,-0.0141235108398858,0
1,1.75,0.05,28,"invasive_income",-1,-0.699443412185325,1
1,1.75,0.05,28,"invasive_child",0.6,0.894974566625145,1
1,1.75,0.05,29,"ASC2_male",0.3,-0.41380846050072,1
1,1.75,0.05,29,"ASC2_age",0.9,0.151664806477392,1
1,1.75,0.05,29,"ASC2_income",1.2,0.445854425365473,1
1,1.75,0.05,29,"ASC2_child",0.5,0.894325328918707,1
1,1.75,0.05,29,"ASC3_male",1.1,-0.0274371140541691,0
1,1.75,0.05,29,"ASC3_age",0,-0.479493973156968,1
1,1.75,0.05,29,"ASC3_income",0,-0.231885642967529,1
1,1.75,0.05,29,"ASC3_child",0.1,0.36868869976938,1
1,1.75,0.05,29,"prot25_male",-1.1,-1.58962685216294,1
1,1.75,0.05,29,"prot25_age",0,0.382020307865004,1
1,1.75,0.05,29,"prot25_income",0,0.455522819115927,1
1,1.75,0.05,29,"prot25_child",-0.5,0.145841685258088,1
1,1.75,0.05,29,"prot50_male",0,-0.164743320365083,1
1,1.75,0.05,29,"prot50_age",-0.9,-0.582247353751864,1
1,1.75,0.05,29,"prot50_income",-0.8,-0.428350118042461,1
1,1.75,0.05,29,"prot50_child",0,0.0582138979038421,1
1,1.75,0.05,29,"invasive_male",0,0.412900586651833,1
1,1.75,0.05,29,"invasive_age",0,-0.314195560983683,1
1,1.75,0.05,29,"invasive_income",0,-0.259483099777521,1
1,1.75,0.05,29,"invasive_child",0,-0.304455271659243,1
1,1.75,0.05,30,"ASC2_male",0.4,0.0467456608580841,0
1,1.75,0.05,30,"ASC2_age",0,0.110533077412985,1
1,1.75,0.05,30,"ASC2_income",0,0.612196346359688,1
1,1.75,0.05,30,"ASC2_child",0.7,-0.436506141010123,1
1,1.75,0.05,30,"ASC3_male",1.1,0.706106045751806,1
1,1.75,0.05,30,"ASC3_age",0,0.265007365885032,1
1,1.75,0.05,30,"ASC3_income",0.4,0.871754978259827,1
1,1.75,0.05,30,"ASC3_child",0.9,-0.169090941395454,1
1,1.75,0.05,30,"prot25_male",-0.2,-0.279523086112603,1
1,1.75,0.05,30,"prot25_age",0.1,-0.153012374087797,1
1,1.75,0.05,30,"prot25_income",0.3,0.151962133461088,1
1,1.75,0.05,30,"prot25_child",0,0.624500466573966,1
1,1.75,0.05,30,"prot50_male",0,-0.457769797110824,1
1,1.75,0.05,30,"prot50_age",0,0.0961170581380531,1
1,1.75,0.05,30,"prot50_income",0,-0.708853268922032,1
1,1.75,0.05,30,"prot50_child",0,0.143659623902927,1
1,1.75,0.05,30,"invasive_male",-0.6,-0.728403607770986,1
1,1.75,0.05,30,"invasive_age",0,0.323170552092808,1
1,1.75,0.05,30,"invasive_income",-1,-1.01672216315251,1
1,1.75,0.05,30,"invasive_child",0,-0.318951539835421,1
1,1.75,0.05,31,"ASC2_male",-0.3,0.0531167064914906,1
1,1.75,0.05,31,"ASC2_age",1.2,0.811624404966181,1
1,1.75,0.05,31,"ASC2_income",1,0.425617141126967,1
1,1.75,0.05,31,"ASC2_child",0,-0.710364997736096,1
1,1.75,0.05,31,"ASC3_male",0,0.120334934027601,1
1,1.75,0.05,31,"ASC3_age",1.1,1.0490084853718,1
1,1.75,0.05,31,"ASC3_income",-0.6,-0.765033288659914,1
1,1.75,0.05,31,"ASC3_child",0,0.315365017172023,1
1,1.75,0.05,31,"prot25_male",0,0.181627477878235,1
1,1.75,0.05,31,"prot25_age",-0.2,-0.33149585101978,1
1,1.75,0.05,31,"prot25_income",0,0.326229040286278,1
1,1.75,0.05,31,"prot25_child",-0.2,0.224241010021209,1
1,1.75,0.05,31,"prot50_male",-0.3,-0.201550904802398,1
1,1.75,0.05,31,"prot50_age",0,-0.0957916686645529,1
1,1.75,0.05,31,"prot50_income",0,-0.314600920491984,1
1,1.75,0.05,31,"prot50_child",0,0.220311912099912,1
1,1.75,0.05,31,"invasive_male",0,0.53494122259627,1
1,1.75,0.05,31,"invasive_age",0.2,0.0448534394161089,0
1,1.75,0.05,31,"invasive_income",0.9,0.397139937236796,1
1,1.75,0.05,31,"invasive_child",0,-0.692027903748974,1
1,1.75,0.05,32,"ASC2_male",0.6,0.595690166036637,1
1,1.75,0.05,32,"ASC2_age",0,-0.0484790050888471,0
1,1.75,0.05,32,"ASC2_income",1.1,0.701484586541562,1
1,1.75,0.05,32,"ASC2_child",0,-0.57619495320784,1
1,1.75,0.05,32,"ASC3_male",-0.7,0.0524461607837264,1
1,1.75,0.05,32,"ASC3_age",-1.1,-0.563119682095108,1
1,1.75,0.05,32,"ASC3_income",0,-0.337245690432024,1
1,1.75,0.05,32,"ASC3_child",-0.3,-0.527951428053186,1
1,1.75,0.05,32,"prot25_male",0.7,-0.044970916424799,0
1,1.75,0.05,32,"prot25_age",0,-0.286638151274041,1
1,1.75,0.05,32,"prot25_income",-0.5,-0.853082046936701,1
1,1.75,0.05,32,"prot25_child",-1.1,-0.766808303660949,1
1,1.75,0.05,32,"prot50_male",0,0.252351430732514,1
1,1.75,0.05,32,"prot50_age",-0.6,-0.491796244265086,1
1,1.75,0.05,32,"prot50_income",0,-0.109276298361007,1
1,1.75,0.05,32,"prot50_child",0,0.12402030620058,1
1,1.75,0.05,32,"invasive_male",0,-0.335389292339498,1
1,1.75,0.05,32,"invasive_age",0,-0.208291087614854,1
1,1.75,0.05,32,"invasive_income",0,-0.238651032621451,1
1,1.75,0.05,32,"invasive_child",0.2,-0.195508564819275,1
1,1.75,0.05,33,"ASC2_male",-0.4,0.166545764395677,1
1,1.75,0.05,33,"ASC2_age",0,0.442242510052196,1
1,1.75,0.05,33,"ASC2_income",0,0.675442710502608,1
1,1.75,0.05,33,"ASC2_child",0,1.19009678028471,1
1,1.75,0.05,33,"ASC3_male",0.6,1.06353582250694,1
1,1.75,0.05,33,"ASC3_age",0,0.35988990186831,1
1,1.75,0.05,33,"ASC3_income",-1,-0.491660738264916,1
1,1.75,0.05,33,"ASC3_child",0,0.604460991597919,1
1,1.75,0.05,33,"prot25_male",0,-0.638079399053244,1
1,1.75,0.05,33,"prot25_age",0,-0.380196942983948,1
1,1.75,0.05,33,"prot25_income",0,-0.403813325790929,1
1,1.75,0.05,33,"prot25_child",1.1,-0.219547425430075,1
1,1.75,0.05,33,"prot50_male",0,-0.983529349028149,1
1,1.75,0.05,33,"prot50_age",0.4,-0.126916237372651,1
1,1.75,0.05,33,"prot50_income",0.3,-0.0253267271390155,0
1,1.75,0.05,33,"prot50_child",-0.4,-0.359288378236081,1
1,1.75,0.05,33,"invasive_male",0.3,-0.0807687698992021,1
1,1.75,0.05,33,"invasive_age",0,-0.0516729147662056,1
1,1.75,0.05,33,"invasive_income",0.6,0.528051910803972,1
1,1.75,0.05,33,"invasive_child",0.8,1.09915530579508,1
1,1.75,0.05,34,"ASC2_male",0,0.759077966404965,1
1,1.75,0.05,34,"ASC2_age",0,-0.242579435927057,1
1,1.75,0.05,34,"ASC2_income",-0.8,-0.0654473408848187,1
1,1.75,0.05,34,"ASC2_child",-0.4,-0.570326211724476,1
1,1.75,0.05,34,"ASC3_male",0,0.698614318783555,1
1,1.75,0.05,34,"ASC3_age",0,-0.190818499371219,1
1,1.75,0.05,34,"ASC3_income",0,0.365818449721592,1
1,1.75,0.05,34,"ASC3_child",0.4,0.26912791481501,1
1,1.75,0.05,34,"prot25_male",0,-0.514143099098434,1
1,1.75,0.05,34,"prot25_age",0,-0.101312612912404,1
1,1.75,0.05,34,"prot25_income",1,0.30298750084122,1
1,1.75,0.05,34,"prot25_child",1.2,0.703410642514289,1
1,1.75,0.05,34,"prot50_male",0.1,-0.708890612725867,1
1,1.75,0.05,34,"prot50_age",0.2,0.187879558552534,1
1,1.75,0.05,34,"prot50_income",-0.5,-0.200261421850706,1
1,1.75,0.05,34,"prot50_child",0,-0.0376745051893134,0
1,1.75,0.05,34,"invasive_male",0,0.868891949272044,1
1,1.75,0.05,34,"invasive_age",0,-0.677448944600108,1
1,1.75,0.05,34,"invasive_income",-1,-0.10481095139352,1
1,1.75,0.05,34,"invasive_child",0.2,-0.0609029560676807,1
1,1.75,0.05,35,"ASC2_male",0,-0.154782123358685,1
1,1.75,0.05,35,"ASC2_age",0,0.252362832236725,1
1,1.75,0.05,35,"ASC2_income",0.9,0.758360246557677,1
1,1.75,0.05,35,"ASC2_child",0,0.20726875603081,1
1,1.75,0.05,35,"ASC3_male",0,-0.00213349311003174,0
1,1.75,0.05,35,"ASC3_age",1.1,1.2392258910878,1
1,1.75,0.05,35,"ASC3_income",0,0.476172134568026,1
1,1.75,0.05,35,"ASC3_child",0,0.467674106045296,1
1,1.75,0.05,35,"prot25_male",-0.2,0.63341793963571,1
1,1.75,0.05,35,"prot25_age",0.3,-0.106596557193179,1
1,1.75,0.05,35,"prot25_income",0,0.0551343233855323,1
1,1.75,0.05,35,"prot25_child",-1.1,-1.0908442162061,1
1,1.75,0.05,35,"prot50_male",-0.4,-0.0673125413828175,1
1,1.75,0.05,35,"prot50_age",0,-0.483713041924255,1
1,1.75,0.05,35,"prot50_income",-0.3,-0.0220930376171094,0
1,1.75,0.05,35,"prot50_child",0.5,-0.0791911030233478,1
1,1.75,0.05,35,"invasive_male",0.1,-0.0712563052866182,1
1,1.75,0.05,35,"invasive_age",0,-0.121847585317971,1
1,1.75,0.05,35,"invasive_income",-1.1,-0.129707331820711,1
1,1.75,0.05,35,"invasive_child",0,-0.25559396081049,1
1,1.75,0.05,36,"ASC2_male",-0.4,-0.146609799270907,1
1,1.75,0.05,36,"ASC2_age",-1,-0.896575353841562,1
1,1.75,0.05,36,"ASC2_income",-0.5,-0.471754937495879,1
1,1.75,0.05,36,"ASC2_child",-0.9,-0.102713231025384,1
1,1.75,0.05,36,"ASC3_male",0,0.0390456900712524,0
1,1.75,0.05,36,"ASC3_age",1.1,0.670746459319359,1
1,1.75,0.05,36,"ASC3_income",0,-0.0600585243714779,1
1,1.75,0.05,36,"ASC3_child",0,0.201904231869518,1
1,1.75,0.05,36,"prot25_male",0,-0.408073031491358,1
1,1.75,0.05,36,"prot25_age",0,0.131138815604355,1
1,1.75,0.05,36,"prot25_income",1.1,0.767311665977612,1
1,1.75,0.05,36,"prot25_child",-0.5,-0.836217020667876,1
1,1.75,0.05,36,"prot50_male",0,0.0589592705217634,1
1,1.75,0.05,36,"prot50_age",0,0.00774789716618284,0
1,1.75,0.05,36,"prot50_income",1.1,0.748078093932412,1
1,1.75,0.05,36,"prot50_child",0,0.223917459870975,1
1,1.75,0.05,36,"invasive_male",0.3,-0.230812568234003,1
1,1.75,0.05,36,"invasive_age",0,-0.0163114626178451,0
1,1.75,0.05,36,"invasive_income",-0.5,-0.109135502109506,1
1,1.75,0.05,36,"invasive_child",0,0.681058870211687,1
1,1.75,0.05,37,"ASC2_male",0.6,0.484153674165183,1
1,1.75,0.05,37,"ASC2_age",0,0.330612794229965,1
1,1.75,0.05,37,"ASC2_income",0.9,0.972091693686471,1
1,1.75,0.05,37,"ASC2_child",0,0.427668561741617,1
1,1.75,0.05,37,"ASC3_male",0,0.00485526776093931,0
1,1.75,0.05,37,"ASC3_age",0.6,0.72791480396288,1
1,1.75,0.05,37,"ASC3_income",1.1,0.993823473334227,1
1,1.75,0.05,37,"ASC3_child",-0.8,0.136877286457008,1
1,1.75,0.05,37,"prot25_male",-1.2,-1.12609535546845,1
1,1.75,0.05,37,"prot25_age",0,0.176035793143501,1
1,1.75,0.05,37,"prot25_income",1.1,-0.228256989822585,1
1,1.75,0.05,37,"prot25_child",0,-0.2913977676223,1
1,1.75,0.05,37,"prot50_male",0,-0.401004543909077,1
1,1.75,0.05,37,"prot50_age",0.5,-0.0499245313350318,0
1,1.75,0.05,37,"prot50_income",0,-0.728763216850973,1
1,1.75,0.05,37,"prot50_child",0,-0.209806849862638,1
1,1.75,0.05,37,"invasive_male",0,-0.296418855066752,1
1,1.75,0.05,37,"invasive_age",1.1,0.628448882816972,1
1,1.75,0.05,37,"invasive_income",0,-0.210011272098179,1
1,1.75,0.05,37,"invasive_child",0.6,0.369397327413161,1
1,1.75,0.05,38,"ASC2_male",0.3,0.475809993366457,1
1,1.75,0.05,38,"ASC2_age",0.3,0.314464769017819,1
1,1.75,0.05,38,"ASC2_income",0,-0.300151422755596,1
1,1.75,0.05,38,"ASC2_child",0.9,1.17424762477919,1
1,1.75,0.05,38,"ASC3_male",0,0.398807521444979,1
1,1.75,0.05,38,"ASC3_age",-0.6,-0.175661233957304,1
1,1.75,0.05,38,"ASC3_income",0,-0.282980934016112,1
1,1.75,0.05,38,"ASC3_child",0,0.416482628039916,1
1,1.75,0.05,38,"prot25_male",0,-0.578556584798542,1
1,1.75,0.05,38,"prot25_age",0,-0.112043107228473,1
1,1.75,0.05,38,"prot25_income",0.7,0.682201610707877,1
1,1.75,0.05,38,"prot25_child",0,-0.872238588819383,1
1,1.75,0.05,38,"prot50_male",0,-0.314768785890103,1
1,1.75,0.05,38,"prot50_age",0,-0.41867457518778,1
1,1.75,0.05,38,"prot50_income",0.2,0.470164101615134,1
1,1.75,0.05,38,"prot50_child",-0.8,-1.15141216327685,1
1,1.75,0.05,38,"invasive_male",0.1,0.305947141694991,1
1,1.75,0.05,38,"invasive_age",0,-0.0849729159924432,1
1,1.75,0.05,38,"invasive_income",-0.6,-0.644082468245837,1
1,1.75,0.05,38,"invasive_child",-0.6,-0.447915003969681,1
1,1.75,0.05,39,"ASC2_male",0.9,1.0866439739,1
1,1.75,0.05,39,"ASC2_age",0,0.3442016429019,1
1,1.75,0.05,39,"ASC2_income",0,0.356600491034532,1
1,1.75,0.05,39,"ASC2_child",0,0.471362817890583,1
1,1.75,0.05,39,"ASC3_male",-0.9,-0.250063845650105,1
1,1.75,0.05,39,"ASC3_age",0,0.357496219447642,1
1,1.75,0.05,39,"ASC3_income",-0.7,-0.424998925066062,1
1,1.75,0.05,39,"ASC3_child",-1.1,0.136357649407921,1
1,1.75,0.05,39,"prot25_male",-1,-0.830638639430521,1
1,1.75,0.05,39,"prot25_age",-0.6,-1.02031816245405,1
1,1.75,0.05,39,"prot25_income",0.7,0.902130107851816,1
1,1.75,0.05,39,"prot25_child",-0.3,-1.00953408215977,1
1,1.75,0.05,39,"prot50_male",0,-0.258286225525096,1
1,1.75,0.05,39,"prot50_age",0,-0.419585599550817,1
1,1.75,0.05,39,"prot50_income",0,0.0464193976366354,0
1,1.75,0.05,39,"prot50_child",0,-0.0854923146482969,1
1,1.75,0.05,39,"invasive_male",1.1,0.697188403733306,1
1,1.75,0.05,39,"invasive_age",0,0.094193472435914,1
1,1.75,0.05,39,"invasive_income",0,0.3614446123231,1
1,1.75,0.05,39,"invasive_child",-0.6,0.0777001232757157,1
1,1.75,0.05,40,"ASC2_male",0,-0.129934957731333,1
1,1.75,0.05,40,"ASC2_age",-0.3,0.253692093416661,1
1,1.75,0.05,40,"ASC2_income",1.1,1.24715444944406,1
1,1.75,0.05,40,"ASC2_child",0,0.90309702661378,1
1,1.75,0.05,40,"ASC3_male",0.5,0.200340062250415,1
1,1.75,0.05,40,"ASC3_age",0,0.270908465830477,1
1,1.75,0.05,40,"ASC3_income",-0.9,-0.119799940527532,1
1,1.75,0.05,40,"ASC3_child",-1,0.1012340248464,1
1,1.75,0.05,40,"prot25_male",-0.5,0.179071168142371,1
1,1.75,0.05,40,"prot25_age",-0.3,-0.530989783422009,1
1,1.75,0.05,40,"prot25_income",0,-0.767336578363486,1
1,1.75,0.05,40,"prot25_child",0,-0.17302990950664,1
1,1.75,0.05,40,"prot50_male",0,-0.159876384125443,1
1,1.75,0.05,40,"prot50_age",-1,-0.823252014766685,1
1,1.75,0.05,40,"prot50_income",0,-0.701675197662853,1
1,1.75,0.05,40,"prot50_child",0,-0.54381751883792,1
1,1.75,0.05,40,"invasive_male",0,-0.250627992943296,1
1,1.75,0.05,40,"invasive_age",-0.3,0.0920046982485313,1
1,1.75,0.05,40,"invasive_income",-0.1,-0.0325564676590747,0
1,1.75,0.05,40,"invasive_child",0,0.635238731124075,1
1,1.75,0.05,41,"ASC2_male",-0.5,-0.0991501023115585,1
1,1.75,0.05,41,"ASC2_age",0.9,0.649516742062767,1
1,1.75,0.05,41,"ASC2_income",1.1,0.449698877238366,1
1,1.75,0.05,41,"ASC2_child",0,0.536128254285619,1
1,1.75,0.05,41,"ASC3_male",0.3,0.209511420202787,1
1,1.75,0.05,41,"ASC3_age",0,-0.00843849862676084,0
1,1.75,0.05,41,"ASC3_income",0,-0.149690821355193,1
1,1.75,0.05,41,"ASC3_child",0,0.5384601969778,1
1,1.75,0.05,41,"prot25_male",0,0.441391293558027,1
1,1.75,0.05,41,"prot25_age",0,-0.207461115223945,1
1,1.75,0.05,41,"prot25_income",-0.2,-0.00164390313341391,0
1,1.75,0.05,41,"prot25_child",0.7,0.184980276461956,1
1,1.75,0.05,41,"prot50_male",-0.8,-0.345867322019186,1
1,1.75,0.05,41,"prot50_age",-0.4,-0.783812164088,1
1,1.75,0.05,41,"prot50_income",0,0.145870505779787,1
1,1.75,0.05,41,"prot50_child",0,0.130978113234215,1
1,1.75,0.05,41,"invasive_male",0,-0.454807209301161,1
1,1.75,0.05,41,"invasive_age",0,-0.377850263897865,1
1,1.75,0.05,41,"invasive_income",0.3,0.311007845920112,1
1,1.75,0.05,41,"invasive_child",0.5,0.838076269411257,1
1,1.75,0.05,42,"ASC2_male",0.6,1.31538034378623,1
1,1.75,0.05,42,"ASC2_age",0,-0.415103261002581,1
1,1.75,0.05,42,"ASC2_income",0.6,0.14258578571799,1
1,1.75,0.05,42,"ASC2_child",0.8,-0.645422561367239,1
1,1.75,0.05,42,"ASC3_male",0,0.771416547353304,1
1,1.75,0.05,42,"ASC3_age",-0.3,-0.514146803351464,1
1,1.75,0.05,42,"ASC3_income",0,-0.267646444121232,1
1,1.75,0.05,42,"ASC3_child",-1,-1.57587637977738,1
1,1.75,0.05,42,"prot25_male",0,-0.985817878589989,1
1,1.75,0.05,42,"prot25_age",0.6,0.93418311401618,1
1,1.75,0.05,42,"prot25_income",0,0.426812032507778,1
1,1.75,0.05,42,"prot25_child",0,0.906455453153165,1
1,1.75,0.05,42,"prot50_male",0,-0.831640554370944,1
1,1.75,0.05,42,"prot50_age",0.7,0.903855220030247,1
1,1.75,0.05,42,"prot50_income",-0.9,0.0274569566844377,0
1,1.75,0.05,42,"prot50_child",-0.7,0.36817677777804,1
1,1.75,0.05,42,"invasive_male",1.2,0.897008715978754,1
1,1.75,0.05,42,"invasive_age",0,0.0435125802301957,0
1,1.75,0.05,42,"invasive_income",0,0.275736610280689,1
1,1.75,0.05,42,"invasive_child",0,-0.366647195341184,1
1,1.75,0.05,43,"ASC2_male",-0.7,-0.777043659717948,1
1,1.75,0.05,43,"ASC2_age",0,-0.0117836952979404,0
1,1.75,0.05,43,"ASC2_income",0,-0.228711996047461,1
1,1.75,0.05,43,"ASC2_child",0.2,-0.0553908889256815,1
1,1.75,0.05,43,"ASC3_male",0.5,0.456220953024464,1
1,1.75,0.05,43,"ASC3_age",0,-0.128291752158126,1
1,1.75,0.05,43,"ASC3_income",1,0.19510377056008,1
1,1.75,0.05,43,"ASC3_child",-0.3,0.466828179626413,1
1,1.75,0.05,43,"prot25_male",0,0.158742223128686,1
1,1.75,0.05,43,"prot25_age",-0.9,-0.596091697134756,1
1,1.75,0.05,43,"prot25_income",0,0.209209531833239,1
1,1.75,0.05,43,"prot25_child",0,-0.444783004378783,1
1,1.75,0.05,43,"prot50_male",0,-0.295618290860132,1
1,1.75,0.05,43,"prot50_age",0,0.0818801758733864,1
1,1.75,0.05,43,"prot50_income",-1.2,-0.994155314910059,1
1,1.75,0.05,43,"prot50_child",0.6,0.0314691948366897,0
1,1.75,0.05,43,"invasive_male",0.7,-0.0440008988100525,0
1,1.75,0.05,43,"invasive_age",0,-0.0594035427390917,1
1,1.75,0.05,43,"invasive_income",-0.6,-0.902619541203358,1
1,1.75,0.05,43,"invasive_child",0,-0.0537097277463508,1
1,1.75,0.05,44,"ASC2_male",0,-0.258438104054589,1
1,1.75,0.05,44,"ASC2_age",-0.5,-0.396562987270598,1
1,1.75,0.05,44,"ASC2_income",-1,-0.242452997617597,1
1,1.75,0.05,44,"ASC2_child",-0.8,-0.172197991455385,1
1,1.75,0.05,44,"ASC3_male",-1.1,-0.985992178587618,1
1,1.75,0.05,44,"ASC3_age",0,0.0264031954977173,0
1,1.75,0.05,44,"ASC3_income",0,-0.00354407919689976,0
1,1.75,0.05,44,"ASC3_child",0,0.422383952015214,1
1,1.75,0.05,44,"prot25_male",-1.1,-0.318908580623532,1
1,1.75,0.05,44,"prot25_age",-0.3,-0.225938751792919,1
1,1.75,0.05,44,"prot25_income",0,-0.127762817743096,1
1,1.75,0.05,44,"prot25_child",-0.6,-0.450952349886127,1
1,1.75,0.05,44,"prot50_male",0,0.376073268604037,1
1,1.75,0.05,44,"prot50_age",0,0.135714369579824,1
1,1.75,0.05,44,"prot50_income",-0.8,-0.496074323626888,1
1,1.75,0.05,44,"prot50_child",0,0.343144593982266,1
1,1.75,0.05,44,"invasive_male",-0.3,-0.446838358015636,1
1,1.75,0.05,44,"invasive_age",0,0.23594843796085,1
1,1.75,0.05,44,"invasive_income",0,0.0105055155963964,0
1,1.75,0.05,44,"invasive_child",-0.4,0.869272563931631,1
1,1.75,0.05,45,"ASC2_male",0,0.0554130270079408,1
1,1.75,0.05,45,"ASC2_age",0.7,0.796704564169829,1
1,1.75,0.05,45,"ASC2_income",1.1,0.627882799999536,1
1,1.75,0.05,45,"ASC2_child",0.3,0.309346290384507,1
1,1.75,0.05,45,"ASC3_male",0,-0.344928826439375,1
1,1.75,0.05,45,"ASC3_age",0.4,0.857323690614412,1
1,1.75,0.05,45,"ASC3_income",-0.1,-0.00944371725799073,0
1,1.75,0.05,45,"ASC3_child",0,0.425920611028836,1
1,1.75,0.05,45,"prot25_male",0,0.587772569565615,1
1,1.75,0.05,45,"prot25_age",0,-0.503197332930675,1
1,1.75,0.05,45,"prot25_income",0,0.0314614724648278,0
1,1.75,0.05,45,"prot25_child",1.1,0.203192660332665,1
1,1.75,0.05,45,"prot50_male",0,0.350315548104739,1
1,1.75,0.05,45,"prot50_age",-0.4,-0.370557539074049,1
1,1.75,0.05,45,"prot50_income",0,-0.0417800869384255,0
1,1.75,0.05,45,"prot50_child",0.4,0.268626238116411,1
1,1.75,0.05,45,"invasive_male",-0.3,-0.477171083953091,1
1,1.75,0.05,45,"invasive_age",-0.2,0.367136312907819,1
1,1.75,0.05,45,"invasive_income",0,0.201974778669803,1
1,1.75,0.05,45,"invasive_child",0,0.527538234870568,1
1,1.75,0.05,46,"ASC2_male",0.4,-0.643805397393951,1
1,1.75,0.05,46,"ASC2_age",0,0.31753277040094,1
1,1.75,0.05,46,"ASC2_income",0,-0.179229552065473,1
1,1.75,0.05,46,"ASC2_child",-0.5,-0.200828574606298,1
1,1.75,0.05,46,"ASC3_male",-0.9,-1.73291837537567,1
1,1.75,0.05,46,"ASC3_age",0,-0.0877940090645129,1
1,1.75,0.05,46,"ASC3_income",-1,-0.983027535720692,1
1,1.75,0.05,46,"ASC3_child",0.7,0.420478540407623,1
1,1.75,0.05,46,"prot25_male",0,1.48206464125429,1
1,1.75,0.05,46,"prot25_age",-0.9,-0.94668702413904,1
1,1.75,0.05,46,"prot25_income",0,0.091913390607685,1
1,1.75,0.05,46,"prot25_child",0,-0.201163909572386,1
1,1.75,0.05,46,"prot50_male",0,1.42382641106747,1
1,1.75,0.05,46,"prot50_age",0.3,0.520441600801261,1
1,1.75,0.05,46,"prot50_income",1,0.827823982951317,1
1,1.75,0.05,46,"prot50_child",0,-0.288328381767396,1
1,1.75,0.05,46,"invasive_male",0.3,0.31576397658112,1
1,1.75,0.05,46,"invasive_age",0,0.262328879207726,1
1,1.75,0.05,46,"invasive_income",0.2,0.175002065661438,1
1,1.75,0.05,46,"invasive_child",0,-0.352351282797779,1
1,1.75,0.05,47,"ASC2_male",0,0.346929816524551,1
1,1.75,0.05,47,"ASC2_age",0,-0.128514117239896,1
1,1.75,0.05,47,"ASC2_income",0.8,0.166569348777085,1
1,1.75,0.05,47,"ASC2_child",-1.2,-0.987629593351496,1
1,1.75,0.05,47,"ASC3_male",0.2,0.287074209821181,1
1,1.75,0.05,47,"ASC3_age",0,-0.167365620781947,1
1,1.75,0.05,47,"ASC3_income",0,-0.531661222998496,1
1,1.75,0.05,47,"ASC3_child",0,0.332039341955209,1
1,1.75,0.05,47,"prot25_male",0,0.262860366556377,1
1,1.75,0.05,47,"prot25_age",0.5,0.201730202002272,1
1,1.75,0.05,47,"prot25_income",0.4,0.633708067037571,1
1,1.75,0.05,47,"prot25_child",0.9,0.248730500509921,1
1,1.75,0.05,47,"prot50_male",0,0.482728545378438,1
1,1.75,0.05,47,"prot50_age",-0.3,-0.395213356776674,1
1,1.75,0.05,47,"prot50_income",-0.7,-0.105399928195644,1
1,1.75,0.05,47,"prot50_child",-1.1,-1.28949821545688,1
1,1.75,0.05,47,"invasive_male",0,0.510501588172578,1
1,1.75,0.05,47,"invasive_age",0.5,0.074122786207143,1
1,1.75,0.05,47,"invasive_income",0,-0.455662859302877,1
1,1.75,0.05,47,"invasive_child",0,-0.527071779322302,1
1,1.75,0.05,48,"ASC2_male",1.1,0.826057021291833,1
1,1.75,0.05,48,"ASC2_age",0,-0.102862647167313,1
1,1.75,0.05,48,"ASC2_income",0,-0.218671072219444,1
1,1.75,0.05,48,"ASC2_child",-0.3,-0.423370056738482,1
1,1.75,0.05,48,"ASC3_male",0,-0.119945351993959,1
1,1.75,0.05,48,"ASC3_age",0,-0.0595407684036149,1
1,1.75,0.05,48,"ASC3_income",0.8,0.622640877774925,1
1,1.75,0.05,48,"ASC3_child",0,-0.721157973819078,1
1,1.75,0.05,48,"prot25_male",-0.6,-0.374837753476998,1
1,1.75,0.05,48,"prot25_age",0,0.0510333333681073,1
1,1.75,0.05,48,"prot25_income",-0.2,-0.526826565536033,1
1,1.75,0.05,48,"prot25_child",0,-0.964802770345326,1
1,1.75,0.05,48,"prot50_male",0,0.338560800270608,1
1,1.75,0.05,48,"prot50_age",-0.4,0.181559356686502,1
1,1.75,0.05,48,"prot50_income",0,-0.0204479204188531,0
1,1.75,0.05,48,"prot50_child",0,-0.265964651138422,1
1,1.75,0.05,48,"invasive_male",0.7,0.766391019517386,1
1,1.75,0.05,48,"invasive_age",-0.6,-0.222911631700861,1
1,1.75,0.05,48,"invasive_income",-0.3,0.203883603315786,1
1,1.75,0.05,48,"invasive_child",-0.7,-1.28426513464765,1
1,1.75,0.05,49,"ASC2_male",0.7,0.593742326596634,1
1,1.75,0.05,49,"ASC2_age",0,0.38507336043349,1
1,1.75,0.05,49,"ASC2_income",-0.8,-0.833089300263984,1
1,1.75,0.05,49,"ASC2_child",-0.9,-1.1591411677602,1
1,1.75,0.05,49,"ASC3_male",0,0.358890053682589,1
1,1.75,0.05,49,"ASC3_age",0,0.288829550178646,1
1,1.75,0.05,49,"ASC3_income",-0.5,-0.613629705338295,1
1,1.75,0.05,49,"ASC3_child",0,-0.0288652074264762,0
1,1.75,0.05,49,"prot25_male",0.8,0.746483437607464,1
1,1.75,0.05,49,"prot25_age",0,0.00688331961457949,0
1,1.75,0.05,49,"prot25_income",0,0.107439847423038,1
1,1.75,0.05,49,"prot25_child",0.5,1.04400901340139,1
1,1.75,0.05,49,"prot50_male",-0.1,0.168858951176727,1
1,1.75,0.05,49,"prot50_age",0.8,0.336624546057408,1
1,1.75,0.05,49,"prot50_income",0,-0.0162844922150473,0
1,1.75,0.05,49,"prot50_child",0,-0.0979307474650895,1
1,1.75,0.05,49,"invasive_male",-0.9,-1.07895742319783,1
1,1.75,0.05,49,"invasive_age",0,0.0762353295990754,1
1,1.75,0.05,49,"invasive_income",0,-0.195316724364242,1
1,1.75,0.05,49,"invasive_child",0.3,0.308101965192401,1
1,1.75,0.05,50,"ASC2_male",0,-0.960901072385017,1
1,1.75,0.05,50,"ASC2_age",0.8,0.536853960802041,1
1,1.75,0.05,50,"ASC2_income",0,-0.435292318054255,1
1,1.75,0.05,50,"ASC2_child",0,-0.876452519171578,1
1,1.75,0.05,50,"ASC3_male",-0.5,-1.12175078167709,1
1,1.75,0.05,50,"ASC3_age",-0.4,-0.369664640522301,1
1,1.75,0.05,50,"ASC3_income",1.1,0.281930096839913,1
1,1.75,0.05,50,"ASC3_child",0.5,-0.723221775293458,1
1,1.75,0.05,50,"prot25_male",1.1,1.44309289669887,1
1,1.75,0.05,50,"prot25_age",0.8,0.504774310942132,1
1,1.75,0.05,50,"prot25_income",0,-0.0922422289026288,1
1,1.75,0.05,50,"prot25_child",0,1.38295365149324,1
1,1.75,0.05,50,"prot50_male",-0.6,0.860950689269429,1
1,1.75,0.05,50,"prot50_age",0,-0.115432298765206,1
1,1.75,0.05,50,"prot50_income",-0.3,0.20123512921477,1
1,1.75,0.05,50,"prot50_child",0,1.33782486965031,1
1,1.75,0.05,50,"invasive_male",0,0.460246326596314,1
1,1.75,0.05,50,"invasive_age",0,-0.139431994097307,1
1,1.75,0.05,50,"invasive_income",0.6,0.309536274093175,1
1,1.75,0.05,50,"invasive_child",0,0.417133701924477,1
1,1.75,0.05,51,"ASC2_male",-0.3,0.0124431026416268,0
1,1.75,0.05,51,"ASC2_age",-0.5,-0.353997110607788,1
1,1.75,0.05,51,"ASC2_income",0,-0.360840190507741,1
1,1.75,0.05,51,"ASC2_child",-0.7,-0.665460437837986,1
1,1.75,0.05,51,"ASC3_male",0,0.0316526694865897,0
1,1.75,0.05,51,"ASC3_age",0.5,0.631518802085252,1
1,1.75,0.05,51,"ASC3_income",0,-0.188100993572681,1
1,1.75,0.05,51,"ASC3_child",0,0.209483134220354,1
1,1.75,0.05,51,"prot25_male",-1.1,-1.09471446137529,1
1,1.75,0.05,51,"prot25_age",0.3,-0.012273755155553,0
1,1.75,0.05,51,"prot25_income",0.2,0.312011991380978,1
1,1.75,0.05,51,"prot25_child",0,0.277859320045915,1
1,1.75,0.05,51,"prot50_male",0,0.398525194342112,1
1,1.75,0.05,51,"prot50_age",0,-0.419425599648912,1
1,1.75,0.05,51,"prot50_income",0,0.259215488161443,1
1,1.75,0.05,51,"prot50_child",1.2,0.56866442598351,1
1,1.75,0.05,51,"invasive_male",-0.1,-0.123909035997051,1
1,1.75,0.05,51,"invasive_age",0,-0.047111606452719,0
1,1.75,0.05,51,"invasive_income",0,0.123976905606261,1
1,1.75,0.05,51,"invasive_child",0.3,-0.182355569604145,1
1,1.75,0.05,52,"ASC2_male",-0.5,-1.45903338197038,1
1,1.75,0.05,52,"ASC2_age",-0.5,0.196908209212564,1
1,1.75,0.05,52,"ASC2_income",1.1,0.76344340840774,1
1,1.75,0.05,52,"ASC2_child",-0.5,0.829763126030309,1
1,1.75,0.05,52,"ASC3_male",0.3,-0.409689490389833,1
1,1.75,0.05,52,"ASC3_age",0,0.25347576610364,1
1,1.75,0.05,52,"ASC3_income",0,-0.192646560583817,1
1,1.75,0.05,52,"ASC3_child",0,0.642452909640592,1
1,1.75,0.05,52,"prot25_male",-0.3,0.838799757663388,1
1,1.75,0.05,52,"prot25_age",1,0.294519555037123,1
1,1.75,0.05,52,"prot25_income",0,0.444770589715884,1
1,1.75,0.05,52,"prot25_child",-1.2,-0.658259218389121,1
1,1.75,0.05,52,"prot50_male",0,0.506170716365585,1
1,1.75,0.05,52,"prot50_age",0,-0.287750780868213,1
1,1.75,0.05,52,"prot50_income",0,0.131919722381776,1
1,1.75,0.05,52,"prot50_child",0.3,-0.284554416801326,1
1,1.75,0.05,52,"invasive_male",0.1,-0.410387892645367,1
1,1.75,0.05,52,"invasive_age",0,0.466066950168635,1
1,1.75,0.05,52,"invasive_income",0,0.0379718901394934,0
1,1.75,0.05,52,"invasive_child",0,0.947170971233044,1
1,1.75,0.05,53,"ASC2_male",-0.4,0.0678782826731722,1
1,1.75,0.05,53,"ASC2_age",0,0.191023278245609,1
1,1.75,0.05,53,"ASC2_income",-0.7,-0.383583531329087,1
1,1.75,0.05,53,"ASC2_child",0,-0.165504820873203,1
1,1.75,0.05,53,"ASC3_male",0.3,0.693616881706263,1
1,1.75,0.05,53,"ASC3_age",0.6,0.417540874169378,1
1,1.75,0.05,53,"ASC3_income",0,-0.0258115145730738,0
1,1.75,0.05,53,"ASC3_child",0,-0.0253188371806763,0
1,1.75,0.05,53,"prot25_male",0,-0.337540682608505,1
1,1.75,0.05,53,"prot25_age",0.4,0.100367787862276,1
1,1.75,0.05,53,"prot25_income",0,-0.0989305788314738,1
1,1.75,0.05,53,"prot25_child",0,0.340446132630104,1
1,1.75,0.05,53,"prot50_male",-0.6,-0.391508623782289,1
1,1.75,0.05,53,"prot50_age",0.9,0.0225754052008936,0
1,1.75,0.05,53,"prot50_income",0,0.276924317245959,1
1,1.75,0.05,53,"prot50_child",-1.1,-1.02078422331358,1
1,1.75,0.05,53,"invasive_male",-0.5,-0.151414916003427,1
1,1.75,0.05,53,"invasive_age",0,-0.0142255428491855,0
1,1.75,0.05,53,"invasive_income",0,0.46482085418527,1
1,1.75,0.05,53,"invasive_child",-0.6,-0.637801989468749,1
1,1.75,0.05,54,"ASC2_male",0,-0.73612980433033,1
1,1.75,0.05,54,"ASC2_age",-0.5,-0.335124591864956,1
1,1.75,0.05,54,"ASC2_income",-0.7,-0.294658046964559,1
1,1.75,0.05,54,"ASC2_child",0,0.321303265665672,1
1,1.75,0.05,54,"ASC3_male",1.1,0.111494173187643,1
1,1.75,0.05,54,"ASC3_age",0,0.0733693919314936,1
1,1.75,0.05,54,"ASC3_income",0,0.0559395698691441,1
1,1.75,0.05,54,"ASC3_child",-0.5,0.118812434623232,1
1,1.75,0.05,54,"prot25_male",0,1.15426267816313,1
1,1.75,0.05,54,"prot25_age",0.3,-0.023053823886667,0
1,1.75,0.05,54,"prot25_income",0,0.163509088002636,1
1,1.75,0.05,54,"prot25_child",0,-0.276572724776887,1
1,1.75,0.05,54,"prot50_male",0,0.63795354801046,1
1,1.75,0.05,54,"prot50_age",0.2,-0.0833447995231509,1
1,1.75,0.05,54,"prot50_income",0.5,0.258159012013318,1
1,1.75,0.05,54,"prot50_child",-0.7,-0.618908331200839,1
1,1.75,0.05,54,"invasive_male",0,-0.0405188121825382,0
1,1.75,0.05,54,"invasive_age",0.1,-0.227082499195782,1
1,1.75,0.05,54,"invasive_income",-1.2,-0.619784822027287,1
1,1.75,0.05,54,"invasive_child",0,0.00102778116502208,0
1,1.75,0.05,55,"ASC2_male",0,1.18761369934932,1
1,1.75,0.05,55,"ASC2_age",0,-0.361132897730786,1
1,1.75,0.05,55,"ASC2_income",0,-0.0876757139831541,1
1,1.75,0.05,55,"ASC2_child",0,-0.838969388037173,1
1,1.75,0.05,55,"ASC3_male",0.5,0.997765985859937,1
1,1.75,0.05,55,"ASC3_age",0,-0.344020955423108,1
1,1.75,0.05,55,"ASC3_income",0,-0.0314115309780761,0
1,1.75,0.05,55,"ASC3_child",0,-0.583323305942364,1
1,1.75,0.05,55,"prot25_male",0.2,-0.07047245028621,1
1,1.75,0.05,55,"prot25_age",0.7,0.856343221871661,1
1,1.75,0.05,55,"prot25_income",-0.7,-0.818796029800252,1
1,1.75,0.05,55,"prot25_child",0,0.575816300049758,1
1,1.75,0.05,55,"prot50_male",-0.5,-0.63852562169533,1
1,1.75,0.05,55,"prot50_age",0.5,0.716431281763353,1
1,1.75,0.05,55,"prot50_income",-1,-0.781552819485466,1
1,1.75,0.05,55,"prot50_child",0,0.679583369611089,1
1,1.75,0.05,55,"invasive_male",0.8,1.09906039927259,1
1,1.75,0.05,55,"invasive_age",0,0.0840853493897792,1
1,1.75,0.05,55,"invasive_income",-0.9,-0.820757498539411,1
1,1.75,0.05,55,"invasive_child",-1.2,-0.417459388557871,1
1,1.75,0.05,56,"ASC2_male",0,0.28226818535268,1
1,1.75,0.05,56,"ASC2_age",-0.7,-0.748341918891118,1
1,1.75,0.05,56,"ASC2_income",0,0.0579490775748805,1
1,1.75,0.05,56,"ASC2_child",0,-0.284292885980456,1
1,1.75,0.05,56,"ASC3_male",0,0.365528826071169,1
1,1.75,0.05,56,"ASC3_age",-0.4,-0.816654872691534,1
1,1.75,0.05,56,"ASC3_income",0,-0.108017384494816,1
1,1.75,0.05,56,"ASC3_child",0,-0.0354943618047181,0
1,1.75,0.05,56,"prot25_male",0,-0.566444271823024,1
1,1.75,0.05,56,"prot25_age",0,0.438256198378012,1
1,1.75,0.05,56,"prot25_income",-0.2,-0.0567663845004047,1
1,1.75,0.05,56,"prot25_child",-1,-0.54320198036075,1
1,1.75,0.05,56,"prot50_male",0.7,-0.292954581709794,1
1,1.75,0.05,56,"prot50_age",0.5,0.618033845102293,1
1,1.75,0.05,56,"prot50_income",-0.6,-0.794708490773006,1
1,1.75,0.05,56,"prot50_child",0.7,0.108560055847908,1
1,1.75,0.05,56,"invasive_male",0,-0.413753222626117,1
1,1.75,0.05,56,"invasive_age",-1.1,-0.813711447491306,1
1,1.75,0.05,56,"invasive_income",0.3,-0.197582348391824,1
1,1.75,0.05,56,"invasive_child",0,-0.655530213619967,1
1,1.75,0.05,57,"ASC2_male",1.2,0.288244345086282,1
1,1.75,0.05,57,"ASC2_age",1,0.804672940718565,1
1,1.75,0.05,57,"ASC2_income",0,-0.587798797126666,1
1,1.75,0.05,57,"ASC2_child",0,0.228753289100534,1
1,1.75,0.05,57,"ASC3_male",-0.2,-0.076385831879493,1
1,1.75,0.05,57,"ASC3_age",0,0.288039364934168,1
1,1.75,0.05,57,"ASC3_income",0,-0.58785420618328,1
1,1.75,0.05,57,"ASC3_child",0,-0.15717435933698,1
1,1.75,0.05,57,"prot25_male",-1,-0.819120404648006,1
1,1.75,0.05,57,"prot25_age",0,-0.203531525607445,1
1,1.75,0.05,57,"prot25_income",-0.1,0.131727798272346,1
1,1.75,0.05,57,"prot25_child",0,0.19055909743574,1
1,1.75,0.05,57,"prot50_male",-0.4,-0.598480520235596,1
1,1.75,0.05,57,"prot50_age",-0.6,-0.537913758412336,1
1,1.75,0.05,57,"prot50_income",0.5,0.218985530288289,1
1,1.75,0.05,57,"prot50_child",0.6,0.0839312205831839,1
1,1.75,0.05,57,"invasive_male",0.7,0.273237462936838,1
1,1.75,0.05,57,"invasive_age",0,0.240274976306011,1
1,1.75,0.05,57,"invasive_income",0,-0.372659779099482,1
1,1.75,0.05,57,"invasive_child",0,0.0252313132904484,0
1,1.75,0.05,58,"ASC2_male",0.3,-0.106244447463791,1
1,1.75,0.05,58,"ASC2_age",0.2,0.183985182680464,1
1,1.75,0.05,58,"ASC2_income",0,0.423918959804651,1
1,1.75,0.05,58,"ASC2_child",0,0.165639533829469,1
1,1.75,0.05,58,"ASC3_male",0,-0.479325049215334,1
1,1.75,0.05,58,"ASC3_age",0,0.374337366168071,1
1,1.75,0.05,58,"ASC3_income",0,0.359730335150244,1
1,1.75,0.05,58,"ASC3_child",0.1,0.516230701130248,1
1,1.75,0.05,58,"prot25_male",0,-0.185940081278535,1
1,1.75,0.05,58,"prot25_age",0,-0.0751882303949216,1
1,1.75,0.05,58,"prot25_income",0,-0.220782073204474,1
1,1.75,0.05,58,"prot25_child",1,-0.393368493261995,1
1,1.75,0.05,58,"prot50_male",0,-0.264276233577919,1
1,1.75,0.05,58,"prot50_age",0.5,0.434307067280521,1
1,1.75,0.05,58,"prot50_income",0,-0.116893747763123,1
1,1.75,0.05,58,"prot50_child",0.8,-0.193106352909364,1
1,1.75,0.05,58,"invasive_male",0.5,-0.240993041186106,1
1,1.75,0.05,58,"invasive_age",1,0.812348502800183,1
1,1.75,0.05,58,"invasive_income",0.6,0.688411161004729,1
1,1.75,0.05,58,"invasive_child",0.7,0.169668679650254,1
1,1.75,0.05,59,"ASC2_male",0,0.0196349784410622,0
1,1.75,0.05,59,"ASC2_age",0.5,-0.0781126012890145,1
1,1.75,0.05,59,"ASC2_income",0,0.19796317037647,1
1,1.75,0.05,59,"ASC2_child",0,0.0489024653569342,0
1,1.75,0.05,59,"ASC3_male",0.6,0.56475486631822,1
1,1.75,0.05,59,"ASC3_age",-1.1,-1.28156053572461,1
1,1.75,0.05,59,"ASC3_income",0,0.196889821281217,1
1,1.75,0.05,59,"ASC3_child",0,-0.12826109249602,1
1,1.75,0.05,59,"prot25_male",-0.7,-0.786305648603153,1
1,1.75,0.05,59,"prot25_age",0,0.152559220154874,1
1,1.75,0.05,59,"prot25_income",-0.2,-0.168937391789831,1
1,1.75,0.05,59,"prot25_child",0,-0.361780768590711,1
1,1.75,0.05,59,"prot50_male",0.4,0.0938772886526224,1
1,1.75,0.05,59,"prot50_age",-0.9,-0.147743855367661,1
1,1.75,0.05,59,"prot50_income",0,0.0221324095482863,0
1,1.75,0.05,59,"prot50_child",0,0.00284069364990138,0
1,1.75,0.05,59,"invasive_male",1,0.688929166823925,1
1,1.75,0.05,59,"invasive_age",-0.8,-1.07624267124657,1
1,1.75,0.05,59,"invasive_income",-0.4,-0.37158312574278,1
1,1.75,0.05,59,"invasive_child",0,0.0654077147121372,1
1,1.75,0.05,60,"ASC2_male",-1.2,-0.365055405721785,1
1,1.75,0.05,60,"ASC2_age",0,-0.0586431122360903,1
1,1.75,0.05,60,"ASC2_income",0.6,0.160413526711405,1
1,1.75,0.05,60,"ASC2_child",-0.4,-0.105044410356068,1
1,1.75,0.05,60,"ASC3_male",0,0.174310492148337,1
1,1.75,0.05,60,"ASC3_age",0,-0.282018071279619,1
1,1.75,0.05,60,"ASC3_income",0,-0.472895891042576,1
1,1.75,0.05,60,"ASC3_child",0,0.234577160624941,1
1,1.75,0.05,60,"prot25_male",0,-0.520789056820855,1
1,1.75,0.05,60,"prot25_age",-0.4,-0.045571169594,0
1,1.75,0.05,60,"prot25_income",0,0.241813983712616,1
1,1.75,0.05,60,"prot25_child",0,-0.544639249461312,1
1,1.75,0.05,60,"prot50_male",-1.1,-1.42347134049257,1
1,1.75,0.05,60,"prot50_age",0,0.734417754285089,1
1,1.75,0.05,60,"prot50_income",0.4,0.409454573983138,1
1,1.75,0.05,60,"prot50_child",0,-0.725552831345016,1
1,1.75,0.05,60,"invasive_male",0.3,0.231334881950192,1
1,1.75,0.05,60,"invasive_age",-0.5,-0.228398578582747,1
1,1.75,0.05,60,"invasive_income",-0.7,-0.417799363262117,1
1,1.75,0.05,60,"invasive_child",1,0.389744059890765,1
1,1.75,0.05,61,"ASC2_male",0.8,-0.0952388785323654,1
1,1.75,0.05,61,"ASC2_age",-0.9,-0.838639951522296,1
1,1.75,0.05,61,"ASC2_income",-0.3,-0.207451642014201,1
1,1.75,0.05,61,"ASC2_child",0,-0.116499733004056,1
1,1.75,0.05,61,"ASC3_male",0,-0.391734834305884,1
1,1.75,0.05,61,"ASC3_age",0,-0.45358669121472,1
1,1.75,0.05,61,"ASC3_income",0,-0.199113283717018,1
1,1.75,0.05,61,"ASC3_child",0,-0.0643785400269861,1
1,1.75,0.05,61,"prot25_male",0,0.0239246682774006,0
1,1.75,0.05,61,"prot25_age",-1,-0.0860291137112499,1
1,1.75,0.05,61,"prot25_income",0,-0.0298522317157938,0
1,1.75,0.05,61,"prot25_child",0,0.385343917672054,1
1,1.75,0.05,61,"prot50_male",-0.8,0.0322242445623977,0
1,1.75,0.05,61,"prot50_age",0.2,0.264608829980743,1
1,1.75,0.05,61,"prot50_income",0,-0.0283780620592513,0
1,1.75,0.05,61,"prot50_child",0.3,0.339552473242405,1
1,1.75,0.05,61,"invasive_male",0,0.130315366788541,1
1,1.75,0.05,61,"invasive_age",1,0.590783495018288,1
1,1.75,0.05,61,"invasive_income",0.2,-0.136706117938942,1
1,1.75,0.05,61,"invasive_child",0.9,0.328167193721906,1
1,1.75,0.05,62,"ASC2_male",0,-1.75177987425473,1
1,1.75,0.05,62,"ASC2_age",0,0.0569982486822516,1
1,1.75,0.05,62,"ASC2_income",0.1,-0.322915749356966,1
1,1.75,0.05,62,"ASC2_child",0,0.031876436752976,0
1,1.75,0.05,62,"ASC3_male",0,-1.6909143853234,1
1,1.75,0.05,62,"ASC3_age",0.6,0.377519288552182,1
1,1.75,0.05,62,"ASC3_income",0.6,0.147484164181357,1
1,1.75,0.05,62,"ASC3_child",0,-0.0120345218050022,0
1,1.75,0.05,62,"prot25_male",-0.5,0.70956375281903,1
1,1.75,0.05,62,"prot25_age",0,-0.158857766635573,1
1,1.75,0.05,62,"prot25_income",0,0.259155754451056,1
1,1.75,0.05,62,"prot25_child",-0.2,0.231125521736995,1
1,1.75,0.05,62,"prot50_male",-0.5,0.662371794706159,1
1,1.75,0.05,62,"prot50_age",0.3,-0.0348702068127665,0
1,1.75,0.05,62,"prot50_income",0,0.513919378683953,1
1,1.75,0.05,62,"prot50_child",1,1.27785924482417,1
1,1.75,0.05,62,"invasive_male",0.5,-0.561699189141745,1
1,1.75,0.05,62,"invasive_age",0,-0.174422990854567,1
1,1.75,0.05,62,"invasive_income",0,0.0669350646121015,1
1,1.75,0.05,62,"invasive_child",-0.9,-0.425826939693608,1
1,1.75,0.05,63,"ASC2_male",0,-0.304449195501908,1
1,1.75,0.05,63,"ASC2_age",0.6,0.452256019516461,1
1,1.75,0.05,63,"ASC2_income",-0.7,-0.779419722551789,1
1,1.75,0.05,63,"ASC2_child",0,-0.376686907055053,1
1,1.75,0.05,63,"ASC3_male",-0.5,-1.11923922503061,1
1,1.75,0.05,63,"ASC3_age",0,-0.13344354368661,1
1,1.75,0.05,63,"ASC3_income",0,0.0740993676198426,1
1,1.75,0.05,63,"ASC3_child",-0.1,-0.228181111464153,1
1,1.75,0.05,63,"prot25_male",0,0.357942222279501,1
1,1.75,0.05,63,"prot25_age",0,-0.025225357990256,0
1,1.75,0.05,63,"prot25_income",-0.4,-0.284113376369661,1
1,1.75,0.05,63,"prot25_child",-0.6,-0.140703201025331,1
1,1.75,0.05,63,"prot50_male",0,0.0744774278284536,1
1,1.75,0.05,63,"prot50_age",0,0.205062790447802,1
1,1.75,0.05,63,"prot50_income",-0.9,-0.854721264938815,1
1,1.75,0.05,63,"prot50_child",-0.7,-0.154519090894195,1
1,1.75,0.05,63,"invasive_male",0.8,0.296709666463632,1
1,1.75,0.05,63,"invasive_age",0,-0.137581865960162,1
1,1.75,0.05,63,"invasive_income",-0.8,-1.10393472590567,1
1,1.75,0.05,63,"invasive_child",0,-0.177898884454404,1
1,1.75,0.05,64,"ASC2_male",0.2,0.212193647581151,1
1,1.75,0.05,64,"ASC2_age",0,-0.250017510402333,1
1,1.75,0.05,64,"ASC2_income",-0.3,-0.227447159022652,1
1,1.75,0.05,64,"ASC2_child",0,0.0969498962623253,1
1,1.75,0.05,64,"ASC3_male",0,0.51191042998111,1
1,1.75,0.05,64,"ASC3_age",-1.2,-1.07278722584802,1
1,1.75,0.05,64,"ASC3_income",0.1,-0.030889842867692,0
1,1.75,0.05,64,"ASC3_child",0,0.390744383520946,1
1,1.75,0.05,64,"prot25_male",-0.8,-0.506313901243562,1
1,1.75,0.05,64,"prot25_age",0.1,-0.0760379106086044,1
1,1.75,0.05,64,"prot25_income",0.3,0.379566983070194,1
1,1.75,0.05,64,"prot25_child",-0.5,0.105761506860917,1
1,1.75,0.05,64,"prot50_male",0.2,0.533878088833305,1
1,1.75,0.05,64,"prot50_age",1.1,0.632979630651122,1
1,1.75,0.05,64,"prot50_income",0,0.0677734852775635,1
1,1.75,0.05,64,"prot50_child",0,0.244585555344073,1
1,1.75,0.05,64,"invasive_male",0,0.426570163485504,1
1,1.75,0.05,64,"invasive_age",0,-0.239424658568157,1
1,1.75,0.05,64,"invasive_income",0,0.104027002094463,1
1,1.75,0.05,64,"invasive_child",0,0.177128756335734,1
1,1.75,0.05,65,"ASC2_male",0,-0.132140122049783,1
1,1.75,0.05,65,"ASC2_age",0.8,0.286258520116615,1
1,1.75,0.05,65,"ASC2_income",0.2,1.00160574568162,1
1,1.75,0.05,65,"ASC2_child",0,1.13779192648321,1
1,1.75,0.05,65,"ASC3_male",0,0.120959853078982,1
1,1.75,0.05,65,"ASC3_age",0,-0.473053813509037,1
1,1.75,0.05,65,"ASC3_income",0.7,1.45515108149345,1
1,1.75,0.05,65,"ASC3_child",0.5,0.946288868456706,1
1,1.75,0.05,65,"prot25_male",0,0.0492124505464628,0
1,1.75,0.05,65,"prot25_age",0,0.0940028924919626,1
1,1.75,0.05,65,"prot25_income",0,-0.178890395890434,1
1,1.75,0.05,65,"prot25_child",1,0.211409533855577,1
1,1.75,0.05,65,"prot50_male",0.6,0.321687397179496,1
1,1.75,0.05,65,"prot50_age",0,0.145618763848885,1
1,1.75,0.05,65,"prot50_income",-0.2,-0.357498663109905,1
1,1.75,0.05,65,"prot50_child",0.5,-0.312623246130509,1
1,1.75,0.05,65,"invasive_male",0.3,0.589522159256766,1
1,1.75,0.05,65,"invasive_age",0,-0.226355619344684,1
1,1.75,0.05,65,"invasive_income",0.9,1.13507303281559,1
1,1.75,0.05,65,"invasive_child",0,1.28639389414336,1
1,1.75,0.05,66,"ASC2_male",0,0.80078620868654,1
1,1.75,0.05,66,"ASC2_age",-0.2,-0.0926327470263113,1
1,1.75,0.05,66,"ASC2_income",0.4,-0.0128988074794412,0
1,1.75,0.05,66,"ASC2_child",0,0.583699008190919,1
1,1.75,0.05,66,"ASC3_male",-0.9,0.238975992568344,1
1,1.75,0.05,66,"ASC3_age",1,0.520761994444323,1
1,1.75,0.05,66,"ASC3_income",0,-0.251558375447261,1
1,1.75,0.05,66,"ASC3_child",0,0.572299053580063,1
1,1.75,0.05,66,"prot25_male",-0.5,-0.671981993652035,1
1,1.75,0.05,66,"prot25_age",0,-0.146912931360843,1
1,1.75,0.05,66,"prot25_income",0,0.0377975938358219,0
1,1.75,0.05,66,"prot25_child",-1.1,-0.181617960265736,1
1,1.75,0.05,66,"prot50_male",1,-0.0943583088132279,1
1,1.75,0.05,66,"prot50_age",0,-0.115417141743253,1
1,1.75,0.05,66,"prot50_income",0.2,0.159082526141794,1
1,1.75,0.05,66,"prot50_child",0.7,0.0711763693173843,1
1,1.75,0.05,66,"invasive_male",0,0.458648650024721,1
1,1.75,0.05,66,"invasive_age",0,-0.204116476084706,1
1,1.75,0.05,66,"invasive_income",0,0.0231827402925061,0
1,1.75,0.05,66,"invasive_child",-1,-0.56026102429721,1
1,1.75,0.05,67,"ASC2_male",-0.6,-0.0912478803057635,1
1,1.75,0.05,67,"ASC2_age",-0.5,-0.0711177678074106,1
1,1.75,0.05,67,"ASC2_income",0,-0.517821399261859,1
1,1.75,0.05,67,"ASC2_child",0.9,0.638955279647105,1
1,1.75,0.05,67,"ASC3_male",0.8,0.602845852559052,1
1,1.75,0.05,67,"ASC3_age",-0.9,-0.334590761096476,1
1,1.75,0.05,67,"ASC3_income",1.1,0.161434718321571,1
1,1.75,0.05,67,"ASC3_child",0.1,-0.127853808221473,1
1,1.75,0.05,67,"prot25_male",0,-0.446156647328183,1
1,1.75,0.05,67,"prot25_age",-0.2,-0.259519231871761,1
1,1.75,0.05,67,"prot25_income",0,0.453318438463173,1
1,1.75,0.05,67,"prot25_child",0,0.520555215796695,1
1,1.75,0.05,67,"prot50_male",1,-0.0263507718557245,0
1,1.75,0.05,67,"prot50_age",0,-0.216998814660799,1
1,1.75,0.05,67,"prot50_income",0,0.146141626440981,1
1,1.75,0.05,67,"prot50_child",0.1,0.678019733333398,1
1,1.75,0.05,67,"invasive_male",0,-0.445235731232195,1
1,1.75,0.05,67,"invasive_age",0,-0.117219227320642,1
1,1.75,0.05,67,"invasive_income",0,-0.237803770279922,1
1,1.75,0.05,67,"invasive_child",0,0.455017471064336,1
1,1.75,0.05,68,"ASC2_male",0,0.0769190191590618,1
1,1.75,0.05,68,"ASC2_age",0.1,0.156675109679617,1
1,1.75,0.05,68,"ASC2_income",0,-0.0670040324113266,1
1,1.75,0.05,68,"ASC2_child",-0.8,-0.664437605436128,1
1,1.75,0.05,68,"ASC3_male",1.1,0.678033126248686,1
1,1.75,0.05,68,"ASC3_age",-0.5,-0.700449278499673,1
1,1.75,0.05,68,"ASC3_income",0,-0.16483043791714,1
1,1.75,0.05,68,"ASC3_child",-0.9,-0.9502528569424,1
1,1.75,0.05,68,"prot25_male",0.2,0.272451515564929,1
1,1.75,0.05,68,"prot25_age",0,-0.159686039552279,1
1,1.75,0.05,68,"prot25_income",0,-0.158323427952252,1
1,1.75,0.05,68,"prot25_child",-1.1,-0.876247618517544,1
1,1.75,0.05,68,"prot50_male",0,0.266220786072433,1
1,1.75,0.05,68,"prot50_age",0,0.175576571143131,1
1,1.75,0.05,68,"prot50_income",0,0.0249437635862629,0
1,1.75,0.05,68,"prot50_child",-0.8,-0.114030733468766,1
1,1.75,0.05,68,"invasive_male",0,0.0946066938508075,1
1,1.75,0.05,68,"invasive_age",-0.7,-0.24260354592779,1
1,1.75,0.05,68,"invasive_income",0,-0.00936886308061478,0
1,1.75,0.05,68,"invasive_child",1.1,0.270050461734428,1
1,1.75,0.05,69,"ASC2_male",1.1,1.14793868654223,1
1,1.75,0.05,69,"ASC2_age",0,-0.00659563223378516,0
1,1.75,0.05,69,"ASC2_income",0.4,0.222960985594502,1
1,1.75,0.05,69,"ASC2_child",1.2,0.567535459689446,1
1,1.75,0.05,69,"ASC3_male",-1,-0.681518060928202,1
1,1.75,0.05,69,"ASC3_age",0,0.105991105129064,1
1,1.75,0.05,69,"ASC3_income",-1.2,-0.561009615387784,1
1,1.75,0.05,69,"ASC3_child",0,-0.562755705265867,1
1,1.75,0.05,69,"prot25_male",0,0.377293820800227,1
1,1.75,0.05,69,"prot25_age",0,-0.020450542563943,0
1,1.75,0.05,69,"prot25_income",-0.4,0.0307961927402715,0
1,1.75,0.05,69,"prot25_child",-0.4,-0.249865241223328,1
1,1.75,0.05,69,"prot50_male",0,-0.329060991550646,1
1,1.75,0.05,69,"prot50_age",0,0.110999803705963,1
1,1.75,0.05,69,"prot50_income",0,-0.176296672820133,1
1,1.75,0.05,69,"prot50_child",0,-0.0894772726252459,1
1,1.75,0.05,69,"invasive_male",0,0.184418586329913,1
1,1.75,0.05,69,"invasive_age",-0.5,-0.234687858646495,1
1,1.75,0.05,69,"invasive_income",-0.2,-0.0233692376129607,0
1,1.75,0.05,69,"invasive_child",-0.2,-0.428753722751427,1
1,1.75,0.05,70,"ASC2_male",-0.8,-0.52384180448071,1
1,1.75,0.05,70,"ASC2_age",0,0.363326802069723,1
1,1.75,0.05,70,"ASC2_income",0.3,-0.112429496792341,1
1,1.75,0.05,70,"ASC2_child",0,-0.09363342169414,1
1,1.75,0.05,70,"ASC3_male",0.9,0.274315640870105,1
1,1.75,0.05,70,"ASC3_age",0,0.208707940516663,1
1,1.75,0.05,70,"ASC3_income",0,-0.334163630346391,1
1,1.75,0.05,70,"ASC3_child",0,0.478811925510684,1
1,1.75,0.05,70,"prot25_male",0,0.0938164940260152,1
1,1.75,0.05,70,"prot25_age",0,-0.367186605778002,1
1,1.75,0.05,70,"prot25_income",0.9,0.81655860856842,1
1,1.75,0.05,70,"prot25_child",0,-0.0928378480082007,1
1,1.75,0.05,70,"prot50_male",-0.1,-0.754944408474925,1
1,1.75,0.05,70,"prot50_age",-0.9,-0.865852401243876,1
1,1.75,0.05,70,"prot50_income",0.9,0.724225532850336,1
1,1.75,0.05,70,"prot50_child",1,0.8525208147895,1
1,1.75,0.05,70,"invasive_male",0,-0.614318572006027,1
1,1.75,0.05,70,"invasive_age",0.8,0.551449309675823,1
1,1.75,0.05,70,"invasive_income",0,0.030144379206306,0
1,1.75,0.05,70,"invasive_child",-0.6,0.224792883398239,1
1,1.75,0.05,71,"ASC2_male",0.5,0.332188508731565,1
1,1.75,0.05,71,"ASC2_age",1,0.530019105773124,1
1,1.75,0.05,71,"ASC2_income",0.8,0.705251106367476,1
1,1.75,0.05,71,"ASC2_child",0.7,0.208109655435924,1
1,1.75,0.05,71,"ASC3_male",0,0.0792770398045752,1
1,1.75,0.05,71,"ASC3_age",0,0.278635847059295,1
1,1.75,0.05,71,"ASC3_income",0,0.123003115383823,1
1,1.75,0.05,71,"ASC3_child",1.1,0.396119440732369,1
1,1.75,0.05,71,"prot25_male",0,0.309510791803018,1
1,1.75,0.05,71,"prot25_age",0,-0.124736156647456,1
1,1.75,0.05,71,"prot25_income",0,-0.256404108586144,1
1,1.75,0.05,71,"prot25_child",0,-0.0175197390681867,0
1,1.75,0.05,71,"prot50_male",0,-0.243826677561,1
1,1.75,0.05,71,"prot50_age",-0.6,-0.235448803818539,1
1,1.75,0.05,71,"prot50_income",-0.9,-0.736185000880042,1
1,1.75,0.05,71,"prot50_child",-0.7,-0.63568597631143,1
1,1.75,0.05,71,"invasive_male",0.8,0.223470611785867,1
1,1.75,0.05,71,"invasive_age",0,0.10163593053596,1
1,1.75,0.05,71,"invasive_income",1,0.235575532953789,1
1,1.75,0.05,71,"invasive_child",0,-0.420766961012766,1
1,1.75,0.05,72,"ASC2_male",-0.8,-0.302331263058498,1
1,1.75,0.05,72,"ASC2_age",0,-0.0219831408451694,0
1,1.75,0.05,72,"ASC2_income",0.3,0.394051116475329,1
1,1.75,0.05,72,"ASC2_child",0.2,-0.20764298445951,1
1,1.75,0.05,72,"ASC3_male",0,0.236202358384301,1
1,1.75,0.05,72,"ASC3_age",0,0.183611692298138,1
1,1.75,0.05,72,"ASC3_income",0,0.491091208688161,1
1,1.75,0.05,72,"ASC3_child",-0.9,-0.248135138787397,1
1,1.75,0.05,72,"prot25_male",0,0.0470084575159064,0
1,1.75,0.05,72,"prot25_age",0,0.00848125404998511,0
1,1.75,0.05,72,"prot25_income",0,0.0593430137221829,1
1,1.75,0.05,72,"prot25_child",-0.6,0.0747767136517202,1
1,1.75,0.05,72,"prot50_male",1,-0.231306944173216,1
1,1.75,0.05,72,"prot50_age",-0.6,-0.393818207639947,1
1,1.75,0.05,72,"prot50_income",0,0.366432494639845,1
1,1.75,0.05,72,"prot50_child",0.4,0.429479128873715,1
1,1.75,0.05,72,"invasive_male",-0.5,-0.640335252763443,1
1,1.75,0.05,72,"invasive_age",0,-0.0563142038664939,1
1,1.75,0.05,72,"invasive_income",0,0.482008471329093,1
1,1.75,0.05,72,"invasive_child",-0.1,-0.0684874007184449,1
1,1.75,0.05,73,"ASC2_male",0,0.478495287929838,1
1,1.75,0.05,73,"ASC2_age",0,-0.145159892729846,1
1,1.75,0.05,73,"ASC2_income",0.5,0.0931873321754163,1
1,1.75,0.05,73,"ASC2_child",-1,-0.263244561379202,1
1,1.75,0.05,73,"ASC3_male",0.8,0.375351443758077,1
1,1.75,0.05,73,"ASC3_age",0,0.011856599105446,0
1,1.75,0.05,73,"ASC3_income",-0.5,-0.239069449391174,1
1,1.75,0.05,73,"ASC3_child",-1.2,-0.484015254680024,1
1,1.75,0.05,73,"prot25_male",0,-0.31876028691146,1
1,1.75,0.05,73,"prot25_age",0,-0.00788209474649923,0
1,1.75,0.05,73,"prot25_income",0.4,0.573927245839619,1
1,1.75,0.05,73,"prot25_child",0,0.174156882770989,1
1,1.75,0.05,73,"prot50_male",-0.7,-0.109388906214743,1
1,1.75,0.05,73,"prot50_age",0.7,0.187758658056475,1
1,1.75,0.05,73,"prot50_income",1,0.667814519160346,1
1,1.75,0.05,73,"prot50_child",0,-0.432168330435678,1
1,1.75,0.05,73,"invasive_male",0,0.300696557218356,1
1,1.75,0.05,73,"invasive_age",0,-0.217166175048644,1
1,1.75,0.05,73,"invasive_income",0,-0.231283682694995,1
1,1.75,0.05,73,"invasive_child",0.8,0.32668469362597,1
1,1.75,0.05,74,"ASC2_male",0,-0.279770691297459,1
1,1.75,0.05,74,"ASC2_age",0,0.349310253270458,1
1,1.75,0.05,74,"ASC2_income",0,-0.38745758271462,1
1,1.75,0.05,74,"ASC2_child",-1,0.264238245836654,1
1,1.75,0.05,74,"ASC3_male",0.9,0.303658212149518,1
1,1.75,0.05,74,"ASC3_age",1.1,1.02728943427791,1
1,1.75,0.05,74,"ASC3_income",0,-0.161925584979814,1
1,1.75,0.05,74,"ASC3_child",0,0.566897795677111,1
1,1.75,0.05,74,"prot25_male",-0.6,0.100492724894278,1
1,1.75,0.05,74,"prot25_age",0.5,0.197567189019666,1
1,1.75,0.05,74,"prot25_income",-0.3,-0.200463307598722,1
1,1.75,0.05,74,"prot25_child",0,0.354530258294848,1
1,1.75,0.05,74,"prot50_male",-0.2,0.388778829407773,1
1,1.75,0.05,74,"prot50_age",0,-0.415632070536675,1
1,1.75,0.05,74,"prot50_income",0,-0.216721914373178,1
1,1.75,0.05,74,"prot50_child",0,-0.224409795503035,1
1,1.75,0.05,74,"invasive_male",0,0.289017027362586,1
1,1.75,0.05,74,"invasive_age",-1.1,-0.659760725145535,1
1,1.75,0.05,74,"invasive_income",0.4,0.219808401705022,1
1,1.75,0.05,74,"invasive_child",0.7,-0.0705278497965838,1
1,1.75,0.05,75,"ASC2_male",0,0.555669815800304,1
1,1.75,0.05,75,"ASC2_age",0.5,0.606533880284535,1
1,1.75,0.05,75,"ASC2_income",0,-0.424425988854175,1
1,1.75,0.05,75,"ASC2_child",0,-0.207114817294879,1
1,1.75,0.05,75,"ASC3_male",1,1.33074500723221,1
1,1.75,0.05,75,"ASC3_age",0,0.25239762020136,1
1,1.75,0.05,75,"ASC3_income",0,-0.749786558406547,1
1,1.75,0.05,75,"ASC3_child",-0.8,-0.727701297589351,1
1,1.75,0.05,75,"prot25_male",0.9,0.735683995805487,1
1,1.75,0.05,75,"prot25_age",1,0.631144267481669,1
1,1.75,0.05,75,"prot25_income",0,0.617842967024359,1
1,1.75,0.05,75,"prot25_child",-1,-0.855826951608974,1
1,1.75,0.05,75,"prot50_male",0,-0.237831860675533,1
1,1.75,0.05,75,"prot50_age",0,-0.559649452902637,1
1,1.75,0.05,75,"prot50_income",-0.9,-0.399150343311089,1
1,1.75,0.05,75,"prot50_child",-0.4,-0.464799296889512,1
1,1.75,0.05,75,"invasive_male",0.7,0.214186188172275,1
1,1.75,0.05,75,"invasive_age",0,0.0237667432460443,0
1,1.75,0.05,75,"invasive_income",-0.5,-0.574371360305726,1
1,1.75,0.05,75,"invasive_child",0,-0.200392910313757,1
1,1.75,0.05,76,"ASC2_male",-0.7,-0.212613898511991,1
1,1.75,0.05,76,"ASC2_age",0,0.350026940949303,1
1,1.75,0.05,76,"ASC2_income",0,-0.626575319086958,1
1,1.75,0.05,76,"ASC2_child",-1,-0.266875067264797,1
1,1.75,0.05,76,"ASC3_male",-0.4,-0.0423126160492228,0
1,1.75,0.05,76,"ASC3_age",0,0.377917810705955,1
1,1.75,0.05,76,"ASC3_income",-0.5,-0.703112174774429,1
1,1.75,0.05,76,"ASC3_child",-0.6,-0.264121899526418,1
1,1.75,0.05,76,"prot25_male",0,-0.216243230700535,1
1,1.75,0.05,76,"prot25_age",0,-0.617538602567273,1
1,1.75,0.05,76,"prot25_income",0,0.546163876693002,1
1,1.75,0.05,76,"prot25_child",-0.5,-0.746315060705024,1
1,1.75,0.05,76,"prot50_male",-0.1,-0.196382302201693,1
1,1.75,0.05,76,"prot50_age",0,-0.293466799539121,1
1,1.75,0.05,76,"prot50_income",0,0.383138193908555,1
1,1.75,0.05,76,"prot50_child",0,-0.45723837193871,1
1,1.75,0.05,76,"invasive_male",-0.4,-0.406735111370273,1
1,1.75,0.05,76,"invasive_age",0,0.339019037972234,1
1,1.75,0.05,76,"invasive_income",-0.2,-0.39435185984168,1
1,1.75,0.05,76,"invasive_child",0.1,-0.133966104291764,1
1,1.75,0.05,77,"ASC2_male",0.4,0.227490730567862,1
1,1.75,0.05,77,"ASC2_age",-0.4,0.0801038589292668,1
1,1.75,0.05,77,"ASC2_income",0,0.179468941624126,1
1,1.75,0.05,77,"ASC2_child",-1.1,-0.820125858364531,1
1,1.75,0.05,77,"ASC3_male",0,-0.0772423691312752,1
1,1.75,0.05,77,"ASC3_age",0,0.259152868797847,1
1,1.75,0.05,77,"ASC3_income",0,0.122314934761624,1
1,1.75,0.05,77,"ASC3_child",0,0.347964599973422,1
1,1.75,0.05,77,"prot25_male",0.8,0.280195839454188,1
1,1.75,0.05,77,"prot25_age",0.6,0.0627799202657197,1
1,1.75,0.05,77,"prot25_income",0,-0.0346155034044606,0
1,1.75,0.05,77,"prot25_child",0,-0.273781971684273,1
1,1.75,0.05,77,"prot50_male",0,-0.180854769134965,1
1,1.75,0.05,77,"prot50_age",-0.5,-0.488483995715145,1
1,1.75,0.05,77,"prot50_income",-1.1,-0.806925467274387,1
1,1.75,0.05,77,"prot50_child",0,0.0295010995090073,0
1,1.75,0.05,77,"invasive_male",0,-0.189039195005778,1
1,1.75,0.05,77,"invasive_age",1,0.405627794040968,1
1,1.75,0.05,77,"invasive_income",0.6,0.654403372292774,1
1,1.75,0.05,77,"invasive_child",-0.2,-0.634654585213774,1
1,1.75,0.05,78,"ASC2_male",0,-0.221826560614085,1
1,1.75,0.05,78,"ASC2_age",0,0.221883008813763,1
1,1.75,0.05,78,"ASC2_income",0,-0.838309041663361,1
1,1.75,0.05,78,"ASC2_child",0,-0.0710691716050285,1
1,1.75,0.05,78,"ASC3_male",0,-0.133042507801734,1
1,1.75,0.05,78,"ASC3_age",0,0.129642461484925,1
1,1.75,0.05,78,"ASC3_income",-0.4,-1.24681413413548,1
1,1.75,0.05,78,"ASC3_child",0,0.359418456033262,1
1,1.75,0.05,78,"prot25_male",-1.1,-0.0718110827910044,1
1,1.75,0.05,78,"prot25_age",0,-0.396120882135337,1
1,1.75,0.05,78,"prot25_income",-0.2,0.644187778729081,1
1,1.75,0.05,78,"prot25_child",0,-0.163672332116855,1
1,1.75,0.05,78,"prot50_male",0.6,0.240741323187084,1
1,1.75,0.05,78,"prot50_age",-0.4,-0.156624742683225,1
1,1.75,0.05,78,"prot50_income",-0.9,0.198390723995109,1
1,1.75,0.05,78,"prot50_child",0.6,0.201038116201739,1
1,1.75,0.05,78,"invasive_male",-0.6,-0.61762263500966,1
1,1.75,0.05,78,"invasive_age",0.9,0.680957905661563,1
1,1.75,0.05,78,"invasive_income",1.2,0.575863561757251,1
1,1.75,0.05,78,"invasive_child",0,0.283244736771189,1
1,1.75,0.05,79,"ASC2_male",0,-0.444413772289298,1
1,1.75,0.05,79,"ASC2_age",0,0.44194710671236,1
1,1.75,0.05,79,"ASC2_income",0,0.0529780042415813,1
1,1.75,0.05,79,"ASC2_child",0,-0.452718341137216,1
1,1.75,0.05,79,"ASC3_male",0,-0.182392014278625,1
1,1.75,0.05,79,"ASC3_age",0,0.220782931823214,1
1,1.75,0.05,79,"ASC3_income",0.2,0.0134221463585896,0
1,1.75,0.05,79,"ASC3_child",-0.3,-0.332331901798882,1
1,1.75,0.05,79,"prot25_male",0.2,-0.135067888507749,1
1,1.75,0.05,79,"prot25_age",0,0.00345313833632687,0
1,1.75,0.05,79,"prot25_income",0.9,0.403353500047194,1
1,1.75,0.05,79,"prot25_child",0.3,0.983189641002534,1
1,1.75,0.05,79,"prot50_male",1,0.818795976852724,1
1,1.75,0.05,79,"prot50_age",0,0.0908921904718629,1
1,1.75,0.05,79,"prot50_income",-0.7,-0.64430436793467,1
1,1.75,0.05,79,"prot50_child",0,0.587508212640403,1
1,1.75,0.05,79,"invasive_male",-0.6,-0.155937593594006,1
1,1.75,0.05,79,"invasive_age",-1.1,-0.667391320074197,1
1,1.75,0.05,79,"invasive_income",0,-0.0188321308980572,0
1,1.75,0.05,79,"invasive_child",-0.1,-0.00634025664311339,0
1,1.75,0.05,80,"ASC2_male",0.8,0.60263047008143,1
1,1.75,0.05,80,"ASC2_age",0,0.235069152001536,1
1,1.75,0.05,80,"ASC2_income",0.4,0.174676654247977,1
1,1.75,0.05,80,"ASC2_child",-1,0.328687561860102,1
1,1.75,0.05,80,"ASC3_male",0,0.262258824526611,1
1,1.75,0.05,80,"ASC3_age",1,0.599068084423492,1
1,1.75,0.05,80,"ASC3_income",0,0.0865803341772317,1
1,1.75,0.05,80,"ASC3_child",-1.1,-0.0889857381578518,1
1,1.75,0.05,80,"prot25_male",0.8,0.109971767864178,1
1,1.75,0.05,80,"prot25_age",0,0.0762468355327651,1
1,1.75,0.05,80,"prot25_income",0,-0.21934895958351,1
1,1.75,0.05,80,"prot25_child",0.3,-0.0275657685324246,0
1,1.75,0.05,80,"prot50_male",0,-0.387249603313878,1
1,1.75,0.05,80,"prot50_age",1,0.606921627867479,1
1,1.75,0.05,80,"prot50_income",0,-0.0941273159746475,1
1,1.75,0.05,80,"prot50_child",0,-0.356409118734188,1
1,1.75,0.05,80,"invasive_male",0,0.407689101321858,1
1,1.75,0.05,80,"invasive_age",1,0.297721444504869,1
1,1.75,0.05,80,"invasive_income",0,-0.00951250935119344,0
1,1.75,0.05,80,"invasive_child",1.1,0.589271623353281,1
1,1.75,0.05,81,"ASC2_male",1,0.410744695447629,1
1,1.75,0.05,81,"ASC2_age",0,-0.408251219205276,1
1,1.75,0.05,81,"ASC2_income",0,0.265675622881072,1
1,1.75,0.05,81,"ASC2_child",0,-0.192240441760604,1
1,1.75,0.05,81,"ASC3_male",0,-0.566849168559538,1
1,1.75,0.05,81,"ASC3_age",0,-0.428644921932554,1
1,1.75,0.05,81,"ASC3_income",0,0.118740793638916,1
1,1.75,0.05,81,"ASC3_child",-0.4,-0.450751377385188,1
1,1.75,0.05,81,"prot25_male",0,0.708152545854864,1
1,1.75,0.05,81,"prot25_age",0,0.307316124039352,1
1,1.75,0.05,81,"prot25_income",0,-0.0626910149316075,1
1,1.75,0.05,81,"prot25_child",-0.2,0.19970573291826,1
1,1.75,0.05,81,"prot50_male",1.1,1.68880760765838,1
1,1.75,0.05,81,"prot50_age",0.8,0.745692298997141,1
1,1.75,0.05,81,"prot50_income",0,-0.0114240443115849,0
1,1.75,0.05,81,"prot50_child",-0.3,-0.0760940965252961,1
1,1.75,0.05,81,"invasive_male",-0.2,-0.445853480365982,1
1,1.75,0.05,81,"invasive_age",-1.2,-0.67265371287362,1
1,1.75,0.05,81,"invasive_income",0.4,0.434588993883789,1
1,1.75,0.05,81,"invasive_child",1.1,0.423439870330229,1
1,1.75,0.05,82,"ASC2_male",0,0.271800124884147,1
1,1.75,0.05,82,"ASC2_age",0,0.474039647728164,1
1,1.75,0.05,82,"ASC2_income",-0.8,-0.66709343688568,1
1,1.75,0.05,82,"ASC2_child",0.4,0.343406875829139,1
1,1.75,0.05,82,"ASC3_male",-0.5,0.316192540716696,1
1,1.75,0.05,82,"ASC3_age",0,0.467803600364392,1
1,1.75,0.05,82,"ASC3_income",0,-0.308204659634879,1
1,1.75,0.05,82,"ASC3_child",0,0.709306142488091,1
1,1.75,0.05,82,"prot25_male",-0.5,-0.665555352603733,1
1,1.75,0.05,82,"prot25_age",0,-0.470881830737292,1
1,1.75,0.05,82,"prot25_income",0.8,0.686127719717679,1
1,1.75,0.05,82,"prot25_child",0,0.079137711986448,1
1,1.75,0.05,82,"prot50_male",-0.3,-0.565268886895701,1
1,1.75,0.05,82,"prot50_age",0,-0.237977917321585,1
1,1.75,0.05,82,"prot50_income",0.6,0.748215291886772,1
1,1.75,0.05,82,"prot50_child",0.3,0.228159252959246,1
1,1.75,0.05,82,"invasive_male",-1.1,-0.415290435245392,1
1,1.75,0.05,82,"invasive_age",-1.2,-0.825232909725991,1
1,1.75,0.05,82,"invasive_income",0,0.0763624459453032,1
1,1.75,0.05,82,"invasive_child",0,0.477333944004388,1
1,1.75,0.05,83,"ASC2_male",0.5,0.987909915319707,1
1,1.75,0.05,83,"ASC2_age",0,0.0171837341981153,0
1,1.75,0.05,83,"ASC2_income",-0.6,0.0490586955653362,0
1,1.75,0.05,83,"ASC2_child",-0.5,-0.423367664046691,1
1,1.75,0.05,83,"ASC3_male",0,0.733855226808256,1
1,1.75,0.05,83,"ASC3_age",0,0.284322446973611,1
1,1.75,0.05,83,"ASC3_income",0,0.301209187763689,1
1,1.75,0.05,83,"ASC3_child",0,0.0422287907037894,0
1,1.75,0.05,83,"prot25_male",-1,-0.38752093521963,1
1,1.75,0.05,83,"prot25_age",0.1,-0.100973001016992,1
1,1.75,0.05,83,"prot25_income",0,-0.279199941990911,1
1,1.75,0.05,83,"prot25_child",0,-0.26225177740162,1
1,1.75,0.05,83,"prot50_male",0.7,0.850712514213084,1
1,1.75,0.05,83,"prot50_age",0,-0.240229930628892,1
1,1.75,0.05,83,"prot50_income",1.1,0.742294435225011,1
1,1.75,0.05,83,"prot50_child",0,-0.498684212592402,1
1,1.75,0.05,83,"invasive_male",0.7,1.09136539436356,1
1,1.75,0.05,83,"invasive_age",-1,-0.694443291052082,1
1,1.75,0.05,83,"invasive_income",0.3,0.36167408653551,1
1,1.75,0.05,83,"invasive_child",0,-0.221020176050304,1
1,1.75,0.05,84,"ASC2_male",0,-0.425475234299774,1
1,1.75,0.05,84,"ASC2_age",0,0.13043141898505,1
1,1.75,0.05,84,"ASC2_income",-0.9,-0.337218994361221,1
1,1.75,0.05,84,"ASC2_child",1.1,-1.13805212794669,1
1,1.75,0.05,84,"ASC3_male",0.7,0.0542341879799243,1
1,1.75,0.05,84,"ASC3_age",0,0.0235903332258693,0
1,1.75,0.05,84,"ASC3_income",0,0.0261622398251227,0
1,1.75,0.05,84,"ASC3_child",0.3,-1.82097876306746,1
1,1.75,0.05,84,"prot25_male",0.3,0.814699762250243,1
1,1.75,0.05,84,"prot25_age",0,0.183101145087469,1
1,1.75,0.05,84,"prot25_income",0,0.0364032419367937,0
1,1.75,0.05,84,"prot25_child",0,1.36351615533201,1
1,1.75,0.05,84,"prot50_male",0,0.854796542774475,1
1,1.75,0.05,84,"prot50_age",-0.2,-0.0984945317389698,1
1,1.75,0.05,84,"prot50_income",0.5,0.130400542592551,1
1,1.75,0.05,84,"prot50_child",0,1.72582223001697,1
1,1.75,0.05,84,"invasive_male",0,0.0025240003748452,0
1,1.75,0.05,84,"invasive_age",-0.7,-0.370465813590424,1
1,1.75,0.05,84,"invasive_income",-0.9,-0.317333705384531,1
1,1.75,0.05,84,"invasive_child",0.5,-0.311860369498548,1
1,1.75,0.05,85,"ASC2_male",0.9,1.08821153781741,1
1,1.75,0.05,85,"ASC2_age",0,-0.218120911663981,1
1,1.75,0.05,85,"ASC2_income",-0.2,-0.231996093363193,1
1,1.75,0.05,85,"ASC2_child",0.5,0.0267302305152301,0
1,1.75,0.05,85,"ASC3_male",0,0.479421810155948,1
1,1.75,0.05,85,"ASC3_age",0,0.0189172700523841,0
1,1.75,0.05,85,"ASC3_income",0,-0.0162007749735196,0
1,1.75,0.05,85,"ASC3_child",0.8,0.483366656113379,1
1,1.75,0.05,85,"prot25_male",0.4,-0.00897721177482264,0
1,1.75,0.05,85,"prot25_age",0,-0.0945936629416648,1
1,1.75,0.05,85,"prot25_income",0.5,0.169286226218592,1
1,1.75,0.05,85,"prot25_child",-0.2,-0.347776507291621,1
1,1.75,0.05,85,"prot50_male",-0.1,-0.456307843464883,1
1,1.75,0.05,85,"prot50_age",0,0.077098346254967,1
1,1.75,0.05,85,"prot50_income",-1.1,-0.881612162576601,1
1,1.75,0.05,85,"prot50_child",0,0.455982198289911,1
1,1.75,0.05,85,"invasive_male",0.7,0.248694868631303,1
1,1.75,0.05,85,"invasive_age",0,0.0872441659000294,1
1,1.75,0.05,85,"invasive_income",0,-0.37699161471715,1
1,1.75,0.05,85,"invasive_child",0,0.32478468590841,1
1,1.75,0.05,86,"ASC2_male",0.2,-0.126762621482742,1
1,1.75,0.05,86,"ASC2_age",0.4,0.832357282475146,1
1,1.75,0.05,86,"ASC2_income",0,0.104313025836417,1
1,1.75,0.05,86,"ASC2_child",-0.2,-0.262764002948278,1
1,1.75,0.05,86,"ASC3_male",-0.2,0.118602007529398,1
1,1.75,0.05,86,"ASC3_age",0,0.792409660293562,1
1,1.75,0.05,86,"ASC3_income",0,0.212129040051657,1
1,1.75,0.05,86,"ASC3_child",0,0.225967935944269,1
1,1.75,0.05,86,"prot25_male",0,-0.502188209284423,1
1,1.75,0.05,86,"prot25_age",0,-0.458589014826884,1
1,1.75,0.05,86,"prot25_income",-0.2,0.0499272797381846,0
1,1.75,0.05,86,"prot25_child",0,0.465542538943441,1
1,1.75,0.05,86,"prot50_male",0.6,0.233620044909393,1
1,1.75,0.05,86,"prot50_age",-1,-1.23884466566208,1
1,1.75,0.05,86,"prot50_income",0,0.166991019362571,1
1,1.75,0.05,86,"prot50_child",1,1.22575989855297,1
1,1.75,0.05,86,"invasive_male",0.5,0.204532573067654,1
1,1.75,0.05,86,"invasive_age",0,0.0224670929092693,0
1,1.75,0.05,86,"invasive_income",0,0.313326168031251,1
1,1.75,0.05,86,"invasive_child",-1,-0.349134842786804,1
1,1.75,0.05,87,"ASC2_male",0.2,0.651148230011114,1
1,1.75,0.05,87,"ASC2_age",1.1,0.724733035451297,1
1,1.75,0.05,87,"ASC2_income",0,0.0455699180343813,0
1,1.75,0.05,87,"ASC2_child",0,0.666925940790422,1
1,1.75,0.05,87,"ASC3_male",0,0.488669418780288,1
1,1.75,0.05,87,"ASC3_age",-0.4,0.25659804493521,1
1,1.75,0.05,87,"ASC3_income",0,-0.0142914246998737,0
1,1.75,0.05,87,"ASC3_child",0.7,1.20515951525227,1
1,1.75,0.05,87,"prot25_male",-1.2,-1.93425488410129,1
1,1.75,0.05,87,"prot25_age",-0.9,-0.37644554007512,1
1,1.75,0.05,87,"prot25_income",0,-0.0114355371005884,0
1,1.75,0.05,87,"prot25_child",-0.2,-0.417612723193388,1
1,1.75,0.05,87,"prot50_male",-0.5,-1.06730795255721,1
1,1.75,0.05,87,"prot50_age",0,0.383340537535685,1
1,1.75,0.05,87,"prot50_income",0,-0.235325194454249,1
1,1.75,0.05,87,"prot50_child",0.4,0.518034496583727,1
1,1.75,0.05,87,"invasive_male",0,-0.185511652226757,1
1,1.75,0.05,87,"invasive_age",0,0.279614261305901,1
1,1.75,0.05,87,"invasive_income",0,-0.282565235601268,1
1,1.75,0.05,87,"invasive_child",0.8,1.05044642411382,1
1,1.75,0.05,88,"ASC2_male",-1.1,0.274308488414192,1
1,1.75,0.05,88,"ASC2_age",0,-0.442071440010686,1
1,1.75,0.05,88,"ASC2_income",0.3,0.07016699540617,1
1,1.75,0.05,88,"ASC2_child",0,0.220455211746143,1
1,1.75,0.05,88,"ASC3_male",-1.1,0.382068919360082,1
1,1.75,0.05,88,"ASC3_age",0,-0.0865463903360322,1
1,1.75,0.05,88,"ASC3_income",0,-0.265571512165767,1
1,1.75,0.05,88,"ASC3_child",0.5,0.250837948030331,1
1,1.75,0.05,88,"prot25_male",0.6,-0.616064828725279,1
1,1.75,0.05,88,"prot25_age",0,0.0659037518813285,1
1,1.75,0.05,88,"prot25_income",0,0.0880571231481089,1
1,1.75,0.05,88,"prot25_child",0,-0.527508499343318,1
1,1.75,0.05,88,"prot50_male",0,-0.6414604082337,1
1,1.75,0.05,88,"prot50_age",-0.3,-0.0720645191690853,1
1,1.75,0.05,88,"prot50_income",-0.5,-0.189948264836397,1
1,1.75,0.05,88,"prot50_child",0.8,0.28186326539079,1
1,1.75,0.05,88,"invasive_male",0,0.585824310431946,1
1,1.75,0.05,88,"invasive_age",-1.1,-0.811395952988115,1
1,1.75,0.05,88,"invasive_income",0.4,0.239657566644651,1
1,1.75,0.05,88,"invasive_child",0,-0.162152604882458,1
1,1.75,0.05,89,"ASC2_male",0,-0.159150760745035,1
1,1.75,0.05,89,"ASC2_age",0,-0.20436986416283,1
1,1.75,0.05,89,"ASC2_income",0.5,0.362071438625708,1
1,1.75,0.05,89,"ASC2_child",0,-0.87449332306582,1
1,1.75,0.05,89,"ASC3_male",0,-0.317732803009386,1
1,1.75,0.05,89,"ASC3_age",0.3,-0.195810314244702,1
1,1.75,0.05,89,"ASC3_income",-0.8,-0.431762853233734,1
1,1.75,0.05,89,"ASC3_child",0,-0.756674969998111,1
1,1.75,0.05,89,"prot25_male",0.1,-0.281718828399564,1
1,1.75,0.05,89,"prot25_age",-0.1,0.0439919098862128,0
1,1.75,0.05,89,"prot25_income",0,-0.00623596593065231,0
1,1.75,0.05,89,"prot25_child",-1.2,0.179270641209434,1
1,1.75,0.05,89,"prot50_male",-0.5,-1.19513857288403,1
1,1.75,0.05,89,"prot50_age",0,-0.238836706813394,1
1,1.75,0.05,89,"prot50_income",0,0.54781319943616,1
1,1.75,0.05,89,"prot50_child",0,0.424866480021896,1
1,1.75,0.05,89,"invasive_male",-0.6,-0.938961023132734,1
1,1.75,0.05,89,"invasive_age",0.2,-0.247285845064751,1
1,1.75,0.05,89,"invasive_income",1.1,1.25997428387353,1
1,1.75,0.05,89,"invasive_child",0,-0.202725519293683,1
1,1.75,0.05,90,"ASC2_male",-1,-0.548259730814945,1
1,1.75,0.05,90,"ASC2_age",-0.2,-0.654769063141256,1
1,1.75,0.05,90,"ASC2_income",-0.9,-1.0909761349402,1
1,1.75,0.05,90,"ASC2_child",0.8,1.12932748306063,1
1,1.75,0.05,90,"ASC3_male",0,0.232245790349531,1
1,1.75,0.05,90,"ASC3_age",0,-0.0936251990224317,1
1,1.75,0.05,90,"ASC3_income",0,-0.47396875673679,1
1,1.75,0.05,90,"ASC3_child",0.6,0.828448426683833,1
1,1.75,0.05,90,"prot25_male",0,-0.34114588618412,1
1,1.75,0.05,90,"prot25_age",0,0.225554619766296,1
1,1.75,0.05,90,"prot25_income",0.8,1.25474426465491,1
1,1.75,0.05,90,"prot25_child",0,-0.522678127483994,1
1,1.75,0.05,90,"prot50_male",0,-0.49019358576618,1
1,1.75,0.05,90,"prot50_age",1,0.88246053158265,1
1,1.75,0.05,90,"prot50_income",0.6,1.02189630113505,1
1,1.75,0.05,90,"prot50_child",0,-0.100838667953762,1
1,1.75,0.05,90,"invasive_male",0,-0.551242633919424,1
1,1.75,0.05,90,"invasive_age",0,-0.0598284184857819,1
1,1.75,0.05,90,"invasive_income",-0.6,-0.279839467904765,1
1,1.75,0.05,90,"invasive_child",-1.2,-1.05132928498375,1
1,1.75,0.05,91,"ASC2_male",1.2,0.958406692717909,1
1,1.75,0.05,91,"ASC2_age",0.2,0.156221654807383,1
1,1.75,0.05,91,"ASC2_income",0,0.190644277514181,1
1,1.75,0.05,91,"ASC2_child",0,0.0242148860868207,0
1,1.75,0.05,91,"ASC3_male",0,0.187433200894965,1
1,1.75,0.05,91,"ASC3_age",0,-0.185189126998034,1
1,1.75,0.05,91,"ASC3_income",0.6,0.633139675340449,1
1,1.75,0.05,91,"ASC3_child",1.1,0.325194965416256,1
1,1.75,0.05,91,"prot25_male",0,-0.348238452921001,1
1,1.75,0.05,91,"prot25_age",0.3,0.322702343124084,1
1,1.75,0.05,91,"prot25_income",0.2,0.00713560716870749,0
1,1.75,0.05,91,"prot25_child",0,-0.653878895094059,1
1,1.75,0.05,91,"prot50_male",-0.7,-0.0576879872032714,1
1,1.75,0.05,91,"prot50_age",0,0.401840769760518,1
1,1.75,0.05,91,"prot50_income",-1,-1.1779634212425,1
1,1.75,0.05,91,"prot50_child",0,0.787901643882878,1
1,1.75,0.05,91,"invasive_male",-0.6,-0.517297574559708,1
1,1.75,0.05,91,"invasive_age",0,0.125965940718534,1
1,1.75,0.05,91,"invasive_income",0.4,0.352068407406409,1
1,1.75,0.05,91,"invasive_child",0,-0.101860721471596,1
1,1.75,0.05,92,"ASC2_male",-0.4,-0.579158979261887,1
1,1.75,0.05,92,"ASC2_age",0,0.069639063838149,1
1,1.75,0.05,92,"ASC2_income",1,0.574573289952599,1
1,1.75,0.05,92,"ASC2_child",0,-0.0691228943665605,1
1,1.75,0.05,92,"ASC3_male",-1.1,-1.40281066433467,1
1,1.75,0.05,92,"ASC3_age",0.6,0.29776303570186,1
1,1.75,0.05,92,"ASC3_income",0.8,0.672607825499577,1
1,1.75,0.05,92,"ASC3_child",0,-0.465285455890834,1
1,1.75,0.05,92,"prot25_male",0,0.298288717240848,1
1,1.75,0.05,92,"prot25_age",0,-0.127669586534626,1
1,1.75,0.05,92,"prot25_income",0.7,0.72753032756348,1
1,1.75,0.05,92,"prot25_child",-0.8,-0.121756290083329,1
1,1.75,0.05,92,"prot50_male",1,0.998465513721828,1
1,1.75,0.05,92,"prot50_age",0,0.395230596064984,1
1,1.75,0.05,92,"prot50_income",-1.2,-1.21653128121309,1
1,1.75,0.05,92,"prot50_child",0,0.426506348062106,1
1,1.75,0.05,92,"invasive_male",0,-0.21691510328586,1
1,1.75,0.05,92,"invasive_age",0,0.691392162570408,1
1,1.75,0.05,92,"invasive_income",-0.9,-1.42703177132595,1
1,1.75,0.05,92,"invasive_child",0,0.739338377547495,1
1,1.75,0.05,93,"ASC2_male",0,-0.409868908140667,1
1,1.75,0.05,93,"ASC2_age",1,0.754958346110561,1
1,1.75,0.05,93,"ASC2_income",0,-0.0808128730300823,1
1,1.75,0.05,93,"ASC2_child",-0.3,-0.975292834315158,1
1,1.75,0.05,93,"ASC3_male",-1,-0.636275593427021,1
1,1.75,0.05,93,"ASC3_age",0,0.128813292108116,1
1,1.75,0.05,93,"ASC3_income",0,-0.245509050088927,1
1,1.75,0.05,93,"ASC3_child",0.1,-0.712567722000863,1
1,1.75,0.05,93,"prot25_male",0.7,0.995954616540451,1
1,1.75,0.05,93,"prot25_age",0,0.0998822339511086,1
1,1.75,0.05,93,"prot25_income",-0.7,-0.116865140093204,1
1,1.75,0.05,93,"prot25_child",0,0.534829532751449,1
1,1.75,0.05,93,"prot50_male",0,0.493483078520424,1
1,1.75,0.05,93,"prot50_age",0,0.0103304226614708,0
1,1.75,0.05,93,"prot50_income",0,0.218707792241135,1
1,1.75,0.05,93,"prot50_child",0.9,1.22789344003148,1
1,1.75,0.05,93,"invasive_male",-0.7,-0.509734288255092,1
1,1.75,0.05,93,"invasive_age",-0.7,-0.416216019980085,1
1,1.75,0.05,93,"invasive_income",0,0.0965604336496052,1
1,1.75,0.05,93,"invasive_child",-0.2,0.517460701248872,1
1,1.75,0.05,94,"ASC2_male",0.3,1.04148376494247,1
1,1.75,0.05,94,"ASC2_age",-0.4,0.18944949038108,1
1,1.75,0.05,94,"ASC2_income",-0.4,0.48138893705469,1
1,1.75,0.05,94,"ASC2_child",-0.6,0.0627401634781522,1
1,1.75,0.05,94,"ASC3_male",-0.3,0.261604521543494,1
1,1.75,0.05,94,"ASC3_age",0,0.652885899801609,1
1,1.75,0.05,94,"ASC3_income",0,0.503228980720951,1
1,1.75,0.05,94,"ASC3_child",0.9,1.03221199571389,1
1,1.75,0.05,94,"prot25_male",0.3,-0.558578632177134,1
1,1.75,0.05,94,"prot25_age",0,-0.206510404349863,1
1,1.75,0.05,94,"prot25_income",0.2,-0.459059883741253,1
1,1.75,0.05,94,"prot25_child",0,-0.534757656663061,1
1,1.75,0.05,94,"prot50_male",0,-0.450989013103509,1
1,1.75,0.05,94,"prot50_age",0.5,0.179169510234139,1
1,1.75,0.05,94,"prot50_income",0,-0.508679094304774,1
1,1.75,0.05,94,"prot50_child",-0.1,-0.246707680491663,1
1,1.75,0.05,94,"invasive_male",0,0.455360696614138,1
1,1.75,0.05,94,"invasive_age",0,0.436055219638065,1
1,1.75,0.05,94,"invasive_income",0,0.0416421096366375,0
1,1.75,0.05,94,"invasive_child",0,0.208522906811059,1
1,1.75,0.05,95,"ASC2_male",-0.9,-0.58211718053494,1
1,1.75,0.05,95,"ASC2_age",0,-0.460868961301279,1
1,1.75,0.05,95,"ASC2_income",0,0.268089252507903,1
1,1.75,0.05,95,"ASC2_child",0,-0.283710665292632,1
1,1.75,0.05,95,"ASC3_male",0,-0.326176173961004,1
1,1.75,0.05,95,"ASC3_age",1.1,0.292266286370252,1
1,1.75,0.05,95,"ASC3_income",0.8,0.489688579146481,1
1,1.75,0.05,95,"ASC3_child",-1,-0.513354664444191,1
1,1.75,0.05,95,"prot25_male",-1,-0.693723259057672,1
1,1.75,0.05,95,"prot25_age",0.8,1.16793429839415,1
1,1.75,0.05,95,"prot25_income",0.7,0.61228685106941,1
1,1.75,0.05,95,"prot25_child",0.6,1.18223170688565,1
1,1.75,0.05,95,"prot50_male",0,0.0130953544559621,0
1,1.75,0.05,95,"prot50_age",0,0.361454781402788,1
1,1.75,0.05,95,"prot50_income",1,0.704895451093409,1
1,1.75,0.05,95,"prot50_child",0,0.0520572274944593,1
1,1.75,0.05,95,"invasive_male",0,-0.0678179016825567,1
1,1.75,0.05,95,"invasive_age",0,0.16655394304058,1
1,1.75,0.05,95,"invasive_income",0,-0.0467288233727045,0
1,1.75,0.05,95,"invasive_child",0.4,-0.058714795458972,1
1,1.75,0.05,96,"ASC2_male",0.6,0.179127434513209,1
1,1.75,0.05,96,"ASC2_age",0,0.414907801114026,1
1,1.75,0.05,96,"ASC2_income",0,-0.265947058106864,1
1,1.75,0.05,96,"ASC2_child",0,0.0833212489931236,1
1,1.75,0.05,96,"ASC3_male",-0.1,0.0123702047395827,0
1,1.75,0.05,96,"ASC3_age",1.2,1.33761987238792,1
1,1.75,0.05,96,"ASC3_income",0,-0.258856882538966,1
1,1.75,0.05,96,"ASC3_child",0,0.130130271404333,1
1,1.75,0.05,96,"prot25_male",-0.6,-0.0163989978590682,0
1,1.75,0.05,96,"prot25_age",0.3,-0.19321100698033,1
1,1.75,0.05,96,"prot25_income",-0.8,-0.168362774404224,1
1,1.75,0.05,96,"prot25_child",0.7,0.281682252129967,1
1,1.75,0.05,96,"prot50_male",-1,-0.273722460228809,1
1,1.75,0.05,96,"prot50_age",0,0.0722467692678995,1
1,1.75,0.05,96,"prot50_income",0,0.138647751296051,1
1,1.75,0.05,96,"prot50_child",0,-0.466450515287844,1
1,1.75,0.05,96,"invasive_male",-0.2,0.0732965464415265,1
1,1.75,0.05,96,"invasive_age",-0.4,-0.213968317381573,1
1,1.75,0.05,96,"invasive_income",0,-0.259545256162677,1
1,1.75,0.05,96,"invasive_child",0,-0.244743216373046,1
1,1.75,0.05,97,"ASC2_male",-1,-1.24583381295623,1
1,1.75,0.05,97,"ASC2_age",0.2,-0.252482765618105,1
1,1.75,0.05,97,"ASC2_income",0,0.0732611794613831,1
1,1.75,0.05,97,"ASC2_child",-0.3,-0.419099420820154,1
1,1.75,0.05,97,"ASC3_male",0.5,-0.339467337516696,1
1,1.75,0.05,97,"ASC3_age",0.5,0.00286106197350114,0
1,1.75,0.05,97,"ASC3_income",0,0.100920439092694,1
1,1.75,0.05,97,"ASC3_child",-0.2,-0.356594409486727,1
1,1.75,0.05,97,"prot25_male",0,0.634150426282151,1
1,1.75,0.05,97,"prot25_age",0,0.292293701009839,1
1,1.75,0.05,97,"prot25_income",-0.1,0.172545660041719,1
1,1.75,0.05,97,"prot25_child",0,-0.263599026259455,1
1,1.75,0.05,97,"prot50_male",0.6,0.813643602742312,1
1,1.75,0.05,97,"prot50_age",0,0.0750795204342572,1
1,1.75,0.05,97,"prot50_income",-0.5,-0.394553285682189,1
1,1.75,0.05,97,"prot50_child",0,-0.802025611231743,1
1,1.75,0.05,97,"invasive_male",0,-0.363674627252354,1
1,1.75,0.05,97,"invasive_age",0,0.0463877982888827,0
1,1.75,0.05,97,"invasive_income",-0.7,-0.665897914687149,1
1,1.75,0.05,97,"invasive_child",0,-0.0918518524934337,1
1,1.75,0.05,98,"ASC2_male",0,-0.805315280904239,1
1,1.75,0.05,98,"ASC2_age",0,0.681240133996993,1
1,1.75,0.05,98,"ASC2_income",-0.5,-0.12955077576356,1
1,1.75,0.05,98,"ASC2_child",-1.1,-1.93792685602923,1
1,1.75,0.05,98,"ASC3_male",-0.3,-0.635570327935973,1
1,1.75,0.05,98,"ASC3_age",1,1.30150568259241,1
1,1.75,0.05,98,"ASC3_income",0,0.407126808130784,1
1,1.75,0.05,98,"ASC3_child",-0.6,-1.42042743899282,1
1,1.75,0.05,98,"prot25_male",-0.4,-0.172653526159777,1
1,1.75,0.05,98,"prot25_age",0,-0.405349770533879,1
1,1.75,0.05,98,"prot25_income",1.2,0.329040654008928,1
1,1.75,0.05,98,"prot25_child",-0.8,0.400562187049825,1
1,1.75,0.05,98,"prot50_male",-1.1,-0.680350790891402,1
1,1.75,0.05,98,"prot50_age",0,-0.387849673639128,1
1,1.75,0.05,98,"prot50_income",0,-0.390930703300429,1
1,1.75,0.05,98,"prot50_child",0,1.04772044367856,1
1,1.75,0.05,98,"invasive_male",0,-0.281196778519045,1
1,1.75,0.05,98,"invasive_age",0,-0.0702598601079652,1
1,1.75,0.05,98,"invasive_income",0,-0.185688112849083,1
1,1.75,0.05,98,"invasive_child",1,1.0399505900819,1
1,1.75,0.05,99,"ASC2_male",1.1,0.0582674844088686,1
1,1.75,0.05,99,"ASC2_age",0.3,0.192232210146642,1
1,1.75,0.05,99,"ASC2_income",-0.8,-0.620886419436463,1
1,1.75,0.05,99,"ASC2_child",0.2,0.551221851908451,1
1,1.75,0.05,99,"ASC3_male",1.1,0.212439936816294,1
1,1.75,0.05,99,"ASC3_age",0,0.109661079805519,1
1,1.75,0.05,99,"ASC3_income",0,-0.180562227820291,1
1,1.75,0.05,99,"ASC3_child",0,0.423802466908922,1
1,1.75,0.05,99,"prot25_male",-0.6,-0.575142528915978,1
1,1.75,0.05,99,"prot25_age",0,0.0527787576505208,1
1,1.75,0.05,99,"prot25_income",0,0.150504905521274,1
1,1.75,0.05,99,"prot25_child",0,0.180261963426535,1
1,1.75,0.05,99,"prot50_male",-0.2,0.0435655074848954,0
1,1.75,0.05,99,"prot50_age",0.9,0.446874099420408,1
1,1.75,0.05,99,"prot50_income",-0.1,-0.131963991487979,1
1,1.75,0.05,99,"prot50_child",0,-0.257075225603998,1
1,1.75,0.05,99,"invasive_male",0.9,0.599622995483653,1
1,1.75,0.05,99,"invasive_age",0,-0.0106495953577299,0
1,1.75,0.05,99,"invasive_income",0,-0.293797828105294,1
1,1.75,0.05,99,"invasive_child",0,0.112666296646712,1
1,1.75,0.05,100,"ASC2_male",0.1,0.16847351744449,1
1,1.75,0.05,100,"ASC2_age",0,0.420250418207495,1
1,1.75,0.05,100,"ASC2_income",0,0.00718534503416673,0
1,1.75,0.05,100,"ASC2_child",-0.7,-0.00883656898628187,0
1,1.75,0.05,100,"ASC3_male",0,-0.205190986409936,1
1,1.75,0.05,100,"ASC3_age",0,0.371213467344869,1
1,1.75,0.05,100,"ASC3_income",-0.7,-0.225189528260696,1
1,1.75,0.05,100,"ASC3_child",-1.1,-0.414126437630307,1
1,1.75,0.05,100,"prot25_male",0,-0.694761217805073,1
1,1.75,0.05,100,"prot25_age",-0.7,-0.632563014242088,1
1,1.75,0.05,100,"prot25_income",0,-0.186648437681209,1
1,1.75,0.05,100,"prot25_child",-0.6,-0.113616222282767,1
1,1.75,0.05,100,"prot50_male",0,0.0162071211039784,0
1,1.75,0.05,100,"prot50_age",0,-0.134042440472632,1
1,1.75,0.05,100,"prot50_income",0.5,0.202818454731741,1
1,1.75,0.05,100,"prot50_child",1,0.419726729910897,1
1,1.75,0.05,100,"invasive_male",0,-0.348244769184281,1
1,1.75,0.05,100,"invasive_age",0,0.44682832669095,1
1,1.75,0.05,100,"invasive_income",0.8,0.794817486177921,1
1,1.75,0.05,100,"invasive_child",0.4,-0.0142375819154759,0
1,1.75,0.1,1,"ASC2_male",0.9,0.0384682963083193,0
1,1.75,0.1,1,"ASC2_age",0.3,0.501541799788965,1
1,1.75,0.1,1,"ASC2_income",0,-0.342270628324006,1
1,1.75,0.1,1,"ASC2_child",0,-1.11769045089362,1
1,1.75,0.1,1,"ASC3_male",-1.1,-0.823692513704431,1
1,1.75,0.1,1,"ASC3_age",0,0.277533161597054,1
1,1.75,0.1,1,"ASC3_income",0.8,0.0560129951146503,0
1,1.75,0.1,1,"ASC3_child",0,-1.45736289201523,1
1,1.75,0.1,1,"prot25_male",1.2,0.889838930176233,1
1,1.75,0.1,1,"prot25_age",0.7,0.213319391368959,1
1,1.75,0.1,1,"prot25_income",0,0.550116664356547,1
1,1.75,0.1,1,"prot25_child",1.1,1.07201463836639,1
1,1.75,0.1,1,"prot50_male",0,0.438595750141072,1
1,1.75,0.1,1,"prot50_age",0,-0.443775820734163,1
1,1.75,0.1,1,"prot50_income",-1.2,-0.367942112756875,1
1,1.75,0.1,1,"prot50_child",1.1,1.15920706489731,1
1,1.75,0.1,1,"invasive_male",0,0.289513012779795,1
1,1.75,0.1,1,"invasive_age",-0.6,-0.493061068640617,1
1,1.75,0.1,1,"invasive_income",0,-0.0121004311982462,0
1,1.75,0.1,1,"invasive_child",0,-0.477392054150519,1
1,1.75,0.1,2,"ASC2_male",0,-0.222205794708651,1
1,1.75,0.1,2,"ASC2_age",0.1,0.0751582917241755,0
1,1.75,0.1,2,"ASC2_income",0.7,0.757661196198336,1
1,1.75,0.1,2,"ASC2_child",-0.4,-0.852417892655114,1
1,1.75,0.1,2,"ASC3_male",0,-0.0664063627525027,0
1,1.75,0.1,2,"ASC3_age",0.4,0.111255684000736,1
1,1.75,0.1,2,"ASC3_income",-0.8,-0.0674676247091466,0
1,1.75,0.1,2,"ASC3_child",0,-0.80057437651271,1
1,1.75,0.1,2,"prot25_male",0.5,0.775830786669976,1
1,1.75,0.1,2,"prot25_age",0.8,0.632859097830721,1
1,1.75,0.1,2,"prot25_income",0,-0.412867565826854,1
1,1.75,0.1,2,"prot25_child",0,-0.159298468452181,1
1,1.75,0.1,2,"prot50_male",0,0.371324739698399,1
1,1.75,0.1,2,"prot50_age",0,-0.00608631541368186,0
1,1.75,0.1,2,"prot50_income",0,-0.567214318460295,1
1,1.75,0.1,2,"prot50_child",0,-0.292532111483861,1
1,1.75,0.1,2,"invasive_male",1,0.283227348619247,1
1,1.75,0.1,2,"invasive_age",-0.1,0.0876342703791183,0
1,1.75,0.1,2,"invasive_income",0,-0.0971965312603543,0
1,1.75,0.1,2,"invasive_child",-0.6,-0.574295908971867,1
1,1.75,0.1,3,"ASC2_male",-0.9,-0.404307932344196,1
1,1.75,0.1,3,"ASC2_age",-0.4,-0.299220249150846,1
1,1.75,0.1,3,"ASC2_income",0,-0.215642074343369,1
1,1.75,0.1,3,"ASC2_child",0,-0.71901962794195,1
1,1.75,0.1,3,"ASC3_male",-0.7,-0.735868492790497,1
1,1.75,0.1,3,"ASC3_age",0,-0.143209231627918,1
1,1.75,0.1,3,"ASC3_income",0,-0.0371403238215715,0
1,1.75,0.1,3,"ASC3_child",1,0.405406116993039,1
1,1.75,0.1,3,"prot25_male",0,0.236949226385338,1
1,1.75,0.1,3,"prot25_age",0,0.29575950592715,1
1,1.75,0.1,3,"prot25_income",0,0.242699054469779,1
1,1.75,0.1,3,"prot25_child",0,0.173484081419668,1
1,1.75,0.1,3,"prot50_male",0.7,0.580233657452848,1
1,1.75,0.1,3,"prot50_age",-0.2,0.0113764931127467,0
1,1.75,0.1,3,"prot50_income",-1,-0.865588591459325,1
1,1.75,0.1,3,"prot50_child",-0.8,-0.24724846843741,1
1,1.75,0.1,3,"invasive_male",0,0.0528207837570236,0
1,1.75,0.1,3,"invasive_age",0,-0.0370424787647306,0
1,1.75,0.1,3,"invasive_income",-1.2,-0.957381529249922,1
1,1.75,0.1,3,"invasive_child",1,0.294191879227024,1
1,1.75,0.1,4,"ASC2_male",0,0.311389811475504,1
1,1.75,0.1,4,"ASC2_age",-0.1,0.232650055504844,1
1,1.75,0.1,4,"ASC2_income",0,-0.460585880681578,1
1,1.75,0.1,4,"ASC2_child",-0.6,-1.12149634704006,1
1,1.75,0.1,4,"ASC3_male",0,-0.0552741994492381,0
1,1.75,0.1,4,"ASC3_age",1,1.09228784660555,1
1,1.75,0.1,4,"ASC3_income",0,-0.745163205413432,1
1,1.75,0.1,4,"ASC3_child",0,-0.908481408366813,1
1,1.75,0.1,4,"prot25_male",0,-0.675512507273126,1
1,1.75,0.1,4,"prot25_age",-0.5,-0.764812582455737,1
1,1.75,0.1,4,"prot25_income",0,0.487373312186105,1
1,1.75,0.1,4,"prot25_child",0,0.216022770541286,1
1,1.75,0.1,4,"prot50_male",0.1,-0.343567721687887,1
1,1.75,0.1,4,"prot50_age",1,0.477843485699391,1
1,1.75,0.1,4,"prot50_income",0,0.345377331946106,1
1,1.75,0.1,4,"prot50_child",-1,-0.31003184796311,1
1,1.75,0.1,4,"invasive_male",-1,-0.690242531664722,1
1,1.75,0.1,4,"invasive_age",-0.9,-0.351134642527614,1
1,1.75,0.1,4,"invasive_income",-0.3,-0.563125309319647,1
1,1.75,0.1,4,"invasive_child",0,-0.0815035223402459,0
1,1.75,0.1,5,"ASC2_male",0,0.144995411585411,1
1,1.75,0.1,5,"ASC2_age",0.7,0.555017941197191,1
1,1.75,0.1,5,"ASC2_income",-0.4,-0.42098809144898,1
1,1.75,0.1,5,"ASC2_child",-0.3,0.657359754478537,1
1,1.75,0.1,5,"ASC3_male",0,-0.170564634258129,1
1,1.75,0.1,5,"ASC3_age",0,0.0227910683136049,0
1,1.75,0.1,5,"ASC3_income",0.9,0.512782287879265,1
1,1.75,0.1,5,"ASC3_child",-0.6,0.96800037181073,1
1,1.75,0.1,5,"prot25_male",0.9,0.927854469862282,1
1,1.75,0.1,5,"prot25_age",0,-0.31492063637574,1
1,1.75,0.1,5,"prot25_income",-0.3,-0.474264694260169,1
1,1.75,0.1,5,"prot25_child",0,-0.772756593920594,1
1,1.75,0.1,5,"prot50_male",0.4,0.289634239204651,1
1,1.75,0.1,5,"prot50_age",0,0.178808122791395,1
1,1.75,0.1,5,"prot50_income",0.5,0.383925019365295,1
1,1.75,0.1,5,"prot50_child",0,-0.167450594928222,1
1,1.75,0.1,5,"invasive_male",0.7,0.56178659457132,1
1,1.75,0.1,5,"invasive_age",0,0.00248856634244992,0
1,1.75,0.1,5,"invasive_income",0,-0.244488040515023,1
1,1.75,0.1,5,"invasive_child",0,0.686284260724595,1
1,1.75,0.1,6,"ASC2_male",0.4,-0.38048913818548,1
1,1.75,0.1,6,"ASC2_age",0.7,0.73574228642413,1
1,1.75,0.1,6,"ASC2_income",0,-0.54436059101598,1
1,1.75,0.1,6,"ASC2_child",0,0.166111729256601,1
1,1.75,0.1,6,"ASC3_male",0,-0.0633691022983694,0
1,1.75,0.1,6,"ASC3_age",0,0.0165297912478757,0
1,1.75,0.1,6,"ASC3_income",0,-0.442633000881881,1
1,1.75,0.1,6,"ASC3_child",1.2,0.935099280985642,1
1,1.75,0.1,6,"prot25_male",-0.4,0.343787030666184,1
1,1.75,0.1,6,"prot25_age",-0.3,-0.564373350297237,1
1,1.75,0.1,6,"prot25_income",0,0.45511441188428,1
1,1.75,0.1,6,"prot25_child",0,-0.339736955900514,1
1,1.75,0.1,6,"prot50_male",0,0.356687888577427,1
1,1.75,0.1,6,"prot50_age",-1.1,-1.01064410208038,1
1,1.75,0.1,6,"prot50_income",-0.2,0.299400283524964,1
1,1.75,0.1,6,"prot50_child",-0.2,-0.643052247501543,1
1,1.75,0.1,6,"invasive_male",0,-0.565382986283397,1
1,1.75,0.1,6,"invasive_age",1,0.34070248973429,1
1,1.75,0.1,6,"invasive_income",0,-0.0956770620197005,0
1,1.75,0.1,6,"invasive_child",0.9,0.407527413579834,1
1,1.75,0.1,7,"ASC2_male",0.8,-0.356199611185272,1
1,1.75,0.1,7,"ASC2_age",0,0.243331567666886,1
1,1.75,0.1,7,"ASC2_income",0,-0.119238053600852,1
1,1.75,0.1,7,"ASC2_child",1.2,1.10553131380867,1
1,1.75,0.1,7,"ASC3_male",-0.7,-0.844175452508886,1
1,1.75,0.1,7,"ASC3_age",0,0.377533416548678,1
1,1.75,0.1,7,"ASC3_income",0,-0.133086499701381,1
1,1.75,0.1,7,"ASC3_child",-1,-0.295468425181005,1
1,1.75,0.1,7,"prot25_male",1.2,0.550689175528115,1
1,1.75,0.1,7,"prot25_age",0.8,0.114264918559762,1
1,1.75,0.1,7,"prot25_income",0,0.142515220973469,1
1,1.75,0.1,7,"prot25_child",0.7,-0.00461969003227702,0
1,1.75,0.1,7,"prot50_male",0,-0.0808111682842883,0
1,1.75,0.1,7,"prot50_age",-0.4,-0.850184197967231,1
1,1.75,0.1,7,"prot50_income",0,0.243164797574811,1
1,1.75,0.1,7,"prot50_child",0.6,-0.45058579818248,1
1,1.75,0.1,7,"invasive_male",0,0.39580217622235,1
1,1.75,0.1,7,"invasive_age",0,-0.403209115474473,1
1,1.75,0.1,7,"invasive_income",1.1,0.8188277825201,1
1,1.75,0.1,7,"invasive_child",0,-0.644284108754413,1
1,1.75,0.1,8,"ASC2_male",0,-0.551566995374474,1
1,1.75,0.1,8,"ASC2_age",-1.2,-0.116521265048136,1
1,1.75,0.1,8,"ASC2_income",0,0.0816863860485716,0
1,1.75,0.1,8,"ASC2_child",0,-0.690351107101446,1
1,1.75,0.1,8,"ASC3_male",-0.3,-0.830549162536839,1
1,1.75,0.1,8,"ASC3_age",0.9,1.2657065534737,1
1,1.75,0.1,8,"ASC3_income",0,0.0192003204886143,0
1,1.75,0.1,8,"ASC3_child",1.2,0.130167341447748,1
1,1.75,0.1,8,"prot25_male",0,0.204892752358129,1
1,1.75,0.1,8,"prot25_age",-0.2,0.0710833377576513,0
1,1.75,0.1,8,"prot25_income",0,0.193586088135423,1
1,1.75,0.1,8,"prot25_child",1.1,0.955476024818028,1
1,1.75,0.1,8,"prot50_male",1.1,0.758454892140937,1
1,1.75,0.1,8,"prot50_age",0,-0.049370074010668,0
1,1.75,0.1,8,"prot50_income",-0.2,-0.114016159775818,1
1,1.75,0.1,8,"prot50_child",0,0.467885650088218,1
1,1.75,0.1,8,"invasive_male",0,-0.128066486930276,1
1,1.75,0.1,8,"invasive_age",0.7,0.517151365427939,1
1,1.75,0.1,8,"invasive_income",0.3,0.0712385509197462,0
1,1.75,0.1,8,"invasive_child",0,-0.0461734145558632,0
1,1.75,0.1,9,"ASC2_male",1,1.44318496059368,1
1,1.75,0.1,9,"ASC2_age",0,-0.161515024394645,1
1,1.75,0.1,9,"ASC2_income",0,0.114531233089571,1
1,1.75,0.1,9,"ASC2_child",-1.2,-1.27781177891818,1
1,1.75,0.1,9,"ASC3_male",0.9,0.923610514288649,1
1,1.75,0.1,9,"ASC3_age",-0.6,-0.526512476061269,1
1,1.75,0.1,9,"ASC3_income",0,0.37519673827015,1
1,1.75,0.1,9,"ASC3_child",-0.9,-1.10599721015055,1
1,1.75,0.1,9,"prot25_male",-0.3,-0.437129480572854,1
1,1.75,0.1,9,"prot25_age",0,0.0128838817510873,0
1,1.75,0.1,9,"prot25_income",0,-0.118628950653231,1
1,1.75,0.1,9,"prot25_child",0,0.668860477843713,1
1,1.75,0.1,9,"prot50_male",-0.2,-0.265353348443911,1
1,1.75,0.1,9,"prot50_age",0.6,0.923781009546325,1
1,1.75,0.1,9,"prot50_income",-0.7,-0.812373583704628,1
1,1.75,0.1,9,"prot50_child",0,0.758797079579537,1
1,1.75,0.1,9,"invasive_male",0,0.0622586785501011,0
1,1.75,0.1,9,"invasive_age",0,0.350909642794074,1
1,1.75,0.1,9,"invasive_income",-0.7,-0.305906813706438,1
1,1.75,0.1,9,"invasive_child",0,0.0349031934070314,0
1,1.75,0.1,10,"ASC2_male",0.9,0.0788220485396993,0
1,1.75,0.1,10,"ASC2_age",0,-0.350956244259522,1
1,1.75,0.1,10,"ASC2_income",1.2,0.944800565185903,1
1,1.75,0.1,10,"ASC2_child",-0.8,-1.69076555522081,1
1,1.75,0.1,10,"ASC3_male",0.4,-0.353879709349054,1
1,1.75,0.1,10,"ASC3_age",-0.4,-0.452217205639947,1
1,1.75,0.1,10,"ASC3_income",0,0.560217928067004,1
1,1.75,0.1,10,"ASC3_child",0,-1.03008818759219,1
1,1.75,0.1,10,"prot25_male",1,0.591086011796632,1
1,1.75,0.1,10,"prot25_age",0,0.0890917271398426,0
1,1.75,0.1,10,"prot25_income",0,0.241960407819197,1
1,1.75,0.1,10,"prot25_child",0,0.0736143673876679,0
1,1.75,0.1,10,"prot50_male",0.4,-0.157067467108797,1
1,1.75,0.1,10,"prot50_age",0,0.242926495848123,1
1,1.75,0.1,10,"prot50_income",0,0.127219508181732,1
1,1.75,0.1,10,"prot50_child",0.7,1.04840887792596,1
1,1.75,0.1,10,"invasive_male",0,-0.582256764047594,1
1,1.75,0.1,10,"invasive_age",0.6,0.528957927876688,1
1,1.75,0.1,10,"invasive_income",0,0.229520628162926,1
1,1.75,0.1,10,"invasive_child",-0.7,-0.288915175604678,1
1,1.75,0.1,11,"ASC2_male",1.1,0.0235764734722445,0
1,1.75,0.1,11,"ASC2_age",-0.5,-0.115069521366738,1
1,1.75,0.1,11,"ASC2_income",0,-0.443253559624826,1
1,1.75,0.1,11,"ASC2_child",-0.5,0.683863841631006,1
1,1.75,0.1,11,"ASC3_male",0,-0.129864138421196,1
1,1.75,0.1,11,"ASC3_age",0,-0.0997029141778122,0
1,1.75,0.1,11,"ASC3_income",-0.7,-1.31314123345198,1
1,1.75,0.1,11,"ASC3_child",0,0.327212106710277,1
1,1.75,0.1,11,"prot25_male",0,0.656299554593665,1
1,1.75,0.1,11,"prot25_age",0.7,0.615043253976398,1
1,1.75,0.1,11,"prot25_income",0,0.135653747330058,1
1,1.75,0.1,11,"prot25_child",0,-0.547507849540741,1
1,1.75,0.1,11,"prot50_male",-1,0.0655770467861271,0
1,1.75,0.1,11,"prot50_age",0.7,0.638163956865588,1
1,1.75,0.1,11,"prot50_income",0.1,0.418032017518875,1
1,1.75,0.1,11,"prot50_child",1.2,0.658832887545856,1
1,1.75,0.1,11,"invasive_male",0,-0.061440034751919,0
1,1.75,0.1,11,"invasive_age",0,0.103011826228976,1
1,1.75,0.1,11,"invasive_income",-0.2,-0.323008142688237,1
1,1.75,0.1,11,"invasive_child",0,-0.208825989739418,1
1,1.75,0.1,12,"ASC2_male",0,0.395442787619437,1
1,1.75,0.1,12,"ASC2_age",0.8,0.711566247079193,1
1,1.75,0.1,12,"ASC2_income",0,-0.924376728847281,1
1,1.75,0.1,12,"ASC2_child",0,0.147757520682162,1
1,1.75,0.1,12,"ASC3_male",0.6,0.222448373717488,1
1,1.75,0.1,12,"ASC3_age",0.2,0.384679581690446,1
1,1.75,0.1,12,"ASC3_income",0,-1.07134156370997,1
1,1.75,0.1,12,"ASC3_child",0,-0.447401154499107,1
1,1.75,0.1,12,"prot25_male",0,-0.261178051847397,1
1,1.75,0.1,12,"prot25_age",-0.9,-0.748993301603214,1
1,1.75,0.1,12,"prot25_income",0,0.697265099462125,1
1,1.75,0.1,12,"prot25_child",0.2,0.0955949621634546,0
1,1.75,0.1,12,"prot50_male",-0.7,-0.748167302976084,1
1,1.75,0.1,12,"prot50_age",-0.6,-0.464836286038157,1
1,1.75,0.1,12,"prot50_income",0,0.92887849469649,1
1,1.75,0.1,12,"prot50_child",0,-0.313781036975258,1
1,1.75,0.1,12,"invasive_male",-0.7,-0.8549309185953,1
1,1.75,0.1,12,"invasive_age",-1.2,-0.693211018552854,1
1,1.75,0.1,12,"invasive_income",-1.1,-0.81236104464626,1
1,1.75,0.1,12,"invasive_child",0,-0.236375633278492,1
1,1.75,0.1,13,"ASC2_male",-0.7,-1.58770743615074,1
1,1.75,0.1,13,"ASC2_age",-0.3,-0.318959292455455,1
1,1.75,0.1,13,"ASC2_income",0,-0.0822179038099901,0
1,1.75,0.1,13,"ASC2_child",0,-0.397546805238749,1
1,1.75,0.1,13,"ASC3_male",0,-1.09930300022292,1
1,1.75,0.1,13,"ASC3_age",0,-0.260408677288642,1
1,1.75,0.1,13,"ASC3_income",0,-0.0936946808889739,0
1,1.75,0.1,13,"ASC3_child",-1.1,-1.37220333224208,1
1,1.75,0.1,13,"prot25_male",-0.5,0.35628290876715,1
1,1.75,0.1,13,"prot25_age",0,0.532749554386755,1
1,1.75,0.1,13,"prot25_income",0.3,0.0612945512506928,0
1,1.75,0.1,13,"prot25_child",-0.3,0.659504372020602,1
1,1.75,0.1,13,"prot50_male",0.9,1.4821721088935,1
1,1.75,0.1,13,"prot50_age",1,1.04674585002612,1
1,1.75,0.1,13,"prot50_income",-0.5,-0.41005319000092,1
1,1.75,0.1,13,"prot50_child",0,1.01162452189444,1
1,1.75,0.1,13,"invasive_male",0,-0.440064583153464,1
1,1.75,0.1,13,"invasive_age",0,0.406098992717098,1
1,1.75,0.1,13,"invasive_income",1,0.518255706592459,1
1,1.75,0.1,13,"invasive_child",0,-0.308158717853259,1
1,1.75,0.1,14,"ASC2_male",0.7,0.402566042829692,1
1,1.75,0.1,14,"ASC2_age",0,0.192142465759174,1
1,1.75,0.1,14,"ASC2_income",0,0.598230268292595,1
1,1.75,0.1,14,"ASC2_child",-1.2,-0.0128951214935381,0
1,1.75,0.1,14,"ASC3_male",-1.1,-1.35101648707898,1
1,1.75,0.1,14,"ASC3_age",0,0.577597411762582,1
1,1.75,0.1,14,"ASC3_income",0,0.296220661092525,1
1,1.75,0.1,14,"ASC3_child",0,0.767170460969984,1
1,1.75,0.1,14,"prot25_male",0,0.80731487218771,1
1,1.75,0.1,14,"prot25_age",-0.2,-0.483978386296,1
1,1.75,0.1,14,"prot25_income",-1,-0.655152174489576,1
1,1.75,0.1,14,"prot25_child",-0.2,-0.449333107416756,1
1,1.75,0.1,14,"prot50_male",0,-0.253853831746014,1
1,1.75,0.1,14,"prot50_age",-1,-1.01871381785428,1
1,1.75,0.1,14,"prot50_income",1,0.798111352561332,1
1,1.75,0.1,14,"prot50_child",0,0.0982920660405162,0
1,1.75,0.1,14,"invasive_male",0,0.27704399578462,1
1,1.75,0.1,14,"invasive_age",0.6,0.672432720960782,1
1,1.75,0.1,14,"invasive_income",0.2,0.125852998427488,1
1,1.75,0.1,14,"invasive_child",0,0.336256732239988,1
1,1.75,0.1,15,"ASC2_male",-0.1,0.668631333737961,1
1,1.75,0.1,15,"ASC2_age",-0.6,-0.576610480583465,1
1,1.75,0.1,15,"ASC2_income",0.3,0.523168916517613,1
1,1.75,0.1,15,"ASC2_child",0,0.859351250879476,1
1,1.75,0.1,15,"ASC3_male",0,0.741472408603415,1
1,1.75,0.1,15,"ASC3_age",0,-0.0584714093723636,0
1,1.75,0.1,15,"ASC3_income",1.1,0.867451798340019,1
1,1.75,0.1,15,"ASC3_child",1.2,1.05156994095916,1
1,1.75,0.1,15,"prot25_male",0,-0.348022224107352,1
1,1.75,0.1,15,"prot25_age",0,-0.0910357837522161,0
1,1.75,0.1,15,"prot25_income",0,-0.46776074611355,1
1,1.75,0.1,15,"prot25_child",0.8,0.163649498062064,1
1,1.75,0.1,15,"prot50_male",0,-0.737984646608087,1
1,1.75,0.1,15,"prot50_age",0.8,0.559700669048564,1
1,1.75,0.1,15,"prot50_income",0.2,-0.303388264424804,1
1,1.75,0.1,15,"prot50_child",0,-0.79021924116987,1
1,1.75,0.1,15,"invasive_male",0,0.393940895951921,1
1,1.75,0.1,15,"invasive_age",-1.2,-0.8937146582283,1
1,1.75,0.1,15,"invasive_income",0,0.0202148650193865,0
1,1.75,0.1,15,"invasive_child",0.9,0.0947207135943314,0
1,1.75,0.1,16,"ASC2_male",1,1.21699654672603,1
1,1.75,0.1,16,"ASC2_age",1,0.543302750431925,1
1,1.75,0.1,16,"ASC2_income",0,0.00430666687249424,0
1,1.75,0.1,16,"ASC2_child",0,-1.78521661758697,1
1,1.75,0.1,16,"ASC3_male",0.7,1.11472611806998,1
1,1.75,0.1,16,"ASC3_age",0,0.00487957346464137,0
1,1.75,0.1,16,"ASC3_income",0,-0.268210022633714,1
1,1.75,0.1,16,"ASC3_child",-1,-2.51674265928922,1
1,1.75,0.1,16,"prot25_male",0,-0.875378599253656,1
1,1.75,0.1,16,"prot25_age",0.2,0.437647721509567,1
1,1.75,0.1,16,"prot25_income",0,0.0435821767175085,0
1,1.75,0.1,16,"prot25_child",0,1.50959717779846,1
1,1.75,0.1,16,"prot50_male",0.9,0.180424245182333,1
1,1.75,0.1,16,"prot50_age",0.5,0.555033232621492,1
1,1.75,0.1,16,"prot50_income",0,0.0658929136373235,0
1,1.75,0.1,16,"prot50_child",-0.3,0.621721166943676,1
1,1.75,0.1,16,"invasive_male",-0.4,0.226572567533194,1
1,1.75,0.1,16,"invasive_age",0,-0.0821779101313981,0
1,1.75,0.1,16,"invasive_income",0.2,0.0479114349134036,0
1,1.75,0.1,16,"invasive_child",0,-0.767805363991957,1
1,1.75,0.1,17,"ASC2_male",0.6,0.433589503402384,1
1,1.75,0.1,17,"ASC2_age",-1,-0.926790913091227,1
1,1.75,0.1,17,"ASC2_income",1,0.718841048469376,1
1,1.75,0.1,17,"ASC2_child",0.8,0.133275042309477,1
1,1.75,0.1,17,"ASC3_male",0,0.178122712870137,1
1,1.75,0.1,17,"ASC3_age",0,-0.220759107001264,1
1,1.75,0.1,17,"ASC3_income",0.7,0.619253398873081,1
1,1.75,0.1,17,"ASC3_child",-0.4,-0.839363358240933,1
1,1.75,0.1,17,"prot25_male",0,-0.441938044125901,1
1,1.75,0.1,17,"prot25_age",0,-0.0123705362360062,0
1,1.75,0.1,17,"prot25_income",0,-0.36928952680883,1
1,1.75,0.1,17,"prot25_child",-0.7,-1.00090151780367,1
1,1.75,0.1,17,"prot50_male",0,-0.299271397181786,1
1,1.75,0.1,17,"prot50_age",0,0.0738585809695985,0
1,1.75,0.1,17,"prot50_income",0.4,-0.119472270490371,1
1,1.75,0.1,17,"prot50_child",-1.1,-0.936661617512052,1
1,1.75,0.1,17,"invasive_male",0,-0.0494530984510557,0
1,1.75,0.1,17,"invasive_age",0,-0.213146606580974,1
1,1.75,0.1,17,"invasive_income",0,-0.15949634592641,1
1,1.75,0.1,17,"invasive_child",0.8,0.208043056700012,1
1,1.75,0.1,18,"ASC2_male",0,-0.853844652983059,1
1,1.75,0.1,18,"ASC2_age",0,0.705836624325354,1
1,1.75,0.1,18,"ASC2_income",0.2,0.162139500560175,1
1,1.75,0.1,18,"ASC2_child",0,0.39775879125748,1
1,1.75,0.1,18,"ASC3_male",0.3,-0.0436847269071814,0
1,1.75,0.1,18,"ASC3_age",0,0.393770845193984,1
1,1.75,0.1,18,"ASC3_income",0.7,0.503680561142917,1
1,1.75,0.1,18,"ASC3_child",0,0.00104025582781851,0
1,1.75,0.1,18,"prot25_male",0,-0.0838800282752423,0
1,1.75,0.1,18,"prot25_age",0.2,-0.53527913839935,1
1,1.75,0.1,18,"prot25_income",0,0.28749659991991,1
1,1.75,0.1,18,"prot25_child",0.9,0.399552378702585,1
1,1.75,0.1,18,"prot50_male",-0.9,0.131399827886329,1
1,1.75,0.1,18,"prot50_age",0,-0.825496244154974,1
1,1.75,0.1,18,"prot50_income",0,0.147144821235645,1
1,1.75,0.1,18,"prot50_child",0,-0.430528558270332,1
1,1.75,0.1,18,"invasive_male",-0.9,-1.67335150352429,1
1,1.75,0.1,18,"invasive_age",0.1,-0.0856218641092275,0
1,1.75,0.1,18,"invasive_income",-0.5,-0.363386844105372,1
1,1.75,0.1,18,"invasive_child",-0.2,-0.347004301709732,1
1,1.75,0.1,19,"ASC2_male",0,-0.301249548548171,1
1,1.75,0.1,19,"ASC2_age",1.2,0.797637054421759,1
1,1.75,0.1,19,"ASC2_income",0,-0.017402173082437,0
1,1.75,0.1,19,"ASC2_child",0,0.129031731965746,1
1,1.75,0.1,19,"ASC3_male",0.1,0.157185494798572,1
1,1.75,0.1,19,"ASC3_age",0,-0.155980114778496,1
1,1.75,0.1,19,"ASC3_income",0.7,0.438730301709532,1
1,1.75,0.1,19,"ASC3_child",0,0.186407659749349,1
1,1.75,0.1,19,"prot25_male",0,0.253001937913584,1
1,1.75,0.1,19,"prot25_age",0.2,0.222686040416158,1
1,1.75,0.1,19,"prot25_income",-0.1,0.0632663639147212,0
1,1.75,0.1,19,"prot25_child",0.6,0.0540195967605224,0
1,1.75,0.1,19,"prot50_male",0.4,0.324704458184762,1
1,1.75,0.1,19,"prot50_age",0,0.388619810742493,1
1,1.75,0.1,19,"prot50_income",0,-0.379248251437906,1
1,1.75,0.1,19,"prot50_child",0,0.657838689896086,1
1,1.75,0.1,19,"invasive_male",0.6,0.256882680346292,1
1,1.75,0.1,19,"invasive_age",0,0.246386237805488,1
1,1.75,0.1,19,"invasive_income",0.2,-0.12806670436141,1
1,1.75,0.1,19,"invasive_child",-0.8,-0.288780200573863,1
1,1.75,0.1,20,"ASC2_male",-1,-0.779342768733841,1
1,1.75,0.1,20,"ASC2_age",1,0.058744371816242,0
1,1.75,0.1,20,"ASC2_income",-0.8,0.166118704335648,1
1,1.75,0.1,20,"ASC2_child",0,0.378431087720255,1
1,1.75,0.1,20,"ASC3_male",0,0.182659615111444,1
1,1.75,0.1,20,"ASC3_age",0,-0.405279172168299,1
1,1.75,0.1,20,"ASC3_income",0,0.232487219943787,1
1,1.75,0.1,20,"ASC3_child",0,0.326288441325653,1
1,1.75,0.1,20,"prot25_male",0,0.032689033617057,0
1,1.75,0.1,20,"prot25_age",0,0.472081279739415,1
1,1.75,0.1,20,"prot25_income",0.3,-0.237260206223532,1
1,1.75,0.1,20,"prot25_child",0.3,0.208556231461852,1
1,1.75,0.1,20,"prot50_male",0.4,0.474623176161236,1
1,1.75,0.1,20,"prot50_age",-0.9,-0.163740552180088,1
1,1.75,0.1,20,"prot50_income",-1.1,-1.06217429514149,1
1,1.75,0.1,20,"prot50_child",0,0.336447854610409,1
1,1.75,0.1,20,"invasive_male",0,0.0167524181734096,0
1,1.75,0.1,20,"invasive_age",-0.3,-0.48703665087998,1
1,1.75,0.1,20,"invasive_income",-0.7,-0.304562555369426,1
1,1.75,0.1,20,"invasive_child",0,0.53147166873903,1
1,1.75,0.1,21,"ASC2_male",-0.1,-0.368411055771788,1
1,1.75,0.1,21,"ASC2_age",0,0.0260005477377902,0
1,1.75,0.1,21,"ASC2_income",0,-0.356957396473216,1
1,1.75,0.1,21,"ASC2_child",0.4,1.06144797842352,1
1,1.75,0.1,21,"ASC3_male",0,-0.607041277712573,1
1,1.75,0.1,21,"ASC3_age",-0.8,-0.442703143653546,1
1,1.75,0.1,21,"ASC3_income",0,-0.32750754801486,1
1,1.75,0.1,21,"ASC3_child",-0.3,0.50644389137333,1
1,1.75,0.1,21,"prot25_male",-0.8,-0.0122773965790489,0
1,1.75,0.1,21,"prot25_age",-0.4,-0.37946789615822,1
1,1.75,0.1,21,"prot25_income",0,0.388478701053402,1
1,1.75,0.1,21,"prot25_child",-0.3,-0.485461801993853,1
1,1.75,0.1,21,"prot50_male",0.5,0.685134113471673,1
1,1.75,0.1,21,"prot50_age",0,-0.278188991386059,1
1,1.75,0.1,21,"prot50_income",0,-0.165207773554974,1
1,1.75,0.1,21,"prot50_child",0.1,-0.756688464296182,1
1,1.75,0.1,21,"invasive_male",0,-0.568641965158714,1
1,1.75,0.1,21,"invasive_age",-0.3,-0.0157387068017207,0
1,1.75,0.1,21,"invasive_income",0,-0.436307336736269,1
1,1.75,0.1,21,"invasive_child",0,0.00654081128690517,0
1,1.75,0.1,22,"ASC2_male",0.9,0.270911015969432,1
1,1.75,0.1,22,"ASC2_age",0,-0.432511703303296,1
1,1.75,0.1,22,"ASC2_income",0,0.595712268270425,1
1,1.75,0.1,22,"ASC2_child",-0.7,-0.420032675793154,1
1,1.75,0.1,22,"ASC3_male",-0.7,-0.934959098190204,1
1,1.75,0.1,22,"ASC3_age",0,-0.409810572376243,1
1,1.75,0.1,22,"ASC3_income",0,0.552598981866897,1
1,1.75,0.1,22,"ASC3_child",0,0.138766484187597,1
1,1.75,0.1,22,"prot25_male",0,-0.52162731337079,1
1,1.75,0.1,22,"prot25_age",-0.2,0.218716278832857,1
1,1.75,0.1,22,"prot25_income",0.4,0.0600410195126395,0
1,1.75,0.1,22,"prot25_child",0,0.476892430499044,1
1,1.75,0.1,22,"prot50_male",0.4,0.144906006368938,1
1,1.75,0.1,22,"prot50_age",-1,-0.800295768646336,1
1,1.75,0.1,22,"prot50_income",0,-0.0845636103368365,0
1,1.75,0.1,22,"prot50_child",0.9,0.464715629642259,1
1,1.75,0.1,22,"invasive_male",0,0.168869734949558,1
1,1.75,0.1,22,"invasive_age",-0.8,-0.458944408271098,1
1,1.75,0.1,22,"invasive_income",0,0.104485911677876,1
1,1.75,0.1,22,"invasive_child",-0.1,-0.0901466497933318,0
1,1.75,0.1,23,"ASC2_male",-0.1,-0.340829677268971,1
1,1.75,0.1,23,"ASC2_age",-0.3,-0.073126812823091,0
1,1.75,0.1,23,"ASC2_income",0,-0.335649864484454,1
1,1.75,0.1,23,"ASC2_child",0,0.50881594111264,1
1,1.75,0.1,23,"ASC3_male",-0.9,-0.293636722482608,1
1,1.75,0.1,23,"ASC3_age",0,0.0624962189250167,0
1,1.75,0.1,23,"ASC3_income",0,-0.514334505289716,1
1,1.75,0.1,23,"ASC3_child",1,0.940859080772676,1
1,1.75,0.1,23,"prot25_male",0,-0.12341917489015,1
1,1.75,0.1,23,"prot25_age",0,-0.192276826698083,1
1,1.75,0.1,23,"prot25_income",0,0.358437504907296,1
1,1.75,0.1,23,"prot25_child",-1.1,-0.98904677805703,1
1,1.75,0.1,23,"prot50_male",-1.1,-0.708677101208724,1
1,1.75,0.1,23,"prot50_age",-0.8,-0.973111310786774,1
1,1.75,0.1,23,"prot50_income",0,0.0444693661105788,0
1,1.75,0.1,23,"prot50_child",0,-0.552368494822102,1
1,1.75,0.1,23,"invasive_male",-0.4,-0.237651081855083,1
1,1.75,0.1,23,"invasive_age",-0.4,-0.293380748211562,1
1,1.75,0.1,23,"invasive_income",0.8,0.263698584663288,1
1,1.75,0.1,23,"invasive_child",0,0.158363885552398,1
1,1.75,0.1,24,"ASC2_male",0.6,0.143592702604755,1
1,1.75,0.1,24,"ASC2_age",-1.1,-0.660371680683379,1
1,1.75,0.1,24,"ASC2_income",0,-0.0759737096325722,0
1,1.75,0.1,24,"ASC2_child",0,0.0881600937943069,0
1,1.75,0.1,24,"ASC3_male",0,-0.251015909739761,1
1,1.75,0.1,24,"ASC3_age",0,0.078729444641377,0
1,1.75,0.1,24,"ASC3_income",-0.6,-0.125730718954544,1
1,1.75,0.1,24,"ASC3_child",0.4,-0.342821871092925,1
1,1.75,0.1,24,"prot25_male",-0.3,-0.357566330017573,1
1,1.75,0.1,24,"prot25_age",0,-0.0750165489262904,0
1,1.75,0.1,24,"prot25_income",0,-0.0785849159971753,0
1,1.75,0.1,24,"prot25_child",-0.4,0.563744403692467,1
1,1.75,0.1,24,"prot50_male",0,-1.02110905617991,1
1,1.75,0.1,24,"prot50_age",0,0.429554986859761,1
1,1.75,0.1,24,"prot50_income",-0.5,-0.39830534204837,1
1,1.75,0.1,24,"prot50_child",0,0.4548987942041,1
1,1.75,0.1,24,"invasive_male",0.9,0.78355858956616,1
1,1.75,0.1,24,"invasive_age",-0.7,-0.450196859799916,1
1,1.75,0.1,24,"invasive_income",1.2,1.00713809239734,1
1,1.75,0.1,24,"invasive_child",0,0.489052330982406,1
1,1.75,0.1,25,"ASC2_male",-0.8,-0.536449677495532,1
1,1.75,0.1,25,"ASC2_age",1,0.842848387429357,1
1,1.75,0.1,25,"ASC2_income",0,-0.104213297314209,1
1,1.75,0.1,25,"ASC2_child",0,0.337887062415322,1
1,1.75,0.1,25,"ASC3_male",0.9,0.911224341009818,1
1,1.75,0.1,25,"ASC3_age",0,0.490177136695167,1
1,1.75,0.1,25,"ASC3_income",-0.7,-0.509430113247245,1
1,1.75,0.1,25,"ASC3_child",-0.9,0.191289371233508,1
1,1.75,0.1,25,"prot25_male",0,-0.0536183841839785,0
1,1.75,0.1,25,"prot25_age",0,-0.00384507043884036,0
1,1.75,0.1,25,"prot25_income",-0.9,-0.40141143241415,1
1,1.75,0.1,25,"prot25_child",0,-0.722650561307059,1
1,1.75,0.1,25,"prot50_male",0,-0.178274788585582,1
1,1.75,0.1,25,"prot50_age",0,0.0632050736742442,0
1,1.75,0.1,25,"prot50_income",0.3,0.133540654938879,1
1,1.75,0.1,25,"prot50_child",0,-0.363277517469196,1
1,1.75,0.1,25,"invasive_male",-1.2,-0.371537731213339,1
1,1.75,0.1,25,"invasive_age",0.2,0.366185168245246,1
1,1.75,0.1,25,"invasive_income",0,0.0460049922038104,0
1,1.75,0.1,25,"invasive_child",-0.3,0.280004836440604,1
1,1.75,0.1,26,"ASC2_male",0,0.416993510415093,1
1,1.75,0.1,26,"ASC2_age",0,-0.42519071713393,1
1,1.75,0.1,26,"ASC2_income",-0.2,-0.052884250407524,0
1,1.75,0.1,26,"ASC2_child",0,-0.396837652407137,1
1,1.75,0.1,26,"ASC3_male",0.2,0.523864392667512,1
1,1.75,0.1,26,"ASC3_age",0,-0.415030651037999,1
1,1.75,0.1,26,"ASC3_income",-0.6,-0.517470458564343,1
1,1.75,0.1,26,"ASC3_child",-0.4,-0.425912897233541,1
1,1.75,0.1,26,"prot25_male",0,0.0527199106306202,0
1,1.75,0.1,26,"prot25_age",0.3,0.0675591681058305,0
1,1.75,0.1,26,"prot25_income",-1.1,-1.08673371685875,1
1,1.75,0.1,26,"prot25_child",0.6,-0.00619060978362839,0
1,1.75,0.1,26,"prot50_male",0,0.191301780706501,1
1,1.75,0.1,26,"prot50_age",1.2,0.815008617347925,1
1,1.75,0.1,26,"prot50_income",0,-0.10613474585815,1
1,1.75,0.1,26,"prot50_child",-0.3,-0.0315603030709554,0
1,1.75,0.1,26,"invasive_male",0,0.478119968538811,1
1,1.75,0.1,26,"invasive_age",0,0.124039281957557,1
1,1.75,0.1,26,"invasive_income",0,-0.167730534277351,1
1,1.75,0.1,26,"invasive_child",0.9,0.744446033094003,1
1,1.75,0.1,27,"ASC2_male",0.2,0.829189158998423,1
1,1.75,0.1,27,"ASC2_age",-0.9,-0.788080942920145,1
1,1.75,0.1,27,"ASC2_income",0.7,0.102991979535902,1
1,1.75,0.1,27,"ASC2_child",0,-0.800577953921973,1
1,1.75,0.1,27,"ASC3_male",0,0.428540686906868,1
1,1.75,0.1,27,"ASC3_age",0,-0.0642626980222051,0
1,1.75,0.1,27,"ASC3_income",0.5,-0.469665789156103,1
1,1.75,0.1,27,"ASC3_child",-0.7,-1.4169305003607,1
1,1.75,0.1,27,"prot25_male",0.8,0.19275532570736,1
1,1.75,0.1,27,"prot25_age",0,-0.22011380918619,1
1,1.75,0.1,27,"prot25_income",0,0.500340608725636,1
1,1.75,0.1,27,"prot25_child",0,0.418985286246894,1
1,1.75,0.1,27,"prot50_male",0,-0.33634767919317,1
1,1.75,0.1,27,"prot50_age",0.7,-0.0254329690767275,0
1,1.75,0.1,27,"prot50_income",0,0.511471835894507,1
1,1.75,0.1,27,"prot50_child",-1,-0.567947179689332,1
1,1.75,0.1,27,"invasive_male",0,0.539568546290321,1
1,1.75,0.1,27,"invasive_age",0,-0.382492719205827,1
1,1.75,0.1,27,"invasive_income",1,0.532004849445969,1
1,1.75,0.1,27,"invasive_child",0.9,-0.584986111149389,1
1,1.75,0.1,28,"ASC2_male",0,-0.376077057976372,1
1,1.75,0.1,28,"ASC2_age",0,0.135256103755652,1
1,1.75,0.1,28,"ASC2_income",0,-0.0324715636623335,0
1,1.75,0.1,28,"ASC2_child",-0.9,0.245564916389635,1
1,1.75,0.1,28,"ASC3_male",-0.9,-0.707124497498396,1
1,1.75,0.1,28,"ASC3_age",-0.3,0.0600517333678477,0
1,1.75,0.1,28,"ASC3_income",0,0.0451092182242842,0
1,1.75,0.1,28,"ASC3_child",0,0.400375214992008,1
1,1.75,0.1,28,"prot25_male",-0.7,-0.150237072122672,1
1,1.75,0.1,28,"prot25_age",-0.3,-0.346053258138101,1
1,1.75,0.1,28,"prot25_income",0,-0.289300255079693,1
1,1.75,0.1,28,"prot25_child",0,-0.506534816596416,1
1,1.75,0.1,28,"prot50_male",-0.3,-0.844070811740533,1
1,1.75,0.1,28,"prot50_age",0.2,-0.0725161210426653,0
1,1.75,0.1,28,"prot50_income",0,-0.155930496926414,1
1,1.75,0.1,28,"prot50_child",0,-0.349232733039956,1
1,1.75,0.1,28,"invasive_male",0.5,-0.15112631889236,1
1,1.75,0.1,28,"invasive_age",0,-0.0141235108398858,0
1,1.75,0.1,28,"invasive_income",-1,-0.699443412185325,1
1,1.75,0.1,28,"invasive_child",0.6,0.894974566625145,1
1,1.75,0.1,29,"ASC2_male",0.3,-0.41380846050072,1
1,1.75,0.1,29,"ASC2_age",0.9,0.151664806477392,1
1,1.75,0.1,29,"ASC2_income",1.2,0.445854425365473,1
1,1.75,0.1,29,"ASC2_child",0.5,0.894325328918707,1
1,1.75,0.1,29,"ASC3_male",1.1,-0.0274371140541691,0
1,1.75,0.1,29,"ASC3_age",0,-0.479493973156968,1
1,1.75,0.1,29,"ASC3_income",0,-0.231885642967529,1
1,1.75,0.1,29,"ASC3_child",0.1,0.36868869976938,1
1,1.75,0.1,29,"prot25_male",-1.1,-1.58962685216294,1
1,1.75,0.1,29,"prot25_age",0,0.382020307865004,1
1,1.75,0.1,29,"prot25_income",0,0.455522819115927,1
1,1.75,0.1,29,"prot25_child",-0.5,0.145841685258088,1
1,1.75,0.1,29,"prot50_male",0,-0.164743320365083,1
1,1.75,0.1,29,"prot50_age",-0.9,-0.582247353751864,1
1,1.75,0.1,29,"prot50_income",-0.8,-0.428350118042461,1
1,1.75,0.1,29,"prot50_child",0,0.0582138979038421,0
1,1.75,0.1,29,"invasive_male",0,0.412900586651833,1
1,1.75,0.1,29,"invasive_age",0,-0.314195560983683,1
1,1.75,0.1,29,"invasive_income",0,-0.259483099777521,1
1,1.75,0.1,29,"invasive_child",0,-0.304455271659243,1
1,1.75,0.1,30,"ASC2_male",0.4,0.0467456608580841,0
1,1.75,0.1,30,"ASC2_age",0,0.110533077412985,1
1,1.75,0.1,30,"ASC2_income",0,0.612196346359688,1
1,1.75,0.1,30,"ASC2_child",0.7,-0.436506141010123,1
1,1.75,0.1,30,"ASC3_male",1.1,0.706106045751806,1
1,1.75,0.1,30,"ASC3_age",0,0.265007365885032,1
1,1.75,0.1,30,"ASC3_income",0.4,0.871754978259827,1
1,1.75,0.1,30,"ASC3_child",0.9,-0.169090941395454,1
1,1.75,0.1,30,"prot25_male",-0.2,-0.279523086112603,1
1,1.75,0.1,30,"prot25_age",0.1,-0.153012374087797,1
1,1.75,0.1,30,"prot25_income",0.3,0.151962133461088,1
1,1.75,0.1,30,"prot25_child",0,0.624500466573966,1
1,1.75,0.1,30,"prot50_male",0,-0.457769797110824,1
1,1.75,0.1,30,"prot50_age",0,0.0961170581380531,0
1,1.75,0.1,30,"prot50_income",0,-0.708853268922032,1
1,1.75,0.1,30,"prot50_child",0,0.143659623902927,1
1,1.75,0.1,30,"invasive_male",-0.6,-0.728403607770986,1
1,1.75,0.1,30,"invasive_age",0,0.323170552092808,1
1,1.75,0.1,30,"invasive_income",-1,-1.01672216315251,1
1,1.75,0.1,30,"invasive_child",0,-0.318951539835421,1
1,1.75,0.1,31,"ASC2_male",-0.3,0.0531167064914906,0
1,1.75,0.1,31,"ASC2_age",1.2,0.811624404966181,1
1,1.75,0.1,31,"ASC2_income",1,0.425617141126967,1
1,1.75,0.1,31,"ASC2_child",0,-0.710364997736096,1
1,1.75,0.1,31,"ASC3_male",0,0.120334934027601,1
1,1.75,0.1,31,"ASC3_age",1.1,1.0490084853718,1
1,1.75,0.1,31,"ASC3_income",-0.6,-0.765033288659914,1
1,1.75,0.1,31,"ASC3_child",0,0.315365017172023,1
1,1.75,0.1,31,"prot25_male",0,0.181627477878235,1
1,1.75,0.1,31,"prot25_age",-0.2,-0.33149585101978,1
1,1.75,0.1,31,"prot25_income",0,0.326229040286278,1
1,1.75,0.1,31,"prot25_child",-0.2,0.224241010021209,1
1,1.75,0.1,31,"prot50_male",-0.3,-0.201550904802398,1
1,1.75,0.1,31,"prot50_age",0,-0.0957916686645529,0
1,1.75,0.1,31,"prot50_income",0,-0.314600920491984,1
1,1.75,0.1,31,"prot50_child",0,0.220311912099912,1
1,1.75,0.1,31,"invasive_male",0,0.53494122259627,1
1,1.75,0.1,31,"invasive_age",0.2,0.0448534394161089,0
1,1.75,0.1,31,"invasive_income",0.9,0.397139937236796,1
1,1.75,0.1,31,"invasive_child",0,-0.692027903748974,1
1,1.75,0.1,32,"ASC2_male",0.6,0.595690166036637,1
1,1.75,0.1,32,"ASC2_age",0,-0.0484790050888471,0
1,1.75,0.1,32,"ASC2_income",1.1,0.701484586541562,1
1,1.75,0.1,32,"ASC2_child",0,-0.57619495320784,1
1,1.75,0.1,32,"ASC3_male",-0.7,0.0524461607837264,0
1,1.75,0.1,32,"ASC3_age",-1.1,-0.563119682095108,1
1,1.75,0.1,32,"ASC3_income",0,-0.337245690432024,1
1,1.75,0.1,32,"ASC3_child",-0.3,-0.527951428053186,1
1,1.75,0.1,32,"prot25_male",0.7,-0.044970916424799,0
1,1.75,0.1,32,"prot25_age",0,-0.286638151274041,1
1,1.75,0.1,32,"prot25_income",-0.5,-0.853082046936701,1
1,1.75,0.1,32,"prot25_child",-1.1,-0.766808303660949,1
1,1.75,0.1,32,"prot50_male",0,0.252351430732514,1
1,1.75,0.1,32,"prot50_age",-0.6,-0.491796244265086,1
1,1.75,0.1,32,"prot50_income",0,-0.109276298361007,1
1,1.75,0.1,32,"prot50_child",0,0.12402030620058,1
1,1.75,0.1,32,"invasive_male",0,-0.335389292339498,1
1,1.75,0.1,32,"invasive_age",0,-0.208291087614854,1
1,1.75,0.1,32,"invasive_income",0,-0.238651032621451,1
1,1.75,0.1,32,"invasive_child",0.2,-0.195508564819275,1
1,1.75,0.1,33,"ASC2_male",-0.4,0.166545764395677,1
1,1.75,0.1,33,"ASC2_age",0,0.442242510052196,1
1,1.75,0.1,33,"ASC2_income",0,0.675442710502608,1
1,1.75,0.1,33,"ASC2_child",0,1.19009678028471,1
1,1.75,0.1,33,"ASC3_male",0.6,1.06353582250694,1
1,1.75,0.1,33,"ASC3_age",0,0.35988990186831,1
1,1.75,0.1,33,"ASC3_income",-1,-0.491660738264916,1
1,1.75,0.1,33,"ASC3_child",0,0.604460991597919,1
1,1.75,0.1,33,"prot25_male",0,-0.638079399053244,1
1,1.75,0.1,33,"prot25_age",0,-0.380196942983948,1
1,1.75,0.1,33,"prot25_income",0,-0.403813325790929,1
1,1.75,0.1,33,"prot25_child",1.1,-0.219547425430075,1
1,1.75,0.1,33,"prot50_male",0,-0.983529349028149,1
1,1.75,0.1,33,"prot50_age",0.4,-0.126916237372651,1
1,1.75,0.1,33,"prot50_income",0.3,-0.0253267271390155,0
1,1.75,0.1,33,"prot50_child",-0.4,-0.359288378236081,1
1,1.75,0.1,33,"invasive_male",0.3,-0.0807687698992021,0
1,1.75,0.1,33,"invasive_age",0,-0.0516729147662056,0
1,1.75,0.1,33,"invasive_income",0.6,0.528051910803972,1
1,1.75,0.1,33,"invasive_child",0.8,1.09915530579508,1
1,1.75,0.1,34,"ASC2_male",0,0.759077966404965,1
1,1.75,0.1,34,"ASC2_age",0,-0.242579435927057,1
1,1.75,0.1,34,"ASC2_income",-0.8,-0.0654473408848187,0
1,1.75,0.1,34,"ASC2_child",-0.4,-0.570326211724476,1
1,1.75,0.1,34,"ASC3_male",0,0.698614318783555,1
1,1.75,0.1,34,"ASC3_age",0,-0.190818499371219,1
1,1.75,0.1,34,"ASC3_income",0,0.365818449721592,1
1,1.75,0.1,34,"ASC3_child",0.4,0.26912791481501,1
1,1.75,0.1,34,"prot25_male",0,-0.514143099098434,1
1,1.75,0.1,34,"prot25_age",0,-0.101312612912404,1
1,1.75,0.1,34,"prot25_income",1,0.30298750084122,1
1,1.75,0.1,34,"prot25_child",1.2,0.703410642514289,1
1,1.75,0.1,34,"prot50_male",0.1,-0.708890612725867,1
1,1.75,0.1,34,"prot50_age",0.2,0.187879558552534,1
1,1.75,0.1,34,"prot50_income",-0.5,-0.200261421850706,1
1,1.75,0.1,34,"prot50_child",0,-0.0376745051893134,0
1,1.75,0.1,34,"invasive_male",0,0.868891949272044,1
1,1.75,0.1,34,"invasive_age",0,-0.677448944600108,1
1,1.75,0.1,34,"invasive_income",-1,-0.10481095139352,1
1,1.75,0.1,34,"invasive_child",0.2,-0.0609029560676807,0
1,1.75,0.1,35,"ASC2_male",0,-0.154782123358685,1
1,1.75,0.1,35,"ASC2_age",0,0.252362832236725,1
1,1.75,0.1,35,"ASC2_income",0.9,0.758360246557677,1
1,1.75,0.1,35,"ASC2_child",0,0.20726875603081,1
1,1.75,0.1,35,"ASC3_male",0,-0.00213349311003174,0
1,1.75,0.1,35,"ASC3_age",1.1,1.2392258910878,1
1,1.75,0.1,35,"ASC3_income",0,0.476172134568026,1
1,1.75,0.1,35,"ASC3_child",0,0.467674106045296,1
1,1.75,0.1,35,"prot25_male",-0.2,0.63341793963571,1
1,1.75,0.1,35,"prot25_age",0.3,-0.106596557193179,1
1,1.75,0.1,35,"prot25_income",0,0.0551343233855323,0
1,1.75,0.1,35,"prot25_child",-1.1,-1.0908442162061,1
1,1.75,0.1,35,"prot50_male",-0.4,-0.0673125413828175,0
1,1.75,0.1,35,"prot50_age",0,-0.483713041924255,1
1,1.75,0.1,35,"prot50_income",-0.3,-0.0220930376171094,0
1,1.75,0.1,35,"prot50_child",0.5,-0.0791911030233478,0
1,1.75,0.1,35,"invasive_male",0.1,-0.0712563052866182,0
1,1.75,0.1,35,"invasive_age",0,-0.121847585317971,1
1,1.75,0.1,35,"invasive_income",-1.1,-0.129707331820711,1
1,1.75,0.1,35,"invasive_child",0,-0.25559396081049,1
1,1.75,0.1,36,"ASC2_male",-0.4,-0.146609799270907,1
1,1.75,0.1,36,"ASC2_age",-1,-0.896575353841562,1
1,1.75,0.1,36,"ASC2_income",-0.5,-0.471754937495879,1
1,1.75,0.1,36,"ASC2_child",-0.9,-0.102713231025384,1
1,1.75,0.1,36,"ASC3_male",0,0.0390456900712524,0
1,1.75,0.1,36,"ASC3_age",1.1,0.670746459319359,1
1,1.75,0.1,36,"ASC3_income",0,-0.0600585243714779,0
1,1.75,0.1,36,"ASC3_child",0,0.201904231869518,1
1,1.75,0.1,36,"prot25_male",0,-0.408073031491358,1
1,1.75,0.1,36,"prot25_age",0,0.131138815604355,1
1,1.75,0.1,36,"prot25_income",1.1,0.767311665977612,1
1,1.75,0.1,36,"prot25_child",-0.5,-0.836217020667876,1
1,1.75,0.1,36,"prot50_male",0,0.0589592705217634,0
1,1.75,0.1,36,"prot50_age",0,0.00774789716618284,0
1,1.75,0.1,36,"prot50_income",1.1,0.748078093932412,1
1,1.75,0.1,36,"prot50_child",0,0.223917459870975,1
1,1.75,0.1,36,"invasive_male",0.3,-0.230812568234003,1
1,1.75,0.1,36,"invasive_age",0,-0.0163114626178451,0
1,1.75,0.1,36,"invasive_income",-0.5,-0.109135502109506,1
1,1.75,0.1,36,"invasive_child",0,0.681058870211687,1
1,1.75,0.1,37,"ASC2_male",0.6,0.484153674165183,1
1,1.75,0.1,37,"ASC2_age",0,0.330612794229965,1
1,1.75,0.1,37,"ASC2_income",0.9,0.972091693686471,1
1,1.75,0.1,37,"ASC2_child",0,0.427668561741617,1
1,1.75,0.1,37,"ASC3_male",0,0.00485526776093931,0
1,1.75,0.1,37,"ASC3_age",0.6,0.72791480396288,1
1,1.75,0.1,37,"ASC3_income",1.1,0.993823473334227,1
1,1.75,0.1,37,"ASC3_child",-0.8,0.136877286457008,1
1,1.75,0.1,37,"prot25_male",-1.2,-1.12609535546845,1
1,1.75,0.1,37,"prot25_age",0,0.176035793143501,1
1,1.75,0.1,37,"prot25_income",1.1,-0.228256989822585,1
1,1.75,0.1,37,"prot25_child",0,-0.2913977676223,1
1,1.75,0.1,37,"prot50_male",0,-0.401004543909077,1
1,1.75,0.1,37,"prot50_age",0.5,-0.0499245313350318,0
1,1.75,0.1,37,"prot50_income",0,-0.728763216850973,1
1,1.75,0.1,37,"prot50_child",0,-0.209806849862638,1
1,1.75,0.1,37,"invasive_male",0,-0.296418855066752,1
1,1.75,0.1,37,"invasive_age",1.1,0.628448882816972,1
1,1.75,0.1,37,"invasive_income",0,-0.210011272098179,1
1,1.75,0.1,37,"invasive_child",0.6,0.369397327413161,1
1,1.75,0.1,38,"ASC2_male",0.3,0.475809993366457,1
1,1.75,0.1,38,"ASC2_age",0.3,0.314464769017819,1
1,1.75,0.1,38,"ASC2_income",0,-0.300151422755596,1
1,1.75,0.1,38,"ASC2_child",0.9,1.17424762477919,1
1,1.75,0.1,38,"ASC3_male",0,0.398807521444979,1
1,1.75,0.1,38,"ASC3_age",-0.6,-0.175661233957304,1
1,1.75,0.1,38,"ASC3_income",0,-0.282980934016112,1
1,1.75,0.1,38,"ASC3_child",0,0.416482628039916,1
1,1.75,0.1,38,"prot25_male",0,-0.578556584798542,1
1,1.75,0.1,38,"prot25_age",0,-0.112043107228473,1
1,1.75,0.1,38,"prot25_income",0.7,0.682201610707877,1
1,1.75,0.1,38,"prot25_child",0,-0.872238588819383,1
1,1.75,0.1,38,"prot50_male",0,-0.314768785890103,1
1,1.75,0.1,38,"prot50_age",0,-0.41867457518778,1
1,1.75,0.1,38,"prot50_income",0.2,0.470164101615134,1
1,1.75,0.1,38,"prot50_child",-0.8,-1.15141216327685,1
1,1.75,0.1,38,"invasive_male",0.1,0.305947141694991,1
1,1.75,0.1,38,"invasive_age",0,-0.0849729159924432,0
1,1.75,0.1,38,"invasive_income",-0.6,-0.644082468245837,1
1,1.75,0.1,38,"invasive_child",-0.6,-0.447915003969681,1
1,1.75,0.1,39,"ASC2_male",0.9,1.0866439739,1
1,1.75,0.1,39,"ASC2_age",0,0.3442016429019,1
1,1.75,0.1,39,"ASC2_income",0,0.356600491034532,1
1,1.75,0.1,39,"ASC2_child",0,0.471362817890583,1
1,1.75,0.1,39,"ASC3_male",-0.9,-0.250063845650105,1
1,1.75,0.1,39,"ASC3_age",0,0.357496219447642,1
1,1.75,0.1,39,"ASC3_income",-0.7,-0.424998925066062,1
1,1.75,0.1,39,"ASC3_child",-1.1,0.136357649407921,1
1,1.75,0.1,39,"prot25_male",-1,-0.830638639430521,1
1,1.75,0.1,39,"prot25_age",-0.6,-1.02031816245405,1
1,1.75,0.1,39,"prot25_income",0.7,0.902130107851816,1
1,1.75,0.1,39,"prot25_child",-0.3,-1.00953408215977,1
1,1.75,0.1,39,"prot50_male",0,-0.258286225525096,1
1,1.75,0.1,39,"prot50_age",0,-0.419585599550817,1
1,1.75,0.1,39,"prot50_income",0,0.0464193976366354,0
1,1.75,0.1,39,"prot50_child",0,-0.0854923146482969,0
1,1.75,0.1,39,"invasive_male",1.1,0.697188403733306,1
1,1.75,0.1,39,"invasive_age",0,0.094193472435914,0
1,1.75,0.1,39,"invasive_income",0,0.3614446123231,1
1,1.75,0.1,39,"invasive_child",-0.6,0.0777001232757157,0
1,1.75,0.1,40,"ASC2_male",0,-0.129934957731333,1
1,1.75,0.1,40,"ASC2_age",-0.3,0.253692093416661,1
1,1.75,0.1,40,"ASC2_income",1.1,1.24715444944406,1
1,1.75,0.1,40,"ASC2_child",0,0.90309702661378,1
1,1.75,0.1,40,"ASC3_male",0.5,0.200340062250415,1
1,1.75,0.1,40,"ASC3_age",0,0.270908465830477,1
1,1.75,0.1,40,"ASC3_income",-0.9,-0.119799940527532,1
1,1.75,0.1,40,"ASC3_child",-1,0.1012340248464,1
1,1.75,0.1,40,"prot25_male",-0.5,0.179071168142371,1
1,1.75,0.1,40,"prot25_age",-0.3,-0.530989783422009,1
1,1.75,0.1,40,"prot25_income",0,-0.767336578363486,1
1,1.75,0.1,40,"prot25_child",0,-0.17302990950664,1
1,1.75,0.1,40,"prot50_male",0,-0.159876384125443,1
1,1.75,0.1,40,"prot50_age",-1,-0.823252014766685,1
1,1.75,0.1,40,"prot50_income",0,-0.701675197662853,1
1,1.75,0.1,40,"prot50_child",0,-0.54381751883792,1
1,1.75,0.1,40,"invasive_male",0,-0.250627992943296,1
1,1.75,0.1,40,"invasive_age",-0.3,0.0920046982485313,0
1,1.75,0.1,40,"invasive_income",-0.1,-0.0325564676590747,0
1,1.75,0.1,40,"invasive_child",0,0.635238731124075,1
1,1.75,0.1,41,"ASC2_male",-0.5,-0.0991501023115585,0
1,1.75,0.1,41,"ASC2_age",0.9,0.649516742062767,1
1,1.75,0.1,41,"ASC2_income",1.1,0.449698877238366,1
1,1.75,0.1,41,"ASC2_child",0,0.536128254285619,1
1,1.75,0.1,41,"ASC3_male",0.3,0.209511420202787,1
1,1.75,0.1,41,"ASC3_age",0,-0.00843849862676084,0
1,1.75,0.1,41,"ASC3_income",0,-0.149690821355193,1
1,1.75,0.1,41,"ASC3_child",0,0.5384601969778,1
1,1.75,0.1,41,"prot25_male",0,0.441391293558027,1
1,1.75,0.1,41,"prot25_age",0,-0.207461115223945,1
1,1.75,0.1,41,"prot25_income",-0.2,-0.00164390313341391,0
1,1.75,0.1,41,"prot25_child",0.7,0.184980276461956,1
1,1.75,0.1,41,"prot50_male",-0.8,-0.345867322019186,1
1,1.75,0.1,41,"prot50_age",-0.4,-0.783812164088,1
1,1.75,0.1,41,"prot50_income",0,0.145870505779787,1
1,1.75,0.1,41,"prot50_child",0,0.130978113234215,1
1,1.75,0.1,41,"invasive_male",0,-0.454807209301161,1
1,1.75,0.1,41,"invasive_age",0,-0.377850263897865,1
1,1.75,0.1,41,"invasive_income",0.3,0.311007845920112,1
1,1.75,0.1,41,"invasive_child",0.5,0.838076269411257,1
1,1.75,0.1,42,"ASC2_male",0.6,1.31538034378623,1
1,1.75,0.1,42,"ASC2_age",0,-0.415103261002581,1
1,1.75,0.1,42,"ASC2_income",0.6,0.14258578571799,1
1,1.75,0.1,42,"ASC2_child",0.8,-0.645422561367239,1
1,1.75,0.1,42,"ASC3_male",0,0.771416547353304,1
1,1.75,0.1,42,"ASC3_age",-0.3,-0.514146803351464,1
1,1.75,0.1,42,"ASC3_income",0,-0.267646444121232,1
1,1.75,0.1,42,"ASC3_child",-1,-1.57587637977738,1
1,1.75,0.1,42,"prot25_male",0,-0.985817878589989,1
1,1.75,0.1,42,"prot25_age",0.6,0.93418311401618,1
1,1.75,0.1,42,"prot25_income",0,0.426812032507778,1
1,1.75,0.1,42,"prot25_child",0,0.906455453153165,1
1,1.75,0.1,42,"prot50_male",0,-0.831640554370944,1
1,1.75,0.1,42,"prot50_age",0.7,0.903855220030247,1
1,1.75,0.1,42,"prot50_income",-0.9,0.0274569566844377,0
1,1.75,0.1,42,"prot50_child",-0.7,0.36817677777804,1
1,1.75,0.1,42,"invasive_male",1.2,0.897008715978754,1
1,1.75,0.1,42,"invasive_age",0,0.0435125802301957,0
1,1.75,0.1,42,"invasive_income",0,0.275736610280689,1
1,1.75,0.1,42,"invasive_child",0,-0.366647195341184,1
1,1.75,0.1,43,"ASC2_male",-0.7,-0.777043659717948,1
1,1.75,0.1,43,"ASC2_age",0,-0.0117836952979404,0
1,1.75,0.1,43,"ASC2_income",0,-0.228711996047461,1
1,1.75,0.1,43,"ASC2_child",0.2,-0.0553908889256815,0
1,1.75,0.1,43,"ASC3_male",0.5,0.456220953024464,1
1,1.75,0.1,43,"ASC3_age",0,-0.128291752158126,1
1,1.75,0.1,43,"ASC3_income",1,0.19510377056008,1
1,1.75,0.1,43,"ASC3_child",-0.3,0.466828179626413,1
1,1.75,0.1,43,"prot25_male",0,0.158742223128686,1
1,1.75,0.1,43,"prot25_age",-0.9,-0.596091697134756,1
1,1.75,0.1,43,"prot25_income",0,0.209209531833239,1
1,1.75,0.1,43,"prot25_child",0,-0.444783004378783,1
1,1.75,0.1,43,"prot50_male",0,-0.295618290860132,1
1,1.75,0.1,43,"prot50_age",0,0.0818801758733864,0
1,1.75,0.1,43,"prot50_income",-1.2,-0.994155314910059,1
1,1.75,0.1,43,"prot50_child",0.6,0.0314691948366897,0
1,1.75,0.1,43,"invasive_male",0.7,-0.0440008988100525,0
1,1.75,0.1,43,"invasive_age",0,-0.0594035427390917,0
1,1.75,0.1,43,"invasive_income",-0.6,-0.902619541203358,1
1,1.75,0.1,43,"invasive_child",0,-0.0537097277463508,0
1,1.75,0.1,44,"ASC2_male",0,-0.258438104054589,1
1,1.75,0.1,44,"ASC2_age",-0.5,-0.396562987270598,1
1,1.75,0.1,44,"ASC2_income",-1,-0.242452997617597,1
1,1.75,0.1,44,"ASC2_child",-0.8,-0.172197991455385,1
1,1.75,0.1,44,"ASC3_male",-1.1,-0.985992178587618,1
1,1.75,0.1,44,"ASC3_age",0,0.0264031954977173,0
1,1.75,0.1,44,"ASC3_income",0,-0.00354407919689976,0
1,1.75,0.1,44,"ASC3_child",0,0.422383952015214,1
1,1.75,0.1,44,"prot25_male",-1.1,-0.318908580623532,1
1,1.75,0.1,44,"prot25_age",-0.3,-0.225938751792919,1
1,1.75,0.1,44,"prot25_income",0,-0.127762817743096,1
1,1.75,0.1,44,"prot25_child",-0.6,-0.450952349886127,1
1,1.75,0.1,44,"prot50_male",0,0.376073268604037,1
1,1.75,0.1,44,"prot50_age",0,0.135714369579824,1
1,1.75,0.1,44,"prot50_income",-0.8,-0.496074323626888,1
1,1.75,0.1,44,"prot50_child",0,0.343144593982266,1
1,1.75,0.1,44,"invasive_male",-0.3,-0.446838358015636,1
1,1.75,0.1,44,"invasive_age",0,0.23594843796085,1
1,1.75,0.1,44,"invasive_income",0,0.0105055155963964,0
1,1.75,0.1,44,"invasive_child",-0.4,0.869272563931631,1
1,1.75,0.1,45,"ASC2_male",0,0.0554130270079408,0
1,1.75,0.1,45,"ASC2_age",0.7,0.796704564169829,1
1,1.75,0.1,45,"ASC2_income",1.1,0.627882799999536,1
1,1.75,0.1,45,"ASC2_child",0.3,0.309346290384507,1
1,1.75,0.1,45,"ASC3_male",0,-0.344928826439375,1
1,1.75,0.1,45,"ASC3_age",0.4,0.857323690614412,1
1,1.75,0.1,45,"ASC3_income",-0.1,-0.00944371725799073,0
1,1.75,0.1,45,"ASC3_child",0,0.425920611028836,1
1,1.75,0.1,45,"prot25_male",0,0.587772569565615,1
1,1.75,0.1,45,"prot25_age",0,-0.503197332930675,1
1,1.75,0.1,45,"prot25_income",0,0.0314614724648278,0
1,1.75,0.1,45,"prot25_child",1.1,0.203192660332665,1
1,1.75,0.1,45,"prot50_male",0,0.350315548104739,1
1,1.75,0.1,45,"prot50_age",-0.4,-0.370557539074049,1
1,1.75,0.1,45,"prot50_income",0,-0.0417800869384255,0
1,1.75,0.1,45,"prot50_child",0.4,0.268626238116411,1
1,1.75,0.1,45,"invasive_male",-0.3,-0.477171083953091,1
1,1.75,0.1,45,"invasive_age",-0.2,0.367136312907819,1
1,1.75,0.1,45,"invasive_income",0,0.201974778669803,1
1,1.75,0.1,45,"invasive_child",0,0.527538234870568,1
1,1.75,0.1,46,"ASC2_male",0.4,-0.643805397393951,1
1,1.75,0.1,46,"ASC2_age",0,0.31753277040094,1
1,1.75,0.1,46,"ASC2_income",0,-0.179229552065473,1
1,1.75,0.1,46,"ASC2_child",-0.5,-0.200828574606298,1
1,1.75,0.1,46,"ASC3_male",-0.9,-1.73291837537567,1
1,1.75,0.1,46,"ASC3_age",0,-0.0877940090645129,0
1,1.75,0.1,46,"ASC3_income",-1,-0.983027535720692,1
1,1.75,0.1,46,"ASC3_child",0.7,0.420478540407623,1
1,1.75,0.1,46,"prot25_male",0,1.48206464125429,1
1,1.75,0.1,46,"prot25_age",-0.9,-0.94668702413904,1
1,1.75,0.1,46,"prot25_income",0,0.091913390607685,0
1,1.75,0.1,46,"prot25_child",0,-0.201163909572386,1
1,1.75,0.1,46,"prot50_male",0,1.42382641106747,1
1,1.75,0.1,46,"prot50_age",0.3,0.520441600801261,1
1,1.75,0.1,46,"prot50_income",1,0.827823982951317,1
1,1.75,0.1,46,"prot50_child",0,-0.288328381767396,1
1,1.75,0.1,46,"invasive_male",0.3,0.31576397658112,1
1,1.75,0.1,46,"invasive_age",0,0.262328879207726,1
1,1.75,0.1,46,"invasive_income",0.2,0.175002065661438,1
1,1.75,0.1,46,"invasive_child",0,-0.352351282797779,1
1,1.75,0.1,47,"ASC2_male",0,0.346929816524551,1
1,1.75,0.1,47,"ASC2_age",0,-0.128514117239896,1
1,1.75,0.1,47,"ASC2_income",0.8,0.166569348777085,1
1,1.75,0.1,47,"ASC2_child",-1.2,-0.987629593351496,1
1,1.75,0.1,47,"ASC3_male",0.2,0.287074209821181,1
1,1.75,0.1,47,"ASC3_age",0,-0.167365620781947,1
1,1.75,0.1,47,"ASC3_income",0,-0.531661222998496,1
1,1.75,0.1,47,"ASC3_child",0,0.332039341955209,1
1,1.75,0.1,47,"prot25_male",0,0.262860366556377,1
1,1.75,0.1,47,"prot25_age",0.5,0.201730202002272,1
1,1.75,0.1,47,"prot25_income",0.4,0.633708067037571,1
1,1.75,0.1,47,"prot25_child",0.9,0.248730500509921,1
1,1.75,0.1,47,"prot50_male",0,0.482728545378438,1
1,1.75,0.1,47,"prot50_age",-0.3,-0.395213356776674,1
1,1.75,0.1,47,"prot50_income",-0.7,-0.105399928195644,1
1,1.75,0.1,47,"prot50_child",-1.1,-1.28949821545688,1
1,1.75,0.1,47,"invasive_male",0,0.510501588172578,1
1,1.75,0.1,47,"invasive_age",0.5,0.074122786207143,0
1,1.75,0.1,47,"invasive_income",0,-0.455662859302877,1
1,1.75,0.1,47,"invasive_child",0,-0.527071779322302,1
1,1.75,0.1,48,"ASC2_male",1.1,0.826057021291833,1
1,1.75,0.1,48,"ASC2_age",0,-0.102862647167313,1
1,1.75,0.1,48,"ASC2_income",0,-0.218671072219444,1
1,1.75,0.1,48,"ASC2_child",-0.3,-0.423370056738482,1
1,1.75,0.1,48,"ASC3_male",0,-0.119945351993959,1
1,1.75,0.1,48,"ASC3_age",0,-0.0595407684036149,0
1,1.75,0.1,48,"ASC3_income",0.8,0.622640877774925,1
1,1.75,0.1,48,"ASC3_child",0,-0.721157973819078,1
1,1.75,0.1,48,"prot25_male",-0.6,-0.374837753476998,1
1,1.75,0.1,48,"prot25_age",0,0.0510333333681073,0
1,1.75,0.1,48,"prot25_income",-0.2,-0.526826565536033,1
1,1.75,0.1,48,"prot25_child",0,-0.964802770345326,1
1,1.75,0.1,48,"prot50_male",0,0.338560800270608,1
1,1.75,0.1,48,"prot50_age",-0.4,0.181559356686502,1
1,1.75,0.1,48,"prot50_income",0,-0.0204479204188531,0
1,1.75,0.1,48,"prot50_child",0,-0.265964651138422,1
1,1.75,0.1,48,"invasive_male",0.7,0.766391019517386,1
1,1.75,0.1,48,"invasive_age",-0.6,-0.222911631700861,1
1,1.75,0.1,48,"invasive_income",-0.3,0.203883603315786,1
1,1.75,0.1,48,"invasive_child",-0.7,-1.28426513464765,1
1,1.75,0.1,49,"ASC2_male",0.7,0.593742326596634,1
1,1.75,0.1,49,"ASC2_age",0,0.38507336043349,1
1,1.75,0.1,49,"ASC2_income",-0.8,-0.833089300263984,1
1,1.75,0.1,49,"ASC2_child",-0.9,-1.1591411677602,1
1,1.75,0.1,49,"ASC3_male",0,0.358890053682589,1
1,1.75,0.1,49,"ASC3_age",0,0.288829550178646,1
1,1.75,0.1,49,"ASC3_income",-0.5,-0.613629705338295,1
1,1.75,0.1,49,"ASC3_child",0,-0.0288652074264762,0
1,1.75,0.1,49,"prot25_male",0.8,0.746483437607464,1
1,1.75,0.1,49,"prot25_age",0,0.00688331961457949,0
1,1.75,0.1,49,"prot25_income",0,0.107439847423038,1
1,1.75,0.1,49,"prot25_child",0.5,1.04400901340139,1
1,1.75,0.1,49,"prot50_male",-0.1,0.168858951176727,1
1,1.75,0.1,49,"prot50_age",0.8,0.336624546057408,1
1,1.75,0.1,49,"prot50_income",0,-0.0162844922150473,0
1,1.75,0.1,49,"prot50_child",0,-0.0979307474650895,0
1,1.75,0.1,49,"invasive_male",-0.9,-1.07895742319783,1
1,1.75,0.1,49,"invasive_age",0,0.0762353295990754,0
1,1.75,0.1,49,"invasive_income",0,-0.195316724364242,1
1,1.75,0.1,49,"invasive_child",0.3,0.308101965192401,1
1,1.75,0.1,50,"ASC2_male",0,-0.960901072385017,1
1,1.75,0.1,50,"ASC2_age",0.8,0.536853960802041,1
1,1.75,0.1,50,"ASC2_income",0,-0.435292318054255,1
1,1.75,0.1,50,"ASC2_child",0,-0.876452519171578,1
1,1.75,0.1,50,"ASC3_male",-0.5,-1.12175078167709,1
1,1.75,0.1,50,"ASC3_age",-0.4,-0.369664640522301,1
1,1.75,0.1,50,"ASC3_income",1.1,0.281930096839913,1
1,1.75,0.1,50,"ASC3_child",0.5,-0.723221775293458,1
1,1.75,0.1,50,"prot25_male",1.1,1.44309289669887,1
1,1.75,0.1,50,"prot25_age",0.8,0.504774310942132,1
1,1.75,0.1,50,"prot25_income",0,-0.0922422289026288,0
1,1.75,0.1,50,"prot25_child",0,1.38295365149324,1
1,1.75,0.1,50,"prot50_male",-0.6,0.860950689269429,1
1,1.75,0.1,50,"prot50_age",0,-0.115432298765206,1
1,1.75,0.1,50,"prot50_income",-0.3,0.20123512921477,1
1,1.75,0.1,50,"prot50_child",0,1.33782486965031,1
1,1.75,0.1,50,"invasive_male",0,0.460246326596314,1
1,1.75,0.1,50,"invasive_age",0,-0.139431994097307,1
1,1.75,0.1,50,"invasive_income",0.6,0.309536274093175,1
1,1.75,0.1,50,"invasive_child",0,0.417133701924477,1
1,1.75,0.1,51,"ASC2_male",-0.3,0.0124431026416268,0
1,1.75,0.1,51,"ASC2_age",-0.5,-0.353997110607788,1
1,1.75,0.1,51,"ASC2_income",0,-0.360840190507741,1
1,1.75,0.1,51,"ASC2_child",-0.7,-0.665460437837986,1
1,1.75,0.1,51,"ASC3_male",0,0.0316526694865897,0
1,1.75,0.1,51,"ASC3_age",0.5,0.631518802085252,1
1,1.75,0.1,51,"ASC3_income",0,-0.188100993572681,1
1,1.75,0.1,51,"ASC3_child",0,0.209483134220354,1
1,1.75,0.1,51,"prot25_male",-1.1,-1.09471446137529,1
1,1.75,0.1,51,"prot25_age",0.3,-0.012273755155553,0
1,1.75,0.1,51,"prot25_income",0.2,0.312011991380978,1
1,1.75,0.1,51,"prot25_child",0,0.277859320045915,1
1,1.75,0.1,51,"prot50_male",0,0.398525194342112,1
1,1.75,0.1,51,"prot50_age",0,-0.419425599648912,1
1,1.75,0.1,51,"prot50_income",0,0.259215488161443,1
1,1.75,0.1,51,"prot50_child",1.2,0.56866442598351,1
1,1.75,0.1,51,"invasive_male",-0.1,-0.123909035997051,1
1,1.75,0.1,51,"invasive_age",0,-0.047111606452719,0
1,1.75,0.1,51,"invasive_income",0,0.123976905606261,1
1,1.75,0.1,51,"invasive_child",0.3,-0.182355569604145,1
1,1.75,0.1,52,"ASC2_male",-0.5,-1.45903338197038,1
1,1.75,0.1,52,"ASC2_age",-0.5,0.196908209212564,1
1,1.75,0.1,52,"ASC2_income",1.1,0.76344340840774,1
1,1.75,0.1,52,"ASC2_child",-0.5,0.829763126030309,1
1,1.75,0.1,52,"ASC3_male",0.3,-0.409689490389833,1
1,1.75,0.1,52,"ASC3_age",0,0.25347576610364,1
1,1.75,0.1,52,"ASC3_income",0,-0.192646560583817,1
1,1.75,0.1,52,"ASC3_child",0,0.642452909640592,1
1,1.75,0.1,52,"prot25_male",-0.3,0.838799757663388,1
1,1.75,0.1,52,"prot25_age",1,0.294519555037123,1
1,1.75,0.1,52,"prot25_income",0,0.444770589715884,1
1,1.75,0.1,52,"prot25_child",-1.2,-0.658259218389121,1
1,1.75,0.1,52,"prot50_male",0,0.506170716365585,1
1,1.75,0.1,52,"prot50_age",0,-0.287750780868213,1
1,1.75,0.1,52,"prot50_income",0,0.131919722381776,1
1,1.75,0.1,52,"prot50_child",0.3,-0.284554416801326,1
1,1.75,0.1,52,"invasive_male",0.1,-0.410387892645367,1
1,1.75,0.1,52,"invasive_age",0,0.466066950168635,1
1,1.75,0.1,52,"invasive_income",0,0.0379718901394934,0
1,1.75,0.1,52,"invasive_child",0,0.947170971233044,1
1,1.75,0.1,53,"ASC2_male",-0.4,0.0678782826731722,0
1,1.75,0.1,53,"ASC2_age",0,0.191023278245609,1
1,1.75,0.1,53,"ASC2_income",-0.7,-0.383583531329087,1
1,1.75,0.1,53,"ASC2_child",0,-0.165504820873203,1
1,1.75,0.1,53,"ASC3_male",0.3,0.693616881706263,1
1,1.75,0.1,53,"ASC3_age",0.6,0.417540874169378,1
1,1.75,0.1,53,"ASC3_income",0,-0.0258115145730738,0
1,1.75,0.1,53,"ASC3_child",0,-0.0253188371806763,0
1,1.75,0.1,53,"prot25_male",0,-0.337540682608505,1
1,1.75,0.1,53,"prot25_age",0.4,0.100367787862276,1
1,1.75,0.1,53,"prot25_income",0,-0.0989305788314738,0
1,1.75,0.1,53,"prot25_child",0,0.340446132630104,1
1,1.75,0.1,53,"prot50_male",-0.6,-0.391508623782289,1
1,1.75,0.1,53,"prot50_age",0.9,0.0225754052008936,0
1,1.75,0.1,53,"prot50_income",0,0.276924317245959,1
1,1.75,0.1,53,"prot50_child",-1.1,-1.02078422331358,1
1,1.75,0.1,53,"invasive_male",-0.5,-0.151414916003427,1
1,1.75,0.1,53,"invasive_age",0,-0.0142255428491855,0
1,1.75,0.1,53,"invasive_income",0,0.46482085418527,1
1,1.75,0.1,53,"invasive_child",-0.6,-0.637801989468749,1
1,1.75,0.1,54,"ASC2_male",0,-0.73612980433033,1
1,1.75,0.1,54,"ASC2_age",-0.5,-0.335124591864956,1
1,1.75,0.1,54,"ASC2_income",-0.7,-0.294658046964559,1
1,1.75,0.1,54,"ASC2_child",0,0.321303265665672,1
1,1.75,0.1,54,"ASC3_male",1.1,0.111494173187643,1
1,1.75,0.1,54,"ASC3_age",0,0.0733693919314936,0
1,1.75,0.1,54,"ASC3_income",0,0.0559395698691441,0
1,1.75,0.1,54,"ASC3_child",-0.5,0.118812434623232,1
1,1.75,0.1,54,"prot25_male",0,1.15426267816313,1
1,1.75,0.1,54,"prot25_age",0.3,-0.023053823886667,0
1,1.75,0.1,54,"prot25_income",0,0.163509088002636,1
1,1.75,0.1,54,"prot25_child",0,-0.276572724776887,1
1,1.75,0.1,54,"prot50_male",0,0.63795354801046,1
1,1.75,0.1,54,"prot50_age",0.2,-0.0833447995231509,0
1,1.75,0.1,54,"prot50_income",0.5,0.258159012013318,1
1,1.75,0.1,54,"prot50_child",-0.7,-0.618908331200839,1
1,1.75,0.1,54,"invasive_male",0,-0.0405188121825382,0
1,1.75,0.1,54,"invasive_age",0.1,-0.227082499195782,1
1,1.75,0.1,54,"invasive_income",-1.2,-0.619784822027287,1
1,1.75,0.1,54,"invasive_child",0,0.00102778116502208,0
1,1.75,0.1,55,"ASC2_male",0,1.18761369934932,1
1,1.75,0.1,55,"ASC2_age",0,-0.361132897730786,1
1,1.75,0.1,55,"ASC2_income",0,-0.0876757139831541,0
1,1.75,0.1,55,"ASC2_child",0,-0.838969388037173,1
1,1.75,0.1,55,"ASC3_male",0.5,0.997765985859937,1
1,1.75,0.1,55,"ASC3_age",0,-0.344020955423108,1
1,1.75,0.1,55,"ASC3_income",0,-0.0314115309780761,0
1,1.75,0.1,55,"ASC3_child",0,-0.583323305942364,1
1,1.75,0.1,55,"prot25_male",0.2,-0.07047245028621,0
1,1.75,0.1,55,"prot25_age",0.7,0.856343221871661,1
1,1.75,0.1,55,"prot25_income",-0.7,-0.818796029800252,1
1,1.75,0.1,55,"prot25_child",0,0.575816300049758,1
1,1.75,0.1,55,"prot50_male",-0.5,-0.63852562169533,1
1,1.75,0.1,55,"prot50_age",0.5,0.716431281763353,1
1,1.75,0.1,55,"prot50_income",-1,-0.781552819485466,1
1,1.75,0.1,55,"prot50_child",0,0.679583369611089,1
1,1.75,0.1,55,"invasive_male",0.8,1.09906039927259,1
1,1.75,0.1,55,"invasive_age",0,0.0840853493897792,0
1,1.75,0.1,55,"invasive_income",-0.9,-0.820757498539411,1
1,1.75,0.1,55,"invasive_child",-1.2,-0.417459388557871,1
1,1.75,0.1,56,"ASC2_male",0,0.28226818535268,1
1,1.75,0.1,56,"ASC2_age",-0.7,-0.748341918891118,1
1,1.75,0.1,56,"ASC2_income",0,0.0579490775748805,0
1,1.75,0.1,56,"ASC2_child",0,-0.284292885980456,1
1,1.75,0.1,56,"ASC3_male",0,0.365528826071169,1
1,1.75,0.1,56,"ASC3_age",-0.4,-0.816654872691534,1
1,1.75,0.1,56,"ASC3_income",0,-0.108017384494816,1
1,1.75,0.1,56,"ASC3_child",0,-0.0354943618047181,0
1,1.75,0.1,56,"prot25_male",0,-0.566444271823024,1
1,1.75,0.1,56,"prot25_age",0,0.438256198378012,1
1,1.75,0.1,56,"prot25_income",-0.2,-0.0567663845004047,0
1,1.75,0.1,56,"prot25_child",-1,-0.54320198036075,1
1,1.75,0.1,56,"prot50_male",0.7,-0.292954581709794,1
1,1.75,0.1,56,"prot50_age",0.5,0.618033845102293,1
1,1.75,0.1,56,"prot50_income",-0.6,-0.794708490773006,1
1,1.75,0.1,56,"prot50_child",0.7,0.108560055847908,1
1,1.75,0.1,56,"invasive_male",0,-0.413753222626117,1
1,1.75,0.1,56,"invasive_age",-1.1,-0.813711447491306,1
1,1.75,0.1,56,"invasive_income",0.3,-0.197582348391824,1
1,1.75,0.1,56,"invasive_child",0,-0.655530213619967,1
1,1.75,0.1,57,"ASC2_male",1.2,0.288244345086282,1
1,1.75,0.1,57,"ASC2_age",1,0.804672940718565,1
1,1.75,0.1,57,"ASC2_income",0,-0.587798797126666,1
1,1.75,0.1,57,"ASC2_child",0,0.228753289100534,1
1,1.75,0.1,57,"ASC3_male",-0.2,-0.076385831879493,0
1,1.75,0.1,57,"ASC3_age",0,0.288039364934168,1
1,1.75,0.1,57,"ASC3_income",0,-0.58785420618328,1
1,1.75,0.1,57,"ASC3_child",0,-0.15717435933698,1
1,1.75,0.1,57,"prot25_male",-1,-0.819120404648006,1
1,1.75,0.1,57,"prot25_age",0,-0.203531525607445,1
1,1.75,0.1,57,"prot25_income",-0.1,0.131727798272346,1
1,1.75,0.1,57,"prot25_child",0,0.19055909743574,1
1,1.75,0.1,57,"prot50_male",-0.4,-0.598480520235596,1
1,1.75,0.1,57,"prot50_age",-0.6,-0.537913758412336,1
1,1.75,0.1,57,"prot50_income",0.5,0.218985530288289,1
1,1.75,0.1,57,"prot50_child",0.6,0.0839312205831839,0
1,1.75,0.1,57,"invasive_male",0.7,0.273237462936838,1
1,1.75,0.1,57,"invasive_age",0,0.240274976306011,1
1,1.75,0.1,57,"invasive_income",0,-0.372659779099482,1
1,1.75,0.1,57,"invasive_child",0,0.0252313132904484,0
1,1.75,0.1,58,"ASC2_male",0.3,-0.106244447463791,1
1,1.75,0.1,58,"ASC2_age",0.2,0.183985182680464,1
1,1.75,0.1,58,"ASC2_income",0,0.423918959804651,1
1,1.75,0.1,58,"ASC2_child",0,0.165639533829469,1
1,1.75,0.1,58,"ASC3_male",0,-0.479325049215334,1
1,1.75,0.1,58,"ASC3_age",0,0.374337366168071,1
1,1.75,0.1,58,"ASC3_income",0,0.359730335150244,1
1,1.75,0.1,58,"ASC3_child",0.1,0.516230701130248,1
1,1.75,0.1,58,"prot25_male",0,-0.185940081278535,1
1,1.75,0.1,58,"prot25_age",0,-0.0751882303949216,0
1,1.75,0.1,58,"prot25_income",0,-0.220782073204474,1
1,1.75,0.1,58,"prot25_child",1,-0.393368493261995,1
1,1.75,0.1,58,"prot50_male",0,-0.264276233577919,1
1,1.75,0.1,58,"prot50_age",0.5,0.434307067280521,1
1,1.75,0.1,58,"prot50_income",0,-0.116893747763123,1
1,1.75,0.1,58,"prot50_child",0.8,-0.193106352909364,1
1,1.75,0.1,58,"invasive_male",0.5,-0.240993041186106,1
1,1.75,0.1,58,"invasive_age",1,0.812348502800183,1
1,1.75,0.1,58,"invasive_income",0.6,0.688411161004729,1
1,1.75,0.1,58,"invasive_child",0.7,0.169668679650254,1
1,1.75,0.1,59,"ASC2_male",0,0.0196349784410622,0
1,1.75,0.1,59,"ASC2_age",0.5,-0.0781126012890145,0
1,1.75,0.1,59,"ASC2_income",0,0.19796317037647,1
1,1.75,0.1,59,"ASC2_child",0,0.0489024653569342,0
1,1.75,0.1,59,"ASC3_male",0.6,0.56475486631822,1
1,1.75,0.1,59,"ASC3_age",-1.1,-1.28156053572461,1
1,1.75,0.1,59,"ASC3_income",0,0.196889821281217,1
1,1.75,0.1,59,"ASC3_child",0,-0.12826109249602,1
1,1.75,0.1,59,"prot25_male",-0.7,-0.786305648603153,1
1,1.75,0.1,59,"prot25_age",0,0.152559220154874,1
1,1.75,0.1,59,"prot25_income",-0.2,-0.168937391789831,1
1,1.75,0.1,59,"prot25_child",0,-0.361780768590711,1
1,1.75,0.1,59,"prot50_male",0.4,0.0938772886526224,0
1,1.75,0.1,59,"prot50_age",-0.9,-0.147743855367661,1
1,1.75,0.1,59,"prot50_income",0,0.0221324095482863,0
1,1.75,0.1,59,"prot50_child",0,0.00284069364990138,0
1,1.75,0.1,59,"invasive_male",1,0.688929166823925,1
1,1.75,0.1,59,"invasive_age",-0.8,-1.07624267124657,1
1,1.75,0.1,59,"invasive_income",-0.4,-0.37158312574278,1
1,1.75,0.1,59,"invasive_child",0,0.0654077147121372,0
1,1.75,0.1,60,"ASC2_male",-1.2,-0.365055405721785,1
1,1.75,0.1,60,"ASC2_age",0,-0.0586431122360903,0
1,1.75,0.1,60,"ASC2_income",0.6,0.160413526711405,1
1,1.75,0.1,60,"ASC2_child",-0.4,-0.105044410356068,1
1,1.75,0.1,60,"ASC3_male",0,0.174310492148337,1
1,1.75,0.1,60,"ASC3_age",0,-0.282018071279619,1
1,1.75,0.1,60,"ASC3_income",0,-0.472895891042576,1
1,1.75,0.1,60,"ASC3_child",0,0.234577160624941,1
1,1.75,0.1,60,"prot25_male",0,-0.520789056820855,1
1,1.75,0.1,60,"prot25_age",-0.4,-0.045571169594,0
1,1.75,0.1,60,"prot25_income",0,0.241813983712616,1
1,1.75,0.1,60,"prot25_child",0,-0.544639249461312,1
1,1.75,0.1,60,"prot50_male",-1.1,-1.42347134049257,1
1,1.75,0.1,60,"prot50_age",0,0.734417754285089,1
1,1.75,0.1,60,"prot50_income",0.4,0.409454573983138,1
1,1.75,0.1,60,"prot50_child",0,-0.725552831345016,1
1,1.75,0.1,60,"invasive_male",0.3,0.231334881950192,1
1,1.75,0.1,60,"invasive_age",-0.5,-0.228398578582747,1
1,1.75,0.1,60,"invasive_income",-0.7,-0.417799363262117,1
1,1.75,0.1,60,"invasive_child",1,0.389744059890765,1
1,1.75,0.1,61,"ASC2_male",0.8,-0.0952388785323654,0
1,1.75,0.1,61,"ASC2_age",-0.9,-0.838639951522296,1
1,1.75,0.1,61,"ASC2_income",-0.3,-0.207451642014201,1
1,1.75,0.1,61,"ASC2_child",0,-0.116499733004056,1
1,1.75,0.1,61,"ASC3_male",0,-0.391734834305884,1
1,1.75,0.1,61,"ASC3_age",0,-0.45358669121472,1
1,1.75,0.1,61,"ASC3_income",0,-0.199113283717018,1
1,1.75,0.1,61,"ASC3_child",0,-0.0643785400269861,0
1,1.75,0.1,61,"prot25_male",0,0.0239246682774006,0
1,1.75,0.1,61,"prot25_age",-1,-0.0860291137112499,0
1,1.75,0.1,61,"prot25_income",0,-0.0298522317157938,0
1,1.75,0.1,61,"prot25_child",0,0.385343917672054,1
1,1.75,0.1,61,"prot50_male",-0.8,0.0322242445623977,0
1,1.75,0.1,61,"prot50_age",0.2,0.264608829980743,1
1,1.75,0.1,61,"prot50_income",0,-0.0283780620592513,0
1,1.75,0.1,61,"prot50_child",0.3,0.339552473242405,1
1,1.75,0.1,61,"invasive_male",0,0.130315366788541,1
1,1.75,0.1,61,"invasive_age",1,0.590783495018288,1
1,1.75,0.1,61,"invasive_income",0.2,-0.136706117938942,1
1,1.75,0.1,61,"invasive_child",0.9,0.328167193721906,1
1,1.75,0.1,62,"ASC2_male",0,-1.75177987425473,1
1,1.75,0.1,62,"ASC2_age",0,0.0569982486822516,0
1,1.75,0.1,62,"ASC2_income",0.1,-0.322915749356966,1
1,1.75,0.1,62,"ASC2_child",0,0.031876436752976,0
1,1.75,0.1,62,"ASC3_male",0,-1.6909143853234,1
1,1.75,0.1,62,"ASC3_age",0.6,0.377519288552182,1
1,1.75,0.1,62,"ASC3_income",0.6,0.147484164181357,1
1,1.75,0.1,62,"ASC3_child",0,-0.0120345218050022,0
1,1.75,0.1,62,"prot25_male",-0.5,0.70956375281903,1
1,1.75,0.1,62,"prot25_age",0,-0.158857766635573,1
1,1.75,0.1,62,"prot25_income",0,0.259155754451056,1
1,1.75,0.1,62,"prot25_child",-0.2,0.231125521736995,1
1,1.75,0.1,62,"prot50_male",-0.5,0.662371794706159,1
1,1.75,0.1,62,"prot50_age",0.3,-0.0348702068127665,0
1,1.75,0.1,62,"prot50_income",0,0.513919378683953,1
1,1.75,0.1,62,"prot50_child",1,1.27785924482417,1
1,1.75,0.1,62,"invasive_male",0.5,-0.561699189141745,1
1,1.75,0.1,62,"invasive_age",0,-0.174422990854567,1
1,1.75,0.1,62,"invasive_income",0,0.0669350646121015,0
1,1.75,0.1,62,"invasive_child",-0.9,-0.425826939693608,1
1,1.75,0.1,63,"ASC2_male",0,-0.304449195501908,1
1,1.75,0.1,63,"ASC2_age",0.6,0.452256019516461,1
1,1.75,0.1,63,"ASC2_income",-0.7,-0.779419722551789,1
1,1.75,0.1,63,"ASC2_child",0,-0.376686907055053,1
1,1.75,0.1,63,"ASC3_male",-0.5,-1.11923922503061,1
1,1.75,0.1,63,"ASC3_age",0,-0.13344354368661,1
1,1.75,0.1,63,"ASC3_income",0,0.0740993676198426,0
1,1.75,0.1,63,"ASC3_child",-0.1,-0.228181111464153,1
1,1.75,0.1,63,"prot25_male",0,0.357942222279501,1
1,1.75,0.1,63,"prot25_age",0,-0.025225357990256,0
1,1.75,0.1,63,"prot25_income",-0.4,-0.284113376369661,1
1,1.75,0.1,63,"prot25_child",-0.6,-0.140703201025331,1
1,1.75,0.1,63,"prot50_male",0,0.0744774278284536,0
1,1.75,0.1,63,"prot50_age",0,0.205062790447802,1
1,1.75,0.1,63,"prot50_income",-0.9,-0.854721264938815,1
1,1.75,0.1,63,"prot50_child",-0.7,-0.154519090894195,1
1,1.75,0.1,63,"invasive_male",0.8,0.296709666463632,1
1,1.75,0.1,63,"invasive_age",0,-0.137581865960162,1
1,1.75,0.1,63,"invasive_income",-0.8,-1.10393472590567,1
1,1.75,0.1,63,"invasive_child",0,-0.177898884454404,1
1,1.75,0.1,64,"ASC2_male",0.2,0.212193647581151,1
1,1.75,0.1,64,"ASC2_age",0,-0.250017510402333,1
1,1.75,0.1,64,"ASC2_income",-0.3,-0.227447159022652,1
1,1.75,0.1,64,"ASC2_child",0,0.0969498962623253,0
1,1.75,0.1,64,"ASC3_male",0,0.51191042998111,1
1,1.75,0.1,64,"ASC3_age",-1.2,-1.07278722584802,1
1,1.75,0.1,64,"ASC3_income",0.1,-0.030889842867692,0
1,1.75,0.1,64,"ASC3_child",0,0.390744383520946,1
1,1.75,0.1,64,"prot25_male",-0.8,-0.506313901243562,1
1,1.75,0.1,64,"prot25_age",0.1,-0.0760379106086044,0
1,1.75,0.1,64,"prot25_income",0.3,0.379566983070194,1
1,1.75,0.1,64,"prot25_child",-0.5,0.105761506860917,1
1,1.75,0.1,64,"prot50_male",0.2,0.533878088833305,1
1,1.75,0.1,64,"prot50_age",1.1,0.632979630651122,1
1,1.75,0.1,64,"prot50_income",0,0.0677734852775635,0
1,1.75,0.1,64,"prot50_child",0,0.244585555344073,1
1,1.75,0.1,64,"invasive_male",0,0.426570163485504,1
1,1.75,0.1,64,"invasive_age",0,-0.239424658568157,1
1,1.75,0.1,64,"invasive_income",0,0.104027002094463,1
1,1.75,0.1,64,"invasive_child",0,0.177128756335734,1
1,1.75,0.1,65,"ASC2_male",0,-0.132140122049783,1
1,1.75,0.1,65,"ASC2_age",0.8,0.286258520116615,1
1,1.75,0.1,65,"ASC2_income",0.2,1.00160574568162,1
1,1.75,0.1,65,"ASC2_child",0,1.13779192648321,1
1,1.75,0.1,65,"ASC3_male",0,0.120959853078982,1
1,1.75,0.1,65,"ASC3_age",0,-0.473053813509037,1
1,1.75,0.1,65,"ASC3_income",0.7,1.45515108149345,1
1,1.75,0.1,65,"ASC3_child",0.5,0.946288868456706,1
1,1.75,0.1,65,"prot25_male",0,0.0492124505464628,0
1,1.75,0.1,65,"prot25_age",0,0.0940028924919626,0
1,1.75,0.1,65,"prot25_income",0,-0.178890395890434,1
1,1.75,0.1,65,"prot25_child",1,0.211409533855577,1
1,1.75,0.1,65,"prot50_male",0.6,0.321687397179496,1
1,1.75,0.1,65,"prot50_age",0,0.145618763848885,1
1,1.75,0.1,65,"prot50_income",-0.2,-0.357498663109905,1
1,1.75,0.1,65,"prot50_child",0.5,-0.312623246130509,1
1,1.75,0.1,65,"invasive_male",0.3,0.589522159256766,1
1,1.75,0.1,65,"invasive_age",0,-0.226355619344684,1
1,1.75,0.1,65,"invasive_income",0.9,1.13507303281559,1
1,1.75,0.1,65,"invasive_child",0,1.28639389414336,1
1,1.75,0.1,66,"ASC2_male",0,0.80078620868654,1
1,1.75,0.1,66,"ASC2_age",-0.2,-0.0926327470263113,0
1,1.75,0.1,66,"ASC2_income",0.4,-0.0128988074794412,0
1,1.75,0.1,66,"ASC2_child",0,0.583699008190919,1
1,1.75,0.1,66,"ASC3_male",-0.9,0.238975992568344,1
1,1.75,0.1,66,"ASC3_age",1,0.520761994444323,1
1,1.75,0.1,66,"ASC3_income",0,-0.251558375447261,1
1,1.75,0.1,66,"ASC3_child",0,0.572299053580063,1
1,1.75,0.1,66,"prot25_male",-0.5,-0.671981993652035,1
1,1.75,0.1,66,"prot25_age",0,-0.146912931360843,1
1,1.75,0.1,66,"prot25_income",0,0.0377975938358219,0
1,1.75,0.1,66,"prot25_child",-1.1,-0.181617960265736,1
1,1.75,0.1,66,"prot50_male",1,-0.0943583088132279,0
1,1.75,0.1,66,"prot50_age",0,-0.115417141743253,1
1,1.75,0.1,66,"prot50_income",0.2,0.159082526141794,1
1,1.75,0.1,66,"prot50_child",0.7,0.0711763693173843,0
1,1.75,0.1,66,"invasive_male",0,0.458648650024721,1
1,1.75,0.1,66,"invasive_age",0,-0.204116476084706,1
1,1.75,0.1,66,"invasive_income",0,0.0231827402925061,0
1,1.75,0.1,66,"invasive_child",-1,-0.56026102429721,1
1,1.75,0.1,67,"ASC2_male",-0.6,-0.0912478803057635,0
1,1.75,0.1,67,"ASC2_age",-0.5,-0.0711177678074106,0
1,1.75,0.1,67,"ASC2_income",0,-0.517821399261859,1
1,1.75,0.1,67,"ASC2_child",0.9,0.638955279647105,1
1,1.75,0.1,67,"ASC3_male",0.8,0.602845852559052,1
1,1.75,0.1,67,"ASC3_age",-0.9,-0.334590761096476,1
1,1.75,0.1,67,"ASC3_income",1.1,0.161434718321571,1
1,1.75,0.1,67,"ASC3_child",0.1,-0.127853808221473,1
1,1.75,0.1,67,"prot25_male",0,-0.446156647328183,1
1,1.75,0.1,67,"prot25_age",-0.2,-0.259519231871761,1
1,1.75,0.1,67,"prot25_income",0,0.453318438463173,1
1,1.75,0.1,67,"prot25_child",0,0.520555215796695,1
1,1.75,0.1,67,"prot50_male",1,-0.0263507718557245,0
1,1.75,0.1,67,"prot50_age",0,-0.216998814660799,1
1,1.75,0.1,67,"prot50_income",0,0.146141626440981,1
1,1.75,0.1,67,"prot50_child",0.1,0.678019733333398,1
1,1.75,0.1,67,"invasive_male",0,-0.445235731232195,1
1,1.75,0.1,67,"invasive_age",0,-0.117219227320642,1
1,1.75,0.1,67,"invasive_income",0,-0.237803770279922,1
1,1.75,0.1,67,"invasive_child",0,0.455017471064336,1
1,1.75,0.1,68,"ASC2_male",0,0.0769190191590618,0
1,1.75,0.1,68,"ASC2_age",0.1,0.156675109679617,1
1,1.75,0.1,68,"ASC2_income",0,-0.0670040324113266,0
1,1.75,0.1,68,"ASC2_child",-0.8,-0.664437605436128,1
1,1.75,0.1,68,"ASC3_male",1.1,0.678033126248686,1
1,1.75,0.1,68,"ASC3_age",-0.5,-0.700449278499673,1
1,1.75,0.1,68,"ASC3_income",0,-0.16483043791714,1
1,1.75,0.1,68,"ASC3_child",-0.9,-0.9502528569424,1
1,1.75,0.1,68,"prot25_male",0.2,0.272451515564929,1
1,1.75,0.1,68,"prot25_age",0,-0.159686039552279,1
1,1.75,0.1,68,"prot25_income",0,-0.158323427952252,1
1,1.75,0.1,68,"prot25_child",-1.1,-0.876247618517544,1
1,1.75,0.1,68,"prot50_male",0,0.266220786072433,1
1,1.75,0.1,68,"prot50_age",0,0.175576571143131,1
1,1.75,0.1,68,"prot50_income",0,0.0249437635862629,0
1,1.75,0.1,68,"prot50_child",-0.8,-0.114030733468766,1
1,1.75,0.1,68,"invasive_male",0,0.0946066938508075,0
1,1.75,0.1,68,"invasive_age",-0.7,-0.24260354592779,1
1,1.75,0.1,68,"invasive_income",0,-0.00936886308061478,0
1,1.75,0.1,68,"invasive_child",1.1,0.270050461734428,1
1,1.75,0.1,69,"ASC2_male",1.1,1.14793868654223,1
1,1.75,0.1,69,"ASC2_age",0,-0.00659563223378516,0
1,1.75,0.1,69,"ASC2_income",0.4,0.222960985594502,1
1,1.75,0.1,69,"ASC2_child",1.2,0.567535459689446,1
1,1.75,0.1,69,"ASC3_male",-1,-0.681518060928202,1
1,1.75,0.1,69,"ASC3_age",0,0.105991105129064,1
1,1.75,0.1,69,"ASC3_income",-1.2,-0.561009615387784,1
1,1.75,0.1,69,"ASC3_child",0,-0.562755705265867,1
1,1.75,0.1,69,"prot25_male",0,0.377293820800227,1
1,1.75,0.1,69,"prot25_age",0,-0.020450542563943,0
1,1.75,0.1,69,"prot25_income",-0.4,0.0307961927402715,0
1,1.75,0.1,69,"prot25_child",-0.4,-0.249865241223328,1
1,1.75,0.1,69,"prot50_male",0,-0.329060991550646,1
1,1.75,0.1,69,"prot50_age",0,0.110999803705963,1
1,1.75,0.1,69,"prot50_income",0,-0.176296672820133,1
1,1.75,0.1,69,"prot50_child",0,-0.0894772726252459,0
1,1.75,0.1,69,"invasive_male",0,0.184418586329913,1
1,1.75,0.1,69,"invasive_age",-0.5,-0.234687858646495,1
1,1.75,0.1,69,"invasive_income",-0.2,-0.0233692376129607,0
1,1.75,0.1,69,"invasive_child",-0.2,-0.428753722751427,1
1,1.75,0.1,70,"ASC2_male",-0.8,-0.52384180448071,1
1,1.75,0.1,70,"ASC2_age",0,0.363326802069723,1
1,1.75,0.1,70,"ASC2_income",0.3,-0.112429496792341,1
1,1.75,0.1,70,"ASC2_child",0,-0.09363342169414,0
1,1.75,0.1,70,"ASC3_male",0.9,0.274315640870105,1
1,1.75,0.1,70,"ASC3_age",0,0.208707940516663,1
1,1.75,0.1,70,"ASC3_income",0,-0.334163630346391,1
1,1.75,0.1,70,"ASC3_child",0,0.478811925510684,1
1,1.75,0.1,70,"prot25_male",0,0.0938164940260152,0
1,1.75,0.1,70,"prot25_age",0,-0.367186605778002,1
1,1.75,0.1,70,"prot25_income",0.9,0.81655860856842,1
1,1.75,0.1,70,"prot25_child",0,-0.0928378480082007,0
1,1.75,0.1,70,"prot50_male",-0.1,-0.754944408474925,1
1,1.75,0.1,70,"prot50_age",-0.9,-0.865852401243876,1
1,1.75,0.1,70,"prot50_income",0.9,0.724225532850336,1
1,1.75,0.1,70,"prot50_child",1,0.8525208147895,1
1,1.75,0.1,70,"invasive_male",0,-0.614318572006027,1
1,1.75,0.1,70,"invasive_age",0.8,0.551449309675823,1
1,1.75,0.1,70,"invasive_income",0,0.030144379206306,0
1,1.75,0.1,70,"invasive_child",-0.6,0.224792883398239,1
1,1.75,0.1,71,"ASC2_male",0.5,0.332188508731565,1
1,1.75,0.1,71,"ASC2_age",1,0.530019105773124,1
1,1.75,0.1,71,"ASC2_income",0.8,0.705251106367476,1
1,1.75,0.1,71,"ASC2_child",0.7,0.208109655435924,1
1,1.75,0.1,71,"ASC3_male",0,0.0792770398045752,0
1,1.75,0.1,71,"ASC3_age",0,0.278635847059295,1
1,1.75,0.1,71,"ASC3_income",0,0.123003115383823,1
1,1.75,0.1,71,"ASC3_child",1.1,0.396119440732369,1
1,1.75,0.1,71,"prot25_male",0,0.309510791803018,1
1,1.75,0.1,71,"prot25_age",0,-0.124736156647456,1
1,1.75,0.1,71,"prot25_income",0,-0.256404108586144,1
1,1.75,0.1,71,"prot25_child",0,-0.0175197390681867,0
1,1.75,0.1,71,"prot50_male",0,-0.243826677561,1
1,1.75,0.1,71,"prot50_age",-0.6,-0.235448803818539,1
1,1.75,0.1,71,"prot50_income",-0.9,-0.736185000880042,1
1,1.75,0.1,71,"prot50_child",-0.7,-0.63568597631143,1
1,1.75,0.1,71,"invasive_male",0.8,0.223470611785867,1
1,1.75,0.1,71,"invasive_age",0,0.10163593053596,1
1,1.75,0.1,71,"invasive_income",1,0.235575532953789,1
1,1.75,0.1,71,"invasive_child",0,-0.420766961012766,1
1,1.75,0.1,72,"ASC2_male",-0.8,-0.302331263058498,1
1,1.75,0.1,72,"ASC2_age",0,-0.0219831408451694,0
1,1.75,0.1,72,"ASC2_income",0.3,0.394051116475329,1
1,1.75,0.1,72,"ASC2_child",0.2,-0.20764298445951,1
1,1.75,0.1,72,"ASC3_male",0,0.236202358384301,1
1,1.75,0.1,72,"ASC3_age",0,0.183611692298138,1
1,1.75,0.1,72,"ASC3_income",0,0.491091208688161,1
1,1.75,0.1,72,"ASC3_child",-0.9,-0.248135138787397,1
1,1.75,0.1,72,"prot25_male",0,0.0470084575159064,0
1,1.75,0.1,72,"prot25_age",0,0.00848125404998511,0
1,1.75,0.1,72,"prot25_income",0,0.0593430137221829,0
1,1.75,0.1,72,"prot25_child",-0.6,0.0747767136517202,0
1,1.75,0.1,72,"prot50_male",1,-0.231306944173216,1
1,1.75,0.1,72,"prot50_age",-0.6,-0.393818207639947,1
1,1.75,0.1,72,"prot50_income",0,0.366432494639845,1
1,1.75,0.1,72,"prot50_child",0.4,0.429479128873715,1
1,1.75,0.1,72,"invasive_male",-0.5,-0.640335252763443,1
1,1.75,0.1,72,"invasive_age",0,-0.0563142038664939,0
1,1.75,0.1,72,"invasive_income",0,0.482008471329093,1
1,1.75,0.1,72,"invasive_child",-0.1,-0.0684874007184449,0
1,1.75,0.1,73,"ASC2_male",0,0.478495287929838,1
1,1.75,0.1,73,"ASC2_age",0,-0.145159892729846,1
1,1.75,0.1,73,"ASC2_income",0.5,0.0931873321754163,0
1,1.75,0.1,73,"ASC2_child",-1,-0.263244561379202,1
1,1.75,0.1,73,"ASC3_male",0.8,0.375351443758077,1
1,1.75,0.1,73,"ASC3_age",0,0.011856599105446,0
1,1.75,0.1,73,"ASC3_income",-0.5,-0.239069449391174,1
1,1.75,0.1,73,"ASC3_child",-1.2,-0.484015254680024,1
1,1.75,0.1,73,"prot25_male",0,-0.31876028691146,1
1,1.75,0.1,73,"prot25_age",0,-0.00788209474649923,0
1,1.75,0.1,73,"prot25_income",0.4,0.573927245839619,1
1,1.75,0.1,73,"prot25_child",0,0.174156882770989,1
1,1.75,0.1,73,"prot50_male",-0.7,-0.109388906214743,1
1,1.75,0.1,73,"prot50_age",0.7,0.187758658056475,1
1,1.75,0.1,73,"prot50_income",1,0.667814519160346,1
1,1.75,0.1,73,"prot50_child",0,-0.432168330435678,1
1,1.75,0.1,73,"invasive_male",0,0.300696557218356,1
1,1.75,0.1,73,"invasive_age",0,-0.217166175048644,1
1,1.75,0.1,73,"invasive_income",0,-0.231283682694995,1
1,1.75,0.1,73,"invasive_child",0.8,0.32668469362597,1
1,1.75,0.1,74,"ASC2_male",0,-0.279770691297459,1
1,1.75,0.1,74,"ASC2_age",0,0.349310253270458,1
1,1.75,0.1,74,"ASC2_income",0,-0.38745758271462,1
1,1.75,0.1,74,"ASC2_child",-1,0.264238245836654,1
1,1.75,0.1,74,"ASC3_male",0.9,0.303658212149518,1
1,1.75,0.1,74,"ASC3_age",1.1,1.02728943427791,1
1,1.75,0.1,74,"ASC3_income",0,-0.161925584979814,1
1,1.75,0.1,74,"ASC3_child",0,0.566897795677111,1
1,1.75,0.1,74,"prot25_male",-0.6,0.100492724894278,1
1,1.75,0.1,74,"prot25_age",0.5,0.197567189019666,1
1,1.75,0.1,74,"prot25_income",-0.3,-0.200463307598722,1
1,1.75,0.1,74,"prot25_child",0,0.354530258294848,1
1,1.75,0.1,74,"prot50_male",-0.2,0.388778829407773,1
1,1.75,0.1,74,"prot50_age",0,-0.415632070536675,1
1,1.75,0.1,74,"prot50_income",0,-0.216721914373178,1
1,1.75,0.1,74,"prot50_child",0,-0.224409795503035,1
1,1.75,0.1,74,"invasive_male",0,0.289017027362586,1
1,1.75,0.1,74,"invasive_age",-1.1,-0.659760725145535,1
1,1.75,0.1,74,"invasive_income",0.4,0.219808401705022,1
1,1.75,0.1,74,"invasive_child",0.7,-0.0705278497965838,0
1,1.75,0.1,75,"ASC2_male",0,0.555669815800304,1
1,1.75,0.1,75,"ASC2_age",0.5,0.606533880284535,1
1,1.75,0.1,75,"ASC2_income",0,-0.424425988854175,1
1,1.75,0.1,75,"ASC2_child",0,-0.207114817294879,1
1,1.75,0.1,75,"ASC3_male",1,1.33074500723221,1
1,1.75,0.1,75,"ASC3_age",0,0.25239762020136,1
1,1.75,0.1,75,"ASC3_income",0,-0.749786558406547,1
1,1.75,0.1,75,"ASC3_child",-0.8,-0.727701297589351,1
1,1.75,0.1,75,"prot25_male",0.9,0.735683995805487,1
1,1.75,0.1,75,"prot25_age",1,0.631144267481669,1
1,1.75,0.1,75,"prot25_income",0,0.617842967024359,1
1,1.75,0.1,75,"prot25_child",-1,-0.855826951608974,1
1,1.75,0.1,75,"prot50_male",0,-0.237831860675533,1
1,1.75,0.1,75,"prot50_age",0,-0.559649452902637,1
1,1.75,0.1,75,"prot50_income",-0.9,-0.399150343311089,1
1,1.75,0.1,75,"prot50_child",-0.4,-0.464799296889512,1
1,1.75,0.1,75,"invasive_male",0.7,0.214186188172275,1
1,1.75,0.1,75,"invasive_age",0,0.0237667432460443,0
1,1.75,0.1,75,"invasive_income",-0.5,-0.574371360305726,1
1,1.75,0.1,75,"invasive_child",0,-0.200392910313757,1
1,1.75,0.1,76,"ASC2_male",-0.7,-0.212613898511991,1
1,1.75,0.1,76,"ASC2_age",0,0.350026940949303,1
1,1.75,0.1,76,"ASC2_income",0,-0.626575319086958,1
1,1.75,0.1,76,"ASC2_child",-1,-0.266875067264797,1
1,1.75,0.1,76,"ASC3_male",-0.4,-0.0423126160492228,0
1,1.75,0.1,76,"ASC3_age",0,0.377917810705955,1
1,1.75,0.1,76,"ASC3_income",-0.5,-0.703112174774429,1
1,1.75,0.1,76,"ASC3_child",-0.6,-0.264121899526418,1
1,1.75,0.1,76,"prot25_male",0,-0.216243230700535,1
1,1.75,0.1,76,"prot25_age",0,-0.617538602567273,1
1,1.75,0.1,76,"prot25_income",0,0.546163876693002,1
1,1.75,0.1,76,"prot25_child",-0.5,-0.746315060705024,1
1,1.75,0.1,76,"prot50_male",-0.1,-0.196382302201693,1
1,1.75,0.1,76,"prot50_age",0,-0.293466799539121,1
1,1.75,0.1,76,"prot50_income",0,0.383138193908555,1
1,1.75,0.1,76,"prot50_child",0,-0.45723837193871,1
1,1.75,0.1,76,"invasive_male",-0.4,-0.406735111370273,1
1,1.75,0.1,76,"invasive_age",0,0.339019037972234,1
1,1.75,0.1,76,"invasive_income",-0.2,-0.39435185984168,1
1,1.75,0.1,76,"invasive_child",0.1,-0.133966104291764,1
1,1.75,0.1,77,"ASC2_male",0.4,0.227490730567862,1
1,1.75,0.1,77,"ASC2_age",-0.4,0.0801038589292668,0
1,1.75,0.1,77,"ASC2_income",0,0.179468941624126,1
1,1.75,0.1,77,"ASC2_child",-1.1,-0.820125858364531,1
1,1.75,0.1,77,"ASC3_male",0,-0.0772423691312752,0
1,1.75,0.1,77,"ASC3_age",0,0.259152868797847,1
1,1.75,0.1,77,"ASC3_income",0,0.122314934761624,1
1,1.75,0.1,77,"ASC3_child",0,0.347964599973422,1
1,1.75,0.1,77,"prot25_male",0.8,0.280195839454188,1
1,1.75,0.1,77,"prot25_age",0.6,0.0627799202657197,0
1,1.75,0.1,77,"prot25_income",0,-0.0346155034044606,0
1,1.75,0.1,77,"prot25_child",0,-0.273781971684273,1
1,1.75,0.1,77,"prot50_male",0,-0.180854769134965,1
1,1.75,0.1,77,"prot50_age",-0.5,-0.488483995715145,1
1,1.75,0.1,77,"prot50_income",-1.1,-0.806925467274387,1
1,1.75,0.1,77,"prot50_child",0,0.0295010995090073,0
1,1.75,0.1,77,"invasive_male",0,-0.189039195005778,1
1,1.75,0.1,77,"invasive_age",1,0.405627794040968,1
1,1.75,0.1,77,"invasive_income",0.6,0.654403372292774,1
1,1.75,0.1,77,"invasive_child",-0.2,-0.634654585213774,1
1,1.75,0.1,78,"ASC2_male",0,-0.221826560614085,1
1,1.75,0.1,78,"ASC2_age",0,0.221883008813763,1
1,1.75,0.1,78,"ASC2_income",0,-0.838309041663361,1
1,1.75,0.1,78,"ASC2_child",0,-0.0710691716050285,0
1,1.75,0.1,78,"ASC3_male",0,-0.133042507801734,1
1,1.75,0.1,78,"ASC3_age",0,0.129642461484925,1
1,1.75,0.1,78,"ASC3_income",-0.4,-1.24681413413548,1
1,1.75,0.1,78,"ASC3_child",0,0.359418456033262,1
1,1.75,0.1,78,"prot25_male",-1.1,-0.0718110827910044,0
1,1.75,0.1,78,"prot25_age",0,-0.396120882135337,1
1,1.75,0.1,78,"prot25_income",-0.2,0.644187778729081,1
1,1.75,0.1,78,"prot25_child",0,-0.163672332116855,1
1,1.75,0.1,78,"prot50_male",0.6,0.240741323187084,1
1,1.75,0.1,78,"prot50_age",-0.4,-0.156624742683225,1
1,1.75,0.1,78,"prot50_income",-0.9,0.198390723995109,1
1,1.75,0.1,78,"prot50_child",0.6,0.201038116201739,1
1,1.75,0.1,78,"invasive_male",-0.6,-0.61762263500966,1
1,1.75,0.1,78,"invasive_age",0.9,0.680957905661563,1
1,1.75,0.1,78,"invasive_income",1.2,0.575863561757251,1
1,1.75,0.1,78,"invasive_child",0,0.283244736771189,1
1,1.75,0.1,79,"ASC2_male",0,-0.444413772289298,1
1,1.75,0.1,79,"ASC2_age",0,0.44194710671236,1
1,1.75,0.1,79,"ASC2_income",0,0.0529780042415813,0
1,1.75,0.1,79,"ASC2_child",0,-0.452718341137216,1
1,1.75,0.1,79,"ASC3_male",0,-0.182392014278625,1
1,1.75,0.1,79,"ASC3_age",0,0.220782931823214,1
1,1.75,0.1,79,"ASC3_income",0.2,0.0134221463585896,0
1,1.75,0.1,79,"ASC3_child",-0.3,-0.332331901798882,1
1,1.75,0.1,79,"prot25_male",0.2,-0.135067888507749,1
1,1.75,0.1,79,"prot25_age",0,0.00345313833632687,0
1,1.75,0.1,79,"prot25_income",0.9,0.403353500047194,1
1,1.75,0.1,79,"prot25_child",0.3,0.983189641002534,1
1,1.75,0.1,79,"prot50_male",1,0.818795976852724,1
1,1.75,0.1,79,"prot50_age",0,0.0908921904718629,0
1,1.75,0.1,79,"prot50_income",-0.7,-0.64430436793467,1
1,1.75,0.1,79,"prot50_child",0,0.587508212640403,1
1,1.75,0.1,79,"invasive_male",-0.6,-0.155937593594006,1
1,1.75,0.1,79,"invasive_age",-1.1,-0.667391320074197,1
1,1.75,0.1,79,"invasive_income",0,-0.0188321308980572,0
1,1.75,0.1,79,"invasive_child",-0.1,-0.00634025664311339,0
1,1.75,0.1,80,"ASC2_male",0.8,0.60263047008143,1
1,1.75,0.1,80,"ASC2_age",0,0.235069152001536,1
1,1.75,0.1,80,"ASC2_income",0.4,0.174676654247977,1
1,1.75,0.1,80,"ASC2_child",-1,0.328687561860102,1
1,1.75,0.1,80,"ASC3_male",0,0.262258824526611,1
1,1.75,0.1,80,"ASC3_age",1,0.599068084423492,1
1,1.75,0.1,80,"ASC3_income",0,0.0865803341772317,0
1,1.75,0.1,80,"ASC3_child",-1.1,-0.0889857381578518,0
1,1.75,0.1,80,"prot25_male",0.8,0.109971767864178,1
1,1.75,0.1,80,"prot25_age",0,0.0762468355327651,0
1,1.75,0.1,80,"prot25_income",0,-0.21934895958351,1
1,1.75,0.1,80,"prot25_child",0.3,-0.0275657685324246,0
1,1.75,0.1,80,"prot50_male",0,-0.387249603313878,1
1,1.75,0.1,80,"prot50_age",1,0.606921627867479,1
1,1.75,0.1,80,"prot50_income",0,-0.0941273159746475,0
1,1.75,0.1,80,"prot50_child",0,-0.356409118734188,1
1,1.75,0.1,80,"invasive_male",0,0.407689101321858,1
1,1.75,0.1,80,"invasive_age",1,0.297721444504869,1
1,1.75,0.1,80,"invasive_income",0,-0.00951250935119344,0
1,1.75,0.1,80,"invasive_child",1.1,0.589271623353281,1
1,1.75,0.1,81,"ASC2_male",1,0.410744695447629,1
1,1.75,0.1,81,"ASC2_age",0,-0.408251219205276,1
1,1.75,0.1,81,"ASC2_income",0,0.265675622881072,1
1,1.75,0.1,81,"ASC2_child",0,-0.192240441760604,1
1,1.75,0.1,81,"ASC3_male",0,-0.566849168559538,1
1,1.75,0.1,81,"ASC3_age",0,-0.428644921932554,1
1,1.75,0.1,81,"ASC3_income",0,0.118740793638916,1
1,1.75,0.1,81,"ASC3_child",-0.4,-0.450751377385188,1
1,1.75,0.1,81,"prot25_male",0,0.708152545854864,1
1,1.75,0.1,81,"prot25_age",0,0.307316124039352,1
1,1.75,0.1,81,"prot25_income",0,-0.0626910149316075,0
1,1.75,0.1,81,"prot25_child",-0.2,0.19970573291826,1
1,1.75,0.1,81,"prot50_male",1.1,1.68880760765838,1
1,1.75,0.1,81,"prot50_age",0.8,0.745692298997141,1
1,1.75,0.1,81,"prot50_income",0,-0.0114240443115849,0
1,1.75,0.1,81,"prot50_child",-0.3,-0.0760940965252961,0
1,1.75,0.1,81,"invasive_male",-0.2,-0.445853480365982,1
1,1.75,0.1,81,"invasive_age",-1.2,-0.67265371287362,1
1,1.75,0.1,81,"invasive_income",0.4,0.434588993883789,1
1,1.75,0.1,81,"invasive_child",1.1,0.423439870330229,1
1,1.75,0.1,82,"ASC2_male",0,0.271800124884147,1
1,1.75,0.1,82,"ASC2_age",0,0.474039647728164,1
1,1.75,0.1,82,"ASC2_income",-0.8,-0.66709343688568,1
1,1.75,0.1,82,"ASC2_child",0.4,0.343406875829139,1
1,1.75,0.1,82,"ASC3_male",-0.5,0.316192540716696,1
1,1.75,0.1,82,"ASC3_age",0,0.467803600364392,1
1,1.75,0.1,82,"ASC3_income",0,-0.308204659634879,1
1,1.75,0.1,82,"ASC3_child",0,0.709306142488091,1
1,1.75,0.1,82,"prot25_male",-0.5,-0.665555352603733,1
1,1.75,0.1,82,"prot25_age",0,-0.470881830737292,1
1,1.75,0.1,82,"prot25_income",0.8,0.686127719717679,1
1,1.75,0.1,82,"prot25_child",0,0.079137711986448,0
1,1.75,0.1,82,"prot50_male",-0.3,-0.565268886895701,1
1,1.75,0.1,82,"prot50_age",0,-0.237977917321585,1
1,1.75,0.1,82,"prot50_income",0.6,0.748215291886772,1
1,1.75,0.1,82,"prot50_child",0.3,0.228159252959246,1
1,1.75,0.1,82,"invasive_male",-1.1,-0.415290435245392,1
1,1.75,0.1,82,"invasive_age",-1.2,-0.825232909725991,1
1,1.75,0.1,82,"invasive_income",0,0.0763624459453032,0
1,1.75,0.1,82,"invasive_child",0,0.477333944004388,1
1,1.75,0.1,83,"ASC2_male",0.5,0.987909915319707,1
1,1.75,0.1,83,"ASC2_age",0,0.0171837341981153,0
1,1.75,0.1,83,"ASC2_income",-0.6,0.0490586955653362,0
1,1.75,0.1,83,"ASC2_child",-0.5,-0.423367664046691,1
1,1.75,0.1,83,"ASC3_male",0,0.733855226808256,1
1,1.75,0.1,83,"ASC3_age",0,0.284322446973611,1
1,1.75,0.1,83,"ASC3_income",0,0.301209187763689,1
1,1.75,0.1,83,"ASC3_child",0,0.0422287907037894,0
1,1.75,0.1,83,"prot25_male",-1,-0.38752093521963,1
1,1.75,0.1,83,"prot25_age",0.1,-0.100973001016992,1
1,1.75,0.1,83,"prot25_income",0,-0.279199941990911,1
1,1.75,0.1,83,"prot25_child",0,-0.26225177740162,1
1,1.75,0.1,83,"prot50_male",0.7,0.850712514213084,1
1,1.75,0.1,83,"prot50_age",0,-0.240229930628892,1
1,1.75,0.1,83,"prot50_income",1.1,0.742294435225011,1
1,1.75,0.1,83,"prot50_child",0,-0.498684212592402,1
1,1.75,0.1,83,"invasive_male",0.7,1.09136539436356,1
1,1.75,0.1,83,"invasive_age",-1,-0.694443291052082,1
1,1.75,0.1,83,"invasive_income",0.3,0.36167408653551,1
1,1.75,0.1,83,"invasive_child",0,-0.221020176050304,1
1,1.75,0.1,84,"ASC2_male",0,-0.425475234299774,1
1,1.75,0.1,84,"ASC2_age",0,0.13043141898505,1
1,1.75,0.1,84,"ASC2_income",-0.9,-0.337218994361221,1
1,1.75,0.1,84,"ASC2_child",1.1,-1.13805212794669,1
1,1.75,0.1,84,"ASC3_male",0.7,0.0542341879799243,0
1,1.75,0.1,84,"ASC3_age",0,0.0235903332258693,0
1,1.75,0.1,84,"ASC3_income",0,0.0261622398251227,0
1,1.75,0.1,84,"ASC3_child",0.3,-1.82097876306746,1
1,1.75,0.1,84,"prot25_male",0.3,0.814699762250243,1
1,1.75,0.1,84,"prot25_age",0,0.183101145087469,1
1,1.75,0.1,84,"prot25_income",0,0.0364032419367937,0
1,1.75,0.1,84,"prot25_child",0,1.36351615533201,1
1,1.75,0.1,84,"prot50_male",0,0.854796542774475,1
1,1.75,0.1,84,"prot50_age",-0.2,-0.0984945317389698,0
1,1.75,0.1,84,"prot50_income",0.5,0.130400542592551,1
1,1.75,0.1,84,"prot50_child",0,1.72582223001697,1
1,1.75,0.1,84,"invasive_male",0,0.0025240003748452,0
1,1.75,0.1,84,"invasive_age",-0.7,-0.370465813590424,1
1,1.75,0.1,84,"invasive_income",-0.9,-0.317333705384531,1
1,1.75,0.1,84,"invasive_child",0.5,-0.311860369498548,1
1,1.75,0.1,85,"ASC2_male",0.9,1.08821153781741,1
1,1.75,0.1,85,"ASC2_age",0,-0.218120911663981,1
1,1.75,0.1,85,"ASC2_income",-0.2,-0.231996093363193,1
1,1.75,0.1,85,"ASC2_child",0.5,0.0267302305152301,0
1,1.75,0.1,85,"ASC3_male",0,0.479421810155948,1
1,1.75,0.1,85,"ASC3_age",0,0.0189172700523841,0
1,1.75,0.1,85,"ASC3_income",0,-0.0162007749735196,0
1,1.75,0.1,85,"ASC3_child",0.8,0.483366656113379,1
1,1.75,0.1,85,"prot25_male",0.4,-0.00897721177482264,0
1,1.75,0.1,85,"prot25_age",0,-0.0945936629416648,0
1,1.75,0.1,85,"prot25_income",0.5,0.169286226218592,1
1,1.75,0.1,85,"prot25_child",-0.2,-0.347776507291621,1
1,1.75,0.1,85,"prot50_male",-0.1,-0.456307843464883,1
1,1.75,0.1,85,"prot50_age",0,0.077098346254967,0
1,1.75,0.1,85,"prot50_income",-1.1,-0.881612162576601,1
1,1.75,0.1,85,"prot50_child",0,0.455982198289911,1
1,1.75,0.1,85,"invasive_male",0.7,0.248694868631303,1
1,1.75,0.1,85,"invasive_age",0,0.0872441659000294,0
1,1.75,0.1,85,"invasive_income",0,-0.37699161471715,1
1,1.75,0.1,85,"invasive_child",0,0.32478468590841,1
1,1.75,0.1,86,"ASC2_male",0.2,-0.126762621482742,1
1,1.75,0.1,86,"ASC2_age",0.4,0.832357282475146,1
1,1.75,0.1,86,"ASC2_income",0,0.104313025836417,1
1,1.75,0.1,86,"ASC2_child",-0.2,-0.262764002948278,1
1,1.75,0.1,86,"ASC3_male",-0.2,0.118602007529398,1
1,1.75,0.1,86,"ASC3_age",0,0.792409660293562,1
1,1.75,0.1,86,"ASC3_income",0,0.212129040051657,1
1,1.75,0.1,86,"ASC3_child",0,0.225967935944269,1
1,1.75,0.1,86,"prot25_male",0,-0.502188209284423,1
1,1.75,0.1,86,"prot25_age",0,-0.458589014826884,1
1,1.75,0.1,86,"prot25_income",-0.2,0.0499272797381846,0
1,1.75,0.1,86,"prot25_child",0,0.465542538943441,1
1,1.75,0.1,86,"prot50_male",0.6,0.233620044909393,1
1,1.75,0.1,86,"prot50_age",-1,-1.23884466566208,1
1,1.75,0.1,86,"prot50_income",0,0.166991019362571,1
1,1.75,0.1,86,"prot50_child",1,1.22575989855297,1
1,1.75,0.1,86,"invasive_male",0.5,0.204532573067654,1
1,1.75,0.1,86,"invasive_age",0,0.0224670929092693,0
1,1.75,0.1,86,"invasive_income",0,0.313326168031251,1
1,1.75,0.1,86,"invasive_child",-1,-0.349134842786804,1
1,1.75,0.1,87,"ASC2_male",0.2,0.651148230011114,1
1,1.75,0.1,87,"ASC2_age",1.1,0.724733035451297,1
1,1.75,0.1,87,"ASC2_income",0,0.0455699180343813,0
1,1.75,0.1,87,"ASC2_child",0,0.666925940790422,1
1,1.75,0.1,87,"ASC3_male",0,0.488669418780288,1
1,1.75,0.1,87,"ASC3_age",-0.4,0.25659804493521,1
1,1.75,0.1,87,"ASC3_income",0,-0.0142914246998737,0
1,1.75,0.1,87,"ASC3_child",0.7,1.20515951525227,1
1,1.75,0.1,87,"prot25_male",-1.2,-1.93425488410129,1
1,1.75,0.1,87,"prot25_age",-0.9,-0.37644554007512,1
1,1.75,0.1,87,"prot25_income",0,-0.0114355371005884,0
1,1.75,0.1,87,"prot25_child",-0.2,-0.417612723193388,1
1,1.75,0.1,87,"prot50_male",-0.5,-1.06730795255721,1
1,1.75,0.1,87,"prot50_age",0,0.383340537535685,1
1,1.75,0.1,87,"prot50_income",0,-0.235325194454249,1
1,1.75,0.1,87,"prot50_child",0.4,0.518034496583727,1
1,1.75,0.1,87,"invasive_male",0,-0.185511652226757,1
1,1.75,0.1,87,"invasive_age",0,0.279614261305901,1
1,1.75,0.1,87,"invasive_income",0,-0.282565235601268,1
1,1.75,0.1,87,"invasive_child",0.8,1.05044642411382,1
1,1.75,0.1,88,"ASC2_male",-1.1,0.274308488414192,1
1,1.75,0.1,88,"ASC2_age",0,-0.442071440010686,1
1,1.75,0.1,88,"ASC2_income",0.3,0.07016699540617,0
1,1.75,0.1,88,"ASC2_child",0,0.220455211746143,1
1,1.75,0.1,88,"ASC3_male",-1.1,0.382068919360082,1
1,1.75,0.1,88,"ASC3_age",0,-0.0865463903360322,0
1,1.75,0.1,88,"ASC3_income",0,-0.265571512165767,1
1,1.75,0.1,88,"ASC3_child",0.5,0.250837948030331,1
1,1.75,0.1,88,"prot25_male",0.6,-0.616064828725279,1
1,1.75,0.1,88,"prot25_age",0,0.0659037518813285,0
1,1.75,0.1,88,"prot25_income",0,0.0880571231481089,0
1,1.75,0.1,88,"prot25_child",0,-0.527508499343318,1
1,1.75,0.1,88,"prot50_male",0,-0.6414604082337,1
1,1.75,0.1,88,"prot50_age",-0.3,-0.0720645191690853,0
1,1.75,0.1,88,"prot50_income",-0.5,-0.189948264836397,1
1,1.75,0.1,88,"prot50_child",0.8,0.28186326539079,1
1,1.75,0.1,88,"invasive_male",0,0.585824310431946,1
1,1.75,0.1,88,"invasive_age",-1.1,-0.811395952988115,1
1,1.75,0.1,88,"invasive_income",0.4,0.239657566644651,1
1,1.75,0.1,88,"invasive_child",0,-0.162152604882458,1
1,1.75,0.1,89,"ASC2_male",0,-0.159150760745035,1
1,1.75,0.1,89,"ASC2_age",0,-0.20436986416283,1
1,1.75,0.1,89,"ASC2_income",0.5,0.362071438625708,1
1,1.75,0.1,89,"ASC2_child",0,-0.87449332306582,1
1,1.75,0.1,89,"ASC3_male",0,-0.317732803009386,1
1,1.75,0.1,89,"ASC3_age",0.3,-0.195810314244702,1
1,1.75,0.1,89,"ASC3_income",-0.8,-0.431762853233734,1
1,1.75,0.1,89,"ASC3_child",0,-0.756674969998111,1
1,1.75,0.1,89,"prot25_male",0.1,-0.281718828399564,1
1,1.75,0.1,89,"prot25_age",-0.1,0.0439919098862128,0
1,1.75,0.1,89,"prot25_income",0,-0.00623596593065231,0
1,1.75,0.1,89,"prot25_child",-1.2,0.179270641209434,1
1,1.75,0.1,89,"prot50_male",-0.5,-1.19513857288403,1
1,1.75,0.1,89,"prot50_age",0,-0.238836706813394,1
1,1.75,0.1,89,"prot50_income",0,0.54781319943616,1
1,1.75,0.1,89,"prot50_child",0,0.424866480021896,1
1,1.75,0.1,89,"invasive_male",-0.6,-0.938961023132734,1
1,1.75,0.1,89,"invasive_age",0.2,-0.247285845064751,1
1,1.75,0.1,89,"invasive_income",1.1,1.25997428387353,1
1,1.75,0.1,89,"invasive_child",0,-0.202725519293683,1
1,1.75,0.1,90,"ASC2_male",-1,-0.548259730814945,1
1,1.75,0.1,90,"ASC2_age",-0.2,-0.654769063141256,1
1,1.75,0.1,90,"ASC2_income",-0.9,-1.0909761349402,1
1,1.75,0.1,90,"ASC2_child",0.8,1.12932748306063,1
1,1.75,0.1,90,"ASC3_male",0,0.232245790349531,1
1,1.75,0.1,90,"ASC3_age",0,-0.0936251990224317,0
1,1.75,0.1,90,"ASC3_income",0,-0.47396875673679,1
1,1.75,0.1,90,"ASC3_child",0.6,0.828448426683833,1
1,1.75,0.1,90,"prot25_male",0,-0.34114588618412,1
1,1.75,0.1,90,"prot25_age",0,0.225554619766296,1
1,1.75,0.1,90,"prot25_income",0.8,1.25474426465491,1
1,1.75,0.1,90,"prot25_child",0,-0.522678127483994,1
1,1.75,0.1,90,"prot50_male",0,-0.49019358576618,1
1,1.75,0.1,90,"prot50_age",1,0.88246053158265,1
1,1.75,0.1,90,"prot50_income",0.6,1.02189630113505,1
1,1.75,0.1,90,"prot50_child",0,-0.100838667953762,1
1,1.75,0.1,90,"invasive_male",0,-0.551242633919424,1
1,1.75,0.1,90,"invasive_age",0,-0.0598284184857819,0
1,1.75,0.1,90,"invasive_income",-0.6,-0.279839467904765,1
1,1.75,0.1,90,"invasive_child",-1.2,-1.05132928498375,1
1,1.75,0.1,91,"ASC2_male",1.2,0.958406692717909,1
1,1.75,0.1,91,"ASC2_age",0.2,0.156221654807383,1
1,1.75,0.1,91,"ASC2_income",0,0.190644277514181,1
1,1.75,0.1,91,"ASC2_child",0,0.0242148860868207,0
1,1.75,0.1,91,"ASC3_male",0,0.187433200894965,1
1,1.75,0.1,91,"ASC3_age",0,-0.185189126998034,1
1,1.75,0.1,91,"ASC3_income",0.6,0.633139675340449,1
1,1.75,0.1,91,"ASC3_child",1.1,0.325194965416256,1
1,1.75,0.1,91,"prot25_male",0,-0.348238452921001,1
1,1.75,0.1,91,"prot25_age",0.3,0.322702343124084,1
1,1.75,0.1,91,"prot25_income",0.2,0.00713560716870749,0
1,1.75,0.1,91,"prot25_child",0,-0.653878895094059,1
1,1.75,0.1,91,"prot50_male",-0.7,-0.0576879872032714,0
1,1.75,0.1,91,"prot50_age",0,0.401840769760518,1
1,1.75,0.1,91,"prot50_income",-1,-1.1779634212425,1
1,1.75,0.1,91,"prot50_child",0,0.787901643882878,1
1,1.75,0.1,91,"invasive_male",-0.6,-0.517297574559708,1
1,1.75,0.1,91,"invasive_age",0,0.125965940718534,1
1,1.75,0.1,91,"invasive_income",0.4,0.352068407406409,1
1,1.75,0.1,91,"invasive_child",0,-0.101860721471596,1
1,1.75,0.1,92,"ASC2_male",-0.4,-0.579158979261887,1
1,1.75,0.1,92,"ASC2_age",0,0.069639063838149,0
1,1.75,0.1,92,"ASC2_income",1,0.574573289952599,1
1,1.75,0.1,92,"ASC2_child",0,-0.0691228943665605,0
1,1.75,0.1,92,"ASC3_male",-1.1,-1.40281066433467,1
1,1.75,0.1,92,"ASC3_age",0.6,0.29776303570186,1
1,1.75,0.1,92,"ASC3_income",0.8,0.672607825499577,1
1,1.75,0.1,92,"ASC3_child",0,-0.465285455890834,1
1,1.75,0.1,92,"prot25_male",0,0.298288717240848,1
1,1.75,0.1,92,"prot25_age",0,-0.127669586534626,1
1,1.75,0.1,92,"prot25_income",0.7,0.72753032756348,1
1,1.75,0.1,92,"prot25_child",-0.8,-0.121756290083329,1
1,1.75,0.1,92,"prot50_male",1,0.998465513721828,1
1,1.75,0.1,92,"prot50_age",0,0.395230596064984,1
1,1.75,0.1,92,"prot50_income",-1.2,-1.21653128121309,1
1,1.75,0.1,92,"prot50_child",0,0.426506348062106,1
1,1.75,0.1,92,"invasive_male",0,-0.21691510328586,1
1,1.75,0.1,92,"invasive_age",0,0.691392162570408,1
1,1.75,0.1,92,"invasive_income",-0.9,-1.42703177132595,1
1,1.75,0.1,92,"invasive_child",0,0.739338377547495,1
1,1.75,0.1,93,"ASC2_male",0,-0.409868908140667,1
1,1.75,0.1,93,"ASC2_age",1,0.754958346110561,1
1,1.75,0.1,93,"ASC2_income",0,-0.0808128730300823,0
1,1.75,0.1,93,"ASC2_child",-0.3,-0.975292834315158,1
1,1.75,0.1,93,"ASC3_male",-1,-0.636275593427021,1
1,1.75,0.1,93,"ASC3_age",0,0.128813292108116,1
1,1.75,0.1,93,"ASC3_income",0,-0.245509050088927,1
1,1.75,0.1,93,"ASC3_child",0.1,-0.712567722000863,1
1,1.75,0.1,93,"prot25_male",0.7,0.995954616540451,1
1,1.75,0.1,93,"prot25_age",0,0.0998822339511086,0
1,1.75,0.1,93,"prot25_income",-0.7,-0.116865140093204,1
1,1.75,0.1,93,"prot25_child",0,0.534829532751449,1
1,1.75,0.1,93,"prot50_male",0,0.493483078520424,1
1,1.75,0.1,93,"prot50_age",0,0.0103304226614708,0
1,1.75,0.1,93,"prot50_income",0,0.218707792241135,1
1,1.75,0.1,93,"prot50_child",0.9,1.22789344003148,1
1,1.75,0.1,93,"invasive_male",-0.7,-0.509734288255092,1
1,1.75,0.1,93,"invasive_age",-0.7,-0.416216019980085,1
1,1.75,0.1,93,"invasive_income",0,0.0965604336496052,0
1,1.75,0.1,93,"invasive_child",-0.2,0.517460701248872,1
1,1.75,0.1,94,"ASC2_male",0.3,1.04148376494247,1
1,1.75,0.1,94,"ASC2_age",-0.4,0.18944949038108,1
1,1.75,0.1,94,"ASC2_income",-0.4,0.48138893705469,1
1,1.75,0.1,94,"ASC2_child",-0.6,0.0627401634781522,0
1,1.75,0.1,94,"ASC3_male",-0.3,0.261604521543494,1
1,1.75,0.1,94,"ASC3_age",0,0.652885899801609,1
1,1.75,0.1,94,"ASC3_income",0,0.503228980720951,1
1,1.75,0.1,94,"ASC3_child",0.9,1.03221199571389,1
1,1.75,0.1,94,"prot25_male",0.3,-0.558578632177134,1
1,1.75,0.1,94,"prot25_age",0,-0.206510404349863,1
1,1.75,0.1,94,"prot25_income",0.2,-0.459059883741253,1
1,1.75,0.1,94,"prot25_child",0,-0.534757656663061,1
1,1.75,0.1,94,"prot50_male",0,-0.450989013103509,1
1,1.75,0.1,94,"prot50_age",0.5,0.179169510234139,1
1,1.75,0.1,94,"prot50_income",0,-0.508679094304774,1
1,1.75,0.1,94,"prot50_child",-0.1,-0.246707680491663,1
1,1.75,0.1,94,"invasive_male",0,0.455360696614138,1
1,1.75,0.1,94,"invasive_age",0,0.436055219638065,1
1,1.75,0.1,94,"invasive_income",0,0.0416421096366375,0
1,1.75,0.1,94,"invasive_child",0,0.208522906811059,1
1,1.75,0.1,95,"ASC2_male",-0.9,-0.58211718053494,1
1,1.75,0.1,95,"ASC2_age",0,-0.460868961301279,1
1,1.75,0.1,95,"ASC2_income",0,0.268089252507903,1
1,1.75,0.1,95,"ASC2_child",0,-0.283710665292632,1
1,1.75,0.1,95,"ASC3_male",0,-0.326176173961004,1
1,1.75,0.1,95,"ASC3_age",1.1,0.292266286370252,1
1,1.75,0.1,95,"ASC3_income",0.8,0.489688579146481,1
1,1.75,0.1,95,"ASC3_child",-1,-0.513354664444191,1
1,1.75,0.1,95,"prot25_male",-1,-0.693723259057672,1
1,1.75,0.1,95,"prot25_age",0.8,1.16793429839415,1
1,1.75,0.1,95,"prot25_income",0.7,0.61228685106941,1
1,1.75,0.1,95,"prot25_child",0.6,1.18223170688565,1
1,1.75,0.1,95,"prot50_male",0,0.0130953544559621,0
1,1.75,0.1,95,"prot50_age",0,0.361454781402788,1
1,1.75,0.1,95,"prot50_income",1,0.704895451093409,1
1,1.75,0.1,95,"prot50_child",0,0.0520572274944593,0
1,1.75,0.1,95,"invasive_male",0,-0.0678179016825567,0
1,1.75,0.1,95,"invasive_age",0,0.16655394304058,1
1,1.75,0.1,95,"invasive_income",0,-0.0467288233727045,0
1,1.75,0.1,95,"invasive_child",0.4,-0.058714795458972,0
1,1.75,0.1,96,"ASC2_male",0.6,0.179127434513209,1
1,1.75,0.1,96,"ASC2_age",0,0.414907801114026,1
1,1.75,0.1,96,"ASC2_income",0,-0.265947058106864,1
1,1.75,0.1,96,"ASC2_child",0,0.0833212489931236,0
1,1.75,0.1,96,"ASC3_male",-0.1,0.0123702047395827,0
1,1.75,0.1,96,"ASC3_age",1.2,1.33761987238792,1
1,1.75,0.1,96,"ASC3_income",0,-0.258856882538966,1
1,1.75,0.1,96,"ASC3_child",0,0.130130271404333,1
1,1.75,0.1,96,"prot25_male",-0.6,-0.0163989978590682,0
1,1.75,0.1,96,"prot25_age",0.3,-0.19321100698033,1
1,1.75,0.1,96,"prot25_income",-0.8,-0.168362774404224,1
1,1.75,0.1,96,"prot25_child",0.7,0.281682252129967,1
1,1.75,0.1,96,"prot50_male",-1,-0.273722460228809,1
1,1.75,0.1,96,"prot50_age",0,0.0722467692678995,0
1,1.75,0.1,96,"prot50_income",0,0.138647751296051,1
1,1.75,0.1,96,"prot50_child",0,-0.466450515287844,1
1,1.75,0.1,96,"invasive_male",-0.2,0.0732965464415265,0
1,1.75,0.1,96,"invasive_age",-0.4,-0.213968317381573,1
1,1.75,0.1,96,"invasive_income",0,-0.259545256162677,1
1,1.75,0.1,96,"invasive_child",0,-0.244743216373046,1
1,1.75,0.1,97,"ASC2_male",-1,-1.24583381295623,1
1,1.75,0.1,97,"ASC2_age",0.2,-0.252482765618105,1
1,1.75,0.1,97,"ASC2_income",0,0.0732611794613831,0
1,1.75,0.1,97,"ASC2_child",-0.3,-0.419099420820154,1
1,1.75,0.1,97,"ASC3_male",0.5,-0.339467337516696,1
1,1.75,0.1,97,"ASC3_age",0.5,0.00286106197350114,0
1,1.75,0.1,97,"ASC3_income",0,0.100920439092694,1
1,1.75,0.1,97,"ASC3_child",-0.2,-0.356594409486727,1
1,1.75,0.1,97,"prot25_male",0,0.634150426282151,1
1,1.75,0.1,97,"prot25_age",0,0.292293701009839,1
1,1.75,0.1,97,"prot25_income",-0.1,0.172545660041719,1
1,1.75,0.1,97,"prot25_child",0,-0.263599026259455,1
1,1.75,0.1,97,"prot50_male",0.6,0.813643602742312,1
1,1.75,0.1,97,"prot50_age",0,0.0750795204342572,0
1,1.75,0.1,97,"prot50_income",-0.5,-0.394553285682189,1
1,1.75,0.1,97,"prot50_child",0,-0.802025611231743,1
1,1.75,0.1,97,"invasive_male",0,-0.363674627252354,1
1,1.75,0.1,97,"invasive_age",0,0.0463877982888827,0
1,1.75,0.1,97,"invasive_income",-0.7,-0.665897914687149,1
1,1.75,0.1,97,"invasive_child",0,-0.0918518524934337,0
1,1.75,0.1,98,"ASC2_male",0,-0.805315280904239,1
1,1.75,0.1,98,"ASC2_age",0,0.681240133996993,1
1,1.75,0.1,98,"ASC2_income",-0.5,-0.12955077576356,1
1,1.75,0.1,98,"ASC2_child",-1.1,-1.93792685602923,1
1,1.75,0.1,98,"ASC3_male",-0.3,-0.635570327935973,1
1,1.75,0.1,98,"ASC3_age",1,1.30150568259241,1
1,1.75,0.1,98,"ASC3_income",0,0.407126808130784,1
1,1.75,0.1,98,"ASC3_child",-0.6,-1.42042743899282,1
1,1.75,0.1,98,"prot25_male",-0.4,-0.172653526159777,1
1,1.75,0.1,98,"prot25_age",0,-0.405349770533879,1
1,1.75,0.1,98,"prot25_income",1.2,0.329040654008928,1
1,1.75,0.1,98,"prot25_child",-0.8,0.400562187049825,1
1,1.75,0.1,98,"prot50_male",-1.1,-0.680350790891402,1
1,1.75,0.1,98,"prot50_age",0,-0.387849673639128,1
1,1.75,0.1,98,"prot50_income",0,-0.390930703300429,1
1,1.75,0.1,98,"prot50_child",0,1.04772044367856,1
1,1.75,0.1,98,"invasive_male",0,-0.281196778519045,1
1,1.75,0.1,98,"invasive_age",0,-0.0702598601079652,0
1,1.75,0.1,98,"invasive_income",0,-0.185688112849083,1
1,1.75,0.1,98,"invasive_child",1,1.0399505900819,1
1,1.75,0.1,99,"ASC2_male",1.1,0.0582674844088686,0
1,1.75,0.1,99,"ASC2_age",0.3,0.192232210146642,1
1,1.75,0.1,99,"ASC2_income",-0.8,-0.620886419436463,1
1,1.75,0.1,99,"ASC2_child",0.2,0.551221851908451,1
1,1.75,0.1,99,"ASC3_male",1.1,0.212439936816294,1
1,1.75,0.1,99,"ASC3_age",0,0.109661079805519,1
1,1.75,0.1,99,"ASC3_income",0,-0.180562227820291,1
1,1.75,0.1,99,"ASC3_child",0,0.423802466908922,1
1,1.75,0.1,99,"prot25_male",-0.6,-0.575142528915978,1
1,1.75,0.1,99,"prot25_age",0,0.0527787576505208,0
1,1.75,0.1,99,"prot25_income",0,0.150504905521274,1
1,1.75,0.1,99,"prot25_child",0,0.180261963426535,1
1,1.75,0.1,99,"prot50_male",-0.2,0.0435655074848954,0
1,1.75,0.1,99,"prot50_age",0.9,0.446874099420408,1
1,1.75,0.1,99,"prot50_income",-0.1,-0.131963991487979,1
1,1.75,0.1,99,"prot50_child",0,-0.257075225603998,1
1,1.75,0.1,99,"invasive_male",0.9,0.599622995483653,1
1,1.75,0.1,99,"invasive_age",0,-0.0106495953577299,0
1,1.75,0.1,99,"invasive_income",0,-0.293797828105294,1
1,1.75,0.1,99,"invasive_child",0,0.112666296646712,1
1,1.75,0.1,100,"ASC2_male",0.1,0.16847351744449,1
1,1.75,0.1,100,"ASC2_age",0,0.420250418207495,1
1,1.75,0.1,100,"ASC2_income",0,0.00718534503416673,0
1,1.75,0.1,100,"ASC2_child",-0.7,-0.00883656898628187,0
1,1.75,0.1,100,"ASC3_male",0,-0.205190986409936,1
1,1.75,0.1,100,"ASC3_age",0,0.371213467344869,1
1,1.75,0.1,100,"ASC3_income",-0.7,-0.225189528260696,1
1,1.75,0.1,100,"ASC3_child",-1.1,-0.414126437630307,1
1,1.75,0.1,100,"prot25_male",0,-0.694761217805073,1
1,1.75,0.1,100,"prot25_age",-0.7,-0.632563014242088,1
1,1.75,0.1,100,"prot25_income",0,-0.186648437681209,1
1,1.75,0.1,100,"prot25_child",-0.6,-0.113616222282767,1
1,1.75,0.1,100,"prot50_male",0,0.0162071211039784,0
1,1.75,0.1,100,"prot50_age",0,-0.134042440472632,1
1,1.75,0.1,100,"prot50_income",0.5,0.202818454731741,1
1,1.75,0.1,100,"prot50_child",1,0.419726729910897,1
1,1.75,0.1,100,"invasive_male",0,-0.348244769184281,1
1,1.75,0.1,100,"invasive_age",0,0.44682832669095,1
1,1.75,0.1,100,"invasive_income",0.8,0.794817486177921,1
1,1.75,0.1,100,"invasive_child",0.4,-0.0142375819154759,0
1,1.75,0.5,1,"ASC2_male",0.9,0.0384682963083193,0
1,1.75,0.5,1,"ASC2_age",0.3,0.501541799788965,1
1,1.75,0.5,1,"ASC2_income",0,-0.342270628324006,0
1,1.75,0.5,1,"ASC2_child",0,-1.11769045089362,1
1,1.75,0.5,1,"ASC3_male",-1.1,-0.823692513704431,1
1,1.75,0.5,1,"ASC3_age",0,0.277533161597054,0
1,1.75,0.5,1,"ASC3_income",0.8,0.0560129951146503,0
1,1.75,0.5,1,"ASC3_child",0,-1.45736289201523,1
1,1.75,0.5,1,"prot25_male",1.2,0.889838930176233,1
1,1.75,0.5,1,"prot25_age",0.7,0.213319391368959,0
1,1.75,0.5,1,"prot25_income",0,0.550116664356547,1
1,1.75,0.5,1,"prot25_child",1.1,1.07201463836639,1
1,1.75,0.5,1,"prot50_male",0,0.438595750141072,0
1,1.75,0.5,1,"prot50_age",0,-0.443775820734163,0
1,1.75,0.5,1,"prot50_income",-1.2,-0.367942112756875,0
1,1.75,0.5,1,"prot50_child",1.1,1.15920706489731,1
1,1.75,0.5,1,"invasive_male",0,0.289513012779795,0
1,1.75,0.5,1,"invasive_age",-0.6,-0.493061068640617,0
1,1.75,0.5,1,"invasive_income",0,-0.0121004311982462,0
1,1.75,0.5,1,"invasive_child",0,-0.477392054150519,0
1,1.75,0.5,2,"ASC2_male",0,-0.222205794708651,0
1,1.75,0.5,2,"ASC2_age",0.1,0.0751582917241755,0
1,1.75,0.5,2,"ASC2_income",0.7,0.757661196198336,1
1,1.75,0.5,2,"ASC2_child",-0.4,-0.852417892655114,1
1,1.75,0.5,2,"ASC3_male",0,-0.0664063627525027,0
1,1.75,0.5,2,"ASC3_age",0.4,0.111255684000736,0
1,1.75,0.5,2,"ASC3_income",-0.8,-0.0674676247091466,0
1,1.75,0.5,2,"ASC3_child",0,-0.80057437651271,1
1,1.75,0.5,2,"prot25_male",0.5,0.775830786669976,1
1,1.75,0.5,2,"prot25_age",0.8,0.632859097830721,1
1,1.75,0.5,2,"prot25_income",0,-0.412867565826854,0
1,1.75,0.5,2,"prot25_child",0,-0.159298468452181,0
1,1.75,0.5,2,"prot50_male",0,0.371324739698399,0
1,1.75,0.5,2,"prot50_age",0,-0.00608631541368186,0
1,1.75,0.5,2,"prot50_income",0,-0.567214318460295,1
1,1.75,0.5,2,"prot50_child",0,-0.292532111483861,0
1,1.75,0.5,2,"invasive_male",1,0.283227348619247,0
1,1.75,0.5,2,"invasive_age",-0.1,0.0876342703791183,0
1,1.75,0.5,2,"invasive_income",0,-0.0971965312603543,0
1,1.75,0.5,2,"invasive_child",-0.6,-0.574295908971867,1
1,1.75,0.5,3,"ASC2_male",-0.9,-0.404307932344196,0
1,1.75,0.5,3,"ASC2_age",-0.4,-0.299220249150846,0
1,1.75,0.5,3,"ASC2_income",0,-0.215642074343369,0
1,1.75,0.5,3,"ASC2_child",0,-0.71901962794195,1
1,1.75,0.5,3,"ASC3_male",-0.7,-0.735868492790497,1
1,1.75,0.5,3,"ASC3_age",0,-0.143209231627918,0
1,1.75,0.5,3,"ASC3_income",0,-0.0371403238215715,0
1,1.75,0.5,3,"ASC3_child",1,0.405406116993039,0
1,1.75,0.5,3,"prot25_male",0,0.236949226385338,0
1,1.75,0.5,3,"prot25_age",0,0.29575950592715,0
1,1.75,0.5,3,"prot25_income",0,0.242699054469779,0
1,1.75,0.5,3,"prot25_child",0,0.173484081419668,0
1,1.75,0.5,3,"prot50_male",0.7,0.580233657452848,1
1,1.75,0.5,3,"prot50_age",-0.2,0.0113764931127467,0
1,1.75,0.5,3,"prot50_income",-1,-0.865588591459325,1
1,1.75,0.5,3,"prot50_child",-0.8,-0.24724846843741,0
1,1.75,0.5,3,"invasive_male",0,0.0528207837570236,0
1,1.75,0.5,3,"invasive_age",0,-0.0370424787647306,0
1,1.75,0.5,3,"invasive_income",-1.2,-0.957381529249922,1
1,1.75,0.5,3,"invasive_child",1,0.294191879227024,0
1,1.75,0.5,4,"ASC2_male",0,0.311389811475504,0
1,1.75,0.5,4,"ASC2_age",-0.1,0.232650055504844,0
1,1.75,0.5,4,"ASC2_income",0,-0.460585880681578,0
1,1.75,0.5,4,"ASC2_child",-0.6,-1.12149634704006,1
1,1.75,0.5,4,"ASC3_male",0,-0.0552741994492381,0
1,1.75,0.5,4,"ASC3_age",1,1.09228784660555,1
1,1.75,0.5,4,"ASC3_income",0,-0.745163205413432,1
1,1.75,0.5,4,"ASC3_child",0,-0.908481408366813,1
1,1.75,0.5,4,"prot25_male",0,-0.675512507273126,1
1,1.75,0.5,4,"prot25_age",-0.5,-0.764812582455737,1
1,1.75,0.5,4,"prot25_income",0,0.487373312186105,0
1,1.75,0.5,4,"prot25_child",0,0.216022770541286,0
1,1.75,0.5,4,"prot50_male",0.1,-0.343567721687887,0
1,1.75,0.5,4,"prot50_age",1,0.477843485699391,0
1,1.75,0.5,4,"prot50_income",0,0.345377331946106,0
1,1.75,0.5,4,"prot50_child",-1,-0.31003184796311,0
1,1.75,0.5,4,"invasive_male",-1,-0.690242531664722,1
1,1.75,0.5,4,"invasive_age",-0.9,-0.351134642527614,0
1,1.75,0.5,4,"invasive_income",-0.3,-0.563125309319647,1
1,1.75,0.5,4,"invasive_child",0,-0.0815035223402459,0
1,1.75,0.5,5,"ASC2_male",0,0.144995411585411,0
1,1.75,0.5,5,"ASC2_age",0.7,0.555017941197191,1
1,1.75,0.5,5,"ASC2_income",-0.4,-0.42098809144898,0
1,1.75,0.5,5,"ASC2_child",-0.3,0.657359754478537,1
1,1.75,0.5,5,"ASC3_male",0,-0.170564634258129,0
1,1.75,0.5,5,"ASC3_age",0,0.0227910683136049,0
1,1.75,0.5,5,"ASC3_income",0.9,0.512782287879265,1
1,1.75,0.5,5,"ASC3_child",-0.6,0.96800037181073,1
1,1.75,0.5,5,"prot25_male",0.9,0.927854469862282,1
1,1.75,0.5,5,"prot25_age",0,-0.31492063637574,0
1,1.75,0.5,5,"prot25_income",-0.3,-0.474264694260169,0
1,1.75,0.5,5,"prot25_child",0,-0.772756593920594,1
1,1.75,0.5,5,"prot50_male",0.4,0.289634239204651,0
1,1.75,0.5,5,"prot50_age",0,0.178808122791395,0
1,1.75,0.5,5,"prot50_income",0.5,0.383925019365295,0
1,1.75,0.5,5,"prot50_child",0,-0.167450594928222,0
1,1.75,0.5,5,"invasive_male",0.7,0.56178659457132,1
1,1.75,0.5,5,"invasive_age",0,0.00248856634244992,0
1,1.75,0.5,5,"invasive_income",0,-0.244488040515023,0
1,1.75,0.5,5,"invasive_child",0,0.686284260724595,1
1,1.75,0.5,6,"ASC2_male",0.4,-0.38048913818548,0
1,1.75,0.5,6,"ASC2_age",0.7,0.73574228642413,1
1,1.75,0.5,6,"ASC2_income",0,-0.54436059101598,1
1,1.75,0.5,6,"ASC2_child",0,0.166111729256601,0
1,1.75,0.5,6,"ASC3_male",0,-0.0633691022983694,0
1,1.75,0.5,6,"ASC3_age",0,0.0165297912478757,0
1,1.75,0.5,6,"ASC3_income",0,-0.442633000881881,0
1,1.75,0.5,6,"ASC3_child",1.2,0.935099280985642,1
1,1.75,0.5,6,"prot25_male",-0.4,0.343787030666184,0
1,1.75,0.5,6,"prot25_age",-0.3,-0.564373350297237,1
1,1.75,0.5,6,"prot25_income",0,0.45511441188428,0
1,1.75,0.5,6,"prot25_child",0,-0.339736955900514,0
1,1.75,0.5,6,"prot50_male",0,0.356687888577427,0
1,1.75,0.5,6,"prot50_age",-1.1,-1.01064410208038,1
1,1.75,0.5,6,"prot50_income",-0.2,0.299400283524964,0
1,1.75,0.5,6,"prot50_child",-0.2,-0.643052247501543,1
1,1.75,0.5,6,"invasive_male",0,-0.565382986283397,1
1,1.75,0.5,6,"invasive_age",1,0.34070248973429,0
1,1.75,0.5,6,"invasive_income",0,-0.0956770620197005,0
1,1.75,0.5,6,"invasive_child",0.9,0.407527413579834,0
1,1.75,0.5,7,"ASC2_male",0.8,-0.356199611185272,0
1,1.75,0.5,7,"ASC2_age",0,0.243331567666886,0
1,1.75,0.5,7,"ASC2_income",0,-0.119238053600852,0
1,1.75,0.5,7,"ASC2_child",1.2,1.10553131380867,1
1,1.75,0.5,7,"ASC3_male",-0.7,-0.844175452508886,1
1,1.75,0.5,7,"ASC3_age",0,0.377533416548678,0
1,1.75,0.5,7,"ASC3_income",0,-0.133086499701381,0
1,1.75,0.5,7,"ASC3_child",-1,-0.295468425181005,0
1,1.75,0.5,7,"prot25_male",1.2,0.550689175528115,1
1,1.75,0.5,7,"prot25_age",0.8,0.114264918559762,0
1,1.75,0.5,7,"prot25_income",0,0.142515220973469,0
1,1.75,0.5,7,"prot25_child",0.7,-0.00461969003227702,0
1,1.75,0.5,7,"prot50_male",0,-0.0808111682842883,0
1,1.75,0.5,7,"prot50_age",-0.4,-0.850184197967231,1
1,1.75,0.5,7,"prot50_income",0,0.243164797574811,0
1,1.75,0.5,7,"prot50_child",0.6,-0.45058579818248,0
1,1.75,0.5,7,"invasive_male",0,0.39580217622235,0
1,1.75,0.5,7,"invasive_age",0,-0.403209115474473,0
1,1.75,0.5,7,"invasive_income",1.1,0.8188277825201,1
1,1.75,0.5,7,"invasive_child",0,-0.644284108754413,1
1,1.75,0.5,8,"ASC2_male",0,-0.551566995374474,1
1,1.75,0.5,8,"ASC2_age",-1.2,-0.116521265048136,0
1,1.75,0.5,8,"ASC2_income",0,0.0816863860485716,0
1,1.75,0.5,8,"ASC2_child",0,-0.690351107101446,1
1,1.75,0.5,8,"ASC3_male",-0.3,-0.830549162536839,1
1,1.75,0.5,8,"ASC3_age",0.9,1.2657065534737,1
1,1.75,0.5,8,"ASC3_income",0,0.0192003204886143,0
1,1.75,0.5,8,"ASC3_child",1.2,0.130167341447748,0
1,1.75,0.5,8,"prot25_male",0,0.204892752358129,0
1,1.75,0.5,8,"prot25_age",-0.2,0.0710833377576513,0
1,1.75,0.5,8,"prot25_income",0,0.193586088135423,0
1,1.75,0.5,8,"prot25_child",1.1,0.955476024818028,1
1,1.75,0.5,8,"prot50_male",1.1,0.758454892140937,1
1,1.75,0.5,8,"prot50_age",0,-0.049370074010668,0
1,1.75,0.5,8,"prot50_income",-0.2,-0.114016159775818,0
1,1.75,0.5,8,"prot50_child",0,0.467885650088218,0
1,1.75,0.5,8,"invasive_male",0,-0.128066486930276,0
1,1.75,0.5,8,"invasive_age",0.7,0.517151365427939,1
1,1.75,0.5,8,"invasive_income",0.3,0.0712385509197462,0
1,1.75,0.5,8,"invasive_child",0,-0.0461734145558632,0
1,1.75,0.5,9,"ASC2_male",1,1.44318496059368,1
1,1.75,0.5,9,"ASC2_age",0,-0.161515024394645,0
1,1.75,0.5,9,"ASC2_income",0,0.114531233089571,0
1,1.75,0.5,9,"ASC2_child",-1.2,-1.27781177891818,1
1,1.75,0.5,9,"ASC3_male",0.9,0.923610514288649,1
1,1.75,0.5,9,"ASC3_age",-0.6,-0.526512476061269,1
1,1.75,0.5,9,"ASC3_income",0,0.37519673827015,0
1,1.75,0.5,9,"ASC3_child",-0.9,-1.10599721015055,1
1,1.75,0.5,9,"prot25_male",-0.3,-0.437129480572854,0
1,1.75,0.5,9,"prot25_age",0,0.0128838817510873,0
1,1.75,0.5,9,"prot25_income",0,-0.118628950653231,0
1,1.75,0.5,9,"prot25_child",0,0.668860477843713,1
1,1.75,0.5,9,"prot50_male",-0.2,-0.265353348443911,0
1,1.75,0.5,9,"prot50_age",0.6,0.923781009546325,1
1,1.75,0.5,9,"prot50_income",-0.7,-0.812373583704628,1
1,1.75,0.5,9,"prot50_child",0,0.758797079579537,1
1,1.75,0.5,9,"invasive_male",0,0.0622586785501011,0
1,1.75,0.5,9,"invasive_age",0,0.350909642794074,0
1,1.75,0.5,9,"invasive_income",-0.7,-0.305906813706438,0
1,1.75,0.5,9,"invasive_child",0,0.0349031934070314,0
1,1.75,0.5,10,"ASC2_male",0.9,0.0788220485396993,0
1,1.75,0.5,10,"ASC2_age",0,-0.350956244259522,0
1,1.75,0.5,10,"ASC2_income",1.2,0.944800565185903,1
1,1.75,0.5,10,"ASC2_child",-0.8,-1.69076555522081,1
1,1.75,0.5,10,"ASC3_male",0.4,-0.353879709349054,0
1,1.75,0.5,10,"ASC3_age",-0.4,-0.452217205639947,0
1,1.75,0.5,10,"ASC3_income",0,0.560217928067004,1
1,1.75,0.5,10,"ASC3_child",0,-1.03008818759219,1
1,1.75,0.5,10,"prot25_male",1,0.591086011796632,1
1,1.75,0.5,10,"prot25_age",0,0.0890917271398426,0
1,1.75,0.5,10,"prot25_income",0,0.241960407819197,0
1,1.75,0.5,10,"prot25_child",0,0.0736143673876679,0
1,1.75,0.5,10,"prot50_male",0.4,-0.157067467108797,0
1,1.75,0.5,10,"prot50_age",0,0.242926495848123,0
1,1.75,0.5,10,"prot50_income",0,0.127219508181732,0
1,1.75,0.5,10,"prot50_child",0.7,1.04840887792596,1
1,1.75,0.5,10,"invasive_male",0,-0.582256764047594,1
1,1.75,0.5,10,"invasive_age",0.6,0.528957927876688,1
1,1.75,0.5,10,"invasive_income",0,0.229520628162926,0
1,1.75,0.5,10,"invasive_child",-0.7,-0.288915175604678,0
1,1.75,0.5,11,"ASC2_male",1.1,0.0235764734722445,0
1,1.75,0.5,11,"ASC2_age",-0.5,-0.115069521366738,0
1,1.75,0.5,11,"ASC2_income",0,-0.443253559624826,0
1,1.75,0.5,11,"ASC2_child",-0.5,0.683863841631006,1
1,1.75,0.5,11,"ASC3_male",0,-0.129864138421196,0
1,1.75,0.5,11,"ASC3_age",0,-0.0997029141778122,0
1,1.75,0.5,11,"ASC3_income",-0.7,-1.31314123345198,1
1,1.75,0.5,11,"ASC3_child",0,0.327212106710277,0
1,1.75,0.5,11,"prot25_male",0,0.656299554593665,1
1,1.75,0.5,11,"prot25_age",0.7,0.615043253976398,1
1,1.75,0.5,11,"prot25_income",0,0.135653747330058,0
1,1.75,0.5,11,"prot25_child",0,-0.547507849540741,1
1,1.75,0.5,11,"prot50_male",-1,0.0655770467861271,0
1,1.75,0.5,11,"prot50_age",0.7,0.638163956865588,1
1,1.75,0.5,11,"prot50_income",0.1,0.418032017518875,0
1,1.75,0.5,11,"prot50_child",1.2,0.658832887545856,1
1,1.75,0.5,11,"invasive_male",0,-0.061440034751919,0
1,1.75,0.5,11,"invasive_age",0,0.103011826228976,0
1,1.75,0.5,11,"invasive_income",-0.2,-0.323008142688237,0
1,1.75,0.5,11,"invasive_child",0,-0.208825989739418,0
1,1.75,0.5,12,"ASC2_male",0,0.395442787619437,0
1,1.75,0.5,12,"ASC2_age",0.8,0.711566247079193,1
1,1.75,0.5,12,"ASC2_income",0,-0.924376728847281,1
1,1.75,0.5,12,"ASC2_child",0,0.147757520682162,0
1,1.75,0.5,12,"ASC3_male",0.6,0.222448373717488,0
1,1.75,0.5,12,"ASC3_age",0.2,0.384679581690446,0
1,1.75,0.5,12,"ASC3_income",0,-1.07134156370997,1
1,1.75,0.5,12,"ASC3_child",0,-0.447401154499107,0
1,1.75,0.5,12,"prot25_male",0,-0.261178051847397,0
1,1.75,0.5,12,"prot25_age",-0.9,-0.748993301603214,1
1,1.75,0.5,12,"prot25_income",0,0.697265099462125,1
1,1.75,0.5,12,"prot25_child",0.2,0.0955949621634546,0
1,1.75,0.5,12,"prot50_male",-0.7,-0.748167302976084,1
1,1.75,0.5,12,"prot50_age",-0.6,-0.464836286038157,0
1,1.75,0.5,12,"prot50_income",0,0.92887849469649,1
1,1.75,0.5,12,"prot50_child",0,-0.313781036975258,0
1,1.75,0.5,12,"invasive_male",-0.7,-0.8549309185953,1
1,1.75,0.5,12,"invasive_age",-1.2,-0.693211018552854,1
1,1.75,0.5,12,"invasive_income",-1.1,-0.81236104464626,1
1,1.75,0.5,12,"invasive_child",0,-0.236375633278492,0
1,1.75,0.5,13,"ASC2_male",-0.7,-1.58770743615074,1
1,1.75,0.5,13,"ASC2_age",-0.3,-0.318959292455455,0
1,1.75,0.5,13,"ASC2_income",0,-0.0822179038099901,0
1,1.75,0.5,13,"ASC2_child",0,-0.397546805238749,0
1,1.75,0.5,13,"ASC3_male",0,-1.09930300022292,1
1,1.75,0.5,13,"ASC3_age",0,-0.260408677288642,0
1,1.75,0.5,13,"ASC3_income",0,-0.0936946808889739,0
1,1.75,0.5,13,"ASC3_child",-1.1,-1.37220333224208,1
1,1.75,0.5,13,"prot25_male",-0.5,0.35628290876715,0
1,1.75,0.5,13,"prot25_age",0,0.532749554386755,1
1,1.75,0.5,13,"prot25_income",0.3,0.0612945512506928,0
1,1.75,0.5,13,"prot25_child",-0.3,0.659504372020602,1
1,1.75,0.5,13,"prot50_male",0.9,1.4821721088935,1
1,1.75,0.5,13,"prot50_age",1,1.04674585002612,1
1,1.75,0.5,13,"prot50_income",-0.5,-0.41005319000092,0
1,1.75,0.5,13,"prot50_child",0,1.01162452189444,1
1,1.75,0.5,13,"invasive_male",0,-0.440064583153464,0
1,1.75,0.5,13,"invasive_age",0,0.406098992717098,0
1,1.75,0.5,13,"invasive_income",1,0.518255706592459,1
1,1.75,0.5,13,"invasive_child",0,-0.308158717853259,0
1,1.75,0.5,14,"ASC2_male",0.7,0.402566042829692,0
1,1.75,0.5,14,"ASC2_age",0,0.192142465759174,0
1,1.75,0.5,14,"ASC2_income",0,0.598230268292595,1
1,1.75,0.5,14,"ASC2_child",-1.2,-0.0128951214935381,0
1,1.75,0.5,14,"ASC3_male",-1.1,-1.35101648707898,1
1,1.75,0.5,14,"ASC3_age",0,0.577597411762582,1
1,1.75,0.5,14,"ASC3_income",0,0.296220661092525,0
1,1.75,0.5,14,"ASC3_child",0,0.767170460969984,1
1,1.75,0.5,14,"prot25_male",0,0.80731487218771,1
1,1.75,0.5,14,"prot25_age",-0.2,-0.483978386296,0
1,1.75,0.5,14,"prot25_income",-1,-0.655152174489576,1
1,1.75,0.5,14,"prot25_child",-0.2,-0.449333107416756,0
1,1.75,0.5,14,"prot50_male",0,-0.253853831746014,0
1,1.75,0.5,14,"prot50_age",-1,-1.01871381785428,1
1,1.75,0.5,14,"prot50_income",1,0.798111352561332,1
1,1.75,0.5,14,"prot50_child",0,0.0982920660405162,0
1,1.75,0.5,14,"invasive_male",0,0.27704399578462,0
1,1.75,0.5,14,"invasive_age",0.6,0.672432720960782,1
1,1.75,0.5,14,"invasive_income",0.2,0.125852998427488,0
1,1.75,0.5,14,"invasive_child",0,0.336256732239988,0
1,1.75,0.5,15,"ASC2_male",-0.1,0.668631333737961,1
1,1.75,0.5,15,"ASC2_age",-0.6,-0.576610480583465,1
1,1.75,0.5,15,"ASC2_income",0.3,0.523168916517613,1
1,1.75,0.5,15,"ASC2_child",0,0.859351250879476,1
1,1.75,0.5,15,"ASC3_male",0,0.741472408603415,1
1,1.75,0.5,15,"ASC3_age",0,-0.0584714093723636,0
1,1.75,0.5,15,"ASC3_income",1.1,0.867451798340019,1
1,1.75,0.5,15,"ASC3_child",1.2,1.05156994095916,1
1,1.75,0.5,15,"prot25_male",0,-0.348022224107352,0
1,1.75,0.5,15,"prot25_age",0,-0.0910357837522161,0
1,1.75,0.5,15,"prot25_income",0,-0.46776074611355,0
1,1.75,0.5,15,"prot25_child",0.8,0.163649498062064,0
1,1.75,0.5,15,"prot50_male",0,-0.737984646608087,1
1,1.75,0.5,15,"prot50_age",0.8,0.559700669048564,1
1,1.75,0.5,15,"prot50_income",0.2,-0.303388264424804,0
1,1.75,0.5,15,"prot50_child",0,-0.79021924116987,1
1,1.75,0.5,15,"invasive_male",0,0.393940895951921,0
1,1.75,0.5,15,"invasive_age",-1.2,-0.8937146582283,1
1,1.75,0.5,15,"invasive_income",0,0.0202148650193865,0
1,1.75,0.5,15,"invasive_child",0.9,0.0947207135943314,0
1,1.75,0.5,16,"ASC2_male",1,1.21699654672603,1
1,1.75,0.5,16,"ASC2_age",1,0.543302750431925,1
1,1.75,0.5,16,"ASC2_income",0,0.00430666687249424,0
1,1.75,0.5,16,"ASC2_child",0,-1.78521661758697,1
1,1.75,0.5,16,"ASC3_male",0.7,1.11472611806998,1
1,1.75,0.5,16,"ASC3_age",0,0.00487957346464137,0
1,1.75,0.5,16,"ASC3_income",0,-0.268210022633714,0
1,1.75,0.5,16,"ASC3_child",-1,-2.51674265928922,1
1,1.75,0.5,16,"prot25_male",0,-0.875378599253656,1
1,1.75,0.5,16,"prot25_age",0.2,0.437647721509567,0
1,1.75,0.5,16,"prot25_income",0,0.0435821767175085,0
1,1.75,0.5,16,"prot25_child",0,1.50959717779846,1
1,1.75,0.5,16,"prot50_male",0.9,0.180424245182333,0
1,1.75,0.5,16,"prot50_age",0.5,0.555033232621492,1
1,1.75,0.5,16,"prot50_income",0,0.0658929136373235,0
1,1.75,0.5,16,"prot50_child",-0.3,0.621721166943676,1
1,1.75,0.5,16,"invasive_male",-0.4,0.226572567533194,0
1,1.75,0.5,16,"invasive_age",0,-0.0821779101313981,0
1,1.75,0.5,16,"invasive_income",0.2,0.0479114349134036,0
1,1.75,0.5,16,"invasive_child",0,-0.767805363991957,1
1,1.75,0.5,17,"ASC2_male",0.6,0.433589503402384,0
1,1.75,0.5,17,"ASC2_age",-1,-0.926790913091227,1
1,1.75,0.5,17,"ASC2_income",1,0.718841048469376,1
1,1.75,0.5,17,"ASC2_child",0.8,0.133275042309477,0
1,1.75,0.5,17,"ASC3_male",0,0.178122712870137,0
1,1.75,0.5,17,"ASC3_age",0,-0.220759107001264,0
1,1.75,0.5,17,"ASC3_income",0.7,0.619253398873081,1
1,1.75,0.5,17,"ASC3_child",-0.4,-0.839363358240933,1
1,1.75,0.5,17,"prot25_male",0,-0.441938044125901,0
1,1.75,0.5,17,"prot25_age",0,-0.0123705362360062,0
1,1.75,0.5,17,"prot25_income",0,-0.36928952680883,0
1,1.75,0.5,17,"prot25_child",-0.7,-1.00090151780367,1
1,1.75,0.5,17,"prot50_male",0,-0.299271397181786,0
1,1.75,0.5,17,"prot50_age",0,0.0738585809695985,0
1,1.75,0.5,17,"prot50_income",0.4,-0.119472270490371,0
1,1.75,0.5,17,"prot50_child",-1.1,-0.936661617512052,1
1,1.75,0.5,17,"invasive_male",0,-0.0494530984510557,0
1,1.75,0.5,17,"invasive_age",0,-0.213146606580974,0
1,1.75,0.5,17,"invasive_income",0,-0.15949634592641,0
1,1.75,0.5,17,"invasive_child",0.8,0.208043056700012,0
1,1.75,0.5,18,"ASC2_male",0,-0.853844652983059,1
1,1.75,0.5,18,"ASC2_age",0,0.705836624325354,1
1,1.75,0.5,18,"ASC2_income",0.2,0.162139500560175,0
1,1.75,0.5,18,"ASC2_child",0,0.39775879125748,0
1,1.75,0.5,18,"ASC3_male",0.3,-0.0436847269071814,0
1,1.75,0.5,18,"ASC3_age",0,0.393770845193984,0
1,1.75,0.5,18,"ASC3_income",0.7,0.503680561142917,1
1,1.75,0.5,18,"ASC3_child",0,0.00104025582781851,0
1,1.75,0.5,18,"prot25_male",0,-0.0838800282752423,0
1,1.75,0.5,18,"prot25_age",0.2,-0.53527913839935,1
1,1.75,0.5,18,"prot25_income",0,0.28749659991991,0
1,1.75,0.5,18,"prot25_child",0.9,0.399552378702585,0
1,1.75,0.5,18,"prot50_male",-0.9,0.131399827886329,0
1,1.75,0.5,18,"prot50_age",0,-0.825496244154974,1
1,1.75,0.5,18,"prot50_income",0,0.147144821235645,0
1,1.75,0.5,18,"prot50_child",0,-0.430528558270332,0
1,1.75,0.5,18,"invasive_male",-0.9,-1.67335150352429,1
1,1.75,0.5,18,"invasive_age",0.1,-0.0856218641092275,0
1,1.75,0.5,18,"invasive_income",-0.5,-0.363386844105372,0
1,1.75,0.5,18,"invasive_child",-0.2,-0.347004301709732,0
1,1.75,0.5,19,"ASC2_male",0,-0.301249548548171,0
1,1.75,0.5,19,"ASC2_age",1.2,0.797637054421759,1
1,1.75,0.5,19,"ASC2_income",0,-0.017402173082437,0
1,1.75,0.5,19,"ASC2_child",0,0.129031731965746,0
1,1.75,0.5,19,"ASC3_male",0.1,0.157185494798572,0
1,1.75,0.5,19,"ASC3_age",0,-0.155980114778496,0
1,1.75,0.5,19,"ASC3_income",0.7,0.438730301709532,0
1,1.75,0.5,19,"ASC3_child",0,0.186407659749349,0
1,1.75,0.5,19,"prot25_male",0,0.253001937913584,0
1,1.75,0.5,19,"prot25_age",0.2,0.222686040416158,0
1,1.75,0.5,19,"prot25_income",-0.1,0.0632663639147212,0
1,1.75,0.5,19,"prot25_child",0.6,0.0540195967605224,0
1,1.75,0.5,19,"prot50_male",0.4,0.324704458184762,0
1,1.75,0.5,19,"prot50_age",0,0.388619810742493,0
1,1.75,0.5,19,"prot50_income",0,-0.379248251437906,0
1,1.75,0.5,19,"prot50_child",0,0.657838689896086,1
1,1.75,0.5,19,"invasive_male",0.6,0.256882680346292,0
1,1.75,0.5,19,"invasive_age",0,0.246386237805488,0
1,1.75,0.5,19,"invasive_income",0.2,-0.12806670436141,0
1,1.75,0.5,19,"invasive_child",-0.8,-0.288780200573863,0
1,1.75,0.5,20,"ASC2_male",-1,-0.779342768733841,1
1,1.75,0.5,20,"ASC2_age",1,0.058744371816242,0
1,1.75,0.5,20,"ASC2_income",-0.8,0.166118704335648,0
1,1.75,0.5,20,"ASC2_child",0,0.378431087720255,0
1,1.75,0.5,20,"ASC3_male",0,0.182659615111444,0
1,1.75,0.5,20,"ASC3_age",0,-0.405279172168299,0
1,1.75,0.5,20,"ASC3_income",0,0.232487219943787,0
1,1.75,0.5,20,"ASC3_child",0,0.326288441325653,0
1,1.75,0.5,20,"prot25_male",0,0.032689033617057,0
1,1.75,0.5,20,"prot25_age",0,0.472081279739415,0
1,1.75,0.5,20,"prot25_income",0.3,-0.237260206223532,0
1,1.75,0.5,20,"prot25_child",0.3,0.208556231461852,0
1,1.75,0.5,20,"prot50_male",0.4,0.474623176161236,0
1,1.75,0.5,20,"prot50_age",-0.9,-0.163740552180088,0
1,1.75,0.5,20,"prot50_income",-1.1,-1.06217429514149,1
1,1.75,0.5,20,"prot50_child",0,0.336447854610409,0
1,1.75,0.5,20,"invasive_male",0,0.0167524181734096,0
1,1.75,0.5,20,"invasive_age",-0.3,-0.48703665087998,0
1,1.75,0.5,20,"invasive_income",-0.7,-0.304562555369426,0
1,1.75,0.5,20,"invasive_child",0,0.53147166873903,1
1,1.75,0.5,21,"ASC2_male",-0.1,-0.368411055771788,0
1,1.75,0.5,21,"ASC2_age",0,0.0260005477377902,0
1,1.75,0.5,21,"ASC2_income",0,-0.356957396473216,0
1,1.75,0.5,21,"ASC2_child",0.4,1.06144797842352,1
1,1.75,0.5,21,"ASC3_male",0,-0.607041277712573,1
1,1.75,0.5,21,"ASC3_age",-0.8,-0.442703143653546,0
1,1.75,0.5,21,"ASC3_income",0,-0.32750754801486,0
1,1.75,0.5,21,"ASC3_child",-0.3,0.50644389137333,1
1,1.75,0.5,21,"prot25_male",-0.8,-0.0122773965790489,0
1,1.75,0.5,21,"prot25_age",-0.4,-0.37946789615822,0
1,1.75,0.5,21,"prot25_income",0,0.388478701053402,0
1,1.75,0.5,21,"prot25_child",-0.3,-0.485461801993853,0
1,1.75,0.5,21,"prot50_male",0.5,0.685134113471673,1
1,1.75,0.5,21,"prot50_age",0,-0.278188991386059,0
1,1.75,0.5,21,"prot50_income",0,-0.165207773554974,0
1,1.75,0.5,21,"prot50_child",0.1,-0.756688464296182,1
1,1.75,0.5,21,"invasive_male",0,-0.568641965158714,1
1,1.75,0.5,21,"invasive_age",-0.3,-0.0157387068017207,0
1,1.75,0.5,21,"invasive_income",0,-0.436307336736269,0
1,1.75,0.5,21,"invasive_child",0,0.00654081128690517,0
1,1.75,0.5,22,"ASC2_male",0.9,0.270911015969432,0
1,1.75,0.5,22,"ASC2_age",0,-0.432511703303296,0
1,1.75,0.5,22,"ASC2_income",0,0.595712268270425,1
1,1.75,0.5,22,"ASC2_child",-0.7,-0.420032675793154,0
1,1.75,0.5,22,"ASC3_male",-0.7,-0.934959098190204,1
1,1.75,0.5,22,"ASC3_age",0,-0.409810572376243,0
1,1.75,0.5,22,"ASC3_income",0,0.552598981866897,1
1,1.75,0.5,22,"ASC3_child",0,0.138766484187597,0
1,1.75,0.5,22,"prot25_male",0,-0.52162731337079,1
1,1.75,0.5,22,"prot25_age",-0.2,0.218716278832857,0
1,1.75,0.5,22,"prot25_income",0.4,0.0600410195126395,0
1,1.75,0.5,22,"prot25_child",0,0.476892430499044,0
1,1.75,0.5,22,"prot50_male",0.4,0.144906006368938,0
1,1.75,0.5,22,"prot50_age",-1,-0.800295768646336,1
1,1.75,0.5,22,"prot50_income",0,-0.0845636103368365,0
1,1.75,0.5,22,"prot50_child",0.9,0.464715629642259,0
1,1.75,0.5,22,"invasive_male",0,0.168869734949558,0
1,1.75,0.5,22,"invasive_age",-0.8,-0.458944408271098,0
1,1.75,0.5,22,"invasive_income",0,0.104485911677876,0
1,1.75,0.5,22,"invasive_child",-0.1,-0.0901466497933318,0
1,1.75,0.5,23,"ASC2_male",-0.1,-0.340829677268971,0
1,1.75,0.5,23,"ASC2_age",-0.3,-0.073126812823091,0
1,1.75,0.5,23,"ASC2_income",0,-0.335649864484454,0
1,1.75,0.5,23,"ASC2_child",0,0.50881594111264,1
1,1.75,0.5,23,"ASC3_male",-0.9,-0.293636722482608,0
1,1.75,0.5,23,"ASC3_age",0,0.0624962189250167,0
1,1.75,0.5,23,"ASC3_income",0,-0.514334505289716,1
1,1.75,0.5,23,"ASC3_child",1,0.940859080772676,1
1,1.75,0.5,23,"prot25_male",0,-0.12341917489015,0
1,1.75,0.5,23,"prot25_age",0,-0.192276826698083,0
1,1.75,0.5,23,"prot25_income",0,0.358437504907296,0
1,1.75,0.5,23,"prot25_child",-1.1,-0.98904677805703,1
1,1.75,0.5,23,"prot50_male",-1.1,-0.708677101208724,1
1,1.75,0.5,23,"prot50_age",-0.8,-0.973111310786774,1
1,1.75,0.5,23,"prot50_income",0,0.0444693661105788,0
1,1.75,0.5,23,"prot50_child",0,-0.552368494822102,1
1,1.75,0.5,23,"invasive_male",-0.4,-0.237651081855083,0
1,1.75,0.5,23,"invasive_age",-0.4,-0.293380748211562,0
1,1.75,0.5,23,"invasive_income",0.8,0.263698584663288,0
1,1.75,0.5,23,"invasive_child",0,0.158363885552398,0
1,1.75,0.5,24,"ASC2_male",0.6,0.143592702604755,0
1,1.75,0.5,24,"ASC2_age",-1.1,-0.660371680683379,1
1,1.75,0.5,24,"ASC2_income",0,-0.0759737096325722,0
1,1.75,0.5,24,"ASC2_child",0,0.0881600937943069,0
1,1.75,0.5,24,"ASC3_male",0,-0.251015909739761,0
1,1.75,0.5,24,"ASC3_age",0,0.078729444641377,0
1,1.75,0.5,24,"ASC3_income",-0.6,-0.125730718954544,0
1,1.75,0.5,24,"ASC3_child",0.4,-0.342821871092925,0
1,1.75,0.5,24,"prot25_male",-0.3,-0.357566330017573,0
1,1.75,0.5,24,"prot25_age",0,-0.0750165489262904,0
1,1.75,0.5,24,"prot25_income",0,-0.0785849159971753,0
1,1.75,0.5,24,"prot25_child",-0.4,0.563744403692467,1
1,1.75,0.5,24,"prot50_male",0,-1.02110905617991,1
1,1.75,0.5,24,"prot50_age",0,0.429554986859761,0
1,1.75,0.5,24,"prot50_income",-0.5,-0.39830534204837,0
1,1.75,0.5,24,"prot50_child",0,0.4548987942041,0
1,1.75,0.5,24,"invasive_male",0.9,0.78355858956616,1
1,1.75,0.5,24,"invasive_age",-0.7,-0.450196859799916,0
1,1.75,0.5,24,"invasive_income",1.2,1.00713809239734,1
1,1.75,0.5,24,"invasive_child",0,0.489052330982406,0
1,1.75,0.5,25,"ASC2_male",-0.8,-0.536449677495532,1
1,1.75,0.5,25,"ASC2_age",1,0.842848387429357,1
1,1.75,0.5,25,"ASC2_income",0,-0.104213297314209,0
1,1.75,0.5,25,"ASC2_child",0,0.337887062415322,0
1,1.75,0.5,25,"ASC3_male",0.9,0.911224341009818,1
1,1.75,0.5,25,"ASC3_age",0,0.490177136695167,0
1,1.75,0.5,25,"ASC3_income",-0.7,-0.509430113247245,1
1,1.75,0.5,25,"ASC3_child",-0.9,0.191289371233508,0
1,1.75,0.5,25,"prot25_male",0,-0.0536183841839785,0
1,1.75,0.5,25,"prot25_age",0,-0.00384507043884036,0
1,1.75,0.5,25,"prot25_income",-0.9,-0.40141143241415,0
1,1.75,0.5,25,"prot25_child",0,-0.722650561307059,1
1,1.75,0.5,25,"prot50_male",0,-0.178274788585582,0
1,1.75,0.5,25,"prot50_age",0,0.0632050736742442,0
1,1.75,0.5,25,"prot50_income",0.3,0.133540654938879,0
1,1.75,0.5,25,"prot50_child",0,-0.363277517469196,0
1,1.75,0.5,25,"invasive_male",-1.2,-0.371537731213339,0
1,1.75,0.5,25,"invasive_age",0.2,0.366185168245246,0
1,1.75,0.5,25,"invasive_income",0,0.0460049922038104,0
1,1.75,0.5,25,"invasive_child",-0.3,0.280004836440604,0
1,1.75,0.5,26,"ASC2_male",0,0.416993510415093,0
1,1.75,0.5,26,"ASC2_age",0,-0.42519071713393,0
1,1.75,0.5,26,"ASC2_income",-0.2,-0.052884250407524,0
1,1.75,0.5,26,"ASC2_child",0,-0.396837652407137,0
1,1.75,0.5,26,"ASC3_male",0.2,0.523864392667512,1
1,1.75,0.5,26,"ASC3_age",0,-0.415030651037999,0
1,1.75,0.5,26,"ASC3_income",-0.6,-0.517470458564343,1
1,1.75,0.5,26,"ASC3_child",-0.4,-0.425912897233541,0
1,1.75,0.5,26,"prot25_male",0,0.0527199106306202,0
1,1.75,0.5,26,"prot25_age",0.3,0.0675591681058305,0
1,1.75,0.5,26,"prot25_income",-1.1,-1.08673371685875,1
1,1.75,0.5,26,"prot25_child",0.6,-0.00619060978362839,0
1,1.75,0.5,26,"prot50_male",0,0.191301780706501,0
1,1.75,0.5,26,"prot50_age",1.2,0.815008617347925,1
1,1.75,0.5,26,"prot50_income",0,-0.10613474585815,0
1,1.75,0.5,26,"prot50_child",-0.3,-0.0315603030709554,0
1,1.75,0.5,26,"invasive_male",0,0.478119968538811,0
1,1.75,0.5,26,"invasive_age",0,0.124039281957557,0
1,1.75,0.5,26,"invasive_income",0,-0.167730534277351,0
1,1.75,0.5,26,"invasive_child",0.9,0.744446033094003,1
1,1.75,0.5,27,"ASC2_male",0.2,0.829189158998423,1
1,1.75,0.5,27,"ASC2_age",-0.9,-0.788080942920145,1
1,1.75,0.5,27,"ASC2_income",0.7,0.102991979535902,0
1,1.75,0.5,27,"ASC2_child",0,-0.800577953921973,1
1,1.75,0.5,27,"ASC3_male",0,0.428540686906868,0
1,1.75,0.5,27,"ASC3_age",0,-0.0642626980222051,0
1,1.75,0.5,27,"ASC3_income",0.5,-0.469665789156103,0
1,1.75,0.5,27,"ASC3_child",-0.7,-1.4169305003607,1
1,1.75,0.5,27,"prot25_male",0.8,0.19275532570736,0
1,1.75,0.5,27,"prot25_age",0,-0.22011380918619,0
1,1.75,0.5,27,"prot25_income",0,0.500340608725636,1
1,1.75,0.5,27,"prot25_child",0,0.418985286246894,0
1,1.75,0.5,27,"prot50_male",0,-0.33634767919317,0
1,1.75,0.5,27,"prot50_age",0.7,-0.0254329690767275,0
1,1.75,0.5,27,"prot50_income",0,0.511471835894507,1
1,1.75,0.5,27,"prot50_child",-1,-0.567947179689332,1
1,1.75,0.5,27,"invasive_male",0,0.539568546290321,1
1,1.75,0.5,27,"invasive_age",0,-0.382492719205827,0
1,1.75,0.5,27,"invasive_income",1,0.532004849445969,1
1,1.75,0.5,27,"invasive_child",0.9,-0.584986111149389,1
1,1.75,0.5,28,"ASC2_male",0,-0.376077057976372,0
1,1.75,0.5,28,"ASC2_age",0,0.135256103755652,0
1,1.75,0.5,28,"ASC2_income",0,-0.0324715636623335,0
1,1.75,0.5,28,"ASC2_child",-0.9,0.245564916389635,0
1,1.75,0.5,28,"ASC3_male",-0.9,-0.707124497498396,1
1,1.75,0.5,28,"ASC3_age",-0.3,0.0600517333678477,0
1,1.75,0.5,28,"ASC3_income",0,0.0451092182242842,0
1,1.75,0.5,28,"ASC3_child",0,0.400375214992008,0
1,1.75,0.5,28,"prot25_male",-0.7,-0.150237072122672,0
1,1.75,0.5,28,"prot25_age",-0.3,-0.346053258138101,0
1,1.75,0.5,28,"prot25_income",0,-0.289300255079693,0
1,1.75,0.5,28,"prot25_child",0,-0.506534816596416,1
1,1.75,0.5,28,"prot50_male",-0.3,-0.844070811740533,1
1,1.75,0.5,28,"prot50_age",0.2,-0.0725161210426653,0
1,1.75,0.5,28,"prot50_income",0,-0.155930496926414,0
1,1.75,0.5,28,"prot50_child",0,-0.349232733039956,0
1,1.75,0.5,28,"invasive_male",0.5,-0.15112631889236,0
1,1.75,0.5,28,"invasive_age",0,-0.0141235108398858,0
1,1.75,0.5,28,"invasive_income",-1,-0.699443412185325,1
1,1.75,0.5,28,"invasive_child",0.6,0.894974566625145,1
1,1.75,0.5,29,"ASC2_male",0.3,-0.41380846050072,0
1,1.75,0.5,29,"ASC2_age",0.9,0.151664806477392,0
1,1.75,0.5,29,"ASC2_income",1.2,0.445854425365473,0
1,1.75,0.5,29,"ASC2_child",0.5,0.894325328918707,1
1,1.75,0.5,29,"ASC3_male",1.1,-0.0274371140541691,0
1,1.75,0.5,29,"ASC3_age",0,-0.479493973156968,0
1,1.75,0.5,29,"ASC3_income",0,-0.231885642967529,0
1,1.75,0.5,29,"ASC3_child",0.1,0.36868869976938,0
1,1.75,0.5,29,"prot25_male",-1.1,-1.58962685216294,1
1,1.75,0.5,29,"prot25_age",0,0.382020307865004,0
1,1.75,0.5,29,"prot25_income",0,0.455522819115927,0
1,1.75,0.5,29,"prot25_child",-0.5,0.145841685258088,0
1,1.75,0.5,29,"prot50_male",0,-0.164743320365083,0
1,1.75,0.5,29,"prot50_age",-0.9,-0.582247353751864,1
1,1.75,0.5,29,"prot50_income",-0.8,-0.428350118042461,0
1,1.75,0.5,29,"prot50_child",0,0.0582138979038421,0
1,1.75,0.5,29,"invasive_male",0,0.412900586651833,0
1,1.75,0.5,29,"invasive_age",0,-0.314195560983683,0
1,1.75,0.5,29,"invasive_income",0,-0.259483099777521,0
1,1.75,0.5,29,"invasive_child",0,-0.304455271659243,0
1,1.75,0.5,30,"ASC2_male",0.4,0.0467456608580841,0
1,1.75,0.5,30,"ASC2_age",0,0.110533077412985,0
1,1.75,0.5,30,"ASC2_income",0,0.612196346359688,1
1,1.75,0.5,30,"ASC2_child",0.7,-0.436506141010123,0
1,1.75,0.5,30,"ASC3_male",1.1,0.706106045751806,1
1,1.75,0.5,30,"ASC3_age",0,0.265007365885032,0
1,1.75,0.5,30,"ASC3_income",0.4,0.871754978259827,1
1,1.75,0.5,30,"ASC3_child",0.9,-0.169090941395454,0
1,1.75,0.5,30,"prot25_male",-0.2,-0.279523086112603,0
1,1.75,0.5,30,"prot25_age",0.1,-0.153012374087797,0
1,1.75,0.5,30,"prot25_income",0.3,0.151962133461088,0
1,1.75,0.5,30,"prot25_child",0,0.624500466573966,1
1,1.75,0.5,30,"prot50_male",0,-0.457769797110824,0
1,1.75,0.5,30,"prot50_age",0,0.0961170581380531,0
1,1.75,0.5,30,"prot50_income",0,-0.708853268922032,1
1,1.75,0.5,30,"prot50_child",0,0.143659623902927,0
1,1.75,0.5,30,"invasive_male",-0.6,-0.728403607770986,1
1,1.75,0.5,30,"invasive_age",0,0.323170552092808,0
1,1.75,0.5,30,"invasive_income",-1,-1.01672216315251,1
1,1.75,0.5,30,"invasive_child",0,-0.318951539835421,0
1,1.75,0.5,31,"ASC2_male",-0.3,0.0531167064914906,0
1,1.75,0.5,31,"ASC2_age",1.2,0.811624404966181,1
1,1.75,0.5,31,"ASC2_income",1,0.425617141126967,0
1,1.75,0.5,31,"ASC2_child",0,-0.710364997736096,1
1,1.75,0.5,31,"ASC3_male",0,0.120334934027601,0
1,1.75,0.5,31,"ASC3_age",1.1,1.0490084853718,1
1,1.75,0.5,31,"ASC3_income",-0.6,-0.765033288659914,1
1,1.75,0.5,31,"ASC3_child",0,0.315365017172023,0
1,1.75,0.5,31,"prot25_male",0,0.181627477878235,0
1,1.75,0.5,31,"prot25_age",-0.2,-0.33149585101978,0
1,1.75,0.5,31,"prot25_income",0,0.326229040286278,0
1,1.75,0.5,31,"prot25_child",-0.2,0.224241010021209,0
1,1.75,0.5,31,"prot50_male",-0.3,-0.201550904802398,0
1,1.75,0.5,31,"prot50_age",0,-0.0957916686645529,0
1,1.75,0.5,31,"prot50_income",0,-0.314600920491984,0
1,1.75,0.5,31,"prot50_child",0,0.220311912099912,0
1,1.75,0.5,31,"invasive_male",0,0.53494122259627,1
1,1.75,0.5,31,"invasive_age",0.2,0.0448534394161089,0
1,1.75,0.5,31,"invasive_income",0.9,0.397139937236796,0
1,1.75,0.5,31,"invasive_child",0,-0.692027903748974,1
1,1.75,0.5,32,"ASC2_male",0.6,0.595690166036637,1
1,1.75,0.5,32,"ASC2_age",0,-0.0484790050888471,0
1,1.75,0.5,32,"ASC2_income",1.1,0.701484586541562,1
1,1.75,0.5,32,"ASC2_child",0,-0.57619495320784,1
1,1.75,0.5,32,"ASC3_male",-0.7,0.0524461607837264,0
1,1.75,0.5,32,"ASC3_age",-1.1,-0.563119682095108,1
1,1.75,0.5,32,"ASC3_income",0,-0.337245690432024,0
1,1.75,0.5,32,"ASC3_child",-0.3,-0.527951428053186,1
1,1.75,0.5,32,"prot25_male",0.7,-0.044970916424799,0
1,1.75,0.5,32,"prot25_age",0,-0.286638151274041,0
1,1.75,0.5,32,"prot25_income",-0.5,-0.853082046936701,1
1,1.75,0.5,32,"prot25_child",-1.1,-0.766808303660949,1
1,1.75,0.5,32,"prot50_male",0,0.252351430732514,0
1,1.75,0.5,32,"prot50_age",-0.6,-0.491796244265086,0
1,1.75,0.5,32,"prot50_income",0,-0.109276298361007,0
1,1.75,0.5,32,"prot50_child",0,0.12402030620058,0
1,1.75,0.5,32,"invasive_male",0,-0.335389292339498,0
1,1.75,0.5,32,"invasive_age",0,-0.208291087614854,0
1,1.75,0.5,32,"invasive_income",0,-0.238651032621451,0
1,1.75,0.5,32,"invasive_child",0.2,-0.195508564819275,0
1,1.75,0.5,33,"ASC2_male",-0.4,0.166545764395677,0
1,1.75,0.5,33,"ASC2_age",0,0.442242510052196,0
1,1.75,0.5,33,"ASC2_income",0,0.675442710502608,1
1,1.75,0.5,33,"ASC2_child",0,1.19009678028471,1
1,1.75,0.5,33,"ASC3_male",0.6,1.06353582250694,1
1,1.75,0.5,33,"ASC3_age",0,0.35988990186831,0
1,1.75,0.5,33,"ASC3_income",-1,-0.491660738264916,0
1,1.75,0.5,33,"ASC3_child",0,0.604460991597919,1
1,1.75,0.5,33,"prot25_male",0,-0.638079399053244,1
1,1.75,0.5,33,"prot25_age",0,-0.380196942983948,0
1,1.75,0.5,33,"prot25_income",0,-0.403813325790929,0
1,1.75,0.5,33,"prot25_child",1.1,-0.219547425430075,0
1,1.75,0.5,33,"prot50_male",0,-0.983529349028149,1
1,1.75,0.5,33,"prot50_age",0.4,-0.126916237372651,0
1,1.75,0.5,33,"prot50_income",0.3,-0.0253267271390155,0
1,1.75,0.5,33,"prot50_child",-0.4,-0.359288378236081,0
1,1.75,0.5,33,"invasive_male",0.3,-0.0807687698992021,0
1,1.75,0.5,33,"invasive_age",0,-0.0516729147662056,0
1,1.75,0.5,33,"invasive_income",0.6,0.528051910803972,1
1,1.75,0.5,33,"invasive_child",0.8,1.09915530579508,1
1,1.75,0.5,34,"ASC2_male",0,0.759077966404965,1
1,1.75,0.5,34,"ASC2_age",0,-0.242579435927057,0
1,1.75,0.5,34,"ASC2_income",-0.8,-0.0654473408848187,0
1,1.75,0.5,34,"ASC2_child",-0.4,-0.570326211724476,1
1,1.75,0.5,34,"ASC3_male",0,0.698614318783555,1
1,1.75,0.5,34,"ASC3_age",0,-0.190818499371219,0
1,1.75,0.5,34,"ASC3_income",0,0.365818449721592,0
1,1.75,0.5,34,"ASC3_child",0.4,0.26912791481501,0
1,1.75,0.5,34,"prot25_male",0,-0.514143099098434,1
1,1.75,0.5,34,"prot25_age",0,-0.101312612912404,0
1,1.75,0.5,34,"prot25_income",1,0.30298750084122,0
1,1.75,0.5,34,"prot25_child",1.2,0.703410642514289,1
1,1.75,0.5,34,"prot50_male",0.1,-0.708890612725867,1
1,1.75,0.5,34,"prot50_age",0.2,0.187879558552534,0
1,1.75,0.5,34,"prot50_income",-0.5,-0.200261421850706,0
1,1.75,0.5,34,"prot50_child",0,-0.0376745051893134,0
1,1.75,0.5,34,"invasive_male",0,0.868891949272044,1
1,1.75,0.5,34,"invasive_age",0,-0.677448944600108,1
1,1.75,0.5,34,"invasive_income",-1,-0.10481095139352,0
1,1.75,0.5,34,"invasive_child",0.2,-0.0609029560676807,0
1,1.75,0.5,35,"ASC2_male",0,-0.154782123358685,0
1,1.75,0.5,35,"ASC2_age",0,0.252362832236725,0
1,1.75,0.5,35,"ASC2_income",0.9,0.758360246557677,1
1,1.75,0.5,35,"ASC2_child",0,0.20726875603081,0
1,1.75,0.5,35,"ASC3_male",0,-0.00213349311003174,0
1,1.75,0.5,35,"ASC3_age",1.1,1.2392258910878,1
1,1.75,0.5,35,"ASC3_income",0,0.476172134568026,0
1,1.75,0.5,35,"ASC3_child",0,0.467674106045296,0
1,1.75,0.5,35,"prot25_male",-0.2,0.63341793963571,1
1,1.75,0.5,35,"prot25_age",0.3,-0.106596557193179,0
1,1.75,0.5,35,"prot25_income",0,0.0551343233855323,0
1,1.75,0.5,35,"prot25_child",-1.1,-1.0908442162061,1
1,1.75,0.5,35,"prot50_male",-0.4,-0.0673125413828175,0
1,1.75,0.5,35,"prot50_age",0,-0.483713041924255,0
1,1.75,0.5,35,"prot50_income",-0.3,-0.0220930376171094,0
1,1.75,0.5,35,"prot50_child",0.5,-0.0791911030233478,0
1,1.75,0.5,35,"invasive_male",0.1,-0.0712563052866182,0
1,1.75,0.5,35,"invasive_age",0,-0.121847585317971,0
1,1.75,0.5,35,"invasive_income",-1.1,-0.129707331820711,0
1,1.75,0.5,35,"invasive_child",0,-0.25559396081049,0
1,1.75,0.5,36,"ASC2_male",-0.4,-0.146609799270907,0
1,1.75,0.5,36,"ASC2_age",-1,-0.896575353841562,1
1,1.75,0.5,36,"ASC2_income",-0.5,-0.471754937495879,0
1,1.75,0.5,36,"ASC2_child",-0.9,-0.102713231025384,0
1,1.75,0.5,36,"ASC3_male",0,0.0390456900712524,0
1,1.75,0.5,36,"ASC3_age",1.1,0.670746459319359,1
1,1.75,0.5,36,"ASC3_income",0,-0.0600585243714779,0
1,1.75,0.5,36,"ASC3_child",0,0.201904231869518,0
1,1.75,0.5,36,"prot25_male",0,-0.408073031491358,0
1,1.75,0.5,36,"prot25_age",0,0.131138815604355,0
1,1.75,0.5,36,"prot25_income",1.1,0.767311665977612,1
1,1.75,0.5,36,"prot25_child",-0.5,-0.836217020667876,1
1,1.75,0.5,36,"prot50_male",0,0.0589592705217634,0
1,1.75,0.5,36,"prot50_age",0,0.00774789716618284,0
1,1.75,0.5,36,"prot50_income",1.1,0.748078093932412,1
1,1.75,0.5,36,"prot50_child",0,0.223917459870975,0
1,1.75,0.5,36,"invasive_male",0.3,-0.230812568234003,0
1,1.75,0.5,36,"invasive_age",0,-0.0163114626178451,0
1,1.75,0.5,36,"invasive_income",-0.5,-0.109135502109506,0
1,1.75,0.5,36,"invasive_child",0,0.681058870211687,1
1,1.75,0.5,37,"ASC2_male",0.6,0.484153674165183,0
1,1.75,0.5,37,"ASC2_age",0,0.330612794229965,0
1,1.75,0.5,37,"ASC2_income",0.9,0.972091693686471,1
1,1.75,0.5,37,"ASC2_child",0,0.427668561741617,0
1,1.75,0.5,37,"ASC3_male",0,0.00485526776093931,0
1,1.75,0.5,37,"ASC3_age",0.6,0.72791480396288,1
1,1.75,0.5,37,"ASC3_income",1.1,0.993823473334227,1
1,1.75,0.5,37,"ASC3_child",-0.8,0.136877286457008,0
1,1.75,0.5,37,"prot25_male",-1.2,-1.12609535546845,1
1,1.75,0.5,37,"prot25_age",0,0.176035793143501,0
1,1.75,0.5,37,"prot25_income",1.1,-0.228256989822585,0
1,1.75,0.5,37,"prot25_child",0,-0.2913977676223,0
1,1.75,0.5,37,"prot50_male",0,-0.401004543909077,0
1,1.75,0.5,37,"prot50_age",0.5,-0.0499245313350318,0
1,1.75,0.5,37,"prot50_income",0,-0.728763216850973,1
1,1.75,0.5,37,"prot50_child",0,-0.209806849862638,0
1,1.75,0.5,37,"invasive_male",0,-0.296418855066752,0
1,1.75,0.5,37,"invasive_age",1.1,0.628448882816972,1
1,1.75,0.5,37,"invasive_income",0,-0.210011272098179,0
1,1.75,0.5,37,"invasive_child",0.6,0.369397327413161,0
1,1.75,0.5,38,"ASC2_male",0.3,0.475809993366457,0
1,1.75,0.5,38,"ASC2_age",0.3,0.314464769017819,0
1,1.75,0.5,38,"ASC2_income",0,-0.300151422755596,0
1,1.75,0.5,38,"ASC2_child",0.9,1.17424762477919,1
1,1.75,0.5,38,"ASC3_male",0,0.398807521444979,0
1,1.75,0.5,38,"ASC3_age",-0.6,-0.175661233957304,0
1,1.75,0.5,38,"ASC3_income",0,-0.282980934016112,0
1,1.75,0.5,38,"ASC3_child",0,0.416482628039916,0
1,1.75,0.5,38,"prot25_male",0,-0.578556584798542,1
1,1.75,0.5,38,"prot25_age",0,-0.112043107228473,0
1,1.75,0.5,38,"prot25_income",0.7,0.682201610707877,1
1,1.75,0.5,38,"prot25_child",0,-0.872238588819383,1
1,1.75,0.5,38,"prot50_male",0,-0.314768785890103,0
1,1.75,0.5,38,"prot50_age",0,-0.41867457518778,0
1,1.75,0.5,38,"prot50_income",0.2,0.470164101615134,0
1,1.75,0.5,38,"prot50_child",-0.8,-1.15141216327685,1
1,1.75,0.5,38,"invasive_male",0.1,0.305947141694991,0
1,1.75,0.5,38,"invasive_age",0,-0.0849729159924432,0
1,1.75,0.5,38,"invasive_income",-0.6,-0.644082468245837,1
1,1.75,0.5,38,"invasive_child",-0.6,-0.447915003969681,0
1,1.75,0.5,39,"ASC2_male",0.9,1.0866439739,1
1,1.75,0.5,39,"ASC2_age",0,0.3442016429019,0
1,1.75,0.5,39,"ASC2_income",0,0.356600491034532,0
1,1.75,0.5,39,"ASC2_child",0,0.471362817890583,0
1,1.75,0.5,39,"ASC3_male",-0.9,-0.250063845650105,0
1,1.75,0.5,39,"ASC3_age",0,0.357496219447642,0
1,1.75,0.5,39,"ASC3_income",-0.7,-0.424998925066062,0
1,1.75,0.5,39,"ASC3_child",-1.1,0.136357649407921,0
1,1.75,0.5,39,"prot25_male",-1,-0.830638639430521,1
1,1.75,0.5,39,"prot25_age",-0.6,-1.02031816245405,1
1,1.75,0.5,39,"prot25_income",0.7,0.902130107851816,1
1,1.75,0.5,39,"prot25_child",-0.3,-1.00953408215977,1
1,1.75,0.5,39,"prot50_male",0,-0.258286225525096,0
1,1.75,0.5,39,"prot50_age",0,-0.419585599550817,0
1,1.75,0.5,39,"prot50_income",0,0.0464193976366354,0
1,1.75,0.5,39,"prot50_child",0,-0.0854923146482969,0
1,1.75,0.5,39,"invasive_male",1.1,0.697188403733306,1
1,1.75,0.5,39,"invasive_age",0,0.094193472435914,0
1,1.75,0.5,39,"invasive_income",0,0.3614446123231,0
1,1.75,0.5,39,"invasive_child",-0.6,0.0777001232757157,0
1,1.75,0.5,40,"ASC2_male",0,-0.129934957731333,0
1,1.75,0.5,40,"ASC2_age",-0.3,0.253692093416661,0
1,1.75,0.5,40,"ASC2_income",1.1,1.24715444944406,1
1,1.75,0.5,40,"ASC2_child",0,0.90309702661378,1
1,1.75,0.5,40,"ASC3_male",0.5,0.200340062250415,0
1,1.75,0.5,40,"ASC3_age",0,0.270908465830477,0
1,1.75,0.5,40,"ASC3_income",-0.9,-0.119799940527532,0
1,1.75,0.5,40,"ASC3_child",-1,0.1012340248464,0
1,1.75,0.5,40,"prot25_male",-0.5,0.179071168142371,0
1,1.75,0.5,40,"prot25_age",-0.3,-0.530989783422009,1
1,1.75,0.5,40,"prot25_income",0,-0.767336578363486,1
1,1.75,0.5,40,"prot25_child",0,-0.17302990950664,0
1,1.75,0.5,40,"prot50_male",0,-0.159876384125443,0
1,1.75,0.5,40,"prot50_age",-1,-0.823252014766685,1
1,1.75,0.5,40,"prot50_income",0,-0.701675197662853,1
1,1.75,0.5,40,"prot50_child",0,-0.54381751883792,1
1,1.75,0.5,40,"invasive_male",0,-0.250627992943296,0
1,1.75,0.5,40,"invasive_age",-0.3,0.0920046982485313,0
1,1.75,0.5,40,"invasive_income",-0.1,-0.0325564676590747,0
1,1.75,0.5,40,"invasive_child",0,0.635238731124075,1
1,1.75,0.5,41,"ASC2_male",-0.5,-0.0991501023115585,0
1,1.75,0.5,41,"ASC2_age",0.9,0.649516742062767,1
1,1.75,0.5,41,"ASC2_income",1.1,0.449698877238366,0
1,1.75,0.5,41,"ASC2_child",0,0.536128254285619,1
1,1.75,0.5,41,"ASC3_male",0.3,0.209511420202787,0
1,1.75,0.5,41,"ASC3_age",0,-0.00843849862676084,0
1,1.75,0.5,41,"ASC3_income",0,-0.149690821355193,0
1,1.75,0.5,41,"ASC3_child",0,0.5384601969778,1
1,1.75,0.5,41,"prot25_male",0,0.441391293558027,0
1,1.75,0.5,41,"prot25_age",0,-0.207461115223945,0
1,1.75,0.5,41,"prot25_income",-0.2,-0.00164390313341391,0
1,1.75,0.5,41,"prot25_child",0.7,0.184980276461956,0
1,1.75,0.5,41,"prot50_male",-0.8,-0.345867322019186,0
1,1.75,0.5,41,"prot50_age",-0.4,-0.783812164088,1
1,1.75,0.5,41,"prot50_income",0,0.145870505779787,0
1,1.75,0.5,41,"prot50_child",0,0.130978113234215,0
1,1.75,0.5,41,"invasive_male",0,-0.454807209301161,0
1,1.75,0.5,41,"invasive_age",0,-0.377850263897865,0
1,1.75,0.5,41,"invasive_income",0.3,0.311007845920112,0
1,1.75,0.5,41,"invasive_child",0.5,0.838076269411257,1
1,1.75,0.5,42,"ASC2_male",0.6,1.31538034378623,1
1,1.75,0.5,42,"ASC2_age",0,-0.415103261002581,0
1,1.75,0.5,42,"ASC2_income",0.6,0.14258578571799,0
1,1.75,0.5,42,"ASC2_child",0.8,-0.645422561367239,1
1,1.75,0.5,42,"ASC3_male",0,0.771416547353304,1
1,1.75,0.5,42,"ASC3_age",-0.3,-0.514146803351464,1
1,1.75,0.5,42,"ASC3_income",0,-0.267646444121232,0
1,1.75,0.5,42,"ASC3_child",-1,-1.57587637977738,1
1,1.75,0.5,42,"prot25_male",0,-0.985817878589989,1
1,1.75,0.5,42,"prot25_age",0.6,0.93418311401618,1
1,1.75,0.5,42,"prot25_income",0,0.426812032507778,0
1,1.75,0.5,42,"prot25_child",0,0.906455453153165,1
1,1.75,0.5,42,"prot50_male",0,-0.831640554370944,1
1,1.75,0.5,42,"prot50_age",0.7,0.903855220030247,1
1,1.75,0.5,42,"prot50_income",-0.9,0.0274569566844377,0
1,1.75,0.5,42,"prot50_child",-0.7,0.36817677777804,0
1,1.75,0.5,42,"invasive_male",1.2,0.897008715978754,1
1,1.75,0.5,42,"invasive_age",0,0.0435125802301957,0
1,1.75,0.5,42,"invasive_income",0,0.275736610280689,0
1,1.75,0.5,42,"invasive_child",0,-0.366647195341184,0
1,1.75,0.5,43,"ASC2_male",-0.7,-0.777043659717948,1
1,1.75,0.5,43,"ASC2_age",0,-0.0117836952979404,0
1,1.75,0.5,43,"ASC2_income",0,-0.228711996047461,0
1,1.75,0.5,43,"ASC2_child",0.2,-0.0553908889256815,0
1,1.75,0.5,43,"ASC3_male",0.5,0.456220953024464,0
1,1.75,0.5,43,"ASC3_age",0,-0.128291752158126,0
1,1.75,0.5,43,"ASC3_income",1,0.19510377056008,0
1,1.75,0.5,43,"ASC3_child",-0.3,0.466828179626413,0
1,1.75,0.5,43,"prot25_male",0,0.158742223128686,0
1,1.75,0.5,43,"prot25_age",-0.9,-0.596091697134756,1
1,1.75,0.5,43,"prot25_income",0,0.209209531833239,0
1,1.75,0.5,43,"prot25_child",0,-0.444783004378783,0
1,1.75,0.5,43,"prot50_male",0,-0.295618290860132,0
1,1.75,0.5,43,"prot50_age",0,0.0818801758733864,0
1,1.75,0.5,43,"prot50_income",-1.2,-0.994155314910059,1
1,1.75,0.5,43,"prot50_child",0.6,0.0314691948366897,0
1,1.75,0.5,43,"invasive_male",0.7,-0.0440008988100525,0
1,1.75,0.5,43,"invasive_age",0,-0.0594035427390917,0
1,1.75,0.5,43,"invasive_income",-0.6,-0.902619541203358,1
1,1.75,0.5,43,"invasive_child",0,-0.0537097277463508,0
1,1.75,0.5,44,"ASC2_male",0,-0.258438104054589,0
1,1.75,0.5,44,"ASC2_age",-0.5,-0.396562987270598,0
1,1.75,0.5,44,"ASC2_income",-1,-0.242452997617597,0
1,1.75,0.5,44,"ASC2_child",-0.8,-0.172197991455385,0
1,1.75,0.5,44,"ASC3_male",-1.1,-0.985992178587618,1
1,1.75,0.5,44,"ASC3_age",0,0.0264031954977173,0
1,1.75,0.5,44,"ASC3_income",0,-0.00354407919689976,0
1,1.75,0.5,44,"ASC3_child",0,0.422383952015214,0
1,1.75,0.5,44,"prot25_male",-1.1,-0.318908580623532,0
1,1.75,0.5,44,"prot25_age",-0.3,-0.225938751792919,0
1,1.75,0.5,44,"prot25_income",0,-0.127762817743096,0
1,1.75,0.5,44,"prot25_child",-0.6,-0.450952349886127,0
1,1.75,0.5,44,"prot50_male",0,0.376073268604037,0
1,1.75,0.5,44,"prot50_age",0,0.135714369579824,0
1,1.75,0.5,44,"prot50_income",-0.8,-0.496074323626888,0
1,1.75,0.5,44,"prot50_child",0,0.343144593982266,0
1,1.75,0.5,44,"invasive_male",-0.3,-0.446838358015636,0
1,1.75,0.5,44,"invasive_age",0,0.23594843796085,0
1,1.75,0.5,44,"invasive_income",0,0.0105055155963964,0
1,1.75,0.5,44,"invasive_child",-0.4,0.869272563931631,1
1,1.75,0.5,45,"ASC2_male",0,0.0554130270079408,0
1,1.75,0.5,45,"ASC2_age",0.7,0.796704564169829,1
1,1.75,0.5,45,"ASC2_income",1.1,0.627882799999536,1
1,1.75,0.5,45,"ASC2_child",0.3,0.309346290384507,0
1,1.75,0.5,45,"ASC3_male",0,-0.344928826439375,0
1,1.75,0.5,45,"ASC3_age",0.4,0.857323690614412,1
1,1.75,0.5,45,"ASC3_income",-0.1,-0.00944371725799073,0
1,1.75,0.5,45,"ASC3_child",0,0.425920611028836,0
1,1.75,0.5,45,"prot25_male",0,0.587772569565615,1
1,1.75,0.5,45,"prot25_age",0,-0.503197332930675,1
1,1.75,0.5,45,"prot25_income",0,0.0314614724648278,0
1,1.75,0.5,45,"prot25_child",1.1,0.203192660332665,0
1,1.75,0.5,45,"prot50_male",0,0.350315548104739,0
1,1.75,0.5,45,"prot50_age",-0.4,-0.370557539074049,0
1,1.75,0.5,45,"prot50_income",0,-0.0417800869384255,0
1,1.75,0.5,45,"prot50_child",0.4,0.268626238116411,0
1,1.75,0.5,45,"invasive_male",-0.3,-0.477171083953091,0
1,1.75,0.5,45,"invasive_age",-0.2,0.367136312907819,0
1,1.75,0.5,45,"invasive_income",0,0.201974778669803,0
1,1.75,0.5,45,"invasive_child",0,0.527538234870568,1
1,1.75,0.5,46,"ASC2_male",0.4,-0.643805397393951,1
1,1.75,0.5,46,"ASC2_age",0,0.31753277040094,0
1,1.75,0.5,46,"ASC2_income",0,-0.179229552065473,0
1,1.75,0.5,46,"ASC2_child",-0.5,-0.200828574606298,0
1,1.75,0.5,46,"ASC3_male",-0.9,-1.73291837537567,1
1,1.75,0.5,46,"ASC3_age",0,-0.0877940090645129,0
1,1.75,0.5,46,"ASC3_income",-1,-0.983027535720692,1
1,1.75,0.5,46,"ASC3_child",0.7,0.420478540407623,0
1,1.75,0.5,46,"prot25_male",0,1.48206464125429,1
1,1.75,0.5,46,"prot25_age",-0.9,-0.94668702413904,1
1,1.75,0.5,46,"prot25_income",0,0.091913390607685,0
1,1.75,0.5,46,"prot25_child",0,-0.201163909572386,0
1,1.75,0.5,46,"prot50_male",0,1.42382641106747,1
1,1.75,0.5,46,"prot50_age",0.3,0.520441600801261,1
1,1.75,0.5,46,"prot50_income",1,0.827823982951317,1
1,1.75,0.5,46,"prot50_child",0,-0.288328381767396,0
1,1.75,0.5,46,"invasive_male",0.3,0.31576397658112,0
1,1.75,0.5,46,"invasive_age",0,0.262328879207726,0
1,1.75,0.5,46,"invasive_income",0.2,0.175002065661438,0
1,1.75,0.5,46,"invasive_child",0,-0.352351282797779,0
1,1.75,0.5,47,"ASC2_male",0,0.346929816524551,0
1,1.75,0.5,47,"ASC2_age",0,-0.128514117239896,0
1,1.75,0.5,47,"ASC2_income",0.8,0.166569348777085,0
1,1.75,0.5,47,"ASC2_child",-1.2,-0.987629593351496,1
1,1.75,0.5,47,"ASC3_male",0.2,0.287074209821181,0
1,1.75,0.5,47,"ASC3_age",0,-0.167365620781947,0
1,1.75,0.5,47,"ASC3_income",0,-0.531661222998496,1
1,1.75,0.5,47,"ASC3_child",0,0.332039341955209,0
1,1.75,0.5,47,"prot25_male",0,0.262860366556377,0
1,1.75,0.5,47,"prot25_age",0.5,0.201730202002272,0
1,1.75,0.5,47,"prot25_income",0.4,0.633708067037571,1
1,1.75,0.5,47,"prot25_child",0.9,0.248730500509921,0
1,1.75,0.5,47,"prot50_male",0,0.482728545378438,0
1,1.75,0.5,47,"prot50_age",-0.3,-0.395213356776674,0
1,1.75,0.5,47,"prot50_income",-0.7,-0.105399928195644,0
1,1.75,0.5,47,"prot50_child",-1.1,-1.28949821545688,1
1,1.75,0.5,47,"invasive_male",0,0.510501588172578,1
1,1.75,0.5,47,"invasive_age",0.5,0.074122786207143,0
1,1.75,0.5,47,"invasive_income",0,-0.455662859302877,0
1,1.75,0.5,47,"invasive_child",0,-0.527071779322302,1
1,1.75,0.5,48,"ASC2_male",1.1,0.826057021291833,1
1,1.75,0.5,48,"ASC2_age",0,-0.102862647167313,0
1,1.75,0.5,48,"ASC2_income",0,-0.218671072219444,0
1,1.75,0.5,48,"ASC2_child",-0.3,-0.423370056738482,0
1,1.75,0.5,48,"ASC3_male",0,-0.119945351993959,0
1,1.75,0.5,48,"ASC3_age",0,-0.0595407684036149,0
1,1.75,0.5,48,"ASC3_income",0.8,0.622640877774925,1
1,1.75,0.5,48,"ASC3_child",0,-0.721157973819078,1
1,1.75,0.5,48,"prot25_male",-0.6,-0.374837753476998,0
1,1.75,0.5,48,"prot25_age",0,0.0510333333681073,0
1,1.75,0.5,48,"prot25_income",-0.2,-0.526826565536033,1
1,1.75,0.5,48,"prot25_child",0,-0.964802770345326,1
1,1.75,0.5,48,"prot50_male",0,0.338560800270608,0
1,1.75,0.5,48,"prot50_age",-0.4,0.181559356686502,0
1,1.75,0.5,48,"prot50_income",0,-0.0204479204188531,0
1,1.75,0.5,48,"prot50_child",0,-0.265964651138422,0
1,1.75,0.5,48,"invasive_male",0.7,0.766391019517386,1
1,1.75,0.5,48,"invasive_age",-0.6,-0.222911631700861,0
1,1.75,0.5,48,"invasive_income",-0.3,0.203883603315786,0
1,1.75,0.5,48,"invasive_child",-0.7,-1.28426513464765,1
1,1.75,0.5,49,"ASC2_male",0.7,0.593742326596634,1
1,1.75,0.5,49,"ASC2_age",0,0.38507336043349,0
1,1.75,0.5,49,"ASC2_income",-0.8,-0.833089300263984,1
1,1.75,0.5,49,"ASC2_child",-0.9,-1.1591411677602,1
1,1.75,0.5,49,"ASC3_male",0,0.358890053682589,0
1,1.75,0.5,49,"ASC3_age",0,0.288829550178646,0
1,1.75,0.5,49,"ASC3_income",-0.5,-0.613629705338295,1
1,1.75,0.5,49,"ASC3_child",0,-0.0288652074264762,0
1,1.75,0.5,49,"prot25_male",0.8,0.746483437607464,1
1,1.75,0.5,49,"prot25_age",0,0.00688331961457949,0
1,1.75,0.5,49,"prot25_income",0,0.107439847423038,0
1,1.75,0.5,49,"prot25_child",0.5,1.04400901340139,1
1,1.75,0.5,49,"prot50_male",-0.1,0.168858951176727,0
1,1.75,0.5,49,"prot50_age",0.8,0.336624546057408,0
1,1.75,0.5,49,"prot50_income",0,-0.0162844922150473,0
1,1.75,0.5,49,"prot50_child",0,-0.0979307474650895,0
1,1.75,0.5,49,"invasive_male",-0.9,-1.07895742319783,1
1,1.75,0.5,49,"invasive_age",0,0.0762353295990754,0
1,1.75,0.5,49,"invasive_income",0,-0.195316724364242,0
1,1.75,0.5,49,"invasive_child",0.3,0.308101965192401,0
1,1.75,0.5,50,"ASC2_male",0,-0.960901072385017,1
1,1.75,0.5,50,"ASC2_age",0.8,0.536853960802041,1
1,1.75,0.5,50,"ASC2_income",0,-0.435292318054255,0
1,1.75,0.5,50,"ASC2_child",0,-0.876452519171578,1
1,1.75,0.5,50,"ASC3_male",-0.5,-1.12175078167709,1
1,1.75,0.5,50,"ASC3_age",-0.4,-0.369664640522301,0
1,1.75,0.5,50,"ASC3_income",1.1,0.281930096839913,0
1,1.75,0.5,50,"ASC3_child",0.5,-0.723221775293458,1
1,1.75,0.5,50,"prot25_male",1.1,1.44309289669887,1
1,1.75,0.5,50,"prot25_age",0.8,0.504774310942132,1
1,1.75,0.5,50,"prot25_income",0,-0.0922422289026288,0
1,1.75,0.5,50,"prot25_child",0,1.38295365149324,1
1,1.75,0.5,50,"prot50_male",-0.6,0.860950689269429,1
1,1.75,0.5,50,"prot50_age",0,-0.115432298765206,0
1,1.75,0.5,50,"prot50_income",-0.3,0.20123512921477,0
1,1.75,0.5,50,"prot50_child",0,1.33782486965031,1
1,1.75,0.5,50,"invasive_male",0,0.460246326596314,0
1,1.75,0.5,50,"invasive_age",0,-0.139431994097307,0
1,1.75,0.5,50,"invasive_income",0.6,0.309536274093175,0
1,1.75,0.5,50,"invasive_child",0,0.417133701924477,0
1,1.75,0.5,51,"ASC2_male",-0.3,0.0124431026416268,0
1,1.75,0.5,51,"ASC2_age",-0.5,-0.353997110607788,0
1,1.75,0.5,51,"ASC2_income",0,-0.360840190507741,0
1,1.75,0.5,51,"ASC2_child",-0.7,-0.665460437837986,1
1,1.75,0.5,51,"ASC3_male",0,0.0316526694865897,0
1,1.75,0.5,51,"ASC3_age",0.5,0.631518802085252,1
1,1.75,0.5,51,"ASC3_income",0,-0.188100993572681,0
1,1.75,0.5,51,"ASC3_child",0,0.209483134220354,0
1,1.75,0.5,51,"prot25_male",-1.1,-1.09471446137529,1
1,1.75,0.5,51,"prot25_age",0.3,-0.012273755155553,0
1,1.75,0.5,51,"prot25_income",0.2,0.312011991380978,0
1,1.75,0.5,51,"prot25_child",0,0.277859320045915,0
1,1.75,0.5,51,"prot50_male",0,0.398525194342112,0
1,1.75,0.5,51,"prot50_age",0,-0.419425599648912,0
1,1.75,0.5,51,"prot50_income",0,0.259215488161443,0
1,1.75,0.5,51,"prot50_child",1.2,0.56866442598351,1
1,1.75,0.5,51,"invasive_male",-0.1,-0.123909035997051,0
1,1.75,0.5,51,"invasive_age",0,-0.047111606452719,0
1,1.75,0.5,51,"invasive_income",0,0.123976905606261,0
1,1.75,0.5,51,"invasive_child",0.3,-0.182355569604145,0
1,1.75,0.5,52,"ASC2_male",-0.5,-1.45903338197038,1
1,1.75,0.5,52,"ASC2_age",-0.5,0.196908209212564,0
1,1.75,0.5,52,"ASC2_income",1.1,0.76344340840774,1
1,1.75,0.5,52,"ASC2_child",-0.5,0.829763126030309,1
1,1.75,0.5,52,"ASC3_male",0.3,-0.409689490389833,0
1,1.75,0.5,52,"ASC3_age",0,0.25347576610364,0
1,1.75,0.5,52,"ASC3_income",0,-0.192646560583817,0
1,1.75,0.5,52,"ASC3_child",0,0.642452909640592,1
1,1.75,0.5,52,"prot25_male",-0.3,0.838799757663388,1
1,1.75,0.5,52,"prot25_age",1,0.294519555037123,0
1,1.75,0.5,52,"prot25_income",0,0.444770589715884,0
1,1.75,0.5,52,"prot25_child",-1.2,-0.658259218389121,1
1,1.75,0.5,52,"prot50_male",0,0.506170716365585,1
1,1.75,0.5,52,"prot50_age",0,-0.287750780868213,0
1,1.75,0.5,52,"prot50_income",0,0.131919722381776,0
1,1.75,0.5,52,"prot50_child",0.3,-0.284554416801326,0
1,1.75,0.5,52,"invasive_male",0.1,-0.410387892645367,0
1,1.75,0.5,52,"invasive_age",0,0.466066950168635,0
1,1.75,0.5,52,"invasive_income",0,0.0379718901394934,0
1,1.75,0.5,52,"invasive_child",0,0.947170971233044,1
1,1.75,0.5,53,"ASC2_male",-0.4,0.0678782826731722,0
1,1.75,0.5,53,"ASC2_age",0,0.191023278245609,0
1,1.75,0.5,53,"ASC2_income",-0.7,-0.383583531329087,0
1,1.75,0.5,53,"ASC2_child",0,-0.165504820873203,0
1,1.75,0.5,53,"ASC3_male",0.3,0.693616881706263,1
1,1.75,0.5,53,"ASC3_age",0.6,0.417540874169378,0
1,1.75,0.5,53,"ASC3_income",0,-0.0258115145730738,0
1,1.75,0.5,53,"ASC3_child",0,-0.0253188371806763,0
1,1.75,0.5,53,"prot25_male",0,-0.337540682608505,0
1,1.75,0.5,53,"prot25_age",0.4,0.100367787862276,0
1,1.75,0.5,53,"prot25_income",0,-0.0989305788314738,0
1,1.75,0.5,53,"prot25_child",0,0.340446132630104,0
1,1.75,0.5,53,"prot50_male",-0.6,-0.391508623782289,0
1,1.75,0.5,53,"prot50_age",0.9,0.0225754052008936,0
1,1.75,0.5,53,"prot50_income",0,0.276924317245959,0
1,1.75,0.5,53,"prot50_child",-1.1,-1.02078422331358,1
1,1.75,0.5,53,"invasive_male",-0.5,-0.151414916003427,0
1,1.75,0.5,53,"invasive_age",0,-0.0142255428491855,0
1,1.75,0.5,53,"invasive_income",0,0.46482085418527,0
1,1.75,0.5,53,"invasive_child",-0.6,-0.637801989468749,1
1,1.75,0.5,54,"ASC2_male",0,-0.73612980433033,1
1,1.75,0.5,54,"ASC2_age",-0.5,-0.335124591864956,0
1,1.75,0.5,54,"ASC2_income",-0.7,-0.294658046964559,0
1,1.75,0.5,54,"ASC2_child",0,0.321303265665672,0
1,1.75,0.5,54,"ASC3_male",1.1,0.111494173187643,0
1,1.75,0.5,54,"ASC3_age",0,0.0733693919314936,0
1,1.75,0.5,54,"ASC3_income",0,0.0559395698691441,0
1,1.75,0.5,54,"ASC3_child",-0.5,0.118812434623232,0
1,1.75,0.5,54,"prot25_male",0,1.15426267816313,1
1,1.75,0.5,54,"prot25_age",0.3,-0.023053823886667,0
1,1.75,0.5,54,"prot25_income",0,0.163509088002636,0
1,1.75,0.5,54,"prot25_child",0,-0.276572724776887,0
1,1.75,0.5,54,"prot50_male",0,0.63795354801046,1
1,1.75,0.5,54,"prot50_age",0.2,-0.0833447995231509,0
1,1.75,0.5,54,"prot50_income",0.5,0.258159012013318,0
1,1.75,0.5,54,"prot50_child",-0.7,-0.618908331200839,1
1,1.75,0.5,54,"invasive_male",0,-0.0405188121825382,0
1,1.75,0.5,54,"invasive_age",0.1,-0.227082499195782,0
1,1.75,0.5,54,"invasive_income",-1.2,-0.619784822027287,1
1,1.75,0.5,54,"invasive_child",0,0.00102778116502208,0
1,1.75,0.5,55,"ASC2_male",0,1.18761369934932,1
1,1.75,0.5,55,"ASC2_age",0,-0.361132897730786,0
1,1.75,0.5,55,"ASC2_income",0,-0.0876757139831541,0
1,1.75,0.5,55,"ASC2_child",0,-0.838969388037173,1
1,1.75,0.5,55,"ASC3_male",0.5,0.997765985859937,1
1,1.75,0.5,55,"ASC3_age",0,-0.344020955423108,0
1,1.75,0.5,55,"ASC3_income",0,-0.0314115309780761,0
1,1.75,0.5,55,"ASC3_child",0,-0.583323305942364,1
1,1.75,0.5,55,"prot25_male",0.2,-0.07047245028621,0
1,1.75,0.5,55,"prot25_age",0.7,0.856343221871661,1
1,1.75,0.5,55,"prot25_income",-0.7,-0.818796029800252,1
1,1.75,0.5,55,"prot25_child",0,0.575816300049758,1
1,1.75,0.5,55,"prot50_male",-0.5,-0.63852562169533,1
1,1.75,0.5,55,"prot50_age",0.5,0.716431281763353,1
1,1.75,0.5,55,"prot50_income",-1,-0.781552819485466,1
1,1.75,0.5,55,"prot50_child",0,0.679583369611089,1
1,1.75,0.5,55,"invasive_male",0.8,1.09906039927259,1
1,1.75,0.5,55,"invasive_age",0,0.0840853493897792,0
1,1.75,0.5,55,"invasive_income",-0.9,-0.820757498539411,1
1,1.75,0.5,55,"invasive_child",-1.2,-0.417459388557871,0
1,1.75,0.5,56,"ASC2_male",0,0.28226818535268,0
1,1.75,0.5,56,"ASC2_age",-0.7,-0.748341918891118,1
1,1.75,0.5,56,"ASC2_income",0,0.0579490775748805,0
1,1.75,0.5,56,"ASC2_child",0,-0.284292885980456,0
1,1.75,0.5,56,"ASC3_male",0,0.365528826071169,0
1,1.75,0.5,56,"ASC3_age",-0.4,-0.816654872691534,1
1,1.75,0.5,56,"ASC3_income",0,-0.108017384494816,0
1,1.75,0.5,56,"ASC3_child",0,-0.0354943618047181,0
1,1.75,0.5,56,"prot25_male",0,-0.566444271823024,1
1,1.75,0.5,56,"prot25_age",0,0.438256198378012,0
1,1.75,0.5,56,"prot25_income",-0.2,-0.0567663845004047,0
1,1.75,0.5,56,"prot25_child",-1,-0.54320198036075,1
1,1.75,0.5,56,"prot50_male",0.7,-0.292954581709794,0
1,1.75,0.5,56,"prot50_age",0.5,0.618033845102293,1
1,1.75,0.5,56,"prot50_income",-0.6,-0.794708490773006,1
1,1.75,0.5,56,"prot50_child",0.7,0.108560055847908,0
1,1.75,0.5,56,"invasive_male",0,-0.413753222626117,0
1,1.75,0.5,56,"invasive_age",-1.1,-0.813711447491306,1
1,1.75,0.5,56,"invasive_income",0.3,-0.197582348391824,0
1,1.75,0.5,56,"invasive_child",0,-0.655530213619967,1
1,1.75,0.5,57,"ASC2_male",1.2,0.288244345086282,0
1,1.75,0.5,57,"ASC2_age",1,0.804672940718565,1
1,1.75,0.5,57,"ASC2_income",0,-0.587798797126666,1
1,1.75,0.5,57,"ASC2_child",0,0.228753289100534,0
1,1.75,0.5,57,"ASC3_male",-0.2,-0.076385831879493,0
1,1.75,0.5,57,"ASC3_age",0,0.288039364934168,0
1,1.75,0.5,57,"ASC3_income",0,-0.58785420618328,1
1,1.75,0.5,57,"ASC3_child",0,-0.15717435933698,0
1,1.75,0.5,57,"prot25_male",-1,-0.819120404648006,1
1,1.75,0.5,57,"prot25_age",0,-0.203531525607445,0
1,1.75,0.5,57,"prot25_income",-0.1,0.131727798272346,0
1,1.75,0.5,57,"prot25_child",0,0.19055909743574,0
1,1.75,0.5,57,"prot50_male",-0.4,-0.598480520235596,1
1,1.75,0.5,57,"prot50_age",-0.6,-0.537913758412336,1
1,1.75,0.5,57,"prot50_income",0.5,0.218985530288289,0
1,1.75,0.5,57,"prot50_child",0.6,0.0839312205831839,0
1,1.75,0.5,57,"invasive_male",0.7,0.273237462936838,0
1,1.75,0.5,57,"invasive_age",0,0.240274976306011,0
1,1.75,0.5,57,"invasive_income",0,-0.372659779099482,0
1,1.75,0.5,57,"invasive_child",0,0.0252313132904484,0
1,1.75,0.5,58,"ASC2_male",0.3,-0.106244447463791,0
1,1.75,0.5,58,"ASC2_age",0.2,0.183985182680464,0
1,1.75,0.5,58,"ASC2_income",0,0.423918959804651,0
1,1.75,0.5,58,"ASC2_child",0,0.165639533829469,0
1,1.75,0.5,58,"ASC3_male",0,-0.479325049215334,0
1,1.75,0.5,58,"ASC3_age",0,0.374337366168071,0
1,1.75,0.5,58,"ASC3_income",0,0.359730335150244,0
1,1.75,0.5,58,"ASC3_child",0.1,0.516230701130248,1
1,1.75,0.5,58,"prot25_male",0,-0.185940081278535,0
1,1.75,0.5,58,"prot25_age",0,-0.0751882303949216,0
1,1.75,0.5,58,"prot25_income",0,-0.220782073204474,0
1,1.75,0.5,58,"prot25_child",1,-0.393368493261995,0
1,1.75,0.5,58,"prot50_male",0,-0.264276233577919,0
1,1.75,0.5,58,"prot50_age",0.5,0.434307067280521,0
1,1.75,0.5,58,"prot50_income",0,-0.116893747763123,0
1,1.75,0.5,58,"prot50_child",0.8,-0.193106352909364,0
1,1.75,0.5,58,"invasive_male",0.5,-0.240993041186106,0
1,1.75,0.5,58,"invasive_age",1,0.812348502800183,1
1,1.75,0.5,58,"invasive_income",0.6,0.688411161004729,1
1,1.75,0.5,58,"invasive_child",0.7,0.169668679650254,0
1,1.75,0.5,59,"ASC2_male",0,0.0196349784410622,0
1,1.75,0.5,59,"ASC2_age",0.5,-0.0781126012890145,0
1,1.75,0.5,59,"ASC2_income",0,0.19796317037647,0
1,1.75,0.5,59,"ASC2_child",0,0.0489024653569342,0
1,1.75,0.5,59,"ASC3_male",0.6,0.56475486631822,1
1,1.75,0.5,59,"ASC3_age",-1.1,-1.28156053572461,1
1,1.75,0.5,59,"ASC3_income",0,0.196889821281217,0
1,1.75,0.5,59,"ASC3_child",0,-0.12826109249602,0
1,1.75,0.5,59,"prot25_male",-0.7,-0.786305648603153,1
1,1.75,0.5,59,"prot25_age",0,0.152559220154874,0
1,1.75,0.5,59,"prot25_income",-0.2,-0.168937391789831,0
1,1.75,0.5,59,"prot25_child",0,-0.361780768590711,0
1,1.75,0.5,59,"prot50_male",0.4,0.0938772886526224,0
1,1.75,0.5,59,"prot50_age",-0.9,-0.147743855367661,0
1,1.75,0.5,59,"prot50_income",0,0.0221324095482863,0
1,1.75,0.5,59,"prot50_child",0,0.00284069364990138,0
1,1.75,0.5,59,"invasive_male",1,0.688929166823925,1
1,1.75,0.5,59,"invasive_age",-0.8,-1.07624267124657,1
1,1.75,0.5,59,"invasive_income",-0.4,-0.37158312574278,0
1,1.75,0.5,59,"invasive_child",0,0.0654077147121372,0
1,1.75,0.5,60,"ASC2_male",-1.2,-0.365055405721785,0
1,1.75,0.5,60,"ASC2_age",0,-0.0586431122360903,0
1,1.75,0.5,60,"ASC2_income",0.6,0.160413526711405,0
1,1.75,0.5,60,"ASC2_child",-0.4,-0.105044410356068,0
1,1.75,0.5,60,"ASC3_male",0,0.174310492148337,0
1,1.75,0.5,60,"ASC3_age",0,-0.282018071279619,0
1,1.75,0.5,60,"ASC3_income",0,-0.472895891042576,0
1,1.75,0.5,60,"ASC3_child",0,0.234577160624941,0
1,1.75,0.5,60,"prot25_male",0,-0.520789056820855,1
1,1.75,0.5,60,"prot25_age",-0.4,-0.045571169594,0
1,1.75,0.5,60,"prot25_income",0,0.241813983712616,0
1,1.75,0.5,60,"prot25_child",0,-0.544639249461312,1
1,1.75,0.5,60,"prot50_male",-1.1,-1.42347134049257,1
1,1.75,0.5,60,"prot50_age",0,0.734417754285089,1
1,1.75,0.5,60,"prot50_income",0.4,0.409454573983138,0
1,1.75,0.5,60,"prot50_child",0,-0.725552831345016,1
1,1.75,0.5,60,"invasive_male",0.3,0.231334881950192,0
1,1.75,0.5,60,"invasive_age",-0.5,-0.228398578582747,0
1,1.75,0.5,60,"invasive_income",-0.7,-0.417799363262117,0
1,1.75,0.5,60,"invasive_child",1,0.389744059890765,0
1,1.75,0.5,61,"ASC2_male",0.8,-0.0952388785323654,0
1,1.75,0.5,61,"ASC2_age",-0.9,-0.838639951522296,1
1,1.75,0.5,61,"ASC2_income",-0.3,-0.207451642014201,0
1,1.75,0.5,61,"ASC2_child",0,-0.116499733004056,0
1,1.75,0.5,61,"ASC3_male",0,-0.391734834305884,0
1,1.75,0.5,61,"ASC3_age",0,-0.45358669121472,0
1,1.75,0.5,61,"ASC3_income",0,-0.199113283717018,0
1,1.75,0.5,61,"ASC3_child",0,-0.0643785400269861,0
1,1.75,0.5,61,"prot25_male",0,0.0239246682774006,0
1,1.75,0.5,61,"prot25_age",-1,-0.0860291137112499,0
1,1.75,0.5,61,"prot25_income",0,-0.0298522317157938,0
1,1.75,0.5,61,"prot25_child",0,0.385343917672054,0
1,1.75,0.5,61,"prot50_male",-0.8,0.0322242445623977,0
1,1.75,0.5,61,"prot50_age",0.2,0.264608829980743,0
1,1.75,0.5,61,"prot50_income",0,-0.0283780620592513,0
1,1.75,0.5,61,"prot50_child",0.3,0.339552473242405,0
1,1.75,0.5,61,"invasive_male",0,0.130315366788541,0
1,1.75,0.5,61,"invasive_age",1,0.590783495018288,1
1,1.75,0.5,61,"invasive_income",0.2,-0.136706117938942,0
1,1.75,0.5,61,"invasive_child",0.9,0.328167193721906,0
1,1.75,0.5,62,"ASC2_male",0,-1.75177987425473,1
1,1.75,0.5,62,"ASC2_age",0,0.0569982486822516,0
1,1.75,0.5,62,"ASC2_income",0.1,-0.322915749356966,0
1,1.75,0.5,62,"ASC2_child",0,0.031876436752976,0
1,1.75,0.5,62,"ASC3_male",0,-1.6909143853234,1
1,1.75,0.5,62,"ASC3_age",0.6,0.377519288552182,0
1,1.75,0.5,62,"ASC3_income",0.6,0.147484164181357,0
1,1.75,0.5,62,"ASC3_child",0,-0.0120345218050022,0
1,1.75,0.5,62,"prot25_male",-0.5,0.70956375281903,1
1,1.75,0.5,62,"prot25_age",0,-0.158857766635573,0
1,1.75,0.5,62,"prot25_income",0,0.259155754451056,0
1,1.75,0.5,62,"prot25_child",-0.2,0.231125521736995,0
1,1.75,0.5,62,"prot50_male",-0.5,0.662371794706159,1
1,1.75,0.5,62,"prot50_age",0.3,-0.0348702068127665,0
1,1.75,0.5,62,"prot50_income",0,0.513919378683953,1
1,1.75,0.5,62,"prot50_child",1,1.27785924482417,1
1,1.75,0.5,62,"invasive_male",0.5,-0.561699189141745,1
1,1.75,0.5,62,"invasive_age",0,-0.174422990854567,0
1,1.75,0.5,62,"invasive_income",0,0.0669350646121015,0
1,1.75,0.5,62,"invasive_child",-0.9,-0.425826939693608,0
1,1.75,0.5,63,"ASC2_male",0,-0.304449195501908,0
1,1.75,0.5,63,"ASC2_age",0.6,0.452256019516461,0
1,1.75,0.5,63,"ASC2_income",-0.7,-0.779419722551789,1
1,1.75,0.5,63,"ASC2_child",0,-0.376686907055053,0
1,1.75,0.5,63,"ASC3_male",-0.5,-1.11923922503061,1
1,1.75,0.5,63,"ASC3_age",0,-0.13344354368661,0
1,1.75,0.5,63,"ASC3_income",0,0.0740993676198426,0
1,1.75,0.5,63,"ASC3_child",-0.1,-0.228181111464153,0
1,1.75,0.5,63,"prot25_male",0,0.357942222279501,0
1,1.75,0.5,63,"prot25_age",0,-0.025225357990256,0
1,1.75,0.5,63,"prot25_income",-0.4,-0.284113376369661,0
1,1.75,0.5,63,"prot25_child",-0.6,-0.140703201025331,0
1,1.75,0.5,63,"prot50_male",0,0.0744774278284536,0
1,1.75,0.5,63,"prot50_age",0,0.205062790447802,0
1,1.75,0.5,63,"prot50_income",-0.9,-0.854721264938815,1
1,1.75,0.5,63,"prot50_child",-0.7,-0.154519090894195,0
1,1.75,0.5,63,"invasive_male",0.8,0.296709666463632,0
1,1.75,0.5,63,"invasive_age",0,-0.137581865960162,0
1,1.75,0.5,63,"invasive_income",-0.8,-1.10393472590567,1
1,1.75,0.5,63,"invasive_child",0,-0.177898884454404,0
1,1.75,0.5,64,"ASC2_male",0.2,0.212193647581151,0
1,1.75,0.5,64,"ASC2_age",0,-0.250017510402333,0
1,1.75,0.5,64,"ASC2_income",-0.3,-0.227447159022652,0
1,1.75,0.5,64,"ASC2_child",0,0.0969498962623253,0
1,1.75,0.5,64,"ASC3_male",0,0.51191042998111,1
1,1.75,0.5,64,"ASC3_age",-1.2,-1.07278722584802,1
1,1.75,0.5,64,"ASC3_income",0.1,-0.030889842867692,0
1,1.75,0.5,64,"ASC3_child",0,0.390744383520946,0
1,1.75,0.5,64,"prot25_male",-0.8,-0.506313901243562,1
1,1.75,0.5,64,"prot25_age",0.1,-0.0760379106086044,0
1,1.75,0.5,64,"prot25_income",0.3,0.379566983070194,0
1,1.75,0.5,64,"prot25_child",-0.5,0.105761506860917,0
1,1.75,0.5,64,"prot50_male",0.2,0.533878088833305,1
1,1.75,0.5,64,"prot50_age",1.1,0.632979630651122,1
1,1.75,0.5,64,"prot50_income",0,0.0677734852775635,0
1,1.75,0.5,64,"prot50_child",0,0.244585555344073,0
1,1.75,0.5,64,"invasive_male",0,0.426570163485504,0
1,1.75,0.5,64,"invasive_age",0,-0.239424658568157,0
1,1.75,0.5,64,"invasive_income",0,0.104027002094463,0
1,1.75,0.5,64,"invasive_child",0,0.177128756335734,0
1,1.75,0.5,65,"ASC2_male",0,-0.132140122049783,0
1,1.75,0.5,65,"ASC2_age",0.8,0.286258520116615,0
1,1.75,0.5,65,"ASC2_income",0.2,1.00160574568162,1
1,1.75,0.5,65,"ASC2_child",0,1.13779192648321,1
1,1.75,0.5,65,"ASC3_male",0,0.120959853078982,0
1,1.75,0.5,65,"ASC3_age",0,-0.473053813509037,0
1,1.75,0.5,65,"ASC3_income",0.7,1.45515108149345,1
1,1.75,0.5,65,"ASC3_child",0.5,0.946288868456706,1
1,1.75,0.5,65,"prot25_male",0,0.0492124505464628,0
1,1.75,0.5,65,"prot25_age",0,0.0940028924919626,0
1,1.75,0.5,65,"prot25_income",0,-0.178890395890434,0
1,1.75,0.5,65,"prot25_child",1,0.211409533855577,0
1,1.75,0.5,65,"prot50_male",0.6,0.321687397179496,0
1,1.75,0.5,65,"prot50_age",0,0.145618763848885,0
1,1.75,0.5,65,"prot50_income",-0.2,-0.357498663109905,0
1,1.75,0.5,65,"prot50_child",0.5,-0.312623246130509,0
1,1.75,0.5,65,"invasive_male",0.3,0.589522159256766,1
1,1.75,0.5,65,"invasive_age",0,-0.226355619344684,0
1,1.75,0.5,65,"invasive_income",0.9,1.13507303281559,1
1,1.75,0.5,65,"invasive_child",0,1.28639389414336,1
1,1.75,0.5,66,"ASC2_male",0,0.80078620868654,1
1,1.75,0.5,66,"ASC2_age",-0.2,-0.0926327470263113,0
1,1.75,0.5,66,"ASC2_income",0.4,-0.0128988074794412,0
1,1.75,0.5,66,"ASC2_child",0,0.583699008190919,1
1,1.75,0.5,66,"ASC3_male",-0.9,0.238975992568344,0
1,1.75,0.5,66,"ASC3_age",1,0.520761994444323,1
1,1.75,0.5,66,"ASC3_income",0,-0.251558375447261,0
1,1.75,0.5,66,"ASC3_child",0,0.572299053580063,1
1,1.75,0.5,66,"prot25_male",-0.5,-0.671981993652035,1
1,1.75,0.5,66,"prot25_age",0,-0.146912931360843,0
1,1.75,0.5,66,"prot25_income",0,0.0377975938358219,0
1,1.75,0.5,66,"prot25_child",-1.1,-0.181617960265736,0
1,1.75,0.5,66,"prot50_male",1,-0.0943583088132279,0
1,1.75,0.5,66,"prot50_age",0,-0.115417141743253,0
1,1.75,0.5,66,"prot50_income",0.2,0.159082526141794,0
1,1.75,0.5,66,"prot50_child",0.7,0.0711763693173843,0
1,1.75,0.5,66,"invasive_male",0,0.458648650024721,0
1,1.75,0.5,66,"invasive_age",0,-0.204116476084706,0
1,1.75,0.5,66,"invasive_income",0,0.0231827402925061,0
1,1.75,0.5,66,"invasive_child",-1,-0.56026102429721,1
1,1.75,0.5,67,"ASC2_male",-0.6,-0.0912478803057635,0
1,1.75,0.5,67,"ASC2_age",-0.5,-0.0711177678074106,0
1,1.75,0.5,67,"ASC2_income",0,-0.517821399261859,1
1,1.75,0.5,67,"ASC2_child",0.9,0.638955279647105,1
1,1.75,0.5,67,"ASC3_male",0.8,0.602845852559052,1
1,1.75,0.5,67,"ASC3_age",-0.9,-0.334590761096476,0
1,1.75,0.5,67,"ASC3_income",1.1,0.161434718321571,0
1,1.75,0.5,67,"ASC3_child",0.1,-0.127853808221473,0
1,1.75,0.5,67,"prot25_male",0,-0.446156647328183,0
1,1.75,0.5,67,"prot25_age",-0.2,-0.259519231871761,0
1,1.75,0.5,67,"prot25_income",0,0.453318438463173,0
1,1.75,0.5,67,"prot25_child",0,0.520555215796695,1
1,1.75,0.5,67,"prot50_male",1,-0.0263507718557245,0
1,1.75,0.5,67,"prot50_age",0,-0.216998814660799,0
1,1.75,0.5,67,"prot50_income",0,0.146141626440981,0
1,1.75,0.5,67,"prot50_child",0.1,0.678019733333398,1
1,1.75,0.5,67,"invasive_male",0,-0.445235731232195,0
1,1.75,0.5,67,"invasive_age",0,-0.117219227320642,0
1,1.75,0.5,67,"invasive_income",0,-0.237803770279922,0
1,1.75,0.5,67,"invasive_child",0,0.455017471064336,0
1,1.75,0.5,68,"ASC2_male",0,0.0769190191590618,0
1,1.75,0.5,68,"ASC2_age",0.1,0.156675109679617,0
1,1.75,0.5,68,"ASC2_income",0,-0.0670040324113266,0
1,1.75,0.5,68,"ASC2_child",-0.8,-0.664437605436128,1
1,1.75,0.5,68,"ASC3_male",1.1,0.678033126248686,1
1,1.75,0.5,68,"ASC3_age",-0.5,-0.700449278499673,1
1,1.75,0.5,68,"ASC3_income",0,-0.16483043791714,0
1,1.75,0.5,68,"ASC3_child",-0.9,-0.9502528569424,1
1,1.75,0.5,68,"prot25_male",0.2,0.272451515564929,0
1,1.75,0.5,68,"prot25_age",0,-0.159686039552279,0
1,1.75,0.5,68,"prot25_income",0,-0.158323427952252,0
1,1.75,0.5,68,"prot25_child",-1.1,-0.876247618517544,1
1,1.75,0.5,68,"prot50_male",0,0.266220786072433,0
1,1.75,0.5,68,"prot50_age",0,0.175576571143131,0
1,1.75,0.5,68,"prot50_income",0,0.0249437635862629,0
1,1.75,0.5,68,"prot50_child",-0.8,-0.114030733468766,0
1,1.75,0.5,68,"invasive_male",0,0.0946066938508075,0
1,1.75,0.5,68,"invasive_age",-0.7,-0.24260354592779,0
1,1.75,0.5,68,"invasive_income",0,-0.00936886308061478,0
1,1.75,0.5,68,"invasive_child",1.1,0.270050461734428,0
1,1.75,0.5,69,"ASC2_male",1.1,1.14793868654223,1
1,1.75,0.5,69,"ASC2_age",0,-0.00659563223378516,0
1,1.75,0.5,69,"ASC2_income",0.4,0.222960985594502,0
1,1.75,0.5,69,"ASC2_child",1.2,0.567535459689446,1
1,1.75,0.5,69,"ASC3_male",-1,-0.681518060928202,1
1,1.75,0.5,69,"ASC3_age",0,0.105991105129064,0
1,1.75,0.5,69,"ASC3_income",-1.2,-0.561009615387784,1
1,1.75,0.5,69,"ASC3_child",0,-0.562755705265867,1
1,1.75,0.5,69,"prot25_male",0,0.377293820800227,0
1,1.75,0.5,69,"prot25_age",0,-0.020450542563943,0
1,1.75,0.5,69,"prot25_income",-0.4,0.0307961927402715,0
1,1.75,0.5,69,"prot25_child",-0.4,-0.249865241223328,0
1,1.75,0.5,69,"prot50_male",0,-0.329060991550646,0
1,1.75,0.5,69,"prot50_age",0,0.110999803705963,0
1,1.75,0.5,69,"prot50_income",0,-0.176296672820133,0
1,1.75,0.5,69,"prot50_child",0,-0.0894772726252459,0
1,1.75,0.5,69,"invasive_male",0,0.184418586329913,0
1,1.75,0.5,69,"invasive_age",-0.5,-0.234687858646495,0
1,1.75,0.5,69,"invasive_income",-0.2,-0.0233692376129607,0
1,1.75,0.5,69,"invasive_child",-0.2,-0.428753722751427,0
1,1.75,0.5,70,"ASC2_male",-0.8,-0.52384180448071,1
1,1.75,0.5,70,"ASC2_age",0,0.363326802069723,0
1,1.75,0.5,70,"ASC2_income",0.3,-0.112429496792341,0
1,1.75,0.5,70,"ASC2_child",0,-0.09363342169414,0
1,1.75,0.5,70,"ASC3_male",0.9,0.274315640870105,0
1,1.75,0.5,70,"ASC3_age",0,0.208707940516663,0
1,1.75,0.5,70,"ASC3_income",0,-0.334163630346391,0
1,1.75,0.5,70,"ASC3_child",0,0.478811925510684,0
1,1.75,0.5,70,"prot25_male",0,0.0938164940260152,0
1,1.75,0.5,70,"prot25_age",0,-0.367186605778002,0
1,1.75,0.5,70,"prot25_income",0.9,0.81655860856842,1
1,1.75,0.5,70,"prot25_child",0,-0.0928378480082007,0
1,1.75,0.5,70,"prot50_male",-0.1,-0.754944408474925,1
1,1.75,0.5,70,"prot50_age",-0.9,-0.865852401243876,1
1,1.75,0.5,70,"prot50_income",0.9,0.724225532850336,1
1,1.75,0.5,70,"prot50_child",1,0.8525208147895,1
1,1.75,0.5,70,"invasive_male",0,-0.614318572006027,1
1,1.75,0.5,70,"invasive_age",0.8,0.551449309675823,1
1,1.75,0.5,70,"invasive_income",0,0.030144379206306,0
1,1.75,0.5,70,"invasive_child",-0.6,0.224792883398239,0
1,1.75,0.5,71,"ASC2_male",0.5,0.332188508731565,0
1,1.75,0.5,71,"ASC2_age",1,0.530019105773124,1
1,1.75,0.5,71,"ASC2_income",0.8,0.705251106367476,1
1,1.75,0.5,71,"ASC2_child",0.7,0.208109655435924,0
1,1.75,0.5,71,"ASC3_male",0,0.0792770398045752,0
1,1.75,0.5,71,"ASC3_age",0,0.278635847059295,0
1,1.75,0.5,71,"ASC3_income",0,0.123003115383823,0
1,1.75,0.5,71,"ASC3_child",1.1,0.396119440732369,0
1,1.75,0.5,71,"prot25_male",0,0.309510791803018,0
1,1.75,0.5,71,"prot25_age",0,-0.124736156647456,0
1,1.75,0.5,71,"prot25_income",0,-0.256404108586144,0
1,1.75,0.5,71,"prot25_child",0,-0.0175197390681867,0
1,1.75,0.5,71,"prot50_male",0,-0.243826677561,0
1,1.75,0.5,71,"prot50_age",-0.6,-0.235448803818539,0
1,1.75,0.5,71,"prot50_income",-0.9,-0.736185000880042,1
1,1.75,0.5,71,"prot50_child",-0.7,-0.63568597631143,1
1,1.75,0.5,71,"invasive_male",0.8,0.223470611785867,0
1,1.75,0.5,71,"invasive_age",0,0.10163593053596,0
1,1.75,0.5,71,"invasive_income",1,0.235575532953789,0
1,1.75,0.5,71,"invasive_child",0,-0.420766961012766,0
1,1.75,0.5,72,"ASC2_male",-0.8,-0.302331263058498,0
1,1.75,0.5,72,"ASC2_age",0,-0.0219831408451694,0
1,1.75,0.5,72,"ASC2_income",0.3,0.394051116475329,0
1,1.75,0.5,72,"ASC2_child",0.2,-0.20764298445951,0
1,1.75,0.5,72,"ASC3_male",0,0.236202358384301,0
1,1.75,0.5,72,"ASC3_age",0,0.183611692298138,0
1,1.75,0.5,72,"ASC3_income",0,0.491091208688161,0
1,1.75,0.5,72,"ASC3_child",-0.9,-0.248135138787397,0
1,1.75,0.5,72,"prot25_male",0,0.0470084575159064,0
1,1.75,0.5,72,"prot25_age",0,0.00848125404998511,0
1,1.75,0.5,72,"prot25_income",0,0.0593430137221829,0
1,1.75,0.5,72,"prot25_child",-0.6,0.0747767136517202,0
1,1.75,0.5,72,"prot50_male",1,-0.231306944173216,0
1,1.75,0.5,72,"prot50_age",-0.6,-0.393818207639947,0
1,1.75,0.5,72,"prot50_income",0,0.366432494639845,0
1,1.75,0.5,72,"prot50_child",0.4,0.429479128873715,0
1,1.75,0.5,72,"invasive_male",-0.5,-0.640335252763443,1
1,1.75,0.5,72,"invasive_age",0,-0.0563142038664939,0
1,1.75,0.5,72,"invasive_income",0,0.482008471329093,0
1,1.75,0.5,72,"invasive_child",-0.1,-0.0684874007184449,0
1,1.75,0.5,73,"ASC2_male",0,0.478495287929838,0
1,1.75,0.5,73,"ASC2_age",0,-0.145159892729846,0
1,1.75,0.5,73,"ASC2_income",0.5,0.0931873321754163,0
1,1.75,0.5,73,"ASC2_child",-1,-0.263244561379202,0
1,1.75,0.5,73,"ASC3_male",0.8,0.375351443758077,0
1,1.75,0.5,73,"ASC3_age",0,0.011856599105446,0
1,1.75,0.5,73,"ASC3_income",-0.5,-0.239069449391174,0
1,1.75,0.5,73,"ASC3_child",-1.2,-0.484015254680024,0
1,1.75,0.5,73,"prot25_male",0,-0.31876028691146,0
1,1.75,0.5,73,"prot25_age",0,-0.00788209474649923,0
1,1.75,0.5,73,"prot25_income",0.4,0.573927245839619,1
1,1.75,0.5,73,"prot25_child",0,0.174156882770989,0
1,1.75,0.5,73,"prot50_male",-0.7,-0.109388906214743,0
1,1.75,0.5,73,"prot50_age",0.7,0.187758658056475,0
1,1.75,0.5,73,"prot50_income",1,0.667814519160346,1
1,1.75,0.5,73,"prot50_child",0,-0.432168330435678,0
1,1.75,0.5,73,"invasive_male",0,0.300696557218356,0
1,1.75,0.5,73,"invasive_age",0,-0.217166175048644,0
1,1.75,0.5,73,"invasive_income",0,-0.231283682694995,0
1,1.75,0.5,73,"invasive_child",0.8,0.32668469362597,0
1,1.75,0.5,74,"ASC2_male",0,-0.279770691297459,0
1,1.75,0.5,74,"ASC2_age",0,0.349310253270458,0
1,1.75,0.5,74,"ASC2_income",0,-0.38745758271462,0
1,1.75,0.5,74,"ASC2_child",-1,0.264238245836654,0
1,1.75,0.5,74,"ASC3_male",0.9,0.303658212149518,0
1,1.75,0.5,74,"ASC3_age",1.1,1.02728943427791,1
1,1.75,0.5,74,"ASC3_income",0,-0.161925584979814,0
1,1.75,0.5,74,"ASC3_child",0,0.566897795677111,1
1,1.75,0.5,74,"prot25_male",-0.6,0.100492724894278,0
1,1.75,0.5,74,"prot25_age",0.5,0.197567189019666,0
1,1.75,0.5,74,"prot25_income",-0.3,-0.200463307598722,0
1,1.75,0.5,74,"prot25_child",0,0.354530258294848,0
1,1.75,0.5,74,"prot50_male",-0.2,0.388778829407773,0
1,1.75,0.5,74,"prot50_age",0,-0.415632070536675,0
1,1.75,0.5,74,"prot50_income",0,-0.216721914373178,0
1,1.75,0.5,74,"prot50_child",0,-0.224409795503035,0
1,1.75,0.5,74,"invasive_male",0,0.289017027362586,0
1,1.75,0.5,74,"invasive_age",-1.1,-0.659760725145535,1
1,1.75,0.5,74,"invasive_income",0.4,0.219808401705022,0
1,1.75,0.5,74,"invasive_child",0.7,-0.0705278497965838,0
1,1.75,0.5,75,"ASC2_male",0,0.555669815800304,1
1,1.75,0.5,75,"ASC2_age",0.5,0.606533880284535,1
1,1.75,0.5,75,"ASC2_income",0,-0.424425988854175,0
1,1.75,0.5,75,"ASC2_child",0,-0.207114817294879,0
1,1.75,0.5,75,"ASC3_male",1,1.33074500723221,1
1,1.75,0.5,75,"ASC3_age",0,0.25239762020136,0
1,1.75,0.5,75,"ASC3_income",0,-0.749786558406547,1
1,1.75,0.5,75,"ASC3_child",-0.8,-0.727701297589351,1
1,1.75,0.5,75,"prot25_male",0.9,0.735683995805487,1
1,1.75,0.5,75,"prot25_age",1,0.631144267481669,1
1,1.75,0.5,75,"prot25_income",0,0.617842967024359,1
1,1.75,0.5,75,"prot25_child",-1,-0.855826951608974,1
1,1.75,0.5,75,"prot50_male",0,-0.237831860675533,0
1,1.75,0.5,75,"prot50_age",0,-0.559649452902637,1
1,1.75,0.5,75,"prot50_income",-0.9,-0.399150343311089,0
1,1.75,0.5,75,"prot50_child",-0.4,-0.464799296889512,0
1,1.75,0.5,75,"invasive_male",0.7,0.214186188172275,0
1,1.75,0.5,75,"invasive_age",0,0.0237667432460443,0
1,1.75,0.5,75,"invasive_income",-0.5,-0.574371360305726,1
1,1.75,0.5,75,"invasive_child",0,-0.200392910313757,0
1,1.75,0.5,76,"ASC2_male",-0.7,-0.212613898511991,0
1,1.75,0.5,76,"ASC2_age",0,0.350026940949303,0
1,1.75,0.5,76,"ASC2_income",0,-0.626575319086958,1
1,1.75,0.5,76,"ASC2_child",-1,-0.266875067264797,0
1,1.75,0.5,76,"ASC3_male",-0.4,-0.0423126160492228,0
1,1.75,0.5,76,"ASC3_age",0,0.377917810705955,0
1,1.75,0.5,76,"ASC3_income",-0.5,-0.703112174774429,1
1,1.75,0.5,76,"ASC3_child",-0.6,-0.264121899526418,0
1,1.75,0.5,76,"prot25_male",0,-0.216243230700535,0
1,1.75,0.5,76,"prot25_age",0,-0.617538602567273,1
1,1.75,0.5,76,"prot25_income",0,0.546163876693002,1
1,1.75,0.5,76,"prot25_child",-0.5,-0.746315060705024,1
1,1.75,0.5,76,"prot50_male",-0.1,-0.196382302201693,0
1,1.75,0.5,76,"prot50_age",0,-0.293466799539121,0
1,1.75,0.5,76,"prot50_income",0,0.383138193908555,0
1,1.75,0.5,76,"prot50_child",0,-0.45723837193871,0
1,1.75,0.5,76,"invasive_male",-0.4,-0.406735111370273,0
1,1.75,0.5,76,"invasive_age",0,0.339019037972234,0
1,1.75,0.5,76,"invasive_income",-0.2,-0.39435185984168,0
1,1.75,0.5,76,"invasive_child",0.1,-0.133966104291764,0
1,1.75,0.5,77,"ASC2_male",0.4,0.227490730567862,0
1,1.75,0.5,77,"ASC2_age",-0.4,0.0801038589292668,0
1,1.75,0.5,77,"ASC2_income",0,0.179468941624126,0
1,1.75,0.5,77,"ASC2_child",-1.1,-0.820125858364531,1
1,1.75,0.5,77,"ASC3_male",0,-0.0772423691312752,0
1,1.75,0.5,77,"ASC3_age",0,0.259152868797847,0
1,1.75,0.5,77,"ASC3_income",0,0.122314934761624,0
1,1.75,0.5,77,"ASC3_child",0,0.347964599973422,0
1,1.75,0.5,77,"prot25_male",0.8,0.280195839454188,0
1,1.75,0.5,77,"prot25_age",0.6,0.0627799202657197,0
1,1.75,0.5,77,"prot25_income",0,-0.0346155034044606,0
1,1.75,0.5,77,"prot25_child",0,-0.273781971684273,0
1,1.75,0.5,77,"prot50_male",0,-0.180854769134965,0
1,1.75,0.5,77,"prot50_age",-0.5,-0.488483995715145,0
1,1.75,0.5,77,"prot50_income",-1.1,-0.806925467274387,1
1,1.75,0.5,77,"prot50_child",0,0.0295010995090073,0
1,1.75,0.5,77,"invasive_male",0,-0.189039195005778,0
1,1.75,0.5,77,"invasive_age",1,0.405627794040968,0
1,1.75,0.5,77,"invasive_income",0.6,0.654403372292774,1
1,1.75,0.5,77,"invasive_child",-0.2,-0.634654585213774,1
1,1.75,0.5,78,"ASC2_male",0,-0.221826560614085,0
1,1.75,0.5,78,"ASC2_age",0,0.221883008813763,0
1,1.75,0.5,78,"ASC2_income",0,-0.838309041663361,1
1,1.75,0.5,78,"ASC2_child",0,-0.0710691716050285,0
1,1.75,0.5,78,"ASC3_male",0,-0.133042507801734,0
1,1.75,0.5,78,"ASC3_age",0,0.129642461484925,0
1,1.75,0.5,78,"ASC3_income",-0.4,-1.24681413413548,1
1,1.75,0.5,78,"ASC3_child",0,0.359418456033262,0
1,1.75,0.5,78,"prot25_male",-1.1,-0.0718110827910044,0
1,1.75,0.5,78,"prot25_age",0,-0.396120882135337,0
1,1.75,0.5,78,"prot25_income",-0.2,0.644187778729081,1
1,1.75,0.5,78,"prot25_child",0,-0.163672332116855,0
1,1.75,0.5,78,"prot50_male",0.6,0.240741323187084,0
1,1.75,0.5,78,"prot50_age",-0.4,-0.156624742683225,0
1,1.75,0.5,78,"prot50_income",-0.9,0.198390723995109,0
1,1.75,0.5,78,"prot50_child",0.6,0.201038116201739,0
1,1.75,0.5,78,"invasive_male",-0.6,-0.61762263500966,1
1,1.75,0.5,78,"invasive_age",0.9,0.680957905661563,1
1,1.75,0.5,78,"invasive_income",1.2,0.575863561757251,1
1,1.75,0.5,78,"invasive_child",0,0.283244736771189,0
1,1.75,0.5,79,"ASC2_male",0,-0.444413772289298,0
1,1.75,0.5,79,"ASC2_age",0,0.44194710671236,0
1,1.75,0.5,79,"ASC2_income",0,0.0529780042415813,0
1,1.75,0.5,79,"ASC2_child",0,-0.452718341137216,0
1,1.75,0.5,79,"ASC3_male",0,-0.182392014278625,0
1,1.75,0.5,79,"ASC3_age",0,0.220782931823214,0
1,1.75,0.5,79,"ASC3_income",0.2,0.0134221463585896,0
1,1.75,0.5,79,"ASC3_child",-0.3,-0.332331901798882,0
1,1.75,0.5,79,"prot25_male",0.2,-0.135067888507749,0
1,1.75,0.5,79,"prot25_age",0,0.00345313833632687,0
1,1.75,0.5,79,"prot25_income",0.9,0.403353500047194,0
1,1.75,0.5,79,"prot25_child",0.3,0.983189641002534,1
1,1.75,0.5,79,"prot50_male",1,0.818795976852724,1
1,1.75,0.5,79,"prot50_age",0,0.0908921904718629,0
1,1.75,0.5,79,"prot50_income",-0.7,-0.64430436793467,1
1,1.75,0.5,79,"prot50_child",0,0.587508212640403,1
1,1.75,0.5,79,"invasive_male",-0.6,-0.155937593594006,0
1,1.75,0.5,79,"invasive_age",-1.1,-0.667391320074197,1
1,1.75,0.5,79,"invasive_income",0,-0.0188321308980572,0
1,1.75,0.5,79,"invasive_child",-0.1,-0.00634025664311339,0
1,1.75,0.5,80,"ASC2_male",0.8,0.60263047008143,1
1,1.75,0.5,80,"ASC2_age",0,0.235069152001536,0
1,1.75,0.5,80,"ASC2_income",0.4,0.174676654247977,0
1,1.75,0.5,80,"ASC2_child",-1,0.328687561860102,0
1,1.75,0.5,80,"ASC3_male",0,0.262258824526611,0
1,1.75,0.5,80,"ASC3_age",1,0.599068084423492,1
1,1.75,0.5,80,"ASC3_income",0,0.0865803341772317,0
1,1.75,0.5,80,"ASC3_child",-1.1,-0.0889857381578518,0
1,1.75,0.5,80,"prot25_male",0.8,0.109971767864178,0
1,1.75,0.5,80,"prot25_age",0,0.0762468355327651,0
1,1.75,0.5,80,"prot25_income",0,-0.21934895958351,0
1,1.75,0.5,80,"prot25_child",0.3,-0.0275657685324246,0
1,1.75,0.5,80,"prot50_male",0,-0.387249603313878,0
1,1.75,0.5,80,"prot50_age",1,0.606921627867479,1
1,1.75,0.5,80,"prot50_income",0,-0.0941273159746475,0
1,1.75,0.5,80,"prot50_child",0,-0.356409118734188,0
1,1.75,0.5,80,"invasive_male",0,0.407689101321858,0
1,1.75,0.5,80,"invasive_age",1,0.297721444504869,0
1,1.75,0.5,80,"invasive_income",0,-0.00951250935119344,0
1,1.75,0.5,80,"invasive_child",1.1,0.589271623353281,1
1,1.75,0.5,81,"ASC2_male",1,0.410744695447629,0
1,1.75,0.5,81,"ASC2_age",0,-0.408251219205276,0
1,1.75,0.5,81,"ASC2_income",0,0.265675622881072,0
1,1.75,0.5,81,"ASC2_child",0,-0.192240441760604,0
1,1.75,0.5,81,"ASC3_male",0,-0.566849168559538,1
1,1.75,0.5,81,"ASC3_age",0,-0.428644921932554,0
1,1.75,0.5,81,"ASC3_income",0,0.118740793638916,0
1,1.75,0.5,81,"ASC3_child",-0.4,-0.450751377385188,0
1,1.75,0.5,81,"prot25_male",0,0.708152545854864,1
1,1.75,0.5,81,"prot25_age",0,0.307316124039352,0
1,1.75,0.5,81,"prot25_income",0,-0.0626910149316075,0
1,1.75,0.5,81,"prot25_child",-0.2,0.19970573291826,0
1,1.75,0.5,81,"prot50_male",1.1,1.68880760765838,1
1,1.75,0.5,81,"prot50_age",0.8,0.745692298997141,1
1,1.75,0.5,81,"prot50_income",0,-0.0114240443115849,0
1,1.75,0.5,81,"prot50_child",-0.3,-0.0760940965252961,0
1,1.75,0.5,81,"invasive_male",-0.2,-0.445853480365982,0
1,1.75,0.5,81,"invasive_age",-1.2,-0.67265371287362,1
1,1.75,0.5,81,"invasive_income",0.4,0.434588993883789,0
1,1.75,0.5,81,"invasive_child",1.1,0.423439870330229,0
1,1.75,0.5,82,"ASC2_male",0,0.271800124884147,0
1,1.75,0.5,82,"ASC2_age",0,0.474039647728164,0
1,1.75,0.5,82,"ASC2_income",-0.8,-0.66709343688568,1
1,1.75,0.5,82,"ASC2_child",0.4,0.343406875829139,0
1,1.75,0.5,82,"ASC3_male",-0.5,0.316192540716696,0
1,1.75,0.5,82,"ASC3_age",0,0.467803600364392,0
1,1.75,0.5,82,"ASC3_income",0,-0.308204659634879,0
1,1.75,0.5,82,"ASC3_child",0,0.709306142488091,1
1,1.75,0.5,82,"prot25_male",-0.5,-0.665555352603733,1
1,1.75,0.5,82,"prot25_age",0,-0.470881830737292,0
1,1.75,0.5,82,"prot25_income",0.8,0.686127719717679,1
1,1.75,0.5,82,"prot25_child",0,0.079137711986448,0
1,1.75,0.5,82,"prot50_male",-0.3,-0.565268886895701,1
1,1.75,0.5,82,"prot50_age",0,-0.237977917321585,0
1,1.75,0.5,82,"prot50_income",0.6,0.748215291886772,1
1,1.75,0.5,82,"prot50_child",0.3,0.228159252959246,0
1,1.75,0.5,82,"invasive_male",-1.1,-0.415290435245392,0
1,1.75,0.5,82,"invasive_age",-1.2,-0.825232909725991,1
1,1.75,0.5,82,"invasive_income",0,0.0763624459453032,0
1,1.75,0.5,82,"invasive_child",0,0.477333944004388,0
1,1.75,0.5,83,"ASC2_male",0.5,0.987909915319707,1
1,1.75,0.5,83,"ASC2_age",0,0.0171837341981153,0
1,1.75,0.5,83,"ASC2_income",-0.6,0.0490586955653362,0
1,1.75,0.5,83,"ASC2_child",-0.5,-0.423367664046691,0
1,1.75,0.5,83,"ASC3_male",0,0.733855226808256,1
1,1.75,0.5,83,"ASC3_age",0,0.284322446973611,0
1,1.75,0.5,83,"ASC3_income",0,0.301209187763689,0
1,1.75,0.5,83,"ASC3_child",0,0.0422287907037894,0
1,1.75,0.5,83,"prot25_male",-1,-0.38752093521963,0
1,1.75,0.5,83,"prot25_age",0.1,-0.100973001016992,0
1,1.75,0.5,83,"prot25_income",0,-0.279199941990911,0
1,1.75,0.5,83,"prot25_child",0,-0.26225177740162,0
1,1.75,0.5,83,"prot50_male",0.7,0.850712514213084,1
1,1.75,0.5,83,"prot50_age",0,-0.240229930628892,0
1,1.75,0.5,83,"prot50_income",1.1,0.742294435225011,1
1,1.75,0.5,83,"prot50_child",0,-0.498684212592402,0
1,1.75,0.5,83,"invasive_male",0.7,1.09136539436356,1
1,1.75,0.5,83,"invasive_age",-1,-0.694443291052082,1
1,1.75,0.5,83,"invasive_income",0.3,0.36167408653551,0
1,1.75,0.5,83,"invasive_child",0,-0.221020176050304,0
1,1.75,0.5,84,"ASC2_male",0,-0.425475234299774,0
1,1.75,0.5,84,"ASC2_age",0,0.13043141898505,0
1,1.75,0.5,84,"ASC2_income",-0.9,-0.337218994361221,0
1,1.75,0.5,84,"ASC2_child",1.1,-1.13805212794669,1
1,1.75,0.5,84,"ASC3_male",0.7,0.0542341879799243,0
1,1.75,0.5,84,"ASC3_age",0,0.0235903332258693,0
1,1.75,0.5,84,"ASC3_income",0,0.0261622398251227,0
1,1.75,0.5,84,"ASC3_child",0.3,-1.82097876306746,1
1,1.75,0.5,84,"prot25_male",0.3,0.814699762250243,1
1,1.75,0.5,84,"prot25_age",0,0.183101145087469,0
1,1.75,0.5,84,"prot25_income",0,0.0364032419367937,0
1,1.75,0.5,84,"prot25_child",0,1.36351615533201,1
1,1.75,0.5,84,"prot50_male",0,0.854796542774475,1
1,1.75,0.5,84,"prot50_age",-0.2,-0.0984945317389698,0
1,1.75,0.5,84,"prot50_income",0.5,0.130400542592551,0
1,1.75,0.5,84,"prot50_child",0,1.72582223001697,1
1,1.75,0.5,84,"invasive_male",0,0.0025240003748452,0
1,1.75,0.5,84,"invasive_age",-0.7,-0.370465813590424,0
1,1.75,0.5,84,"invasive_income",-0.9,-0.317333705384531,0
1,1.75,0.5,84,"invasive_child",0.5,-0.311860369498548,0
1,1.75,0.5,85,"ASC2_male",0.9,1.08821153781741,1
1,1.75,0.5,85,"ASC2_age",0,-0.218120911663981,0
1,1.75,0.5,85,"ASC2_income",-0.2,-0.231996093363193,0
1,1.75,0.5,85,"ASC2_child",0.5,0.0267302305152301,0
1,1.75,0.5,85,"ASC3_male",0,0.479421810155948,0
1,1.75,0.5,85,"ASC3_age",0,0.0189172700523841,0
1,1.75,0.5,85,"ASC3_income",0,-0.0162007749735196,0
1,1.75,0.5,85,"ASC3_child",0.8,0.483366656113379,0
1,1.75,0.5,85,"prot25_male",0.4,-0.00897721177482264,0
1,1.75,0.5,85,"prot25_age",0,-0.0945936629416648,0
1,1.75,0.5,85,"prot25_income",0.5,0.169286226218592,0
1,1.75,0.5,85,"prot25_child",-0.2,-0.347776507291621,0
1,1.75,0.5,85,"prot50_male",-0.1,-0.456307843464883,0
1,1.75,0.5,85,"prot50_age",0,0.077098346254967,0
1,1.75,0.5,85,"prot50_income",-1.1,-0.881612162576601,1
1,1.75,0.5,85,"prot50_child",0,0.455982198289911,0
1,1.75,0.5,85,"invasive_male",0.7,0.248694868631303,0
1,1.75,0.5,85,"invasive_age",0,0.0872441659000294,0
1,1.75,0.5,85,"invasive_income",0,-0.37699161471715,0
1,1.75,0.5,85,"invasive_child",0,0.32478468590841,0
1,1.75,0.5,86,"ASC2_male",0.2,-0.126762621482742,0
1,1.75,0.5,86,"ASC2_age",0.4,0.832357282475146,1
1,1.75,0.5,86,"ASC2_income",0,0.104313025836417,0
1,1.75,0.5,86,"ASC2_child",-0.2,-0.262764002948278,0
1,1.75,0.5,86,"ASC3_male",-0.2,0.118602007529398,0
1,1.75,0.5,86,"ASC3_age",0,0.792409660293562,1
1,1.75,0.5,86,"ASC3_income",0,0.212129040051657,0
1,1.75,0.5,86,"ASC3_child",0,0.225967935944269,0
1,1.75,0.5,86,"prot25_male",0,-0.502188209284423,1
1,1.75,0.5,86,"prot25_age",0,-0.458589014826884,0
1,1.75,0.5,86,"prot25_income",-0.2,0.0499272797381846,0
1,1.75,0.5,86,"prot25_child",0,0.465542538943441,0
1,1.75,0.5,86,"prot50_male",0.6,0.233620044909393,0
1,1.75,0.5,86,"prot50_age",-1,-1.23884466566208,1
1,1.75,0.5,86,"prot50_income",0,0.166991019362571,0
1,1.75,0.5,86,"prot50_child",1,1.22575989855297,1
1,1.75,0.5,86,"invasive_male",0.5,0.204532573067654,0
1,1.75,0.5,86,"invasive_age",0,0.0224670929092693,0
1,1.75,0.5,86,"invasive_income",0,0.313326168031251,0
1,1.75,0.5,86,"invasive_child",-1,-0.349134842786804,0
1,1.75,0.5,87,"ASC2_male",0.2,0.651148230011114,1
1,1.75,0.5,87,"ASC2_age",1.1,0.724733035451297,1
1,1.75,0.5,87,"ASC2_income",0,0.0455699180343813,0
1,1.75,0.5,87,"ASC2_child",0,0.666925940790422,1
1,1.75,0.5,87,"ASC3_male",0,0.488669418780288,0
1,1.75,0.5,87,"ASC3_age",-0.4,0.25659804493521,0
1,1.75,0.5,87,"ASC3_income",0,-0.0142914246998737,0
1,1.75,0.5,87,"ASC3_child",0.7,1.20515951525227,1
1,1.75,0.5,87,"prot25_male",-1.2,-1.93425488410129,1
1,1.75,0.5,87,"prot25_age",-0.9,-0.37644554007512,0
1,1.75,0.5,87,"prot25_income",0,-0.0114355371005884,0
1,1.75,0.5,87,"prot25_child",-0.2,-0.417612723193388,0
1,1.75,0.5,87,"prot50_male",-0.5,-1.06730795255721,1
1,1.75,0.5,87,"prot50_age",0,0.383340537535685,0
1,1.75,0.5,87,"prot50_income",0,-0.235325194454249,0
1,1.75,0.5,87,"prot50_child",0.4,0.518034496583727,1
1,1.75,0.5,87,"invasive_male",0,-0.185511652226757,0
1,1.75,0.5,87,"invasive_age",0,0.279614261305901,0
1,1.75,0.5,87,"invasive_income",0,-0.282565235601268,0
1,1.75,0.5,87,"invasive_child",0.8,1.05044642411382,1
1,1.75,0.5,88,"ASC2_male",-1.1,0.274308488414192,0
1,1.75,0.5,88,"ASC2_age",0,-0.442071440010686,0
1,1.75,0.5,88,"ASC2_income",0.3,0.07016699540617,0
1,1.75,0.5,88,"ASC2_child",0,0.220455211746143,0
1,1.75,0.5,88,"ASC3_male",-1.1,0.382068919360082,0
1,1.75,0.5,88,"ASC3_age",0,-0.0865463903360322,0
1,1.75,0.5,88,"ASC3_income",0,-0.265571512165767,0
1,1.75,0.5,88,"ASC3_child",0.5,0.250837948030331,0
1,1.75,0.5,88,"prot25_male",0.6,-0.616064828725279,1
1,1.75,0.5,88,"prot25_age",0,0.0659037518813285,0
1,1.75,0.5,88,"prot25_income",0,0.0880571231481089,0
1,1.75,0.5,88,"prot25_child",0,-0.527508499343318,1
1,1.75,0.5,88,"prot50_male",0,-0.6414604082337,1
1,1.75,0.5,88,"prot50_age",-0.3,-0.0720645191690853,0
1,1.75,0.5,88,"prot50_income",-0.5,-0.189948264836397,0
1,1.75,0.5,88,"prot50_child",0.8,0.28186326539079,0
1,1.75,0.5,88,"invasive_male",0,0.585824310431946,1
1,1.75,0.5,88,"invasive_age",-1.1,-0.811395952988115,1
1,1.75,0.5,88,"invasive_income",0.4,0.239657566644651,0
1,1.75,0.5,88,"invasive_child",0,-0.162152604882458,0
1,1.75,0.5,89,"ASC2_male",0,-0.159150760745035,0
1,1.75,0.5,89,"ASC2_age",0,-0.20436986416283,0
1,1.75,0.5,89,"ASC2_income",0.5,0.362071438625708,0
1,1.75,0.5,89,"ASC2_child",0,-0.87449332306582,1
1,1.75,0.5,89,"ASC3_male",0,-0.317732803009386,0
1,1.75,0.5,89,"ASC3_age",0.3,-0.195810314244702,0
1,1.75,0.5,89,"ASC3_income",-0.8,-0.431762853233734,0
1,1.75,0.5,89,"ASC3_child",0,-0.756674969998111,1
1,1.75,0.5,89,"prot25_male",0.1,-0.281718828399564,0
1,1.75,0.5,89,"prot25_age",-0.1,0.0439919098862128,0
1,1.75,0.5,89,"prot25_income",0,-0.00623596593065231,0
1,1.75,0.5,89,"prot25_child",-1.2,0.179270641209434,0
1,1.75,0.5,89,"prot50_male",-0.5,-1.19513857288403,1
1,1.75,0.5,89,"prot50_age",0,-0.238836706813394,0
1,1.75,0.5,89,"prot50_income",0,0.54781319943616,1
1,1.75,0.5,89,"prot50_child",0,0.424866480021896,0
1,1.75,0.5,89,"invasive_male",-0.6,-0.938961023132734,1
1,1.75,0.5,89,"invasive_age",0.2,-0.247285845064751,0
1,1.75,0.5,89,"invasive_income",1.1,1.25997428387353,1
1,1.75,0.5,89,"invasive_child",0,-0.202725519293683,0
1,1.75,0.5,90,"ASC2_male",-1,-0.548259730814945,1
1,1.75,0.5,90,"ASC2_age",-0.2,-0.654769063141256,1
1,1.75,0.5,90,"ASC2_income",-0.9,-1.0909761349402,1
1,1.75,0.5,90,"ASC2_child",0.8,1.12932748306063,1
1,1.75,0.5,90,"ASC3_male",0,0.232245790349531,0
1,1.75,0.5,90,"ASC3_age",0,-0.0936251990224317,0
1,1.75,0.5,90,"ASC3_income",0,-0.47396875673679,0
1,1.75,0.5,90,"ASC3_child",0.6,0.828448426683833,1
1,1.75,0.5,90,"prot25_male",0,-0.34114588618412,0
1,1.75,0.5,90,"prot25_age",0,0.225554619766296,0
1,1.75,0.5,90,"prot25_income",0.8,1.25474426465491,1
1,1.75,0.5,90,"prot25_child",0,-0.522678127483994,1
1,1.75,0.5,90,"prot50_male",0,-0.49019358576618,0
1,1.75,0.5,90,"prot50_age",1,0.88246053158265,1
1,1.75,0.5,90,"prot50_income",0.6,1.02189630113505,1
1,1.75,0.5,90,"prot50_child",0,-0.100838667953762,0
1,1.75,0.5,90,"invasive_male",0,-0.551242633919424,1
1,1.75,0.5,90,"invasive_age",0,-0.0598284184857819,0
1,1.75,0.5,90,"invasive_income",-0.6,-0.279839467904765,0
1,1.75,0.5,90,"invasive_child",-1.2,-1.05132928498375,1
1,1.75,0.5,91,"ASC2_male",1.2,0.958406692717909,1
1,1.75,0.5,91,"ASC2_age",0.2,0.156221654807383,0
1,1.75,0.5,91,"ASC2_income",0,0.190644277514181,0
1,1.75,0.5,91,"ASC2_child",0,0.0242148860868207,0
1,1.75,0.5,91,"ASC3_male",0,0.187433200894965,0
1,1.75,0.5,91,"ASC3_age",0,-0.185189126998034,0
1,1.75,0.5,91,"ASC3_income",0.6,0.633139675340449,1
1,1.75,0.5,91,"ASC3_child",1.1,0.325194965416256,0
1,1.75,0.5,91,"prot25_male",0,-0.348238452921001,0
1,1.75,0.5,91,"prot25_age",0.3,0.322702343124084,0
1,1.75,0.5,91,"prot25_income",0.2,0.00713560716870749,0
1,1.75,0.5,91,"prot25_child",0,-0.653878895094059,1
1,1.75,0.5,91,"prot50_male",-0.7,-0.0576879872032714,0
1,1.75,0.5,91,"prot50_age",0,0.401840769760518,0
1,1.75,0.5,91,"prot50_income",-1,-1.1779634212425,1
1,1.75,0.5,91,"prot50_child",0,0.787901643882878,1
1,1.75,0.5,91,"invasive_male",-0.6,-0.517297574559708,1
1,1.75,0.5,91,"invasive_age",0,0.125965940718534,0
1,1.75,0.5,91,"invasive_income",0.4,0.352068407406409,0
1,1.75,0.5,91,"invasive_child",0,-0.101860721471596,0
1,1.75,0.5,92,"ASC2_male",-0.4,-0.579158979261887,1
1,1.75,0.5,92,"ASC2_age",0,0.069639063838149,0
1,1.75,0.5,92,"ASC2_income",1,0.574573289952599,1
1,1.75,0.5,92,"ASC2_child",0,-0.0691228943665605,0
1,1.75,0.5,92,"ASC3_male",-1.1,-1.40281066433467,1
1,1.75,0.5,92,"ASC3_age",0.6,0.29776303570186,0
1,1.75,0.5,92,"ASC3_income",0.8,0.672607825499577,1
1,1.75,0.5,92,"ASC3_child",0,-0.465285455890834,0
1,1.75,0.5,92,"prot25_male",0,0.298288717240848,0
1,1.75,0.5,92,"prot25_age",0,-0.127669586534626,0
1,1.75,0.5,92,"prot25_income",0.7,0.72753032756348,1
1,1.75,0.5,92,"prot25_child",-0.8,-0.121756290083329,0
1,1.75,0.5,92,"prot50_male",1,0.998465513721828,1
1,1.75,0.5,92,"prot50_age",0,0.395230596064984,0
1,1.75,0.5,92,"prot50_income",-1.2,-1.21653128121309,1
1,1.75,0.5,92,"prot50_child",0,0.426506348062106,0
1,1.75,0.5,92,"invasive_male",0,-0.21691510328586,0
1,1.75,0.5,92,"invasive_age",0,0.691392162570408,1
1,1.75,0.5,92,"invasive_income",-0.9,-1.42703177132595,1
1,1.75,0.5,92,"invasive_child",0,0.739338377547495,1
1,1.75,0.5,93,"ASC2_male",0,-0.409868908140667,0
1,1.75,0.5,93,"ASC2_age",1,0.754958346110561,1
1,1.75,0.5,93,"ASC2_income",0,-0.0808128730300823,0
1,1.75,0.5,93,"ASC2_child",-0.3,-0.975292834315158,1
1,1.75,0.5,93,"ASC3_male",-1,-0.636275593427021,1
1,1.75,0.5,93,"ASC3_age",0,0.128813292108116,0
1,1.75,0.5,93,"ASC3_income",0,-0.245509050088927,0
1,1.75,0.5,93,"ASC3_child",0.1,-0.712567722000863,1
1,1.75,0.5,93,"prot25_male",0.7,0.995954616540451,1
1,1.75,0.5,93,"prot25_age",0,0.0998822339511086,0
1,1.75,0.5,93,"prot25_income",-0.7,-0.116865140093204,0
1,1.75,0.5,93,"prot25_child",0,0.534829532751449,1
1,1.75,0.5,93,"prot50_male",0,0.493483078520424,0
1,1.75,0.5,93,"prot50_age",0,0.0103304226614708,0
1,1.75,0.5,93,"prot50_income",0,0.218707792241135,0
1,1.75,0.5,93,"prot50_child",0.9,1.22789344003148,1
1,1.75,0.5,93,"invasive_male",-0.7,-0.509734288255092,1
1,1.75,0.5,93,"invasive_age",-0.7,-0.416216019980085,0
1,1.75,0.5,93,"invasive_income",0,0.0965604336496052,0
1,1.75,0.5,93,"invasive_child",-0.2,0.517460701248872,1
1,1.75,0.5,94,"ASC2_male",0.3,1.04148376494247,1
1,1.75,0.5,94,"ASC2_age",-0.4,0.18944949038108,0
1,1.75,0.5,94,"ASC2_income",-0.4,0.48138893705469,0
1,1.75,0.5,94,"ASC2_child",-0.6,0.0627401634781522,0
1,1.75,0.5,94,"ASC3_male",-0.3,0.261604521543494,0
1,1.75,0.5,94,"ASC3_age",0,0.652885899801609,1
1,1.75,0.5,94,"ASC3_income",0,0.503228980720951,1
1,1.75,0.5,94,"ASC3_child",0.9,1.03221199571389,1
1,1.75,0.5,94,"prot25_male",0.3,-0.558578632177134,1
1,1.75,0.5,94,"prot25_age",0,-0.206510404349863,0
1,1.75,0.5,94,"prot25_income",0.2,-0.459059883741253,0
1,1.75,0.5,94,"prot25_child",0,-0.534757656663061,1
1,1.75,0.5,94,"prot50_male",0,-0.450989013103509,0
1,1.75,0.5,94,"prot50_age",0.5,0.179169510234139,0
1,1.75,0.5,94,"prot50_income",0,-0.508679094304774,1
1,1.75,0.5,94,"prot50_child",-0.1,-0.246707680491663,0
1,1.75,0.5,94,"invasive_male",0,0.455360696614138,0
1,1.75,0.5,94,"invasive_age",0,0.436055219638065,0
1,1.75,0.5,94,"invasive_income",0,0.0416421096366375,0
1,1.75,0.5,94,"invasive_child",0,0.208522906811059,0
1,1.75,0.5,95,"ASC2_male",-0.9,-0.58211718053494,1
1,1.75,0.5,95,"ASC2_age",0,-0.460868961301279,0
1,1.75,0.5,95,"ASC2_income",0,0.268089252507903,0
1,1.75,0.5,95,"ASC2_child",0,-0.283710665292632,0
1,1.75,0.5,95,"ASC3_male",0,-0.326176173961004,0
1,1.75,0.5,95,"ASC3_age",1.1,0.292266286370252,0
1,1.75,0.5,95,"ASC3_income",0.8,0.489688579146481,0
1,1.75,0.5,95,"ASC3_child",-1,-0.513354664444191,1
1,1.75,0.5,95,"prot25_male",-1,-0.693723259057672,1
1,1.75,0.5,95,"prot25_age",0.8,1.16793429839415,1
1,1.75,0.5,95,"prot25_income",0.7,0.61228685106941,1
1,1.75,0.5,95,"prot25_child",0.6,1.18223170688565,1
1,1.75,0.5,95,"prot50_male",0,0.0130953544559621,0
1,1.75,0.5,95,"prot50_age",0,0.361454781402788,0
1,1.75,0.5,95,"prot50_income",1,0.704895451093409,1
1,1.75,0.5,95,"prot50_child",0,0.0520572274944593,0
1,1.75,0.5,95,"invasive_male",0,-0.0678179016825567,0
1,1.75,0.5,95,"invasive_age",0,0.16655394304058,0
1,1.75,0.5,95,"invasive_income",0,-0.0467288233727045,0
1,1.75,0.5,95,"invasive_child",0.4,-0.058714795458972,0
1,1.75,0.5,96,"ASC2_male",0.6,0.179127434513209,0
1,1.75,0.5,96,"ASC2_age",0,0.414907801114026,0
1,1.75,0.5,96,"ASC2_income",0,-0.265947058106864,0
1,1.75,0.5,96,"ASC2_child",0,0.0833212489931236,0
1,1.75,0.5,96,"ASC3_male",-0.1,0.0123702047395827,0
1,1.75,0.5,96,"ASC3_age",1.2,1.33761987238792,1
1,1.75,0.5,96,"ASC3_income",0,-0.258856882538966,0
1,1.75,0.5,96,"ASC3_child",0,0.130130271404333,0
1,1.75,0.5,96,"prot25_male",-0.6,-0.0163989978590682,0
1,1.75,0.5,96,"prot25_age",0.3,-0.19321100698033,0
1,1.75,0.5,96,"prot25_income",-0.8,-0.168362774404224,0
1,1.75,0.5,96,"prot25_child",0.7,0.281682252129967,0
1,1.75,0.5,96,"prot50_male",-1,-0.273722460228809,0
1,1.75,0.5,96,"prot50_age",0,0.0722467692678995,0
1,1.75,0.5,96,"prot50_income",0,0.138647751296051,0
1,1.75,0.5,96,"prot50_child",0,-0.466450515287844,0
1,1.75,0.5,96,"invasive_male",-0.2,0.0732965464415265,0
1,1.75,0.5,96,"invasive_age",-0.4,-0.213968317381573,0
1,1.75,0.5,96,"invasive_income",0,-0.259545256162677,0
1,1.75,0.5,96,"invasive_child",0,-0.244743216373046,0
1,1.75,0.5,97,"ASC2_male",-1,-1.24583381295623,1
1,1.75,0.5,97,"ASC2_age",0.2,-0.252482765618105,0
1,1.75,0.5,97,"ASC2_income",0,0.0732611794613831,0
1,1.75,0.5,97,"ASC2_child",-0.3,-0.419099420820154,0
1,1.75,0.5,97,"ASC3_male",0.5,-0.339467337516696,0
1,1.75,0.5,97,"ASC3_age",0.5,0.00286106197350114,0
1,1.75,0.5,97,"ASC3_income",0,0.100920439092694,0
1,1.75,0.5,97,"ASC3_child",-0.2,-0.356594409486727,0
1,1.75,0.5,97,"prot25_male",0,0.634150426282151,1
1,1.75,0.5,97,"prot25_age",0,0.292293701009839,0
1,1.75,0.5,97,"prot25_income",-0.1,0.172545660041719,0
1,1.75,0.5,97,"prot25_child",0,-0.263599026259455,0
1,1.75,0.5,97,"prot50_male",0.6,0.813643602742312,1
1,1.75,0.5,97,"prot50_age",0,0.0750795204342572,0
1,1.75,0.5,97,"prot50_income",-0.5,-0.394553285682189,0
1,1.75,0.5,97,"prot50_child",0,-0.802025611231743,1
1,1.75,0.5,97,"invasive_male",0,-0.363674627252354,0
1,1.75,0.5,97,"invasive_age",0,0.0463877982888827,0
1,1.75,0.5,97,"invasive_income",-0.7,-0.665897914687149,1
1,1.75,0.5,97,"invasive_child",0,-0.0918518524934337,0
1,1.75,0.5,98,"ASC2_male",0,-0.805315280904239,1
1,1.75,0.5,98,"ASC2_age",0,0.681240133996993,1
1,1.75,0.5,98,"ASC2_income",-0.5,-0.12955077576356,0
1,1.75,0.5,98,"ASC2_child",-1.1,-1.93792685602923,1
1,1.75,0.5,98,"ASC3_male",-0.3,-0.635570327935973,1
1,1.75,0.5,98,"ASC3_age",1,1.30150568259241,1
1,1.75,0.5,98,"ASC3_income",0,0.407126808130784,0
1,1.75,0.5,98,"ASC3_child",-0.6,-1.42042743899282,1
1,1.75,0.5,98,"prot25_male",-0.4,-0.172653526159777,0
1,1.75,0.5,98,"prot25_age",0,-0.405349770533879,0
1,1.75,0.5,98,"prot25_income",1.2,0.329040654008928,0
1,1.75,0.5,98,"prot25_child",-0.8,0.400562187049825,0
1,1.75,0.5,98,"prot50_male",-1.1,-0.680350790891402,1
1,1.75,0.5,98,"prot50_age",0,-0.387849673639128,0
1,1.75,0.5,98,"prot50_income",0,-0.390930703300429,0
1,1.75,0.5,98,"prot50_child",0,1.04772044367856,1
1,1.75,0.5,98,"invasive_male",0,-0.281196778519045,0
1,1.75,0.5,98,"invasive_age",0,-0.0702598601079652,0
1,1.75,0.5,98,"invasive_income",0,-0.185688112849083,0
1,1.75,0.5,98,"invasive_child",1,1.0399505900819,1
1,1.75,0.5,99,"ASC2_male",1.1,0.0582674844088686,0
1,1.75,0.5,99,"ASC2_age",0.3,0.192232210146642,0
1,1.75,0.5,99,"ASC2_income",-0.8,-0.620886419436463,1
1,1.75,0.5,99,"ASC2_child",0.2,0.551221851908451,1
1,1.75,0.5,99,"ASC3_male",1.1,0.212439936816294,0
1,1.75,0.5,99,"ASC3_age",0,0.109661079805519,0
1,1.75,0.5,99,"ASC3_income",0,-0.180562227820291,0
1,1.75,0.5,99,"ASC3_child",0,0.423802466908922,0
1,1.75,0.5,99,"prot25_male",-0.6,-0.575142528915978,1
1,1.75,0.5,99,"prot25_age",0,0.0527787576505208,0
1,1.75,0.5,99,"prot25_income",0,0.150504905521274,0
1,1.75,0.5,99,"prot25_child",0,0.180261963426535,0
1,1.75,0.5,99,"prot50_male",-0.2,0.0435655074848954,0
1,1.75,0.5,99,"prot50_age",0.9,0.446874099420408,0
1,1.75,0.5,99,"prot50_income",-0.1,-0.131963991487979,0
1,1.75,0.5,99,"prot50_child",0,-0.257075225603998,0
1,1.75,0.5,99,"invasive_male",0.9,0.599622995483653,1
1,1.75,0.5,99,"invasive_age",0,-0.0106495953577299,0
1,1.75,0.5,99,"invasive_income",0,-0.293797828105294,0
1,1.75,0.5,99,"invasive_child",0,0.112666296646712,0
1,1.75,0.5,100,"ASC2_male",0.1,0.16847351744449,0
1,1.75,0.5,100,"ASC2_age",0,0.420250418207495,0
1,1.75,0.5,100,"ASC2_income",0,0.00718534503416673,0
1,1.75,0.5,100,"ASC2_child",-0.7,-0.00883656898628187,0
1,1.75,0.5,100,"ASC3_male",0,-0.205190986409936,0
1,1.75,0.5,100,"ASC3_age",0,0.371213467344869,0
1,1.75,0.5,100,"ASC3_income",-0.7,-0.225189528260696,0
1,1.75,0.5,100,"ASC3_child",-1.1,-0.414126437630307,0
1,1.75,0.5,100,"prot25_male",0,-0.694761217805073,1
1,1.75,0.5,100,"prot25_age",-0.7,-0.632563014242088,1
1,1.75,0.5,100,"prot25_income",0,-0.186648437681209,0
1,1.75,0.5,100,"prot25_child",-0.6,-0.113616222282767,0
1,1.75,0.5,100,"prot50_male",0,0.0162071211039784,0
1,1.75,0.5,100,"prot50_age",0,-0.134042440472632,0
1,1.75,0.5,100,"prot50_income",0.5,0.202818454731741,0
1,1.75,0.5,100,"prot50_child",1,0.419726729910897,0
1,1.75,0.5,100,"invasive_male",0,-0.348244769184281,0
1,1.75,0.5,100,"invasive_age",0,0.44682832669095,0
1,1.75,0.5,100,"invasive_income",0.8,0.794817486177921,1
1,1.75,0.5,100,"invasive_child",0.4,-0.0142375819154759,0
