"Alpha","NoiseScale","Threshold","Iteration","Interaction","TrueBeta","Estimate","Detected"
1,4,1e-04,1,"ASC2_male",0,-6.55319573386296e-07,0
1,4,1e-04,1,"ASC2_age",0.6,0.154943312889019,1
1,4,1e-04,1,"ASC2_income",0,-8.87246400630363e-09,0
1,4,1e-04,1,"ASC2_child",0,0.00580717355013965,1
1,4,1e-04,1,"ASC3_male",0,-3.12527447846041e-12,0
1,4,1e-04,1,"ASC3_age",-1,-0.23628656365025,1
1,4,1e-04,1,"ASC3_income",0,0.00845353040186166,1
1,4,1e-04,1,"ASC3_child",0.2,2.46172824552564e-08,0
1,4,1e-04,1,"prot25_male",0,6.58807434656879e-08,0
1,4,1e-04,1,"prot25_age",-1,-0.20095083185254,1
1,4,1e-04,1,"prot25_income",0,-0.0191493371710252,1
1,4,1e-04,1,"prot25_child",1.1,0.352082787119897,1
1,4,1e-04,1,"prot50_male",-0.2,-2.05182990881132e-07,0
1,4,1e-04,1,"prot50_age",0.5,0.0314467129744418,1
1,4,1e-04,1,"prot50_income",0.6,0.0570805545718627,1
1,4,1e-04,1,"prot50_child",0,5.36721375746655e-09,0
1,4,1e-04,1,"invasive_male",-0.2,-4.81475825485877e-07,0
1,4,1e-04,1,"invasive_age",0,-0.119969424213829,1
1,4,1e-04,1,"invasive_income",-0.3,-0.0891436068076455,1
1,4,1e-04,1,"invasive_child",0,-1.69285226574836e-07,0
1,4,1e-04,2,"ASC2_male",0.2,-0.00549294388493699,1
1,4,1e-04,2,"ASC2_age",0,-0.0826954913758151,1
1,4,1e-04,2,"ASC2_income",0.2,0.0798095924856061,1
1,4,1e-04,2,"ASC2_child",0,-0.0651223464243793,1
1,4,1e-04,2,"ASC3_male",-0.2,-0.0642158780270308,1
1,4,1e-04,2,"ASC3_age",0,-0.0639657811250792,1
1,4,1e-04,2,"ASC3_income",0.9,0.239783899242095,1
1,4,1e-04,2,"ASC3_child",0,-5.32243451255453e-09,0
1,4,1e-04,2,"prot25_male",0,-0.109062392029354,1
1,4,1e-04,2,"prot25_age",-0.4,-0.0568784320260558,1
1,4,1e-04,2,"prot25_income",0,-0.0236933685438242,1
1,4,1e-04,2,"prot25_child",-0.9,-0.214344559290357,1
1,4,1e-04,2,"prot50_male",0,-3.39841953122202e-09,0
1,4,1e-04,2,"prot50_age",-1,-0.133670063287754,1
1,4,1e-04,2,"prot50_income",0,0.00949925454137853,1
1,4,1e-04,2,"prot50_child",0,0.0808987428249142,1
1,4,1e-04,2,"invasive_male",0.7,0.121869703186785,1
1,4,1e-04,2,"invasive_age",0,-6.28037386919665e-09,0
1,4,1e-04,2,"invasive_income",-0.2,-0.0740202135313672,1
1,4,1e-04,2,"invasive_child",-1,-0.164287135363124,1
1,4,1e-04,3,"ASC2_male",0,-2.70593653951945e-12,0
1,4,1e-04,3,"ASC2_age",0.4,0.00732218695667869,1
1,4,1e-04,3,"ASC2_income",-0.7,-0.174058087344385,1
1,4,1e-04,3,"ASC2_child",0,-4.30338395152904e-09,0
1,4,1e-04,3,"ASC3_male",0,-8.48108617503706e-09,0
1,4,1e-04,3,"ASC3_age",0,-0.0887324816983022,1
1,4,1e-04,3,"ASC3_income",0,-0.0183466398246788,1
1,4,1e-04,3,"ASC3_child",0,-5.7903649701952e-07,0
1,4,1e-04,3,"prot25_male",0.3,-5.60468117220195e-09,0
1,4,1e-04,3,"prot25_age",-0.9,-0.14995787175412,1
1,4,1e-04,3,"prot25_income",0,3.27254990861116e-09,0
1,4,1e-04,3,"prot25_child",-0.3,3.2190332993925e-07,0
1,4,1e-04,3,"prot50_male",0,0.104993292793408,1
1,4,1e-04,3,"prot50_age",0,-2.1330598174395e-07,0
1,4,1e-04,3,"prot50_income",0.2,-1.3136104717049e-05,0
1,4,1e-04,3,"prot50_child",0,-5.74666970831159e-09,0
1,4,1e-04,3,"invasive_male",-0.4,-0.077652309854032,1
1,4,1e-04,3,"invasive_age",1,0.152668355383378,1
1,4,1e-04,3,"invasive_income",1.1,0.142060741994054,1
1,4,1e-04,3,"invasive_child",1,0.168407499930794,1
1,4,1e-04,4,"ASC2_male",0,-6.73845322742105e-07,0
1,4,1e-04,4,"ASC2_age",0.7,0.165892907157529,1
1,4,1e-04,4,"ASC2_income",0.6,0.205883102814149,1
1,4,1e-04,4,"ASC2_child",1,0.166977598650446,1
1,4,1e-04,4,"ASC3_male",0,-9.2092276850599e-07,0
1,4,1e-04,4,"ASC3_age",0,-0.0537976644363947,1
1,4,1e-04,4,"ASC3_income",0,0.0715467396170737,1
1,4,1e-04,4,"ASC3_child",-1.2,-0.418370843296458,1
1,4,1e-04,4,"prot25_male",0,-0.117056299561997,1
1,4,1e-04,4,"prot25_age",0,3.97965772697075e-06,0
1,4,1e-04,4,"prot25_income",0.6,0.0354994996093207,1
1,4,1e-04,4,"prot25_child",-0.2,-0.00445404248567483,1
1,4,1e-04,4,"prot50_male",0,0.106302016906598,1
1,4,1e-04,4,"prot50_age",0,-0.00224082931604182,1
1,4,1e-04,4,"prot50_income",0.3,2.01389917883766e-08,0
1,4,1e-04,4,"prot50_child",0,2.10112301317751e-07,0
1,4,1e-04,4,"invasive_male",-0.5,-0.254838660819424,1
1,4,1e-04,4,"invasive_age",-0.2,-0.0205947712803436,1
1,4,1e-04,4,"invasive_income",-0.6,-0.096320816701898,1
1,4,1e-04,4,"invasive_child",0,-0.0888764486221592,1
1,4,1e-04,5,"ASC2_male",0,-0.133331525391326,1
1,4,1e-04,5,"ASC2_age",0,-9.85266624483344e-08,0
1,4,1e-04,5,"ASC2_income",-0.3,5.1441948360832e-08,0
1,4,1e-04,5,"ASC2_child",0,-0.220332383407613,1
1,4,1e-04,5,"ASC3_male",0.7,0.102035938388084,1
1,4,1e-04,5,"ASC3_age",0,-1.94567590999776e-07,0
1,4,1e-04,5,"ASC3_income",0,0.0605813126300048,1
1,4,1e-04,5,"ASC3_child",0.3,0.0459617797382866,1
1,4,1e-04,5,"prot25_male",0.5,0.0101905804185243,1
1,4,1e-04,5,"prot25_age",0,-0.0122461933089922,1
1,4,1e-04,5,"prot25_income",0,-0.0233254451335159,1
1,4,1e-04,5,"prot25_child",0.5,0.258583619134846,1
1,4,1e-04,5,"prot50_male",0.7,0.0570331703439989,1
1,4,1e-04,5,"prot50_age",0.7,0.175376140256055,1
1,4,1e-04,5,"prot50_income",0,1.61335831238241e-06,0
1,4,1e-04,5,"prot50_child",0,-1.81609571798599e-08,0
1,4,1e-04,5,"invasive_male",0.3,-0.0469321082495521,1
1,4,1e-04,5,"invasive_age",0,1.55452854320747e-08,0
1,4,1e-04,5,"invasive_income",-0.8,-0.131224211739355,1
1,4,1e-04,5,"invasive_child",-0.2,-0.0672556135057507,1
1,4,1e-04,6,"ASC2_male",1.2,0.308666046721022,1
1,4,1e-04,6,"ASC2_age",0.5,0.0968461353167379,1
1,4,1e-04,6,"ASC2_income",-0.2,-0.0060244543076456,1
1,4,1e-04,6,"ASC2_child",0,-4.16669278331906e-08,0
1,4,1e-04,6,"ASC3_male",0,-1.37634684984008e-09,0
1,4,1e-04,6,"ASC3_age",-0.5,-0.0833709691805477,1
1,4,1e-04,6,"ASC3_income",0,9.89939505698967e-07,0
1,4,1e-04,6,"ASC3_child",0,-8.7863431201907e-07,0
1,4,1e-04,6,"prot25_male",0.2,2.2311468306539e-06,0
1,4,1e-04,6,"prot25_age",0,0.0513541041565258,1
1,4,1e-04,6,"prot25_income",0,-1.09474930262524e-08,0
1,4,1e-04,6,"prot25_child",0,4.81720977888614e-06,0
1,4,1e-04,6,"prot50_male",1,0.097489781091451,1
1,4,1e-04,6,"prot50_age",-0.5,-0.0143101551533921,1
1,4,1e-04,6,"prot50_income",0,4.60770807999541e-07,0
1,4,1e-04,6,"prot50_child",0,-7.64400381986422e-07,0
1,4,1e-04,6,"invasive_male",0.5,2.34907166867635e-07,0
1,4,1e-04,6,"invasive_age",-0.2,1.3152945894127e-07,0
1,4,1e-04,6,"invasive_income",0,2.63131304532256e-06,0
1,4,1e-04,6,"invasive_child",0.3,-3.24018737582398e-06,0
1,4,1e-04,7,"ASC2_male",0.2,-0.117425112737972,1
1,4,1e-04,7,"ASC2_age",0,0.0694295978201322,1
1,4,1e-04,7,"ASC2_income",0.8,0.128329276597803,1
1,4,1e-04,7,"ASC2_child",0,4.42242865879683e-09,0
1,4,1e-04,7,"ASC3_male",0.9,4.01953192082706e-08,0
1,4,1e-04,7,"ASC3_age",-1.2,-0.271026846905988,1
1,4,1e-04,7,"ASC3_income",0.8,0.118575801630047,1
1,4,1e-04,7,"ASC3_child",0,-1.52735230694914e-07,0
1,4,1e-04,7,"prot25_male",-0.8,-0.027029062998227,1
1,4,1e-04,7,"prot25_age",-0.5,-0.137390530335539,1
1,4,1e-04,7,"prot25_income",0,0.000981735240404243,1
1,4,1e-04,7,"prot25_child",0,0.0875027290100023,1
1,4,1e-04,7,"prot50_male",0,-1.16063898631516e-10,0
1,4,1e-04,7,"prot50_age",-0.9,-0.228340170151326,1
1,4,1e-04,7,"prot50_income",-0.7,-0.141136941442345,1
1,4,1e-04,7,"prot50_child",-0.8,-0.086640891515054,1
1,4,1e-04,7,"invasive_male",0,-0.0677777994989637,1
1,4,1e-04,7,"invasive_age",0,0.0200333076499073,1
1,4,1e-04,7,"invasive_income",0,0.0552782912134204,1
1,4,1e-04,7,"invasive_child",0,-0.00317715677367112,1
1,4,1e-04,8,"ASC2_male",0.5,0.0244715568492318,1
1,4,1e-04,8,"ASC2_age",0,0.0428570466396116,1
1,4,1e-04,8,"ASC2_income",0,-0.0140169724260721,1
1,4,1e-04,8,"ASC2_child",-0.5,-2.18911466842821e-08,0
1,4,1e-04,8,"ASC3_male",0,-4.29191270003798e-09,0
1,4,1e-04,8,"ASC3_age",0.8,0.243283826542515,1
1,4,1e-04,8,"ASC3_income",0,3.91085421244552e-12,0
1,4,1e-04,8,"ASC3_child",0.6,0.366566106169415,1
1,4,1e-04,8,"prot25_male",0,-1.16634392017807e-08,0
1,4,1e-04,8,"prot25_age",1.2,0.286519280868289,1
1,4,1e-04,8,"prot25_income",0,0.0786493801323355,1
1,4,1e-04,8,"prot25_child",1.1,0.243217379239978,1
1,4,1e-04,8,"prot50_male",0,0.0607645204319246,1
1,4,1e-04,8,"prot50_age",0,0.036057571378083,1
1,4,1e-04,8,"prot50_income",0,-0.0148412010587747,1
1,4,1e-04,8,"prot50_child",-1,-2.00687893083757e-08,0
1,4,1e-04,8,"invasive_male",0,-7.00841588925344e-09,0
1,4,1e-04,8,"invasive_age",-0.3,-0.0165679631532021,1
1,4,1e-04,8,"invasive_income",0.3,0.0221359994088528,1
1,4,1e-04,8,"invasive_child",-0.9,-1.89819461435148e-08,0
1,4,1e-04,9,"ASC2_male",0,-7.72570712708029e-13,0
1,4,1e-04,9,"ASC2_age",0.5,0.119567934554548,1
1,4,1e-04,9,"ASC2_income",0.5,0.0663905688212524,1
1,4,1e-04,9,"ASC2_child",0,-0.0325291087283193,1
1,4,1e-04,9,"ASC3_male",0,-0.0287215155773736,1
1,4,1e-04,9,"ASC3_age",0,5.08699622768539e-07,0
1,4,1e-04,9,"ASC3_income",0,-0.141518134077564,1
1,4,1e-04,9,"ASC3_child",-0.3,9.74313697305865e-10,0
1,4,1e-04,9,"prot25_male",0.7,0.050462039219959,1
1,4,1e-04,9,"prot25_age",0.4,0.0729811191067433,1
1,4,1e-04,9,"prot25_income",0,0.134087462484469,1
1,4,1e-04,9,"prot25_child",0.3,0.0359851874980095,1
1,4,1e-04,9,"prot50_male",-0.2,-0.0129385089205027,1
1,4,1e-04,9,"prot50_age",-1,-0.250531404036112,1
1,4,1e-04,9,"prot50_income",0,0.116774484095657,1
1,4,1e-04,9,"prot50_child",-0.8,-0.3100211603799,1
1,4,1e-04,9,"invasive_male",0,0.043931436710982,1
1,4,1e-04,9,"invasive_age",1,0.146313359458899,1
1,4,1e-04,9,"invasive_income",0,-0.0141599830621244,1
1,4,1e-04,9,"invasive_child",0,-0.024897067109879,1
1,4,1e-04,10,"ASC2_male",0,-0.0637751432359395,1
1,4,1e-04,10,"ASC2_age",-1,-0.223374328610135,1
1,4,1e-04,10,"ASC2_income",0,1.08448619720873e-08,0
1,4,1e-04,10,"ASC2_child",0,-8.42067447782152e-09,0
1,4,1e-04,10,"ASC3_male",0.7,1.68104084452289e-09,0
1,4,1e-04,10,"ASC3_age",0,0.0562825570503981,1
1,4,1e-04,10,"ASC3_income",0,-2.32228683639757e-09,0
1,4,1e-04,10,"ASC3_child",0,-1.16682579222485e-08,0
1,4,1e-04,10,"prot25_male",-1,-1.35753241017335e-08,0
1,4,1e-04,10,"prot25_age",1.1,0.197625083453397,1
1,4,1e-04,10,"prot25_income",-0.7,-0.185348700888367,1
1,4,1e-04,10,"prot25_child",-0.3,-2.42954444418814e-08,0
1,4,1e-04,10,"prot50_male",0,0.0814792353355799,1
1,4,1e-04,10,"prot50_age",0,-1.05373316020674e-08,0
1,4,1e-04,10,"prot50_income",0,0.0316588602316348,1
1,4,1e-04,10,"prot50_child",0,-2.4876860505988e-09,0
1,4,1e-04,10,"invasive_male",0.2,-1.99112225616866e-08,0
1,4,1e-04,10,"invasive_age",0.6,0.237152664106276,1
1,4,1e-04,10,"invasive_income",-0.4,-0.0106360868468389,1
1,4,1e-04,10,"invasive_child",-0.3,-0.128869655157617,1
1,4,1e-04,11,"ASC2_male",1.1,0.0986169841611586,1
1,4,1e-04,11,"ASC2_age",0,7.44487246443594e-10,0
1,4,1e-04,11,"ASC2_income",0.1,1.84440899936303e-09,0
1,4,1e-04,11,"ASC2_child",0,0.0830108548038464,1
1,4,1e-04,11,"ASC3_male",0.6,-4.17369161411905e-09,0
1,4,1e-04,11,"ASC3_age",-1,-0.336028296364826,1
1,4,1e-04,11,"ASC3_income",0.9,0.167434913487051,1
1,4,1e-04,11,"ASC3_child",-0.8,-0.000786543502670971,1
1,4,1e-04,11,"prot25_male",-0.9,-6.04198315305169e-09,0
1,4,1e-04,11,"prot25_age",0,-8.41678512525035e-09,0
1,4,1e-04,11,"prot25_income",0,2.57587499126021e-10,0
1,4,1e-04,11,"prot25_child",0,-3.96157220257915e-09,0
1,4,1e-04,11,"prot50_male",0,0.278261345656926,1
1,4,1e-04,11,"prot50_age",0,-6.19883948485218e-09,0
1,4,1e-04,11,"prot50_income",0,0.00282664406767457,1
1,4,1e-04,11,"prot50_child",0,1.28604582731425e-08,0
1,4,1e-04,11,"invasive_male",-0.7,-0.137646713313819,1
1,4,1e-04,11,"invasive_age",0,-2.66840259687672e-09,0
1,4,1e-04,11,"invasive_income",1,0.145241352105118,1
1,4,1e-04,11,"invasive_child",-1.2,-0.249261009214286,1
1,4,1e-04,12,"ASC2_male",0,-1.03007798695747e-08,0
1,4,1e-04,12,"ASC2_age",-0.4,-0.0096831171027299,1
1,4,1e-04,12,"ASC2_income",-0.6,-0.119638282021872,1
1,4,1e-04,12,"ASC2_child",-1.2,-0.0980678626425009,1
1,4,1e-04,12,"ASC3_male",-0.7,-0.128988653985355,1
1,4,1e-04,12,"ASC3_age",0.4,0.0820097943094086,1
1,4,1e-04,12,"ASC3_income",0,0.00334839086627748,1
1,4,1e-04,12,"ASC3_child",0,0.0371237151918088,1
1,4,1e-04,12,"prot25_male",0,-3.77983610142025e-08,0
1,4,1e-04,12,"prot25_age",0,-0.0548767491830639,1
1,4,1e-04,12,"prot25_income",0,0.0464722309261814,1
1,4,1e-04,12,"prot25_child",1,-1.23685605475906e-08,0
1,4,1e-04,12,"prot50_male",-0.6,-0.0790098919414632,1
1,4,1e-04,12,"prot50_age",0,-3.60097009676013e-08,0
1,4,1e-04,12,"prot50_income",0,-9.49404397534616e-05,0
1,4,1e-04,12,"prot50_child",0,9.56725357961394e-09,0
1,4,1e-04,12,"invasive_male",0,-4.62606634196772e-09,0
1,4,1e-04,12,"invasive_age",0.6,0.111785572364387,1
1,4,1e-04,12,"invasive_income",0.6,0.144788354632718,1
1,4,1e-04,12,"invasive_child",-0.8,-0.0832832899650457,1
1,4,1e-04,13,"ASC2_male",-0.4,-1.16413072363988e-08,0
1,4,1e-04,13,"ASC2_age",0,-5.18182416513515e-08,0
1,4,1e-04,13,"ASC2_income",0,-8.3434770367005e-09,0
1,4,1e-04,13,"ASC2_child",0,-1.84211881652711e-09,0
1,4,1e-04,13,"ASC3_male",-0.4,5.67311453766279e-08,0
1,4,1e-04,13,"ASC3_age",-0.3,-0.0789533965359214,1
1,4,1e-04,13,"ASC3_income",-0.3,-0.0870856590540672,1
1,4,1e-04,13,"ASC3_child",0,-4.1933687708034e-09,0
1,4,1e-04,13,"prot25_male",0,0.0333063868804689,1
1,4,1e-04,13,"prot25_age",-0.4,-0.0232297364428542,1
1,4,1e-04,13,"prot25_income",-1,-0.195756457989465,1
1,4,1e-04,13,"prot25_child",0,5.12343775385691e-09,0
1,4,1e-04,13,"prot50_male",-0.6,-0.160958154128984,1
1,4,1e-04,13,"prot50_age",0,-0.00368731551678748,1
1,4,1e-04,13,"prot50_income",0,-8.53620147163394e-08,0
1,4,1e-04,13,"prot50_child",0,-1.20951800717855e-08,0
1,4,1e-04,13,"invasive_male",-0.2,-4.48404433901262e-09,0
1,4,1e-04,13,"invasive_age",1,0.25473360944133,1
1,4,1e-04,13,"invasive_income",0.5,0.0886427085368246,1
1,4,1e-04,13,"invasive_child",0,-2.16664897807562e-08,0
1,4,1e-04,14,"ASC2_male",1.1,0.16823563116254,1
1,4,1e-04,14,"ASC2_age",0,0.0237366923272449,1
1,4,1e-04,14,"ASC2_income",0,-1.94251220234653e-09,0
1,4,1e-04,14,"ASC2_child",0.9,0.177800460083892,1
1,4,1e-04,14,"ASC3_male",-0.6,-0.0606294571790847,1
1,4,1e-04,14,"ASC3_age",0,-7.99239723805733e-09,0
1,4,1e-04,14,"ASC3_income",0.9,0.161377668821296,1
1,4,1e-04,14,"ASC3_child",0,-8.22054897003993e-08,0
1,4,1e-04,14,"prot25_male",0,-4.46387140012332e-10,0
1,4,1e-04,14,"prot25_age",0,6.7158437698611e-06,0
1,4,1e-04,14,"prot25_income",0,-1.09348999217395e-07,0
1,4,1e-04,14,"prot25_child",0,0.111930348755366,1
1,4,1e-04,14,"prot50_male",0,-5.23893849654434e-07,0
1,4,1e-04,14,"prot50_age",1,0.246025661559761,1
1,4,1e-04,14,"prot50_income",0,1.48893822886188e-06,0
1,4,1e-04,14,"prot50_child",-0.9,-0.0109840367035643,1
1,4,1e-04,14,"invasive_male",0.3,-6.76356025228167e-09,0
1,4,1e-04,14,"invasive_age",-0.8,-0.227493889566904,1
1,4,1e-04,14,"invasive_income",0.6,0.182334301165621,1
1,4,1e-04,14,"invasive_child",-0.4,-9.35140994874183e-07,0
1,4,1e-04,15,"ASC2_male",-0.9,-0.258227808918008,1
1,4,1e-04,15,"ASC2_age",1.2,0.330918289498248,1
1,4,1e-04,15,"ASC2_income",0,-0.0098187433667915,1
1,4,1e-04,15,"ASC2_child",-0.4,-5.20035235165089e-06,0
1,4,1e-04,15,"ASC3_male",-0.6,-0.229644607983744,1
1,4,1e-04,15,"ASC3_age",0,3.03737540240304e-07,0
1,4,1e-04,15,"ASC3_income",0,0.0374903407499908,1
1,4,1e-04,15,"ASC3_child",0.9,0.27109022032972,1
1,4,1e-04,15,"prot25_male",0,-0.00996254044116755,1
1,4,1e-04,15,"prot25_age",0.7,0.16448124818737,1
1,4,1e-04,15,"prot25_income",-0.3,-0.0706970595384535,1
1,4,1e-04,15,"prot25_child",0.5,0.0842461159716406,1
1,4,1e-04,15,"prot50_male",0,4.67343692052496e-09,0
1,4,1e-04,15,"prot50_age",-0.5,-0.0913736320579769,1
1,4,1e-04,15,"prot50_income",0,-1.59354288817945e-06,0
1,4,1e-04,15,"prot50_child",0.2,3.13533059206888e-06,0
1,4,1e-04,15,"invasive_male",0,0.0407834663798389,1
1,4,1e-04,15,"invasive_age",0,-0.043679584207077,1
1,4,1e-04,15,"invasive_income",0,1.82644914712379e-07,0
1,4,1e-04,15,"invasive_child",0,-1.89907186657979e-06,0
1,4,1e-04,16,"ASC2_male",0,0.0872922679709596,1
1,4,1e-04,16,"ASC2_age",-0.6,-0.147035372767029,1
1,4,1e-04,16,"ASC2_income",0,-0.16558813893531,1
1,4,1e-04,16,"ASC2_child",-0.8,-0.282027475843192,1
1,4,1e-04,16,"ASC3_male",0,-0.0609434553108246,1
1,4,1e-04,16,"ASC3_age",-0.8,-0.15159497911814,1
1,4,1e-04,16,"ASC3_income",0.8,0.0844220498410261,1
1,4,1e-04,16,"ASC3_child",-0.8,-0.280349537531137,1
1,4,1e-04,16,"prot25_male",0.7,0.0722911016785071,1
1,4,1e-04,16,"prot25_age",-1,-0.199547046111514,1
1,4,1e-04,16,"prot25_income",0,0.115404258410903,1
1,4,1e-04,16,"prot25_child",0,-0.0711165048596672,1
1,4,1e-04,16,"prot50_male",0.6,0.220763069848758,1
1,4,1e-04,16,"prot50_age",-1,-0.207099488504407,1
1,4,1e-04,16,"prot50_income",0,0.0966048893938168,1
1,4,1e-04,16,"prot50_child",0,-0.0530928882298998,1
1,4,1e-04,16,"invasive_male",0,0.054282274797554,1
1,4,1e-04,16,"invasive_age",0.8,0.28416017779616,1
1,4,1e-04,16,"invasive_income",0,-0.0974368167393822,1
1,4,1e-04,16,"invasive_child",0,-0.0480143196363127,1
1,4,1e-04,17,"ASC2_male",0,-0.100032442399092,1
1,4,1e-04,17,"ASC2_age",-1,-0.234362472479714,1
1,4,1e-04,17,"ASC2_income",-0.9,-0.194477686807292,1
1,4,1e-04,17,"ASC2_child",0,-0.123536456276272,1
1,4,1e-04,17,"ASC3_male",0,-0.152380669671759,1
1,4,1e-04,17,"ASC3_age",-1.1,-0.167640531095495,1
1,4,1e-04,17,"ASC3_income",0,0.0510531440253661,1
1,4,1e-04,17,"ASC3_child",-0.6,-0.141833220324707,1
1,4,1e-04,17,"prot25_male",-0.9,-0.245883031906722,1
1,4,1e-04,17,"prot25_age",0,-2.1812361801692e-09,0
1,4,1e-04,17,"prot25_income",0.6,0.0715415291208276,1
1,4,1e-04,17,"prot25_child",0,0.00550775715878585,1
1,4,1e-04,17,"prot50_male",0.2,0.10694571374844,1
1,4,1e-04,17,"prot50_age",0.5,0.0308967389142514,1
1,4,1e-04,17,"prot50_income",0,-0.0421785419766545,1
1,4,1e-04,17,"prot50_child",0,0.0655447999086478,1
1,4,1e-04,17,"invasive_male",0.8,0.118247432594424,1
1,4,1e-04,17,"invasive_age",0,-0.050382178185175,1
1,4,1e-04,17,"invasive_income",-1.1,-0.293426758896498,1
1,4,1e-04,17,"invasive_child",0,-0.0596609434219374,1
1,4,1e-04,18,"ASC2_male",0.2,1.21542477808276e-06,0
1,4,1e-04,18,"ASC2_age",0.7,0.087104120261716,1
1,4,1e-04,18,"ASC2_income",0,2.56477790850698e-06,0
1,4,1e-04,18,"ASC2_child",0.7,0.0154784872418977,1
1,4,1e-04,18,"ASC3_male",0.2,0.00341923695024942,1
1,4,1e-04,18,"ASC3_age",0,-0.0644339021391734,1
1,4,1e-04,18,"ASC3_income",0.4,-0.00191740739558364,1
1,4,1e-04,18,"ASC3_child",0,-0.143199912072782,1
1,4,1e-04,18,"prot25_male",0,-1.5225272008069e-06,0
1,4,1e-04,18,"prot25_age",0,-0.000850993839597571,1
1,4,1e-04,18,"prot25_income",0,0.0961626339789185,1
1,4,1e-04,18,"prot25_child",-0.5,-1.05011867388097e-05,0
1,4,1e-04,18,"prot50_male",-0.6,-0.122409255422451,1
1,4,1e-04,18,"prot50_age",0,0.0758641275317462,1
1,4,1e-04,18,"prot50_income",1,0.265127520099477,1
1,4,1e-04,18,"prot50_child",0,0.277067289393408,1
1,4,1e-04,18,"invasive_male",0,5.05900436950674e-07,0
1,4,1e-04,18,"invasive_age",0,0.0082162994406347,1
1,4,1e-04,18,"invasive_income",-0.2,-1.4678959744248e-07,0
1,4,1e-04,18,"invasive_child",0.7,0.0203172066635388,1
1,4,1e-04,19,"ASC2_male",0,-0.138474954361216,1
1,4,1e-04,19,"ASC2_age",0,-0.0377279315555296,1
1,4,1e-04,19,"ASC2_income",-0.2,-0.101760083393421,1
1,4,1e-04,19,"ASC2_child",0,-0.279463371497481,1
1,4,1e-04,19,"ASC3_male",0,-0.254168440129969,1
1,4,1e-04,19,"ASC3_age",0.2,0.0570986848332937,1
1,4,1e-04,19,"ASC3_income",-0.8,-0.298056735394368,1
1,4,1e-04,19,"ASC3_child",-1,-0.499198785888877,1
1,4,1e-04,19,"prot25_male",0,0.222638921801285,1
1,4,1e-04,19,"prot25_age",0,0.0295260626925642,1
1,4,1e-04,19,"prot25_income",0,0.128165403681548,1
1,4,1e-04,19,"prot25_child",0.7,0.499305520384571,1
1,4,1e-04,19,"prot50_male",-1,-0.0650758101442403,1
1,4,1e-04,19,"prot50_age",0,0.00254053215295406,1
1,4,1e-04,19,"prot50_income",0.5,0.223984748215843,1
1,4,1e-04,19,"prot50_child",1.1,0.498684682419634,1
1,4,1e-04,19,"invasive_male",0,-0.000531628743961825,1
1,4,1e-04,19,"invasive_age",0,0.0178782717292172,1
1,4,1e-04,19,"invasive_income",0.6,0.158879233189274,1
1,4,1e-04,19,"invasive_child",-1.2,-0.400916642449103,1
1,4,1e-04,20,"ASC2_male",0,-0.0399017312449178,1
1,4,1e-04,20,"ASC2_age",0.9,0.312651298695015,1
1,4,1e-04,20,"ASC2_income",1,0.216851125282873,1
1,4,1e-04,20,"ASC2_child",-1,-9.8916115572123e-09,0
1,4,1e-04,20,"ASC3_male",0.7,0.140912964980841,1
1,4,1e-04,20,"ASC3_age",-1.2,-0.207174661832495,1
1,4,1e-04,20,"ASC3_income",-0.6,-0.156210680624086,1
1,4,1e-04,20,"ASC3_child",-0.7,-0.0643103700529522,1
1,4,1e-04,20,"prot25_male",0,-1.24230385243874e-08,0
1,4,1e-04,20,"prot25_age",0,-0.0827540715597853,1
1,4,1e-04,20,"prot25_income",0,0.0973334945511237,1
1,4,1e-04,20,"prot25_child",0.7,0.021260446446351,1
1,4,1e-04,20,"prot50_male",0,5.36512172538398e-09,0
1,4,1e-04,20,"prot50_age",0,-3.49246027577787e-08,0
1,4,1e-04,20,"prot50_income",0,-1.02646991747846e-08,0
1,4,1e-04,20,"prot50_child",0,-0.162733490701091,1
1,4,1e-04,20,"invasive_male",0,-2.68726122623415e-07,0
1,4,1e-04,20,"invasive_age",0.5,0.197875711654135,1
1,4,1e-04,20,"invasive_income",0,-0.0530218515652705,1
1,4,1e-04,20,"invasive_child",0.3,7.99481397898469e-08,0
1,4,1e-04,21,"ASC2_male",-0.5,-0.128424125558768,1
1,4,1e-04,21,"ASC2_age",-0.6,-0.203634808908855,1
1,4,1e-04,21,"ASC2_income",0,-0.0492479508447433,1
1,4,1e-04,21,"ASC2_child",1.1,0.0375590335109487,1
1,4,1e-04,21,"ASC3_male",0,-2.19501920856963e-07,0
1,4,1e-04,21,"ASC3_age",0.3,-4.70573223020129e-09,0
1,4,1e-04,21,"ASC3_income",0,0.0106015578684356,1
1,4,1e-04,21,"ASC3_child",0,-0.148150826441735,1
1,4,1e-04,21,"prot25_male",0.5,0.151546191296758,1
1,4,1e-04,21,"prot25_age",0,0.00577458007134748,1
1,4,1e-04,21,"prot25_income",-1,-0.281427168199061,1
1,4,1e-04,21,"prot25_child",0,0.132759467020859,1
1,4,1e-04,21,"prot50_male",-0.5,-0.190791483140912,1
1,4,1e-04,21,"prot50_age",0,-1.1596050002233e-08,0
1,4,1e-04,21,"prot50_income",0,0.0365689773127965,1
1,4,1e-04,21,"prot50_child",-0.7,-0.0657796526660913,1
1,4,1e-04,21,"invasive_male",0,-0.0407256004436577,1
1,4,1e-04,21,"invasive_age",1.2,0.32577585353817,1
1,4,1e-04,21,"invasive_income",-0.2,0.000375253993342396,1
1,4,1e-04,21,"invasive_child",0,-8.41190855487152e-09,0
1,4,1e-04,22,"ASC2_male",0.7,0.0193166300904902,1
1,4,1e-04,22,"ASC2_age",-0.2,7.95526189304666e-09,0
1,4,1e-04,22,"ASC2_income",-0.4,-0.0828177487828218,1
1,4,1e-04,22,"ASC2_child",0,6.48975613179985e-11,0
1,4,1e-04,22,"ASC3_male",0,-5.58691228319133e-09,0
1,4,1e-04,22,"ASC3_age",-0.7,-0.120849411795058,1
1,4,1e-04,22,"ASC3_income",0,0.0151193216199274,1
1,4,1e-04,22,"ASC3_child",-0.7,-0.210332648380503,1
1,4,1e-04,22,"prot25_male",0,0.137152564946506,1
1,4,1e-04,22,"prot25_age",0,-0.0642586686375195,1
1,4,1e-04,22,"prot25_income",0.5,0.122086010536096,1
1,4,1e-04,22,"prot25_child",0,0.0816486874590933,1
1,4,1e-04,22,"prot50_male",0,-1.1539860331973e-08,0
1,4,1e-04,22,"prot50_age",1,0.229076750473414,1
1,4,1e-04,22,"prot50_income",-0.9,-0.193648943791632,1
1,4,1e-04,22,"prot50_child",-1.1,-0.223012933584925,1
1,4,1e-04,22,"invasive_male",0,-0.0744459293850466,1
1,4,1e-04,22,"invasive_age",0.3,0.177917797080135,1
1,4,1e-04,22,"invasive_income",0,-0.00802699132195145,1
1,4,1e-04,22,"invasive_child",0,-0.0674216313391758,1
1,4,1e-04,23,"ASC2_male",0,-9.33329012125182e-09,0
1,4,1e-04,23,"ASC2_age",0.5,0.217108846179245,1
1,4,1e-04,23,"ASC2_income",0.8,0.220795258971187,1
1,4,1e-04,23,"ASC2_child",-0.2,-5.30414231794434e-09,0
1,4,1e-04,23,"ASC3_male",0.6,0.119051767461934,1
1,4,1e-04,23,"ASC3_age",-0.3,-0.0364667894526188,1
1,4,1e-04,23,"ASC3_income",0,-1.09681294794719e-08,0
1,4,1e-04,23,"ASC3_child",0,0.00900063891371505,1
1,4,1e-04,23,"prot25_male",0.8,0.151881999751334,1
1,4,1e-04,23,"prot25_age",0.4,0.00500159924524667,1
1,4,1e-04,23,"prot25_income",0.5,0.178225412425859,1
1,4,1e-04,23,"prot25_child",0,-4.35833991837917e-09,0
1,4,1e-04,23,"prot50_male",0,0.0107291828766659,1
1,4,1e-04,23,"prot50_age",0,-0.00434375198921569,1
1,4,1e-04,23,"prot50_income",0,6.43720604748246e-10,0
1,4,1e-04,23,"prot50_child",0.5,0.161536705929546,1
1,4,1e-04,23,"invasive_male",-0.5,-0.174883952727799,1
1,4,1e-04,23,"invasive_age",0,-5.6745556969329e-09,0
1,4,1e-04,23,"invasive_income",0,-3.99776531976622e-09,0
1,4,1e-04,23,"invasive_child",0,-0.0492782694691809,1
1,4,1e-04,24,"ASC2_male",-0.3,-0.0787220722034409,1
1,4,1e-04,24,"ASC2_age",-0.3,-0.0961449576439471,1
1,4,1e-04,24,"ASC2_income",0,6.52303391674685e-05,0
1,4,1e-04,24,"ASC2_child",0,-0.01806395906052,1
1,4,1e-04,24,"ASC3_male",0,-0.0564108352356691,1
1,4,1e-04,24,"ASC3_age",1.2,0.208836858970043,1
1,4,1e-04,24,"ASC3_income",0,-0.0961733513202646,1
1,4,1e-04,24,"ASC3_child",0,8.77619912386437e-06,0
1,4,1e-04,24,"prot25_male",0.4,0.096175187249866,1
1,4,1e-04,24,"prot25_age",0,0.0193776449739773,1
1,4,1e-04,24,"prot25_income",0.8,0.252256835221944,1
1,4,1e-04,24,"prot25_child",1,0.175623984329115,1
1,4,1e-04,24,"prot50_male",0,0.0698969277513431,1
1,4,1e-04,24,"prot50_age",-0.8,-0.202111357586963,1
1,4,1e-04,24,"prot50_income",1.1,0.323446045023545,1
1,4,1e-04,24,"prot50_child",0,0.093192371401801,1
1,4,1e-04,24,"invasive_male",0,0.108055744878425,1
1,4,1e-04,24,"invasive_age",1.1,0.261324505416295,1
1,4,1e-04,24,"invasive_income",0,-2.82303663196359e-10,0
1,4,1e-04,24,"invasive_child",1.2,0.443811462358217,1
1,4,1e-04,25,"ASC2_male",1.2,0.137698990280676,1
1,4,1e-04,25,"ASC2_age",0,-0.0845447432236416,1
1,4,1e-04,25,"ASC2_income",0,-1.19230789795628e-12,0
1,4,1e-04,25,"ASC2_child",0,0.0710455839912631,1
1,4,1e-04,25,"ASC3_male",-1,-0.417160600889358,1
1,4,1e-04,25,"ASC3_age",-0.2,-0.0398204043098106,1
1,4,1e-04,25,"ASC3_income",0,0.00156947235773111,1
1,4,1e-04,25,"ASC3_child",-1.1,-0.0909396619718262,1
1,4,1e-04,25,"prot25_male",1.1,0.524236097313079,1
1,4,1e-04,25,"prot25_age",-0.6,-0.174824264351301,1
1,4,1e-04,25,"prot25_income",0,-0.0504232214348262,1
1,4,1e-04,25,"prot25_child",1,0.200544380595533,1
1,4,1e-04,25,"prot50_male",0,0.157952181264427,1
1,4,1e-04,25,"prot50_age",0,-0.0439597802928836,1
1,4,1e-04,25,"prot50_income",0,-0.0600780075749611,1
1,4,1e-04,25,"prot50_child",0,-0.167496944724428,1
1,4,1e-04,25,"invasive_male",0,-0.0560407468032063,1
1,4,1e-04,25,"invasive_age",1.1,0.203578651162335,1
1,4,1e-04,25,"invasive_income",-1.2,-0.337315794575199,1
1,4,1e-04,25,"invasive_child",1.2,0.0917369205591506,1
1,4,1e-04,26,"ASC2_male",0,-0.109111752215914,1
1,4,1e-04,26,"ASC2_age",-0.9,-0.250032262014693,1
1,4,1e-04,26,"ASC2_income",-1.2,-0.148925894755108,1
1,4,1e-04,26,"ASC2_child",-0.4,-2.4810163917829e-08,0
1,4,1e-04,26,"ASC3_male",0.8,0.150903133605033,1
1,4,1e-04,26,"ASC3_age",0,1.05092419458361e-06,0
1,4,1e-04,26,"ASC3_income",-0.5,-0.0200138868238341,1
1,4,1e-04,26,"ASC3_child",0.1,1.49200741550807e-07,0
1,4,1e-04,26,"prot25_male",-0.9,-2.44269628075873e-08,0
1,4,1e-04,26,"prot25_age",0,-0.0208647187326266,1
1,4,1e-04,26,"prot25_income",0,-0.0477426377991339,1
1,4,1e-04,26,"prot25_child",0,-1.25080069964877e-08,0
1,4,1e-04,26,"prot50_male",0,0.0096828605961936,1
1,4,1e-04,26,"prot50_age",0,-7.43161467137368e-09,0
1,4,1e-04,26,"prot50_income",0.1,0.00937293468895372,1
1,4,1e-04,26,"prot50_child",0,9.73345993389074e-08,0
1,4,1e-04,26,"invasive_male",0,-1.59550992309786e-08,0
1,4,1e-04,26,"invasive_age",0.9,0.17336445140037,1
1,4,1e-04,26,"invasive_income",-0.7,-0.0927481278575557,1
1,4,1e-04,26,"invasive_child",0,-6.15577372380601e-08,0
1,4,1e-04,27,"ASC2_male",-1.2,-0.275494055002255,1
1,4,1e-04,27,"ASC2_age",-0.5,-0.0567577501119649,1
1,4,1e-04,27,"ASC2_income",0,-0.00213857090495378,1
1,4,1e-04,27,"ASC2_child",0,-0.0465162141544211,1
1,4,1e-04,27,"ASC3_male",0,0.00999727930427591,1
1,4,1e-04,27,"ASC3_age",0,-0.029548651256705,1
1,4,1e-04,27,"ASC3_income",0,6.39846178452069e-07,0
1,4,1e-04,27,"ASC3_child",0.8,0.224057395447299,1
1,4,1e-04,27,"prot25_male",-0.8,-0.0476081622164979,1
1,4,1e-04,27,"prot25_age",0.9,0.173417918233699,1
1,4,1e-04,27,"prot25_income",0,0.00484501331987407,1
1,4,1e-04,27,"prot25_child",0.6,0.222169084220455,1
1,4,1e-04,27,"prot50_male",0,4.72239872854698e-07,0
1,4,1e-04,27,"prot50_age",0,-0.0729158720507632,1
1,4,1e-04,27,"prot50_income",0,-6.46965590821748e-07,0
1,4,1e-04,27,"prot50_child",0.4,-2.55756997496793e-08,0
1,4,1e-04,27,"invasive_male",-0.2,3.74041814144154e-07,0
1,4,1e-04,27,"invasive_age",-0.2,-0.101311152270457,1
1,4,1e-04,27,"invasive_income",1,0.228609386176556,1
1,4,1e-04,27,"invasive_child",0,-0.0906408473464402,1
1,4,1e-04,28,"ASC2_male",-0.6,-0.0951465160122984,1
1,4,1e-04,28,"ASC2_age",0,0.00753894514229916,1
1,4,1e-04,28,"ASC2_income",0,0.0587223262324361,1
1,4,1e-04,28,"ASC2_child",0,-2.94775560922093e-10,0
1,4,1e-04,28,"ASC3_male",-0.9,-7.81061851273905e-09,0
1,4,1e-04,28,"ASC3_age",-0.8,-0.15276473344395,1
1,4,1e-04,28,"ASC3_income",0,1.55547297081383e-08,0
1,4,1e-04,28,"ASC3_child",-0.7,-0.0376316272955951,1
1,4,1e-04,28,"prot25_male",0,4.80538813350348e-08,0
1,4,1e-04,28,"prot25_age",1.1,0.191711718857152,1
1,4,1e-04,28,"prot25_income",1.2,0.269192945772734,1
1,4,1e-04,28,"prot25_child",0,2.76957134064688e-08,0
1,4,1e-04,28,"prot50_male",-0.2,-0.158233267744735,1
1,4,1e-04,28,"prot50_age",0.8,0.280115399842462,1
1,4,1e-04,28,"prot50_income",-0.2,-0.0442951663895043,1
1,4,1e-04,28,"prot50_child",0,0.0122189597185272,1
1,4,1e-04,28,"invasive_male",0,-0.0542612477545313,1
1,4,1e-04,28,"invasive_age",0,0.0631510714579572,1
1,4,1e-04,28,"invasive_income",0.3,0.0970990891510921,1
1,4,1e-04,28,"invasive_child",0,-1.10795046004574e-08,0
1,4,1e-04,29,"ASC2_male",0,-0.0310905424638498,1
1,4,1e-04,29,"ASC2_age",0,-0.0729341331538439,1
1,4,1e-04,29,"ASC2_income",-0.1,0.020092041750852,1
1,4,1e-04,29,"ASC2_child",0,-0.0592905314424588,1
1,4,1e-04,29,"ASC3_male",0,-0.0896069860708352,1
1,4,1e-04,29,"ASC3_age",0.9,0.144392643295903,1
1,4,1e-04,29,"ASC3_income",0,0.0914606561319601,1
1,4,1e-04,29,"ASC3_child",-0.2,-7.84938779682094e-06,0
1,4,1e-04,29,"prot25_male",0,-1.84976886744007e-08,0
1,4,1e-04,29,"prot25_age",0,-1.97468703354971e-06,0
1,4,1e-04,29,"prot25_income",0.8,0.171334475748279,1
1,4,1e-04,29,"prot25_child",-0.4,-0.0600418280815762,1
1,4,1e-04,29,"prot50_male",0.4,0.0841013352119847,1
1,4,1e-04,29,"prot50_age",0.5,0.104424003518317,1
1,4,1e-04,29,"prot50_income",0,4.24605239561801e-07,0
1,4,1e-04,29,"prot50_child",0.7,0.00625152178372328,1
1,4,1e-04,29,"invasive_male",0,0.0144415623399936,1
1,4,1e-04,29,"invasive_age",-0.3,-0.0614285765981758,1
1,4,1e-04,29,"invasive_income",0,0.0274257617054207,1
1,4,1e-04,29,"invasive_child",1,0.179907619227243,1
1,4,1e-04,30,"ASC2_male",0,-0.0124495163408109,1
1,4,1e-04,30,"ASC2_age",0,-0.0215331325041077,1
1,4,1e-04,30,"ASC2_income",0,-1.0761010700159e-09,0
1,4,1e-04,30,"ASC2_child",0.6,0.0276396943736181,1
1,4,1e-04,30,"ASC3_male",0.4,-1.00307949231096e-08,0
1,4,1e-04,30,"ASC3_age",0,-0.0181544280033525,1
1,4,1e-04,30,"ASC3_income",0.2,0.0270142394873013,1
1,4,1e-04,30,"ASC3_child",0.2,-1.44492203291631e-08,0
1,4,1e-04,30,"prot25_male",0,0.0239604291417391,1
1,4,1e-04,30,"prot25_age",-0.7,-0.178132042617369,1
1,4,1e-04,30,"prot25_income",0.4,0.111085603192515,1
1,4,1e-04,30,"prot25_child",0.8,0.0644965278538289,1
1,4,1e-04,30,"prot50_male",-0.7,-1.86596640502e-08,0
1,4,1e-04,30,"prot50_age",0,3.47312959011095e-12,0
1,4,1e-04,30,"prot50_income",0,-0.00228931086543711,1
1,4,1e-04,30,"prot50_child",0,-3.82377608950776e-09,0
1,4,1e-04,30,"invasive_male",1.1,0.280160458087854,1
1,4,1e-04,30,"invasive_age",0,-3.85782368284789e-09,0
1,4,1e-04,30,"invasive_income",0.4,0.00887611953495583,1
1,4,1e-04,30,"invasive_child",0,-2.80597804850692e-09,0
1,4,1e-04,31,"ASC2_male",1.2,0.0101515025228505,1
1,4,1e-04,31,"ASC2_age",0,-3.14139678346994e-14,0
1,4,1e-04,31,"ASC2_income",-0.3,-0.125615080564115,1
1,4,1e-04,31,"ASC2_child",0,0.020005191420659,1
1,4,1e-04,31,"ASC3_male",0,-0.109422708796668,1
1,4,1e-04,31,"ASC3_age",0,-0.050091891262959,1
1,4,1e-04,31,"ASC3_income",0,-1.47589702563802e-08,0
1,4,1e-04,31,"ASC3_child",0,-1.47967318126688e-08,0
1,4,1e-04,31,"prot25_male",-0.8,-1.27330076501779e-08,0
1,4,1e-04,31,"prot25_age",-0.2,-1.05709757310082e-08,0
1,4,1e-04,31,"prot25_income",0,-0.0853585302621203,1
1,4,1e-04,31,"prot25_child",0,0.0210570218466052,1
1,4,1e-04,31,"prot50_male",-0.9,-3.67548560085352e-09,0
1,4,1e-04,31,"prot50_age",-0.9,-0.189087507418334,1
1,4,1e-04,31,"prot50_income",-0.2,-0.0425907181373145,1
1,4,1e-04,31,"prot50_child",-0.5,-1.17680722757298e-07,0
1,4,1e-04,31,"invasive_male",-1,-0.180372135452466,1
1,4,1e-04,31,"invasive_age",0,-1.19112497079751e-08,0
1,4,1e-04,31,"invasive_income",0,-2.33140547692831e-09,0
1,4,1e-04,31,"invasive_child",-0.7,-7.55650941401783e-09,0
1,4,1e-04,32,"ASC2_male",0.2,-5.00977767720621e-08,0
1,4,1e-04,32,"ASC2_age",0.7,0.0726509293532247,1
1,4,1e-04,32,"ASC2_income",-1,-0.247205199813998,1
1,4,1e-04,32,"ASC2_child",0.4,3.49306964724883e-07,0
1,4,1e-04,32,"ASC3_male",0,4.84248183147918e-10,0
1,4,1e-04,32,"ASC3_age",0.3,-1.99031183668205e-06,0
1,4,1e-04,32,"ASC3_income",0,8.49558792274221e-06,0
1,4,1e-04,32,"ASC3_child",0.5,-4.85552697496051e-08,0
1,4,1e-04,32,"prot25_male",0,0.0901698625368351,1
1,4,1e-04,32,"prot25_age",-0.6,-0.0513602948738624,1
1,4,1e-04,32,"prot25_income",0,6.83072984800459e-07,0
1,4,1e-04,32,"prot25_child",0,2.05734790109251e-05,0
1,4,1e-04,32,"prot50_male",0.7,0.186982860567741,1
1,4,1e-04,32,"prot50_age",0.3,0.158281895482889,1
1,4,1e-04,32,"prot50_income",0,1.83062849455564e-07,0
1,4,1e-04,32,"prot50_child",-0.6,-8.22001808564557e-07,0
1,4,1e-04,32,"invasive_male",0,-6.17482324347637e-07,0
1,4,1e-04,32,"invasive_age",0,2.45029766232799e-06,0
1,4,1e-04,32,"invasive_income",0,2.00333914003063e-08,0
1,4,1e-04,32,"invasive_child",0,2.46648587342477e-06,0
1,4,1e-04,33,"ASC2_male",0,-8.13744226786633e-09,0
1,4,1e-04,33,"ASC2_age",-0.3,-0.121173194990347,1
1,4,1e-04,33,"ASC2_income",0,0.0259367342192095,1
1,4,1e-04,33,"ASC2_child",0,0.0854555068079584,1
1,4,1e-04,33,"ASC3_male",0,1.6072226339243e-07,0
1,4,1e-04,33,"ASC3_age",1.1,0.202617024761429,1
1,4,1e-04,33,"ASC3_income",0,-0.00252898406648141,1
1,4,1e-04,33,"ASC3_child",0,-0.0385160412192741,1
1,4,1e-04,33,"prot25_male",0.9,0.202555043120083,1
1,4,1e-04,33,"prot25_age",-0.8,-0.0944716620618929,1
1,4,1e-04,33,"prot25_income",1.1,0.269751059633069,1
1,4,1e-04,33,"prot25_child",0,-6.79273104352466e-11,0
1,4,1e-04,33,"prot50_male",-1.2,-0.102835535186225,1
1,4,1e-04,33,"prot50_age",0.3,0.0338171180704731,1
1,4,1e-04,33,"prot50_income",0,0.0330534923514003,1
1,4,1e-04,33,"prot50_child",0.8,0.0450313993193311,1
1,4,1e-04,33,"invasive_male",0,-1.63990704556209e-07,0
1,4,1e-04,33,"invasive_age",-1.2,-0.328311950766786,1
1,4,1e-04,33,"invasive_income",0.6,0.121327469702265,1
1,4,1e-04,33,"invasive_child",0,0.0128657657202044,1
1,4,1e-04,34,"ASC2_male",0,7.77720701183835e-08,0
1,4,1e-04,34,"ASC2_age",-0.5,-0.114051668193294,1
1,4,1e-04,34,"ASC2_income",0,0.0478443732348904,1
1,4,1e-04,34,"ASC2_child",1,0.167909046593833,1
1,4,1e-04,34,"ASC3_male",0,3.56585452308175e-07,0
1,4,1e-04,34,"ASC3_age",-0.3,-0.0800866491334348,1
1,4,1e-04,34,"ASC3_income",-0.7,-0.0984466296161844,1
1,4,1e-04,34,"ASC3_child",-1,-0.133913653896354,1
1,4,1e-04,34,"prot25_male",0,0.0769470724846687,1
1,4,1e-04,34,"prot25_age",0,3.54495987323204e-07,0
1,4,1e-04,34,"prot25_income",0,-2.69086733240431e-08,0
1,4,1e-04,34,"prot25_child",0,3.22984597472364e-07,0
1,4,1e-04,34,"prot50_male",0,-4.45247943691044e-07,0
1,4,1e-04,34,"prot50_age",-0.8,-0.169709046665399,1
1,4,1e-04,34,"prot50_income",-0.1,-0.00724220969275474,1
1,4,1e-04,34,"prot50_child",0,1.90407443486372e-08,0
1,4,1e-04,34,"invasive_male",-0.9,-0.0729651455661145,1
1,4,1e-04,34,"invasive_age",-0.9,-0.205653699442989,1
1,4,1e-04,34,"invasive_income",-0.9,-0.136622823141019,1
1,4,1e-04,34,"invasive_child",0,3.70910153703685e-07,0
1,4,1e-04,35,"ASC2_male",0,-0.0619417745180357,1
1,4,1e-04,35,"ASC2_age",0,-4.25037260891213e-07,0
1,4,1e-04,35,"ASC2_income",-0.2,-0.0400254350308917,1
1,4,1e-04,35,"ASC2_child",0,1.6339223220472e-10,0
1,4,1e-04,35,"ASC3_male",0,-0.128694105702708,1
1,4,1e-04,35,"ASC3_age",0,0.0964617514774578,1
1,4,1e-04,35,"ASC3_income",0,0.00745125642636827,1
1,4,1e-04,35,"ASC3_child",0,-9.47349111303618e-10,0
1,4,1e-04,35,"prot25_male",0,-1.16690752648221e-07,0
1,4,1e-04,35,"prot25_age",1.2,0.288319139149365,1
1,4,1e-04,35,"prot25_income",-0.2,-0.0517141134983646,1
1,4,1e-04,35,"prot25_child",0.8,0.150868601487634,1
1,4,1e-04,35,"prot50_male",-0.9,-0.187508217158787,1
1,4,1e-04,35,"prot50_age",-0.2,-0.0702043356267737,1
1,4,1e-04,35,"prot50_income",0,0.0293130948358001,1
1,4,1e-04,35,"prot50_child",0,-2.52367351817639e-09,0
1,4,1e-04,35,"invasive_male",0.3,0.105182846215827,1
1,4,1e-04,35,"invasive_age",0.3,0.078951473132438,1
1,4,1e-04,35,"invasive_income",-0.4,-0.0693773877925926,1
1,4,1e-04,35,"invasive_child",-0.5,-0.128560285986606,1
1,4,1e-04,36,"ASC2_male",-0.7,-0.0652947041384981,1
1,4,1e-04,36,"ASC2_age",0,-2.11983406165821e-07,0
1,4,1e-04,36,"ASC2_income",0.1,2.22987141508441e-07,0
1,4,1e-04,36,"ASC2_child",0,-4.93288675641605e-09,0
1,4,1e-04,36,"ASC3_male",0,8.18598746450684e-09,0
1,4,1e-04,36,"ASC3_age",0.6,0.153618076902726,1
1,4,1e-04,36,"ASC3_income",1.1,0.175886876911945,1
1,4,1e-04,36,"ASC3_child",0,-2.45593251912261e-08,0
1,4,1e-04,36,"prot25_male",0,-2.68936590696323e-09,0
1,4,1e-04,36,"prot25_age",0,-9.28470519198661e-08,0
1,4,1e-04,36,"prot25_income",0.2,0.0723024144110217,1
1,4,1e-04,36,"prot25_child",0,0.0494785563677941,1
1,4,1e-04,36,"prot50_male",0,6.27406606117616e-09,0
1,4,1e-04,36,"prot50_age",0.9,0.147903448150261,1
1,4,1e-04,36,"prot50_income",-0.8,-0.198121484510941,1
1,4,1e-04,36,"prot50_child",0,3.965577617012e-09,0
1,4,1e-04,36,"invasive_male",-1,-0.194291879736488,1
1,4,1e-04,36,"invasive_age",0.8,0.143211325343345,1
1,4,1e-04,36,"invasive_income",0,-2.0029639140049e-08,0
1,4,1e-04,36,"invasive_child",-0.8,-4.06636036296003e-09,0
1,4,1e-04,37,"ASC2_male",0,-3.77799292358345e-07,0
1,4,1e-04,37,"ASC2_age",0,0.0589514687650333,1
1,4,1e-04,37,"ASC2_income",0,-0.0729361211921743,1
1,4,1e-04,37,"ASC2_child",0,9.17253765253068e-10,0
1,4,1e-04,37,"ASC3_male",0,0.0310527880331317,1
1,4,1e-04,37,"ASC3_age",0,0.0552999300044331,1
1,4,1e-04,37,"ASC3_income",0.6,0.125657804965408,1
1,4,1e-04,37,"ASC3_child",0,-0.0986440970436061,1
1,4,1e-04,37,"prot25_male",-0.8,-0.0273307466931286,1
1,4,1e-04,37,"prot25_age",0.9,0.132232827471667,1
1,4,1e-04,37,"prot25_income",-0.7,-0.0728938110166328,1
1,4,1e-04,37,"prot25_child",0.1,9.54605397165129e-09,0
1,4,1e-04,37,"prot50_male",0,0.024471762882406,1
1,4,1e-04,37,"prot50_age",1,0.193281147398347,1
1,4,1e-04,37,"prot50_income",0,0.0331091399638141,1
1,4,1e-04,37,"prot50_child",-0.9,-0.225729513987559,1
1,4,1e-04,37,"invasive_male",0.6,-4.02164905655288e-10,0
1,4,1e-04,37,"invasive_age",-0.3,-1.98015026841164e-09,0
1,4,1e-04,37,"invasive_income",1.1,0.38952105564753,1
1,4,1e-04,37,"invasive_child",0,0.0281751997675297,1
1,4,1e-04,38,"ASC2_male",0.8,0.210279363908837,1
1,4,1e-04,38,"ASC2_age",0,-0.0286633004124203,1
1,4,1e-04,38,"ASC2_income",0.8,0.305356482372788,1
1,4,1e-04,38,"ASC2_child",0.4,0.00791451177699845,1
1,4,1e-04,38,"ASC3_male",0,1.42522505307182e-07,0
1,4,1e-04,38,"ASC3_age",0,0.0230600662729512,1
1,4,1e-04,38,"ASC3_income",0,0.120813338887096,1
1,4,1e-04,38,"ASC3_child",0.2,0.0561340531048608,1
1,4,1e-04,38,"prot25_male",0,1.46824277596829e-07,0
1,4,1e-04,38,"prot25_age",0,-0.0126368464124248,1
1,4,1e-04,38,"prot25_income",0,-0.105311257116325,1
1,4,1e-04,38,"prot25_child",0,-0.102639296068198,1
1,4,1e-04,38,"prot50_male",0,0.0810230209534872,1
1,4,1e-04,38,"prot50_age",0.3,0.0290497173830867,1
1,4,1e-04,38,"prot50_income",0.9,0.219965138298831,1
1,4,1e-04,38,"prot50_child",0,-0.221060017150791,1
1,4,1e-04,38,"invasive_male",-0.5,-0.125771835599892,1
1,4,1e-04,38,"invasive_age",0.9,0.214274340154969,1
1,4,1e-04,38,"invasive_income",1,0.366312411202553,1
1,4,1e-04,38,"invasive_child",-0.2,-0.188644393435336,1
1,4,1e-04,39,"ASC2_male",0.9,0.12527847629395,1
1,4,1e-04,39,"ASC2_age",1.1,0.262940355318238,1
1,4,1e-04,39,"ASC2_income",0,-0.0209956191066419,1
1,4,1e-04,39,"ASC2_child",0.7,0.293937467403681,1
1,4,1e-04,39,"ASC3_male",0,-1.16843392075847e-06,0
1,4,1e-04,39,"ASC3_age",-0.1,-0.000357419909233371,1
1,4,1e-04,39,"ASC3_income",0,2.80016229259583e-07,0
1,4,1e-04,39,"ASC3_child",-1.1,-0.183677587296922,1
1,4,1e-04,39,"prot25_male",0,5.08385261848777e-07,0
1,4,1e-04,39,"prot25_age",0,-1.1495547096295e-08,0
1,4,1e-04,39,"prot25_income",0.9,0.20168974646889,1
1,4,1e-04,39,"prot25_child",0,3.65187977701898e-08,0
1,4,1e-04,39,"prot50_male",0,7.21672525717669e-09,0
1,4,1e-04,39,"prot50_age",0.9,0.23140143031965,1
1,4,1e-04,39,"prot50_income",-0.8,-0.362629342821018,1
1,4,1e-04,39,"prot50_child",0,2.26431963363138e-07,0
1,4,1e-04,39,"invasive_male",0.1,-1.89242973838975e-07,0
1,4,1e-04,39,"invasive_age",0,-9.96815398326296e-07,0
1,4,1e-04,39,"invasive_income",0.7,0.0958743461159648,1
1,4,1e-04,39,"invasive_child",0,4.72568456346287e-07,0
1,4,1e-04,40,"ASC2_male",0,2.87527630222737e-06,0
1,4,1e-04,40,"ASC2_age",0,-4.60477570810151e-07,0
1,4,1e-04,40,"ASC2_income",-1,-0.250298949873504,1
1,4,1e-04,40,"ASC2_child",-0.4,-2.98230857412213e-07,0
1,4,1e-04,40,"ASC3_male",1.2,0.252260048918232,1
1,4,1e-04,40,"ASC3_age",0,2.11723861319706e-07,0
1,4,1e-04,40,"ASC3_income",0,-0.0645921659167258,1
1,4,1e-04,40,"ASC3_child",0,4.29899513245589e-06,0
1,4,1e-04,40,"prot25_male",-0.1,0.112506054386566,1
1,4,1e-04,40,"prot25_age",0,7.10919001158879e-08,0
1,4,1e-04,40,"prot25_income",-0.3,-0.0042964495897917,1
1,4,1e-04,40,"prot25_child",-0.5,-4.8799717502705e-05,0
1,4,1e-04,40,"prot50_male",-1.2,9.14346877347348e-08,0
1,4,1e-04,40,"prot50_age",0,-6.19115379556902e-12,0
1,4,1e-04,40,"prot50_income",0,-7.9380879549681e-06,0
1,4,1e-04,40,"prot50_child",1.1,0.227714045471626,1
1,4,1e-04,40,"invasive_male",-0.8,-1.46636082665641e-08,0
1,4,1e-04,40,"invasive_age",0.5,0.0806731867961516,1
1,4,1e-04,40,"invasive_income",0,4.02838128717368e-08,0
1,4,1e-04,40,"invasive_child",0,-0.0639168407980191,1
1,4,1e-04,41,"ASC2_male",0.1,-0.213119712090614,1
1,4,1e-04,41,"ASC2_age",0,2.98996983177614e-08,0
1,4,1e-04,41,"ASC2_income",-1,-0.191514382554733,1
1,4,1e-04,41,"ASC2_child",-0.6,-0.0596566649887631,1
1,4,1e-04,41,"ASC3_male",0.8,0.0683479276009412,1
1,4,1e-04,41,"ASC3_age",-0.6,-0.102851369214546,1
1,4,1e-04,41,"ASC3_income",-0.6,-0.168753108421886,1
1,4,1e-04,41,"ASC3_child",-1,-0.261273063423234,1
1,4,1e-04,41,"prot25_male",0,0.328086501847195,1
1,4,1e-04,41,"prot25_age",-1,-0.32747040307981,1
1,4,1e-04,41,"prot25_income",0,-0.0145855318622767,1
1,4,1e-04,41,"prot25_child",0,-5.13718271139789e-09,0
1,4,1e-04,41,"prot50_male",0,0.102913420898595,1
1,4,1e-04,41,"prot50_age",0,1.12361682609565e-12,0
1,4,1e-04,41,"prot50_income",0,-0.000807262236154938,1
1,4,1e-04,41,"prot50_child",0,-4.45912150399433e-09,0
1,4,1e-04,41,"invasive_male",-0.7,-0.198353358187194,1
1,4,1e-04,41,"invasive_age",-0.5,-0.0684626221075986,1
1,4,1e-04,41,"invasive_income",0,-0.0239241762339615,1
1,4,1e-04,41,"invasive_child",0,-0.0158841749611448,1
1,4,1e-04,42,"ASC2_male",-0.1,0.0904101562603452,1
1,4,1e-04,42,"ASC2_age",1,0.255868802467395,1
1,4,1e-04,42,"ASC2_income",0,0.0383866979060361,1
1,4,1e-04,42,"ASC2_child",0.4,1.09209770779516e-08,0
1,4,1e-04,42,"ASC3_male",-0.7,-0.00561117336224671,1
1,4,1e-04,42,"ASC3_age",0,-6.03829087168811e-07,0
1,4,1e-04,42,"ASC3_income",0,4.43109213316405e-09,0
1,4,1e-04,42,"ASC3_child",0,-1.91952500185719e-09,0
1,4,1e-04,42,"prot25_male",0.1,-7.52382689331891e-08,0
1,4,1e-04,42,"prot25_age",0.8,0.18101585628903,1
1,4,1e-04,42,"prot25_income",0,-0.0333190590592358,1
1,4,1e-04,42,"prot25_child",0,-4.97579266259817e-09,0
1,4,1e-04,42,"prot50_male",0,0.0890584646171407,1
1,4,1e-04,42,"prot50_age",1,0.166260512842102,1
1,4,1e-04,42,"prot50_income",0,-1.59177449858022e-09,0
1,4,1e-04,42,"prot50_child",0,-7.26018918484983e-10,0
1,4,1e-04,42,"invasive_male",-0.9,-0.0274018193720328,1
1,4,1e-04,42,"invasive_age",0,0.0079321222437868,1
1,4,1e-04,42,"invasive_income",-1,-0.180551546120874,1
1,4,1e-04,42,"invasive_child",-1.1,-0.180973644736597,1
1,4,1e-04,43,"ASC2_male",0,-0.0774389417206242,1
1,4,1e-04,43,"ASC2_age",-0.8,-0.193125354866495,1
1,4,1e-04,43,"ASC2_income",0,-1.10509418066018e-08,0
1,4,1e-04,43,"ASC2_child",0,0.0655510783082177,1
1,4,1e-04,43,"ASC3_male",-1.2,-0.303175330583541,1
1,4,1e-04,43,"ASC3_age",0,-0.0460187920894546,1
1,4,1e-04,43,"ASC3_income",0,-0.0495590942884317,1
1,4,1e-04,43,"ASC3_child",0,-1.16897348424847e-07,0
1,4,1e-04,43,"prot25_male",1,0.263702054765315,1
1,4,1e-04,43,"prot25_age",0.5,0.168769582021783,1
1,4,1e-04,43,"prot25_income",0.9,0.244171095259768,1
1,4,1e-04,43,"prot25_child",1,0.305878210278186,1
1,4,1e-04,43,"prot50_male",-0.2,-0.14477884132804,1
1,4,1e-04,43,"prot50_age",0,-9.81453328537869e-09,0
1,4,1e-04,43,"prot50_income",-0.3,-0.0357534187572132,1
1,4,1e-04,43,"prot50_child",0.6,0.111514836149366,1
1,4,1e-04,43,"invasive_male",0,-0.0232854964793946,1
1,4,1e-04,43,"invasive_age",0,-5.53280379802458e-08,0
1,4,1e-04,43,"invasive_income",1,0.205992545450056,1
1,4,1e-04,43,"invasive_child",0,-2.77007722016221e-08,0
1,4,1e-04,44,"ASC2_male",0.9,-4.6114278055495e-09,0
1,4,1e-04,44,"ASC2_age",1.2,0.328468085195894,1
1,4,1e-04,44,"ASC2_income",0,-3.60633010599502e-07,0
1,4,1e-04,44,"ASC2_child",0,-3.56627147695093e-09,0
1,4,1e-04,44,"ASC3_male",0.9,0.187448087826057,1
1,4,1e-04,44,"ASC3_age",0,4.25502046356946e-08,0
1,4,1e-04,44,"ASC3_income",-0.5,-0.0974545434285775,1
1,4,1e-04,44,"ASC3_child",-1.1,-0.153117104879965,1
1,4,1e-04,44,"prot25_male",-1.1,-0.214109233094111,1
1,4,1e-04,44,"prot25_age",0,-1.87721222402302e-09,0
1,4,1e-04,44,"prot25_income",0,-0.0869659581655266,1
1,4,1e-04,44,"prot25_child",0.9,0.17555794448001,1
1,4,1e-04,44,"prot50_male",0,-3.00182074541383e-09,0
1,4,1e-04,44,"prot50_age",-1.2,-0.326305986657059,1
1,4,1e-04,44,"prot50_income",-0.5,-0.0893827140730739,1
1,4,1e-04,44,"prot50_child",0,-3.14966136404189e-09,0
1,4,1e-04,44,"invasive_male",-0.8,-0.0909318537780232,1
1,4,1e-04,44,"invasive_age",0,0.0187304144252247,1
1,4,1e-04,44,"invasive_income",0,-4.50156781463327e-09,0
1,4,1e-04,44,"invasive_child",0,0.0360445036889842,1
1,4,1e-04,45,"ASC2_male",-0.6,-1.72676801285286e-07,0
1,4,1e-04,45,"ASC2_age",0,5.07154044450017e-08,0
1,4,1e-04,45,"ASC2_income",0,2.22803195742745e-07,0
1,4,1e-04,45,"ASC2_child",0.2,0.027836000894674,1
1,4,1e-04,45,"ASC3_male",-0.7,-1.29636461824325e-07,0
1,4,1e-04,45,"ASC3_age",0,-9.42544202855465e-09,0
1,4,1e-04,45,"ASC3_income",0,5.31338412334358e-08,0
1,4,1e-04,45,"ASC3_child",-0.1,1.77798745713595e-09,0
1,4,1e-04,45,"prot25_male",0,-3.76095844609267e-09,0
1,4,1e-04,45,"prot25_age",-0.8,-0.259222689859098,1
1,4,1e-04,45,"prot25_income",0,4.84687086289471e-07,0
1,4,1e-04,45,"prot25_child",0.4,0.0327514164038465,1
1,4,1e-04,45,"prot50_male",0,3.33672456896458e-07,0
1,4,1e-04,45,"prot50_age",1.2,0.196805485027421,1
1,4,1e-04,45,"prot50_income",0,-3.31155832563072e-06,0
1,4,1e-04,45,"prot50_child",-0.2,1.1067494388692e-07,0
1,4,1e-04,45,"invasive_male",-1,-0.0628080780194107,1
1,4,1e-04,45,"invasive_age",0,1.76553349973632e-07,0
1,4,1e-04,45,"invasive_income",-0.3,-0.0785857739801124,1
1,4,1e-04,45,"invasive_child",0,2.76147612866967e-08,0
1,4,1e-04,46,"ASC2_male",-0.3,-0.110724311351401,1
1,4,1e-04,46,"ASC2_age",0,3.80879865129533e-06,0
1,4,1e-04,46,"ASC2_income",-0.4,-0.0843619421300631,1
1,4,1e-04,46,"ASC2_child",0,-6.42831928440487e-06,0
1,4,1e-04,46,"ASC3_male",0,-0.00442448193681349,1
1,4,1e-04,46,"ASC3_age",0,-0.00532489224532267,1
1,4,1e-04,46,"ASC3_income",0,-1.01072134206486e-05,0
1,4,1e-04,46,"ASC3_child",0,4.86268234818852e-10,0
1,4,1e-04,46,"prot25_male",0,-0.121418115541708,1
1,4,1e-04,46,"prot25_age",0.9,0.232906113018975,1
1,4,1e-04,46,"prot25_income",0.4,0.0778538299375206,1
1,4,1e-04,46,"prot25_child",0.5,0.132850682421028,1
1,4,1e-04,46,"prot50_male",0.7,0.208457151360671,1
1,4,1e-04,46,"prot50_age",0.5,0.131321709302304,1
1,4,1e-04,46,"prot50_income",-0.5,-0.180933673246777,1
1,4,1e-04,46,"prot50_child",0.7,0.146601866932354,1
1,4,1e-04,46,"invasive_male",0,-4.70838548768593e-06,0
1,4,1e-04,46,"invasive_age",0,0.115048538361349,1
1,4,1e-04,46,"invasive_income",0,5.87581402709189e-07,0
1,4,1e-04,46,"invasive_child",0.6,0.34984449498916,1
1,4,1e-04,47,"ASC2_male",0,-1.7033931195957e-08,0
1,4,1e-04,47,"ASC2_age",0,-3.66658277718794e-06,0
1,4,1e-04,47,"ASC2_income",-0.7,-0.139653852919766,1
1,4,1e-04,47,"ASC2_child",0.9,0.150134508676529,1
1,4,1e-04,47,"ASC3_male",0,-0.0674969242568282,1
1,4,1e-04,47,"ASC3_age",1,0.322762071859587,1
1,4,1e-04,47,"ASC3_income",0,0.0246192577623301,1
1,4,1e-04,47,"ASC3_child",0,-0.119136372675569,1
1,4,1e-04,47,"prot25_male",1.2,0.44988271597277,1
1,4,1e-04,47,"prot25_age",1,0.216778585852381,1
1,4,1e-04,47,"prot25_income",0,-0.0939561464755483,1
1,4,1e-04,47,"prot25_child",0.5,0.0251888532967021,1
1,4,1e-04,47,"prot50_male",-0.1,-0.134551781200801,1
1,4,1e-04,47,"prot50_age",0,-1.49726757618041e-09,0
1,4,1e-04,47,"prot50_income",1,0.148464751922319,1
1,4,1e-04,47,"prot50_child",0,6.42018459514281e-09,0
1,4,1e-04,47,"invasive_male",0,0.0161732444218913,1
1,4,1e-04,47,"invasive_age",0,0.016768793928886,1
1,4,1e-04,47,"invasive_income",-0.3,-0.0873471216262793,1
1,4,1e-04,47,"invasive_child",-0.9,-0.222735276314515,1
1,4,1e-04,48,"ASC2_male",0.3,0.105982184683441,1
1,4,1e-04,48,"ASC2_age",0,-0.000526175936173163,1
1,4,1e-04,48,"ASC2_income",-1.1,-0.237741420011923,1
1,4,1e-04,48,"ASC2_child",0,-1.07287185928331e-08,0
1,4,1e-04,48,"ASC3_male",0,-6.09686326479957e-09,0
1,4,1e-04,48,"ASC3_age",1,0.231292392367665,1
1,4,1e-04,48,"ASC3_income",0.7,0.131244440713869,1
1,4,1e-04,48,"ASC3_child",0.9,0.078544089563067,1
1,4,1e-04,48,"prot25_male",1,0.38556241399537,1
1,4,1e-04,48,"prot25_age",0,-1.51588982264963e-08,0
1,4,1e-04,48,"prot25_income",0.2,-8.19754092595443e-09,0
1,4,1e-04,48,"prot25_child",0,-4.60563398731208e-09,0
1,4,1e-04,48,"prot50_male",-0.7,-1.18795431968738e-08,0
1,4,1e-04,48,"prot50_age",0,-2.06338104751342e-10,0
1,4,1e-04,48,"prot50_income",0,-1.60748586916656e-08,0
1,4,1e-04,48,"prot50_child",0.1,0.0508481752989963,1
1,4,1e-04,48,"invasive_male",0,-5.83780814331773e-08,0
1,4,1e-04,48,"invasive_age",0,-3.12606658477761e-09,0
1,4,1e-04,48,"invasive_income",0.6,0.0744180503539269,1
1,4,1e-04,48,"invasive_child",0,-2.4998461911165e-08,0
1,4,1e-04,49,"ASC2_male",0,-9.19299418248868e-09,0
1,4,1e-04,49,"ASC2_age",0.6,0.0316283539505373,1
1,4,1e-04,49,"ASC2_income",0,0.0258656343263547,1
1,4,1e-04,49,"ASC2_child",0.6,-4.54939591511438e-09,0
1,4,1e-04,49,"ASC3_male",0,-7.98261768819349e-09,0
1,4,1e-04,49,"ASC3_age",0.5,0.0616425461867932,1
1,4,1e-04,49,"ASC3_income",-0.2,0.00522257341920605,1
1,4,1e-04,49,"ASC3_child",0,1.30024622306317e-08,0
1,4,1e-04,49,"prot25_male",1,0.173037807062498,1
1,4,1e-04,49,"prot25_age",0,0.00042421465280058,1
1,4,1e-04,49,"prot25_income",0.8,0.156744392524998,1
1,4,1e-04,49,"prot25_child",-1,-9.77511204002816e-09,0
1,4,1e-04,49,"prot50_male",0,-2.49372821472821e-10,0
1,4,1e-04,49,"prot50_age",0.7,0.231221408972101,1
1,4,1e-04,49,"prot50_income",0,-1.25855616198537e-08,0
1,4,1e-04,49,"prot50_child",-1,-1.09087144012852e-05,0
1,4,1e-04,49,"invasive_male",-0.2,-8.29010154866339e-09,0
1,4,1e-04,49,"invasive_age",0,-0.0491807560181754,1
1,4,1e-04,49,"invasive_income",0,-2.46861412815469e-08,0
1,4,1e-04,49,"invasive_child",0,-1.1470127751232e-08,0
1,4,1e-04,50,"ASC2_male",0,-3.32315282627714e-09,0
1,4,1e-04,50,"ASC2_age",0,-8.17624023016843e-09,0
1,4,1e-04,50,"ASC2_income",0.4,0.0577092634129003,1
1,4,1e-04,50,"ASC2_child",0.1,-2.28184485130268e-09,0
1,4,1e-04,50,"ASC3_male",0,-1.34772836731387e-08,0
1,4,1e-04,50,"ASC3_age",0,-6.39633526728829e-09,0
1,4,1e-04,50,"ASC3_income",0,-9.81392058662769e-09,0
1,4,1e-04,50,"ASC3_child",-0.2,-0.0841996265214995,1
1,4,1e-04,50,"prot25_male",-0.4,-7.7055885018348e-09,0
1,4,1e-04,50,"prot25_age",1.2,0.212375579200633,1
1,4,1e-04,50,"prot25_income",-0.6,-0.0205192236690711,1
1,4,1e-04,50,"prot25_child",0,-7.50488904724909e-09,0
1,4,1e-04,50,"prot50_male",1,0.271168462456702,1
1,4,1e-04,50,"prot50_age",-0.3,-0.0759944578145638,1
1,4,1e-04,50,"prot50_income",0,-7.11047191005974e-09,0
1,4,1e-04,50,"prot50_child",0,-1.14021836540364e-08,0
1,4,1e-04,50,"invasive_male",-1,-0.143708862059497,1
1,4,1e-04,50,"invasive_age",0.4,0.0374479561992853,1
1,4,1e-04,50,"invasive_income",0,-1.29017649416686e-08,0
1,4,1e-04,50,"invasive_child",0,-3.80553220520484e-09,0
1,4,1e-04,51,"ASC2_male",1.1,0.0820329326429925,1
1,4,1e-04,51,"ASC2_age",0,0.000447617410358849,1
1,4,1e-04,51,"ASC2_income",-0.5,1.06811431501386e-08,0
1,4,1e-04,51,"ASC2_child",0,-1.78536979444259e-10,0
1,4,1e-04,51,"ASC3_male",0,-3.52773203468896e-09,0
1,4,1e-04,51,"ASC3_age",-1,-0.256068418239339,1
1,4,1e-04,51,"ASC3_income",-0.5,-5.3866387211967e-09,0
1,4,1e-04,51,"ASC3_child",0,3.03361353904839e-07,0
1,4,1e-04,51,"prot25_male",0,0.0608042046024363,1
1,4,1e-04,51,"prot25_age",-0.8,-0.180452911857152,1
1,4,1e-04,51,"prot25_income",0.9,0.120104226309066,1
1,4,1e-04,51,"prot25_child",0.8,0.00810118057619794,1
1,4,1e-04,51,"prot50_male",-1,-0.00029156090026629,1
1,4,1e-04,51,"prot50_age",0,4.18977372766583e-08,0
1,4,1e-04,51,"prot50_income",0,-1.90947667463553e-09,0
1,4,1e-04,51,"prot50_child",0,3.83458381428697e-10,0
1,4,1e-04,51,"invasive_male",0.9,0.00333205239420726,1
1,4,1e-04,51,"invasive_age",0,0.0089885628078416,1
1,4,1e-04,51,"invasive_income",-0.4,-0.0175448838541923,1
1,4,1e-04,51,"invasive_child",0,-1.19832362830965e-06,0
1,4,1e-04,52,"ASC2_male",0,-0.0309145199192401,1
1,4,1e-04,52,"ASC2_age",0.8,0.182712243814871,1
1,4,1e-04,52,"ASC2_income",0,7.86099405009832e-07,0
1,4,1e-04,52,"ASC2_child",0,-0.149748137755113,1
1,4,1e-04,52,"ASC3_male",1.1,0.104983778674062,1
1,4,1e-04,52,"ASC3_age",0,-0.0116802709715963,1
1,4,1e-04,52,"ASC3_income",0.2,0.0113028048536967,1
1,4,1e-04,52,"ASC3_child",0,0.0578981889415091,1
1,4,1e-04,52,"prot25_male",-0.9,-0.0984926350560618,1
1,4,1e-04,52,"prot25_age",1.1,0.302358087514933,1
1,4,1e-04,52,"prot25_income",0,0.0389835748451366,1
1,4,1e-04,52,"prot25_child",-1.1,-2.3903503929934e-07,0
1,4,1e-04,52,"prot50_male",0,0.137862529746393,1
1,4,1e-04,52,"prot50_age",0,-0.0299590717733678,1
1,4,1e-04,52,"prot50_income",0.9,0.216362884988291,1
1,4,1e-04,52,"prot50_child",-0.2,0.0789612384975764,1
1,4,1e-04,52,"invasive_male",0.2,1.8623648544215e-08,0
1,4,1e-04,52,"invasive_age",0,-0.00870385882543689,1
1,4,1e-04,52,"invasive_income",-0.9,-0.178840398871991,1
1,4,1e-04,52,"invasive_child",0,1.63997428351571e-07,0
1,4,1e-04,53,"ASC2_male",0,-1.06864693952147e-08,0
1,4,1e-04,53,"ASC2_age",0,0.0156046613047985,1
1,4,1e-04,53,"ASC2_income",-0.7,-0.0682896210267766,1
1,4,1e-04,53,"ASC2_child",0.7,0.122428470780696,1
1,4,1e-04,53,"ASC3_male",0,-0.0860885960504496,1
1,4,1e-04,53,"ASC3_age",-0.4,-0.0686304780044638,1
1,4,1e-04,53,"ASC3_income",0,0.0497336472080563,1
1,4,1e-04,53,"ASC3_child",0,2.58981860890139e-08,0
1,4,1e-04,53,"prot25_male",-1.1,-0.12634402824275,1
1,4,1e-04,53,"prot25_age",-0.4,-0.140452329990815,1
1,4,1e-04,53,"prot25_income",0,-0.0830495012929938,1
1,4,1e-04,53,"prot25_child",0,0.143036037074082,1
1,4,1e-04,53,"prot50_male",0,0.00713106520179111,1
1,4,1e-04,53,"prot50_age",0.4,0.0693688956322387,1
1,4,1e-04,53,"prot50_income",0,-0.0641786144066741,1
1,4,1e-04,53,"prot50_child",0,0.0733443981980342,1
1,4,1e-04,53,"invasive_male",-1.1,-0.319031343403631,1
1,4,1e-04,53,"invasive_age",0.4,0.177044946510276,1
1,4,1e-04,53,"invasive_income",-0.4,-0.0445100976322411,1
1,4,1e-04,53,"invasive_child",0.5,0.174453060410102,1
1,4,1e-04,54,"ASC2_male",-1,-0.323199835800875,1
1,4,1e-04,54,"ASC2_age",0.5,0.110962303828534,1
1,4,1e-04,54,"ASC2_income",0,-7.71347972252559e-08,0
1,4,1e-04,54,"ASC2_child",0.2,1.37686026861591e-07,0
1,4,1e-04,54,"ASC3_male",0.5,0.132422550842368,1
1,4,1e-04,54,"ASC3_age",-0.2,-0.0246285584364937,1
1,4,1e-04,54,"ASC3_income",0,6.41889435951038e-06,0
1,4,1e-04,54,"ASC3_child",0,-1.09412466142604e-08,0
1,4,1e-04,54,"prot25_male",0,0.0778035945317178,1
1,4,1e-04,54,"prot25_age",0,-0.0428345203523379,1
1,4,1e-04,54,"prot25_income",0.3,0.0763347769443025,1
1,4,1e-04,54,"prot25_child",0,0.0236851822708831,1
1,4,1e-04,54,"prot50_male",0,-1.71912097738453e-10,0
1,4,1e-04,54,"prot50_age",0.9,0.163755049456325,1
1,4,1e-04,54,"prot50_income",0,-0.00244732897592219,1
1,4,1e-04,54,"prot50_child",-0.4,-0.0533562543541465,1
1,4,1e-04,54,"invasive_male",0,-0.184870256905386,1
1,4,1e-04,54,"invasive_age",0.9,0.27548228669322,1
1,4,1e-04,54,"invasive_income",-0.4,-0.116969490283022,1
1,4,1e-04,54,"invasive_child",0,1.29597573862479e-07,0
1,4,1e-04,55,"ASC2_male",0.9,0.0649383097814725,1
1,4,1e-04,55,"ASC2_age",0,-1.71253299857169e-08,0
1,4,1e-04,55,"ASC2_income",0,-0.00640179756341615,1
1,4,1e-04,55,"ASC2_child",0.9,0.167957475963124,1
1,4,1e-04,55,"ASC3_male",0,-0.0482973420827042,1
1,4,1e-04,55,"ASC3_age",0,-1.08794683473008e-08,0
1,4,1e-04,55,"ASC3_income",0,0.0266881719774374,1
1,4,1e-04,55,"ASC3_child",-1,-0.400709903073465,1
1,4,1e-04,55,"prot25_male",-0.9,-0.199505406000229,1
1,4,1e-04,55,"prot25_age",-0.6,-0.125124778759387,1
1,4,1e-04,55,"prot25_income",0,-0.0305462004737552,1
1,4,1e-04,55,"prot25_child",-0.3,-7.39900391123747e-09,0
1,4,1e-04,55,"prot50_male",-0.9,-0.170236277836563,1
1,4,1e-04,55,"prot50_age",0,-0.0149485717966996,1
1,4,1e-04,55,"prot50_income",1.1,0.21330246921131,1
1,4,1e-04,55,"prot50_child",0,0.101197363433523,1
1,4,1e-04,55,"invasive_male",0.8,0.0661724734363326,1
1,4,1e-04,55,"invasive_age",-0.8,-0.149118118480934,1
1,4,1e-04,55,"invasive_income",0,0.0038722936440277,1
1,4,1e-04,55,"invasive_child",0,-1.26255744429293e-09,0
1,4,1e-04,56,"ASC2_male",0,-0.0803059137563503,1
1,4,1e-04,56,"ASC2_age",1.1,0.297370804991587,1
1,4,1e-04,56,"ASC2_income",0,5.12400674941436e-08,0
1,4,1e-04,56,"ASC2_child",0,-0.186235391565919,1
1,4,1e-04,56,"ASC3_male",0,-1.6142344166765e-08,0
1,4,1e-04,56,"ASC3_age",-1,-0.151720556766546,1
1,4,1e-04,56,"ASC3_income",0.8,0.159403077504089,1
1,4,1e-04,56,"ASC3_child",0,-0.220127746526223,1
1,4,1e-04,56,"prot25_male",0,0.0493698536614611,1
1,4,1e-04,56,"prot25_age",0.9,0.208076704911294,1
1,4,1e-04,56,"prot25_income",0,0.0240671527419032,1
1,4,1e-04,56,"prot25_child",0,9.70241011569274e-08,0
1,4,1e-04,56,"prot50_male",0.5,0.051225686174439,1
1,4,1e-04,56,"prot50_age",0,-1.88275855578601e-06,0
1,4,1e-04,56,"prot50_income",-0.8,-0.0520880353700918,1
1,4,1e-04,56,"prot50_child",-0.4,-0.0667563486553483,1
1,4,1e-04,56,"invasive_male",0,-0.039647351468847,1
1,4,1e-04,56,"invasive_age",0.7,0.165787088340847,1
1,4,1e-04,56,"invasive_income",1.1,0.241821089041274,1
1,4,1e-04,56,"invasive_child",0.3,6.3967532435773e-05,0
1,4,1e-04,57,"ASC2_male",0,-4.43860493347315e-09,0
1,4,1e-04,57,"ASC2_age",0,-0.0360961323796736,1
1,4,1e-04,57,"ASC2_income",1,0.212266495747871,1
1,4,1e-04,57,"ASC2_child",1.1,0.0993209036724704,1
1,4,1e-04,57,"ASC3_male",0,0.118992588618299,1
1,4,1e-04,57,"ASC3_age",0.9,0.160261656633134,1
1,4,1e-04,57,"ASC3_income",0,-0.033051525063685,1
1,4,1e-04,57,"ASC3_child",0,-0.0993703511301295,1
1,4,1e-04,57,"prot25_male",0.1,0.0350996940662476,1
1,4,1e-04,57,"prot25_age",0,-7.742535276542e-09,0
1,4,1e-04,57,"prot25_income",0,0.0175474512041241,1
1,4,1e-04,57,"prot25_child",-0.4,-1.12333039142139e-08,0
1,4,1e-04,57,"prot50_male",1,0.258915877747193,1
1,4,1e-04,57,"prot50_age",-0.9,-0.211683341749336,1
1,4,1e-04,57,"prot50_income",0,-0.00929439118792268,1
1,4,1e-04,57,"prot50_child",-0.2,-6.71316231259734e-09,0
1,4,1e-04,57,"invasive_male",-0.4,-0.0615385934299301,1
1,4,1e-04,57,"invasive_age",1,0.218798846733401,1
1,4,1e-04,57,"invasive_income",0,-0.0911325477904195,1
1,4,1e-04,57,"invasive_child",0,-4.91158377536683e-09,0
1,4,1e-04,58,"ASC2_male",0,0.0994193161995124,1
1,4,1e-04,58,"ASC2_age",-0.4,-0.05814254289143,1
1,4,1e-04,58,"ASC2_income",1.1,0.216793262899856,1
1,4,1e-04,58,"ASC2_child",0.4,0.0264481738035518,1
1,4,1e-04,58,"ASC3_male",0,0.0238427776044624,1
1,4,1e-04,58,"ASC3_age",-0.6,-0.0984720852588469,1
1,4,1e-04,58,"ASC3_income",0,0.00332108419239798,1
1,4,1e-04,58,"ASC3_child",0,-4.48109104101013e-05,0
1,4,1e-04,58,"prot25_male",0.2,0.18622316096504,1
1,4,1e-04,58,"prot25_age",0,-0.0203579941474807,1
1,4,1e-04,58,"prot25_income",0,0.00150995444520454,1
1,4,1e-04,58,"prot25_child",-0.4,0.0414001419876892,1
1,4,1e-04,58,"prot50_male",0.6,0.178923305711018,1
1,4,1e-04,58,"prot50_age",0,-0.0290151349883597,1
1,4,1e-04,58,"prot50_income",0,0.000555425883801328,1
1,4,1e-04,58,"prot50_child",-0.7,-0.152993256758938,1
1,4,1e-04,58,"invasive_male",-1,-0.160921672225863,1
1,4,1e-04,58,"invasive_age",0.8,0.159959321779844,1
1,4,1e-04,58,"invasive_income",0,-0.0112254529140599,1
1,4,1e-04,58,"invasive_child",0,0.0337237811906124,1
1,4,1e-04,59,"ASC2_male",1.2,0.277810318766244,1
1,4,1e-04,59,"ASC2_age",1.1,0.104696872830342,1
1,4,1e-04,59,"ASC2_income",0,2.72606497142757e-07,0
1,4,1e-04,59,"ASC2_child",0.2,-1.5998333273198e-08,0
1,4,1e-04,59,"ASC3_male",0,-2.51652072939949e-07,0
1,4,1e-04,59,"ASC3_age",1,0.151929542876873,1
1,4,1e-04,59,"ASC3_income",0,0.0460510366437378,1
1,4,1e-04,59,"ASC3_child",0,-1.3040362972578e-08,0
1,4,1e-04,59,"prot25_male",0.3,-1.11046281631547e-08,0
1,4,1e-04,59,"prot25_age",0,-3.23969513122782e-09,0
1,4,1e-04,59,"prot25_income",0.4,0.0789793596212961,1
1,4,1e-04,59,"prot25_child",0.3,-1.40467389187376e-08,0
1,4,1e-04,59,"prot50_male",0,-1.60356185116493e-09,0
1,4,1e-04,59,"prot50_age",0,0.029566464969184,1
1,4,1e-04,59,"prot50_income",1,0.192019248169205,1
1,4,1e-04,59,"prot50_child",0.9,0.165975395163461,1
1,4,1e-04,59,"invasive_male",0,-1.06492178307261e-08,0
1,4,1e-04,59,"invasive_age",0,-6.07794770355299e-09,0
1,4,1e-04,59,"invasive_income",0,-0.0523201210415609,1
1,4,1e-04,59,"invasive_child",-0.6,-0.180959124190282,1
1,4,1e-04,60,"ASC2_male",-1,-0.277106289332149,1
1,4,1e-04,60,"ASC2_age",-0.1,-1.17231468091383e-09,0
1,4,1e-04,60,"ASC2_income",0,-5.93666436947372e-09,0
1,4,1e-04,60,"ASC2_child",-0.4,-5.51459858351521e-09,0
1,4,1e-04,60,"ASC3_male",-1.1,-0.17817423921757,1
1,4,1e-04,60,"ASC3_age",0,-0.0158002239612123,1
1,4,1e-04,60,"ASC3_income",0,-0.038706888868055,1
1,4,1e-04,60,"ASC3_child",1.2,0.344017029774825,1
1,4,1e-04,60,"prot25_male",-1.1,-0.170045207188337,1
1,4,1e-04,60,"prot25_age",-0.8,-0.0960542044151499,1
1,4,1e-04,60,"prot25_income",0,-6.6708806149442e-09,0
1,4,1e-04,60,"prot25_child",0,-1.18158545921392e-09,0
1,4,1e-04,60,"prot50_male",-0.4,-1.12888529494896e-08,0
1,4,1e-04,60,"prot50_age",0,-5.71715875965847e-09,0
1,4,1e-04,60,"prot50_income",0,0.0560283643496582,1
1,4,1e-04,60,"prot50_child",0,1.25363607554167e-09,0
1,4,1e-04,60,"invasive_male",1.1,0.0580314131882618,1
1,4,1e-04,60,"invasive_age",0,-0.0202905568447069,1
1,4,1e-04,60,"invasive_income",0,0.0230967971664975,1
1,4,1e-04,60,"invasive_child",-0.4,-0.0090450889656347,1
1,4,1e-04,61,"ASC2_male",-0.6,-0.134681043842947,1
1,4,1e-04,61,"ASC2_age",0,-0.0359180348393496,1
1,4,1e-04,61,"ASC2_income",0.3,0.0642478414628922,1
1,4,1e-04,61,"ASC2_child",0.8,0.0862505976524577,1
1,4,1e-04,61,"ASC3_male",0.5,0.108127987566296,1
1,4,1e-04,61,"ASC3_age",0,-0.0571776825930953,1
1,4,1e-04,61,"ASC3_income",0,-3.69819740221815e-09,0
1,4,1e-04,61,"ASC3_child",0,-0.13713196243152,1
1,4,1e-04,61,"prot25_male",0,-8.1613457664504e-09,0
1,4,1e-04,61,"prot25_age",-0.6,-0.16025717863419,1
1,4,1e-04,61,"prot25_income",0,0.015125047203063,1
1,4,1e-04,61,"prot25_child",0,0.0422459928719649,1
1,4,1e-04,61,"prot50_male",0,-8.20527126442111e-09,0
1,4,1e-04,61,"prot50_age",-0.4,-0.103999973819785,1
1,4,1e-04,61,"prot50_income",0,0.0187075004200434,1
1,4,1e-04,61,"prot50_child",-0.7,-1.67103897922547e-08,0
1,4,1e-04,61,"invasive_male",0,-1.18926711512673e-08,0
1,4,1e-04,61,"invasive_age",1.1,0.188579866152799,1
1,4,1e-04,61,"invasive_income",1,0.187169459727517,1
1,4,1e-04,61,"invasive_child",0.5,0.0225721212549132,1
1,4,1e-04,62,"ASC2_male",0,-0.0189259813424497,1
1,4,1e-04,62,"ASC2_age",-1,-0.218579359334629,1
1,4,1e-04,62,"ASC2_income",-0.6,-0.118274937987105,1
1,4,1e-04,62,"ASC2_child",0,-1.47500221545861e-10,0
1,4,1e-04,62,"ASC3_male",0,-7.17951048595586e-09,0
1,4,1e-04,62,"ASC3_age",0,-4.45758727335657e-09,0
1,4,1e-04,62,"ASC3_income",0.3,0.0584121185244403,1
1,4,1e-04,62,"ASC3_child",-0.1,-1.91668816900877e-09,0
1,4,1e-04,62,"prot25_male",0,0.0115979246410916,1
1,4,1e-04,62,"prot25_age",-0.9,-0.213626886112383,1
1,4,1e-04,62,"prot25_income",0.5,0.107118350590103,1
1,4,1e-04,62,"prot25_child",0.5,0.00953252928588338,1
1,4,1e-04,62,"prot50_male",-0.8,-0.261139769003356,1
1,4,1e-04,62,"prot50_age",0,-0.0132979714273749,1
1,4,1e-04,62,"prot50_income",0,-2.00902563614926e-09,0
1,4,1e-04,62,"prot50_child",1.2,0.221250313314932,1
1,4,1e-04,62,"invasive_male",0.3,0.0245232717267566,1
1,4,1e-04,62,"invasive_age",0,-0.0266752646314968,1
1,4,1e-04,62,"invasive_income",0,-1.39066835312855e-08,0
1,4,1e-04,62,"invasive_child",0,-5.53155164412052e-09,0
1,4,1e-04,63,"ASC2_male",0.9,0.128036332904632,1
1,4,1e-04,63,"ASC2_age",-0.1,0.0177658752424342,1
1,4,1e-04,63,"ASC2_income",0,-0.0136359633539426,1
1,4,1e-04,63,"ASC2_child",0.1,-1.62039897825752e-08,0
1,4,1e-04,63,"ASC3_male",0.4,9.38617285879444e-07,0
1,4,1e-04,63,"ASC3_age",-0.7,-0.10618315920507,1
1,4,1e-04,63,"ASC3_income",0,1.90619915791861e-07,0
1,4,1e-04,63,"ASC3_child",0,1.17424077643087e-07,0
1,4,1e-04,63,"prot25_male",0,0.000397680786523536,1
1,4,1e-04,63,"prot25_age",0,-0.0506560204288394,1
1,4,1e-04,63,"prot25_income",-0.2,-0.0170168685721216,1
1,4,1e-04,63,"prot25_child",0,7.11160672457145e-07,0
1,4,1e-04,63,"prot50_male",0,0.119253588852403,1
1,4,1e-04,63,"prot50_age",1,0.185204398486292,1
1,4,1e-04,63,"prot50_income",0,3.8538211743644e-07,0
1,4,1e-04,63,"prot50_child",-0.2,-1.52790229767224e-09,0
1,4,1e-04,63,"invasive_male",0,-2.10122858102864e-08,0
1,4,1e-04,63,"invasive_age",-0.5,-0.0676122499027106,1
1,4,1e-04,63,"invasive_income",0,-9.72419229234944e-09,0
1,4,1e-04,63,"invasive_child",-0.6,-1.64940305774842e-07,0
1,4,1e-04,64,"ASC2_male",0,-1.79777469176331e-09,0
1,4,1e-04,64,"ASC2_age",0,0.044400532061015,1
1,4,1e-04,64,"ASC2_income",1.1,0.209551191485202,1
1,4,1e-04,64,"ASC2_child",0.5,0.0217209001350621,1
1,4,1e-04,64,"ASC3_male",0,-1.03261036775609e-09,0
1,4,1e-04,64,"ASC3_age",0,-1.0903360305204e-07,0
1,4,1e-04,64,"ASC3_income",1.1,0.259860161303487,1
1,4,1e-04,64,"ASC3_child",0,-2.0699110882593e-09,0
1,4,1e-04,64,"prot25_male",0,0.0667244323042175,1
1,4,1e-04,64,"prot25_age",-1.1,-0.244459785388817,1
1,4,1e-04,64,"prot25_income",-0.7,-0.135814875660725,1
1,4,1e-04,64,"prot25_child",-0.8,-3.58853853369092e-07,0
1,4,1e-04,64,"prot50_male",0,-0.0117707586706392,1
1,4,1e-04,64,"prot50_age",0.9,0.20718906377934,1
1,4,1e-04,64,"prot50_income",-0.5,-0.0354022197748827,1
1,4,1e-04,64,"prot50_child",0,0.20587316076566,1
1,4,1e-04,64,"invasive_male",0,0.0416426530804836,1
1,4,1e-04,64,"invasive_age",-1.1,-0.243068063118187,1
1,4,1e-04,64,"invasive_income",0.3,0.0726284483035975,1
1,4,1e-04,64,"invasive_child",0,-0.0371444505012975,1
1,4,1e-04,65,"ASC2_male",0,-0.0394446839695368,1
1,4,1e-04,65,"ASC2_age",0,-0.0691636213714539,1
1,4,1e-04,65,"ASC2_income",-0.7,-0.164249908316739,1
1,4,1e-04,65,"ASC2_child",0,0.0282025503049079,1
1,4,1e-04,65,"ASC3_male",0,3.28453818016557e-06,0
1,4,1e-04,65,"ASC3_age",-0.9,-0.242388067856802,1
1,4,1e-04,65,"ASC3_income",0,0.00942395166745472,1
1,4,1e-04,65,"ASC3_child",0,0.0914475491150303,1
1,4,1e-04,65,"prot25_male",0.1,0.0524226721980862,1
1,4,1e-04,65,"prot25_age",-0.8,-0.13168815708345,1
1,4,1e-04,65,"prot25_income",0.9,0.225667045587298,1
1,4,1e-04,65,"prot25_child",0,6.66373729469519e-07,0
1,4,1e-04,65,"prot50_male",0.8,0.0292238114431821,1
1,4,1e-04,65,"prot50_age",1.1,0.395049058244531,1
1,4,1e-04,65,"prot50_income",-1,-0.346605577256799,1
1,4,1e-04,65,"prot50_child",-1.2,-0.400601841117456,1
1,4,1e-04,65,"invasive_male",0,-0.0234302854448686,1
1,4,1e-04,65,"invasive_age",0,0.0381921442507716,1
1,4,1e-04,65,"invasive_income",-1,-0.299043254173296,1
1,4,1e-04,65,"invasive_child",0,-7.18209074710795e-09,0
1,4,1e-04,66,"ASC2_male",0.9,0.0405797389609614,1
1,4,1e-04,66,"ASC2_age",0.9,0.23760012321441,1
1,4,1e-04,66,"ASC2_income",0,-8.30297004742758e-09,0
1,4,1e-04,66,"ASC2_child",0,-0.0257782900903348,1
1,4,1e-04,66,"ASC3_male",-0.6,-0.0805524895719758,1
1,4,1e-04,66,"ASC3_age",0,-0.0287816037734547,1
1,4,1e-04,66,"ASC3_income",-1.2,-0.293442054464339,1
1,4,1e-04,66,"ASC3_child",0,0.0320328511776542,1
1,4,1e-04,66,"prot25_male",0,0.0704396130600986,1
1,4,1e-04,66,"prot25_age",-0.4,-0.116319423489996,1
1,4,1e-04,66,"prot25_income",-0.4,-0.164828731701885,1
1,4,1e-04,66,"prot25_child",0,0.0140975392687489,1
1,4,1e-04,66,"prot50_male",0,1.03425680231081e-07,0
1,4,1e-04,66,"prot50_age",0,-0.00238104688843919,1
1,4,1e-04,66,"prot50_income",0.2,1.11718875653925e-05,0
1,4,1e-04,66,"prot50_child",-0.7,-0.0206014562096859,1
1,4,1e-04,66,"invasive_male",0.5,0.0946162712565621,1
1,4,1e-04,66,"invasive_age",0.9,0.249364768738241,1
1,4,1e-04,66,"invasive_income",0,-0.0314243239297146,1
1,4,1e-04,66,"invasive_child",0,9.82532868733695e-07,0
1,4,1e-04,67,"ASC2_male",0,0.00505758397550371,1
1,4,1e-04,67,"ASC2_age",-1.1,-0.260241337417842,1
1,4,1e-04,67,"ASC2_income",0.6,-1.12875093804966e-08,0
1,4,1e-04,67,"ASC2_child",0.3,3.63633696079124e-06,0
1,4,1e-04,67,"ASC3_male",0,-3.13989869426461e-08,0
1,4,1e-04,67,"ASC3_age",0,-5.13733203274399e-11,0
1,4,1e-04,67,"ASC3_income",0.7,0.0061827436209267,1
1,4,1e-04,67,"ASC3_child",0,-1.75043680010806e-08,0
1,4,1e-04,67,"prot25_male",0.9,0.218057739240174,1
1,4,1e-04,67,"prot25_age",0.5,0.0423987562323456,1
1,4,1e-04,67,"prot25_income",-0.8,-0.108301841965221,1
1,4,1e-04,67,"prot25_child",0,-7.36070159081854e-08,0
1,4,1e-04,67,"prot50_male",-0.7,-1.48725477489892e-09,0
1,4,1e-04,67,"prot50_age",0,-0.0910835835691733,1
1,4,1e-04,67,"prot50_income",-0.2,3.23962356081939e-08,0
1,4,1e-04,67,"prot50_child",0,1.39106875512747e-08,0
1,4,1e-04,67,"invasive_male",0,-3.78917975408422e-09,0
1,4,1e-04,67,"invasive_age",0,-1.97495718074231e-07,0
1,4,1e-04,67,"invasive_income",0,2.28184917110803e-06,0
1,4,1e-04,67,"invasive_child",0.9,0.0898177556055544,1
1,4,1e-04,68,"ASC2_male",0.3,0.0131090334614391,1
1,4,1e-04,68,"ASC2_age",0.9,0.271550006566144,1
1,4,1e-04,68,"ASC2_income",-1,-0.234084747849505,1
1,4,1e-04,68,"ASC2_child",0.1,6.41991586495977e-06,0
1,4,1e-04,68,"ASC3_male",0,-0.0344556482070051,1
1,4,1e-04,68,"ASC3_age",0.7,0.217619754441504,1
1,4,1e-04,68,"ASC3_income",0,-1.85428955539301e-10,0
1,4,1e-04,68,"ASC3_child",-0.4,-0.0634791222421173,1
1,4,1e-04,68,"prot25_male",0,1.5547846809016e-06,0
1,4,1e-04,68,"prot25_age",0,-0.0348258446749431,1
1,4,1e-04,68,"prot25_income",0,0.00116681352619916,1
1,4,1e-04,68,"prot25_child",-0.6,-0.00203563036506499,1
1,4,1e-04,68,"prot50_male",0,0.0617165330134708,1
1,4,1e-04,68,"prot50_age",0.1,1.44447885767875e-05,0
1,4,1e-04,68,"prot50_income",0,7.87400040056055e-05,0
1,4,1e-04,68,"prot50_child",0,0.015422541924329,1
1,4,1e-04,68,"invasive_male",0,2.00089188393462e-06,0
1,4,1e-04,68,"invasive_age",0,-1.51145606266398e-08,0
1,4,1e-04,68,"invasive_income",0.5,0.152293536730214,1
1,4,1e-04,68,"invasive_child",0.3,0.0745622368159174,1
1,4,1e-04,69,"ASC2_male",0,-0.000551386124848104,1
1,4,1e-04,69,"ASC2_age",0,-0.0183351042820453,1
1,4,1e-04,69,"ASC2_income",-0.9,-0.140039203670505,1
1,4,1e-04,69,"ASC2_child",0,-6.27572360587686e-08,0
1,4,1e-04,69,"ASC3_male",0.8,0.0494874398171876,1
1,4,1e-04,69,"ASC3_age",0,-4.42239486090157e-09,0
1,4,1e-04,69,"ASC3_income",0,0.0993465256552104,1
1,4,1e-04,69,"ASC3_child",0,-1.47132339803885e-07,0
1,4,1e-04,69,"prot25_male",-0.4,-2.03634942261542e-06,0
1,4,1e-04,69,"prot25_age",-0.8,-0.179405198929466,1
1,4,1e-04,69,"prot25_income",0,-1.1823884884091e-06,0
1,4,1e-04,69,"prot25_child",1.2,0.132880216318408,1
1,4,1e-04,69,"prot50_male",0,0.0458281140647934,1
1,4,1e-04,69,"prot50_age",-0.7,-0.229162371008443,1
1,4,1e-04,69,"prot50_income",0,3.77627926334393e-07,0
1,4,1e-04,69,"prot50_child",-0.6,-0.116232441825032,1
1,4,1e-04,69,"invasive_male",-1.1,-0.223268090430409,1
1,4,1e-04,69,"invasive_age",0.5,0.0673136957768196,1
1,4,1e-04,69,"invasive_income",-0.9,-0.158715909437293,1
1,4,1e-04,69,"invasive_child",0,-9.65149850523602e-09,0
1,4,1e-04,70,"ASC2_male",0,-0.0887687171882908,1
1,4,1e-04,70,"ASC2_age",-1,-0.117706141662789,1
1,4,1e-04,70,"ASC2_income",1.2,0.319613422582053,1
1,4,1e-04,70,"ASC2_child",0.3,0.106444941070112,1
1,4,1e-04,70,"ASC3_male",0,-1.12993137068745e-09,0
1,4,1e-04,70,"ASC3_age",-0.9,-0.0953394174928877,1
1,4,1e-04,70,"ASC3_income",0,0.0133430406677607,1
1,4,1e-04,70,"ASC3_child",0,-1.11900169668998e-08,0
1,4,1e-04,70,"prot25_male",0,0.103841538492306,1
1,4,1e-04,70,"prot25_age",0.2,-1.04677313837559e-08,0
1,4,1e-04,70,"prot25_income",0,-1.40126124900523e-08,0
1,4,1e-04,70,"prot25_child",-0.7,-0.0884848308139657,1
1,4,1e-04,70,"prot50_male",0,0.0559898071144005,1
1,4,1e-04,70,"prot50_age",0,-0.0491253767789381,1
1,4,1e-04,70,"prot50_income",-0.7,-0.0803286648273114,1
1,4,1e-04,70,"prot50_child",0,0.0958398848342744,1
1,4,1e-04,70,"invasive_male",-0.3,-0.0197696769393636,1
1,4,1e-04,70,"invasive_age",0,0.0398586213796689,1
1,4,1e-04,70,"invasive_income",-0.7,-0.141844922139168,1
1,4,1e-04,70,"invasive_child",-0.6,-0.133177128814969,1
1,4,1e-04,71,"ASC2_male",-1.1,-0.211420666991077,1
1,4,1e-04,71,"ASC2_age",0,-0.0381921089131659,1
1,4,1e-04,71,"ASC2_income",0,-2.97603921913271e-12,0
1,4,1e-04,71,"ASC2_child",-0.4,-0.194997616599185,1
1,4,1e-04,71,"ASC3_male",0,-0.00617504412712491,1
1,4,1e-04,71,"ASC3_age",0,0.00371967521513848,1
1,4,1e-04,71,"ASC3_income",-0.5,-0.0765248605827758,1
1,4,1e-04,71,"ASC3_child",-0.6,-0.146556975911166,1
1,4,1e-04,71,"prot25_male",0,-7.94886698606806e-08,0
1,4,1e-04,71,"prot25_age",0,0.0269090385543682,1
1,4,1e-04,71,"prot25_income",0,-1.45518560581637e-06,0
1,4,1e-04,71,"prot25_child",0.2,2.50645659191009e-07,0
1,4,1e-04,71,"prot50_male",-0.5,-0.166955367290826,1
1,4,1e-04,71,"prot50_age",0.2,-7.58775142370774e-08,0
1,4,1e-04,71,"prot50_income",-1.1,-0.307537746110574,1
1,4,1e-04,71,"prot50_child",0,0.0403293154358313,1
1,4,1e-04,71,"invasive_male",0.9,0.1241759144169,1
1,4,1e-04,71,"invasive_age",1.2,0.2484144911268,1
1,4,1e-04,71,"invasive_income",0,0.0362041289227955,1
1,4,1e-04,71,"invasive_child",0,0.00882818892930325,1
1,4,1e-04,72,"ASC2_male",0,-9.08391935344969e-09,0
1,4,1e-04,72,"ASC2_age",0,-0.123857867997976,1
1,4,1e-04,72,"ASC2_income",0.2,0.0498921380228726,1
1,4,1e-04,72,"ASC2_child",0.1,0.0275861986719854,1
1,4,1e-04,72,"ASC3_male",0,0.0100024315492372,1
1,4,1e-04,72,"ASC3_age",0.7,4.52710413720899e-05,0
1,4,1e-04,72,"ASC3_income",0,-0.0108583749115997,1
1,4,1e-04,72,"ASC3_child",0,-0.00337618052897699,1
1,4,1e-04,72,"prot25_male",-0.2,1.67636957955682e-05,0
1,4,1e-04,72,"prot25_age",-1.1,-0.175683154050259,1
1,4,1e-04,72,"prot25_income",0,-4.35736135254044e-06,0
1,4,1e-04,72,"prot25_child",0,-4.71496018392361e-08,0
1,4,1e-04,72,"prot50_male",0.5,0.00112333814915863,1
1,4,1e-04,72,"prot50_age",0,0.102169032907714,1
1,4,1e-04,72,"prot50_income",0,0.00774243509005679,1
1,4,1e-04,72,"prot50_child",0.1,0.0616390141548243,1
1,4,1e-04,72,"invasive_male",0,1.58149758362725e-06,0
1,4,1e-04,72,"invasive_age",0.3,-4.83301850398399e-10,0
1,4,1e-04,72,"invasive_income",0.4,0.0615537727595814,1
1,4,1e-04,72,"invasive_child",-0.4,-0.0851937412761919,1
1,4,1e-04,73,"ASC2_male",0,-2.67145425513352e-08,0
1,4,1e-04,73,"ASC2_age",0,0.0667902718793899,1
1,4,1e-04,73,"ASC2_income",0,0.00454317218541954,1
1,4,1e-04,73,"ASC2_child",0.9,0.0520147454878056,1
1,4,1e-04,73,"ASC3_male",0,0.000449243697530898,1
1,4,1e-04,73,"ASC3_age",-0.7,-0.098634062505943,1
1,4,1e-04,73,"ASC3_income",0,-2.56956659359808e-09,0
1,4,1e-04,73,"ASC3_child",0,-1.02983716867464e-08,0
1,4,1e-04,73,"prot25_male",-0.5,-3.5321086852489e-08,0
1,4,1e-04,73,"prot25_age",1,0.182232238693053,1
1,4,1e-04,73,"prot25_income",0,-1.15379090859625e-09,0
1,4,1e-04,73,"prot25_child",0,-7.69315624615607e-09,0
1,4,1e-04,73,"prot50_male",0.6,0.0541135979819713,1
1,4,1e-04,73,"prot50_age",0.8,0.173940173250298,1
1,4,1e-04,73,"prot50_income",1.2,0.299250608529377,1
1,4,1e-04,73,"prot50_child",0.9,0.173413937390627,1
1,4,1e-04,73,"invasive_male",0,-1.68871075018602e-09,0
1,4,1e-04,73,"invasive_age",-1.2,-0.243489182292887,1
1,4,1e-04,73,"invasive_income",0,-0.00562308185035374,1
1,4,1e-04,73,"invasive_child",1.1,6.83239513489855e-09,0
1,4,1e-04,74,"ASC2_male",0,-0.167800968824529,1
1,4,1e-04,74,"ASC2_age",0,-0.0241083447178363,1
1,4,1e-04,74,"ASC2_income",-0.5,-0.150986082017305,1
1,4,1e-04,74,"ASC2_child",0,-0.120498266083458,1
1,4,1e-04,74,"ASC3_male",0.2,-0.0436775966813863,1
1,4,1e-04,74,"ASC3_age",0,0.0594390857383166,1
1,4,1e-04,74,"ASC3_income",1,0.230309327294633,1
1,4,1e-04,74,"ASC3_child",-0.8,-0.256718189771193,1
1,4,1e-04,74,"prot25_male",-1.1,-0.211021132964212,1
1,4,1e-04,74,"prot25_age",-0.7,-0.341243275683773,1
1,4,1e-04,74,"prot25_income",0.8,0.223998573738962,1
1,4,1e-04,74,"prot25_child",0,0.0973948364561748,1
1,4,1e-04,74,"prot50_male",0.5,0.0788790262331448,1
1,4,1e-04,74,"prot50_age",0,-0.0623971734313486,1
1,4,1e-04,74,"prot50_income",-0.2,-0.0640061884726226,1
1,4,1e-04,74,"prot50_child",0,-0.0107809773698973,1
1,4,1e-04,74,"invasive_male",0,-0.230445966500672,1
1,4,1e-04,74,"invasive_age",0,-0.0678213059232546,1
1,4,1e-04,74,"invasive_income",0,-0.0703831537373383,1
1,4,1e-04,74,"invasive_child",1.1,0.134386717900777,1
1,4,1e-04,75,"ASC2_male",0,-0.0910509409528424,1
1,4,1e-04,75,"ASC2_age",0,-0.0296541783834722,1
1,4,1e-04,75,"ASC2_income",-0.1,-2.55159202218759e-07,0
1,4,1e-04,75,"ASC2_child",0,-0.164136355399123,1
1,4,1e-04,75,"ASC3_male",0,-0.0416553232350676,1
1,4,1e-04,75,"ASC3_age",-0.8,-0.236698853162724,1
1,4,1e-04,75,"ASC3_income",0,0.0282658789542747,1
1,4,1e-04,75,"ASC3_child",0.3,8.28816870931404e-06,0
1,4,1e-04,75,"prot25_male",0,0.177153998498954,1
1,4,1e-04,75,"prot25_age",0,0.0418202344711425,1
1,4,1e-04,75,"prot25_income",-0.5,-0.195896719801924,1
1,4,1e-04,75,"prot25_child",0.6,0.282699292371376,1
1,4,1e-04,75,"prot50_male",0,0.114691054593054,1
1,4,1e-04,75,"prot50_age",0,0.075076587075584,1
1,4,1e-04,75,"prot50_income",-0.5,-0.180367880322773,1
1,4,1e-04,75,"prot50_child",0,0.206812329930067,1
1,4,1e-04,75,"invasive_male",-0.9,-0.189409203928224,1
1,4,1e-04,75,"invasive_age",-0.1,0.00164372013017448,1
1,4,1e-04,75,"invasive_income",1.1,0.258928891734173,1
1,4,1e-04,75,"invasive_child",0.1,0.0450655383263777,1
1,4,1e-04,76,"ASC2_male",0,-0.00739646141382079,1
1,4,1e-04,76,"ASC2_age",-0.8,-0.12486935858676,1
1,4,1e-04,76,"ASC2_income",-0.8,-0.107736899647541,1
1,4,1e-04,76,"ASC2_child",0,-1.92544307208396e-09,0
1,4,1e-04,76,"ASC3_male",1,0.145509160916814,1
1,4,1e-04,76,"ASC3_age",0.2,0.111026657089231,1
1,4,1e-04,76,"ASC3_income",0.7,0.252891534415013,1
1,4,1e-04,76,"ASC3_child",0,-1.33651184898601e-07,0
1,4,1e-04,76,"prot25_male",1,0.428469282921755,1
1,4,1e-04,76,"prot25_age",-0.4,-0.0840766814961399,1
1,4,1e-04,76,"prot25_income",0,-3.99122926222841e-09,0
1,4,1e-04,76,"prot25_child",0,-0.0327161412005665,1
1,4,1e-04,76,"prot50_male",-1.1,-0.147645068524697,1
1,4,1e-04,76,"prot50_age",0,0.0153196375253456,1
1,4,1e-04,76,"prot50_income",0,0.042911681288822,1
1,4,1e-04,76,"prot50_child",0,0.0103614367607375,1
1,4,1e-04,76,"invasive_male",0.5,0.286072543864822,1
1,4,1e-04,76,"invasive_age",0,0.0325882887801045,1
1,4,1e-04,76,"invasive_income",0,-0.00449312777592537,1
1,4,1e-04,76,"invasive_child",-1.2,-0.438288057139454,1
1,4,1e-04,77,"ASC2_male",0.4,0.114028979473159,1
1,4,1e-04,77,"ASC2_age",0,0.0279437024113431,1
1,4,1e-04,77,"ASC2_income",0,0.0278124293317667,1
1,4,1e-04,77,"ASC2_child",-1.1,-0.258022353365979,1
1,4,1e-04,77,"ASC3_male",0,-0.0180380052939607,1
1,4,1e-04,77,"ASC3_age",0,0.0124655527305094,1
1,4,1e-04,77,"ASC3_income",-1.1,-0.257484032000604,1
1,4,1e-04,77,"ASC3_child",0.7,0.216906834150314,1
1,4,1e-04,77,"prot25_male",-0.1,3.35752160953819e-07,0
1,4,1e-04,77,"prot25_age",0,4.37857397811573e-06,0
1,4,1e-04,77,"prot25_income",0.8,0.143422022462084,1
1,4,1e-04,77,"prot25_child",-0.7,-0.0999235378423832,1
1,4,1e-04,77,"prot50_male",0,1.85015186740298e-09,0
1,4,1e-04,77,"prot50_age",0.4,0.034485486092874,1
1,4,1e-04,77,"prot50_income",0.8,0.196632173286992,1
1,4,1e-04,77,"prot50_child",0,-2.2489678352464e-09,0
1,4,1e-04,77,"invasive_male",0,-4.25260018691247e-08,0
1,4,1e-04,77,"invasive_age",0,-0.000511352580664755,1
1,4,1e-04,77,"invasive_income",0,0.0242241539187009,1
1,4,1e-04,77,"invasive_child",0.9,0.00530291830572801,1
1,4,1e-04,78,"ASC2_male",-0.6,-0.0379049261802818,1
1,4,1e-04,78,"ASC2_age",0,0.0179449827164462,1
1,4,1e-04,78,"ASC2_income",0,-0.00200439662193994,1
1,4,1e-04,78,"ASC2_child",0,-0.113616100859832,1
1,4,1e-04,78,"ASC3_male",-1.2,-0.176650604050838,1
1,4,1e-04,78,"ASC3_age",-0.7,-0.197832583456044,1
1,4,1e-04,78,"ASC3_income",0,0.0128058821132259,1
1,4,1e-04,78,"ASC3_child",0.8,0.150776057212998,1
1,4,1e-04,78,"prot25_male",0.4,-2.8274961383443e-08,0
1,4,1e-04,78,"prot25_age",0,0.0577846499471858,1
1,4,1e-04,78,"prot25_income",0,-0.0285103733282696,1
1,4,1e-04,78,"prot25_child",-1.2,-0.19610867786275,1
1,4,1e-04,78,"prot50_male",0,-0.148778384190553,1
1,4,1e-04,78,"prot50_age",0.5,0.164626313577402,1
1,4,1e-04,78,"prot50_income",0.1,3.164563615123e-09,0
1,4,1e-04,78,"prot50_child",0.2,0.146692001183787,1
1,4,1e-04,78,"invasive_male",0,-1.9867816704211e-09,0
1,4,1e-04,78,"invasive_age",0,-0.0693419058530802,1
1,4,1e-04,78,"invasive_income",0,0.0401953512316524,1
1,4,1e-04,78,"invasive_child",0.9,0.141614922230034,1
1,4,1e-04,79,"ASC2_male",0,-4.92399443431087e-09,0
1,4,1e-04,79,"ASC2_age",0,-9.98588773012574e-09,0
1,4,1e-04,79,"ASC2_income",0.2,0.0711971061768277,1
1,4,1e-04,79,"ASC2_child",0,-1.20503380251279e-08,0
1,4,1e-04,79,"ASC3_male",0,-7.81060097570035e-09,0
1,4,1e-04,79,"ASC3_age",-0.6,-0.155848519981311,1
1,4,1e-04,79,"ASC3_income",-1,-0.183390992065552,1
1,4,1e-04,79,"ASC3_child",0.7,0.0358754234867775,1
1,4,1e-04,79,"prot25_male",0,0.0377379829470022,1
1,4,1e-04,79,"prot25_age",-1,-0.175288240795441,1
1,4,1e-04,79,"prot25_income",0,-1.40801938486604e-08,0
1,4,1e-04,79,"prot25_child",0,-3.78913252387206e-09,0
1,4,1e-04,79,"prot50_male",-1.1,-0.117049055648034,1
1,4,1e-04,79,"prot50_age",-1.1,-0.274594351572107,1
1,4,1e-04,79,"prot50_income",0.9,0.196885229253303,1
1,4,1e-04,79,"prot50_child",0.4,-7.41275021527558e-09,0
1,4,1e-04,79,"invasive_male",-0.4,-5.51401787545891e-08,0
1,4,1e-04,79,"invasive_age",0,0.0156050386502235,1
1,4,1e-04,79,"invasive_income",0,6.28504111379169e-09,0
1,4,1e-04,79,"invasive_child",0,-1.12779678239933e-08,0
1,4,1e-04,80,"ASC2_male",-0.3,-0.10127314630033,1
1,4,1e-04,80,"ASC2_age",0,0.0691625117581642,1
1,4,1e-04,80,"ASC2_income",0.9,0.111246508905257,1
1,4,1e-04,80,"ASC2_child",-1,-0.0553150285148634,1
1,4,1e-04,80,"ASC3_male",0,-7.55200766376451e-08,0
1,4,1e-04,80,"ASC3_age",-0.6,-0.126431832343906,1
1,4,1e-04,80,"ASC3_income",0,-0.0900925936300775,1
1,4,1e-04,80,"ASC3_child",0,-0.0325689709415629,1
1,4,1e-04,80,"prot25_male",0,-1.4192266164879e-09,0
1,4,1e-04,80,"prot25_age",0.8,0.0759475943764568,1
1,4,1e-04,80,"prot25_income",0.1,0.0955441657397719,1
1,4,1e-04,80,"prot25_child",0,-0.102905697607797,1
1,4,1e-04,80,"prot50_male",0,-0.00187086917060449,1
1,4,1e-04,80,"prot50_age",0,-1.45959751963515e-08,0
1,4,1e-04,80,"prot50_income",0.7,0.21256704024746,1
1,4,1e-04,80,"prot50_child",0,2.22425799633893e-08,0
1,4,1e-04,80,"invasive_male",0,-2.61551931140535e-07,0
1,4,1e-04,80,"invasive_age",-0.8,-0.186592981257158,1
1,4,1e-04,80,"invasive_income",-0.7,-0.224294366614226,1
1,4,1e-04,80,"invasive_child",0.7,0.0746203341021324,1
1,4,1e-04,81,"ASC2_male",0,0.0417648865731814,1
1,4,1e-04,81,"ASC2_age",-1.1,-0.208327714848821,1
1,4,1e-04,81,"ASC2_income",0.1,4.84594473565721e-06,0
1,4,1e-04,81,"ASC2_child",0.8,0.200904443967834,1
1,4,1e-04,81,"ASC3_male",0,-1.08478786682971e-06,0
1,4,1e-04,81,"ASC3_age",0,0.0109316704251642,1
1,4,1e-04,81,"ASC3_income",-0.8,-0.165256673344132,1
1,4,1e-04,81,"ASC3_child",0,-4.85319731206123e-09,0
1,4,1e-04,81,"prot25_male",0,3.62138086509734e-07,0
1,4,1e-04,81,"prot25_age",-0.3,-0.0839109152612425,1
1,4,1e-04,81,"prot25_income",0.1,0.0320052936129535,1
1,4,1e-04,81,"prot25_child",0.2,-1.30667940391561e-08,0
1,4,1e-04,81,"prot50_male",0,1.02197692308362e-07,0
1,4,1e-04,81,"prot50_age",0.4,0.109482859004104,1
1,4,1e-04,81,"prot50_income",-0.3,-0.0492870670857354,1
1,4,1e-04,81,"prot50_child",0,-7.87603308637688e-09,0
1,4,1e-04,81,"invasive_male",0,-0.00665661456291815,1
1,4,1e-04,81,"invasive_age",0,0.0338926064018392,1
1,4,1e-04,81,"invasive_income",-0.5,-0.0174359995362443,1
1,4,1e-04,81,"invasive_child",0,5.56871967271972e-08,0
1,4,1e-04,82,"ASC2_male",0.9,0.132548954933711,1
1,4,1e-04,82,"ASC2_age",-0.6,-1.31467181777446e-08,0
1,4,1e-04,82,"ASC2_income",1.1,0.191264228698146,1
1,4,1e-04,82,"ASC2_child",-0.9,-5.40259506316566e-07,0
1,4,1e-04,82,"ASC3_male",0,-8.98967182499486e-09,0
1,4,1e-04,82,"ASC3_age",0,0.0550985226109858,1
1,4,1e-04,82,"ASC3_income",0,-0.0375504121152117,1
1,4,1e-04,82,"ASC3_child",0.3,0.11789024354832,1
1,4,1e-04,82,"prot25_male",0,0.105080208876271,1
1,4,1e-04,82,"prot25_age",0,-1.84082059660848e-07,0
1,4,1e-04,82,"prot25_income",0,5.11618467608744e-08,0
1,4,1e-04,82,"prot25_child",1.1,0.10576159494105,1
1,4,1e-04,82,"prot50_male",-0.4,2.7343636237569e-07,0
1,4,1e-04,82,"prot50_age",0,-1.26441006290665e-08,0
1,4,1e-04,82,"prot50_income",-0.5,-0.080582919653826,1
1,4,1e-04,82,"prot50_child",0,-1.15449964025306e-08,0
1,4,1e-04,82,"invasive_male",0,-0.0174727127341244,1
1,4,1e-04,82,"invasive_age",-1.1,-0.1790913364186,1
1,4,1e-04,82,"invasive_income",0,-1.43731497388149e-06,0
1,4,1e-04,82,"invasive_child",0.4,-1.37517535832629e-08,0
1,4,1e-04,83,"ASC2_male",0.9,0.014804125471625,1
1,4,1e-04,83,"ASC2_age",0,0.000773076125253954,1
1,4,1e-04,83,"ASC2_income",-0.9,-0.281492806354066,1
1,4,1e-04,83,"ASC2_child",-0.8,-0.199113010303322,1
1,4,1e-04,83,"ASC3_male",0.9,0.0119934761062168,1
1,4,1e-04,83,"ASC3_age",0,8.00550150556566e-09,0
1,4,1e-04,83,"ASC3_income",0,-1.36090796038814e-08,0
1,4,1e-04,83,"ASC3_child",0,-1.41435014166755e-09,0
1,4,1e-04,83,"prot25_male",1,0.330339227790199,1
1,4,1e-04,83,"prot25_age",1.2,0.323528374469743,1
1,4,1e-04,83,"prot25_income",-0.2,-0.0627362170829296,1
1,4,1e-04,83,"prot25_child",0,0.177665448892613,1
1,4,1e-04,83,"prot50_male",0,-2.8031137198328e-10,0
1,4,1e-04,83,"prot50_age",0,1.91592725274053e-05,0
1,4,1e-04,83,"prot50_income",-0.2,0.0285294018747175,1
1,4,1e-04,83,"prot50_child",0,-3.47469917840835e-08,0
1,4,1e-04,83,"invasive_male",0,-0.122182688271741,1
1,4,1e-04,83,"invasive_age",-0.8,-0.180144436284945,1
1,4,1e-04,83,"invasive_income",-0.9,-0.195072321797194,1
1,4,1e-04,83,"invasive_child",0,3.61695538895892e-09,0
1,4,1e-04,84,"ASC2_male",0,1.81069186059993e-09,0
1,4,1e-04,84,"ASC2_age",0,0.0122858512133469,1
1,4,1e-04,84,"ASC2_income",0.4,0.0132276039287788,1
1,4,1e-04,84,"ASC2_child",-0.9,-0.0617553765318806,1
1,4,1e-04,84,"ASC3_male",-0.2,0.0277747556366029,1
1,4,1e-04,84,"ASC3_age",0.6,0.193523363029435,1
1,4,1e-04,84,"ASC3_income",0.4,3.55311988452124e-06,0
1,4,1e-04,84,"ASC3_child",-0.6,-0.0725233602958756,1
1,4,1e-04,84,"prot25_male",0,0.100117687644804,1
1,4,1e-04,84,"prot25_age",0,1.00683794008352e-07,0
1,4,1e-04,84,"prot25_income",0.2,8.21779136883163e-10,0
1,4,1e-04,84,"prot25_child",-0.7,-0.0111904516084272,1
1,4,1e-04,84,"prot50_male",0,2.59436401829115e-07,0
1,4,1e-04,84,"prot50_age",0,0.0549616776092127,1
1,4,1e-04,84,"prot50_income",0,0.0503051966472241,1
1,4,1e-04,84,"prot50_child",-0.9,-0.0613695440868176,1
1,4,1e-04,84,"invasive_male",-1.1,-0.206747330124152,1
1,4,1e-04,84,"invasive_age",0,-6.26454684567616e-05,0
1,4,1e-04,84,"invasive_income",0,-1.0270179858538e-08,0
1,4,1e-04,84,"invasive_child",0,0.0200469227893726,1
1,4,1e-04,85,"ASC2_male",0.9,0.125613942562266,1
1,4,1e-04,85,"ASC2_age",0,2.5962433805757e-08,0
1,4,1e-04,85,"ASC2_income",0.4,-7.76111000242828e-08,0
1,4,1e-04,85,"ASC2_child",0,-0.0645732705311576,1
1,4,1e-04,85,"ASC3_male",0,-0.0911293950237329,1
1,4,1e-04,85,"ASC3_age",0.5,0.072274438114558,1
1,4,1e-04,85,"ASC3_income",0.9,0.136693939752896,1
1,4,1e-04,85,"ASC3_child",0.4,-7.79156680849232e-11,0
1,4,1e-04,85,"prot25_male",0,-0.086167104182963,1
1,4,1e-04,85,"prot25_age",-0.3,-0.0479337488650744,1
1,4,1e-04,85,"prot25_income",0.7,0.217164324308415,1
1,4,1e-04,85,"prot25_child",0,-5.7379138922848e-08,0
1,4,1e-04,85,"prot50_male",0,-5.98314898537434e-09,0
1,4,1e-04,85,"prot50_age",-0.8,-0.208003974577068,1
1,4,1e-04,85,"prot50_income",-0.7,-0.206921946918127,1
1,4,1e-04,85,"prot50_child",0,0.0756254830543722,1
1,4,1e-04,85,"invasive_male",0,-0.0113076321104201,1
1,4,1e-04,85,"invasive_age",0,-0.102457928000213,1
1,4,1e-04,85,"invasive_income",0,-0.122981227199775,1
1,4,1e-04,85,"invasive_child",0.6,-0.151546573729129,1
1,4,1e-04,86,"ASC2_male",0,-1.06268339199976e-08,0
1,4,1e-04,86,"ASC2_age",-0.6,-0.0885062871781277,1
1,4,1e-04,86,"ASC2_income",0.7,0.0319783741699925,1
1,4,1e-04,86,"ASC2_child",0,0.0202353083111628,1
1,4,1e-04,86,"ASC3_male",0,3.74869147809583e-09,0
1,4,1e-04,86,"ASC3_age",0,3.62266450604633e-08,0
1,4,1e-04,86,"ASC3_income",1.2,0.206373815265912,1
1,4,1e-04,86,"ASC3_child",0,-9.42793066664428e-08,0
1,4,1e-04,86,"prot25_male",-0.7,-3.44635883444242e-07,0
1,4,1e-04,86,"prot25_age",-1,-0.232952721928688,1
1,4,1e-04,86,"prot25_income",0,0.020395844780032,1
1,4,1e-04,86,"prot25_child",0.9,0.0918447514270248,1
1,4,1e-04,86,"prot50_male",1,0.328197572157875,1
1,4,1e-04,86,"prot50_age",0,2.49464078854657e-08,0
1,4,1e-04,86,"prot50_income",0,0.0236037507475662,1
1,4,1e-04,86,"prot50_child",-1,-0.0827743506437324,1
1,4,1e-04,86,"invasive_male",0,5.74957814214435e-08,0
1,4,1e-04,86,"invasive_age",1,0.290083737827062,1
1,4,1e-04,86,"invasive_income",0,-1.03232376054244e-08,0
1,4,1e-04,86,"invasive_child",0.3,-4.26260131890057e-09,0
1,4,1e-04,87,"ASC2_male",-0.3,-0.102640481815132,1
1,4,1e-04,87,"ASC2_age",0.1,0.028813518547606,1
1,4,1e-04,87,"ASC2_income",-0.2,-0.00723270801282735,1
1,4,1e-04,87,"ASC2_child",0,-0.157529966783772,1
1,4,1e-04,87,"ASC3_male",0,-6.46675162279692e-06,0
1,4,1e-04,87,"ASC3_age",0,-4.02822363329848e-05,0
1,4,1e-04,87,"ASC3_income",0.3,0.10395058318767,1
1,4,1e-04,87,"ASC3_child",0.7,0.0176452173274584,1
1,4,1e-04,87,"prot25_male",0,1.68909897186024e-06,0
1,4,1e-04,87,"prot25_age",0,1.65727939338508e-06,0
1,4,1e-04,87,"prot25_income",0.5,0.0893945055773238,1
1,4,1e-04,87,"prot25_child",0,0.0707762548366684,1
1,4,1e-04,87,"prot50_male",0,-0.0203599182013296,1
1,4,1e-04,87,"prot50_age",1,0.26841844842489,1
1,4,1e-04,87,"prot50_income",1.1,0.236108709007282,1
1,4,1e-04,87,"prot50_child",-0.7,-1.48729726419773e-06,0
1,4,1e-04,87,"invasive_male",0,4.91145583933698e-08,0
1,4,1e-04,87,"invasive_age",-1.1,-0.208129170855092,1
1,4,1e-04,87,"invasive_income",0,-0.00753756170811631,1
1,4,1e-04,87,"invasive_child",0,-8.03359232930626e-07,0
1,4,1e-04,88,"ASC2_male",0,-2.30518651234701e-08,0
1,4,1e-04,88,"ASC2_age",0.5,0.0355548521285487,1
1,4,1e-04,88,"ASC2_income",-1,-0.1891131491681,1
1,4,1e-04,88,"ASC2_child",0,-0.0440009005326805,1
1,4,1e-04,88,"ASC3_male",0,-4.57947919499998e-09,0
1,4,1e-04,88,"ASC3_age",0,-0.059834797573266,1
1,4,1e-04,88,"ASC3_income",-0.6,-0.135693204077655,1
1,4,1e-04,88,"ASC3_child",1.1,0.148685118160418,1
1,4,1e-04,88,"prot25_male",0.8,0.21837861203203,1
1,4,1e-04,88,"prot25_age",0.3,0.108669859109225,1
1,4,1e-04,88,"prot25_income",-0.5,-0.0898988519563738,1
1,4,1e-04,88,"prot25_child",-1,-0.148867539552718,1
1,4,1e-04,88,"prot50_male",-0.2,-0.0176683676690736,1
1,4,1e-04,88,"prot50_age",0,0.0295189620420121,1
1,4,1e-04,88,"prot50_income",-0.3,-0.0663421616823426,1
1,4,1e-04,88,"prot50_child",0,0.0387010468941323,1
1,4,1e-04,88,"invasive_male",0,-3.05280329898435e-08,0
1,4,1e-04,88,"invasive_age",0,-0.0151260012080421,1
1,4,1e-04,88,"invasive_income",0,0.0431054708182693,1
1,4,1e-04,88,"invasive_child",0,-3.57210406089339e-09,0
1,4,1e-04,89,"ASC2_male",0,-5.52966763181718e-10,0
1,4,1e-04,89,"ASC2_age",0.3,0.0192978536496983,1
1,4,1e-04,89,"ASC2_income",0,-0.010826617625758,1
1,4,1e-04,89,"ASC2_child",0,-0.0600083649384471,1
1,4,1e-04,89,"ASC3_male",0,0.0907268556605411,1
1,4,1e-04,89,"ASC3_age",0.8,0.151005551440606,1
1,4,1e-04,89,"ASC3_income",0,-1.29214562249903e-07,0
1,4,1e-04,89,"ASC3_child",1,0.0832328749736397,1
1,4,1e-04,89,"prot25_male",0.7,0.151313202097326,1
1,4,1e-04,89,"prot25_age",0,2.00092518435814e-09,0
1,4,1e-04,89,"prot25_income",0,-0.0131771214490259,1
1,4,1e-04,89,"prot25_child",-0.2,-0.055844722710281,1
1,4,1e-04,89,"prot50_male",-0.6,-7.47466707817439e-08,0
1,4,1e-04,89,"prot50_age",0.2,0.0870795371555427,1
1,4,1e-04,89,"prot50_income",0.1,-0.0254973323228413,1
1,4,1e-04,89,"prot50_child",0,-1.07053681845399e-09,0
1,4,1e-04,89,"invasive_male",0,-1.42337492709526e-08,0
1,4,1e-04,89,"invasive_age",0,-0.020744095539007,1
1,4,1e-04,89,"invasive_income",0.7,0.112899139457349,1
1,4,1e-04,89,"invasive_child",0.6,0.160108538765912,1
1,4,1e-04,90,"ASC2_male",0,-0.151099688712127,1
1,4,1e-04,90,"ASC2_age",0.5,0.100570260926774,1
1,4,1e-04,90,"ASC2_income",0.8,0.200416767243721,1
1,4,1e-04,90,"ASC2_child",0.3,6.81140580160882e-07,0
1,4,1e-04,90,"ASC3_male",0,-5.12875617930263e-09,0
1,4,1e-04,90,"ASC3_age",0.3,0.0174187534565328,1
1,4,1e-04,90,"ASC3_income",-1.1,-0.282997833516735,1
1,4,1e-04,90,"ASC3_child",0,-0.107985948806278,1
1,4,1e-04,90,"prot25_male",0,0.0408230639667456,1
1,4,1e-04,90,"prot25_age",1.2,0.283714697715214,1
1,4,1e-04,90,"prot25_income",0.4,0.104470829225188,1
1,4,1e-04,90,"prot25_child",0,1.46187843237183e-06,0
1,4,1e-04,90,"prot50_male",-0.8,-0.153275132948306,1
1,4,1e-04,90,"prot50_age",0.4,0.0658092256603852,1
1,4,1e-04,90,"prot50_income",-0.1,0.0288233968627668,1
1,4,1e-04,90,"prot50_child",0,0.0592466360721578,1
1,4,1e-04,90,"invasive_male",0,-0.0179735745526212,1
1,4,1e-04,90,"invasive_age",0,-0.0211353866277969,1
1,4,1e-04,90,"invasive_income",0,-1.21183047813896e-08,0
1,4,1e-04,90,"invasive_child",0,0.0161760743692579,1
1,4,1e-04,91,"ASC2_male",0,4.31500726504471e-08,0
1,4,1e-04,91,"ASC2_age",-0.4,-0.0579041072854489,1
1,4,1e-04,91,"ASC2_income",0.3,0.118609382327308,1
1,4,1e-04,91,"ASC2_child",-0.2,0.031393108583911,1
1,4,1e-04,91,"ASC3_male",0,-2.44127097588828e-08,0
1,4,1e-04,91,"ASC3_age",0.2,0.068356545561155,1
1,4,1e-04,91,"ASC3_income",-0.3,-0.012164188759691,1
1,4,1e-04,91,"ASC3_child",-0.8,-0.109102097460733,1
1,4,1e-04,91,"prot25_male",0,-1.04760343735171e-07,0
1,4,1e-04,91,"prot25_age",0,-5.47451505361144e-09,0
1,4,1e-04,91,"prot25_income",0.8,0.106048985868183,1
1,4,1e-04,91,"prot25_child",0,5.23154947102723e-08,0
1,4,1e-04,91,"prot50_male",0.3,0.015159516578056,1
1,4,1e-04,91,"prot50_age",0,-2.12804072417772e-08,0
1,4,1e-04,91,"prot50_income",0,-1.12192887206664e-08,0
1,4,1e-04,91,"prot50_child",0,-8.66386049371153e-08,0
1,4,1e-04,91,"invasive_male",0,-1.356197867727e-08,0
1,4,1e-04,91,"invasive_age",-0.2,-0.0743220164252557,1
1,4,1e-04,91,"invasive_income",-0.5,-0.0910313089793806,1
1,4,1e-04,91,"invasive_child",0,-1.13661188781556e-08,0
1,4,1e-04,92,"ASC2_male",-0.5,-0.0952583858449079,1
1,4,1e-04,92,"ASC2_age",1,0.296868433734037,1
1,4,1e-04,92,"ASC2_income",0,-0.00828272797374452,1
1,4,1e-04,92,"ASC2_child",0,-0.1480390326473,1
1,4,1e-04,92,"ASC3_male",0,8.12032565523471e-06,0
1,4,1e-04,92,"ASC3_age",0,4.09340044855325e-06,0
1,4,1e-04,92,"ASC3_income",0,2.76558889788858e-06,0
1,4,1e-04,92,"ASC3_child",0.3,0.0296906583615473,1
1,4,1e-04,92,"prot25_male",-1.1,-0.061487702055386,1
1,4,1e-04,92,"prot25_age",0,-0.0930858770863237,1
1,4,1e-04,92,"prot25_income",-1.2,-0.257333113727652,1
1,4,1e-04,92,"prot25_child",0,-0.00153374083642665,1
1,4,1e-04,92,"prot50_male",-0.4,-4.1842737068307e-06,0
1,4,1e-04,92,"prot50_age",-0.6,-0.228532104802222,1
1,4,1e-04,92,"prot50_income",0,-0.00714474238595069,1
1,4,1e-04,92,"prot50_child",0.8,0.174442203651268,1
1,4,1e-04,92,"invasive_male",0,2.91701416091385e-06,0
1,4,1e-04,92,"invasive_age",0,-0.0787087974403377,1
1,4,1e-04,92,"invasive_income",0.7,0.167105863724715,1
1,4,1e-04,92,"invasive_child",0.9,0.0650884718381332,1
1,4,1e-04,93,"ASC2_male",0,3.76345839212811e-07,0
1,4,1e-04,93,"ASC2_age",-0.9,-0.153767032205799,1
1,4,1e-04,93,"ASC2_income",0,0.0151401648055299,1
1,4,1e-04,93,"ASC2_child",-0.4,3.83811937270366e-08,0
1,4,1e-04,93,"ASC3_male",0,-0.108712193416687,1
1,4,1e-04,93,"ASC3_age",-1.1,-0.229567847679422,1
1,4,1e-04,93,"ASC3_income",0,0.0407007309082719,1
1,4,1e-04,93,"ASC3_child",-1,-0.208044390047296,1
1,4,1e-04,93,"prot25_male",0,0.147288523536762,1
1,4,1e-04,93,"prot25_age",0,-0.0288232129157306,1
1,4,1e-04,93,"prot25_income",0.4,0.128941328752876,1
1,4,1e-04,93,"prot25_child",1.1,0.139631185127189,1
1,4,1e-04,93,"prot50_male",0,1.22079714899252e-07,0
1,4,1e-04,93,"prot50_age",0.2,-1.90881186861967e-06,0
1,4,1e-04,93,"prot50_income",1.2,0.284717713140951,1
1,4,1e-04,93,"prot50_child",-1.1,-0.391867476476732,1
1,4,1e-04,93,"invasive_male",0,-0.0762316035490287,1
1,4,1e-04,93,"invasive_age",0,-1.62324969955072e-07,0
1,4,1e-04,93,"invasive_income",0,-0.0227657779844416,1
1,4,1e-04,93,"invasive_child",-0.2,0.0960568571576812,1
1,4,1e-04,94,"ASC2_male",-0.2,-6.25395995504549e-06,0
1,4,1e-04,94,"ASC2_age",0,0.0309970051523659,1
1,4,1e-04,94,"ASC2_income",-0.2,-0.0211080573977791,1
1,4,1e-04,94,"ASC2_child",0.3,-4.1630053231376e-07,0
1,4,1e-04,94,"ASC3_male",-0.1,-4.08748315444159e-07,0
1,4,1e-04,94,"ASC3_age",0,-0.00825137992839883,1
1,4,1e-04,94,"ASC3_income",-1.2,-0.274344962075696,1
1,4,1e-04,94,"ASC3_child",-0.5,-0.160783899267965,1
1,4,1e-04,94,"prot25_male",0,0.000103913222067919,1
1,4,1e-04,94,"prot25_age",0,-1.57972946323231e-05,0
1,4,1e-04,94,"prot25_income",0,0.0056376294353975,1
1,4,1e-04,94,"prot25_child",0,-0.16638617644833,1
1,4,1e-04,94,"prot50_male",0,-8.69860062694353e-06,0
1,4,1e-04,94,"prot50_age",0,0.0505552600095615,1
1,4,1e-04,94,"prot50_income",-0.6,-0.0970632297316437,1
1,4,1e-04,94,"prot50_child",0,-5.53406587011812e-10,0
1,4,1e-04,94,"invasive_male",0,-1.04789930207357e-06,0
1,4,1e-04,94,"invasive_age",1,0.268732787071588,1
1,4,1e-04,94,"invasive_income",0.8,0.248426301537432,1
1,4,1e-04,94,"invasive_child",0.6,6.80271324978871e-06,0
1,4,1e-04,95,"ASC2_male",-0.4,-7.28827473942075e-09,0
1,4,1e-04,95,"ASC2_age",-0.5,-0.0574475233168119,1
1,4,1e-04,95,"ASC2_income",0,-1.38036507733269e-08,0
1,4,1e-04,95,"ASC2_child",-0.7,-8.50988160233037e-08,0
1,4,1e-04,95,"ASC3_male",-1.1,-0.180770307119491,1
1,4,1e-04,95,"ASC3_age",0,-9.06729236914738e-09,0
1,4,1e-04,95,"ASC3_income",0,-3.27962553511839e-08,0
1,4,1e-04,95,"ASC3_child",0,0.0699236996625176,1
1,4,1e-04,95,"prot25_male",-0.9,-0.0737594523963211,1
1,4,1e-04,95,"prot25_age",0,-5.43456692676087e-09,0
1,4,1e-04,95,"prot25_income",0,-1.46942593094257e-08,0
1,4,1e-04,95,"prot25_child",0.5,-6.79066465130624e-09,0
1,4,1e-04,95,"prot50_male",0.3,1.5747976220013e-08,0
1,4,1e-04,95,"prot50_age",0.7,0.127915832285538,1
1,4,1e-04,95,"prot50_income",0,-1.29002820362755e-08,0
1,4,1e-04,95,"prot50_child",0.6,-5.5957431084911e-09,0
1,4,1e-04,95,"invasive_male",0,-9.54032577939908e-09,0
1,4,1e-04,95,"invasive_age",0,-2.02451154733337e-09,0
1,4,1e-04,95,"invasive_income",0,-5.34925926018971e-09,0
1,4,1e-04,95,"invasive_child",0.5,-3.77929899526382e-09,0
1,4,1e-04,96,"ASC2_male",-0.1,-0.059505863403636,1
1,4,1e-04,96,"ASC2_age",0.2,0.0556789488249559,1
1,4,1e-04,96,"ASC2_income",0,0.011371268963294,1
1,4,1e-04,96,"ASC2_child",-0.4,-0.137453256218208,1
1,4,1e-04,96,"ASC3_male",0,-9.31365619854002e-08,0
1,4,1e-04,96,"ASC3_age",0,-0.0208725329016929,1
1,4,1e-04,96,"ASC3_income",-0.6,-0.121325831422538,1
1,4,1e-04,96,"ASC3_child",0.6,-8.16536070086438e-09,0
1,4,1e-04,96,"prot25_male",0.3,-1.3685406932363e-07,0
1,4,1e-04,96,"prot25_age",0,-9.54485893521666e-10,0
1,4,1e-04,96,"prot25_income",0,0.0209540980922878,1
1,4,1e-04,96,"prot25_child",-0.8,-1.4542941937593e-06,0
1,4,1e-04,96,"prot50_male",0.3,-2.92125442524982e-09,0
1,4,1e-04,96,"prot50_age",1.2,0.27280260133759,1
1,4,1e-04,96,"prot50_income",0,-1.70023582907169e-08,0
1,4,1e-04,96,"prot50_child",0,7.52181563228191e-07,0
1,4,1e-04,96,"invasive_male",0,-4.74922057971028e-07,0
1,4,1e-04,96,"invasive_age",0,2.71972675740853e-08,0
1,4,1e-04,96,"invasive_income",0,-6.48177761994473e-09,0
1,4,1e-04,96,"invasive_child",0.6,3.20068377718163e-07,0
1,4,1e-04,97,"ASC2_male",0.8,0.176862331151002,1
1,4,1e-04,97,"ASC2_age",0,-0.0110162630914198,1
1,4,1e-04,97,"ASC2_income",-1.1,-0.244651529005287,1
1,4,1e-04,97,"ASC2_child",0.9,0.0746345721009098,1
1,4,1e-04,97,"ASC3_male",0.5,-5.63705424063187e-09,0
1,4,1e-04,97,"ASC3_age",0,7.05281484409509e-09,0
1,4,1e-04,97,"ASC3_income",0,0.0599577240948126,1
1,4,1e-04,97,"ASC3_child",0,-0.0724398202233079,1
1,4,1e-04,97,"prot25_male",-0.4,-9.07284663025544e-09,0
1,4,1e-04,97,"prot25_age",0,0.0525752434676747,1
1,4,1e-04,97,"prot25_income",0,-8.46531990992132e-08,0
1,4,1e-04,97,"prot25_child",0,0.00682976233471413,1
1,4,1e-04,97,"prot50_male",0.4,0.213173884314098,1
1,4,1e-04,97,"prot50_age",1.2,0.272610472836188,1
1,4,1e-04,97,"prot50_income",-0.4,-0.0757798471093286,1
1,4,1e-04,97,"prot50_child",0.3,-2.42436712255821e-09,0
1,4,1e-04,97,"invasive_male",0,-4.69113297390965e-08,0
1,4,1e-04,97,"invasive_age",0,0.00967241603197934,1
1,4,1e-04,97,"invasive_income",0,0.132294630875004,1
1,4,1e-04,97,"invasive_child",-0.8,-0.275609446369901,1
1,4,1e-04,98,"ASC2_male",0,-0.0760211879836184,1
1,4,1e-04,98,"ASC2_age",0.8,0.272701381738523,1
1,4,1e-04,98,"ASC2_income",0,0.000440506491535269,1
1,4,1e-04,98,"ASC2_child",0.1,0.184616325937433,1
1,4,1e-04,98,"ASC3_male",1.2,0.297496465956528,1
1,4,1e-04,98,"ASC3_age",-0.7,-0.120069435727314,1
1,4,1e-04,98,"ASC3_income",-0.6,-0.164076039931216,1
1,4,1e-04,98,"ASC3_child",-0.2,-7.83574240871686e-07,0
1,4,1e-04,98,"prot25_male",0,0.0954207028250182,1
1,4,1e-04,98,"prot25_age",0,-0.0466982931005585,1
1,4,1e-04,98,"prot25_income",0,3.22278524764572e-06,0
1,4,1e-04,98,"prot25_child",0.7,0.119962669985778,1
1,4,1e-04,98,"prot50_male",0.5,0.179068858260315,1
1,4,1e-04,98,"prot50_age",-0.7,-0.205140723491272,1
1,4,1e-04,98,"prot50_income",-1.2,-0.292525242594758,1
1,4,1e-04,98,"prot50_child",0,0.0107357838478442,1
1,4,1e-04,98,"invasive_male",0,-1.60616024757779e-07,0
1,4,1e-04,98,"invasive_age",0,0.0342350972413116,1
1,4,1e-04,98,"invasive_income",0,-5.57621051105485e-07,0
1,4,1e-04,98,"invasive_child",0,7.84464092798656e-07,0
1,4,1e-04,99,"ASC2_male",0.5,0.204233360467174,1
1,4,1e-04,99,"ASC2_age",0,5.75057745466919e-09,0
1,4,1e-04,99,"ASC2_income",0.7,0.139533510750447,1
1,4,1e-04,99,"ASC2_child",1.1,0.246073787350384,1
1,4,1e-04,99,"ASC3_male",0,-0.0356364008209374,1
1,4,1e-04,99,"ASC3_age",1.2,0.282102301585141,1
1,4,1e-04,99,"ASC3_income",0,0.0238693547127201,1
1,4,1e-04,99,"ASC3_child",0,-0.00523475826361765,1
1,4,1e-04,99,"prot25_male",0.3,0.0442144109206126,1
1,4,1e-04,99,"prot25_age",0.9,0.205375045439278,1
1,4,1e-04,99,"prot25_income",0,-0.00304852405861829,1
1,4,1e-04,99,"prot25_child",0,-0.0673455152227203,1
1,4,1e-04,99,"prot50_male",0,-0.152314048633946,1
1,4,1e-04,99,"prot50_age",0,-0.0134273865162663,1
1,4,1e-04,99,"prot50_income",0,3.40188215584524e-09,0
1,4,1e-04,99,"prot50_child",1.1,0.149151662714035,1
1,4,1e-04,99,"invasive_male",0,-0.0422506412149809,1
1,4,1e-04,99,"invasive_age",0.1,-7.55162656959757e-09,0
1,4,1e-04,99,"invasive_income",1.2,0.357800299138098,1
1,4,1e-04,99,"invasive_child",1.2,0.165175920473094,1
1,4,1e-04,100,"ASC2_male",0,-4.40841200673302e-09,0
1,4,1e-04,100,"ASC2_age",0,-3.13854357389415e-09,0
1,4,1e-04,100,"ASC2_income",-1,-0.187366035098764,1
1,4,1e-04,100,"ASC2_child",0,1.174101687301e-08,0
1,4,1e-04,100,"ASC3_male",0,-8.71335445023953e-12,0
1,4,1e-04,100,"ASC3_age",-0.4,-0.131355458907585,1
1,4,1e-04,100,"ASC3_income",-0.7,-0.0512182075127487,1
1,4,1e-04,100,"ASC3_child",-0.8,-0.079193500594652,1
1,4,1e-04,100,"prot25_male",1,0.201173629825543,1
1,4,1e-04,100,"prot25_age",0,-5.61225465640719e-09,0
1,4,1e-04,100,"prot25_income",0,-0.0102408777076438,1
1,4,1e-04,100,"prot25_child",0,-5.16931825084778e-09,0
1,4,1e-04,100,"prot50_male",1.1,0.0848132003589994,1
1,4,1e-04,100,"prot50_age",-0.3,-0.0155307888352144,1
1,4,1e-04,100,"prot50_income",0,-8.94198647055243e-09,0
1,4,1e-04,100,"prot50_child",-0.1,-5.52453564587517e-09,0
1,4,1e-04,100,"invasive_male",0,-1.06872033708538e-08,0
1,4,1e-04,100,"invasive_age",0,3.54128738760935e-08,0
1,4,1e-04,100,"invasive_income",0.9,0.310179376960033,1
1,4,1e-04,100,"invasive_child",-0.2,-8.44666131616632e-09,0
1,4,0.001,1,"ASC2_male",0,-6.55319573386296e-07,0
1,4,0.001,1,"ASC2_age",0.6,0.154943312889019,1
1,4,0.001,1,"ASC2_income",0,-8.87246400630363e-09,0
1,4,0.001,1,"ASC2_child",0,0.00580717355013965,1
1,4,0.001,1,"ASC3_male",0,-3.12527447846041e-12,0
1,4,0.001,1,"ASC3_age",-1,-0.23628656365025,1
1,4,0.001,1,"ASC3_income",0,0.00845353040186166,1
1,4,0.001,1,"ASC3_child",0.2,2.46172824552564e-08,0
1,4,0.001,1,"prot25_male",0,6.58807434656879e-08,0
1,4,0.001,1,"prot25_age",-1,-0.20095083185254,1
1,4,0.001,1,"prot25_income",0,-0.0191493371710252,1
1,4,0.001,1,"prot25_child",1.1,0.352082787119897,1
1,4,0.001,1,"prot50_male",-0.2,-2.05182990881132e-07,0
1,4,0.001,1,"prot50_age",0.5,0.0314467129744418,1
1,4,0.001,1,"prot50_income",0.6,0.0570805545718627,1
1,4,0.001,1,"prot50_child",0,5.36721375746655e-09,0
1,4,0.001,1,"invasive_male",-0.2,-4.81475825485877e-07,0
1,4,0.001,1,"invasive_age",0,-0.119969424213829,1
1,4,0.001,1,"invasive_income",-0.3,-0.0891436068076455,1
1,4,0.001,1,"invasive_child",0,-1.69285226574836e-07,0
1,4,0.001,2,"ASC2_male",0.2,-0.00549294388493699,1
1,4,0.001,2,"ASC2_age",0,-0.0826954913758151,1
1,4,0.001,2,"ASC2_income",0.2,0.0798095924856061,1
1,4,0.001,2,"ASC2_child",0,-0.0651223464243793,1
1,4,0.001,2,"ASC3_male",-0.2,-0.0642158780270308,1
1,4,0.001,2,"ASC3_age",0,-0.0639657811250792,1
1,4,0.001,2,"ASC3_income",0.9,0.239783899242095,1
1,4,0.001,2,"ASC3_child",0,-5.32243451255453e-09,0
1,4,0.001,2,"prot25_male",0,-0.109062392029354,1
1,4,0.001,2,"prot25_age",-0.4,-0.0568784320260558,1
1,4,0.001,2,"prot25_income",0,-0.0236933685438242,1
1,4,0.001,2,"prot25_child",-0.9,-0.214344559290357,1
1,4,0.001,2,"prot50_male",0,-3.39841953122202e-09,0
1,4,0.001,2,"prot50_age",-1,-0.133670063287754,1
1,4,0.001,2,"prot50_income",0,0.00949925454137853,1
1,4,0.001,2,"prot50_child",0,0.0808987428249142,1
1,4,0.001,2,"invasive_male",0.7,0.121869703186785,1
1,4,0.001,2,"invasive_age",0,-6.28037386919665e-09,0
1,4,0.001,2,"invasive_income",-0.2,-0.0740202135313672,1
1,4,0.001,2,"invasive_child",-1,-0.164287135363124,1
1,4,0.001,3,"ASC2_male",0,-2.70593653951945e-12,0
1,4,0.001,3,"ASC2_age",0.4,0.00732218695667869,1
1,4,0.001,3,"ASC2_income",-0.7,-0.174058087344385,1
1,4,0.001,3,"ASC2_child",0,-4.30338395152904e-09,0
1,4,0.001,3,"ASC3_male",0,-8.48108617503706e-09,0
1,4,0.001,3,"ASC3_age",0,-0.0887324816983022,1
1,4,0.001,3,"ASC3_income",0,-0.0183466398246788,1
1,4,0.001,3,"ASC3_child",0,-5.7903649701952e-07,0
1,4,0.001,3,"prot25_male",0.3,-5.60468117220195e-09,0
1,4,0.001,3,"prot25_age",-0.9,-0.14995787175412,1
1,4,0.001,3,"prot25_income",0,3.27254990861116e-09,0
1,4,0.001,3,"prot25_child",-0.3,3.2190332993925e-07,0
1,4,0.001,3,"prot50_male",0,0.104993292793408,1
1,4,0.001,3,"prot50_age",0,-2.1330598174395e-07,0
1,4,0.001,3,"prot50_income",0.2,-1.3136104717049e-05,0
1,4,0.001,3,"prot50_child",0,-5.74666970831159e-09,0
1,4,0.001,3,"invasive_male",-0.4,-0.077652309854032,1
1,4,0.001,3,"invasive_age",1,0.152668355383378,1
1,4,0.001,3,"invasive_income",1.1,0.142060741994054,1
1,4,0.001,3,"invasive_child",1,0.168407499930794,1
1,4,0.001,4,"ASC2_male",0,-6.73845322742105e-07,0
1,4,0.001,4,"ASC2_age",0.7,0.165892907157529,1
1,4,0.001,4,"ASC2_income",0.6,0.205883102814149,1
1,4,0.001,4,"ASC2_child",1,0.166977598650446,1
1,4,0.001,4,"ASC3_male",0,-9.2092276850599e-07,0
1,4,0.001,4,"ASC3_age",0,-0.0537976644363947,1
1,4,0.001,4,"ASC3_income",0,0.0715467396170737,1
1,4,0.001,4,"ASC3_child",-1.2,-0.418370843296458,1
1,4,0.001,4,"prot25_male",0,-0.117056299561997,1
1,4,0.001,4,"prot25_age",0,3.97965772697075e-06,0
1,4,0.001,4,"prot25_income",0.6,0.0354994996093207,1
1,4,0.001,4,"prot25_child",-0.2,-0.00445404248567483,1
1,4,0.001,4,"prot50_male",0,0.106302016906598,1
1,4,0.001,4,"prot50_age",0,-0.00224082931604182,1
1,4,0.001,4,"prot50_income",0.3,2.01389917883766e-08,0
1,4,0.001,4,"prot50_child",0,2.10112301317751e-07,0
1,4,0.001,4,"invasive_male",-0.5,-0.254838660819424,1
1,4,0.001,4,"invasive_age",-0.2,-0.0205947712803436,1
1,4,0.001,4,"invasive_income",-0.6,-0.096320816701898,1
1,4,0.001,4,"invasive_child",0,-0.0888764486221592,1
1,4,0.001,5,"ASC2_male",0,-0.133331525391326,1
1,4,0.001,5,"ASC2_age",0,-9.85266624483344e-08,0
1,4,0.001,5,"ASC2_income",-0.3,5.1441948360832e-08,0
1,4,0.001,5,"ASC2_child",0,-0.220332383407613,1
1,4,0.001,5,"ASC3_male",0.7,0.102035938388084,1
1,4,0.001,5,"ASC3_age",0,-1.94567590999776e-07,0
1,4,0.001,5,"ASC3_income",0,0.0605813126300048,1
1,4,0.001,5,"ASC3_child",0.3,0.0459617797382866,1
1,4,0.001,5,"prot25_male",0.5,0.0101905804185243,1
1,4,0.001,5,"prot25_age",0,-0.0122461933089922,1
1,4,0.001,5,"prot25_income",0,-0.0233254451335159,1
1,4,0.001,5,"prot25_child",0.5,0.258583619134846,1
1,4,0.001,5,"prot50_male",0.7,0.0570331703439989,1
1,4,0.001,5,"prot50_age",0.7,0.175376140256055,1
1,4,0.001,5,"prot50_income",0,1.61335831238241e-06,0
1,4,0.001,5,"prot50_child",0,-1.81609571798599e-08,0
1,4,0.001,5,"invasive_male",0.3,-0.0469321082495521,1
1,4,0.001,5,"invasive_age",0,1.55452854320747e-08,0
1,4,0.001,5,"invasive_income",-0.8,-0.131224211739355,1
1,4,0.001,5,"invasive_child",-0.2,-0.0672556135057507,1
1,4,0.001,6,"ASC2_male",1.2,0.308666046721022,1
1,4,0.001,6,"ASC2_age",0.5,0.0968461353167379,1
1,4,0.001,6,"ASC2_income",-0.2,-0.0060244543076456,1
1,4,0.001,6,"ASC2_child",0,-4.16669278331906e-08,0
1,4,0.001,6,"ASC3_male",0,-1.37634684984008e-09,0
1,4,0.001,6,"ASC3_age",-0.5,-0.0833709691805477,1
1,4,0.001,6,"ASC3_income",0,9.89939505698967e-07,0
1,4,0.001,6,"ASC3_child",0,-8.7863431201907e-07,0
1,4,0.001,6,"prot25_male",0.2,2.2311468306539e-06,0
1,4,0.001,6,"prot25_age",0,0.0513541041565258,1
1,4,0.001,6,"prot25_income",0,-1.09474930262524e-08,0
1,4,0.001,6,"prot25_child",0,4.81720977888614e-06,0
1,4,0.001,6,"prot50_male",1,0.097489781091451,1
1,4,0.001,6,"prot50_age",-0.5,-0.0143101551533921,1
1,4,0.001,6,"prot50_income",0,4.60770807999541e-07,0
1,4,0.001,6,"prot50_child",0,-7.64400381986422e-07,0
1,4,0.001,6,"invasive_male",0.5,2.34907166867635e-07,0
1,4,0.001,6,"invasive_age",-0.2,1.3152945894127e-07,0
1,4,0.001,6,"invasive_income",0,2.63131304532256e-06,0
1,4,0.001,6,"invasive_child",0.3,-3.24018737582398e-06,0
1,4,0.001,7,"ASC2_male",0.2,-0.117425112737972,1
1,4,0.001,7,"ASC2_age",0,0.0694295978201322,1
1,4,0.001,7,"ASC2_income",0.8,0.128329276597803,1
1,4,0.001,7,"ASC2_child",0,4.42242865879683e-09,0
1,4,0.001,7,"ASC3_male",0.9,4.01953192082706e-08,0
1,4,0.001,7,"ASC3_age",-1.2,-0.271026846905988,1
1,4,0.001,7,"ASC3_income",0.8,0.118575801630047,1
1,4,0.001,7,"ASC3_child",0,-1.52735230694914e-07,0
1,4,0.001,7,"prot25_male",-0.8,-0.027029062998227,1
1,4,0.001,7,"prot25_age",-0.5,-0.137390530335539,1
1,4,0.001,7,"prot25_income",0,0.000981735240404243,0
1,4,0.001,7,"prot25_child",0,0.0875027290100023,1
1,4,0.001,7,"prot50_male",0,-1.16063898631516e-10,0
1,4,0.001,7,"prot50_age",-0.9,-0.228340170151326,1
1,4,0.001,7,"prot50_income",-0.7,-0.141136941442345,1
1,4,0.001,7,"prot50_child",-0.8,-0.086640891515054,1
1,4,0.001,7,"invasive_male",0,-0.0677777994989637,1
1,4,0.001,7,"invasive_age",0,0.0200333076499073,1
1,4,0.001,7,"invasive_income",0,0.0552782912134204,1
1,4,0.001,7,"invasive_child",0,-0.00317715677367112,1
1,4,0.001,8,"ASC2_male",0.5,0.0244715568492318,1
1,4,0.001,8,"ASC2_age",0,0.0428570466396116,1
1,4,0.001,8,"ASC2_income",0,-0.0140169724260721,1
1,4,0.001,8,"ASC2_child",-0.5,-2.18911466842821e-08,0
1,4,0.001,8,"ASC3_male",0,-4.29191270003798e-09,0
1,4,0.001,8,"ASC3_age",0.8,0.243283826542515,1
1,4,0.001,8,"ASC3_income",0,3.91085421244552e-12,0
1,4,0.001,8,"ASC3_child",0.6,0.366566106169415,1
1,4,0.001,8,"prot25_male",0,-1.16634392017807e-08,0
1,4,0.001,8,"prot25_age",1.2,0.286519280868289,1
1,4,0.001,8,"prot25_income",0,0.0786493801323355,1
1,4,0.001,8,"prot25_child",1.1,0.243217379239978,1
1,4,0.001,8,"prot50_male",0,0.0607645204319246,1
1,4,0.001,8,"prot50_age",0,0.036057571378083,1
1,4,0.001,8,"prot50_income",0,-0.0148412010587747,1
1,4,0.001,8,"prot50_child",-1,-2.00687893083757e-08,0
1,4,0.001,8,"invasive_male",0,-7.00841588925344e-09,0
1,4,0.001,8,"invasive_age",-0.3,-0.0165679631532021,1
1,4,0.001,8,"invasive_income",0.3,0.0221359994088528,1
1,4,0.001,8,"invasive_child",-0.9,-1.89819461435148e-08,0
1,4,0.001,9,"ASC2_male",0,-7.72570712708029e-13,0
1,4,0.001,9,"ASC2_age",0.5,0.119567934554548,1
1,4,0.001,9,"ASC2_income",0.5,0.0663905688212524,1
1,4,0.001,9,"ASC2_child",0,-0.0325291087283193,1
1,4,0.001,9,"ASC3_male",0,-0.0287215155773736,1
1,4,0.001,9,"ASC3_age",0,5.08699622768539e-07,0
1,4,0.001,9,"ASC3_income",0,-0.141518134077564,1
1,4,0.001,9,"ASC3_child",-0.3,9.74313697305865e-10,0
1,4,0.001,9,"prot25_male",0.7,0.050462039219959,1
1,4,0.001,9,"prot25_age",0.4,0.0729811191067433,1
1,4,0.001,9,"prot25_income",0,0.134087462484469,1
1,4,0.001,9,"prot25_child",0.3,0.0359851874980095,1
1,4,0.001,9,"prot50_male",-0.2,-0.0129385089205027,1
1,4,0.001,9,"prot50_age",-1,-0.250531404036112,1
1,4,0.001,9,"prot50_income",0,0.116774484095657,1
1,4,0.001,9,"prot50_child",-0.8,-0.3100211603799,1
1,4,0.001,9,"invasive_male",0,0.043931436710982,1
1,4,0.001,9,"invasive_age",1,0.146313359458899,1
1,4,0.001,9,"invasive_income",0,-0.0141599830621244,1
1,4,0.001,9,"invasive_child",0,-0.024897067109879,1
1,4,0.001,10,"ASC2_male",0,-0.0637751432359395,1
1,4,0.001,10,"ASC2_age",-1,-0.223374328610135,1
1,4,0.001,10,"ASC2_income",0,1.08448619720873e-08,0
1,4,0.001,10,"ASC2_child",0,-8.42067447782152e-09,0
1,4,0.001,10,"ASC3_male",0.7,1.68104084452289e-09,0
1,4,0.001,10,"ASC3_age",0,0.0562825570503981,1
1,4,0.001,10,"ASC3_income",0,-2.32228683639757e-09,0
1,4,0.001,10,"ASC3_child",0,-1.16682579222485e-08,0
1,4,0.001,10,"prot25_male",-1,-1.35753241017335e-08,0
1,4,0.001,10,"prot25_age",1.1,0.197625083453397,1
1,4,0.001,10,"prot25_income",-0.7,-0.185348700888367,1
1,4,0.001,10,"prot25_child",-0.3,-2.42954444418814e-08,0
1,4,0.001,10,"prot50_male",0,0.0814792353355799,1
1,4,0.001,10,"prot50_age",0,-1.05373316020674e-08,0
1,4,0.001,10,"prot50_income",0,0.0316588602316348,1
1,4,0.001,10,"prot50_child",0,-2.4876860505988e-09,0
1,4,0.001,10,"invasive_male",0.2,-1.99112225616866e-08,0
1,4,0.001,10,"invasive_age",0.6,0.237152664106276,1
1,4,0.001,10,"invasive_income",-0.4,-0.0106360868468389,1
1,4,0.001,10,"invasive_child",-0.3,-0.128869655157617,1
1,4,0.001,11,"ASC2_male",1.1,0.0986169841611586,1
1,4,0.001,11,"ASC2_age",0,7.44487246443594e-10,0
1,4,0.001,11,"ASC2_income",0.1,1.84440899936303e-09,0
1,4,0.001,11,"ASC2_child",0,0.0830108548038464,1
1,4,0.001,11,"ASC3_male",0.6,-4.17369161411905e-09,0
1,4,0.001,11,"ASC3_age",-1,-0.336028296364826,1
1,4,0.001,11,"ASC3_income",0.9,0.167434913487051,1
1,4,0.001,11,"ASC3_child",-0.8,-0.000786543502670971,0
1,4,0.001,11,"prot25_male",-0.9,-6.04198315305169e-09,0
1,4,0.001,11,"prot25_age",0,-8.41678512525035e-09,0
1,4,0.001,11,"prot25_income",0,2.57587499126021e-10,0
1,4,0.001,11,"prot25_child",0,-3.96157220257915e-09,0
1,4,0.001,11,"prot50_male",0,0.278261345656926,1
1,4,0.001,11,"prot50_age",0,-6.19883948485218e-09,0
1,4,0.001,11,"prot50_income",0,0.00282664406767457,1
1,4,0.001,11,"prot50_child",0,1.28604582731425e-08,0
1,4,0.001,11,"invasive_male",-0.7,-0.137646713313819,1
1,4,0.001,11,"invasive_age",0,-2.66840259687672e-09,0
1,4,0.001,11,"invasive_income",1,0.145241352105118,1
1,4,0.001,11,"invasive_child",-1.2,-0.249261009214286,1
1,4,0.001,12,"ASC2_male",0,-1.03007798695747e-08,0
1,4,0.001,12,"ASC2_age",-0.4,-0.0096831171027299,1
1,4,0.001,12,"ASC2_income",-0.6,-0.119638282021872,1
1,4,0.001,12,"ASC2_child",-1.2,-0.0980678626425009,1
1,4,0.001,12,"ASC3_male",-0.7,-0.128988653985355,1
1,4,0.001,12,"ASC3_age",0.4,0.0820097943094086,1
1,4,0.001,12,"ASC3_income",0,0.00334839086627748,1
1,4,0.001,12,"ASC3_child",0,0.0371237151918088,1
1,4,0.001,12,"prot25_male",0,-3.77983610142025e-08,0
1,4,0.001,12,"prot25_age",0,-0.0548767491830639,1
1,4,0.001,12,"prot25_income",0,0.0464722309261814,1
1,4,0.001,12,"prot25_child",1,-1.23685605475906e-08,0
1,4,0.001,12,"prot50_male",-0.6,-0.0790098919414632,1
1,4,0.001,12,"prot50_age",0,-3.60097009676013e-08,0
1,4,0.001,12,"prot50_income",0,-9.49404397534616e-05,0
1,4,0.001,12,"prot50_child",0,9.56725357961394e-09,0
1,4,0.001,12,"invasive_male",0,-4.62606634196772e-09,0
1,4,0.001,12,"invasive_age",0.6,0.111785572364387,1
1,4,0.001,12,"invasive_income",0.6,0.144788354632718,1
1,4,0.001,12,"invasive_child",-0.8,-0.0832832899650457,1
1,4,0.001,13,"ASC2_male",-0.4,-1.16413072363988e-08,0
1,4,0.001,13,"ASC2_age",0,-5.18182416513515e-08,0
1,4,0.001,13,"ASC2_income",0,-8.3434770367005e-09,0
1,4,0.001,13,"ASC2_child",0,-1.84211881652711e-09,0
1,4,0.001,13,"ASC3_male",-0.4,5.67311453766279e-08,0
1,4,0.001,13,"ASC3_age",-0.3,-0.0789533965359214,1
1,4,0.001,13,"ASC3_income",-0.3,-0.0870856590540672,1
1,4,0.001,13,"ASC3_child",0,-4.1933687708034e-09,0
1,4,0.001,13,"prot25_male",0,0.0333063868804689,1
1,4,0.001,13,"prot25_age",-0.4,-0.0232297364428542,1
1,4,0.001,13,"prot25_income",-1,-0.195756457989465,1
1,4,0.001,13,"prot25_child",0,5.12343775385691e-09,0
1,4,0.001,13,"prot50_male",-0.6,-0.160958154128984,1
1,4,0.001,13,"prot50_age",0,-0.00368731551678748,1
1,4,0.001,13,"prot50_income",0,-8.53620147163394e-08,0
1,4,0.001,13,"prot50_child",0,-1.20951800717855e-08,0
1,4,0.001,13,"invasive_male",-0.2,-4.48404433901262e-09,0
1,4,0.001,13,"invasive_age",1,0.25473360944133,1
1,4,0.001,13,"invasive_income",0.5,0.0886427085368246,1
1,4,0.001,13,"invasive_child",0,-2.16664897807562e-08,0
1,4,0.001,14,"ASC2_male",1.1,0.16823563116254,1
1,4,0.001,14,"ASC2_age",0,0.0237366923272449,1
1,4,0.001,14,"ASC2_income",0,-1.94251220234653e-09,0
1,4,0.001,14,"ASC2_child",0.9,0.177800460083892,1
1,4,0.001,14,"ASC3_male",-0.6,-0.0606294571790847,1
1,4,0.001,14,"ASC3_age",0,-7.99239723805733e-09,0
1,4,0.001,14,"ASC3_income",0.9,0.161377668821296,1
1,4,0.001,14,"ASC3_child",0,-8.22054897003993e-08,0
1,4,0.001,14,"prot25_male",0,-4.46387140012332e-10,0
1,4,0.001,14,"prot25_age",0,6.7158437698611e-06,0
1,4,0.001,14,"prot25_income",0,-1.09348999217395e-07,0
1,4,0.001,14,"prot25_child",0,0.111930348755366,1
1,4,0.001,14,"prot50_male",0,-5.23893849654434e-07,0
1,4,0.001,14,"prot50_age",1,0.246025661559761,1
1,4,0.001,14,"prot50_income",0,1.48893822886188e-06,0
1,4,0.001,14,"prot50_child",-0.9,-0.0109840367035643,1
1,4,0.001,14,"invasive_male",0.3,-6.76356025228167e-09,0
1,4,0.001,14,"invasive_age",-0.8,-0.227493889566904,1
1,4,0.001,14,"invasive_income",0.6,0.182334301165621,1
1,4,0.001,14,"invasive_child",-0.4,-9.35140994874183e-07,0
1,4,0.001,15,"ASC2_male",-0.9,-0.258227808918008,1
1,4,0.001,15,"ASC2_age",1.2,0.330918289498248,1
1,4,0.001,15,"ASC2_income",0,-0.0098187433667915,1
1,4,0.001,15,"ASC2_child",-0.4,-5.20035235165089e-06,0
1,4,0.001,15,"ASC3_male",-0.6,-0.229644607983744,1
1,4,0.001,15,"ASC3_age",0,3.03737540240304e-07,0
1,4,0.001,15,"ASC3_income",0,0.0374903407499908,1
1,4,0.001,15,"ASC3_child",0.9,0.27109022032972,1
1,4,0.001,15,"prot25_male",0,-0.00996254044116755,1
1,4,0.001,15,"prot25_age",0.7,0.16448124818737,1
1,4,0.001,15,"prot25_income",-0.3,-0.0706970595384535,1
1,4,0.001,15,"prot25_child",0.5,0.0842461159716406,1
1,4,0.001,15,"prot50_male",0,4.67343692052496e-09,0
1,4,0.001,15,"prot50_age",-0.5,-0.0913736320579769,1
1,4,0.001,15,"prot50_income",0,-1.59354288817945e-06,0
1,4,0.001,15,"prot50_child",0.2,3.13533059206888e-06,0
1,4,0.001,15,"invasive_male",0,0.0407834663798389,1
1,4,0.001,15,"invasive_age",0,-0.043679584207077,1
1,4,0.001,15,"invasive_income",0,1.82644914712379e-07,0
1,4,0.001,15,"invasive_child",0,-1.89907186657979e-06,0
1,4,0.001,16,"ASC2_male",0,0.0872922679709596,1
1,4,0.001,16,"ASC2_age",-0.6,-0.147035372767029,1
1,4,0.001,16,"ASC2_income",0,-0.16558813893531,1
1,4,0.001,16,"ASC2_child",-0.8,-0.282027475843192,1
1,4,0.001,16,"ASC3_male",0,-0.0609434553108246,1
1,4,0.001,16,"ASC3_age",-0.8,-0.15159497911814,1
1,4,0.001,16,"ASC3_income",0.8,0.0844220498410261,1
1,4,0.001,16,"ASC3_child",-0.8,-0.280349537531137,1
1,4,0.001,16,"prot25_male",0.7,0.0722911016785071,1
1,4,0.001,16,"prot25_age",-1,-0.199547046111514,1
1,4,0.001,16,"prot25_income",0,0.115404258410903,1
1,4,0.001,16,"prot25_child",0,-0.0711165048596672,1
1,4,0.001,16,"prot50_male",0.6,0.220763069848758,1
1,4,0.001,16,"prot50_age",-1,-0.207099488504407,1
1,4,0.001,16,"prot50_income",0,0.0966048893938168,1
1,4,0.001,16,"prot50_child",0,-0.0530928882298998,1
1,4,0.001,16,"invasive_male",0,0.054282274797554,1
1,4,0.001,16,"invasive_age",0.8,0.28416017779616,1
1,4,0.001,16,"invasive_income",0,-0.0974368167393822,1
1,4,0.001,16,"invasive_child",0,-0.0480143196363127,1
1,4,0.001,17,"ASC2_male",0,-0.100032442399092,1
1,4,0.001,17,"ASC2_age",-1,-0.234362472479714,1
1,4,0.001,17,"ASC2_income",-0.9,-0.194477686807292,1
1,4,0.001,17,"ASC2_child",0,-0.123536456276272,1
1,4,0.001,17,"ASC3_male",0,-0.152380669671759,1
1,4,0.001,17,"ASC3_age",-1.1,-0.167640531095495,1
1,4,0.001,17,"ASC3_income",0,0.0510531440253661,1
1,4,0.001,17,"ASC3_child",-0.6,-0.141833220324707,1
1,4,0.001,17,"prot25_male",-0.9,-0.245883031906722,1
1,4,0.001,17,"prot25_age",0,-2.1812361801692e-09,0
1,4,0.001,17,"prot25_income",0.6,0.0715415291208276,1
1,4,0.001,17,"prot25_child",0,0.00550775715878585,1
1,4,0.001,17,"prot50_male",0.2,0.10694571374844,1
1,4,0.001,17,"prot50_age",0.5,0.0308967389142514,1
1,4,0.001,17,"prot50_income",0,-0.0421785419766545,1
1,4,0.001,17,"prot50_child",0,0.0655447999086478,1
1,4,0.001,17,"invasive_male",0.8,0.118247432594424,1
1,4,0.001,17,"invasive_age",0,-0.050382178185175,1
1,4,0.001,17,"invasive_income",-1.1,-0.293426758896498,1
1,4,0.001,17,"invasive_child",0,-0.0596609434219374,1
1,4,0.001,18,"ASC2_male",0.2,1.21542477808276e-06,0
1,4,0.001,18,"ASC2_age",0.7,0.087104120261716,1
1,4,0.001,18,"ASC2_income",0,2.56477790850698e-06,0
1,4,0.001,18,"ASC2_child",0.7,0.0154784872418977,1
1,4,0.001,18,"ASC3_male",0.2,0.00341923695024942,1
1,4,0.001,18,"ASC3_age",0,-0.0644339021391734,1
1,4,0.001,18,"ASC3_income",0.4,-0.00191740739558364,1
1,4,0.001,18,"ASC3_child",0,-0.143199912072782,1
1,4,0.001,18,"prot25_male",0,-1.5225272008069e-06,0
1,4,0.001,18,"prot25_age",0,-0.000850993839597571,0
1,4,0.001,18,"prot25_income",0,0.0961626339789185,1
1,4,0.001,18,"prot25_child",-0.5,-1.05011867388097e-05,0
1,4,0.001,18,"prot50_male",-0.6,-0.122409255422451,1
1,4,0.001,18,"prot50_age",0,0.0758641275317462,1
1,4,0.001,18,"prot50_income",1,0.265127520099477,1
1,4,0.001,18,"prot50_child",0,0.277067289393408,1
1,4,0.001,18,"invasive_male",0,5.05900436950674e-07,0
1,4,0.001,18,"invasive_age",0,0.0082162994406347,1
1,4,0.001,18,"invasive_income",-0.2,-1.4678959744248e-07,0
1,4,0.001,18,"invasive_child",0.7,0.0203172066635388,1
1,4,0.001,19,"ASC2_male",0,-0.138474954361216,1
1,4,0.001,19,"ASC2_age",0,-0.0377279315555296,1
1,4,0.001,19,"ASC2_income",-0.2,-0.101760083393421,1
1,4,0.001,19,"ASC2_child",0,-0.279463371497481,1
1,4,0.001,19,"ASC3_male",0,-0.254168440129969,1
1,4,0.001,19,"ASC3_age",0.2,0.0570986848332937,1
1,4,0.001,19,"ASC3_income",-0.8,-0.298056735394368,1
1,4,0.001,19,"ASC3_child",-1,-0.499198785888877,1
1,4,0.001,19,"prot25_male",0,0.222638921801285,1
1,4,0.001,19,"prot25_age",0,0.0295260626925642,1
1,4,0.001,19,"prot25_income",0,0.128165403681548,1
1,4,0.001,19,"prot25_child",0.7,0.499305520384571,1
1,4,0.001,19,"prot50_male",-1,-0.0650758101442403,1
1,4,0.001,19,"prot50_age",0,0.00254053215295406,1
1,4,0.001,19,"prot50_income",0.5,0.223984748215843,1
1,4,0.001,19,"prot50_child",1.1,0.498684682419634,1
1,4,0.001,19,"invasive_male",0,-0.000531628743961825,0
1,4,0.001,19,"invasive_age",0,0.0178782717292172,1
1,4,0.001,19,"invasive_income",0.6,0.158879233189274,1
1,4,0.001,19,"invasive_child",-1.2,-0.400916642449103,1
1,4,0.001,20,"ASC2_male",0,-0.0399017312449178,1
1,4,0.001,20,"ASC2_age",0.9,0.312651298695015,1
1,4,0.001,20,"ASC2_income",1,0.216851125282873,1
1,4,0.001,20,"ASC2_child",-1,-9.8916115572123e-09,0
1,4,0.001,20,"ASC3_male",0.7,0.140912964980841,1
1,4,0.001,20,"ASC3_age",-1.2,-0.207174661832495,1
1,4,0.001,20,"ASC3_income",-0.6,-0.156210680624086,1
1,4,0.001,20,"ASC3_child",-0.7,-0.0643103700529522,1
1,4,0.001,20,"prot25_male",0,-1.24230385243874e-08,0
1,4,0.001,20,"prot25_age",0,-0.0827540715597853,1
1,4,0.001,20,"prot25_income",0,0.0973334945511237,1
1,4,0.001,20,"prot25_child",0.7,0.021260446446351,1
1,4,0.001,20,"prot50_male",0,5.36512172538398e-09,0
1,4,0.001,20,"prot50_age",0,-3.49246027577787e-08,0
1,4,0.001,20,"prot50_income",0,-1.02646991747846e-08,0
1,4,0.001,20,"prot50_child",0,-0.162733490701091,1
1,4,0.001,20,"invasive_male",0,-2.68726122623415e-07,0
1,4,0.001,20,"invasive_age",0.5,0.197875711654135,1
1,4,0.001,20,"invasive_income",0,-0.0530218515652705,1
1,4,0.001,20,"invasive_child",0.3,7.99481397898469e-08,0
1,4,0.001,21,"ASC2_male",-0.5,-0.128424125558768,1
1,4,0.001,21,"ASC2_age",-0.6,-0.203634808908855,1
1,4,0.001,21,"ASC2_income",0,-0.0492479508447433,1
1,4,0.001,21,"ASC2_child",1.1,0.0375590335109487,1
1,4,0.001,21,"ASC3_male",0,-2.19501920856963e-07,0
1,4,0.001,21,"ASC3_age",0.3,-4.70573223020129e-09,0
1,4,0.001,21,"ASC3_income",0,0.0106015578684356,1
1,4,0.001,21,"ASC3_child",0,-0.148150826441735,1
1,4,0.001,21,"prot25_male",0.5,0.151546191296758,1
1,4,0.001,21,"prot25_age",0,0.00577458007134748,1
1,4,0.001,21,"prot25_income",-1,-0.281427168199061,1
1,4,0.001,21,"prot25_child",0,0.132759467020859,1
1,4,0.001,21,"prot50_male",-0.5,-0.190791483140912,1
1,4,0.001,21,"prot50_age",0,-1.1596050002233e-08,0
1,4,0.001,21,"prot50_income",0,0.0365689773127965,1
1,4,0.001,21,"prot50_child",-0.7,-0.0657796526660913,1
1,4,0.001,21,"invasive_male",0,-0.0407256004436577,1
1,4,0.001,21,"invasive_age",1.2,0.32577585353817,1
1,4,0.001,21,"invasive_income",-0.2,0.000375253993342396,0
1,4,0.001,21,"invasive_child",0,-8.41190855487152e-09,0
1,4,0.001,22,"ASC2_male",0.7,0.0193166300904902,1
1,4,0.001,22,"ASC2_age",-0.2,7.95526189304666e-09,0
1,4,0.001,22,"ASC2_income",-0.4,-0.0828177487828218,1
1,4,0.001,22,"ASC2_child",0,6.48975613179985e-11,0
1,4,0.001,22,"ASC3_male",0,-5.58691228319133e-09,0
1,4,0.001,22,"ASC3_age",-0.7,-0.120849411795058,1
1,4,0.001,22,"ASC3_income",0,0.0151193216199274,1
1,4,0.001,22,"ASC3_child",-0.7,-0.210332648380503,1
1,4,0.001,22,"prot25_male",0,0.137152564946506,1
1,4,0.001,22,"prot25_age",0,-0.0642586686375195,1
1,4,0.001,22,"prot25_income",0.5,0.122086010536096,1
1,4,0.001,22,"prot25_child",0,0.0816486874590933,1
1,4,0.001,22,"prot50_male",0,-1.1539860331973e-08,0
1,4,0.001,22,"prot50_age",1,0.229076750473414,1
1,4,0.001,22,"prot50_income",-0.9,-0.193648943791632,1
1,4,0.001,22,"prot50_child",-1.1,-0.223012933584925,1
1,4,0.001,22,"invasive_male",0,-0.0744459293850466,1
1,4,0.001,22,"invasive_age",0.3,0.177917797080135,1
1,4,0.001,22,"invasive_income",0,-0.00802699132195145,1
1,4,0.001,22,"invasive_child",0,-0.0674216313391758,1
1,4,0.001,23,"ASC2_male",0,-9.33329012125182e-09,0
1,4,0.001,23,"ASC2_age",0.5,0.217108846179245,1
1,4,0.001,23,"ASC2_income",0.8,0.220795258971187,1
1,4,0.001,23,"ASC2_child",-0.2,-5.30414231794434e-09,0
1,4,0.001,23,"ASC3_male",0.6,0.119051767461934,1
1,4,0.001,23,"ASC3_age",-0.3,-0.0364667894526188,1
1,4,0.001,23,"ASC3_income",0,-1.09681294794719e-08,0
1,4,0.001,23,"ASC3_child",0,0.00900063891371505,1
1,4,0.001,23,"prot25_male",0.8,0.151881999751334,1
1,4,0.001,23,"prot25_age",0.4,0.00500159924524667,1
1,4,0.001,23,"prot25_income",0.5,0.178225412425859,1
1,4,0.001,23,"prot25_child",0,-4.35833991837917e-09,0
1,4,0.001,23,"prot50_male",0,0.0107291828766659,1
1,4,0.001,23,"prot50_age",0,-0.00434375198921569,1
1,4,0.001,23,"prot50_income",0,6.43720604748246e-10,0
1,4,0.001,23,"prot50_child",0.5,0.161536705929546,1
1,4,0.001,23,"invasive_male",-0.5,-0.174883952727799,1
1,4,0.001,23,"invasive_age",0,-5.6745556969329e-09,0
1,4,0.001,23,"invasive_income",0,-3.99776531976622e-09,0
1,4,0.001,23,"invasive_child",0,-0.0492782694691809,1
1,4,0.001,24,"ASC2_male",-0.3,-0.0787220722034409,1
1,4,0.001,24,"ASC2_age",-0.3,-0.0961449576439471,1
1,4,0.001,24,"ASC2_income",0,6.52303391674685e-05,0
1,4,0.001,24,"ASC2_child",0,-0.01806395906052,1
1,4,0.001,24,"ASC3_male",0,-0.0564108352356691,1
1,4,0.001,24,"ASC3_age",1.2,0.208836858970043,1
1,4,0.001,24,"ASC3_income",0,-0.0961733513202646,1
1,4,0.001,24,"ASC3_child",0,8.77619912386437e-06,0
1,4,0.001,24,"prot25_male",0.4,0.096175187249866,1
1,4,0.001,24,"prot25_age",0,0.0193776449739773,1
1,4,0.001,24,"prot25_income",0.8,0.252256835221944,1
1,4,0.001,24,"prot25_child",1,0.175623984329115,1
1,4,0.001,24,"prot50_male",0,0.0698969277513431,1
1,4,0.001,24,"prot50_age",-0.8,-0.202111357586963,1
1,4,0.001,24,"prot50_income",1.1,0.323446045023545,1
1,4,0.001,24,"prot50_child",0,0.093192371401801,1
1,4,0.001,24,"invasive_male",0,0.108055744878425,1
1,4,0.001,24,"invasive_age",1.1,0.261324505416295,1
1,4,0.001,24,"invasive_income",0,-2.82303663196359e-10,0
1,4,0.001,24,"invasive_child",1.2,0.443811462358217,1
1,4,0.001,25,"ASC2_male",1.2,0.137698990280676,1
1,4,0.001,25,"ASC2_age",0,-0.0845447432236416,1
1,4,0.001,25,"ASC2_income",0,-1.19230789795628e-12,0
1,4,0.001,25,"ASC2_child",0,0.0710455839912631,1
1,4,0.001,25,"ASC3_male",-1,-0.417160600889358,1
1,4,0.001,25,"ASC3_age",-0.2,-0.0398204043098106,1
1,4,0.001,25,"ASC3_income",0,0.00156947235773111,1
1,4,0.001,25,"ASC3_child",-1.1,-0.0909396619718262,1
1,4,0.001,25,"prot25_male",1.1,0.524236097313079,1
1,4,0.001,25,"prot25_age",-0.6,-0.174824264351301,1
1,4,0.001,25,"prot25_income",0,-0.0504232214348262,1
1,4,0.001,25,"prot25_child",1,0.200544380595533,1
1,4,0.001,25,"prot50_male",0,0.157952181264427,1
1,4,0.001,25,"prot50_age",0,-0.0439597802928836,1
1,4,0.001,25,"prot50_income",0,-0.0600780075749611,1
1,4,0.001,25,"prot50_child",0,-0.167496944724428,1
1,4,0.001,25,"invasive_male",0,-0.0560407468032063,1
1,4,0.001,25,"invasive_age",1.1,0.203578651162335,1
1,4,0.001,25,"invasive_income",-1.2,-0.337315794575199,1
1,4,0.001,25,"invasive_child",1.2,0.0917369205591506,1
1,4,0.001,26,"ASC2_male",0,-0.109111752215914,1
1,4,0.001,26,"ASC2_age",-0.9,-0.250032262014693,1
1,4,0.001,26,"ASC2_income",-1.2,-0.148925894755108,1
1,4,0.001,26,"ASC2_child",-0.4,-2.4810163917829e-08,0
1,4,0.001,26,"ASC3_male",0.8,0.150903133605033,1
1,4,0.001,26,"ASC3_age",0,1.05092419458361e-06,0
1,4,0.001,26,"ASC3_income",-0.5,-0.0200138868238341,1
1,4,0.001,26,"ASC3_child",0.1,1.49200741550807e-07,0
1,4,0.001,26,"prot25_male",-0.9,-2.44269628075873e-08,0
1,4,0.001,26,"prot25_age",0,-0.0208647187326266,1
1,4,0.001,26,"prot25_income",0,-0.0477426377991339,1
1,4,0.001,26,"prot25_child",0,-1.25080069964877e-08,0
1,4,0.001,26,"prot50_male",0,0.0096828605961936,1
1,4,0.001,26,"prot50_age",0,-7.43161467137368e-09,0
1,4,0.001,26,"prot50_income",0.1,0.00937293468895372,1
1,4,0.001,26,"prot50_child",0,9.73345993389074e-08,0
1,4,0.001,26,"invasive_male",0,-1.59550992309786e-08,0
1,4,0.001,26,"invasive_age",0.9,0.17336445140037,1
1,4,0.001,26,"invasive_income",-0.7,-0.0927481278575557,1
1,4,0.001,26,"invasive_child",0,-6.15577372380601e-08,0
1,4,0.001,27,"ASC2_male",-1.2,-0.275494055002255,1
1,4,0.001,27,"ASC2_age",-0.5,-0.0567577501119649,1
1,4,0.001,27,"ASC2_income",0,-0.00213857090495378,1
1,4,0.001,27,"ASC2_child",0,-0.0465162141544211,1
1,4,0.001,27,"ASC3_male",0,0.00999727930427591,1
1,4,0.001,27,"ASC3_age",0,-0.029548651256705,1
1,4,0.001,27,"ASC3_income",0,6.39846178452069e-07,0
1,4,0.001,27,"ASC3_child",0.8,0.224057395447299,1
1,4,0.001,27,"prot25_male",-0.8,-0.0476081622164979,1
1,4,0.001,27,"prot25_age",0.9,0.173417918233699,1
1,4,0.001,27,"prot25_income",0,0.00484501331987407,1
1,4,0.001,27,"prot25_child",0.6,0.222169084220455,1
1,4,0.001,27,"prot50_male",0,4.72239872854698e-07,0
1,4,0.001,27,"prot50_age",0,-0.0729158720507632,1
1,4,0.001,27,"prot50_income",0,-6.46965590821748e-07,0
1,4,0.001,27,"prot50_child",0.4,-2.55756997496793e-08,0
1,4,0.001,27,"invasive_male",-0.2,3.74041814144154e-07,0
1,4,0.001,27,"invasive_age",-0.2,-0.101311152270457,1
1,4,0.001,27,"invasive_income",1,0.228609386176556,1
1,4,0.001,27,"invasive_child",0,-0.0906408473464402,1
1,4,0.001,28,"ASC2_male",-0.6,-0.0951465160122984,1
1,4,0.001,28,"ASC2_age",0,0.00753894514229916,1
1,4,0.001,28,"ASC2_income",0,0.0587223262324361,1
1,4,0.001,28,"ASC2_child",0,-2.94775560922093e-10,0
1,4,0.001,28,"ASC3_male",-0.9,-7.81061851273905e-09,0
1,4,0.001,28,"ASC3_age",-0.8,-0.15276473344395,1
1,4,0.001,28,"ASC3_income",0,1.55547297081383e-08,0
1,4,0.001,28,"ASC3_child",-0.7,-0.0376316272955951,1
1,4,0.001,28,"prot25_male",0,4.80538813350348e-08,0
1,4,0.001,28,"prot25_age",1.1,0.191711718857152,1
1,4,0.001,28,"prot25_income",1.2,0.269192945772734,1
1,4,0.001,28,"prot25_child",0,2.76957134064688e-08,0
1,4,0.001,28,"prot50_male",-0.2,-0.158233267744735,1
1,4,0.001,28,"prot50_age",0.8,0.280115399842462,1
1,4,0.001,28,"prot50_income",-0.2,-0.0442951663895043,1
1,4,0.001,28,"prot50_child",0,0.0122189597185272,1
1,4,0.001,28,"invasive_male",0,-0.0542612477545313,1
1,4,0.001,28,"invasive_age",0,0.0631510714579572,1
1,4,0.001,28,"invasive_income",0.3,0.0970990891510921,1
1,4,0.001,28,"invasive_child",0,-1.10795046004574e-08,0
1,4,0.001,29,"ASC2_male",0,-0.0310905424638498,1
1,4,0.001,29,"ASC2_age",0,-0.0729341331538439,1
1,4,0.001,29,"ASC2_income",-0.1,0.020092041750852,1
1,4,0.001,29,"ASC2_child",0,-0.0592905314424588,1
1,4,0.001,29,"ASC3_male",0,-0.0896069860708352,1
1,4,0.001,29,"ASC3_age",0.9,0.144392643295903,1
1,4,0.001,29,"ASC3_income",0,0.0914606561319601,1
1,4,0.001,29,"ASC3_child",-0.2,-7.84938779682094e-06,0
1,4,0.001,29,"prot25_male",0,-1.84976886744007e-08,0
1,4,0.001,29,"prot25_age",0,-1.97468703354971e-06,0
1,4,0.001,29,"prot25_income",0.8,0.171334475748279,1
1,4,0.001,29,"prot25_child",-0.4,-0.0600418280815762,1
1,4,0.001,29,"prot50_male",0.4,0.0841013352119847,1
1,4,0.001,29,"prot50_age",0.5,0.104424003518317,1
1,4,0.001,29,"prot50_income",0,4.24605239561801e-07,0
1,4,0.001,29,"prot50_child",0.7,0.00625152178372328,1
1,4,0.001,29,"invasive_male",0,0.0144415623399936,1
1,4,0.001,29,"invasive_age",-0.3,-0.0614285765981758,1
1,4,0.001,29,"invasive_income",0,0.0274257617054207,1
1,4,0.001,29,"invasive_child",1,0.179907619227243,1
1,4,0.001,30,"ASC2_male",0,-0.0124495163408109,1
1,4,0.001,30,"ASC2_age",0,-0.0215331325041077,1
1,4,0.001,30,"ASC2_income",0,-1.0761010700159e-09,0
1,4,0.001,30,"ASC2_child",0.6,0.0276396943736181,1
1,4,0.001,30,"ASC3_male",0.4,-1.00307949231096e-08,0
1,4,0.001,30,"ASC3_age",0,-0.0181544280033525,1
1,4,0.001,30,"ASC3_income",0.2,0.0270142394873013,1
1,4,0.001,30,"ASC3_child",0.2,-1.44492203291631e-08,0
1,4,0.001,30,"prot25_male",0,0.0239604291417391,1
1,4,0.001,30,"prot25_age",-0.7,-0.178132042617369,1
1,4,0.001,30,"prot25_income",0.4,0.111085603192515,1
1,4,0.001,30,"prot25_child",0.8,0.0644965278538289,1
1,4,0.001,30,"prot50_male",-0.7,-1.86596640502e-08,0
1,4,0.001,30,"prot50_age",0,3.47312959011095e-12,0
1,4,0.001,30,"prot50_income",0,-0.00228931086543711,1
1,4,0.001,30,"prot50_child",0,-3.82377608950776e-09,0
1,4,0.001,30,"invasive_male",1.1,0.280160458087854,1
1,4,0.001,30,"invasive_age",0,-3.85782368284789e-09,0
1,4,0.001,30,"invasive_income",0.4,0.00887611953495583,1
1,4,0.001,30,"invasive_child",0,-2.80597804850692e-09,0
1,4,0.001,31,"ASC2_male",1.2,0.0101515025228505,1
1,4,0.001,31,"ASC2_age",0,-3.14139678346994e-14,0
1,4,0.001,31,"ASC2_income",-0.3,-0.125615080564115,1
1,4,0.001,31,"ASC2_child",0,0.020005191420659,1
1,4,0.001,31,"ASC3_male",0,-0.109422708796668,1
1,4,0.001,31,"ASC3_age",0,-0.050091891262959,1
1,4,0.001,31,"ASC3_income",0,-1.47589702563802e-08,0
1,4,0.001,31,"ASC3_child",0,-1.47967318126688e-08,0
1,4,0.001,31,"prot25_male",-0.8,-1.27330076501779e-08,0
1,4,0.001,31,"prot25_age",-0.2,-1.05709757310082e-08,0
1,4,0.001,31,"prot25_income",0,-0.0853585302621203,1
1,4,0.001,31,"prot25_child",0,0.0210570218466052,1
1,4,0.001,31,"prot50_male",-0.9,-3.67548560085352e-09,0
1,4,0.001,31,"prot50_age",-0.9,-0.189087507418334,1
1,4,0.001,31,"prot50_income",-0.2,-0.0425907181373145,1
1,4,0.001,31,"prot50_child",-0.5,-1.17680722757298e-07,0
1,4,0.001,31,"invasive_male",-1,-0.180372135452466,1
1,4,0.001,31,"invasive_age",0,-1.19112497079751e-08,0
1,4,0.001,31,"invasive_income",0,-2.33140547692831e-09,0
1,4,0.001,31,"invasive_child",-0.7,-7.55650941401783e-09,0
1,4,0.001,32,"ASC2_male",0.2,-5.00977767720621e-08,0
1,4,0.001,32,"ASC2_age",0.7,0.0726509293532247,1
1,4,0.001,32,"ASC2_income",-1,-0.247205199813998,1
1,4,0.001,32,"ASC2_child",0.4,3.49306964724883e-07,0
1,4,0.001,32,"ASC3_male",0,4.84248183147918e-10,0
1,4,0.001,32,"ASC3_age",0.3,-1.99031183668205e-06,0
1,4,0.001,32,"ASC3_income",0,8.49558792274221e-06,0
1,4,0.001,32,"ASC3_child",0.5,-4.85552697496051e-08,0
1,4,0.001,32,"prot25_male",0,0.0901698625368351,1
1,4,0.001,32,"prot25_age",-0.6,-0.0513602948738624,1
1,4,0.001,32,"prot25_income",0,6.83072984800459e-07,0
1,4,0.001,32,"prot25_child",0,2.05734790109251e-05,0
1,4,0.001,32,"prot50_male",0.7,0.186982860567741,1
1,4,0.001,32,"prot50_age",0.3,0.158281895482889,1
1,4,0.001,32,"prot50_income",0,1.83062849455564e-07,0
1,4,0.001,32,"prot50_child",-0.6,-8.22001808564557e-07,0
1,4,0.001,32,"invasive_male",0,-6.17482324347637e-07,0
1,4,0.001,32,"invasive_age",0,2.45029766232799e-06,0
1,4,0.001,32,"invasive_income",0,2.00333914003063e-08,0
1,4,0.001,32,"invasive_child",0,2.46648587342477e-06,0
1,4,0.001,33,"ASC2_male",0,-8.13744226786633e-09,0
1,4,0.001,33,"ASC2_age",-0.3,-0.121173194990347,1
1,4,0.001,33,"ASC2_income",0,0.0259367342192095,1
1,4,0.001,33,"ASC2_child",0,0.0854555068079584,1
1,4,0.001,33,"ASC3_male",0,1.6072226339243e-07,0
1,4,0.001,33,"ASC3_age",1.1,0.202617024761429,1
1,4,0.001,33,"ASC3_income",0,-0.00252898406648141,1
1,4,0.001,33,"ASC3_child",0,-0.0385160412192741,1
1,4,0.001,33,"prot25_male",0.9,0.202555043120083,1
1,4,0.001,33,"prot25_age",-0.8,-0.0944716620618929,1
1,4,0.001,33,"prot25_income",1.1,0.269751059633069,1
1,4,0.001,33,"prot25_child",0,-6.79273104352466e-11,0
1,4,0.001,33,"prot50_male",-1.2,-0.102835535186225,1
1,4,0.001,33,"prot50_age",0.3,0.0338171180704731,1
1,4,0.001,33,"prot50_income",0,0.0330534923514003,1
1,4,0.001,33,"prot50_child",0.8,0.0450313993193311,1
1,4,0.001,33,"invasive_male",0,-1.63990704556209e-07,0
1,4,0.001,33,"invasive_age",-1.2,-0.328311950766786,1
1,4,0.001,33,"invasive_income",0.6,0.121327469702265,1
1,4,0.001,33,"invasive_child",0,0.0128657657202044,1
1,4,0.001,34,"ASC2_male",0,7.77720701183835e-08,0
1,4,0.001,34,"ASC2_age",-0.5,-0.114051668193294,1
1,4,0.001,34,"ASC2_income",0,0.0478443732348904,1
1,4,0.001,34,"ASC2_child",1,0.167909046593833,1
1,4,0.001,34,"ASC3_male",0,3.56585452308175e-07,0
1,4,0.001,34,"ASC3_age",-0.3,-0.0800866491334348,1
1,4,0.001,34,"ASC3_income",-0.7,-0.0984466296161844,1
1,4,0.001,34,"ASC3_child",-1,-0.133913653896354,1
1,4,0.001,34,"prot25_male",0,0.0769470724846687,1
1,4,0.001,34,"prot25_age",0,3.54495987323204e-07,0
1,4,0.001,34,"prot25_income",0,-2.69086733240431e-08,0
1,4,0.001,34,"prot25_child",0,3.22984597472364e-07,0
1,4,0.001,34,"prot50_male",0,-4.45247943691044e-07,0
1,4,0.001,34,"prot50_age",-0.8,-0.169709046665399,1
1,4,0.001,34,"prot50_income",-0.1,-0.00724220969275474,1
1,4,0.001,34,"prot50_child",0,1.90407443486372e-08,0
1,4,0.001,34,"invasive_male",-0.9,-0.0729651455661145,1
1,4,0.001,34,"invasive_age",-0.9,-0.205653699442989,1
1,4,0.001,34,"invasive_income",-0.9,-0.136622823141019,1
1,4,0.001,34,"invasive_child",0,3.70910153703685e-07,0
1,4,0.001,35,"ASC2_male",0,-0.0619417745180357,1
1,4,0.001,35,"ASC2_age",0,-4.25037260891213e-07,0
1,4,0.001,35,"ASC2_income",-0.2,-0.0400254350308917,1
1,4,0.001,35,"ASC2_child",0,1.6339223220472e-10,0
1,4,0.001,35,"ASC3_male",0,-0.128694105702708,1
1,4,0.001,35,"ASC3_age",0,0.0964617514774578,1
1,4,0.001,35,"ASC3_income",0,0.00745125642636827,1
1,4,0.001,35,"ASC3_child",0,-9.47349111303618e-10,0
1,4,0.001,35,"prot25_male",0,-1.16690752648221e-07,0
1,4,0.001,35,"prot25_age",1.2,0.288319139149365,1
1,4,0.001,35,"prot25_income",-0.2,-0.0517141134983646,1
1,4,0.001,35,"prot25_child",0.8,0.150868601487634,1
1,4,0.001,35,"prot50_male",-0.9,-0.187508217158787,1
1,4,0.001,35,"prot50_age",-0.2,-0.0702043356267737,1
1,4,0.001,35,"prot50_income",0,0.0293130948358001,1
1,4,0.001,35,"prot50_child",0,-2.52367351817639e-09,0
1,4,0.001,35,"invasive_male",0.3,0.105182846215827,1
1,4,0.001,35,"invasive_age",0.3,0.078951473132438,1
1,4,0.001,35,"invasive_income",-0.4,-0.0693773877925926,1
1,4,0.001,35,"invasive_child",-0.5,-0.128560285986606,1
1,4,0.001,36,"ASC2_male",-0.7,-0.0652947041384981,1
1,4,0.001,36,"ASC2_age",0,-2.11983406165821e-07,0
1,4,0.001,36,"ASC2_income",0.1,2.22987141508441e-07,0
1,4,0.001,36,"ASC2_child",0,-4.93288675641605e-09,0
1,4,0.001,36,"ASC3_male",0,8.18598746450684e-09,0
1,4,0.001,36,"ASC3_age",0.6,0.153618076902726,1
1,4,0.001,36,"ASC3_income",1.1,0.175886876911945,1
1,4,0.001,36,"ASC3_child",0,-2.45593251912261e-08,0
1,4,0.001,36,"prot25_male",0,-2.68936590696323e-09,0
1,4,0.001,36,"prot25_age",0,-9.28470519198661e-08,0
1,4,0.001,36,"prot25_income",0.2,0.0723024144110217,1
1,4,0.001,36,"prot25_child",0,0.0494785563677941,1
1,4,0.001,36,"prot50_male",0,6.27406606117616e-09,0
1,4,0.001,36,"prot50_age",0.9,0.147903448150261,1
1,4,0.001,36,"prot50_income",-0.8,-0.198121484510941,1
1,4,0.001,36,"prot50_child",0,3.965577617012e-09,0
1,4,0.001,36,"invasive_male",-1,-0.194291879736488,1
1,4,0.001,36,"invasive_age",0.8,0.143211325343345,1
1,4,0.001,36,"invasive_income",0,-2.0029639140049e-08,0
1,4,0.001,36,"invasive_child",-0.8,-4.06636036296003e-09,0
1,4,0.001,37,"ASC2_male",0,-3.77799292358345e-07,0
1,4,0.001,37,"ASC2_age",0,0.0589514687650333,1
1,4,0.001,37,"ASC2_income",0,-0.0729361211921743,1
1,4,0.001,37,"ASC2_child",0,9.17253765253068e-10,0
1,4,0.001,37,"ASC3_male",0,0.0310527880331317,1
1,4,0.001,37,"ASC3_age",0,0.0552999300044331,1
1,4,0.001,37,"ASC3_income",0.6,0.125657804965408,1
1,4,0.001,37,"ASC3_child",0,-0.0986440970436061,1
1,4,0.001,37,"prot25_male",-0.8,-0.0273307466931286,1
1,4,0.001,37,"prot25_age",0.9,0.132232827471667,1
1,4,0.001,37,"prot25_income",-0.7,-0.0728938110166328,1
1,4,0.001,37,"prot25_child",0.1,9.54605397165129e-09,0
1,4,0.001,37,"prot50_male",0,0.024471762882406,1
1,4,0.001,37,"prot50_age",1,0.193281147398347,1
1,4,0.001,37,"prot50_income",0,0.0331091399638141,1
1,4,0.001,37,"prot50_child",-0.9,-0.225729513987559,1
1,4,0.001,37,"invasive_male",0.6,-4.02164905655288e-10,0
1,4,0.001,37,"invasive_age",-0.3,-1.98015026841164e-09,0
1,4,0.001,37,"invasive_income",1.1,0.38952105564753,1
1,4,0.001,37,"invasive_child",0,0.0281751997675297,1
1,4,0.001,38,"ASC2_male",0.8,0.210279363908837,1
1,4,0.001,38,"ASC2_age",0,-0.0286633004124203,1
1,4,0.001,38,"ASC2_income",0.8,0.305356482372788,1
1,4,0.001,38,"ASC2_child",0.4,0.00791451177699845,1
1,4,0.001,38,"ASC3_male",0,1.42522505307182e-07,0
1,4,0.001,38,"ASC3_age",0,0.0230600662729512,1
1,4,0.001,38,"ASC3_income",0,0.120813338887096,1
1,4,0.001,38,"ASC3_child",0.2,0.0561340531048608,1
1,4,0.001,38,"prot25_male",0,1.46824277596829e-07,0
1,4,0.001,38,"prot25_age",0,-0.0126368464124248,1
1,4,0.001,38,"prot25_income",0,-0.105311257116325,1
1,4,0.001,38,"prot25_child",0,-0.102639296068198,1
1,4,0.001,38,"prot50_male",0,0.0810230209534872,1
1,4,0.001,38,"prot50_age",0.3,0.0290497173830867,1
1,4,0.001,38,"prot50_income",0.9,0.219965138298831,1
1,4,0.001,38,"prot50_child",0,-0.221060017150791,1
1,4,0.001,38,"invasive_male",-0.5,-0.125771835599892,1
1,4,0.001,38,"invasive_age",0.9,0.214274340154969,1
1,4,0.001,38,"invasive_income",1,0.366312411202553,1
1,4,0.001,38,"invasive_child",-0.2,-0.188644393435336,1
1,4,0.001,39,"ASC2_male",0.9,0.12527847629395,1
1,4,0.001,39,"ASC2_age",1.1,0.262940355318238,1
1,4,0.001,39,"ASC2_income",0,-0.0209956191066419,1
1,4,0.001,39,"ASC2_child",0.7,0.293937467403681,1
1,4,0.001,39,"ASC3_male",0,-1.16843392075847e-06,0
1,4,0.001,39,"ASC3_age",-0.1,-0.000357419909233371,0
1,4,0.001,39,"ASC3_income",0,2.80016229259583e-07,0
1,4,0.001,39,"ASC3_child",-1.1,-0.183677587296922,1
1,4,0.001,39,"prot25_male",0,5.08385261848777e-07,0
1,4,0.001,39,"prot25_age",0,-1.1495547096295e-08,0
1,4,0.001,39,"prot25_income",0.9,0.20168974646889,1
1,4,0.001,39,"prot25_child",0,3.65187977701898e-08,0
1,4,0.001,39,"prot50_male",0,7.21672525717669e-09,0
1,4,0.001,39,"prot50_age",0.9,0.23140143031965,1
1,4,0.001,39,"prot50_income",-0.8,-0.362629342821018,1
1,4,0.001,39,"prot50_child",0,2.26431963363138e-07,0
1,4,0.001,39,"invasive_male",0.1,-1.89242973838975e-07,0
1,4,0.001,39,"invasive_age",0,-9.96815398326296e-07,0
1,4,0.001,39,"invasive_income",0.7,0.0958743461159648,1
1,4,0.001,39,"invasive_child",0,4.72568456346287e-07,0
1,4,0.001,40,"ASC2_male",0,2.87527630222737e-06,0
1,4,0.001,40,"ASC2_age",0,-4.60477570810151e-07,0
1,4,0.001,40,"ASC2_income",-1,-0.250298949873504,1
1,4,0.001,40,"ASC2_child",-0.4,-2.98230857412213e-07,0
1,4,0.001,40,"ASC3_male",1.2,0.252260048918232,1
1,4,0.001,40,"ASC3_age",0,2.11723861319706e-07,0
1,4,0.001,40,"ASC3_income",0,-0.0645921659167258,1
1,4,0.001,40,"ASC3_child",0,4.29899513245589e-06,0
1,4,0.001,40,"prot25_male",-0.1,0.112506054386566,1
1,4,0.001,40,"prot25_age",0,7.10919001158879e-08,0
1,4,0.001,40,"prot25_income",-0.3,-0.0042964495897917,1
1,4,0.001,40,"prot25_child",-0.5,-4.8799717502705e-05,0
1,4,0.001,40,"prot50_male",-1.2,9.14346877347348e-08,0
1,4,0.001,40,"prot50_age",0,-6.19115379556902e-12,0
1,4,0.001,40,"prot50_income",0,-7.9380879549681e-06,0
1,4,0.001,40,"prot50_child",1.1,0.227714045471626,1
1,4,0.001,40,"invasive_male",-0.8,-1.46636082665641e-08,0
1,4,0.001,40,"invasive_age",0.5,0.0806731867961516,1
1,4,0.001,40,"invasive_income",0,4.02838128717368e-08,0
1,4,0.001,40,"invasive_child",0,-0.0639168407980191,1
1,4,0.001,41,"ASC2_male",0.1,-0.213119712090614,1
1,4,0.001,41,"ASC2_age",0,2.98996983177614e-08,0
1,4,0.001,41,"ASC2_income",-1,-0.191514382554733,1
1,4,0.001,41,"ASC2_child",-0.6,-0.0596566649887631,1
1,4,0.001,41,"ASC3_male",0.8,0.0683479276009412,1
1,4,0.001,41,"ASC3_age",-0.6,-0.102851369214546,1
1,4,0.001,41,"ASC3_income",-0.6,-0.168753108421886,1
1,4,0.001,41,"ASC3_child",-1,-0.261273063423234,1
1,4,0.001,41,"prot25_male",0,0.328086501847195,1
1,4,0.001,41,"prot25_age",-1,-0.32747040307981,1
1,4,0.001,41,"prot25_income",0,-0.0145855318622767,1
1,4,0.001,41,"prot25_child",0,-5.13718271139789e-09,0
1,4,0.001,41,"prot50_male",0,0.102913420898595,1
1,4,0.001,41,"prot50_age",0,1.12361682609565e-12,0
1,4,0.001,41,"prot50_income",0,-0.000807262236154938,0
1,4,0.001,41,"prot50_child",0,-4.45912150399433e-09,0
1,4,0.001,41,"invasive_male",-0.7,-0.198353358187194,1
1,4,0.001,41,"invasive_age",-0.5,-0.0684626221075986,1
1,4,0.001,41,"invasive_income",0,-0.0239241762339615,1
1,4,0.001,41,"invasive_child",0,-0.0158841749611448,1
1,4,0.001,42,"ASC2_male",-0.1,0.0904101562603452,1
1,4,0.001,42,"ASC2_age",1,0.255868802467395,1
1,4,0.001,42,"ASC2_income",0,0.0383866979060361,1
1,4,0.001,42,"ASC2_child",0.4,1.09209770779516e-08,0
1,4,0.001,42,"ASC3_male",-0.7,-0.00561117336224671,1
1,4,0.001,42,"ASC3_age",0,-6.03829087168811e-07,0
1,4,0.001,42,"ASC3_income",0,4.43109213316405e-09,0
1,4,0.001,42,"ASC3_child",0,-1.91952500185719e-09,0
1,4,0.001,42,"prot25_male",0.1,-7.52382689331891e-08,0
1,4,0.001,42,"prot25_age",0.8,0.18101585628903,1
1,4,0.001,42,"prot25_income",0,-0.0333190590592358,1
1,4,0.001,42,"prot25_child",0,-4.97579266259817e-09,0
1,4,0.001,42,"prot50_male",0,0.0890584646171407,1
1,4,0.001,42,"prot50_age",1,0.166260512842102,1
1,4,0.001,42,"prot50_income",0,-1.59177449858022e-09,0
1,4,0.001,42,"prot50_child",0,-7.26018918484983e-10,0
1,4,0.001,42,"invasive_male",-0.9,-0.0274018193720328,1
1,4,0.001,42,"invasive_age",0,0.0079321222437868,1
1,4,0.001,42,"invasive_income",-1,-0.180551546120874,1
1,4,0.001,42,"invasive_child",-1.1,-0.180973644736597,1
1,4,0.001,43,"ASC2_male",0,-0.0774389417206242,1
1,4,0.001,43,"ASC2_age",-0.8,-0.193125354866495,1
1,4,0.001,43,"ASC2_income",0,-1.10509418066018e-08,0
1,4,0.001,43,"ASC2_child",0,0.0655510783082177,1
1,4,0.001,43,"ASC3_male",-1.2,-0.303175330583541,1
1,4,0.001,43,"ASC3_age",0,-0.0460187920894546,1
1,4,0.001,43,"ASC3_income",0,-0.0495590942884317,1
1,4,0.001,43,"ASC3_child",0,-1.16897348424847e-07,0
1,4,0.001,43,"prot25_male",1,0.263702054765315,1
1,4,0.001,43,"prot25_age",0.5,0.168769582021783,1
1,4,0.001,43,"prot25_income",0.9,0.244171095259768,1
1,4,0.001,43,"prot25_child",1,0.305878210278186,1
1,4,0.001,43,"prot50_male",-0.2,-0.14477884132804,1
1,4,0.001,43,"prot50_age",0,-9.81453328537869e-09,0
1,4,0.001,43,"prot50_income",-0.3,-0.0357534187572132,1
1,4,0.001,43,"prot50_child",0.6,0.111514836149366,1
1,4,0.001,43,"invasive_male",0,-0.0232854964793946,1
1,4,0.001,43,"invasive_age",0,-5.53280379802458e-08,0
1,4,0.001,43,"invasive_income",1,0.205992545450056,1
1,4,0.001,43,"invasive_child",0,-2.77007722016221e-08,0
1,4,0.001,44,"ASC2_male",0.9,-4.6114278055495e-09,0
1,4,0.001,44,"ASC2_age",1.2,0.328468085195894,1
1,4,0.001,44,"ASC2_income",0,-3.60633010599502e-07,0
1,4,0.001,44,"ASC2_child",0,-3.56627147695093e-09,0
1,4,0.001,44,"ASC3_male",0.9,0.187448087826057,1
1,4,0.001,44,"ASC3_age",0,4.25502046356946e-08,0
1,4,0.001,44,"ASC3_income",-0.5,-0.0974545434285775,1
1,4,0.001,44,"ASC3_child",-1.1,-0.153117104879965,1
1,4,0.001,44,"prot25_male",-1.1,-0.214109233094111,1
1,4,0.001,44,"prot25_age",0,-1.87721222402302e-09,0
1,4,0.001,44,"prot25_income",0,-0.0869659581655266,1
1,4,0.001,44,"prot25_child",0.9,0.17555794448001,1
1,4,0.001,44,"prot50_male",0,-3.00182074541383e-09,0
1,4,0.001,44,"prot50_age",-1.2,-0.326305986657059,1
1,4,0.001,44,"prot50_income",-0.5,-0.0893827140730739,1
1,4,0.001,44,"prot50_child",0,-3.14966136404189e-09,0
1,4,0.001,44,"invasive_male",-0.8,-0.0909318537780232,1
1,4,0.001,44,"invasive_age",0,0.0187304144252247,1
1,4,0.001,44,"invasive_income",0,-4.50156781463327e-09,0
1,4,0.001,44,"invasive_child",0,0.0360445036889842,1
1,4,0.001,45,"ASC2_male",-0.6,-1.72676801285286e-07,0
1,4,0.001,45,"ASC2_age",0,5.07154044450017e-08,0
1,4,0.001,45,"ASC2_income",0,2.22803195742745e-07,0
1,4,0.001,45,"ASC2_child",0.2,0.027836000894674,1
1,4,0.001,45,"ASC3_male",-0.7,-1.29636461824325e-07,0
1,4,0.001,45,"ASC3_age",0,-9.42544202855465e-09,0
1,4,0.001,45,"ASC3_income",0,5.31338412334358e-08,0
1,4,0.001,45,"ASC3_child",-0.1,1.77798745713595e-09,0
1,4,0.001,45,"prot25_male",0,-3.76095844609267e-09,0
1,4,0.001,45,"prot25_age",-0.8,-0.259222689859098,1
1,4,0.001,45,"prot25_income",0,4.84687086289471e-07,0
1,4,0.001,45,"prot25_child",0.4,0.0327514164038465,1
1,4,0.001,45,"prot50_male",0,3.33672456896458e-07,0
1,4,0.001,45,"prot50_age",1.2,0.196805485027421,1
1,4,0.001,45,"prot50_income",0,-3.31155832563072e-06,0
1,4,0.001,45,"prot50_child",-0.2,1.1067494388692e-07,0
1,4,0.001,45,"invasive_male",-1,-0.0628080780194107,1
1,4,0.001,45,"invasive_age",0,1.76553349973632e-07,0
1,4,0.001,45,"invasive_income",-0.3,-0.0785857739801124,1
1,4,0.001,45,"invasive_child",0,2.76147612866967e-08,0
1,4,0.001,46,"ASC2_male",-0.3,-0.110724311351401,1
1,4,0.001,46,"ASC2_age",0,3.80879865129533e-06,0
1,4,0.001,46,"ASC2_income",-0.4,-0.0843619421300631,1
1,4,0.001,46,"ASC2_child",0,-6.42831928440487e-06,0
1,4,0.001,46,"ASC3_male",0,-0.00442448193681349,1
1,4,0.001,46,"ASC3_age",0,-0.00532489224532267,1
1,4,0.001,46,"ASC3_income",0,-1.01072134206486e-05,0
1,4,0.001,46,"ASC3_child",0,4.86268234818852e-10,0
1,4,0.001,46,"prot25_male",0,-0.121418115541708,1
1,4,0.001,46,"prot25_age",0.9,0.232906113018975,1
1,4,0.001,46,"prot25_income",0.4,0.0778538299375206,1
1,4,0.001,46,"prot25_child",0.5,0.132850682421028,1
1,4,0.001,46,"prot50_male",0.7,0.208457151360671,1
1,4,0.001,46,"prot50_age",0.5,0.131321709302304,1
1,4,0.001,46,"prot50_income",-0.5,-0.180933673246777,1
1,4,0.001,46,"prot50_child",0.7,0.146601866932354,1
1,4,0.001,46,"invasive_male",0,-4.70838548768593e-06,0
1,4,0.001,46,"invasive_age",0,0.115048538361349,1
1,4,0.001,46,"invasive_income",0,5.87581402709189e-07,0
1,4,0.001,46,"invasive_child",0.6,0.34984449498916,1
1,4,0.001,47,"ASC2_male",0,-1.7033931195957e-08,0
1,4,0.001,47,"ASC2_age",0,-3.66658277718794e-06,0
1,4,0.001,47,"ASC2_income",-0.7,-0.139653852919766,1
1,4,0.001,47,"ASC2_child",0.9,0.150134508676529,1
1,4,0.001,47,"ASC3_male",0,-0.0674969242568282,1
1,4,0.001,47,"ASC3_age",1,0.322762071859587,1
1,4,0.001,47,"ASC3_income",0,0.0246192577623301,1
1,4,0.001,47,"ASC3_child",0,-0.119136372675569,1
1,4,0.001,47,"prot25_male",1.2,0.44988271597277,1
1,4,0.001,47,"prot25_age",1,0.216778585852381,1
1,4,0.001,47,"prot25_income",0,-0.0939561464755483,1
1,4,0.001,47,"prot25_child",0.5,0.0251888532967021,1
1,4,0.001,47,"prot50_male",-0.1,-0.134551781200801,1
1,4,0.001,47,"prot50_age",0,-1.49726757618041e-09,0
1,4,0.001,47,"prot50_income",1,0.148464751922319,1
1,4,0.001,47,"prot50_child",0,6.42018459514281e-09,0
1,4,0.001,47,"invasive_male",0,0.0161732444218913,1
1,4,0.001,47,"invasive_age",0,0.016768793928886,1
1,4,0.001,47,"invasive_income",-0.3,-0.0873471216262793,1
1,4,0.001,47,"invasive_child",-0.9,-0.222735276314515,1
1,4,0.001,48,"ASC2_male",0.3,0.105982184683441,1
1,4,0.001,48,"ASC2_age",0,-0.000526175936173163,0
1,4,0.001,48,"ASC2_income",-1.1,-0.237741420011923,1
1,4,0.001,48,"ASC2_child",0,-1.07287185928331e-08,0
1,4,0.001,48,"ASC3_male",0,-6.09686326479957e-09,0
1,4,0.001,48,"ASC3_age",1,0.231292392367665,1
1,4,0.001,48,"ASC3_income",0.7,0.131244440713869,1
1,4,0.001,48,"ASC3_child",0.9,0.078544089563067,1
1,4,0.001,48,"prot25_male",1,0.38556241399537,1
1,4,0.001,48,"prot25_age",0,-1.51588982264963e-08,0
1,4,0.001,48,"prot25_income",0.2,-8.19754092595443e-09,0
1,4,0.001,48,"prot25_child",0,-4.60563398731208e-09,0
1,4,0.001,48,"prot50_male",-0.7,-1.18795431968738e-08,0
1,4,0.001,48,"prot50_age",0,-2.06338104751342e-10,0
1,4,0.001,48,"prot50_income",0,-1.60748586916656e-08,0
1,4,0.001,48,"prot50_child",0.1,0.0508481752989963,1
1,4,0.001,48,"invasive_male",0,-5.83780814331773e-08,0
1,4,0.001,48,"invasive_age",0,-3.12606658477761e-09,0
1,4,0.001,48,"invasive_income",0.6,0.0744180503539269,1
1,4,0.001,48,"invasive_child",0,-2.4998461911165e-08,0
1,4,0.001,49,"ASC2_male",0,-9.19299418248868e-09,0
1,4,0.001,49,"ASC2_age",0.6,0.0316283539505373,1
1,4,0.001,49,"ASC2_income",0,0.0258656343263547,1
1,4,0.001,49,"ASC2_child",0.6,-4.54939591511438e-09,0
1,4,0.001,49,"ASC3_male",0,-7.98261768819349e-09,0
1,4,0.001,49,"ASC3_age",0.5,0.0616425461867932,1
1,4,0.001,49,"ASC3_income",-0.2,0.00522257341920605,1
1,4,0.001,49,"ASC3_child",0,1.30024622306317e-08,0
1,4,0.001,49,"prot25_male",1,0.173037807062498,1
1,4,0.001,49,"prot25_age",0,0.00042421465280058,0
1,4,0.001,49,"prot25_income",0.8,0.156744392524998,1
1,4,0.001,49,"prot25_child",-1,-9.77511204002816e-09,0
1,4,0.001,49,"prot50_male",0,-2.49372821472821e-10,0
1,4,0.001,49,"prot50_age",0.7,0.231221408972101,1
1,4,0.001,49,"prot50_income",0,-1.25855616198537e-08,0
1,4,0.001,49,"prot50_child",-1,-1.09087144012852e-05,0
1,4,0.001,49,"invasive_male",-0.2,-8.29010154866339e-09,0
1,4,0.001,49,"invasive_age",0,-0.0491807560181754,1
1,4,0.001,49,"invasive_income",0,-2.46861412815469e-08,0
1,4,0.001,49,"invasive_child",0,-1.1470127751232e-08,0
1,4,0.001,50,"ASC2_male",0,-3.32315282627714e-09,0
1,4,0.001,50,"ASC2_age",0,-8.17624023016843e-09,0
1,4,0.001,50,"ASC2_income",0.4,0.0577092634129003,1
1,4,0.001,50,"ASC2_child",0.1,-2.28184485130268e-09,0
1,4,0.001,50,"ASC3_male",0,-1.34772836731387e-08,0
1,4,0.001,50,"ASC3_age",0,-6.39633526728829e-09,0
1,4,0.001,50,"ASC3_income",0,-9.81392058662769e-09,0
1,4,0.001,50,"ASC3_child",-0.2,-0.0841996265214995,1
1,4,0.001,50,"prot25_male",-0.4,-7.7055885018348e-09,0
1,4,0.001,50,"prot25_age",1.2,0.212375579200633,1
1,4,0.001,50,"prot25_income",-0.6,-0.0205192236690711,1
1,4,0.001,50,"prot25_child",0,-7.50488904724909e-09,0
1,4,0.001,50,"prot50_male",1,0.271168462456702,1
1,4,0.001,50,"prot50_age",-0.3,-0.0759944578145638,1
1,4,0.001,50,"prot50_income",0,-7.11047191005974e-09,0
1,4,0.001,50,"prot50_child",0,-1.14021836540364e-08,0
1,4,0.001,50,"invasive_male",-1,-0.143708862059497,1
1,4,0.001,50,"invasive_age",0.4,0.0374479561992853,1
1,4,0.001,50,"invasive_income",0,-1.29017649416686e-08,0
1,4,0.001,50,"invasive_child",0,-3.80553220520484e-09,0
1,4,0.001,51,"ASC2_male",1.1,0.0820329326429925,1
1,4,0.001,51,"ASC2_age",0,0.000447617410358849,0
1,4,0.001,51,"ASC2_income",-0.5,1.06811431501386e-08,0
1,4,0.001,51,"ASC2_child",0,-1.78536979444259e-10,0
1,4,0.001,51,"ASC3_male",0,-3.52773203468896e-09,0
1,4,0.001,51,"ASC3_age",-1,-0.256068418239339,1
1,4,0.001,51,"ASC3_income",-0.5,-5.3866387211967e-09,0
1,4,0.001,51,"ASC3_child",0,3.03361353904839e-07,0
1,4,0.001,51,"prot25_male",0,0.0608042046024363,1
1,4,0.001,51,"prot25_age",-0.8,-0.180452911857152,1
1,4,0.001,51,"prot25_income",0.9,0.120104226309066,1
1,4,0.001,51,"prot25_child",0.8,0.00810118057619794,1
1,4,0.001,51,"prot50_male",-1,-0.00029156090026629,0
1,4,0.001,51,"prot50_age",0,4.18977372766583e-08,0
1,4,0.001,51,"prot50_income",0,-1.90947667463553e-09,0
1,4,0.001,51,"prot50_child",0,3.83458381428697e-10,0
1,4,0.001,51,"invasive_male",0.9,0.00333205239420726,1
1,4,0.001,51,"invasive_age",0,0.0089885628078416,1
1,4,0.001,51,"invasive_income",-0.4,-0.0175448838541923,1
1,4,0.001,51,"invasive_child",0,-1.19832362830965e-06,0
1,4,0.001,52,"ASC2_male",0,-0.0309145199192401,1
1,4,0.001,52,"ASC2_age",0.8,0.182712243814871,1
1,4,0.001,52,"ASC2_income",0,7.86099405009832e-07,0
1,4,0.001,52,"ASC2_child",0,-0.149748137755113,1
1,4,0.001,52,"ASC3_male",1.1,0.104983778674062,1
1,4,0.001,52,"ASC3_age",0,-0.0116802709715963,1
1,4,0.001,52,"ASC3_income",0.2,0.0113028048536967,1
1,4,0.001,52,"ASC3_child",0,0.0578981889415091,1
1,4,0.001,52,"prot25_male",-0.9,-0.0984926350560618,1
1,4,0.001,52,"prot25_age",1.1,0.302358087514933,1
1,4,0.001,52,"prot25_income",0,0.0389835748451366,1
1,4,0.001,52,"prot25_child",-1.1,-2.3903503929934e-07,0
1,4,0.001,52,"prot50_male",0,0.137862529746393,1
1,4,0.001,52,"prot50_age",0,-0.0299590717733678,1
1,4,0.001,52,"prot50_income",0.9,0.216362884988291,1
1,4,0.001,52,"prot50_child",-0.2,0.0789612384975764,1
1,4,0.001,52,"invasive_male",0.2,1.8623648544215e-08,0
1,4,0.001,52,"invasive_age",0,-0.00870385882543689,1
1,4,0.001,52,"invasive_income",-0.9,-0.178840398871991,1
1,4,0.001,52,"invasive_child",0,1.63997428351571e-07,0
1,4,0.001,53,"ASC2_male",0,-1.06864693952147e-08,0
1,4,0.001,53,"ASC2_age",0,0.0156046613047985,1
1,4,0.001,53,"ASC2_income",-0.7,-0.0682896210267766,1
1,4,0.001,53,"ASC2_child",0.7,0.122428470780696,1
1,4,0.001,53,"ASC3_male",0,-0.0860885960504496,1
1,4,0.001,53,"ASC3_age",-0.4,-0.0686304780044638,1
1,4,0.001,53,"ASC3_income",0,0.0497336472080563,1
1,4,0.001,53,"ASC3_child",0,2.58981860890139e-08,0
1,4,0.001,53,"prot25_male",-1.1,-0.12634402824275,1
1,4,0.001,53,"prot25_age",-0.4,-0.140452329990815,1
1,4,0.001,53,"prot25_income",0,-0.0830495012929938,1
1,4,0.001,53,"prot25_child",0,0.143036037074082,1
1,4,0.001,53,"prot50_male",0,0.00713106520179111,1
1,4,0.001,53,"prot50_age",0.4,0.0693688956322387,1
1,4,0.001,53,"prot50_income",0,-0.0641786144066741,1
1,4,0.001,53,"prot50_child",0,0.0733443981980342,1
1,4,0.001,53,"invasive_male",-1.1,-0.319031343403631,1
1,4,0.001,53,"invasive_age",0.4,0.177044946510276,1
1,4,0.001,53,"invasive_income",-0.4,-0.0445100976322411,1
1,4,0.001,53,"invasive_child",0.5,0.174453060410102,1
1,4,0.001,54,"ASC2_male",-1,-0.323199835800875,1
1,4,0.001,54,"ASC2_age",0.5,0.110962303828534,1
1,4,0.001,54,"ASC2_income",0,-7.71347972252559e-08,0
1,4,0.001,54,"ASC2_child",0.2,1.37686026861591e-07,0
1,4,0.001,54,"ASC3_male",0.5,0.132422550842368,1
1,4,0.001,54,"ASC3_age",-0.2,-0.0246285584364937,1
1,4,0.001,54,"ASC3_income",0,6.41889435951038e-06,0
1,4,0.001,54,"ASC3_child",0,-1.09412466142604e-08,0
1,4,0.001,54,"prot25_male",0,0.0778035945317178,1
1,4,0.001,54,"prot25_age",0,-0.0428345203523379,1
1,4,0.001,54,"prot25_income",0.3,0.0763347769443025,1
1,4,0.001,54,"prot25_child",0,0.0236851822708831,1
1,4,0.001,54,"prot50_male",0,-1.71912097738453e-10,0
1,4,0.001,54,"prot50_age",0.9,0.163755049456325,1
1,4,0.001,54,"prot50_income",0,-0.00244732897592219,1
1,4,0.001,54,"prot50_child",-0.4,-0.0533562543541465,1
1,4,0.001,54,"invasive_male",0,-0.184870256905386,1
1,4,0.001,54,"invasive_age",0.9,0.27548228669322,1
1,4,0.001,54,"invasive_income",-0.4,-0.116969490283022,1
1,4,0.001,54,"invasive_child",0,1.29597573862479e-07,0
1,4,0.001,55,"ASC2_male",0.9,0.0649383097814725,1
1,4,0.001,55,"ASC2_age",0,-1.71253299857169e-08,0
1,4,0.001,55,"ASC2_income",0,-0.00640179756341615,1
1,4,0.001,55,"ASC2_child",0.9,0.167957475963124,1
1,4,0.001,55,"ASC3_male",0,-0.0482973420827042,1
1,4,0.001,55,"ASC3_age",0,-1.08794683473008e-08,0
1,4,0.001,55,"ASC3_income",0,0.0266881719774374,1
1,4,0.001,55,"ASC3_child",-1,-0.400709903073465,1
1,4,0.001,55,"prot25_male",-0.9,-0.199505406000229,1
1,4,0.001,55,"prot25_age",-0.6,-0.125124778759387,1
1,4,0.001,55,"prot25_income",0,-0.0305462004737552,1
1,4,0.001,55,"prot25_child",-0.3,-7.39900391123747e-09,0
1,4,0.001,55,"prot50_male",-0.9,-0.170236277836563,1
1,4,0.001,55,"prot50_age",0,-0.0149485717966996,1
1,4,0.001,55,"prot50_income",1.1,0.21330246921131,1
1,4,0.001,55,"prot50_child",0,0.101197363433523,1
1,4,0.001,55,"invasive_male",0.8,0.0661724734363326,1
1,4,0.001,55,"invasive_age",-0.8,-0.149118118480934,1
1,4,0.001,55,"invasive_income",0,0.0038722936440277,1
1,4,0.001,55,"invasive_child",0,-1.26255744429293e-09,0
1,4,0.001,56,"ASC2_male",0,-0.0803059137563503,1
1,4,0.001,56,"ASC2_age",1.1,0.297370804991587,1
1,4,0.001,56,"ASC2_income",0,5.12400674941436e-08,0
1,4,0.001,56,"ASC2_child",0,-0.186235391565919,1
1,4,0.001,56,"ASC3_male",0,-1.6142344166765e-08,0
1,4,0.001,56,"ASC3_age",-1,-0.151720556766546,1
1,4,0.001,56,"ASC3_income",0.8,0.159403077504089,1
1,4,0.001,56,"ASC3_child",0,-0.220127746526223,1
1,4,0.001,56,"prot25_male",0,0.0493698536614611,1
1,4,0.001,56,"prot25_age",0.9,0.208076704911294,1
1,4,0.001,56,"prot25_income",0,0.0240671527419032,1
1,4,0.001,56,"prot25_child",0,9.70241011569274e-08,0
1,4,0.001,56,"prot50_male",0.5,0.051225686174439,1
1,4,0.001,56,"prot50_age",0,-1.88275855578601e-06,0
1,4,0.001,56,"prot50_income",-0.8,-0.0520880353700918,1
1,4,0.001,56,"prot50_child",-0.4,-0.0667563486553483,1
1,4,0.001,56,"invasive_male",0,-0.039647351468847,1
1,4,0.001,56,"invasive_age",0.7,0.165787088340847,1
1,4,0.001,56,"invasive_income",1.1,0.241821089041274,1
1,4,0.001,56,"invasive_child",0.3,6.3967532435773e-05,0
1,4,0.001,57,"ASC2_male",0,-4.43860493347315e-09,0
1,4,0.001,57,"ASC2_age",0,-0.0360961323796736,1
1,4,0.001,57,"ASC2_income",1,0.212266495747871,1
1,4,0.001,57,"ASC2_child",1.1,0.0993209036724704,1
1,4,0.001,57,"ASC3_male",0,0.118992588618299,1
1,4,0.001,57,"ASC3_age",0.9,0.160261656633134,1
1,4,0.001,57,"ASC3_income",0,-0.033051525063685,1
1,4,0.001,57,"ASC3_child",0,-0.0993703511301295,1
1,4,0.001,57,"prot25_male",0.1,0.0350996940662476,1
1,4,0.001,57,"prot25_age",0,-7.742535276542e-09,0
1,4,0.001,57,"prot25_income",0,0.0175474512041241,1
1,4,0.001,57,"prot25_child",-0.4,-1.12333039142139e-08,0
1,4,0.001,57,"prot50_male",1,0.258915877747193,1
1,4,0.001,57,"prot50_age",-0.9,-0.211683341749336,1
1,4,0.001,57,"prot50_income",0,-0.00929439118792268,1
1,4,0.001,57,"prot50_child",-0.2,-6.71316231259734e-09,0
1,4,0.001,57,"invasive_male",-0.4,-0.0615385934299301,1
1,4,0.001,57,"invasive_age",1,0.218798846733401,1
1,4,0.001,57,"invasive_income",0,-0.0911325477904195,1
1,4,0.001,57,"invasive_child",0,-4.91158377536683e-09,0
1,4,0.001,58,"ASC2_male",0,0.0994193161995124,1
1,4,0.001,58,"ASC2_age",-0.4,-0.05814254289143,1
1,4,0.001,58,"ASC2_income",1.1,0.216793262899856,1
1,4,0.001,58,"ASC2_child",0.4,0.0264481738035518,1
1,4,0.001,58,"ASC3_male",0,0.0238427776044624,1
1,4,0.001,58,"ASC3_age",-0.6,-0.0984720852588469,1
1,4,0.001,58,"ASC3_income",0,0.00332108419239798,1
1,4,0.001,58,"ASC3_child",0,-4.48109104101013e-05,0
1,4,0.001,58,"prot25_male",0.2,0.18622316096504,1
1,4,0.001,58,"prot25_age",0,-0.0203579941474807,1
1,4,0.001,58,"prot25_income",0,0.00150995444520454,1
1,4,0.001,58,"prot25_child",-0.4,0.0414001419876892,1
1,4,0.001,58,"prot50_male",0.6,0.178923305711018,1
1,4,0.001,58,"prot50_age",0,-0.0290151349883597,1
1,4,0.001,58,"prot50_income",0,0.000555425883801328,0
1,4,0.001,58,"prot50_child",-0.7,-0.152993256758938,1
1,4,0.001,58,"invasive_male",-1,-0.160921672225863,1
1,4,0.001,58,"invasive_age",0.8,0.159959321779844,1
1,4,0.001,58,"invasive_income",0,-0.0112254529140599,1
1,4,0.001,58,"invasive_child",0,0.0337237811906124,1
1,4,0.001,59,"ASC2_male",1.2,0.277810318766244,1
1,4,0.001,59,"ASC2_age",1.1,0.104696872830342,1
1,4,0.001,59,"ASC2_income",0,2.72606497142757e-07,0
1,4,0.001,59,"ASC2_child",0.2,-1.5998333273198e-08,0
1,4,0.001,59,"ASC3_male",0,-2.51652072939949e-07,0
1,4,0.001,59,"ASC3_age",1,0.151929542876873,1
1,4,0.001,59,"ASC3_income",0,0.0460510366437378,1
1,4,0.001,59,"ASC3_child",0,-1.3040362972578e-08,0
1,4,0.001,59,"prot25_male",0.3,-1.11046281631547e-08,0
1,4,0.001,59,"prot25_age",0,-3.23969513122782e-09,0
1,4,0.001,59,"prot25_income",0.4,0.0789793596212961,1
1,4,0.001,59,"prot25_child",0.3,-1.40467389187376e-08,0
1,4,0.001,59,"prot50_male",0,-1.60356185116493e-09,0
1,4,0.001,59,"prot50_age",0,0.029566464969184,1
1,4,0.001,59,"prot50_income",1,0.192019248169205,1
1,4,0.001,59,"prot50_child",0.9,0.165975395163461,1
1,4,0.001,59,"invasive_male",0,-1.06492178307261e-08,0
1,4,0.001,59,"invasive_age",0,-6.07794770355299e-09,0
1,4,0.001,59,"invasive_income",0,-0.0523201210415609,1
1,4,0.001,59,"invasive_child",-0.6,-0.180959124190282,1
1,4,0.001,60,"ASC2_male",-1,-0.277106289332149,1
1,4,0.001,60,"ASC2_age",-0.1,-1.17231468091383e-09,0
1,4,0.001,60,"ASC2_income",0,-5.93666436947372e-09,0
1,4,0.001,60,"ASC2_child",-0.4,-5.51459858351521e-09,0
1,4,0.001,60,"ASC3_male",-1.1,-0.17817423921757,1
1,4,0.001,60,"ASC3_age",0,-0.0158002239612123,1
1,4,0.001,60,"ASC3_income",0,-0.038706888868055,1
1,4,0.001,60,"ASC3_child",1.2,0.344017029774825,1
1,4,0.001,60,"prot25_male",-1.1,-0.170045207188337,1
1,4,0.001,60,"prot25_age",-0.8,-0.0960542044151499,1
1,4,0.001,60,"prot25_income",0,-6.6708806149442e-09,0
1,4,0.001,60,"prot25_child",0,-1.18158545921392e-09,0
1,4,0.001,60,"prot50_male",-0.4,-1.12888529494896e-08,0
1,4,0.001,60,"prot50_age",0,-5.71715875965847e-09,0
1,4,0.001,60,"prot50_income",0,0.0560283643496582,1
1,4,0.001,60,"prot50_child",0,1.25363607554167e-09,0
1,4,0.001,60,"invasive_male",1.1,0.0580314131882618,1
1,4,0.001,60,"invasive_age",0,-0.0202905568447069,1
1,4,0.001,60,"invasive_income",0,0.0230967971664975,1
1,4,0.001,60,"invasive_child",-0.4,-0.0090450889656347,1
1,4,0.001,61,"ASC2_male",-0.6,-0.134681043842947,1
1,4,0.001,61,"ASC2_age",0,-0.0359180348393496,1
1,4,0.001,61,"ASC2_income",0.3,0.0642478414628922,1
1,4,0.001,61,"ASC2_child",0.8,0.0862505976524577,1
1,4,0.001,61,"ASC3_male",0.5,0.108127987566296,1
1,4,0.001,61,"ASC3_age",0,-0.0571776825930953,1
1,4,0.001,61,"ASC3_income",0,-3.69819740221815e-09,0
1,4,0.001,61,"ASC3_child",0,-0.13713196243152,1
1,4,0.001,61,"prot25_male",0,-8.1613457664504e-09,0
1,4,0.001,61,"prot25_age",-0.6,-0.16025717863419,1
1,4,0.001,61,"prot25_income",0,0.015125047203063,1
1,4,0.001,61,"prot25_child",0,0.0422459928719649,1
1,4,0.001,61,"prot50_male",0,-8.20527126442111e-09,0
1,4,0.001,61,"prot50_age",-0.4,-0.103999973819785,1
1,4,0.001,61,"prot50_income",0,0.0187075004200434,1
1,4,0.001,61,"prot50_child",-0.7,-1.67103897922547e-08,0
1,4,0.001,61,"invasive_male",0,-1.18926711512673e-08,0
1,4,0.001,61,"invasive_age",1.1,0.188579866152799,1
1,4,0.001,61,"invasive_income",1,0.187169459727517,1
1,4,0.001,61,"invasive_child",0.5,0.0225721212549132,1
1,4,0.001,62,"ASC2_male",0,-0.0189259813424497,1
1,4,0.001,62,"ASC2_age",-1,-0.218579359334629,1
1,4,0.001,62,"ASC2_income",-0.6,-0.118274937987105,1
1,4,0.001,62,"ASC2_child",0,-1.47500221545861e-10,0
1,4,0.001,62,"ASC3_male",0,-7.17951048595586e-09,0
1,4,0.001,62,"ASC3_age",0,-4.45758727335657e-09,0
1,4,0.001,62,"ASC3_income",0.3,0.0584121185244403,1
1,4,0.001,62,"ASC3_child",-0.1,-1.91668816900877e-09,0
1,4,0.001,62,"prot25_male",0,0.0115979246410916,1
1,4,0.001,62,"prot25_age",-0.9,-0.213626886112383,1
1,4,0.001,62,"prot25_income",0.5,0.107118350590103,1
1,4,0.001,62,"prot25_child",0.5,0.00953252928588338,1
1,4,0.001,62,"prot50_male",-0.8,-0.261139769003356,1
1,4,0.001,62,"prot50_age",0,-0.0132979714273749,1
1,4,0.001,62,"prot50_income",0,-2.00902563614926e-09,0
1,4,0.001,62,"prot50_child",1.2,0.221250313314932,1
1,4,0.001,62,"invasive_male",0.3,0.0245232717267566,1
1,4,0.001,62,"invasive_age",0,-0.0266752646314968,1
1,4,0.001,62,"invasive_income",0,-1.39066835312855e-08,0
1,4,0.001,62,"invasive_child",0,-5.53155164412052e-09,0
1,4,0.001,63,"ASC2_male",0.9,0.128036332904632,1
1,4,0.001,63,"ASC2_age",-0.1,0.0177658752424342,1
1,4,0.001,63,"ASC2_income",0,-0.0136359633539426,1
1,4,0.001,63,"ASC2_child",0.1,-1.62039897825752e-08,0
1,4,0.001,63,"ASC3_male",0.4,9.38617285879444e-07,0
1,4,0.001,63,"ASC3_age",-0.7,-0.10618315920507,1
1,4,0.001,63,"ASC3_income",0,1.90619915791861e-07,0
1,4,0.001,63,"ASC3_child",0,1.17424077643087e-07,0
1,4,0.001,63,"prot25_male",0,0.000397680786523536,0
1,4,0.001,63,"prot25_age",0,-0.0506560204288394,1
1,4,0.001,63,"prot25_income",-0.2,-0.0170168685721216,1
1,4,0.001,63,"prot25_child",0,7.11160672457145e-07,0
1,4,0.001,63,"prot50_male",0,0.119253588852403,1
1,4,0.001,63,"prot50_age",1,0.185204398486292,1
1,4,0.001,63,"prot50_income",0,3.8538211743644e-07,0
1,4,0.001,63,"prot50_child",-0.2,-1.52790229767224e-09,0
1,4,0.001,63,"invasive_male",0,-2.10122858102864e-08,0
1,4,0.001,63,"invasive_age",-0.5,-0.0676122499027106,1
1,4,0.001,63,"invasive_income",0,-9.72419229234944e-09,0
1,4,0.001,63,"invasive_child",-0.6,-1.64940305774842e-07,0
1,4,0.001,64,"ASC2_male",0,-1.79777469176331e-09,0
1,4,0.001,64,"ASC2_age",0,0.044400532061015,1
1,4,0.001,64,"ASC2_income",1.1,0.209551191485202,1
1,4,0.001,64,"ASC2_child",0.5,0.0217209001350621,1
1,4,0.001,64,"ASC3_male",0,-1.03261036775609e-09,0
1,4,0.001,64,"ASC3_age",0,-1.0903360305204e-07,0
1,4,0.001,64,"ASC3_income",1.1,0.259860161303487,1
1,4,0.001,64,"ASC3_child",0,-2.0699110882593e-09,0
1,4,0.001,64,"prot25_male",0,0.0667244323042175,1
1,4,0.001,64,"prot25_age",-1.1,-0.244459785388817,1
1,4,0.001,64,"prot25_income",-0.7,-0.135814875660725,1
1,4,0.001,64,"prot25_child",-0.8,-3.58853853369092e-07,0
1,4,0.001,64,"prot50_male",0,-0.0117707586706392,1
1,4,0.001,64,"prot50_age",0.9,0.20718906377934,1
1,4,0.001,64,"prot50_income",-0.5,-0.0354022197748827,1
1,4,0.001,64,"prot50_child",0,0.20587316076566,1
1,4,0.001,64,"invasive_male",0,0.0416426530804836,1
1,4,0.001,64,"invasive_age",-1.1,-0.243068063118187,1
1,4,0.001,64,"invasive_income",0.3,0.0726284483035975,1
1,4,0.001,64,"invasive_child",0,-0.0371444505012975,1
1,4,0.001,65,"ASC2_male",0,-0.0394446839695368,1
1,4,0.001,65,"ASC2_age",0,-0.0691636213714539,1
1,4,0.001,65,"ASC2_income",-0.7,-0.164249908316739,1
1,4,0.001,65,"ASC2_child",0,0.0282025503049079,1
1,4,0.001,65,"ASC3_male",0,3.28453818016557e-06,0
1,4,0.001,65,"ASC3_age",-0.9,-0.242388067856802,1
1,4,0.001,65,"ASC3_income",0,0.00942395166745472,1
1,4,0.001,65,"ASC3_child",0,0.0914475491150303,1
1,4,0.001,65,"prot25_male",0.1,0.0524226721980862,1
1,4,0.001,65,"prot25_age",-0.8,-0.13168815708345,1
1,4,0.001,65,"prot25_income",0.9,0.225667045587298,1
1,4,0.001,65,"prot25_child",0,6.66373729469519e-07,0
1,4,0.001,65,"prot50_male",0.8,0.0292238114431821,1
1,4,0.001,65,"prot50_age",1.1,0.395049058244531,1
1,4,0.001,65,"prot50_income",-1,-0.346605577256799,1
1,4,0.001,65,"prot50_child",-1.2,-0.400601841117456,1
1,4,0.001,65,"invasive_male",0,-0.0234302854448686,1
1,4,0.001,65,"invasive_age",0,0.0381921442507716,1
1,4,0.001,65,"invasive_income",-1,-0.299043254173296,1
1,4,0.001,65,"invasive_child",0,-7.18209074710795e-09,0
1,4,0.001,66,"ASC2_male",0.9,0.0405797389609614,1
1,4,0.001,66,"ASC2_age",0.9,0.23760012321441,1
1,4,0.001,66,"ASC2_income",0,-8.30297004742758e-09,0
1,4,0.001,66,"ASC2_child",0,-0.0257782900903348,1
1,4,0.001,66,"ASC3_male",-0.6,-0.0805524895719758,1
1,4,0.001,66,"ASC3_age",0,-0.0287816037734547,1
1,4,0.001,66,"ASC3_income",-1.2,-0.293442054464339,1
1,4,0.001,66,"ASC3_child",0,0.0320328511776542,1
1,4,0.001,66,"prot25_male",0,0.0704396130600986,1
1,4,0.001,66,"prot25_age",-0.4,-0.116319423489996,1
1,4,0.001,66,"prot25_income",-0.4,-0.164828731701885,1
1,4,0.001,66,"prot25_child",0,0.0140975392687489,1
1,4,0.001,66,"prot50_male",0,1.03425680231081e-07,0
1,4,0.001,66,"prot50_age",0,-0.00238104688843919,1
1,4,0.001,66,"prot50_income",0.2,1.11718875653925e-05,0
1,4,0.001,66,"prot50_child",-0.7,-0.0206014562096859,1
1,4,0.001,66,"invasive_male",0.5,0.0946162712565621,1
1,4,0.001,66,"invasive_age",0.9,0.249364768738241,1
1,4,0.001,66,"invasive_income",0,-0.0314243239297146,1
1,4,0.001,66,"invasive_child",0,9.82532868733695e-07,0
1,4,0.001,67,"ASC2_male",0,0.00505758397550371,1
1,4,0.001,67,"ASC2_age",-1.1,-0.260241337417842,1
1,4,0.001,67,"ASC2_income",0.6,-1.12875093804966e-08,0
1,4,0.001,67,"ASC2_child",0.3,3.63633696079124e-06,0
1,4,0.001,67,"ASC3_male",0,-3.13989869426461e-08,0
1,4,0.001,67,"ASC3_age",0,-5.13733203274399e-11,0
1,4,0.001,67,"ASC3_income",0.7,0.0061827436209267,1
1,4,0.001,67,"ASC3_child",0,-1.75043680010806e-08,0
1,4,0.001,67,"prot25_male",0.9,0.218057739240174,1
1,4,0.001,67,"prot25_age",0.5,0.0423987562323456,1
1,4,0.001,67,"prot25_income",-0.8,-0.108301841965221,1
1,4,0.001,67,"prot25_child",0,-7.36070159081854e-08,0
1,4,0.001,67,"prot50_male",-0.7,-1.48725477489892e-09,0
1,4,0.001,67,"prot50_age",0,-0.0910835835691733,1
1,4,0.001,67,"prot50_income",-0.2,3.23962356081939e-08,0
1,4,0.001,67,"prot50_child",0,1.39106875512747e-08,0
1,4,0.001,67,"invasive_male",0,-3.78917975408422e-09,0
1,4,0.001,67,"invasive_age",0,-1.97495718074231e-07,0
1,4,0.001,67,"invasive_income",0,2.28184917110803e-06,0
1,4,0.001,67,"invasive_child",0.9,0.0898177556055544,1
1,4,0.001,68,"ASC2_male",0.3,0.0131090334614391,1
1,4,0.001,68,"ASC2_age",0.9,0.271550006566144,1
1,4,0.001,68,"ASC2_income",-1,-0.234084747849505,1
1,4,0.001,68,"ASC2_child",0.1,6.41991586495977e-06,0
1,4,0.001,68,"ASC3_male",0,-0.0344556482070051,1
1,4,0.001,68,"ASC3_age",0.7,0.217619754441504,1
1,4,0.001,68,"ASC3_income",0,-1.85428955539301e-10,0
1,4,0.001,68,"ASC3_child",-0.4,-0.0634791222421173,1
1,4,0.001,68,"prot25_male",0,1.5547846809016e-06,0
1,4,0.001,68,"prot25_age",0,-0.0348258446749431,1
1,4,0.001,68,"prot25_income",0,0.00116681352619916,1
1,4,0.001,68,"prot25_child",-0.6,-0.00203563036506499,1
1,4,0.001,68,"prot50_male",0,0.0617165330134708,1
1,4,0.001,68,"prot50_age",0.1,1.44447885767875e-05,0
1,4,0.001,68,"prot50_income",0,7.87400040056055e-05,0
1,4,0.001,68,"prot50_child",0,0.015422541924329,1
1,4,0.001,68,"invasive_male",0,2.00089188393462e-06,0
1,4,0.001,68,"invasive_age",0,-1.51145606266398e-08,0
1,4,0.001,68,"invasive_income",0.5,0.152293536730214,1
1,4,0.001,68,"invasive_child",0.3,0.0745622368159174,1
1,4,0.001,69,"ASC2_male",0,-0.000551386124848104,0
1,4,0.001,69,"ASC2_age",0,-0.0183351042820453,1
1,4,0.001,69,"ASC2_income",-0.9,-0.140039203670505,1
1,4,0.001,69,"ASC2_child",0,-6.27572360587686e-08,0
1,4,0.001,69,"ASC3_male",0.8,0.0494874398171876,1
1,4,0.001,69,"ASC3_age",0,-4.42239486090157e-09,0
1,4,0.001,69,"ASC3_income",0,0.0993465256552104,1
1,4,0.001,69,"ASC3_child",0,-1.47132339803885e-07,0
1,4,0.001,69,"prot25_male",-0.4,-2.03634942261542e-06,0
1,4,0.001,69,"prot25_age",-0.8,-0.179405198929466,1
1,4,0.001,69,"prot25_income",0,-1.1823884884091e-06,0
1,4,0.001,69,"prot25_child",1.2,0.132880216318408,1
1,4,0.001,69,"prot50_male",0,0.0458281140647934,1
1,4,0.001,69,"prot50_age",-0.7,-0.229162371008443,1
1,4,0.001,69,"prot50_income",0,3.77627926334393e-07,0
1,4,0.001,69,"prot50_child",-0.6,-0.116232441825032,1
1,4,0.001,69,"invasive_male",-1.1,-0.223268090430409,1
1,4,0.001,69,"invasive_age",0.5,0.0673136957768196,1
1,4,0.001,69,"invasive_income",-0.9,-0.158715909437293,1
1,4,0.001,69,"invasive_child",0,-9.65149850523602e-09,0
1,4,0.001,70,"ASC2_male",0,-0.0887687171882908,1
1,4,0.001,70,"ASC2_age",-1,-0.117706141662789,1
1,4,0.001,70,"ASC2_income",1.2,0.319613422582053,1
1,4,0.001,70,"ASC2_child",0.3,0.106444941070112,1
1,4,0.001,70,"ASC3_male",0,-1.12993137068745e-09,0
1,4,0.001,70,"ASC3_age",-0.9,-0.0953394174928877,1
1,4,0.001,70,"ASC3_income",0,0.0133430406677607,1
1,4,0.001,70,"ASC3_child",0,-1.11900169668998e-08,0
1,4,0.001,70,"prot25_male",0,0.103841538492306,1
1,4,0.001,70,"prot25_age",0.2,-1.04677313837559e-08,0
1,4,0.001,70,"prot25_income",0,-1.40126124900523e-08,0
1,4,0.001,70,"prot25_child",-0.7,-0.0884848308139657,1
1,4,0.001,70,"prot50_male",0,0.0559898071144005,1
1,4,0.001,70,"prot50_age",0,-0.0491253767789381,1
1,4,0.001,70,"prot50_income",-0.7,-0.0803286648273114,1
1,4,0.001,70,"prot50_child",0,0.0958398848342744,1
1,4,0.001,70,"invasive_male",-0.3,-0.0197696769393636,1
1,4,0.001,70,"invasive_age",0,0.0398586213796689,1
1,4,0.001,70,"invasive_income",-0.7,-0.141844922139168,1
1,4,0.001,70,"invasive_child",-0.6,-0.133177128814969,1
1,4,0.001,71,"ASC2_male",-1.1,-0.211420666991077,1
1,4,0.001,71,"ASC2_age",0,-0.0381921089131659,1
1,4,0.001,71,"ASC2_income",0,-2.97603921913271e-12,0
1,4,0.001,71,"ASC2_child",-0.4,-0.194997616599185,1
1,4,0.001,71,"ASC3_male",0,-0.00617504412712491,1
1,4,0.001,71,"ASC3_age",0,0.00371967521513848,1
1,4,0.001,71,"ASC3_income",-0.5,-0.0765248605827758,1
1,4,0.001,71,"ASC3_child",-0.6,-0.146556975911166,1
1,4,0.001,71,"prot25_male",0,-7.94886698606806e-08,0
1,4,0.001,71,"prot25_age",0,0.0269090385543682,1
1,4,0.001,71,"prot25_income",0,-1.45518560581637e-06,0
1,4,0.001,71,"prot25_child",0.2,2.50645659191009e-07,0
1,4,0.001,71,"prot50_male",-0.5,-0.166955367290826,1
1,4,0.001,71,"prot50_age",0.2,-7.58775142370774e-08,0
1,4,0.001,71,"prot50_income",-1.1,-0.307537746110574,1
1,4,0.001,71,"prot50_child",0,0.0403293154358313,1
1,4,0.001,71,"invasive_male",0.9,0.1241759144169,1
1,4,0.001,71,"invasive_age",1.2,0.2484144911268,1
1,4,0.001,71,"invasive_income",0,0.0362041289227955,1
1,4,0.001,71,"invasive_child",0,0.00882818892930325,1
1,4,0.001,72,"ASC2_male",0,-9.08391935344969e-09,0
1,4,0.001,72,"ASC2_age",0,-0.123857867997976,1
1,4,0.001,72,"ASC2_income",0.2,0.0498921380228726,1
1,4,0.001,72,"ASC2_child",0.1,0.0275861986719854,1
1,4,0.001,72,"ASC3_male",0,0.0100024315492372,1
1,4,0.001,72,"ASC3_age",0.7,4.52710413720899e-05,0
1,4,0.001,72,"ASC3_income",0,-0.0108583749115997,1
1,4,0.001,72,"ASC3_child",0,-0.00337618052897699,1
1,4,0.001,72,"prot25_male",-0.2,1.67636957955682e-05,0
1,4,0.001,72,"prot25_age",-1.1,-0.175683154050259,1
1,4,0.001,72,"prot25_income",0,-4.35736135254044e-06,0
1,4,0.001,72,"prot25_child",0,-4.71496018392361e-08,0
1,4,0.001,72,"prot50_male",0.5,0.00112333814915863,1
1,4,0.001,72,"prot50_age",0,0.102169032907714,1
1,4,0.001,72,"prot50_income",0,0.00774243509005679,1
1,4,0.001,72,"prot50_child",0.1,0.0616390141548243,1
1,4,0.001,72,"invasive_male",0,1.58149758362725e-06,0
1,4,0.001,72,"invasive_age",0.3,-4.83301850398399e-10,0
1,4,0.001,72,"invasive_income",0.4,0.0615537727595814,1
1,4,0.001,72,"invasive_child",-0.4,-0.0851937412761919,1
1,4,0.001,73,"ASC2_male",0,-2.67145425513352e-08,0
1,4,0.001,73,"ASC2_age",0,0.0667902718793899,1
1,4,0.001,73,"ASC2_income",0,0.00454317218541954,1
1,4,0.001,73,"ASC2_child",0.9,0.0520147454878056,1
1,4,0.001,73,"ASC3_male",0,0.000449243697530898,0
1,4,0.001,73,"ASC3_age",-0.7,-0.098634062505943,1
1,4,0.001,73,"ASC3_income",0,-2.56956659359808e-09,0
1,4,0.001,73,"ASC3_child",0,-1.02983716867464e-08,0
1,4,0.001,73,"prot25_male",-0.5,-3.5321086852489e-08,0
1,4,0.001,73,"prot25_age",1,0.182232238693053,1
1,4,0.001,73,"prot25_income",0,-1.15379090859625e-09,0
1,4,0.001,73,"prot25_child",0,-7.69315624615607e-09,0
1,4,0.001,73,"prot50_male",0.6,0.0541135979819713,1
1,4,0.001,73,"prot50_age",0.8,0.173940173250298,1
1,4,0.001,73,"prot50_income",1.2,0.299250608529377,1
1,4,0.001,73,"prot50_child",0.9,0.173413937390627,1
1,4,0.001,73,"invasive_male",0,-1.68871075018602e-09,0
1,4,0.001,73,"invasive_age",-1.2,-0.243489182292887,1
1,4,0.001,73,"invasive_income",0,-0.00562308185035374,1
1,4,0.001,73,"invasive_child",1.1,6.83239513489855e-09,0
1,4,0.001,74,"ASC2_male",0,-0.167800968824529,1
1,4,0.001,74,"ASC2_age",0,-0.0241083447178363,1
1,4,0.001,74,"ASC2_income",-0.5,-0.150986082017305,1
1,4,0.001,74,"ASC2_child",0,-0.120498266083458,1
1,4,0.001,74,"ASC3_male",0.2,-0.0436775966813863,1
1,4,0.001,74,"ASC3_age",0,0.0594390857383166,1
1,4,0.001,74,"ASC3_income",1,0.230309327294633,1
1,4,0.001,74,"ASC3_child",-0.8,-0.256718189771193,1
1,4,0.001,74,"prot25_male",-1.1,-0.211021132964212,1
1,4,0.001,74,"prot25_age",-0.7,-0.341243275683773,1
1,4,0.001,74,"prot25_income",0.8,0.223998573738962,1
1,4,0.001,74,"prot25_child",0,0.0973948364561748,1
1,4,0.001,74,"prot50_male",0.5,0.0788790262331448,1
1,4,0.001,74,"prot50_age",0,-0.0623971734313486,1
1,4,0.001,74,"prot50_income",-0.2,-0.0640061884726226,1
1,4,0.001,74,"prot50_child",0,-0.0107809773698973,1
1,4,0.001,74,"invasive_male",0,-0.230445966500672,1
1,4,0.001,74,"invasive_age",0,-0.0678213059232546,1
1,4,0.001,74,"invasive_income",0,-0.0703831537373383,1
1,4,0.001,74,"invasive_child",1.1,0.134386717900777,1
1,4,0.001,75,"ASC2_male",0,-0.0910509409528424,1
1,4,0.001,75,"ASC2_age",0,-0.0296541783834722,1
1,4,0.001,75,"ASC2_income",-0.1,-2.55159202218759e-07,0
1,4,0.001,75,"ASC2_child",0,-0.164136355399123,1
1,4,0.001,75,"ASC3_male",0,-0.0416553232350676,1
1,4,0.001,75,"ASC3_age",-0.8,-0.236698853162724,1
1,4,0.001,75,"ASC3_income",0,0.0282658789542747,1
1,4,0.001,75,"ASC3_child",0.3,8.28816870931404e-06,0
1,4,0.001,75,"prot25_male",0,0.177153998498954,1
1,4,0.001,75,"prot25_age",0,0.0418202344711425,1
1,4,0.001,75,"prot25_income",-0.5,-0.195896719801924,1
1,4,0.001,75,"prot25_child",0.6,0.282699292371376,1
1,4,0.001,75,"prot50_male",0,0.114691054593054,1
1,4,0.001,75,"prot50_age",0,0.075076587075584,1
1,4,0.001,75,"prot50_income",-0.5,-0.180367880322773,1
1,4,0.001,75,"prot50_child",0,0.206812329930067,1
1,4,0.001,75,"invasive_male",-0.9,-0.189409203928224,1
1,4,0.001,75,"invasive_age",-0.1,0.00164372013017448,1
1,4,0.001,75,"invasive_income",1.1,0.258928891734173,1
1,4,0.001,75,"invasive_child",0.1,0.0450655383263777,1
1,4,0.001,76,"ASC2_male",0,-0.00739646141382079,1
1,4,0.001,76,"ASC2_age",-0.8,-0.12486935858676,1
1,4,0.001,76,"ASC2_income",-0.8,-0.107736899647541,1
1,4,0.001,76,"ASC2_child",0,-1.92544307208396e-09,0
1,4,0.001,76,"ASC3_male",1,0.145509160916814,1
1,4,0.001,76,"ASC3_age",0.2,0.111026657089231,1
1,4,0.001,76,"ASC3_income",0.7,0.252891534415013,1
1,4,0.001,76,"ASC3_child",0,-1.33651184898601e-07,0
1,4,0.001,76,"prot25_male",1,0.428469282921755,1
1,4,0.001,76,"prot25_age",-0.4,-0.0840766814961399,1
1,4,0.001,76,"prot25_income",0,-3.99122926222841e-09,0
1,4,0.001,76,"prot25_child",0,-0.0327161412005665,1
1,4,0.001,76,"prot50_male",-1.1,-0.147645068524697,1
1,4,0.001,76,"prot50_age",0,0.0153196375253456,1
1,4,0.001,76,"prot50_income",0,0.042911681288822,1
1,4,0.001,76,"prot50_child",0,0.0103614367607375,1
1,4,0.001,76,"invasive_male",0.5,0.286072543864822,1
1,4,0.001,76,"invasive_age",0,0.0325882887801045,1
1,4,0.001,76,"invasive_income",0,-0.00449312777592537,1
1,4,0.001,76,"invasive_child",-1.2,-0.438288057139454,1
1,4,0.001,77,"ASC2_male",0.4,0.114028979473159,1
1,4,0.001,77,"ASC2_age",0,0.0279437024113431,1
1,4,0.001,77,"ASC2_income",0,0.0278124293317667,1
1,4,0.001,77,"ASC2_child",-1.1,-0.258022353365979,1
1,4,0.001,77,"ASC3_male",0,-0.0180380052939607,1
1,4,0.001,77,"ASC3_age",0,0.0124655527305094,1
1,4,0.001,77,"ASC3_income",-1.1,-0.257484032000604,1
1,4,0.001,77,"ASC3_child",0.7,0.216906834150314,1
1,4,0.001,77,"prot25_male",-0.1,3.35752160953819e-07,0
1,4,0.001,77,"prot25_age",0,4.37857397811573e-06,0
1,4,0.001,77,"prot25_income",0.8,0.143422022462084,1
1,4,0.001,77,"prot25_child",-0.7,-0.0999235378423832,1
1,4,0.001,77,"prot50_male",0,1.85015186740298e-09,0
1,4,0.001,77,"prot50_age",0.4,0.034485486092874,1
1,4,0.001,77,"prot50_income",0.8,0.196632173286992,1
1,4,0.001,77,"prot50_child",0,-2.2489678352464e-09,0
1,4,0.001,77,"invasive_male",0,-4.25260018691247e-08,0
1,4,0.001,77,"invasive_age",0,-0.000511352580664755,0
1,4,0.001,77,"invasive_income",0,0.0242241539187009,1
1,4,0.001,77,"invasive_child",0.9,0.00530291830572801,1
1,4,0.001,78,"ASC2_male",-0.6,-0.0379049261802818,1
1,4,0.001,78,"ASC2_age",0,0.0179449827164462,1
1,4,0.001,78,"ASC2_income",0,-0.00200439662193994,1
1,4,0.001,78,"ASC2_child",0,-0.113616100859832,1
1,4,0.001,78,"ASC3_male",-1.2,-0.176650604050838,1
1,4,0.001,78,"ASC3_age",-0.7,-0.197832583456044,1
1,4,0.001,78,"ASC3_income",0,0.0128058821132259,1
1,4,0.001,78,"ASC3_child",0.8,0.150776057212998,1
1,4,0.001,78,"prot25_male",0.4,-2.8274961383443e-08,0
1,4,0.001,78,"prot25_age",0,0.0577846499471858,1
1,4,0.001,78,"prot25_income",0,-0.0285103733282696,1
1,4,0.001,78,"prot25_child",-1.2,-0.19610867786275,1
1,4,0.001,78,"prot50_male",0,-0.148778384190553,1
1,4,0.001,78,"prot50_age",0.5,0.164626313577402,1
1,4,0.001,78,"prot50_income",0.1,3.164563615123e-09,0
1,4,0.001,78,"prot50_child",0.2,0.146692001183787,1
1,4,0.001,78,"invasive_male",0,-1.9867816704211e-09,0
1,4,0.001,78,"invasive_age",0,-0.0693419058530802,1
1,4,0.001,78,"invasive_income",0,0.0401953512316524,1
1,4,0.001,78,"invasive_child",0.9,0.141614922230034,1
1,4,0.001,79,"ASC2_male",0,-4.92399443431087e-09,0
1,4,0.001,79,"ASC2_age",0,-9.98588773012574e-09,0
1,4,0.001,79,"ASC2_income",0.2,0.0711971061768277,1
1,4,0.001,79,"ASC2_child",0,-1.20503380251279e-08,0
1,4,0.001,79,"ASC3_male",0,-7.81060097570035e-09,0
1,4,0.001,79,"ASC3_age",-0.6,-0.155848519981311,1
1,4,0.001,79,"ASC3_income",-1,-0.183390992065552,1
1,4,0.001,79,"ASC3_child",0.7,0.0358754234867775,1
1,4,0.001,79,"prot25_male",0,0.0377379829470022,1
1,4,0.001,79,"prot25_age",-1,-0.175288240795441,1
1,4,0.001,79,"prot25_income",0,-1.40801938486604e-08,0
1,4,0.001,79,"prot25_child",0,-3.78913252387206e-09,0
1,4,0.001,79,"prot50_male",-1.1,-0.117049055648034,1
1,4,0.001,79,"prot50_age",-1.1,-0.274594351572107,1
1,4,0.001,79,"prot50_income",0.9,0.196885229253303,1
1,4,0.001,79,"prot50_child",0.4,-7.41275021527558e-09,0
1,4,0.001,79,"invasive_male",-0.4,-5.51401787545891e-08,0
1,4,0.001,79,"invasive_age",0,0.0156050386502235,1
1,4,0.001,79,"invasive_income",0,6.28504111379169e-09,0
1,4,0.001,79,"invasive_child",0,-1.12779678239933e-08,0
1,4,0.001,80,"ASC2_male",-0.3,-0.10127314630033,1
1,4,0.001,80,"ASC2_age",0,0.0691625117581642,1
1,4,0.001,80,"ASC2_income",0.9,0.111246508905257,1
1,4,0.001,80,"ASC2_child",-1,-0.0553150285148634,1
1,4,0.001,80,"ASC3_male",0,-7.55200766376451e-08,0
1,4,0.001,80,"ASC3_age",-0.6,-0.126431832343906,1
1,4,0.001,80,"ASC3_income",0,-0.0900925936300775,1
1,4,0.001,80,"ASC3_child",0,-0.0325689709415629,1
1,4,0.001,80,"prot25_male",0,-1.4192266164879e-09,0
1,4,0.001,80,"prot25_age",0.8,0.0759475943764568,1
1,4,0.001,80,"prot25_income",0.1,0.0955441657397719,1
1,4,0.001,80,"prot25_child",0,-0.102905697607797,1
1,4,0.001,80,"prot50_male",0,-0.00187086917060449,1
1,4,0.001,80,"prot50_age",0,-1.45959751963515e-08,0
1,4,0.001,80,"prot50_income",0.7,0.21256704024746,1
1,4,0.001,80,"prot50_child",0,2.22425799633893e-08,0
1,4,0.001,80,"invasive_male",0,-2.61551931140535e-07,0
1,4,0.001,80,"invasive_age",-0.8,-0.186592981257158,1
1,4,0.001,80,"invasive_income",-0.7,-0.224294366614226,1
1,4,0.001,80,"invasive_child",0.7,0.0746203341021324,1
1,4,0.001,81,"ASC2_male",0,0.0417648865731814,1
1,4,0.001,81,"ASC2_age",-1.1,-0.208327714848821,1
1,4,0.001,81,"ASC2_income",0.1,4.84594473565721e-06,0
1,4,0.001,81,"ASC2_child",0.8,0.200904443967834,1
1,4,0.001,81,"ASC3_male",0,-1.08478786682971e-06,0
1,4,0.001,81,"ASC3_age",0,0.0109316704251642,1
1,4,0.001,81,"ASC3_income",-0.8,-0.165256673344132,1
1,4,0.001,81,"ASC3_child",0,-4.85319731206123e-09,0
1,4,0.001,81,"prot25_male",0,3.62138086509734e-07,0
1,4,0.001,81,"prot25_age",-0.3,-0.0839109152612425,1
1,4,0.001,81,"prot25_income",0.1,0.0320052936129535,1
1,4,0.001,81,"prot25_child",0.2,-1.30667940391561e-08,0
1,4,0.001,81,"prot50_male",0,1.02197692308362e-07,0
1,4,0.001,81,"prot50_age",0.4,0.109482859004104,1
1,4,0.001,81,"prot50_income",-0.3,-0.0492870670857354,1
1,4,0.001,81,"prot50_child",0,-7.87603308637688e-09,0
1,4,0.001,81,"invasive_male",0,-0.00665661456291815,1
1,4,0.001,81,"invasive_age",0,0.0338926064018392,1
1,4,0.001,81,"invasive_income",-0.5,-0.0174359995362443,1
1,4,0.001,81,"invasive_child",0,5.56871967271972e-08,0
1,4,0.001,82,"ASC2_male",0.9,0.132548954933711,1
1,4,0.001,82,"ASC2_age",-0.6,-1.31467181777446e-08,0
1,4,0.001,82,"ASC2_income",1.1,0.191264228698146,1
1,4,0.001,82,"ASC2_child",-0.9,-5.40259506316566e-07,0
1,4,0.001,82,"ASC3_male",0,-8.98967182499486e-09,0
1,4,0.001,82,"ASC3_age",0,0.0550985226109858,1
1,4,0.001,82,"ASC3_income",0,-0.0375504121152117,1
1,4,0.001,82,"ASC3_child",0.3,0.11789024354832,1
1,4,0.001,82,"prot25_male",0,0.105080208876271,1
1,4,0.001,82,"prot25_age",0,-1.84082059660848e-07,0
1,4,0.001,82,"prot25_income",0,5.11618467608744e-08,0
1,4,0.001,82,"prot25_child",1.1,0.10576159494105,1
1,4,0.001,82,"prot50_male",-0.4,2.7343636237569e-07,0
1,4,0.001,82,"prot50_age",0,-1.26441006290665e-08,0
1,4,0.001,82,"prot50_income",-0.5,-0.080582919653826,1
1,4,0.001,82,"prot50_child",0,-1.15449964025306e-08,0
1,4,0.001,82,"invasive_male",0,-0.0174727127341244,1
1,4,0.001,82,"invasive_age",-1.1,-0.1790913364186,1
1,4,0.001,82,"invasive_income",0,-1.43731497388149e-06,0
1,4,0.001,82,"invasive_child",0.4,-1.37517535832629e-08,0
1,4,0.001,83,"ASC2_male",0.9,0.014804125471625,1
1,4,0.001,83,"ASC2_age",0,0.000773076125253954,0
1,4,0.001,83,"ASC2_income",-0.9,-0.281492806354066,1
1,4,0.001,83,"ASC2_child",-0.8,-0.199113010303322,1
1,4,0.001,83,"ASC3_male",0.9,0.0119934761062168,1
1,4,0.001,83,"ASC3_age",0,8.00550150556566e-09,0
1,4,0.001,83,"ASC3_income",0,-1.36090796038814e-08,0
1,4,0.001,83,"ASC3_child",0,-1.41435014166755e-09,0
1,4,0.001,83,"prot25_male",1,0.330339227790199,1
1,4,0.001,83,"prot25_age",1.2,0.323528374469743,1
1,4,0.001,83,"prot25_income",-0.2,-0.0627362170829296,1
1,4,0.001,83,"prot25_child",0,0.177665448892613,1
1,4,0.001,83,"prot50_male",0,-2.8031137198328e-10,0
1,4,0.001,83,"prot50_age",0,1.91592725274053e-05,0
1,4,0.001,83,"prot50_income",-0.2,0.0285294018747175,1
1,4,0.001,83,"prot50_child",0,-3.47469917840835e-08,0
1,4,0.001,83,"invasive_male",0,-0.122182688271741,1
1,4,0.001,83,"invasive_age",-0.8,-0.180144436284945,1
1,4,0.001,83,"invasive_income",-0.9,-0.195072321797194,1
1,4,0.001,83,"invasive_child",0,3.61695538895892e-09,0
1,4,0.001,84,"ASC2_male",0,1.81069186059993e-09,0
1,4,0.001,84,"ASC2_age",0,0.0122858512133469,1
1,4,0.001,84,"ASC2_income",0.4,0.0132276039287788,1
1,4,0.001,84,"ASC2_child",-0.9,-0.0617553765318806,1
1,4,0.001,84,"ASC3_male",-0.2,0.0277747556366029,1
1,4,0.001,84,"ASC3_age",0.6,0.193523363029435,1
1,4,0.001,84,"ASC3_income",0.4,3.55311988452124e-06,0
1,4,0.001,84,"ASC3_child",-0.6,-0.0725233602958756,1
1,4,0.001,84,"prot25_male",0,0.100117687644804,1
1,4,0.001,84,"prot25_age",0,1.00683794008352e-07,0
1,4,0.001,84,"prot25_income",0.2,8.21779136883163e-10,0
1,4,0.001,84,"prot25_child",-0.7,-0.0111904516084272,1
1,4,0.001,84,"prot50_male",0,2.59436401829115e-07,0
1,4,0.001,84,"prot50_age",0,0.0549616776092127,1
1,4,0.001,84,"prot50_income",0,0.0503051966472241,1
1,4,0.001,84,"prot50_child",-0.9,-0.0613695440868176,1
1,4,0.001,84,"invasive_male",-1.1,-0.206747330124152,1
1,4,0.001,84,"invasive_age",0,-6.26454684567616e-05,0
1,4,0.001,84,"invasive_income",0,-1.0270179858538e-08,0
1,4,0.001,84,"invasive_child",0,0.0200469227893726,1
1,4,0.001,85,"ASC2_male",0.9,0.125613942562266,1
1,4,0.001,85,"ASC2_age",0,2.5962433805757e-08,0
1,4,0.001,85,"ASC2_income",0.4,-7.76111000242828e-08,0
1,4,0.001,85,"ASC2_child",0,-0.0645732705311576,1
1,4,0.001,85,"ASC3_male",0,-0.0911293950237329,1
1,4,0.001,85,"ASC3_age",0.5,0.072274438114558,1
1,4,0.001,85,"ASC3_income",0.9,0.136693939752896,1
1,4,0.001,85,"ASC3_child",0.4,-7.79156680849232e-11,0
1,4,0.001,85,"prot25_male",0,-0.086167104182963,1
1,4,0.001,85,"prot25_age",-0.3,-0.0479337488650744,1
1,4,0.001,85,"prot25_income",0.7,0.217164324308415,1
1,4,0.001,85,"prot25_child",0,-5.7379138922848e-08,0
1,4,0.001,85,"prot50_male",0,-5.98314898537434e-09,0
1,4,0.001,85,"prot50_age",-0.8,-0.208003974577068,1
1,4,0.001,85,"prot50_income",-0.7,-0.206921946918127,1
1,4,0.001,85,"prot50_child",0,0.0756254830543722,1
1,4,0.001,85,"invasive_male",0,-0.0113076321104201,1
1,4,0.001,85,"invasive_age",0,-0.102457928000213,1
1,4,0.001,85,"invasive_income",0,-0.122981227199775,1
1,4,0.001,85,"invasive_child",0.6,-0.151546573729129,1
1,4,0.001,86,"ASC2_male",0,-1.06268339199976e-08,0
1,4,0.001,86,"ASC2_age",-0.6,-0.0885062871781277,1
1,4,0.001,86,"ASC2_income",0.7,0.0319783741699925,1
1,4,0.001,86,"ASC2_child",0,0.0202353083111628,1
1,4,0.001,86,"ASC3_male",0,3.74869147809583e-09,0
1,4,0.001,86,"ASC3_age",0,3.62266450604633e-08,0
1,4,0.001,86,"ASC3_income",1.2,0.206373815265912,1
1,4,0.001,86,"ASC3_child",0,-9.42793066664428e-08,0
1,4,0.001,86,"prot25_male",-0.7,-3.44635883444242e-07,0
1,4,0.001,86,"prot25_age",-1,-0.232952721928688,1
1,4,0.001,86,"prot25_income",0,0.020395844780032,1
1,4,0.001,86,"prot25_child",0.9,0.0918447514270248,1
1,4,0.001,86,"prot50_male",1,0.328197572157875,1
1,4,0.001,86,"prot50_age",0,2.49464078854657e-08,0
1,4,0.001,86,"prot50_income",0,0.0236037507475662,1
1,4,0.001,86,"prot50_child",-1,-0.0827743506437324,1
1,4,0.001,86,"invasive_male",0,5.74957814214435e-08,0
1,4,0.001,86,"invasive_age",1,0.290083737827062,1
1,4,0.001,86,"invasive_income",0,-1.03232376054244e-08,0
1,4,0.001,86,"invasive_child",0.3,-4.26260131890057e-09,0
1,4,0.001,87,"ASC2_male",-0.3,-0.102640481815132,1
1,4,0.001,87,"ASC2_age",0.1,0.028813518547606,1
1,4,0.001,87,"ASC2_income",-0.2,-0.00723270801282735,1
1,4,0.001,87,"ASC2_child",0,-0.157529966783772,1
1,4,0.001,87,"ASC3_male",0,-6.46675162279692e-06,0
1,4,0.001,87,"ASC3_age",0,-4.02822363329848e-05,0
1,4,0.001,87,"ASC3_income",0.3,0.10395058318767,1
1,4,0.001,87,"ASC3_child",0.7,0.0176452173274584,1
1,4,0.001,87,"prot25_male",0,1.68909897186024e-06,0
1,4,0.001,87,"prot25_age",0,1.65727939338508e-06,0
1,4,0.001,87,"prot25_income",0.5,0.0893945055773238,1
1,4,0.001,87,"prot25_child",0,0.0707762548366684,1
1,4,0.001,87,"prot50_male",0,-0.0203599182013296,1
1,4,0.001,87,"prot50_age",1,0.26841844842489,1
1,4,0.001,87,"prot50_income",1.1,0.236108709007282,1
1,4,0.001,87,"prot50_child",-0.7,-1.48729726419773e-06,0
1,4,0.001,87,"invasive_male",0,4.91145583933698e-08,0
1,4,0.001,87,"invasive_age",-1.1,-0.208129170855092,1
1,4,0.001,87,"invasive_income",0,-0.00753756170811631,1
1,4,0.001,87,"invasive_child",0,-8.03359232930626e-07,0
1,4,0.001,88,"ASC2_male",0,-2.30518651234701e-08,0
1,4,0.001,88,"ASC2_age",0.5,0.0355548521285487,1
1,4,0.001,88,"ASC2_income",-1,-0.1891131491681,1
1,4,0.001,88,"ASC2_child",0,-0.0440009005326805,1
1,4,0.001,88,"ASC3_male",0,-4.57947919499998e-09,0
1,4,0.001,88,"ASC3_age",0,-0.059834797573266,1
1,4,0.001,88,"ASC3_income",-0.6,-0.135693204077655,1
1,4,0.001,88,"ASC3_child",1.1,0.148685118160418,1
1,4,0.001,88,"prot25_male",0.8,0.21837861203203,1
1,4,0.001,88,"prot25_age",0.3,0.108669859109225,1
1,4,0.001,88,"prot25_income",-0.5,-0.0898988519563738,1
1,4,0.001,88,"prot25_child",-1,-0.148867539552718,1
1,4,0.001,88,"prot50_male",-0.2,-0.0176683676690736,1
1,4,0.001,88,"prot50_age",0,0.0295189620420121,1
1,4,0.001,88,"prot50_income",-0.3,-0.0663421616823426,1
1,4,0.001,88,"prot50_child",0,0.0387010468941323,1
1,4,0.001,88,"invasive_male",0,-3.05280329898435e-08,0
1,4,0.001,88,"invasive_age",0,-0.0151260012080421,1
1,4,0.001,88,"invasive_income",0,0.0431054708182693,1
1,4,0.001,88,"invasive_child",0,-3.57210406089339e-09,0
1,4,0.001,89,"ASC2_male",0,-5.52966763181718e-10,0
1,4,0.001,89,"ASC2_age",0.3,0.0192978536496983,1
1,4,0.001,89,"ASC2_income",0,-0.010826617625758,1
1,4,0.001,89,"ASC2_child",0,-0.0600083649384471,1
1,4,0.001,89,"ASC3_male",0,0.0907268556605411,1
1,4,0.001,89,"ASC3_age",0.8,0.151005551440606,1
1,4,0.001,89,"ASC3_income",0,-1.29214562249903e-07,0
1,4,0.001,89,"ASC3_child",1,0.0832328749736397,1
1,4,0.001,89,"prot25_male",0.7,0.151313202097326,1
1,4,0.001,89,"prot25_age",0,2.00092518435814e-09,0
1,4,0.001,89,"prot25_income",0,-0.0131771214490259,1
1,4,0.001,89,"prot25_child",-0.2,-0.055844722710281,1
1,4,0.001,89,"prot50_male",-0.6,-7.47466707817439e-08,0
1,4,0.001,89,"prot50_age",0.2,0.0870795371555427,1
1,4,0.001,89,"prot50_income",0.1,-0.0254973323228413,1
1,4,0.001,89,"prot50_child",0,-1.07053681845399e-09,0
1,4,0.001,89,"invasive_male",0,-1.42337492709526e-08,0
1,4,0.001,89,"invasive_age",0,-0.020744095539007,1
1,4,0.001,89,"invasive_income",0.7,0.112899139457349,1
1,4,0.001,89,"invasive_child",0.6,0.160108538765912,1
1,4,0.001,90,"ASC2_male",0,-0.151099688712127,1
1,4,0.001,90,"ASC2_age",0.5,0.100570260926774,1
1,4,0.001,90,"ASC2_income",0.8,0.200416767243721,1
1,4,0.001,90,"ASC2_child",0.3,6.81140580160882e-07,0
1,4,0.001,90,"ASC3_male",0,-5.12875617930263e-09,0
1,4,0.001,90,"ASC3_age",0.3,0.0174187534565328,1
1,4,0.001,90,"ASC3_income",-1.1,-0.282997833516735,1
1,4,0.001,90,"ASC3_child",0,-0.107985948806278,1
1,4,0.001,90,"prot25_male",0,0.0408230639667456,1
1,4,0.001,90,"prot25_age",1.2,0.283714697715214,1
1,4,0.001,90,"prot25_income",0.4,0.104470829225188,1
1,4,0.001,90,"prot25_child",0,1.46187843237183e-06,0
1,4,0.001,90,"prot50_male",-0.8,-0.153275132948306,1
1,4,0.001,90,"prot50_age",0.4,0.0658092256603852,1
1,4,0.001,90,"prot50_income",-0.1,0.0288233968627668,1
1,4,0.001,90,"prot50_child",0,0.0592466360721578,1
1,4,0.001,90,"invasive_male",0,-0.0179735745526212,1
1,4,0.001,90,"invasive_age",0,-0.0211353866277969,1
1,4,0.001,90,"invasive_income",0,-1.21183047813896e-08,0
1,4,0.001,90,"invasive_child",0,0.0161760743692579,1
1,4,0.001,91,"ASC2_male",0,4.31500726504471e-08,0
1,4,0.001,91,"ASC2_age",-0.4,-0.0579041072854489,1
1,4,0.001,91,"ASC2_income",0.3,0.118609382327308,1
1,4,0.001,91,"ASC2_child",-0.2,0.031393108583911,1
1,4,0.001,91,"ASC3_male",0,-2.44127097588828e-08,0
1,4,0.001,91,"ASC3_age",0.2,0.068356545561155,1
1,4,0.001,91,"ASC3_income",-0.3,-0.012164188759691,1
1,4,0.001,91,"ASC3_child",-0.8,-0.109102097460733,1
1,4,0.001,91,"prot25_male",0,-1.04760343735171e-07,0
1,4,0.001,91,"prot25_age",0,-5.47451505361144e-09,0
1,4,0.001,91,"prot25_income",0.8,0.106048985868183,1
1,4,0.001,91,"prot25_child",0,5.23154947102723e-08,0
1,4,0.001,91,"prot50_male",0.3,0.015159516578056,1
1,4,0.001,91,"prot50_age",0,-2.12804072417772e-08,0
1,4,0.001,91,"prot50_income",0,-1.12192887206664e-08,0
1,4,0.001,91,"prot50_child",0,-8.66386049371153e-08,0
1,4,0.001,91,"invasive_male",0,-1.356197867727e-08,0
1,4,0.001,91,"invasive_age",-0.2,-0.0743220164252557,1
1,4,0.001,91,"invasive_income",-0.5,-0.0910313089793806,1
1,4,0.001,91,"invasive_child",0,-1.13661188781556e-08,0
1,4,0.001,92,"ASC2_male",-0.5,-0.0952583858449079,1
1,4,0.001,92,"ASC2_age",1,0.296868433734037,1
1,4,0.001,92,"ASC2_income",0,-0.00828272797374452,1
1,4,0.001,92,"ASC2_child",0,-0.1480390326473,1
1,4,0.001,92,"ASC3_male",0,8.12032565523471e-06,0
1,4,0.001,92,"ASC3_age",0,4.09340044855325e-06,0
1,4,0.001,92,"ASC3_income",0,2.76558889788858e-06,0
1,4,0.001,92,"ASC3_child",0.3,0.0296906583615473,1
1,4,0.001,92,"prot25_male",-1.1,-0.061487702055386,1
1,4,0.001,92,"prot25_age",0,-0.0930858770863237,1
1,4,0.001,92,"prot25_income",-1.2,-0.257333113727652,1
1,4,0.001,92,"prot25_child",0,-0.00153374083642665,1
1,4,0.001,92,"prot50_male",-0.4,-4.1842737068307e-06,0
1,4,0.001,92,"prot50_age",-0.6,-0.228532104802222,1
1,4,0.001,92,"prot50_income",0,-0.00714474238595069,1
1,4,0.001,92,"prot50_child",0.8,0.174442203651268,1
1,4,0.001,92,"invasive_male",0,2.91701416091385e-06,0
1,4,0.001,92,"invasive_age",0,-0.0787087974403377,1
1,4,0.001,92,"invasive_income",0.7,0.167105863724715,1
1,4,0.001,92,"invasive_child",0.9,0.0650884718381332,1
1,4,0.001,93,"ASC2_male",0,3.76345839212811e-07,0
1,4,0.001,93,"ASC2_age",-0.9,-0.153767032205799,1
1,4,0.001,93,"ASC2_income",0,0.0151401648055299,1
1,4,0.001,93,"ASC2_child",-0.4,3.83811937270366e-08,0
1,4,0.001,93,"ASC3_male",0,-0.108712193416687,1
1,4,0.001,93,"ASC3_age",-1.1,-0.229567847679422,1
1,4,0.001,93,"ASC3_income",0,0.0407007309082719,1
1,4,0.001,93,"ASC3_child",-1,-0.208044390047296,1
1,4,0.001,93,"prot25_male",0,0.147288523536762,1
1,4,0.001,93,"prot25_age",0,-0.0288232129157306,1
1,4,0.001,93,"prot25_income",0.4,0.128941328752876,1
1,4,0.001,93,"prot25_child",1.1,0.139631185127189,1
1,4,0.001,93,"prot50_male",0,1.22079714899252e-07,0
1,4,0.001,93,"prot50_age",0.2,-1.90881186861967e-06,0
1,4,0.001,93,"prot50_income",1.2,0.284717713140951,1
1,4,0.001,93,"prot50_child",-1.1,-0.391867476476732,1
1,4,0.001,93,"invasive_male",0,-0.0762316035490287,1
1,4,0.001,93,"invasive_age",0,-1.62324969955072e-07,0
1,4,0.001,93,"invasive_income",0,-0.0227657779844416,1
1,4,0.001,93,"invasive_child",-0.2,0.0960568571576812,1
1,4,0.001,94,"ASC2_male",-0.2,-6.25395995504549e-06,0
1,4,0.001,94,"ASC2_age",0,0.0309970051523659,1
1,4,0.001,94,"ASC2_income",-0.2,-0.0211080573977791,1
1,4,0.001,94,"ASC2_child",0.3,-4.1630053231376e-07,0
1,4,0.001,94,"ASC3_male",-0.1,-4.08748315444159e-07,0
1,4,0.001,94,"ASC3_age",0,-0.00825137992839883,1
1,4,0.001,94,"ASC3_income",-1.2,-0.274344962075696,1
1,4,0.001,94,"ASC3_child",-0.5,-0.160783899267965,1
1,4,0.001,94,"prot25_male",0,0.000103913222067919,0
1,4,0.001,94,"prot25_age",0,-1.57972946323231e-05,0
1,4,0.001,94,"prot25_income",0,0.0056376294353975,1
1,4,0.001,94,"prot25_child",0,-0.16638617644833,1
1,4,0.001,94,"prot50_male",0,-8.69860062694353e-06,0
1,4,0.001,94,"prot50_age",0,0.0505552600095615,1
1,4,0.001,94,"prot50_income",-0.6,-0.0970632297316437,1
1,4,0.001,94,"prot50_child",0,-5.53406587011812e-10,0
1,4,0.001,94,"invasive_male",0,-1.04789930207357e-06,0
1,4,0.001,94,"invasive_age",1,0.268732787071588,1
1,4,0.001,94,"invasive_income",0.8,0.248426301537432,1
1,4,0.001,94,"invasive_child",0.6,6.80271324978871e-06,0
1,4,0.001,95,"ASC2_male",-0.4,-7.28827473942075e-09,0
1,4,0.001,95,"ASC2_age",-0.5,-0.0574475233168119,1
1,4,0.001,95,"ASC2_income",0,-1.38036507733269e-08,0
1,4,0.001,95,"ASC2_child",-0.7,-8.50988160233037e-08,0
1,4,0.001,95,"ASC3_male",-1.1,-0.180770307119491,1
1,4,0.001,95,"ASC3_age",0,-9.06729236914738e-09,0
1,4,0.001,95,"ASC3_income",0,-3.27962553511839e-08,0
1,4,0.001,95,"ASC3_child",0,0.0699236996625176,1
1,4,0.001,95,"prot25_male",-0.9,-0.0737594523963211,1
1,4,0.001,95,"prot25_age",0,-5.43456692676087e-09,0
1,4,0.001,95,"prot25_income",0,-1.46942593094257e-08,0
1,4,0.001,95,"prot25_child",0.5,-6.79066465130624e-09,0
1,4,0.001,95,"prot50_male",0.3,1.5747976220013e-08,0
1,4,0.001,95,"prot50_age",0.7,0.127915832285538,1
1,4,0.001,95,"prot50_income",0,-1.29002820362755e-08,0
1,4,0.001,95,"prot50_child",0.6,-5.5957431084911e-09,0
1,4,0.001,95,"invasive_male",0,-9.54032577939908e-09,0
1,4,0.001,95,"invasive_age",0,-2.02451154733337e-09,0
1,4,0.001,95,"invasive_income",0,-5.34925926018971e-09,0
1,4,0.001,95,"invasive_child",0.5,-3.77929899526382e-09,0
1,4,0.001,96,"ASC2_male",-0.1,-0.059505863403636,1
1,4,0.001,96,"ASC2_age",0.2,0.0556789488249559,1
1,4,0.001,96,"ASC2_income",0,0.011371268963294,1
1,4,0.001,96,"ASC2_child",-0.4,-0.137453256218208,1
1,4,0.001,96,"ASC3_male",0,-9.31365619854002e-08,0
1,4,0.001,96,"ASC3_age",0,-0.0208725329016929,1
1,4,0.001,96,"ASC3_income",-0.6,-0.121325831422538,1
1,4,0.001,96,"ASC3_child",0.6,-8.16536070086438e-09,0
1,4,0.001,96,"prot25_male",0.3,-1.3685406932363e-07,0
1,4,0.001,96,"prot25_age",0,-9.54485893521666e-10,0
1,4,0.001,96,"prot25_income",0,0.0209540980922878,1
1,4,0.001,96,"prot25_child",-0.8,-1.4542941937593e-06,0
1,4,0.001,96,"prot50_male",0.3,-2.92125442524982e-09,0
1,4,0.001,96,"prot50_age",1.2,0.27280260133759,1
1,4,0.001,96,"prot50_income",0,-1.70023582907169e-08,0
1,4,0.001,96,"prot50_child",0,7.52181563228191e-07,0
1,4,0.001,96,"invasive_male",0,-4.74922057971028e-07,0
1,4,0.001,96,"invasive_age",0,2.71972675740853e-08,0
1,4,0.001,96,"invasive_income",0,-6.48177761994473e-09,0
1,4,0.001,96,"invasive_child",0.6,3.20068377718163e-07,0
1,4,0.001,97,"ASC2_male",0.8,0.176862331151002,1
1,4,0.001,97,"ASC2_age",0,-0.0110162630914198,1
1,4,0.001,97,"ASC2_income",-1.1,-0.244651529005287,1
1,4,0.001,97,"ASC2_child",0.9,0.0746345721009098,1
1,4,0.001,97,"ASC3_male",0.5,-5.63705424063187e-09,0
1,4,0.001,97,"ASC3_age",0,7.05281484409509e-09,0
1,4,0.001,97,"ASC3_income",0,0.0599577240948126,1
1,4,0.001,97,"ASC3_child",0,-0.0724398202233079,1
1,4,0.001,97,"prot25_male",-0.4,-9.07284663025544e-09,0
1,4,0.001,97,"prot25_age",0,0.0525752434676747,1
1,4,0.001,97,"prot25_income",0,-8.46531990992132e-08,0
1,4,0.001,97,"prot25_child",0,0.00682976233471413,1
1,4,0.001,97,"prot50_male",0.4,0.213173884314098,1
1,4,0.001,97,"prot50_age",1.2,0.272610472836188,1
1,4,0.001,97,"prot50_income",-0.4,-0.0757798471093286,1
1,4,0.001,97,"prot50_child",0.3,-2.42436712255821e-09,0
1,4,0.001,97,"invasive_male",0,-4.69113297390965e-08,0
1,4,0.001,97,"invasive_age",0,0.00967241603197934,1
1,4,0.001,97,"invasive_income",0,0.132294630875004,1
1,4,0.001,97,"invasive_child",-0.8,-0.275609446369901,1
1,4,0.001,98,"ASC2_male",0,-0.0760211879836184,1
1,4,0.001,98,"ASC2_age",0.8,0.272701381738523,1
1,4,0.001,98,"ASC2_income",0,0.000440506491535269,0
1,4,0.001,98,"ASC2_child",0.1,0.184616325937433,1
1,4,0.001,98,"ASC3_male",1.2,0.297496465956528,1
1,4,0.001,98,"ASC3_age",-0.7,-0.120069435727314,1
1,4,0.001,98,"ASC3_income",-0.6,-0.164076039931216,1
1,4,0.001,98,"ASC3_child",-0.2,-7.83574240871686e-07,0
1,4,0.001,98,"prot25_male",0,0.0954207028250182,1
1,4,0.001,98,"prot25_age",0,-0.0466982931005585,1
1,4,0.001,98,"prot25_income",0,3.22278524764572e-06,0
1,4,0.001,98,"prot25_child",0.7,0.119962669985778,1
1,4,0.001,98,"prot50_male",0.5,0.179068858260315,1
1,4,0.001,98,"prot50_age",-0.7,-0.205140723491272,1
1,4,0.001,98,"prot50_income",-1.2,-0.292525242594758,1
1,4,0.001,98,"prot50_child",0,0.0107357838478442,1
1,4,0.001,98,"invasive_male",0,-1.60616024757779e-07,0
1,4,0.001,98,"invasive_age",0,0.0342350972413116,1
1,4,0.001,98,"invasive_income",0,-5.57621051105485e-07,0
1,4,0.001,98,"invasive_child",0,7.84464092798656e-07,0
1,4,0.001,99,"ASC2_male",0.5,0.204233360467174,1
1,4,0.001,99,"ASC2_age",0,5.75057745466919e-09,0
1,4,0.001,99,"ASC2_income",0.7,0.139533510750447,1
1,4,0.001,99,"ASC2_child",1.1,0.246073787350384,1
1,4,0.001,99,"ASC3_male",0,-0.0356364008209374,1
1,4,0.001,99,"ASC3_age",1.2,0.282102301585141,1
1,4,0.001,99,"ASC3_income",0,0.0238693547127201,1
1,4,0.001,99,"ASC3_child",0,-0.00523475826361765,1
1,4,0.001,99,"prot25_male",0.3,0.0442144109206126,1
1,4,0.001,99,"prot25_age",0.9,0.205375045439278,1
1,4,0.001,99,"prot25_income",0,-0.00304852405861829,1
1,4,0.001,99,"prot25_child",0,-0.0673455152227203,1
1,4,0.001,99,"prot50_male",0,-0.152314048633946,1
1,4,0.001,99,"prot50_age",0,-0.0134273865162663,1
1,4,0.001,99,"prot50_income",0,3.40188215584524e-09,0
1,4,0.001,99,"prot50_child",1.1,0.149151662714035,1
1,4,0.001,99,"invasive_male",0,-0.0422506412149809,1
1,4,0.001,99,"invasive_age",0.1,-7.55162656959757e-09,0
1,4,0.001,99,"invasive_income",1.2,0.357800299138098,1
1,4,0.001,99,"invasive_child",1.2,0.165175920473094,1
1,4,0.001,100,"ASC2_male",0,-4.40841200673302e-09,0
1,4,0.001,100,"ASC2_age",0,-3.13854357389415e-09,0
1,4,0.001,100,"ASC2_income",-1,-0.187366035098764,1
1,4,0.001,100,"ASC2_child",0,1.174101687301e-08,0
1,4,0.001,100,"ASC3_male",0,-8.71335445023953e-12,0
1,4,0.001,100,"ASC3_age",-0.4,-0.131355458907585,1
1,4,0.001,100,"ASC3_income",-0.7,-0.0512182075127487,1
1,4,0.001,100,"ASC3_child",-0.8,-0.079193500594652,1
1,4,0.001,100,"prot25_male",1,0.201173629825543,1
1,4,0.001,100,"prot25_age",0,-5.61225465640719e-09,0
1,4,0.001,100,"prot25_income",0,-0.0102408777076438,1
1,4,0.001,100,"prot25_child",0,-5.16931825084778e-09,0
1,4,0.001,100,"prot50_male",1.1,0.0848132003589994,1
1,4,0.001,100,"prot50_age",-0.3,-0.0155307888352144,1
1,4,0.001,100,"prot50_income",0,-8.94198647055243e-09,0
1,4,0.001,100,"prot50_child",-0.1,-5.52453564587517e-09,0
1,4,0.001,100,"invasive_male",0,-1.06872033708538e-08,0
1,4,0.001,100,"invasive_age",0,3.54128738760935e-08,0
1,4,0.001,100,"invasive_income",0.9,0.310179376960033,1
1,4,0.001,100,"invasive_child",-0.2,-8.44666131616632e-09,0
1,4,0.01,1,"ASC2_male",0,-6.55319573386296e-07,0
1,4,0.01,1,"ASC2_age",0.6,0.154943312889019,1
1,4,0.01,1,"ASC2_income",0,-8.87246400630363e-09,0
1,4,0.01,1,"ASC2_child",0,0.00580717355013965,0
1,4,0.01,1,"ASC3_male",0,-3.12527447846041e-12,0
1,4,0.01,1,"ASC3_age",-1,-0.23628656365025,1
1,4,0.01,1,"ASC3_income",0,0.00845353040186166,0
1,4,0.01,1,"ASC3_child",0.2,2.46172824552564e-08,0
1,4,0.01,1,"prot25_male",0,6.58807434656879e-08,0
1,4,0.01,1,"prot25_age",-1,-0.20095083185254,1
1,4,0.01,1,"prot25_income",0,-0.0191493371710252,1
1,4,0.01,1,"prot25_child",1.1,0.352082787119897,1
1,4,0.01,1,"prot50_male",-0.2,-2.05182990881132e-07,0
1,4,0.01,1,"prot50_age",0.5,0.0314467129744418,1
1,4,0.01,1,"prot50_income",0.6,0.0570805545718627,1
1,4,0.01,1,"prot50_child",0,5.36721375746655e-09,0
1,4,0.01,1,"invasive_male",-0.2,-4.81475825485877e-07,0
1,4,0.01,1,"invasive_age",0,-0.119969424213829,1
1,4,0.01,1,"invasive_income",-0.3,-0.0891436068076455,1
1,4,0.01,1,"invasive_child",0,-1.69285226574836e-07,0
1,4,0.01,2,"ASC2_male",0.2,-0.00549294388493699,0
1,4,0.01,2,"ASC2_age",0,-0.0826954913758151,1
1,4,0.01,2,"ASC2_income",0.2,0.0798095924856061,1
1,4,0.01,2,"ASC2_child",0,-0.0651223464243793,1
1,4,0.01,2,"ASC3_male",-0.2,-0.0642158780270308,1
1,4,0.01,2,"ASC3_age",0,-0.0639657811250792,1
1,4,0.01,2,"ASC3_income",0.9,0.239783899242095,1
1,4,0.01,2,"ASC3_child",0,-5.32243451255453e-09,0
1,4,0.01,2,"prot25_male",0,-0.109062392029354,1
1,4,0.01,2,"prot25_age",-0.4,-0.0568784320260558,1
1,4,0.01,2,"prot25_income",0,-0.0236933685438242,1
1,4,0.01,2,"prot25_child",-0.9,-0.214344559290357,1
1,4,0.01,2,"prot50_male",0,-3.39841953122202e-09,0
1,4,0.01,2,"prot50_age",-1,-0.133670063287754,1
1,4,0.01,2,"prot50_income",0,0.00949925454137853,0
1,4,0.01,2,"prot50_child",0,0.0808987428249142,1
1,4,0.01,2,"invasive_male",0.7,0.121869703186785,1
1,4,0.01,2,"invasive_age",0,-6.28037386919665e-09,0
1,4,0.01,2,"invasive_income",-0.2,-0.0740202135313672,1
1,4,0.01,2,"invasive_child",-1,-0.164287135363124,1
1,4,0.01,3,"ASC2_male",0,-2.70593653951945e-12,0
1,4,0.01,3,"ASC2_age",0.4,0.00732218695667869,0
1,4,0.01,3,"ASC2_income",-0.7,-0.174058087344385,1
1,4,0.01,3,"ASC2_child",0,-4.30338395152904e-09,0
1,4,0.01,3,"ASC3_male",0,-8.48108617503706e-09,0
1,4,0.01,3,"ASC3_age",0,-0.0887324816983022,1
1,4,0.01,3,"ASC3_income",0,-0.0183466398246788,1
1,4,0.01,3,"ASC3_child",0,-5.7903649701952e-07,0
1,4,0.01,3,"prot25_male",0.3,-5.60468117220195e-09,0
1,4,0.01,3,"prot25_age",-0.9,-0.14995787175412,1
1,4,0.01,3,"prot25_income",0,3.27254990861116e-09,0
1,4,0.01,3,"prot25_child",-0.3,3.2190332993925e-07,0
1,4,0.01,3,"prot50_male",0,0.104993292793408,1
1,4,0.01,3,"prot50_age",0,-2.1330598174395e-07,0
1,4,0.01,3,"prot50_income",0.2,-1.3136104717049e-05,0
1,4,0.01,3,"prot50_child",0,-5.74666970831159e-09,0
1,4,0.01,3,"invasive_male",-0.4,-0.077652309854032,1
1,4,0.01,3,"invasive_age",1,0.152668355383378,1
1,4,0.01,3,"invasive_income",1.1,0.142060741994054,1
1,4,0.01,3,"invasive_child",1,0.168407499930794,1
1,4,0.01,4,"ASC2_male",0,-6.73845322742105e-07,0
1,4,0.01,4,"ASC2_age",0.7,0.165892907157529,1
1,4,0.01,4,"ASC2_income",0.6,0.205883102814149,1
1,4,0.01,4,"ASC2_child",1,0.166977598650446,1
1,4,0.01,4,"ASC3_male",0,-9.2092276850599e-07,0
1,4,0.01,4,"ASC3_age",0,-0.0537976644363947,1
1,4,0.01,4,"ASC3_income",0,0.0715467396170737,1
1,4,0.01,4,"ASC3_child",-1.2,-0.418370843296458,1
1,4,0.01,4,"prot25_male",0,-0.117056299561997,1
1,4,0.01,4,"prot25_age",0,3.97965772697075e-06,0
1,4,0.01,4,"prot25_income",0.6,0.0354994996093207,1
1,4,0.01,4,"prot25_child",-0.2,-0.00445404248567483,0
1,4,0.01,4,"prot50_male",0,0.106302016906598,1
1,4,0.01,4,"prot50_age",0,-0.00224082931604182,0
1,4,0.01,4,"prot50_income",0.3,2.01389917883766e-08,0
1,4,0.01,4,"prot50_child",0,2.10112301317751e-07,0
1,4,0.01,4,"invasive_male",-0.5,-0.254838660819424,1
1,4,0.01,4,"invasive_age",-0.2,-0.0205947712803436,1
1,4,0.01,4,"invasive_income",-0.6,-0.096320816701898,1
1,4,0.01,4,"invasive_child",0,-0.0888764486221592,1
1,4,0.01,5,"ASC2_male",0,-0.133331525391326,1
1,4,0.01,5,"ASC2_age",0,-9.85266624483344e-08,0
1,4,0.01,5,"ASC2_income",-0.3,5.1441948360832e-08,0
1,4,0.01,5,"ASC2_child",0,-0.220332383407613,1
1,4,0.01,5,"ASC3_male",0.7,0.102035938388084,1
1,4,0.01,5,"ASC3_age",0,-1.94567590999776e-07,0
1,4,0.01,5,"ASC3_income",0,0.0605813126300048,1
1,4,0.01,5,"ASC3_child",0.3,0.0459617797382866,1
1,4,0.01,5,"prot25_male",0.5,0.0101905804185243,1
1,4,0.01,5,"prot25_age",0,-0.0122461933089922,1
1,4,0.01,5,"prot25_income",0,-0.0233254451335159,1
1,4,0.01,5,"prot25_child",0.5,0.258583619134846,1
1,4,0.01,5,"prot50_male",0.7,0.0570331703439989,1
1,4,0.01,5,"prot50_age",0.7,0.175376140256055,1
1,4,0.01,5,"prot50_income",0,1.61335831238241e-06,0
1,4,0.01,5,"prot50_child",0,-1.81609571798599e-08,0
1,4,0.01,5,"invasive_male",0.3,-0.0469321082495521,1
1,4,0.01,5,"invasive_age",0,1.55452854320747e-08,0
1,4,0.01,5,"invasive_income",-0.8,-0.131224211739355,1
1,4,0.01,5,"invasive_child",-0.2,-0.0672556135057507,1
1,4,0.01,6,"ASC2_male",1.2,0.308666046721022,1
1,4,0.01,6,"ASC2_age",0.5,0.0968461353167379,1
1,4,0.01,6,"ASC2_income",-0.2,-0.0060244543076456,0
1,4,0.01,6,"ASC2_child",0,-4.16669278331906e-08,0
1,4,0.01,6,"ASC3_male",0,-1.37634684984008e-09,0
1,4,0.01,6,"ASC3_age",-0.5,-0.0833709691805477,1
1,4,0.01,6,"ASC3_income",0,9.89939505698967e-07,0
1,4,0.01,6,"ASC3_child",0,-8.7863431201907e-07,0
1,4,0.01,6,"prot25_male",0.2,2.2311468306539e-06,0
1,4,0.01,6,"prot25_age",0,0.0513541041565258,1
1,4,0.01,6,"prot25_income",0,-1.09474930262524e-08,0
1,4,0.01,6,"prot25_child",0,4.81720977888614e-06,0
1,4,0.01,6,"prot50_male",1,0.097489781091451,1
1,4,0.01,6,"prot50_age",-0.5,-0.0143101551533921,1
1,4,0.01,6,"prot50_income",0,4.60770807999541e-07,0
1,4,0.01,6,"prot50_child",0,-7.64400381986422e-07,0
1,4,0.01,6,"invasive_male",0.5,2.34907166867635e-07,0
1,4,0.01,6,"invasive_age",-0.2,1.3152945894127e-07,0
1,4,0.01,6,"invasive_income",0,2.63131304532256e-06,0
1,4,0.01,6,"invasive_child",0.3,-3.24018737582398e-06,0
1,4,0.01,7,"ASC2_male",0.2,-0.117425112737972,1
1,4,0.01,7,"ASC2_age",0,0.0694295978201322,1
1,4,0.01,7,"ASC2_income",0.8,0.128329276597803,1
1,4,0.01,7,"ASC2_child",0,4.42242865879683e-09,0
1,4,0.01,7,"ASC3_male",0.9,4.01953192082706e-08,0
1,4,0.01,7,"ASC3_age",-1.2,-0.271026846905988,1
1,4,0.01,7,"ASC3_income",0.8,0.118575801630047,1
1,4,0.01,7,"ASC3_child",0,-1.52735230694914e-07,0
1,4,0.01,7,"prot25_male",-0.8,-0.027029062998227,1
1,4,0.01,7,"prot25_age",-0.5,-0.137390530335539,1
1,4,0.01,7,"prot25_income",0,0.000981735240404243,0
1,4,0.01,7,"prot25_child",0,0.0875027290100023,1
1,4,0.01,7,"prot50_male",0,-1.16063898631516e-10,0
1,4,0.01,7,"prot50_age",-0.9,-0.228340170151326,1
1,4,0.01,7,"prot50_income",-0.7,-0.141136941442345,1
1,4,0.01,7,"prot50_child",-0.8,-0.086640891515054,1
1,4,0.01,7,"invasive_male",0,-0.0677777994989637,1
1,4,0.01,7,"invasive_age",0,0.0200333076499073,1
1,4,0.01,7,"invasive_income",0,0.0552782912134204,1
1,4,0.01,7,"invasive_child",0,-0.00317715677367112,0
1,4,0.01,8,"ASC2_male",0.5,0.0244715568492318,1
1,4,0.01,8,"ASC2_age",0,0.0428570466396116,1
1,4,0.01,8,"ASC2_income",0,-0.0140169724260721,1
1,4,0.01,8,"ASC2_child",-0.5,-2.18911466842821e-08,0
1,4,0.01,8,"ASC3_male",0,-4.29191270003798e-09,0
1,4,0.01,8,"ASC3_age",0.8,0.243283826542515,1
1,4,0.01,8,"ASC3_income",0,3.91085421244552e-12,0
1,4,0.01,8,"ASC3_child",0.6,0.366566106169415,1
1,4,0.01,8,"prot25_male",0,-1.16634392017807e-08,0
1,4,0.01,8,"prot25_age",1.2,0.286519280868289,1
1,4,0.01,8,"prot25_income",0,0.0786493801323355,1
1,4,0.01,8,"prot25_child",1.1,0.243217379239978,1
1,4,0.01,8,"prot50_male",0,0.0607645204319246,1
1,4,0.01,8,"prot50_age",0,0.036057571378083,1
1,4,0.01,8,"prot50_income",0,-0.0148412010587747,1
1,4,0.01,8,"prot50_child",-1,-2.00687893083757e-08,0
1,4,0.01,8,"invasive_male",0,-7.00841588925344e-09,0
1,4,0.01,8,"invasive_age",-0.3,-0.0165679631532021,1
1,4,0.01,8,"invasive_income",0.3,0.0221359994088528,1
1,4,0.01,8,"invasive_child",-0.9,-1.89819461435148e-08,0
1,4,0.01,9,"ASC2_male",0,-7.72570712708029e-13,0
1,4,0.01,9,"ASC2_age",0.5,0.119567934554548,1
1,4,0.01,9,"ASC2_income",0.5,0.0663905688212524,1
1,4,0.01,9,"ASC2_child",0,-0.0325291087283193,1
1,4,0.01,9,"ASC3_male",0,-0.0287215155773736,1
1,4,0.01,9,"ASC3_age",0,5.08699622768539e-07,0
1,4,0.01,9,"ASC3_income",0,-0.141518134077564,1
1,4,0.01,9,"ASC3_child",-0.3,9.74313697305865e-10,0
1,4,0.01,9,"prot25_male",0.7,0.050462039219959,1
1,4,0.01,9,"prot25_age",0.4,0.0729811191067433,1
1,4,0.01,9,"prot25_income",0,0.134087462484469,1
1,4,0.01,9,"prot25_child",0.3,0.0359851874980095,1
1,4,0.01,9,"prot50_male",-0.2,-0.0129385089205027,1
1,4,0.01,9,"prot50_age",-1,-0.250531404036112,1
1,4,0.01,9,"prot50_income",0,0.116774484095657,1
1,4,0.01,9,"prot50_child",-0.8,-0.3100211603799,1
1,4,0.01,9,"invasive_male",0,0.043931436710982,1
1,4,0.01,9,"invasive_age",1,0.146313359458899,1
1,4,0.01,9,"invasive_income",0,-0.0141599830621244,1
1,4,0.01,9,"invasive_child",0,-0.024897067109879,1
1,4,0.01,10,"ASC2_male",0,-0.0637751432359395,1
1,4,0.01,10,"ASC2_age",-1,-0.223374328610135,1
1,4,0.01,10,"ASC2_income",0,1.08448619720873e-08,0
1,4,0.01,10,"ASC2_child",0,-8.42067447782152e-09,0
1,4,0.01,10,"ASC3_male",0.7,1.68104084452289e-09,0
1,4,0.01,10,"ASC3_age",0,0.0562825570503981,1
1,4,0.01,10,"ASC3_income",0,-2.32228683639757e-09,0
1,4,0.01,10,"ASC3_child",0,-1.16682579222485e-08,0
1,4,0.01,10,"prot25_male",-1,-1.35753241017335e-08,0
1,4,0.01,10,"prot25_age",1.1,0.197625083453397,1
1,4,0.01,10,"prot25_income",-0.7,-0.185348700888367,1
1,4,0.01,10,"prot25_child",-0.3,-2.42954444418814e-08,0
1,4,0.01,10,"prot50_male",0,0.0814792353355799,1
1,4,0.01,10,"prot50_age",0,-1.05373316020674e-08,0
1,4,0.01,10,"prot50_income",0,0.0316588602316348,1
1,4,0.01,10,"prot50_child",0,-2.4876860505988e-09,0
1,4,0.01,10,"invasive_male",0.2,-1.99112225616866e-08,0
1,4,0.01,10,"invasive_age",0.6,0.237152664106276,1
1,4,0.01,10,"invasive_income",-0.4,-0.0106360868468389,1
1,4,0.01,10,"invasive_child",-0.3,-0.128869655157617,1
1,4,0.01,11,"ASC2_male",1.1,0.0986169841611586,1
1,4,0.01,11,"ASC2_age",0,7.44487246443594e-10,0
1,4,0.01,11,"ASC2_income",0.1,1.84440899936303e-09,0
1,4,0.01,11,"ASC2_child",0,0.0830108548038464,1
1,4,0.01,11,"ASC3_male",0.6,-4.17369161411905e-09,0
1,4,0.01,11,"ASC3_age",-1,-0.336028296364826,1
1,4,0.01,11,"ASC3_income",0.9,0.167434913487051,1
1,4,0.01,11,"ASC3_child",-0.8,-0.000786543502670971,0
1,4,0.01,11,"prot25_male",-0.9,-6.04198315305169e-09,0
1,4,0.01,11,"prot25_age",0,-8.41678512525035e-09,0
1,4,0.01,11,"prot25_income",0,2.57587499126021e-10,0
1,4,0.01,11,"prot25_child",0,-3.96157220257915e-09,0
1,4,0.01,11,"prot50_male",0,0.278261345656926,1
1,4,0.01,11,"prot50_age",0,-6.19883948485218e-09,0
1,4,0.01,11,"prot50_income",0,0.00282664406767457,0
1,4,0.01,11,"prot50_child",0,1.28604582731425e-08,0
1,4,0.01,11,"invasive_male",-0.7,-0.137646713313819,1
1,4,0.01,11,"invasive_age",0,-2.66840259687672e-09,0
1,4,0.01,11,"invasive_income",1,0.145241352105118,1
1,4,0.01,11,"invasive_child",-1.2,-0.249261009214286,1
1,4,0.01,12,"ASC2_male",0,-1.03007798695747e-08,0
1,4,0.01,12,"ASC2_age",-0.4,-0.0096831171027299,0
1,4,0.01,12,"ASC2_income",-0.6,-0.119638282021872,1
1,4,0.01,12,"ASC2_child",-1.2,-0.0980678626425009,1
1,4,0.01,12,"ASC3_male",-0.7,-0.128988653985355,1
1,4,0.01,12,"ASC3_age",0.4,0.0820097943094086,1
1,4,0.01,12,"ASC3_income",0,0.00334839086627748,0
1,4,0.01,12,"ASC3_child",0,0.0371237151918088,1
1,4,0.01,12,"prot25_male",0,-3.77983610142025e-08,0
1,4,0.01,12,"prot25_age",0,-0.0548767491830639,1
1,4,0.01,12,"prot25_income",0,0.0464722309261814,1
1,4,0.01,12,"prot25_child",1,-1.23685605475906e-08,0
1,4,0.01,12,"prot50_male",-0.6,-0.0790098919414632,1
1,4,0.01,12,"prot50_age",0,-3.60097009676013e-08,0
1,4,0.01,12,"prot50_income",0,-9.49404397534616e-05,0
1,4,0.01,12,"prot50_child",0,9.56725357961394e-09,0
1,4,0.01,12,"invasive_male",0,-4.62606634196772e-09,0
1,4,0.01,12,"invasive_age",0.6,0.111785572364387,1
1,4,0.01,12,"invasive_income",0.6,0.144788354632718,1
1,4,0.01,12,"invasive_child",-0.8,-0.0832832899650457,1
1,4,0.01,13,"ASC2_male",-0.4,-1.16413072363988e-08,0
1,4,0.01,13,"ASC2_age",0,-5.18182416513515e-08,0
1,4,0.01,13,"ASC2_income",0,-8.3434770367005e-09,0
1,4,0.01,13,"ASC2_child",0,-1.84211881652711e-09,0
1,4,0.01,13,"ASC3_male",-0.4,5.67311453766279e-08,0
1,4,0.01,13,"ASC3_age",-0.3,-0.0789533965359214,1
1,4,0.01,13,"ASC3_income",-0.3,-0.0870856590540672,1
1,4,0.01,13,"ASC3_child",0,-4.1933687708034e-09,0
1,4,0.01,13,"prot25_male",0,0.0333063868804689,1
1,4,0.01,13,"prot25_age",-0.4,-0.0232297364428542,1
1,4,0.01,13,"prot25_income",-1,-0.195756457989465,1
1,4,0.01,13,"prot25_child",0,5.12343775385691e-09,0
1,4,0.01,13,"prot50_male",-0.6,-0.160958154128984,1
1,4,0.01,13,"prot50_age",0,-0.00368731551678748,0
1,4,0.01,13,"prot50_income",0,-8.53620147163394e-08,0
1,4,0.01,13,"prot50_child",0,-1.20951800717855e-08,0
1,4,0.01,13,"invasive_male",-0.2,-4.48404433901262e-09,0
1,4,0.01,13,"invasive_age",1,0.25473360944133,1
1,4,0.01,13,"invasive_income",0.5,0.0886427085368246,1
1,4,0.01,13,"invasive_child",0,-2.16664897807562e-08,0
1,4,0.01,14,"ASC2_male",1.1,0.16823563116254,1
1,4,0.01,14,"ASC2_age",0,0.0237366923272449,1
1,4,0.01,14,"ASC2_income",0,-1.94251220234653e-09,0
1,4,0.01,14,"ASC2_child",0.9,0.177800460083892,1
1,4,0.01,14,"ASC3_male",-0.6,-0.0606294571790847,1
1,4,0.01,14,"ASC3_age",0,-7.99239723805733e-09,0
1,4,0.01,14,"ASC3_income",0.9,0.161377668821296,1
1,4,0.01,14,"ASC3_child",0,-8.22054897003993e-08,0
1,4,0.01,14,"prot25_male",0,-4.46387140012332e-10,0
1,4,0.01,14,"prot25_age",0,6.7158437698611e-06,0
1,4,0.01,14,"prot25_income",0,-1.09348999217395e-07,0
1,4,0.01,14,"prot25_child",0,0.111930348755366,1
1,4,0.01,14,"prot50_male",0,-5.23893849654434e-07,0
1,4,0.01,14,"prot50_age",1,0.246025661559761,1
1,4,0.01,14,"prot50_income",0,1.48893822886188e-06,0
1,4,0.01,14,"prot50_child",-0.9,-0.0109840367035643,1
1,4,0.01,14,"invasive_male",0.3,-6.76356025228167e-09,0
1,4,0.01,14,"invasive_age",-0.8,-0.227493889566904,1
1,4,0.01,14,"invasive_income",0.6,0.182334301165621,1
1,4,0.01,14,"invasive_child",-0.4,-9.35140994874183e-07,0
1,4,0.01,15,"ASC2_male",-0.9,-0.258227808918008,1
1,4,0.01,15,"ASC2_age",1.2,0.330918289498248,1
1,4,0.01,15,"ASC2_income",0,-0.0098187433667915,0
1,4,0.01,15,"ASC2_child",-0.4,-5.20035235165089e-06,0
1,4,0.01,15,"ASC3_male",-0.6,-0.229644607983744,1
1,4,0.01,15,"ASC3_age",0,3.03737540240304e-07,0
1,4,0.01,15,"ASC3_income",0,0.0374903407499908,1
1,4,0.01,15,"ASC3_child",0.9,0.27109022032972,1
1,4,0.01,15,"prot25_male",0,-0.00996254044116755,0
1,4,0.01,15,"prot25_age",0.7,0.16448124818737,1
1,4,0.01,15,"prot25_income",-0.3,-0.0706970595384535,1
1,4,0.01,15,"prot25_child",0.5,0.0842461159716406,1
1,4,0.01,15,"prot50_male",0,4.67343692052496e-09,0
1,4,0.01,15,"prot50_age",-0.5,-0.0913736320579769,1
1,4,0.01,15,"prot50_income",0,-1.59354288817945e-06,0
1,4,0.01,15,"prot50_child",0.2,3.13533059206888e-06,0
1,4,0.01,15,"invasive_male",0,0.0407834663798389,1
1,4,0.01,15,"invasive_age",0,-0.043679584207077,1
1,4,0.01,15,"invasive_income",0,1.82644914712379e-07,0
1,4,0.01,15,"invasive_child",0,-1.89907186657979e-06,0
1,4,0.01,16,"ASC2_male",0,0.0872922679709596,1
1,4,0.01,16,"ASC2_age",-0.6,-0.147035372767029,1
1,4,0.01,16,"ASC2_income",0,-0.16558813893531,1
1,4,0.01,16,"ASC2_child",-0.8,-0.282027475843192,1
1,4,0.01,16,"ASC3_male",0,-0.0609434553108246,1
1,4,0.01,16,"ASC3_age",-0.8,-0.15159497911814,1
1,4,0.01,16,"ASC3_income",0.8,0.0844220498410261,1
1,4,0.01,16,"ASC3_child",-0.8,-0.280349537531137,1
1,4,0.01,16,"prot25_male",0.7,0.0722911016785071,1
1,4,0.01,16,"prot25_age",-1,-0.199547046111514,1
1,4,0.01,16,"prot25_income",0,0.115404258410903,1
1,4,0.01,16,"prot25_child",0,-0.0711165048596672,1
1,4,0.01,16,"prot50_male",0.6,0.220763069848758,1
1,4,0.01,16,"prot50_age",-1,-0.207099488504407,1
1,4,0.01,16,"prot50_income",0,0.0966048893938168,1
1,4,0.01,16,"prot50_child",0,-0.0530928882298998,1
1,4,0.01,16,"invasive_male",0,0.054282274797554,1
1,4,0.01,16,"invasive_age",0.8,0.28416017779616,1
1,4,0.01,16,"invasive_income",0,-0.0974368167393822,1
1,4,0.01,16,"invasive_child",0,-0.0480143196363127,1
1,4,0.01,17,"ASC2_male",0,-0.100032442399092,1
1,4,0.01,17,"ASC2_age",-1,-0.234362472479714,1
1,4,0.01,17,"ASC2_income",-0.9,-0.194477686807292,1
1,4,0.01,17,"ASC2_child",0,-0.123536456276272,1
1,4,0.01,17,"ASC3_male",0,-0.152380669671759,1
1,4,0.01,17,"ASC3_age",-1.1,-0.167640531095495,1
1,4,0.01,17,"ASC3_income",0,0.0510531440253661,1
1,4,0.01,17,"ASC3_child",-0.6,-0.141833220324707,1
1,4,0.01,17,"prot25_male",-0.9,-0.245883031906722,1
1,4,0.01,17,"prot25_age",0,-2.1812361801692e-09,0
1,4,0.01,17,"prot25_income",0.6,0.0715415291208276,1
1,4,0.01,17,"prot25_child",0,0.00550775715878585,0
1,4,0.01,17,"prot50_male",0.2,0.10694571374844,1
1,4,0.01,17,"prot50_age",0.5,0.0308967389142514,1
1,4,0.01,17,"prot50_income",0,-0.0421785419766545,1
1,4,0.01,17,"prot50_child",0,0.0655447999086478,1
1,4,0.01,17,"invasive_male",0.8,0.118247432594424,1
1,4,0.01,17,"invasive_age",0,-0.050382178185175,1
1,4,0.01,17,"invasive_income",-1.1,-0.293426758896498,1
1,4,0.01,17,"invasive_child",0,-0.0596609434219374,1
1,4,0.01,18,"ASC2_male",0.2,1.21542477808276e-06,0
1,4,0.01,18,"ASC2_age",0.7,0.087104120261716,1
1,4,0.01,18,"ASC2_income",0,2.56477790850698e-06,0
1,4,0.01,18,"ASC2_child",0.7,0.0154784872418977,1
1,4,0.01,18,"ASC3_male",0.2,0.00341923695024942,0
1,4,0.01,18,"ASC3_age",0,-0.0644339021391734,1
1,4,0.01,18,"ASC3_income",0.4,-0.00191740739558364,0
1,4,0.01,18,"ASC3_child",0,-0.143199912072782,1
1,4,0.01,18,"prot25_male",0,-1.5225272008069e-06,0
1,4,0.01,18,"prot25_age",0,-0.000850993839597571,0
1,4,0.01,18,"prot25_income",0,0.0961626339789185,1
1,4,0.01,18,"prot25_child",-0.5,-1.05011867388097e-05,0
1,4,0.01,18,"prot50_male",-0.6,-0.122409255422451,1
1,4,0.01,18,"prot50_age",0,0.0758641275317462,1
1,4,0.01,18,"prot50_income",1,0.265127520099477,1
1,4,0.01,18,"prot50_child",0,0.277067289393408,1
1,4,0.01,18,"invasive_male",0,5.05900436950674e-07,0
1,4,0.01,18,"invasive_age",0,0.0082162994406347,0
1,4,0.01,18,"invasive_income",-0.2,-1.4678959744248e-07,0
1,4,0.01,18,"invasive_child",0.7,0.0203172066635388,1
1,4,0.01,19,"ASC2_male",0,-0.138474954361216,1
1,4,0.01,19,"ASC2_age",0,-0.0377279315555296,1
1,4,0.01,19,"ASC2_income",-0.2,-0.101760083393421,1
1,4,0.01,19,"ASC2_child",0,-0.279463371497481,1
1,4,0.01,19,"ASC3_male",0,-0.254168440129969,1
1,4,0.01,19,"ASC3_age",0.2,0.0570986848332937,1
1,4,0.01,19,"ASC3_income",-0.8,-0.298056735394368,1
1,4,0.01,19,"ASC3_child",-1,-0.499198785888877,1
1,4,0.01,19,"prot25_male",0,0.222638921801285,1
1,4,0.01,19,"prot25_age",0,0.0295260626925642,1
1,4,0.01,19,"prot25_income",0,0.128165403681548,1
1,4,0.01,19,"prot25_child",0.7,0.499305520384571,1
1,4,0.01,19,"prot50_male",-1,-0.0650758101442403,1
1,4,0.01,19,"prot50_age",0,0.00254053215295406,0
1,4,0.01,19,"prot50_income",0.5,0.223984748215843,1
1,4,0.01,19,"prot50_child",1.1,0.498684682419634,1
1,4,0.01,19,"invasive_male",0,-0.000531628743961825,0
1,4,0.01,19,"invasive_age",0,0.0178782717292172,1
1,4,0.01,19,"invasive_income",0.6,0.158879233189274,1
1,4,0.01,19,"invasive_child",-1.2,-0.400916642449103,1
1,4,0.01,20,"ASC2_male",0,-0.0399017312449178,1
1,4,0.01,20,"ASC2_age",0.9,0.312651298695015,1
1,4,0.01,20,"ASC2_income",1,0.216851125282873,1
1,4,0.01,20,"ASC2_child",-1,-9.8916115572123e-09,0
1,4,0.01,20,"ASC3_male",0.7,0.140912964980841,1
1,4,0.01,20,"ASC3_age",-1.2,-0.207174661832495,1
1,4,0.01,20,"ASC3_income",-0.6,-0.156210680624086,1
1,4,0.01,20,"ASC3_child",-0.7,-0.0643103700529522,1
1,4,0.01,20,"prot25_male",0,-1.24230385243874e-08,0
1,4,0.01,20,"prot25_age",0,-0.0827540715597853,1
1,4,0.01,20,"prot25_income",0,0.0973334945511237,1
1,4,0.01,20,"prot25_child",0.7,0.021260446446351,1
1,4,0.01,20,"prot50_male",0,5.36512172538398e-09,0
1,4,0.01,20,"prot50_age",0,-3.49246027577787e-08,0
1,4,0.01,20,"prot50_income",0,-1.02646991747846e-08,0
1,4,0.01,20,"prot50_child",0,-0.162733490701091,1
1,4,0.01,20,"invasive_male",0,-2.68726122623415e-07,0
1,4,0.01,20,"invasive_age",0.5,0.197875711654135,1
1,4,0.01,20,"invasive_income",0,-0.0530218515652705,1
1,4,0.01,20,"invasive_child",0.3,7.99481397898469e-08,0
1,4,0.01,21,"ASC2_male",-0.5,-0.128424125558768,1
1,4,0.01,21,"ASC2_age",-0.6,-0.203634808908855,1
1,4,0.01,21,"ASC2_income",0,-0.0492479508447433,1
1,4,0.01,21,"ASC2_child",1.1,0.0375590335109487,1
1,4,0.01,21,"ASC3_male",0,-2.19501920856963e-07,0
1,4,0.01,21,"ASC3_age",0.3,-4.70573223020129e-09,0
1,4,0.01,21,"ASC3_income",0,0.0106015578684356,1
1,4,0.01,21,"ASC3_child",0,-0.148150826441735,1
1,4,0.01,21,"prot25_male",0.5,0.151546191296758,1
1,4,0.01,21,"prot25_age",0,0.00577458007134748,0
1,4,0.01,21,"prot25_income",-1,-0.281427168199061,1
1,4,0.01,21,"prot25_child",0,0.132759467020859,1
1,4,0.01,21,"prot50_male",-0.5,-0.190791483140912,1
1,4,0.01,21,"prot50_age",0,-1.1596050002233e-08,0
1,4,0.01,21,"prot50_income",0,0.0365689773127965,1
1,4,0.01,21,"prot50_child",-0.7,-0.0657796526660913,1
1,4,0.01,21,"invasive_male",0,-0.0407256004436577,1
1,4,0.01,21,"invasive_age",1.2,0.32577585353817,1
1,4,0.01,21,"invasive_income",-0.2,0.000375253993342396,0
1,4,0.01,21,"invasive_child",0,-8.41190855487152e-09,0
1,4,0.01,22,"ASC2_male",0.7,0.0193166300904902,1
1,4,0.01,22,"ASC2_age",-0.2,7.95526189304666e-09,0
1,4,0.01,22,"ASC2_income",-0.4,-0.0828177487828218,1
1,4,0.01,22,"ASC2_child",0,6.48975613179985e-11,0
1,4,0.01,22,"ASC3_male",0,-5.58691228319133e-09,0
1,4,0.01,22,"ASC3_age",-0.7,-0.120849411795058,1
1,4,0.01,22,"ASC3_income",0,0.0151193216199274,1
1,4,0.01,22,"ASC3_child",-0.7,-0.210332648380503,1
1,4,0.01,22,"prot25_male",0,0.137152564946506,1
1,4,0.01,22,"prot25_age",0,-0.0642586686375195,1
1,4,0.01,22,"prot25_income",0.5,0.122086010536096,1
1,4,0.01,22,"prot25_child",0,0.0816486874590933,1
1,4,0.01,22,"prot50_male",0,-1.1539860331973e-08,0
1,4,0.01,22,"prot50_age",1,0.229076750473414,1
1,4,0.01,22,"prot50_income",-0.9,-0.193648943791632,1
1,4,0.01,22,"prot50_child",-1.1,-0.223012933584925,1
1,4,0.01,22,"invasive_male",0,-0.0744459293850466,1
1,4,0.01,22,"invasive_age",0.3,0.177917797080135,1
1,4,0.01,22,"invasive_income",0,-0.00802699132195145,0
1,4,0.01,22,"invasive_child",0,-0.0674216313391758,1
1,4,0.01,23,"ASC2_male",0,-9.33329012125182e-09,0
1,4,0.01,23,"ASC2_age",0.5,0.217108846179245,1
1,4,0.01,23,"ASC2_income",0.8,0.220795258971187,1
1,4,0.01,23,"ASC2_child",-0.2,-5.30414231794434e-09,0
1,4,0.01,23,"ASC3_male",0.6,0.119051767461934,1
1,4,0.01,23,"ASC3_age",-0.3,-0.0364667894526188,1
1,4,0.01,23,"ASC3_income",0,-1.09681294794719e-08,0
1,4,0.01,23,"ASC3_child",0,0.00900063891371505,0
1,4,0.01,23,"prot25_male",0.8,0.151881999751334,1
1,4,0.01,23,"prot25_age",0.4,0.00500159924524667,0
1,4,0.01,23,"prot25_income",0.5,0.178225412425859,1
1,4,0.01,23,"prot25_child",0,-4.35833991837917e-09,0
1,4,0.01,23,"prot50_male",0,0.0107291828766659,1
1,4,0.01,23,"prot50_age",0,-0.00434375198921569,0
1,4,0.01,23,"prot50_income",0,6.43720604748246e-10,0
1,4,0.01,23,"prot50_child",0.5,0.161536705929546,1
1,4,0.01,23,"invasive_male",-0.5,-0.174883952727799,1
1,4,0.01,23,"invasive_age",0,-5.6745556969329e-09,0
1,4,0.01,23,"invasive_income",0,-3.99776531976622e-09,0
1,4,0.01,23,"invasive_child",0,-0.0492782694691809,1
1,4,0.01,24,"ASC2_male",-0.3,-0.0787220722034409,1
1,4,0.01,24,"ASC2_age",-0.3,-0.0961449576439471,1
1,4,0.01,24,"ASC2_income",0,6.52303391674685e-05,0
1,4,0.01,24,"ASC2_child",0,-0.01806395906052,1
1,4,0.01,24,"ASC3_male",0,-0.0564108352356691,1
1,4,0.01,24,"ASC3_age",1.2,0.208836858970043,1
1,4,0.01,24,"ASC3_income",0,-0.0961733513202646,1
1,4,0.01,24,"ASC3_child",0,8.77619912386437e-06,0
1,4,0.01,24,"prot25_male",0.4,0.096175187249866,1
1,4,0.01,24,"prot25_age",0,0.0193776449739773,1
1,4,0.01,24,"prot25_income",0.8,0.252256835221944,1
1,4,0.01,24,"prot25_child",1,0.175623984329115,1
1,4,0.01,24,"prot50_male",0,0.0698969277513431,1
1,4,0.01,24,"prot50_age",-0.8,-0.202111357586963,1
1,4,0.01,24,"prot50_income",1.1,0.323446045023545,1
1,4,0.01,24,"prot50_child",0,0.093192371401801,1
1,4,0.01,24,"invasive_male",0,0.108055744878425,1
1,4,0.01,24,"invasive_age",1.1,0.261324505416295,1
1,4,0.01,24,"invasive_income",0,-2.82303663196359e-10,0
1,4,0.01,24,"invasive_child",1.2,0.443811462358217,1
1,4,0.01,25,"ASC2_male",1.2,0.137698990280676,1
1,4,0.01,25,"ASC2_age",0,-0.0845447432236416,1
1,4,0.01,25,"ASC2_income",0,-1.19230789795628e-12,0
1,4,0.01,25,"ASC2_child",0,0.0710455839912631,1
1,4,0.01,25,"ASC3_male",-1,-0.417160600889358,1
1,4,0.01,25,"ASC3_age",-0.2,-0.0398204043098106,1
1,4,0.01,25,"ASC3_income",0,0.00156947235773111,0
1,4,0.01,25,"ASC3_child",-1.1,-0.0909396619718262,1
1,4,0.01,25,"prot25_male",1.1,0.524236097313079,1
1,4,0.01,25,"prot25_age",-0.6,-0.174824264351301,1
1,4,0.01,25,"prot25_income",0,-0.0504232214348262,1
1,4,0.01,25,"prot25_child",1,0.200544380595533,1
1,4,0.01,25,"prot50_male",0,0.157952181264427,1
1,4,0.01,25,"prot50_age",0,-0.0439597802928836,1
1,4,0.01,25,"prot50_income",0,-0.0600780075749611,1
1,4,0.01,25,"prot50_child",0,-0.167496944724428,1
1,4,0.01,25,"invasive_male",0,-0.0560407468032063,1
1,4,0.01,25,"invasive_age",1.1,0.203578651162335,1
1,4,0.01,25,"invasive_income",-1.2,-0.337315794575199,1
1,4,0.01,25,"invasive_child",1.2,0.0917369205591506,1
1,4,0.01,26,"ASC2_male",0,-0.109111752215914,1
1,4,0.01,26,"ASC2_age",-0.9,-0.250032262014693,1
1,4,0.01,26,"ASC2_income",-1.2,-0.148925894755108,1
1,4,0.01,26,"ASC2_child",-0.4,-2.4810163917829e-08,0
1,4,0.01,26,"ASC3_male",0.8,0.150903133605033,1
1,4,0.01,26,"ASC3_age",0,1.05092419458361e-06,0
1,4,0.01,26,"ASC3_income",-0.5,-0.0200138868238341,1
1,4,0.01,26,"ASC3_child",0.1,1.49200741550807e-07,0
1,4,0.01,26,"prot25_male",-0.9,-2.44269628075873e-08,0
1,4,0.01,26,"prot25_age",0,-0.0208647187326266,1
1,4,0.01,26,"prot25_income",0,-0.0477426377991339,1
1,4,0.01,26,"prot25_child",0,-1.25080069964877e-08,0
1,4,0.01,26,"prot50_male",0,0.0096828605961936,0
1,4,0.01,26,"prot50_age",0,-7.43161467137368e-09,0
1,4,0.01,26,"prot50_income",0.1,0.00937293468895372,0
1,4,0.01,26,"prot50_child",0,9.73345993389074e-08,0
1,4,0.01,26,"invasive_male",0,-1.59550992309786e-08,0
1,4,0.01,26,"invasive_age",0.9,0.17336445140037,1
1,4,0.01,26,"invasive_income",-0.7,-0.0927481278575557,1
1,4,0.01,26,"invasive_child",0,-6.15577372380601e-08,0
1,4,0.01,27,"ASC2_male",-1.2,-0.275494055002255,1
1,4,0.01,27,"ASC2_age",-0.5,-0.0567577501119649,1
1,4,0.01,27,"ASC2_income",0,-0.00213857090495378,0
1,4,0.01,27,"ASC2_child",0,-0.0465162141544211,1
1,4,0.01,27,"ASC3_male",0,0.00999727930427591,0
1,4,0.01,27,"ASC3_age",0,-0.029548651256705,1
1,4,0.01,27,"ASC3_income",0,6.39846178452069e-07,0
1,4,0.01,27,"ASC3_child",0.8,0.224057395447299,1
1,4,0.01,27,"prot25_male",-0.8,-0.0476081622164979,1
1,4,0.01,27,"prot25_age",0.9,0.173417918233699,1
1,4,0.01,27,"prot25_income",0,0.00484501331987407,0
1,4,0.01,27,"prot25_child",0.6,0.222169084220455,1
1,4,0.01,27,"prot50_male",0,4.72239872854698e-07,0
1,4,0.01,27,"prot50_age",0,-0.0729158720507632,1
1,4,0.01,27,"prot50_income",0,-6.46965590821748e-07,0
1,4,0.01,27,"prot50_child",0.4,-2.55756997496793e-08,0
1,4,0.01,27,"invasive_male",-0.2,3.74041814144154e-07,0
1,4,0.01,27,"invasive_age",-0.2,-0.101311152270457,1
1,4,0.01,27,"invasive_income",1,0.228609386176556,1
1,4,0.01,27,"invasive_child",0,-0.0906408473464402,1
1,4,0.01,28,"ASC2_male",-0.6,-0.0951465160122984,1
1,4,0.01,28,"ASC2_age",0,0.00753894514229916,0
1,4,0.01,28,"ASC2_income",0,0.0587223262324361,1
1,4,0.01,28,"ASC2_child",0,-2.94775560922093e-10,0
1,4,0.01,28,"ASC3_male",-0.9,-7.81061851273905e-09,0
1,4,0.01,28,"ASC3_age",-0.8,-0.15276473344395,1
1,4,0.01,28,"ASC3_income",0,1.55547297081383e-08,0
1,4,0.01,28,"ASC3_child",-0.7,-0.0376316272955951,1
1,4,0.01,28,"prot25_male",0,4.80538813350348e-08,0
1,4,0.01,28,"prot25_age",1.1,0.191711718857152,1
1,4,0.01,28,"prot25_income",1.2,0.269192945772734,1
1,4,0.01,28,"prot25_child",0,2.76957134064688e-08,0
1,4,0.01,28,"prot50_male",-0.2,-0.158233267744735,1
1,4,0.01,28,"prot50_age",0.8,0.280115399842462,1
1,4,0.01,28,"prot50_income",-0.2,-0.0442951663895043,1
1,4,0.01,28,"prot50_child",0,0.0122189597185272,1
1,4,0.01,28,"invasive_male",0,-0.0542612477545313,1
1,4,0.01,28,"invasive_age",0,0.0631510714579572,1
1,4,0.01,28,"invasive_income",0.3,0.0970990891510921,1
1,4,0.01,28,"invasive_child",0,-1.10795046004574e-08,0
1,4,0.01,29,"ASC2_male",0,-0.0310905424638498,1
1,4,0.01,29,"ASC2_age",0,-0.0729341331538439,1
1,4,0.01,29,"ASC2_income",-0.1,0.020092041750852,1
1,4,0.01,29,"ASC2_child",0,-0.0592905314424588,1
1,4,0.01,29,"ASC3_male",0,-0.0896069860708352,1
1,4,0.01,29,"ASC3_age",0.9,0.144392643295903,1
1,4,0.01,29,"ASC3_income",0,0.0914606561319601,1
1,4,0.01,29,"ASC3_child",-0.2,-7.84938779682094e-06,0
1,4,0.01,29,"prot25_male",0,-1.84976886744007e-08,0
1,4,0.01,29,"prot25_age",0,-1.97468703354971e-06,0
1,4,0.01,29,"prot25_income",0.8,0.171334475748279,1
1,4,0.01,29,"prot25_child",-0.4,-0.0600418280815762,1
1,4,0.01,29,"prot50_male",0.4,0.0841013352119847,1
1,4,0.01,29,"prot50_age",0.5,0.104424003518317,1
1,4,0.01,29,"prot50_income",0,4.24605239561801e-07,0
1,4,0.01,29,"prot50_child",0.7,0.00625152178372328,0
1,4,0.01,29,"invasive_male",0,0.0144415623399936,1
1,4,0.01,29,"invasive_age",-0.3,-0.0614285765981758,1
1,4,0.01,29,"invasive_income",0,0.0274257617054207,1
1,4,0.01,29,"invasive_child",1,0.179907619227243,1
1,4,0.01,30,"ASC2_male",0,-0.0124495163408109,1
1,4,0.01,30,"ASC2_age",0,-0.0215331325041077,1
1,4,0.01,30,"ASC2_income",0,-1.0761010700159e-09,0
1,4,0.01,30,"ASC2_child",0.6,0.0276396943736181,1
1,4,0.01,30,"ASC3_male",0.4,-1.00307949231096e-08,0
1,4,0.01,30,"ASC3_age",0,-0.0181544280033525,1
1,4,0.01,30,"ASC3_income",0.2,0.0270142394873013,1
1,4,0.01,30,"ASC3_child",0.2,-1.44492203291631e-08,0
1,4,0.01,30,"prot25_male",0,0.0239604291417391,1
1,4,0.01,30,"prot25_age",-0.7,-0.178132042617369,1
1,4,0.01,30,"prot25_income",0.4,0.111085603192515,1
1,4,0.01,30,"prot25_child",0.8,0.0644965278538289,1
1,4,0.01,30,"prot50_male",-0.7,-1.86596640502e-08,0
1,4,0.01,30,"prot50_age",0,3.47312959011095e-12,0
1,4,0.01,30,"prot50_income",0,-0.00228931086543711,0
1,4,0.01,30,"prot50_child",0,-3.82377608950776e-09,0
1,4,0.01,30,"invasive_male",1.1,0.280160458087854,1
1,4,0.01,30,"invasive_age",0,-3.85782368284789e-09,0
1,4,0.01,30,"invasive_income",0.4,0.00887611953495583,0
1,4,0.01,30,"invasive_child",0,-2.80597804850692e-09,0
1,4,0.01,31,"ASC2_male",1.2,0.0101515025228505,1
1,4,0.01,31,"ASC2_age",0,-3.14139678346994e-14,0
1,4,0.01,31,"ASC2_income",-0.3,-0.125615080564115,1
1,4,0.01,31,"ASC2_child",0,0.020005191420659,1
1,4,0.01,31,"ASC3_male",0,-0.109422708796668,1
1,4,0.01,31,"ASC3_age",0,-0.050091891262959,1
1,4,0.01,31,"ASC3_income",0,-1.47589702563802e-08,0
1,4,0.01,31,"ASC3_child",0,-1.47967318126688e-08,0
1,4,0.01,31,"prot25_male",-0.8,-1.27330076501779e-08,0
1,4,0.01,31,"prot25_age",-0.2,-1.05709757310082e-08,0
1,4,0.01,31,"prot25_income",0,-0.0853585302621203,1
1,4,0.01,31,"prot25_child",0,0.0210570218466052,1
1,4,0.01,31,"prot50_male",-0.9,-3.67548560085352e-09,0
1,4,0.01,31,"prot50_age",-0.9,-0.189087507418334,1
1,4,0.01,31,"prot50_income",-0.2,-0.0425907181373145,1
1,4,0.01,31,"prot50_child",-0.5,-1.17680722757298e-07,0
1,4,0.01,31,"invasive_male",-1,-0.180372135452466,1
1,4,0.01,31,"invasive_age",0,-1.19112497079751e-08,0
1,4,0.01,31,"invasive_income",0,-2.33140547692831e-09,0
1,4,0.01,31,"invasive_child",-0.7,-7.55650941401783e-09,0
1,4,0.01,32,"ASC2_male",0.2,-5.00977767720621e-08,0
1,4,0.01,32,"ASC2_age",0.7,0.0726509293532247,1
1,4,0.01,32,"ASC2_income",-1,-0.247205199813998,1
1,4,0.01,32,"ASC2_child",0.4,3.49306964724883e-07,0
1,4,0.01,32,"ASC3_male",0,4.84248183147918e-10,0
1,4,0.01,32,"ASC3_age",0.3,-1.99031183668205e-06,0
1,4,0.01,32,"ASC3_income",0,8.49558792274221e-06,0
1,4,0.01,32,"ASC3_child",0.5,-4.85552697496051e-08,0
1,4,0.01,32,"prot25_male",0,0.0901698625368351,1
1,4,0.01,32,"prot25_age",-0.6,-0.0513602948738624,1
1,4,0.01,32,"prot25_income",0,6.83072984800459e-07,0
1,4,0.01,32,"prot25_child",0,2.05734790109251e-05,0
1,4,0.01,32,"prot50_male",0.7,0.186982860567741,1
1,4,0.01,32,"prot50_age",0.3,0.158281895482889,1
1,4,0.01,32,"prot50_income",0,1.83062849455564e-07,0
1,4,0.01,32,"prot50_child",-0.6,-8.22001808564557e-07,0
1,4,0.01,32,"invasive_male",0,-6.17482324347637e-07,0
1,4,0.01,32,"invasive_age",0,2.45029766232799e-06,0
1,4,0.01,32,"invasive_income",0,2.00333914003063e-08,0
1,4,0.01,32,"invasive_child",0,2.46648587342477e-06,0
1,4,0.01,33,"ASC2_male",0,-8.13744226786633e-09,0
1,4,0.01,33,"ASC2_age",-0.3,-0.121173194990347,1
1,4,0.01,33,"ASC2_income",0,0.0259367342192095,1
1,4,0.01,33,"ASC2_child",0,0.0854555068079584,1
1,4,0.01,33,"ASC3_male",0,1.6072226339243e-07,0
1,4,0.01,33,"ASC3_age",1.1,0.202617024761429,1
1,4,0.01,33,"ASC3_income",0,-0.00252898406648141,0
1,4,0.01,33,"ASC3_child",0,-0.0385160412192741,1
1,4,0.01,33,"prot25_male",0.9,0.202555043120083,1
1,4,0.01,33,"prot25_age",-0.8,-0.0944716620618929,1
1,4,0.01,33,"prot25_income",1.1,0.269751059633069,1
1,4,0.01,33,"prot25_child",0,-6.79273104352466e-11,0
1,4,0.01,33,"prot50_male",-1.2,-0.102835535186225,1
1,4,0.01,33,"prot50_age",0.3,0.0338171180704731,1
1,4,0.01,33,"prot50_income",0,0.0330534923514003,1
1,4,0.01,33,"prot50_child",0.8,0.0450313993193311,1
1,4,0.01,33,"invasive_male",0,-1.63990704556209e-07,0
1,4,0.01,33,"invasive_age",-1.2,-0.328311950766786,1
1,4,0.01,33,"invasive_income",0.6,0.121327469702265,1
1,4,0.01,33,"invasive_child",0,0.0128657657202044,1
1,4,0.01,34,"ASC2_male",0,7.77720701183835e-08,0
1,4,0.01,34,"ASC2_age",-0.5,-0.114051668193294,1
1,4,0.01,34,"ASC2_income",0,0.0478443732348904,1
1,4,0.01,34,"ASC2_child",1,0.167909046593833,1
1,4,0.01,34,"ASC3_male",0,3.56585452308175e-07,0
1,4,0.01,34,"ASC3_age",-0.3,-0.0800866491334348,1
1,4,0.01,34,"ASC3_income",-0.7,-0.0984466296161844,1
1,4,0.01,34,"ASC3_child",-1,-0.133913653896354,1
1,4,0.01,34,"prot25_male",0,0.0769470724846687,1
1,4,0.01,34,"prot25_age",0,3.54495987323204e-07,0
1,4,0.01,34,"prot25_income",0,-2.69086733240431e-08,0
1,4,0.01,34,"prot25_child",0,3.22984597472364e-07,0
1,4,0.01,34,"prot50_male",0,-4.45247943691044e-07,0
1,4,0.01,34,"prot50_age",-0.8,-0.169709046665399,1
1,4,0.01,34,"prot50_income",-0.1,-0.00724220969275474,0
1,4,0.01,34,"prot50_child",0,1.90407443486372e-08,0
1,4,0.01,34,"invasive_male",-0.9,-0.0729651455661145,1
1,4,0.01,34,"invasive_age",-0.9,-0.205653699442989,1
1,4,0.01,34,"invasive_income",-0.9,-0.136622823141019,1
1,4,0.01,34,"invasive_child",0,3.70910153703685e-07,0
1,4,0.01,35,"ASC2_male",0,-0.0619417745180357,1
1,4,0.01,35,"ASC2_age",0,-4.25037260891213e-07,0
1,4,0.01,35,"ASC2_income",-0.2,-0.0400254350308917,1
1,4,0.01,35,"ASC2_child",0,1.6339223220472e-10,0
1,4,0.01,35,"ASC3_male",0,-0.128694105702708,1
1,4,0.01,35,"ASC3_age",0,0.0964617514774578,1
1,4,0.01,35,"ASC3_income",0,0.00745125642636827,0
1,4,0.01,35,"ASC3_child",0,-9.47349111303618e-10,0
1,4,0.01,35,"prot25_male",0,-1.16690752648221e-07,0
1,4,0.01,35,"prot25_age",1.2,0.288319139149365,1
1,4,0.01,35,"prot25_income",-0.2,-0.0517141134983646,1
1,4,0.01,35,"prot25_child",0.8,0.150868601487634,1
1,4,0.01,35,"prot50_male",-0.9,-0.187508217158787,1
1,4,0.01,35,"prot50_age",-0.2,-0.0702043356267737,1
1,4,0.01,35,"prot50_income",0,0.0293130948358001,1
1,4,0.01,35,"prot50_child",0,-2.52367351817639e-09,0
1,4,0.01,35,"invasive_male",0.3,0.105182846215827,1
1,4,0.01,35,"invasive_age",0.3,0.078951473132438,1
1,4,0.01,35,"invasive_income",-0.4,-0.0693773877925926,1
1,4,0.01,35,"invasive_child",-0.5,-0.128560285986606,1
1,4,0.01,36,"ASC2_male",-0.7,-0.0652947041384981,1
1,4,0.01,36,"ASC2_age",0,-2.11983406165821e-07,0
1,4,0.01,36,"ASC2_income",0.1,2.22987141508441e-07,0
1,4,0.01,36,"ASC2_child",0,-4.93288675641605e-09,0
1,4,0.01,36,"ASC3_male",0,8.18598746450684e-09,0
1,4,0.01,36,"ASC3_age",0.6,0.153618076902726,1
1,4,0.01,36,"ASC3_income",1.1,0.175886876911945,1
1,4,0.01,36,"ASC3_child",0,-2.45593251912261e-08,0
1,4,0.01,36,"prot25_male",0,-2.68936590696323e-09,0
1,4,0.01,36,"prot25_age",0,-9.28470519198661e-08,0
1,4,0.01,36,"prot25_income",0.2,0.0723024144110217,1
1,4,0.01,36,"prot25_child",0,0.0494785563677941,1
1,4,0.01,36,"prot50_male",0,6.27406606117616e-09,0
1,4,0.01,36,"prot50_age",0.9,0.147903448150261,1
1,4,0.01,36,"prot50_income",-0.8,-0.198121484510941,1
1,4,0.01,36,"prot50_child",0,3.965577617012e-09,0
1,4,0.01,36,"invasive_male",-1,-0.194291879736488,1
1,4,0.01,36,"invasive_age",0.8,0.143211325343345,1
1,4,0.01,36,"invasive_income",0,-2.0029639140049e-08,0
1,4,0.01,36,"invasive_child",-0.8,-4.06636036296003e-09,0
1,4,0.01,37,"ASC2_male",0,-3.77799292358345e-07,0
1,4,0.01,37,"ASC2_age",0,0.0589514687650333,1
1,4,0.01,37,"ASC2_income",0,-0.0729361211921743,1
1,4,0.01,37,"ASC2_child",0,9.17253765253068e-10,0
1,4,0.01,37,"ASC3_male",0,0.0310527880331317,1
1,4,0.01,37,"ASC3_age",0,0.0552999300044331,1
1,4,0.01,37,"ASC3_income",0.6,0.125657804965408,1
1,4,0.01,37,"ASC3_child",0,-0.0986440970436061,1
1,4,0.01,37,"prot25_male",-0.8,-0.0273307466931286,1
1,4,0.01,37,"prot25_age",0.9,0.132232827471667,1
1,4,0.01,37,"prot25_income",-0.7,-0.0728938110166328,1
1,4,0.01,37,"prot25_child",0.1,9.54605397165129e-09,0
1,4,0.01,37,"prot50_male",0,0.024471762882406,1
1,4,0.01,37,"prot50_age",1,0.193281147398347,1
1,4,0.01,37,"prot50_income",0,0.0331091399638141,1
1,4,0.01,37,"prot50_child",-0.9,-0.225729513987559,1
1,4,0.01,37,"invasive_male",0.6,-4.02164905655288e-10,0
1,4,0.01,37,"invasive_age",-0.3,-1.98015026841164e-09,0
1,4,0.01,37,"invasive_income",1.1,0.38952105564753,1
1,4,0.01,37,"invasive_child",0,0.0281751997675297,1
1,4,0.01,38,"ASC2_male",0.8,0.210279363908837,1
1,4,0.01,38,"ASC2_age",0,-0.0286633004124203,1
1,4,0.01,38,"ASC2_income",0.8,0.305356482372788,1
1,4,0.01,38,"ASC2_child",0.4,0.00791451177699845,0
1,4,0.01,38,"ASC3_male",0,1.42522505307182e-07,0
1,4,0.01,38,"ASC3_age",0,0.0230600662729512,1
1,4,0.01,38,"ASC3_income",0,0.120813338887096,1
1,4,0.01,38,"ASC3_child",0.2,0.0561340531048608,1
1,4,0.01,38,"prot25_male",0,1.46824277596829e-07,0
1,4,0.01,38,"prot25_age",0,-0.0126368464124248,1
1,4,0.01,38,"prot25_income",0,-0.105311257116325,1
1,4,0.01,38,"prot25_child",0,-0.102639296068198,1
1,4,0.01,38,"prot50_male",0,0.0810230209534872,1
1,4,0.01,38,"prot50_age",0.3,0.0290497173830867,1
1,4,0.01,38,"prot50_income",0.9,0.219965138298831,1
1,4,0.01,38,"prot50_child",0,-0.221060017150791,1
1,4,0.01,38,"invasive_male",-0.5,-0.125771835599892,1
1,4,0.01,38,"invasive_age",0.9,0.214274340154969,1
1,4,0.01,38,"invasive_income",1,0.366312411202553,1
1,4,0.01,38,"invasive_child",-0.2,-0.188644393435336,1
1,4,0.01,39,"ASC2_male",0.9,0.12527847629395,1
1,4,0.01,39,"ASC2_age",1.1,0.262940355318238,1
1,4,0.01,39,"ASC2_income",0,-0.0209956191066419,1
1,4,0.01,39,"ASC2_child",0.7,0.293937467403681,1
1,4,0.01,39,"ASC3_male",0,-1.16843392075847e-06,0
1,4,0.01,39,"ASC3_age",-0.1,-0.000357419909233371,0
1,4,0.01,39,"ASC3_income",0,2.80016229259583e-07,0
1,4,0.01,39,"ASC3_child",-1.1,-0.183677587296922,1
1,4,0.01,39,"prot25_male",0,5.08385261848777e-07,0
1,4,0.01,39,"prot25_age",0,-1.1495547096295e-08,0
1,4,0.01,39,"prot25_income",0.9,0.20168974646889,1
1,4,0.01,39,"prot25_child",0,3.65187977701898e-08,0
1,4,0.01,39,"prot50_male",0,7.21672525717669e-09,0
1,4,0.01,39,"prot50_age",0.9,0.23140143031965,1
1,4,0.01,39,"prot50_income",-0.8,-0.362629342821018,1
1,4,0.01,39,"prot50_child",0,2.26431963363138e-07,0
1,4,0.01,39,"invasive_male",0.1,-1.89242973838975e-07,0
1,4,0.01,39,"invasive_age",0,-9.96815398326296e-07,0
1,4,0.01,39,"invasive_income",0.7,0.0958743461159648,1
1,4,0.01,39,"invasive_child",0,4.72568456346287e-07,0
1,4,0.01,40,"ASC2_male",0,2.87527630222737e-06,0
1,4,0.01,40,"ASC2_age",0,-4.60477570810151e-07,0
1,4,0.01,40,"ASC2_income",-1,-0.250298949873504,1
1,4,0.01,40,"ASC2_child",-0.4,-2.98230857412213e-07,0
1,4,0.01,40,"ASC3_male",1.2,0.252260048918232,1
1,4,0.01,40,"ASC3_age",0,2.11723861319706e-07,0
1,4,0.01,40,"ASC3_income",0,-0.0645921659167258,1
1,4,0.01,40,"ASC3_child",0,4.29899513245589e-06,0
1,4,0.01,40,"prot25_male",-0.1,0.112506054386566,1
1,4,0.01,40,"prot25_age",0,7.10919001158879e-08,0
1,4,0.01,40,"prot25_income",-0.3,-0.0042964495897917,0
1,4,0.01,40,"prot25_child",-0.5,-4.8799717502705e-05,0
1,4,0.01,40,"prot50_male",-1.2,9.14346877347348e-08,0
1,4,0.01,40,"prot50_age",0,-6.19115379556902e-12,0
1,4,0.01,40,"prot50_income",0,-7.9380879549681e-06,0
1,4,0.01,40,"prot50_child",1.1,0.227714045471626,1
1,4,0.01,40,"invasive_male",-0.8,-1.46636082665641e-08,0
1,4,0.01,40,"invasive_age",0.5,0.0806731867961516,1
1,4,0.01,40,"invasive_income",0,4.02838128717368e-08,0
1,4,0.01,40,"invasive_child",0,-0.0639168407980191,1
1,4,0.01,41,"ASC2_male",0.1,-0.213119712090614,1
1,4,0.01,41,"ASC2_age",0,2.98996983177614e-08,0
1,4,0.01,41,"ASC2_income",-1,-0.191514382554733,1
1,4,0.01,41,"ASC2_child",-0.6,-0.0596566649887631,1
1,4,0.01,41,"ASC3_male",0.8,0.0683479276009412,1
1,4,0.01,41,"ASC3_age",-0.6,-0.102851369214546,1
1,4,0.01,41,"ASC3_income",-0.6,-0.168753108421886,1
1,4,0.01,41,"ASC3_child",-1,-0.261273063423234,1
1,4,0.01,41,"prot25_male",0,0.328086501847195,1
1,4,0.01,41,"prot25_age",-1,-0.32747040307981,1
1,4,0.01,41,"prot25_income",0,-0.0145855318622767,1
1,4,0.01,41,"prot25_child",0,-5.13718271139789e-09,0
1,4,0.01,41,"prot50_male",0,0.102913420898595,1
1,4,0.01,41,"prot50_age",0,1.12361682609565e-12,0
1,4,0.01,41,"prot50_income",0,-0.000807262236154938,0
1,4,0.01,41,"prot50_child",0,-4.45912150399433e-09,0
1,4,0.01,41,"invasive_male",-0.7,-0.198353358187194,1
1,4,0.01,41,"invasive_age",-0.5,-0.0684626221075986,1
1,4,0.01,41,"invasive_income",0,-0.0239241762339615,1
1,4,0.01,41,"invasive_child",0,-0.0158841749611448,1
1,4,0.01,42,"ASC2_male",-0.1,0.0904101562603452,1
1,4,0.01,42,"ASC2_age",1,0.255868802467395,1
1,4,0.01,42,"ASC2_income",0,0.0383866979060361,1
1,4,0.01,42,"ASC2_child",0.4,1.09209770779516e-08,0
1,4,0.01,42,"ASC3_male",-0.7,-0.00561117336224671,0
1,4,0.01,42,"ASC3_age",0,-6.03829087168811e-07,0
1,4,0.01,42,"ASC3_income",0,4.43109213316405e-09,0
1,4,0.01,42,"ASC3_child",0,-1.91952500185719e-09,0
1,4,0.01,42,"prot25_male",0.1,-7.52382689331891e-08,0
1,4,0.01,42,"prot25_age",0.8,0.18101585628903,1
1,4,0.01,42,"prot25_income",0,-0.0333190590592358,1
1,4,0.01,42,"prot25_child",0,-4.97579266259817e-09,0
1,4,0.01,42,"prot50_male",0,0.0890584646171407,1
1,4,0.01,42,"prot50_age",1,0.166260512842102,1
1,4,0.01,42,"prot50_income",0,-1.59177449858022e-09,0
1,4,0.01,42,"prot50_child",0,-7.26018918484983e-10,0
1,4,0.01,42,"invasive_male",-0.9,-0.0274018193720328,1
1,4,0.01,42,"invasive_age",0,0.0079321222437868,0
1,4,0.01,42,"invasive_income",-1,-0.180551546120874,1
1,4,0.01,42,"invasive_child",-1.1,-0.180973644736597,1
1,4,0.01,43,"ASC2_male",0,-0.0774389417206242,1
1,4,0.01,43,"ASC2_age",-0.8,-0.193125354866495,1
1,4,0.01,43,"ASC2_income",0,-1.10509418066018e-08,0
1,4,0.01,43,"ASC2_child",0,0.0655510783082177,1
1,4,0.01,43,"ASC3_male",-1.2,-0.303175330583541,1
1,4,0.01,43,"ASC3_age",0,-0.0460187920894546,1
1,4,0.01,43,"ASC3_income",0,-0.0495590942884317,1
1,4,0.01,43,"ASC3_child",0,-1.16897348424847e-07,0
1,4,0.01,43,"prot25_male",1,0.263702054765315,1
1,4,0.01,43,"prot25_age",0.5,0.168769582021783,1
1,4,0.01,43,"prot25_income",0.9,0.244171095259768,1
1,4,0.01,43,"prot25_child",1,0.305878210278186,1
1,4,0.01,43,"prot50_male",-0.2,-0.14477884132804,1
1,4,0.01,43,"prot50_age",0,-9.81453328537869e-09,0
1,4,0.01,43,"prot50_income",-0.3,-0.0357534187572132,1
1,4,0.01,43,"prot50_child",0.6,0.111514836149366,1
1,4,0.01,43,"invasive_male",0,-0.0232854964793946,1
1,4,0.01,43,"invasive_age",0,-5.53280379802458e-08,0
1,4,0.01,43,"invasive_income",1,0.205992545450056,1
1,4,0.01,43,"invasive_child",0,-2.77007722016221e-08,0
1,4,0.01,44,"ASC2_male",0.9,-4.6114278055495e-09,0
1,4,0.01,44,"ASC2_age",1.2,0.328468085195894,1
1,4,0.01,44,"ASC2_income",0,-3.60633010599502e-07,0
1,4,0.01,44,"ASC2_child",0,-3.56627147695093e-09,0
1,4,0.01,44,"ASC3_male",0.9,0.187448087826057,1
1,4,0.01,44,"ASC3_age",0,4.25502046356946e-08,0
1,4,0.01,44,"ASC3_income",-0.5,-0.0974545434285775,1
1,4,0.01,44,"ASC3_child",-1.1,-0.153117104879965,1
1,4,0.01,44,"prot25_male",-1.1,-0.214109233094111,1
1,4,0.01,44,"prot25_age",0,-1.87721222402302e-09,0
1,4,0.01,44,"prot25_income",0,-0.0869659581655266,1
1,4,0.01,44,"prot25_child",0.9,0.17555794448001,1
1,4,0.01,44,"prot50_male",0,-3.00182074541383e-09,0
1,4,0.01,44,"prot50_age",-1.2,-0.326305986657059,1
1,4,0.01,44,"prot50_income",-0.5,-0.0893827140730739,1
1,4,0.01,44,"prot50_child",0,-3.14966136404189e-09,0
1,4,0.01,44,"invasive_male",-0.8,-0.0909318537780232,1
1,4,0.01,44,"invasive_age",0,0.0187304144252247,1
1,4,0.01,44,"invasive_income",0,-4.50156781463327e-09,0
1,4,0.01,44,"invasive_child",0,0.0360445036889842,1
1,4,0.01,45,"ASC2_male",-0.6,-1.72676801285286e-07,0
1,4,0.01,45,"ASC2_age",0,5.07154044450017e-08,0
1,4,0.01,45,"ASC2_income",0,2.22803195742745e-07,0
1,4,0.01,45,"ASC2_child",0.2,0.027836000894674,1
1,4,0.01,45,"ASC3_male",-0.7,-1.29636461824325e-07,0
1,4,0.01,45,"ASC3_age",0,-9.42544202855465e-09,0
1,4,0.01,45,"ASC3_income",0,5.31338412334358e-08,0
1,4,0.01,45,"ASC3_child",-0.1,1.77798745713595e-09,0
1,4,0.01,45,"prot25_male",0,-3.76095844609267e-09,0
1,4,0.01,45,"prot25_age",-0.8,-0.259222689859098,1
1,4,0.01,45,"prot25_income",0,4.84687086289471e-07,0
1,4,0.01,45,"prot25_child",0.4,0.0327514164038465,1
1,4,0.01,45,"prot50_male",0,3.33672456896458e-07,0
1,4,0.01,45,"prot50_age",1.2,0.196805485027421,1
1,4,0.01,45,"prot50_income",0,-3.31155832563072e-06,0
1,4,0.01,45,"prot50_child",-0.2,1.1067494388692e-07,0
1,4,0.01,45,"invasive_male",-1,-0.0628080780194107,1
1,4,0.01,45,"invasive_age",0,1.76553349973632e-07,0
1,4,0.01,45,"invasive_income",-0.3,-0.0785857739801124,1
1,4,0.01,45,"invasive_child",0,2.76147612866967e-08,0
1,4,0.01,46,"ASC2_male",-0.3,-0.110724311351401,1
1,4,0.01,46,"ASC2_age",0,3.80879865129533e-06,0
1,4,0.01,46,"ASC2_income",-0.4,-0.0843619421300631,1
1,4,0.01,46,"ASC2_child",0,-6.42831928440487e-06,0
1,4,0.01,46,"ASC3_male",0,-0.00442448193681349,0
1,4,0.01,46,"ASC3_age",0,-0.00532489224532267,0
1,4,0.01,46,"ASC3_income",0,-1.01072134206486e-05,0
1,4,0.01,46,"ASC3_child",0,4.86268234818852e-10,0
1,4,0.01,46,"prot25_male",0,-0.121418115541708,1
1,4,0.01,46,"prot25_age",0.9,0.232906113018975,1
1,4,0.01,46,"prot25_income",0.4,0.0778538299375206,1
1,4,0.01,46,"prot25_child",0.5,0.132850682421028,1
1,4,0.01,46,"prot50_male",0.7,0.208457151360671,1
1,4,0.01,46,"prot50_age",0.5,0.131321709302304,1
1,4,0.01,46,"prot50_income",-0.5,-0.180933673246777,1
1,4,0.01,46,"prot50_child",0.7,0.146601866932354,1
1,4,0.01,46,"invasive_male",0,-4.70838548768593e-06,0
1,4,0.01,46,"invasive_age",0,0.115048538361349,1
1,4,0.01,46,"invasive_income",0,5.87581402709189e-07,0
1,4,0.01,46,"invasive_child",0.6,0.34984449498916,1
1,4,0.01,47,"ASC2_male",0,-1.7033931195957e-08,0
1,4,0.01,47,"ASC2_age",0,-3.66658277718794e-06,0
1,4,0.01,47,"ASC2_income",-0.7,-0.139653852919766,1
1,4,0.01,47,"ASC2_child",0.9,0.150134508676529,1
1,4,0.01,47,"ASC3_male",0,-0.0674969242568282,1
1,4,0.01,47,"ASC3_age",1,0.322762071859587,1
1,4,0.01,47,"ASC3_income",0,0.0246192577623301,1
1,4,0.01,47,"ASC3_child",0,-0.119136372675569,1
1,4,0.01,47,"prot25_male",1.2,0.44988271597277,1
1,4,0.01,47,"prot25_age",1,0.216778585852381,1
1,4,0.01,47,"prot25_income",0,-0.0939561464755483,1
1,4,0.01,47,"prot25_child",0.5,0.0251888532967021,1
1,4,0.01,47,"prot50_male",-0.1,-0.134551781200801,1
1,4,0.01,47,"prot50_age",0,-1.49726757618041e-09,0
1,4,0.01,47,"prot50_income",1,0.148464751922319,1
1,4,0.01,47,"prot50_child",0,6.42018459514281e-09,0
1,4,0.01,47,"invasive_male",0,0.0161732444218913,1
1,4,0.01,47,"invasive_age",0,0.016768793928886,1
1,4,0.01,47,"invasive_income",-0.3,-0.0873471216262793,1
1,4,0.01,47,"invasive_child",-0.9,-0.222735276314515,1
1,4,0.01,48,"ASC2_male",0.3,0.105982184683441,1
1,4,0.01,48,"ASC2_age",0,-0.000526175936173163,0
1,4,0.01,48,"ASC2_income",-1.1,-0.237741420011923,1
1,4,0.01,48,"ASC2_child",0,-1.07287185928331e-08,0
1,4,0.01,48,"ASC3_male",0,-6.09686326479957e-09,0
1,4,0.01,48,"ASC3_age",1,0.231292392367665,1
1,4,0.01,48,"ASC3_income",0.7,0.131244440713869,1
1,4,0.01,48,"ASC3_child",0.9,0.078544089563067,1
1,4,0.01,48,"prot25_male",1,0.38556241399537,1
1,4,0.01,48,"prot25_age",0,-1.51588982264963e-08,0
1,4,0.01,48,"prot25_income",0.2,-8.19754092595443e-09,0
1,4,0.01,48,"prot25_child",0,-4.60563398731208e-09,0
1,4,0.01,48,"prot50_male",-0.7,-1.18795431968738e-08,0
1,4,0.01,48,"prot50_age",0,-2.06338104751342e-10,0
1,4,0.01,48,"prot50_income",0,-1.60748586916656e-08,0
1,4,0.01,48,"prot50_child",0.1,0.0508481752989963,1
1,4,0.01,48,"invasive_male",0,-5.83780814331773e-08,0
1,4,0.01,48,"invasive_age",0,-3.12606658477761e-09,0
1,4,0.01,48,"invasive_income",0.6,0.0744180503539269,1
1,4,0.01,48,"invasive_child",0,-2.4998461911165e-08,0
1,4,0.01,49,"ASC2_male",0,-9.19299418248868e-09,0
1,4,0.01,49,"ASC2_age",0.6,0.0316283539505373,1
1,4,0.01,49,"ASC2_income",0,0.0258656343263547,1
1,4,0.01,49,"ASC2_child",0.6,-4.54939591511438e-09,0
1,4,0.01,49,"ASC3_male",0,-7.98261768819349e-09,0
1,4,0.01,49,"ASC3_age",0.5,0.0616425461867932,1
1,4,0.01,49,"ASC3_income",-0.2,0.00522257341920605,0
1,4,0.01,49,"ASC3_child",0,1.30024622306317e-08,0
1,4,0.01,49,"prot25_male",1,0.173037807062498,1
1,4,0.01,49,"prot25_age",0,0.00042421465280058,0
1,4,0.01,49,"prot25_income",0.8,0.156744392524998,1
1,4,0.01,49,"prot25_child",-1,-9.77511204002816e-09,0
1,4,0.01,49,"prot50_male",0,-2.49372821472821e-10,0
1,4,0.01,49,"prot50_age",0.7,0.231221408972101,1
1,4,0.01,49,"prot50_income",0,-1.25855616198537e-08,0
1,4,0.01,49,"prot50_child",-1,-1.09087144012852e-05,0
1,4,0.01,49,"invasive_male",-0.2,-8.29010154866339e-09,0
1,4,0.01,49,"invasive_age",0,-0.0491807560181754,1
1,4,0.01,49,"invasive_income",0,-2.46861412815469e-08,0
1,4,0.01,49,"invasive_child",0,-1.1470127751232e-08,0
1,4,0.01,50,"ASC2_male",0,-3.32315282627714e-09,0
1,4,0.01,50,"ASC2_age",0,-8.17624023016843e-09,0
1,4,0.01,50,"ASC2_income",0.4,0.0577092634129003,1
1,4,0.01,50,"ASC2_child",0.1,-2.28184485130268e-09,0
1,4,0.01,50,"ASC3_male",0,-1.34772836731387e-08,0
1,4,0.01,50,"ASC3_age",0,-6.39633526728829e-09,0
1,4,0.01,50,"ASC3_income",0,-9.81392058662769e-09,0
1,4,0.01,50,"ASC3_child",-0.2,-0.0841996265214995,1
1,4,0.01,50,"prot25_male",-0.4,-7.7055885018348e-09,0
1,4,0.01,50,"prot25_age",1.2,0.212375579200633,1
1,4,0.01,50,"prot25_income",-0.6,-0.0205192236690711,1
1,4,0.01,50,"prot25_child",0,-7.50488904724909e-09,0
1,4,0.01,50,"prot50_male",1,0.271168462456702,1
1,4,0.01,50,"prot50_age",-0.3,-0.0759944578145638,1
1,4,0.01,50,"prot50_income",0,-7.11047191005974e-09,0
1,4,0.01,50,"prot50_child",0,-1.14021836540364e-08,0
1,4,0.01,50,"invasive_male",-1,-0.143708862059497,1
1,4,0.01,50,"invasive_age",0.4,0.0374479561992853,1
1,4,0.01,50,"invasive_income",0,-1.29017649416686e-08,0
1,4,0.01,50,"invasive_child",0,-3.80553220520484e-09,0
1,4,0.01,51,"ASC2_male",1.1,0.0820329326429925,1
1,4,0.01,51,"ASC2_age",0,0.000447617410358849,0
1,4,0.01,51,"ASC2_income",-0.5,1.06811431501386e-08,0
1,4,0.01,51,"ASC2_child",0,-1.78536979444259e-10,0
1,4,0.01,51,"ASC3_male",0,-3.52773203468896e-09,0
1,4,0.01,51,"ASC3_age",-1,-0.256068418239339,1
1,4,0.01,51,"ASC3_income",-0.5,-5.3866387211967e-09,0
1,4,0.01,51,"ASC3_child",0,3.03361353904839e-07,0
1,4,0.01,51,"prot25_male",0,0.0608042046024363,1
1,4,0.01,51,"prot25_age",-0.8,-0.180452911857152,1
1,4,0.01,51,"prot25_income",0.9,0.120104226309066,1
1,4,0.01,51,"prot25_child",0.8,0.00810118057619794,0
1,4,0.01,51,"prot50_male",-1,-0.00029156090026629,0
1,4,0.01,51,"prot50_age",0,4.18977372766583e-08,0
1,4,0.01,51,"prot50_income",0,-1.90947667463553e-09,0
1,4,0.01,51,"prot50_child",0,3.83458381428697e-10,0
1,4,0.01,51,"invasive_male",0.9,0.00333205239420726,0
1,4,0.01,51,"invasive_age",0,0.0089885628078416,0
1,4,0.01,51,"invasive_income",-0.4,-0.0175448838541923,1
1,4,0.01,51,"invasive_child",0,-1.19832362830965e-06,0
1,4,0.01,52,"ASC2_male",0,-0.0309145199192401,1
1,4,0.01,52,"ASC2_age",0.8,0.182712243814871,1
1,4,0.01,52,"ASC2_income",0,7.86099405009832e-07,0
1,4,0.01,52,"ASC2_child",0,-0.149748137755113,1
1,4,0.01,52,"ASC3_male",1.1,0.104983778674062,1
1,4,0.01,52,"ASC3_age",0,-0.0116802709715963,1
1,4,0.01,52,"ASC3_income",0.2,0.0113028048536967,1
1,4,0.01,52,"ASC3_child",0,0.0578981889415091,1
1,4,0.01,52,"prot25_male",-0.9,-0.0984926350560618,1
1,4,0.01,52,"prot25_age",1.1,0.302358087514933,1
1,4,0.01,52,"prot25_income",0,0.0389835748451366,1
1,4,0.01,52,"prot25_child",-1.1,-2.3903503929934e-07,0
1,4,0.01,52,"prot50_male",0,0.137862529746393,1
1,4,0.01,52,"prot50_age",0,-0.0299590717733678,1
1,4,0.01,52,"prot50_income",0.9,0.216362884988291,1
1,4,0.01,52,"prot50_child",-0.2,0.0789612384975764,1
1,4,0.01,52,"invasive_male",0.2,1.8623648544215e-08,0
1,4,0.01,52,"invasive_age",0,-0.00870385882543689,0
1,4,0.01,52,"invasive_income",-0.9,-0.178840398871991,1
1,4,0.01,52,"invasive_child",0,1.63997428351571e-07,0
1,4,0.01,53,"ASC2_male",0,-1.06864693952147e-08,0
1,4,0.01,53,"ASC2_age",0,0.0156046613047985,1
1,4,0.01,53,"ASC2_income",-0.7,-0.0682896210267766,1
1,4,0.01,53,"ASC2_child",0.7,0.122428470780696,1
1,4,0.01,53,"ASC3_male",0,-0.0860885960504496,1
1,4,0.01,53,"ASC3_age",-0.4,-0.0686304780044638,1
1,4,0.01,53,"ASC3_income",0,0.0497336472080563,1
1,4,0.01,53,"ASC3_child",0,2.58981860890139e-08,0
1,4,0.01,53,"prot25_male",-1.1,-0.12634402824275,1
1,4,0.01,53,"prot25_age",-0.4,-0.140452329990815,1
1,4,0.01,53,"prot25_income",0,-0.0830495012929938,1
1,4,0.01,53,"prot25_child",0,0.143036037074082,1
1,4,0.01,53,"prot50_male",0,0.00713106520179111,0
1,4,0.01,53,"prot50_age",0.4,0.0693688956322387,1
1,4,0.01,53,"prot50_income",0,-0.0641786144066741,1
1,4,0.01,53,"prot50_child",0,0.0733443981980342,1
1,4,0.01,53,"invasive_male",-1.1,-0.319031343403631,1
1,4,0.01,53,"invasive_age",0.4,0.177044946510276,1
1,4,0.01,53,"invasive_income",-0.4,-0.0445100976322411,1
1,4,0.01,53,"invasive_child",0.5,0.174453060410102,1
1,4,0.01,54,"ASC2_male",-1,-0.323199835800875,1
1,4,0.01,54,"ASC2_age",0.5,0.110962303828534,1
1,4,0.01,54,"ASC2_income",0,-7.71347972252559e-08,0
1,4,0.01,54,"ASC2_child",0.2,1.37686026861591e-07,0
1,4,0.01,54,"ASC3_male",0.5,0.132422550842368,1
1,4,0.01,54,"ASC3_age",-0.2,-0.0246285584364937,1
1,4,0.01,54,"ASC3_income",0,6.41889435951038e-06,0
1,4,0.01,54,"ASC3_child",0,-1.09412466142604e-08,0
1,4,0.01,54,"prot25_male",0,0.0778035945317178,1
1,4,0.01,54,"prot25_age",0,-0.0428345203523379,1
1,4,0.01,54,"prot25_income",0.3,0.0763347769443025,1
1,4,0.01,54,"prot25_child",0,0.0236851822708831,1
1,4,0.01,54,"prot50_male",0,-1.71912097738453e-10,0
1,4,0.01,54,"prot50_age",0.9,0.163755049456325,1
1,4,0.01,54,"prot50_income",0,-0.00244732897592219,0
1,4,0.01,54,"prot50_child",-0.4,-0.0533562543541465,1
1,4,0.01,54,"invasive_male",0,-0.184870256905386,1
1,4,0.01,54,"invasive_age",0.9,0.27548228669322,1
1,4,0.01,54,"invasive_income",-0.4,-0.116969490283022,1
1,4,0.01,54,"invasive_child",0,1.29597573862479e-07,0
1,4,0.01,55,"ASC2_male",0.9,0.0649383097814725,1
1,4,0.01,55,"ASC2_age",0,-1.71253299857169e-08,0
1,4,0.01,55,"ASC2_income",0,-0.00640179756341615,0
1,4,0.01,55,"ASC2_child",0.9,0.167957475963124,1
1,4,0.01,55,"ASC3_male",0,-0.0482973420827042,1
1,4,0.01,55,"ASC3_age",0,-1.08794683473008e-08,0
1,4,0.01,55,"ASC3_income",0,0.0266881719774374,1
1,4,0.01,55,"ASC3_child",-1,-0.400709903073465,1
1,4,0.01,55,"prot25_male",-0.9,-0.199505406000229,1
1,4,0.01,55,"prot25_age",-0.6,-0.125124778759387,1
1,4,0.01,55,"prot25_income",0,-0.0305462004737552,1
1,4,0.01,55,"prot25_child",-0.3,-7.39900391123747e-09,0
1,4,0.01,55,"prot50_male",-0.9,-0.170236277836563,1
1,4,0.01,55,"prot50_age",0,-0.0149485717966996,1
1,4,0.01,55,"prot50_income",1.1,0.21330246921131,1
1,4,0.01,55,"prot50_child",0,0.101197363433523,1
1,4,0.01,55,"invasive_male",0.8,0.0661724734363326,1
1,4,0.01,55,"invasive_age",-0.8,-0.149118118480934,1
1,4,0.01,55,"invasive_income",0,0.0038722936440277,0
1,4,0.01,55,"invasive_child",0,-1.26255744429293e-09,0
1,4,0.01,56,"ASC2_male",0,-0.0803059137563503,1
1,4,0.01,56,"ASC2_age",1.1,0.297370804991587,1
1,4,0.01,56,"ASC2_income",0,5.12400674941436e-08,0
1,4,0.01,56,"ASC2_child",0,-0.186235391565919,1
1,4,0.01,56,"ASC3_male",0,-1.6142344166765e-08,0
1,4,0.01,56,"ASC3_age",-1,-0.151720556766546,1
1,4,0.01,56,"ASC3_income",0.8,0.159403077504089,1
1,4,0.01,56,"ASC3_child",0,-0.220127746526223,1
1,4,0.01,56,"prot25_male",0,0.0493698536614611,1
1,4,0.01,56,"prot25_age",0.9,0.208076704911294,1
1,4,0.01,56,"prot25_income",0,0.0240671527419032,1
1,4,0.01,56,"prot25_child",0,9.70241011569274e-08,0
1,4,0.01,56,"prot50_male",0.5,0.051225686174439,1
1,4,0.01,56,"prot50_age",0,-1.88275855578601e-06,0
1,4,0.01,56,"prot50_income",-0.8,-0.0520880353700918,1
1,4,0.01,56,"prot50_child",-0.4,-0.0667563486553483,1
1,4,0.01,56,"invasive_male",0,-0.039647351468847,1
1,4,0.01,56,"invasive_age",0.7,0.165787088340847,1
1,4,0.01,56,"invasive_income",1.1,0.241821089041274,1
1,4,0.01,56,"invasive_child",0.3,6.3967532435773e-05,0
1,4,0.01,57,"ASC2_male",0,-4.43860493347315e-09,0
1,4,0.01,57,"ASC2_age",0,-0.0360961323796736,1
1,4,0.01,57,"ASC2_income",1,0.212266495747871,1
1,4,0.01,57,"ASC2_child",1.1,0.0993209036724704,1
1,4,0.01,57,"ASC3_male",0,0.118992588618299,1
1,4,0.01,57,"ASC3_age",0.9,0.160261656633134,1
1,4,0.01,57,"ASC3_income",0,-0.033051525063685,1
1,4,0.01,57,"ASC3_child",0,-0.0993703511301295,1
1,4,0.01,57,"prot25_male",0.1,0.0350996940662476,1
1,4,0.01,57,"prot25_age",0,-7.742535276542e-09,0
1,4,0.01,57,"prot25_income",0,0.0175474512041241,1
1,4,0.01,57,"prot25_child",-0.4,-1.12333039142139e-08,0
1,4,0.01,57,"prot50_male",1,0.258915877747193,1
1,4,0.01,57,"prot50_age",-0.9,-0.211683341749336,1
1,4,0.01,57,"prot50_income",0,-0.00929439118792268,0
1,4,0.01,57,"prot50_child",-0.2,-6.71316231259734e-09,0
1,4,0.01,57,"invasive_male",-0.4,-0.0615385934299301,1
1,4,0.01,57,"invasive_age",1,0.218798846733401,1
1,4,0.01,57,"invasive_income",0,-0.0911325477904195,1
1,4,0.01,57,"invasive_child",0,-4.91158377536683e-09,0
1,4,0.01,58,"ASC2_male",0,0.0994193161995124,1
1,4,0.01,58,"ASC2_age",-0.4,-0.05814254289143,1
1,4,0.01,58,"ASC2_income",1.1,0.216793262899856,1
1,4,0.01,58,"ASC2_child",0.4,0.0264481738035518,1
1,4,0.01,58,"ASC3_male",0,0.0238427776044624,1
1,4,0.01,58,"ASC3_age",-0.6,-0.0984720852588469,1
1,4,0.01,58,"ASC3_income",0,0.00332108419239798,0
1,4,0.01,58,"ASC3_child",0,-4.48109104101013e-05,0
1,4,0.01,58,"prot25_male",0.2,0.18622316096504,1
1,4,0.01,58,"prot25_age",0,-0.0203579941474807,1
1,4,0.01,58,"prot25_income",0,0.00150995444520454,0
1,4,0.01,58,"prot25_child",-0.4,0.0414001419876892,1
1,4,0.01,58,"prot50_male",0.6,0.178923305711018,1
1,4,0.01,58,"prot50_age",0,-0.0290151349883597,1
1,4,0.01,58,"prot50_income",0,0.000555425883801328,0
1,4,0.01,58,"prot50_child",-0.7,-0.152993256758938,1
1,4,0.01,58,"invasive_male",-1,-0.160921672225863,1
1,4,0.01,58,"invasive_age",0.8,0.159959321779844,1
1,4,0.01,58,"invasive_income",0,-0.0112254529140599,1
1,4,0.01,58,"invasive_child",0,0.0337237811906124,1
1,4,0.01,59,"ASC2_male",1.2,0.277810318766244,1
1,4,0.01,59,"ASC2_age",1.1,0.104696872830342,1
1,4,0.01,59,"ASC2_income",0,2.72606497142757e-07,0
1,4,0.01,59,"ASC2_child",0.2,-1.5998333273198e-08,0
1,4,0.01,59,"ASC3_male",0,-2.51652072939949e-07,0
1,4,0.01,59,"ASC3_age",1,0.151929542876873,1
1,4,0.01,59,"ASC3_income",0,0.0460510366437378,1
1,4,0.01,59,"ASC3_child",0,-1.3040362972578e-08,0
1,4,0.01,59,"prot25_male",0.3,-1.11046281631547e-08,0
1,4,0.01,59,"prot25_age",0,-3.23969513122782e-09,0
1,4,0.01,59,"prot25_income",0.4,0.0789793596212961,1
1,4,0.01,59,"prot25_child",0.3,-1.40467389187376e-08,0
1,4,0.01,59,"prot50_male",0,-1.60356185116493e-09,0
1,4,0.01,59,"prot50_age",0,0.029566464969184,1
1,4,0.01,59,"prot50_income",1,0.192019248169205,1
1,4,0.01,59,"prot50_child",0.9,0.165975395163461,1
1,4,0.01,59,"invasive_male",0,-1.06492178307261e-08,0
1,4,0.01,59,"invasive_age",0,-6.07794770355299e-09,0
1,4,0.01,59,"invasive_income",0,-0.0523201210415609,1
1,4,0.01,59,"invasive_child",-0.6,-0.180959124190282,1
1,4,0.01,60,"ASC2_male",-1,-0.277106289332149,1
1,4,0.01,60,"ASC2_age",-0.1,-1.17231468091383e-09,0
1,4,0.01,60,"ASC2_income",0,-5.93666436947372e-09,0
1,4,0.01,60,"ASC2_child",-0.4,-5.51459858351521e-09,0
1,4,0.01,60,"ASC3_male",-1.1,-0.17817423921757,1
1,4,0.01,60,"ASC3_age",0,-0.0158002239612123,1
1,4,0.01,60,"ASC3_income",0,-0.038706888868055,1
1,4,0.01,60,"ASC3_child",1.2,0.344017029774825,1
1,4,0.01,60,"prot25_male",-1.1,-0.170045207188337,1
1,4,0.01,60,"prot25_age",-0.8,-0.0960542044151499,1
1,4,0.01,60,"prot25_income",0,-6.6708806149442e-09,0
1,4,0.01,60,"prot25_child",0,-1.18158545921392e-09,0
1,4,0.01,60,"prot50_male",-0.4,-1.12888529494896e-08,0
1,4,0.01,60,"prot50_age",0,-5.71715875965847e-09,0
1,4,0.01,60,"prot50_income",0,0.0560283643496582,1
1,4,0.01,60,"prot50_child",0,1.25363607554167e-09,0
1,4,0.01,60,"invasive_male",1.1,0.0580314131882618,1
1,4,0.01,60,"invasive_age",0,-0.0202905568447069,1
1,4,0.01,60,"invasive_income",0,0.0230967971664975,1
1,4,0.01,60,"invasive_child",-0.4,-0.0090450889656347,0
1,4,0.01,61,"ASC2_male",-0.6,-0.134681043842947,1
1,4,0.01,61,"ASC2_age",0,-0.0359180348393496,1
1,4,0.01,61,"ASC2_income",0.3,0.0642478414628922,1
1,4,0.01,61,"ASC2_child",0.8,0.0862505976524577,1
1,4,0.01,61,"ASC3_male",0.5,0.108127987566296,1
1,4,0.01,61,"ASC3_age",0,-0.0571776825930953,1
1,4,0.01,61,"ASC3_income",0,-3.69819740221815e-09,0
1,4,0.01,61,"ASC3_child",0,-0.13713196243152,1
1,4,0.01,61,"prot25_male",0,-8.1613457664504e-09,0
1,4,0.01,61,"prot25_age",-0.6,-0.16025717863419,1
1,4,0.01,61,"prot25_income",0,0.015125047203063,1
1,4,0.01,61,"prot25_child",0,0.0422459928719649,1
1,4,0.01,61,"prot50_male",0,-8.20527126442111e-09,0
1,4,0.01,61,"prot50_age",-0.4,-0.103999973819785,1
1,4,0.01,61,"prot50_income",0,0.0187075004200434,1
1,4,0.01,61,"prot50_child",-0.7,-1.67103897922547e-08,0
1,4,0.01,61,"invasive_male",0,-1.18926711512673e-08,0
1,4,0.01,61,"invasive_age",1.1,0.188579866152799,1
1,4,0.01,61,"invasive_income",1,0.187169459727517,1
1,4,0.01,61,"invasive_child",0.5,0.0225721212549132,1
1,4,0.01,62,"ASC2_male",0,-0.0189259813424497,1
1,4,0.01,62,"ASC2_age",-1,-0.218579359334629,1
1,4,0.01,62,"ASC2_income",-0.6,-0.118274937987105,1
1,4,0.01,62,"ASC2_child",0,-1.47500221545861e-10,0
1,4,0.01,62,"ASC3_male",0,-7.17951048595586e-09,0
1,4,0.01,62,"ASC3_age",0,-4.45758727335657e-09,0
1,4,0.01,62,"ASC3_income",0.3,0.0584121185244403,1
1,4,0.01,62,"ASC3_child",-0.1,-1.91668816900877e-09,0
1,4,0.01,62,"prot25_male",0,0.0115979246410916,1
1,4,0.01,62,"prot25_age",-0.9,-0.213626886112383,1
1,4,0.01,62,"prot25_income",0.5,0.107118350590103,1
1,4,0.01,62,"prot25_child",0.5,0.00953252928588338,0
1,4,0.01,62,"prot50_male",-0.8,-0.261139769003356,1
1,4,0.01,62,"prot50_age",0,-0.0132979714273749,1
1,4,0.01,62,"prot50_income",0,-2.00902563614926e-09,0
1,4,0.01,62,"prot50_child",1.2,0.221250313314932,1
1,4,0.01,62,"invasive_male",0.3,0.0245232717267566,1
1,4,0.01,62,"invasive_age",0,-0.0266752646314968,1
1,4,0.01,62,"invasive_income",0,-1.39066835312855e-08,0
1,4,0.01,62,"invasive_child",0,-5.53155164412052e-09,0
1,4,0.01,63,"ASC2_male",0.9,0.128036332904632,1
1,4,0.01,63,"ASC2_age",-0.1,0.0177658752424342,1
1,4,0.01,63,"ASC2_income",0,-0.0136359633539426,1
1,4,0.01,63,"ASC2_child",0.1,-1.62039897825752e-08,0
1,4,0.01,63,"ASC3_male",0.4,9.38617285879444e-07,0
1,4,0.01,63,"ASC3_age",-0.7,-0.10618315920507,1
1,4,0.01,63,"ASC3_income",0,1.90619915791861e-07,0
1,4,0.01,63,"ASC3_child",0,1.17424077643087e-07,0
1,4,0.01,63,"prot25_male",0,0.000397680786523536,0
1,4,0.01,63,"prot25_age",0,-0.0506560204288394,1
1,4,0.01,63,"prot25_income",-0.2,-0.0170168685721216,1
1,4,0.01,63,"prot25_child",0,7.11160672457145e-07,0
1,4,0.01,63,"prot50_male",0,0.119253588852403,1
1,4,0.01,63,"prot50_age",1,0.185204398486292,1
1,4,0.01,63,"prot50_income",0,3.8538211743644e-07,0
1,4,0.01,63,"prot50_child",-0.2,-1.52790229767224e-09,0
1,4,0.01,63,"invasive_male",0,-2.10122858102864e-08,0
1,4,0.01,63,"invasive_age",-0.5,-0.0676122499027106,1
1,4,0.01,63,"invasive_income",0,-9.72419229234944e-09,0
1,4,0.01,63,"invasive_child",-0.6,-1.64940305774842e-07,0
1,4,0.01,64,"ASC2_male",0,-1.79777469176331e-09,0
1,4,0.01,64,"ASC2_age",0,0.044400532061015,1
1,4,0.01,64,"ASC2_income",1.1,0.209551191485202,1
1,4,0.01,64,"ASC2_child",0.5,0.0217209001350621,1
1,4,0.01,64,"ASC3_male",0,-1.03261036775609e-09,0
1,4,0.01,64,"ASC3_age",0,-1.0903360305204e-07,0
1,4,0.01,64,"ASC3_income",1.1,0.259860161303487,1
1,4,0.01,64,"ASC3_child",0,-2.0699110882593e-09,0
1,4,0.01,64,"prot25_male",0,0.0667244323042175,1
1,4,0.01,64,"prot25_age",-1.1,-0.244459785388817,1
1,4,0.01,64,"prot25_income",-0.7,-0.135814875660725,1
1,4,0.01,64,"prot25_child",-0.8,-3.58853853369092e-07,0
1,4,0.01,64,"prot50_male",0,-0.0117707586706392,1
1,4,0.01,64,"prot50_age",0.9,0.20718906377934,1
1,4,0.01,64,"prot50_income",-0.5,-0.0354022197748827,1
1,4,0.01,64,"prot50_child",0,0.20587316076566,1
1,4,0.01,64,"invasive_male",0,0.0416426530804836,1
1,4,0.01,64,"invasive_age",-1.1,-0.243068063118187,1
1,4,0.01,64,"invasive_income",0.3,0.0726284483035975,1
1,4,0.01,64,"invasive_child",0,-0.0371444505012975,1
1,4,0.01,65,"ASC2_male",0,-0.0394446839695368,1
1,4,0.01,65,"ASC2_age",0,-0.0691636213714539,1
1,4,0.01,65,"ASC2_income",-0.7,-0.164249908316739,1
1,4,0.01,65,"ASC2_child",0,0.0282025503049079,1
1,4,0.01,65,"ASC3_male",0,3.28453818016557e-06,0
1,4,0.01,65,"ASC3_age",-0.9,-0.242388067856802,1
1,4,0.01,65,"ASC3_income",0,0.00942395166745472,0
1,4,0.01,65,"ASC3_child",0,0.0914475491150303,1
1,4,0.01,65,"prot25_male",0.1,0.0524226721980862,1
1,4,0.01,65,"prot25_age",-0.8,-0.13168815708345,1
1,4,0.01,65,"prot25_income",0.9,0.225667045587298,1
1,4,0.01,65,"prot25_child",0,6.66373729469519e-07,0
1,4,0.01,65,"prot50_male",0.8,0.0292238114431821,1
1,4,0.01,65,"prot50_age",1.1,0.395049058244531,1
1,4,0.01,65,"prot50_income",-1,-0.346605577256799,1
1,4,0.01,65,"prot50_child",-1.2,-0.400601841117456,1
1,4,0.01,65,"invasive_male",0,-0.0234302854448686,1
1,4,0.01,65,"invasive_age",0,0.0381921442507716,1
1,4,0.01,65,"invasive_income",-1,-0.299043254173296,1
1,4,0.01,65,"invasive_child",0,-7.18209074710795e-09,0
1,4,0.01,66,"ASC2_male",0.9,0.0405797389609614,1
1,4,0.01,66,"ASC2_age",0.9,0.23760012321441,1
1,4,0.01,66,"ASC2_income",0,-8.30297004742758e-09,0
1,4,0.01,66,"ASC2_child",0,-0.0257782900903348,1
1,4,0.01,66,"ASC3_male",-0.6,-0.0805524895719758,1
1,4,0.01,66,"ASC3_age",0,-0.0287816037734547,1
1,4,0.01,66,"ASC3_income",-1.2,-0.293442054464339,1
1,4,0.01,66,"ASC3_child",0,0.0320328511776542,1
1,4,0.01,66,"prot25_male",0,0.0704396130600986,1
1,4,0.01,66,"prot25_age",-0.4,-0.116319423489996,1
1,4,0.01,66,"prot25_income",-0.4,-0.164828731701885,1
1,4,0.01,66,"prot25_child",0,0.0140975392687489,1
1,4,0.01,66,"prot50_male",0,1.03425680231081e-07,0
1,4,0.01,66,"prot50_age",0,-0.00238104688843919,0
1,4,0.01,66,"prot50_income",0.2,1.11718875653925e-05,0
1,4,0.01,66,"prot50_child",-0.7,-0.0206014562096859,1
1,4,0.01,66,"invasive_male",0.5,0.0946162712565621,1
1,4,0.01,66,"invasive_age",0.9,0.249364768738241,1
1,4,0.01,66,"invasive_income",0,-0.0314243239297146,1
1,4,0.01,66,"invasive_child",0,9.82532868733695e-07,0
1,4,0.01,67,"ASC2_male",0,0.00505758397550371,0
1,4,0.01,67,"ASC2_age",-1.1,-0.260241337417842,1
1,4,0.01,67,"ASC2_income",0.6,-1.12875093804966e-08,0
1,4,0.01,67,"ASC2_child",0.3,3.63633696079124e-06,0
1,4,0.01,67,"ASC3_male",0,-3.13989869426461e-08,0
1,4,0.01,67,"ASC3_age",0,-5.13733203274399e-11,0
1,4,0.01,67,"ASC3_income",0.7,0.0061827436209267,0
1,4,0.01,67,"ASC3_child",0,-1.75043680010806e-08,0
1,4,0.01,67,"prot25_male",0.9,0.218057739240174,1
1,4,0.01,67,"prot25_age",0.5,0.0423987562323456,1
1,4,0.01,67,"prot25_income",-0.8,-0.108301841965221,1
1,4,0.01,67,"prot25_child",0,-7.36070159081854e-08,0
1,4,0.01,67,"prot50_male",-0.7,-1.48725477489892e-09,0
1,4,0.01,67,"prot50_age",0,-0.0910835835691733,1
1,4,0.01,67,"prot50_income",-0.2,3.23962356081939e-08,0
1,4,0.01,67,"prot50_child",0,1.39106875512747e-08,0
1,4,0.01,67,"invasive_male",0,-3.78917975408422e-09,0
1,4,0.01,67,"invasive_age",0,-1.97495718074231e-07,0
1,4,0.01,67,"invasive_income",0,2.28184917110803e-06,0
1,4,0.01,67,"invasive_child",0.9,0.0898177556055544,1
1,4,0.01,68,"ASC2_male",0.3,0.0131090334614391,1
1,4,0.01,68,"ASC2_age",0.9,0.271550006566144,1
1,4,0.01,68,"ASC2_income",-1,-0.234084747849505,1
1,4,0.01,68,"ASC2_child",0.1,6.41991586495977e-06,0
1,4,0.01,68,"ASC3_male",0,-0.0344556482070051,1
1,4,0.01,68,"ASC3_age",0.7,0.217619754441504,1
1,4,0.01,68,"ASC3_income",0,-1.85428955539301e-10,0
1,4,0.01,68,"ASC3_child",-0.4,-0.0634791222421173,1
1,4,0.01,68,"prot25_male",0,1.5547846809016e-06,0
1,4,0.01,68,"prot25_age",0,-0.0348258446749431,1
1,4,0.01,68,"prot25_income",0,0.00116681352619916,0
1,4,0.01,68,"prot25_child",-0.6,-0.00203563036506499,0
1,4,0.01,68,"prot50_male",0,0.0617165330134708,1
1,4,0.01,68,"prot50_age",0.1,1.44447885767875e-05,0
1,4,0.01,68,"prot50_income",0,7.87400040056055e-05,0
1,4,0.01,68,"prot50_child",0,0.015422541924329,1
1,4,0.01,68,"invasive_male",0,2.00089188393462e-06,0
1,4,0.01,68,"invasive_age",0,-1.51145606266398e-08,0
1,4,0.01,68,"invasive_income",0.5,0.152293536730214,1
1,4,0.01,68,"invasive_child",0.3,0.0745622368159174,1
1,4,0.01,69,"ASC2_male",0,-0.000551386124848104,0
1,4,0.01,69,"ASC2_age",0,-0.0183351042820453,1
1,4,0.01,69,"ASC2_income",-0.9,-0.140039203670505,1
1,4,0.01,69,"ASC2_child",0,-6.27572360587686e-08,0
1,4,0.01,69,"ASC3_male",0.8,0.0494874398171876,1
1,4,0.01,69,"ASC3_age",0,-4.42239486090157e-09,0
1,4,0.01,69,"ASC3_income",0,0.0993465256552104,1
1,4,0.01,69,"ASC3_child",0,-1.47132339803885e-07,0
1,4,0.01,69,"prot25_male",-0.4,-2.03634942261542e-06,0
1,4,0.01,69,"prot25_age",-0.8,-0.179405198929466,1
1,4,0.01,69,"prot25_income",0,-1.1823884884091e-06,0
1,4,0.01,69,"prot25_child",1.2,0.132880216318408,1
1,4,0.01,69,"prot50_male",0,0.0458281140647934,1
1,4,0.01,69,"prot50_age",-0.7,-0.229162371008443,1
1,4,0.01,69,"prot50_income",0,3.77627926334393e-07,0
1,4,0.01,69,"prot50_child",-0.6,-0.116232441825032,1
1,4,0.01,69,"invasive_male",-1.1,-0.223268090430409,1
1,4,0.01,69,"invasive_age",0.5,0.0673136957768196,1
1,4,0.01,69,"invasive_income",-0.9,-0.158715909437293,1
1,4,0.01,69,"invasive_child",0,-9.65149850523602e-09,0
1,4,0.01,70,"ASC2_male",0,-0.0887687171882908,1
1,4,0.01,70,"ASC2_age",-1,-0.117706141662789,1
1,4,0.01,70,"ASC2_income",1.2,0.319613422582053,1
1,4,0.01,70,"ASC2_child",0.3,0.106444941070112,1
1,4,0.01,70,"ASC3_male",0,-1.12993137068745e-09,0
1,4,0.01,70,"ASC3_age",-0.9,-0.0953394174928877,1
1,4,0.01,70,"ASC3_income",0,0.0133430406677607,1
1,4,0.01,70,"ASC3_child",0,-1.11900169668998e-08,0
1,4,0.01,70,"prot25_male",0,0.103841538492306,1
1,4,0.01,70,"prot25_age",0.2,-1.04677313837559e-08,0
1,4,0.01,70,"prot25_income",0,-1.40126124900523e-08,0
1,4,0.01,70,"prot25_child",-0.7,-0.0884848308139657,1
1,4,0.01,70,"prot50_male",0,0.0559898071144005,1
1,4,0.01,70,"prot50_age",0,-0.0491253767789381,1
1,4,0.01,70,"prot50_income",-0.7,-0.0803286648273114,1
1,4,0.01,70,"prot50_child",0,0.0958398848342744,1
1,4,0.01,70,"invasive_male",-0.3,-0.0197696769393636,1
1,4,0.01,70,"invasive_age",0,0.0398586213796689,1
1,4,0.01,70,"invasive_income",-0.7,-0.141844922139168,1
1,4,0.01,70,"invasive_child",-0.6,-0.133177128814969,1
1,4,0.01,71,"ASC2_male",-1.1,-0.211420666991077,1
1,4,0.01,71,"ASC2_age",0,-0.0381921089131659,1
1,4,0.01,71,"ASC2_income",0,-2.97603921913271e-12,0
1,4,0.01,71,"ASC2_child",-0.4,-0.194997616599185,1
1,4,0.01,71,"ASC3_male",0,-0.00617504412712491,0
1,4,0.01,71,"ASC3_age",0,0.00371967521513848,0
1,4,0.01,71,"ASC3_income",-0.5,-0.0765248605827758,1
1,4,0.01,71,"ASC3_child",-0.6,-0.146556975911166,1
1,4,0.01,71,"prot25_male",0,-7.94886698606806e-08,0
1,4,0.01,71,"prot25_age",0,0.0269090385543682,1
1,4,0.01,71,"prot25_income",0,-1.45518560581637e-06,0
1,4,0.01,71,"prot25_child",0.2,2.50645659191009e-07,0
1,4,0.01,71,"prot50_male",-0.5,-0.166955367290826,1
1,4,0.01,71,"prot50_age",0.2,-7.58775142370774e-08,0
1,4,0.01,71,"prot50_income",-1.1,-0.307537746110574,1
1,4,0.01,71,"prot50_child",0,0.0403293154358313,1
1,4,0.01,71,"invasive_male",0.9,0.1241759144169,1
1,4,0.01,71,"invasive_age",1.2,0.2484144911268,1
1,4,0.01,71,"invasive_income",0,0.0362041289227955,1
1,4,0.01,71,"invasive_child",0,0.00882818892930325,0
1,4,0.01,72,"ASC2_male",0,-9.08391935344969e-09,0
1,4,0.01,72,"ASC2_age",0,-0.123857867997976,1
1,4,0.01,72,"ASC2_income",0.2,0.0498921380228726,1
1,4,0.01,72,"ASC2_child",0.1,0.0275861986719854,1
1,4,0.01,72,"ASC3_male",0,0.0100024315492372,1
1,4,0.01,72,"ASC3_age",0.7,4.52710413720899e-05,0
1,4,0.01,72,"ASC3_income",0,-0.0108583749115997,1
1,4,0.01,72,"ASC3_child",0,-0.00337618052897699,0
1,4,0.01,72,"prot25_male",-0.2,1.67636957955682e-05,0
1,4,0.01,72,"prot25_age",-1.1,-0.175683154050259,1
1,4,0.01,72,"prot25_income",0,-4.35736135254044e-06,0
1,4,0.01,72,"prot25_child",0,-4.71496018392361e-08,0
1,4,0.01,72,"prot50_male",0.5,0.00112333814915863,0
1,4,0.01,72,"prot50_age",0,0.102169032907714,1
1,4,0.01,72,"prot50_income",0,0.00774243509005679,0
1,4,0.01,72,"prot50_child",0.1,0.0616390141548243,1
1,4,0.01,72,"invasive_male",0,1.58149758362725e-06,0
1,4,0.01,72,"invasive_age",0.3,-4.83301850398399e-10,0
1,4,0.01,72,"invasive_income",0.4,0.0615537727595814,1
1,4,0.01,72,"invasive_child",-0.4,-0.0851937412761919,1
1,4,0.01,73,"ASC2_male",0,-2.67145425513352e-08,0
1,4,0.01,73,"ASC2_age",0,0.0667902718793899,1
1,4,0.01,73,"ASC2_income",0,0.00454317218541954,0
1,4,0.01,73,"ASC2_child",0.9,0.0520147454878056,1
1,4,0.01,73,"ASC3_male",0,0.000449243697530898,0
1,4,0.01,73,"ASC3_age",-0.7,-0.098634062505943,1
1,4,0.01,73,"ASC3_income",0,-2.56956659359808e-09,0
1,4,0.01,73,"ASC3_child",0,-1.02983716867464e-08,0
1,4,0.01,73,"prot25_male",-0.5,-3.5321086852489e-08,0
1,4,0.01,73,"prot25_age",1,0.182232238693053,1
1,4,0.01,73,"prot25_income",0,-1.15379090859625e-09,0
1,4,0.01,73,"prot25_child",0,-7.69315624615607e-09,0
1,4,0.01,73,"prot50_male",0.6,0.0541135979819713,1
1,4,0.01,73,"prot50_age",0.8,0.173940173250298,1
1,4,0.01,73,"prot50_income",1.2,0.299250608529377,1
1,4,0.01,73,"prot50_child",0.9,0.173413937390627,1
1,4,0.01,73,"invasive_male",0,-1.68871075018602e-09,0
1,4,0.01,73,"invasive_age",-1.2,-0.243489182292887,1
1,4,0.01,73,"invasive_income",0,-0.00562308185035374,0
1,4,0.01,73,"invasive_child",1.1,6.83239513489855e-09,0
1,4,0.01,74,"ASC2_male",0,-0.167800968824529,1
1,4,0.01,74,"ASC2_age",0,-0.0241083447178363,1
1,4,0.01,74,"ASC2_income",-0.5,-0.150986082017305,1
1,4,0.01,74,"ASC2_child",0,-0.120498266083458,1
1,4,0.01,74,"ASC3_male",0.2,-0.0436775966813863,1
1,4,0.01,74,"ASC3_age",0,0.0594390857383166,1
1,4,0.01,74,"ASC3_income",1,0.230309327294633,1
1,4,0.01,74,"ASC3_child",-0.8,-0.256718189771193,1
1,4,0.01,74,"prot25_male",-1.1,-0.211021132964212,1
1,4,0.01,74,"prot25_age",-0.7,-0.341243275683773,1
1,4,0.01,74,"prot25_income",0.8,0.223998573738962,1
1,4,0.01,74,"prot25_child",0,0.0973948364561748,1
1,4,0.01,74,"prot50_male",0.5,0.0788790262331448,1
1,4,0.01,74,"prot50_age",0,-0.0623971734313486,1
1,4,0.01,74,"prot50_income",-0.2,-0.0640061884726226,1
1,4,0.01,74,"prot50_child",0,-0.0107809773698973,1
1,4,0.01,74,"invasive_male",0,-0.230445966500672,1
1,4,0.01,74,"invasive_age",0,-0.0678213059232546,1
1,4,0.01,74,"invasive_income",0,-0.0703831537373383,1
1,4,0.01,74,"invasive_child",1.1,0.134386717900777,1
1,4,0.01,75,"ASC2_male",0,-0.0910509409528424,1
1,4,0.01,75,"ASC2_age",0,-0.0296541783834722,1
1,4,0.01,75,"ASC2_income",-0.1,-2.55159202218759e-07,0
1,4,0.01,75,"ASC2_child",0,-0.164136355399123,1
1,4,0.01,75,"ASC3_male",0,-0.0416553232350676,1
1,4,0.01,75,"ASC3_age",-0.8,-0.236698853162724,1
1,4,0.01,75,"ASC3_income",0,0.0282658789542747,1
1,4,0.01,75,"ASC3_child",0.3,8.28816870931404e-06,0
1,4,0.01,75,"prot25_male",0,0.177153998498954,1
1,4,0.01,75,"prot25_age",0,0.0418202344711425,1
1,4,0.01,75,"prot25_income",-0.5,-0.195896719801924,1
1,4,0.01,75,"prot25_child",0.6,0.282699292371376,1
1,4,0.01,75,"prot50_male",0,0.114691054593054,1
1,4,0.01,75,"prot50_age",0,0.075076587075584,1
1,4,0.01,75,"prot50_income",-0.5,-0.180367880322773,1
1,4,0.01,75,"prot50_child",0,0.206812329930067,1
1,4,0.01,75,"invasive_male",-0.9,-0.189409203928224,1
1,4,0.01,75,"invasive_age",-0.1,0.00164372013017448,0
1,4,0.01,75,"invasive_income",1.1,0.258928891734173,1
1,4,0.01,75,"invasive_child",0.1,0.0450655383263777,1
1,4,0.01,76,"ASC2_male",0,-0.00739646141382079,0
1,4,0.01,76,"ASC2_age",-0.8,-0.12486935858676,1
1,4,0.01,76,"ASC2_income",-0.8,-0.107736899647541,1
1,4,0.01,76,"ASC2_child",0,-1.92544307208396e-09,0
1,4,0.01,76,"ASC3_male",1,0.145509160916814,1
1,4,0.01,76,"ASC3_age",0.2,0.111026657089231,1
1,4,0.01,76,"ASC3_income",0.7,0.252891534415013,1
1,4,0.01,76,"ASC3_child",0,-1.33651184898601e-07,0
1,4,0.01,76,"prot25_male",1,0.428469282921755,1
1,4,0.01,76,"prot25_age",-0.4,-0.0840766814961399,1
1,4,0.01,76,"prot25_income",0,-3.99122926222841e-09,0
1,4,0.01,76,"prot25_child",0,-0.0327161412005665,1
1,4,0.01,76,"prot50_male",-1.1,-0.147645068524697,1
1,4,0.01,76,"prot50_age",0,0.0153196375253456,1
1,4,0.01,76,"prot50_income",0,0.042911681288822,1
1,4,0.01,76,"prot50_child",0,0.0103614367607375,1
1,4,0.01,76,"invasive_male",0.5,0.286072543864822,1
1,4,0.01,76,"invasive_age",0,0.0325882887801045,1
1,4,0.01,76,"invasive_income",0,-0.00449312777592537,0
1,4,0.01,76,"invasive_child",-1.2,-0.438288057139454,1
1,4,0.01,77,"ASC2_male",0.4,0.114028979473159,1
1,4,0.01,77,"ASC2_age",0,0.0279437024113431,1
1,4,0.01,77,"ASC2_income",0,0.0278124293317667,1
1,4,0.01,77,"ASC2_child",-1.1,-0.258022353365979,1
1,4,0.01,77,"ASC3_male",0,-0.0180380052939607,1
1,4,0.01,77,"ASC3_age",0,0.0124655527305094,1
1,4,0.01,77,"ASC3_income",-1.1,-0.257484032000604,1
1,4,0.01,77,"ASC3_child",0.7,0.216906834150314,1
1,4,0.01,77,"prot25_male",-0.1,3.35752160953819e-07,0
1,4,0.01,77,"prot25_age",0,4.37857397811573e-06,0
1,4,0.01,77,"prot25_income",0.8,0.143422022462084,1
1,4,0.01,77,"prot25_child",-0.7,-0.0999235378423832,1
1,4,0.01,77,"prot50_male",0,1.85015186740298e-09,0
1,4,0.01,77,"prot50_age",0.4,0.034485486092874,1
1,4,0.01,77,"prot50_income",0.8,0.196632173286992,1
1,4,0.01,77,"prot50_child",0,-2.2489678352464e-09,0
1,4,0.01,77,"invasive_male",0,-4.25260018691247e-08,0
1,4,0.01,77,"invasive_age",0,-0.000511352580664755,0
1,4,0.01,77,"invasive_income",0,0.0242241539187009,1
1,4,0.01,77,"invasive_child",0.9,0.00530291830572801,0
1,4,0.01,78,"ASC2_male",-0.6,-0.0379049261802818,1
1,4,0.01,78,"ASC2_age",0,0.0179449827164462,1
1,4,0.01,78,"ASC2_income",0,-0.00200439662193994,0
1,4,0.01,78,"ASC2_child",0,-0.113616100859832,1
1,4,0.01,78,"ASC3_male",-1.2,-0.176650604050838,1
1,4,0.01,78,"ASC3_age",-0.7,-0.197832583456044,1
1,4,0.01,78,"ASC3_income",0,0.0128058821132259,1
1,4,0.01,78,"ASC3_child",0.8,0.150776057212998,1
1,4,0.01,78,"prot25_male",0.4,-2.8274961383443e-08,0
1,4,0.01,78,"prot25_age",0,0.0577846499471858,1
1,4,0.01,78,"prot25_income",0,-0.0285103733282696,1
1,4,0.01,78,"prot25_child",-1.2,-0.19610867786275,1
1,4,0.01,78,"prot50_male",0,-0.148778384190553,1
1,4,0.01,78,"prot50_age",0.5,0.164626313577402,1
1,4,0.01,78,"prot50_income",0.1,3.164563615123e-09,0
1,4,0.01,78,"prot50_child",0.2,0.146692001183787,1
1,4,0.01,78,"invasive_male",0,-1.9867816704211e-09,0
1,4,0.01,78,"invasive_age",0,-0.0693419058530802,1
1,4,0.01,78,"invasive_income",0,0.0401953512316524,1
1,4,0.01,78,"invasive_child",0.9,0.141614922230034,1
1,4,0.01,79,"ASC2_male",0,-4.92399443431087e-09,0
1,4,0.01,79,"ASC2_age",0,-9.98588773012574e-09,0
1,4,0.01,79,"ASC2_income",0.2,0.0711971061768277,1
1,4,0.01,79,"ASC2_child",0,-1.20503380251279e-08,0
1,4,0.01,79,"ASC3_male",0,-7.81060097570035e-09,0
1,4,0.01,79,"ASC3_age",-0.6,-0.155848519981311,1
1,4,0.01,79,"ASC3_income",-1,-0.183390992065552,1
1,4,0.01,79,"ASC3_child",0.7,0.0358754234867775,1
1,4,0.01,79,"prot25_male",0,0.0377379829470022,1
1,4,0.01,79,"prot25_age",-1,-0.175288240795441,1
1,4,0.01,79,"prot25_income",0,-1.40801938486604e-08,0
1,4,0.01,79,"prot25_child",0,-3.78913252387206e-09,0
1,4,0.01,79,"prot50_male",-1.1,-0.117049055648034,1
1,4,0.01,79,"prot50_age",-1.1,-0.274594351572107,1
1,4,0.01,79,"prot50_income",0.9,0.196885229253303,1
1,4,0.01,79,"prot50_child",0.4,-7.41275021527558e-09,0
1,4,0.01,79,"invasive_male",-0.4,-5.51401787545891e-08,0
1,4,0.01,79,"invasive_age",0,0.0156050386502235,1
1,4,0.01,79,"invasive_income",0,6.28504111379169e-09,0
1,4,0.01,79,"invasive_child",0,-1.12779678239933e-08,0
1,4,0.01,80,"ASC2_male",-0.3,-0.10127314630033,1
1,4,0.01,80,"ASC2_age",0,0.0691625117581642,1
1,4,0.01,80,"ASC2_income",0.9,0.111246508905257,1
1,4,0.01,80,"ASC2_child",-1,-0.0553150285148634,1
1,4,0.01,80,"ASC3_male",0,-7.55200766376451e-08,0
1,4,0.01,80,"ASC3_age",-0.6,-0.126431832343906,1
1,4,0.01,80,"ASC3_income",0,-0.0900925936300775,1
1,4,0.01,80,"ASC3_child",0,-0.0325689709415629,1
1,4,0.01,80,"prot25_male",0,-1.4192266164879e-09,0
1,4,0.01,80,"prot25_age",0.8,0.0759475943764568,1
1,4,0.01,80,"prot25_income",0.1,0.0955441657397719,1
1,4,0.01,80,"prot25_child",0,-0.102905697607797,1
1,4,0.01,80,"prot50_male",0,-0.00187086917060449,0
1,4,0.01,80,"prot50_age",0,-1.45959751963515e-08,0
1,4,0.01,80,"prot50_income",0.7,0.21256704024746,1
1,4,0.01,80,"prot50_child",0,2.22425799633893e-08,0
1,4,0.01,80,"invasive_male",0,-2.61551931140535e-07,0
1,4,0.01,80,"invasive_age",-0.8,-0.186592981257158,1
1,4,0.01,80,"invasive_income",-0.7,-0.224294366614226,1
1,4,0.01,80,"invasive_child",0.7,0.0746203341021324,1
1,4,0.01,81,"ASC2_male",0,0.0417648865731814,1
1,4,0.01,81,"ASC2_age",-1.1,-0.208327714848821,1
1,4,0.01,81,"ASC2_income",0.1,4.84594473565721e-06,0
1,4,0.01,81,"ASC2_child",0.8,0.200904443967834,1
1,4,0.01,81,"ASC3_male",0,-1.08478786682971e-06,0
1,4,0.01,81,"ASC3_age",0,0.0109316704251642,1
1,4,0.01,81,"ASC3_income",-0.8,-0.165256673344132,1
1,4,0.01,81,"ASC3_child",0,-4.85319731206123e-09,0
1,4,0.01,81,"prot25_male",0,3.62138086509734e-07,0
1,4,0.01,81,"prot25_age",-0.3,-0.0839109152612425,1
1,4,0.01,81,"prot25_income",0.1,0.0320052936129535,1
1,4,0.01,81,"prot25_child",0.2,-1.30667940391561e-08,0
1,4,0.01,81,"prot50_male",0,1.02197692308362e-07,0
1,4,0.01,81,"prot50_age",0.4,0.109482859004104,1
1,4,0.01,81,"prot50_income",-0.3,-0.0492870670857354,1
1,4,0.01,81,"prot50_child",0,-7.87603308637688e-09,0
1,4,0.01,81,"invasive_male",0,-0.00665661456291815,0
1,4,0.01,81,"invasive_age",0,0.0338926064018392,1
1,4,0.01,81,"invasive_income",-0.5,-0.0174359995362443,1
1,4,0.01,81,"invasive_child",0,5.56871967271972e-08,0
1,4,0.01,82,"ASC2_male",0.9,0.132548954933711,1
1,4,0.01,82,"ASC2_age",-0.6,-1.31467181777446e-08,0
1,4,0.01,82,"ASC2_income",1.1,0.191264228698146,1
1,4,0.01,82,"ASC2_child",-0.9,-5.40259506316566e-07,0
1,4,0.01,82,"ASC3_male",0,-8.98967182499486e-09,0
1,4,0.01,82,"ASC3_age",0,0.0550985226109858,1
1,4,0.01,82,"ASC3_income",0,-0.0375504121152117,1
1,4,0.01,82,"ASC3_child",0.3,0.11789024354832,1
1,4,0.01,82,"prot25_male",0,0.105080208876271,1
1,4,0.01,82,"prot25_age",0,-1.84082059660848e-07,0
1,4,0.01,82,"prot25_income",0,5.11618467608744e-08,0
1,4,0.01,82,"prot25_child",1.1,0.10576159494105,1
1,4,0.01,82,"prot50_male",-0.4,2.7343636237569e-07,0
1,4,0.01,82,"prot50_age",0,-1.26441006290665e-08,0
1,4,0.01,82,"prot50_income",-0.5,-0.080582919653826,1
1,4,0.01,82,"prot50_child",0,-1.15449964025306e-08,0
1,4,0.01,82,"invasive_male",0,-0.0174727127341244,1
1,4,0.01,82,"invasive_age",-1.1,-0.1790913364186,1
1,4,0.01,82,"invasive_income",0,-1.43731497388149e-06,0
1,4,0.01,82,"invasive_child",0.4,-1.37517535832629e-08,0
1,4,0.01,83,"ASC2_male",0.9,0.014804125471625,1
1,4,0.01,83,"ASC2_age",0,0.000773076125253954,0
1,4,0.01,83,"ASC2_income",-0.9,-0.281492806354066,1
1,4,0.01,83,"ASC2_child",-0.8,-0.199113010303322,1
1,4,0.01,83,"ASC3_male",0.9,0.0119934761062168,1
1,4,0.01,83,"ASC3_age",0,8.00550150556566e-09,0
1,4,0.01,83,"ASC3_income",0,-1.36090796038814e-08,0
1,4,0.01,83,"ASC3_child",0,-1.41435014166755e-09,0
1,4,0.01,83,"prot25_male",1,0.330339227790199,1
1,4,0.01,83,"prot25_age",1.2,0.323528374469743,1
1,4,0.01,83,"prot25_income",-0.2,-0.0627362170829296,1
1,4,0.01,83,"prot25_child",0,0.177665448892613,1
1,4,0.01,83,"prot50_male",0,-2.8031137198328e-10,0
1,4,0.01,83,"prot50_age",0,1.91592725274053e-05,0
1,4,0.01,83,"prot50_income",-0.2,0.0285294018747175,1
1,4,0.01,83,"prot50_child",0,-3.47469917840835e-08,0
1,4,0.01,83,"invasive_male",0,-0.122182688271741,1
1,4,0.01,83,"invasive_age",-0.8,-0.180144436284945,1
1,4,0.01,83,"invasive_income",-0.9,-0.195072321797194,1
1,4,0.01,83,"invasive_child",0,3.61695538895892e-09,0
1,4,0.01,84,"ASC2_male",0,1.81069186059993e-09,0
1,4,0.01,84,"ASC2_age",0,0.0122858512133469,1
1,4,0.01,84,"ASC2_income",0.4,0.0132276039287788,1
1,4,0.01,84,"ASC2_child",-0.9,-0.0617553765318806,1
1,4,0.01,84,"ASC3_male",-0.2,0.0277747556366029,1
1,4,0.01,84,"ASC3_age",0.6,0.193523363029435,1
1,4,0.01,84,"ASC3_income",0.4,3.55311988452124e-06,0
1,4,0.01,84,"ASC3_child",-0.6,-0.0725233602958756,1
1,4,0.01,84,"prot25_male",0,0.100117687644804,1
1,4,0.01,84,"prot25_age",0,1.00683794008352e-07,0
1,4,0.01,84,"prot25_income",0.2,8.21779136883163e-10,0
1,4,0.01,84,"prot25_child",-0.7,-0.0111904516084272,1
1,4,0.01,84,"prot50_male",0,2.59436401829115e-07,0
1,4,0.01,84,"prot50_age",0,0.0549616776092127,1
1,4,0.01,84,"prot50_income",0,0.0503051966472241,1
1,4,0.01,84,"prot50_child",-0.9,-0.0613695440868176,1
1,4,0.01,84,"invasive_male",-1.1,-0.206747330124152,1
1,4,0.01,84,"invasive_age",0,-6.26454684567616e-05,0
1,4,0.01,84,"invasive_income",0,-1.0270179858538e-08,0
1,4,0.01,84,"invasive_child",0,0.0200469227893726,1
1,4,0.01,85,"ASC2_male",0.9,0.125613942562266,1
1,4,0.01,85,"ASC2_age",0,2.5962433805757e-08,0
1,4,0.01,85,"ASC2_income",0.4,-7.76111000242828e-08,0
1,4,0.01,85,"ASC2_child",0,-0.0645732705311576,1
1,4,0.01,85,"ASC3_male",0,-0.0911293950237329,1
1,4,0.01,85,"ASC3_age",0.5,0.072274438114558,1
1,4,0.01,85,"ASC3_income",0.9,0.136693939752896,1
1,4,0.01,85,"ASC3_child",0.4,-7.79156680849232e-11,0
1,4,0.01,85,"prot25_male",0,-0.086167104182963,1
1,4,0.01,85,"prot25_age",-0.3,-0.0479337488650744,1
1,4,0.01,85,"prot25_income",0.7,0.217164324308415,1
1,4,0.01,85,"prot25_child",0,-5.7379138922848e-08,0
1,4,0.01,85,"prot50_male",0,-5.98314898537434e-09,0
1,4,0.01,85,"prot50_age",-0.8,-0.208003974577068,1
1,4,0.01,85,"prot50_income",-0.7,-0.206921946918127,1
1,4,0.01,85,"prot50_child",0,0.0756254830543722,1
1,4,0.01,85,"invasive_male",0,-0.0113076321104201,1
1,4,0.01,85,"invasive_age",0,-0.102457928000213,1
1,4,0.01,85,"invasive_income",0,-0.122981227199775,1
1,4,0.01,85,"invasive_child",0.6,-0.151546573729129,1
1,4,0.01,86,"ASC2_male",0,-1.06268339199976e-08,0
1,4,0.01,86,"ASC2_age",-0.6,-0.0885062871781277,1
1,4,0.01,86,"ASC2_income",0.7,0.0319783741699925,1
1,4,0.01,86,"ASC2_child",0,0.0202353083111628,1
1,4,0.01,86,"ASC3_male",0,3.74869147809583e-09,0
1,4,0.01,86,"ASC3_age",0,3.62266450604633e-08,0
1,4,0.01,86,"ASC3_income",1.2,0.206373815265912,1
1,4,0.01,86,"ASC3_child",0,-9.42793066664428e-08,0
1,4,0.01,86,"prot25_male",-0.7,-3.44635883444242e-07,0
1,4,0.01,86,"prot25_age",-1,-0.232952721928688,1
1,4,0.01,86,"prot25_income",0,0.020395844780032,1
1,4,0.01,86,"prot25_child",0.9,0.0918447514270248,1
1,4,0.01,86,"prot50_male",1,0.328197572157875,1
1,4,0.01,86,"prot50_age",0,2.49464078854657e-08,0
1,4,0.01,86,"prot50_income",0,0.0236037507475662,1
1,4,0.01,86,"prot50_child",-1,-0.0827743506437324,1
1,4,0.01,86,"invasive_male",0,5.74957814214435e-08,0
1,4,0.01,86,"invasive_age",1,0.290083737827062,1
1,4,0.01,86,"invasive_income",0,-1.03232376054244e-08,0
1,4,0.01,86,"invasive_child",0.3,-4.26260131890057e-09,0
1,4,0.01,87,"ASC2_male",-0.3,-0.102640481815132,1
1,4,0.01,87,"ASC2_age",0.1,0.028813518547606,1
1,4,0.01,87,"ASC2_income",-0.2,-0.00723270801282735,0
1,4,0.01,87,"ASC2_child",0,-0.157529966783772,1
1,4,0.01,87,"ASC3_male",0,-6.46675162279692e-06,0
1,4,0.01,87,"ASC3_age",0,-4.02822363329848e-05,0
1,4,0.01,87,"ASC3_income",0.3,0.10395058318767,1
1,4,0.01,87,"ASC3_child",0.7,0.0176452173274584,1
1,4,0.01,87,"prot25_male",0,1.68909897186024e-06,0
1,4,0.01,87,"prot25_age",0,1.65727939338508e-06,0
1,4,0.01,87,"prot25_income",0.5,0.0893945055773238,1
1,4,0.01,87,"prot25_child",0,0.0707762548366684,1
1,4,0.01,87,"prot50_male",0,-0.0203599182013296,1
1,4,0.01,87,"prot50_age",1,0.26841844842489,1
1,4,0.01,87,"prot50_income",1.1,0.236108709007282,1
1,4,0.01,87,"prot50_child",-0.7,-1.48729726419773e-06,0
1,4,0.01,87,"invasive_male",0,4.91145583933698e-08,0
1,4,0.01,87,"invasive_age",-1.1,-0.208129170855092,1
1,4,0.01,87,"invasive_income",0,-0.00753756170811631,0
1,4,0.01,87,"invasive_child",0,-8.03359232930626e-07,0
1,4,0.01,88,"ASC2_male",0,-2.30518651234701e-08,0
1,4,0.01,88,"ASC2_age",0.5,0.0355548521285487,1
1,4,0.01,88,"ASC2_income",-1,-0.1891131491681,1
1,4,0.01,88,"ASC2_child",0,-0.0440009005326805,1
1,4,0.01,88,"ASC3_male",0,-4.57947919499998e-09,0
1,4,0.01,88,"ASC3_age",0,-0.059834797573266,1
1,4,0.01,88,"ASC3_income",-0.6,-0.135693204077655,1
1,4,0.01,88,"ASC3_child",1.1,0.148685118160418,1
1,4,0.01,88,"prot25_male",0.8,0.21837861203203,1
1,4,0.01,88,"prot25_age",0.3,0.108669859109225,1
1,4,0.01,88,"prot25_income",-0.5,-0.0898988519563738,1
1,4,0.01,88,"prot25_child",-1,-0.148867539552718,1
1,4,0.01,88,"prot50_male",-0.2,-0.0176683676690736,1
1,4,0.01,88,"prot50_age",0,0.0295189620420121,1
1,4,0.01,88,"prot50_income",-0.3,-0.0663421616823426,1
1,4,0.01,88,"prot50_child",0,0.0387010468941323,1
1,4,0.01,88,"invasive_male",0,-3.05280329898435e-08,0
1,4,0.01,88,"invasive_age",0,-0.0151260012080421,1
1,4,0.01,88,"invasive_income",0,0.0431054708182693,1
1,4,0.01,88,"invasive_child",0,-3.57210406089339e-09,0
1,4,0.01,89,"ASC2_male",0,-5.52966763181718e-10,0
1,4,0.01,89,"ASC2_age",0.3,0.0192978536496983,1
1,4,0.01,89,"ASC2_income",0,-0.010826617625758,1
1,4,0.01,89,"ASC2_child",0,-0.0600083649384471,1
1,4,0.01,89,"ASC3_male",0,0.0907268556605411,1
1,4,0.01,89,"ASC3_age",0.8,0.151005551440606,1
1,4,0.01,89,"ASC3_income",0,-1.29214562249903e-07,0
1,4,0.01,89,"ASC3_child",1,0.0832328749736397,1
1,4,0.01,89,"prot25_male",0.7,0.151313202097326,1
1,4,0.01,89,"prot25_age",0,2.00092518435814e-09,0
1,4,0.01,89,"prot25_income",0,-0.0131771214490259,1
1,4,0.01,89,"prot25_child",-0.2,-0.055844722710281,1
1,4,0.01,89,"prot50_male",-0.6,-7.47466707817439e-08,0
1,4,0.01,89,"prot50_age",0.2,0.0870795371555427,1
1,4,0.01,89,"prot50_income",0.1,-0.0254973323228413,1
1,4,0.01,89,"prot50_child",0,-1.07053681845399e-09,0
1,4,0.01,89,"invasive_male",0,-1.42337492709526e-08,0
1,4,0.01,89,"invasive_age",0,-0.020744095539007,1
1,4,0.01,89,"invasive_income",0.7,0.112899139457349,1
1,4,0.01,89,"invasive_child",0.6,0.160108538765912,1
1,4,0.01,90,"ASC2_male",0,-0.151099688712127,1
1,4,0.01,90,"ASC2_age",0.5,0.100570260926774,1
1,4,0.01,90,"ASC2_income",0.8,0.200416767243721,1
1,4,0.01,90,"ASC2_child",0.3,6.81140580160882e-07,0
1,4,0.01,90,"ASC3_male",0,-5.12875617930263e-09,0
1,4,0.01,90,"ASC3_age",0.3,0.0174187534565328,1
1,4,0.01,90,"ASC3_income",-1.1,-0.282997833516735,1
1,4,0.01,90,"ASC3_child",0,-0.107985948806278,1
1,4,0.01,90,"prot25_male",0,0.0408230639667456,1
1,4,0.01,90,"prot25_age",1.2,0.283714697715214,1
1,4,0.01,90,"prot25_income",0.4,0.104470829225188,1
1,4,0.01,90,"prot25_child",0,1.46187843237183e-06,0
1,4,0.01,90,"prot50_male",-0.8,-0.153275132948306,1
1,4,0.01,90,"prot50_age",0.4,0.0658092256603852,1
1,4,0.01,90,"prot50_income",-0.1,0.0288233968627668,1
1,4,0.01,90,"prot50_child",0,0.0592466360721578,1
1,4,0.01,90,"invasive_male",0,-0.0179735745526212,1
1,4,0.01,90,"invasive_age",0,-0.0211353866277969,1
1,4,0.01,90,"invasive_income",0,-1.21183047813896e-08,0
1,4,0.01,90,"invasive_child",0,0.0161760743692579,1
1,4,0.01,91,"ASC2_male",0,4.31500726504471e-08,0
1,4,0.01,91,"ASC2_age",-0.4,-0.0579041072854489,1
1,4,0.01,91,"ASC2_income",0.3,0.118609382327308,1
1,4,0.01,91,"ASC2_child",-0.2,0.031393108583911,1
1,4,0.01,91,"ASC3_male",0,-2.44127097588828e-08,0
1,4,0.01,91,"ASC3_age",0.2,0.068356545561155,1
1,4,0.01,91,"ASC3_income",-0.3,-0.012164188759691,1
1,4,0.01,91,"ASC3_child",-0.8,-0.109102097460733,1
1,4,0.01,91,"prot25_male",0,-1.04760343735171e-07,0
1,4,0.01,91,"prot25_age",0,-5.47451505361144e-09,0
1,4,0.01,91,"prot25_income",0.8,0.106048985868183,1
1,4,0.01,91,"prot25_child",0,5.23154947102723e-08,0
1,4,0.01,91,"prot50_male",0.3,0.015159516578056,1
1,4,0.01,91,"prot50_age",0,-2.12804072417772e-08,0
1,4,0.01,91,"prot50_income",0,-1.12192887206664e-08,0
1,4,0.01,91,"prot50_child",0,-8.66386049371153e-08,0
1,4,0.01,91,"invasive_male",0,-1.356197867727e-08,0
1,4,0.01,91,"invasive_age",-0.2,-0.0743220164252557,1
1,4,0.01,91,"invasive_income",-0.5,-0.0910313089793806,1
1,4,0.01,91,"invasive_child",0,-1.13661188781556e-08,0
1,4,0.01,92,"ASC2_male",-0.5,-0.0952583858449079,1
1,4,0.01,92,"ASC2_age",1,0.296868433734037,1
1,4,0.01,92,"ASC2_income",0,-0.00828272797374452,0
1,4,0.01,92,"ASC2_child",0,-0.1480390326473,1
1,4,0.01,92,"ASC3_male",0,8.12032565523471e-06,0
1,4,0.01,92,"ASC3_age",0,4.09340044855325e-06,0
1,4,0.01,92,"ASC3_income",0,2.76558889788858e-06,0
1,4,0.01,92,"ASC3_child",0.3,0.0296906583615473,1
1,4,0.01,92,"prot25_male",-1.1,-0.061487702055386,1
1,4,0.01,92,"prot25_age",0,-0.0930858770863237,1
1,4,0.01,92,"prot25_income",-1.2,-0.257333113727652,1
1,4,0.01,92,"prot25_child",0,-0.00153374083642665,0
1,4,0.01,92,"prot50_male",-0.4,-4.1842737068307e-06,0
1,4,0.01,92,"prot50_age",-0.6,-0.228532104802222,1
1,4,0.01,92,"prot50_income",0,-0.00714474238595069,0
1,4,0.01,92,"prot50_child",0.8,0.174442203651268,1
1,4,0.01,92,"invasive_male",0,2.91701416091385e-06,0
1,4,0.01,92,"invasive_age",0,-0.0787087974403377,1
1,4,0.01,92,"invasive_income",0.7,0.167105863724715,1
1,4,0.01,92,"invasive_child",0.9,0.0650884718381332,1
1,4,0.01,93,"ASC2_male",0,3.76345839212811e-07,0
1,4,0.01,93,"ASC2_age",-0.9,-0.153767032205799,1
1,4,0.01,93,"ASC2_income",0,0.0151401648055299,1
1,4,0.01,93,"ASC2_child",-0.4,3.83811937270366e-08,0
1,4,0.01,93,"ASC3_male",0,-0.108712193416687,1
1,4,0.01,93,"ASC3_age",-1.1,-0.229567847679422,1
1,4,0.01,93,"ASC3_income",0,0.0407007309082719,1
1,4,0.01,93,"ASC3_child",-1,-0.208044390047296,1
1,4,0.01,93,"prot25_male",0,0.147288523536762,1
1,4,0.01,93,"prot25_age",0,-0.0288232129157306,1
1,4,0.01,93,"prot25_income",0.4,0.128941328752876,1
1,4,0.01,93,"prot25_child",1.1,0.139631185127189,1
1,4,0.01,93,"prot50_male",0,1.22079714899252e-07,0
1,4,0.01,93,"prot50_age",0.2,-1.90881186861967e-06,0
1,4,0.01,93,"prot50_income",1.2,0.284717713140951,1
1,4,0.01,93,"prot50_child",-1.1,-0.391867476476732,1
1,4,0.01,93,"invasive_male",0,-0.0762316035490287,1
1,4,0.01,93,"invasive_age",0,-1.62324969955072e-07,0
1,4,0.01,93,"invasive_income",0,-0.0227657779844416,1
1,4,0.01,93,"invasive_child",-0.2,0.0960568571576812,1
1,4,0.01,94,"ASC2_male",-0.2,-6.25395995504549e-06,0
1,4,0.01,94,"ASC2_age",0,0.0309970051523659,1
1,4,0.01,94,"ASC2_income",-0.2,-0.0211080573977791,1
1,4,0.01,94,"ASC2_child",0.3,-4.1630053231376e-07,0
1,4,0.01,94,"ASC3_male",-0.1,-4.08748315444159e-07,0
1,4,0.01,94,"ASC3_age",0,-0.00825137992839883,0
1,4,0.01,94,"ASC3_income",-1.2,-0.274344962075696,1
1,4,0.01,94,"ASC3_child",-0.5,-0.160783899267965,1
1,4,0.01,94,"prot25_male",0,0.000103913222067919,0
1,4,0.01,94,"prot25_age",0,-1.57972946323231e-05,0
1,4,0.01,94,"prot25_income",0,0.0056376294353975,0
1,4,0.01,94,"prot25_child",0,-0.16638617644833,1
1,4,0.01,94,"prot50_male",0,-8.69860062694353e-06,0
1,4,0.01,94,"prot50_age",0,0.0505552600095615,1
1,4,0.01,94,"prot50_income",-0.6,-0.0970632297316437,1
1,4,0.01,94,"prot50_child",0,-5.53406587011812e-10,0
1,4,0.01,94,"invasive_male",0,-1.04789930207357e-06,0
1,4,0.01,94,"invasive_age",1,0.268732787071588,1
1,4,0.01,94,"invasive_income",0.8,0.248426301537432,1
1,4,0.01,94,"invasive_child",0.6,6.80271324978871e-06,0
1,4,0.01,95,"ASC2_male",-0.4,-7.28827473942075e-09,0
1,4,0.01,95,"ASC2_age",-0.5,-0.0574475233168119,1
1,4,0.01,95,"ASC2_income",0,-1.38036507733269e-08,0
1,4,0.01,95,"ASC2_child",-0.7,-8.50988160233037e-08,0
1,4,0.01,95,"ASC3_male",-1.1,-0.180770307119491,1
1,4,0.01,95,"ASC3_age",0,-9.06729236914738e-09,0
1,4,0.01,95,"ASC3_income",0,-3.27962553511839e-08,0
1,4,0.01,95,"ASC3_child",0,0.0699236996625176,1
1,4,0.01,95,"prot25_male",-0.9,-0.0737594523963211,1
1,4,0.01,95,"prot25_age",0,-5.43456692676087e-09,0
1,4,0.01,95,"prot25_income",0,-1.46942593094257e-08,0
1,4,0.01,95,"prot25_child",0.5,-6.79066465130624e-09,0
1,4,0.01,95,"prot50_male",0.3,1.5747976220013e-08,0
1,4,0.01,95,"prot50_age",0.7,0.127915832285538,1
1,4,0.01,95,"prot50_income",0,-1.29002820362755e-08,0
1,4,0.01,95,"prot50_child",0.6,-5.5957431084911e-09,0
1,4,0.01,95,"invasive_male",0,-9.54032577939908e-09,0
1,4,0.01,95,"invasive_age",0,-2.02451154733337e-09,0
1,4,0.01,95,"invasive_income",0,-5.34925926018971e-09,0
1,4,0.01,95,"invasive_child",0.5,-3.77929899526382e-09,0
1,4,0.01,96,"ASC2_male",-0.1,-0.059505863403636,1
1,4,0.01,96,"ASC2_age",0.2,0.0556789488249559,1
1,4,0.01,96,"ASC2_income",0,0.011371268963294,1
1,4,0.01,96,"ASC2_child",-0.4,-0.137453256218208,1
1,4,0.01,96,"ASC3_male",0,-9.31365619854002e-08,0
1,4,0.01,96,"ASC3_age",0,-0.0208725329016929,1
1,4,0.01,96,"ASC3_income",-0.6,-0.121325831422538,1
1,4,0.01,96,"ASC3_child",0.6,-8.16536070086438e-09,0
1,4,0.01,96,"prot25_male",0.3,-1.3685406932363e-07,0
1,4,0.01,96,"prot25_age",0,-9.54485893521666e-10,0
1,4,0.01,96,"prot25_income",0,0.0209540980922878,1
1,4,0.01,96,"prot25_child",-0.8,-1.4542941937593e-06,0
1,4,0.01,96,"prot50_male",0.3,-2.92125442524982e-09,0
1,4,0.01,96,"prot50_age",1.2,0.27280260133759,1
1,4,0.01,96,"prot50_income",0,-1.70023582907169e-08,0
1,4,0.01,96,"prot50_child",0,7.52181563228191e-07,0
1,4,0.01,96,"invasive_male",0,-4.74922057971028e-07,0
1,4,0.01,96,"invasive_age",0,2.71972675740853e-08,0
1,4,0.01,96,"invasive_income",0,-6.48177761994473e-09,0
1,4,0.01,96,"invasive_child",0.6,3.20068377718163e-07,0
1,4,0.01,97,"ASC2_male",0.8,0.176862331151002,1
1,4,0.01,97,"ASC2_age",0,-0.0110162630914198,1
1,4,0.01,97,"ASC2_income",-1.1,-0.244651529005287,1
1,4,0.01,97,"ASC2_child",0.9,0.0746345721009098,1
1,4,0.01,97,"ASC3_male",0.5,-5.63705424063187e-09,0
1,4,0.01,97,"ASC3_age",0,7.05281484409509e-09,0
1,4,0.01,97,"ASC3_income",0,0.0599577240948126,1
1,4,0.01,97,"ASC3_child",0,-0.0724398202233079,1
1,4,0.01,97,"prot25_male",-0.4,-9.07284663025544e-09,0
1,4,0.01,97,"prot25_age",0,0.0525752434676747,1
1,4,0.01,97,"prot25_income",0,-8.46531990992132e-08,0
1,4,0.01,97,"prot25_child",0,0.00682976233471413,0
1,4,0.01,97,"prot50_male",0.4,0.213173884314098,1
1,4,0.01,97,"prot50_age",1.2,0.272610472836188,1
1,4,0.01,97,"prot50_income",-0.4,-0.0757798471093286,1
1,4,0.01,97,"prot50_child",0.3,-2.42436712255821e-09,0
1,4,0.01,97,"invasive_male",0,-4.69113297390965e-08,0
1,4,0.01,97,"invasive_age",0,0.00967241603197934,0
1,4,0.01,97,"invasive_income",0,0.132294630875004,1
1,4,0.01,97,"invasive_child",-0.8,-0.275609446369901,1
1,4,0.01,98,"ASC2_male",0,-0.0760211879836184,1
1,4,0.01,98,"ASC2_age",0.8,0.272701381738523,1
1,4,0.01,98,"ASC2_income",0,0.000440506491535269,0
1,4,0.01,98,"ASC2_child",0.1,0.184616325937433,1
1,4,0.01,98,"ASC3_male",1.2,0.297496465956528,1
1,4,0.01,98,"ASC3_age",-0.7,-0.120069435727314,1
1,4,0.01,98,"ASC3_income",-0.6,-0.164076039931216,1
1,4,0.01,98,"ASC3_child",-0.2,-7.83574240871686e-07,0
1,4,0.01,98,"prot25_male",0,0.0954207028250182,1
1,4,0.01,98,"prot25_age",0,-0.0466982931005585,1
1,4,0.01,98,"prot25_income",0,3.22278524764572e-06,0
1,4,0.01,98,"prot25_child",0.7,0.119962669985778,1
1,4,0.01,98,"prot50_male",0.5,0.179068858260315,1
1,4,0.01,98,"prot50_age",-0.7,-0.205140723491272,1
1,4,0.01,98,"prot50_income",-1.2,-0.292525242594758,1
1,4,0.01,98,"prot50_child",0,0.0107357838478442,1
1,4,0.01,98,"invasive_male",0,-1.60616024757779e-07,0
1,4,0.01,98,"invasive_age",0,0.0342350972413116,1
1,4,0.01,98,"invasive_income",0,-5.57621051105485e-07,0
1,4,0.01,98,"invasive_child",0,7.84464092798656e-07,0
1,4,0.01,99,"ASC2_male",0.5,0.204233360467174,1
1,4,0.01,99,"ASC2_age",0,5.75057745466919e-09,0
1,4,0.01,99,"ASC2_income",0.7,0.139533510750447,1
1,4,0.01,99,"ASC2_child",1.1,0.246073787350384,1
1,4,0.01,99,"ASC3_male",0,-0.0356364008209374,1
1,4,0.01,99,"ASC3_age",1.2,0.282102301585141,1
1,4,0.01,99,"ASC3_income",0,0.0238693547127201,1
1,4,0.01,99,"ASC3_child",0,-0.00523475826361765,0
1,4,0.01,99,"prot25_male",0.3,0.0442144109206126,1
1,4,0.01,99,"prot25_age",0.9,0.205375045439278,1
1,4,0.01,99,"prot25_income",0,-0.00304852405861829,0
1,4,0.01,99,"prot25_child",0,-0.0673455152227203,1
1,4,0.01,99,"prot50_male",0,-0.152314048633946,1
1,4,0.01,99,"prot50_age",0,-0.0134273865162663,1
1,4,0.01,99,"prot50_income",0,3.40188215584524e-09,0
1,4,0.01,99,"prot50_child",1.1,0.149151662714035,1
1,4,0.01,99,"invasive_male",0,-0.0422506412149809,1
1,4,0.01,99,"invasive_age",0.1,-7.55162656959757e-09,0
1,4,0.01,99,"invasive_income",1.2,0.357800299138098,1
1,4,0.01,99,"invasive_child",1.2,0.165175920473094,1
1,4,0.01,100,"ASC2_male",0,-4.40841200673302e-09,0
1,4,0.01,100,"ASC2_age",0,-3.13854357389415e-09,0
1,4,0.01,100,"ASC2_income",-1,-0.187366035098764,1
1,4,0.01,100,"ASC2_child",0,1.174101687301e-08,0
1,4,0.01,100,"ASC3_male",0,-8.71335445023953e-12,0
1,4,0.01,100,"ASC3_age",-0.4,-0.131355458907585,1
1,4,0.01,100,"ASC3_income",-0.7,-0.0512182075127487,1
1,4,0.01,100,"ASC3_child",-0.8,-0.079193500594652,1
1,4,0.01,100,"prot25_male",1,0.201173629825543,1
1,4,0.01,100,"prot25_age",0,-5.61225465640719e-09,0
1,4,0.01,100,"prot25_income",0,-0.0102408777076438,1
1,4,0.01,100,"prot25_child",0,-5.16931825084778e-09,0
1,4,0.01,100,"prot50_male",1.1,0.0848132003589994,1
1,4,0.01,100,"prot50_age",-0.3,-0.0155307888352144,1
1,4,0.01,100,"prot50_income",0,-8.94198647055243e-09,0
1,4,0.01,100,"prot50_child",-0.1,-5.52453564587517e-09,0
1,4,0.01,100,"invasive_male",0,-1.06872033708538e-08,0
1,4,0.01,100,"invasive_age",0,3.54128738760935e-08,0
1,4,0.01,100,"invasive_income",0.9,0.310179376960033,1
1,4,0.01,100,"invasive_child",-0.2,-8.44666131616632e-09,0
1,4,0.05,1,"ASC2_male",0,-6.55319573386296e-07,0
1,4,0.05,1,"ASC2_age",0.6,0.154943312889019,1
1,4,0.05,1,"ASC2_income",0,-8.87246400630363e-09,0
1,4,0.05,1,"ASC2_child",0,0.00580717355013965,0
1,4,0.05,1,"ASC3_male",0,-3.12527447846041e-12,0
1,4,0.05,1,"ASC3_age",-1,-0.23628656365025,1
1,4,0.05,1,"ASC3_income",0,0.00845353040186166,0
1,4,0.05,1,"ASC3_child",0.2,2.46172824552564e-08,0
1,4,0.05,1,"prot25_male",0,6.58807434656879e-08,0
1,4,0.05,1,"prot25_age",-1,-0.20095083185254,1
1,4,0.05,1,"prot25_income",0,-0.0191493371710252,0
1,4,0.05,1,"prot25_child",1.1,0.352082787119897,1
1,4,0.05,1,"prot50_male",-0.2,-2.05182990881132e-07,0
1,4,0.05,1,"prot50_age",0.5,0.0314467129744418,0
1,4,0.05,1,"prot50_income",0.6,0.0570805545718627,1
1,4,0.05,1,"prot50_child",0,5.36721375746655e-09,0
1,4,0.05,1,"invasive_male",-0.2,-4.81475825485877e-07,0
1,4,0.05,1,"invasive_age",0,-0.119969424213829,1
1,4,0.05,1,"invasive_income",-0.3,-0.0891436068076455,1
1,4,0.05,1,"invasive_child",0,-1.69285226574836e-07,0
1,4,0.05,2,"ASC2_male",0.2,-0.00549294388493699,0
1,4,0.05,2,"ASC2_age",0,-0.0826954913758151,1
1,4,0.05,2,"ASC2_income",0.2,0.0798095924856061,1
1,4,0.05,2,"ASC2_child",0,-0.0651223464243793,1
1,4,0.05,2,"ASC3_male",-0.2,-0.0642158780270308,1
1,4,0.05,2,"ASC3_age",0,-0.0639657811250792,1
1,4,0.05,2,"ASC3_income",0.9,0.239783899242095,1
1,4,0.05,2,"ASC3_child",0,-5.32243451255453e-09,0
1,4,0.05,2,"prot25_male",0,-0.109062392029354,1
1,4,0.05,2,"prot25_age",-0.4,-0.0568784320260558,1
1,4,0.05,2,"prot25_income",0,-0.0236933685438242,0
1,4,0.05,2,"prot25_child",-0.9,-0.214344559290357,1
1,4,0.05,2,"prot50_male",0,-3.39841953122202e-09,0
1,4,0.05,2,"prot50_age",-1,-0.133670063287754,1
1,4,0.05,2,"prot50_income",0,0.00949925454137853,0
1,4,0.05,2,"prot50_child",0,0.0808987428249142,1
1,4,0.05,2,"invasive_male",0.7,0.121869703186785,1
1,4,0.05,2,"invasive_age",0,-6.28037386919665e-09,0
1,4,0.05,2,"invasive_income",-0.2,-0.0740202135313672,1
1,4,0.05,2,"invasive_child",-1,-0.164287135363124,1
1,4,0.05,3,"ASC2_male",0,-2.70593653951945e-12,0
1,4,0.05,3,"ASC2_age",0.4,0.00732218695667869,0
1,4,0.05,3,"ASC2_income",-0.7,-0.174058087344385,1
1,4,0.05,3,"ASC2_child",0,-4.30338395152904e-09,0
1,4,0.05,3,"ASC3_male",0,-8.48108617503706e-09,0
1,4,0.05,3,"ASC3_age",0,-0.0887324816983022,1
1,4,0.05,3,"ASC3_income",0,-0.0183466398246788,0
1,4,0.05,3,"ASC3_child",0,-5.7903649701952e-07,0
1,4,0.05,3,"prot25_male",0.3,-5.60468117220195e-09,0
1,4,0.05,3,"prot25_age",-0.9,-0.14995787175412,1
1,4,0.05,3,"prot25_income",0,3.27254990861116e-09,0
1,4,0.05,3,"prot25_child",-0.3,3.2190332993925e-07,0
1,4,0.05,3,"prot50_male",0,0.104993292793408,1
1,4,0.05,3,"prot50_age",0,-2.1330598174395e-07,0
1,4,0.05,3,"prot50_income",0.2,-1.3136104717049e-05,0
1,4,0.05,3,"prot50_child",0,-5.74666970831159e-09,0
1,4,0.05,3,"invasive_male",-0.4,-0.077652309854032,1
1,4,0.05,3,"invasive_age",1,0.152668355383378,1
1,4,0.05,3,"invasive_income",1.1,0.142060741994054,1
1,4,0.05,3,"invasive_child",1,0.168407499930794,1
1,4,0.05,4,"ASC2_male",0,-6.73845322742105e-07,0
1,4,0.05,4,"ASC2_age",0.7,0.165892907157529,1
1,4,0.05,4,"ASC2_income",0.6,0.205883102814149,1
1,4,0.05,4,"ASC2_child",1,0.166977598650446,1
1,4,0.05,4,"ASC3_male",0,-9.2092276850599e-07,0
1,4,0.05,4,"ASC3_age",0,-0.0537976644363947,1
1,4,0.05,4,"ASC3_income",0,0.0715467396170737,1
1,4,0.05,4,"ASC3_child",-1.2,-0.418370843296458,1
1,4,0.05,4,"prot25_male",0,-0.117056299561997,1
1,4,0.05,4,"prot25_age",0,3.97965772697075e-06,0
1,4,0.05,4,"prot25_income",0.6,0.0354994996093207,0
1,4,0.05,4,"prot25_child",-0.2,-0.00445404248567483,0
1,4,0.05,4,"prot50_male",0,0.106302016906598,1
1,4,0.05,4,"prot50_age",0,-0.00224082931604182,0
1,4,0.05,4,"prot50_income",0.3,2.01389917883766e-08,0
1,4,0.05,4,"prot50_child",0,2.10112301317751e-07,0
1,4,0.05,4,"invasive_male",-0.5,-0.254838660819424,1
1,4,0.05,4,"invasive_age",-0.2,-0.0205947712803436,0
1,4,0.05,4,"invasive_income",-0.6,-0.096320816701898,1
1,4,0.05,4,"invasive_child",0,-0.0888764486221592,1
1,4,0.05,5,"ASC2_male",0,-0.133331525391326,1
1,4,0.05,5,"ASC2_age",0,-9.85266624483344e-08,0
1,4,0.05,5,"ASC2_income",-0.3,5.1441948360832e-08,0
1,4,0.05,5,"ASC2_child",0,-0.220332383407613,1
1,4,0.05,5,"ASC3_male",0.7,0.102035938388084,1
1,4,0.05,5,"ASC3_age",0,-1.94567590999776e-07,0
1,4,0.05,5,"ASC3_income",0,0.0605813126300048,1
1,4,0.05,5,"ASC3_child",0.3,0.0459617797382866,0
1,4,0.05,5,"prot25_male",0.5,0.0101905804185243,0
1,4,0.05,5,"prot25_age",0,-0.0122461933089922,0
1,4,0.05,5,"prot25_income",0,-0.0233254451335159,0
1,4,0.05,5,"prot25_child",0.5,0.258583619134846,1
1,4,0.05,5,"prot50_male",0.7,0.0570331703439989,1
1,4,0.05,5,"prot50_age",0.7,0.175376140256055,1
1,4,0.05,5,"prot50_income",0,1.61335831238241e-06,0
1,4,0.05,5,"prot50_child",0,-1.81609571798599e-08,0
1,4,0.05,5,"invasive_male",0.3,-0.0469321082495521,0
1,4,0.05,5,"invasive_age",0,1.55452854320747e-08,0
1,4,0.05,5,"invasive_income",-0.8,-0.131224211739355,1
1,4,0.05,5,"invasive_child",-0.2,-0.0672556135057507,1
1,4,0.05,6,"ASC2_male",1.2,0.308666046721022,1
1,4,0.05,6,"ASC2_age",0.5,0.0968461353167379,1
1,4,0.05,6,"ASC2_income",-0.2,-0.0060244543076456,0
1,4,0.05,6,"ASC2_child",0,-4.16669278331906e-08,0
1,4,0.05,6,"ASC3_male",0,-1.37634684984008e-09,0
1,4,0.05,6,"ASC3_age",-0.5,-0.0833709691805477,1
1,4,0.05,6,"ASC3_income",0,9.89939505698967e-07,0
1,4,0.05,6,"ASC3_child",0,-8.7863431201907e-07,0
1,4,0.05,6,"prot25_male",0.2,2.2311468306539e-06,0
1,4,0.05,6,"prot25_age",0,0.0513541041565258,1
1,4,0.05,6,"prot25_income",0,-1.09474930262524e-08,0
1,4,0.05,6,"prot25_child",0,4.81720977888614e-06,0
1,4,0.05,6,"prot50_male",1,0.097489781091451,1
1,4,0.05,6,"prot50_age",-0.5,-0.0143101551533921,0
1,4,0.05,6,"prot50_income",0,4.60770807999541e-07,0
1,4,0.05,6,"prot50_child",0,-7.64400381986422e-07,0
1,4,0.05,6,"invasive_male",0.5,2.34907166867635e-07,0
1,4,0.05,6,"invasive_age",-0.2,1.3152945894127e-07,0
1,4,0.05,6,"invasive_income",0,2.63131304532256e-06,0
1,4,0.05,6,"invasive_child",0.3,-3.24018737582398e-06,0
1,4,0.05,7,"ASC2_male",0.2,-0.117425112737972,1
1,4,0.05,7,"ASC2_age",0,0.0694295978201322,1
1,4,0.05,7,"ASC2_income",0.8,0.128329276597803,1
1,4,0.05,7,"ASC2_child",0,4.42242865879683e-09,0
1,4,0.05,7,"ASC3_male",0.9,4.01953192082706e-08,0
1,4,0.05,7,"ASC3_age",-1.2,-0.271026846905988,1
1,4,0.05,7,"ASC3_income",0.8,0.118575801630047,1
1,4,0.05,7,"ASC3_child",0,-1.52735230694914e-07,0
1,4,0.05,7,"prot25_male",-0.8,-0.027029062998227,0
1,4,0.05,7,"prot25_age",-0.5,-0.137390530335539,1
1,4,0.05,7,"prot25_income",0,0.000981735240404243,0
1,4,0.05,7,"prot25_child",0,0.0875027290100023,1
1,4,0.05,7,"prot50_male",0,-1.16063898631516e-10,0
1,4,0.05,7,"prot50_age",-0.9,-0.228340170151326,1
1,4,0.05,7,"prot50_income",-0.7,-0.141136941442345,1
1,4,0.05,7,"prot50_child",-0.8,-0.086640891515054,1
1,4,0.05,7,"invasive_male",0,-0.0677777994989637,1
1,4,0.05,7,"invasive_age",0,0.0200333076499073,0
1,4,0.05,7,"invasive_income",0,0.0552782912134204,1
1,4,0.05,7,"invasive_child",0,-0.00317715677367112,0
1,4,0.05,8,"ASC2_male",0.5,0.0244715568492318,0
1,4,0.05,8,"ASC2_age",0,0.0428570466396116,0
1,4,0.05,8,"ASC2_income",0,-0.0140169724260721,0
1,4,0.05,8,"ASC2_child",-0.5,-2.18911466842821e-08,0
1,4,0.05,8,"ASC3_male",0,-4.29191270003798e-09,0
1,4,0.05,8,"ASC3_age",0.8,0.243283826542515,1
1,4,0.05,8,"ASC3_income",0,3.91085421244552e-12,0
1,4,0.05,8,"ASC3_child",0.6,0.366566106169415,1
1,4,0.05,8,"prot25_male",0,-1.16634392017807e-08,0
1,4,0.05,8,"prot25_age",1.2,0.286519280868289,1
1,4,0.05,8,"prot25_income",0,0.0786493801323355,1
1,4,0.05,8,"prot25_child",1.1,0.243217379239978,1
1,4,0.05,8,"prot50_male",0,0.0607645204319246,1
1,4,0.05,8,"prot50_age",0,0.036057571378083,0
1,4,0.05,8,"prot50_income",0,-0.0148412010587747,0
1,4,0.05,8,"prot50_child",-1,-2.00687893083757e-08,0
1,4,0.05,8,"invasive_male",0,-7.00841588925344e-09,0
1,4,0.05,8,"invasive_age",-0.3,-0.0165679631532021,0
1,4,0.05,8,"invasive_income",0.3,0.0221359994088528,0
1,4,0.05,8,"invasive_child",-0.9,-1.89819461435148e-08,0
1,4,0.05,9,"ASC2_male",0,-7.72570712708029e-13,0
1,4,0.05,9,"ASC2_age",0.5,0.119567934554548,1
1,4,0.05,9,"ASC2_income",0.5,0.0663905688212524,1
1,4,0.05,9,"ASC2_child",0,-0.0325291087283193,0
1,4,0.05,9,"ASC3_male",0,-0.0287215155773736,0
1,4,0.05,9,"ASC3_age",0,5.08699622768539e-07,0
1,4,0.05,9,"ASC3_income",0,-0.141518134077564,1
1,4,0.05,9,"ASC3_child",-0.3,9.74313697305865e-10,0
1,4,0.05,9,"prot25_male",0.7,0.050462039219959,1
1,4,0.05,9,"prot25_age",0.4,0.0729811191067433,1
1,4,0.05,9,"prot25_income",0,0.134087462484469,1
1,4,0.05,9,"prot25_child",0.3,0.0359851874980095,0
1,4,0.05,9,"prot50_male",-0.2,-0.0129385089205027,0
1,4,0.05,9,"prot50_age",-1,-0.250531404036112,1
1,4,0.05,9,"prot50_income",0,0.116774484095657,1
1,4,0.05,9,"prot50_child",-0.8,-0.3100211603799,1
1,4,0.05,9,"invasive_male",0,0.043931436710982,0
1,4,0.05,9,"invasive_age",1,0.146313359458899,1
1,4,0.05,9,"invasive_income",0,-0.0141599830621244,0
1,4,0.05,9,"invasive_child",0,-0.024897067109879,0
1,4,0.05,10,"ASC2_male",0,-0.0637751432359395,1
1,4,0.05,10,"ASC2_age",-1,-0.223374328610135,1
1,4,0.05,10,"ASC2_income",0,1.08448619720873e-08,0
1,4,0.05,10,"ASC2_child",0,-8.42067447782152e-09,0
1,4,0.05,10,"ASC3_male",0.7,1.68104084452289e-09,0
1,4,0.05,10,"ASC3_age",0,0.0562825570503981,1
1,4,0.05,10,"ASC3_income",0,-2.32228683639757e-09,0
1,4,0.05,10,"ASC3_child",0,-1.16682579222485e-08,0
1,4,0.05,10,"prot25_male",-1,-1.35753241017335e-08,0
1,4,0.05,10,"prot25_age",1.1,0.197625083453397,1
1,4,0.05,10,"prot25_income",-0.7,-0.185348700888367,1
1,4,0.05,10,"prot25_child",-0.3,-2.42954444418814e-08,0
1,4,0.05,10,"prot50_male",0,0.0814792353355799,1
1,4,0.05,10,"prot50_age",0,-1.05373316020674e-08,0
1,4,0.05,10,"prot50_income",0,0.0316588602316348,0
1,4,0.05,10,"prot50_child",0,-2.4876860505988e-09,0
1,4,0.05,10,"invasive_male",0.2,-1.99112225616866e-08,0
1,4,0.05,10,"invasive_age",0.6,0.237152664106276,1
1,4,0.05,10,"invasive_income",-0.4,-0.0106360868468389,0
1,4,0.05,10,"invasive_child",-0.3,-0.128869655157617,1
1,4,0.05,11,"ASC2_male",1.1,0.0986169841611586,1
1,4,0.05,11,"ASC2_age",0,7.44487246443594e-10,0
1,4,0.05,11,"ASC2_income",0.1,1.84440899936303e-09,0
1,4,0.05,11,"ASC2_child",0,0.0830108548038464,1
1,4,0.05,11,"ASC3_male",0.6,-4.17369161411905e-09,0
1,4,0.05,11,"ASC3_age",-1,-0.336028296364826,1
1,4,0.05,11,"ASC3_income",0.9,0.167434913487051,1
1,4,0.05,11,"ASC3_child",-0.8,-0.000786543502670971,0
1,4,0.05,11,"prot25_male",-0.9,-6.04198315305169e-09,0
1,4,0.05,11,"prot25_age",0,-8.41678512525035e-09,0
1,4,0.05,11,"prot25_income",0,2.57587499126021e-10,0
1,4,0.05,11,"prot25_child",0,-3.96157220257915e-09,0
1,4,0.05,11,"prot50_male",0,0.278261345656926,1
1,4,0.05,11,"prot50_age",0,-6.19883948485218e-09,0
1,4,0.05,11,"prot50_income",0,0.00282664406767457,0
1,4,0.05,11,"prot50_child",0,1.28604582731425e-08,0
1,4,0.05,11,"invasive_male",-0.7,-0.137646713313819,1
1,4,0.05,11,"invasive_age",0,-2.66840259687672e-09,0
1,4,0.05,11,"invasive_income",1,0.145241352105118,1
1,4,0.05,11,"invasive_child",-1.2,-0.249261009214286,1
1,4,0.05,12,"ASC2_male",0,-1.03007798695747e-08,0
1,4,0.05,12,"ASC2_age",-0.4,-0.0096831171027299,0
1,4,0.05,12,"ASC2_income",-0.6,-0.119638282021872,1
1,4,0.05,12,"ASC2_child",-1.2,-0.0980678626425009,1
1,4,0.05,12,"ASC3_male",-0.7,-0.128988653985355,1
1,4,0.05,12,"ASC3_age",0.4,0.0820097943094086,1
1,4,0.05,12,"ASC3_income",0,0.00334839086627748,0
1,4,0.05,12,"ASC3_child",0,0.0371237151918088,0
1,4,0.05,12,"prot25_male",0,-3.77983610142025e-08,0
1,4,0.05,12,"prot25_age",0,-0.0548767491830639,1
1,4,0.05,12,"prot25_income",0,0.0464722309261814,0
1,4,0.05,12,"prot25_child",1,-1.23685605475906e-08,0
1,4,0.05,12,"prot50_male",-0.6,-0.0790098919414632,1
1,4,0.05,12,"prot50_age",0,-3.60097009676013e-08,0
1,4,0.05,12,"prot50_income",0,-9.49404397534616e-05,0
1,4,0.05,12,"prot50_child",0,9.56725357961394e-09,0
1,4,0.05,12,"invasive_male",0,-4.62606634196772e-09,0
1,4,0.05,12,"invasive_age",0.6,0.111785572364387,1
1,4,0.05,12,"invasive_income",0.6,0.144788354632718,1
1,4,0.05,12,"invasive_child",-0.8,-0.0832832899650457,1
1,4,0.05,13,"ASC2_male",-0.4,-1.16413072363988e-08,0
1,4,0.05,13,"ASC2_age",0,-5.18182416513515e-08,0
1,4,0.05,13,"ASC2_income",0,-8.3434770367005e-09,0
1,4,0.05,13,"ASC2_child",0,-1.84211881652711e-09,0
1,4,0.05,13,"ASC3_male",-0.4,5.67311453766279e-08,0
1,4,0.05,13,"ASC3_age",-0.3,-0.0789533965359214,1
1,4,0.05,13,"ASC3_income",-0.3,-0.0870856590540672,1
1,4,0.05,13,"ASC3_child",0,-4.1933687708034e-09,0
1,4,0.05,13,"prot25_male",0,0.0333063868804689,0
1,4,0.05,13,"prot25_age",-0.4,-0.0232297364428542,0
1,4,0.05,13,"prot25_income",-1,-0.195756457989465,1
1,4,0.05,13,"prot25_child",0,5.12343775385691e-09,0
1,4,0.05,13,"prot50_male",-0.6,-0.160958154128984,1
1,4,0.05,13,"prot50_age",0,-0.00368731551678748,0
1,4,0.05,13,"prot50_income",0,-8.53620147163394e-08,0
1,4,0.05,13,"prot50_child",0,-1.20951800717855e-08,0
1,4,0.05,13,"invasive_male",-0.2,-4.48404433901262e-09,0
1,4,0.05,13,"invasive_age",1,0.25473360944133,1
1,4,0.05,13,"invasive_income",0.5,0.0886427085368246,1
1,4,0.05,13,"invasive_child",0,-2.16664897807562e-08,0
1,4,0.05,14,"ASC2_male",1.1,0.16823563116254,1
1,4,0.05,14,"ASC2_age",0,0.0237366923272449,0
1,4,0.05,14,"ASC2_income",0,-1.94251220234653e-09,0
1,4,0.05,14,"ASC2_child",0.9,0.177800460083892,1
1,4,0.05,14,"ASC3_male",-0.6,-0.0606294571790847,1
1,4,0.05,14,"ASC3_age",0,-7.99239723805733e-09,0
1,4,0.05,14,"ASC3_income",0.9,0.161377668821296,1
1,4,0.05,14,"ASC3_child",0,-8.22054897003993e-08,0
1,4,0.05,14,"prot25_male",0,-4.46387140012332e-10,0
1,4,0.05,14,"prot25_age",0,6.7158437698611e-06,0
1,4,0.05,14,"prot25_income",0,-1.09348999217395e-07,0
1,4,0.05,14,"prot25_child",0,0.111930348755366,1
1,4,0.05,14,"prot50_male",0,-5.23893849654434e-07,0
1,4,0.05,14,"prot50_age",1,0.246025661559761,1
1,4,0.05,14,"prot50_income",0,1.48893822886188e-06,0
1,4,0.05,14,"prot50_child",-0.9,-0.0109840367035643,0
1,4,0.05,14,"invasive_male",0.3,-6.76356025228167e-09,0
1,4,0.05,14,"invasive_age",-0.8,-0.227493889566904,1
1,4,0.05,14,"invasive_income",0.6,0.182334301165621,1
1,4,0.05,14,"invasive_child",-0.4,-9.35140994874183e-07,0
1,4,0.05,15,"ASC2_male",-0.9,-0.258227808918008,1
1,4,0.05,15,"ASC2_age",1.2,0.330918289498248,1
1,4,0.05,15,"ASC2_income",0,-0.0098187433667915,0
1,4,0.05,15,"ASC2_child",-0.4,-5.20035235165089e-06,0
1,4,0.05,15,"ASC3_male",-0.6,-0.229644607983744,1
1,4,0.05,15,"ASC3_age",0,3.03737540240304e-07,0
1,4,0.05,15,"ASC3_income",0,0.0374903407499908,0
1,4,0.05,15,"ASC3_child",0.9,0.27109022032972,1
1,4,0.05,15,"prot25_male",0,-0.00996254044116755,0
1,4,0.05,15,"prot25_age",0.7,0.16448124818737,1
1,4,0.05,15,"prot25_income",-0.3,-0.0706970595384535,1
1,4,0.05,15,"prot25_child",0.5,0.0842461159716406,1
1,4,0.05,15,"prot50_male",0,4.67343692052496e-09,0
1,4,0.05,15,"prot50_age",-0.5,-0.0913736320579769,1
1,4,0.05,15,"prot50_income",0,-1.59354288817945e-06,0
1,4,0.05,15,"prot50_child",0.2,3.13533059206888e-06,0
1,4,0.05,15,"invasive_male",0,0.0407834663798389,0
1,4,0.05,15,"invasive_age",0,-0.043679584207077,0
1,4,0.05,15,"invasive_income",0,1.82644914712379e-07,0
1,4,0.05,15,"invasive_child",0,-1.89907186657979e-06,0
1,4,0.05,16,"ASC2_male",0,0.0872922679709596,1
1,4,0.05,16,"ASC2_age",-0.6,-0.147035372767029,1
1,4,0.05,16,"ASC2_income",0,-0.16558813893531,1
1,4,0.05,16,"ASC2_child",-0.8,-0.282027475843192,1
1,4,0.05,16,"ASC3_male",0,-0.0609434553108246,1
1,4,0.05,16,"ASC3_age",-0.8,-0.15159497911814,1
1,4,0.05,16,"ASC3_income",0.8,0.0844220498410261,1
1,4,0.05,16,"ASC3_child",-0.8,-0.280349537531137,1
1,4,0.05,16,"prot25_male",0.7,0.0722911016785071,1
1,4,0.05,16,"prot25_age",-1,-0.199547046111514,1
1,4,0.05,16,"prot25_income",0,0.115404258410903,1
1,4,0.05,16,"prot25_child",0,-0.0711165048596672,1
1,4,0.05,16,"prot50_male",0.6,0.220763069848758,1
1,4,0.05,16,"prot50_age",-1,-0.207099488504407,1
1,4,0.05,16,"prot50_income",0,0.0966048893938168,1
1,4,0.05,16,"prot50_child",0,-0.0530928882298998,1
1,4,0.05,16,"invasive_male",0,0.054282274797554,1
1,4,0.05,16,"invasive_age",0.8,0.28416017779616,1
1,4,0.05,16,"invasive_income",0,-0.0974368167393822,1
1,4,0.05,16,"invasive_child",0,-0.0480143196363127,0
1,4,0.05,17,"ASC2_male",0,-0.100032442399092,1
1,4,0.05,17,"ASC2_age",-1,-0.234362472479714,1
1,4,0.05,17,"ASC2_income",-0.9,-0.194477686807292,1
1,4,0.05,17,"ASC2_child",0,-0.123536456276272,1
1,4,0.05,17,"ASC3_male",0,-0.152380669671759,1
1,4,0.05,17,"ASC3_age",-1.1,-0.167640531095495,1
1,4,0.05,17,"ASC3_income",0,0.0510531440253661,1
1,4,0.05,17,"ASC3_child",-0.6,-0.141833220324707,1
1,4,0.05,17,"prot25_male",-0.9,-0.245883031906722,1
1,4,0.05,17,"prot25_age",0,-2.1812361801692e-09,0
1,4,0.05,17,"prot25_income",0.6,0.0715415291208276,1
1,4,0.05,17,"prot25_child",0,0.00550775715878585,0
1,4,0.05,17,"prot50_male",0.2,0.10694571374844,1
1,4,0.05,17,"prot50_age",0.5,0.0308967389142514,0
1,4,0.05,17,"prot50_income",0,-0.0421785419766545,0
1,4,0.05,17,"prot50_child",0,0.0655447999086478,1
1,4,0.05,17,"invasive_male",0.8,0.118247432594424,1
1,4,0.05,17,"invasive_age",0,-0.050382178185175,1
1,4,0.05,17,"invasive_income",-1.1,-0.293426758896498,1
1,4,0.05,17,"invasive_child",0,-0.0596609434219374,1
1,4,0.05,18,"ASC2_male",0.2,1.21542477808276e-06,0
1,4,0.05,18,"ASC2_age",0.7,0.087104120261716,1
1,4,0.05,18,"ASC2_income",0,2.56477790850698e-06,0
1,4,0.05,18,"ASC2_child",0.7,0.0154784872418977,0
1,4,0.05,18,"ASC3_male",0.2,0.00341923695024942,0
1,4,0.05,18,"ASC3_age",0,-0.0644339021391734,1
1,4,0.05,18,"ASC3_income",0.4,-0.00191740739558364,0
1,4,0.05,18,"ASC3_child",0,-0.143199912072782,1
1,4,0.05,18,"prot25_male",0,-1.5225272008069e-06,0
1,4,0.05,18,"prot25_age",0,-0.000850993839597571,0
1,4,0.05,18,"prot25_income",0,0.0961626339789185,1
1,4,0.05,18,"prot25_child",-0.5,-1.05011867388097e-05,0
1,4,0.05,18,"prot50_male",-0.6,-0.122409255422451,1
1,4,0.05,18,"prot50_age",0,0.0758641275317462,1
1,4,0.05,18,"prot50_income",1,0.265127520099477,1
1,4,0.05,18,"prot50_child",0,0.277067289393408,1
1,4,0.05,18,"invasive_male",0,5.05900436950674e-07,0
1,4,0.05,18,"invasive_age",0,0.0082162994406347,0
1,4,0.05,18,"invasive_income",-0.2,-1.4678959744248e-07,0
1,4,0.05,18,"invasive_child",0.7,0.0203172066635388,0
1,4,0.05,19,"ASC2_male",0,-0.138474954361216,1
1,4,0.05,19,"ASC2_age",0,-0.0377279315555296,0
1,4,0.05,19,"ASC2_income",-0.2,-0.101760083393421,1
1,4,0.05,19,"ASC2_child",0,-0.279463371497481,1
1,4,0.05,19,"ASC3_male",0,-0.254168440129969,1
1,4,0.05,19,"ASC3_age",0.2,0.0570986848332937,1
1,4,0.05,19,"ASC3_income",-0.8,-0.298056735394368,1
1,4,0.05,19,"ASC3_child",-1,-0.499198785888877,1
1,4,0.05,19,"prot25_male",0,0.222638921801285,1
1,4,0.05,19,"prot25_age",0,0.0295260626925642,0
1,4,0.05,19,"prot25_income",0,0.128165403681548,1
1,4,0.05,19,"prot25_child",0.7,0.499305520384571,1
1,4,0.05,19,"prot50_male",-1,-0.0650758101442403,1
1,4,0.05,19,"prot50_age",0,0.00254053215295406,0
1,4,0.05,19,"prot50_income",0.5,0.223984748215843,1
1,4,0.05,19,"prot50_child",1.1,0.498684682419634,1
1,4,0.05,19,"invasive_male",0,-0.000531628743961825,0
1,4,0.05,19,"invasive_age",0,0.0178782717292172,0
1,4,0.05,19,"invasive_income",0.6,0.158879233189274,1
1,4,0.05,19,"invasive_child",-1.2,-0.400916642449103,1
1,4,0.05,20,"ASC2_male",0,-0.0399017312449178,0
1,4,0.05,20,"ASC2_age",0.9,0.312651298695015,1
1,4,0.05,20,"ASC2_income",1,0.216851125282873,1
1,4,0.05,20,"ASC2_child",-1,-9.8916115572123e-09,0
1,4,0.05,20,"ASC3_male",0.7,0.140912964980841,1
1,4,0.05,20,"ASC3_age",-1.2,-0.207174661832495,1
1,4,0.05,20,"ASC3_income",-0.6,-0.156210680624086,1
1,4,0.05,20,"ASC3_child",-0.7,-0.0643103700529522,1
1,4,0.05,20,"prot25_male",0,-1.24230385243874e-08,0
1,4,0.05,20,"prot25_age",0,-0.0827540715597853,1
1,4,0.05,20,"prot25_income",0,0.0973334945511237,1
1,4,0.05,20,"prot25_child",0.7,0.021260446446351,0
1,4,0.05,20,"prot50_male",0,5.36512172538398e-09,0
1,4,0.05,20,"prot50_age",0,-3.49246027577787e-08,0
1,4,0.05,20,"prot50_income",0,-1.02646991747846e-08,0
1,4,0.05,20,"prot50_child",0,-0.162733490701091,1
1,4,0.05,20,"invasive_male",0,-2.68726122623415e-07,0
1,4,0.05,20,"invasive_age",0.5,0.197875711654135,1
1,4,0.05,20,"invasive_income",0,-0.0530218515652705,1
1,4,0.05,20,"invasive_child",0.3,7.99481397898469e-08,0
1,4,0.05,21,"ASC2_male",-0.5,-0.128424125558768,1
1,4,0.05,21,"ASC2_age",-0.6,-0.203634808908855,1
1,4,0.05,21,"ASC2_income",0,-0.0492479508447433,0
1,4,0.05,21,"ASC2_child",1.1,0.0375590335109487,0
1,4,0.05,21,"ASC3_male",0,-2.19501920856963e-07,0
1,4,0.05,21,"ASC3_age",0.3,-4.70573223020129e-09,0
1,4,0.05,21,"ASC3_income",0,0.0106015578684356,0
1,4,0.05,21,"ASC3_child",0,-0.148150826441735,1
1,4,0.05,21,"prot25_male",0.5,0.151546191296758,1
1,4,0.05,21,"prot25_age",0,0.00577458007134748,0
1,4,0.05,21,"prot25_income",-1,-0.281427168199061,1
1,4,0.05,21,"prot25_child",0,0.132759467020859,1
1,4,0.05,21,"prot50_male",-0.5,-0.190791483140912,1
1,4,0.05,21,"prot50_age",0,-1.1596050002233e-08,0
1,4,0.05,21,"prot50_income",0,0.0365689773127965,0
1,4,0.05,21,"prot50_child",-0.7,-0.0657796526660913,1
1,4,0.05,21,"invasive_male",0,-0.0407256004436577,0
1,4,0.05,21,"invasive_age",1.2,0.32577585353817,1
1,4,0.05,21,"invasive_income",-0.2,0.000375253993342396,0
1,4,0.05,21,"invasive_child",0,-8.41190855487152e-09,0
1,4,0.05,22,"ASC2_male",0.7,0.0193166300904902,0
1,4,0.05,22,"ASC2_age",-0.2,7.95526189304666e-09,0
1,4,0.05,22,"ASC2_income",-0.4,-0.0828177487828218,1
1,4,0.05,22,"ASC2_child",0,6.48975613179985e-11,0
1,4,0.05,22,"ASC3_male",0,-5.58691228319133e-09,0
1,4,0.05,22,"ASC3_age",-0.7,-0.120849411795058,1
1,4,0.05,22,"ASC3_income",0,0.0151193216199274,0
1,4,0.05,22,"ASC3_child",-0.7,-0.210332648380503,1
1,4,0.05,22,"prot25_male",0,0.137152564946506,1
1,4,0.05,22,"prot25_age",0,-0.0642586686375195,1
1,4,0.05,22,"prot25_income",0.5,0.122086010536096,1
1,4,0.05,22,"prot25_child",0,0.0816486874590933,1
1,4,0.05,22,"prot50_male",0,-1.1539860331973e-08,0
1,4,0.05,22,"prot50_age",1,0.229076750473414,1
1,4,0.05,22,"prot50_income",-0.9,-0.193648943791632,1
1,4,0.05,22,"prot50_child",-1.1,-0.223012933584925,1
1,4,0.05,22,"invasive_male",0,-0.0744459293850466,1
1,4,0.05,22,"invasive_age",0.3,0.177917797080135,1
1,4,0.05,22,"invasive_income",0,-0.00802699132195145,0
1,4,0.05,22,"invasive_child",0,-0.0674216313391758,1
1,4,0.05,23,"ASC2_male",0,-9.33329012125182e-09,0
1,4,0.05,23,"ASC2_age",0.5,0.217108846179245,1
1,4,0.05,23,"ASC2_income",0.8,0.220795258971187,1
1,4,0.05,23,"ASC2_child",-0.2,-5.30414231794434e-09,0
1,4,0.05,23,"ASC3_male",0.6,0.119051767461934,1
1,4,0.05,23,"ASC3_age",-0.3,-0.0364667894526188,0
1,4,0.05,23,"ASC3_income",0,-1.09681294794719e-08,0
1,4,0.05,23,"ASC3_child",0,0.00900063891371505,0
1,4,0.05,23,"prot25_male",0.8,0.151881999751334,1
1,4,0.05,23,"prot25_age",0.4,0.00500159924524667,0
1,4,0.05,23,"prot25_income",0.5,0.178225412425859,1
1,4,0.05,23,"prot25_child",0,-4.35833991837917e-09,0
1,4,0.05,23,"prot50_male",0,0.0107291828766659,0
1,4,0.05,23,"prot50_age",0,-0.00434375198921569,0
1,4,0.05,23,"prot50_income",0,6.43720604748246e-10,0
1,4,0.05,23,"prot50_child",0.5,0.161536705929546,1
1,4,0.05,23,"invasive_male",-0.5,-0.174883952727799,1
1,4,0.05,23,"invasive_age",0,-5.6745556969329e-09,0
1,4,0.05,23,"invasive_income",0,-3.99776531976622e-09,0
1,4,0.05,23,"invasive_child",0,-0.0492782694691809,0
1,4,0.05,24,"ASC2_male",-0.3,-0.0787220722034409,1
1,4,0.05,24,"ASC2_age",-0.3,-0.0961449576439471,1
1,4,0.05,24,"ASC2_income",0,6.52303391674685e-05,0
1,4,0.05,24,"ASC2_child",0,-0.01806395906052,0
1,4,0.05,24,"ASC3_male",0,-0.0564108352356691,1
1,4,0.05,24,"ASC3_age",1.2,0.208836858970043,1
1,4,0.05,24,"ASC3_income",0,-0.0961733513202646,1
1,4,0.05,24,"ASC3_child",0,8.77619912386437e-06,0
1,4,0.05,24,"prot25_male",0.4,0.096175187249866,1
1,4,0.05,24,"prot25_age",0,0.0193776449739773,0
1,4,0.05,24,"prot25_income",0.8,0.252256835221944,1
1,4,0.05,24,"prot25_child",1,0.175623984329115,1
1,4,0.05,24,"prot50_male",0,0.0698969277513431,1
1,4,0.05,24,"prot50_age",-0.8,-0.202111357586963,1
1,4,0.05,24,"prot50_income",1.1,0.323446045023545,1
1,4,0.05,24,"prot50_child",0,0.093192371401801,1
1,4,0.05,24,"invasive_male",0,0.108055744878425,1
1,4,0.05,24,"invasive_age",1.1,0.261324505416295,1
1,4,0.05,24,"invasive_income",0,-2.82303663196359e-10,0
1,4,0.05,24,"invasive_child",1.2,0.443811462358217,1
1,4,0.05,25,"ASC2_male",1.2,0.137698990280676,1
1,4,0.05,25,"ASC2_age",0,-0.0845447432236416,1
1,4,0.05,25,"ASC2_income",0,-1.19230789795628e-12,0
1,4,0.05,25,"ASC2_child",0,0.0710455839912631,1
1,4,0.05,25,"ASC3_male",-1,-0.417160600889358,1
1,4,0.05,25,"ASC3_age",-0.2,-0.0398204043098106,0
1,4,0.05,25,"ASC3_income",0,0.00156947235773111,0
1,4,0.05,25,"ASC3_child",-1.1,-0.0909396619718262,1
1,4,0.05,25,"prot25_male",1.1,0.524236097313079,1
1,4,0.05,25,"prot25_age",-0.6,-0.174824264351301,1
1,4,0.05,25,"prot25_income",0,-0.0504232214348262,1
1,4,0.05,25,"prot25_child",1,0.200544380595533,1
1,4,0.05,25,"prot50_male",0,0.157952181264427,1
1,4,0.05,25,"prot50_age",0,-0.0439597802928836,0
1,4,0.05,25,"prot50_income",0,-0.0600780075749611,1
1,4,0.05,25,"prot50_child",0,-0.167496944724428,1
1,4,0.05,25,"invasive_male",0,-0.0560407468032063,1
1,4,0.05,25,"invasive_age",1.1,0.203578651162335,1
1,4,0.05,25,"invasive_income",-1.2,-0.337315794575199,1
1,4,0.05,25,"invasive_child",1.2,0.0917369205591506,1
1,4,0.05,26,"ASC2_male",0,-0.109111752215914,1
1,4,0.05,26,"ASC2_age",-0.9,-0.250032262014693,1
1,4,0.05,26,"ASC2_income",-1.2,-0.148925894755108,1
1,4,0.05,26,"ASC2_child",-0.4,-2.4810163917829e-08,0
1,4,0.05,26,"ASC3_male",0.8,0.150903133605033,1
1,4,0.05,26,"ASC3_age",0,1.05092419458361e-06,0
1,4,0.05,26,"ASC3_income",-0.5,-0.0200138868238341,0
1,4,0.05,26,"ASC3_child",0.1,1.49200741550807e-07,0
1,4,0.05,26,"prot25_male",-0.9,-2.44269628075873e-08,0
1,4,0.05,26,"prot25_age",0,-0.0208647187326266,0
1,4,0.05,26,"prot25_income",0,-0.0477426377991339,0
1,4,0.05,26,"prot25_child",0,-1.25080069964877e-08,0
1,4,0.05,26,"prot50_male",0,0.0096828605961936,0
1,4,0.05,26,"prot50_age",0,-7.43161467137368e-09,0
1,4,0.05,26,"prot50_income",0.1,0.00937293468895372,0
1,4,0.05,26,"prot50_child",0,9.73345993389074e-08,0
1,4,0.05,26,"invasive_male",0,-1.59550992309786e-08,0
1,4,0.05,26,"invasive_age",0.9,0.17336445140037,1
1,4,0.05,26,"invasive_income",-0.7,-0.0927481278575557,1
1,4,0.05,26,"invasive_child",0,-6.15577372380601e-08,0
1,4,0.05,27,"ASC2_male",-1.2,-0.275494055002255,1
1,4,0.05,27,"ASC2_age",-0.5,-0.0567577501119649,1
1,4,0.05,27,"ASC2_income",0,-0.00213857090495378,0
1,4,0.05,27,"ASC2_child",0,-0.0465162141544211,0
1,4,0.05,27,"ASC3_male",0,0.00999727930427591,0
1,4,0.05,27,"ASC3_age",0,-0.029548651256705,0
1,4,0.05,27,"ASC3_income",0,6.39846178452069e-07,0
1,4,0.05,27,"ASC3_child",0.8,0.224057395447299,1
1,4,0.05,27,"prot25_male",-0.8,-0.0476081622164979,0
1,4,0.05,27,"prot25_age",0.9,0.173417918233699,1
1,4,0.05,27,"prot25_income",0,0.00484501331987407,0
1,4,0.05,27,"prot25_child",0.6,0.222169084220455,1
1,4,0.05,27,"prot50_male",0,4.72239872854698e-07,0
1,4,0.05,27,"prot50_age",0,-0.0729158720507632,1
1,4,0.05,27,"prot50_income",0,-6.46965590821748e-07,0
1,4,0.05,27,"prot50_child",0.4,-2.55756997496793e-08,0
1,4,0.05,27,"invasive_male",-0.2,3.74041814144154e-07,0
1,4,0.05,27,"invasive_age",-0.2,-0.101311152270457,1
1,4,0.05,27,"invasive_income",1,0.228609386176556,1
1,4,0.05,27,"invasive_child",0,-0.0906408473464402,1
1,4,0.05,28,"ASC2_male",-0.6,-0.0951465160122984,1
1,4,0.05,28,"ASC2_age",0,0.00753894514229916,0
1,4,0.05,28,"ASC2_income",0,0.0587223262324361,1
1,4,0.05,28,"ASC2_child",0,-2.94775560922093e-10,0
1,4,0.05,28,"ASC3_male",-0.9,-7.81061851273905e-09,0
1,4,0.05,28,"ASC3_age",-0.8,-0.15276473344395,1
1,4,0.05,28,"ASC3_income",0,1.55547297081383e-08,0
1,4,0.05,28,"ASC3_child",-0.7,-0.0376316272955951,0
1,4,0.05,28,"prot25_male",0,4.80538813350348e-08,0
1,4,0.05,28,"prot25_age",1.1,0.191711718857152,1
1,4,0.05,28,"prot25_income",1.2,0.269192945772734,1
1,4,0.05,28,"prot25_child",0,2.76957134064688e-08,0
1,4,0.05,28,"prot50_male",-0.2,-0.158233267744735,1
1,4,0.05,28,"prot50_age",0.8,0.280115399842462,1
1,4,0.05,28,"prot50_income",-0.2,-0.0442951663895043,0
1,4,0.05,28,"prot50_child",0,0.0122189597185272,0
1,4,0.05,28,"invasive_male",0,-0.0542612477545313,1
1,4,0.05,28,"invasive_age",0,0.0631510714579572,1
1,4,0.05,28,"invasive_income",0.3,0.0970990891510921,1
1,4,0.05,28,"invasive_child",0,-1.10795046004574e-08,0
1,4,0.05,29,"ASC2_male",0,-0.0310905424638498,0
1,4,0.05,29,"ASC2_age",0,-0.0729341331538439,1
1,4,0.05,29,"ASC2_income",-0.1,0.020092041750852,0
1,4,0.05,29,"ASC2_child",0,-0.0592905314424588,1
1,4,0.05,29,"ASC3_male",0,-0.0896069860708352,1
1,4,0.05,29,"ASC3_age",0.9,0.144392643295903,1
1,4,0.05,29,"ASC3_income",0,0.0914606561319601,1
1,4,0.05,29,"ASC3_child",-0.2,-7.84938779682094e-06,0
1,4,0.05,29,"prot25_male",0,-1.84976886744007e-08,0
1,4,0.05,29,"prot25_age",0,-1.97468703354971e-06,0
1,4,0.05,29,"prot25_income",0.8,0.171334475748279,1
1,4,0.05,29,"prot25_child",-0.4,-0.0600418280815762,1
1,4,0.05,29,"prot50_male",0.4,0.0841013352119847,1
1,4,0.05,29,"prot50_age",0.5,0.104424003518317,1
1,4,0.05,29,"prot50_income",0,4.24605239561801e-07,0
1,4,0.05,29,"prot50_child",0.7,0.00625152178372328,0
1,4,0.05,29,"invasive_male",0,0.0144415623399936,0
1,4,0.05,29,"invasive_age",-0.3,-0.0614285765981758,1
1,4,0.05,29,"invasive_income",0,0.0274257617054207,0
1,4,0.05,29,"invasive_child",1,0.179907619227243,1
1,4,0.05,30,"ASC2_male",0,-0.0124495163408109,0
1,4,0.05,30,"ASC2_age",0,-0.0215331325041077,0
1,4,0.05,30,"ASC2_income",0,-1.0761010700159e-09,0
1,4,0.05,30,"ASC2_child",0.6,0.0276396943736181,0
1,4,0.05,30,"ASC3_male",0.4,-1.00307949231096e-08,0
1,4,0.05,30,"ASC3_age",0,-0.0181544280033525,0
1,4,0.05,30,"ASC3_income",0.2,0.0270142394873013,0
1,4,0.05,30,"ASC3_child",0.2,-1.44492203291631e-08,0
1,4,0.05,30,"prot25_male",0,0.0239604291417391,0
1,4,0.05,30,"prot25_age",-0.7,-0.178132042617369,1
1,4,0.05,30,"prot25_income",0.4,0.111085603192515,1
1,4,0.05,30,"prot25_child",0.8,0.0644965278538289,1
1,4,0.05,30,"prot50_male",-0.7,-1.86596640502e-08,0
1,4,0.05,30,"prot50_age",0,3.47312959011095e-12,0
1,4,0.05,30,"prot50_income",0,-0.00228931086543711,0
1,4,0.05,30,"prot50_child",0,-3.82377608950776e-09,0
1,4,0.05,30,"invasive_male",1.1,0.280160458087854,1
1,4,0.05,30,"invasive_age",0,-3.85782368284789e-09,0
1,4,0.05,30,"invasive_income",0.4,0.00887611953495583,0
1,4,0.05,30,"invasive_child",0,-2.80597804850692e-09,0
1,4,0.05,31,"ASC2_male",1.2,0.0101515025228505,0
1,4,0.05,31,"ASC2_age",0,-3.14139678346994e-14,0
1,4,0.05,31,"ASC2_income",-0.3,-0.125615080564115,1
1,4,0.05,31,"ASC2_child",0,0.020005191420659,0
1,4,0.05,31,"ASC3_male",0,-0.109422708796668,1
1,4,0.05,31,"ASC3_age",0,-0.050091891262959,1
1,4,0.05,31,"ASC3_income",0,-1.47589702563802e-08,0
1,4,0.05,31,"ASC3_child",0,-1.47967318126688e-08,0
1,4,0.05,31,"prot25_male",-0.8,-1.27330076501779e-08,0
1,4,0.05,31,"prot25_age",-0.2,-1.05709757310082e-08,0
1,4,0.05,31,"prot25_income",0,-0.0853585302621203,1
1,4,0.05,31,"prot25_child",0,0.0210570218466052,0
1,4,0.05,31,"prot50_male",-0.9,-3.67548560085352e-09,0
1,4,0.05,31,"prot50_age",-0.9,-0.189087507418334,1
1,4,0.05,31,"prot50_income",-0.2,-0.0425907181373145,0
1,4,0.05,31,"prot50_child",-0.5,-1.17680722757298e-07,0
1,4,0.05,31,"invasive_male",-1,-0.180372135452466,1
1,4,0.05,31,"invasive_age",0,-1.19112497079751e-08,0
1,4,0.05,31,"invasive_income",0,-2.33140547692831e-09,0
1,4,0.05,31,"invasive_child",-0.7,-7.55650941401783e-09,0
1,4,0.05,32,"ASC2_male",0.2,-5.00977767720621e-08,0
1,4,0.05,32,"ASC2_age",0.7,0.0726509293532247,1
1,4,0.05,32,"ASC2_income",-1,-0.247205199813998,1
1,4,0.05,32,"ASC2_child",0.4,3.49306964724883e-07,0
1,4,0.05,32,"ASC3_male",0,4.84248183147918e-10,0
1,4,0.05,32,"ASC3_age",0.3,-1.99031183668205e-06,0
1,4,0.05,32,"ASC3_income",0,8.49558792274221e-06,0
1,4,0.05,32,"ASC3_child",0.5,-4.85552697496051e-08,0
1,4,0.05,32,"prot25_male",0,0.0901698625368351,1
1,4,0.05,32,"prot25_age",-0.6,-0.0513602948738624,1
1,4,0.05,32,"prot25_income",0,6.83072984800459e-07,0
1,4,0.05,32,"prot25_child",0,2.05734790109251e-05,0
1,4,0.05,32,"prot50_male",0.7,0.186982860567741,1
1,4,0.05,32,"prot50_age",0.3,0.158281895482889,1
1,4,0.05,32,"prot50_income",0,1.83062849455564e-07,0
1,4,0.05,32,"prot50_child",-0.6,-8.22001808564557e-07,0
1,4,0.05,32,"invasive_male",0,-6.17482324347637e-07,0
1,4,0.05,32,"invasive_age",0,2.45029766232799e-06,0
1,4,0.05,32,"invasive_income",0,2.00333914003063e-08,0
1,4,0.05,32,"invasive_child",0,2.46648587342477e-06,0
1,4,0.05,33,"ASC2_male",0,-8.13744226786633e-09,0
1,4,0.05,33,"ASC2_age",-0.3,-0.121173194990347,1
1,4,0.05,33,"ASC2_income",0,0.0259367342192095,0
1,4,0.05,33,"ASC2_child",0,0.0854555068079584,1
1,4,0.05,33,"ASC3_male",0,1.6072226339243e-07,0
1,4,0.05,33,"ASC3_age",1.1,0.202617024761429,1
1,4,0.05,33,"ASC3_income",0,-0.00252898406648141,0
1,4,0.05,33,"ASC3_child",0,-0.0385160412192741,0
1,4,0.05,33,"prot25_male",0.9,0.202555043120083,1
1,4,0.05,33,"prot25_age",-0.8,-0.0944716620618929,1
1,4,0.05,33,"prot25_income",1.1,0.269751059633069,1
1,4,0.05,33,"prot25_child",0,-6.79273104352466e-11,0
1,4,0.05,33,"prot50_male",-1.2,-0.102835535186225,1
1,4,0.05,33,"prot50_age",0.3,0.0338171180704731,0
1,4,0.05,33,"prot50_income",0,0.0330534923514003,0
1,4,0.05,33,"prot50_child",0.8,0.0450313993193311,0
1,4,0.05,33,"invasive_male",0,-1.63990704556209e-07,0
1,4,0.05,33,"invasive_age",-1.2,-0.328311950766786,1
1,4,0.05,33,"invasive_income",0.6,0.121327469702265,1
1,4,0.05,33,"invasive_child",0,0.0128657657202044,0
1,4,0.05,34,"ASC2_male",0,7.77720701183835e-08,0
1,4,0.05,34,"ASC2_age",-0.5,-0.114051668193294,1
1,4,0.05,34,"ASC2_income",0,0.0478443732348904,0
1,4,0.05,34,"ASC2_child",1,0.167909046593833,1
1,4,0.05,34,"ASC3_male",0,3.56585452308175e-07,0
1,4,0.05,34,"ASC3_age",-0.3,-0.0800866491334348,1
1,4,0.05,34,"ASC3_income",-0.7,-0.0984466296161844,1
1,4,0.05,34,"ASC3_child",-1,-0.133913653896354,1
1,4,0.05,34,"prot25_male",0,0.0769470724846687,1
1,4,0.05,34,"prot25_age",0,3.54495987323204e-07,0
1,4,0.05,34,"prot25_income",0,-2.69086733240431e-08,0
1,4,0.05,34,"prot25_child",0,3.22984597472364e-07,0
1,4,0.05,34,"prot50_male",0,-4.45247943691044e-07,0
1,4,0.05,34,"prot50_age",-0.8,-0.169709046665399,1
1,4,0.05,34,"prot50_income",-0.1,-0.00724220969275474,0
1,4,0.05,34,"prot50_child",0,1.90407443486372e-08,0
1,4,0.05,34,"invasive_male",-0.9,-0.0729651455661145,1
1,4,0.05,34,"invasive_age",-0.9,-0.205653699442989,1
1,4,0.05,34,"invasive_income",-0.9,-0.136622823141019,1
1,4,0.05,34,"invasive_child",0,3.70910153703685e-07,0
1,4,0.05,35,"ASC2_male",0,-0.0619417745180357,1
1,4,0.05,35,"ASC2_age",0,-4.25037260891213e-07,0
1,4,0.05,35,"ASC2_income",-0.2,-0.0400254350308917,0
1,4,0.05,35,"ASC2_child",0,1.6339223220472e-10,0
1,4,0.05,35,"ASC3_male",0,-0.128694105702708,1
1,4,0.05,35,"ASC3_age",0,0.0964617514774578,1
1,4,0.05,35,"ASC3_income",0,0.00745125642636827,0
1,4,0.05,35,"ASC3_child",0,-9.47349111303618e-10,0
1,4,0.05,35,"prot25_male",0,-1.16690752648221e-07,0
1,4,0.05,35,"prot25_age",1.2,0.288319139149365,1
1,4,0.05,35,"prot25_income",-0.2,-0.0517141134983646,1
1,4,0.05,35,"prot25_child",0.8,0.150868601487634,1
1,4,0.05,35,"prot50_male",-0.9,-0.187508217158787,1
1,4,0.05,35,"prot50_age",-0.2,-0.0702043356267737,1
1,4,0.05,35,"prot50_income",0,0.0293130948358001,0
1,4,0.05,35,"prot50_child",0,-2.52367351817639e-09,0
1,4,0.05,35,"invasive_male",0.3,0.105182846215827,1
1,4,0.05,35,"invasive_age",0.3,0.078951473132438,1
1,4,0.05,35,"invasive_income",-0.4,-0.0693773877925926,1
1,4,0.05,35,"invasive_child",-0.5,-0.128560285986606,1
1,4,0.05,36,"ASC2_male",-0.7,-0.0652947041384981,1
1,4,0.05,36,"ASC2_age",0,-2.11983406165821e-07,0
1,4,0.05,36,"ASC2_income",0.1,2.22987141508441e-07,0
1,4,0.05,36,"ASC2_child",0,-4.93288675641605e-09,0
1,4,0.05,36,"ASC3_male",0,8.18598746450684e-09,0
1,4,0.05,36,"ASC3_age",0.6,0.153618076902726,1
1,4,0.05,36,"ASC3_income",1.1,0.175886876911945,1
1,4,0.05,36,"ASC3_child",0,-2.45593251912261e-08,0
1,4,0.05,36,"prot25_male",0,-2.68936590696323e-09,0
1,4,0.05,36,"prot25_age",0,-9.28470519198661e-08,0
1,4,0.05,36,"prot25_income",0.2,0.0723024144110217,1
1,4,0.05,36,"prot25_child",0,0.0494785563677941,0
1,4,0.05,36,"prot50_male",0,6.27406606117616e-09,0
1,4,0.05,36,"prot50_age",0.9,0.147903448150261,1
1,4,0.05,36,"prot50_income",-0.8,-0.198121484510941,1
1,4,0.05,36,"prot50_child",0,3.965577617012e-09,0
1,4,0.05,36,"invasive_male",-1,-0.194291879736488,1
1,4,0.05,36,"invasive_age",0.8,0.143211325343345,1
1,4,0.05,36,"invasive_income",0,-2.0029639140049e-08,0
1,4,0.05,36,"invasive_child",-0.8,-4.06636036296003e-09,0
1,4,0.05,37,"ASC2_male",0,-3.77799292358345e-07,0
1,4,0.05,37,"ASC2_age",0,0.0589514687650333,1
1,4,0.05,37,"ASC2_income",0,-0.0729361211921743,1
1,4,0.05,37,"ASC2_child",0,9.17253765253068e-10,0
1,4,0.05,37,"ASC3_male",0,0.0310527880331317,0
1,4,0.05,37,"ASC3_age",0,0.0552999300044331,1
1,4,0.05,37,"ASC3_income",0.6,0.125657804965408,1
1,4,0.05,37,"ASC3_child",0,-0.0986440970436061,1
1,4,0.05,37,"prot25_male",-0.8,-0.0273307466931286,0
1,4,0.05,37,"prot25_age",0.9,0.132232827471667,1
1,4,0.05,37,"prot25_income",-0.7,-0.0728938110166328,1
1,4,0.05,37,"prot25_child",0.1,9.54605397165129e-09,0
1,4,0.05,37,"prot50_male",0,0.024471762882406,0
1,4,0.05,37,"prot50_age",1,0.193281147398347,1
1,4,0.05,37,"prot50_income",0,0.0331091399638141,0
1,4,0.05,37,"prot50_child",-0.9,-0.225729513987559,1
1,4,0.05,37,"invasive_male",0.6,-4.02164905655288e-10,0
1,4,0.05,37,"invasive_age",-0.3,-1.98015026841164e-09,0
1,4,0.05,37,"invasive_income",1.1,0.38952105564753,1
1,4,0.05,37,"invasive_child",0,0.0281751997675297,0
1,4,0.05,38,"ASC2_male",0.8,0.210279363908837,1
1,4,0.05,38,"ASC2_age",0,-0.0286633004124203,0
1,4,0.05,38,"ASC2_income",0.8,0.305356482372788,1
1,4,0.05,38,"ASC2_child",0.4,0.00791451177699845,0
1,4,0.05,38,"ASC3_male",0,1.42522505307182e-07,0
1,4,0.05,38,"ASC3_age",0,0.0230600662729512,0
1,4,0.05,38,"ASC3_income",0,0.120813338887096,1
1,4,0.05,38,"ASC3_child",0.2,0.0561340531048608,1
1,4,0.05,38,"prot25_male",0,1.46824277596829e-07,0
1,4,0.05,38,"prot25_age",0,-0.0126368464124248,0
1,4,0.05,38,"prot25_income",0,-0.105311257116325,1
1,4,0.05,38,"prot25_child",0,-0.102639296068198,1
1,4,0.05,38,"prot50_male",0,0.0810230209534872,1
1,4,0.05,38,"prot50_age",0.3,0.0290497173830867,0
1,4,0.05,38,"prot50_income",0.9,0.219965138298831,1
1,4,0.05,38,"prot50_child",0,-0.221060017150791,1
1,4,0.05,38,"invasive_male",-0.5,-0.125771835599892,1
1,4,0.05,38,"invasive_age",0.9,0.214274340154969,1
1,4,0.05,38,"invasive_income",1,0.366312411202553,1
1,4,0.05,38,"invasive_child",-0.2,-0.188644393435336,1
1,4,0.05,39,"ASC2_male",0.9,0.12527847629395,1
1,4,0.05,39,"ASC2_age",1.1,0.262940355318238,1
1,4,0.05,39,"ASC2_income",0,-0.0209956191066419,0
1,4,0.05,39,"ASC2_child",0.7,0.293937467403681,1
1,4,0.05,39,"ASC3_male",0,-1.16843392075847e-06,0
1,4,0.05,39,"ASC3_age",-0.1,-0.000357419909233371,0
1,4,0.05,39,"ASC3_income",0,2.80016229259583e-07,0
1,4,0.05,39,"ASC3_child",-1.1,-0.183677587296922,1
1,4,0.05,39,"prot25_male",0,5.08385261848777e-07,0
1,4,0.05,39,"prot25_age",0,-1.1495547096295e-08,0
1,4,0.05,39,"prot25_income",0.9,0.20168974646889,1
1,4,0.05,39,"prot25_child",0,3.65187977701898e-08,0
1,4,0.05,39,"prot50_male",0,7.21672525717669e-09,0
1,4,0.05,39,"prot50_age",0.9,0.23140143031965,1
1,4,0.05,39,"prot50_income",-0.8,-0.362629342821018,1
1,4,0.05,39,"prot50_child",0,2.26431963363138e-07,0
1,4,0.05,39,"invasive_male",0.1,-1.89242973838975e-07,0
1,4,0.05,39,"invasive_age",0,-9.96815398326296e-07,0
1,4,0.05,39,"invasive_income",0.7,0.0958743461159648,1
1,4,0.05,39,"invasive_child",0,4.72568456346287e-07,0
1,4,0.05,40,"ASC2_male",0,2.87527630222737e-06,0
1,4,0.05,40,"ASC2_age",0,-4.60477570810151e-07,0
1,4,0.05,40,"ASC2_income",-1,-0.250298949873504,1
1,4,0.05,40,"ASC2_child",-0.4,-2.98230857412213e-07,0
1,4,0.05,40,"ASC3_male",1.2,0.252260048918232,1
1,4,0.05,40,"ASC3_age",0,2.11723861319706e-07,0
1,4,0.05,40,"ASC3_income",0,-0.0645921659167258,1
1,4,0.05,40,"ASC3_child",0,4.29899513245589e-06,0
1,4,0.05,40,"prot25_male",-0.1,0.112506054386566,1
1,4,0.05,40,"prot25_age",0,7.10919001158879e-08,0
1,4,0.05,40,"prot25_income",-0.3,-0.0042964495897917,0
1,4,0.05,40,"prot25_child",-0.5,-4.8799717502705e-05,0
1,4,0.05,40,"prot50_male",-1.2,9.14346877347348e-08,0
1,4,0.05,40,"prot50_age",0,-6.19115379556902e-12,0
1,4,0.05,40,"prot50_income",0,-7.9380879549681e-06,0
1,4,0.05,40,"prot50_child",1.1,0.227714045471626,1
1,4,0.05,40,"invasive_male",-0.8,-1.46636082665641e-08,0
1,4,0.05,40,"invasive_age",0.5,0.0806731867961516,1
1,4,0.05,40,"invasive_income",0,4.02838128717368e-08,0
1,4,0.05,40,"invasive_child",0,-0.0639168407980191,1
1,4,0.05,41,"ASC2_male",0.1,-0.213119712090614,1
1,4,0.05,41,"ASC2_age",0,2.98996983177614e-08,0
1,4,0.05,41,"ASC2_income",-1,-0.191514382554733,1
1,4,0.05,41,"ASC2_child",-0.6,-0.0596566649887631,1
1,4,0.05,41,"ASC3_male",0.8,0.0683479276009412,1
1,4,0.05,41,"ASC3_age",-0.6,-0.102851369214546,1
1,4,0.05,41,"ASC3_income",-0.6,-0.168753108421886,1
1,4,0.05,41,"ASC3_child",-1,-0.261273063423234,1
1,4,0.05,41,"prot25_male",0,0.328086501847195,1
1,4,0.05,41,"prot25_age",-1,-0.32747040307981,1
1,4,0.05,41,"prot25_income",0,-0.0145855318622767,0
1,4,0.05,41,"prot25_child",0,-5.13718271139789e-09,0
1,4,0.05,41,"prot50_male",0,0.102913420898595,1
1,4,0.05,41,"prot50_age",0,1.12361682609565e-12,0
1,4,0.05,41,"prot50_income",0,-0.000807262236154938,0
1,4,0.05,41,"prot50_child",0,-4.45912150399433e-09,0
1,4,0.05,41,"invasive_male",-0.7,-0.198353358187194,1
1,4,0.05,41,"invasive_age",-0.5,-0.0684626221075986,1
1,4,0.05,41,"invasive_income",0,-0.0239241762339615,0
1,4,0.05,41,"invasive_child",0,-0.0158841749611448,0
1,4,0.05,42,"ASC2_male",-0.1,0.0904101562603452,1
1,4,0.05,42,"ASC2_age",1,0.255868802467395,1
1,4,0.05,42,"ASC2_income",0,0.0383866979060361,0
1,4,0.05,42,"ASC2_child",0.4,1.09209770779516e-08,0
1,4,0.05,42,"ASC3_male",-0.7,-0.00561117336224671,0
1,4,0.05,42,"ASC3_age",0,-6.03829087168811e-07,0
1,4,0.05,42,"ASC3_income",0,4.43109213316405e-09,0
1,4,0.05,42,"ASC3_child",0,-1.91952500185719e-09,0
1,4,0.05,42,"prot25_male",0.1,-7.52382689331891e-08,0
1,4,0.05,42,"prot25_age",0.8,0.18101585628903,1
1,4,0.05,42,"prot25_income",0,-0.0333190590592358,0
1,4,0.05,42,"prot25_child",0,-4.97579266259817e-09,0
1,4,0.05,42,"prot50_male",0,0.0890584646171407,1
1,4,0.05,42,"prot50_age",1,0.166260512842102,1
1,4,0.05,42,"prot50_income",0,-1.59177449858022e-09,0
1,4,0.05,42,"prot50_child",0,-7.26018918484983e-10,0
1,4,0.05,42,"invasive_male",-0.9,-0.0274018193720328,0
1,4,0.05,42,"invasive_age",0,0.0079321222437868,0
1,4,0.05,42,"invasive_income",-1,-0.180551546120874,1
1,4,0.05,42,"invasive_child",-1.1,-0.180973644736597,1
1,4,0.05,43,"ASC2_male",0,-0.0774389417206242,1
1,4,0.05,43,"ASC2_age",-0.8,-0.193125354866495,1
1,4,0.05,43,"ASC2_income",0,-1.10509418066018e-08,0
1,4,0.05,43,"ASC2_child",0,0.0655510783082177,1
1,4,0.05,43,"ASC3_male",-1.2,-0.303175330583541,1
1,4,0.05,43,"ASC3_age",0,-0.0460187920894546,0
1,4,0.05,43,"ASC3_income",0,-0.0495590942884317,0
1,4,0.05,43,"ASC3_child",0,-1.16897348424847e-07,0
1,4,0.05,43,"prot25_male",1,0.263702054765315,1
1,4,0.05,43,"prot25_age",0.5,0.168769582021783,1
1,4,0.05,43,"prot25_income",0.9,0.244171095259768,1
1,4,0.05,43,"prot25_child",1,0.305878210278186,1
1,4,0.05,43,"prot50_male",-0.2,-0.14477884132804,1
1,4,0.05,43,"prot50_age",0,-9.81453328537869e-09,0
1,4,0.05,43,"prot50_income",-0.3,-0.0357534187572132,0
1,4,0.05,43,"prot50_child",0.6,0.111514836149366,1
1,4,0.05,43,"invasive_male",0,-0.0232854964793946,0
1,4,0.05,43,"invasive_age",0,-5.53280379802458e-08,0
1,4,0.05,43,"invasive_income",1,0.205992545450056,1
1,4,0.05,43,"invasive_child",0,-2.77007722016221e-08,0
1,4,0.05,44,"ASC2_male",0.9,-4.6114278055495e-09,0
1,4,0.05,44,"ASC2_age",1.2,0.328468085195894,1
1,4,0.05,44,"ASC2_income",0,-3.60633010599502e-07,0
1,4,0.05,44,"ASC2_child",0,-3.56627147695093e-09,0
1,4,0.05,44,"ASC3_male",0.9,0.187448087826057,1
1,4,0.05,44,"ASC3_age",0,4.25502046356946e-08,0
1,4,0.05,44,"ASC3_income",-0.5,-0.0974545434285775,1
1,4,0.05,44,"ASC3_child",-1.1,-0.153117104879965,1
1,4,0.05,44,"prot25_male",-1.1,-0.214109233094111,1
1,4,0.05,44,"prot25_age",0,-1.87721222402302e-09,0
1,4,0.05,44,"prot25_income",0,-0.0869659581655266,1
1,4,0.05,44,"prot25_child",0.9,0.17555794448001,1
1,4,0.05,44,"prot50_male",0,-3.00182074541383e-09,0
1,4,0.05,44,"prot50_age",-1.2,-0.326305986657059,1
1,4,0.05,44,"prot50_income",-0.5,-0.0893827140730739,1
1,4,0.05,44,"prot50_child",0,-3.14966136404189e-09,0
1,4,0.05,44,"invasive_male",-0.8,-0.0909318537780232,1
1,4,0.05,44,"invasive_age",0,0.0187304144252247,0
1,4,0.05,44,"invasive_income",0,-4.50156781463327e-09,0
1,4,0.05,44,"invasive_child",0,0.0360445036889842,0
1,4,0.05,45,"ASC2_male",-0.6,-1.72676801285286e-07,0
1,4,0.05,45,"ASC2_age",0,5.07154044450017e-08,0
1,4,0.05,45,"ASC2_income",0,2.22803195742745e-07,0
1,4,0.05,45,"ASC2_child",0.2,0.027836000894674,0
1,4,0.05,45,"ASC3_male",-0.7,-1.29636461824325e-07,0
1,4,0.05,45,"ASC3_age",0,-9.42544202855465e-09,0
1,4,0.05,45,"ASC3_income",0,5.31338412334358e-08,0
1,4,0.05,45,"ASC3_child",-0.1,1.77798745713595e-09,0
1,4,0.05,45,"prot25_male",0,-3.76095844609267e-09,0
1,4,0.05,45,"prot25_age",-0.8,-0.259222689859098,1
1,4,0.05,45,"prot25_income",0,4.84687086289471e-07,0
1,4,0.05,45,"prot25_child",0.4,0.0327514164038465,0
1,4,0.05,45,"prot50_male",0,3.33672456896458e-07,0
1,4,0.05,45,"prot50_age",1.2,0.196805485027421,1
1,4,0.05,45,"prot50_income",0,-3.31155832563072e-06,0
1,4,0.05,45,"prot50_child",-0.2,1.1067494388692e-07,0
1,4,0.05,45,"invasive_male",-1,-0.0628080780194107,1
1,4,0.05,45,"invasive_age",0,1.76553349973632e-07,0
1,4,0.05,45,"invasive_income",-0.3,-0.0785857739801124,1
1,4,0.05,45,"invasive_child",0,2.76147612866967e-08,0
1,4,0.05,46,"ASC2_male",-0.3,-0.110724311351401,1
1,4,0.05,46,"ASC2_age",0,3.80879865129533e-06,0
1,4,0.05,46,"ASC2_income",-0.4,-0.0843619421300631,1
1,4,0.05,46,"ASC2_child",0,-6.42831928440487e-06,0
1,4,0.05,46,"ASC3_male",0,-0.00442448193681349,0
1,4,0.05,46,"ASC3_age",0,-0.00532489224532267,0
1,4,0.05,46,"ASC3_income",0,-1.01072134206486e-05,0
1,4,0.05,46,"ASC3_child",0,4.86268234818852e-10,0
1,4,0.05,46,"prot25_male",0,-0.121418115541708,1
1,4,0.05,46,"prot25_age",0.9,0.232906113018975,1
1,4,0.05,46,"prot25_income",0.4,0.0778538299375206,1
1,4,0.05,46,"prot25_child",0.5,0.132850682421028,1
1,4,0.05,46,"prot50_male",0.7,0.208457151360671,1
1,4,0.05,46,"prot50_age",0.5,0.131321709302304,1
1,4,0.05,46,"prot50_income",-0.5,-0.180933673246777,1
1,4,0.05,46,"prot50_child",0.7,0.146601866932354,1
1,4,0.05,46,"invasive_male",0,-4.70838548768593e-06,0
1,4,0.05,46,"invasive_age",0,0.115048538361349,1
1,4,0.05,46,"invasive_income",0,5.87581402709189e-07,0
1,4,0.05,46,"invasive_child",0.6,0.34984449498916,1
1,4,0.05,47,"ASC2_male",0,-1.7033931195957e-08,0
1,4,0.05,47,"ASC2_age",0,-3.66658277718794e-06,0
1,4,0.05,47,"ASC2_income",-0.7,-0.139653852919766,1
1,4,0.05,47,"ASC2_child",0.9,0.150134508676529,1
1,4,0.05,47,"ASC3_male",0,-0.0674969242568282,1
1,4,0.05,47,"ASC3_age",1,0.322762071859587,1
1,4,0.05,47,"ASC3_income",0,0.0246192577623301,0
1,4,0.05,47,"ASC3_child",0,-0.119136372675569,1
1,4,0.05,47,"prot25_male",1.2,0.44988271597277,1
1,4,0.05,47,"prot25_age",1,0.216778585852381,1
1,4,0.05,47,"prot25_income",0,-0.0939561464755483,1
1,4,0.05,47,"prot25_child",0.5,0.0251888532967021,0
1,4,0.05,47,"prot50_male",-0.1,-0.134551781200801,1
1,4,0.05,47,"prot50_age",0,-1.49726757618041e-09,0
1,4,0.05,47,"prot50_income",1,0.148464751922319,1
1,4,0.05,47,"prot50_child",0,6.42018459514281e-09,0
1,4,0.05,47,"invasive_male",0,0.0161732444218913,0
1,4,0.05,47,"invasive_age",0,0.016768793928886,0
1,4,0.05,47,"invasive_income",-0.3,-0.0873471216262793,1
1,4,0.05,47,"invasive_child",-0.9,-0.222735276314515,1
1,4,0.05,48,"ASC2_male",0.3,0.105982184683441,1
1,4,0.05,48,"ASC2_age",0,-0.000526175936173163,0
1,4,0.05,48,"ASC2_income",-1.1,-0.237741420011923,1
1,4,0.05,48,"ASC2_child",0,-1.07287185928331e-08,0
1,4,0.05,48,"ASC3_male",0,-6.09686326479957e-09,0
1,4,0.05,48,"ASC3_age",1,0.231292392367665,1
1,4,0.05,48,"ASC3_income",0.7,0.131244440713869,1
1,4,0.05,48,"ASC3_child",0.9,0.078544089563067,1
1,4,0.05,48,"prot25_male",1,0.38556241399537,1
1,4,0.05,48,"prot25_age",0,-1.51588982264963e-08,0
1,4,0.05,48,"prot25_income",0.2,-8.19754092595443e-09,0
1,4,0.05,48,"prot25_child",0,-4.60563398731208e-09,0
1,4,0.05,48,"prot50_male",-0.7,-1.18795431968738e-08,0
1,4,0.05,48,"prot50_age",0,-2.06338104751342e-10,0
1,4,0.05,48,"prot50_income",0,-1.60748586916656e-08,0
1,4,0.05,48,"prot50_child",0.1,0.0508481752989963,1
1,4,0.05,48,"invasive_male",0,-5.83780814331773e-08,0
1,4,0.05,48,"invasive_age",0,-3.12606658477761e-09,0
1,4,0.05,48,"invasive_income",0.6,0.0744180503539269,1
1,4,0.05,48,"invasive_child",0,-2.4998461911165e-08,0
1,4,0.05,49,"ASC2_male",0,-9.19299418248868e-09,0
1,4,0.05,49,"ASC2_age",0.6,0.0316283539505373,0
1,4,0.05,49,"ASC2_income",0,0.0258656343263547,0
1,4,0.05,49,"ASC2_child",0.6,-4.54939591511438e-09,0
1,4,0.05,49,"ASC3_male",0,-7.98261768819349e-09,0
1,4,0.05,49,"ASC3_age",0.5,0.0616425461867932,1
1,4,0.05,49,"ASC3_income",-0.2,0.00522257341920605,0
1,4,0.05,49,"ASC3_child",0,1.30024622306317e-08,0
1,4,0.05,49,"prot25_male",1,0.173037807062498,1
1,4,0.05,49,"prot25_age",0,0.00042421465280058,0
1,4,0.05,49,"prot25_income",0.8,0.156744392524998,1
1,4,0.05,49,"prot25_child",-1,-9.77511204002816e-09,0
1,4,0.05,49,"prot50_male",0,-2.49372821472821e-10,0
1,4,0.05,49,"prot50_age",0.7,0.231221408972101,1
1,4,0.05,49,"prot50_income",0,-1.25855616198537e-08,0
1,4,0.05,49,"prot50_child",-1,-1.09087144012852e-05,0
1,4,0.05,49,"invasive_male",-0.2,-8.29010154866339e-09,0
1,4,0.05,49,"invasive_age",0,-0.0491807560181754,0
1,4,0.05,49,"invasive_income",0,-2.46861412815469e-08,0
1,4,0.05,49,"invasive_child",0,-1.1470127751232e-08,0
1,4,0.05,50,"ASC2_male",0,-3.32315282627714e-09,0
1,4,0.05,50,"ASC2_age",0,-8.17624023016843e-09,0
1,4,0.05,50,"ASC2_income",0.4,0.0577092634129003,1
1,4,0.05,50,"ASC2_child",0.1,-2.28184485130268e-09,0
1,4,0.05,50,"ASC3_male",0,-1.34772836731387e-08,0
1,4,0.05,50,"ASC3_age",0,-6.39633526728829e-09,0
1,4,0.05,50,"ASC3_income",0,-9.81392058662769e-09,0
1,4,0.05,50,"ASC3_child",-0.2,-0.0841996265214995,1
1,4,0.05,50,"prot25_male",-0.4,-7.7055885018348e-09,0
1,4,0.05,50,"prot25_age",1.2,0.212375579200633,1
1,4,0.05,50,"prot25_income",-0.6,-0.0205192236690711,0
1,4,0.05,50,"prot25_child",0,-7.50488904724909e-09,0
1,4,0.05,50,"prot50_male",1,0.271168462456702,1
1,4,0.05,50,"prot50_age",-0.3,-0.0759944578145638,1
1,4,0.05,50,"prot50_income",0,-7.11047191005974e-09,0
1,4,0.05,50,"prot50_child",0,-1.14021836540364e-08,0
1,4,0.05,50,"invasive_male",-1,-0.143708862059497,1
1,4,0.05,50,"invasive_age",0.4,0.0374479561992853,0
1,4,0.05,50,"invasive_income",0,-1.29017649416686e-08,0
1,4,0.05,50,"invasive_child",0,-3.80553220520484e-09,0
1,4,0.05,51,"ASC2_male",1.1,0.0820329326429925,1
1,4,0.05,51,"ASC2_age",0,0.000447617410358849,0
1,4,0.05,51,"ASC2_income",-0.5,1.06811431501386e-08,0
1,4,0.05,51,"ASC2_child",0,-1.78536979444259e-10,0
1,4,0.05,51,"ASC3_male",0,-3.52773203468896e-09,0
1,4,0.05,51,"ASC3_age",-1,-0.256068418239339,1
1,4,0.05,51,"ASC3_income",-0.5,-5.3866387211967e-09,0
1,4,0.05,51,"ASC3_child",0,3.03361353904839e-07,0
1,4,0.05,51,"prot25_male",0,0.0608042046024363,1
1,4,0.05,51,"prot25_age",-0.8,-0.180452911857152,1
1,4,0.05,51,"prot25_income",0.9,0.120104226309066,1
1,4,0.05,51,"prot25_child",0.8,0.00810118057619794,0
1,4,0.05,51,"prot50_male",-1,-0.00029156090026629,0
1,4,0.05,51,"prot50_age",0,4.18977372766583e-08,0
1,4,0.05,51,"prot50_income",0,-1.90947667463553e-09,0
1,4,0.05,51,"prot50_child",0,3.83458381428697e-10,0
1,4,0.05,51,"invasive_male",0.9,0.00333205239420726,0
1,4,0.05,51,"invasive_age",0,0.0089885628078416,0
1,4,0.05,51,"invasive_income",-0.4,-0.0175448838541923,0
1,4,0.05,51,"invasive_child",0,-1.19832362830965e-06,0
1,4,0.05,52,"ASC2_male",0,-0.0309145199192401,0
1,4,0.05,52,"ASC2_age",0.8,0.182712243814871,1
1,4,0.05,52,"ASC2_income",0,7.86099405009832e-07,0
1,4,0.05,52,"ASC2_child",0,-0.149748137755113,1
1,4,0.05,52,"ASC3_male",1.1,0.104983778674062,1
1,4,0.05,52,"ASC3_age",0,-0.0116802709715963,0
1,4,0.05,52,"ASC3_income",0.2,0.0113028048536967,0
1,4,0.05,52,"ASC3_child",0,0.0578981889415091,1
1,4,0.05,52,"prot25_male",-0.9,-0.0984926350560618,1
1,4,0.05,52,"prot25_age",1.1,0.302358087514933,1
1,4,0.05,52,"prot25_income",0,0.0389835748451366,0
1,4,0.05,52,"prot25_child",-1.1,-2.3903503929934e-07,0
1,4,0.05,52,"prot50_male",0,0.137862529746393,1
1,4,0.05,52,"prot50_age",0,-0.0299590717733678,0
1,4,0.05,52,"prot50_income",0.9,0.216362884988291,1
1,4,0.05,52,"prot50_child",-0.2,0.0789612384975764,1
1,4,0.05,52,"invasive_male",0.2,1.8623648544215e-08,0
1,4,0.05,52,"invasive_age",0,-0.00870385882543689,0
1,4,0.05,52,"invasive_income",-0.9,-0.178840398871991,1
1,4,0.05,52,"invasive_child",0,1.63997428351571e-07,0
1,4,0.05,53,"ASC2_male",0,-1.06864693952147e-08,0
1,4,0.05,53,"ASC2_age",0,0.0156046613047985,0
1,4,0.05,53,"ASC2_income",-0.7,-0.0682896210267766,1
1,4,0.05,53,"ASC2_child",0.7,0.122428470780696,1
1,4,0.05,53,"ASC3_male",0,-0.0860885960504496,1
1,4,0.05,53,"ASC3_age",-0.4,-0.0686304780044638,1
1,4,0.05,53,"ASC3_income",0,0.0497336472080563,0
1,4,0.05,53,"ASC3_child",0,2.58981860890139e-08,0
1,4,0.05,53,"prot25_male",-1.1,-0.12634402824275,1
1,4,0.05,53,"prot25_age",-0.4,-0.140452329990815,1
1,4,0.05,53,"prot25_income",0,-0.0830495012929938,1
1,4,0.05,53,"prot25_child",0,0.143036037074082,1
1,4,0.05,53,"prot50_male",0,0.00713106520179111,0
1,4,0.05,53,"prot50_age",0.4,0.0693688956322387,1
1,4,0.05,53,"prot50_income",0,-0.0641786144066741,1
1,4,0.05,53,"prot50_child",0,0.0733443981980342,1
1,4,0.05,53,"invasive_male",-1.1,-0.319031343403631,1
1,4,0.05,53,"invasive_age",0.4,0.177044946510276,1
1,4,0.05,53,"invasive_income",-0.4,-0.0445100976322411,0
1,4,0.05,53,"invasive_child",0.5,0.174453060410102,1
1,4,0.05,54,"ASC2_male",-1,-0.323199835800875,1
1,4,0.05,54,"ASC2_age",0.5,0.110962303828534,1
1,4,0.05,54,"ASC2_income",0,-7.71347972252559e-08,0
1,4,0.05,54,"ASC2_child",0.2,1.37686026861591e-07,0
1,4,0.05,54,"ASC3_male",0.5,0.132422550842368,1
1,4,0.05,54,"ASC3_age",-0.2,-0.0246285584364937,0
1,4,0.05,54,"ASC3_income",0,6.41889435951038e-06,0
1,4,0.05,54,"ASC3_child",0,-1.09412466142604e-08,0
1,4,0.05,54,"prot25_male",0,0.0778035945317178,1
1,4,0.05,54,"prot25_age",0,-0.0428345203523379,0
1,4,0.05,54,"prot25_income",0.3,0.0763347769443025,1
1,4,0.05,54,"prot25_child",0,0.0236851822708831,0
1,4,0.05,54,"prot50_male",0,-1.71912097738453e-10,0
1,4,0.05,54,"prot50_age",0.9,0.163755049456325,1
1,4,0.05,54,"prot50_income",0,-0.00244732897592219,0
1,4,0.05,54,"prot50_child",-0.4,-0.0533562543541465,1
1,4,0.05,54,"invasive_male",0,-0.184870256905386,1
1,4,0.05,54,"invasive_age",0.9,0.27548228669322,1
1,4,0.05,54,"invasive_income",-0.4,-0.116969490283022,1
1,4,0.05,54,"invasive_child",0,1.29597573862479e-07,0
1,4,0.05,55,"ASC2_male",0.9,0.0649383097814725,1
1,4,0.05,55,"ASC2_age",0,-1.71253299857169e-08,0
1,4,0.05,55,"ASC2_income",0,-0.00640179756341615,0
1,4,0.05,55,"ASC2_child",0.9,0.167957475963124,1
1,4,0.05,55,"ASC3_male",0,-0.0482973420827042,0
1,4,0.05,55,"ASC3_age",0,-1.08794683473008e-08,0
1,4,0.05,55,"ASC3_income",0,0.0266881719774374,0
1,4,0.05,55,"ASC3_child",-1,-0.400709903073465,1
1,4,0.05,55,"prot25_male",-0.9,-0.199505406000229,1
1,4,0.05,55,"prot25_age",-0.6,-0.125124778759387,1
1,4,0.05,55,"prot25_income",0,-0.0305462004737552,0
1,4,0.05,55,"prot25_child",-0.3,-7.39900391123747e-09,0
1,4,0.05,55,"prot50_male",-0.9,-0.170236277836563,1
1,4,0.05,55,"prot50_age",0,-0.0149485717966996,0
1,4,0.05,55,"prot50_income",1.1,0.21330246921131,1
1,4,0.05,55,"prot50_child",0,0.101197363433523,1
1,4,0.05,55,"invasive_male",0.8,0.0661724734363326,1
1,4,0.05,55,"invasive_age",-0.8,-0.149118118480934,1
1,4,0.05,55,"invasive_income",0,0.0038722936440277,0
1,4,0.05,55,"invasive_child",0,-1.26255744429293e-09,0
1,4,0.05,56,"ASC2_male",0,-0.0803059137563503,1
1,4,0.05,56,"ASC2_age",1.1,0.297370804991587,1
1,4,0.05,56,"ASC2_income",0,5.12400674941436e-08,0
1,4,0.05,56,"ASC2_child",0,-0.186235391565919,1
1,4,0.05,56,"ASC3_male",0,-1.6142344166765e-08,0
1,4,0.05,56,"ASC3_age",-1,-0.151720556766546,1
1,4,0.05,56,"ASC3_income",0.8,0.159403077504089,1
1,4,0.05,56,"ASC3_child",0,-0.220127746526223,1
1,4,0.05,56,"prot25_male",0,0.0493698536614611,0
1,4,0.05,56,"prot25_age",0.9,0.208076704911294,1
1,4,0.05,56,"prot25_income",0,0.0240671527419032,0
1,4,0.05,56,"prot25_child",0,9.70241011569274e-08,0
1,4,0.05,56,"prot50_male",0.5,0.051225686174439,1
1,4,0.05,56,"prot50_age",0,-1.88275855578601e-06,0
1,4,0.05,56,"prot50_income",-0.8,-0.0520880353700918,1
1,4,0.05,56,"prot50_child",-0.4,-0.0667563486553483,1
1,4,0.05,56,"invasive_male",0,-0.039647351468847,0
1,4,0.05,56,"invasive_age",0.7,0.165787088340847,1
1,4,0.05,56,"invasive_income",1.1,0.241821089041274,1
1,4,0.05,56,"invasive_child",0.3,6.3967532435773e-05,0
1,4,0.05,57,"ASC2_male",0,-4.43860493347315e-09,0
1,4,0.05,57,"ASC2_age",0,-0.0360961323796736,0
1,4,0.05,57,"ASC2_income",1,0.212266495747871,1
1,4,0.05,57,"ASC2_child",1.1,0.0993209036724704,1
1,4,0.05,57,"ASC3_male",0,0.118992588618299,1
1,4,0.05,57,"ASC3_age",0.9,0.160261656633134,1
1,4,0.05,57,"ASC3_income",0,-0.033051525063685,0
1,4,0.05,57,"ASC3_child",0,-0.0993703511301295,1
1,4,0.05,57,"prot25_male",0.1,0.0350996940662476,0
1,4,0.05,57,"prot25_age",0,-7.742535276542e-09,0
1,4,0.05,57,"prot25_income",0,0.0175474512041241,0
1,4,0.05,57,"prot25_child",-0.4,-1.12333039142139e-08,0
1,4,0.05,57,"prot50_male",1,0.258915877747193,1
1,4,0.05,57,"prot50_age",-0.9,-0.211683341749336,1
1,4,0.05,57,"prot50_income",0,-0.00929439118792268,0
1,4,0.05,57,"prot50_child",-0.2,-6.71316231259734e-09,0
1,4,0.05,57,"invasive_male",-0.4,-0.0615385934299301,1
1,4,0.05,57,"invasive_age",1,0.218798846733401,1
1,4,0.05,57,"invasive_income",0,-0.0911325477904195,1
1,4,0.05,57,"invasive_child",0,-4.91158377536683e-09,0
1,4,0.05,58,"ASC2_male",0,0.0994193161995124,1
1,4,0.05,58,"ASC2_age",-0.4,-0.05814254289143,1
1,4,0.05,58,"ASC2_income",1.1,0.216793262899856,1
1,4,0.05,58,"ASC2_child",0.4,0.0264481738035518,0
1,4,0.05,58,"ASC3_male",0,0.0238427776044624,0
1,4,0.05,58,"ASC3_age",-0.6,-0.0984720852588469,1
1,4,0.05,58,"ASC3_income",0,0.00332108419239798,0
1,4,0.05,58,"ASC3_child",0,-4.48109104101013e-05,0
1,4,0.05,58,"prot25_male",0.2,0.18622316096504,1
1,4,0.05,58,"prot25_age",0,-0.0203579941474807,0
1,4,0.05,58,"prot25_income",0,0.00150995444520454,0
1,4,0.05,58,"prot25_child",-0.4,0.0414001419876892,0
1,4,0.05,58,"prot50_male",0.6,0.178923305711018,1
1,4,0.05,58,"prot50_age",0,-0.0290151349883597,0
1,4,0.05,58,"prot50_income",0,0.000555425883801328,0
1,4,0.05,58,"prot50_child",-0.7,-0.152993256758938,1
1,4,0.05,58,"invasive_male",-1,-0.160921672225863,1
1,4,0.05,58,"invasive_age",0.8,0.159959321779844,1
1,4,0.05,58,"invasive_income",0,-0.0112254529140599,0
1,4,0.05,58,"invasive_child",0,0.0337237811906124,0
1,4,0.05,59,"ASC2_male",1.2,0.277810318766244,1
1,4,0.05,59,"ASC2_age",1.1,0.104696872830342,1
1,4,0.05,59,"ASC2_income",0,2.72606497142757e-07,0
1,4,0.05,59,"ASC2_child",0.2,-1.5998333273198e-08,0
1,4,0.05,59,"ASC3_male",0,-2.51652072939949e-07,0
1,4,0.05,59,"ASC3_age",1,0.151929542876873,1
1,4,0.05,59,"ASC3_income",0,0.0460510366437378,0
1,4,0.05,59,"ASC3_child",0,-1.3040362972578e-08,0
1,4,0.05,59,"prot25_male",0.3,-1.11046281631547e-08,0
1,4,0.05,59,"prot25_age",0,-3.23969513122782e-09,0
1,4,0.05,59,"prot25_income",0.4,0.0789793596212961,1
1,4,0.05,59,"prot25_child",0.3,-1.40467389187376e-08,0
1,4,0.05,59,"prot50_male",0,-1.60356185116493e-09,0
1,4,0.05,59,"prot50_age",0,0.029566464969184,0
1,4,0.05,59,"prot50_income",1,0.192019248169205,1
1,4,0.05,59,"prot50_child",0.9,0.165975395163461,1
1,4,0.05,59,"invasive_male",0,-1.06492178307261e-08,0
1,4,0.05,59,"invasive_age",0,-6.07794770355299e-09,0
1,4,0.05,59,"invasive_income",0,-0.0523201210415609,1
1,4,0.05,59,"invasive_child",-0.6,-0.180959124190282,1
1,4,0.05,60,"ASC2_male",-1,-0.277106289332149,1
1,4,0.05,60,"ASC2_age",-0.1,-1.17231468091383e-09,0
1,4,0.05,60,"ASC2_income",0,-5.93666436947372e-09,0
1,4,0.05,60,"ASC2_child",-0.4,-5.51459858351521e-09,0
1,4,0.05,60,"ASC3_male",-1.1,-0.17817423921757,1
1,4,0.05,60,"ASC3_age",0,-0.0158002239612123,0
1,4,0.05,60,"ASC3_income",0,-0.038706888868055,0
1,4,0.05,60,"ASC3_child",1.2,0.344017029774825,1
1,4,0.05,60,"prot25_male",-1.1,-0.170045207188337,1
1,4,0.05,60,"prot25_age",-0.8,-0.0960542044151499,1
1,4,0.05,60,"prot25_income",0,-6.6708806149442e-09,0
1,4,0.05,60,"prot25_child",0,-1.18158545921392e-09,0
1,4,0.05,60,"prot50_male",-0.4,-1.12888529494896e-08,0
1,4,0.05,60,"prot50_age",0,-5.71715875965847e-09,0
1,4,0.05,60,"prot50_income",0,0.0560283643496582,1
1,4,0.05,60,"prot50_child",0,1.25363607554167e-09,0
1,4,0.05,60,"invasive_male",1.1,0.0580314131882618,1
1,4,0.05,60,"invasive_age",0,-0.0202905568447069,0
1,4,0.05,60,"invasive_income",0,0.0230967971664975,0
1,4,0.05,60,"invasive_child",-0.4,-0.0090450889656347,0
1,4,0.05,61,"ASC2_male",-0.6,-0.134681043842947,1
1,4,0.05,61,"ASC2_age",0,-0.0359180348393496,0
1,4,0.05,61,"ASC2_income",0.3,0.0642478414628922,1
1,4,0.05,61,"ASC2_child",0.8,0.0862505976524577,1
1,4,0.05,61,"ASC3_male",0.5,0.108127987566296,1
1,4,0.05,61,"ASC3_age",0,-0.0571776825930953,1
1,4,0.05,61,"ASC3_income",0,-3.69819740221815e-09,0
1,4,0.05,61,"ASC3_child",0,-0.13713196243152,1
1,4,0.05,61,"prot25_male",0,-8.1613457664504e-09,0
1,4,0.05,61,"prot25_age",-0.6,-0.16025717863419,1
1,4,0.05,61,"prot25_income",0,0.015125047203063,0
1,4,0.05,61,"prot25_child",0,0.0422459928719649,0
1,4,0.05,61,"prot50_male",0,-8.20527126442111e-09,0
1,4,0.05,61,"prot50_age",-0.4,-0.103999973819785,1
1,4,0.05,61,"prot50_income",0,0.0187075004200434,0
1,4,0.05,61,"prot50_child",-0.7,-1.67103897922547e-08,0
1,4,0.05,61,"invasive_male",0,-1.18926711512673e-08,0
1,4,0.05,61,"invasive_age",1.1,0.188579866152799,1
1,4,0.05,61,"invasive_income",1,0.187169459727517,1
1,4,0.05,61,"invasive_child",0.5,0.0225721212549132,0
1,4,0.05,62,"ASC2_male",0,-0.0189259813424497,0
1,4,0.05,62,"ASC2_age",-1,-0.218579359334629,1
1,4,0.05,62,"ASC2_income",-0.6,-0.118274937987105,1
1,4,0.05,62,"ASC2_child",0,-1.47500221545861e-10,0
1,4,0.05,62,"ASC3_male",0,-7.17951048595586e-09,0
1,4,0.05,62,"ASC3_age",0,-4.45758727335657e-09,0
1,4,0.05,62,"ASC3_income",0.3,0.0584121185244403,1
1,4,0.05,62,"ASC3_child",-0.1,-1.91668816900877e-09,0
1,4,0.05,62,"prot25_male",0,0.0115979246410916,0
1,4,0.05,62,"prot25_age",-0.9,-0.213626886112383,1
1,4,0.05,62,"prot25_income",0.5,0.107118350590103,1
1,4,0.05,62,"prot25_child",0.5,0.00953252928588338,0
1,4,0.05,62,"prot50_male",-0.8,-0.261139769003356,1
1,4,0.05,62,"prot50_age",0,-0.0132979714273749,0
1,4,0.05,62,"prot50_income",0,-2.00902563614926e-09,0
1,4,0.05,62,"prot50_child",1.2,0.221250313314932,1
1,4,0.05,62,"invasive_male",0.3,0.0245232717267566,0
1,4,0.05,62,"invasive_age",0,-0.0266752646314968,0
1,4,0.05,62,"invasive_income",0,-1.39066835312855e-08,0
1,4,0.05,62,"invasive_child",0,-5.53155164412052e-09,0
1,4,0.05,63,"ASC2_male",0.9,0.128036332904632,1
1,4,0.05,63,"ASC2_age",-0.1,0.0177658752424342,0
1,4,0.05,63,"ASC2_income",0,-0.0136359633539426,0
1,4,0.05,63,"ASC2_child",0.1,-1.62039897825752e-08,0
1,4,0.05,63,"ASC3_male",0.4,9.38617285879444e-07,0
1,4,0.05,63,"ASC3_age",-0.7,-0.10618315920507,1
1,4,0.05,63,"ASC3_income",0,1.90619915791861e-07,0
1,4,0.05,63,"ASC3_child",0,1.17424077643087e-07,0
1,4,0.05,63,"prot25_male",0,0.000397680786523536,0
1,4,0.05,63,"prot25_age",0,-0.0506560204288394,1
1,4,0.05,63,"prot25_income",-0.2,-0.0170168685721216,0
1,4,0.05,63,"prot25_child",0,7.11160672457145e-07,0
1,4,0.05,63,"prot50_male",0,0.119253588852403,1
1,4,0.05,63,"prot50_age",1,0.185204398486292,1
1,4,0.05,63,"prot50_income",0,3.8538211743644e-07,0
1,4,0.05,63,"prot50_child",-0.2,-1.52790229767224e-09,0
1,4,0.05,63,"invasive_male",0,-2.10122858102864e-08,0
1,4,0.05,63,"invasive_age",-0.5,-0.0676122499027106,1
1,4,0.05,63,"invasive_income",0,-9.72419229234944e-09,0
1,4,0.05,63,"invasive_child",-0.6,-1.64940305774842e-07,0
1,4,0.05,64,"ASC2_male",0,-1.79777469176331e-09,0
1,4,0.05,64,"ASC2_age",0,0.044400532061015,0
1,4,0.05,64,"ASC2_income",1.1,0.209551191485202,1
1,4,0.05,64,"ASC2_child",0.5,0.0217209001350621,0
1,4,0.05,64,"ASC3_male",0,-1.03261036775609e-09,0
1,4,0.05,64,"ASC3_age",0,-1.0903360305204e-07,0
1,4,0.05,64,"ASC3_income",1.1,0.259860161303487,1
1,4,0.05,64,"ASC3_child",0,-2.0699110882593e-09,0
1,4,0.05,64,"prot25_male",0,0.0667244323042175,1
1,4,0.05,64,"prot25_age",-1.1,-0.244459785388817,1
1,4,0.05,64,"prot25_income",-0.7,-0.135814875660725,1
1,4,0.05,64,"prot25_child",-0.8,-3.58853853369092e-07,0
1,4,0.05,64,"prot50_male",0,-0.0117707586706392,0
1,4,0.05,64,"prot50_age",0.9,0.20718906377934,1
1,4,0.05,64,"prot50_income",-0.5,-0.0354022197748827,0
1,4,0.05,64,"prot50_child",0,0.20587316076566,1
1,4,0.05,64,"invasive_male",0,0.0416426530804836,0
1,4,0.05,64,"invasive_age",-1.1,-0.243068063118187,1
1,4,0.05,64,"invasive_income",0.3,0.0726284483035975,1
1,4,0.05,64,"invasive_child",0,-0.0371444505012975,0
1,4,0.05,65,"ASC2_male",0,-0.0394446839695368,0
1,4,0.05,65,"ASC2_age",0,-0.0691636213714539,1
1,4,0.05,65,"ASC2_income",-0.7,-0.164249908316739,1
1,4,0.05,65,"ASC2_child",0,0.0282025503049079,0
1,4,0.05,65,"ASC3_male",0,3.28453818016557e-06,0
1,4,0.05,65,"ASC3_age",-0.9,-0.242388067856802,1
1,4,0.05,65,"ASC3_income",0,0.00942395166745472,0
1,4,0.05,65,"ASC3_child",0,0.0914475491150303,1
1,4,0.05,65,"prot25_male",0.1,0.0524226721980862,1
1,4,0.05,65,"prot25_age",-0.8,-0.13168815708345,1
1,4,0.05,65,"prot25_income",0.9,0.225667045587298,1
1,4,0.05,65,"prot25_child",0,6.66373729469519e-07,0
1,4,0.05,65,"prot50_male",0.8,0.0292238114431821,0
1,4,0.05,65,"prot50_age",1.1,0.395049058244531,1
1,4,0.05,65,"prot50_income",-1,-0.346605577256799,1
1,4,0.05,65,"prot50_child",-1.2,-0.400601841117456,1
1,4,0.05,65,"invasive_male",0,-0.0234302854448686,0
1,4,0.05,65,"invasive_age",0,0.0381921442507716,0
1,4,0.05,65,"invasive_income",-1,-0.299043254173296,1
1,4,0.05,65,"invasive_child",0,-7.18209074710795e-09,0
1,4,0.05,66,"ASC2_male",0.9,0.0405797389609614,0
1,4,0.05,66,"ASC2_age",0.9,0.23760012321441,1
1,4,0.05,66,"ASC2_income",0,-8.30297004742758e-09,0
1,4,0.05,66,"ASC2_child",0,-0.0257782900903348,0
1,4,0.05,66,"ASC3_male",-0.6,-0.0805524895719758,1
1,4,0.05,66,"ASC3_age",0,-0.0287816037734547,0
1,4,0.05,66,"ASC3_income",-1.2,-0.293442054464339,1
1,4,0.05,66,"ASC3_child",0,0.0320328511776542,0
1,4,0.05,66,"prot25_male",0,0.0704396130600986,1
1,4,0.05,66,"prot25_age",-0.4,-0.116319423489996,1
1,4,0.05,66,"prot25_income",-0.4,-0.164828731701885,1
1,4,0.05,66,"prot25_child",0,0.0140975392687489,0
1,4,0.05,66,"prot50_male",0,1.03425680231081e-07,0
1,4,0.05,66,"prot50_age",0,-0.00238104688843919,0
1,4,0.05,66,"prot50_income",0.2,1.11718875653925e-05,0
1,4,0.05,66,"prot50_child",-0.7,-0.0206014562096859,0
1,4,0.05,66,"invasive_male",0.5,0.0946162712565621,1
1,4,0.05,66,"invasive_age",0.9,0.249364768738241,1
1,4,0.05,66,"invasive_income",0,-0.0314243239297146,0
1,4,0.05,66,"invasive_child",0,9.82532868733695e-07,0
1,4,0.05,67,"ASC2_male",0,0.00505758397550371,0
1,4,0.05,67,"ASC2_age",-1.1,-0.260241337417842,1
1,4,0.05,67,"ASC2_income",0.6,-1.12875093804966e-08,0
1,4,0.05,67,"ASC2_child",0.3,3.63633696079124e-06,0
1,4,0.05,67,"ASC3_male",0,-3.13989869426461e-08,0
1,4,0.05,67,"ASC3_age",0,-5.13733203274399e-11,0
1,4,0.05,67,"ASC3_income",0.7,0.0061827436209267,0
1,4,0.05,67,"ASC3_child",0,-1.75043680010806e-08,0
1,4,0.05,67,"prot25_male",0.9,0.218057739240174,1
1,4,0.05,67,"prot25_age",0.5,0.0423987562323456,0
1,4,0.05,67,"prot25_income",-0.8,-0.108301841965221,1
1,4,0.05,67,"prot25_child",0,-7.36070159081854e-08,0
1,4,0.05,67,"prot50_male",-0.7,-1.48725477489892e-09,0
1,4,0.05,67,"prot50_age",0,-0.0910835835691733,1
1,4,0.05,67,"prot50_income",-0.2,3.23962356081939e-08,0
1,4,0.05,67,"prot50_child",0,1.39106875512747e-08,0
1,4,0.05,67,"invasive_male",0,-3.78917975408422e-09,0
1,4,0.05,67,"invasive_age",0,-1.97495718074231e-07,0
1,4,0.05,67,"invasive_income",0,2.28184917110803e-06,0
1,4,0.05,67,"invasive_child",0.9,0.0898177556055544,1
1,4,0.05,68,"ASC2_male",0.3,0.0131090334614391,0
1,4,0.05,68,"ASC2_age",0.9,0.271550006566144,1
1,4,0.05,68,"ASC2_income",-1,-0.234084747849505,1
1,4,0.05,68,"ASC2_child",0.1,6.41991586495977e-06,0
1,4,0.05,68,"ASC3_male",0,-0.0344556482070051,0
1,4,0.05,68,"ASC3_age",0.7,0.217619754441504,1
1,4,0.05,68,"ASC3_income",0,-1.85428955539301e-10,0
1,4,0.05,68,"ASC3_child",-0.4,-0.0634791222421173,1
1,4,0.05,68,"prot25_male",0,1.5547846809016e-06,0
1,4,0.05,68,"prot25_age",0,-0.0348258446749431,0
1,4,0.05,68,"prot25_income",0,0.00116681352619916,0
1,4,0.05,68,"prot25_child",-0.6,-0.00203563036506499,0
1,4,0.05,68,"prot50_male",0,0.0617165330134708,1
1,4,0.05,68,"prot50_age",0.1,1.44447885767875e-05,0
1,4,0.05,68,"prot50_income",0,7.87400040056055e-05,0
1,4,0.05,68,"prot50_child",0,0.015422541924329,0
1,4,0.05,68,"invasive_male",0,2.00089188393462e-06,0
1,4,0.05,68,"invasive_age",0,-1.51145606266398e-08,0
1,4,0.05,68,"invasive_income",0.5,0.152293536730214,1
1,4,0.05,68,"invasive_child",0.3,0.0745622368159174,1
1,4,0.05,69,"ASC2_male",0,-0.000551386124848104,0
1,4,0.05,69,"ASC2_age",0,-0.0183351042820453,0
1,4,0.05,69,"ASC2_income",-0.9,-0.140039203670505,1
1,4,0.05,69,"ASC2_child",0,-6.27572360587686e-08,0
1,4,0.05,69,"ASC3_male",0.8,0.0494874398171876,0
1,4,0.05,69,"ASC3_age",0,-4.42239486090157e-09,0
1,4,0.05,69,"ASC3_income",0,0.0993465256552104,1
1,4,0.05,69,"ASC3_child",0,-1.47132339803885e-07,0
1,4,0.05,69,"prot25_male",-0.4,-2.03634942261542e-06,0
1,4,0.05,69,"prot25_age",-0.8,-0.179405198929466,1
1,4,0.05,69,"prot25_income",0,-1.1823884884091e-06,0
1,4,0.05,69,"prot25_child",1.2,0.132880216318408,1
1,4,0.05,69,"prot50_male",0,0.0458281140647934,0
1,4,0.05,69,"prot50_age",-0.7,-0.229162371008443,1
1,4,0.05,69,"prot50_income",0,3.77627926334393e-07,0
1,4,0.05,69,"prot50_child",-0.6,-0.116232441825032,1
1,4,0.05,69,"invasive_male",-1.1,-0.223268090430409,1
1,4,0.05,69,"invasive_age",0.5,0.0673136957768196,1
1,4,0.05,69,"invasive_income",-0.9,-0.158715909437293,1
1,4,0.05,69,"invasive_child",0,-9.65149850523602e-09,0
1,4,0.05,70,"ASC2_male",0,-0.0887687171882908,1
1,4,0.05,70,"ASC2_age",-1,-0.117706141662789,1
1,4,0.05,70,"ASC2_income",1.2,0.319613422582053,1
1,4,0.05,70,"ASC2_child",0.3,0.106444941070112,1
1,4,0.05,70,"ASC3_male",0,-1.12993137068745e-09,0
1,4,0.05,70,"ASC3_age",-0.9,-0.0953394174928877,1
1,4,0.05,70,"ASC3_income",0,0.0133430406677607,0
1,4,0.05,70,"ASC3_child",0,-1.11900169668998e-08,0
1,4,0.05,70,"prot25_male",0,0.103841538492306,1
1,4,0.05,70,"prot25_age",0.2,-1.04677313837559e-08,0
1,4,0.05,70,"prot25_income",0,-1.40126124900523e-08,0
1,4,0.05,70,"prot25_child",-0.7,-0.0884848308139657,1
1,4,0.05,70,"prot50_male",0,0.0559898071144005,1
1,4,0.05,70,"prot50_age",0,-0.0491253767789381,0
1,4,0.05,70,"prot50_income",-0.7,-0.0803286648273114,1
1,4,0.05,70,"prot50_child",0,0.0958398848342744,1
1,4,0.05,70,"invasive_male",-0.3,-0.0197696769393636,0
1,4,0.05,70,"invasive_age",0,0.0398586213796689,0
1,4,0.05,70,"invasive_income",-0.7,-0.141844922139168,1
1,4,0.05,70,"invasive_child",-0.6,-0.133177128814969,1
1,4,0.05,71,"ASC2_male",-1.1,-0.211420666991077,1
1,4,0.05,71,"ASC2_age",0,-0.0381921089131659,0
1,4,0.05,71,"ASC2_income",0,-2.97603921913271e-12,0
1,4,0.05,71,"ASC2_child",-0.4,-0.194997616599185,1
1,4,0.05,71,"ASC3_male",0,-0.00617504412712491,0
1,4,0.05,71,"ASC3_age",0,0.00371967521513848,0
1,4,0.05,71,"ASC3_income",-0.5,-0.0765248605827758,1
1,4,0.05,71,"ASC3_child",-0.6,-0.146556975911166,1
1,4,0.05,71,"prot25_male",0,-7.94886698606806e-08,0
1,4,0.05,71,"prot25_age",0,0.0269090385543682,0
1,4,0.05,71,"prot25_income",0,-1.45518560581637e-06,0
1,4,0.05,71,"prot25_child",0.2,2.50645659191009e-07,0
1,4,0.05,71,"prot50_male",-0.5,-0.166955367290826,1
1,4,0.05,71,"prot50_age",0.2,-7.58775142370774e-08,0
1,4,0.05,71,"prot50_income",-1.1,-0.307537746110574,1
1,4,0.05,71,"prot50_child",0,0.0403293154358313,0
1,4,0.05,71,"invasive_male",0.9,0.1241759144169,1
1,4,0.05,71,"invasive_age",1.2,0.2484144911268,1
1,4,0.05,71,"invasive_income",0,0.0362041289227955,0
1,4,0.05,71,"invasive_child",0,0.00882818892930325,0
1,4,0.05,72,"ASC2_male",0,-9.08391935344969e-09,0
1,4,0.05,72,"ASC2_age",0,-0.123857867997976,1
1,4,0.05,72,"ASC2_income",0.2,0.0498921380228726,0
1,4,0.05,72,"ASC2_child",0.1,0.0275861986719854,0
1,4,0.05,72,"ASC3_male",0,0.0100024315492372,0
1,4,0.05,72,"ASC3_age",0.7,4.52710413720899e-05,0
1,4,0.05,72,"ASC3_income",0,-0.0108583749115997,0
1,4,0.05,72,"ASC3_child",0,-0.00337618052897699,0
1,4,0.05,72,"prot25_male",-0.2,1.67636957955682e-05,0
1,4,0.05,72,"prot25_age",-1.1,-0.175683154050259,1
1,4,0.05,72,"prot25_income",0,-4.35736135254044e-06,0
1,4,0.05,72,"prot25_child",0,-4.71496018392361e-08,0
1,4,0.05,72,"prot50_male",0.5,0.00112333814915863,0
1,4,0.05,72,"prot50_age",0,0.102169032907714,1
1,4,0.05,72,"prot50_income",0,0.00774243509005679,0
1,4,0.05,72,"prot50_child",0.1,0.0616390141548243,1
1,4,0.05,72,"invasive_male",0,1.58149758362725e-06,0
1,4,0.05,72,"invasive_age",0.3,-4.83301850398399e-10,0
1,4,0.05,72,"invasive_income",0.4,0.0615537727595814,1
1,4,0.05,72,"invasive_child",-0.4,-0.0851937412761919,1
1,4,0.05,73,"ASC2_male",0,-2.67145425513352e-08,0
1,4,0.05,73,"ASC2_age",0,0.0667902718793899,1
1,4,0.05,73,"ASC2_income",0,0.00454317218541954,0
1,4,0.05,73,"ASC2_child",0.9,0.0520147454878056,1
1,4,0.05,73,"ASC3_male",0,0.000449243697530898,0
1,4,0.05,73,"ASC3_age",-0.7,-0.098634062505943,1
1,4,0.05,73,"ASC3_income",0,-2.56956659359808e-09,0
1,4,0.05,73,"ASC3_child",0,-1.02983716867464e-08,0
1,4,0.05,73,"prot25_male",-0.5,-3.5321086852489e-08,0
1,4,0.05,73,"prot25_age",1,0.182232238693053,1
1,4,0.05,73,"prot25_income",0,-1.15379090859625e-09,0
1,4,0.05,73,"prot25_child",0,-7.69315624615607e-09,0
1,4,0.05,73,"prot50_male",0.6,0.0541135979819713,1
1,4,0.05,73,"prot50_age",0.8,0.173940173250298,1
1,4,0.05,73,"prot50_income",1.2,0.299250608529377,1
1,4,0.05,73,"prot50_child",0.9,0.173413937390627,1
1,4,0.05,73,"invasive_male",0,-1.68871075018602e-09,0
1,4,0.05,73,"invasive_age",-1.2,-0.243489182292887,1
1,4,0.05,73,"invasive_income",0,-0.00562308185035374,0
1,4,0.05,73,"invasive_child",1.1,6.83239513489855e-09,0
1,4,0.05,74,"ASC2_male",0,-0.167800968824529,1
1,4,0.05,74,"ASC2_age",0,-0.0241083447178363,0
1,4,0.05,74,"ASC2_income",-0.5,-0.150986082017305,1
1,4,0.05,74,"ASC2_child",0,-0.120498266083458,1
1,4,0.05,74,"ASC3_male",0.2,-0.0436775966813863,0
1,4,0.05,74,"ASC3_age",0,0.0594390857383166,1
1,4,0.05,74,"ASC3_income",1,0.230309327294633,1
1,4,0.05,74,"ASC3_child",-0.8,-0.256718189771193,1
1,4,0.05,74,"prot25_male",-1.1,-0.211021132964212,1
1,4,0.05,74,"prot25_age",-0.7,-0.341243275683773,1
1,4,0.05,74,"prot25_income",0.8,0.223998573738962,1
1,4,0.05,74,"prot25_child",0,0.0973948364561748,1
1,4,0.05,74,"prot50_male",0.5,0.0788790262331448,1
1,4,0.05,74,"prot50_age",0,-0.0623971734313486,1
1,4,0.05,74,"prot50_income",-0.2,-0.0640061884726226,1
1,4,0.05,74,"prot50_child",0,-0.0107809773698973,0
1,4,0.05,74,"invasive_male",0,-0.230445966500672,1
1,4,0.05,74,"invasive_age",0,-0.0678213059232546,1
1,4,0.05,74,"invasive_income",0,-0.0703831537373383,1
1,4,0.05,74,"invasive_child",1.1,0.134386717900777,1
1,4,0.05,75,"ASC2_male",0,-0.0910509409528424,1
1,4,0.05,75,"ASC2_age",0,-0.0296541783834722,0
1,4,0.05,75,"ASC2_income",-0.1,-2.55159202218759e-07,0
1,4,0.05,75,"ASC2_child",0,-0.164136355399123,1
1,4,0.05,75,"ASC3_male",0,-0.0416553232350676,0
1,4,0.05,75,"ASC3_age",-0.8,-0.236698853162724,1
1,4,0.05,75,"ASC3_income",0,0.0282658789542747,0
1,4,0.05,75,"ASC3_child",0.3,8.28816870931404e-06,0
1,4,0.05,75,"prot25_male",0,0.177153998498954,1
1,4,0.05,75,"prot25_age",0,0.0418202344711425,0
1,4,0.05,75,"prot25_income",-0.5,-0.195896719801924,1
1,4,0.05,75,"prot25_child",0.6,0.282699292371376,1
1,4,0.05,75,"prot50_male",0,0.114691054593054,1
1,4,0.05,75,"prot50_age",0,0.075076587075584,1
1,4,0.05,75,"prot50_income",-0.5,-0.180367880322773,1
1,4,0.05,75,"prot50_child",0,0.206812329930067,1
1,4,0.05,75,"invasive_male",-0.9,-0.189409203928224,1
1,4,0.05,75,"invasive_age",-0.1,0.00164372013017448,0
1,4,0.05,75,"invasive_income",1.1,0.258928891734173,1
1,4,0.05,75,"invasive_child",0.1,0.0450655383263777,0
1,4,0.05,76,"ASC2_male",0,-0.00739646141382079,0
1,4,0.05,76,"ASC2_age",-0.8,-0.12486935858676,1
1,4,0.05,76,"ASC2_income",-0.8,-0.107736899647541,1
1,4,0.05,76,"ASC2_child",0,-1.92544307208396e-09,0
1,4,0.05,76,"ASC3_male",1,0.145509160916814,1
1,4,0.05,76,"ASC3_age",0.2,0.111026657089231,1
1,4,0.05,76,"ASC3_income",0.7,0.252891534415013,1
1,4,0.05,76,"ASC3_child",0,-1.33651184898601e-07,0
1,4,0.05,76,"prot25_male",1,0.428469282921755,1
1,4,0.05,76,"prot25_age",-0.4,-0.0840766814961399,1
1,4,0.05,76,"prot25_income",0,-3.99122926222841e-09,0
1,4,0.05,76,"prot25_child",0,-0.0327161412005665,0
1,4,0.05,76,"prot50_male",-1.1,-0.147645068524697,1
1,4,0.05,76,"prot50_age",0,0.0153196375253456,0
1,4,0.05,76,"prot50_income",0,0.042911681288822,0
1,4,0.05,76,"prot50_child",0,0.0103614367607375,0
1,4,0.05,76,"invasive_male",0.5,0.286072543864822,1
1,4,0.05,76,"invasive_age",0,0.0325882887801045,0
1,4,0.05,76,"invasive_income",0,-0.00449312777592537,0
1,4,0.05,76,"invasive_child",-1.2,-0.438288057139454,1
1,4,0.05,77,"ASC2_male",0.4,0.114028979473159,1
1,4,0.05,77,"ASC2_age",0,0.0279437024113431,0
1,4,0.05,77,"ASC2_income",0,0.0278124293317667,0
1,4,0.05,77,"ASC2_child",-1.1,-0.258022353365979,1
1,4,0.05,77,"ASC3_male",0,-0.0180380052939607,0
1,4,0.05,77,"ASC3_age",0,0.0124655527305094,0
1,4,0.05,77,"ASC3_income",-1.1,-0.257484032000604,1
1,4,0.05,77,"ASC3_child",0.7,0.216906834150314,1
1,4,0.05,77,"prot25_male",-0.1,3.35752160953819e-07,0
1,4,0.05,77,"prot25_age",0,4.37857397811573e-06,0
1,4,0.05,77,"prot25_income",0.8,0.143422022462084,1
1,4,0.05,77,"prot25_child",-0.7,-0.0999235378423832,1
1,4,0.05,77,"prot50_male",0,1.85015186740298e-09,0
1,4,0.05,77,"prot50_age",0.4,0.034485486092874,0
1,4,0.05,77,"prot50_income",0.8,0.196632173286992,1
1,4,0.05,77,"prot50_child",0,-2.2489678352464e-09,0
1,4,0.05,77,"invasive_male",0,-4.25260018691247e-08,0
1,4,0.05,77,"invasive_age",0,-0.000511352580664755,0
1,4,0.05,77,"invasive_income",0,0.0242241539187009,0
1,4,0.05,77,"invasive_child",0.9,0.00530291830572801,0
1,4,0.05,78,"ASC2_male",-0.6,-0.0379049261802818,0
1,4,0.05,78,"ASC2_age",0,0.0179449827164462,0
1,4,0.05,78,"ASC2_income",0,-0.00200439662193994,0
1,4,0.05,78,"ASC2_child",0,-0.113616100859832,1
1,4,0.05,78,"ASC3_male",-1.2,-0.176650604050838,1
1,4,0.05,78,"ASC3_age",-0.7,-0.197832583456044,1
1,4,0.05,78,"ASC3_income",0,0.0128058821132259,0
1,4,0.05,78,"ASC3_child",0.8,0.150776057212998,1
1,4,0.05,78,"prot25_male",0.4,-2.8274961383443e-08,0
1,4,0.05,78,"prot25_age",0,0.0577846499471858,1
1,4,0.05,78,"prot25_income",0,-0.0285103733282696,0
1,4,0.05,78,"prot25_child",-1.2,-0.19610867786275,1
1,4,0.05,78,"prot50_male",0,-0.148778384190553,1
1,4,0.05,78,"prot50_age",0.5,0.164626313577402,1
1,4,0.05,78,"prot50_income",0.1,3.164563615123e-09,0
1,4,0.05,78,"prot50_child",0.2,0.146692001183787,1
1,4,0.05,78,"invasive_male",0,-1.9867816704211e-09,0
1,4,0.05,78,"invasive_age",0,-0.0693419058530802,1
1,4,0.05,78,"invasive_income",0,0.0401953512316524,0
1,4,0.05,78,"invasive_child",0.9,0.141614922230034,1
1,4,0.05,79,"ASC2_male",0,-4.92399443431087e-09,0
1,4,0.05,79,"ASC2_age",0,-9.98588773012574e-09,0
1,4,0.05,79,"ASC2_income",0.2,0.0711971061768277,1
1,4,0.05,79,"ASC2_child",0,-1.20503380251279e-08,0
1,4,0.05,79,"ASC3_male",0,-7.81060097570035e-09,0
1,4,0.05,79,"ASC3_age",-0.6,-0.155848519981311,1
1,4,0.05,79,"ASC3_income",-1,-0.183390992065552,1
1,4,0.05,79,"ASC3_child",0.7,0.0358754234867775,0
1,4,0.05,79,"prot25_male",0,0.0377379829470022,0
1,4,0.05,79,"prot25_age",-1,-0.175288240795441,1
1,4,0.05,79,"prot25_income",0,-1.40801938486604e-08,0
1,4,0.05,79,"prot25_child",0,-3.78913252387206e-09,0
1,4,0.05,79,"prot50_male",-1.1,-0.117049055648034,1
1,4,0.05,79,"prot50_age",-1.1,-0.274594351572107,1
1,4,0.05,79,"prot50_income",0.9,0.196885229253303,1
1,4,0.05,79,"prot50_child",0.4,-7.41275021527558e-09,0
1,4,0.05,79,"invasive_male",-0.4,-5.51401787545891e-08,0
1,4,0.05,79,"invasive_age",0,0.0156050386502235,0
1,4,0.05,79,"invasive_income",0,6.28504111379169e-09,0
1,4,0.05,79,"invasive_child",0,-1.12779678239933e-08,0
1,4,0.05,80,"ASC2_male",-0.3,-0.10127314630033,1
1,4,0.05,80,"ASC2_age",0,0.0691625117581642,1
1,4,0.05,80,"ASC2_income",0.9,0.111246508905257,1
1,4,0.05,80,"ASC2_child",-1,-0.0553150285148634,1
1,4,0.05,80,"ASC3_male",0,-7.55200766376451e-08,0
1,4,0.05,80,"ASC3_age",-0.6,-0.126431832343906,1
1,4,0.05,80,"ASC3_income",0,-0.0900925936300775,1
1,4,0.05,80,"ASC3_child",0,-0.0325689709415629,0
1,4,0.05,80,"prot25_male",0,-1.4192266164879e-09,0
1,4,0.05,80,"prot25_age",0.8,0.0759475943764568,1
1,4,0.05,80,"prot25_income",0.1,0.0955441657397719,1
1,4,0.05,80,"prot25_child",0,-0.102905697607797,1
1,4,0.05,80,"prot50_male",0,-0.00187086917060449,0
1,4,0.05,80,"prot50_age",0,-1.45959751963515e-08,0
1,4,0.05,80,"prot50_income",0.7,0.21256704024746,1
1,4,0.05,80,"prot50_child",0,2.22425799633893e-08,0
1,4,0.05,80,"invasive_male",0,-2.61551931140535e-07,0
1,4,0.05,80,"invasive_age",-0.8,-0.186592981257158,1
1,4,0.05,80,"invasive_income",-0.7,-0.224294366614226,1
1,4,0.05,80,"invasive_child",0.7,0.0746203341021324,1
1,4,0.05,81,"ASC2_male",0,0.0417648865731814,0
1,4,0.05,81,"ASC2_age",-1.1,-0.208327714848821,1
1,4,0.05,81,"ASC2_income",0.1,4.84594473565721e-06,0
1,4,0.05,81,"ASC2_child",0.8,0.200904443967834,1
1,4,0.05,81,"ASC3_male",0,-1.08478786682971e-06,0
1,4,0.05,81,"ASC3_age",0,0.0109316704251642,0
1,4,0.05,81,"ASC3_income",-0.8,-0.165256673344132,1
1,4,0.05,81,"ASC3_child",0,-4.85319731206123e-09,0
1,4,0.05,81,"prot25_male",0,3.62138086509734e-07,0
1,4,0.05,81,"prot25_age",-0.3,-0.0839109152612425,1
1,4,0.05,81,"prot25_income",0.1,0.0320052936129535,0
1,4,0.05,81,"prot25_child",0.2,-1.30667940391561e-08,0
1,4,0.05,81,"prot50_male",0,1.02197692308362e-07,0
1,4,0.05,81,"prot50_age",0.4,0.109482859004104,1
1,4,0.05,81,"prot50_income",-0.3,-0.0492870670857354,0
1,4,0.05,81,"prot50_child",0,-7.87603308637688e-09,0
1,4,0.05,81,"invasive_male",0,-0.00665661456291815,0
1,4,0.05,81,"invasive_age",0,0.0338926064018392,0
1,4,0.05,81,"invasive_income",-0.5,-0.0174359995362443,0
1,4,0.05,81,"invasive_child",0,5.56871967271972e-08,0
1,4,0.05,82,"ASC2_male",0.9,0.132548954933711,1
1,4,0.05,82,"ASC2_age",-0.6,-1.31467181777446e-08,0
1,4,0.05,82,"ASC2_income",1.1,0.191264228698146,1
1,4,0.05,82,"ASC2_child",-0.9,-5.40259506316566e-07,0
1,4,0.05,82,"ASC3_male",0,-8.98967182499486e-09,0
1,4,0.05,82,"ASC3_age",0,0.0550985226109858,1
1,4,0.05,82,"ASC3_income",0,-0.0375504121152117,0
1,4,0.05,82,"ASC3_child",0.3,0.11789024354832,1
1,4,0.05,82,"prot25_male",0,0.105080208876271,1
1,4,0.05,82,"prot25_age",0,-1.84082059660848e-07,0
1,4,0.05,82,"prot25_income",0,5.11618467608744e-08,0
1,4,0.05,82,"prot25_child",1.1,0.10576159494105,1
1,4,0.05,82,"prot50_male",-0.4,2.7343636237569e-07,0
1,4,0.05,82,"prot50_age",0,-1.26441006290665e-08,0
1,4,0.05,82,"prot50_income",-0.5,-0.080582919653826,1
1,4,0.05,82,"prot50_child",0,-1.15449964025306e-08,0
1,4,0.05,82,"invasive_male",0,-0.0174727127341244,0
1,4,0.05,82,"invasive_age",-1.1,-0.1790913364186,1
1,4,0.05,82,"invasive_income",0,-1.43731497388149e-06,0
1,4,0.05,82,"invasive_child",0.4,-1.37517535832629e-08,0
1,4,0.05,83,"ASC2_male",0.9,0.014804125471625,0
1,4,0.05,83,"ASC2_age",0,0.000773076125253954,0
1,4,0.05,83,"ASC2_income",-0.9,-0.281492806354066,1
1,4,0.05,83,"ASC2_child",-0.8,-0.199113010303322,1
1,4,0.05,83,"ASC3_male",0.9,0.0119934761062168,0
1,4,0.05,83,"ASC3_age",0,8.00550150556566e-09,0
1,4,0.05,83,"ASC3_income",0,-1.36090796038814e-08,0
1,4,0.05,83,"ASC3_child",0,-1.41435014166755e-09,0
1,4,0.05,83,"prot25_male",1,0.330339227790199,1
1,4,0.05,83,"prot25_age",1.2,0.323528374469743,1
1,4,0.05,83,"prot25_income",-0.2,-0.0627362170829296,1
1,4,0.05,83,"prot25_child",0,0.177665448892613,1
1,4,0.05,83,"prot50_male",0,-2.8031137198328e-10,0
1,4,0.05,83,"prot50_age",0,1.91592725274053e-05,0
1,4,0.05,83,"prot50_income",-0.2,0.0285294018747175,0
1,4,0.05,83,"prot50_child",0,-3.47469917840835e-08,0
1,4,0.05,83,"invasive_male",0,-0.122182688271741,1
1,4,0.05,83,"invasive_age",-0.8,-0.180144436284945,1
1,4,0.05,83,"invasive_income",-0.9,-0.195072321797194,1
1,4,0.05,83,"invasive_child",0,3.61695538895892e-09,0
1,4,0.05,84,"ASC2_male",0,1.81069186059993e-09,0
1,4,0.05,84,"ASC2_age",0,0.0122858512133469,0
1,4,0.05,84,"ASC2_income",0.4,0.0132276039287788,0
1,4,0.05,84,"ASC2_child",-0.9,-0.0617553765318806,1
1,4,0.05,84,"ASC3_male",-0.2,0.0277747556366029,0
1,4,0.05,84,"ASC3_age",0.6,0.193523363029435,1
1,4,0.05,84,"ASC3_income",0.4,3.55311988452124e-06,0
1,4,0.05,84,"ASC3_child",-0.6,-0.0725233602958756,1
1,4,0.05,84,"prot25_male",0,0.100117687644804,1
1,4,0.05,84,"prot25_age",0,1.00683794008352e-07,0
1,4,0.05,84,"prot25_income",0.2,8.21779136883163e-10,0
1,4,0.05,84,"prot25_child",-0.7,-0.0111904516084272,0
1,4,0.05,84,"prot50_male",0,2.59436401829115e-07,0
1,4,0.05,84,"prot50_age",0,0.0549616776092127,1
1,4,0.05,84,"prot50_income",0,0.0503051966472241,1
1,4,0.05,84,"prot50_child",-0.9,-0.0613695440868176,1
1,4,0.05,84,"invasive_male",-1.1,-0.206747330124152,1
1,4,0.05,84,"invasive_age",0,-6.26454684567616e-05,0
1,4,0.05,84,"invasive_income",0,-1.0270179858538e-08,0
1,4,0.05,84,"invasive_child",0,0.0200469227893726,0
1,4,0.05,85,"ASC2_male",0.9,0.125613942562266,1
1,4,0.05,85,"ASC2_age",0,2.5962433805757e-08,0
1,4,0.05,85,"ASC2_income",0.4,-7.76111000242828e-08,0
1,4,0.05,85,"ASC2_child",0,-0.0645732705311576,1
1,4,0.05,85,"ASC3_male",0,-0.0911293950237329,1
1,4,0.05,85,"ASC3_age",0.5,0.072274438114558,1
1,4,0.05,85,"ASC3_income",0.9,0.136693939752896,1
1,4,0.05,85,"ASC3_child",0.4,-7.79156680849232e-11,0
1,4,0.05,85,"prot25_male",0,-0.086167104182963,1
1,4,0.05,85,"prot25_age",-0.3,-0.0479337488650744,0
1,4,0.05,85,"prot25_income",0.7,0.217164324308415,1
1,4,0.05,85,"prot25_child",0,-5.7379138922848e-08,0
1,4,0.05,85,"prot50_male",0,-5.98314898537434e-09,0
1,4,0.05,85,"prot50_age",-0.8,-0.208003974577068,1
1,4,0.05,85,"prot50_income",-0.7,-0.206921946918127,1
1,4,0.05,85,"prot50_child",0,0.0756254830543722,1
1,4,0.05,85,"invasive_male",0,-0.0113076321104201,0
1,4,0.05,85,"invasive_age",0,-0.102457928000213,1
1,4,0.05,85,"invasive_income",0,-0.122981227199775,1
1,4,0.05,85,"invasive_child",0.6,-0.151546573729129,1
1,4,0.05,86,"ASC2_male",0,-1.06268339199976e-08,0
1,4,0.05,86,"ASC2_age",-0.6,-0.0885062871781277,1
1,4,0.05,86,"ASC2_income",0.7,0.0319783741699925,0
1,4,0.05,86,"ASC2_child",0,0.0202353083111628,0
1,4,0.05,86,"ASC3_male",0,3.74869147809583e-09,0
1,4,0.05,86,"ASC3_age",0,3.62266450604633e-08,0
1,4,0.05,86,"ASC3_income",1.2,0.206373815265912,1
1,4,0.05,86,"ASC3_child",0,-9.42793066664428e-08,0
1,4,0.05,86,"prot25_male",-0.7,-3.44635883444242e-07,0
1,4,0.05,86,"prot25_age",-1,-0.232952721928688,1
1,4,0.05,86,"prot25_income",0,0.020395844780032,0
1,4,0.05,86,"prot25_child",0.9,0.0918447514270248,1
1,4,0.05,86,"prot50_male",1,0.328197572157875,1
1,4,0.05,86,"prot50_age",0,2.49464078854657e-08,0
1,4,0.05,86,"prot50_income",0,0.0236037507475662,0
1,4,0.05,86,"prot50_child",-1,-0.0827743506437324,1
1,4,0.05,86,"invasive_male",0,5.74957814214435e-08,0
1,4,0.05,86,"invasive_age",1,0.290083737827062,1
1,4,0.05,86,"invasive_income",0,-1.03232376054244e-08,0
1,4,0.05,86,"invasive_child",0.3,-4.26260131890057e-09,0
1,4,0.05,87,"ASC2_male",-0.3,-0.102640481815132,1
1,4,0.05,87,"ASC2_age",0.1,0.028813518547606,0
1,4,0.05,87,"ASC2_income",-0.2,-0.00723270801282735,0
1,4,0.05,87,"ASC2_child",0,-0.157529966783772,1
1,4,0.05,87,"ASC3_male",0,-6.46675162279692e-06,0
1,4,0.05,87,"ASC3_age",0,-4.02822363329848e-05,0
1,4,0.05,87,"ASC3_income",0.3,0.10395058318767,1
1,4,0.05,87,"ASC3_child",0.7,0.0176452173274584,0
1,4,0.05,87,"prot25_male",0,1.68909897186024e-06,0
1,4,0.05,87,"prot25_age",0,1.65727939338508e-06,0
1,4,0.05,87,"prot25_income",0.5,0.0893945055773238,1
1,4,0.05,87,"prot25_child",0,0.0707762548366684,1
1,4,0.05,87,"prot50_male",0,-0.0203599182013296,0
1,4,0.05,87,"prot50_age",1,0.26841844842489,1
1,4,0.05,87,"prot50_income",1.1,0.236108709007282,1
1,4,0.05,87,"prot50_child",-0.7,-1.48729726419773e-06,0
1,4,0.05,87,"invasive_male",0,4.91145583933698e-08,0
1,4,0.05,87,"invasive_age",-1.1,-0.208129170855092,1
1,4,0.05,87,"invasive_income",0,-0.00753756170811631,0
1,4,0.05,87,"invasive_child",0,-8.03359232930626e-07,0
1,4,0.05,88,"ASC2_male",0,-2.30518651234701e-08,0
1,4,0.05,88,"ASC2_age",0.5,0.0355548521285487,0
1,4,0.05,88,"ASC2_income",-1,-0.1891131491681,1
1,4,0.05,88,"ASC2_child",0,-0.0440009005326805,0
1,4,0.05,88,"ASC3_male",0,-4.57947919499998e-09,0
1,4,0.05,88,"ASC3_age",0,-0.059834797573266,1
1,4,0.05,88,"ASC3_income",-0.6,-0.135693204077655,1
1,4,0.05,88,"ASC3_child",1.1,0.148685118160418,1
1,4,0.05,88,"prot25_male",0.8,0.21837861203203,1
1,4,0.05,88,"prot25_age",0.3,0.108669859109225,1
1,4,0.05,88,"prot25_income",-0.5,-0.0898988519563738,1
1,4,0.05,88,"prot25_child",-1,-0.148867539552718,1
1,4,0.05,88,"prot50_male",-0.2,-0.0176683676690736,0
1,4,0.05,88,"prot50_age",0,0.0295189620420121,0
1,4,0.05,88,"prot50_income",-0.3,-0.0663421616823426,1
1,4,0.05,88,"prot50_child",0,0.0387010468941323,0
1,4,0.05,88,"invasive_male",0,-3.05280329898435e-08,0
1,4,0.05,88,"invasive_age",0,-0.0151260012080421,0
1,4,0.05,88,"invasive_income",0,0.0431054708182693,0
1,4,0.05,88,"invasive_child",0,-3.57210406089339e-09,0
1,4,0.05,89,"ASC2_male",0,-5.52966763181718e-10,0
1,4,0.05,89,"ASC2_age",0.3,0.0192978536496983,0
1,4,0.05,89,"ASC2_income",0,-0.010826617625758,0
1,4,0.05,89,"ASC2_child",0,-0.0600083649384471,1
1,4,0.05,89,"ASC3_male",0,0.0907268556605411,1
1,4,0.05,89,"ASC3_age",0.8,0.151005551440606,1
1,4,0.05,89,"ASC3_income",0,-1.29214562249903e-07,0
1,4,0.05,89,"ASC3_child",1,0.0832328749736397,1
1,4,0.05,89,"prot25_male",0.7,0.151313202097326,1
1,4,0.05,89,"prot25_age",0,2.00092518435814e-09,0
1,4,0.05,89,"prot25_income",0,-0.0131771214490259,0
1,4,0.05,89,"prot25_child",-0.2,-0.055844722710281,1
1,4,0.05,89,"prot50_male",-0.6,-7.47466707817439e-08,0
1,4,0.05,89,"prot50_age",0.2,0.0870795371555427,1
1,4,0.05,89,"prot50_income",0.1,-0.0254973323228413,0
1,4,0.05,89,"prot50_child",0,-1.07053681845399e-09,0
1,4,0.05,89,"invasive_male",0,-1.42337492709526e-08,0
1,4,0.05,89,"invasive_age",0,-0.020744095539007,0
1,4,0.05,89,"invasive_income",0.7,0.112899139457349,1
1,4,0.05,89,"invasive_child",0.6,0.160108538765912,1
1,4,0.05,90,"ASC2_male",0,-0.151099688712127,1
1,4,0.05,90,"ASC2_age",0.5,0.100570260926774,1
1,4,0.05,90,"ASC2_income",0.8,0.200416767243721,1
1,4,0.05,90,"ASC2_child",0.3,6.81140580160882e-07,0
1,4,0.05,90,"ASC3_male",0,-5.12875617930263e-09,0
1,4,0.05,90,"ASC3_age",0.3,0.0174187534565328,0
1,4,0.05,90,"ASC3_income",-1.1,-0.282997833516735,1
1,4,0.05,90,"ASC3_child",0,-0.107985948806278,1
1,4,0.05,90,"prot25_male",0,0.0408230639667456,0
1,4,0.05,90,"prot25_age",1.2,0.283714697715214,1
1,4,0.05,90,"prot25_income",0.4,0.104470829225188,1
1,4,0.05,90,"prot25_child",0,1.46187843237183e-06,0
1,4,0.05,90,"prot50_male",-0.8,-0.153275132948306,1
1,4,0.05,90,"prot50_age",0.4,0.0658092256603852,1
1,4,0.05,90,"prot50_income",-0.1,0.0288233968627668,0
1,4,0.05,90,"prot50_child",0,0.0592466360721578,1
1,4,0.05,90,"invasive_male",0,-0.0179735745526212,0
1,4,0.05,90,"invasive_age",0,-0.0211353866277969,0
1,4,0.05,90,"invasive_income",0,-1.21183047813896e-08,0
1,4,0.05,90,"invasive_child",0,0.0161760743692579,0
1,4,0.05,91,"ASC2_male",0,4.31500726504471e-08,0
1,4,0.05,91,"ASC2_age",-0.4,-0.0579041072854489,1
1,4,0.05,91,"ASC2_income",0.3,0.118609382327308,1
1,4,0.05,91,"ASC2_child",-0.2,0.031393108583911,0
1,4,0.05,91,"ASC3_male",0,-2.44127097588828e-08,0
1,4,0.05,91,"ASC3_age",0.2,0.068356545561155,1
1,4,0.05,91,"ASC3_income",-0.3,-0.012164188759691,0
1,4,0.05,91,"ASC3_child",-0.8,-0.109102097460733,1
1,4,0.05,91,"prot25_male",0,-1.04760343735171e-07,0
1,4,0.05,91,"prot25_age",0,-5.47451505361144e-09,0
1,4,0.05,91,"prot25_income",0.8,0.106048985868183,1
1,4,0.05,91,"prot25_child",0,5.23154947102723e-08,0
1,4,0.05,91,"prot50_male",0.3,0.015159516578056,0
1,4,0.05,91,"prot50_age",0,-2.12804072417772e-08,0
1,4,0.05,91,"prot50_income",0,-1.12192887206664e-08,0
1,4,0.05,91,"prot50_child",0,-8.66386049371153e-08,0
1,4,0.05,91,"invasive_male",0,-1.356197867727e-08,0
1,4,0.05,91,"invasive_age",-0.2,-0.0743220164252557,1
1,4,0.05,91,"invasive_income",-0.5,-0.0910313089793806,1
1,4,0.05,91,"invasive_child",0,-1.13661188781556e-08,0
1,4,0.05,92,"ASC2_male",-0.5,-0.0952583858449079,1
1,4,0.05,92,"ASC2_age",1,0.296868433734037,1
1,4,0.05,92,"ASC2_income",0,-0.00828272797374452,0
1,4,0.05,92,"ASC2_child",0,-0.1480390326473,1
1,4,0.05,92,"ASC3_male",0,8.12032565523471e-06,0
1,4,0.05,92,"ASC3_age",0,4.09340044855325e-06,0
1,4,0.05,92,"ASC3_income",0,2.76558889788858e-06,0
1,4,0.05,92,"ASC3_child",0.3,0.0296906583615473,0
1,4,0.05,92,"prot25_male",-1.1,-0.061487702055386,1
1,4,0.05,92,"prot25_age",0,-0.0930858770863237,1
1,4,0.05,92,"prot25_income",-1.2,-0.257333113727652,1
1,4,0.05,92,"prot25_child",0,-0.00153374083642665,0
1,4,0.05,92,"prot50_male",-0.4,-4.1842737068307e-06,0
1,4,0.05,92,"prot50_age",-0.6,-0.228532104802222,1
1,4,0.05,92,"prot50_income",0,-0.00714474238595069,0
1,4,0.05,92,"prot50_child",0.8,0.174442203651268,1
1,4,0.05,92,"invasive_male",0,2.91701416091385e-06,0
1,4,0.05,92,"invasive_age",0,-0.0787087974403377,1
1,4,0.05,92,"invasive_income",0.7,0.167105863724715,1
1,4,0.05,92,"invasive_child",0.9,0.0650884718381332,1
1,4,0.05,93,"ASC2_male",0,3.76345839212811e-07,0
1,4,0.05,93,"ASC2_age",-0.9,-0.153767032205799,1
1,4,0.05,93,"ASC2_income",0,0.0151401648055299,0
1,4,0.05,93,"ASC2_child",-0.4,3.83811937270366e-08,0
1,4,0.05,93,"ASC3_male",0,-0.108712193416687,1
1,4,0.05,93,"ASC3_age",-1.1,-0.229567847679422,1
1,4,0.05,93,"ASC3_income",0,0.0407007309082719,0
1,4,0.05,93,"ASC3_child",-1,-0.208044390047296,1
1,4,0.05,93,"prot25_male",0,0.147288523536762,1
1,4,0.05,93,"prot25_age",0,-0.0288232129157306,0
1,4,0.05,93,"prot25_income",0.4,0.128941328752876,1
1,4,0.05,93,"prot25_child",1.1,0.139631185127189,1
1,4,0.05,93,"prot50_male",0,1.22079714899252e-07,0
1,4,0.05,93,"prot50_age",0.2,-1.90881186861967e-06,0
1,4,0.05,93,"prot50_income",1.2,0.284717713140951,1
1,4,0.05,93,"prot50_child",-1.1,-0.391867476476732,1
1,4,0.05,93,"invasive_male",0,-0.0762316035490287,1
1,4,0.05,93,"invasive_age",0,-1.62324969955072e-07,0
1,4,0.05,93,"invasive_income",0,-0.0227657779844416,0
1,4,0.05,93,"invasive_child",-0.2,0.0960568571576812,1
1,4,0.05,94,"ASC2_male",-0.2,-6.25395995504549e-06,0
1,4,0.05,94,"ASC2_age",0,0.0309970051523659,0
1,4,0.05,94,"ASC2_income",-0.2,-0.0211080573977791,0
1,4,0.05,94,"ASC2_child",0.3,-4.1630053231376e-07,0
1,4,0.05,94,"ASC3_male",-0.1,-4.08748315444159e-07,0
1,4,0.05,94,"ASC3_age",0,-0.00825137992839883,0
1,4,0.05,94,"ASC3_income",-1.2,-0.274344962075696,1
1,4,0.05,94,"ASC3_child",-0.5,-0.160783899267965,1
1,4,0.05,94,"prot25_male",0,0.000103913222067919,0
1,4,0.05,94,"prot25_age",0,-1.57972946323231e-05,0
1,4,0.05,94,"prot25_income",0,0.0056376294353975,0
1,4,0.05,94,"prot25_child",0,-0.16638617644833,1
1,4,0.05,94,"prot50_male",0,-8.69860062694353e-06,0
1,4,0.05,94,"prot50_age",0,0.0505552600095615,1
1,4,0.05,94,"prot50_income",-0.6,-0.0970632297316437,1
1,4,0.05,94,"prot50_child",0,-5.53406587011812e-10,0
1,4,0.05,94,"invasive_male",0,-1.04789930207357e-06,0
1,4,0.05,94,"invasive_age",1,0.268732787071588,1
1,4,0.05,94,"invasive_income",0.8,0.248426301537432,1
1,4,0.05,94,"invasive_child",0.6,6.80271324978871e-06,0
1,4,0.05,95,"ASC2_male",-0.4,-7.28827473942075e-09,0
1,4,0.05,95,"ASC2_age",-0.5,-0.0574475233168119,1
1,4,0.05,95,"ASC2_income",0,-1.38036507733269e-08,0
1,4,0.05,95,"ASC2_child",-0.7,-8.50988160233037e-08,0
1,4,0.05,95,"ASC3_male",-1.1,-0.180770307119491,1
1,4,0.05,95,"ASC3_age",0,-9.06729236914738e-09,0
1,4,0.05,95,"ASC3_income",0,-3.27962553511839e-08,0
1,4,0.05,95,"ASC3_child",0,0.0699236996625176,1
1,4,0.05,95,"prot25_male",-0.9,-0.0737594523963211,1
1,4,0.05,95,"prot25_age",0,-5.43456692676087e-09,0
1,4,0.05,95,"prot25_income",0,-1.46942593094257e-08,0
1,4,0.05,95,"prot25_child",0.5,-6.79066465130624e-09,0
1,4,0.05,95,"prot50_male",0.3,1.5747976220013e-08,0
1,4,0.05,95,"prot50_age",0.7,0.127915832285538,1
1,4,0.05,95,"prot50_income",0,-1.29002820362755e-08,0
1,4,0.05,95,"prot50_child",0.6,-5.5957431084911e-09,0
1,4,0.05,95,"invasive_male",0,-9.54032577939908e-09,0
1,4,0.05,95,"invasive_age",0,-2.02451154733337e-09,0
1,4,0.05,95,"invasive_income",0,-5.34925926018971e-09,0
1,4,0.05,95,"invasive_child",0.5,-3.77929899526382e-09,0
1,4,0.05,96,"ASC2_male",-0.1,-0.059505863403636,1
1,4,0.05,96,"ASC2_age",0.2,0.0556789488249559,1
1,4,0.05,96,"ASC2_income",0,0.011371268963294,0
1,4,0.05,96,"ASC2_child",-0.4,-0.137453256218208,1
1,4,0.05,96,"ASC3_male",0,-9.31365619854002e-08,0
1,4,0.05,96,"ASC3_age",0,-0.0208725329016929,0
1,4,0.05,96,"ASC3_income",-0.6,-0.121325831422538,1
1,4,0.05,96,"ASC3_child",0.6,-8.16536070086438e-09,0
1,4,0.05,96,"prot25_male",0.3,-1.3685406932363e-07,0
1,4,0.05,96,"prot25_age",0,-9.54485893521666e-10,0
1,4,0.05,96,"prot25_income",0,0.0209540980922878,0
1,4,0.05,96,"prot25_child",-0.8,-1.4542941937593e-06,0
1,4,0.05,96,"prot50_male",0.3,-2.92125442524982e-09,0
1,4,0.05,96,"prot50_age",1.2,0.27280260133759,1
1,4,0.05,96,"prot50_income",0,-1.70023582907169e-08,0
1,4,0.05,96,"prot50_child",0,7.52181563228191e-07,0
1,4,0.05,96,"invasive_male",0,-4.74922057971028e-07,0
1,4,0.05,96,"invasive_age",0,2.71972675740853e-08,0
1,4,0.05,96,"invasive_income",0,-6.48177761994473e-09,0
1,4,0.05,96,"invasive_child",0.6,3.20068377718163e-07,0
1,4,0.05,97,"ASC2_male",0.8,0.176862331151002,1
1,4,0.05,97,"ASC2_age",0,-0.0110162630914198,0
1,4,0.05,97,"ASC2_income",-1.1,-0.244651529005287,1
1,4,0.05,97,"ASC2_child",0.9,0.0746345721009098,1
1,4,0.05,97,"ASC3_male",0.5,-5.63705424063187e-09,0
1,4,0.05,97,"ASC3_age",0,7.05281484409509e-09,0
1,4,0.05,97,"ASC3_income",0,0.0599577240948126,1
1,4,0.05,97,"ASC3_child",0,-0.0724398202233079,1
1,4,0.05,97,"prot25_male",-0.4,-9.07284663025544e-09,0
1,4,0.05,97,"prot25_age",0,0.0525752434676747,1
1,4,0.05,97,"prot25_income",0,-8.46531990992132e-08,0
1,4,0.05,97,"prot25_child",0,0.00682976233471413,0
1,4,0.05,97,"prot50_male",0.4,0.213173884314098,1
1,4,0.05,97,"prot50_age",1.2,0.272610472836188,1
1,4,0.05,97,"prot50_income",-0.4,-0.0757798471093286,1
1,4,0.05,97,"prot50_child",0.3,-2.42436712255821e-09,0
1,4,0.05,97,"invasive_male",0,-4.69113297390965e-08,0
1,4,0.05,97,"invasive_age",0,0.00967241603197934,0
1,4,0.05,97,"invasive_income",0,0.132294630875004,1
1,4,0.05,97,"invasive_child",-0.8,-0.275609446369901,1
1,4,0.05,98,"ASC2_male",0,-0.0760211879836184,1
1,4,0.05,98,"ASC2_age",0.8,0.272701381738523,1
1,4,0.05,98,"ASC2_income",0,0.000440506491535269,0
1,4,0.05,98,"ASC2_child",0.1,0.184616325937433,1
1,4,0.05,98,"ASC3_male",1.2,0.297496465956528,1
1,4,0.05,98,"ASC3_age",-0.7,-0.120069435727314,1
1,4,0.05,98,"ASC3_income",-0.6,-0.164076039931216,1
1,4,0.05,98,"ASC3_child",-0.2,-7.83574240871686e-07,0
1,4,0.05,98,"prot25_male",0,0.0954207028250182,1
1,4,0.05,98,"prot25_age",0,-0.0466982931005585,0
1,4,0.05,98,"prot25_income",0,3.22278524764572e-06,0
1,4,0.05,98,"prot25_child",0.7,0.119962669985778,1
1,4,0.05,98,"prot50_male",0.5,0.179068858260315,1
1,4,0.05,98,"prot50_age",-0.7,-0.205140723491272,1
1,4,0.05,98,"prot50_income",-1.2,-0.292525242594758,1
1,4,0.05,98,"prot50_child",0,0.0107357838478442,0
1,4,0.05,98,"invasive_male",0,-1.60616024757779e-07,0
1,4,0.05,98,"invasive_age",0,0.0342350972413116,0
1,4,0.05,98,"invasive_income",0,-5.57621051105485e-07,0
1,4,0.05,98,"invasive_child",0,7.84464092798656e-07,0
1,4,0.05,99,"ASC2_male",0.5,0.204233360467174,1
1,4,0.05,99,"ASC2_age",0,5.75057745466919e-09,0
1,4,0.05,99,"ASC2_income",0.7,0.139533510750447,1
1,4,0.05,99,"ASC2_child",1.1,0.246073787350384,1
1,4,0.05,99,"ASC3_male",0,-0.0356364008209374,0
1,4,0.05,99,"ASC3_age",1.2,0.282102301585141,1
1,4,0.05,99,"ASC3_income",0,0.0238693547127201,0
1,4,0.05,99,"ASC3_child",0,-0.00523475826361765,0
1,4,0.05,99,"prot25_male",0.3,0.0442144109206126,0
1,4,0.05,99,"prot25_age",0.9,0.205375045439278,1
1,4,0.05,99,"prot25_income",0,-0.00304852405861829,0
1,4,0.05,99,"prot25_child",0,-0.0673455152227203,1
1,4,0.05,99,"prot50_male",0,-0.152314048633946,1
1,4,0.05,99,"prot50_age",0,-0.0134273865162663,0
1,4,0.05,99,"prot50_income",0,3.40188215584524e-09,0
1,4,0.05,99,"prot50_child",1.1,0.149151662714035,1
1,4,0.05,99,"invasive_male",0,-0.0422506412149809,0
1,4,0.05,99,"invasive_age",0.1,-7.55162656959757e-09,0
1,4,0.05,99,"invasive_income",1.2,0.357800299138098,1
1,4,0.05,99,"invasive_child",1.2,0.165175920473094,1
1,4,0.05,100,"ASC2_male",0,-4.40841200673302e-09,0
1,4,0.05,100,"ASC2_age",0,-3.13854357389415e-09,0
1,4,0.05,100,"ASC2_income",-1,-0.187366035098764,1
1,4,0.05,100,"ASC2_child",0,1.174101687301e-08,0
1,4,0.05,100,"ASC3_male",0,-8.71335445023953e-12,0
1,4,0.05,100,"ASC3_age",-0.4,-0.131355458907585,1
1,4,0.05,100,"ASC3_income",-0.7,-0.0512182075127487,1
1,4,0.05,100,"ASC3_child",-0.8,-0.079193500594652,1
1,4,0.05,100,"prot25_male",1,0.201173629825543,1
1,4,0.05,100,"prot25_age",0,-5.61225465640719e-09,0
1,4,0.05,100,"prot25_income",0,-0.0102408777076438,0
1,4,0.05,100,"prot25_child",0,-5.16931825084778e-09,0
1,4,0.05,100,"prot50_male",1.1,0.0848132003589994,1
1,4,0.05,100,"prot50_age",-0.3,-0.0155307888352144,0
1,4,0.05,100,"prot50_income",0,-8.94198647055243e-09,0
1,4,0.05,100,"prot50_child",-0.1,-5.52453564587517e-09,0
1,4,0.05,100,"invasive_male",0,-1.06872033708538e-08,0
1,4,0.05,100,"invasive_age",0,3.54128738760935e-08,0
1,4,0.05,100,"invasive_income",0.9,0.310179376960033,1
1,4,0.05,100,"invasive_child",-0.2,-8.44666131616632e-09,0
1,4,0.1,1,"ASC2_male",0,-6.55319573386296e-07,0
1,4,0.1,1,"ASC2_age",0.6,0.154943312889019,1
1,4,0.1,1,"ASC2_income",0,-8.87246400630363e-09,0
1,4,0.1,1,"ASC2_child",0,0.00580717355013965,0
1,4,0.1,1,"ASC3_male",0,-3.12527447846041e-12,0
1,4,0.1,1,"ASC3_age",-1,-0.23628656365025,1
1,4,0.1,1,"ASC3_income",0,0.00845353040186166,0
1,4,0.1,1,"ASC3_child",0.2,2.46172824552564e-08,0
1,4,0.1,1,"prot25_male",0,6.58807434656879e-08,0
1,4,0.1,1,"prot25_age",-1,-0.20095083185254,1
1,4,0.1,1,"prot25_income",0,-0.0191493371710252,0
1,4,0.1,1,"prot25_child",1.1,0.352082787119897,1
1,4,0.1,1,"prot50_male",-0.2,-2.05182990881132e-07,0
1,4,0.1,1,"prot50_age",0.5,0.0314467129744418,0
1,4,0.1,1,"prot50_income",0.6,0.0570805545718627,0
1,4,0.1,1,"prot50_child",0,5.36721375746655e-09,0
1,4,0.1,1,"invasive_male",-0.2,-4.81475825485877e-07,0
1,4,0.1,1,"invasive_age",0,-0.119969424213829,1
1,4,0.1,1,"invasive_income",-0.3,-0.0891436068076455,0
1,4,0.1,1,"invasive_child",0,-1.69285226574836e-07,0
1,4,0.1,2,"ASC2_male",0.2,-0.00549294388493699,0
1,4,0.1,2,"ASC2_age",0,-0.0826954913758151,0
1,4,0.1,2,"ASC2_income",0.2,0.0798095924856061,0
1,4,0.1,2,"ASC2_child",0,-0.0651223464243793,0
1,4,0.1,2,"ASC3_male",-0.2,-0.0642158780270308,0
1,4,0.1,2,"ASC3_age",0,-0.0639657811250792,0
1,4,0.1,2,"ASC3_income",0.9,0.239783899242095,1
1,4,0.1,2,"ASC3_child",0,-5.32243451255453e-09,0
1,4,0.1,2,"prot25_male",0,-0.109062392029354,1
1,4,0.1,2,"prot25_age",-0.4,-0.0568784320260558,0
1,4,0.1,2,"prot25_income",0,-0.0236933685438242,0
1,4,0.1,2,"prot25_child",-0.9,-0.214344559290357,1
1,4,0.1,2,"prot50_male",0,-3.39841953122202e-09,0
1,4,0.1,2,"prot50_age",-1,-0.133670063287754,1
1,4,0.1,2,"prot50_income",0,0.00949925454137853,0
1,4,0.1,2,"prot50_child",0,0.0808987428249142,0
1,4,0.1,2,"invasive_male",0.7,0.121869703186785,1
1,4,0.1,2,"invasive_age",0,-6.28037386919665e-09,0
1,4,0.1,2,"invasive_income",-0.2,-0.0740202135313672,0
1,4,0.1,2,"invasive_child",-1,-0.164287135363124,1
1,4,0.1,3,"ASC2_male",0,-2.70593653951945e-12,0
1,4,0.1,3,"ASC2_age",0.4,0.00732218695667869,0
1,4,0.1,3,"ASC2_income",-0.7,-0.174058087344385,1
1,4,0.1,3,"ASC2_child",0,-4.30338395152904e-09,0
1,4,0.1,3,"ASC3_male",0,-8.48108617503706e-09,0
1,4,0.1,3,"ASC3_age",0,-0.0887324816983022,0
1,4,0.1,3,"ASC3_income",0,-0.0183466398246788,0
1,4,0.1,3,"ASC3_child",0,-5.7903649701952e-07,0
1,4,0.1,3,"prot25_male",0.3,-5.60468117220195e-09,0
1,4,0.1,3,"prot25_age",-0.9,-0.14995787175412,1
1,4,0.1,3,"prot25_income",0,3.27254990861116e-09,0
1,4,0.1,3,"prot25_child",-0.3,3.2190332993925e-07,0
1,4,0.1,3,"prot50_male",0,0.104993292793408,1
1,4,0.1,3,"prot50_age",0,-2.1330598174395e-07,0
1,4,0.1,3,"prot50_income",0.2,-1.3136104717049e-05,0
1,4,0.1,3,"prot50_child",0,-5.74666970831159e-09,0
1,4,0.1,3,"invasive_male",-0.4,-0.077652309854032,0
1,4,0.1,3,"invasive_age",1,0.152668355383378,1
1,4,0.1,3,"invasive_income",1.1,0.142060741994054,1
1,4,0.1,3,"invasive_child",1,0.168407499930794,1
1,4,0.1,4,"ASC2_male",0,-6.73845322742105e-07,0
1,4,0.1,4,"ASC2_age",0.7,0.165892907157529,1
1,4,0.1,4,"ASC2_income",0.6,0.205883102814149,1
1,4,0.1,4,"ASC2_child",1,0.166977598650446,1
1,4,0.1,4,"ASC3_male",0,-9.2092276850599e-07,0
1,4,0.1,4,"ASC3_age",0,-0.0537976644363947,0
1,4,0.1,4,"ASC3_income",0,0.0715467396170737,0
1,4,0.1,4,"ASC3_child",-1.2,-0.418370843296458,1
1,4,0.1,4,"prot25_male",0,-0.117056299561997,1
1,4,0.1,4,"prot25_age",0,3.97965772697075e-06,0
1,4,0.1,4,"prot25_income",0.6,0.0354994996093207,0
1,4,0.1,4,"prot25_child",-0.2,-0.00445404248567483,0
1,4,0.1,4,"prot50_male",0,0.106302016906598,1
1,4,0.1,4,"prot50_age",0,-0.00224082931604182,0
1,4,0.1,4,"prot50_income",0.3,2.01389917883766e-08,0
1,4,0.1,4,"prot50_child",0,2.10112301317751e-07,0
1,4,0.1,4,"invasive_male",-0.5,-0.254838660819424,1
1,4,0.1,4,"invasive_age",-0.2,-0.0205947712803436,0
1,4,0.1,4,"invasive_income",-0.6,-0.096320816701898,0
1,4,0.1,4,"invasive_child",0,-0.0888764486221592,0
1,4,0.1,5,"ASC2_male",0,-0.133331525391326,1
1,4,0.1,5,"ASC2_age",0,-9.85266624483344e-08,0
1,4,0.1,5,"ASC2_income",-0.3,5.1441948360832e-08,0
1,4,0.1,5,"ASC2_child",0,-0.220332383407613,1
1,4,0.1,5,"ASC3_male",0.7,0.102035938388084,1
1,4,0.1,5,"ASC3_age",0,-1.94567590999776e-07,0
1,4,0.1,5,"ASC3_income",0,0.0605813126300048,0
1,4,0.1,5,"ASC3_child",0.3,0.0459617797382866,0
1,4,0.1,5,"prot25_male",0.5,0.0101905804185243,0
1,4,0.1,5,"prot25_age",0,-0.0122461933089922,0
1,4,0.1,5,"prot25_income",0,-0.0233254451335159,0
1,4,0.1,5,"prot25_child",0.5,0.258583619134846,1
1,4,0.1,5,"prot50_male",0.7,0.0570331703439989,0
1,4,0.1,5,"prot50_age",0.7,0.175376140256055,1
1,4,0.1,5,"prot50_income",0,1.61335831238241e-06,0
1,4,0.1,5,"prot50_child",0,-1.81609571798599e-08,0
1,4,0.1,5,"invasive_male",0.3,-0.0469321082495521,0
1,4,0.1,5,"invasive_age",0,1.55452854320747e-08,0
1,4,0.1,5,"invasive_income",-0.8,-0.131224211739355,1
1,4,0.1,5,"invasive_child",-0.2,-0.0672556135057507,0
1,4,0.1,6,"ASC2_male",1.2,0.308666046721022,1
1,4,0.1,6,"ASC2_age",0.5,0.0968461353167379,0
1,4,0.1,6,"ASC2_income",-0.2,-0.0060244543076456,0
1,4,0.1,6,"ASC2_child",0,-4.16669278331906e-08,0
1,4,0.1,6,"ASC3_male",0,-1.37634684984008e-09,0
1,4,0.1,6,"ASC3_age",-0.5,-0.0833709691805477,0
1,4,0.1,6,"ASC3_income",0,9.89939505698967e-07,0
1,4,0.1,6,"ASC3_child",0,-8.7863431201907e-07,0
1,4,0.1,6,"prot25_male",0.2,2.2311468306539e-06,0
1,4,0.1,6,"prot25_age",0,0.0513541041565258,0
1,4,0.1,6,"prot25_income",0,-1.09474930262524e-08,0
1,4,0.1,6,"prot25_child",0,4.81720977888614e-06,0
1,4,0.1,6,"prot50_male",1,0.097489781091451,0
1,4,0.1,6,"prot50_age",-0.5,-0.0143101551533921,0
1,4,0.1,6,"prot50_income",0,4.60770807999541e-07,0
1,4,0.1,6,"prot50_child",0,-7.64400381986422e-07,0
1,4,0.1,6,"invasive_male",0.5,2.34907166867635e-07,0
1,4,0.1,6,"invasive_age",-0.2,1.3152945894127e-07,0
1,4,0.1,6,"invasive_income",0,2.63131304532256e-06,0
1,4,0.1,6,"invasive_child",0.3,-3.24018737582398e-06,0
1,4,0.1,7,"ASC2_male",0.2,-0.117425112737972,1
1,4,0.1,7,"ASC2_age",0,0.0694295978201322,0
1,4,0.1,7,"ASC2_income",0.8,0.128329276597803,1
1,4,0.1,7,"ASC2_child",0,4.42242865879683e-09,0
1,4,0.1,7,"ASC3_male",0.9,4.01953192082706e-08,0
1,4,0.1,7,"ASC3_age",-1.2,-0.271026846905988,1
1,4,0.1,7,"ASC3_income",0.8,0.118575801630047,1
1,4,0.1,7,"ASC3_child",0,-1.52735230694914e-07,0
1,4,0.1,7,"prot25_male",-0.8,-0.027029062998227,0
1,4,0.1,7,"prot25_age",-0.5,-0.137390530335539,1
1,4,0.1,7,"prot25_income",0,0.000981735240404243,0
1,4,0.1,7,"prot25_child",0,0.0875027290100023,0
1,4,0.1,7,"prot50_male",0,-1.16063898631516e-10,0
1,4,0.1,7,"prot50_age",-0.9,-0.228340170151326,1
1,4,0.1,7,"prot50_income",-0.7,-0.141136941442345,1
1,4,0.1,7,"prot50_child",-0.8,-0.086640891515054,0
1,4,0.1,7,"invasive_male",0,-0.0677777994989637,0
1,4,0.1,7,"invasive_age",0,0.0200333076499073,0
1,4,0.1,7,"invasive_income",0,0.0552782912134204,0
1,4,0.1,7,"invasive_child",0,-0.00317715677367112,0
1,4,0.1,8,"ASC2_male",0.5,0.0244715568492318,0
1,4,0.1,8,"ASC2_age",0,0.0428570466396116,0
1,4,0.1,8,"ASC2_income",0,-0.0140169724260721,0
1,4,0.1,8,"ASC2_child",-0.5,-2.18911466842821e-08,0
1,4,0.1,8,"ASC3_male",0,-4.29191270003798e-09,0
1,4,0.1,8,"ASC3_age",0.8,0.243283826542515,1
1,4,0.1,8,"ASC3_income",0,3.91085421244552e-12,0
1,4,0.1,8,"ASC3_child",0.6,0.366566106169415,1
1,4,0.1,8,"prot25_male",0,-1.16634392017807e-08,0
1,4,0.1,8,"prot25_age",1.2,0.286519280868289,1
1,4,0.1,8,"prot25_income",0,0.0786493801323355,0
1,4,0.1,8,"prot25_child",1.1,0.243217379239978,1
1,4,0.1,8,"prot50_male",0,0.0607645204319246,0
1,4,0.1,8,"prot50_age",0,0.036057571378083,0
1,4,0.1,8,"prot50_income",0,-0.0148412010587747,0
1,4,0.1,8,"prot50_child",-1,-2.00687893083757e-08,0
1,4,0.1,8,"invasive_male",0,-7.00841588925344e-09,0
1,4,0.1,8,"invasive_age",-0.3,-0.0165679631532021,0
1,4,0.1,8,"invasive_income",0.3,0.0221359994088528,0
1,4,0.1,8,"invasive_child",-0.9,-1.89819461435148e-08,0
1,4,0.1,9,"ASC2_male",0,-7.72570712708029e-13,0
1,4,0.1,9,"ASC2_age",0.5,0.119567934554548,1
1,4,0.1,9,"ASC2_income",0.5,0.0663905688212524,0
1,4,0.1,9,"ASC2_child",0,-0.0325291087283193,0
1,4,0.1,9,"ASC3_male",0,-0.0287215155773736,0
1,4,0.1,9,"ASC3_age",0,5.08699622768539e-07,0
1,4,0.1,9,"ASC3_income",0,-0.141518134077564,1
1,4,0.1,9,"ASC3_child",-0.3,9.74313697305865e-10,0
1,4,0.1,9,"prot25_male",0.7,0.050462039219959,0
1,4,0.1,9,"prot25_age",0.4,0.0729811191067433,0
1,4,0.1,9,"prot25_income",0,0.134087462484469,1
1,4,0.1,9,"prot25_child",0.3,0.0359851874980095,0
1,4,0.1,9,"prot50_male",-0.2,-0.0129385089205027,0
1,4,0.1,9,"prot50_age",-1,-0.250531404036112,1
1,4,0.1,9,"prot50_income",0,0.116774484095657,1
1,4,0.1,9,"prot50_child",-0.8,-0.3100211603799,1
1,4,0.1,9,"invasive_male",0,0.043931436710982,0
1,4,0.1,9,"invasive_age",1,0.146313359458899,1
1,4,0.1,9,"invasive_income",0,-0.0141599830621244,0
1,4,0.1,9,"invasive_child",0,-0.024897067109879,0
1,4,0.1,10,"ASC2_male",0,-0.0637751432359395,0
1,4,0.1,10,"ASC2_age",-1,-0.223374328610135,1
1,4,0.1,10,"ASC2_income",0,1.08448619720873e-08,0
1,4,0.1,10,"ASC2_child",0,-8.42067447782152e-09,0
1,4,0.1,10,"ASC3_male",0.7,1.68104084452289e-09,0
1,4,0.1,10,"ASC3_age",0,0.0562825570503981,0
1,4,0.1,10,"ASC3_income",0,-2.32228683639757e-09,0
1,4,0.1,10,"ASC3_child",0,-1.16682579222485e-08,0
1,4,0.1,10,"prot25_male",-1,-1.35753241017335e-08,0
1,4,0.1,10,"prot25_age",1.1,0.197625083453397,1
1,4,0.1,10,"prot25_income",-0.7,-0.185348700888367,1
1,4,0.1,10,"prot25_child",-0.3,-2.42954444418814e-08,0
1,4,0.1,10,"prot50_male",0,0.0814792353355799,0
1,4,0.1,10,"prot50_age",0,-1.05373316020674e-08,0
1,4,0.1,10,"prot50_income",0,0.0316588602316348,0
1,4,0.1,10,"prot50_child",0,-2.4876860505988e-09,0
1,4,0.1,10,"invasive_male",0.2,-1.99112225616866e-08,0
1,4,0.1,10,"invasive_age",0.6,0.237152664106276,1
1,4,0.1,10,"invasive_income",-0.4,-0.0106360868468389,0
1,4,0.1,10,"invasive_child",-0.3,-0.128869655157617,1
1,4,0.1,11,"ASC2_male",1.1,0.0986169841611586,0
1,4,0.1,11,"ASC2_age",0,7.44487246443594e-10,0
1,4,0.1,11,"ASC2_income",0.1,1.84440899936303e-09,0
1,4,0.1,11,"ASC2_child",0,0.0830108548038464,0
1,4,0.1,11,"ASC3_male",0.6,-4.17369161411905e-09,0
1,4,0.1,11,"ASC3_age",-1,-0.336028296364826,1
1,4,0.1,11,"ASC3_income",0.9,0.167434913487051,1
1,4,0.1,11,"ASC3_child",-0.8,-0.000786543502670971,0
1,4,0.1,11,"prot25_male",-0.9,-6.04198315305169e-09,0
1,4,0.1,11,"prot25_age",0,-8.41678512525035e-09,0
1,4,0.1,11,"prot25_income",0,2.57587499126021e-10,0
1,4,0.1,11,"prot25_child",0,-3.96157220257915e-09,0
1,4,0.1,11,"prot50_male",0,0.278261345656926,1
1,4,0.1,11,"prot50_age",0,-6.19883948485218e-09,0
1,4,0.1,11,"prot50_income",0,0.00282664406767457,0
1,4,0.1,11,"prot50_child",0,1.28604582731425e-08,0
1,4,0.1,11,"invasive_male",-0.7,-0.137646713313819,1
1,4,0.1,11,"invasive_age",0,-2.66840259687672e-09,0
1,4,0.1,11,"invasive_income",1,0.145241352105118,1
1,4,0.1,11,"invasive_child",-1.2,-0.249261009214286,1
1,4,0.1,12,"ASC2_male",0,-1.03007798695747e-08,0
1,4,0.1,12,"ASC2_age",-0.4,-0.0096831171027299,0
1,4,0.1,12,"ASC2_income",-0.6,-0.119638282021872,1
1,4,0.1,12,"ASC2_child",-1.2,-0.0980678626425009,0
1,4,0.1,12,"ASC3_male",-0.7,-0.128988653985355,1
1,4,0.1,12,"ASC3_age",0.4,0.0820097943094086,0
1,4,0.1,12,"ASC3_income",0,0.00334839086627748,0
1,4,0.1,12,"ASC3_child",0,0.0371237151918088,0
1,4,0.1,12,"prot25_male",0,-3.77983610142025e-08,0
1,4,0.1,12,"prot25_age",0,-0.0548767491830639,0
1,4,0.1,12,"prot25_income",0,0.0464722309261814,0
1,4,0.1,12,"prot25_child",1,-1.23685605475906e-08,0
1,4,0.1,12,"prot50_male",-0.6,-0.0790098919414632,0
1,4,0.1,12,"prot50_age",0,-3.60097009676013e-08,0
1,4,0.1,12,"prot50_income",0,-9.49404397534616e-05,0
1,4,0.1,12,"prot50_child",0,9.56725357961394e-09,0
1,4,0.1,12,"invasive_male",0,-4.62606634196772e-09,0
1,4,0.1,12,"invasive_age",0.6,0.111785572364387,1
1,4,0.1,12,"invasive_income",0.6,0.144788354632718,1
1,4,0.1,12,"invasive_child",-0.8,-0.0832832899650457,0
1,4,0.1,13,"ASC2_male",-0.4,-1.16413072363988e-08,0
1,4,0.1,13,"ASC2_age",0,-5.18182416513515e-08,0
1,4,0.1,13,"ASC2_income",0,-8.3434770367005e-09,0
1,4,0.1,13,"ASC2_child",0,-1.84211881652711e-09,0
1,4,0.1,13,"ASC3_male",-0.4,5.67311453766279e-08,0
1,4,0.1,13,"ASC3_age",-0.3,-0.0789533965359214,0
1,4,0.1,13,"ASC3_income",-0.3,-0.0870856590540672,0
1,4,0.1,13,"ASC3_child",0,-4.1933687708034e-09,0
1,4,0.1,13,"prot25_male",0,0.0333063868804689,0
1,4,0.1,13,"prot25_age",-0.4,-0.0232297364428542,0
1,4,0.1,13,"prot25_income",-1,-0.195756457989465,1
1,4,0.1,13,"prot25_child",0,5.12343775385691e-09,0
1,4,0.1,13,"prot50_male",-0.6,-0.160958154128984,1
1,4,0.1,13,"prot50_age",0,-0.00368731551678748,0
1,4,0.1,13,"prot50_income",0,-8.53620147163394e-08,0
1,4,0.1,13,"prot50_child",0,-1.20951800717855e-08,0
1,4,0.1,13,"invasive_male",-0.2,-4.48404433901262e-09,0
1,4,0.1,13,"invasive_age",1,0.25473360944133,1
1,4,0.1,13,"invasive_income",0.5,0.0886427085368246,0
1,4,0.1,13,"invasive_child",0,-2.16664897807562e-08,0
1,4,0.1,14,"ASC2_male",1.1,0.16823563116254,1
1,4,0.1,14,"ASC2_age",0,0.0237366923272449,0
1,4,0.1,14,"ASC2_income",0,-1.94251220234653e-09,0
1,4,0.1,14,"ASC2_child",0.9,0.177800460083892,1
1,4,0.1,14,"ASC3_male",-0.6,-0.0606294571790847,0
1,4,0.1,14,"ASC3_age",0,-7.99239723805733e-09,0
1,4,0.1,14,"ASC3_income",0.9,0.161377668821296,1
1,4,0.1,14,"ASC3_child",0,-8.22054897003993e-08,0
1,4,0.1,14,"prot25_male",0,-4.46387140012332e-10,0
1,4,0.1,14,"prot25_age",0,6.7158437698611e-06,0
1,4,0.1,14,"prot25_income",0,-1.09348999217395e-07,0
1,4,0.1,14,"prot25_child",0,0.111930348755366,1
1,4,0.1,14,"prot50_male",0,-5.23893849654434e-07,0
1,4,0.1,14,"prot50_age",1,0.246025661559761,1
1,4,0.1,14,"prot50_income",0,1.48893822886188e-06,0
1,4,0.1,14,"prot50_child",-0.9,-0.0109840367035643,0
1,4,0.1,14,"invasive_male",0.3,-6.76356025228167e-09,0
1,4,0.1,14,"invasive_age",-0.8,-0.227493889566904,1
1,4,0.1,14,"invasive_income",0.6,0.182334301165621,1
1,4,0.1,14,"invasive_child",-0.4,-9.35140994874183e-07,0
1,4,0.1,15,"ASC2_male",-0.9,-0.258227808918008,1
1,4,0.1,15,"ASC2_age",1.2,0.330918289498248,1
1,4,0.1,15,"ASC2_income",0,-0.0098187433667915,0
1,4,0.1,15,"ASC2_child",-0.4,-5.20035235165089e-06,0
1,4,0.1,15,"ASC3_male",-0.6,-0.229644607983744,1
1,4,0.1,15,"ASC3_age",0,3.03737540240304e-07,0
1,4,0.1,15,"ASC3_income",0,0.0374903407499908,0
1,4,0.1,15,"ASC3_child",0.9,0.27109022032972,1
1,4,0.1,15,"prot25_male",0,-0.00996254044116755,0
1,4,0.1,15,"prot25_age",0.7,0.16448124818737,1
1,4,0.1,15,"prot25_income",-0.3,-0.0706970595384535,0
1,4,0.1,15,"prot25_child",0.5,0.0842461159716406,0
1,4,0.1,15,"prot50_male",0,4.67343692052496e-09,0
1,4,0.1,15,"prot50_age",-0.5,-0.0913736320579769,0
1,4,0.1,15,"prot50_income",0,-1.59354288817945e-06,0
1,4,0.1,15,"prot50_child",0.2,3.13533059206888e-06,0
1,4,0.1,15,"invasive_male",0,0.0407834663798389,0
1,4,0.1,15,"invasive_age",0,-0.043679584207077,0
1,4,0.1,15,"invasive_income",0,1.82644914712379e-07,0
1,4,0.1,15,"invasive_child",0,-1.89907186657979e-06,0
1,4,0.1,16,"ASC2_male",0,0.0872922679709596,0
1,4,0.1,16,"ASC2_age",-0.6,-0.147035372767029,1
1,4,0.1,16,"ASC2_income",0,-0.16558813893531,1
1,4,0.1,16,"ASC2_child",-0.8,-0.282027475843192,1
1,4,0.1,16,"ASC3_male",0,-0.0609434553108246,0
1,4,0.1,16,"ASC3_age",-0.8,-0.15159497911814,1
1,4,0.1,16,"ASC3_income",0.8,0.0844220498410261,0
1,4,0.1,16,"ASC3_child",-0.8,-0.280349537531137,1
1,4,0.1,16,"prot25_male",0.7,0.0722911016785071,0
1,4,0.1,16,"prot25_age",-1,-0.199547046111514,1
1,4,0.1,16,"prot25_income",0,0.115404258410903,1
1,4,0.1,16,"prot25_child",0,-0.0711165048596672,0
1,4,0.1,16,"prot50_male",0.6,0.220763069848758,1
1,4,0.1,16,"prot50_age",-1,-0.207099488504407,1
1,4,0.1,16,"prot50_income",0,0.0966048893938168,0
1,4,0.1,16,"prot50_child",0,-0.0530928882298998,0
1,4,0.1,16,"invasive_male",0,0.054282274797554,0
1,4,0.1,16,"invasive_age",0.8,0.28416017779616,1
1,4,0.1,16,"invasive_income",0,-0.0974368167393822,0
1,4,0.1,16,"invasive_child",0,-0.0480143196363127,0
1,4,0.1,17,"ASC2_male",0,-0.100032442399092,1
1,4,0.1,17,"ASC2_age",-1,-0.234362472479714,1
1,4,0.1,17,"ASC2_income",-0.9,-0.194477686807292,1
1,4,0.1,17,"ASC2_child",0,-0.123536456276272,1
1,4,0.1,17,"ASC3_male",0,-0.152380669671759,1
1,4,0.1,17,"ASC3_age",-1.1,-0.167640531095495,1
1,4,0.1,17,"ASC3_income",0,0.0510531440253661,0
1,4,0.1,17,"ASC3_child",-0.6,-0.141833220324707,1
1,4,0.1,17,"prot25_male",-0.9,-0.245883031906722,1
1,4,0.1,17,"prot25_age",0,-2.1812361801692e-09,0
1,4,0.1,17,"prot25_income",0.6,0.0715415291208276,0
1,4,0.1,17,"prot25_child",0,0.00550775715878585,0
1,4,0.1,17,"prot50_male",0.2,0.10694571374844,1
1,4,0.1,17,"prot50_age",0.5,0.0308967389142514,0
1,4,0.1,17,"prot50_income",0,-0.0421785419766545,0
1,4,0.1,17,"prot50_child",0,0.0655447999086478,0
1,4,0.1,17,"invasive_male",0.8,0.118247432594424,1
1,4,0.1,17,"invasive_age",0,-0.050382178185175,0
1,4,0.1,17,"invasive_income",-1.1,-0.293426758896498,1
1,4,0.1,17,"invasive_child",0,-0.0596609434219374,0
1,4,0.1,18,"ASC2_male",0.2,1.21542477808276e-06,0
1,4,0.1,18,"ASC2_age",0.7,0.087104120261716,0
1,4,0.1,18,"ASC2_income",0,2.56477790850698e-06,0
1,4,0.1,18,"ASC2_child",0.7,0.0154784872418977,0
1,4,0.1,18,"ASC3_male",0.2,0.00341923695024942,0
1,4,0.1,18,"ASC3_age",0,-0.0644339021391734,0
1,4,0.1,18,"ASC3_income",0.4,-0.00191740739558364,0
1,4,0.1,18,"ASC3_child",0,-0.143199912072782,1
1,4,0.1,18,"prot25_male",0,-1.5225272008069e-06,0
1,4,0.1,18,"prot25_age",0,-0.000850993839597571,0
1,4,0.1,18,"prot25_income",0,0.0961626339789185,0
1,4,0.1,18,"prot25_child",-0.5,-1.05011867388097e-05,0
1,4,0.1,18,"prot50_male",-0.6,-0.122409255422451,1
1,4,0.1,18,"prot50_age",0,0.0758641275317462,0
1,4,0.1,18,"prot50_income",1,0.265127520099477,1
1,4,0.1,18,"prot50_child",0,0.277067289393408,1
1,4,0.1,18,"invasive_male",0,5.05900436950674e-07,0
1,4,0.1,18,"invasive_age",0,0.0082162994406347,0
1,4,0.1,18,"invasive_income",-0.2,-1.4678959744248e-07,0
1,4,0.1,18,"invasive_child",0.7,0.0203172066635388,0
1,4,0.1,19,"ASC2_male",0,-0.138474954361216,1
1,4,0.1,19,"ASC2_age",0,-0.0377279315555296,0
1,4,0.1,19,"ASC2_income",-0.2,-0.101760083393421,1
1,4,0.1,19,"ASC2_child",0,-0.279463371497481,1
1,4,0.1,19,"ASC3_male",0,-0.254168440129969,1
1,4,0.1,19,"ASC3_age",0.2,0.0570986848332937,0
1,4,0.1,19,"ASC3_income",-0.8,-0.298056735394368,1
1,4,0.1,19,"ASC3_child",-1,-0.499198785888877,1
1,4,0.1,19,"prot25_male",0,0.222638921801285,1
1,4,0.1,19,"prot25_age",0,0.0295260626925642,0
1,4,0.1,19,"prot25_income",0,0.128165403681548,1
1,4,0.1,19,"prot25_child",0.7,0.499305520384571,1
1,4,0.1,19,"prot50_male",-1,-0.0650758101442403,0
1,4,0.1,19,"prot50_age",0,0.00254053215295406,0
1,4,0.1,19,"prot50_income",0.5,0.223984748215843,1
1,4,0.1,19,"prot50_child",1.1,0.498684682419634,1
1,4,0.1,19,"invasive_male",0,-0.000531628743961825,0
1,4,0.1,19,"invasive_age",0,0.0178782717292172,0
1,4,0.1,19,"invasive_income",0.6,0.158879233189274,1
1,4,0.1,19,"invasive_child",-1.2,-0.400916642449103,1
1,4,0.1,20,"ASC2_male",0,-0.0399017312449178,0
1,4,0.1,20,"ASC2_age",0.9,0.312651298695015,1
1,4,0.1,20,"ASC2_income",1,0.216851125282873,1
1,4,0.1,20,"ASC2_child",-1,-9.8916115572123e-09,0
1,4,0.1,20,"ASC3_male",0.7,0.140912964980841,1
1,4,0.1,20,"ASC3_age",-1.2,-0.207174661832495,1
1,4,0.1,20,"ASC3_income",-0.6,-0.156210680624086,1
1,4,0.1,20,"ASC3_child",-0.7,-0.0643103700529522,0
1,4,0.1,20,"prot25_male",0,-1.24230385243874e-08,0
1,4,0.1,20,"prot25_age",0,-0.0827540715597853,0
1,4,0.1,20,"prot25_income",0,0.0973334945511237,0
1,4,0.1,20,"prot25_child",0.7,0.021260446446351,0
1,4,0.1,20,"prot50_male",0,5.36512172538398e-09,0
1,4,0.1,20,"prot50_age",0,-3.49246027577787e-08,0
1,4,0.1,20,"prot50_income",0,-1.02646991747846e-08,0
1,4,0.1,20,"prot50_child",0,-0.162733490701091,1
1,4,0.1,20,"invasive_male",0,-2.68726122623415e-07,0
1,4,0.1,20,"invasive_age",0.5,0.197875711654135,1
1,4,0.1,20,"invasive_income",0,-0.0530218515652705,0
1,4,0.1,20,"invasive_child",0.3,7.99481397898469e-08,0
1,4,0.1,21,"ASC2_male",-0.5,-0.128424125558768,1
1,4,0.1,21,"ASC2_age",-0.6,-0.203634808908855,1
1,4,0.1,21,"ASC2_income",0,-0.0492479508447433,0
1,4,0.1,21,"ASC2_child",1.1,0.0375590335109487,0
1,4,0.1,21,"ASC3_male",0,-2.19501920856963e-07,0
1,4,0.1,21,"ASC3_age",0.3,-4.70573223020129e-09,0
1,4,0.1,21,"ASC3_income",0,0.0106015578684356,0
1,4,0.1,21,"ASC3_child",0,-0.148150826441735,1
1,4,0.1,21,"prot25_male",0.5,0.151546191296758,1
1,4,0.1,21,"prot25_age",0,0.00577458007134748,0
1,4,0.1,21,"prot25_income",-1,-0.281427168199061,1
1,4,0.1,21,"prot25_child",0,0.132759467020859,1
1,4,0.1,21,"prot50_male",-0.5,-0.190791483140912,1
1,4,0.1,21,"prot50_age",0,-1.1596050002233e-08,0
1,4,0.1,21,"prot50_income",0,0.0365689773127965,0
1,4,0.1,21,"prot50_child",-0.7,-0.0657796526660913,0
1,4,0.1,21,"invasive_male",0,-0.0407256004436577,0
1,4,0.1,21,"invasive_age",1.2,0.32577585353817,1
1,4,0.1,21,"invasive_income",-0.2,0.000375253993342396,0
1,4,0.1,21,"invasive_child",0,-8.41190855487152e-09,0
1,4,0.1,22,"ASC2_male",0.7,0.0193166300904902,0
1,4,0.1,22,"ASC2_age",-0.2,7.95526189304666e-09,0
1,4,0.1,22,"ASC2_income",-0.4,-0.0828177487828218,0
1,4,0.1,22,"ASC2_child",0,6.48975613179985e-11,0
1,4,0.1,22,"ASC3_male",0,-5.58691228319133e-09,0
1,4,0.1,22,"ASC3_age",-0.7,-0.120849411795058,1
1,4,0.1,22,"ASC3_income",0,0.0151193216199274,0
1,4,0.1,22,"ASC3_child",-0.7,-0.210332648380503,1
1,4,0.1,22,"prot25_male",0,0.137152564946506,1
1,4,0.1,22,"prot25_age",0,-0.0642586686375195,0
1,4,0.1,22,"prot25_income",0.5,0.122086010536096,1
1,4,0.1,22,"prot25_child",0,0.0816486874590933,0
1,4,0.1,22,"prot50_male",0,-1.1539860331973e-08,0
1,4,0.1,22,"prot50_age",1,0.229076750473414,1
1,4,0.1,22,"prot50_income",-0.9,-0.193648943791632,1
1,4,0.1,22,"prot50_child",-1.1,-0.223012933584925,1
1,4,0.1,22,"invasive_male",0,-0.0744459293850466,0
1,4,0.1,22,"invasive_age",0.3,0.177917797080135,1
1,4,0.1,22,"invasive_income",0,-0.00802699132195145,0
1,4,0.1,22,"invasive_child",0,-0.0674216313391758,0
1,4,0.1,23,"ASC2_male",0,-9.33329012125182e-09,0
1,4,0.1,23,"ASC2_age",0.5,0.217108846179245,1
1,4,0.1,23,"ASC2_income",0.8,0.220795258971187,1
1,4,0.1,23,"ASC2_child",-0.2,-5.30414231794434e-09,0
1,4,0.1,23,"ASC3_male",0.6,0.119051767461934,1
1,4,0.1,23,"ASC3_age",-0.3,-0.0364667894526188,0
1,4,0.1,23,"ASC3_income",0,-1.09681294794719e-08,0
1,4,0.1,23,"ASC3_child",0,0.00900063891371505,0
1,4,0.1,23,"prot25_male",0.8,0.151881999751334,1
1,4,0.1,23,"prot25_age",0.4,0.00500159924524667,0
1,4,0.1,23,"prot25_income",0.5,0.178225412425859,1
1,4,0.1,23,"prot25_child",0,-4.35833991837917e-09,0
1,4,0.1,23,"prot50_male",0,0.0107291828766659,0
1,4,0.1,23,"prot50_age",0,-0.00434375198921569,0
1,4,0.1,23,"prot50_income",0,6.43720604748246e-10,0
1,4,0.1,23,"prot50_child",0.5,0.161536705929546,1
1,4,0.1,23,"invasive_male",-0.5,-0.174883952727799,1
1,4,0.1,23,"invasive_age",0,-5.6745556969329e-09,0
1,4,0.1,23,"invasive_income",0,-3.99776531976622e-09,0
1,4,0.1,23,"invasive_child",0,-0.0492782694691809,0
1,4,0.1,24,"ASC2_male",-0.3,-0.0787220722034409,0
1,4,0.1,24,"ASC2_age",-0.3,-0.0961449576439471,0
1,4,0.1,24,"ASC2_income",0,6.52303391674685e-05,0
1,4,0.1,24,"ASC2_child",0,-0.01806395906052,0
1,4,0.1,24,"ASC3_male",0,-0.0564108352356691,0
1,4,0.1,24,"ASC3_age",1.2,0.208836858970043,1
1,4,0.1,24,"ASC3_income",0,-0.0961733513202646,0
1,4,0.1,24,"ASC3_child",0,8.77619912386437e-06,0
1,4,0.1,24,"prot25_male",0.4,0.096175187249866,0
1,4,0.1,24,"prot25_age",0,0.0193776449739773,0
1,4,0.1,24,"prot25_income",0.8,0.252256835221944,1
1,4,0.1,24,"prot25_child",1,0.175623984329115,1
1,4,0.1,24,"prot50_male",0,0.0698969277513431,0
1,4,0.1,24,"prot50_age",-0.8,-0.202111357586963,1
1,4,0.1,24,"prot50_income",1.1,0.323446045023545,1
1,4,0.1,24,"prot50_child",0,0.093192371401801,0
1,4,0.1,24,"invasive_male",0,0.108055744878425,1
1,4,0.1,24,"invasive_age",1.1,0.261324505416295,1
1,4,0.1,24,"invasive_income",0,-2.82303663196359e-10,0
1,4,0.1,24,"invasive_child",1.2,0.443811462358217,1
1,4,0.1,25,"ASC2_male",1.2,0.137698990280676,1
1,4,0.1,25,"ASC2_age",0,-0.0845447432236416,0
1,4,0.1,25,"ASC2_income",0,-1.19230789795628e-12,0
1,4,0.1,25,"ASC2_child",0,0.0710455839912631,0
1,4,0.1,25,"ASC3_male",-1,-0.417160600889358,1
1,4,0.1,25,"ASC3_age",-0.2,-0.0398204043098106,0
1,4,0.1,25,"ASC3_income",0,0.00156947235773111,0
1,4,0.1,25,"ASC3_child",-1.1,-0.0909396619718262,0
1,4,0.1,25,"prot25_male",1.1,0.524236097313079,1
1,4,0.1,25,"prot25_age",-0.6,-0.174824264351301,1
1,4,0.1,25,"prot25_income",0,-0.0504232214348262,0
1,4,0.1,25,"prot25_child",1,0.200544380595533,1
1,4,0.1,25,"prot50_male",0,0.157952181264427,1
1,4,0.1,25,"prot50_age",0,-0.0439597802928836,0
1,4,0.1,25,"prot50_income",0,-0.0600780075749611,0
1,4,0.1,25,"prot50_child",0,-0.167496944724428,1
1,4,0.1,25,"invasive_male",0,-0.0560407468032063,0
1,4,0.1,25,"invasive_age",1.1,0.203578651162335,1
1,4,0.1,25,"invasive_income",-1.2,-0.337315794575199,1
1,4,0.1,25,"invasive_child",1.2,0.0917369205591506,0
1,4,0.1,26,"ASC2_male",0,-0.109111752215914,1
1,4,0.1,26,"ASC2_age",-0.9,-0.250032262014693,1
1,4,0.1,26,"ASC2_income",-1.2,-0.148925894755108,1
1,4,0.1,26,"ASC2_child",-0.4,-2.4810163917829e-08,0
1,4,0.1,26,"ASC3_male",0.8,0.150903133605033,1
1,4,0.1,26,"ASC3_age",0,1.05092419458361e-06,0
1,4,0.1,26,"ASC3_income",-0.5,-0.0200138868238341,0
1,4,0.1,26,"ASC3_child",0.1,1.49200741550807e-07,0
1,4,0.1,26,"prot25_male",-0.9,-2.44269628075873e-08,0
1,4,0.1,26,"prot25_age",0,-0.0208647187326266,0
1,4,0.1,26,"prot25_income",0,-0.0477426377991339,0
1,4,0.1,26,"prot25_child",0,-1.25080069964877e-08,0
1,4,0.1,26,"prot50_male",0,0.0096828605961936,0
1,4,0.1,26,"prot50_age",0,-7.43161467137368e-09,0
1,4,0.1,26,"prot50_income",0.1,0.00937293468895372,0
1,4,0.1,26,"prot50_child",0,9.73345993389074e-08,0
1,4,0.1,26,"invasive_male",0,-1.59550992309786e-08,0
1,4,0.1,26,"invasive_age",0.9,0.17336445140037,1
1,4,0.1,26,"invasive_income",-0.7,-0.0927481278575557,0
1,4,0.1,26,"invasive_child",0,-6.15577372380601e-08,0
1,4,0.1,27,"ASC2_male",-1.2,-0.275494055002255,1
1,4,0.1,27,"ASC2_age",-0.5,-0.0567577501119649,0
1,4,0.1,27,"ASC2_income",0,-0.00213857090495378,0
1,4,0.1,27,"ASC2_child",0,-0.0465162141544211,0
1,4,0.1,27,"ASC3_male",0,0.00999727930427591,0
1,4,0.1,27,"ASC3_age",0,-0.029548651256705,0
1,4,0.1,27,"ASC3_income",0,6.39846178452069e-07,0
1,4,0.1,27,"ASC3_child",0.8,0.224057395447299,1
1,4,0.1,27,"prot25_male",-0.8,-0.0476081622164979,0
1,4,0.1,27,"prot25_age",0.9,0.173417918233699,1
1,4,0.1,27,"prot25_income",0,0.00484501331987407,0
1,4,0.1,27,"prot25_child",0.6,0.222169084220455,1
1,4,0.1,27,"prot50_male",0,4.72239872854698e-07,0
1,4,0.1,27,"prot50_age",0,-0.0729158720507632,0
1,4,0.1,27,"prot50_income",0,-6.46965590821748e-07,0
1,4,0.1,27,"prot50_child",0.4,-2.55756997496793e-08,0
1,4,0.1,27,"invasive_male",-0.2,3.74041814144154e-07,0
1,4,0.1,27,"invasive_age",-0.2,-0.101311152270457,1
1,4,0.1,27,"invasive_income",1,0.228609386176556,1
1,4,0.1,27,"invasive_child",0,-0.0906408473464402,0
1,4,0.1,28,"ASC2_male",-0.6,-0.0951465160122984,0
1,4,0.1,28,"ASC2_age",0,0.00753894514229916,0
1,4,0.1,28,"ASC2_income",0,0.0587223262324361,0
1,4,0.1,28,"ASC2_child",0,-2.94775560922093e-10,0
1,4,0.1,28,"ASC3_male",-0.9,-7.81061851273905e-09,0
1,4,0.1,28,"ASC3_age",-0.8,-0.15276473344395,1
1,4,0.1,28,"ASC3_income",0,1.55547297081383e-08,0
1,4,0.1,28,"ASC3_child",-0.7,-0.0376316272955951,0
1,4,0.1,28,"prot25_male",0,4.80538813350348e-08,0
1,4,0.1,28,"prot25_age",1.1,0.191711718857152,1
1,4,0.1,28,"prot25_income",1.2,0.269192945772734,1
1,4,0.1,28,"prot25_child",0,2.76957134064688e-08,0
1,4,0.1,28,"prot50_male",-0.2,-0.158233267744735,1
1,4,0.1,28,"prot50_age",0.8,0.280115399842462,1
1,4,0.1,28,"prot50_income",-0.2,-0.0442951663895043,0
1,4,0.1,28,"prot50_child",0,0.0122189597185272,0
1,4,0.1,28,"invasive_male",0,-0.0542612477545313,0
1,4,0.1,28,"invasive_age",0,0.0631510714579572,0
1,4,0.1,28,"invasive_income",0.3,0.0970990891510921,0
1,4,0.1,28,"invasive_child",0,-1.10795046004574e-08,0
1,4,0.1,29,"ASC2_male",0,-0.0310905424638498,0
1,4,0.1,29,"ASC2_age",0,-0.0729341331538439,0
1,4,0.1,29,"ASC2_income",-0.1,0.020092041750852,0
1,4,0.1,29,"ASC2_child",0,-0.0592905314424588,0
1,4,0.1,29,"ASC3_male",0,-0.0896069860708352,0
1,4,0.1,29,"ASC3_age",0.9,0.144392643295903,1
1,4,0.1,29,"ASC3_income",0,0.0914606561319601,0
1,4,0.1,29,"ASC3_child",-0.2,-7.84938779682094e-06,0
1,4,0.1,29,"prot25_male",0,-1.84976886744007e-08,0
1,4,0.1,29,"prot25_age",0,-1.97468703354971e-06,0
1,4,0.1,29,"prot25_income",0.8,0.171334475748279,1
1,4,0.1,29,"prot25_child",-0.4,-0.0600418280815762,0
1,4,0.1,29,"prot50_male",0.4,0.0841013352119847,0
1,4,0.1,29,"prot50_age",0.5,0.104424003518317,1
1,4,0.1,29,"prot50_income",0,4.24605239561801e-07,0
1,4,0.1,29,"prot50_child",0.7,0.00625152178372328,0
1,4,0.1,29,"invasive_male",0,0.0144415623399936,0
1,4,0.1,29,"invasive_age",-0.3,-0.0614285765981758,0
1,4,0.1,29,"invasive_income",0,0.0274257617054207,0
1,4,0.1,29,"invasive_child",1,0.179907619227243,1
1,4,0.1,30,"ASC2_male",0,-0.0124495163408109,0
1,4,0.1,30,"ASC2_age",0,-0.0215331325041077,0
1,4,0.1,30,"ASC2_income",0,-1.0761010700159e-09,0
1,4,0.1,30,"ASC2_child",0.6,0.0276396943736181,0
1,4,0.1,30,"ASC3_male",0.4,-1.00307949231096e-08,0
1,4,0.1,30,"ASC3_age",0,-0.0181544280033525,0
1,4,0.1,30,"ASC3_income",0.2,0.0270142394873013,0
1,4,0.1,30,"ASC3_child",0.2,-1.44492203291631e-08,0
1,4,0.1,30,"prot25_male",0,0.0239604291417391,0
1,4,0.1,30,"prot25_age",-0.7,-0.178132042617369,1
1,4,0.1,30,"prot25_income",0.4,0.111085603192515,1
1,4,0.1,30,"prot25_child",0.8,0.0644965278538289,0
1,4,0.1,30,"prot50_male",-0.7,-1.86596640502e-08,0
1,4,0.1,30,"prot50_age",0,3.47312959011095e-12,0
1,4,0.1,30,"prot50_income",0,-0.00228931086543711,0
1,4,0.1,30,"prot50_child",0,-3.82377608950776e-09,0
1,4,0.1,30,"invasive_male",1.1,0.280160458087854,1
1,4,0.1,30,"invasive_age",0,-3.85782368284789e-09,0
1,4,0.1,30,"invasive_income",0.4,0.00887611953495583,0
1,4,0.1,30,"invasive_child",0,-2.80597804850692e-09,0
1,4,0.1,31,"ASC2_male",1.2,0.0101515025228505,0
1,4,0.1,31,"ASC2_age",0,-3.14139678346994e-14,0
1,4,0.1,31,"ASC2_income",-0.3,-0.125615080564115,1
1,4,0.1,31,"ASC2_child",0,0.020005191420659,0
1,4,0.1,31,"ASC3_male",0,-0.109422708796668,1
1,4,0.1,31,"ASC3_age",0,-0.050091891262959,0
1,4,0.1,31,"ASC3_income",0,-1.47589702563802e-08,0
1,4,0.1,31,"ASC3_child",0,-1.47967318126688e-08,0
1,4,0.1,31,"prot25_male",-0.8,-1.27330076501779e-08,0
1,4,0.1,31,"prot25_age",-0.2,-1.05709757310082e-08,0
1,4,0.1,31,"prot25_income",0,-0.0853585302621203,0
1,4,0.1,31,"prot25_child",0,0.0210570218466052,0
1,4,0.1,31,"prot50_male",-0.9,-3.67548560085352e-09,0
1,4,0.1,31,"prot50_age",-0.9,-0.189087507418334,1
1,4,0.1,31,"prot50_income",-0.2,-0.0425907181373145,0
1,4,0.1,31,"prot50_child",-0.5,-1.17680722757298e-07,0
1,4,0.1,31,"invasive_male",-1,-0.180372135452466,1
1,4,0.1,31,"invasive_age",0,-1.19112497079751e-08,0
1,4,0.1,31,"invasive_income",0,-2.33140547692831e-09,0
1,4,0.1,31,"invasive_child",-0.7,-7.55650941401783e-09,0
1,4,0.1,32,"ASC2_male",0.2,-5.00977767720621e-08,0
1,4,0.1,32,"ASC2_age",0.7,0.0726509293532247,0
1,4,0.1,32,"ASC2_income",-1,-0.247205199813998,1
1,4,0.1,32,"ASC2_child",0.4,3.49306964724883e-07,0
1,4,0.1,32,"ASC3_male",0,4.84248183147918e-10,0
1,4,0.1,32,"ASC3_age",0.3,-1.99031183668205e-06,0
1,4,0.1,32,"ASC3_income",0,8.49558792274221e-06,0
1,4,0.1,32,"ASC3_child",0.5,-4.85552697496051e-08,0
1,4,0.1,32,"prot25_male",0,0.0901698625368351,0
1,4,0.1,32,"prot25_age",-0.6,-0.0513602948738624,0
1,4,0.1,32,"prot25_income",0,6.83072984800459e-07,0
1,4,0.1,32,"prot25_child",0,2.05734790109251e-05,0
1,4,0.1,32,"prot50_male",0.7,0.186982860567741,1
1,4,0.1,32,"prot50_age",0.3,0.158281895482889,1
1,4,0.1,32,"prot50_income",0,1.83062849455564e-07,0
1,4,0.1,32,"prot50_child",-0.6,-8.22001808564557e-07,0
1,4,0.1,32,"invasive_male",0,-6.17482324347637e-07,0
1,4,0.1,32,"invasive_age",0,2.45029766232799e-06,0
1,4,0.1,32,"invasive_income",0,2.00333914003063e-08,0
1,4,0.1,32,"invasive_child",0,2.46648587342477e-06,0
1,4,0.1,33,"ASC2_male",0,-8.13744226786633e-09,0
1,4,0.1,33,"ASC2_age",-0.3,-0.121173194990347,1
1,4,0.1,33,"ASC2_income",0,0.0259367342192095,0
1,4,0.1,33,"ASC2_child",0,0.0854555068079584,0
1,4,0.1,33,"ASC3_male",0,1.6072226339243e-07,0
1,4,0.1,33,"ASC3_age",1.1,0.202617024761429,1
1,4,0.1,33,"ASC3_income",0,-0.00252898406648141,0
1,4,0.1,33,"ASC3_child",0,-0.0385160412192741,0
1,4,0.1,33,"prot25_male",0.9,0.202555043120083,1
1,4,0.1,33,"prot25_age",-0.8,-0.0944716620618929,0
1,4,0.1,33,"prot25_income",1.1,0.269751059633069,1
1,4,0.1,33,"prot25_child",0,-6.79273104352466e-11,0
1,4,0.1,33,"prot50_male",-1.2,-0.102835535186225,1
1,4,0.1,33,"prot50_age",0.3,0.0338171180704731,0
1,4,0.1,33,"prot50_income",0,0.0330534923514003,0
1,4,0.1,33,"prot50_child",0.8,0.0450313993193311,0
1,4,0.1,33,"invasive_male",0,-1.63990704556209e-07,0
1,4,0.1,33,"invasive_age",-1.2,-0.328311950766786,1
1,4,0.1,33,"invasive_income",0.6,0.121327469702265,1
1,4,0.1,33,"invasive_child",0,0.0128657657202044,0
1,4,0.1,34,"ASC2_male",0,7.77720701183835e-08,0
1,4,0.1,34,"ASC2_age",-0.5,-0.114051668193294,1
1,4,0.1,34,"ASC2_income",0,0.0478443732348904,0
1,4,0.1,34,"ASC2_child",1,0.167909046593833,1
1,4,0.1,34,"ASC3_male",0,3.56585452308175e-07,0
1,4,0.1,34,"ASC3_age",-0.3,-0.0800866491334348,0
1,4,0.1,34,"ASC3_income",-0.7,-0.0984466296161844,0
1,4,0.1,34,"ASC3_child",-1,-0.133913653896354,1
1,4,0.1,34,"prot25_male",0,0.0769470724846687,0
1,4,0.1,34,"prot25_age",0,3.54495987323204e-07,0
1,4,0.1,34,"prot25_income",0,-2.69086733240431e-08,0
1,4,0.1,34,"prot25_child",0,3.22984597472364e-07,0
1,4,0.1,34,"prot50_male",0,-4.45247943691044e-07,0
1,4,0.1,34,"prot50_age",-0.8,-0.169709046665399,1
1,4,0.1,34,"prot50_income",-0.1,-0.00724220969275474,0
1,4,0.1,34,"prot50_child",0,1.90407443486372e-08,0
1,4,0.1,34,"invasive_male",-0.9,-0.0729651455661145,0
1,4,0.1,34,"invasive_age",-0.9,-0.205653699442989,1
1,4,0.1,34,"invasive_income",-0.9,-0.136622823141019,1
1,4,0.1,34,"invasive_child",0,3.70910153703685e-07,0
1,4,0.1,35,"ASC2_male",0,-0.0619417745180357,0
1,4,0.1,35,"ASC2_age",0,-4.25037260891213e-07,0
1,4,0.1,35,"ASC2_income",-0.2,-0.0400254350308917,0
1,4,0.1,35,"ASC2_child",0,1.6339223220472e-10,0
1,4,0.1,35,"ASC3_male",0,-0.128694105702708,1
1,4,0.1,35,"ASC3_age",0,0.0964617514774578,0
1,4,0.1,35,"ASC3_income",0,0.00745125642636827,0
1,4,0.1,35,"ASC3_child",0,-9.47349111303618e-10,0
1,4,0.1,35,"prot25_male",0,-1.16690752648221e-07,0
1,4,0.1,35,"prot25_age",1.2,0.288319139149365,1
1,4,0.1,35,"prot25_income",-0.2,-0.0517141134983646,0
1,4,0.1,35,"prot25_child",0.8,0.150868601487634,1
1,4,0.1,35,"prot50_male",-0.9,-0.187508217158787,1
1,4,0.1,35,"prot50_age",-0.2,-0.0702043356267737,0
1,4,0.1,35,"prot50_income",0,0.0293130948358001,0
1,4,0.1,35,"prot50_child",0,-2.52367351817639e-09,0
1,4,0.1,35,"invasive_male",0.3,0.105182846215827,1
1,4,0.1,35,"invasive_age",0.3,0.078951473132438,0
1,4,0.1,35,"invasive_income",-0.4,-0.0693773877925926,0
1,4,0.1,35,"invasive_child",-0.5,-0.128560285986606,1
1,4,0.1,36,"ASC2_male",-0.7,-0.0652947041384981,0
1,4,0.1,36,"ASC2_age",0,-2.11983406165821e-07,0
1,4,0.1,36,"ASC2_income",0.1,2.22987141508441e-07,0
1,4,0.1,36,"ASC2_child",0,-4.93288675641605e-09,0
1,4,0.1,36,"ASC3_male",0,8.18598746450684e-09,0
1,4,0.1,36,"ASC3_age",0.6,0.153618076902726,1
1,4,0.1,36,"ASC3_income",1.1,0.175886876911945,1
1,4,0.1,36,"ASC3_child",0,-2.45593251912261e-08,0
1,4,0.1,36,"prot25_male",0,-2.68936590696323e-09,0
1,4,0.1,36,"prot25_age",0,-9.28470519198661e-08,0
1,4,0.1,36,"prot25_income",0.2,0.0723024144110217,0
1,4,0.1,36,"prot25_child",0,0.0494785563677941,0
1,4,0.1,36,"prot50_male",0,6.27406606117616e-09,0
1,4,0.1,36,"prot50_age",0.9,0.147903448150261,1
1,4,0.1,36,"prot50_income",-0.8,-0.198121484510941,1
1,4,0.1,36,"prot50_child",0,3.965577617012e-09,0
1,4,0.1,36,"invasive_male",-1,-0.194291879736488,1
1,4,0.1,36,"invasive_age",0.8,0.143211325343345,1
1,4,0.1,36,"invasive_income",0,-2.0029639140049e-08,0
1,4,0.1,36,"invasive_child",-0.8,-4.06636036296003e-09,0
1,4,0.1,37,"ASC2_male",0,-3.77799292358345e-07,0
1,4,0.1,37,"ASC2_age",0,0.0589514687650333,0
1,4,0.1,37,"ASC2_income",0,-0.0729361211921743,0
1,4,0.1,37,"ASC2_child",0,9.17253765253068e-10,0
1,4,0.1,37,"ASC3_male",0,0.0310527880331317,0
1,4,0.1,37,"ASC3_age",0,0.0552999300044331,0
1,4,0.1,37,"ASC3_income",0.6,0.125657804965408,1
1,4,0.1,37,"ASC3_child",0,-0.0986440970436061,0
1,4,0.1,37,"prot25_male",-0.8,-0.0273307466931286,0
1,4,0.1,37,"prot25_age",0.9,0.132232827471667,1
1,4,0.1,37,"prot25_income",-0.7,-0.0728938110166328,0
1,4,0.1,37,"prot25_child",0.1,9.54605397165129e-09,0
1,4,0.1,37,"prot50_male",0,0.024471762882406,0
1,4,0.1,37,"prot50_age",1,0.193281147398347,1
1,4,0.1,37,"prot50_income",0,0.0331091399638141,0
1,4,0.1,37,"prot50_child",-0.9,-0.225729513987559,1
1,4,0.1,37,"invasive_male",0.6,-4.02164905655288e-10,0
1,4,0.1,37,"invasive_age",-0.3,-1.98015026841164e-09,0
1,4,0.1,37,"invasive_income",1.1,0.38952105564753,1
1,4,0.1,37,"invasive_child",0,0.0281751997675297,0
1,4,0.1,38,"ASC2_male",0.8,0.210279363908837,1
1,4,0.1,38,"ASC2_age",0,-0.0286633004124203,0
1,4,0.1,38,"ASC2_income",0.8,0.305356482372788,1
1,4,0.1,38,"ASC2_child",0.4,0.00791451177699845,0
1,4,0.1,38,"ASC3_male",0,1.42522505307182e-07,0
1,4,0.1,38,"ASC3_age",0,0.0230600662729512,0
1,4,0.1,38,"ASC3_income",0,0.120813338887096,1
1,4,0.1,38,"ASC3_child",0.2,0.0561340531048608,0
1,4,0.1,38,"prot25_male",0,1.46824277596829e-07,0
1,4,0.1,38,"prot25_age",0,-0.0126368464124248,0
1,4,0.1,38,"prot25_income",0,-0.105311257116325,1
1,4,0.1,38,"prot25_child",0,-0.102639296068198,1
1,4,0.1,38,"prot50_male",0,0.0810230209534872,0
1,4,0.1,38,"prot50_age",0.3,0.0290497173830867,0
1,4,0.1,38,"prot50_income",0.9,0.219965138298831,1
1,4,0.1,38,"prot50_child",0,-0.221060017150791,1
1,4,0.1,38,"invasive_male",-0.5,-0.125771835599892,1
1,4,0.1,38,"invasive_age",0.9,0.214274340154969,1
1,4,0.1,38,"invasive_income",1,0.366312411202553,1
1,4,0.1,38,"invasive_child",-0.2,-0.188644393435336,1
1,4,0.1,39,"ASC2_male",0.9,0.12527847629395,1
1,4,0.1,39,"ASC2_age",1.1,0.262940355318238,1
1,4,0.1,39,"ASC2_income",0,-0.0209956191066419,0
1,4,0.1,39,"ASC2_child",0.7,0.293937467403681,1
1,4,0.1,39,"ASC3_male",0,-1.16843392075847e-06,0
1,4,0.1,39,"ASC3_age",-0.1,-0.000357419909233371,0
1,4,0.1,39,"ASC3_income",0,2.80016229259583e-07,0
1,4,0.1,39,"ASC3_child",-1.1,-0.183677587296922,1
1,4,0.1,39,"prot25_male",0,5.08385261848777e-07,0
1,4,0.1,39,"prot25_age",0,-1.1495547096295e-08,0
1,4,0.1,39,"prot25_income",0.9,0.20168974646889,1
1,4,0.1,39,"prot25_child",0,3.65187977701898e-08,0
1,4,0.1,39,"prot50_male",0,7.21672525717669e-09,0
1,4,0.1,39,"prot50_age",0.9,0.23140143031965,1
1,4,0.1,39,"prot50_income",-0.8,-0.362629342821018,1
1,4,0.1,39,"prot50_child",0,2.26431963363138e-07,0
1,4,0.1,39,"invasive_male",0.1,-1.89242973838975e-07,0
1,4,0.1,39,"invasive_age",0,-9.96815398326296e-07,0
1,4,0.1,39,"invasive_income",0.7,0.0958743461159648,0
1,4,0.1,39,"invasive_child",0,4.72568456346287e-07,0
1,4,0.1,40,"ASC2_male",0,2.87527630222737e-06,0
1,4,0.1,40,"ASC2_age",0,-4.60477570810151e-07,0
1,4,0.1,40,"ASC2_income",-1,-0.250298949873504,1
1,4,0.1,40,"ASC2_child",-0.4,-2.98230857412213e-07,0
1,4,0.1,40,"ASC3_male",1.2,0.252260048918232,1
1,4,0.1,40,"ASC3_age",0,2.11723861319706e-07,0
1,4,0.1,40,"ASC3_income",0,-0.0645921659167258,0
1,4,0.1,40,"ASC3_child",0,4.29899513245589e-06,0
1,4,0.1,40,"prot25_male",-0.1,0.112506054386566,1
1,4,0.1,40,"prot25_age",0,7.10919001158879e-08,0
1,4,0.1,40,"prot25_income",-0.3,-0.0042964495897917,0
1,4,0.1,40,"prot25_child",-0.5,-4.8799717502705e-05,0
1,4,0.1,40,"prot50_male",-1.2,9.14346877347348e-08,0
1,4,0.1,40,"prot50_age",0,-6.19115379556902e-12,0
1,4,0.1,40,"prot50_income",0,-7.9380879549681e-06,0
1,4,0.1,40,"prot50_child",1.1,0.227714045471626,1
1,4,0.1,40,"invasive_male",-0.8,-1.46636082665641e-08,0
1,4,0.1,40,"invasive_age",0.5,0.0806731867961516,0
1,4,0.1,40,"invasive_income",0,4.02838128717368e-08,0
1,4,0.1,40,"invasive_child",0,-0.0639168407980191,0
1,4,0.1,41,"ASC2_male",0.1,-0.213119712090614,1
1,4,0.1,41,"ASC2_age",0,2.98996983177614e-08,0
1,4,0.1,41,"ASC2_income",-1,-0.191514382554733,1
1,4,0.1,41,"ASC2_child",-0.6,-0.0596566649887631,0
1,4,0.1,41,"ASC3_male",0.8,0.0683479276009412,0
1,4,0.1,41,"ASC3_age",-0.6,-0.102851369214546,1
1,4,0.1,41,"ASC3_income",-0.6,-0.168753108421886,1
1,4,0.1,41,"ASC3_child",-1,-0.261273063423234,1
1,4,0.1,41,"prot25_male",0,0.328086501847195,1
1,4,0.1,41,"prot25_age",-1,-0.32747040307981,1
1,4,0.1,41,"prot25_income",0,-0.0145855318622767,0
1,4,0.1,41,"prot25_child",0,-5.13718271139789e-09,0
1,4,0.1,41,"prot50_male",0,0.102913420898595,1
1,4,0.1,41,"prot50_age",0,1.12361682609565e-12,0
1,4,0.1,41,"prot50_income",0,-0.000807262236154938,0
1,4,0.1,41,"prot50_child",0,-4.45912150399433e-09,0
1,4,0.1,41,"invasive_male",-0.7,-0.198353358187194,1
1,4,0.1,41,"invasive_age",-0.5,-0.0684626221075986,0
1,4,0.1,41,"invasive_income",0,-0.0239241762339615,0
1,4,0.1,41,"invasive_child",0,-0.0158841749611448,0
1,4,0.1,42,"ASC2_male",-0.1,0.0904101562603452,0
1,4,0.1,42,"ASC2_age",1,0.255868802467395,1
1,4,0.1,42,"ASC2_income",0,0.0383866979060361,0
1,4,0.1,42,"ASC2_child",0.4,1.09209770779516e-08,0
1,4,0.1,42,"ASC3_male",-0.7,-0.00561117336224671,0
1,4,0.1,42,"ASC3_age",0,-6.03829087168811e-07,0
1,4,0.1,42,"ASC3_income",0,4.43109213316405e-09,0
1,4,0.1,42,"ASC3_child",0,-1.91952500185719e-09,0
1,4,0.1,42,"prot25_male",0.1,-7.52382689331891e-08,0
1,4,0.1,42,"prot25_age",0.8,0.18101585628903,1
1,4,0.1,42,"prot25_income",0,-0.0333190590592358,0
1,4,0.1,42,"prot25_child",0,-4.97579266259817e-09,0
1,4,0.1,42,"prot50_male",0,0.0890584646171407,0
1,4,0.1,42,"prot50_age",1,0.166260512842102,1
1,4,0.1,42,"prot50_income",0,-1.59177449858022e-09,0
1,4,0.1,42,"prot50_child",0,-7.26018918484983e-10,0
1,4,0.1,42,"invasive_male",-0.9,-0.0274018193720328,0
1,4,0.1,42,"invasive_age",0,0.0079321222437868,0
1,4,0.1,42,"invasive_income",-1,-0.180551546120874,1
1,4,0.1,42,"invasive_child",-1.1,-0.180973644736597,1
1,4,0.1,43,"ASC2_male",0,-0.0774389417206242,0
1,4,0.1,43,"ASC2_age",-0.8,-0.193125354866495,1
1,4,0.1,43,"ASC2_income",0,-1.10509418066018e-08,0
1,4,0.1,43,"ASC2_child",0,0.0655510783082177,0
1,4,0.1,43,"ASC3_male",-1.2,-0.303175330583541,1
1,4,0.1,43,"ASC3_age",0,-0.0460187920894546,0
1,4,0.1,43,"ASC3_income",0,-0.0495590942884317,0
1,4,0.1,43,"ASC3_child",0,-1.16897348424847e-07,0
1,4,0.1,43,"prot25_male",1,0.263702054765315,1
1,4,0.1,43,"prot25_age",0.5,0.168769582021783,1
1,4,0.1,43,"prot25_income",0.9,0.244171095259768,1
1,4,0.1,43,"prot25_child",1,0.305878210278186,1
1,4,0.1,43,"prot50_male",-0.2,-0.14477884132804,1
1,4,0.1,43,"prot50_age",0,-9.81453328537869e-09,0
1,4,0.1,43,"prot50_income",-0.3,-0.0357534187572132,0
1,4,0.1,43,"prot50_child",0.6,0.111514836149366,1
1,4,0.1,43,"invasive_male",0,-0.0232854964793946,0
1,4,0.1,43,"invasive_age",0,-5.53280379802458e-08,0
1,4,0.1,43,"invasive_income",1,0.205992545450056,1
1,4,0.1,43,"invasive_child",0,-2.77007722016221e-08,0
1,4,0.1,44,"ASC2_male",0.9,-4.6114278055495e-09,0
1,4,0.1,44,"ASC2_age",1.2,0.328468085195894,1
1,4,0.1,44,"ASC2_income",0,-3.60633010599502e-07,0
1,4,0.1,44,"ASC2_child",0,-3.56627147695093e-09,0
1,4,0.1,44,"ASC3_male",0.9,0.187448087826057,1
1,4,0.1,44,"ASC3_age",0,4.25502046356946e-08,0
1,4,0.1,44,"ASC3_income",-0.5,-0.0974545434285775,0
1,4,0.1,44,"ASC3_child",-1.1,-0.153117104879965,1
1,4,0.1,44,"prot25_male",-1.1,-0.214109233094111,1
1,4,0.1,44,"prot25_age",0,-1.87721222402302e-09,0
1,4,0.1,44,"prot25_income",0,-0.0869659581655266,0
1,4,0.1,44,"prot25_child",0.9,0.17555794448001,1
1,4,0.1,44,"prot50_male",0,-3.00182074541383e-09,0
1,4,0.1,44,"prot50_age",-1.2,-0.326305986657059,1
1,4,0.1,44,"prot50_income",-0.5,-0.0893827140730739,0
1,4,0.1,44,"prot50_child",0,-3.14966136404189e-09,0
1,4,0.1,44,"invasive_male",-0.8,-0.0909318537780232,0
1,4,0.1,44,"invasive_age",0,0.0187304144252247,0
1,4,0.1,44,"invasive_income",0,-4.50156781463327e-09,0
1,4,0.1,44,"invasive_child",0,0.0360445036889842,0
1,4,0.1,45,"ASC2_male",-0.6,-1.72676801285286e-07,0
1,4,0.1,45,"ASC2_age",0,5.07154044450017e-08,0
1,4,0.1,45,"ASC2_income",0,2.22803195742745e-07,0
1,4,0.1,45,"ASC2_child",0.2,0.027836000894674,0
1,4,0.1,45,"ASC3_male",-0.7,-1.29636461824325e-07,0
1,4,0.1,45,"ASC3_age",0,-9.42544202855465e-09,0
1,4,0.1,45,"ASC3_income",0,5.31338412334358e-08,0
1,4,0.1,45,"ASC3_child",-0.1,1.77798745713595e-09,0
1,4,0.1,45,"prot25_male",0,-3.76095844609267e-09,0
1,4,0.1,45,"prot25_age",-0.8,-0.259222689859098,1
1,4,0.1,45,"prot25_income",0,4.84687086289471e-07,0
1,4,0.1,45,"prot25_child",0.4,0.0327514164038465,0
1,4,0.1,45,"prot50_male",0,3.33672456896458e-07,0
1,4,0.1,45,"prot50_age",1.2,0.196805485027421,1
1,4,0.1,45,"prot50_income",0,-3.31155832563072e-06,0
1,4,0.1,45,"prot50_child",-0.2,1.1067494388692e-07,0
1,4,0.1,45,"invasive_male",-1,-0.0628080780194107,0
1,4,0.1,45,"invasive_age",0,1.76553349973632e-07,0
1,4,0.1,45,"invasive_income",-0.3,-0.0785857739801124,0
1,4,0.1,45,"invasive_child",0,2.76147612866967e-08,0
1,4,0.1,46,"ASC2_male",-0.3,-0.110724311351401,1
1,4,0.1,46,"ASC2_age",0,3.80879865129533e-06,0
1,4,0.1,46,"ASC2_income",-0.4,-0.0843619421300631,0
1,4,0.1,46,"ASC2_child",0,-6.42831928440487e-06,0
1,4,0.1,46,"ASC3_male",0,-0.00442448193681349,0
1,4,0.1,46,"ASC3_age",0,-0.00532489224532267,0
1,4,0.1,46,"ASC3_income",0,-1.01072134206486e-05,0
1,4,0.1,46,"ASC3_child",0,4.86268234818852e-10,0
1,4,0.1,46,"prot25_male",0,-0.121418115541708,1
1,4,0.1,46,"prot25_age",0.9,0.232906113018975,1
1,4,0.1,46,"prot25_income",0.4,0.0778538299375206,0
1,4,0.1,46,"prot25_child",0.5,0.132850682421028,1
1,4,0.1,46,"prot50_male",0.7,0.208457151360671,1
1,4,0.1,46,"prot50_age",0.5,0.131321709302304,1
1,4,0.1,46,"prot50_income",-0.5,-0.180933673246777,1
1,4,0.1,46,"prot50_child",0.7,0.146601866932354,1
1,4,0.1,46,"invasive_male",0,-4.70838548768593e-06,0
1,4,0.1,46,"invasive_age",0,0.115048538361349,1
1,4,0.1,46,"invasive_income",0,5.87581402709189e-07,0
1,4,0.1,46,"invasive_child",0.6,0.34984449498916,1
1,4,0.1,47,"ASC2_male",0,-1.7033931195957e-08,0
1,4,0.1,47,"ASC2_age",0,-3.66658277718794e-06,0
1,4,0.1,47,"ASC2_income",-0.7,-0.139653852919766,1
1,4,0.1,47,"ASC2_child",0.9,0.150134508676529,1
1,4,0.1,47,"ASC3_male",0,-0.0674969242568282,0
1,4,0.1,47,"ASC3_age",1,0.322762071859587,1
1,4,0.1,47,"ASC3_income",0,0.0246192577623301,0
1,4,0.1,47,"ASC3_child",0,-0.119136372675569,1
1,4,0.1,47,"prot25_male",1.2,0.44988271597277,1
1,4,0.1,47,"prot25_age",1,0.216778585852381,1
1,4,0.1,47,"prot25_income",0,-0.0939561464755483,0
1,4,0.1,47,"prot25_child",0.5,0.0251888532967021,0
1,4,0.1,47,"prot50_male",-0.1,-0.134551781200801,1
1,4,0.1,47,"prot50_age",0,-1.49726757618041e-09,0
1,4,0.1,47,"prot50_income",1,0.148464751922319,1
1,4,0.1,47,"prot50_child",0,6.42018459514281e-09,0
1,4,0.1,47,"invasive_male",0,0.0161732444218913,0
1,4,0.1,47,"invasive_age",0,0.016768793928886,0
1,4,0.1,47,"invasive_income",-0.3,-0.0873471216262793,0
1,4,0.1,47,"invasive_child",-0.9,-0.222735276314515,1
1,4,0.1,48,"ASC2_male",0.3,0.105982184683441,1
1,4,0.1,48,"ASC2_age",0,-0.000526175936173163,0
1,4,0.1,48,"ASC2_income",-1.1,-0.237741420011923,1
1,4,0.1,48,"ASC2_child",0,-1.07287185928331e-08,0
1,4,0.1,48,"ASC3_male",0,-6.09686326479957e-09,0
1,4,0.1,48,"ASC3_age",1,0.231292392367665,1
1,4,0.1,48,"ASC3_income",0.7,0.131244440713869,1
1,4,0.1,48,"ASC3_child",0.9,0.078544089563067,0
1,4,0.1,48,"prot25_male",1,0.38556241399537,1
1,4,0.1,48,"prot25_age",0,-1.51588982264963e-08,0
1,4,0.1,48,"prot25_income",0.2,-8.19754092595443e-09,0
1,4,0.1,48,"prot25_child",0,-4.60563398731208e-09,0
1,4,0.1,48,"prot50_male",-0.7,-1.18795431968738e-08,0
1,4,0.1,48,"prot50_age",0,-2.06338104751342e-10,0
1,4,0.1,48,"prot50_income",0,-1.60748586916656e-08,0
1,4,0.1,48,"prot50_child",0.1,0.0508481752989963,0
1,4,0.1,48,"invasive_male",0,-5.83780814331773e-08,0
1,4,0.1,48,"invasive_age",0,-3.12606658477761e-09,0
1,4,0.1,48,"invasive_income",0.6,0.0744180503539269,0
1,4,0.1,48,"invasive_child",0,-2.4998461911165e-08,0
1,4,0.1,49,"ASC2_male",0,-9.19299418248868e-09,0
1,4,0.1,49,"ASC2_age",0.6,0.0316283539505373,0
1,4,0.1,49,"ASC2_income",0,0.0258656343263547,0
1,4,0.1,49,"ASC2_child",0.6,-4.54939591511438e-09,0
1,4,0.1,49,"ASC3_male",0,-7.98261768819349e-09,0
1,4,0.1,49,"ASC3_age",0.5,0.0616425461867932,0
1,4,0.1,49,"ASC3_income",-0.2,0.00522257341920605,0
1,4,0.1,49,"ASC3_child",0,1.30024622306317e-08,0
1,4,0.1,49,"prot25_male",1,0.173037807062498,1
1,4,0.1,49,"prot25_age",0,0.00042421465280058,0
1,4,0.1,49,"prot25_income",0.8,0.156744392524998,1
1,4,0.1,49,"prot25_child",-1,-9.77511204002816e-09,0
1,4,0.1,49,"prot50_male",0,-2.49372821472821e-10,0
1,4,0.1,49,"prot50_age",0.7,0.231221408972101,1
1,4,0.1,49,"prot50_income",0,-1.25855616198537e-08,0
1,4,0.1,49,"prot50_child",-1,-1.09087144012852e-05,0
1,4,0.1,49,"invasive_male",-0.2,-8.29010154866339e-09,0
1,4,0.1,49,"invasive_age",0,-0.0491807560181754,0
1,4,0.1,49,"invasive_income",0,-2.46861412815469e-08,0
1,4,0.1,49,"invasive_child",0,-1.1470127751232e-08,0
1,4,0.1,50,"ASC2_male",0,-3.32315282627714e-09,0
1,4,0.1,50,"ASC2_age",0,-8.17624023016843e-09,0
1,4,0.1,50,"ASC2_income",0.4,0.0577092634129003,0
1,4,0.1,50,"ASC2_child",0.1,-2.28184485130268e-09,0
1,4,0.1,50,"ASC3_male",0,-1.34772836731387e-08,0
1,4,0.1,50,"ASC3_age",0,-6.39633526728829e-09,0
1,4,0.1,50,"ASC3_income",0,-9.81392058662769e-09,0
1,4,0.1,50,"ASC3_child",-0.2,-0.0841996265214995,0
1,4,0.1,50,"prot25_male",-0.4,-7.7055885018348e-09,0
1,4,0.1,50,"prot25_age",1.2,0.212375579200633,1
1,4,0.1,50,"prot25_income",-0.6,-0.0205192236690711,0
1,4,0.1,50,"prot25_child",0,-7.50488904724909e-09,0
1,4,0.1,50,"prot50_male",1,0.271168462456702,1
1,4,0.1,50,"prot50_age",-0.3,-0.0759944578145638,0
1,4,0.1,50,"prot50_income",0,-7.11047191005974e-09,0
1,4,0.1,50,"prot50_child",0,-1.14021836540364e-08,0
1,4,0.1,50,"invasive_male",-1,-0.143708862059497,1
1,4,0.1,50,"invasive_age",0.4,0.0374479561992853,0
1,4,0.1,50,"invasive_income",0,-1.29017649416686e-08,0
1,4,0.1,50,"invasive_child",0,-3.80553220520484e-09,0
1,4,0.1,51,"ASC2_male",1.1,0.0820329326429925,0
1,4,0.1,51,"ASC2_age",0,0.000447617410358849,0
1,4,0.1,51,"ASC2_income",-0.5,1.06811431501386e-08,0
1,4,0.1,51,"ASC2_child",0,-1.78536979444259e-10,0
1,4,0.1,51,"ASC3_male",0,-3.52773203468896e-09,0
1,4,0.1,51,"ASC3_age",-1,-0.256068418239339,1
1,4,0.1,51,"ASC3_income",-0.5,-5.3866387211967e-09,0
1,4,0.1,51,"ASC3_child",0,3.03361353904839e-07,0
1,4,0.1,51,"prot25_male",0,0.0608042046024363,0
1,4,0.1,51,"prot25_age",-0.8,-0.180452911857152,1
1,4,0.1,51,"prot25_income",0.9,0.120104226309066,1
1,4,0.1,51,"prot25_child",0.8,0.00810118057619794,0
1,4,0.1,51,"prot50_male",-1,-0.00029156090026629,0
1,4,0.1,51,"prot50_age",0,4.18977372766583e-08,0
1,4,0.1,51,"prot50_income",0,-1.90947667463553e-09,0
1,4,0.1,51,"prot50_child",0,3.83458381428697e-10,0
1,4,0.1,51,"invasive_male",0.9,0.00333205239420726,0
1,4,0.1,51,"invasive_age",0,0.0089885628078416,0
1,4,0.1,51,"invasive_income",-0.4,-0.0175448838541923,0
1,4,0.1,51,"invasive_child",0,-1.19832362830965e-06,0
1,4,0.1,52,"ASC2_male",0,-0.0309145199192401,0
1,4,0.1,52,"ASC2_age",0.8,0.182712243814871,1
1,4,0.1,52,"ASC2_income",0,7.86099405009832e-07,0
1,4,0.1,52,"ASC2_child",0,-0.149748137755113,1
1,4,0.1,52,"ASC3_male",1.1,0.104983778674062,1
1,4,0.1,52,"ASC3_age",0,-0.0116802709715963,0
1,4,0.1,52,"ASC3_income",0.2,0.0113028048536967,0
1,4,0.1,52,"ASC3_child",0,0.0578981889415091,0
1,4,0.1,52,"prot25_male",-0.9,-0.0984926350560618,0
1,4,0.1,52,"prot25_age",1.1,0.302358087514933,1
1,4,0.1,52,"prot25_income",0,0.0389835748451366,0
1,4,0.1,52,"prot25_child",-1.1,-2.3903503929934e-07,0
1,4,0.1,52,"prot50_male",0,0.137862529746393,1
1,4,0.1,52,"prot50_age",0,-0.0299590717733678,0
1,4,0.1,52,"prot50_income",0.9,0.216362884988291,1
1,4,0.1,52,"prot50_child",-0.2,0.0789612384975764,0
1,4,0.1,52,"invasive_male",0.2,1.8623648544215e-08,0
1,4,0.1,52,"invasive_age",0,-0.00870385882543689,0
1,4,0.1,52,"invasive_income",-0.9,-0.178840398871991,1
1,4,0.1,52,"invasive_child",0,1.63997428351571e-07,0
1,4,0.1,53,"ASC2_male",0,-1.06864693952147e-08,0
1,4,0.1,53,"ASC2_age",0,0.0156046613047985,0
1,4,0.1,53,"ASC2_income",-0.7,-0.0682896210267766,0
1,4,0.1,53,"ASC2_child",0.7,0.122428470780696,1
1,4,0.1,53,"ASC3_male",0,-0.0860885960504496,0
1,4,0.1,53,"ASC3_age",-0.4,-0.0686304780044638,0
1,4,0.1,53,"ASC3_income",0,0.0497336472080563,0
1,4,0.1,53,"ASC3_child",0,2.58981860890139e-08,0
1,4,0.1,53,"prot25_male",-1.1,-0.12634402824275,1
1,4,0.1,53,"prot25_age",-0.4,-0.140452329990815,1
1,4,0.1,53,"prot25_income",0,-0.0830495012929938,0
1,4,0.1,53,"prot25_child",0,0.143036037074082,1
1,4,0.1,53,"prot50_male",0,0.00713106520179111,0
1,4,0.1,53,"prot50_age",0.4,0.0693688956322387,0
1,4,0.1,53,"prot50_income",0,-0.0641786144066741,0
1,4,0.1,53,"prot50_child",0,0.0733443981980342,0
1,4,0.1,53,"invasive_male",-1.1,-0.319031343403631,1
1,4,0.1,53,"invasive_age",0.4,0.177044946510276,1
1,4,0.1,53,"invasive_income",-0.4,-0.0445100976322411,0
1,4,0.1,53,"invasive_child",0.5,0.174453060410102,1
1,4,0.1,54,"ASC2_male",-1,-0.323199835800875,1
1,4,0.1,54,"ASC2_age",0.5,0.110962303828534,1
1,4,0.1,54,"ASC2_income",0,-7.71347972252559e-08,0
1,4,0.1,54,"ASC2_child",0.2,1.37686026861591e-07,0
1,4,0.1,54,"ASC3_male",0.5,0.132422550842368,1
1,4,0.1,54,"ASC3_age",-0.2,-0.0246285584364937,0
1,4,0.1,54,"ASC3_income",0,6.41889435951038e-06,0
1,4,0.1,54,"ASC3_child",0,-1.09412466142604e-08,0
1,4,0.1,54,"prot25_male",0,0.0778035945317178,0
1,4,0.1,54,"prot25_age",0,-0.0428345203523379,0
1,4,0.1,54,"prot25_income",0.3,0.0763347769443025,0
1,4,0.1,54,"prot25_child",0,0.0236851822708831,0
1,4,0.1,54,"prot50_male",0,-1.71912097738453e-10,0
1,4,0.1,54,"prot50_age",0.9,0.163755049456325,1
1,4,0.1,54,"prot50_income",0,-0.00244732897592219,0
1,4,0.1,54,"prot50_child",-0.4,-0.0533562543541465,0
1,4,0.1,54,"invasive_male",0,-0.184870256905386,1
1,4,0.1,54,"invasive_age",0.9,0.27548228669322,1
1,4,0.1,54,"invasive_income",-0.4,-0.116969490283022,1
1,4,0.1,54,"invasive_child",0,1.29597573862479e-07,0
1,4,0.1,55,"ASC2_male",0.9,0.0649383097814725,0
1,4,0.1,55,"ASC2_age",0,-1.71253299857169e-08,0
1,4,0.1,55,"ASC2_income",0,-0.00640179756341615,0
1,4,0.1,55,"ASC2_child",0.9,0.167957475963124,1
1,4,0.1,55,"ASC3_male",0,-0.0482973420827042,0
1,4,0.1,55,"ASC3_age",0,-1.08794683473008e-08,0
1,4,0.1,55,"ASC3_income",0,0.0266881719774374,0
1,4,0.1,55,"ASC3_child",-1,-0.400709903073465,1
1,4,0.1,55,"prot25_male",-0.9,-0.199505406000229,1
1,4,0.1,55,"prot25_age",-0.6,-0.125124778759387,1
1,4,0.1,55,"prot25_income",0,-0.0305462004737552,0
1,4,0.1,55,"prot25_child",-0.3,-7.39900391123747e-09,0
1,4,0.1,55,"prot50_male",-0.9,-0.170236277836563,1
1,4,0.1,55,"prot50_age",0,-0.0149485717966996,0
1,4,0.1,55,"prot50_income",1.1,0.21330246921131,1
1,4,0.1,55,"prot50_child",0,0.101197363433523,1
1,4,0.1,55,"invasive_male",0.8,0.0661724734363326,0
1,4,0.1,55,"invasive_age",-0.8,-0.149118118480934,1
1,4,0.1,55,"invasive_income",0,0.0038722936440277,0
1,4,0.1,55,"invasive_child",0,-1.26255744429293e-09,0
1,4,0.1,56,"ASC2_male",0,-0.0803059137563503,0
1,4,0.1,56,"ASC2_age",1.1,0.297370804991587,1
1,4,0.1,56,"ASC2_income",0,5.12400674941436e-08,0
1,4,0.1,56,"ASC2_child",0,-0.186235391565919,1
1,4,0.1,56,"ASC3_male",0,-1.6142344166765e-08,0
1,4,0.1,56,"ASC3_age",-1,-0.151720556766546,1
1,4,0.1,56,"ASC3_income",0.8,0.159403077504089,1
1,4,0.1,56,"ASC3_child",0,-0.220127746526223,1
1,4,0.1,56,"prot25_male",0,0.0493698536614611,0
1,4,0.1,56,"prot25_age",0.9,0.208076704911294,1
1,4,0.1,56,"prot25_income",0,0.0240671527419032,0
1,4,0.1,56,"prot25_child",0,9.70241011569274e-08,0
1,4,0.1,56,"prot50_male",0.5,0.051225686174439,0
1,4,0.1,56,"prot50_age",0,-1.88275855578601e-06,0
1,4,0.1,56,"prot50_income",-0.8,-0.0520880353700918,0
1,4,0.1,56,"prot50_child",-0.4,-0.0667563486553483,0
1,4,0.1,56,"invasive_male",0,-0.039647351468847,0
1,4,0.1,56,"invasive_age",0.7,0.165787088340847,1
1,4,0.1,56,"invasive_income",1.1,0.241821089041274,1
1,4,0.1,56,"invasive_child",0.3,6.3967532435773e-05,0
1,4,0.1,57,"ASC2_male",0,-4.43860493347315e-09,0
1,4,0.1,57,"ASC2_age",0,-0.0360961323796736,0
1,4,0.1,57,"ASC2_income",1,0.212266495747871,1
1,4,0.1,57,"ASC2_child",1.1,0.0993209036724704,0
1,4,0.1,57,"ASC3_male",0,0.118992588618299,1
1,4,0.1,57,"ASC3_age",0.9,0.160261656633134,1
1,4,0.1,57,"ASC3_income",0,-0.033051525063685,0
1,4,0.1,57,"ASC3_child",0,-0.0993703511301295,0
1,4,0.1,57,"prot25_male",0.1,0.0350996940662476,0
1,4,0.1,57,"prot25_age",0,-7.742535276542e-09,0
1,4,0.1,57,"prot25_income",0,0.0175474512041241,0
1,4,0.1,57,"prot25_child",-0.4,-1.12333039142139e-08,0
1,4,0.1,57,"prot50_male",1,0.258915877747193,1
1,4,0.1,57,"prot50_age",-0.9,-0.211683341749336,1
1,4,0.1,57,"prot50_income",0,-0.00929439118792268,0
1,4,0.1,57,"prot50_child",-0.2,-6.71316231259734e-09,0
1,4,0.1,57,"invasive_male",-0.4,-0.0615385934299301,0
1,4,0.1,57,"invasive_age",1,0.218798846733401,1
1,4,0.1,57,"invasive_income",0,-0.0911325477904195,0
1,4,0.1,57,"invasive_child",0,-4.91158377536683e-09,0
1,4,0.1,58,"ASC2_male",0,0.0994193161995124,0
1,4,0.1,58,"ASC2_age",-0.4,-0.05814254289143,0
1,4,0.1,58,"ASC2_income",1.1,0.216793262899856,1
1,4,0.1,58,"ASC2_child",0.4,0.0264481738035518,0
1,4,0.1,58,"ASC3_male",0,0.0238427776044624,0
1,4,0.1,58,"ASC3_age",-0.6,-0.0984720852588469,0
1,4,0.1,58,"ASC3_income",0,0.00332108419239798,0
1,4,0.1,58,"ASC3_child",0,-4.48109104101013e-05,0
1,4,0.1,58,"prot25_male",0.2,0.18622316096504,1
1,4,0.1,58,"prot25_age",0,-0.0203579941474807,0
1,4,0.1,58,"prot25_income",0,0.00150995444520454,0
1,4,0.1,58,"prot25_child",-0.4,0.0414001419876892,0
1,4,0.1,58,"prot50_male",0.6,0.178923305711018,1
1,4,0.1,58,"prot50_age",0,-0.0290151349883597,0
1,4,0.1,58,"prot50_income",0,0.000555425883801328,0
1,4,0.1,58,"prot50_child",-0.7,-0.152993256758938,1
1,4,0.1,58,"invasive_male",-1,-0.160921672225863,1
1,4,0.1,58,"invasive_age",0.8,0.159959321779844,1
1,4,0.1,58,"invasive_income",0,-0.0112254529140599,0
1,4,0.1,58,"invasive_child",0,0.0337237811906124,0
1,4,0.1,59,"ASC2_male",1.2,0.277810318766244,1
1,4,0.1,59,"ASC2_age",1.1,0.104696872830342,1
1,4,0.1,59,"ASC2_income",0,2.72606497142757e-07,0
1,4,0.1,59,"ASC2_child",0.2,-1.5998333273198e-08,0
1,4,0.1,59,"ASC3_male",0,-2.51652072939949e-07,0
1,4,0.1,59,"ASC3_age",1,0.151929542876873,1
1,4,0.1,59,"ASC3_income",0,0.0460510366437378,0
1,4,0.1,59,"ASC3_child",0,-1.3040362972578e-08,0
1,4,0.1,59,"prot25_male",0.3,-1.11046281631547e-08,0
1,4,0.1,59,"prot25_age",0,-3.23969513122782e-09,0
1,4,0.1,59,"prot25_income",0.4,0.0789793596212961,0
1,4,0.1,59,"prot25_child",0.3,-1.40467389187376e-08,0
1,4,0.1,59,"prot50_male",0,-1.60356185116493e-09,0
1,4,0.1,59,"prot50_age",0,0.029566464969184,0
1,4,0.1,59,"prot50_income",1,0.192019248169205,1
1,4,0.1,59,"prot50_child",0.9,0.165975395163461,1
1,4,0.1,59,"invasive_male",0,-1.06492178307261e-08,0
1,4,0.1,59,"invasive_age",0,-6.07794770355299e-09,0
1,4,0.1,59,"invasive_income",0,-0.0523201210415609,0
1,4,0.1,59,"invasive_child",-0.6,-0.180959124190282,1
1,4,0.1,60,"ASC2_male",-1,-0.277106289332149,1
1,4,0.1,60,"ASC2_age",-0.1,-1.17231468091383e-09,0
1,4,0.1,60,"ASC2_income",0,-5.93666436947372e-09,0
1,4,0.1,60,"ASC2_child",-0.4,-5.51459858351521e-09,0
1,4,0.1,60,"ASC3_male",-1.1,-0.17817423921757,1
1,4,0.1,60,"ASC3_age",0,-0.0158002239612123,0
1,4,0.1,60,"ASC3_income",0,-0.038706888868055,0
1,4,0.1,60,"ASC3_child",1.2,0.344017029774825,1
1,4,0.1,60,"prot25_male",-1.1,-0.170045207188337,1
1,4,0.1,60,"prot25_age",-0.8,-0.0960542044151499,0
1,4,0.1,60,"prot25_income",0,-6.6708806149442e-09,0
1,4,0.1,60,"prot25_child",0,-1.18158545921392e-09,0
1,4,0.1,60,"prot50_male",-0.4,-1.12888529494896e-08,0
1,4,0.1,60,"prot50_age",0,-5.71715875965847e-09,0
1,4,0.1,60,"prot50_income",0,0.0560283643496582,0
1,4,0.1,60,"prot50_child",0,1.25363607554167e-09,0
1,4,0.1,60,"invasive_male",1.1,0.0580314131882618,0
1,4,0.1,60,"invasive_age",0,-0.0202905568447069,0
1,4,0.1,60,"invasive_income",0,0.0230967971664975,0
1,4,0.1,60,"invasive_child",-0.4,-0.0090450889656347,0
1,4,0.1,61,"ASC2_male",-0.6,-0.134681043842947,1
1,4,0.1,61,"ASC2_age",0,-0.0359180348393496,0
1,4,0.1,61,"ASC2_income",0.3,0.0642478414628922,0
1,4,0.1,61,"ASC2_child",0.8,0.0862505976524577,0
1,4,0.1,61,"ASC3_male",0.5,0.108127987566296,1
1,4,0.1,61,"ASC3_age",0,-0.0571776825930953,0
1,4,0.1,61,"ASC3_income",0,-3.69819740221815e-09,0
1,4,0.1,61,"ASC3_child",0,-0.13713196243152,1
1,4,0.1,61,"prot25_male",0,-8.1613457664504e-09,0
1,4,0.1,61,"prot25_age",-0.6,-0.16025717863419,1
1,4,0.1,61,"prot25_income",0,0.015125047203063,0
1,4,0.1,61,"prot25_child",0,0.0422459928719649,0
1,4,0.1,61,"prot50_male",0,-8.20527126442111e-09,0
1,4,0.1,61,"prot50_age",-0.4,-0.103999973819785,1
1,4,0.1,61,"prot50_income",0,0.0187075004200434,0
1,4,0.1,61,"prot50_child",-0.7,-1.67103897922547e-08,0
1,4,0.1,61,"invasive_male",0,-1.18926711512673e-08,0
1,4,0.1,61,"invasive_age",1.1,0.188579866152799,1
1,4,0.1,61,"invasive_income",1,0.187169459727517,1
1,4,0.1,61,"invasive_child",0.5,0.0225721212549132,0
1,4,0.1,62,"ASC2_male",0,-0.0189259813424497,0
1,4,0.1,62,"ASC2_age",-1,-0.218579359334629,1
1,4,0.1,62,"ASC2_income",-0.6,-0.118274937987105,1
1,4,0.1,62,"ASC2_child",0,-1.47500221545861e-10,0
1,4,0.1,62,"ASC3_male",0,-7.17951048595586e-09,0
1,4,0.1,62,"ASC3_age",0,-4.45758727335657e-09,0
1,4,0.1,62,"ASC3_income",0.3,0.0584121185244403,0
1,4,0.1,62,"ASC3_child",-0.1,-1.91668816900877e-09,0
1,4,0.1,62,"prot25_male",0,0.0115979246410916,0
1,4,0.1,62,"prot25_age",-0.9,-0.213626886112383,1
1,4,0.1,62,"prot25_income",0.5,0.107118350590103,1
1,4,0.1,62,"prot25_child",0.5,0.00953252928588338,0
1,4,0.1,62,"prot50_male",-0.8,-0.261139769003356,1
1,4,0.1,62,"prot50_age",0,-0.0132979714273749,0
1,4,0.1,62,"prot50_income",0,-2.00902563614926e-09,0
1,4,0.1,62,"prot50_child",1.2,0.221250313314932,1
1,4,0.1,62,"invasive_male",0.3,0.0245232717267566,0
1,4,0.1,62,"invasive_age",0,-0.0266752646314968,0
1,4,0.1,62,"invasive_income",0,-1.39066835312855e-08,0
1,4,0.1,62,"invasive_child",0,-5.53155164412052e-09,0
1,4,0.1,63,"ASC2_male",0.9,0.128036332904632,1
1,4,0.1,63,"ASC2_age",-0.1,0.0177658752424342,0
1,4,0.1,63,"ASC2_income",0,-0.0136359633539426,0
1,4,0.1,63,"ASC2_child",0.1,-1.62039897825752e-08,0
1,4,0.1,63,"ASC3_male",0.4,9.38617285879444e-07,0
1,4,0.1,63,"ASC3_age",-0.7,-0.10618315920507,1
1,4,0.1,63,"ASC3_income",0,1.90619915791861e-07,0
1,4,0.1,63,"ASC3_child",0,1.17424077643087e-07,0
1,4,0.1,63,"prot25_male",0,0.000397680786523536,0
1,4,0.1,63,"prot25_age",0,-0.0506560204288394,0
1,4,0.1,63,"prot25_income",-0.2,-0.0170168685721216,0
1,4,0.1,63,"prot25_child",0,7.11160672457145e-07,0
1,4,0.1,63,"prot50_male",0,0.119253588852403,1
1,4,0.1,63,"prot50_age",1,0.185204398486292,1
1,4,0.1,63,"prot50_income",0,3.8538211743644e-07,0
1,4,0.1,63,"prot50_child",-0.2,-1.52790229767224e-09,0
1,4,0.1,63,"invasive_male",0,-2.10122858102864e-08,0
1,4,0.1,63,"invasive_age",-0.5,-0.0676122499027106,0
1,4,0.1,63,"invasive_income",0,-9.72419229234944e-09,0
1,4,0.1,63,"invasive_child",-0.6,-1.64940305774842e-07,0
1,4,0.1,64,"ASC2_male",0,-1.79777469176331e-09,0
1,4,0.1,64,"ASC2_age",0,0.044400532061015,0
1,4,0.1,64,"ASC2_income",1.1,0.209551191485202,1
1,4,0.1,64,"ASC2_child",0.5,0.0217209001350621,0
1,4,0.1,64,"ASC3_male",0,-1.03261036775609e-09,0
1,4,0.1,64,"ASC3_age",0,-1.0903360305204e-07,0
1,4,0.1,64,"ASC3_income",1.1,0.259860161303487,1
1,4,0.1,64,"ASC3_child",0,-2.0699110882593e-09,0
1,4,0.1,64,"prot25_male",0,0.0667244323042175,0
1,4,0.1,64,"prot25_age",-1.1,-0.244459785388817,1
1,4,0.1,64,"prot25_income",-0.7,-0.135814875660725,1
1,4,0.1,64,"prot25_child",-0.8,-3.58853853369092e-07,0
1,4,0.1,64,"prot50_male",0,-0.0117707586706392,0
1,4,0.1,64,"prot50_age",0.9,0.20718906377934,1
1,4,0.1,64,"prot50_income",-0.5,-0.0354022197748827,0
1,4,0.1,64,"prot50_child",0,0.20587316076566,1
1,4,0.1,64,"invasive_male",0,0.0416426530804836,0
1,4,0.1,64,"invasive_age",-1.1,-0.243068063118187,1
1,4,0.1,64,"invasive_income",0.3,0.0726284483035975,0
1,4,0.1,64,"invasive_child",0,-0.0371444505012975,0
1,4,0.1,65,"ASC2_male",0,-0.0394446839695368,0
1,4,0.1,65,"ASC2_age",0,-0.0691636213714539,0
1,4,0.1,65,"ASC2_income",-0.7,-0.164249908316739,1
1,4,0.1,65,"ASC2_child",0,0.0282025503049079,0
1,4,0.1,65,"ASC3_male",0,3.28453818016557e-06,0
1,4,0.1,65,"ASC3_age",-0.9,-0.242388067856802,1
1,4,0.1,65,"ASC3_income",0,0.00942395166745472,0
1,4,0.1,65,"ASC3_child",0,0.0914475491150303,0
1,4,0.1,65,"prot25_male",0.1,0.0524226721980862,0
1,4,0.1,65,"prot25_age",-0.8,-0.13168815708345,1
1,4,0.1,65,"prot25_income",0.9,0.225667045587298,1
1,4,0.1,65,"prot25_child",0,6.66373729469519e-07,0
1,4,0.1,65,"prot50_male",0.8,0.0292238114431821,0
1,4,0.1,65,"prot50_age",1.1,0.395049058244531,1
1,4,0.1,65,"prot50_income",-1,-0.346605577256799,1
1,4,0.1,65,"prot50_child",-1.2,-0.400601841117456,1
1,4,0.1,65,"invasive_male",0,-0.0234302854448686,0
1,4,0.1,65,"invasive_age",0,0.0381921442507716,0
1,4,0.1,65,"invasive_income",-1,-0.299043254173296,1
1,4,0.1,65,"invasive_child",0,-7.18209074710795e-09,0
1,4,0.1,66,"ASC2_male",0.9,0.0405797389609614,0
1,4,0.1,66,"ASC2_age",0.9,0.23760012321441,1
1,4,0.1,66,"ASC2_income",0,-8.30297004742758e-09,0
1,4,0.1,66,"ASC2_child",0,-0.0257782900903348,0
1,4,0.1,66,"ASC3_male",-0.6,-0.0805524895719758,0
1,4,0.1,66,"ASC3_age",0,-0.0287816037734547,0
1,4,0.1,66,"ASC3_income",-1.2,-0.293442054464339,1
1,4,0.1,66,"ASC3_child",0,0.0320328511776542,0
1,4,0.1,66,"prot25_male",0,0.0704396130600986,0
1,4,0.1,66,"prot25_age",-0.4,-0.116319423489996,1
1,4,0.1,66,"prot25_income",-0.4,-0.164828731701885,1
1,4,0.1,66,"prot25_child",0,0.0140975392687489,0
1,4,0.1,66,"prot50_male",0,1.03425680231081e-07,0
1,4,0.1,66,"prot50_age",0,-0.00238104688843919,0
1,4,0.1,66,"prot50_income",0.2,1.11718875653925e-05,0
1,4,0.1,66,"prot50_child",-0.7,-0.0206014562096859,0
1,4,0.1,66,"invasive_male",0.5,0.0946162712565621,0
1,4,0.1,66,"invasive_age",0.9,0.249364768738241,1
1,4,0.1,66,"invasive_income",0,-0.0314243239297146,0
1,4,0.1,66,"invasive_child",0,9.82532868733695e-07,0
1,4,0.1,67,"ASC2_male",0,0.00505758397550371,0
1,4,0.1,67,"ASC2_age",-1.1,-0.260241337417842,1
1,4,0.1,67,"ASC2_income",0.6,-1.12875093804966e-08,0
1,4,0.1,67,"ASC2_child",0.3,3.63633696079124e-06,0
1,4,0.1,67,"ASC3_male",0,-3.13989869426461e-08,0
1,4,0.1,67,"ASC3_age",0,-5.13733203274399e-11,0
1,4,0.1,67,"ASC3_income",0.7,0.0061827436209267,0
1,4,0.1,67,"ASC3_child",0,-1.75043680010806e-08,0
1,4,0.1,67,"prot25_male",0.9,0.218057739240174,1
1,4,0.1,67,"prot25_age",0.5,0.0423987562323456,0
1,4,0.1,67,"prot25_income",-0.8,-0.108301841965221,1
1,4,0.1,67,"prot25_child",0,-7.36070159081854e-08,0
1,4,0.1,67,"prot50_male",-0.7,-1.48725477489892e-09,0
1,4,0.1,67,"prot50_age",0,-0.0910835835691733,0
1,4,0.1,67,"prot50_income",-0.2,3.23962356081939e-08,0
1,4,0.1,67,"prot50_child",0,1.39106875512747e-08,0
1,4,0.1,67,"invasive_male",0,-3.78917975408422e-09,0
1,4,0.1,67,"invasive_age",0,-1.97495718074231e-07,0
1,4,0.1,67,"invasive_income",0,2.28184917110803e-06,0
1,4,0.1,67,"invasive_child",0.9,0.0898177556055544,0
1,4,0.1,68,"ASC2_male",0.3,0.0131090334614391,0
1,4,0.1,68,"ASC2_age",0.9,0.271550006566144,1
1,4,0.1,68,"ASC2_income",-1,-0.234084747849505,1
1,4,0.1,68,"ASC2_child",0.1,6.41991586495977e-06,0
1,4,0.1,68,"ASC3_male",0,-0.0344556482070051,0
1,4,0.1,68,"ASC3_age",0.7,0.217619754441504,1
1,4,0.1,68,"ASC3_income",0,-1.85428955539301e-10,0
1,4,0.1,68,"ASC3_child",-0.4,-0.0634791222421173,0
1,4,0.1,68,"prot25_male",0,1.5547846809016e-06,0
1,4,0.1,68,"prot25_age",0,-0.0348258446749431,0
1,4,0.1,68,"prot25_income",0,0.00116681352619916,0
1,4,0.1,68,"prot25_child",-0.6,-0.00203563036506499,0
1,4,0.1,68,"prot50_male",0,0.0617165330134708,0
1,4,0.1,68,"prot50_age",0.1,1.44447885767875e-05,0
1,4,0.1,68,"prot50_income",0,7.87400040056055e-05,0
1,4,0.1,68,"prot50_child",0,0.015422541924329,0
1,4,0.1,68,"invasive_male",0,2.00089188393462e-06,0
1,4,0.1,68,"invasive_age",0,-1.51145606266398e-08,0
1,4,0.1,68,"invasive_income",0.5,0.152293536730214,1
1,4,0.1,68,"invasive_child",0.3,0.0745622368159174,0
1,4,0.1,69,"ASC2_male",0,-0.000551386124848104,0
1,4,0.1,69,"ASC2_age",0,-0.0183351042820453,0
1,4,0.1,69,"ASC2_income",-0.9,-0.140039203670505,1
1,4,0.1,69,"ASC2_child",0,-6.27572360587686e-08,0
1,4,0.1,69,"ASC3_male",0.8,0.0494874398171876,0
1,4,0.1,69,"ASC3_age",0,-4.42239486090157e-09,0
1,4,0.1,69,"ASC3_income",0,0.0993465256552104,0
1,4,0.1,69,"ASC3_child",0,-1.47132339803885e-07,0
1,4,0.1,69,"prot25_male",-0.4,-2.03634942261542e-06,0
1,4,0.1,69,"prot25_age",-0.8,-0.179405198929466,1
1,4,0.1,69,"prot25_income",0,-1.1823884884091e-06,0
1,4,0.1,69,"prot25_child",1.2,0.132880216318408,1
1,4,0.1,69,"prot50_male",0,0.0458281140647934,0
1,4,0.1,69,"prot50_age",-0.7,-0.229162371008443,1
1,4,0.1,69,"prot50_income",0,3.77627926334393e-07,0
1,4,0.1,69,"prot50_child",-0.6,-0.116232441825032,1
1,4,0.1,69,"invasive_male",-1.1,-0.223268090430409,1
1,4,0.1,69,"invasive_age",0.5,0.0673136957768196,0
1,4,0.1,69,"invasive_income",-0.9,-0.158715909437293,1
1,4,0.1,69,"invasive_child",0,-9.65149850523602e-09,0
1,4,0.1,70,"ASC2_male",0,-0.0887687171882908,0
1,4,0.1,70,"ASC2_age",-1,-0.117706141662789,1
1,4,0.1,70,"ASC2_income",1.2,0.319613422582053,1
1,4,0.1,70,"ASC2_child",0.3,0.106444941070112,1
1,4,0.1,70,"ASC3_male",0,-1.12993137068745e-09,0
1,4,0.1,70,"ASC3_age",-0.9,-0.0953394174928877,0
1,4,0.1,70,"ASC3_income",0,0.0133430406677607,0
1,4,0.1,70,"ASC3_child",0,-1.11900169668998e-08,0
1,4,0.1,70,"prot25_male",0,0.103841538492306,1
1,4,0.1,70,"prot25_age",0.2,-1.04677313837559e-08,0
1,4,0.1,70,"prot25_income",0,-1.40126124900523e-08,0
1,4,0.1,70,"prot25_child",-0.7,-0.0884848308139657,0
1,4,0.1,70,"prot50_male",0,0.0559898071144005,0
1,4,0.1,70,"prot50_age",0,-0.0491253767789381,0
1,4,0.1,70,"prot50_income",-0.7,-0.0803286648273114,0
1,4,0.1,70,"prot50_child",0,0.0958398848342744,0
1,4,0.1,70,"invasive_male",-0.3,-0.0197696769393636,0
1,4,0.1,70,"invasive_age",0,0.0398586213796689,0
1,4,0.1,70,"invasive_income",-0.7,-0.141844922139168,1
1,4,0.1,70,"invasive_child",-0.6,-0.133177128814969,1
1,4,0.1,71,"ASC2_male",-1.1,-0.211420666991077,1
1,4,0.1,71,"ASC2_age",0,-0.0381921089131659,0
1,4,0.1,71,"ASC2_income",0,-2.97603921913271e-12,0
1,4,0.1,71,"ASC2_child",-0.4,-0.194997616599185,1
1,4,0.1,71,"ASC3_male",0,-0.00617504412712491,0
1,4,0.1,71,"ASC3_age",0,0.00371967521513848,0
1,4,0.1,71,"ASC3_income",-0.5,-0.0765248605827758,0
1,4,0.1,71,"ASC3_child",-0.6,-0.146556975911166,1
1,4,0.1,71,"prot25_male",0,-7.94886698606806e-08,0
1,4,0.1,71,"prot25_age",0,0.0269090385543682,0
1,4,0.1,71,"prot25_income",0,-1.45518560581637e-06,0
1,4,0.1,71,"prot25_child",0.2,2.50645659191009e-07,0
1,4,0.1,71,"prot50_male",-0.5,-0.166955367290826,1
1,4,0.1,71,"prot50_age",0.2,-7.58775142370774e-08,0
1,4,0.1,71,"prot50_income",-1.1,-0.307537746110574,1
1,4,0.1,71,"prot50_child",0,0.0403293154358313,0
1,4,0.1,71,"invasive_male",0.9,0.1241759144169,1
1,4,0.1,71,"invasive_age",1.2,0.2484144911268,1
1,4,0.1,71,"invasive_income",0,0.0362041289227955,0
1,4,0.1,71,"invasive_child",0,0.00882818892930325,0
1,4,0.1,72,"ASC2_male",0,-9.08391935344969e-09,0
1,4,0.1,72,"ASC2_age",0,-0.123857867997976,1
1,4,0.1,72,"ASC2_income",0.2,0.0498921380228726,0
1,4,0.1,72,"ASC2_child",0.1,0.0275861986719854,0
1,4,0.1,72,"ASC3_male",0,0.0100024315492372,0
1,4,0.1,72,"ASC3_age",0.7,4.52710413720899e-05,0
1,4,0.1,72,"ASC3_income",0,-0.0108583749115997,0
1,4,0.1,72,"ASC3_child",0,-0.00337618052897699,0
1,4,0.1,72,"prot25_male",-0.2,1.67636957955682e-05,0
1,4,0.1,72,"prot25_age",-1.1,-0.175683154050259,1
1,4,0.1,72,"prot25_income",0,-4.35736135254044e-06,0
1,4,0.1,72,"prot25_child",0,-4.71496018392361e-08,0
1,4,0.1,72,"prot50_male",0.5,0.00112333814915863,0
1,4,0.1,72,"prot50_age",0,0.102169032907714,1
1,4,0.1,72,"prot50_income",0,0.00774243509005679,0
1,4,0.1,72,"prot50_child",0.1,0.0616390141548243,0
1,4,0.1,72,"invasive_male",0,1.58149758362725e-06,0
1,4,0.1,72,"invasive_age",0.3,-4.83301850398399e-10,0
1,4,0.1,72,"invasive_income",0.4,0.0615537727595814,0
1,4,0.1,72,"invasive_child",-0.4,-0.0851937412761919,0
1,4,0.1,73,"ASC2_male",0,-2.67145425513352e-08,0
1,4,0.1,73,"ASC2_age",0,0.0667902718793899,0
1,4,0.1,73,"ASC2_income",0,0.00454317218541954,0
1,4,0.1,73,"ASC2_child",0.9,0.0520147454878056,0
1,4,0.1,73,"ASC3_male",0,0.000449243697530898,0
1,4,0.1,73,"ASC3_age",-0.7,-0.098634062505943,0
1,4,0.1,73,"ASC3_income",0,-2.56956659359808e-09,0
1,4,0.1,73,"ASC3_child",0,-1.02983716867464e-08,0
1,4,0.1,73,"prot25_male",-0.5,-3.5321086852489e-08,0
1,4,0.1,73,"prot25_age",1,0.182232238693053,1
1,4,0.1,73,"prot25_income",0,-1.15379090859625e-09,0
1,4,0.1,73,"prot25_child",0,-7.69315624615607e-09,0
1,4,0.1,73,"prot50_male",0.6,0.0541135979819713,0
1,4,0.1,73,"prot50_age",0.8,0.173940173250298,1
1,4,0.1,73,"prot50_income",1.2,0.299250608529377,1
1,4,0.1,73,"prot50_child",0.9,0.173413937390627,1
1,4,0.1,73,"invasive_male",0,-1.68871075018602e-09,0
1,4,0.1,73,"invasive_age",-1.2,-0.243489182292887,1
1,4,0.1,73,"invasive_income",0,-0.00562308185035374,0
1,4,0.1,73,"invasive_child",1.1,6.83239513489855e-09,0
1,4,0.1,74,"ASC2_male",0,-0.167800968824529,1
1,4,0.1,74,"ASC2_age",0,-0.0241083447178363,0
1,4,0.1,74,"ASC2_income",-0.5,-0.150986082017305,1
1,4,0.1,74,"ASC2_child",0,-0.120498266083458,1
1,4,0.1,74,"ASC3_male",0.2,-0.0436775966813863,0
1,4,0.1,74,"ASC3_age",0,0.0594390857383166,0
1,4,0.1,74,"ASC3_income",1,0.230309327294633,1
1,4,0.1,74,"ASC3_child",-0.8,-0.256718189771193,1
1,4,0.1,74,"prot25_male",-1.1,-0.211021132964212,1
1,4,0.1,74,"prot25_age",-0.7,-0.341243275683773,1
1,4,0.1,74,"prot25_income",0.8,0.223998573738962,1
1,4,0.1,74,"prot25_child",0,0.0973948364561748,0
1,4,0.1,74,"prot50_male",0.5,0.0788790262331448,0
1,4,0.1,74,"prot50_age",0,-0.0623971734313486,0
1,4,0.1,74,"prot50_income",-0.2,-0.0640061884726226,0
1,4,0.1,74,"prot50_child",0,-0.0107809773698973,0
1,4,0.1,74,"invasive_male",0,-0.230445966500672,1
1,4,0.1,74,"invasive_age",0,-0.0678213059232546,0
1,4,0.1,74,"invasive_income",0,-0.0703831537373383,0
1,4,0.1,74,"invasive_child",1.1,0.134386717900777,1
1,4,0.1,75,"ASC2_male",0,-0.0910509409528424,0
1,4,0.1,75,"ASC2_age",0,-0.0296541783834722,0
1,4,0.1,75,"ASC2_income",-0.1,-2.55159202218759e-07,0
1,4,0.1,75,"ASC2_child",0,-0.164136355399123,1
1,4,0.1,75,"ASC3_male",0,-0.0416553232350676,0
1,4,0.1,75,"ASC3_age",-0.8,-0.236698853162724,1
1,4,0.1,75,"ASC3_income",0,0.0282658789542747,0
1,4,0.1,75,"ASC3_child",0.3,8.28816870931404e-06,0
1,4,0.1,75,"prot25_male",0,0.177153998498954,1
1,4,0.1,75,"prot25_age",0,0.0418202344711425,0
1,4,0.1,75,"prot25_income",-0.5,-0.195896719801924,1
1,4,0.1,75,"prot25_child",0.6,0.282699292371376,1
1,4,0.1,75,"prot50_male",0,0.114691054593054,1
1,4,0.1,75,"prot50_age",0,0.075076587075584,0
1,4,0.1,75,"prot50_income",-0.5,-0.180367880322773,1
1,4,0.1,75,"prot50_child",0,0.206812329930067,1
1,4,0.1,75,"invasive_male",-0.9,-0.189409203928224,1
1,4,0.1,75,"invasive_age",-0.1,0.00164372013017448,0
1,4,0.1,75,"invasive_income",1.1,0.258928891734173,1
1,4,0.1,75,"invasive_child",0.1,0.0450655383263777,0
1,4,0.1,76,"ASC2_male",0,-0.00739646141382079,0
1,4,0.1,76,"ASC2_age",-0.8,-0.12486935858676,1
1,4,0.1,76,"ASC2_income",-0.8,-0.107736899647541,1
1,4,0.1,76,"ASC2_child",0,-1.92544307208396e-09,0
1,4,0.1,76,"ASC3_male",1,0.145509160916814,1
1,4,0.1,76,"ASC3_age",0.2,0.111026657089231,1
1,4,0.1,76,"ASC3_income",0.7,0.252891534415013,1
1,4,0.1,76,"ASC3_child",0,-1.33651184898601e-07,0
1,4,0.1,76,"prot25_male",1,0.428469282921755,1
1,4,0.1,76,"prot25_age",-0.4,-0.0840766814961399,0
1,4,0.1,76,"prot25_income",0,-3.99122926222841e-09,0
1,4,0.1,76,"prot25_child",0,-0.0327161412005665,0
1,4,0.1,76,"prot50_male",-1.1,-0.147645068524697,1
1,4,0.1,76,"prot50_age",0,0.0153196375253456,0
1,4,0.1,76,"prot50_income",0,0.042911681288822,0
1,4,0.1,76,"prot50_child",0,0.0103614367607375,0
1,4,0.1,76,"invasive_male",0.5,0.286072543864822,1
1,4,0.1,76,"invasive_age",0,0.0325882887801045,0
1,4,0.1,76,"invasive_income",0,-0.00449312777592537,0
1,4,0.1,76,"invasive_child",-1.2,-0.438288057139454,1
1,4,0.1,77,"ASC2_male",0.4,0.114028979473159,1
1,4,0.1,77,"ASC2_age",0,0.0279437024113431,0
1,4,0.1,77,"ASC2_income",0,0.0278124293317667,0
1,4,0.1,77,"ASC2_child",-1.1,-0.258022353365979,1
1,4,0.1,77,"ASC3_male",0,-0.0180380052939607,0
1,4,0.1,77,"ASC3_age",0,0.0124655527305094,0
1,4,0.1,77,"ASC3_income",-1.1,-0.257484032000604,1
1,4,0.1,77,"ASC3_child",0.7,0.216906834150314,1
1,4,0.1,77,"prot25_male",-0.1,3.35752160953819e-07,0
1,4,0.1,77,"prot25_age",0,4.37857397811573e-06,0
1,4,0.1,77,"prot25_income",0.8,0.143422022462084,1
1,4,0.1,77,"prot25_child",-0.7,-0.0999235378423832,0
1,4,0.1,77,"prot50_male",0,1.85015186740298e-09,0
1,4,0.1,77,"prot50_age",0.4,0.034485486092874,0
1,4,0.1,77,"prot50_income",0.8,0.196632173286992,1
1,4,0.1,77,"prot50_child",0,-2.2489678352464e-09,0
1,4,0.1,77,"invasive_male",0,-4.25260018691247e-08,0
1,4,0.1,77,"invasive_age",0,-0.000511352580664755,0
1,4,0.1,77,"invasive_income",0,0.0242241539187009,0
1,4,0.1,77,"invasive_child",0.9,0.00530291830572801,0
1,4,0.1,78,"ASC2_male",-0.6,-0.0379049261802818,0
1,4,0.1,78,"ASC2_age",0,0.0179449827164462,0
1,4,0.1,78,"ASC2_income",0,-0.00200439662193994,0
1,4,0.1,78,"ASC2_child",0,-0.113616100859832,1
1,4,0.1,78,"ASC3_male",-1.2,-0.176650604050838,1
1,4,0.1,78,"ASC3_age",-0.7,-0.197832583456044,1
1,4,0.1,78,"ASC3_income",0,0.0128058821132259,0
1,4,0.1,78,"ASC3_child",0.8,0.150776057212998,1
1,4,0.1,78,"prot25_male",0.4,-2.8274961383443e-08,0
1,4,0.1,78,"prot25_age",0,0.0577846499471858,0
1,4,0.1,78,"prot25_income",0,-0.0285103733282696,0
1,4,0.1,78,"prot25_child",-1.2,-0.19610867786275,1
1,4,0.1,78,"prot50_male",0,-0.148778384190553,1
1,4,0.1,78,"prot50_age",0.5,0.164626313577402,1
1,4,0.1,78,"prot50_income",0.1,3.164563615123e-09,0
1,4,0.1,78,"prot50_child",0.2,0.146692001183787,1
1,4,0.1,78,"invasive_male",0,-1.9867816704211e-09,0
1,4,0.1,78,"invasive_age",0,-0.0693419058530802,0
1,4,0.1,78,"invasive_income",0,0.0401953512316524,0
1,4,0.1,78,"invasive_child",0.9,0.141614922230034,1
1,4,0.1,79,"ASC2_male",0,-4.92399443431087e-09,0
1,4,0.1,79,"ASC2_age",0,-9.98588773012574e-09,0
1,4,0.1,79,"ASC2_income",0.2,0.0711971061768277,0
1,4,0.1,79,"ASC2_child",0,-1.20503380251279e-08,0
1,4,0.1,79,"ASC3_male",0,-7.81060097570035e-09,0
1,4,0.1,79,"ASC3_age",-0.6,-0.155848519981311,1
1,4,0.1,79,"ASC3_income",-1,-0.183390992065552,1
1,4,0.1,79,"ASC3_child",0.7,0.0358754234867775,0
1,4,0.1,79,"prot25_male",0,0.0377379829470022,0
1,4,0.1,79,"prot25_age",-1,-0.175288240795441,1
1,4,0.1,79,"prot25_income",0,-1.40801938486604e-08,0
1,4,0.1,79,"prot25_child",0,-3.78913252387206e-09,0
1,4,0.1,79,"prot50_male",-1.1,-0.117049055648034,1
1,4,0.1,79,"prot50_age",-1.1,-0.274594351572107,1
1,4,0.1,79,"prot50_income",0.9,0.196885229253303,1
1,4,0.1,79,"prot50_child",0.4,-7.41275021527558e-09,0
1,4,0.1,79,"invasive_male",-0.4,-5.51401787545891e-08,0
1,4,0.1,79,"invasive_age",0,0.0156050386502235,0
1,4,0.1,79,"invasive_income",0,6.28504111379169e-09,0
1,4,0.1,79,"invasive_child",0,-1.12779678239933e-08,0
1,4,0.1,80,"ASC2_male",-0.3,-0.10127314630033,1
1,4,0.1,80,"ASC2_age",0,0.0691625117581642,0
1,4,0.1,80,"ASC2_income",0.9,0.111246508905257,1
1,4,0.1,80,"ASC2_child",-1,-0.0553150285148634,0
1,4,0.1,80,"ASC3_male",0,-7.55200766376451e-08,0
1,4,0.1,80,"ASC3_age",-0.6,-0.126431832343906,1
1,4,0.1,80,"ASC3_income",0,-0.0900925936300775,0
1,4,0.1,80,"ASC3_child",0,-0.0325689709415629,0
1,4,0.1,80,"prot25_male",0,-1.4192266164879e-09,0
1,4,0.1,80,"prot25_age",0.8,0.0759475943764568,0
1,4,0.1,80,"prot25_income",0.1,0.0955441657397719,0
1,4,0.1,80,"prot25_child",0,-0.102905697607797,1
1,4,0.1,80,"prot50_male",0,-0.00187086917060449,0
1,4,0.1,80,"prot50_age",0,-1.45959751963515e-08,0
1,4,0.1,80,"prot50_income",0.7,0.21256704024746,1
1,4,0.1,80,"prot50_child",0,2.22425799633893e-08,0
1,4,0.1,80,"invasive_male",0,-2.61551931140535e-07,0
1,4,0.1,80,"invasive_age",-0.8,-0.186592981257158,1
1,4,0.1,80,"invasive_income",-0.7,-0.224294366614226,1
1,4,0.1,80,"invasive_child",0.7,0.0746203341021324,0
1,4,0.1,81,"ASC2_male",0,0.0417648865731814,0
1,4,0.1,81,"ASC2_age",-1.1,-0.208327714848821,1
1,4,0.1,81,"ASC2_income",0.1,4.84594473565721e-06,0
1,4,0.1,81,"ASC2_child",0.8,0.200904443967834,1
1,4,0.1,81,"ASC3_male",0,-1.08478786682971e-06,0
1,4,0.1,81,"ASC3_age",0,0.0109316704251642,0
1,4,0.1,81,"ASC3_income",-0.8,-0.165256673344132,1
1,4,0.1,81,"ASC3_child",0,-4.85319731206123e-09,0
1,4,0.1,81,"prot25_male",0,3.62138086509734e-07,0
1,4,0.1,81,"prot25_age",-0.3,-0.0839109152612425,0
1,4,0.1,81,"prot25_income",0.1,0.0320052936129535,0
1,4,0.1,81,"prot25_child",0.2,-1.30667940391561e-08,0
1,4,0.1,81,"prot50_male",0,1.02197692308362e-07,0
1,4,0.1,81,"prot50_age",0.4,0.109482859004104,1
1,4,0.1,81,"prot50_income",-0.3,-0.0492870670857354,0
1,4,0.1,81,"prot50_child",0,-7.87603308637688e-09,0
1,4,0.1,81,"invasive_male",0,-0.00665661456291815,0
1,4,0.1,81,"invasive_age",0,0.0338926064018392,0
1,4,0.1,81,"invasive_income",-0.5,-0.0174359995362443,0
1,4,0.1,81,"invasive_child",0,5.56871967271972e-08,0
1,4,0.1,82,"ASC2_male",0.9,0.132548954933711,1
1,4,0.1,82,"ASC2_age",-0.6,-1.31467181777446e-08,0
1,4,0.1,82,"ASC2_income",1.1,0.191264228698146,1
1,4,0.1,82,"ASC2_child",-0.9,-5.40259506316566e-07,0
1,4,0.1,82,"ASC3_male",0,-8.98967182499486e-09,0
1,4,0.1,82,"ASC3_age",0,0.0550985226109858,0
1,4,0.1,82,"ASC3_income",0,-0.0375504121152117,0
1,4,0.1,82,"ASC3_child",0.3,0.11789024354832,1
1,4,0.1,82,"prot25_male",0,0.105080208876271,1
1,4,0.1,82,"prot25_age",0,-1.84082059660848e-07,0
1,4,0.1,82,"prot25_income",0,5.11618467608744e-08,0
1,4,0.1,82,"prot25_child",1.1,0.10576159494105,1
1,4,0.1,82,"prot50_male",-0.4,2.7343636237569e-07,0
1,4,0.1,82,"prot50_age",0,-1.26441006290665e-08,0
1,4,0.1,82,"prot50_income",-0.5,-0.080582919653826,0
1,4,0.1,82,"prot50_child",0,-1.15449964025306e-08,0
1,4,0.1,82,"invasive_male",0,-0.0174727127341244,0
1,4,0.1,82,"invasive_age",-1.1,-0.1790913364186,1
1,4,0.1,82,"invasive_income",0,-1.43731497388149e-06,0
1,4,0.1,82,"invasive_child",0.4,-1.37517535832629e-08,0
1,4,0.1,83,"ASC2_male",0.9,0.014804125471625,0
1,4,0.1,83,"ASC2_age",0,0.000773076125253954,0
1,4,0.1,83,"ASC2_income",-0.9,-0.281492806354066,1
1,4,0.1,83,"ASC2_child",-0.8,-0.199113010303322,1
1,4,0.1,83,"ASC3_male",0.9,0.0119934761062168,0
1,4,0.1,83,"ASC3_age",0,8.00550150556566e-09,0
1,4,0.1,83,"ASC3_income",0,-1.36090796038814e-08,0
1,4,0.1,83,"ASC3_child",0,-1.41435014166755e-09,0
1,4,0.1,83,"prot25_male",1,0.330339227790199,1
1,4,0.1,83,"prot25_age",1.2,0.323528374469743,1
1,4,0.1,83,"prot25_income",-0.2,-0.0627362170829296,0
1,4,0.1,83,"prot25_child",0,0.177665448892613,1
1,4,0.1,83,"prot50_male",0,-2.8031137198328e-10,0
1,4,0.1,83,"prot50_age",0,1.91592725274053e-05,0
1,4,0.1,83,"prot50_income",-0.2,0.0285294018747175,0
1,4,0.1,83,"prot50_child",0,-3.47469917840835e-08,0
1,4,0.1,83,"invasive_male",0,-0.122182688271741,1
1,4,0.1,83,"invasive_age",-0.8,-0.180144436284945,1
1,4,0.1,83,"invasive_income",-0.9,-0.195072321797194,1
1,4,0.1,83,"invasive_child",0,3.61695538895892e-09,0
1,4,0.1,84,"ASC2_male",0,1.81069186059993e-09,0
1,4,0.1,84,"ASC2_age",0,0.0122858512133469,0
1,4,0.1,84,"ASC2_income",0.4,0.0132276039287788,0
1,4,0.1,84,"ASC2_child",-0.9,-0.0617553765318806,0
1,4,0.1,84,"ASC3_male",-0.2,0.0277747556366029,0
1,4,0.1,84,"ASC3_age",0.6,0.193523363029435,1
1,4,0.1,84,"ASC3_income",0.4,3.55311988452124e-06,0
1,4,0.1,84,"ASC3_child",-0.6,-0.0725233602958756,0
1,4,0.1,84,"prot25_male",0,0.100117687644804,1
1,4,0.1,84,"prot25_age",0,1.00683794008352e-07,0
1,4,0.1,84,"prot25_income",0.2,8.21779136883163e-10,0
1,4,0.1,84,"prot25_child",-0.7,-0.0111904516084272,0
1,4,0.1,84,"prot50_male",0,2.59436401829115e-07,0
1,4,0.1,84,"prot50_age",0,0.0549616776092127,0
1,4,0.1,84,"prot50_income",0,0.0503051966472241,0
1,4,0.1,84,"prot50_child",-0.9,-0.0613695440868176,0
1,4,0.1,84,"invasive_male",-1.1,-0.206747330124152,1
1,4,0.1,84,"invasive_age",0,-6.26454684567616e-05,0
1,4,0.1,84,"invasive_income",0,-1.0270179858538e-08,0
1,4,0.1,84,"invasive_child",0,0.0200469227893726,0
1,4,0.1,85,"ASC2_male",0.9,0.125613942562266,1
1,4,0.1,85,"ASC2_age",0,2.5962433805757e-08,0
1,4,0.1,85,"ASC2_income",0.4,-7.76111000242828e-08,0
1,4,0.1,85,"ASC2_child",0,-0.0645732705311576,0
1,4,0.1,85,"ASC3_male",0,-0.0911293950237329,0
1,4,0.1,85,"ASC3_age",0.5,0.072274438114558,0
1,4,0.1,85,"ASC3_income",0.9,0.136693939752896,1
1,4,0.1,85,"ASC3_child",0.4,-7.79156680849232e-11,0
1,4,0.1,85,"prot25_male",0,-0.086167104182963,0
1,4,0.1,85,"prot25_age",-0.3,-0.0479337488650744,0
1,4,0.1,85,"prot25_income",0.7,0.217164324308415,1
1,4,0.1,85,"prot25_child",0,-5.7379138922848e-08,0
1,4,0.1,85,"prot50_male",0,-5.98314898537434e-09,0
1,4,0.1,85,"prot50_age",-0.8,-0.208003974577068,1
1,4,0.1,85,"prot50_income",-0.7,-0.206921946918127,1
1,4,0.1,85,"prot50_child",0,0.0756254830543722,0
1,4,0.1,85,"invasive_male",0,-0.0113076321104201,0
1,4,0.1,85,"invasive_age",0,-0.102457928000213,1
1,4,0.1,85,"invasive_income",0,-0.122981227199775,1
1,4,0.1,85,"invasive_child",0.6,-0.151546573729129,1
1,4,0.1,86,"ASC2_male",0,-1.06268339199976e-08,0
1,4,0.1,86,"ASC2_age",-0.6,-0.0885062871781277,0
1,4,0.1,86,"ASC2_income",0.7,0.0319783741699925,0
1,4,0.1,86,"ASC2_child",0,0.0202353083111628,0
1,4,0.1,86,"ASC3_male",0,3.74869147809583e-09,0
1,4,0.1,86,"ASC3_age",0,3.62266450604633e-08,0
1,4,0.1,86,"ASC3_income",1.2,0.206373815265912,1
1,4,0.1,86,"ASC3_child",0,-9.42793066664428e-08,0
1,4,0.1,86,"prot25_male",-0.7,-3.44635883444242e-07,0
1,4,0.1,86,"prot25_age",-1,-0.232952721928688,1
1,4,0.1,86,"prot25_income",0,0.020395844780032,0
1,4,0.1,86,"prot25_child",0.9,0.0918447514270248,0
1,4,0.1,86,"prot50_male",1,0.328197572157875,1
1,4,0.1,86,"prot50_age",0,2.49464078854657e-08,0
1,4,0.1,86,"prot50_income",0,0.0236037507475662,0
1,4,0.1,86,"prot50_child",-1,-0.0827743506437324,0
1,4,0.1,86,"invasive_male",0,5.74957814214435e-08,0
1,4,0.1,86,"invasive_age",1,0.290083737827062,1
1,4,0.1,86,"invasive_income",0,-1.03232376054244e-08,0
1,4,0.1,86,"invasive_child",0.3,-4.26260131890057e-09,0
1,4,0.1,87,"ASC2_male",-0.3,-0.102640481815132,1
1,4,0.1,87,"ASC2_age",0.1,0.028813518547606,0
1,4,0.1,87,"ASC2_income",-0.2,-0.00723270801282735,0
1,4,0.1,87,"ASC2_child",0,-0.157529966783772,1
1,4,0.1,87,"ASC3_male",0,-6.46675162279692e-06,0
1,4,0.1,87,"ASC3_age",0,-4.02822363329848e-05,0
1,4,0.1,87,"ASC3_income",0.3,0.10395058318767,1
1,4,0.1,87,"ASC3_child",0.7,0.0176452173274584,0
1,4,0.1,87,"prot25_male",0,1.68909897186024e-06,0
1,4,0.1,87,"prot25_age",0,1.65727939338508e-06,0
1,4,0.1,87,"prot25_income",0.5,0.0893945055773238,0
1,4,0.1,87,"prot25_child",0,0.0707762548366684,0
1,4,0.1,87,"prot50_male",0,-0.0203599182013296,0
1,4,0.1,87,"prot50_age",1,0.26841844842489,1
1,4,0.1,87,"prot50_income",1.1,0.236108709007282,1
1,4,0.1,87,"prot50_child",-0.7,-1.48729726419773e-06,0
1,4,0.1,87,"invasive_male",0,4.91145583933698e-08,0
1,4,0.1,87,"invasive_age",-1.1,-0.208129170855092,1
1,4,0.1,87,"invasive_income",0,-0.00753756170811631,0
1,4,0.1,87,"invasive_child",0,-8.03359232930626e-07,0
1,4,0.1,88,"ASC2_male",0,-2.30518651234701e-08,0
1,4,0.1,88,"ASC2_age",0.5,0.0355548521285487,0
1,4,0.1,88,"ASC2_income",-1,-0.1891131491681,1
1,4,0.1,88,"ASC2_child",0,-0.0440009005326805,0
1,4,0.1,88,"ASC3_male",0,-4.57947919499998e-09,0
1,4,0.1,88,"ASC3_age",0,-0.059834797573266,0
1,4,0.1,88,"ASC3_income",-0.6,-0.135693204077655,1
1,4,0.1,88,"ASC3_child",1.1,0.148685118160418,1
1,4,0.1,88,"prot25_male",0.8,0.21837861203203,1
1,4,0.1,88,"prot25_age",0.3,0.108669859109225,1
1,4,0.1,88,"prot25_income",-0.5,-0.0898988519563738,0
1,4,0.1,88,"prot25_child",-1,-0.148867539552718,1
1,4,0.1,88,"prot50_male",-0.2,-0.0176683676690736,0
1,4,0.1,88,"prot50_age",0,0.0295189620420121,0
1,4,0.1,88,"prot50_income",-0.3,-0.0663421616823426,0
1,4,0.1,88,"prot50_child",0,0.0387010468941323,0
1,4,0.1,88,"invasive_male",0,-3.05280329898435e-08,0
1,4,0.1,88,"invasive_age",0,-0.0151260012080421,0
1,4,0.1,88,"invasive_income",0,0.0431054708182693,0
1,4,0.1,88,"invasive_child",0,-3.57210406089339e-09,0
1,4,0.1,89,"ASC2_male",0,-5.52966763181718e-10,0
1,4,0.1,89,"ASC2_age",0.3,0.0192978536496983,0
1,4,0.1,89,"ASC2_income",0,-0.010826617625758,0
1,4,0.1,89,"ASC2_child",0,-0.0600083649384471,0
1,4,0.1,89,"ASC3_male",0,0.0907268556605411,0
1,4,0.1,89,"ASC3_age",0.8,0.151005551440606,1
1,4,0.1,89,"ASC3_income",0,-1.29214562249903e-07,0
1,4,0.1,89,"ASC3_child",1,0.0832328749736397,0
1,4,0.1,89,"prot25_male",0.7,0.151313202097326,1
1,4,0.1,89,"prot25_age",0,2.00092518435814e-09,0
1,4,0.1,89,"prot25_income",0,-0.0131771214490259,0
1,4,0.1,89,"prot25_child",-0.2,-0.055844722710281,0
1,4,0.1,89,"prot50_male",-0.6,-7.47466707817439e-08,0
1,4,0.1,89,"prot50_age",0.2,0.0870795371555427,0
1,4,0.1,89,"prot50_income",0.1,-0.0254973323228413,0
1,4,0.1,89,"prot50_child",0,-1.07053681845399e-09,0
1,4,0.1,89,"invasive_male",0,-1.42337492709526e-08,0
1,4,0.1,89,"invasive_age",0,-0.020744095539007,0
1,4,0.1,89,"invasive_income",0.7,0.112899139457349,1
1,4,0.1,89,"invasive_child",0.6,0.160108538765912,1
1,4,0.1,90,"ASC2_male",0,-0.151099688712127,1
1,4,0.1,90,"ASC2_age",0.5,0.100570260926774,1
1,4,0.1,90,"ASC2_income",0.8,0.200416767243721,1
1,4,0.1,90,"ASC2_child",0.3,6.81140580160882e-07,0
1,4,0.1,90,"ASC3_male",0,-5.12875617930263e-09,0
1,4,0.1,90,"ASC3_age",0.3,0.0174187534565328,0
1,4,0.1,90,"ASC3_income",-1.1,-0.282997833516735,1
1,4,0.1,90,"ASC3_child",0,-0.107985948806278,1
1,4,0.1,90,"prot25_male",0,0.0408230639667456,0
1,4,0.1,90,"prot25_age",1.2,0.283714697715214,1
1,4,0.1,90,"prot25_income",0.4,0.104470829225188,1
1,4,0.1,90,"prot25_child",0,1.46187843237183e-06,0
1,4,0.1,90,"prot50_male",-0.8,-0.153275132948306,1
1,4,0.1,90,"prot50_age",0.4,0.0658092256603852,0
1,4,0.1,90,"prot50_income",-0.1,0.0288233968627668,0
1,4,0.1,90,"prot50_child",0,0.0592466360721578,0
1,4,0.1,90,"invasive_male",0,-0.0179735745526212,0
1,4,0.1,90,"invasive_age",0,-0.0211353866277969,0
1,4,0.1,90,"invasive_income",0,-1.21183047813896e-08,0
1,4,0.1,90,"invasive_child",0,0.0161760743692579,0
1,4,0.1,91,"ASC2_male",0,4.31500726504471e-08,0
1,4,0.1,91,"ASC2_age",-0.4,-0.0579041072854489,0
1,4,0.1,91,"ASC2_income",0.3,0.118609382327308,1
1,4,0.1,91,"ASC2_child",-0.2,0.031393108583911,0
1,4,0.1,91,"ASC3_male",0,-2.44127097588828e-08,0
1,4,0.1,91,"ASC3_age",0.2,0.068356545561155,0
1,4,0.1,91,"ASC3_income",-0.3,-0.012164188759691,0
1,4,0.1,91,"ASC3_child",-0.8,-0.109102097460733,1
1,4,0.1,91,"prot25_male",0,-1.04760343735171e-07,0
1,4,0.1,91,"prot25_age",0,-5.47451505361144e-09,0
1,4,0.1,91,"prot25_income",0.8,0.106048985868183,1
1,4,0.1,91,"prot25_child",0,5.23154947102723e-08,0
1,4,0.1,91,"prot50_male",0.3,0.015159516578056,0
1,4,0.1,91,"prot50_age",0,-2.12804072417772e-08,0
1,4,0.1,91,"prot50_income",0,-1.12192887206664e-08,0
1,4,0.1,91,"prot50_child",0,-8.66386049371153e-08,0
1,4,0.1,91,"invasive_male",0,-1.356197867727e-08,0
1,4,0.1,91,"invasive_age",-0.2,-0.0743220164252557,0
1,4,0.1,91,"invasive_income",-0.5,-0.0910313089793806,0
1,4,0.1,91,"invasive_child",0,-1.13661188781556e-08,0
1,4,0.1,92,"ASC2_male",-0.5,-0.0952583858449079,0
1,4,0.1,92,"ASC2_age",1,0.296868433734037,1
1,4,0.1,92,"ASC2_income",0,-0.00828272797374452,0
1,4,0.1,92,"ASC2_child",0,-0.1480390326473,1
1,4,0.1,92,"ASC3_male",0,8.12032565523471e-06,0
1,4,0.1,92,"ASC3_age",0,4.09340044855325e-06,0
1,4,0.1,92,"ASC3_income",0,2.76558889788858e-06,0
1,4,0.1,92,"ASC3_child",0.3,0.0296906583615473,0
1,4,0.1,92,"prot25_male",-1.1,-0.061487702055386,0
1,4,0.1,92,"prot25_age",0,-0.0930858770863237,0
1,4,0.1,92,"prot25_income",-1.2,-0.257333113727652,1
1,4,0.1,92,"prot25_child",0,-0.00153374083642665,0
1,4,0.1,92,"prot50_male",-0.4,-4.1842737068307e-06,0
1,4,0.1,92,"prot50_age",-0.6,-0.228532104802222,1
1,4,0.1,92,"prot50_income",0,-0.00714474238595069,0
1,4,0.1,92,"prot50_child",0.8,0.174442203651268,1
1,4,0.1,92,"invasive_male",0,2.91701416091385e-06,0
1,4,0.1,92,"invasive_age",0,-0.0787087974403377,0
1,4,0.1,92,"invasive_income",0.7,0.167105863724715,1
1,4,0.1,92,"invasive_child",0.9,0.0650884718381332,0
1,4,0.1,93,"ASC2_male",0,3.76345839212811e-07,0
1,4,0.1,93,"ASC2_age",-0.9,-0.153767032205799,1
1,4,0.1,93,"ASC2_income",0,0.0151401648055299,0
1,4,0.1,93,"ASC2_child",-0.4,3.83811937270366e-08,0
1,4,0.1,93,"ASC3_male",0,-0.108712193416687,1
1,4,0.1,93,"ASC3_age",-1.1,-0.229567847679422,1
1,4,0.1,93,"ASC3_income",0,0.0407007309082719,0
1,4,0.1,93,"ASC3_child",-1,-0.208044390047296,1
1,4,0.1,93,"prot25_male",0,0.147288523536762,1
1,4,0.1,93,"prot25_age",0,-0.0288232129157306,0
1,4,0.1,93,"prot25_income",0.4,0.128941328752876,1
1,4,0.1,93,"prot25_child",1.1,0.139631185127189,1
1,4,0.1,93,"prot50_male",0,1.22079714899252e-07,0
1,4,0.1,93,"prot50_age",0.2,-1.90881186861967e-06,0
1,4,0.1,93,"prot50_income",1.2,0.284717713140951,1
1,4,0.1,93,"prot50_child",-1.1,-0.391867476476732,1
1,4,0.1,93,"invasive_male",0,-0.0762316035490287,0
1,4,0.1,93,"invasive_age",0,-1.62324969955072e-07,0
1,4,0.1,93,"invasive_income",0,-0.0227657779844416,0
1,4,0.1,93,"invasive_child",-0.2,0.0960568571576812,0
1,4,0.1,94,"ASC2_male",-0.2,-6.25395995504549e-06,0
1,4,0.1,94,"ASC2_age",0,0.0309970051523659,0
1,4,0.1,94,"ASC2_income",-0.2,-0.0211080573977791,0
1,4,0.1,94,"ASC2_child",0.3,-4.1630053231376e-07,0
1,4,0.1,94,"ASC3_male",-0.1,-4.08748315444159e-07,0
1,4,0.1,94,"ASC3_age",0,-0.00825137992839883,0
1,4,0.1,94,"ASC3_income",-1.2,-0.274344962075696,1
1,4,0.1,94,"ASC3_child",-0.5,-0.160783899267965,1
1,4,0.1,94,"prot25_male",0,0.000103913222067919,0
1,4,0.1,94,"prot25_age",0,-1.57972946323231e-05,0
1,4,0.1,94,"prot25_income",0,0.0056376294353975,0
1,4,0.1,94,"prot25_child",0,-0.16638617644833,1
1,4,0.1,94,"prot50_male",0,-8.69860062694353e-06,0
1,4,0.1,94,"prot50_age",0,0.0505552600095615,0
1,4,0.1,94,"prot50_income",-0.6,-0.0970632297316437,0
1,4,0.1,94,"prot50_child",0,-5.53406587011812e-10,0
1,4,0.1,94,"invasive_male",0,-1.04789930207357e-06,0
1,4,0.1,94,"invasive_age",1,0.268732787071588,1
1,4,0.1,94,"invasive_income",0.8,0.248426301537432,1
1,4,0.1,94,"invasive_child",0.6,6.80271324978871e-06,0
1,4,0.1,95,"ASC2_male",-0.4,-7.28827473942075e-09,0
1,4,0.1,95,"ASC2_age",-0.5,-0.0574475233168119,0
1,4,0.1,95,"ASC2_income",0,-1.38036507733269e-08,0
1,4,0.1,95,"ASC2_child",-0.7,-8.50988160233037e-08,0
1,4,0.1,95,"ASC3_male",-1.1,-0.180770307119491,1
1,4,0.1,95,"ASC3_age",0,-9.06729236914738e-09,0
1,4,0.1,95,"ASC3_income",0,-3.27962553511839e-08,0
1,4,0.1,95,"ASC3_child",0,0.0699236996625176,0
1,4,0.1,95,"prot25_male",-0.9,-0.0737594523963211,0
1,4,0.1,95,"prot25_age",0,-5.43456692676087e-09,0
1,4,0.1,95,"prot25_income",0,-1.46942593094257e-08,0
1,4,0.1,95,"prot25_child",0.5,-6.79066465130624e-09,0
1,4,0.1,95,"prot50_male",0.3,1.5747976220013e-08,0
1,4,0.1,95,"prot50_age",0.7,0.127915832285538,1
1,4,0.1,95,"prot50_income",0,-1.29002820362755e-08,0
1,4,0.1,95,"prot50_child",0.6,-5.5957431084911e-09,0
1,4,0.1,95,"invasive_male",0,-9.54032577939908e-09,0
1,4,0.1,95,"invasive_age",0,-2.02451154733337e-09,0
1,4,0.1,95,"invasive_income",0,-5.34925926018971e-09,0
1,4,0.1,95,"invasive_child",0.5,-3.77929899526382e-09,0
1,4,0.1,96,"ASC2_male",-0.1,-0.059505863403636,0
1,4,0.1,96,"ASC2_age",0.2,0.0556789488249559,0
1,4,0.1,96,"ASC2_income",0,0.011371268963294,0
1,4,0.1,96,"ASC2_child",-0.4,-0.137453256218208,1
1,4,0.1,96,"ASC3_male",0,-9.31365619854002e-08,0
1,4,0.1,96,"ASC3_age",0,-0.0208725329016929,0
1,4,0.1,96,"ASC3_income",-0.6,-0.121325831422538,1
1,4,0.1,96,"ASC3_child",0.6,-8.16536070086438e-09,0
1,4,0.1,96,"prot25_male",0.3,-1.3685406932363e-07,0
1,4,0.1,96,"prot25_age",0,-9.54485893521666e-10,0
1,4,0.1,96,"prot25_income",0,0.0209540980922878,0
1,4,0.1,96,"prot25_child",-0.8,-1.4542941937593e-06,0
1,4,0.1,96,"prot50_male",0.3,-2.92125442524982e-09,0
1,4,0.1,96,"prot50_age",1.2,0.27280260133759,1
1,4,0.1,96,"prot50_income",0,-1.70023582907169e-08,0
1,4,0.1,96,"prot50_child",0,7.52181563228191e-07,0
1,4,0.1,96,"invasive_male",0,-4.74922057971028e-07,0
1,4,0.1,96,"invasive_age",0,2.71972675740853e-08,0
1,4,0.1,96,"invasive_income",0,-6.48177761994473e-09,0
1,4,0.1,96,"invasive_child",0.6,3.20068377718163e-07,0
1,4,0.1,97,"ASC2_male",0.8,0.176862331151002,1
1,4,0.1,97,"ASC2_age",0,-0.0110162630914198,0
1,4,0.1,97,"ASC2_income",-1.1,-0.244651529005287,1
1,4,0.1,97,"ASC2_child",0.9,0.0746345721009098,0
1,4,0.1,97,"ASC3_male",0.5,-5.63705424063187e-09,0
1,4,0.1,97,"ASC3_age",0,7.05281484409509e-09,0
1,4,0.1,97,"ASC3_income",0,0.0599577240948126,0
1,4,0.1,97,"ASC3_child",0,-0.0724398202233079,0
1,4,0.1,97,"prot25_male",-0.4,-9.07284663025544e-09,0
1,4,0.1,97,"prot25_age",0,0.0525752434676747,0
1,4,0.1,97,"prot25_income",0,-8.46531990992132e-08,0
1,4,0.1,97,"prot25_child",0,0.00682976233471413,0
1,4,0.1,97,"prot50_male",0.4,0.213173884314098,1
1,4,0.1,97,"prot50_age",1.2,0.272610472836188,1
1,4,0.1,97,"prot50_income",-0.4,-0.0757798471093286,0
1,4,0.1,97,"prot50_child",0.3,-2.42436712255821e-09,0
1,4,0.1,97,"invasive_male",0,-4.69113297390965e-08,0
1,4,0.1,97,"invasive_age",0,0.00967241603197934,0
1,4,0.1,97,"invasive_income",0,0.132294630875004,1
1,4,0.1,97,"invasive_child",-0.8,-0.275609446369901,1
1,4,0.1,98,"ASC2_male",0,-0.0760211879836184,0
1,4,0.1,98,"ASC2_age",0.8,0.272701381738523,1
1,4,0.1,98,"ASC2_income",0,0.000440506491535269,0
1,4,0.1,98,"ASC2_child",0.1,0.184616325937433,1
1,4,0.1,98,"ASC3_male",1.2,0.297496465956528,1
1,4,0.1,98,"ASC3_age",-0.7,-0.120069435727314,1
1,4,0.1,98,"ASC3_income",-0.6,-0.164076039931216,1
1,4,0.1,98,"ASC3_child",-0.2,-7.83574240871686e-07,0
1,4,0.1,98,"prot25_male",0,0.0954207028250182,0
1,4,0.1,98,"prot25_age",0,-0.0466982931005585,0
1,4,0.1,98,"prot25_income",0,3.22278524764572e-06,0
1,4,0.1,98,"prot25_child",0.7,0.119962669985778,1
1,4,0.1,98,"prot50_male",0.5,0.179068858260315,1
1,4,0.1,98,"prot50_age",-0.7,-0.205140723491272,1
1,4,0.1,98,"prot50_income",-1.2,-0.292525242594758,1
1,4,0.1,98,"prot50_child",0,0.0107357838478442,0
1,4,0.1,98,"invasive_male",0,-1.60616024757779e-07,0
1,4,0.1,98,"invasive_age",0,0.0342350972413116,0
1,4,0.1,98,"invasive_income",0,-5.57621051105485e-07,0
1,4,0.1,98,"invasive_child",0,7.84464092798656e-07,0
1,4,0.1,99,"ASC2_male",0.5,0.204233360467174,1
1,4,0.1,99,"ASC2_age",0,5.75057745466919e-09,0
1,4,0.1,99,"ASC2_income",0.7,0.139533510750447,1
1,4,0.1,99,"ASC2_child",1.1,0.246073787350384,1
1,4,0.1,99,"ASC3_male",0,-0.0356364008209374,0
1,4,0.1,99,"ASC3_age",1.2,0.282102301585141,1
1,4,0.1,99,"ASC3_income",0,0.0238693547127201,0
1,4,0.1,99,"ASC3_child",0,-0.00523475826361765,0
1,4,0.1,99,"prot25_male",0.3,0.0442144109206126,0
1,4,0.1,99,"prot25_age",0.9,0.205375045439278,1
1,4,0.1,99,"prot25_income",0,-0.00304852405861829,0
1,4,0.1,99,"prot25_child",0,-0.0673455152227203,0
1,4,0.1,99,"prot50_male",0,-0.152314048633946,1
1,4,0.1,99,"prot50_age",0,-0.0134273865162663,0
1,4,0.1,99,"prot50_income",0,3.40188215584524e-09,0
1,4,0.1,99,"prot50_child",1.1,0.149151662714035,1
1,4,0.1,99,"invasive_male",0,-0.0422506412149809,0
1,4,0.1,99,"invasive_age",0.1,-7.55162656959757e-09,0
1,4,0.1,99,"invasive_income",1.2,0.357800299138098,1
1,4,0.1,99,"invasive_child",1.2,0.165175920473094,1
1,4,0.1,100,"ASC2_male",0,-4.40841200673302e-09,0
1,4,0.1,100,"ASC2_age",0,-3.13854357389415e-09,0
1,4,0.1,100,"ASC2_income",-1,-0.187366035098764,1
1,4,0.1,100,"ASC2_child",0,1.174101687301e-08,0
1,4,0.1,100,"ASC3_male",0,-8.71335445023953e-12,0
1,4,0.1,100,"ASC3_age",-0.4,-0.131355458907585,1
1,4,0.1,100,"ASC3_income",-0.7,-0.0512182075127487,0
1,4,0.1,100,"ASC3_child",-0.8,-0.079193500594652,0
1,4,0.1,100,"prot25_male",1,0.201173629825543,1
1,4,0.1,100,"prot25_age",0,-5.61225465640719e-09,0
1,4,0.1,100,"prot25_income",0,-0.0102408777076438,0
1,4,0.1,100,"prot25_child",0,-5.16931825084778e-09,0
1,4,0.1,100,"prot50_male",1.1,0.0848132003589994,0
1,4,0.1,100,"prot50_age",-0.3,-0.0155307888352144,0
1,4,0.1,100,"prot50_income",0,-8.94198647055243e-09,0
1,4,0.1,100,"prot50_child",-0.1,-5.52453564587517e-09,0
1,4,0.1,100,"invasive_male",0,-1.06872033708538e-08,0
1,4,0.1,100,"invasive_age",0,3.54128738760935e-08,0
1,4,0.1,100,"invasive_income",0.9,0.310179376960033,1
1,4,0.1,100,"invasive_child",-0.2,-8.44666131616632e-09,0
1,4,0.5,1,"ASC2_male",0,-6.55319573386296e-07,0
1,4,0.5,1,"ASC2_age",0.6,0.154943312889019,0
1,4,0.5,1,"ASC2_income",0,-8.87246400630363e-09,0
1,4,0.5,1,"ASC2_child",0,0.00580717355013965,0
1,4,0.5,1,"ASC3_male",0,-3.12527447846041e-12,0
1,4,0.5,1,"ASC3_age",-1,-0.23628656365025,0
1,4,0.5,1,"ASC3_income",0,0.00845353040186166,0
1,4,0.5,1,"ASC3_child",0.2,2.46172824552564e-08,0
1,4,0.5,1,"prot25_male",0,6.58807434656879e-08,0
1,4,0.5,1,"prot25_age",-1,-0.20095083185254,0
1,4,0.5,1,"prot25_income",0,-0.0191493371710252,0
1,4,0.5,1,"prot25_child",1.1,0.352082787119897,0
1,4,0.5,1,"prot50_male",-0.2,-2.05182990881132e-07,0
1,4,0.5,1,"prot50_age",0.5,0.0314467129744418,0
1,4,0.5,1,"prot50_income",0.6,0.0570805545718627,0
1,4,0.5,1,"prot50_child",0,5.36721375746655e-09,0
1,4,0.5,1,"invasive_male",-0.2,-4.81475825485877e-07,0
1,4,0.5,1,"invasive_age",0,-0.119969424213829,0
1,4,0.5,1,"invasive_income",-0.3,-0.0891436068076455,0
1,4,0.5,1,"invasive_child",0,-1.69285226574836e-07,0
1,4,0.5,2,"ASC2_male",0.2,-0.00549294388493699,0
1,4,0.5,2,"ASC2_age",0,-0.0826954913758151,0
1,4,0.5,2,"ASC2_income",0.2,0.0798095924856061,0
1,4,0.5,2,"ASC2_child",0,-0.0651223464243793,0
1,4,0.5,2,"ASC3_male",-0.2,-0.0642158780270308,0
1,4,0.5,2,"ASC3_age",0,-0.0639657811250792,0
1,4,0.5,2,"ASC3_income",0.9,0.239783899242095,0
1,4,0.5,2,"ASC3_child",0,-5.32243451255453e-09,0
1,4,0.5,2,"prot25_male",0,-0.109062392029354,0
1,4,0.5,2,"prot25_age",-0.4,-0.0568784320260558,0
1,4,0.5,2,"prot25_income",0,-0.0236933685438242,0
1,4,0.5,2,"prot25_child",-0.9,-0.214344559290357,0
1,4,0.5,2,"prot50_male",0,-3.39841953122202e-09,0
1,4,0.5,2,"prot50_age",-1,-0.133670063287754,0
1,4,0.5,2,"prot50_income",0,0.00949925454137853,0
1,4,0.5,2,"prot50_child",0,0.0808987428249142,0
1,4,0.5,2,"invasive_male",0.7,0.121869703186785,0
1,4,0.5,2,"invasive_age",0,-6.28037386919665e-09,0
1,4,0.5,2,"invasive_income",-0.2,-0.0740202135313672,0
1,4,0.5,2,"invasive_child",-1,-0.164287135363124,0
1,4,0.5,3,"ASC2_male",0,-2.70593653951945e-12,0
1,4,0.5,3,"ASC2_age",0.4,0.00732218695667869,0
1,4,0.5,3,"ASC2_income",-0.7,-0.174058087344385,0
1,4,0.5,3,"ASC2_child",0,-4.30338395152904e-09,0
1,4,0.5,3,"ASC3_male",0,-8.48108617503706e-09,0
1,4,0.5,3,"ASC3_age",0,-0.0887324816983022,0
1,4,0.5,3,"ASC3_income",0,-0.0183466398246788,0
1,4,0.5,3,"ASC3_child",0,-5.7903649701952e-07,0
1,4,0.5,3,"prot25_male",0.3,-5.60468117220195e-09,0
1,4,0.5,3,"prot25_age",-0.9,-0.14995787175412,0
1,4,0.5,3,"prot25_income",0,3.27254990861116e-09,0
1,4,0.5,3,"prot25_child",-0.3,3.2190332993925e-07,0
1,4,0.5,3,"prot50_male",0,0.104993292793408,0
1,4,0.5,3,"prot50_age",0,-2.1330598174395e-07,0
1,4,0.5,3,"prot50_income",0.2,-1.3136104717049e-05,0
1,4,0.5,3,"prot50_child",0,-5.74666970831159e-09,0
1,4,0.5,3,"invasive_male",-0.4,-0.077652309854032,0
1,4,0.5,3,"invasive_age",1,0.152668355383378,0
1,4,0.5,3,"invasive_income",1.1,0.142060741994054,0
1,4,0.5,3,"invasive_child",1,0.168407499930794,0
1,4,0.5,4,"ASC2_male",0,-6.73845322742105e-07,0
1,4,0.5,4,"ASC2_age",0.7,0.165892907157529,0
1,4,0.5,4,"ASC2_income",0.6,0.205883102814149,0
1,4,0.5,4,"ASC2_child",1,0.166977598650446,0
1,4,0.5,4,"ASC3_male",0,-9.2092276850599e-07,0
1,4,0.5,4,"ASC3_age",0,-0.0537976644363947,0
1,4,0.5,4,"ASC3_income",0,0.0715467396170737,0
1,4,0.5,4,"ASC3_child",-1.2,-0.418370843296458,0
1,4,0.5,4,"prot25_male",0,-0.117056299561997,0
1,4,0.5,4,"prot25_age",0,3.97965772697075e-06,0
1,4,0.5,4,"prot25_income",0.6,0.0354994996093207,0
1,4,0.5,4,"prot25_child",-0.2,-0.00445404248567483,0
1,4,0.5,4,"prot50_male",0,0.106302016906598,0
1,4,0.5,4,"prot50_age",0,-0.00224082931604182,0
1,4,0.5,4,"prot50_income",0.3,2.01389917883766e-08,0
1,4,0.5,4,"prot50_child",0,2.10112301317751e-07,0
1,4,0.5,4,"invasive_male",-0.5,-0.254838660819424,0
1,4,0.5,4,"invasive_age",-0.2,-0.0205947712803436,0
1,4,0.5,4,"invasive_income",-0.6,-0.096320816701898,0
1,4,0.5,4,"invasive_child",0,-0.0888764486221592,0
1,4,0.5,5,"ASC2_male",0,-0.133331525391326,0
1,4,0.5,5,"ASC2_age",0,-9.85266624483344e-08,0
1,4,0.5,5,"ASC2_income",-0.3,5.1441948360832e-08,0
1,4,0.5,5,"ASC2_child",0,-0.220332383407613,0
1,4,0.5,5,"ASC3_male",0.7,0.102035938388084,0
1,4,0.5,5,"ASC3_age",0,-1.94567590999776e-07,0
1,4,0.5,5,"ASC3_income",0,0.0605813126300048,0
1,4,0.5,5,"ASC3_child",0.3,0.0459617797382866,0
1,4,0.5,5,"prot25_male",0.5,0.0101905804185243,0
1,4,0.5,5,"prot25_age",0,-0.0122461933089922,0
1,4,0.5,5,"prot25_income",0,-0.0233254451335159,0
1,4,0.5,5,"prot25_child",0.5,0.258583619134846,0
1,4,0.5,5,"prot50_male",0.7,0.0570331703439989,0
1,4,0.5,5,"prot50_age",0.7,0.175376140256055,0
1,4,0.5,5,"prot50_income",0,1.61335831238241e-06,0
1,4,0.5,5,"prot50_child",0,-1.81609571798599e-08,0
1,4,0.5,5,"invasive_male",0.3,-0.0469321082495521,0
1,4,0.5,5,"invasive_age",0,1.55452854320747e-08,0
1,4,0.5,5,"invasive_income",-0.8,-0.131224211739355,0
1,4,0.5,5,"invasive_child",-0.2,-0.0672556135057507,0
1,4,0.5,6,"ASC2_male",1.2,0.308666046721022,0
1,4,0.5,6,"ASC2_age",0.5,0.0968461353167379,0
1,4,0.5,6,"ASC2_income",-0.2,-0.0060244543076456,0
1,4,0.5,6,"ASC2_child",0,-4.16669278331906e-08,0
1,4,0.5,6,"ASC3_male",0,-1.37634684984008e-09,0
1,4,0.5,6,"ASC3_age",-0.5,-0.0833709691805477,0
1,4,0.5,6,"ASC3_income",0,9.89939505698967e-07,0
1,4,0.5,6,"ASC3_child",0,-8.7863431201907e-07,0
1,4,0.5,6,"prot25_male",0.2,2.2311468306539e-06,0
1,4,0.5,6,"prot25_age",0,0.0513541041565258,0
1,4,0.5,6,"prot25_income",0,-1.09474930262524e-08,0
1,4,0.5,6,"prot25_child",0,4.81720977888614e-06,0
1,4,0.5,6,"prot50_male",1,0.097489781091451,0
1,4,0.5,6,"prot50_age",-0.5,-0.0143101551533921,0
1,4,0.5,6,"prot50_income",0,4.60770807999541e-07,0
1,4,0.5,6,"prot50_child",0,-7.64400381986422e-07,0
1,4,0.5,6,"invasive_male",0.5,2.34907166867635e-07,0
1,4,0.5,6,"invasive_age",-0.2,1.3152945894127e-07,0
1,4,0.5,6,"invasive_income",0,2.63131304532256e-06,0
1,4,0.5,6,"invasive_child",0.3,-3.24018737582398e-06,0
1,4,0.5,7,"ASC2_male",0.2,-0.117425112737972,0
1,4,0.5,7,"ASC2_age",0,0.0694295978201322,0
1,4,0.5,7,"ASC2_income",0.8,0.128329276597803,0
1,4,0.5,7,"ASC2_child",0,4.42242865879683e-09,0
1,4,0.5,7,"ASC3_male",0.9,4.01953192082706e-08,0
1,4,0.5,7,"ASC3_age",-1.2,-0.271026846905988,0
1,4,0.5,7,"ASC3_income",0.8,0.118575801630047,0
1,4,0.5,7,"ASC3_child",0,-1.52735230694914e-07,0
1,4,0.5,7,"prot25_male",-0.8,-0.027029062998227,0
1,4,0.5,7,"prot25_age",-0.5,-0.137390530335539,0
1,4,0.5,7,"prot25_income",0,0.000981735240404243,0
1,4,0.5,7,"prot25_child",0,0.0875027290100023,0
1,4,0.5,7,"prot50_male",0,-1.16063898631516e-10,0
1,4,0.5,7,"prot50_age",-0.9,-0.228340170151326,0
1,4,0.5,7,"prot50_income",-0.7,-0.141136941442345,0
1,4,0.5,7,"prot50_child",-0.8,-0.086640891515054,0
1,4,0.5,7,"invasive_male",0,-0.0677777994989637,0
1,4,0.5,7,"invasive_age",0,0.0200333076499073,0
1,4,0.5,7,"invasive_income",0,0.0552782912134204,0
1,4,0.5,7,"invasive_child",0,-0.00317715677367112,0
1,4,0.5,8,"ASC2_male",0.5,0.0244715568492318,0
1,4,0.5,8,"ASC2_age",0,0.0428570466396116,0
1,4,0.5,8,"ASC2_income",0,-0.0140169724260721,0
1,4,0.5,8,"ASC2_child",-0.5,-2.18911466842821e-08,0
1,4,0.5,8,"ASC3_male",0,-4.29191270003798e-09,0
1,4,0.5,8,"ASC3_age",0.8,0.243283826542515,0
1,4,0.5,8,"ASC3_income",0,3.91085421244552e-12,0
1,4,0.5,8,"ASC3_child",0.6,0.366566106169415,0
1,4,0.5,8,"prot25_male",0,-1.16634392017807e-08,0
1,4,0.5,8,"prot25_age",1.2,0.286519280868289,0
1,4,0.5,8,"prot25_income",0,0.0786493801323355,0
1,4,0.5,8,"prot25_child",1.1,0.243217379239978,0
1,4,0.5,8,"prot50_male",0,0.0607645204319246,0
1,4,0.5,8,"prot50_age",0,0.036057571378083,0
1,4,0.5,8,"prot50_income",0,-0.0148412010587747,0
1,4,0.5,8,"prot50_child",-1,-2.00687893083757e-08,0
1,4,0.5,8,"invasive_male",0,-7.00841588925344e-09,0
1,4,0.5,8,"invasive_age",-0.3,-0.0165679631532021,0
1,4,0.5,8,"invasive_income",0.3,0.0221359994088528,0
1,4,0.5,8,"invasive_child",-0.9,-1.89819461435148e-08,0
1,4,0.5,9,"ASC2_male",0,-7.72570712708029e-13,0
1,4,0.5,9,"ASC2_age",0.5,0.119567934554548,0
1,4,0.5,9,"ASC2_income",0.5,0.0663905688212524,0
1,4,0.5,9,"ASC2_child",0,-0.0325291087283193,0
1,4,0.5,9,"ASC3_male",0,-0.0287215155773736,0
1,4,0.5,9,"ASC3_age",0,5.08699622768539e-07,0
1,4,0.5,9,"ASC3_income",0,-0.141518134077564,0
1,4,0.5,9,"ASC3_child",-0.3,9.74313697305865e-10,0
1,4,0.5,9,"prot25_male",0.7,0.050462039219959,0
1,4,0.5,9,"prot25_age",0.4,0.0729811191067433,0
1,4,0.5,9,"prot25_income",0,0.134087462484469,0
1,4,0.5,9,"prot25_child",0.3,0.0359851874980095,0
1,4,0.5,9,"prot50_male",-0.2,-0.0129385089205027,0
1,4,0.5,9,"prot50_age",-1,-0.250531404036112,0
1,4,0.5,9,"prot50_income",0,0.116774484095657,0
1,4,0.5,9,"prot50_child",-0.8,-0.3100211603799,0
1,4,0.5,9,"invasive_male",0,0.043931436710982,0
1,4,0.5,9,"invasive_age",1,0.146313359458899,0
1,4,0.5,9,"invasive_income",0,-0.0141599830621244,0
1,4,0.5,9,"invasive_child",0,-0.024897067109879,0
1,4,0.5,10,"ASC2_male",0,-0.0637751432359395,0
1,4,0.5,10,"ASC2_age",-1,-0.223374328610135,0
1,4,0.5,10,"ASC2_income",0,1.08448619720873e-08,0
1,4,0.5,10,"ASC2_child",0,-8.42067447782152e-09,0
1,4,0.5,10,"ASC3_male",0.7,1.68104084452289e-09,0
1,4,0.5,10,"ASC3_age",0,0.0562825570503981,0
1,4,0.5,10,"ASC3_income",0,-2.32228683639757e-09,0
1,4,0.5,10,"ASC3_child",0,-1.16682579222485e-08,0
1,4,0.5,10,"prot25_male",-1,-1.35753241017335e-08,0
1,4,0.5,10,"prot25_age",1.1,0.197625083453397,0
1,4,0.5,10,"prot25_income",-0.7,-0.185348700888367,0
1,4,0.5,10,"prot25_child",-0.3,-2.42954444418814e-08,0
1,4,0.5,10,"prot50_male",0,0.0814792353355799,0
1,4,0.5,10,"prot50_age",0,-1.05373316020674e-08,0
1,4,0.5,10,"prot50_income",0,0.0316588602316348,0
1,4,0.5,10,"prot50_child",0,-2.4876860505988e-09,0
1,4,0.5,10,"invasive_male",0.2,-1.99112225616866e-08,0
1,4,0.5,10,"invasive_age",0.6,0.237152664106276,0
1,4,0.5,10,"invasive_income",-0.4,-0.0106360868468389,0
1,4,0.5,10,"invasive_child",-0.3,-0.128869655157617,0
1,4,0.5,11,"ASC2_male",1.1,0.0986169841611586,0
1,4,0.5,11,"ASC2_age",0,7.44487246443594e-10,0
1,4,0.5,11,"ASC2_income",0.1,1.84440899936303e-09,0
1,4,0.5,11,"ASC2_child",0,0.0830108548038464,0
1,4,0.5,11,"ASC3_male",0.6,-4.17369161411905e-09,0
1,4,0.5,11,"ASC3_age",-1,-0.336028296364826,0
1,4,0.5,11,"ASC3_income",0.9,0.167434913487051,0
1,4,0.5,11,"ASC3_child",-0.8,-0.000786543502670971,0
1,4,0.5,11,"prot25_male",-0.9,-6.04198315305169e-09,0
1,4,0.5,11,"prot25_age",0,-8.41678512525035e-09,0
1,4,0.5,11,"prot25_income",0,2.57587499126021e-10,0
1,4,0.5,11,"prot25_child",0,-3.96157220257915e-09,0
1,4,0.5,11,"prot50_male",0,0.278261345656926,0
1,4,0.5,11,"prot50_age",0,-6.19883948485218e-09,0
1,4,0.5,11,"prot50_income",0,0.00282664406767457,0
1,4,0.5,11,"prot50_child",0,1.28604582731425e-08,0
1,4,0.5,11,"invasive_male",-0.7,-0.137646713313819,0
1,4,0.5,11,"invasive_age",0,-2.66840259687672e-09,0
1,4,0.5,11,"invasive_income",1,0.145241352105118,0
1,4,0.5,11,"invasive_child",-1.2,-0.249261009214286,0
1,4,0.5,12,"ASC2_male",0,-1.03007798695747e-08,0
1,4,0.5,12,"ASC2_age",-0.4,-0.0096831171027299,0
1,4,0.5,12,"ASC2_income",-0.6,-0.119638282021872,0
1,4,0.5,12,"ASC2_child",-1.2,-0.0980678626425009,0
1,4,0.5,12,"ASC3_male",-0.7,-0.128988653985355,0
1,4,0.5,12,"ASC3_age",0.4,0.0820097943094086,0
1,4,0.5,12,"ASC3_income",0,0.00334839086627748,0
1,4,0.5,12,"ASC3_child",0,0.0371237151918088,0
1,4,0.5,12,"prot25_male",0,-3.77983610142025e-08,0
1,4,0.5,12,"prot25_age",0,-0.0548767491830639,0
1,4,0.5,12,"prot25_income",0,0.0464722309261814,0
1,4,0.5,12,"prot25_child",1,-1.23685605475906e-08,0
1,4,0.5,12,"prot50_male",-0.6,-0.0790098919414632,0
1,4,0.5,12,"prot50_age",0,-3.60097009676013e-08,0
1,4,0.5,12,"prot50_income",0,-9.49404397534616e-05,0
1,4,0.5,12,"prot50_child",0,9.56725357961394e-09,0
1,4,0.5,12,"invasive_male",0,-4.62606634196772e-09,0
1,4,0.5,12,"invasive_age",0.6,0.111785572364387,0
1,4,0.5,12,"invasive_income",0.6,0.144788354632718,0
1,4,0.5,12,"invasive_child",-0.8,-0.0832832899650457,0
1,4,0.5,13,"ASC2_male",-0.4,-1.16413072363988e-08,0
1,4,0.5,13,"ASC2_age",0,-5.18182416513515e-08,0
1,4,0.5,13,"ASC2_income",0,-8.3434770367005e-09,0
1,4,0.5,13,"ASC2_child",0,-1.84211881652711e-09,0
1,4,0.5,13,"ASC3_male",-0.4,5.67311453766279e-08,0
1,4,0.5,13,"ASC3_age",-0.3,-0.0789533965359214,0
1,4,0.5,13,"ASC3_income",-0.3,-0.0870856590540672,0
1,4,0.5,13,"ASC3_child",0,-4.1933687708034e-09,0
1,4,0.5,13,"prot25_male",0,0.0333063868804689,0
1,4,0.5,13,"prot25_age",-0.4,-0.0232297364428542,0
1,4,0.5,13,"prot25_income",-1,-0.195756457989465,0
1,4,0.5,13,"prot25_child",0,5.12343775385691e-09,0
1,4,0.5,13,"prot50_male",-0.6,-0.160958154128984,0
1,4,0.5,13,"prot50_age",0,-0.00368731551678748,0
1,4,0.5,13,"prot50_income",0,-8.53620147163394e-08,0
1,4,0.5,13,"prot50_child",0,-1.20951800717855e-08,0
1,4,0.5,13,"invasive_male",-0.2,-4.48404433901262e-09,0
1,4,0.5,13,"invasive_age",1,0.25473360944133,0
1,4,0.5,13,"invasive_income",0.5,0.0886427085368246,0
1,4,0.5,13,"invasive_child",0,-2.16664897807562e-08,0
1,4,0.5,14,"ASC2_male",1.1,0.16823563116254,0
1,4,0.5,14,"ASC2_age",0,0.0237366923272449,0
1,4,0.5,14,"ASC2_income",0,-1.94251220234653e-09,0
1,4,0.5,14,"ASC2_child",0.9,0.177800460083892,0
1,4,0.5,14,"ASC3_male",-0.6,-0.0606294571790847,0
1,4,0.5,14,"ASC3_age",0,-7.99239723805733e-09,0
1,4,0.5,14,"ASC3_income",0.9,0.161377668821296,0
1,4,0.5,14,"ASC3_child",0,-8.22054897003993e-08,0
1,4,0.5,14,"prot25_male",0,-4.46387140012332e-10,0
1,4,0.5,14,"prot25_age",0,6.7158437698611e-06,0
1,4,0.5,14,"prot25_income",0,-1.09348999217395e-07,0
1,4,0.5,14,"prot25_child",0,0.111930348755366,0
1,4,0.5,14,"prot50_male",0,-5.23893849654434e-07,0
1,4,0.5,14,"prot50_age",1,0.246025661559761,0
1,4,0.5,14,"prot50_income",0,1.48893822886188e-06,0
1,4,0.5,14,"prot50_child",-0.9,-0.0109840367035643,0
1,4,0.5,14,"invasive_male",0.3,-6.76356025228167e-09,0
1,4,0.5,14,"invasive_age",-0.8,-0.227493889566904,0
1,4,0.5,14,"invasive_income",0.6,0.182334301165621,0
1,4,0.5,14,"invasive_child",-0.4,-9.35140994874183e-07,0
1,4,0.5,15,"ASC2_male",-0.9,-0.258227808918008,0
1,4,0.5,15,"ASC2_age",1.2,0.330918289498248,0
1,4,0.5,15,"ASC2_income",0,-0.0098187433667915,0
1,4,0.5,15,"ASC2_child",-0.4,-5.20035235165089e-06,0
1,4,0.5,15,"ASC3_male",-0.6,-0.229644607983744,0
1,4,0.5,15,"ASC3_age",0,3.03737540240304e-07,0
1,4,0.5,15,"ASC3_income",0,0.0374903407499908,0
1,4,0.5,15,"ASC3_child",0.9,0.27109022032972,0
1,4,0.5,15,"prot25_male",0,-0.00996254044116755,0
1,4,0.5,15,"prot25_age",0.7,0.16448124818737,0
1,4,0.5,15,"prot25_income",-0.3,-0.0706970595384535,0
1,4,0.5,15,"prot25_child",0.5,0.0842461159716406,0
1,4,0.5,15,"prot50_male",0,4.67343692052496e-09,0
1,4,0.5,15,"prot50_age",-0.5,-0.0913736320579769,0
1,4,0.5,15,"prot50_income",0,-1.59354288817945e-06,0
1,4,0.5,15,"prot50_child",0.2,3.13533059206888e-06,0
1,4,0.5,15,"invasive_male",0,0.0407834663798389,0
1,4,0.5,15,"invasive_age",0,-0.043679584207077,0
1,4,0.5,15,"invasive_income",0,1.82644914712379e-07,0
1,4,0.5,15,"invasive_child",0,-1.89907186657979e-06,0
1,4,0.5,16,"ASC2_male",0,0.0872922679709596,0
1,4,0.5,16,"ASC2_age",-0.6,-0.147035372767029,0
1,4,0.5,16,"ASC2_income",0,-0.16558813893531,0
1,4,0.5,16,"ASC2_child",-0.8,-0.282027475843192,0
1,4,0.5,16,"ASC3_male",0,-0.0609434553108246,0
1,4,0.5,16,"ASC3_age",-0.8,-0.15159497911814,0
1,4,0.5,16,"ASC3_income",0.8,0.0844220498410261,0
1,4,0.5,16,"ASC3_child",-0.8,-0.280349537531137,0
1,4,0.5,16,"prot25_male",0.7,0.0722911016785071,0
1,4,0.5,16,"prot25_age",-1,-0.199547046111514,0
1,4,0.5,16,"prot25_income",0,0.115404258410903,0
1,4,0.5,16,"prot25_child",0,-0.0711165048596672,0
1,4,0.5,16,"prot50_male",0.6,0.220763069848758,0
1,4,0.5,16,"prot50_age",-1,-0.207099488504407,0
1,4,0.5,16,"prot50_income",0,0.0966048893938168,0
1,4,0.5,16,"prot50_child",0,-0.0530928882298998,0
1,4,0.5,16,"invasive_male",0,0.054282274797554,0
1,4,0.5,16,"invasive_age",0.8,0.28416017779616,0
1,4,0.5,16,"invasive_income",0,-0.0974368167393822,0
1,4,0.5,16,"invasive_child",0,-0.0480143196363127,0
1,4,0.5,17,"ASC2_male",0,-0.100032442399092,0
1,4,0.5,17,"ASC2_age",-1,-0.234362472479714,0
1,4,0.5,17,"ASC2_income",-0.9,-0.194477686807292,0
1,4,0.5,17,"ASC2_child",0,-0.123536456276272,0
1,4,0.5,17,"ASC3_male",0,-0.152380669671759,0
1,4,0.5,17,"ASC3_age",-1.1,-0.167640531095495,0
1,4,0.5,17,"ASC3_income",0,0.0510531440253661,0
1,4,0.5,17,"ASC3_child",-0.6,-0.141833220324707,0
1,4,0.5,17,"prot25_male",-0.9,-0.245883031906722,0
1,4,0.5,17,"prot25_age",0,-2.1812361801692e-09,0
1,4,0.5,17,"prot25_income",0.6,0.0715415291208276,0
1,4,0.5,17,"prot25_child",0,0.00550775715878585,0
1,4,0.5,17,"prot50_male",0.2,0.10694571374844,0
1,4,0.5,17,"prot50_age",0.5,0.0308967389142514,0
1,4,0.5,17,"prot50_income",0,-0.0421785419766545,0
1,4,0.5,17,"prot50_child",0,0.0655447999086478,0
1,4,0.5,17,"invasive_male",0.8,0.118247432594424,0
1,4,0.5,17,"invasive_age",0,-0.050382178185175,0
1,4,0.5,17,"invasive_income",-1.1,-0.293426758896498,0
1,4,0.5,17,"invasive_child",0,-0.0596609434219374,0
1,4,0.5,18,"ASC2_male",0.2,1.21542477808276e-06,0
1,4,0.5,18,"ASC2_age",0.7,0.087104120261716,0
1,4,0.5,18,"ASC2_income",0,2.56477790850698e-06,0
1,4,0.5,18,"ASC2_child",0.7,0.0154784872418977,0
1,4,0.5,18,"ASC3_male",0.2,0.00341923695024942,0
1,4,0.5,18,"ASC3_age",0,-0.0644339021391734,0
1,4,0.5,18,"ASC3_income",0.4,-0.00191740739558364,0
1,4,0.5,18,"ASC3_child",0,-0.143199912072782,0
1,4,0.5,18,"prot25_male",0,-1.5225272008069e-06,0
1,4,0.5,18,"prot25_age",0,-0.000850993839597571,0
1,4,0.5,18,"prot25_income",0,0.0961626339789185,0
1,4,0.5,18,"prot25_child",-0.5,-1.05011867388097e-05,0
1,4,0.5,18,"prot50_male",-0.6,-0.122409255422451,0
1,4,0.5,18,"prot50_age",0,0.0758641275317462,0
1,4,0.5,18,"prot50_income",1,0.265127520099477,0
1,4,0.5,18,"prot50_child",0,0.277067289393408,0
1,4,0.5,18,"invasive_male",0,5.05900436950674e-07,0
1,4,0.5,18,"invasive_age",0,0.0082162994406347,0
1,4,0.5,18,"invasive_income",-0.2,-1.4678959744248e-07,0
1,4,0.5,18,"invasive_child",0.7,0.0203172066635388,0
1,4,0.5,19,"ASC2_male",0,-0.138474954361216,0
1,4,0.5,19,"ASC2_age",0,-0.0377279315555296,0
1,4,0.5,19,"ASC2_income",-0.2,-0.101760083393421,0
1,4,0.5,19,"ASC2_child",0,-0.279463371497481,0
1,4,0.5,19,"ASC3_male",0,-0.254168440129969,0
1,4,0.5,19,"ASC3_age",0.2,0.0570986848332937,0
1,4,0.5,19,"ASC3_income",-0.8,-0.298056735394368,0
1,4,0.5,19,"ASC3_child",-1,-0.499198785888877,0
1,4,0.5,19,"prot25_male",0,0.222638921801285,0
1,4,0.5,19,"prot25_age",0,0.0295260626925642,0
1,4,0.5,19,"prot25_income",0,0.128165403681548,0
1,4,0.5,19,"prot25_child",0.7,0.499305520384571,0
1,4,0.5,19,"prot50_male",-1,-0.0650758101442403,0
1,4,0.5,19,"prot50_age",0,0.00254053215295406,0
1,4,0.5,19,"prot50_income",0.5,0.223984748215843,0
1,4,0.5,19,"prot50_child",1.1,0.498684682419634,0
1,4,0.5,19,"invasive_male",0,-0.000531628743961825,0
1,4,0.5,19,"invasive_age",0,0.0178782717292172,0
1,4,0.5,19,"invasive_income",0.6,0.158879233189274,0
1,4,0.5,19,"invasive_child",-1.2,-0.400916642449103,0
1,4,0.5,20,"ASC2_male",0,-0.0399017312449178,0
1,4,0.5,20,"ASC2_age",0.9,0.312651298695015,0
1,4,0.5,20,"ASC2_income",1,0.216851125282873,0
1,4,0.5,20,"ASC2_child",-1,-9.8916115572123e-09,0
1,4,0.5,20,"ASC3_male",0.7,0.140912964980841,0
1,4,0.5,20,"ASC3_age",-1.2,-0.207174661832495,0
1,4,0.5,20,"ASC3_income",-0.6,-0.156210680624086,0
1,4,0.5,20,"ASC3_child",-0.7,-0.0643103700529522,0
1,4,0.5,20,"prot25_male",0,-1.24230385243874e-08,0
1,4,0.5,20,"prot25_age",0,-0.0827540715597853,0
1,4,0.5,20,"prot25_income",0,0.0973334945511237,0
1,4,0.5,20,"prot25_child",0.7,0.021260446446351,0
1,4,0.5,20,"prot50_male",0,5.36512172538398e-09,0
1,4,0.5,20,"prot50_age",0,-3.49246027577787e-08,0
1,4,0.5,20,"prot50_income",0,-1.02646991747846e-08,0
1,4,0.5,20,"prot50_child",0,-0.162733490701091,0
1,4,0.5,20,"invasive_male",0,-2.68726122623415e-07,0
1,4,0.5,20,"invasive_age",0.5,0.197875711654135,0
1,4,0.5,20,"invasive_income",0,-0.0530218515652705,0
1,4,0.5,20,"invasive_child",0.3,7.99481397898469e-08,0
1,4,0.5,21,"ASC2_male",-0.5,-0.128424125558768,0
1,4,0.5,21,"ASC2_age",-0.6,-0.203634808908855,0
1,4,0.5,21,"ASC2_income",0,-0.0492479508447433,0
1,4,0.5,21,"ASC2_child",1.1,0.0375590335109487,0
1,4,0.5,21,"ASC3_male",0,-2.19501920856963e-07,0
1,4,0.5,21,"ASC3_age",0.3,-4.70573223020129e-09,0
1,4,0.5,21,"ASC3_income",0,0.0106015578684356,0
1,4,0.5,21,"ASC3_child",0,-0.148150826441735,0
1,4,0.5,21,"prot25_male",0.5,0.151546191296758,0
1,4,0.5,21,"prot25_age",0,0.00577458007134748,0
1,4,0.5,21,"prot25_income",-1,-0.281427168199061,0
1,4,0.5,21,"prot25_child",0,0.132759467020859,0
1,4,0.5,21,"prot50_male",-0.5,-0.190791483140912,0
1,4,0.5,21,"prot50_age",0,-1.1596050002233e-08,0
1,4,0.5,21,"prot50_income",0,0.0365689773127965,0
1,4,0.5,21,"prot50_child",-0.7,-0.0657796526660913,0
1,4,0.5,21,"invasive_male",0,-0.0407256004436577,0
1,4,0.5,21,"invasive_age",1.2,0.32577585353817,0
1,4,0.5,21,"invasive_income",-0.2,0.000375253993342396,0
1,4,0.5,21,"invasive_child",0,-8.41190855487152e-09,0
1,4,0.5,22,"ASC2_male",0.7,0.0193166300904902,0
1,4,0.5,22,"ASC2_age",-0.2,7.95526189304666e-09,0
1,4,0.5,22,"ASC2_income",-0.4,-0.0828177487828218,0
1,4,0.5,22,"ASC2_child",0,6.48975613179985e-11,0
1,4,0.5,22,"ASC3_male",0,-5.58691228319133e-09,0
1,4,0.5,22,"ASC3_age",-0.7,-0.120849411795058,0
1,4,0.5,22,"ASC3_income",0,0.0151193216199274,0
1,4,0.5,22,"ASC3_child",-0.7,-0.210332648380503,0
1,4,0.5,22,"prot25_male",0,0.137152564946506,0
1,4,0.5,22,"prot25_age",0,-0.0642586686375195,0
1,4,0.5,22,"prot25_income",0.5,0.122086010536096,0
1,4,0.5,22,"prot25_child",0,0.0816486874590933,0
1,4,0.5,22,"prot50_male",0,-1.1539860331973e-08,0
1,4,0.5,22,"prot50_age",1,0.229076750473414,0
1,4,0.5,22,"prot50_income",-0.9,-0.193648943791632,0
1,4,0.5,22,"prot50_child",-1.1,-0.223012933584925,0
1,4,0.5,22,"invasive_male",0,-0.0744459293850466,0
1,4,0.5,22,"invasive_age",0.3,0.177917797080135,0
1,4,0.5,22,"invasive_income",0,-0.00802699132195145,0
1,4,0.5,22,"invasive_child",0,-0.0674216313391758,0
1,4,0.5,23,"ASC2_male",0,-9.33329012125182e-09,0
1,4,0.5,23,"ASC2_age",0.5,0.217108846179245,0
1,4,0.5,23,"ASC2_income",0.8,0.220795258971187,0
1,4,0.5,23,"ASC2_child",-0.2,-5.30414231794434e-09,0
1,4,0.5,23,"ASC3_male",0.6,0.119051767461934,0
1,4,0.5,23,"ASC3_age",-0.3,-0.0364667894526188,0
1,4,0.5,23,"ASC3_income",0,-1.09681294794719e-08,0
1,4,0.5,23,"ASC3_child",0,0.00900063891371505,0
1,4,0.5,23,"prot25_male",0.8,0.151881999751334,0
1,4,0.5,23,"prot25_age",0.4,0.00500159924524667,0
1,4,0.5,23,"prot25_income",0.5,0.178225412425859,0
1,4,0.5,23,"prot25_child",0,-4.35833991837917e-09,0
1,4,0.5,23,"prot50_male",0,0.0107291828766659,0
1,4,0.5,23,"prot50_age",0,-0.00434375198921569,0
1,4,0.5,23,"prot50_income",0,6.43720604748246e-10,0
1,4,0.5,23,"prot50_child",0.5,0.161536705929546,0
1,4,0.5,23,"invasive_male",-0.5,-0.174883952727799,0
1,4,0.5,23,"invasive_age",0,-5.6745556969329e-09,0
1,4,0.5,23,"invasive_income",0,-3.99776531976622e-09,0
1,4,0.5,23,"invasive_child",0,-0.0492782694691809,0
1,4,0.5,24,"ASC2_male",-0.3,-0.0787220722034409,0
1,4,0.5,24,"ASC2_age",-0.3,-0.0961449576439471,0
1,4,0.5,24,"ASC2_income",0,6.52303391674685e-05,0
1,4,0.5,24,"ASC2_child",0,-0.01806395906052,0
1,4,0.5,24,"ASC3_male",0,-0.0564108352356691,0
1,4,0.5,24,"ASC3_age",1.2,0.208836858970043,0
1,4,0.5,24,"ASC3_income",0,-0.0961733513202646,0
1,4,0.5,24,"ASC3_child",0,8.77619912386437e-06,0
1,4,0.5,24,"prot25_male",0.4,0.096175187249866,0
1,4,0.5,24,"prot25_age",0,0.0193776449739773,0
1,4,0.5,24,"prot25_income",0.8,0.252256835221944,0
1,4,0.5,24,"prot25_child",1,0.175623984329115,0
1,4,0.5,24,"prot50_male",0,0.0698969277513431,0
1,4,0.5,24,"prot50_age",-0.8,-0.202111357586963,0
1,4,0.5,24,"prot50_income",1.1,0.323446045023545,0
1,4,0.5,24,"prot50_child",0,0.093192371401801,0
1,4,0.5,24,"invasive_male",0,0.108055744878425,0
1,4,0.5,24,"invasive_age",1.1,0.261324505416295,0
1,4,0.5,24,"invasive_income",0,-2.82303663196359e-10,0
1,4,0.5,24,"invasive_child",1.2,0.443811462358217,0
1,4,0.5,25,"ASC2_male",1.2,0.137698990280676,0
1,4,0.5,25,"ASC2_age",0,-0.0845447432236416,0
1,4,0.5,25,"ASC2_income",0,-1.19230789795628e-12,0
1,4,0.5,25,"ASC2_child",0,0.0710455839912631,0
1,4,0.5,25,"ASC3_male",-1,-0.417160600889358,0
1,4,0.5,25,"ASC3_age",-0.2,-0.0398204043098106,0
1,4,0.5,25,"ASC3_income",0,0.00156947235773111,0
1,4,0.5,25,"ASC3_child",-1.1,-0.0909396619718262,0
1,4,0.5,25,"prot25_male",1.1,0.524236097313079,1
1,4,0.5,25,"prot25_age",-0.6,-0.174824264351301,0
1,4,0.5,25,"prot25_income",0,-0.0504232214348262,0
1,4,0.5,25,"prot25_child",1,0.200544380595533,0
1,4,0.5,25,"prot50_male",0,0.157952181264427,0
1,4,0.5,25,"prot50_age",0,-0.0439597802928836,0
1,4,0.5,25,"prot50_income",0,-0.0600780075749611,0
1,4,0.5,25,"prot50_child",0,-0.167496944724428,0
1,4,0.5,25,"invasive_male",0,-0.0560407468032063,0
1,4,0.5,25,"invasive_age",1.1,0.203578651162335,0
1,4,0.5,25,"invasive_income",-1.2,-0.337315794575199,0
1,4,0.5,25,"invasive_child",1.2,0.0917369205591506,0
1,4,0.5,26,"ASC2_male",0,-0.109111752215914,0
1,4,0.5,26,"ASC2_age",-0.9,-0.250032262014693,0
1,4,0.5,26,"ASC2_income",-1.2,-0.148925894755108,0
1,4,0.5,26,"ASC2_child",-0.4,-2.4810163917829e-08,0
1,4,0.5,26,"ASC3_male",0.8,0.150903133605033,0
1,4,0.5,26,"ASC3_age",0,1.05092419458361e-06,0
1,4,0.5,26,"ASC3_income",-0.5,-0.0200138868238341,0
1,4,0.5,26,"ASC3_child",0.1,1.49200741550807e-07,0
1,4,0.5,26,"prot25_male",-0.9,-2.44269628075873e-08,0
1,4,0.5,26,"prot25_age",0,-0.0208647187326266,0
1,4,0.5,26,"prot25_income",0,-0.0477426377991339,0
1,4,0.5,26,"prot25_child",0,-1.25080069964877e-08,0
1,4,0.5,26,"prot50_male",0,0.0096828605961936,0
1,4,0.5,26,"prot50_age",0,-7.43161467137368e-09,0
1,4,0.5,26,"prot50_income",0.1,0.00937293468895372,0
1,4,0.5,26,"prot50_child",0,9.73345993389074e-08,0
1,4,0.5,26,"invasive_male",0,-1.59550992309786e-08,0
1,4,0.5,26,"invasive_age",0.9,0.17336445140037,0
1,4,0.5,26,"invasive_income",-0.7,-0.0927481278575557,0
1,4,0.5,26,"invasive_child",0,-6.15577372380601e-08,0
1,4,0.5,27,"ASC2_male",-1.2,-0.275494055002255,0
1,4,0.5,27,"ASC2_age",-0.5,-0.0567577501119649,0
1,4,0.5,27,"ASC2_income",0,-0.00213857090495378,0
1,4,0.5,27,"ASC2_child",0,-0.0465162141544211,0
1,4,0.5,27,"ASC3_male",0,0.00999727930427591,0
1,4,0.5,27,"ASC3_age",0,-0.029548651256705,0
1,4,0.5,27,"ASC3_income",0,6.39846178452069e-07,0
1,4,0.5,27,"ASC3_child",0.8,0.224057395447299,0
1,4,0.5,27,"prot25_male",-0.8,-0.0476081622164979,0
1,4,0.5,27,"prot25_age",0.9,0.173417918233699,0
1,4,0.5,27,"prot25_income",0,0.00484501331987407,0
1,4,0.5,27,"prot25_child",0.6,0.222169084220455,0
1,4,0.5,27,"prot50_male",0,4.72239872854698e-07,0
1,4,0.5,27,"prot50_age",0,-0.0729158720507632,0
1,4,0.5,27,"prot50_income",0,-6.46965590821748e-07,0
1,4,0.5,27,"prot50_child",0.4,-2.55756997496793e-08,0
1,4,0.5,27,"invasive_male",-0.2,3.74041814144154e-07,0
1,4,0.5,27,"invasive_age",-0.2,-0.101311152270457,0
1,4,0.5,27,"invasive_income",1,0.228609386176556,0
1,4,0.5,27,"invasive_child",0,-0.0906408473464402,0
1,4,0.5,28,"ASC2_male",-0.6,-0.0951465160122984,0
1,4,0.5,28,"ASC2_age",0,0.00753894514229916,0
1,4,0.5,28,"ASC2_income",0,0.0587223262324361,0
1,4,0.5,28,"ASC2_child",0,-2.94775560922093e-10,0
1,4,0.5,28,"ASC3_male",-0.9,-7.81061851273905e-09,0
1,4,0.5,28,"ASC3_age",-0.8,-0.15276473344395,0
1,4,0.5,28,"ASC3_income",0,1.55547297081383e-08,0
1,4,0.5,28,"ASC3_child",-0.7,-0.0376316272955951,0
1,4,0.5,28,"prot25_male",0,4.80538813350348e-08,0
1,4,0.5,28,"prot25_age",1.1,0.191711718857152,0
1,4,0.5,28,"prot25_income",1.2,0.269192945772734,0
1,4,0.5,28,"prot25_child",0,2.76957134064688e-08,0
1,4,0.5,28,"prot50_male",-0.2,-0.158233267744735,0
1,4,0.5,28,"prot50_age",0.8,0.280115399842462,0
1,4,0.5,28,"prot50_income",-0.2,-0.0442951663895043,0
1,4,0.5,28,"prot50_child",0,0.0122189597185272,0
1,4,0.5,28,"invasive_male",0,-0.0542612477545313,0
1,4,0.5,28,"invasive_age",0,0.0631510714579572,0
1,4,0.5,28,"invasive_income",0.3,0.0970990891510921,0
1,4,0.5,28,"invasive_child",0,-1.10795046004574e-08,0
1,4,0.5,29,"ASC2_male",0,-0.0310905424638498,0
1,4,0.5,29,"ASC2_age",0,-0.0729341331538439,0
1,4,0.5,29,"ASC2_income",-0.1,0.020092041750852,0
1,4,0.5,29,"ASC2_child",0,-0.0592905314424588,0
1,4,0.5,29,"ASC3_male",0,-0.0896069860708352,0
1,4,0.5,29,"ASC3_age",0.9,0.144392643295903,0
1,4,0.5,29,"ASC3_income",0,0.0914606561319601,0
1,4,0.5,29,"ASC3_child",-0.2,-7.84938779682094e-06,0
1,4,0.5,29,"prot25_male",0,-1.84976886744007e-08,0
1,4,0.5,29,"prot25_age",0,-1.97468703354971e-06,0
1,4,0.5,29,"prot25_income",0.8,0.171334475748279,0
1,4,0.5,29,"prot25_child",-0.4,-0.0600418280815762,0
1,4,0.5,29,"prot50_male",0.4,0.0841013352119847,0
1,4,0.5,29,"prot50_age",0.5,0.104424003518317,0
1,4,0.5,29,"prot50_income",0,4.24605239561801e-07,0
1,4,0.5,29,"prot50_child",0.7,0.00625152178372328,0
1,4,0.5,29,"invasive_male",0,0.0144415623399936,0
1,4,0.5,29,"invasive_age",-0.3,-0.0614285765981758,0
1,4,0.5,29,"invasive_income",0,0.0274257617054207,0
1,4,0.5,29,"invasive_child",1,0.179907619227243,0
1,4,0.5,30,"ASC2_male",0,-0.0124495163408109,0
1,4,0.5,30,"ASC2_age",0,-0.0215331325041077,0
1,4,0.5,30,"ASC2_income",0,-1.0761010700159e-09,0
1,4,0.5,30,"ASC2_child",0.6,0.0276396943736181,0
1,4,0.5,30,"ASC3_male",0.4,-1.00307949231096e-08,0
1,4,0.5,30,"ASC3_age",0,-0.0181544280033525,0
1,4,0.5,30,"ASC3_income",0.2,0.0270142394873013,0
1,4,0.5,30,"ASC3_child",0.2,-1.44492203291631e-08,0
1,4,0.5,30,"prot25_male",0,0.0239604291417391,0
1,4,0.5,30,"prot25_age",-0.7,-0.178132042617369,0
1,4,0.5,30,"prot25_income",0.4,0.111085603192515,0
1,4,0.5,30,"prot25_child",0.8,0.0644965278538289,0
1,4,0.5,30,"prot50_male",-0.7,-1.86596640502e-08,0
1,4,0.5,30,"prot50_age",0,3.47312959011095e-12,0
1,4,0.5,30,"prot50_income",0,-0.00228931086543711,0
1,4,0.5,30,"prot50_child",0,-3.82377608950776e-09,0
1,4,0.5,30,"invasive_male",1.1,0.280160458087854,0
1,4,0.5,30,"invasive_age",0,-3.85782368284789e-09,0
1,4,0.5,30,"invasive_income",0.4,0.00887611953495583,0
1,4,0.5,30,"invasive_child",0,-2.80597804850692e-09,0
1,4,0.5,31,"ASC2_male",1.2,0.0101515025228505,0
1,4,0.5,31,"ASC2_age",0,-3.14139678346994e-14,0
1,4,0.5,31,"ASC2_income",-0.3,-0.125615080564115,0
1,4,0.5,31,"ASC2_child",0,0.020005191420659,0
1,4,0.5,31,"ASC3_male",0,-0.109422708796668,0
1,4,0.5,31,"ASC3_age",0,-0.050091891262959,0
1,4,0.5,31,"ASC3_income",0,-1.47589702563802e-08,0
1,4,0.5,31,"ASC3_child",0,-1.47967318126688e-08,0
1,4,0.5,31,"prot25_male",-0.8,-1.27330076501779e-08,0
1,4,0.5,31,"prot25_age",-0.2,-1.05709757310082e-08,0
1,4,0.5,31,"prot25_income",0,-0.0853585302621203,0
1,4,0.5,31,"prot25_child",0,0.0210570218466052,0
1,4,0.5,31,"prot50_male",-0.9,-3.67548560085352e-09,0
1,4,0.5,31,"prot50_age",-0.9,-0.189087507418334,0
1,4,0.5,31,"prot50_income",-0.2,-0.0425907181373145,0
1,4,0.5,31,"prot50_child",-0.5,-1.17680722757298e-07,0
1,4,0.5,31,"invasive_male",-1,-0.180372135452466,0
1,4,0.5,31,"invasive_age",0,-1.19112497079751e-08,0
1,4,0.5,31,"invasive_income",0,-2.33140547692831e-09,0
1,4,0.5,31,"invasive_child",-0.7,-7.55650941401783e-09,0
1,4,0.5,32,"ASC2_male",0.2,-5.00977767720621e-08,0
1,4,0.5,32,"ASC2_age",0.7,0.0726509293532247,0
1,4,0.5,32,"ASC2_income",-1,-0.247205199813998,0
1,4,0.5,32,"ASC2_child",0.4,3.49306964724883e-07,0
1,4,0.5,32,"ASC3_male",0,4.84248183147918e-10,0
1,4,0.5,32,"ASC3_age",0.3,-1.99031183668205e-06,0
1,4,0.5,32,"ASC3_income",0,8.49558792274221e-06,0
1,4,0.5,32,"ASC3_child",0.5,-4.85552697496051e-08,0
1,4,0.5,32,"prot25_male",0,0.0901698625368351,0
1,4,0.5,32,"prot25_age",-0.6,-0.0513602948738624,0
1,4,0.5,32,"prot25_income",0,6.83072984800459e-07,0
1,4,0.5,32,"prot25_child",0,2.05734790109251e-05,0
1,4,0.5,32,"prot50_male",0.7,0.186982860567741,0
1,4,0.5,32,"prot50_age",0.3,0.158281895482889,0
1,4,0.5,32,"prot50_income",0,1.83062849455564e-07,0
1,4,0.5,32,"prot50_child",-0.6,-8.22001808564557e-07,0
1,4,0.5,32,"invasive_male",0,-6.17482324347637e-07,0
1,4,0.5,32,"invasive_age",0,2.45029766232799e-06,0
1,4,0.5,32,"invasive_income",0,2.00333914003063e-08,0
1,4,0.5,32,"invasive_child",0,2.46648587342477e-06,0
1,4,0.5,33,"ASC2_male",0,-8.13744226786633e-09,0
1,4,0.5,33,"ASC2_age",-0.3,-0.121173194990347,0
1,4,0.5,33,"ASC2_income",0,0.0259367342192095,0
1,4,0.5,33,"ASC2_child",0,0.0854555068079584,0
1,4,0.5,33,"ASC3_male",0,1.6072226339243e-07,0
1,4,0.5,33,"ASC3_age",1.1,0.202617024761429,0
1,4,0.5,33,"ASC3_income",0,-0.00252898406648141,0
1,4,0.5,33,"ASC3_child",0,-0.0385160412192741,0
1,4,0.5,33,"prot25_male",0.9,0.202555043120083,0
1,4,0.5,33,"prot25_age",-0.8,-0.0944716620618929,0
1,4,0.5,33,"prot25_income",1.1,0.269751059633069,0
1,4,0.5,33,"prot25_child",0,-6.79273104352466e-11,0
1,4,0.5,33,"prot50_male",-1.2,-0.102835535186225,0
1,4,0.5,33,"prot50_age",0.3,0.0338171180704731,0
1,4,0.5,33,"prot50_income",0,0.0330534923514003,0
1,4,0.5,33,"prot50_child",0.8,0.0450313993193311,0
1,4,0.5,33,"invasive_male",0,-1.63990704556209e-07,0
1,4,0.5,33,"invasive_age",-1.2,-0.328311950766786,0
1,4,0.5,33,"invasive_income",0.6,0.121327469702265,0
1,4,0.5,33,"invasive_child",0,0.0128657657202044,0
1,4,0.5,34,"ASC2_male",0,7.77720701183835e-08,0
1,4,0.5,34,"ASC2_age",-0.5,-0.114051668193294,0
1,4,0.5,34,"ASC2_income",0,0.0478443732348904,0
1,4,0.5,34,"ASC2_child",1,0.167909046593833,0
1,4,0.5,34,"ASC3_male",0,3.56585452308175e-07,0
1,4,0.5,34,"ASC3_age",-0.3,-0.0800866491334348,0
1,4,0.5,34,"ASC3_income",-0.7,-0.0984466296161844,0
1,4,0.5,34,"ASC3_child",-1,-0.133913653896354,0
1,4,0.5,34,"prot25_male",0,0.0769470724846687,0
1,4,0.5,34,"prot25_age",0,3.54495987323204e-07,0
1,4,0.5,34,"prot25_income",0,-2.69086733240431e-08,0
1,4,0.5,34,"prot25_child",0,3.22984597472364e-07,0
1,4,0.5,34,"prot50_male",0,-4.45247943691044e-07,0
1,4,0.5,34,"prot50_age",-0.8,-0.169709046665399,0
1,4,0.5,34,"prot50_income",-0.1,-0.00724220969275474,0
1,4,0.5,34,"prot50_child",0,1.90407443486372e-08,0
1,4,0.5,34,"invasive_male",-0.9,-0.0729651455661145,0
1,4,0.5,34,"invasive_age",-0.9,-0.205653699442989,0
1,4,0.5,34,"invasive_income",-0.9,-0.136622823141019,0
1,4,0.5,34,"invasive_child",0,3.70910153703685e-07,0
1,4,0.5,35,"ASC2_male",0,-0.0619417745180357,0
1,4,0.5,35,"ASC2_age",0,-4.25037260891213e-07,0
1,4,0.5,35,"ASC2_income",-0.2,-0.0400254350308917,0
1,4,0.5,35,"ASC2_child",0,1.6339223220472e-10,0
1,4,0.5,35,"ASC3_male",0,-0.128694105702708,0
1,4,0.5,35,"ASC3_age",0,0.0964617514774578,0
1,4,0.5,35,"ASC3_income",0,0.00745125642636827,0
1,4,0.5,35,"ASC3_child",0,-9.47349111303618e-10,0
1,4,0.5,35,"prot25_male",0,-1.16690752648221e-07,0
1,4,0.5,35,"prot25_age",1.2,0.288319139149365,0
1,4,0.5,35,"prot25_income",-0.2,-0.0517141134983646,0
1,4,0.5,35,"prot25_child",0.8,0.150868601487634,0
1,4,0.5,35,"prot50_male",-0.9,-0.187508217158787,0
1,4,0.5,35,"prot50_age",-0.2,-0.0702043356267737,0
1,4,0.5,35,"prot50_income",0,0.0293130948358001,0
1,4,0.5,35,"prot50_child",0,-2.52367351817639e-09,0
1,4,0.5,35,"invasive_male",0.3,0.105182846215827,0
1,4,0.5,35,"invasive_age",0.3,0.078951473132438,0
1,4,0.5,35,"invasive_income",-0.4,-0.0693773877925926,0
1,4,0.5,35,"invasive_child",-0.5,-0.128560285986606,0
1,4,0.5,36,"ASC2_male",-0.7,-0.0652947041384981,0
1,4,0.5,36,"ASC2_age",0,-2.11983406165821e-07,0
1,4,0.5,36,"ASC2_income",0.1,2.22987141508441e-07,0
1,4,0.5,36,"ASC2_child",0,-4.93288675641605e-09,0
1,4,0.5,36,"ASC3_male",0,8.18598746450684e-09,0
1,4,0.5,36,"ASC3_age",0.6,0.153618076902726,0
1,4,0.5,36,"ASC3_income",1.1,0.175886876911945,0
1,4,0.5,36,"ASC3_child",0,-2.45593251912261e-08,0
1,4,0.5,36,"prot25_male",0,-2.68936590696323e-09,0
1,4,0.5,36,"prot25_age",0,-9.28470519198661e-08,0
1,4,0.5,36,"prot25_income",0.2,0.0723024144110217,0
1,4,0.5,36,"prot25_child",0,0.0494785563677941,0
1,4,0.5,36,"prot50_male",0,6.27406606117616e-09,0
1,4,0.5,36,"prot50_age",0.9,0.147903448150261,0
1,4,0.5,36,"prot50_income",-0.8,-0.198121484510941,0
1,4,0.5,36,"prot50_child",0,3.965577617012e-09,0
1,4,0.5,36,"invasive_male",-1,-0.194291879736488,0
1,4,0.5,36,"invasive_age",0.8,0.143211325343345,0
1,4,0.5,36,"invasive_income",0,-2.0029639140049e-08,0
1,4,0.5,36,"invasive_child",-0.8,-4.06636036296003e-09,0
1,4,0.5,37,"ASC2_male",0,-3.77799292358345e-07,0
1,4,0.5,37,"ASC2_age",0,0.0589514687650333,0
1,4,0.5,37,"ASC2_income",0,-0.0729361211921743,0
1,4,0.5,37,"ASC2_child",0,9.17253765253068e-10,0
1,4,0.5,37,"ASC3_male",0,0.0310527880331317,0
1,4,0.5,37,"ASC3_age",0,0.0552999300044331,0
1,4,0.5,37,"ASC3_income",0.6,0.125657804965408,0
1,4,0.5,37,"ASC3_child",0,-0.0986440970436061,0
1,4,0.5,37,"prot25_male",-0.8,-0.0273307466931286,0
1,4,0.5,37,"prot25_age",0.9,0.132232827471667,0
1,4,0.5,37,"prot25_income",-0.7,-0.0728938110166328,0
1,4,0.5,37,"prot25_child",0.1,9.54605397165129e-09,0
1,4,0.5,37,"prot50_male",0,0.024471762882406,0
1,4,0.5,37,"prot50_age",1,0.193281147398347,0
1,4,0.5,37,"prot50_income",0,0.0331091399638141,0
1,4,0.5,37,"prot50_child",-0.9,-0.225729513987559,0
1,4,0.5,37,"invasive_male",0.6,-4.02164905655288e-10,0
1,4,0.5,37,"invasive_age",-0.3,-1.98015026841164e-09,0
1,4,0.5,37,"invasive_income",1.1,0.38952105564753,0
1,4,0.5,37,"invasive_child",0,0.0281751997675297,0
1,4,0.5,38,"ASC2_male",0.8,0.210279363908837,0
1,4,0.5,38,"ASC2_age",0,-0.0286633004124203,0
1,4,0.5,38,"ASC2_income",0.8,0.305356482372788,0
1,4,0.5,38,"ASC2_child",0.4,0.00791451177699845,0
1,4,0.5,38,"ASC3_male",0,1.42522505307182e-07,0
1,4,0.5,38,"ASC3_age",0,0.0230600662729512,0
1,4,0.5,38,"ASC3_income",0,0.120813338887096,0
1,4,0.5,38,"ASC3_child",0.2,0.0561340531048608,0
1,4,0.5,38,"prot25_male",0,1.46824277596829e-07,0
1,4,0.5,38,"prot25_age",0,-0.0126368464124248,0
1,4,0.5,38,"prot25_income",0,-0.105311257116325,0
1,4,0.5,38,"prot25_child",0,-0.102639296068198,0
1,4,0.5,38,"prot50_male",0,0.0810230209534872,0
1,4,0.5,38,"prot50_age",0.3,0.0290497173830867,0
1,4,0.5,38,"prot50_income",0.9,0.219965138298831,0
1,4,0.5,38,"prot50_child",0,-0.221060017150791,0
1,4,0.5,38,"invasive_male",-0.5,-0.125771835599892,0
1,4,0.5,38,"invasive_age",0.9,0.214274340154969,0
1,4,0.5,38,"invasive_income",1,0.366312411202553,0
1,4,0.5,38,"invasive_child",-0.2,-0.188644393435336,0
1,4,0.5,39,"ASC2_male",0.9,0.12527847629395,0
1,4,0.5,39,"ASC2_age",1.1,0.262940355318238,0
1,4,0.5,39,"ASC2_income",0,-0.0209956191066419,0
1,4,0.5,39,"ASC2_child",0.7,0.293937467403681,0
1,4,0.5,39,"ASC3_male",0,-1.16843392075847e-06,0
1,4,0.5,39,"ASC3_age",-0.1,-0.000357419909233371,0
1,4,0.5,39,"ASC3_income",0,2.80016229259583e-07,0
1,4,0.5,39,"ASC3_child",-1.1,-0.183677587296922,0
1,4,0.5,39,"prot25_male",0,5.08385261848777e-07,0
1,4,0.5,39,"prot25_age",0,-1.1495547096295e-08,0
1,4,0.5,39,"prot25_income",0.9,0.20168974646889,0
1,4,0.5,39,"prot25_child",0,3.65187977701898e-08,0
1,4,0.5,39,"prot50_male",0,7.21672525717669e-09,0
1,4,0.5,39,"prot50_age",0.9,0.23140143031965,0
1,4,0.5,39,"prot50_income",-0.8,-0.362629342821018,0
1,4,0.5,39,"prot50_child",0,2.26431963363138e-07,0
1,4,0.5,39,"invasive_male",0.1,-1.89242973838975e-07,0
1,4,0.5,39,"invasive_age",0,-9.96815398326296e-07,0
1,4,0.5,39,"invasive_income",0.7,0.0958743461159648,0
1,4,0.5,39,"invasive_child",0,4.72568456346287e-07,0
1,4,0.5,40,"ASC2_male",0,2.87527630222737e-06,0
1,4,0.5,40,"ASC2_age",0,-4.60477570810151e-07,0
1,4,0.5,40,"ASC2_income",-1,-0.250298949873504,0
1,4,0.5,40,"ASC2_child",-0.4,-2.98230857412213e-07,0
1,4,0.5,40,"ASC3_male",1.2,0.252260048918232,0
1,4,0.5,40,"ASC3_age",0,2.11723861319706e-07,0
1,4,0.5,40,"ASC3_income",0,-0.0645921659167258,0
1,4,0.5,40,"ASC3_child",0,4.29899513245589e-06,0
1,4,0.5,40,"prot25_male",-0.1,0.112506054386566,0
1,4,0.5,40,"prot25_age",0,7.10919001158879e-08,0
1,4,0.5,40,"prot25_income",-0.3,-0.0042964495897917,0
1,4,0.5,40,"prot25_child",-0.5,-4.8799717502705e-05,0
1,4,0.5,40,"prot50_male",-1.2,9.14346877347348e-08,0
1,4,0.5,40,"prot50_age",0,-6.19115379556902e-12,0
1,4,0.5,40,"prot50_income",0,-7.9380879549681e-06,0
1,4,0.5,40,"prot50_child",1.1,0.227714045471626,0
1,4,0.5,40,"invasive_male",-0.8,-1.46636082665641e-08,0
1,4,0.5,40,"invasive_age",0.5,0.0806731867961516,0
1,4,0.5,40,"invasive_income",0,4.02838128717368e-08,0
1,4,0.5,40,"invasive_child",0,-0.0639168407980191,0
1,4,0.5,41,"ASC2_male",0.1,-0.213119712090614,0
1,4,0.5,41,"ASC2_age",0,2.98996983177614e-08,0
1,4,0.5,41,"ASC2_income",-1,-0.191514382554733,0
1,4,0.5,41,"ASC2_child",-0.6,-0.0596566649887631,0
1,4,0.5,41,"ASC3_male",0.8,0.0683479276009412,0
1,4,0.5,41,"ASC3_age",-0.6,-0.102851369214546,0
1,4,0.5,41,"ASC3_income",-0.6,-0.168753108421886,0
1,4,0.5,41,"ASC3_child",-1,-0.261273063423234,0
1,4,0.5,41,"prot25_male",0,0.328086501847195,0
1,4,0.5,41,"prot25_age",-1,-0.32747040307981,0
1,4,0.5,41,"prot25_income",0,-0.0145855318622767,0
1,4,0.5,41,"prot25_child",0,-5.13718271139789e-09,0
1,4,0.5,41,"prot50_male",0,0.102913420898595,0
1,4,0.5,41,"prot50_age",0,1.12361682609565e-12,0
1,4,0.5,41,"prot50_income",0,-0.000807262236154938,0
1,4,0.5,41,"prot50_child",0,-4.45912150399433e-09,0
1,4,0.5,41,"invasive_male",-0.7,-0.198353358187194,0
1,4,0.5,41,"invasive_age",-0.5,-0.0684626221075986,0
1,4,0.5,41,"invasive_income",0,-0.0239241762339615,0
1,4,0.5,41,"invasive_child",0,-0.0158841749611448,0
1,4,0.5,42,"ASC2_male",-0.1,0.0904101562603452,0
1,4,0.5,42,"ASC2_age",1,0.255868802467395,0
1,4,0.5,42,"ASC2_income",0,0.0383866979060361,0
1,4,0.5,42,"ASC2_child",0.4,1.09209770779516e-08,0
1,4,0.5,42,"ASC3_male",-0.7,-0.00561117336224671,0
1,4,0.5,42,"ASC3_age",0,-6.03829087168811e-07,0
1,4,0.5,42,"ASC3_income",0,4.43109213316405e-09,0
1,4,0.5,42,"ASC3_child",0,-1.91952500185719e-09,0
1,4,0.5,42,"prot25_male",0.1,-7.52382689331891e-08,0
1,4,0.5,42,"prot25_age",0.8,0.18101585628903,0
1,4,0.5,42,"prot25_income",0,-0.0333190590592358,0
1,4,0.5,42,"prot25_child",0,-4.97579266259817e-09,0
1,4,0.5,42,"prot50_male",0,0.0890584646171407,0
1,4,0.5,42,"prot50_age",1,0.166260512842102,0
1,4,0.5,42,"prot50_income",0,-1.59177449858022e-09,0
1,4,0.5,42,"prot50_child",0,-7.26018918484983e-10,0
1,4,0.5,42,"invasive_male",-0.9,-0.0274018193720328,0
1,4,0.5,42,"invasive_age",0,0.0079321222437868,0
1,4,0.5,42,"invasive_income",-1,-0.180551546120874,0
1,4,0.5,42,"invasive_child",-1.1,-0.180973644736597,0
1,4,0.5,43,"ASC2_male",0,-0.0774389417206242,0
1,4,0.5,43,"ASC2_age",-0.8,-0.193125354866495,0
1,4,0.5,43,"ASC2_income",0,-1.10509418066018e-08,0
1,4,0.5,43,"ASC2_child",0,0.0655510783082177,0
1,4,0.5,43,"ASC3_male",-1.2,-0.303175330583541,0
1,4,0.5,43,"ASC3_age",0,-0.0460187920894546,0
1,4,0.5,43,"ASC3_income",0,-0.0495590942884317,0
1,4,0.5,43,"ASC3_child",0,-1.16897348424847e-07,0
1,4,0.5,43,"prot25_male",1,0.263702054765315,0
1,4,0.5,43,"prot25_age",0.5,0.168769582021783,0
1,4,0.5,43,"prot25_income",0.9,0.244171095259768,0
1,4,0.5,43,"prot25_child",1,0.305878210278186,0
1,4,0.5,43,"prot50_male",-0.2,-0.14477884132804,0
1,4,0.5,43,"prot50_age",0,-9.81453328537869e-09,0
1,4,0.5,43,"prot50_income",-0.3,-0.0357534187572132,0
1,4,0.5,43,"prot50_child",0.6,0.111514836149366,0
1,4,0.5,43,"invasive_male",0,-0.0232854964793946,0
1,4,0.5,43,"invasive_age",0,-5.53280379802458e-08,0
1,4,0.5,43,"invasive_income",1,0.205992545450056,0
1,4,0.5,43,"invasive_child",0,-2.77007722016221e-08,0
1,4,0.5,44,"ASC2_male",0.9,-4.6114278055495e-09,0
1,4,0.5,44,"ASC2_age",1.2,0.328468085195894,0
1,4,0.5,44,"ASC2_income",0,-3.60633010599502e-07,0
1,4,0.5,44,"ASC2_child",0,-3.56627147695093e-09,0
1,4,0.5,44,"ASC3_male",0.9,0.187448087826057,0
1,4,0.5,44,"ASC3_age",0,4.25502046356946e-08,0
1,4,0.5,44,"ASC3_income",-0.5,-0.0974545434285775,0
1,4,0.5,44,"ASC3_child",-1.1,-0.153117104879965,0
1,4,0.5,44,"prot25_male",-1.1,-0.214109233094111,0
1,4,0.5,44,"prot25_age",0,-1.87721222402302e-09,0
1,4,0.5,44,"prot25_income",0,-0.0869659581655266,0
1,4,0.5,44,"prot25_child",0.9,0.17555794448001,0
1,4,0.5,44,"prot50_male",0,-3.00182074541383e-09,0
1,4,0.5,44,"prot50_age",-1.2,-0.326305986657059,0
1,4,0.5,44,"prot50_income",-0.5,-0.0893827140730739,0
1,4,0.5,44,"prot50_child",0,-3.14966136404189e-09,0
1,4,0.5,44,"invasive_male",-0.8,-0.0909318537780232,0
1,4,0.5,44,"invasive_age",0,0.0187304144252247,0
1,4,0.5,44,"invasive_income",0,-4.50156781463327e-09,0
1,4,0.5,44,"invasive_child",0,0.0360445036889842,0
1,4,0.5,45,"ASC2_male",-0.6,-1.72676801285286e-07,0
1,4,0.5,45,"ASC2_age",0,5.07154044450017e-08,0
1,4,0.5,45,"ASC2_income",0,2.22803195742745e-07,0
1,4,0.5,45,"ASC2_child",0.2,0.027836000894674,0
1,4,0.5,45,"ASC3_male",-0.7,-1.29636461824325e-07,0
1,4,0.5,45,"ASC3_age",0,-9.42544202855465e-09,0
1,4,0.5,45,"ASC3_income",0,5.31338412334358e-08,0
1,4,0.5,45,"ASC3_child",-0.1,1.77798745713595e-09,0
1,4,0.5,45,"prot25_male",0,-3.76095844609267e-09,0
1,4,0.5,45,"prot25_age",-0.8,-0.259222689859098,0
1,4,0.5,45,"prot25_income",0,4.84687086289471e-07,0
1,4,0.5,45,"prot25_child",0.4,0.0327514164038465,0
1,4,0.5,45,"prot50_male",0,3.33672456896458e-07,0
1,4,0.5,45,"prot50_age",1.2,0.196805485027421,0
1,4,0.5,45,"prot50_income",0,-3.31155832563072e-06,0
1,4,0.5,45,"prot50_child",-0.2,1.1067494388692e-07,0
1,4,0.5,45,"invasive_male",-1,-0.0628080780194107,0
1,4,0.5,45,"invasive_age",0,1.76553349973632e-07,0
1,4,0.5,45,"invasive_income",-0.3,-0.0785857739801124,0
1,4,0.5,45,"invasive_child",0,2.76147612866967e-08,0
1,4,0.5,46,"ASC2_male",-0.3,-0.110724311351401,0
1,4,0.5,46,"ASC2_age",0,3.80879865129533e-06,0
1,4,0.5,46,"ASC2_income",-0.4,-0.0843619421300631,0
1,4,0.5,46,"ASC2_child",0,-6.42831928440487e-06,0
1,4,0.5,46,"ASC3_male",0,-0.00442448193681349,0
1,4,0.5,46,"ASC3_age",0,-0.00532489224532267,0
1,4,0.5,46,"ASC3_income",0,-1.01072134206486e-05,0
1,4,0.5,46,"ASC3_child",0,4.86268234818852e-10,0
1,4,0.5,46,"prot25_male",0,-0.121418115541708,0
1,4,0.5,46,"prot25_age",0.9,0.232906113018975,0
1,4,0.5,46,"prot25_income",0.4,0.0778538299375206,0
1,4,0.5,46,"prot25_child",0.5,0.132850682421028,0
1,4,0.5,46,"prot50_male",0.7,0.208457151360671,0
1,4,0.5,46,"prot50_age",0.5,0.131321709302304,0
1,4,0.5,46,"prot50_income",-0.5,-0.180933673246777,0
1,4,0.5,46,"prot50_child",0.7,0.146601866932354,0
1,4,0.5,46,"invasive_male",0,-4.70838548768593e-06,0
1,4,0.5,46,"invasive_age",0,0.115048538361349,0
1,4,0.5,46,"invasive_income",0,5.87581402709189e-07,0
1,4,0.5,46,"invasive_child",0.6,0.34984449498916,0
1,4,0.5,47,"ASC2_male",0,-1.7033931195957e-08,0
1,4,0.5,47,"ASC2_age",0,-3.66658277718794e-06,0
1,4,0.5,47,"ASC2_income",-0.7,-0.139653852919766,0
1,4,0.5,47,"ASC2_child",0.9,0.150134508676529,0
1,4,0.5,47,"ASC3_male",0,-0.0674969242568282,0
1,4,0.5,47,"ASC3_age",1,0.322762071859587,0
1,4,0.5,47,"ASC3_income",0,0.0246192577623301,0
1,4,0.5,47,"ASC3_child",0,-0.119136372675569,0
1,4,0.5,47,"prot25_male",1.2,0.44988271597277,0
1,4,0.5,47,"prot25_age",1,0.216778585852381,0
1,4,0.5,47,"prot25_income",0,-0.0939561464755483,0
1,4,0.5,47,"prot25_child",0.5,0.0251888532967021,0
1,4,0.5,47,"prot50_male",-0.1,-0.134551781200801,0
1,4,0.5,47,"prot50_age",0,-1.49726757618041e-09,0
1,4,0.5,47,"prot50_income",1,0.148464751922319,0
1,4,0.5,47,"prot50_child",0,6.42018459514281e-09,0
1,4,0.5,47,"invasive_male",0,0.0161732444218913,0
1,4,0.5,47,"invasive_age",0,0.016768793928886,0
1,4,0.5,47,"invasive_income",-0.3,-0.0873471216262793,0
1,4,0.5,47,"invasive_child",-0.9,-0.222735276314515,0
1,4,0.5,48,"ASC2_male",0.3,0.105982184683441,0
1,4,0.5,48,"ASC2_age",0,-0.000526175936173163,0
1,4,0.5,48,"ASC2_income",-1.1,-0.237741420011923,0
1,4,0.5,48,"ASC2_child",0,-1.07287185928331e-08,0
1,4,0.5,48,"ASC3_male",0,-6.09686326479957e-09,0
1,4,0.5,48,"ASC3_age",1,0.231292392367665,0
1,4,0.5,48,"ASC3_income",0.7,0.131244440713869,0
1,4,0.5,48,"ASC3_child",0.9,0.078544089563067,0
1,4,0.5,48,"prot25_male",1,0.38556241399537,0
1,4,0.5,48,"prot25_age",0,-1.51588982264963e-08,0
1,4,0.5,48,"prot25_income",0.2,-8.19754092595443e-09,0
1,4,0.5,48,"prot25_child",0,-4.60563398731208e-09,0
1,4,0.5,48,"prot50_male",-0.7,-1.18795431968738e-08,0
1,4,0.5,48,"prot50_age",0,-2.06338104751342e-10,0
1,4,0.5,48,"prot50_income",0,-1.60748586916656e-08,0
1,4,0.5,48,"prot50_child",0.1,0.0508481752989963,0
1,4,0.5,48,"invasive_male",0,-5.83780814331773e-08,0
1,4,0.5,48,"invasive_age",0,-3.12606658477761e-09,0
1,4,0.5,48,"invasive_income",0.6,0.0744180503539269,0
1,4,0.5,48,"invasive_child",0,-2.4998461911165e-08,0
1,4,0.5,49,"ASC2_male",0,-9.19299418248868e-09,0
1,4,0.5,49,"ASC2_age",0.6,0.0316283539505373,0
1,4,0.5,49,"ASC2_income",0,0.0258656343263547,0
1,4,0.5,49,"ASC2_child",0.6,-4.54939591511438e-09,0
1,4,0.5,49,"ASC3_male",0,-7.98261768819349e-09,0
1,4,0.5,49,"ASC3_age",0.5,0.0616425461867932,0
1,4,0.5,49,"ASC3_income",-0.2,0.00522257341920605,0
1,4,0.5,49,"ASC3_child",0,1.30024622306317e-08,0
1,4,0.5,49,"prot25_male",1,0.173037807062498,0
1,4,0.5,49,"prot25_age",0,0.00042421465280058,0
1,4,0.5,49,"prot25_income",0.8,0.156744392524998,0
1,4,0.5,49,"prot25_child",-1,-9.77511204002816e-09,0
1,4,0.5,49,"prot50_male",0,-2.49372821472821e-10,0
1,4,0.5,49,"prot50_age",0.7,0.231221408972101,0
1,4,0.5,49,"prot50_income",0,-1.25855616198537e-08,0
1,4,0.5,49,"prot50_child",-1,-1.09087144012852e-05,0
1,4,0.5,49,"invasive_male",-0.2,-8.29010154866339e-09,0
1,4,0.5,49,"invasive_age",0,-0.0491807560181754,0
1,4,0.5,49,"invasive_income",0,-2.46861412815469e-08,0
1,4,0.5,49,"invasive_child",0,-1.1470127751232e-08,0
1,4,0.5,50,"ASC2_male",0,-3.32315282627714e-09,0
1,4,0.5,50,"ASC2_age",0,-8.17624023016843e-09,0
1,4,0.5,50,"ASC2_income",0.4,0.0577092634129003,0
1,4,0.5,50,"ASC2_child",0.1,-2.28184485130268e-09,0
1,4,0.5,50,"ASC3_male",0,-1.34772836731387e-08,0
1,4,0.5,50,"ASC3_age",0,-6.39633526728829e-09,0
1,4,0.5,50,"ASC3_income",0,-9.81392058662769e-09,0
1,4,0.5,50,"ASC3_child",-0.2,-0.0841996265214995,0
1,4,0.5,50,"prot25_male",-0.4,-7.7055885018348e-09,0
1,4,0.5,50,"prot25_age",1.2,0.212375579200633,0
1,4,0.5,50,"prot25_income",-0.6,-0.0205192236690711,0
1,4,0.5,50,"prot25_child",0,-7.50488904724909e-09,0
1,4,0.5,50,"prot50_male",1,0.271168462456702,0
1,4,0.5,50,"prot50_age",-0.3,-0.0759944578145638,0
1,4,0.5,50,"prot50_income",0,-7.11047191005974e-09,0
1,4,0.5,50,"prot50_child",0,-1.14021836540364e-08,0
1,4,0.5,50,"invasive_male",-1,-0.143708862059497,0
1,4,0.5,50,"invasive_age",0.4,0.0374479561992853,0
1,4,0.5,50,"invasive_income",0,-1.29017649416686e-08,0
1,4,0.5,50,"invasive_child",0,-3.80553220520484e-09,0
1,4,0.5,51,"ASC2_male",1.1,0.0820329326429925,0
1,4,0.5,51,"ASC2_age",0,0.000447617410358849,0
1,4,0.5,51,"ASC2_income",-0.5,1.06811431501386e-08,0
1,4,0.5,51,"ASC2_child",0,-1.78536979444259e-10,0
1,4,0.5,51,"ASC3_male",0,-3.52773203468896e-09,0
1,4,0.5,51,"ASC3_age",-1,-0.256068418239339,0
1,4,0.5,51,"ASC3_income",-0.5,-5.3866387211967e-09,0
1,4,0.5,51,"ASC3_child",0,3.03361353904839e-07,0
1,4,0.5,51,"prot25_male",0,0.0608042046024363,0
1,4,0.5,51,"prot25_age",-0.8,-0.180452911857152,0
1,4,0.5,51,"prot25_income",0.9,0.120104226309066,0
1,4,0.5,51,"prot25_child",0.8,0.00810118057619794,0
1,4,0.5,51,"prot50_male",-1,-0.00029156090026629,0
1,4,0.5,51,"prot50_age",0,4.18977372766583e-08,0
1,4,0.5,51,"prot50_income",0,-1.90947667463553e-09,0
1,4,0.5,51,"prot50_child",0,3.83458381428697e-10,0
1,4,0.5,51,"invasive_male",0.9,0.00333205239420726,0
1,4,0.5,51,"invasive_age",0,0.0089885628078416,0
1,4,0.5,51,"invasive_income",-0.4,-0.0175448838541923,0
1,4,0.5,51,"invasive_child",0,-1.19832362830965e-06,0
1,4,0.5,52,"ASC2_male",0,-0.0309145199192401,0
1,4,0.5,52,"ASC2_age",0.8,0.182712243814871,0
1,4,0.5,52,"ASC2_income",0,7.86099405009832e-07,0
1,4,0.5,52,"ASC2_child",0,-0.149748137755113,0
1,4,0.5,52,"ASC3_male",1.1,0.104983778674062,0
1,4,0.5,52,"ASC3_age",0,-0.0116802709715963,0
1,4,0.5,52,"ASC3_income",0.2,0.0113028048536967,0
1,4,0.5,52,"ASC3_child",0,0.0578981889415091,0
1,4,0.5,52,"prot25_male",-0.9,-0.0984926350560618,0
1,4,0.5,52,"prot25_age",1.1,0.302358087514933,0
1,4,0.5,52,"prot25_income",0,0.0389835748451366,0
1,4,0.5,52,"prot25_child",-1.1,-2.3903503929934e-07,0
1,4,0.5,52,"prot50_male",0,0.137862529746393,0
1,4,0.5,52,"prot50_age",0,-0.0299590717733678,0
1,4,0.5,52,"prot50_income",0.9,0.216362884988291,0
1,4,0.5,52,"prot50_child",-0.2,0.0789612384975764,0
1,4,0.5,52,"invasive_male",0.2,1.8623648544215e-08,0
1,4,0.5,52,"invasive_age",0,-0.00870385882543689,0
1,4,0.5,52,"invasive_income",-0.9,-0.178840398871991,0
1,4,0.5,52,"invasive_child",0,1.63997428351571e-07,0
1,4,0.5,53,"ASC2_male",0,-1.06864693952147e-08,0
1,4,0.5,53,"ASC2_age",0,0.0156046613047985,0
1,4,0.5,53,"ASC2_income",-0.7,-0.0682896210267766,0
1,4,0.5,53,"ASC2_child",0.7,0.122428470780696,0
1,4,0.5,53,"ASC3_male",0,-0.0860885960504496,0
1,4,0.5,53,"ASC3_age",-0.4,-0.0686304780044638,0
1,4,0.5,53,"ASC3_income",0,0.0497336472080563,0
1,4,0.5,53,"ASC3_child",0,2.58981860890139e-08,0
1,4,0.5,53,"prot25_male",-1.1,-0.12634402824275,0
1,4,0.5,53,"prot25_age",-0.4,-0.140452329990815,0
1,4,0.5,53,"prot25_income",0,-0.0830495012929938,0
1,4,0.5,53,"prot25_child",0,0.143036037074082,0
1,4,0.5,53,"prot50_male",0,0.00713106520179111,0
1,4,0.5,53,"prot50_age",0.4,0.0693688956322387,0
1,4,0.5,53,"prot50_income",0,-0.0641786144066741,0
1,4,0.5,53,"prot50_child",0,0.0733443981980342,0
1,4,0.5,53,"invasive_male",-1.1,-0.319031343403631,0
1,4,0.5,53,"invasive_age",0.4,0.177044946510276,0
1,4,0.5,53,"invasive_income",-0.4,-0.0445100976322411,0
1,4,0.5,53,"invasive_child",0.5,0.174453060410102,0
1,4,0.5,54,"ASC2_male",-1,-0.323199835800875,0
1,4,0.5,54,"ASC2_age",0.5,0.110962303828534,0
1,4,0.5,54,"ASC2_income",0,-7.71347972252559e-08,0
1,4,0.5,54,"ASC2_child",0.2,1.37686026861591e-07,0
1,4,0.5,54,"ASC3_male",0.5,0.132422550842368,0
1,4,0.5,54,"ASC3_age",-0.2,-0.0246285584364937,0
1,4,0.5,54,"ASC3_income",0,6.41889435951038e-06,0
1,4,0.5,54,"ASC3_child",0,-1.09412466142604e-08,0
1,4,0.5,54,"prot25_male",0,0.0778035945317178,0
1,4,0.5,54,"prot25_age",0,-0.0428345203523379,0
1,4,0.5,54,"prot25_income",0.3,0.0763347769443025,0
1,4,0.5,54,"prot25_child",0,0.0236851822708831,0
1,4,0.5,54,"prot50_male",0,-1.71912097738453e-10,0
1,4,0.5,54,"prot50_age",0.9,0.163755049456325,0
1,4,0.5,54,"prot50_income",0,-0.00244732897592219,0
1,4,0.5,54,"prot50_child",-0.4,-0.0533562543541465,0
1,4,0.5,54,"invasive_male",0,-0.184870256905386,0
1,4,0.5,54,"invasive_age",0.9,0.27548228669322,0
1,4,0.5,54,"invasive_income",-0.4,-0.116969490283022,0
1,4,0.5,54,"invasive_child",0,1.29597573862479e-07,0
1,4,0.5,55,"ASC2_male",0.9,0.0649383097814725,0
1,4,0.5,55,"ASC2_age",0,-1.71253299857169e-08,0
1,4,0.5,55,"ASC2_income",0,-0.00640179756341615,0
1,4,0.5,55,"ASC2_child",0.9,0.167957475963124,0
1,4,0.5,55,"ASC3_male",0,-0.0482973420827042,0
1,4,0.5,55,"ASC3_age",0,-1.08794683473008e-08,0
1,4,0.5,55,"ASC3_income",0,0.0266881719774374,0
1,4,0.5,55,"ASC3_child",-1,-0.400709903073465,0
1,4,0.5,55,"prot25_male",-0.9,-0.199505406000229,0
1,4,0.5,55,"prot25_age",-0.6,-0.125124778759387,0
1,4,0.5,55,"prot25_income",0,-0.0305462004737552,0
1,4,0.5,55,"prot25_child",-0.3,-7.39900391123747e-09,0
1,4,0.5,55,"prot50_male",-0.9,-0.170236277836563,0
1,4,0.5,55,"prot50_age",0,-0.0149485717966996,0
1,4,0.5,55,"prot50_income",1.1,0.21330246921131,0
1,4,0.5,55,"prot50_child",0,0.101197363433523,0
1,4,0.5,55,"invasive_male",0.8,0.0661724734363326,0
1,4,0.5,55,"invasive_age",-0.8,-0.149118118480934,0
1,4,0.5,55,"invasive_income",0,0.0038722936440277,0
1,4,0.5,55,"invasive_child",0,-1.26255744429293e-09,0
1,4,0.5,56,"ASC2_male",0,-0.0803059137563503,0
1,4,0.5,56,"ASC2_age",1.1,0.297370804991587,0
1,4,0.5,56,"ASC2_income",0,5.12400674941436e-08,0
1,4,0.5,56,"ASC2_child",0,-0.186235391565919,0
1,4,0.5,56,"ASC3_male",0,-1.6142344166765e-08,0
1,4,0.5,56,"ASC3_age",-1,-0.151720556766546,0
1,4,0.5,56,"ASC3_income",0.8,0.159403077504089,0
1,4,0.5,56,"ASC3_child",0,-0.220127746526223,0
1,4,0.5,56,"prot25_male",0,0.0493698536614611,0
1,4,0.5,56,"prot25_age",0.9,0.208076704911294,0
1,4,0.5,56,"prot25_income",0,0.0240671527419032,0
1,4,0.5,56,"prot25_child",0,9.70241011569274e-08,0
1,4,0.5,56,"prot50_male",0.5,0.051225686174439,0
1,4,0.5,56,"prot50_age",0,-1.88275855578601e-06,0
1,4,0.5,56,"prot50_income",-0.8,-0.0520880353700918,0
1,4,0.5,56,"prot50_child",-0.4,-0.0667563486553483,0
1,4,0.5,56,"invasive_male",0,-0.039647351468847,0
1,4,0.5,56,"invasive_age",0.7,0.165787088340847,0
1,4,0.5,56,"invasive_income",1.1,0.241821089041274,0
1,4,0.5,56,"invasive_child",0.3,6.3967532435773e-05,0
1,4,0.5,57,"ASC2_male",0,-4.43860493347315e-09,0
1,4,0.5,57,"ASC2_age",0,-0.0360961323796736,0
1,4,0.5,57,"ASC2_income",1,0.212266495747871,0
1,4,0.5,57,"ASC2_child",1.1,0.0993209036724704,0
1,4,0.5,57,"ASC3_male",0,0.118992588618299,0
1,4,0.5,57,"ASC3_age",0.9,0.160261656633134,0
1,4,0.5,57,"ASC3_income",0,-0.033051525063685,0
1,4,0.5,57,"ASC3_child",0,-0.0993703511301295,0
1,4,0.5,57,"prot25_male",0.1,0.0350996940662476,0
1,4,0.5,57,"prot25_age",0,-7.742535276542e-09,0
1,4,0.5,57,"prot25_income",0,0.0175474512041241,0
1,4,0.5,57,"prot25_child",-0.4,-1.12333039142139e-08,0
1,4,0.5,57,"prot50_male",1,0.258915877747193,0
1,4,0.5,57,"prot50_age",-0.9,-0.211683341749336,0
1,4,0.5,57,"prot50_income",0,-0.00929439118792268,0
1,4,0.5,57,"prot50_child",-0.2,-6.71316231259734e-09,0
1,4,0.5,57,"invasive_male",-0.4,-0.0615385934299301,0
1,4,0.5,57,"invasive_age",1,0.218798846733401,0
1,4,0.5,57,"invasive_income",0,-0.0911325477904195,0
1,4,0.5,57,"invasive_child",0,-4.91158377536683e-09,0
1,4,0.5,58,"ASC2_male",0,0.0994193161995124,0
1,4,0.5,58,"ASC2_age",-0.4,-0.05814254289143,0
1,4,0.5,58,"ASC2_income",1.1,0.216793262899856,0
1,4,0.5,58,"ASC2_child",0.4,0.0264481738035518,0
1,4,0.5,58,"ASC3_male",0,0.0238427776044624,0
1,4,0.5,58,"ASC3_age",-0.6,-0.0984720852588469,0
1,4,0.5,58,"ASC3_income",0,0.00332108419239798,0
1,4,0.5,58,"ASC3_child",0,-4.48109104101013e-05,0
1,4,0.5,58,"prot25_male",0.2,0.18622316096504,0
1,4,0.5,58,"prot25_age",0,-0.0203579941474807,0
1,4,0.5,58,"prot25_income",0,0.00150995444520454,0
1,4,0.5,58,"prot25_child",-0.4,0.0414001419876892,0
1,4,0.5,58,"prot50_male",0.6,0.178923305711018,0
1,4,0.5,58,"prot50_age",0,-0.0290151349883597,0
1,4,0.5,58,"prot50_income",0,0.000555425883801328,0
1,4,0.5,58,"prot50_child",-0.7,-0.152993256758938,0
1,4,0.5,58,"invasive_male",-1,-0.160921672225863,0
1,4,0.5,58,"invasive_age",0.8,0.159959321779844,0
1,4,0.5,58,"invasive_income",0,-0.0112254529140599,0
1,4,0.5,58,"invasive_child",0,0.0337237811906124,0
1,4,0.5,59,"ASC2_male",1.2,0.277810318766244,0
1,4,0.5,59,"ASC2_age",1.1,0.104696872830342,0
1,4,0.5,59,"ASC2_income",0,2.72606497142757e-07,0
1,4,0.5,59,"ASC2_child",0.2,-1.5998333273198e-08,0
1,4,0.5,59,"ASC3_male",0,-2.51652072939949e-07,0
1,4,0.5,59,"ASC3_age",1,0.151929542876873,0
1,4,0.5,59,"ASC3_income",0,0.0460510366437378,0
1,4,0.5,59,"ASC3_child",0,-1.3040362972578e-08,0
1,4,0.5,59,"prot25_male",0.3,-1.11046281631547e-08,0
1,4,0.5,59,"prot25_age",0,-3.23969513122782e-09,0
1,4,0.5,59,"prot25_income",0.4,0.0789793596212961,0
1,4,0.5,59,"prot25_child",0.3,-1.40467389187376e-08,0
1,4,0.5,59,"prot50_male",0,-1.60356185116493e-09,0
1,4,0.5,59,"prot50_age",0,0.029566464969184,0
1,4,0.5,59,"prot50_income",1,0.192019248169205,0
1,4,0.5,59,"prot50_child",0.9,0.165975395163461,0
1,4,0.5,59,"invasive_male",0,-1.06492178307261e-08,0
1,4,0.5,59,"invasive_age",0,-6.07794770355299e-09,0
1,4,0.5,59,"invasive_income",0,-0.0523201210415609,0
1,4,0.5,59,"invasive_child",-0.6,-0.180959124190282,0
1,4,0.5,60,"ASC2_male",-1,-0.277106289332149,0
1,4,0.5,60,"ASC2_age",-0.1,-1.17231468091383e-09,0
1,4,0.5,60,"ASC2_income",0,-5.93666436947372e-09,0
1,4,0.5,60,"ASC2_child",-0.4,-5.51459858351521e-09,0
1,4,0.5,60,"ASC3_male",-1.1,-0.17817423921757,0
1,4,0.5,60,"ASC3_age",0,-0.0158002239612123,0
1,4,0.5,60,"ASC3_income",0,-0.038706888868055,0
1,4,0.5,60,"ASC3_child",1.2,0.344017029774825,0
1,4,0.5,60,"prot25_male",-1.1,-0.170045207188337,0
1,4,0.5,60,"prot25_age",-0.8,-0.0960542044151499,0
1,4,0.5,60,"prot25_income",0,-6.6708806149442e-09,0
1,4,0.5,60,"prot25_child",0,-1.18158545921392e-09,0
1,4,0.5,60,"prot50_male",-0.4,-1.12888529494896e-08,0
1,4,0.5,60,"prot50_age",0,-5.71715875965847e-09,0
1,4,0.5,60,"prot50_income",0,0.0560283643496582,0
1,4,0.5,60,"prot50_child",0,1.25363607554167e-09,0
1,4,0.5,60,"invasive_male",1.1,0.0580314131882618,0
1,4,0.5,60,"invasive_age",0,-0.0202905568447069,0
1,4,0.5,60,"invasive_income",0,0.0230967971664975,0
1,4,0.5,60,"invasive_child",-0.4,-0.0090450889656347,0
1,4,0.5,61,"ASC2_male",-0.6,-0.134681043842947,0
1,4,0.5,61,"ASC2_age",0,-0.0359180348393496,0
1,4,0.5,61,"ASC2_income",0.3,0.0642478414628922,0
1,4,0.5,61,"ASC2_child",0.8,0.0862505976524577,0
1,4,0.5,61,"ASC3_male",0.5,0.108127987566296,0
1,4,0.5,61,"ASC3_age",0,-0.0571776825930953,0
1,4,0.5,61,"ASC3_income",0,-3.69819740221815e-09,0
1,4,0.5,61,"ASC3_child",0,-0.13713196243152,0
1,4,0.5,61,"prot25_male",0,-8.1613457664504e-09,0
1,4,0.5,61,"prot25_age",-0.6,-0.16025717863419,0
1,4,0.5,61,"prot25_income",0,0.015125047203063,0
1,4,0.5,61,"prot25_child",0,0.0422459928719649,0
1,4,0.5,61,"prot50_male",0,-8.20527126442111e-09,0
1,4,0.5,61,"prot50_age",-0.4,-0.103999973819785,0
1,4,0.5,61,"prot50_income",0,0.0187075004200434,0
1,4,0.5,61,"prot50_child",-0.7,-1.67103897922547e-08,0
1,4,0.5,61,"invasive_male",0,-1.18926711512673e-08,0
1,4,0.5,61,"invasive_age",1.1,0.188579866152799,0
1,4,0.5,61,"invasive_income",1,0.187169459727517,0
1,4,0.5,61,"invasive_child",0.5,0.0225721212549132,0
1,4,0.5,62,"ASC2_male",0,-0.0189259813424497,0
1,4,0.5,62,"ASC2_age",-1,-0.218579359334629,0
1,4,0.5,62,"ASC2_income",-0.6,-0.118274937987105,0
1,4,0.5,62,"ASC2_child",0,-1.47500221545861e-10,0
1,4,0.5,62,"ASC3_male",0,-7.17951048595586e-09,0
1,4,0.5,62,"ASC3_age",0,-4.45758727335657e-09,0
1,4,0.5,62,"ASC3_income",0.3,0.0584121185244403,0
1,4,0.5,62,"ASC3_child",-0.1,-1.91668816900877e-09,0
1,4,0.5,62,"prot25_male",0,0.0115979246410916,0
1,4,0.5,62,"prot25_age",-0.9,-0.213626886112383,0
1,4,0.5,62,"prot25_income",0.5,0.107118350590103,0
1,4,0.5,62,"prot25_child",0.5,0.00953252928588338,0
1,4,0.5,62,"prot50_male",-0.8,-0.261139769003356,0
1,4,0.5,62,"prot50_age",0,-0.0132979714273749,0
1,4,0.5,62,"prot50_income",0,-2.00902563614926e-09,0
1,4,0.5,62,"prot50_child",1.2,0.221250313314932,0
1,4,0.5,62,"invasive_male",0.3,0.0245232717267566,0
1,4,0.5,62,"invasive_age",0,-0.0266752646314968,0
1,4,0.5,62,"invasive_income",0,-1.39066835312855e-08,0
1,4,0.5,62,"invasive_child",0,-5.53155164412052e-09,0
1,4,0.5,63,"ASC2_male",0.9,0.128036332904632,0
1,4,0.5,63,"ASC2_age",-0.1,0.0177658752424342,0
1,4,0.5,63,"ASC2_income",0,-0.0136359633539426,0
1,4,0.5,63,"ASC2_child",0.1,-1.62039897825752e-08,0
1,4,0.5,63,"ASC3_male",0.4,9.38617285879444e-07,0
1,4,0.5,63,"ASC3_age",-0.7,-0.10618315920507,0
1,4,0.5,63,"ASC3_income",0,1.90619915791861e-07,0
1,4,0.5,63,"ASC3_child",0,1.17424077643087e-07,0
1,4,0.5,63,"prot25_male",0,0.000397680786523536,0
1,4,0.5,63,"prot25_age",0,-0.0506560204288394,0
1,4,0.5,63,"prot25_income",-0.2,-0.0170168685721216,0
1,4,0.5,63,"prot25_child",0,7.11160672457145e-07,0
1,4,0.5,63,"prot50_male",0,0.119253588852403,0
1,4,0.5,63,"prot50_age",1,0.185204398486292,0
1,4,0.5,63,"prot50_income",0,3.8538211743644e-07,0
1,4,0.5,63,"prot50_child",-0.2,-1.52790229767224e-09,0
1,4,0.5,63,"invasive_male",0,-2.10122858102864e-08,0
1,4,0.5,63,"invasive_age",-0.5,-0.0676122499027106,0
1,4,0.5,63,"invasive_income",0,-9.72419229234944e-09,0
1,4,0.5,63,"invasive_child",-0.6,-1.64940305774842e-07,0
1,4,0.5,64,"ASC2_male",0,-1.79777469176331e-09,0
1,4,0.5,64,"ASC2_age",0,0.044400532061015,0
1,4,0.5,64,"ASC2_income",1.1,0.209551191485202,0
1,4,0.5,64,"ASC2_child",0.5,0.0217209001350621,0
1,4,0.5,64,"ASC3_male",0,-1.03261036775609e-09,0
1,4,0.5,64,"ASC3_age",0,-1.0903360305204e-07,0
1,4,0.5,64,"ASC3_income",1.1,0.259860161303487,0
1,4,0.5,64,"ASC3_child",0,-2.0699110882593e-09,0
1,4,0.5,64,"prot25_male",0,0.0667244323042175,0
1,4,0.5,64,"prot25_age",-1.1,-0.244459785388817,0
1,4,0.5,64,"prot25_income",-0.7,-0.135814875660725,0
1,4,0.5,64,"prot25_child",-0.8,-3.58853853369092e-07,0
1,4,0.5,64,"prot50_male",0,-0.0117707586706392,0
1,4,0.5,64,"prot50_age",0.9,0.20718906377934,0
1,4,0.5,64,"prot50_income",-0.5,-0.0354022197748827,0
1,4,0.5,64,"prot50_child",0,0.20587316076566,0
1,4,0.5,64,"invasive_male",0,0.0416426530804836,0
1,4,0.5,64,"invasive_age",-1.1,-0.243068063118187,0
1,4,0.5,64,"invasive_income",0.3,0.0726284483035975,0
1,4,0.5,64,"invasive_child",0,-0.0371444505012975,0
1,4,0.5,65,"ASC2_male",0,-0.0394446839695368,0
1,4,0.5,65,"ASC2_age",0,-0.0691636213714539,0
1,4,0.5,65,"ASC2_income",-0.7,-0.164249908316739,0
1,4,0.5,65,"ASC2_child",0,0.0282025503049079,0
1,4,0.5,65,"ASC3_male",0,3.28453818016557e-06,0
1,4,0.5,65,"ASC3_age",-0.9,-0.242388067856802,0
1,4,0.5,65,"ASC3_income",0,0.00942395166745472,0
1,4,0.5,65,"ASC3_child",0,0.0914475491150303,0
1,4,0.5,65,"prot25_male",0.1,0.0524226721980862,0
1,4,0.5,65,"prot25_age",-0.8,-0.13168815708345,0
1,4,0.5,65,"prot25_income",0.9,0.225667045587298,0
1,4,0.5,65,"prot25_child",0,6.66373729469519e-07,0
1,4,0.5,65,"prot50_male",0.8,0.0292238114431821,0
1,4,0.5,65,"prot50_age",1.1,0.395049058244531,0
1,4,0.5,65,"prot50_income",-1,-0.346605577256799,0
1,4,0.5,65,"prot50_child",-1.2,-0.400601841117456,0
1,4,0.5,65,"invasive_male",0,-0.0234302854448686,0
1,4,0.5,65,"invasive_age",0,0.0381921442507716,0
1,4,0.5,65,"invasive_income",-1,-0.299043254173296,0
1,4,0.5,65,"invasive_child",0,-7.18209074710795e-09,0
1,4,0.5,66,"ASC2_male",0.9,0.0405797389609614,0
1,4,0.5,66,"ASC2_age",0.9,0.23760012321441,0
1,4,0.5,66,"ASC2_income",0,-8.30297004742758e-09,0
1,4,0.5,66,"ASC2_child",0,-0.0257782900903348,0
1,4,0.5,66,"ASC3_male",-0.6,-0.0805524895719758,0
1,4,0.5,66,"ASC3_age",0,-0.0287816037734547,0
1,4,0.5,66,"ASC3_income",-1.2,-0.293442054464339,0
1,4,0.5,66,"ASC3_child",0,0.0320328511776542,0
1,4,0.5,66,"prot25_male",0,0.0704396130600986,0
1,4,0.5,66,"prot25_age",-0.4,-0.116319423489996,0
1,4,0.5,66,"prot25_income",-0.4,-0.164828731701885,0
1,4,0.5,66,"prot25_child",0,0.0140975392687489,0
1,4,0.5,66,"prot50_male",0,1.03425680231081e-07,0
1,4,0.5,66,"prot50_age",0,-0.00238104688843919,0
1,4,0.5,66,"prot50_income",0.2,1.11718875653925e-05,0
1,4,0.5,66,"prot50_child",-0.7,-0.0206014562096859,0
1,4,0.5,66,"invasive_male",0.5,0.0946162712565621,0
1,4,0.5,66,"invasive_age",0.9,0.249364768738241,0
1,4,0.5,66,"invasive_income",0,-0.0314243239297146,0
1,4,0.5,66,"invasive_child",0,9.82532868733695e-07,0
1,4,0.5,67,"ASC2_male",0,0.00505758397550371,0
1,4,0.5,67,"ASC2_age",-1.1,-0.260241337417842,0
1,4,0.5,67,"ASC2_income",0.6,-1.12875093804966e-08,0
1,4,0.5,67,"ASC2_child",0.3,3.63633696079124e-06,0
1,4,0.5,67,"ASC3_male",0,-3.13989869426461e-08,0
1,4,0.5,67,"ASC3_age",0,-5.13733203274399e-11,0
1,4,0.5,67,"ASC3_income",0.7,0.0061827436209267,0
1,4,0.5,67,"ASC3_child",0,-1.75043680010806e-08,0
1,4,0.5,67,"prot25_male",0.9,0.218057739240174,0
1,4,0.5,67,"prot25_age",0.5,0.0423987562323456,0
1,4,0.5,67,"prot25_income",-0.8,-0.108301841965221,0
1,4,0.5,67,"prot25_child",0,-7.36070159081854e-08,0
1,4,0.5,67,"prot50_male",-0.7,-1.48725477489892e-09,0
1,4,0.5,67,"prot50_age",0,-0.0910835835691733,0
1,4,0.5,67,"prot50_income",-0.2,3.23962356081939e-08,0
1,4,0.5,67,"prot50_child",0,1.39106875512747e-08,0
1,4,0.5,67,"invasive_male",0,-3.78917975408422e-09,0
1,4,0.5,67,"invasive_age",0,-1.97495718074231e-07,0
1,4,0.5,67,"invasive_income",0,2.28184917110803e-06,0
1,4,0.5,67,"invasive_child",0.9,0.0898177556055544,0
1,4,0.5,68,"ASC2_male",0.3,0.0131090334614391,0
1,4,0.5,68,"ASC2_age",0.9,0.271550006566144,0
1,4,0.5,68,"ASC2_income",-1,-0.234084747849505,0
1,4,0.5,68,"ASC2_child",0.1,6.41991586495977e-06,0
1,4,0.5,68,"ASC3_male",0,-0.0344556482070051,0
1,4,0.5,68,"ASC3_age",0.7,0.217619754441504,0
1,4,0.5,68,"ASC3_income",0,-1.85428955539301e-10,0
1,4,0.5,68,"ASC3_child",-0.4,-0.0634791222421173,0
1,4,0.5,68,"prot25_male",0,1.5547846809016e-06,0
1,4,0.5,68,"prot25_age",0,-0.0348258446749431,0
1,4,0.5,68,"prot25_income",0,0.00116681352619916,0
1,4,0.5,68,"prot25_child",-0.6,-0.00203563036506499,0
1,4,0.5,68,"prot50_male",0,0.0617165330134708,0
1,4,0.5,68,"prot50_age",0.1,1.44447885767875e-05,0
1,4,0.5,68,"prot50_income",0,7.87400040056055e-05,0
1,4,0.5,68,"prot50_child",0,0.015422541924329,0
1,4,0.5,68,"invasive_male",0,2.00089188393462e-06,0
1,4,0.5,68,"invasive_age",0,-1.51145606266398e-08,0
1,4,0.5,68,"invasive_income",0.5,0.152293536730214,0
1,4,0.5,68,"invasive_child",0.3,0.0745622368159174,0
1,4,0.5,69,"ASC2_male",0,-0.000551386124848104,0
1,4,0.5,69,"ASC2_age",0,-0.0183351042820453,0
1,4,0.5,69,"ASC2_income",-0.9,-0.140039203670505,0
1,4,0.5,69,"ASC2_child",0,-6.27572360587686e-08,0
1,4,0.5,69,"ASC3_male",0.8,0.0494874398171876,0
1,4,0.5,69,"ASC3_age",0,-4.42239486090157e-09,0
1,4,0.5,69,"ASC3_income",0,0.0993465256552104,0
1,4,0.5,69,"ASC3_child",0,-1.47132339803885e-07,0
1,4,0.5,69,"prot25_male",-0.4,-2.03634942261542e-06,0
1,4,0.5,69,"prot25_age",-0.8,-0.179405198929466,0
1,4,0.5,69,"prot25_income",0,-1.1823884884091e-06,0
1,4,0.5,69,"prot25_child",1.2,0.132880216318408,0
1,4,0.5,69,"prot50_male",0,0.0458281140647934,0
1,4,0.5,69,"prot50_age",-0.7,-0.229162371008443,0
1,4,0.5,69,"prot50_income",0,3.77627926334393e-07,0
1,4,0.5,69,"prot50_child",-0.6,-0.116232441825032,0
1,4,0.5,69,"invasive_male",-1.1,-0.223268090430409,0
1,4,0.5,69,"invasive_age",0.5,0.0673136957768196,0
1,4,0.5,69,"invasive_income",-0.9,-0.158715909437293,0
1,4,0.5,69,"invasive_child",0,-9.65149850523602e-09,0
1,4,0.5,70,"ASC2_male",0,-0.0887687171882908,0
1,4,0.5,70,"ASC2_age",-1,-0.117706141662789,0
1,4,0.5,70,"ASC2_income",1.2,0.319613422582053,0
1,4,0.5,70,"ASC2_child",0.3,0.106444941070112,0
1,4,0.5,70,"ASC3_male",0,-1.12993137068745e-09,0
1,4,0.5,70,"ASC3_age",-0.9,-0.0953394174928877,0
1,4,0.5,70,"ASC3_income",0,0.0133430406677607,0
1,4,0.5,70,"ASC3_child",0,-1.11900169668998e-08,0
1,4,0.5,70,"prot25_male",0,0.103841538492306,0
1,4,0.5,70,"prot25_age",0.2,-1.04677313837559e-08,0
1,4,0.5,70,"prot25_income",0,-1.40126124900523e-08,0
1,4,0.5,70,"prot25_child",-0.7,-0.0884848308139657,0
1,4,0.5,70,"prot50_male",0,0.0559898071144005,0
1,4,0.5,70,"prot50_age",0,-0.0491253767789381,0
1,4,0.5,70,"prot50_income",-0.7,-0.0803286648273114,0
1,4,0.5,70,"prot50_child",0,0.0958398848342744,0
1,4,0.5,70,"invasive_male",-0.3,-0.0197696769393636,0
1,4,0.5,70,"invasive_age",0,0.0398586213796689,0
1,4,0.5,70,"invasive_income",-0.7,-0.141844922139168,0
1,4,0.5,70,"invasive_child",-0.6,-0.133177128814969,0
1,4,0.5,71,"ASC2_male",-1.1,-0.211420666991077,0
1,4,0.5,71,"ASC2_age",0,-0.0381921089131659,0
1,4,0.5,71,"ASC2_income",0,-2.97603921913271e-12,0
1,4,0.5,71,"ASC2_child",-0.4,-0.194997616599185,0
1,4,0.5,71,"ASC3_male",0,-0.00617504412712491,0
1,4,0.5,71,"ASC3_age",0,0.00371967521513848,0
1,4,0.5,71,"ASC3_income",-0.5,-0.0765248605827758,0
1,4,0.5,71,"ASC3_child",-0.6,-0.146556975911166,0
1,4,0.5,71,"prot25_male",0,-7.94886698606806e-08,0
1,4,0.5,71,"prot25_age",0,0.0269090385543682,0
1,4,0.5,71,"prot25_income",0,-1.45518560581637e-06,0
1,4,0.5,71,"prot25_child",0.2,2.50645659191009e-07,0
1,4,0.5,71,"prot50_male",-0.5,-0.166955367290826,0
1,4,0.5,71,"prot50_age",0.2,-7.58775142370774e-08,0
1,4,0.5,71,"prot50_income",-1.1,-0.307537746110574,0
1,4,0.5,71,"prot50_child",0,0.0403293154358313,0
1,4,0.5,71,"invasive_male",0.9,0.1241759144169,0
1,4,0.5,71,"invasive_age",1.2,0.2484144911268,0
1,4,0.5,71,"invasive_income",0,0.0362041289227955,0
1,4,0.5,71,"invasive_child",0,0.00882818892930325,0
1,4,0.5,72,"ASC2_male",0,-9.08391935344969e-09,0
1,4,0.5,72,"ASC2_age",0,-0.123857867997976,0
1,4,0.5,72,"ASC2_income",0.2,0.0498921380228726,0
1,4,0.5,72,"ASC2_child",0.1,0.0275861986719854,0
1,4,0.5,72,"ASC3_male",0,0.0100024315492372,0
1,4,0.5,72,"ASC3_age",0.7,4.52710413720899e-05,0
1,4,0.5,72,"ASC3_income",0,-0.0108583749115997,0
1,4,0.5,72,"ASC3_child",0,-0.00337618052897699,0
1,4,0.5,72,"prot25_male",-0.2,1.67636957955682e-05,0
1,4,0.5,72,"prot25_age",-1.1,-0.175683154050259,0
1,4,0.5,72,"prot25_income",0,-4.35736135254044e-06,0
1,4,0.5,72,"prot25_child",0,-4.71496018392361e-08,0
1,4,0.5,72,"prot50_male",0.5,0.00112333814915863,0
1,4,0.5,72,"prot50_age",0,0.102169032907714,0
1,4,0.5,72,"prot50_income",0,0.00774243509005679,0
1,4,0.5,72,"prot50_child",0.1,0.0616390141548243,0
1,4,0.5,72,"invasive_male",0,1.58149758362725e-06,0
1,4,0.5,72,"invasive_age",0.3,-4.83301850398399e-10,0
1,4,0.5,72,"invasive_income",0.4,0.0615537727595814,0
1,4,0.5,72,"invasive_child",-0.4,-0.0851937412761919,0
1,4,0.5,73,"ASC2_male",0,-2.67145425513352e-08,0
1,4,0.5,73,"ASC2_age",0,0.0667902718793899,0
1,4,0.5,73,"ASC2_income",0,0.00454317218541954,0
1,4,0.5,73,"ASC2_child",0.9,0.0520147454878056,0
1,4,0.5,73,"ASC3_male",0,0.000449243697530898,0
1,4,0.5,73,"ASC3_age",-0.7,-0.098634062505943,0
1,4,0.5,73,"ASC3_income",0,-2.56956659359808e-09,0
1,4,0.5,73,"ASC3_child",0,-1.02983716867464e-08,0
1,4,0.5,73,"prot25_male",-0.5,-3.5321086852489e-08,0
1,4,0.5,73,"prot25_age",1,0.182232238693053,0
1,4,0.5,73,"prot25_income",0,-1.15379090859625e-09,0
1,4,0.5,73,"prot25_child",0,-7.69315624615607e-09,0
1,4,0.5,73,"prot50_male",0.6,0.0541135979819713,0
1,4,0.5,73,"prot50_age",0.8,0.173940173250298,0
1,4,0.5,73,"prot50_income",1.2,0.299250608529377,0
1,4,0.5,73,"prot50_child",0.9,0.173413937390627,0
1,4,0.5,73,"invasive_male",0,-1.68871075018602e-09,0
1,4,0.5,73,"invasive_age",-1.2,-0.243489182292887,0
1,4,0.5,73,"invasive_income",0,-0.00562308185035374,0
1,4,0.5,73,"invasive_child",1.1,6.83239513489855e-09,0
1,4,0.5,74,"ASC2_male",0,-0.167800968824529,0
1,4,0.5,74,"ASC2_age",0,-0.0241083447178363,0
1,4,0.5,74,"ASC2_income",-0.5,-0.150986082017305,0
1,4,0.5,74,"ASC2_child",0,-0.120498266083458,0
1,4,0.5,74,"ASC3_male",0.2,-0.0436775966813863,0
1,4,0.5,74,"ASC3_age",0,0.0594390857383166,0
1,4,0.5,74,"ASC3_income",1,0.230309327294633,0
1,4,0.5,74,"ASC3_child",-0.8,-0.256718189771193,0
1,4,0.5,74,"prot25_male",-1.1,-0.211021132964212,0
1,4,0.5,74,"prot25_age",-0.7,-0.341243275683773,0
1,4,0.5,74,"prot25_income",0.8,0.223998573738962,0
1,4,0.5,74,"prot25_child",0,0.0973948364561748,0
1,4,0.5,74,"prot50_male",0.5,0.0788790262331448,0
1,4,0.5,74,"prot50_age",0,-0.0623971734313486,0
1,4,0.5,74,"prot50_income",-0.2,-0.0640061884726226,0
1,4,0.5,74,"prot50_child",0,-0.0107809773698973,0
1,4,0.5,74,"invasive_male",0,-0.230445966500672,0
1,4,0.5,74,"invasive_age",0,-0.0678213059232546,0
1,4,0.5,74,"invasive_income",0,-0.0703831537373383,0
1,4,0.5,74,"invasive_child",1.1,0.134386717900777,0
1,4,0.5,75,"ASC2_male",0,-0.0910509409528424,0
1,4,0.5,75,"ASC2_age",0,-0.0296541783834722,0
1,4,0.5,75,"ASC2_income",-0.1,-2.55159202218759e-07,0
1,4,0.5,75,"ASC2_child",0,-0.164136355399123,0
1,4,0.5,75,"ASC3_male",0,-0.0416553232350676,0
1,4,0.5,75,"ASC3_age",-0.8,-0.236698853162724,0
1,4,0.5,75,"ASC3_income",0,0.0282658789542747,0
1,4,0.5,75,"ASC3_child",0.3,8.28816870931404e-06,0
1,4,0.5,75,"prot25_male",0,0.177153998498954,0
1,4,0.5,75,"prot25_age",0,0.0418202344711425,0
1,4,0.5,75,"prot25_income",-0.5,-0.195896719801924,0
1,4,0.5,75,"prot25_child",0.6,0.282699292371376,0
1,4,0.5,75,"prot50_male",0,0.114691054593054,0
1,4,0.5,75,"prot50_age",0,0.075076587075584,0
1,4,0.5,75,"prot50_income",-0.5,-0.180367880322773,0
1,4,0.5,75,"prot50_child",0,0.206812329930067,0
1,4,0.5,75,"invasive_male",-0.9,-0.189409203928224,0
1,4,0.5,75,"invasive_age",-0.1,0.00164372013017448,0
1,4,0.5,75,"invasive_income",1.1,0.258928891734173,0
1,4,0.5,75,"invasive_child",0.1,0.0450655383263777,0
1,4,0.5,76,"ASC2_male",0,-0.00739646141382079,0
1,4,0.5,76,"ASC2_age",-0.8,-0.12486935858676,0
1,4,0.5,76,"ASC2_income",-0.8,-0.107736899647541,0
1,4,0.5,76,"ASC2_child",0,-1.92544307208396e-09,0
1,4,0.5,76,"ASC3_male",1,0.145509160916814,0
1,4,0.5,76,"ASC3_age",0.2,0.111026657089231,0
1,4,0.5,76,"ASC3_income",0.7,0.252891534415013,0
1,4,0.5,76,"ASC3_child",0,-1.33651184898601e-07,0
1,4,0.5,76,"prot25_male",1,0.428469282921755,0
1,4,0.5,76,"prot25_age",-0.4,-0.0840766814961399,0
1,4,0.5,76,"prot25_income",0,-3.99122926222841e-09,0
1,4,0.5,76,"prot25_child",0,-0.0327161412005665,0
1,4,0.5,76,"prot50_male",-1.1,-0.147645068524697,0
1,4,0.5,76,"prot50_age",0,0.0153196375253456,0
1,4,0.5,76,"prot50_income",0,0.042911681288822,0
1,4,0.5,76,"prot50_child",0,0.0103614367607375,0
1,4,0.5,76,"invasive_male",0.5,0.286072543864822,0
1,4,0.5,76,"invasive_age",0,0.0325882887801045,0
1,4,0.5,76,"invasive_income",0,-0.00449312777592537,0
1,4,0.5,76,"invasive_child",-1.2,-0.438288057139454,0
1,4,0.5,77,"ASC2_male",0.4,0.114028979473159,0
1,4,0.5,77,"ASC2_age",0,0.0279437024113431,0
1,4,0.5,77,"ASC2_income",0,0.0278124293317667,0
1,4,0.5,77,"ASC2_child",-1.1,-0.258022353365979,0
1,4,0.5,77,"ASC3_male",0,-0.0180380052939607,0
1,4,0.5,77,"ASC3_age",0,0.0124655527305094,0
1,4,0.5,77,"ASC3_income",-1.1,-0.257484032000604,0
1,4,0.5,77,"ASC3_child",0.7,0.216906834150314,0
1,4,0.5,77,"prot25_male",-0.1,3.35752160953819e-07,0
1,4,0.5,77,"prot25_age",0,4.37857397811573e-06,0
1,4,0.5,77,"prot25_income",0.8,0.143422022462084,0
1,4,0.5,77,"prot25_child",-0.7,-0.0999235378423832,0
1,4,0.5,77,"prot50_male",0,1.85015186740298e-09,0
1,4,0.5,77,"prot50_age",0.4,0.034485486092874,0
1,4,0.5,77,"prot50_income",0.8,0.196632173286992,0
1,4,0.5,77,"prot50_child",0,-2.2489678352464e-09,0
1,4,0.5,77,"invasive_male",0,-4.25260018691247e-08,0
1,4,0.5,77,"invasive_age",0,-0.000511352580664755,0
1,4,0.5,77,"invasive_income",0,0.0242241539187009,0
1,4,0.5,77,"invasive_child",0.9,0.00530291830572801,0
1,4,0.5,78,"ASC2_male",-0.6,-0.0379049261802818,0
1,4,0.5,78,"ASC2_age",0,0.0179449827164462,0
1,4,0.5,78,"ASC2_income",0,-0.00200439662193994,0
1,4,0.5,78,"ASC2_child",0,-0.113616100859832,0
1,4,0.5,78,"ASC3_male",-1.2,-0.176650604050838,0
1,4,0.5,78,"ASC3_age",-0.7,-0.197832583456044,0
1,4,0.5,78,"ASC3_income",0,0.0128058821132259,0
1,4,0.5,78,"ASC3_child",0.8,0.150776057212998,0
1,4,0.5,78,"prot25_male",0.4,-2.8274961383443e-08,0
1,4,0.5,78,"prot25_age",0,0.0577846499471858,0
1,4,0.5,78,"prot25_income",0,-0.0285103733282696,0
1,4,0.5,78,"prot25_child",-1.2,-0.19610867786275,0
1,4,0.5,78,"prot50_male",0,-0.148778384190553,0
1,4,0.5,78,"prot50_age",0.5,0.164626313577402,0
1,4,0.5,78,"prot50_income",0.1,3.164563615123e-09,0
1,4,0.5,78,"prot50_child",0.2,0.146692001183787,0
1,4,0.5,78,"invasive_male",0,-1.9867816704211e-09,0
1,4,0.5,78,"invasive_age",0,-0.0693419058530802,0
1,4,0.5,78,"invasive_income",0,0.0401953512316524,0
1,4,0.5,78,"invasive_child",0.9,0.141614922230034,0
1,4,0.5,79,"ASC2_male",0,-4.92399443431087e-09,0
1,4,0.5,79,"ASC2_age",0,-9.98588773012574e-09,0
1,4,0.5,79,"ASC2_income",0.2,0.0711971061768277,0
1,4,0.5,79,"ASC2_child",0,-1.20503380251279e-08,0
1,4,0.5,79,"ASC3_male",0,-7.81060097570035e-09,0
1,4,0.5,79,"ASC3_age",-0.6,-0.155848519981311,0
1,4,0.5,79,"ASC3_income",-1,-0.183390992065552,0
1,4,0.5,79,"ASC3_child",0.7,0.0358754234867775,0
1,4,0.5,79,"prot25_male",0,0.0377379829470022,0
1,4,0.5,79,"prot25_age",-1,-0.175288240795441,0
1,4,0.5,79,"prot25_income",0,-1.40801938486604e-08,0
1,4,0.5,79,"prot25_child",0,-3.78913252387206e-09,0
1,4,0.5,79,"prot50_male",-1.1,-0.117049055648034,0
1,4,0.5,79,"prot50_age",-1.1,-0.274594351572107,0
1,4,0.5,79,"prot50_income",0.9,0.196885229253303,0
1,4,0.5,79,"prot50_child",0.4,-7.41275021527558e-09,0
1,4,0.5,79,"invasive_male",-0.4,-5.51401787545891e-08,0
1,4,0.5,79,"invasive_age",0,0.0156050386502235,0
1,4,0.5,79,"invasive_income",0,6.28504111379169e-09,0
1,4,0.5,79,"invasive_child",0,-1.12779678239933e-08,0
1,4,0.5,80,"ASC2_male",-0.3,-0.10127314630033,0
1,4,0.5,80,"ASC2_age",0,0.0691625117581642,0
1,4,0.5,80,"ASC2_income",0.9,0.111246508905257,0
1,4,0.5,80,"ASC2_child",-1,-0.0553150285148634,0
1,4,0.5,80,"ASC3_male",0,-7.55200766376451e-08,0
1,4,0.5,80,"ASC3_age",-0.6,-0.126431832343906,0
1,4,0.5,80,"ASC3_income",0,-0.0900925936300775,0
1,4,0.5,80,"ASC3_child",0,-0.0325689709415629,0
1,4,0.5,80,"prot25_male",0,-1.4192266164879e-09,0
1,4,0.5,80,"prot25_age",0.8,0.0759475943764568,0
1,4,0.5,80,"prot25_income",0.1,0.0955441657397719,0
1,4,0.5,80,"prot25_child",0,-0.102905697607797,0
1,4,0.5,80,"prot50_male",0,-0.00187086917060449,0
1,4,0.5,80,"prot50_age",0,-1.45959751963515e-08,0
1,4,0.5,80,"prot50_income",0.7,0.21256704024746,0
1,4,0.5,80,"prot50_child",0,2.22425799633893e-08,0
1,4,0.5,80,"invasive_male",0,-2.61551931140535e-07,0
1,4,0.5,80,"invasive_age",-0.8,-0.186592981257158,0
1,4,0.5,80,"invasive_income",-0.7,-0.224294366614226,0
1,4,0.5,80,"invasive_child",0.7,0.0746203341021324,0
1,4,0.5,81,"ASC2_male",0,0.0417648865731814,0
1,4,0.5,81,"ASC2_age",-1.1,-0.208327714848821,0
1,4,0.5,81,"ASC2_income",0.1,4.84594473565721e-06,0
1,4,0.5,81,"ASC2_child",0.8,0.200904443967834,0
1,4,0.5,81,"ASC3_male",0,-1.08478786682971e-06,0
1,4,0.5,81,"ASC3_age",0,0.0109316704251642,0
1,4,0.5,81,"ASC3_income",-0.8,-0.165256673344132,0
1,4,0.5,81,"ASC3_child",0,-4.85319731206123e-09,0
1,4,0.5,81,"prot25_male",0,3.62138086509734e-07,0
1,4,0.5,81,"prot25_age",-0.3,-0.0839109152612425,0
1,4,0.5,81,"prot25_income",0.1,0.0320052936129535,0
1,4,0.5,81,"prot25_child",0.2,-1.30667940391561e-08,0
1,4,0.5,81,"prot50_male",0,1.02197692308362e-07,0
1,4,0.5,81,"prot50_age",0.4,0.109482859004104,0
1,4,0.5,81,"prot50_income",-0.3,-0.0492870670857354,0
1,4,0.5,81,"prot50_child",0,-7.87603308637688e-09,0
1,4,0.5,81,"invasive_male",0,-0.00665661456291815,0
1,4,0.5,81,"invasive_age",0,0.0338926064018392,0
1,4,0.5,81,"invasive_income",-0.5,-0.0174359995362443,0
1,4,0.5,81,"invasive_child",0,5.56871967271972e-08,0
1,4,0.5,82,"ASC2_male",0.9,0.132548954933711,0
1,4,0.5,82,"ASC2_age",-0.6,-1.31467181777446e-08,0
1,4,0.5,82,"ASC2_income",1.1,0.191264228698146,0
1,4,0.5,82,"ASC2_child",-0.9,-5.40259506316566e-07,0
1,4,0.5,82,"ASC3_male",0,-8.98967182499486e-09,0
1,4,0.5,82,"ASC3_age",0,0.0550985226109858,0
1,4,0.5,82,"ASC3_income",0,-0.0375504121152117,0
1,4,0.5,82,"ASC3_child",0.3,0.11789024354832,0
1,4,0.5,82,"prot25_male",0,0.105080208876271,0
1,4,0.5,82,"prot25_age",0,-1.84082059660848e-07,0
1,4,0.5,82,"prot25_income",0,5.11618467608744e-08,0
1,4,0.5,82,"prot25_child",1.1,0.10576159494105,0
1,4,0.5,82,"prot50_male",-0.4,2.7343636237569e-07,0
1,4,0.5,82,"prot50_age",0,-1.26441006290665e-08,0
1,4,0.5,82,"prot50_income",-0.5,-0.080582919653826,0
1,4,0.5,82,"prot50_child",0,-1.15449964025306e-08,0
1,4,0.5,82,"invasive_male",0,-0.0174727127341244,0
1,4,0.5,82,"invasive_age",-1.1,-0.1790913364186,0
1,4,0.5,82,"invasive_income",0,-1.43731497388149e-06,0
1,4,0.5,82,"invasive_child",0.4,-1.37517535832629e-08,0
1,4,0.5,83,"ASC2_male",0.9,0.014804125471625,0
1,4,0.5,83,"ASC2_age",0,0.000773076125253954,0
1,4,0.5,83,"ASC2_income",-0.9,-0.281492806354066,0
1,4,0.5,83,"ASC2_child",-0.8,-0.199113010303322,0
1,4,0.5,83,"ASC3_male",0.9,0.0119934761062168,0
1,4,0.5,83,"ASC3_age",0,8.00550150556566e-09,0
1,4,0.5,83,"ASC3_income",0,-1.36090796038814e-08,0
1,4,0.5,83,"ASC3_child",0,-1.41435014166755e-09,0
1,4,0.5,83,"prot25_male",1,0.330339227790199,0
1,4,0.5,83,"prot25_age",1.2,0.323528374469743,0
1,4,0.5,83,"prot25_income",-0.2,-0.0627362170829296,0
1,4,0.5,83,"prot25_child",0,0.177665448892613,0
1,4,0.5,83,"prot50_male",0,-2.8031137198328e-10,0
1,4,0.5,83,"prot50_age",0,1.91592725274053e-05,0
1,4,0.5,83,"prot50_income",-0.2,0.0285294018747175,0
1,4,0.5,83,"prot50_child",0,-3.47469917840835e-08,0
1,4,0.5,83,"invasive_male",0,-0.122182688271741,0
1,4,0.5,83,"invasive_age",-0.8,-0.180144436284945,0
1,4,0.5,83,"invasive_income",-0.9,-0.195072321797194,0
1,4,0.5,83,"invasive_child",0,3.61695538895892e-09,0
1,4,0.5,84,"ASC2_male",0,1.81069186059993e-09,0
1,4,0.5,84,"ASC2_age",0,0.0122858512133469,0
1,4,0.5,84,"ASC2_income",0.4,0.0132276039287788,0
1,4,0.5,84,"ASC2_child",-0.9,-0.0617553765318806,0
1,4,0.5,84,"ASC3_male",-0.2,0.0277747556366029,0
1,4,0.5,84,"ASC3_age",0.6,0.193523363029435,0
1,4,0.5,84,"ASC3_income",0.4,3.55311988452124e-06,0
1,4,0.5,84,"ASC3_child",-0.6,-0.0725233602958756,0
1,4,0.5,84,"prot25_male",0,0.100117687644804,0
1,4,0.5,84,"prot25_age",0,1.00683794008352e-07,0
1,4,0.5,84,"prot25_income",0.2,8.21779136883163e-10,0
1,4,0.5,84,"prot25_child",-0.7,-0.0111904516084272,0
1,4,0.5,84,"prot50_male",0,2.59436401829115e-07,0
1,4,0.5,84,"prot50_age",0,0.0549616776092127,0
1,4,0.5,84,"prot50_income",0,0.0503051966472241,0
1,4,0.5,84,"prot50_child",-0.9,-0.0613695440868176,0
1,4,0.5,84,"invasive_male",-1.1,-0.206747330124152,0
1,4,0.5,84,"invasive_age",0,-6.26454684567616e-05,0
1,4,0.5,84,"invasive_income",0,-1.0270179858538e-08,0
1,4,0.5,84,"invasive_child",0,0.0200469227893726,0
1,4,0.5,85,"ASC2_male",0.9,0.125613942562266,0
1,4,0.5,85,"ASC2_age",0,2.5962433805757e-08,0
1,4,0.5,85,"ASC2_income",0.4,-7.76111000242828e-08,0
1,4,0.5,85,"ASC2_child",0,-0.0645732705311576,0
1,4,0.5,85,"ASC3_male",0,-0.0911293950237329,0
1,4,0.5,85,"ASC3_age",0.5,0.072274438114558,0
1,4,0.5,85,"ASC3_income",0.9,0.136693939752896,0
1,4,0.5,85,"ASC3_child",0.4,-7.79156680849232e-11,0
1,4,0.5,85,"prot25_male",0,-0.086167104182963,0
1,4,0.5,85,"prot25_age",-0.3,-0.0479337488650744,0
1,4,0.5,85,"prot25_income",0.7,0.217164324308415,0
1,4,0.5,85,"prot25_child",0,-5.7379138922848e-08,0
1,4,0.5,85,"prot50_male",0,-5.98314898537434e-09,0
1,4,0.5,85,"prot50_age",-0.8,-0.208003974577068,0
1,4,0.5,85,"prot50_income",-0.7,-0.206921946918127,0
1,4,0.5,85,"prot50_child",0,0.0756254830543722,0
1,4,0.5,85,"invasive_male",0,-0.0113076321104201,0
1,4,0.5,85,"invasive_age",0,-0.102457928000213,0
1,4,0.5,85,"invasive_income",0,-0.122981227199775,0
1,4,0.5,85,"invasive_child",0.6,-0.151546573729129,0
1,4,0.5,86,"ASC2_male",0,-1.06268339199976e-08,0
1,4,0.5,86,"ASC2_age",-0.6,-0.0885062871781277,0
1,4,0.5,86,"ASC2_income",0.7,0.0319783741699925,0
1,4,0.5,86,"ASC2_child",0,0.0202353083111628,0
1,4,0.5,86,"ASC3_male",0,3.74869147809583e-09,0
1,4,0.5,86,"ASC3_age",0,3.62266450604633e-08,0
1,4,0.5,86,"ASC3_income",1.2,0.206373815265912,0
1,4,0.5,86,"ASC3_child",0,-9.42793066664428e-08,0
1,4,0.5,86,"prot25_male",-0.7,-3.44635883444242e-07,0
1,4,0.5,86,"prot25_age",-1,-0.232952721928688,0
1,4,0.5,86,"prot25_income",0,0.020395844780032,0
1,4,0.5,86,"prot25_child",0.9,0.0918447514270248,0
1,4,0.5,86,"prot50_male",1,0.328197572157875,0
1,4,0.5,86,"prot50_age",0,2.49464078854657e-08,0
1,4,0.5,86,"prot50_income",0,0.0236037507475662,0
1,4,0.5,86,"prot50_child",-1,-0.0827743506437324,0
1,4,0.5,86,"invasive_male",0,5.74957814214435e-08,0
1,4,0.5,86,"invasive_age",1,0.290083737827062,0
1,4,0.5,86,"invasive_income",0,-1.03232376054244e-08,0
1,4,0.5,86,"invasive_child",0.3,-4.26260131890057e-09,0
1,4,0.5,87,"ASC2_male",-0.3,-0.102640481815132,0
1,4,0.5,87,"ASC2_age",0.1,0.028813518547606,0
1,4,0.5,87,"ASC2_income",-0.2,-0.00723270801282735,0
1,4,0.5,87,"ASC2_child",0,-0.157529966783772,0
1,4,0.5,87,"ASC3_male",0,-6.46675162279692e-06,0
1,4,0.5,87,"ASC3_age",0,-4.02822363329848e-05,0
1,4,0.5,87,"ASC3_income",0.3,0.10395058318767,0
1,4,0.5,87,"ASC3_child",0.7,0.0176452173274584,0
1,4,0.5,87,"prot25_male",0,1.68909897186024e-06,0
1,4,0.5,87,"prot25_age",0,1.65727939338508e-06,0
1,4,0.5,87,"prot25_income",0.5,0.0893945055773238,0
1,4,0.5,87,"prot25_child",0,0.0707762548366684,0
1,4,0.5,87,"prot50_male",0,-0.0203599182013296,0
1,4,0.5,87,"prot50_age",1,0.26841844842489,0
1,4,0.5,87,"prot50_income",1.1,0.236108709007282,0
1,4,0.5,87,"prot50_child",-0.7,-1.48729726419773e-06,0
1,4,0.5,87,"invasive_male",0,4.91145583933698e-08,0
1,4,0.5,87,"invasive_age",-1.1,-0.208129170855092,0
1,4,0.5,87,"invasive_income",0,-0.00753756170811631,0
1,4,0.5,87,"invasive_child",0,-8.03359232930626e-07,0
1,4,0.5,88,"ASC2_male",0,-2.30518651234701e-08,0
1,4,0.5,88,"ASC2_age",0.5,0.0355548521285487,0
1,4,0.5,88,"ASC2_income",-1,-0.1891131491681,0
1,4,0.5,88,"ASC2_child",0,-0.0440009005326805,0
1,4,0.5,88,"ASC3_male",0,-4.57947919499998e-09,0
1,4,0.5,88,"ASC3_age",0,-0.059834797573266,0
1,4,0.5,88,"ASC3_income",-0.6,-0.135693204077655,0
1,4,0.5,88,"ASC3_child",1.1,0.148685118160418,0
1,4,0.5,88,"prot25_male",0.8,0.21837861203203,0
1,4,0.5,88,"prot25_age",0.3,0.108669859109225,0
1,4,0.5,88,"prot25_income",-0.5,-0.0898988519563738,0
1,4,0.5,88,"prot25_child",-1,-0.148867539552718,0
1,4,0.5,88,"prot50_male",-0.2,-0.0176683676690736,0
1,4,0.5,88,"prot50_age",0,0.0295189620420121,0
1,4,0.5,88,"prot50_income",-0.3,-0.0663421616823426,0
1,4,0.5,88,"prot50_child",0,0.0387010468941323,0
1,4,0.5,88,"invasive_male",0,-3.05280329898435e-08,0
1,4,0.5,88,"invasive_age",0,-0.0151260012080421,0
1,4,0.5,88,"invasive_income",0,0.0431054708182693,0
1,4,0.5,88,"invasive_child",0,-3.57210406089339e-09,0
1,4,0.5,89,"ASC2_male",0,-5.52966763181718e-10,0
1,4,0.5,89,"ASC2_age",0.3,0.0192978536496983,0
1,4,0.5,89,"ASC2_income",0,-0.010826617625758,0
1,4,0.5,89,"ASC2_child",0,-0.0600083649384471,0
1,4,0.5,89,"ASC3_male",0,0.0907268556605411,0
1,4,0.5,89,"ASC3_age",0.8,0.151005551440606,0
1,4,0.5,89,"ASC3_income",0,-1.29214562249903e-07,0
1,4,0.5,89,"ASC3_child",1,0.0832328749736397,0
1,4,0.5,89,"prot25_male",0.7,0.151313202097326,0
1,4,0.5,89,"prot25_age",0,2.00092518435814e-09,0
1,4,0.5,89,"prot25_income",0,-0.0131771214490259,0
1,4,0.5,89,"prot25_child",-0.2,-0.055844722710281,0
1,4,0.5,89,"prot50_male",-0.6,-7.47466707817439e-08,0
1,4,0.5,89,"prot50_age",0.2,0.0870795371555427,0
1,4,0.5,89,"prot50_income",0.1,-0.0254973323228413,0
1,4,0.5,89,"prot50_child",0,-1.07053681845399e-09,0
1,4,0.5,89,"invasive_male",0,-1.42337492709526e-08,0
1,4,0.5,89,"invasive_age",0,-0.020744095539007,0
1,4,0.5,89,"invasive_income",0.7,0.112899139457349,0
1,4,0.5,89,"invasive_child",0.6,0.160108538765912,0
1,4,0.5,90,"ASC2_male",0,-0.151099688712127,0
1,4,0.5,90,"ASC2_age",0.5,0.100570260926774,0
1,4,0.5,90,"ASC2_income",0.8,0.200416767243721,0
1,4,0.5,90,"ASC2_child",0.3,6.81140580160882e-07,0
1,4,0.5,90,"ASC3_male",0,-5.12875617930263e-09,0
1,4,0.5,90,"ASC3_age",0.3,0.0174187534565328,0
1,4,0.5,90,"ASC3_income",-1.1,-0.282997833516735,0
1,4,0.5,90,"ASC3_child",0,-0.107985948806278,0
1,4,0.5,90,"prot25_male",0,0.0408230639667456,0
1,4,0.5,90,"prot25_age",1.2,0.283714697715214,0
1,4,0.5,90,"prot25_income",0.4,0.104470829225188,0
1,4,0.5,90,"prot25_child",0,1.46187843237183e-06,0
1,4,0.5,90,"prot50_male",-0.8,-0.153275132948306,0
1,4,0.5,90,"prot50_age",0.4,0.0658092256603852,0
1,4,0.5,90,"prot50_income",-0.1,0.0288233968627668,0
1,4,0.5,90,"prot50_child",0,0.0592466360721578,0
1,4,0.5,90,"invasive_male",0,-0.0179735745526212,0
1,4,0.5,90,"invasive_age",0,-0.0211353866277969,0
1,4,0.5,90,"invasive_income",0,-1.21183047813896e-08,0
1,4,0.5,90,"invasive_child",0,0.0161760743692579,0
1,4,0.5,91,"ASC2_male",0,4.31500726504471e-08,0
1,4,0.5,91,"ASC2_age",-0.4,-0.0579041072854489,0
1,4,0.5,91,"ASC2_income",0.3,0.118609382327308,0
1,4,0.5,91,"ASC2_child",-0.2,0.031393108583911,0
1,4,0.5,91,"ASC3_male",0,-2.44127097588828e-08,0
1,4,0.5,91,"ASC3_age",0.2,0.068356545561155,0
1,4,0.5,91,"ASC3_income",-0.3,-0.012164188759691,0
1,4,0.5,91,"ASC3_child",-0.8,-0.109102097460733,0
1,4,0.5,91,"prot25_male",0,-1.04760343735171e-07,0
1,4,0.5,91,"prot25_age",0,-5.47451505361144e-09,0
1,4,0.5,91,"prot25_income",0.8,0.106048985868183,0
1,4,0.5,91,"prot25_child",0,5.23154947102723e-08,0
1,4,0.5,91,"prot50_male",0.3,0.015159516578056,0
1,4,0.5,91,"prot50_age",0,-2.12804072417772e-08,0
1,4,0.5,91,"prot50_income",0,-1.12192887206664e-08,0
1,4,0.5,91,"prot50_child",0,-8.66386049371153e-08,0
1,4,0.5,91,"invasive_male",0,-1.356197867727e-08,0
1,4,0.5,91,"invasive_age",-0.2,-0.0743220164252557,0
1,4,0.5,91,"invasive_income",-0.5,-0.0910313089793806,0
1,4,0.5,91,"invasive_child",0,-1.13661188781556e-08,0
1,4,0.5,92,"ASC2_male",-0.5,-0.0952583858449079,0
1,4,0.5,92,"ASC2_age",1,0.296868433734037,0
1,4,0.5,92,"ASC2_income",0,-0.00828272797374452,0
1,4,0.5,92,"ASC2_child",0,-0.1480390326473,0
1,4,0.5,92,"ASC3_male",0,8.12032565523471e-06,0
1,4,0.5,92,"ASC3_age",0,4.09340044855325e-06,0
1,4,0.5,92,"ASC3_income",0,2.76558889788858e-06,0
1,4,0.5,92,"ASC3_child",0.3,0.0296906583615473,0
1,4,0.5,92,"prot25_male",-1.1,-0.061487702055386,0
1,4,0.5,92,"prot25_age",0,-0.0930858770863237,0
1,4,0.5,92,"prot25_income",-1.2,-0.257333113727652,0
1,4,0.5,92,"prot25_child",0,-0.00153374083642665,0
1,4,0.5,92,"prot50_male",-0.4,-4.1842737068307e-06,0
1,4,0.5,92,"prot50_age",-0.6,-0.228532104802222,0
1,4,0.5,92,"prot50_income",0,-0.00714474238595069,0
1,4,0.5,92,"prot50_child",0.8,0.174442203651268,0
1,4,0.5,92,"invasive_male",0,2.91701416091385e-06,0
1,4,0.5,92,"invasive_age",0,-0.0787087974403377,0
1,4,0.5,92,"invasive_income",0.7,0.167105863724715,0
1,4,0.5,92,"invasive_child",0.9,0.0650884718381332,0
1,4,0.5,93,"ASC2_male",0,3.76345839212811e-07,0
1,4,0.5,93,"ASC2_age",-0.9,-0.153767032205799,0
1,4,0.5,93,"ASC2_income",0,0.0151401648055299,0
1,4,0.5,93,"ASC2_child",-0.4,3.83811937270366e-08,0
1,4,0.5,93,"ASC3_male",0,-0.108712193416687,0
1,4,0.5,93,"ASC3_age",-1.1,-0.229567847679422,0
1,4,0.5,93,"ASC3_income",0,0.0407007309082719,0
1,4,0.5,93,"ASC3_child",-1,-0.208044390047296,0
1,4,0.5,93,"prot25_male",0,0.147288523536762,0
1,4,0.5,93,"prot25_age",0,-0.0288232129157306,0
1,4,0.5,93,"prot25_income",0.4,0.128941328752876,0
1,4,0.5,93,"prot25_child",1.1,0.139631185127189,0
1,4,0.5,93,"prot50_male",0,1.22079714899252e-07,0
1,4,0.5,93,"prot50_age",0.2,-1.90881186861967e-06,0
1,4,0.5,93,"prot50_income",1.2,0.284717713140951,0
1,4,0.5,93,"prot50_child",-1.1,-0.391867476476732,0
1,4,0.5,93,"invasive_male",0,-0.0762316035490287,0
1,4,0.5,93,"invasive_age",0,-1.62324969955072e-07,0
1,4,0.5,93,"invasive_income",0,-0.0227657779844416,0
1,4,0.5,93,"invasive_child",-0.2,0.0960568571576812,0
1,4,0.5,94,"ASC2_male",-0.2,-6.25395995504549e-06,0
1,4,0.5,94,"ASC2_age",0,0.0309970051523659,0
1,4,0.5,94,"ASC2_income",-0.2,-0.0211080573977791,0
1,4,0.5,94,"ASC2_child",0.3,-4.1630053231376e-07,0
1,4,0.5,94,"ASC3_male",-0.1,-4.08748315444159e-07,0
1,4,0.5,94,"ASC3_age",0,-0.00825137992839883,0
1,4,0.5,94,"ASC3_income",-1.2,-0.274344962075696,0
1,4,0.5,94,"ASC3_child",-0.5,-0.160783899267965,0
1,4,0.5,94,"prot25_male",0,0.000103913222067919,0
1,4,0.5,94,"prot25_age",0,-1.57972946323231e-05,0
1,4,0.5,94,"prot25_income",0,0.0056376294353975,0
1,4,0.5,94,"prot25_child",0,-0.16638617644833,0
1,4,0.5,94,"prot50_male",0,-8.69860062694353e-06,0
1,4,0.5,94,"prot50_age",0,0.0505552600095615,0
1,4,0.5,94,"prot50_income",-0.6,-0.0970632297316437,0
1,4,0.5,94,"prot50_child",0,-5.53406587011812e-10,0
1,4,0.5,94,"invasive_male",0,-1.04789930207357e-06,0
1,4,0.5,94,"invasive_age",1,0.268732787071588,0
1,4,0.5,94,"invasive_income",0.8,0.248426301537432,0
1,4,0.5,94,"invasive_child",0.6,6.80271324978871e-06,0
1,4,0.5,95,"ASC2_male",-0.4,-7.28827473942075e-09,0
1,4,0.5,95,"ASC2_age",-0.5,-0.0574475233168119,0
1,4,0.5,95,"ASC2_income",0,-1.38036507733269e-08,0
1,4,0.5,95,"ASC2_child",-0.7,-8.50988160233037e-08,0
1,4,0.5,95,"ASC3_male",-1.1,-0.180770307119491,0
1,4,0.5,95,"ASC3_age",0,-9.06729236914738e-09,0
1,4,0.5,95,"ASC3_income",0,-3.27962553511839e-08,0
1,4,0.5,95,"ASC3_child",0,0.0699236996625176,0
1,4,0.5,95,"prot25_male",-0.9,-0.0737594523963211,0
1,4,0.5,95,"prot25_age",0,-5.43456692676087e-09,0
1,4,0.5,95,"prot25_income",0,-1.46942593094257e-08,0
1,4,0.5,95,"prot25_child",0.5,-6.79066465130624e-09,0
1,4,0.5,95,"prot50_male",0.3,1.5747976220013e-08,0
1,4,0.5,95,"prot50_age",0.7,0.127915832285538,0
1,4,0.5,95,"prot50_income",0,-1.29002820362755e-08,0
1,4,0.5,95,"prot50_child",0.6,-5.5957431084911e-09,0
1,4,0.5,95,"invasive_male",0,-9.54032577939908e-09,0
1,4,0.5,95,"invasive_age",0,-2.02451154733337e-09,0
1,4,0.5,95,"invasive_income",0,-5.34925926018971e-09,0
1,4,0.5,95,"invasive_child",0.5,-3.77929899526382e-09,0
1,4,0.5,96,"ASC2_male",-0.1,-0.059505863403636,0
1,4,0.5,96,"ASC2_age",0.2,0.0556789488249559,0
1,4,0.5,96,"ASC2_income",0,0.011371268963294,0
1,4,0.5,96,"ASC2_child",-0.4,-0.137453256218208,0
1,4,0.5,96,"ASC3_male",0,-9.31365619854002e-08,0
1,4,0.5,96,"ASC3_age",0,-0.0208725329016929,0
1,4,0.5,96,"ASC3_income",-0.6,-0.121325831422538,0
1,4,0.5,96,"ASC3_child",0.6,-8.16536070086438e-09,0
1,4,0.5,96,"prot25_male",0.3,-1.3685406932363e-07,0
1,4,0.5,96,"prot25_age",0,-9.54485893521666e-10,0
1,4,0.5,96,"prot25_income",0,0.0209540980922878,0
1,4,0.5,96,"prot25_child",-0.8,-1.4542941937593e-06,0
1,4,0.5,96,"prot50_male",0.3,-2.92125442524982e-09,0
1,4,0.5,96,"prot50_age",1.2,0.27280260133759,0
1,4,0.5,96,"prot50_income",0,-1.70023582907169e-08,0
1,4,0.5,96,"prot50_child",0,7.52181563228191e-07,0
1,4,0.5,96,"invasive_male",0,-4.74922057971028e-07,0
1,4,0.5,96,"invasive_age",0,2.71972675740853e-08,0
1,4,0.5,96,"invasive_income",0,-6.48177761994473e-09,0
1,4,0.5,96,"invasive_child",0.6,3.20068377718163e-07,0
1,4,0.5,97,"ASC2_male",0.8,0.176862331151002,0
1,4,0.5,97,"ASC2_age",0,-0.0110162630914198,0
1,4,0.5,97,"ASC2_income",-1.1,-0.244651529005287,0
1,4,0.5,97,"ASC2_child",0.9,0.0746345721009098,0
1,4,0.5,97,"ASC3_male",0.5,-5.63705424063187e-09,0
1,4,0.5,97,"ASC3_age",0,7.05281484409509e-09,0
1,4,0.5,97,"ASC3_income",0,0.0599577240948126,0
1,4,0.5,97,"ASC3_child",0,-0.0724398202233079,0
1,4,0.5,97,"prot25_male",-0.4,-9.07284663025544e-09,0
1,4,0.5,97,"prot25_age",0,0.0525752434676747,0
1,4,0.5,97,"prot25_income",0,-8.46531990992132e-08,0
1,4,0.5,97,"prot25_child",0,0.00682976233471413,0
1,4,0.5,97,"prot50_male",0.4,0.213173884314098,0
1,4,0.5,97,"prot50_age",1.2,0.272610472836188,0
1,4,0.5,97,"prot50_income",-0.4,-0.0757798471093286,0
1,4,0.5,97,"prot50_child",0.3,-2.42436712255821e-09,0
1,4,0.5,97,"invasive_male",0,-4.69113297390965e-08,0
1,4,0.5,97,"invasive_age",0,0.00967241603197934,0
1,4,0.5,97,"invasive_income",0,0.132294630875004,0
1,4,0.5,97,"invasive_child",-0.8,-0.275609446369901,0
1,4,0.5,98,"ASC2_male",0,-0.0760211879836184,0
1,4,0.5,98,"ASC2_age",0.8,0.272701381738523,0
1,4,0.5,98,"ASC2_income",0,0.000440506491535269,0
1,4,0.5,98,"ASC2_child",0.1,0.184616325937433,0
1,4,0.5,98,"ASC3_male",1.2,0.297496465956528,0
1,4,0.5,98,"ASC3_age",-0.7,-0.120069435727314,0
1,4,0.5,98,"ASC3_income",-0.6,-0.164076039931216,0
1,4,0.5,98,"ASC3_child",-0.2,-7.83574240871686e-07,0
1,4,0.5,98,"prot25_male",0,0.0954207028250182,0
1,4,0.5,98,"prot25_age",0,-0.0466982931005585,0
1,4,0.5,98,"prot25_income",0,3.22278524764572e-06,0
1,4,0.5,98,"prot25_child",0.7,0.119962669985778,0
1,4,0.5,98,"prot50_male",0.5,0.179068858260315,0
1,4,0.5,98,"prot50_age",-0.7,-0.205140723491272,0
1,4,0.5,98,"prot50_income",-1.2,-0.292525242594758,0
1,4,0.5,98,"prot50_child",0,0.0107357838478442,0
1,4,0.5,98,"invasive_male",0,-1.60616024757779e-07,0
1,4,0.5,98,"invasive_age",0,0.0342350972413116,0
1,4,0.5,98,"invasive_income",0,-5.57621051105485e-07,0
1,4,0.5,98,"invasive_child",0,7.84464092798656e-07,0
1,4,0.5,99,"ASC2_male",0.5,0.204233360467174,0
1,4,0.5,99,"ASC2_age",0,5.75057745466919e-09,0
1,4,0.5,99,"ASC2_income",0.7,0.139533510750447,0
1,4,0.5,99,"ASC2_child",1.1,0.246073787350384,0
1,4,0.5,99,"ASC3_male",0,-0.0356364008209374,0
1,4,0.5,99,"ASC3_age",1.2,0.282102301585141,0
1,4,0.5,99,"ASC3_income",0,0.0238693547127201,0
1,4,0.5,99,"ASC3_child",0,-0.00523475826361765,0
1,4,0.5,99,"prot25_male",0.3,0.0442144109206126,0
1,4,0.5,99,"prot25_age",0.9,0.205375045439278,0
1,4,0.5,99,"prot25_income",0,-0.00304852405861829,0
1,4,0.5,99,"prot25_child",0,-0.0673455152227203,0
1,4,0.5,99,"prot50_male",0,-0.152314048633946,0
1,4,0.5,99,"prot50_age",0,-0.0134273865162663,0
1,4,0.5,99,"prot50_income",0,3.40188215584524e-09,0
1,4,0.5,99,"prot50_child",1.1,0.149151662714035,0
1,4,0.5,99,"invasive_male",0,-0.0422506412149809,0
1,4,0.5,99,"invasive_age",0.1,-7.55162656959757e-09,0
1,4,0.5,99,"invasive_income",1.2,0.357800299138098,0
1,4,0.5,99,"invasive_child",1.2,0.165175920473094,0
1,4,0.5,100,"ASC2_male",0,-4.40841200673302e-09,0
1,4,0.5,100,"ASC2_age",0,-3.13854357389415e-09,0
1,4,0.5,100,"ASC2_income",-1,-0.187366035098764,0
1,4,0.5,100,"ASC2_child",0,1.174101687301e-08,0
1,4,0.5,100,"ASC3_male",0,-8.71335445023953e-12,0
1,4,0.5,100,"ASC3_age",-0.4,-0.131355458907585,0
1,4,0.5,100,"ASC3_income",-0.7,-0.0512182075127487,0
1,4,0.5,100,"ASC3_child",-0.8,-0.079193500594652,0
1,4,0.5,100,"prot25_male",1,0.201173629825543,0
1,4,0.5,100,"prot25_age",0,-5.61225465640719e-09,0
1,4,0.5,100,"prot25_income",0,-0.0102408777076438,0
1,4,0.5,100,"prot25_child",0,-5.16931825084778e-09,0
1,4,0.5,100,"prot50_male",1.1,0.0848132003589994,0
1,4,0.5,100,"prot50_age",-0.3,-0.0155307888352144,0
1,4,0.5,100,"prot50_income",0,-8.94198647055243e-09,0
1,4,0.5,100,"prot50_child",-0.1,-5.52453564587517e-09,0
1,4,0.5,100,"invasive_male",0,-1.06872033708538e-08,0
1,4,0.5,100,"invasive_age",0,3.54128738760935e-08,0
1,4,0.5,100,"invasive_income",0.9,0.310179376960033,0
1,4,0.5,100,"invasive_child",-0.2,-8.44666131616632e-09,0
