"Alpha","NoiseScale","Threshold","Iteration","Interaction","TrueBeta","Estimate","Detected"
1,2,1e-04,1,"ASC2_male",0.9,0.0909804394108366,1
1,2,1e-04,1,"ASC2_age",0.3,0.158212903692652,1
1,2,1e-04,1,"ASC2_income",0,0.0335570842683434,1
1,2,1e-04,1,"ASC2_child",0,0.0426951488224445,1
1,2,1e-04,1,"ASC3_male",-1.1,-0.807516079091991,1
1,2,1e-04,1,"ASC3_age",0,0.133964674013527,1
1,2,1e-04,1,"ASC3_income",0.8,0.469438741833061,1
1,2,1e-04,1,"ASC3_child",0,0.282371386254351,1
1,2,1e-04,1,"prot25_male",1.2,0.724124997168897,1
1,2,1e-04,1,"prot25_age",0.7,0.400794518429195,1
1,2,1e-04,1,"prot25_income",0,-0.0594765618286451,1
1,2,1e-04,1,"prot25_child",1.1,0.741618055731677,1
1,2,1e-04,1,"prot50_male",0,0.207173681451751,1
1,2,1e-04,1,"prot50_age",0,0.0539064655454739,1
1,2,1e-04,1,"prot50_income",-1.2,-0.72644760448704,1
1,2,1e-04,1,"prot50_child",1.1,0.692131705492237,1
1,2,1e-04,1,"invasive_male",0,-0.212040124140491,1
1,2,1e-04,1,"invasive_age",-0.6,-0.24793549131188,1
1,2,1e-04,1,"invasive_income",0,-0.0995019481194603,1
1,2,1e-04,1,"invasive_child",0,0.152148398564228,1
1,2,1e-04,2,"ASC2_male",0,-0.100504538309036,1
1,2,1e-04,2,"ASC2_age",0.1,-0.057562609702682,1
1,2,1e-04,2,"ASC2_income",0.7,0.36385614948057,1
1,2,1e-04,2,"ASC2_child",-0.4,-0.246789874861348,1
1,2,1e-04,2,"ASC3_male",0,0.0133053186069936,1
1,2,1e-04,2,"ASC3_age",0.4,-0.0560613441069618,1
1,2,1e-04,2,"ASC3_income",-0.8,-0.344327960770606,1
1,2,1e-04,2,"ASC3_child",0,-0.0740022782669421,1
1,2,1e-04,2,"prot25_male",0.5,0.402697126653742,1
1,2,1e-04,2,"prot25_age",0.8,0.539666454638889,1
1,2,1e-04,2,"prot25_income",0,0.0591747770573456,1
1,2,1e-04,2,"prot25_child",0,-0.0103375351638628,1
1,2,1e-04,2,"prot50_male",0,-0.0498850970374787,1
1,2,1e-04,2,"prot50_age",0,0.192488292479636,1
1,2,1e-04,2,"prot50_income",0,0.00985871043439504,1
1,2,1e-04,2,"prot50_child",0,0.135433834839607,1
1,2,1e-04,2,"invasive_male",1,0.391517398522375,1
1,2,1e-04,2,"invasive_age",-0.1,-0.204654334630341,1
1,2,1e-04,2,"invasive_income",0,0.0454402179740039,1
1,2,1e-04,2,"invasive_child",-0.6,-0.431242313406435,1
1,2,1e-04,3,"ASC2_male",-0.9,-0.258224583355464,1
1,2,1e-04,3,"ASC2_age",-0.4,-0.248589827977666,1
1,2,1e-04,3,"ASC2_income",0,-0.0799138576416438,1
1,2,1e-04,3,"ASC2_child",0,-0.121008331594008,1
1,2,1e-04,3,"ASC3_male",-0.7,-0.30187322794215,1
1,2,1e-04,3,"ASC3_age",0,-0.0213812487472167,1
1,2,1e-04,3,"ASC3_income",0,-0.0757374729023707,1
1,2,1e-04,3,"ASC3_child",1,0.614931595236886,1
1,2,1e-04,3,"prot25_male",0,0.052049161202685,1
1,2,1e-04,3,"prot25_age",0,0.026766384796417,1
1,2,1e-04,3,"prot25_income",0,0.0977311974519054,1
1,2,1e-04,3,"prot25_child",0,-0.0466810490750143,1
1,2,1e-04,3,"prot50_male",0.7,0.366498505069682,1
1,2,1e-04,3,"prot50_age",-0.2,0.0174348868726657,1
1,2,1e-04,3,"prot50_income",-1,-0.537314413091293,1
1,2,1e-04,3,"prot50_child",-0.8,-0.139818347918649,1
1,2,1e-04,3,"invasive_male",0,0.0820854530944037,1
1,2,1e-04,3,"invasive_age",0,0.0379449355852762,1
1,2,1e-04,3,"invasive_income",-1.2,-0.643320782972605,1
1,2,1e-04,3,"invasive_child",1,0.494363085831288,1
1,2,1e-04,4,"ASC2_male",0,0.397520134931442,1
1,2,1e-04,4,"ASC2_age",-0.1,0.142880350323237,1
1,2,1e-04,4,"ASC2_income",0,0.121397772295266,1
1,2,1e-04,4,"ASC2_child",-0.6,-0.445881134360337,1
1,2,1e-04,4,"ASC3_male",0,0.162661678589905,1
1,2,1e-04,4,"ASC3_age",1,0.675927306402897,1
1,2,1e-04,4,"ASC3_income",0,0.154941762575563,1
1,2,1e-04,4,"ASC3_child",0,0.189861973570386,1
1,2,1e-04,4,"prot25_male",0,0.0151339886986273,1
1,2,1e-04,4,"prot25_age",-0.5,-0.368903644021599,1
1,2,1e-04,4,"prot25_income",0,-0.169822915509122,1
1,2,1e-04,4,"prot25_child",0,0.00386172066028349,1
1,2,1e-04,4,"prot50_male",0.1,0.058589049590863,1
1,2,1e-04,4,"prot50_age",1,0.608548146727631,1
1,2,1e-04,4,"prot50_income",0,-0.0907893888798641,1
1,2,1e-04,4,"prot50_child",-1,-0.442833275700988,1
1,2,1e-04,4,"invasive_male",-1,-0.474976429147199,1
1,2,1e-04,4,"invasive_age",-0.9,-0.356996106365189,1
1,2,1e-04,4,"invasive_income",-0.3,-0.243208845336062,1
1,2,1e-04,4,"invasive_child",0,-0.083971252201227,1
1,2,1e-04,5,"ASC2_male",0,0.140031708520015,1
1,2,1e-04,5,"ASC2_age",0.7,0.504279288543365,1
1,2,1e-04,5,"ASC2_income",-0.4,-0.462538713081127,1
1,2,1e-04,5,"ASC2_child",-0.3,0.00092697330936584,1
1,2,1e-04,5,"ASC3_male",0,0.0423384724109724,1
1,2,1e-04,5,"ASC3_age",0,0.101392501031189,1
1,2,1e-04,5,"ASC3_income",0.9,0.305363049621615,1
1,2,1e-04,5,"ASC3_child",-0.6,-0.207197526374141,1
1,2,1e-04,5,"prot25_male",0.9,0.619947592810791,1
1,2,1e-04,5,"prot25_age",0,-0.0517563711513811,1
1,2,1e-04,5,"prot25_income",-0.3,0.0192338716901449,1
1,2,1e-04,5,"prot25_child",0,0.0879509427654444,1
1,2,1e-04,5,"prot50_male",0.4,0.258301506800146,1
1,2,1e-04,5,"prot50_age",0,-0.023323825032358,1
1,2,1e-04,5,"prot50_income",0.5,0.520079918936942,1
1,2,1e-04,5,"prot50_child",0,-0.0142032172280626,1
1,2,1e-04,5,"invasive_male",0.7,0.495026211003723,1
1,2,1e-04,5,"invasive_age",0,0.0629291069452126,1
1,2,1e-04,5,"invasive_income",0,0.0147927601509144,1
1,2,1e-04,5,"invasive_child",0,-0.105395425743318,1
1,2,1e-04,6,"ASC2_male",0.4,0.365052269365296,1
1,2,1e-04,6,"ASC2_age",0.7,0.300831137002529,1
1,2,1e-04,6,"ASC2_income",0,-0.195994214638343,1
1,2,1e-04,6,"ASC2_child",0,-0.148060948726043,1
1,2,1e-04,6,"ASC3_male",0,0.111597416274981,1
1,2,1e-04,6,"ASC3_age",0,-0.182119563286007,1
1,2,1e-04,6,"ASC3_income",0,-0.215240262410342,1
1,2,1e-04,6,"ASC3_child",1.2,0.627712097353611,1
1,2,1e-04,6,"prot25_male",-0.4,-0.500830468765413,1
1,2,1e-04,6,"prot25_age",-0.3,0.119538309712902,1
1,2,1e-04,6,"prot25_income",0,0.0968154725126613,1
1,2,1e-04,6,"prot25_child",0,0.267987647259079,1
1,2,1e-04,6,"prot50_male",0,-0.17285638541239,1
1,2,1e-04,6,"prot50_age",-1.1,-0.476673224889046,1
1,2,1e-04,6,"prot50_income",-0.2,0.0393721162669885,1
1,2,1e-04,6,"prot50_child",-0.2,-0.137941997328832,1
1,2,1e-04,6,"invasive_male",0,0.109923555507215,1
1,2,1e-04,6,"invasive_age",1,0.499693063377479,1
1,2,1e-04,6,"invasive_income",0,8.5388612210364e-05,0
1,2,1e-04,6,"invasive_child",0.9,0.361603623161281,1
1,2,1e-04,7,"ASC2_male",0.8,0.387132671323094,1
1,2,1e-04,7,"ASC2_age",0,0.0279721305643139,1
1,2,1e-04,7,"ASC2_income",0,0.0678074626187135,1
1,2,1e-04,7,"ASC2_child",1.2,0.923895246426352,1
1,2,1e-04,7,"ASC3_male",-0.7,-0.376234562199677,1
1,2,1e-04,7,"ASC3_age",0,0.0433231681439566,1
1,2,1e-04,7,"ASC3_income",0,0.00110481292324127,1
1,2,1e-04,7,"ASC3_child",-1,-0.305011904615244,1
1,2,1e-04,7,"prot25_male",1.2,0.673568958018896,1
1,2,1e-04,7,"prot25_age",0.8,0.324414221856691,1
1,2,1e-04,7,"prot25_income",0,-0.0826060808681908,1
1,2,1e-04,7,"prot25_child",0.7,0.173917330993497,1
1,2,1e-04,7,"prot50_male",0,0.0660567891108262,1
1,2,1e-04,7,"prot50_age",-0.4,-0.204217752171024,1
1,2,1e-04,7,"prot50_income",0,-0.00498665485652418,1
1,2,1e-04,7,"prot50_child",0.6,0.180734244962209,1
1,2,1e-04,7,"invasive_male",0,0.110268619828847,1
1,2,1e-04,7,"invasive_age",0,-0.0886257546610477,1
1,2,1e-04,7,"invasive_income",1.1,0.653633015972203,1
1,2,1e-04,7,"invasive_child",0,0.176270509457589,1
1,2,1e-04,8,"ASC2_male",0,0.252927543163902,1
1,2,1e-04,8,"ASC2_age",-1.2,-0.404921907153612,1
1,2,1e-04,8,"ASC2_income",0,0.0979037492264141,1
1,2,1e-04,8,"ASC2_child",0,0.0977102052935987,1
1,2,1e-04,8,"ASC3_male",-0.3,0.211878370631203,1
1,2,1e-04,8,"ASC3_age",0.9,0.568207523351105,1
1,2,1e-04,8,"ASC3_income",0,0.145904301572299,1
1,2,1e-04,8,"ASC3_child",1.2,0.585992556526106,1
1,2,1e-04,8,"prot25_male",0,-0.269364238032169,1
1,2,1e-04,8,"prot25_age",-0.2,-0.247718732795224,1
1,2,1e-04,8,"prot25_income",0,-0.0536689305423399,1
1,2,1e-04,8,"prot25_child",1.1,0.490418487190274,1
1,2,1e-04,8,"prot50_male",1.1,0.40096185481047,1
1,2,1e-04,8,"prot50_age",0,-0.182567657540937,1
1,2,1e-04,8,"prot50_income",-0.2,-0.14965627008216,1
1,2,1e-04,8,"prot50_child",0,0.127910017169787,1
1,2,1e-04,8,"invasive_male",0,0.483721975666406,1
1,2,1e-04,8,"invasive_age",0.7,0.393767985302732,1
1,2,1e-04,8,"invasive_income",0.3,0.333245497609418,1
1,2,1e-04,8,"invasive_child",0,-0.00287521352220729,1
1,2,1e-04,9,"ASC2_male",1,0.273390666845454,1
1,2,1e-04,9,"ASC2_age",0,0.104779155584528,1
1,2,1e-04,9,"ASC2_income",0,-0.0576806428649202,1
1,2,1e-04,9,"ASC2_child",-1.2,-0.452844459921649,1
1,2,1e-04,9,"ASC3_male",0.9,0.118928299334293,1
1,2,1e-04,9,"ASC3_age",-0.6,-0.0936830440554264,1
1,2,1e-04,9,"ASC3_income",0,0.0301571366370651,1
1,2,1e-04,9,"ASC3_child",-0.9,-0.0416386236264653,1
1,2,1e-04,9,"prot25_male",-0.3,-0.0395408941155462,1
1,2,1e-04,9,"prot25_age",0,0.0966238673544626,1
1,2,1e-04,9,"prot25_income",0,-0.0574122443393146,1
1,2,1e-04,9,"prot25_child",0,0.0872805537808043,1
1,2,1e-04,9,"prot50_male",-0.2,-0.112459962967577,1
1,2,1e-04,9,"prot50_age",0.6,0.295408495810659,1
1,2,1e-04,9,"prot50_income",-0.7,-0.355791733844283,1
1,2,1e-04,9,"prot50_child",0,0.107194065840185,1
1,2,1e-04,9,"invasive_male",0,0.139830883733461,1
1,2,1e-04,9,"invasive_age",0,-0.0183464425457612,1
1,2,1e-04,9,"invasive_income",-0.7,-0.340125339924049,1
1,2,1e-04,9,"invasive_child",0,0.278346488045555,1
1,2,1e-04,10,"ASC2_male",0.9,0.466672438972004,1
1,2,1e-04,10,"ASC2_age",0,-0.0160231378257206,1
1,2,1e-04,10,"ASC2_income",1.2,0.467457502348659,1
1,2,1e-04,10,"ASC2_child",-0.8,-0.336257275478076,1
1,2,1e-04,10,"ASC3_male",0.4,0.274173901419553,1
1,2,1e-04,10,"ASC3_age",-0.4,-0.248301950061459,1
1,2,1e-04,10,"ASC3_income",0,-0.0824580006246226,1
1,2,1e-04,10,"ASC3_child",0,-0.038231491159261,1
1,2,1e-04,10,"prot25_male",1,0.626836940688149,1
1,2,1e-04,10,"prot25_age",0,0.119101044632957,1
1,2,1e-04,10,"prot25_income",0,0.11977145674011,1
1,2,1e-04,10,"prot25_child",0,0.307054459144612,1
1,2,1e-04,10,"prot50_male",0.4,0.356674845030091,1
1,2,1e-04,10,"prot50_age",0,0.0464808397897028,1
1,2,1e-04,10,"prot50_income",0,-0.0860700771730569,1
1,2,1e-04,10,"prot50_child",0.7,0.850141539099006,1
1,2,1e-04,10,"invasive_male",0,0.525691381057868,1
1,2,1e-04,10,"invasive_age",0.6,0.202899704387163,1
1,2,1e-04,10,"invasive_income",0,-0.162821122895518,1
1,2,1e-04,10,"invasive_child",-0.7,-0.143614496507792,1
1,2,1e-04,11,"ASC2_male",1.1,0.180672233418478,1
1,2,1e-04,11,"ASC2_age",-0.5,-0.0759762650958252,1
1,2,1e-04,11,"ASC2_income",0,0.156984421560692,1
1,2,1e-04,11,"ASC2_child",-0.5,-0.305071693092496,1
1,2,1e-04,11,"ASC3_male",0,-0.210966202639896,1
1,2,1e-04,11,"ASC3_age",0,0.135412020451455,1
1,2,1e-04,11,"ASC3_income",-0.7,-0.192653444354783,1
1,2,1e-04,11,"ASC3_child",0,-0.00411595455015882,1
1,2,1e-04,11,"prot25_male",0,0.215862612596302,1
1,2,1e-04,11,"prot25_age",0.7,0.306351787292808,1
1,2,1e-04,11,"prot25_income",0,-0.131349651394385,1
1,2,1e-04,11,"prot25_child",0,0.186281591982512,1
1,2,1e-04,11,"prot50_male",-1,0.0545383122722254,1
1,2,1e-04,11,"prot50_age",0.7,0.31284863612353,1
1,2,1e-04,11,"prot50_income",0.1,0.037983856588935,1
1,2,1e-04,11,"prot50_child",1.2,0.704432239067645,1
1,2,1e-04,11,"invasive_male",0,0.331892550146543,1
1,2,1e-04,11,"invasive_age",0,0.00367501735464786,1
1,2,1e-04,11,"invasive_income",-0.2,-0.0727760942137363,1
1,2,1e-04,11,"invasive_child",0,-0.110357074996319,1
1,2,1e-04,12,"ASC2_male",0,0.226576398212247,1
1,2,1e-04,12,"ASC2_age",0.8,0.503682042516923,1
1,2,1e-04,12,"ASC2_income",0,0.247908806392948,1
1,2,1e-04,12,"ASC2_child",0,-0.368968304743898,1
1,2,1e-04,12,"ASC3_male",0.6,0.605215121065564,1
1,2,1e-04,12,"ASC3_age",0.2,0.175901706208202,1
1,2,1e-04,12,"ASC3_income",0,0.146520036961444,1
1,2,1e-04,12,"ASC3_child",0,-0.282687437114081,1
1,2,1e-04,12,"prot25_male",0,-0.318776692469955,1
1,2,1e-04,12,"prot25_age",-0.9,-0.538555702613963,1
1,2,1e-04,12,"prot25_income",0,-0.0968075337719295,1
1,2,1e-04,12,"prot25_child",0.2,0.420623162337565,1
1,2,1e-04,12,"prot50_male",-0.7,-0.423226360355277,1
1,2,1e-04,12,"prot50_age",-0.6,-0.393103988064179,1
1,2,1e-04,12,"prot50_income",0,-0.134437172543566,1
1,2,1e-04,12,"prot50_child",0,0.115850685506647,1
1,2,1e-04,12,"invasive_male",-0.7,0.0158256544798569,1
1,2,1e-04,12,"invasive_age",-1.2,-0.579976867543851,1
1,2,1e-04,12,"invasive_income",-1.1,-0.599088144807602,1
1,2,1e-04,12,"invasive_child",0,-0.124081653922555,1
1,2,1e-04,13,"ASC2_male",-0.7,-0.126802054753378,1
1,2,1e-04,13,"ASC2_age",-0.3,-0.174468752568009,1
1,2,1e-04,13,"ASC2_income",0,0.064949700535964,1
1,2,1e-04,13,"ASC2_child",0,0.0742444286672606,1
1,2,1e-04,13,"ASC3_male",0,0.139153129424032,1
1,2,1e-04,13,"ASC3_age",0,0.0821982096871595,1
1,2,1e-04,13,"ASC3_income",0,0.0598102437766267,1
1,2,1e-04,13,"ASC3_child",-1.1,-0.347681720999487,1
1,2,1e-04,13,"prot25_male",-0.5,-0.136883948402048,1
1,2,1e-04,13,"prot25_age",0,-0.062960753619415,1
1,2,1e-04,13,"prot25_income",0.3,0.0415242264076478,1
1,2,1e-04,13,"prot25_child",-0.3,-0.679239301213932,1
1,2,1e-04,13,"prot50_male",0.9,0.319962225837908,1
1,2,1e-04,13,"prot50_age",1,0.432352267071679,1
1,2,1e-04,13,"prot50_income",-0.5,-0.314257769660959,1
1,2,1e-04,13,"prot50_child",0,-0.147803937645264,1
1,2,1e-04,13,"invasive_male",0,0.189995759705273,1
1,2,1e-04,13,"invasive_age",0,0.0792540024039172,1
1,2,1e-04,13,"invasive_income",1,0.482581646620607,1
1,2,1e-04,13,"invasive_child",0,0.128713613975366,1
1,2,1e-04,14,"ASC2_male",0.7,0.152320807806919,1
1,2,1e-04,14,"ASC2_age",0,0.00299787794308377,1
1,2,1e-04,14,"ASC2_income",0,-0.0941319414989043,1
1,2,1e-04,14,"ASC2_child",-1.2,-0.651223208639867,1
1,2,1e-04,14,"ASC3_male",-1.1,-0.64126288433375,1
1,2,1e-04,14,"ASC3_age",0,-0.0722907671718702,1
1,2,1e-04,14,"ASC3_income",0,-0.0714814154515836,1
1,2,1e-04,14,"ASC3_child",0,-0.104739425866277,1
1,2,1e-04,14,"prot25_male",0,0.288566246342919,1
1,2,1e-04,14,"prot25_age",-0.2,-0.152792066649558,1
1,2,1e-04,14,"prot25_income",-1,-0.679740567965879,1
1,2,1e-04,14,"prot25_child",-0.2,0.107061183726893,1
1,2,1e-04,14,"prot50_male",0,0.337301776271913,1
1,2,1e-04,14,"prot50_age",-1,-0.492259134888462,1
1,2,1e-04,14,"prot50_income",1,0.344113564338141,1
1,2,1e-04,14,"prot50_child",0,0.0368011753600099,1
1,2,1e-04,14,"invasive_male",0,-0.124348992589408,1
1,2,1e-04,14,"invasive_age",0.6,0.276882942462475,1
1,2,1e-04,14,"invasive_income",0.2,-0.000562229849332099,1
1,2,1e-04,14,"invasive_child",0,0.0848713369897092,1
1,2,1e-04,15,"ASC2_male",-0.1,0.400628377700821,1
1,2,1e-04,15,"ASC2_age",-0.6,-0.440375829116313,1
1,2,1e-04,15,"ASC2_income",0.3,0.216786198951544,1
1,2,1e-04,15,"ASC2_child",0,0.253230226662212,1
1,2,1e-04,15,"ASC3_male",0,0.402352433157354,1
1,2,1e-04,15,"ASC3_age",0,-0.162417524053734,1
1,2,1e-04,15,"ASC3_income",1.1,0.639739944378466,1
1,2,1e-04,15,"ASC3_child",1.2,0.801902941683572,1
1,2,1e-04,15,"prot25_male",0,-0.210466333767233,1
1,2,1e-04,15,"prot25_age",0,-0.0104959736752902,1
1,2,1e-04,15,"prot25_income",0,-0.0522202494694149,1
1,2,1e-04,15,"prot25_child",0.8,0.190433118196303,1
1,2,1e-04,15,"prot50_male",0,-0.223219326785823,1
1,2,1e-04,15,"prot50_age",0.8,0.493370278747209,1
1,2,1e-04,15,"prot50_income",0.2,0.00829131714607828,1
1,2,1e-04,15,"prot50_child",0,-0.104586734153787,1
1,2,1e-04,15,"invasive_male",0,0.298540945793322,1
1,2,1e-04,15,"invasive_age",-1.2,-0.69050094920531,1
1,2,1e-04,15,"invasive_income",0,0.0645364612404907,1
1,2,1e-04,15,"invasive_child",0.9,0.467813706138236,1
1,2,1e-04,16,"ASC2_male",1,0.364881102061583,1
1,2,1e-04,16,"ASC2_age",1,0.37586487453461,1
1,2,1e-04,16,"ASC2_income",0,-0.243294393278362,1
1,2,1e-04,16,"ASC2_child",0,-0.255839397298037,1
1,2,1e-04,16,"ASC3_male",0.7,0.362528950320014,1
1,2,1e-04,16,"ASC3_age",0,-0.101403457456311,1
1,2,1e-04,16,"ASC3_income",0,-0.184833708340384,1
1,2,1e-04,16,"ASC3_child",-1,-0.749728322013144,1
1,2,1e-04,16,"prot25_male",0,-0.143208611849116,1
1,2,1e-04,16,"prot25_age",0.2,0.249524479220743,1
1,2,1e-04,16,"prot25_income",0,0.146378349393835,1
1,2,1e-04,16,"prot25_child",0,0.223600035898032,1
1,2,1e-04,16,"prot50_male",0.9,0.257597080518386,1
1,2,1e-04,16,"prot50_age",0.5,0.447794379018677,1
1,2,1e-04,16,"prot50_income",0,0.177580963407695,1
1,2,1e-04,16,"prot50_child",-0.3,-0.108996841363775,1
1,2,1e-04,16,"invasive_male",-0.4,-0.19155805540813,1
1,2,1e-04,16,"invasive_age",0,0.124236063926629,1
1,2,1e-04,16,"invasive_income",0.2,0.055307177571066,1
1,2,1e-04,16,"invasive_child",0,0.122986270441186,1
1,2,1e-04,17,"ASC2_male",0.6,0.413742669407704,1
1,2,1e-04,17,"ASC2_age",-1,-0.33163258910836,1
1,2,1e-04,17,"ASC2_income",1,0.657908245116855,1
1,2,1e-04,17,"ASC2_child",0.8,0.726468547905934,1
1,2,1e-04,17,"ASC3_male",0,-0.087206653210759,1
1,2,1e-04,17,"ASC3_age",0,0.036409104790485,1
1,2,1e-04,17,"ASC3_income",0.7,0.55045237207896,1
1,2,1e-04,17,"ASC3_child",-0.4,-0.154163856651219,1
1,2,1e-04,17,"prot25_male",0,-0.0478111354631836,1
1,2,1e-04,17,"prot25_age",0,-0.0518700612121654,1
1,2,1e-04,17,"prot25_income",0,-0.0693112533163072,1
1,2,1e-04,17,"prot25_child",-0.7,-0.596038653231888,1
1,2,1e-04,17,"prot50_male",0,-0.337767505682697,1
1,2,1e-04,17,"prot50_age",0,0.0104550124811861,1
1,2,1e-04,17,"prot50_income",0.4,0.0469103411144572,1
1,2,1e-04,17,"prot50_child",-1.1,-0.903592035186336,1
1,2,1e-04,17,"invasive_male",0,-0.141816800433092,1
1,2,1e-04,17,"invasive_age",0,-0.0219024963769636,1
1,2,1e-04,17,"invasive_income",0,0.0454667533688807,1
1,2,1e-04,17,"invasive_child",0.8,0.584136290339256,1
1,2,1e-04,18,"ASC2_male",0,0.451470091422676,1
1,2,1e-04,18,"ASC2_age",0,-0.00624254320472306,1
1,2,1e-04,18,"ASC2_income",0.2,0.131463572804474,1
1,2,1e-04,18,"ASC2_child",0,-0.18218477478611,1
1,2,1e-04,18,"ASC3_male",0.3,0.520797531593969,1
1,2,1e-04,18,"ASC3_age",0,-0.0260475487835131,1
1,2,1e-04,18,"ASC3_income",0.7,0.436949784546923,1
1,2,1e-04,18,"ASC3_child",0,-0.122543459665409,1
1,2,1e-04,18,"prot25_male",0,-0.304464791899365,1
1,2,1e-04,18,"prot25_age",0.2,0.0938372182276377,1
1,2,1e-04,18,"prot25_income",0,-0.00374369987025419,1
1,2,1e-04,18,"prot25_child",0.9,0.442889020145139,1
1,2,1e-04,18,"prot50_male",-0.9,-0.719478182790722,1
1,2,1e-04,18,"prot50_age",0,0.0294481439942966,1
1,2,1e-04,18,"prot50_income",0,-0.0466290575702536,1
1,2,1e-04,18,"prot50_child",0,0.0470840756195144,1
1,2,1e-04,18,"invasive_male",-0.9,-0.129473504300387,1
1,2,1e-04,18,"invasive_age",0.1,0.0514330483773223,1
1,2,1e-04,18,"invasive_income",-0.5,-0.249751181884904,1
1,2,1e-04,18,"invasive_child",-0.2,0.0475795621569237,1
1,2,1e-04,19,"ASC2_male",0,0.0557983798701375,1
1,2,1e-04,19,"ASC2_age",1.2,0.570373720564654,1
1,2,1e-04,19,"ASC2_income",0,-0.0343515672532787,1
1,2,1e-04,19,"ASC2_child",0,-0.139733096117581,1
1,2,1e-04,19,"ASC3_male",0.1,0.0142370014958559,1
1,2,1e-04,19,"ASC3_age",0,-0.0818312681682147,1
1,2,1e-04,19,"ASC3_income",0.7,0.301213135685764,1
1,2,1e-04,19,"ASC3_child",0,-0.185270497214636,1
1,2,1e-04,19,"prot25_male",0,-0.0951832699349601,1
1,2,1e-04,19,"prot25_age",0.2,0.18968255922874,1
1,2,1e-04,19,"prot25_income",-0.1,0.159286583130676,1
1,2,1e-04,19,"prot25_child",0.6,0.30260747536739,1
1,2,1e-04,19,"prot50_male",0.4,0.00467237866622919,1
1,2,1e-04,19,"prot50_age",0,0.160362840675429,1
1,2,1e-04,19,"prot50_income",0,0.181561658510129,1
1,2,1e-04,19,"prot50_child",0,0.185445147521359,1
1,2,1e-04,19,"invasive_male",0.6,0.233153053564571,1
1,2,1e-04,19,"invasive_age",0,0.0712114902484409,1
1,2,1e-04,19,"invasive_income",0.2,0.196401022709377,1
1,2,1e-04,19,"invasive_child",-0.8,-0.404676492164143,1
1,2,1e-04,20,"ASC2_male",-1,-0.527486949162804,1
1,2,1e-04,20,"ASC2_age",1,0.455687531001229,1
1,2,1e-04,20,"ASC2_income",-0.8,-0.159186803016893,1
1,2,1e-04,20,"ASC2_child",0,0.127943159196152,1
1,2,1e-04,20,"ASC3_male",0,0.17238326931718,1
1,2,1e-04,20,"ASC3_age",0,-0.0792458180021969,1
1,2,1e-04,20,"ASC3_income",0,0.148008865359247,1
1,2,1e-04,20,"ASC3_child",0,0.191122585309623,1
1,2,1e-04,20,"prot25_male",0,-0.0502701113298482,1
1,2,1e-04,20,"prot25_age",0,0.182639504892618,1
1,2,1e-04,20,"prot25_income",0.3,-0.00511373890398958,1
1,2,1e-04,20,"prot25_child",0.3,0.164228269090346,1
1,2,1e-04,20,"prot50_male",0.4,0.402762702138471,1
1,2,1e-04,20,"prot50_age",-0.9,-0.400110677559466,1
1,2,1e-04,20,"prot50_income",-1.1,-0.665220907961839,1
1,2,1e-04,20,"prot50_child",0,-0.306138312858255,1
1,2,1e-04,20,"invasive_male",0,0.14604224294436,1
1,2,1e-04,20,"invasive_age",-0.3,-0.17047808137257,1
1,2,1e-04,20,"invasive_income",-0.7,-0.220017304214531,1
1,2,1e-04,20,"invasive_child",0,0.246062386576447,1
1,2,1e-04,21,"ASC2_male",-0.1,0.0091708807702904,1
1,2,1e-04,21,"ASC2_age",0,-0.0647695344795576,1
1,2,1e-04,21,"ASC2_income",0,0.107861879974596,1
1,2,1e-04,21,"ASC2_child",0.4,0.628110795827826,1
1,2,1e-04,21,"ASC3_male",0,-0.00261819688033599,1
1,2,1e-04,21,"ASC3_age",-0.8,-0.512064810522758,1
1,2,1e-04,21,"ASC3_income",0,0.0205398378077587,1
1,2,1e-04,21,"ASC3_child",-0.3,0.429637917556967,1
1,2,1e-04,21,"prot25_male",-0.8,-0.669198703063312,1
1,2,1e-04,21,"prot25_age",-0.4,-0.060943833669756,1
1,2,1e-04,21,"prot25_income",0,0.0136020557058465,1
1,2,1e-04,21,"prot25_child",-0.3,-0.828393904999853,1
1,2,1e-04,21,"prot50_male",0.5,0.239391701728089,1
1,2,1e-04,21,"prot50_age",0,0.167082545769189,1
1,2,1e-04,21,"prot50_income",0,-0.0486639321636542,1
1,2,1e-04,21,"prot50_child",0.1,-0.292385295221183,1
1,2,1e-04,21,"invasive_male",0,0.118670972374334,1
1,2,1e-04,21,"invasive_age",-0.3,-0.243849347986023,1
1,2,1e-04,21,"invasive_income",0,0.0500318521604469,1
1,2,1e-04,21,"invasive_child",0,0.359260569227597,1
1,2,1e-04,22,"ASC2_male",0.9,0.655541614393025,1
1,2,1e-04,22,"ASC2_age",0,0.00720465975258756,1
1,2,1e-04,22,"ASC2_income",0,-0.00591711141487631,1
1,2,1e-04,22,"ASC2_child",-0.7,-0.322784531960856,1
1,2,1e-04,22,"ASC3_male",-0.7,-0.087274413686252,1
1,2,1e-04,22,"ASC3_age",0,-0.0131401465673756,1
1,2,1e-04,22,"ASC3_income",0,-0.0810984683514991,1
1,2,1e-04,22,"ASC3_child",0,0.234474545011028,1
1,2,1e-04,22,"prot25_male",0,-0.267986777611406,1
1,2,1e-04,22,"prot25_age",-0.2,-0.100899224105745,1
1,2,1e-04,22,"prot25_income",0.4,0.165945864736988,1
1,2,1e-04,22,"prot25_child",0,-0.46980711827145,1
1,2,1e-04,22,"prot50_male",0.4,0.244788910369167,1
1,2,1e-04,22,"prot50_age",-1,-0.455004541698456,1
1,2,1e-04,22,"prot50_income",0,0.0430027342947789,1
1,2,1e-04,22,"prot50_child",0.9,0.260198240691011,1
1,2,1e-04,22,"invasive_male",0,0.293781188216852,1
1,2,1e-04,22,"invasive_age",-0.8,-0.342947474558966,1
1,2,1e-04,22,"invasive_income",0,0.0211598900146112,1
1,2,1e-04,22,"invasive_child",-0.1,-0.229365638925898,1
1,2,1e-04,23,"ASC2_male",-0.1,0.297664743348629,1
1,2,1e-04,23,"ASC2_age",-0.3,0.157925454142603,1
1,2,1e-04,23,"ASC2_income",0,0.159693963106798,1
1,2,1e-04,23,"ASC2_child",0,0.272081142458054,1
1,2,1e-04,23,"ASC3_male",-0.9,-0.094592822040268,1
1,2,1e-04,23,"ASC3_age",0,0.287452588992289,1
1,2,1e-04,23,"ASC3_income",0,0.119168246183243,1
1,2,1e-04,23,"ASC3_child",1,0.998900579908464,1
1,2,1e-04,23,"prot25_male",0,-0.156461580874987,1
1,2,1e-04,23,"prot25_age",0,-0.144253297242812,1
1,2,1e-04,23,"prot25_income",0,-0.304244137058268,1
1,2,1e-04,23,"prot25_child",-1.1,-1.00054048028536,1
1,2,1e-04,23,"prot50_male",-1.1,-0.500810041152202,1
1,2,1e-04,23,"prot50_age",-0.8,-0.487461553173406,1
1,2,1e-04,23,"prot50_income",0,-0.245107018478278,1
1,2,1e-04,23,"prot50_child",0,-0.176268445846742,1
1,2,1e-04,23,"invasive_male",-0.4,0.00949201404850991,1
1,2,1e-04,23,"invasive_age",-0.4,-0.0373418672278682,1
1,2,1e-04,23,"invasive_income",0.8,0.380771260633494,1
1,2,1e-04,23,"invasive_child",0,0.237897309427566,1
1,2,1e-04,24,"ASC2_male",0.6,0.290582488282549,1
1,2,1e-04,24,"ASC2_age",-1.1,-0.550288555453478,1
1,2,1e-04,24,"ASC2_income",0,0.221507235627609,1
1,2,1e-04,24,"ASC2_child",0,-0.106406955282155,1
1,2,1e-04,24,"ASC3_male",0,-0.106088383068145,1
1,2,1e-04,24,"ASC3_age",0,0.0972028706063947,1
1,2,1e-04,24,"ASC3_income",-0.6,-0.0816959778956951,1
1,2,1e-04,24,"ASC3_child",0.4,0.0343041504497847,1
1,2,1e-04,24,"prot25_male",-0.3,-0.0181363768321513,1
1,2,1e-04,24,"prot25_age",0,-0.0663559657025573,1
1,2,1e-04,24,"prot25_income",0,-0.106210872653628,1
1,2,1e-04,24,"prot25_child",-0.4,0.0521404328515885,1
1,2,1e-04,24,"prot50_male",0,0.0468601782404874,1
1,2,1e-04,24,"prot50_age",0,0.0293120063702347,1
1,2,1e-04,24,"prot50_income",-0.5,-0.375857520819567,1
1,2,1e-04,24,"prot50_child",0,-0.0337289335714801,1
1,2,1e-04,24,"invasive_male",0.9,0.294842960602354,1
1,2,1e-04,24,"invasive_age",-0.7,-0.172523626620284,1
1,2,1e-04,24,"invasive_income",1.2,0.622153231250973,1
1,2,1e-04,24,"invasive_child",0,-0.286738160691344,1
1,2,1e-04,25,"ASC2_male",-0.8,-0.756625767383114,1
1,2,1e-04,25,"ASC2_age",1,0.682280648524838,1
1,2,1e-04,25,"ASC2_income",0,-0.029574908893741,1
1,2,1e-04,25,"ASC2_child",0,0.399008240776005,1
1,2,1e-04,25,"ASC3_male",0.9,-0.122910223108203,1
1,2,1e-04,25,"ASC3_age",0,0.155466652397875,1
1,2,1e-04,25,"ASC3_income",-0.7,-0.305793006740516,1
1,2,1e-04,25,"ASC3_child",-0.9,-0.143134767534783,1
1,2,1e-04,25,"prot25_male",0,0.394397179803045,1
1,2,1e-04,25,"prot25_age",0,-0.13001915658445,1
1,2,1e-04,25,"prot25_income",-0.9,-0.547821432132607,1
1,2,1e-04,25,"prot25_child",0,-0.32047213917375,1
1,2,1e-04,25,"prot50_male",0,0.247546360253094,1
1,2,1e-04,25,"prot50_age",0,-0.0329711779329804,1
1,2,1e-04,25,"prot50_income",0.3,-0.150980667220256,1
1,2,1e-04,25,"prot50_child",0,-0.22767114585638,1
1,2,1e-04,25,"invasive_male",-1.2,-0.778014606110904,1
1,2,1e-04,25,"invasive_age",0.2,0.0793751027156695,1
1,2,1e-04,25,"invasive_income",0,-0.222153379636063,1
1,2,1e-04,25,"invasive_child",-0.3,0.144480084495101,1
1,2,1e-04,26,"ASC2_male",0,-0.00557138330262784,1
1,2,1e-04,26,"ASC2_age",0,0.0437617566452884,1
1,2,1e-04,26,"ASC2_income",-0.2,-0.000353582541914805,1
1,2,1e-04,26,"ASC2_child",0,-0.220861803419533,1
1,2,1e-04,26,"ASC3_male",0.2,0.224387732717302,1
1,2,1e-04,26,"ASC3_age",0,-0.00238142141848489,1
1,2,1e-04,26,"ASC3_income",-0.6,-0.353039861724226,1
1,2,1e-04,26,"ASC3_child",-0.4,-0.176281293370013,1
1,2,1e-04,26,"prot25_male",0,-0.0717181088222669,1
1,2,1e-04,26,"prot25_age",0.3,0.118310216454977,1
1,2,1e-04,26,"prot25_income",-1.1,-0.604512376494904,1
1,2,1e-04,26,"prot25_child",0.6,0.382176793802252,1
1,2,1e-04,26,"prot50_male",0,-0.195249109869308,1
1,2,1e-04,26,"prot50_age",1.2,0.55948666513646,1
1,2,1e-04,26,"prot50_income",0,0.0404073295045948,1
1,2,1e-04,26,"prot50_child",-0.3,-0.0667181658097966,1
1,2,1e-04,26,"invasive_male",0,-0.0668940528958869,1
1,2,1e-04,26,"invasive_age",0,0.114794754616988,1
1,2,1e-04,26,"invasive_income",0,0.074540620018756,1
1,2,1e-04,26,"invasive_child",0.9,0.489867509333097,1
1,2,1e-04,27,"ASC2_male",0.2,-0.142976717833643,1
1,2,1e-04,27,"ASC2_age",-0.9,-0.66582027869233,1
1,2,1e-04,27,"ASC2_income",0.7,0.342542890139654,1
1,2,1e-04,27,"ASC2_child",0,-0.284259072086761,1
1,2,1e-04,27,"ASC3_male",0,0.012580941412548,1
1,2,1e-04,27,"ASC3_age",0,-0.0792452974510922,1
1,2,1e-04,27,"ASC3_income",0.5,0.117159632004208,1
1,2,1e-04,27,"ASC3_child",-0.7,-0.57166034244516,1
1,2,1e-04,27,"prot25_male",0.8,0.684603681168511,1
1,2,1e-04,27,"prot25_age",0,0.0746724904159082,1
1,2,1e-04,27,"prot25_income",0,0.255885971459677,1
1,2,1e-04,27,"prot25_child",0,0.066779516865767,1
1,2,1e-04,27,"prot50_male",0,-0.00666085038233754,1
1,2,1e-04,27,"prot50_age",0.7,0.440123418916093,1
1,2,1e-04,27,"prot50_income",0,0.125821840664665,1
1,2,1e-04,27,"prot50_child",-1,-0.30984591044728,1
1,2,1e-04,27,"invasive_male",0,-0.435157021851872,1
1,2,1e-04,27,"invasive_age",0,-0.154625014997646,1
1,2,1e-04,27,"invasive_income",1,0.764925146658868,1
1,2,1e-04,27,"invasive_child",0.9,0.191500955770738,1
1,2,1e-04,28,"ASC2_male",0,-0.181443756939718,1
1,2,1e-04,28,"ASC2_age",0,0.0879822233422799,1
1,2,1e-04,28,"ASC2_income",0,0.108980790571465,1
1,2,1e-04,28,"ASC2_child",-0.9,-0.713930694526751,1
1,2,1e-04,28,"ASC3_male",-0.9,-0.530665065346108,1
1,2,1e-04,28,"ASC3_age",-0.3,-0.0546644448758543,1
1,2,1e-04,28,"ASC3_income",0,0.260591694732808,1
1,2,1e-04,28,"ASC3_child",0,-0.379549081754564,1
1,2,1e-04,28,"prot25_male",-0.7,-0.239599966370727,1
1,2,1e-04,28,"prot25_age",-0.3,-0.127436182413495,1
1,2,1e-04,28,"prot25_income",0,-0.143465011203788,1
1,2,1e-04,28,"prot25_child",0,0.408730994846624,1
1,2,1e-04,28,"prot50_male",-0.3,-0.251926656418295,1
1,2,1e-04,28,"prot50_age",0.2,-0.0313522170882825,1
1,2,1e-04,28,"prot50_income",0,-0.251732863849781,1
1,2,1e-04,28,"prot50_child",0,0.473422664770158,1
1,2,1e-04,28,"invasive_male",0.5,0.316104027886882,1
1,2,1e-04,28,"invasive_age",0,0.0559989262571089,1
1,2,1e-04,28,"invasive_income",-1,-0.52158897221459,1
1,2,1e-04,28,"invasive_child",0.6,0.401967216013613,1
1,2,1e-04,29,"ASC2_male",0.3,0.334990557447636,1
1,2,1e-04,29,"ASC2_age",0.9,0.428039443286708,1
1,2,1e-04,29,"ASC2_income",1.2,0.834140738083634,1
1,2,1e-04,29,"ASC2_child",0.5,0.0721401877403244,1
1,2,1e-04,29,"ASC3_male",1.1,0.669569041305429,1
1,2,1e-04,29,"ASC3_age",0,0.00986652481167772,1
1,2,1e-04,29,"ASC3_income",0,0.185008359375733,1
1,2,1e-04,29,"ASC3_child",0.1,0.0444612739337299,1
1,2,1e-04,29,"prot25_male",-1.1,-0.894559976073613,1
1,2,1e-04,29,"prot25_age",0,0.0600968773733969,1
1,2,1e-04,29,"prot25_income",0,-0.167887471473862,1
1,2,1e-04,29,"prot25_child",-0.5,-0.188639500787922,1
1,2,1e-04,29,"prot50_male",0,-0.0635381509986834,1
1,2,1e-04,29,"prot50_age",-0.9,-0.367695701506509,1
1,2,1e-04,29,"prot50_income",-0.8,-0.574221933829161,1
1,2,1e-04,29,"prot50_child",0,-0.0316565094281977,1
1,2,1e-04,29,"invasive_male",0,0.279467290348391,1
1,2,1e-04,29,"invasive_age",0,-0.0271408184797058,1
1,2,1e-04,29,"invasive_income",0,0.138697918012552,1
1,2,1e-04,29,"invasive_child",0,-0.167445662277139,1
1,2,1e-04,30,"ASC2_male",0.4,0.632852230887879,1
1,2,1e-04,30,"ASC2_age",0,0.127198571746265,1
1,2,1e-04,30,"ASC2_income",0,0.18685577975922,1
1,2,1e-04,30,"ASC2_child",0.7,0.243560399753908,1
1,2,1e-04,30,"ASC3_male",1.1,1.00142216230676,1
1,2,1e-04,30,"ASC3_age",0,0.122597007906337,1
1,2,1e-04,30,"ASC3_income",0.4,0.362978066859798,1
1,2,1e-04,30,"ASC3_child",0.9,0.506848101277739,1
1,2,1e-04,30,"prot25_male",-0.2,-0.306921711676166,1
1,2,1e-04,30,"prot25_age",0.1,0.0095355539269264,1
1,2,1e-04,30,"prot25_income",0.3,-0.103251466792176,1
1,2,1e-04,30,"prot25_child",0,0.0334081110259255,1
1,2,1e-04,30,"prot50_male",0,-0.230305095281033,1
1,2,1e-04,30,"prot50_age",0,-0.0728223713966381,1
1,2,1e-04,30,"prot50_income",0,-0.158828556978525,1
1,2,1e-04,30,"prot50_child",0,0.357462679416576,1
1,2,1e-04,30,"invasive_male",-0.6,-0.135552751862185,1
1,2,1e-04,30,"invasive_age",0,0.131078689797755,1
1,2,1e-04,30,"invasive_income",-1,-0.439020403248056,1
1,2,1e-04,30,"invasive_child",0,0.226673816060008,1
1,2,1e-04,31,"ASC2_male",-0.3,0.0663245988613079,1
1,2,1e-04,31,"ASC2_age",1.2,0.571536268771868,1
1,2,1e-04,31,"ASC2_income",1,0.408728691343595,1
1,2,1e-04,31,"ASC2_child",0,0.0690321002580269,1
1,2,1e-04,31,"ASC3_male",0,0.321993459122084,1
1,2,1e-04,31,"ASC3_age",1.1,0.524882018364879,1
1,2,1e-04,31,"ASC3_income",-0.6,-0.43254688133672,1
1,2,1e-04,31,"ASC3_child",0,0.103628110368615,1
1,2,1e-04,31,"prot25_male",0,-0.0793652782396746,1
1,2,1e-04,31,"prot25_age",-0.2,-0.0862510937840103,1
1,2,1e-04,31,"prot25_income",0,0.085211828526276,1
1,2,1e-04,31,"prot25_child",-0.2,-0.186769206229216,1
1,2,1e-04,31,"prot50_male",-0.3,-0.227806538800571,1
1,2,1e-04,31,"prot50_age",0,0.0557854605853805,1
1,2,1e-04,31,"prot50_income",0,-0.0387773648997226,1
1,2,1e-04,31,"prot50_child",0,0.036532460419829,1
1,2,1e-04,31,"invasive_male",0,0.0562283915206695,1
1,2,1e-04,31,"invasive_age",0.2,0.110527074101691,1
1,2,1e-04,31,"invasive_income",0.9,0.484933069720062,1
1,2,1e-04,31,"invasive_child",0,0.360602021666394,1
1,2,1e-04,32,"ASC2_male",0.6,0.189450578689683,1
1,2,1e-04,32,"ASC2_age",0,0.0402850991011269,1
1,2,1e-04,32,"ASC2_income",1.1,0.338305874645109,1
1,2,1e-04,32,"ASC2_child",0,0.139759581124157,1
1,2,1e-04,32,"ASC3_male",-0.7,-0.454357580574591,1
1,2,1e-04,32,"ASC3_age",-1.1,-0.44576861451172,1
1,2,1e-04,32,"ASC3_income",0,-0.245193160036114,1
1,2,1e-04,32,"ASC3_child",-0.3,-0.166602839418251,1
1,2,1e-04,32,"prot25_male",0.7,0.306353482235866,1
1,2,1e-04,32,"prot25_age",0,-0.138936922662146,1
1,2,1e-04,32,"prot25_income",-0.5,-0.115794794196386,1
1,2,1e-04,32,"prot25_child",-1.1,-0.640005046960562,1
1,2,1e-04,32,"prot50_male",0,-0.11326002416413,1
1,2,1e-04,32,"prot50_age",-0.6,-0.364763432710636,1
1,2,1e-04,32,"prot50_income",0,0.114638371519936,1
1,2,1e-04,32,"prot50_child",0,-0.163190765006821,1
1,2,1e-04,32,"invasive_male",0,-0.049249732852512,1
1,2,1e-04,32,"invasive_age",0,-0.0398192232161929,1
1,2,1e-04,32,"invasive_income",0,-0.120956010653576,1
1,2,1e-04,32,"invasive_child",0.2,-0.0790965950169094,1
1,2,1e-04,33,"ASC2_male",-0.4,-0.786838223572984,1
1,2,1e-04,33,"ASC2_age",0,0.313283037285124,1
1,2,1e-04,33,"ASC2_income",0,0.0196465789295045,1
1,2,1e-04,33,"ASC2_child",0,0.279514989885066,1
1,2,1e-04,33,"ASC3_male",0.6,-0.405049792769358,1
1,2,1e-04,33,"ASC3_age",0,0.281661297524693,1
1,2,1e-04,33,"ASC3_income",-1,-0.361728100569365,1
1,2,1e-04,33,"ASC3_child",0,0.257194617572748,1
1,2,1e-04,33,"prot25_male",0,0.463447713420279,1
1,2,1e-04,33,"prot25_age",0,-0.279357825757124,1
1,2,1e-04,33,"prot25_income",0,-0.192848305071076,1
1,2,1e-04,33,"prot25_child",1.1,0.271403640242132,1
1,2,1e-04,33,"prot50_male",0,0.144639511048447,1
1,2,1e-04,33,"prot50_age",0.4,-0.0477673462794833,1
1,2,1e-04,33,"prot50_income",0.3,0.0616484377422021,1
1,2,1e-04,33,"prot50_child",-0.4,-0.221121641592193,1
1,2,1e-04,33,"invasive_male",0.3,-0.409884877916538,1
1,2,1e-04,33,"invasive_age",0,0.102247336187711,1
1,2,1e-04,33,"invasive_income",0.6,0.338929635913066,1
1,2,1e-04,33,"invasive_child",0.8,0.532745449456913,1
1,2,1e-04,34,"ASC2_male",0,0.694283587613214,1
1,2,1e-04,34,"ASC2_age",0,0.0869730847687721,1
1,2,1e-04,34,"ASC2_income",-0.8,-0.706778301474031,1
1,2,1e-04,34,"ASC2_child",-0.4,-0.235653250527556,1
1,2,1e-04,34,"ASC3_male",0,0.623146765149412,1
1,2,1e-04,34,"ASC3_age",0,0.01771976979421,1
1,2,1e-04,34,"ASC3_income",0,-0.191967526997786,1
1,2,1e-04,34,"ASC3_child",0.4,0.054468278103799,1
1,2,1e-04,34,"prot25_male",0,-0.557769044103419,1
1,2,1e-04,34,"prot25_age",0,-0.0596156862673867,1
1,2,1e-04,34,"prot25_income",1,0.628573724622699,1
1,2,1e-04,34,"prot25_child",1.2,0.568045010836611,1
1,2,1e-04,34,"prot50_male",0.1,-0.378128054416168,1
1,2,1e-04,34,"prot50_age",0.2,-0.0551867655239576,1
1,2,1e-04,34,"prot50_income",-0.5,-0.0946930663098852,1
1,2,1e-04,34,"prot50_child",0,0.209042016940256,1
1,2,1e-04,34,"invasive_male",0,0.127905457906186,1
1,2,1e-04,34,"invasive_age",0,-0.0914471279727774,1
1,2,1e-04,34,"invasive_income",-1,-0.60140123572422,1
1,2,1e-04,34,"invasive_child",0.2,0.102766306794387,1
1,2,1e-04,35,"ASC2_male",0,-0.137296433822653,1
1,2,1e-04,35,"ASC2_age",0,0.0189020614245293,1
1,2,1e-04,35,"ASC2_income",0.9,0.31538896315712,1
1,2,1e-04,35,"ASC2_child",0,0.0629513042963962,1
1,2,1e-04,35,"ASC3_male",0,-0.100644678139382,1
1,2,1e-04,35,"ASC3_age",1.1,0.583262795591116,1
1,2,1e-04,35,"ASC3_income",0,-0.229682510047719,1
1,2,1e-04,35,"ASC3_child",0,-0.0699861188168003,1
1,2,1e-04,35,"prot25_male",-0.2,-0.10808281343889,1
1,2,1e-04,35,"prot25_age",0.3,0.117811869499745,1
1,2,1e-04,35,"prot25_income",0,0.155812325837652,1
1,2,1e-04,35,"prot25_child",-1.1,-0.470887603845235,1
1,2,1e-04,35,"prot50_male",-0.4,0.0727083471154249,1
1,2,1e-04,35,"prot50_age",0,-0.107154978236584,1
1,2,1e-04,35,"prot50_income",-0.3,-0.0587285703386678,1
1,2,1e-04,35,"prot50_child",0.5,0.230877010811997,1
1,2,1e-04,35,"invasive_male",0.1,0.153500651791351,1
1,2,1e-04,35,"invasive_age",0,-0.0439265049587084,1
1,2,1e-04,35,"invasive_income",-1.1,-0.637741828545789,1
1,2,1e-04,35,"invasive_child",0,0.135675627643418,1
1,2,1e-04,36,"ASC2_male",-0.4,-0.679505034330555,1
1,2,1e-04,36,"ASC2_age",-1,-0.597032189829962,1
1,2,1e-04,36,"ASC2_income",-0.5,-0.452741389272232,1
1,2,1e-04,36,"ASC2_child",-0.9,-0.35673549345064,1
1,2,1e-04,36,"ASC3_male",0,-0.457855676066651,1
1,2,1e-04,36,"ASC3_age",1.1,0.535146362114798,1
1,2,1e-04,36,"ASC3_income",0,-0.222345981345284,1
1,2,1e-04,36,"ASC3_child",0,0.0850907972362874,1
1,2,1e-04,36,"prot25_male",0,0.269802962794289,1
1,2,1e-04,36,"prot25_age",0,0.0506793557606563,1
1,2,1e-04,36,"prot25_income",1.1,0.517098197463716,1
1,2,1e-04,36,"prot25_child",-0.5,-0.355564621027116,1
1,2,1e-04,36,"prot50_male",0,0.174609180735608,1
1,2,1e-04,36,"prot50_age",0,-0.0635505193704273,1
1,2,1e-04,36,"prot50_income",1.1,0.562835759533259,1
1,2,1e-04,36,"prot50_child",0,0.00314470245693151,1
1,2,1e-04,36,"invasive_male",0.3,0.0846155217314121,1
1,2,1e-04,36,"invasive_age",0,-0.0912189230406416,1
1,2,1e-04,36,"invasive_income",-0.5,-0.278182438226314,1
1,2,1e-04,36,"invasive_child",0,0.056532708553809,1
1,2,1e-04,37,"ASC2_male",0.6,-0.0121901671763249,1
1,2,1e-04,37,"ASC2_age",0,0.0224675318796303,1
1,2,1e-04,37,"ASC2_income",0.9,0.63961614441225,1
1,2,1e-04,37,"ASC2_child",0,-0.12083456491077,1
1,2,1e-04,37,"ASC3_male",0,-0.220271990113557,1
1,2,1e-04,37,"ASC3_age",0.6,0.312891087788763,1
1,2,1e-04,37,"ASC3_income",1.1,0.658235322193669,1
1,2,1e-04,37,"ASC3_child",-0.8,-0.279913878239098,1
1,2,1e-04,37,"prot25_male",-1.2,-0.453775795157744,1
1,2,1e-04,37,"prot25_age",0,-0.000927058213421159,1
1,2,1e-04,37,"prot25_income",1.1,0.493008068118602,1
1,2,1e-04,37,"prot25_child",0,0.0688991322893808,1
1,2,1e-04,37,"prot50_male",0,0.29432584306838,1
1,2,1e-04,37,"prot50_age",0.5,0.19485552709802,1
1,2,1e-04,37,"prot50_income",0,-0.124898330265126,1
1,2,1e-04,37,"prot50_child",0,-0.0942065213882658,1
1,2,1e-04,37,"invasive_male",0,0.0612146868667732,1
1,2,1e-04,37,"invasive_age",1.1,0.483507251127115,1
1,2,1e-04,37,"invasive_income",0,-0.0839943737914418,1
1,2,1e-04,37,"invasive_child",0.6,0.413760595744979,1
1,2,1e-04,38,"ASC2_male",0.3,-0.0699499601086697,1
1,2,1e-04,38,"ASC2_age",0.3,0.215119439942206,1
1,2,1e-04,38,"ASC2_income",0,-0.103381014553083,1
1,2,1e-04,38,"ASC2_child",0.9,0.287243947101531,1
1,2,1e-04,38,"ASC3_male",0,-0.370189290493737,1
1,2,1e-04,38,"ASC3_age",-0.6,-0.326037176695573,1
1,2,1e-04,38,"ASC3_income",0,-0.0351380361539967,1
1,2,1e-04,38,"ASC3_child",0,-0.0600812594979048,1
1,2,1e-04,38,"prot25_male",0,0.452696941438763,1
1,2,1e-04,38,"prot25_age",0,0.123188682773471,1
1,2,1e-04,38,"prot25_income",0.7,0.483335807160705,1
1,2,1e-04,38,"prot25_child",0,0.203226818545079,1
1,2,1e-04,38,"prot50_male",0,0.241432836902468,1
1,2,1e-04,38,"prot50_age",0,0.139493990922145,1
1,2,1e-04,38,"prot50_income",0.2,0.145238137831118,1
1,2,1e-04,38,"prot50_child",-0.8,-0.0652869667863817,1
1,2,1e-04,38,"invasive_male",0.1,-0.0878558352987198,1
1,2,1e-04,38,"invasive_age",0,0.0697781978422903,1
1,2,1e-04,38,"invasive_income",-0.6,-0.327909940013607,1
1,2,1e-04,38,"invasive_child",-0.6,-0.123940567107539,1
1,2,1e-04,39,"ASC2_male",0.9,0.641001057313018,1
1,2,1e-04,39,"ASC2_age",0,0.153899738303014,1
1,2,1e-04,39,"ASC2_income",0,0.0863353149052241,1
1,2,1e-04,39,"ASC2_child",0,0.149730698994378,1
1,2,1e-04,39,"ASC3_male",-0.9,-0.502497711215983,1
1,2,1e-04,39,"ASC3_age",0,0.132488185427439,1
1,2,1e-04,39,"ASC3_income",-0.7,-0.29926385362834,1
1,2,1e-04,39,"ASC3_child",-1.1,-0.333857529747121,1
1,2,1e-04,39,"prot25_male",-1,-0.770094500438012,1
1,2,1e-04,39,"prot25_age",-0.6,-0.471473370652782,1
1,2,1e-04,39,"prot25_income",0.7,0.269458911898834,1
1,2,1e-04,39,"prot25_child",-0.3,-0.415899132208828,1
1,2,1e-04,39,"prot50_male",0,-0.120096547578077,1
1,2,1e-04,39,"prot50_age",0,-0.0799396210793427,1
1,2,1e-04,39,"prot50_income",0,-0.185640296741775,1
1,2,1e-04,39,"prot50_child",0,-0.285728089854218,1
1,2,1e-04,39,"invasive_male",1.1,0.531285095516931,1
1,2,1e-04,39,"invasive_age",0,0.0577924486197781,1
1,2,1e-04,39,"invasive_income",0,-0.000478698164575006,1
1,2,1e-04,39,"invasive_child",-0.6,-0.254257482543075,1
1,2,1e-04,40,"ASC2_male",0,-0.164208920758952,1
1,2,1e-04,40,"ASC2_age",-0.3,-0.152404219172893,1
1,2,1e-04,40,"ASC2_income",1.1,0.449771370151802,1
1,2,1e-04,40,"ASC2_child",0,0.294759091059333,1
1,2,1e-04,40,"ASC3_male",0.5,0.211861827914717,1
1,2,1e-04,40,"ASC3_age",0,0.0214243201969789,1
1,2,1e-04,40,"ASC3_income",-0.9,-0.58533654806338,1
1,2,1e-04,40,"ASC3_child",-1,-0.490149686460604,1
1,2,1e-04,40,"prot25_male",-0.5,-0.146529526285939,1
1,2,1e-04,40,"prot25_age",-0.3,-0.199137527609484,1
1,2,1e-04,40,"prot25_income",0,-0.0970402423101602,1
1,2,1e-04,40,"prot25_child",0,0.151715595622424,1
1,2,1e-04,40,"prot50_male",0,0.297370174988626,1
1,2,1e-04,40,"prot50_age",-1,-0.526664705652585,1
1,2,1e-04,40,"prot50_income",0,0.0118835780549997,1
1,2,1e-04,40,"prot50_child",0,-0.106883795393101,1
1,2,1e-04,40,"invasive_male",0,0.0802626100288732,1
1,2,1e-04,40,"invasive_age",-0.3,-0.09414819734324,1
1,2,1e-04,40,"invasive_income",-0.1,-0.221669555961929,1
1,2,1e-04,40,"invasive_child",0,-0.0513560703237547,1
1,2,1e-04,41,"ASC2_male",-0.5,-0.160001609789209,1
1,2,1e-04,41,"ASC2_age",0.9,0.537082708260659,1
1,2,1e-04,41,"ASC2_income",1.1,0.597549578008845,1
1,2,1e-04,41,"ASC2_child",0,-0.171812055011561,1
1,2,1e-04,41,"ASC3_male",0.3,0.191598876250846,1
1,2,1e-04,41,"ASC3_age",0,0.147845503346557,1
1,2,1e-04,41,"ASC3_income",0,-0.0252048850455288,1
1,2,1e-04,41,"ASC3_child",0,-0.083458949277976,1
1,2,1e-04,41,"prot25_male",0,-0.0600511390105033,1
1,2,1e-04,41,"prot25_age",0,0.0206567238907817,1
1,2,1e-04,41,"prot25_income",-0.2,-0.038988962339748,1
1,2,1e-04,41,"prot25_child",0.7,0.387873417032782,1
1,2,1e-04,41,"prot50_male",-0.8,-0.637711874384175,1
1,2,1e-04,41,"prot50_age",-0.4,-0.234990354395677,1
1,2,1e-04,41,"prot50_income",0,0.139768718474921,1
1,2,1e-04,41,"prot50_child",0,-0.122825028150528,1
1,2,1e-04,41,"invasive_male",0,-0.0971396351926762,1
1,2,1e-04,41,"invasive_age",0,0.206238589241527,1
1,2,1e-04,41,"invasive_income",0.3,0.109632127184553,1
1,2,1e-04,41,"invasive_child",0.5,0.227218900861348,1
1,2,1e-04,42,"ASC2_male",0.6,0.40109719351292,1
1,2,1e-04,42,"ASC2_age",0,-0.0419512215449903,1
1,2,1e-04,42,"ASC2_income",0.6,0.404869334631606,1
1,2,1e-04,42,"ASC2_child",0.8,0.824648491629663,1
1,2,1e-04,42,"ASC3_male",0,-0.0146694033167788,1
1,2,1e-04,42,"ASC3_age",-0.3,-0.137671972476288,1
1,2,1e-04,42,"ASC3_income",0,0.140350035937714,1
1,2,1e-04,42,"ASC3_child",-1,0.0466273328834759,1
1,2,1e-04,42,"prot25_male",0,-0.15488303869264,1
1,2,1e-04,42,"prot25_age",0.6,0.417036187430113,1
1,2,1e-04,42,"prot25_income",0,-0.174752482722681,1
1,2,1e-04,42,"prot25_child",0,-0.450477466012371,1
1,2,1e-04,42,"prot50_male",0,-0.383052595041724,1
1,2,1e-04,42,"prot50_age",0.7,0.419617278988757,1
1,2,1e-04,42,"prot50_income",-0.9,-0.570414262628824,1
1,2,1e-04,42,"prot50_child",-0.7,-0.744359402341735,1
1,2,1e-04,42,"invasive_male",1.2,0.25443380264232,1
1,2,1e-04,42,"invasive_age",0,0.104482654163865,1
1,2,1e-04,42,"invasive_income",0,-0.0670332011250329,1
1,2,1e-04,42,"invasive_child",0,0.125732381395465,1
1,2,1e-04,43,"ASC2_male",-0.7,-0.512274571895374,1
1,2,1e-04,43,"ASC2_age",0,0.0248401995502477,1
1,2,1e-04,43,"ASC2_income",0,0.0397415513737586,1
1,2,1e-04,43,"ASC2_child",0.2,0.131307108970819,1
1,2,1e-04,43,"ASC3_male",0.5,-0.0473084616713649,1
1,2,1e-04,43,"ASC3_age",0,0.0588427130607222,1
1,2,1e-04,43,"ASC3_income",1,0.545412737213416,1
1,2,1e-04,43,"ASC3_child",-0.3,-0.136673711709005,1
1,2,1e-04,43,"prot25_male",0,0.271023651804733,1
1,2,1e-04,43,"prot25_age",-0.9,-0.504554351480406,1
1,2,1e-04,43,"prot25_income",0,-0.0792689155224819,1
1,2,1e-04,43,"prot25_child",0,-0.0172202868013855,1
1,2,1e-04,43,"prot50_male",0,0.19802342209289,1
1,2,1e-04,43,"prot50_age",0,-0.047199561369813,1
1,2,1e-04,43,"prot50_income",-1.2,-0.569855266102301,1
1,2,1e-04,43,"prot50_child",0.6,0.416929392802464,1
1,2,1e-04,43,"invasive_male",0.7,0.311153412208804,1
1,2,1e-04,43,"invasive_age",0,0.150831876160226,1
1,2,1e-04,43,"invasive_income",-0.6,-0.434138219410851,1
1,2,1e-04,43,"invasive_child",0,0.105727868350777,1
1,2,1e-04,44,"ASC2_male",0,0.14561215695265,1
1,2,1e-04,44,"ASC2_age",-0.5,-0.249298107879443,1
1,2,1e-04,44,"ASC2_income",-1,-0.405383874993533,1
1,2,1e-04,44,"ASC2_child",-0.8,-0.217549930148903,1
1,2,1e-04,44,"ASC3_male",-1.1,-0.535019796471458,1
1,2,1e-04,44,"ASC3_age",0,-0.018548777614783,1
1,2,1e-04,44,"ASC3_income",0,0.025621470501588,1
1,2,1e-04,44,"ASC3_child",0,0.13710011568935,1
1,2,1e-04,44,"prot25_male",-1.1,-0.593807635149903,1
1,2,1e-04,44,"prot25_age",-0.3,-0.226335059415799,1
1,2,1e-04,44,"prot25_income",0,-0.0796656199805286,1
1,2,1e-04,44,"prot25_child",-0.6,-0.450746882390518,1
1,2,1e-04,44,"prot50_male",0,-0.253434150096916,1
1,2,1e-04,44,"prot50_age",0,-0.0152753383107067,1
1,2,1e-04,44,"prot50_income",-0.8,-0.486468053754793,1
1,2,1e-04,44,"prot50_child",0,0.344805238530833,1
1,2,1e-04,44,"invasive_male",-0.3,0.140527537270819,1
1,2,1e-04,44,"invasive_age",0,-0.0990950082947995,1
1,2,1e-04,44,"invasive_income",0,-0.0635474749628038,1
1,2,1e-04,44,"invasive_child",-0.4,0.145615185756536,1
1,2,1e-04,45,"ASC2_male",0,0.115889704432416,1
1,2,1e-04,45,"ASC2_age",0.7,0.523243441854242,1
1,2,1e-04,45,"ASC2_income",1.1,0.534686764216576,1
1,2,1e-04,45,"ASC2_child",0.3,0.233530475053453,1
1,2,1e-04,45,"ASC3_male",0,-0.108092997825532,1
1,2,1e-04,45,"ASC3_age",0.4,0.4074461055688,1
1,2,1e-04,45,"ASC3_income",-0.1,-0.0953044813232829,1
1,2,1e-04,45,"ASC3_child",0,0.0832347649765221,1
1,2,1e-04,45,"prot25_male",0,-0.48148906644504,1
1,2,1e-04,45,"prot25_age",0,-0.0128374138790672,1
1,2,1e-04,45,"prot25_income",0,-0.0985978659821715,1
1,2,1e-04,45,"prot25_child",1.1,0.433456650076202,1
1,2,1e-04,45,"prot50_male",0,-0.315572104413544,1
1,2,1e-04,45,"prot50_age",-0.4,-0.348457219256517,1
1,2,1e-04,45,"prot50_income",0,-0.137672047923444,1
1,2,1e-04,45,"prot50_child",0.4,0.104739371534662,1
1,2,1e-04,45,"invasive_male",-0.3,-0.41701441295381,1
1,2,1e-04,45,"invasive_age",-0.2,-0.0315464266478841,1
1,2,1e-04,45,"invasive_income",0,-0.0787177265975148,1
1,2,1e-04,45,"invasive_child",0,-0.187832446026801,1
1,2,1e-04,46,"ASC2_male",0.4,-0.368297686482153,1
1,2,1e-04,46,"ASC2_age",0,0.0986724270963276,1
1,2,1e-04,46,"ASC2_income",0,0.128765887476286,1
1,2,1e-04,46,"ASC2_child",-0.5,-0.531121940931409,1
1,2,1e-04,46,"ASC3_male",-0.9,-0.994591250856406,1
1,2,1e-04,46,"ASC3_age",0,-0.0155746759784486,1
1,2,1e-04,46,"ASC3_income",-1,-0.445107454864792,1
1,2,1e-04,46,"ASC3_child",0.7,0.238804958757066,1
1,2,1e-04,46,"prot25_male",0,0.394976227538026,1
1,2,1e-04,46,"prot25_age",-0.9,-0.439809687825986,1
1,2,1e-04,46,"prot25_income",0,-0.0243832188039271,1
1,2,1e-04,46,"prot25_child",0,0.576918589550119,1
1,2,1e-04,46,"prot50_male",0,0.512713297128725,1
1,2,1e-04,46,"prot50_age",0.3,-0.0242079856705396,1
1,2,1e-04,46,"prot50_income",1,0.372358767216577,1
1,2,1e-04,46,"prot50_child",0,0.251255443697942,1
1,2,1e-04,46,"invasive_male",0.3,0.161504016643197,1
1,2,1e-04,46,"invasive_age",0,-0.104357263465425,1
1,2,1e-04,46,"invasive_income",0.2,0.0409176303638723,1
1,2,1e-04,46,"invasive_child",0,0.0600054761146714,1
1,2,1e-04,47,"ASC2_male",0,0.047537062687224,1
1,2,1e-04,47,"ASC2_age",0,0.13669783005707,1
1,2,1e-04,47,"ASC2_income",0.8,0.391463877264743,1
1,2,1e-04,47,"ASC2_child",-1.2,-0.588259636380173,1
1,2,1e-04,47,"ASC3_male",0.2,0.341257348305185,1
1,2,1e-04,47,"ASC3_age",0,0.203181059121673,1
1,2,1e-04,47,"ASC3_income",0,0.0387794781205498,1
1,2,1e-04,47,"ASC3_child",0,0.0503286004768082,1
1,2,1e-04,47,"prot25_male",0,0.1193480622419,1
1,2,1e-04,47,"prot25_age",0.5,0.176778985959243,1
1,2,1e-04,47,"prot25_income",0.4,0.255849733759928,1
1,2,1e-04,47,"prot25_child",0.9,0.486460330676992,1
1,2,1e-04,47,"prot50_male",0,0.0735615504649408,1
1,2,1e-04,47,"prot50_age",-0.3,-0.306367560292916,1
1,2,1e-04,47,"prot50_income",-0.7,-0.265057278005724,1
1,2,1e-04,47,"prot50_child",-1.1,-0.561654855536391,1
1,2,1e-04,47,"invasive_male",0,0.289289448224852,1
1,2,1e-04,47,"invasive_age",0.5,0.37031523149436,1
1,2,1e-04,47,"invasive_income",0,0.209944649940894,1
1,2,1e-04,47,"invasive_child",0,0.16973654100641,1
1,2,1e-04,48,"ASC2_male",1.1,1.13755426259732,1
1,2,1e-04,48,"ASC2_age",0,-0.0517203478506537,1
1,2,1e-04,48,"ASC2_income",0,-0.0770888440802832,1
1,2,1e-04,48,"ASC2_child",-0.3,-0.306406060795101,1
1,2,1e-04,48,"ASC3_male",0,0.428005033287224,1
1,2,1e-04,48,"ASC3_age",0,0.00111202805838457,1
1,2,1e-04,48,"ASC3_income",0.8,0.301439301932042,1
1,2,1e-04,48,"ASC3_child",0,-0.0126740456513254,1
1,2,1e-04,48,"prot25_male",-0.6,-0.846356243564076,1
1,2,1e-04,48,"prot25_age",0,0.0080757319868329,1
1,2,1e-04,48,"prot25_income",-0.2,-0.137074165035341,1
1,2,1e-04,48,"prot25_child",0,0.408776564619702,1
1,2,1e-04,48,"prot50_male",0,-0.38052577690469,1
1,2,1e-04,48,"prot50_age",-0.4,-0.192247347045415,1
1,2,1e-04,48,"prot50_income",0,-0.0583776444205093,1
1,2,1e-04,48,"prot50_child",0,0.38161231937387,1
1,2,1e-04,48,"invasive_male",0.7,0.440492678468026,1
1,2,1e-04,48,"invasive_age",-0.6,-0.323898073557564,1
1,2,1e-04,48,"invasive_income",-0.3,-0.214059244564747,1
1,2,1e-04,48,"invasive_child",-0.7,-0.294606443210357,1
1,2,1e-04,49,"ASC2_male",0.7,0.131793150322778,1
1,2,1e-04,49,"ASC2_age",0,-0.0980070338078523,1
1,2,1e-04,49,"ASC2_income",-0.8,-0.380567152184875,1
1,2,1e-04,49,"ASC2_child",-0.9,-0.424896392273799,1
1,2,1e-04,49,"ASC3_male",0,-0.216152785848916,1
1,2,1e-04,49,"ASC3_age",0,-0.0799062600523452,1
1,2,1e-04,49,"ASC3_income",-0.5,-0.340000919681371,1
1,2,1e-04,49,"ASC3_child",0,-0.0269187880050487,1
1,2,1e-04,49,"prot25_male",0.8,0.358299975442759,1
1,2,1e-04,49,"prot25_age",0,-0.0153369097219195,1
1,2,1e-04,49,"prot25_income",0,0.159999187714755,1
1,2,1e-04,49,"prot25_child",0.5,0.166158106423265,1
1,2,1e-04,49,"prot50_male",-0.1,-0.0415511957990538,1
1,2,1e-04,49,"prot50_age",0.8,0.378297236083018,1
1,2,1e-04,49,"prot50_income",0,0.0113518997373747,1
1,2,1e-04,49,"prot50_child",0,-0.230906422544269,1
1,2,1e-04,49,"invasive_male",-0.9,-0.551726603377072,1
1,2,1e-04,49,"invasive_age",0,-0.0296725071611041,1
1,2,1e-04,49,"invasive_income",0,0.0533538718605086,1
1,2,1e-04,49,"invasive_child",0.3,0.0918539771380898,1
1,2,1e-04,50,"ASC2_male",0,-0.0875786792174326,1
1,2,1e-04,50,"ASC2_age",0.8,0.422694577173072,1
1,2,1e-04,50,"ASC2_income",0,0.0607245401986802,1
1,2,1e-04,50,"ASC2_child",0,0.241599052811756,1
1,2,1e-04,50,"ASC3_male",-0.5,-0.139608329306981,1
1,2,1e-04,50,"ASC3_age",-0.4,-0.350791758842911,1
1,2,1e-04,50,"ASC3_income",1.1,0.662034495181108,1
1,2,1e-04,50,"ASC3_child",0.5,0.295810379479782,1
1,2,1e-04,50,"prot25_male",1.1,0.472178266475221,1
1,2,1e-04,50,"prot25_age",0.8,0.465387451921579,1
1,2,1e-04,50,"prot25_income",0,-0.123225659508353,1
1,2,1e-04,50,"prot25_child",0,0.137477420954827,1
1,2,1e-04,50,"prot50_male",-0.6,-0.268109146988047,1
1,2,1e-04,50,"prot50_age",0,-0.0349318414230029,1
1,2,1e-04,50,"prot50_income",-0.3,-0.136068885990566,1
1,2,1e-04,50,"prot50_child",0,0.24455147798174,1
1,2,1e-04,50,"invasive_male",0,0.0762683250671878,1
1,2,1e-04,50,"invasive_age",0,-0.0225673233150024,1
1,2,1e-04,50,"invasive_income",0.6,0.150380092872998,1
1,2,1e-04,50,"invasive_child",0,0.0189088892475823,1
1,2,1e-04,51,"ASC2_male",-0.3,-0.447194155187985,1
1,2,1e-04,51,"ASC2_age",-0.5,-0.305136979893774,1
1,2,1e-04,51,"ASC2_income",0,0.00205339550402758,1
1,2,1e-04,51,"ASC2_child",-0.7,-0.217857551275812,1
1,2,1e-04,51,"ASC3_male",0,-0.458195391414052,1
1,2,1e-04,51,"ASC3_age",0.5,0.225594764564997,1
1,2,1e-04,51,"ASC3_income",0,-0.0583961742784951,1
1,2,1e-04,51,"ASC3_child",0,0.286866717221018,1
1,2,1e-04,51,"prot25_male",-1.1,-0.22050458675679,1
1,2,1e-04,51,"prot25_age",0.3,0.231542345235961,1
1,2,1e-04,51,"prot25_income",0.2,0.183366797429965,1
1,2,1e-04,51,"prot25_child",0,0.166731355168224,1
1,2,1e-04,51,"prot50_male",0,0.257618202389925,1
1,2,1e-04,51,"prot50_age",0,0.0228779372049242,1
1,2,1e-04,51,"prot50_income",0,0.0699233682449112,1
1,2,1e-04,51,"prot50_child",1.2,0.518174992555924,1
1,2,1e-04,51,"invasive_male",-0.1,0.0322425614146813,1
1,2,1e-04,51,"invasive_age",0,-0.0529967034915714,1
1,2,1e-04,51,"invasive_income",0,0.031789065746737,1
1,2,1e-04,51,"invasive_child",0.3,0.27184168555198,1
1,2,1e-04,52,"ASC2_male",-0.5,0.0200307850251803,1
1,2,1e-04,52,"ASC2_age",-0.5,-0.187908696575534,1
1,2,1e-04,52,"ASC2_income",1.1,0.639495326968508,1
1,2,1e-04,52,"ASC2_child",-0.5,-0.0949423969665738,1
1,2,1e-04,52,"ASC3_male",0.3,0.198258441187883,1
1,2,1e-04,52,"ASC3_age",0,-0.00551250381011653,1
1,2,1e-04,52,"ASC3_income",0,0.149581965465114,1
1,2,1e-04,52,"ASC3_child",0,0.2059615497663,1
1,2,1e-04,52,"prot25_male",-0.3,0.0877348041364124,1
1,2,1e-04,52,"prot25_age",1,0.565410735748302,1
1,2,1e-04,52,"prot25_income",0,-0.094798071551373,1
1,2,1e-04,52,"prot25_child",-1.2,-0.813873735555989,1
1,2,1e-04,52,"prot50_male",0,-0.0767703863532619,1
1,2,1e-04,52,"prot50_age",0,0.0955939371335777,1
1,2,1e-04,52,"prot50_income",0,-0.0963136852904039,1
1,2,1e-04,52,"prot50_child",0.3,0.179860146509799,1
1,2,1e-04,52,"invasive_male",0.1,0.153601917359214,1
1,2,1e-04,52,"invasive_age",0,0.0342048114644877,1
1,2,1e-04,52,"invasive_income",0,-0.10559084411434,1
1,2,1e-04,52,"invasive_child",0,0.0725853780668241,1
1,2,1e-04,53,"ASC2_male",-0.4,-0.25485409746146,1
1,2,1e-04,53,"ASC2_age",0,0.162253984765049,1
1,2,1e-04,53,"ASC2_income",-0.7,-0.445688455179468,1
1,2,1e-04,53,"ASC2_child",0,-0.515053586499939,1
1,2,1e-04,53,"ASC3_male",0.3,0.196368274831867,1
1,2,1e-04,53,"ASC3_age",0.6,0.381634857541149,1
1,2,1e-04,53,"ASC3_income",0,0.0666096339194766,1
1,2,1e-04,53,"ASC3_child",0,-0.376343214360713,1
1,2,1e-04,53,"prot25_male",0,-0.0100691765263508,1
1,2,1e-04,53,"prot25_age",0.4,0.0569922233454789,1
1,2,1e-04,53,"prot25_income",0,-0.0416595205437064,1
1,2,1e-04,53,"prot25_child",0,0.241793215218627,1
1,2,1e-04,53,"prot50_male",-0.6,-0.58342071357899,1
1,2,1e-04,53,"prot50_age",0.9,0.35008286666553,1
1,2,1e-04,53,"prot50_income",0,-0.0422374572538064,1
1,2,1e-04,53,"prot50_child",-1.1,-0.205074146796043,1
1,2,1e-04,53,"invasive_male",-0.5,-0.485291843939284,1
1,2,1e-04,53,"invasive_age",0,-0.0754339331901669,1
1,2,1e-04,53,"invasive_income",0,-0.0119490840032391,1
1,2,1e-04,53,"invasive_child",-0.6,-0.797935273677777,1
1,2,1e-04,54,"ASC2_male",0,-0.199747565124665,1
1,2,1e-04,54,"ASC2_age",-0.5,-0.384995972135751,1
1,2,1e-04,54,"ASC2_income",-0.7,-0.367866282320399,1
1,2,1e-04,54,"ASC2_child",0,-0.00560507351151121,1
1,2,1e-04,54,"ASC3_male",1.1,0.436600490222477,1
1,2,1e-04,54,"ASC3_age",0,-0.120812831800984,1
1,2,1e-04,54,"ASC3_income",0,-0.00322609249922879,1
1,2,1e-04,54,"ASC3_child",-0.5,-0.199778358306335,1
1,2,1e-04,54,"prot25_male",0,0.186113566353568,1
1,2,1e-04,54,"prot25_age",0.3,0.162353901722709,1
1,2,1e-04,54,"prot25_income",0,-0.128342530222619,1
1,2,1e-04,54,"prot25_child",0,0.0714218482224628,1
1,2,1e-04,54,"prot50_male",0,0.0614805678706476,1
1,2,1e-04,54,"prot50_age",0.2,-0.0189923891133553,1
1,2,1e-04,54,"prot50_income",0.5,0.227799113053577,1
1,2,1e-04,54,"prot50_child",-0.7,-0.357680909180331,1
1,2,1e-04,54,"invasive_male",0,0.124737466327423,1
1,2,1e-04,54,"invasive_age",0.1,-0.0780451477710907,1
1,2,1e-04,54,"invasive_income",-1.2,-0.501649236333012,1
1,2,1e-04,54,"invasive_child",0,-0.0250373849988029,1
1,2,1e-04,55,"ASC2_male",0,-0.18124478127514,1
1,2,1e-04,55,"ASC2_age",0,0.025506019302454,1
1,2,1e-04,55,"ASC2_income",0,0.0903548820459496,1
1,2,1e-04,55,"ASC2_child",0,0.0182312825828572,1
1,2,1e-04,55,"ASC3_male",0.5,0.158242302791179,1
1,2,1e-04,55,"ASC3_age",0,0.046682918779545,1
1,2,1e-04,55,"ASC3_income",0,0.183010901295464,1
1,2,1e-04,55,"ASC3_child",0,-0.202210556107649,1
1,2,1e-04,55,"prot25_male",0.2,0.254336728591484,1
1,2,1e-04,55,"prot25_age",0.7,0.29298235757949,1
1,2,1e-04,55,"prot25_income",-0.7,-0.469509522545349,1
1,2,1e-04,55,"prot25_child",0,-0.188718457053388,1
1,2,1e-04,55,"prot50_male",-0.5,-0.420204553224324,1
1,2,1e-04,55,"prot50_age",0.5,0.346864053966188,1
1,2,1e-04,55,"prot50_income",-1,-0.689472681889179,1
1,2,1e-04,55,"prot50_child",0,0.0706379306109869,1
1,2,1e-04,55,"invasive_male",0.8,0.288819029507791,1
1,2,1e-04,55,"invasive_age",0,0.056775887989105,1
1,2,1e-04,55,"invasive_income",-0.9,-0.413963610268071,1
1,2,1e-04,55,"invasive_child",-1.2,-0.425951978579292,1
1,2,1e-04,56,"ASC2_male",0,0.0573627135501067,1
1,2,1e-04,56,"ASC2_age",-0.7,-0.450421916408272,1
1,2,1e-04,56,"ASC2_income",0,0.00996255138030919,1
1,2,1e-04,56,"ASC2_child",0,0.341651989826923,1
1,2,1e-04,56,"ASC3_male",0,0.132520291537638,1
1,2,1e-04,56,"ASC3_age",-0.4,-0.21288403266734,1
1,2,1e-04,56,"ASC3_income",0,0.0159779769959878,1
1,2,1e-04,56,"ASC3_child",0,0.366300381805554,1
1,2,1e-04,56,"prot25_male",0,-0.289885654590799,1
1,2,1e-04,56,"prot25_age",0,0.0882427377947191,1
1,2,1e-04,56,"prot25_income",-0.2,-0.0356629176050165,1
1,2,1e-04,56,"prot25_child",-1,-0.73825748388633,1
1,2,1e-04,56,"prot50_male",0.7,0.184082106410511,1
1,2,1e-04,56,"prot50_age",0.5,0.310884992125652,1
1,2,1e-04,56,"prot50_income",-0.6,-0.226389634256178,1
1,2,1e-04,56,"prot50_child",0.7,0.0485890112136347,1
1,2,1e-04,56,"invasive_male",0,0.0799031650021137,1
1,2,1e-04,56,"invasive_age",-1.1,-0.588668148944279,1
1,2,1e-04,56,"invasive_income",0.3,0.269024376337463,1
1,2,1e-04,56,"invasive_child",0,-0.179724584647827,1
1,2,1e-04,57,"ASC2_male",1.2,0.31880064349248,1
1,2,1e-04,57,"ASC2_age",1,0.57183930561743,1
1,2,1e-04,57,"ASC2_income",0,-0.000317979858048221,1
1,2,1e-04,57,"ASC2_child",0,0.0451666521927304,1
1,2,1e-04,57,"ASC3_male",-0.2,-0.264627250236569,1
1,2,1e-04,57,"ASC3_age",0,0.0848731248527332,1
1,2,1e-04,57,"ASC3_income",0,0.0486219823440832,1
1,2,1e-04,57,"ASC3_child",0,0.106652436417499,1
1,2,1e-04,57,"prot25_male",-1,-0.503106219148987,1
1,2,1e-04,57,"prot25_age",0,-0.0358125403928027,1
1,2,1e-04,57,"prot25_income",-0.1,-0.0805918119428273,1
1,2,1e-04,57,"prot25_child",0,0.041464112003271,1
1,2,1e-04,57,"prot50_male",-0.4,-0.29367961544342,1
1,2,1e-04,57,"prot50_age",-0.6,-0.430253693587777,1
1,2,1e-04,57,"prot50_income",0.5,0.127600722739564,1
1,2,1e-04,57,"prot50_child",0.6,0.0691311897131239,1
1,2,1e-04,57,"invasive_male",0.7,0.0861742741339067,1
1,2,1e-04,57,"invasive_age",0,0.103836713180705,1
1,2,1e-04,57,"invasive_income",0,0.0329852780997567,1
1,2,1e-04,57,"invasive_child",0,-0.0220011714886708,1
1,2,1e-04,58,"ASC2_male",0.3,0.317464180929178,1
1,2,1e-04,58,"ASC2_age",0.2,0.154836656522129,1
1,2,1e-04,58,"ASC2_income",0,0.0529006825753219,1
1,2,1e-04,58,"ASC2_child",0,0.221953869295337,1
1,2,1e-04,58,"ASC3_male",0,0.261184964778769,1
1,2,1e-04,58,"ASC3_age",0,0.05368775685637,1
1,2,1e-04,58,"ASC3_income",0,-0.0178859023314496,1
1,2,1e-04,58,"ASC3_child",0.1,0.144939370626403,1
1,2,1e-04,58,"prot25_male",0,-0.061386179031217,1
1,2,1e-04,58,"prot25_age",0,-0.0378812231111708,1
1,2,1e-04,58,"prot25_income",0,-0.149874133684306,1
1,2,1e-04,58,"prot25_child",1,0.448573928526332,1
1,2,1e-04,58,"prot50_male",0,-0.0233088158513075,1
1,2,1e-04,58,"prot50_age",0.5,0.146839593541697,1
1,2,1e-04,58,"prot50_income",0,-0.123585248443127,1
1,2,1e-04,58,"prot50_child",0.8,0.0753009120241358,1
1,2,1e-04,58,"invasive_male",0.5,0.232113500880165,1
1,2,1e-04,58,"invasive_age",1,0.440669232007345,1
1,2,1e-04,58,"invasive_income",0.6,0.298137188877915,1
1,2,1e-04,58,"invasive_child",0.7,0.380504444471739,1
1,2,1e-04,59,"ASC2_male",0,-0.000234321717137416,1
1,2,1e-04,59,"ASC2_age",0.5,0.229302128338693,1
1,2,1e-04,59,"ASC2_income",0,-0.169133551934702,1
1,2,1e-04,59,"ASC2_child",0,0.225919288048724,1
1,2,1e-04,59,"ASC3_male",0.6,0.395880632537963,1
1,2,1e-04,59,"ASC3_age",-1.1,-0.685684606822262,1
1,2,1e-04,59,"ASC3_income",0,-0.0768409056933825,1
1,2,1e-04,59,"ASC3_child",0,0.0404307473459718,1
1,2,1e-04,59,"prot25_male",-0.7,-0.196081111218712,1
1,2,1e-04,59,"prot25_age",0,0.0395470171767059,1
1,2,1e-04,59,"prot25_income",-0.2,-0.0531119486105768,1
1,2,1e-04,59,"prot25_child",0,0.171703881053393,1
1,2,1e-04,59,"prot50_male",0.4,0.291485890167283,1
1,2,1e-04,59,"prot50_age",-0.9,-0.33175403971803,1
1,2,1e-04,59,"prot50_income",0,-0.0062120221845183,1
1,2,1e-04,59,"prot50_child",0,0.00106141389736606,1
1,2,1e-04,59,"invasive_male",1,0.512691923816139,1
1,2,1e-04,59,"invasive_age",-0.8,-0.399582856182619,1
1,2,1e-04,59,"invasive_income",-0.4,-0.193614500284127,1
1,2,1e-04,59,"invasive_child",0,0.0909327155591027,1
1,2,1e-04,60,"ASC2_male",-1.2,-0.618189588512783,1
1,2,1e-04,60,"ASC2_age",0,0.113663201491321,1
1,2,1e-04,60,"ASC2_income",0.6,0.354938047270067,1
1,2,1e-04,60,"ASC2_child",-0.4,-0.371027453773907,1
1,2,1e-04,60,"ASC3_male",0,-0.110758599199688,1
1,2,1e-04,60,"ASC3_age",0,0.205362882536361,1
1,2,1e-04,60,"ASC3_income",0,0.0395244952931872,1
1,2,1e-04,60,"ASC3_child",0,-0.160635389147958,1
1,2,1e-04,60,"prot25_male",0,-0.124072252554602,1
1,2,1e-04,60,"prot25_age",-0.4,-0.356438510153844,1
1,2,1e-04,60,"prot25_income",0,0.0256097466403061,1
1,2,1e-04,60,"prot25_child",0,0.299995319637887,1
1,2,1e-04,60,"prot50_male",-1.1,-0.52423821505941,1
1,2,1e-04,60,"prot50_age",0,-0.179995104651848,1
1,2,1e-04,60,"prot50_income",0.4,0.232753036115644,1
1,2,1e-04,60,"prot50_child",0,0.128049135226515,1
1,2,1e-04,60,"invasive_male",0.3,0.0901489013364983,1
1,2,1e-04,60,"invasive_age",-0.5,-0.167414099744927,1
1,2,1e-04,60,"invasive_income",-0.7,-0.389292349230982,1
1,2,1e-04,60,"invasive_child",1,0.449275822520201,1
1,2,1e-04,61,"ASC2_male",0.8,0.557524403126491,1
1,2,1e-04,61,"ASC2_age",-0.9,-0.538066827393394,1
1,2,1e-04,61,"ASC2_income",-0.3,0.0633121931674698,1
1,2,1e-04,61,"ASC2_child",0,-0.407009554133479,1
1,2,1e-04,61,"ASC3_male",0,0.228284908290588,1
1,2,1e-04,61,"ASC3_age",0,-0.159304879019856,1
1,2,1e-04,61,"ASC3_income",0,0.180949761463482,1
1,2,1e-04,61,"ASC3_child",0,-0.342137057588254,1
1,2,1e-04,61,"prot25_male",0,-0.22122905761755,1
1,2,1e-04,61,"prot25_age",-1,-0.298983055054531,1
1,2,1e-04,61,"prot25_income",0,-0.0793502345321803,1
1,2,1e-04,61,"prot25_child",0,0.217958684647687,1
1,2,1e-04,61,"prot50_male",-0.8,-0.51045327131583,1
1,2,1e-04,61,"prot50_age",0.2,0.180968208867001,1
1,2,1e-04,61,"prot50_income",0,-0.0710203715533715,1
1,2,1e-04,61,"prot50_child",0.3,0.498311696127157,1
1,2,1e-04,61,"invasive_male",0,0.146454377957283,1
1,2,1e-04,61,"invasive_age",1,0.43576949279001,1
1,2,1e-04,61,"invasive_income",0.2,0.227282239316686,1
1,2,1e-04,61,"invasive_child",0.9,0.587256217228809,1
1,2,1e-04,62,"ASC2_male",0,0.0943972356995776,1
1,2,1e-04,62,"ASC2_age",0,0.153180725384944,1
1,2,1e-04,62,"ASC2_income",0.1,-0.218999829640052,1
1,2,1e-04,62,"ASC2_child",0,0.136759729704068,1
1,2,1e-04,62,"ASC3_male",0,0.188186696438121,1
1,2,1e-04,62,"ASC3_age",0.6,0.423561753543092,1
1,2,1e-04,62,"ASC3_income",0.6,0.105062718711966,1
1,2,1e-04,62,"ASC3_child",0,0.121597087445339,1
1,2,1e-04,62,"prot25_male",-0.5,-0.141881250796964,1
1,2,1e-04,62,"prot25_age",0,-0.0719009651448692,1
1,2,1e-04,62,"prot25_income",0,0.0828925596249663,1
1,2,1e-04,62,"prot25_child",-0.2,-0.252251524266451,1
1,2,1e-04,62,"prot50_male",-0.5,-0.270502739881649,1
1,2,1e-04,62,"prot50_age",0.3,0.120374040893603,1
1,2,1e-04,62,"prot50_income",0,0.151553125066043,1
1,2,1e-04,62,"prot50_child",1,0.431535502769689,1
1,2,1e-04,62,"invasive_male",0.5,0.321371607311267,1
1,2,1e-04,62,"invasive_age",0,0.0329731234274902,1
1,2,1e-04,62,"invasive_income",0,-0.0468853350176514,1
1,2,1e-04,62,"invasive_child",-0.9,-0.615472785649353,1
1,2,1e-04,63,"ASC2_male",0,0.0212133868169863,1
1,2,1e-04,63,"ASC2_age",0.6,0.264680183554091,1
1,2,1e-04,63,"ASC2_income",-0.7,-0.159439609466008,1
1,2,1e-04,63,"ASC2_child",0,-0.249550794625823,1
1,2,1e-04,63,"ASC3_male",-0.5,-0.330475169724324,1
1,2,1e-04,63,"ASC3_age",0,0.0208122934623216,1
1,2,1e-04,63,"ASC3_income",0,0.0687820882958276,1
1,2,1e-04,63,"ASC3_child",-0.1,-0.268838027937387,1
1,2,1e-04,63,"prot25_male",0,0.238032362202826,1
1,2,1e-04,63,"prot25_age",0,-0.120175528216848,1
1,2,1e-04,63,"prot25_income",-0.4,-0.181931022326911,1
1,2,1e-04,63,"prot25_child",-0.6,0.0254655899450595,1
1,2,1e-04,63,"prot50_male",0,0.136751449932309,1
1,2,1e-04,63,"prot50_age",0,-0.041336623065417,1
1,2,1e-04,63,"prot50_income",-0.9,-0.520193212830596,1
1,2,1e-04,63,"prot50_child",-0.7,-0.118950334729595,1
1,2,1e-04,63,"invasive_male",0.8,0.510011185863737,1
1,2,1e-04,63,"invasive_age",0,-0.163745375761885,1
1,2,1e-04,63,"invasive_income",-0.8,-0.429459418509972,1
1,2,1e-04,63,"invasive_child",0,-0.213432255989899,1
1,2,1e-04,64,"ASC2_male",0.2,-0.502199144990537,1
1,2,1e-04,64,"ASC2_age",0,0.0627914496342869,1
1,2,1e-04,64,"ASC2_income",-0.3,0.157528993258436,1
1,2,1e-04,64,"ASC2_child",0,-0.626961238493338,1
1,2,1e-04,64,"ASC3_male",0,-0.53813294784202,1
1,2,1e-04,64,"ASC3_age",-1.2,-0.526855765718496,1
1,2,1e-04,64,"ASC3_income",0.1,0.299504449129129,1
1,2,1e-04,64,"ASC3_child",0,-0.484505632683571,1
1,2,1e-04,64,"prot25_male",-0.8,-0.0483571390143849,1
1,2,1e-04,64,"prot25_age",0.1,-0.01286416151537,1
1,2,1e-04,64,"prot25_income",0.3,0.157801072405778,1
1,2,1e-04,64,"prot25_child",-0.5,0.208896985109814,1
1,2,1e-04,64,"prot50_male",0.2,0.568121733091155,1
1,2,1e-04,64,"prot50_age",1.1,0.462236048898911,1
1,2,1e-04,64,"prot50_income",0,-0.0455136929000483,1
1,2,1e-04,64,"prot50_child",0,0.39666511619188,1
1,2,1e-04,64,"invasive_male",0,-0.329613453757047,1
1,2,1e-04,64,"invasive_age",0,0.00637933252456779,1
1,2,1e-04,64,"invasive_income",0,0.151978688405969,1
1,2,1e-04,64,"invasive_child",0,-0.118809423656618,1
1,2,1e-04,65,"ASC2_male",0,0.380003790007486,1
1,2,1e-04,65,"ASC2_age",0.8,-0.0619790100666796,1
1,2,1e-04,65,"ASC2_income",0.2,0.300082652608751,1
1,2,1e-04,65,"ASC2_child",0,0.221043907063519,1
1,2,1e-04,65,"ASC3_male",0,0.215750055813747,1
1,2,1e-04,65,"ASC3_age",0,-0.350759531203557,1
1,2,1e-04,65,"ASC3_income",0.7,0.476597556523749,1
1,2,1e-04,65,"ASC3_child",0.5,0.433955697002311,1
1,2,1e-04,65,"prot25_male",0,-0.137949569433733,1
1,2,1e-04,65,"prot25_age",0,0.405066524828752,1
1,2,1e-04,65,"prot25_income",0,-0.124331061193902,1
1,2,1e-04,65,"prot25_child",1,0.407997823432488,1
1,2,1e-04,65,"prot50_male",0.6,0.0652948056136402,1
1,2,1e-04,65,"prot50_age",0,0.316192741565084,1
1,2,1e-04,65,"prot50_income",-0.2,-0.098270767811574,1
1,2,1e-04,65,"prot50_child",0.5,0.366128366699156,1
1,2,1e-04,65,"invasive_male",0.3,0.207875554010439,1
1,2,1e-04,65,"invasive_age",0,-0.266094984018091,1
1,2,1e-04,65,"invasive_income",0.9,0.599549387460272,1
1,2,1e-04,65,"invasive_child",0,0.148859989140647,1
1,2,1e-04,66,"ASC2_male",0,0.133329635511094,1
1,2,1e-04,66,"ASC2_age",-0.2,-0.0529155210028639,1
1,2,1e-04,66,"ASC2_income",0.4,0.197331874097742,1
1,2,1e-04,66,"ASC2_child",0,0.425469936654596,1
1,2,1e-04,66,"ASC3_male",-0.9,-0.534320826380354,1
1,2,1e-04,66,"ASC3_age",1,0.701556716248562,1
1,2,1e-04,66,"ASC3_income",0,0.0249768040109049,1
1,2,1e-04,66,"ASC3_child",0,0.602199288429706,1
1,2,1e-04,66,"prot25_male",-0.5,-0.380644714041922,1
1,2,1e-04,66,"prot25_age",0,-0.128843924086058,1
1,2,1e-04,66,"prot25_income",0,0.0438138181093871,1
1,2,1e-04,66,"prot25_child",-1.1,-1.05035903351548,1
1,2,1e-04,66,"prot50_male",1,0.454738549606947,1
1,2,1e-04,66,"prot50_age",0,-0.162837546596619,1
1,2,1e-04,66,"prot50_income",0.2,0.0176846664437028,1
1,2,1e-04,66,"prot50_child",0.7,-0.0699773782360552,1
1,2,1e-04,66,"invasive_male",0,-0.16925339610786,1
1,2,1e-04,66,"invasive_age",0,0.120393166492982,1
1,2,1e-04,66,"invasive_income",0,-0.0664097943375988,1
1,2,1e-04,66,"invasive_child",-1,-0.472076816409943,1
1,2,1e-04,67,"ASC2_male",-0.6,-0.167136435116593,1
1,2,1e-04,67,"ASC2_age",-0.5,-0.244124413853004,1
1,2,1e-04,67,"ASC2_income",0,0.0107867512630196,1
1,2,1e-04,67,"ASC2_child",0.9,0.166078588827461,1
1,2,1e-04,67,"ASC3_male",0.8,0.638964729177752,1
1,2,1e-04,67,"ASC3_age",-0.9,-0.512981795492009,1
1,2,1e-04,67,"ASC3_income",1.1,0.465280789685764,1
1,2,1e-04,67,"ASC3_child",0.1,-0.281905118684467,1
1,2,1e-04,67,"prot25_male",0,-0.178497792939564,1
1,2,1e-04,67,"prot25_age",-0.2,0.0450801608436705,1
1,2,1e-04,67,"prot25_income",0,0.0962423772986467,1
1,2,1e-04,67,"prot25_child",0,0.181500424336971,1
1,2,1e-04,67,"prot50_male",1,0.42153244813248,1
1,2,1e-04,67,"prot50_age",0,0.0573461149762443,1
1,2,1e-04,67,"prot50_income",0,0.182374884670061,1
1,2,1e-04,67,"prot50_child",0.1,0.118428222168483,1
1,2,1e-04,67,"invasive_male",0,0.131495526547219,1
1,2,1e-04,67,"invasive_age",0,0.149207705392215,1
1,2,1e-04,67,"invasive_income",0,0.0405000662286011,1
1,2,1e-04,67,"invasive_child",0,-0.351541232458515,1
1,2,1e-04,68,"ASC2_male",0,0.117320186631335,1
1,2,1e-04,68,"ASC2_age",0.1,0.087592346019742,1
1,2,1e-04,68,"ASC2_income",0,0.00914179923456955,1
1,2,1e-04,68,"ASC2_child",-0.8,-0.406649575942084,1
1,2,1e-04,68,"ASC3_male",1.1,0.801932368499075,1
1,2,1e-04,68,"ASC3_age",-0.5,-0.254576147792968,1
1,2,1e-04,68,"ASC3_income",0,-0.111590946465793,1
1,2,1e-04,68,"ASC3_child",-0.9,-0.35906264967339,1
1,2,1e-04,68,"prot25_male",0.2,-0.252367388974111,1
1,2,1e-04,68,"prot25_age",0,-0.00904883186743751,1
1,2,1e-04,68,"prot25_income",0,0.101445748124383,1
1,2,1e-04,68,"prot25_child",-1.1,-0.669907910655921,1
1,2,1e-04,68,"prot50_male",0,-0.0723577050308666,1
1,2,1e-04,68,"prot50_age",0,-0.0611817433015897,1
1,2,1e-04,68,"prot50_income",0,0.118798594689517,1
1,2,1e-04,68,"prot50_child",-0.8,-0.657318475912148,1
1,2,1e-04,68,"invasive_male",0,0.291842543084054,1
1,2,1e-04,68,"invasive_age",-0.7,-0.411787507861189,1
1,2,1e-04,68,"invasive_income",0,-0.084827951571044,1
1,2,1e-04,68,"invasive_child",1.1,0.43452386350482,1
1,2,1e-04,69,"ASC2_male",1.1,0.133098142861148,1
1,2,1e-04,69,"ASC2_age",0,-0.127107345724536,1
1,2,1e-04,69,"ASC2_income",0.4,0.274502913576347,1
1,2,1e-04,69,"ASC2_child",1.2,1.06155173506243,1
1,2,1e-04,69,"ASC3_male",-1,-1.04810434384569,1
1,2,1e-04,69,"ASC3_age",0,-0.146686268307965,1
1,2,1e-04,69,"ASC3_income",-1.2,-0.657849952097648,1
1,2,1e-04,69,"ASC3_child",0,0.374163688298046,1
1,2,1e-04,69,"prot25_male",0,0.155396658000354,1
1,2,1e-04,69,"prot25_age",0,-0.0764744178444612,1
1,2,1e-04,69,"prot25_income",-0.4,-0.105765246602915,1
1,2,1e-04,69,"prot25_child",-0.4,-0.426035344671259,1
1,2,1e-04,69,"prot50_male",0,0.298010548964048,1
1,2,1e-04,69,"prot50_age",0,-0.11036087767252,1
1,2,1e-04,69,"prot50_income",0,0.162547868047422,1
1,2,1e-04,69,"prot50_child",0,-0.120178729219804,1
1,2,1e-04,69,"invasive_male",0,-0.043941755776024,1
1,2,1e-04,69,"invasive_age",-0.5,-0.377257161680551,1
1,2,1e-04,69,"invasive_income",-0.2,-0.0332133734534361,1
1,2,1e-04,69,"invasive_child",-0.2,-0.0314489889925724,1
1,2,1e-04,70,"ASC2_male",-0.8,-0.399343495597488,1
1,2,1e-04,70,"ASC2_age",0,-0.0911277583548508,1
1,2,1e-04,70,"ASC2_income",0.3,0.203592510176254,1
1,2,1e-04,70,"ASC2_child",0,0.0401432431110343,1
1,2,1e-04,70,"ASC3_male",0.9,0.544458203485407,1
1,2,1e-04,70,"ASC3_age",0,-0.14950800351444,1
1,2,1e-04,70,"ASC3_income",0,0.0232215518004615,1
1,2,1e-04,70,"ASC3_child",0,0.0517243596207367,1
1,2,1e-04,70,"prot25_male",0,0.00603024699904143,1
1,2,1e-04,70,"prot25_age",0,0.0426500560292045,1
1,2,1e-04,70,"prot25_income",0.9,0.365752166708249,1
1,2,1e-04,70,"prot25_child",0,-0.00234135663486653,1
1,2,1e-04,70,"prot50_male",-0.1,0.00482964132265999,1
1,2,1e-04,70,"prot50_age",-0.9,-0.384246896082675,1
1,2,1e-04,70,"prot50_income",0.9,0.416593829018714,1
1,2,1e-04,70,"prot50_child",1,0.475667308088529,1
1,2,1e-04,70,"invasive_male",0,-0.0939302315408162,1
1,2,1e-04,70,"invasive_age",0.8,0.288439523741825,1
1,2,1e-04,70,"invasive_income",0,0.17673183936577,1
1,2,1e-04,70,"invasive_child",-0.6,-0.318106362743763,1
1,2,1e-04,71,"ASC2_male",0.5,0.244666731662955,1
1,2,1e-04,71,"ASC2_age",1,0.432199911008602,1
1,2,1e-04,71,"ASC2_income",0.8,0.632336192472295,1
1,2,1e-04,71,"ASC2_child",0.7,0.24791223552156,1
1,2,1e-04,71,"ASC3_male",0,0.177541140289705,1
1,2,1e-04,71,"ASC3_age",0,-0.0734741349337468,1
1,2,1e-04,71,"ASC3_income",0,0.115455816920367,1
1,2,1e-04,71,"ASC3_child",1.1,0.336584939501675,1
1,2,1e-04,71,"prot25_male",0,0.0147330348593672,1
1,2,1e-04,71,"prot25_age",0,0.0558209572680734,1
1,2,1e-04,71,"prot25_income",0,-0.157801139077032,1
1,2,1e-04,71,"prot25_child",0,0.180434050461712,1
1,2,1e-04,71,"prot50_male",0,0.168410361475702,1
1,2,1e-04,71,"prot50_age",-0.6,-0.29302962995724,1
1,2,1e-04,71,"prot50_income",-0.9,-0.697549351591947,1
1,2,1e-04,71,"prot50_child",-0.7,-0.232560760301251,1
1,2,1e-04,71,"invasive_male",0.8,0.488408529915571,1
1,2,1e-04,71,"invasive_age",0,-0.0221302739803433,1
1,2,1e-04,71,"invasive_income",1,0.59013073363848,1
1,2,1e-04,71,"invasive_child",0,0.152050383737802,1
1,2,1e-04,72,"ASC2_male",-0.8,-0.331820807819418,1
1,2,1e-04,72,"ASC2_age",0,0.111318966446892,1
1,2,1e-04,72,"ASC2_income",0.3,0.288378859627571,1
1,2,1e-04,72,"ASC2_child",0.2,0.184231802213831,1
1,2,1e-04,72,"ASC3_male",0,0.0159172086509293,1
1,2,1e-04,72,"ASC3_age",0,0.0744978781176616,1
1,2,1e-04,72,"ASC3_income",0,0.0455457945458541,1
1,2,1e-04,72,"ASC3_child",-0.9,-0.197186070610758,1
1,2,1e-04,72,"prot25_male",0,0.0433268098239981,1
1,2,1e-04,72,"prot25_age",0,0.00194774990607365,1
1,2,1e-04,72,"prot25_income",0,-0.0767352684168998,1
1,2,1e-04,72,"prot25_child",-0.6,-0.328434635289834,1
1,2,1e-04,72,"prot50_male",1,0.586703341422308,1
1,2,1e-04,72,"prot50_age",-0.6,-0.333434703556972,1
1,2,1e-04,72,"prot50_income",0,0.00253870603210915,1
1,2,1e-04,72,"prot50_child",0.4,0.27959055539625,1
1,2,1e-04,72,"invasive_male",-0.5,-0.0129112515248406,1
1,2,1e-04,72,"invasive_age",0,-0.065634644280675,1
1,2,1e-04,72,"invasive_income",0,0.0108674966162627,1
1,2,1e-04,72,"invasive_child",-0.1,0.164709741097098,1
1,2,1e-04,73,"ASC2_male",0,0.0606474050390286,1
1,2,1e-04,73,"ASC2_age",0,-0.0182855601045525,1
1,2,1e-04,73,"ASC2_income",0.5,0.457445103154564,1
1,2,1e-04,73,"ASC2_child",-1,-0.740692662277433,1
1,2,1e-04,73,"ASC3_male",0.8,0.587490701164697,1
1,2,1e-04,73,"ASC3_age",0,-0.0443460053521304,1
1,2,1e-04,73,"ASC3_income",-0.5,-0.166011351562483,1
1,2,1e-04,73,"ASC3_child",-1.2,-0.754214523762347,1
1,2,1e-04,73,"prot25_male",0,-0.19742315298962,1
1,2,1e-04,73,"prot25_age",0,0.0838376537253041,1
1,2,1e-04,73,"prot25_income",0.4,0.16139076745697,1
1,2,1e-04,73,"prot25_child",0,0.317737465392187,1
1,2,1e-04,73,"prot50_male",-0.7,-0.327088424251472,1
1,2,1e-04,73,"prot50_age",0.7,0.399155225296832,1
1,2,1e-04,73,"prot50_income",1,0.457962413205652,1
1,2,1e-04,73,"prot50_child",0,-0.118278851328985,1
1,2,1e-04,73,"invasive_male",0,-0.074188945967982,1
1,2,1e-04,73,"invasive_age",0,0.00703883873905451,1
1,2,1e-04,73,"invasive_income",0,0.0248175674778044,1
1,2,1e-04,73,"invasive_child",0.8,0.276976716456785,1
1,2,1e-04,74,"ASC2_male",0,0.191385965822022,1
1,2,1e-04,74,"ASC2_age",0,-0.0258155074557514,1
1,2,1e-04,74,"ASC2_income",0,-0.0420299890070625,1
1,2,1e-04,74,"ASC2_child",-1,-0.394797525862253,1
1,2,1e-04,74,"ASC3_male",0.9,0.573220985837025,1
1,2,1e-04,74,"ASC3_age",1.1,0.620195199447155,1
1,2,1e-04,74,"ASC3_income",0,-0.125915287286518,1
1,2,1e-04,74,"ASC3_child",0,0.283658582730907,1
1,2,1e-04,74,"prot25_male",-0.6,-0.538071585016366,1
1,2,1e-04,74,"prot25_age",0.5,0.203328048488144,1
1,2,1e-04,74,"prot25_income",-0.3,-0.183434399172867,1
1,2,1e-04,74,"prot25_child",0,-0.0738100509185969,1
1,2,1e-04,74,"prot50_male",-0.2,-0.119889158929693,1
1,2,1e-04,74,"prot50_age",0,0.00820271883686467,1
1,2,1e-04,74,"prot50_income",0,0.000445475963985899,1
1,2,1e-04,74,"prot50_child",0,0.0335174819008542,1
1,2,1e-04,74,"invasive_male",0,-0.127772944448953,1
1,2,1e-04,74,"invasive_age",-1.1,-0.593784224436513,1
1,2,1e-04,74,"invasive_income",0.4,0.0490662601953595,1
1,2,1e-04,74,"invasive_child",0.7,0.407520621815762,1
1,2,1e-04,75,"ASC2_male",0,-0.497280368375927,1
1,2,1e-04,75,"ASC2_age",0.5,0.552645894236161,1
1,2,1e-04,75,"ASC2_income",0,-0.0830875852059157,1
1,2,1e-04,75,"ASC2_child",0,0.0321869030945508,1
1,2,1e-04,75,"ASC3_male",1,0.22519165374287,1
1,2,1e-04,75,"ASC3_age",0,0.259667293512743,1
1,2,1e-04,75,"ASC3_income",0,-0.159417691098694,1
1,2,1e-04,75,"ASC3_child",-0.8,-0.271665283785066,1
1,2,1e-04,75,"prot25_male",0.9,0.475961006360209,1
1,2,1e-04,75,"prot25_age",1,0.335346599461955,1
1,2,1e-04,75,"prot25_income",0,0.122763296292446,1
1,2,1e-04,75,"prot25_child",-1,-0.529026857822095,1
1,2,1e-04,75,"prot50_male",0,-0.193104454767822,1
1,2,1e-04,75,"prot50_age",0,-0.000824883828212442,1
1,2,1e-04,75,"prot50_income",-0.9,-0.208519152485971,1
1,2,1e-04,75,"prot50_child",-0.4,0.182312246689755,1
1,2,1e-04,75,"invasive_male",0.7,0.178377856499146,1
1,2,1e-04,75,"invasive_age",0,-0.0295152347110808,1
1,2,1e-04,75,"invasive_income",-0.5,-0.253825978833145,1
1,2,1e-04,75,"invasive_child",0,0.369503346180205,1
1,2,1e-04,76,"ASC2_male",-0.7,-0.462292158271474,1
1,2,1e-04,76,"ASC2_age",0,-0.139377281152528,1
1,2,1e-04,76,"ASC2_income",0,0.0619378965301584,1
1,2,1e-04,76,"ASC2_child",-1,-0.272232591559498,1
1,2,1e-04,76,"ASC3_male",-0.4,-0.510600065986601,1
1,2,1e-04,76,"ASC3_age",0,-0.139976083829685,1
1,2,1e-04,76,"ASC3_income",-0.5,-0.179589327997879,1
1,2,1e-04,76,"ASC3_child",-0.6,-0.167048026168838,1
1,2,1e-04,76,"prot25_male",0,0.0711980114790195,1
1,2,1e-04,76,"prot25_age",0,0.0955122319743727,1
1,2,1e-04,76,"prot25_income",0,-0.058921141481057,1
1,2,1e-04,76,"prot25_child",-0.5,-0.410767545649741,1
1,2,1e-04,76,"prot50_male",-0.1,0.088580509622118,1
1,2,1e-04,76,"prot50_age",0,0.124302453430285,1
1,2,1e-04,76,"prot50_income",0,0.0228367809225209,1
1,2,1e-04,76,"prot50_child",0,-0.117447831359055,1
1,2,1e-04,76,"invasive_male",-0.4,-0.205669841119348,1
1,2,1e-04,76,"invasive_age",0,0.0127623997154376,1
1,2,1e-04,76,"invasive_income",-0.2,-0.142007873731257,1
1,2,1e-04,76,"invasive_child",0.1,0.239466246915741,1
1,2,1e-04,77,"ASC2_male",0.4,0.490014871758538,1
1,2,1e-04,77,"ASC2_age",-0.4,-0.0586934974508552,1
1,2,1e-04,77,"ASC2_income",0,0.00339364162631439,1
1,2,1e-04,77,"ASC2_child",-1.1,-0.628723035777552,1
1,2,1e-04,77,"ASC3_male",0,0.211079806230001,1
1,2,1e-04,77,"ASC3_age",0,0.0560885855656549,1
1,2,1e-04,77,"ASC3_income",0,0.152764558964997,1
1,2,1e-04,77,"ASC3_child",0,0.0134466541075993,1
1,2,1e-04,77,"prot25_male",0.8,0.183925991353956,1
1,2,1e-04,77,"prot25_age",0.6,0.201728940902203,1
1,2,1e-04,77,"prot25_income",0,-0.160147831892293,1
1,2,1e-04,77,"prot25_child",0,0.0235734200948446,1
1,2,1e-04,77,"prot50_male",0,-0.0882949168587178,1
1,2,1e-04,77,"prot50_age",-0.5,-0.316512506017234,1
1,2,1e-04,77,"prot50_income",-1.1,-0.659386659762748,1
1,2,1e-04,77,"prot50_child",0,0.0639315904689728,1
1,2,1e-04,77,"invasive_male",0,-0.0136542258946495,1
1,2,1e-04,77,"invasive_age",1,0.599635249289193,1
1,2,1e-04,77,"invasive_income",0.6,0.277883066305152,1
1,2,1e-04,77,"invasive_child",-0.2,-0.30083662370422,1
1,2,1e-04,78,"ASC2_male",0,0.338583665224167,1
1,2,1e-04,78,"ASC2_age",0,0.0507977743762252,1
1,2,1e-04,78,"ASC2_income",0,-0.0779744986968738,1
1,2,1e-04,78,"ASC2_child",0,-0.228784174178551,1
1,2,1e-04,78,"ASC3_male",0,0.437138737050997,1
1,2,1e-04,78,"ASC3_age",0,-0.0480215997853241,1
1,2,1e-04,78,"ASC3_income",-0.4,-0.238819179036523,1
1,2,1e-04,78,"ASC3_child",0,0.096303948638011,1
1,2,1e-04,78,"prot25_male",-1.1,-0.512537565857728,1
1,2,1e-04,78,"prot25_age",0,-0.130786657164239,1
1,2,1e-04,78,"prot25_income",-0.2,-0.238077935731795,1
1,2,1e-04,78,"prot25_child",0,0.026790276542955,1
1,2,1e-04,78,"prot50_male",0.6,0.516946287075487,1
1,2,1e-04,78,"prot50_age",-0.4,-0.323367618588597,1
1,2,1e-04,78,"prot50_income",-0.9,-0.438359348478303,1
1,2,1e-04,78,"prot50_child",0.6,0.556185506558428,1
1,2,1e-04,78,"invasive_male",-0.6,0.0133708927270142,1
1,2,1e-04,78,"invasive_age",0.9,0.413487934489155,1
1,2,1e-04,78,"invasive_income",1.2,0.511839382649574,1
1,2,1e-04,78,"invasive_child",0,-0.123381046891053,1
1,2,1e-04,79,"ASC2_male",0,0.125730657048376,1
1,2,1e-04,79,"ASC2_age",0,-0.00834164166399752,1
1,2,1e-04,79,"ASC2_income",0,-0.143192576685404,1
1,2,1e-04,79,"ASC2_child",0,0.169063871705711,1
1,2,1e-04,79,"ASC3_male",0,0.18413777407736,1
1,2,1e-04,79,"ASC3_age",0,-0.184674588872565,1
1,2,1e-04,79,"ASC3_income",0.2,0.0391783922827122,1
1,2,1e-04,79,"ASC3_child",-0.3,-0.233643143904349,1
1,2,1e-04,79,"prot25_male",0.2,-0.245973454191268,1
1,2,1e-04,79,"prot25_age",0,0.091912119297661,1
1,2,1e-04,79,"prot25_income",0.9,0.561679575097301,1
1,2,1e-04,79,"prot25_child",0.3,0.0834822146414308,1
1,2,1e-04,79,"prot50_male",1,0.329318679731246,1
1,2,1e-04,79,"prot50_age",0,0.00825808423602009,1
1,2,1e-04,79,"prot50_income",-0.7,-0.200234881612829,1
1,2,1e-04,79,"prot50_child",0,-0.295329671337149,1
1,2,1e-04,79,"invasive_male",-0.6,-0.353161389225179,1
1,2,1e-04,79,"invasive_age",-1.1,-0.632914970053752,1
1,2,1e-04,79,"invasive_income",0,0.0411115212830066,1
1,2,1e-04,79,"invasive_child",-0.1,-0.23185483818653,1
1,2,1e-04,80,"ASC2_male",0.8,0.432947004490866,1
1,2,1e-04,80,"ASC2_age",0,-0.184894695330333,1
1,2,1e-04,80,"ASC2_income",0.4,0.343056179557144,1
1,2,1e-04,80,"ASC2_child",-1,-0.525262554037474,1
1,2,1e-04,80,"ASC3_male",0,-0.0433031198074106,1
1,2,1e-04,80,"ASC3_age",1,0.410450735248473,1
1,2,1e-04,80,"ASC3_income",0,0.0991502205359431,1
1,2,1e-04,80,"ASC3_child",-1.1,-0.450219070977335,1
1,2,1e-04,80,"prot25_male",0.8,0.575148216016792,1
1,2,1e-04,80,"prot25_age",0,0.121005601409654,1
1,2,1e-04,80,"prot25_income",0,-0.166913943408924,1
1,2,1e-04,80,"prot25_child",0.3,0.278792663040406,1
1,2,1e-04,80,"prot50_male",0,-0.0773962865770639,1
1,2,1e-04,80,"prot50_age",1,0.629234796240029,1
1,2,1e-04,80,"prot50_income",0,-0.218599653758233,1
1,2,1e-04,80,"prot50_child",0,-0.176518356211068,1
1,2,1e-04,80,"invasive_male",0,0.078696682538983,1
1,2,1e-04,80,"invasive_age",1,0.37289361718852,1
1,2,1e-04,80,"invasive_income",0,0.0855726599339601,1
1,2,1e-04,80,"invasive_child",1.1,0.55895763728446,1
1,2,1e-04,81,"ASC2_male",1,1.02223402409417,1
1,2,1e-04,81,"ASC2_age",0,0.0651786769484966,1
1,2,1e-04,81,"ASC2_income",0,0.133158037743471,1
1,2,1e-04,81,"ASC2_child",0,-0.201952273804858,1
1,2,1e-04,81,"ASC3_male",0,0.384599728327285,1
1,2,1e-04,81,"ASC3_age",0,0.0796255772912557,1
1,2,1e-04,81,"ASC3_income",0,0.0383649607709745,1
1,2,1e-04,81,"ASC3_child",-0.4,-0.184275558981375,1
1,2,1e-04,81,"prot25_male",0,-0.307075051043775,1
1,2,1e-04,81,"prot25_age",0,-0.0728858277172383,1
1,2,1e-04,81,"prot25_income",0,-0.112344684642816,1
1,2,1e-04,81,"prot25_child",-0.2,-0.440464454982268,1
1,2,1e-04,81,"prot50_male",1.1,-0.0620307941261577,1
1,2,1e-04,81,"prot50_age",0.8,0.371276545406168,1
1,2,1e-04,81,"prot50_income",0,0.163968363216792,1
1,2,1e-04,81,"prot50_child",-0.3,-0.111947396807816,1
1,2,1e-04,81,"invasive_male",-0.2,-0.0222222042734847,1
1,2,1e-04,81,"invasive_age",-1.2,-0.618842140958608,1
1,2,1e-04,81,"invasive_income",0.4,0.386240876913966,1
1,2,1e-04,81,"invasive_child",1.1,0.636605399015191,1
1,2,1e-04,82,"ASC2_male",0,0.0964836807397296,1
1,2,1e-04,82,"ASC2_age",0,-0.0585966979793654,1
1,2,1e-04,82,"ASC2_income",-0.8,-0.348721132943493,1
1,2,1e-04,82,"ASC2_child",0.4,0.454198683972439,1
1,2,1e-04,82,"ASC3_male",-0.5,-0.190802591887795,1
1,2,1e-04,82,"ASC3_age",0,-0.108065026028198,1
1,2,1e-04,82,"ASC3_income",0,0.106476841797055,1
1,2,1e-04,82,"ASC3_child",0,0.104465709277587,1
1,2,1e-04,82,"prot25_male",-0.5,-0.272291841630638,1
1,2,1e-04,82,"prot25_age",0,-0.0441609422148254,1
1,2,1e-04,82,"prot25_income",0.8,0.0994434924710638,1
1,2,1e-04,82,"prot25_child",0,0.0121423957653187,1
1,2,1e-04,82,"prot50_male",-0.3,-0.224475834058459,1
1,2,1e-04,82,"prot50_age",0,-0.0737466486013645,1
1,2,1e-04,82,"prot50_income",0.6,0.247271485330969,1
1,2,1e-04,82,"prot50_child",0.3,0.265334728981563,1
1,2,1e-04,82,"invasive_male",-1.1,-0.777000113692087,1
1,2,1e-04,82,"invasive_age",-1.2,-0.566890069181084,1
1,2,1e-04,82,"invasive_income",0,0.0159887548876845,1
1,2,1e-04,82,"invasive_child",0,0.0160770604941118,1
1,2,1e-04,83,"ASC2_male",0.5,0.171394962284864,1
1,2,1e-04,83,"ASC2_age",0,0.155008196831521,1
1,2,1e-04,83,"ASC2_income",-0.6,-0.253797045930033,1
1,2,1e-04,83,"ASC2_child",-0.5,-0.0673219002176269,1
1,2,1e-04,83,"ASC3_male",0,0.00741999939967505,1
1,2,1e-04,83,"ASC3_age",0,0.088040195727372,1
1,2,1e-04,83,"ASC3_income",0,0.0816743139904399,1
1,2,1e-04,83,"ASC3_child",0,0.222944690316641,1
1,2,1e-04,83,"prot25_male",-1,-0.482284638673683,1
1,2,1e-04,83,"prot25_age",0.1,-0.138312509071854,1
1,2,1e-04,83,"prot25_income",0,-0.0245139553064651,1
1,2,1e-04,83,"prot25_child",0,-0.185008562299213,1
1,2,1e-04,83,"prot50_male",0.7,0.406413815269897,1
1,2,1e-04,83,"prot50_age",0,-0.181386381263495,1
1,2,1e-04,83,"prot50_income",1.1,0.602372271827103,1
1,2,1e-04,83,"prot50_child",0,-0.216385261050699,1
1,2,1e-04,83,"invasive_male",0.7,0.289420824959917,1
1,2,1e-04,83,"invasive_age",-1,-0.476505716265652,1
1,2,1e-04,83,"invasive_income",0.3,0.33218942133705,1
1,2,1e-04,83,"invasive_child",0,0.0462504836687671,1
1,2,1e-04,84,"ASC2_male",0,-0.0568331293495978,1
1,2,1e-04,84,"ASC2_age",0,0.0562862480131755,1
1,2,1e-04,84,"ASC2_income",-0.9,-0.304801632201218,1
1,2,1e-04,84,"ASC2_child",1.1,0.933862053592774,1
1,2,1e-04,84,"ASC3_male",0.7,0.378389078718002,1
1,2,1e-04,84,"ASC3_age",0,0.0105038855780678,1
1,2,1e-04,84,"ASC3_income",0,0.0347942462036693,1
1,2,1e-04,84,"ASC3_child",0.3,0.47138982595167,1
1,2,1e-04,84,"prot25_male",0.3,0.0840641462505324,1
1,2,1e-04,84,"prot25_age",0,0.0384470956862491,1
1,2,1e-04,84,"prot25_income",0,0.00315722606167534,1
1,2,1e-04,84,"prot25_child",0,-0.371700763504077,1
1,2,1e-04,84,"prot50_male",0,-0.164725735910067,1
1,2,1e-04,84,"prot50_age",-0.2,-0.151227764932626,1
1,2,1e-04,84,"prot50_income",0.5,0.305495289134051,1
1,2,1e-04,84,"prot50_child",0,-0.217385422191579,1
1,2,1e-04,84,"invasive_male",0,-0.20874801292145,1
1,2,1e-04,84,"invasive_age",-0.7,-0.398474060895137,1
1,2,1e-04,84,"invasive_income",-0.9,-0.327538055136584,1
1,2,1e-04,84,"invasive_child",0.5,0.291501256182078,1
1,2,1e-04,85,"ASC2_male",0.9,0.250832885548164,1
1,2,1e-04,85,"ASC2_age",0,-0.0627279074128221,1
1,2,1e-04,85,"ASC2_income",-0.2,-0.0877668172227055,1
1,2,1e-04,85,"ASC2_child",0.5,0.208192040723338,1
1,2,1e-04,85,"ASC3_male",0,-0.176854184678116,1
1,2,1e-04,85,"ASC3_age",0,-0.0297134490665175,1
1,2,1e-04,85,"ASC3_income",0,-0.0519577992499309,1
1,2,1e-04,85,"ASC3_child",0.8,0.282553960772074,1
1,2,1e-04,85,"prot25_male",0.4,0.611417699306186,1
1,2,1e-04,85,"prot25_age",0,-0.00691097428103836,1
1,2,1e-04,85,"prot25_income",0.5,0.187726570559435,1
1,2,1e-04,85,"prot25_child",-0.2,-0.0129423048706481,1
1,2,1e-04,85,"prot50_male",-0.1,0.266114891403971,1
1,2,1e-04,85,"prot50_age",0,0.0211356744940361,1
1,2,1e-04,85,"prot50_income",-1.1,-0.660244062166874,1
1,2,1e-04,85,"prot50_child",0,-0.0533496644862321,1
1,2,1e-04,85,"invasive_male",0.7,0.371154754687114,1
1,2,1e-04,85,"invasive_age",0,-0.0249266969343496,1
1,2,1e-04,85,"invasive_income",0,0.0484409390792358,1
1,2,1e-04,85,"invasive_child",0,0.0645055502422509,1
1,2,1e-04,86,"ASC2_male",0.2,0.0735544496170304,1
1,2,1e-04,86,"ASC2_age",0.4,0.283615610098469,1
1,2,1e-04,86,"ASC2_income",0,-0.066970760903875,1
1,2,1e-04,86,"ASC2_child",-0.2,0.233150216499208,1
1,2,1e-04,86,"ASC3_male",-0.2,-0.127005337407542,1
1,2,1e-04,86,"ASC3_age",0,0.0098526812941693,1
1,2,1e-04,86,"ASC3_income",0,-0.174013908744299,1
1,2,1e-04,86,"ASC3_child",0,0.366255511615079,1
1,2,1e-04,86,"prot25_male",0,-0.123041142462217,1
1,2,1e-04,86,"prot25_age",0,-0.00456097787715627,1
1,2,1e-04,86,"prot25_income",-0.2,-0.0920387673837282,1
1,2,1e-04,86,"prot25_child",0,0.00657335346894676,1
1,2,1e-04,86,"prot50_male",0.6,0.170058151256311,1
1,2,1e-04,86,"prot50_age",-1,-0.560421120480855,1
1,2,1e-04,86,"prot50_income",0,0.167538248992652,1
1,2,1e-04,86,"prot50_child",1,0.433857731495135,1
1,2,1e-04,86,"invasive_male",0.5,0.150183792742159,1
1,2,1e-04,86,"invasive_age",0,0.11979881173878,1
1,2,1e-04,86,"invasive_income",0,0.0776452406055679,1
1,2,1e-04,86,"invasive_child",-1,-0.509372360168228,1
1,2,1e-04,87,"ASC2_male",0.2,0.224318549819385,1
1,2,1e-04,87,"ASC2_age",1.1,0.580741154703601,1
1,2,1e-04,87,"ASC2_income",0,-0.0632030773556261,1
1,2,1e-04,87,"ASC2_child",0,0.0882125024985655,1
1,2,1e-04,87,"ASC3_male",0,-0.106314644332982,1
1,2,1e-04,87,"ASC3_age",-0.4,-0.174908673462047,1
1,2,1e-04,87,"ASC3_income",0,0.0514335180670173,1
1,2,1e-04,87,"ASC3_child",0.7,0.426532324691518,1
1,2,1e-04,87,"prot25_male",-1.2,-0.678548654804388,1
1,2,1e-04,87,"prot25_age",-0.9,-0.463518735238628,1
1,2,1e-04,87,"prot25_income",0,-0.0221243794104958,1
1,2,1e-04,87,"prot25_child",-0.2,-0.170326305749263,1
1,2,1e-04,87,"prot50_male",-0.5,-0.16254486063851,1
1,2,1e-04,87,"prot50_age",0,-0.131415017015297,1
1,2,1e-04,87,"prot50_income",0,-0.159300329751235,1
1,2,1e-04,87,"prot50_child",0.4,0.241251691920072,1
1,2,1e-04,87,"invasive_male",0,-0.0310532302035446,1
1,2,1e-04,87,"invasive_age",0,-0.00438607570682357,1
1,2,1e-04,87,"invasive_income",0,-0.125355290027256,1
1,2,1e-04,87,"invasive_child",0.8,0.819934207776503,1
1,2,1e-04,88,"ASC2_male",-1.1,-0.369123047018531,1
1,2,1e-04,88,"ASC2_age",0,-0.1213927606781,1
1,2,1e-04,88,"ASC2_income",0.3,0.0479883610713581,1
1,2,1e-04,88,"ASC2_child",0,-0.343151554580086,1
1,2,1e-04,88,"ASC3_male",-1.1,-0.489769563619113,1
1,2,1e-04,88,"ASC3_age",0,-0.00652913283339947,1
1,2,1e-04,88,"ASC3_income",0,-0.155991309310262,1
1,2,1e-04,88,"ASC3_child",0.5,-0.038750530074132,1
1,2,1e-04,88,"prot25_male",0.6,0.0923534436784399,1
1,2,1e-04,88,"prot25_age",0,0.109159267751508,1
1,2,1e-04,88,"prot25_income",0,0.0102006022847905,1
1,2,1e-04,88,"prot25_child",0,0.290278128977297,1
1,2,1e-04,88,"prot50_male",0,-0.343705381515946,1
1,2,1e-04,88,"prot50_age",-0.3,-0.0280298658822827,1
1,2,1e-04,88,"prot50_income",-0.5,-0.112951505354638,1
1,2,1e-04,88,"prot50_child",0.8,0.661618671706352,1
1,2,1e-04,88,"invasive_male",0,-0.0583687711514505,1
1,2,1e-04,88,"invasive_age",-1.1,-0.574709398493621,1
1,2,1e-04,88,"invasive_income",0.4,0.196039643984448,1
1,2,1e-04,88,"invasive_child",0,0.131846885139787,1
1,2,1e-04,89,"ASC2_male",0,-0.331976475809024,1
1,2,1e-04,89,"ASC2_age",0,0.122467746924364,1
1,2,1e-04,89,"ASC2_income",0.5,0.22601832352618,1
1,2,1e-04,89,"ASC2_child",0,-0.232374596478605,1
1,2,1e-04,89,"ASC3_male",0,-0.210871344527287,1
1,2,1e-04,89,"ASC3_age",0.3,0.33387479644784,1
1,2,1e-04,89,"ASC3_income",-0.8,-0.417622282835988,1
1,2,1e-04,89,"ASC3_child",0,-0.323392092912875,1
1,2,1e-04,89,"prot25_male",0.1,0.30085341925624,1
1,2,1e-04,89,"prot25_age",-0.1,-0.146101152769699,1
1,2,1e-04,89,"prot25_income",0,0.107195683469932,1
1,2,1e-04,89,"prot25_child",-1.2,-0.600790991853943,1
1,2,1e-04,89,"prot50_male",-0.5,0.112998939272728,1
1,2,1e-04,89,"prot50_age",0,-0.0627762638475057,1
1,2,1e-04,89,"prot50_income",0,0.0696835578769583,1
1,2,1e-04,89,"prot50_child",0,0.313778944252284,1
1,2,1e-04,89,"invasive_male",-0.6,-0.487640854484694,1
1,2,1e-04,89,"invasive_age",0.2,0.0413890463266645,1
1,2,1e-04,89,"invasive_income",1.1,0.642334362220736,1
1,2,1e-04,89,"invasive_child",0,0.0232297922642956,1
1,2,1e-04,90,"ASC2_male",-1,-0.107091647266463,1
1,2,1e-04,90,"ASC2_age",-0.2,-0.392231302007068,1
1,2,1e-04,90,"ASC2_income",-0.9,-0.378666687537605,1
1,2,1e-04,90,"ASC2_child",0.8,-0.183194296943046,1
1,2,1e-04,90,"ASC3_male",0,0.29106123008198,1
1,2,1e-04,90,"ASC3_age",0,-0.24263271302368,1
1,2,1e-04,90,"ASC3_income",0,0.0983454344002504,1
1,2,1e-04,90,"ASC3_child",0.6,-0.253525719345899,1
1,2,1e-04,90,"prot25_male",0,-0.240830860714017,1
1,2,1e-04,90,"prot25_age",0,0.223294277300192,1
1,2,1e-04,90,"prot25_income",0.8,0.462635366313539,1
1,2,1e-04,90,"prot25_child",0,0.437197911534494,1
1,2,1e-04,90,"prot50_male",0,-0.0923664284246421,1
1,2,1e-04,90,"prot50_age",1,0.659924354139174,1
1,2,1e-04,90,"prot50_income",0.6,0.267242020229406,1
1,2,1e-04,90,"prot50_child",0,0.25433240030327,1
1,2,1e-04,90,"invasive_male",0,-0.0269806216915488,1
1,2,1e-04,90,"invasive_age",0,0.0270877590717408,1
1,2,1e-04,90,"invasive_income",-0.6,-0.267023371239375,1
1,2,1e-04,90,"invasive_child",-1.2,-0.715853255782119,1
1,2,1e-04,91,"ASC2_male",1.2,0.724914959169735,1
1,2,1e-04,91,"ASC2_age",0.2,0.0538731678635001,1
1,2,1e-04,91,"ASC2_income",0,0.0675855300818306,1
1,2,1e-04,91,"ASC2_child",0,-0.288363627147039,1
1,2,1e-04,91,"ASC3_male",0,0.121728348214966,1
1,2,1e-04,91,"ASC3_age",0,-0.0922173697886432,1
1,2,1e-04,91,"ASC3_income",0.6,0.41434421595077,1
1,2,1e-04,91,"ASC3_child",1.1,0.483490524298601,1
1,2,1e-04,91,"prot25_male",0,0.254654983418264,1
1,2,1e-04,91,"prot25_age",0.3,0.265459513129003,1
1,2,1e-04,91,"prot25_income",0.2,0.0945227027646879,1
1,2,1e-04,91,"prot25_child",0,0.182742645541107,1
1,2,1e-04,91,"prot50_male",-0.7,-0.295952228026873,1
1,2,1e-04,91,"prot50_age",0,0.190527127493423,1
1,2,1e-04,91,"prot50_income",-1,-0.643617799816758,1
1,2,1e-04,91,"prot50_child",0,0.432568788580204,1
1,2,1e-04,91,"invasive_male",-0.6,-0.261642887852869,1
1,2,1e-04,91,"invasive_age",0,0.0230365396918012,1
1,2,1e-04,91,"invasive_income",0.4,0.289089393225079,1
1,2,1e-04,91,"invasive_child",0,0.133924122769869,1
1,2,1e-04,92,"ASC2_male",-0.4,-0.229010409255438,1
1,2,1e-04,92,"ASC2_age",0,0.101534198467026,1
1,2,1e-04,92,"ASC2_income",1,0.328214674248597,1
1,2,1e-04,92,"ASC2_child",0,0.130778355218465,1
1,2,1e-04,92,"ASC3_male",-1.1,-0.522249358066284,1
1,2,1e-04,92,"ASC3_age",0.6,0.387729097623016,1
1,2,1e-04,92,"ASC3_income",0.8,0.157280061746784,1
1,2,1e-04,92,"ASC3_child",0,0.171123387081398,1
1,2,1e-04,92,"prot25_male",0,-0.0925657229657023,1
1,2,1e-04,92,"prot25_age",0,-0.0191641707929041,1
1,2,1e-04,92,"prot25_income",0.7,0.422644086736681,1
1,2,1e-04,92,"prot25_child",-0.8,-0.475234397958849,1
1,2,1e-04,92,"prot50_male",1,0.46789885324724,1
1,2,1e-04,92,"prot50_age",0,-0.00861663492058541,1
1,2,1e-04,92,"prot50_income",-1.2,-0.583650158403724,1
1,2,1e-04,92,"prot50_child",0,-0.137218094077457,1
1,2,1e-04,92,"invasive_male",0,0.0773845007838662,1
1,2,1e-04,92,"invasive_age",0,0.102421666226641,1
1,2,1e-04,92,"invasive_income",-0.9,-0.494321842314523,1
1,2,1e-04,92,"invasive_child",0,0.0757744407413002,1
1,2,1e-04,93,"ASC2_male",0,0.068241348728621,1
1,2,1e-04,93,"ASC2_age",1,0.657575275267358,1
1,2,1e-04,93,"ASC2_income",0,0.157941586775298,1
1,2,1e-04,93,"ASC2_child",-0.3,-0.403748157890474,1
1,2,1e-04,93,"ASC3_male",-1,-0.685397384729214,1
1,2,1e-04,93,"ASC3_age",0,0.257523075944357,1
1,2,1e-04,93,"ASC3_income",0,0.21906665912229,1
1,2,1e-04,93,"ASC3_child",0.1,-0.331300394510622,1
1,2,1e-04,93,"prot25_male",0.7,0.258292815254431,1
1,2,1e-04,93,"prot25_age",0,-0.187439795005841,1
1,2,1e-04,93,"prot25_income",-0.7,-0.596361885674638,1
1,2,1e-04,93,"prot25_child",0,0.445746901847643,1
1,2,1e-04,93,"prot50_male",0,-0.0967137134833604,1
1,2,1e-04,93,"prot50_age",0,-0.0865316566289799,1
1,2,1e-04,93,"prot50_income",0,-0.078053667902231,1
1,2,1e-04,93,"prot50_child",0.9,0.953041787298094,1
1,2,1e-04,93,"invasive_male",-0.7,-0.651317971200095,1
1,2,1e-04,93,"invasive_age",-0.7,-0.25301626786565,1
1,2,1e-04,93,"invasive_income",0,0.213716171381095,1
1,2,1e-04,93,"invasive_child",-0.2,-0.216117329924791,1
1,2,1e-04,94,"ASC2_male",0.3,0.344697668620828,1
1,2,1e-04,94,"ASC2_age",-0.4,-0.0413050047393965,1
1,2,1e-04,94,"ASC2_income",-0.4,-0.199273775059301,1
1,2,1e-04,94,"ASC2_child",-0.6,0.0385368244960337,1
1,2,1e-04,94,"ASC3_male",-0.3,-0.124866723784586,1
1,2,1e-04,94,"ASC3_age",0,0.0531970834714276,1
1,2,1e-04,94,"ASC3_income",0,0.0410822438632321,1
1,2,1e-04,94,"ASC3_child",0.9,0.516183092245877,1
1,2,1e-04,94,"prot25_male",0.3,0.114217162111929,1
1,2,1e-04,94,"prot25_age",0,0.0938956250150802,1
1,2,1e-04,94,"prot25_income",0.2,0.136314480099983,1
1,2,1e-04,94,"prot25_child",0,0.19908047134461,1
1,2,1e-04,94,"prot50_male",0,0.0447326690484702,1
1,2,1e-04,94,"prot50_age",0.5,0.310546884135372,1
1,2,1e-04,94,"prot50_income",0,0.00560521544364942,1
1,2,1e-04,94,"prot50_child",-0.1,-0.130489021973076,1
1,2,1e-04,94,"invasive_male",0,0.18231963002015,1
1,2,1e-04,94,"invasive_age",0,0.0918691633265615,1
1,2,1e-04,94,"invasive_income",0,0.10316007462686,1
1,2,1e-04,94,"invasive_child",0,-0.105008116648067,1
1,2,1e-04,95,"ASC2_male",-0.9,-0.799764400636674,1
1,2,1e-04,95,"ASC2_age",0,0.0324837152381816,1
1,2,1e-04,95,"ASC2_income",0,-0.0484234193940815,1
1,2,1e-04,95,"ASC2_child",0,0.353319973511871,1
1,2,1e-04,95,"ASC3_male",0,-0.308534294744249,1
1,2,1e-04,95,"ASC3_age",1.1,0.594237522612707,1
1,2,1e-04,95,"ASC3_income",0.8,0.418729648213715,1
1,2,1e-04,95,"ASC3_child",-1,-0.23934541468826,1
1,2,1e-04,95,"prot25_male",-1,-0.139632340918505,1
1,2,1e-04,95,"prot25_age",0.8,0.441725009439779,1
1,2,1e-04,95,"prot25_income",0.7,0.306151287187642,1
1,2,1e-04,95,"prot25_child",0.6,0.177924908651248,1
1,2,1e-04,95,"prot50_male",0,0.244119445480036,1
1,2,1e-04,95,"prot50_age",0,0.0246902035667294,1
1,2,1e-04,95,"prot50_income",1,0.370086756381257,1
1,2,1e-04,95,"prot50_child",0,-0.149909275597133,1
1,2,1e-04,95,"invasive_male",0,-0.175199120801207,1
1,2,1e-04,95,"invasive_age",0,-0.028061184346142,1
1,2,1e-04,95,"invasive_income",0,-0.0652848987593041,1
1,2,1e-04,95,"invasive_child",0.4,0.31857584308672,1
1,2,1e-04,96,"ASC2_male",0.6,0.6477814253729,1
1,2,1e-04,96,"ASC2_age",0,0.0508470612769905,1
1,2,1e-04,96,"ASC2_income",0,-0.169355840409777,1
1,2,1e-04,96,"ASC2_child",0,0.682446058671276,1
1,2,1e-04,96,"ASC3_male",-0.1,0.316381061584814,1
1,2,1e-04,96,"ASC3_age",1.2,0.598534784659528,1
1,2,1e-04,96,"ASC3_income",0,-0.203372272975532,1
1,2,1e-04,96,"ASC3_child",0,0.649671498880082,1
1,2,1e-04,96,"prot25_male",-0.6,-0.565105284144237,1
1,2,1e-04,96,"prot25_age",0.3,0.139777673125011,1
1,2,1e-04,96,"prot25_income",-0.8,-0.250594472974509,1
1,2,1e-04,96,"prot25_child",0.7,0.0217675146052103,1
1,2,1e-04,96,"prot50_male",-1,-0.480776831797946,1
1,2,1e-04,96,"prot50_age",0,-0.0303502410753524,1
1,2,1e-04,96,"prot50_income",0,0.092973088738856,1
1,2,1e-04,96,"prot50_child",0,-0.323845560276698,1
1,2,1e-04,96,"invasive_male",-0.2,0.203434811411392,1
1,2,1e-04,96,"invasive_age",-0.4,-0.213990264725017,1
1,2,1e-04,96,"invasive_income",0,-0.0883925805753285,1
1,2,1e-04,96,"invasive_child",0,0.330167078121061,1
1,2,1e-04,97,"ASC2_male",-1,-0.401897728854628,1
1,2,1e-04,97,"ASC2_age",0.2,0.0305436619106289,1
1,2,1e-04,97,"ASC2_income",0,0.00433297373256144,1
1,2,1e-04,97,"ASC2_child",-0.3,-0.316784527040909,1
1,2,1e-04,97,"ASC3_male",0.5,0.0248070319417759,1
1,2,1e-04,97,"ASC3_age",0.5,0.220854155851597,1
1,2,1e-04,97,"ASC3_income",0,0.112826511574998,1
1,2,1e-04,97,"ASC3_child",-0.2,-0.240418559495465,1
1,2,1e-04,97,"prot25_male",0,-0.0627705536260323,1
1,2,1e-04,97,"prot25_age",0,0.133812438000251,1
1,2,1e-04,97,"prot25_income",-0.1,-0.106841945620483,1
1,2,1e-04,97,"prot25_child",0,0.293379358110879,1
1,2,1e-04,97,"prot50_male",0.6,0.46070538091943,1
1,2,1e-04,97,"prot50_age",0,0.0669807331534077,1
1,2,1e-04,97,"prot50_income",-0.5,-0.375520959478918,1
1,2,1e-04,97,"prot50_child",0,0.285797789379726,1
1,2,1e-04,97,"invasive_male",0,0.176081068127716,1
1,2,1e-04,97,"invasive_age",0,-0.0240139782876365,1
1,2,1e-04,97,"invasive_income",-0.7,-0.481840534214522,1
1,2,1e-04,97,"invasive_child",0,-0.00102709031527126,1
1,2,1e-04,98,"ASC2_male",0,-0.136694701707071,1
1,2,1e-04,98,"ASC2_age",0,0.0881936512348105,1
1,2,1e-04,98,"ASC2_income",-0.5,-0.251902770897167,1
1,2,1e-04,98,"ASC2_child",-1.1,-0.70744030337992,1
1,2,1e-04,98,"ASC3_male",-0.3,-0.137152984738996,1
1,2,1e-04,98,"ASC3_age",1,0.525622451418262,1
1,2,1e-04,98,"ASC3_income",0,0.0111380793487097,1
1,2,1e-04,98,"ASC3_child",-0.6,-0.257697376165467,1
1,2,1e-04,98,"prot25_male",-0.4,-0.19329425711683,1
1,2,1e-04,98,"prot25_age",0,0.0125690958147319,1
1,2,1e-04,98,"prot25_income",1.2,0.44808404158899,1
1,2,1e-04,98,"prot25_child",-0.8,-0.339126019232563,1
1,2,1e-04,98,"prot50_male",-1.1,-0.481470473718148,1
1,2,1e-04,98,"prot50_age",0,-0.00274353025225477,1
1,2,1e-04,98,"prot50_income",0,-0.0632746959317227,1
1,2,1e-04,98,"prot50_child",0,-0.136540968289226,1
1,2,1e-04,98,"invasive_male",0,-0.157764773486107,1
1,2,1e-04,98,"invasive_age",0,0.157174118829734,1
1,2,1e-04,98,"invasive_income",0,-0.051168522708117,1
1,2,1e-04,98,"invasive_child",1,0.540972626224267,1
1,2,1e-04,99,"ASC2_male",1.1,0.338500373805243,1
1,2,1e-04,99,"ASC2_age",0.3,0.113040121687671,1
1,2,1e-04,99,"ASC2_income",-0.8,-0.146415942925423,1
1,2,1e-04,99,"ASC2_child",0.2,-0.211094609409318,1
1,2,1e-04,99,"ASC3_male",1.1,0.453327538617066,1
1,2,1e-04,99,"ASC3_age",0,0.0411797363423014,1
1,2,1e-04,99,"ASC3_income",0,0.136995203656998,1
1,2,1e-04,99,"ASC3_child",0,-0.248148171416339,1
1,2,1e-04,99,"prot25_male",-0.6,-0.295173350952315,1
1,2,1e-04,99,"prot25_age",0,-0.0450027724870833,1
1,2,1e-04,99,"prot25_income",0,-0.121810567388256,1
1,2,1e-04,99,"prot25_child",0,-0.0734843869982724,1
1,2,1e-04,99,"prot50_male",-0.2,-0.158162581621777,1
1,2,1e-04,99,"prot50_age",0.9,0.337654102323259,1
1,2,1e-04,99,"prot50_income",-0.1,-0.117914109750128,1
1,2,1e-04,99,"prot50_child",0,-0.0606978536885001,1
1,2,1e-04,99,"invasive_male",0.9,0.328897233397785,1
1,2,1e-04,99,"invasive_age",0,0.0284860008844526,1
1,2,1e-04,99,"invasive_income",0,0.000807296214080559,1
1,2,1e-04,99,"invasive_child",0,-0.289292114936847,1
1,2,1e-04,100,"ASC2_male",0.1,0.30756460289379,1
1,2,1e-04,100,"ASC2_age",0,0.0260774584687261,1
1,2,1e-04,100,"ASC2_income",0,0.0353509023344171,1
1,2,1e-04,100,"ASC2_child",-0.7,-0.0633461787095704,1
1,2,1e-04,100,"ASC3_male",0,0.396086143593939,1
1,2,1e-04,100,"ASC3_age",0,-0.0192582148846447,1
1,2,1e-04,100,"ASC3_income",-0.7,-0.333693675287867,1
1,2,1e-04,100,"ASC3_child",-1.1,-0.324859573077987,1
1,2,1e-04,100,"prot25_male",0,-0.360363149574511,1
1,2,1e-04,100,"prot25_age",-0.7,-0.255662077425626,1
1,2,1e-04,100,"prot25_income",0,0.00046055561206995,1
1,2,1e-04,100,"prot25_child",-0.6,-0.215879733778766,1
1,2,1e-04,100,"prot50_male",0,-0.361136710324558,1
1,2,1e-04,100,"prot50_age",0,-0.0653590541207485,1
1,2,1e-04,100,"prot50_income",0.5,0.149917758530702,1
1,2,1e-04,100,"prot50_child",1,0.450448448778002,1
1,2,1e-04,100,"invasive_male",0,0.170570078671326,1
1,2,1e-04,100,"invasive_age",0,-0.103624756661573,1
1,2,1e-04,100,"invasive_income",0.8,0.279919789886168,1
1,2,1e-04,100,"invasive_child",0.4,0.211908278671866,1
1,2,0.001,1,"ASC2_male",0.9,0.0909804394108366,1
1,2,0.001,1,"ASC2_age",0.3,0.158212903692652,1
1,2,0.001,1,"ASC2_income",0,0.0335570842683434,1
1,2,0.001,1,"ASC2_child",0,0.0426951488224445,1
1,2,0.001,1,"ASC3_male",-1.1,-0.807516079091991,1
1,2,0.001,1,"ASC3_age",0,0.133964674013527,1
1,2,0.001,1,"ASC3_income",0.8,0.469438741833061,1
1,2,0.001,1,"ASC3_child",0,0.282371386254351,1
1,2,0.001,1,"prot25_male",1.2,0.724124997168897,1
1,2,0.001,1,"prot25_age",0.7,0.400794518429195,1
1,2,0.001,1,"prot25_income",0,-0.0594765618286451,1
1,2,0.001,1,"prot25_child",1.1,0.741618055731677,1
1,2,0.001,1,"prot50_male",0,0.207173681451751,1
1,2,0.001,1,"prot50_age",0,0.0539064655454739,1
1,2,0.001,1,"prot50_income",-1.2,-0.72644760448704,1
1,2,0.001,1,"prot50_child",1.1,0.692131705492237,1
1,2,0.001,1,"invasive_male",0,-0.212040124140491,1
1,2,0.001,1,"invasive_age",-0.6,-0.24793549131188,1
1,2,0.001,1,"invasive_income",0,-0.0995019481194603,1
1,2,0.001,1,"invasive_child",0,0.152148398564228,1
1,2,0.001,2,"ASC2_male",0,-0.100504538309036,1
1,2,0.001,2,"ASC2_age",0.1,-0.057562609702682,1
1,2,0.001,2,"ASC2_income",0.7,0.36385614948057,1
1,2,0.001,2,"ASC2_child",-0.4,-0.246789874861348,1
1,2,0.001,2,"ASC3_male",0,0.0133053186069936,1
1,2,0.001,2,"ASC3_age",0.4,-0.0560613441069618,1
1,2,0.001,2,"ASC3_income",-0.8,-0.344327960770606,1
1,2,0.001,2,"ASC3_child",0,-0.0740022782669421,1
1,2,0.001,2,"prot25_male",0.5,0.402697126653742,1
1,2,0.001,2,"prot25_age",0.8,0.539666454638889,1
1,2,0.001,2,"prot25_income",0,0.0591747770573456,1
1,2,0.001,2,"prot25_child",0,-0.0103375351638628,1
1,2,0.001,2,"prot50_male",0,-0.0498850970374787,1
1,2,0.001,2,"prot50_age",0,0.192488292479636,1
1,2,0.001,2,"prot50_income",0,0.00985871043439504,1
1,2,0.001,2,"prot50_child",0,0.135433834839607,1
1,2,0.001,2,"invasive_male",1,0.391517398522375,1
1,2,0.001,2,"invasive_age",-0.1,-0.204654334630341,1
1,2,0.001,2,"invasive_income",0,0.0454402179740039,1
1,2,0.001,2,"invasive_child",-0.6,-0.431242313406435,1
1,2,0.001,3,"ASC2_male",-0.9,-0.258224583355464,1
1,2,0.001,3,"ASC2_age",-0.4,-0.248589827977666,1
1,2,0.001,3,"ASC2_income",0,-0.0799138576416438,1
1,2,0.001,3,"ASC2_child",0,-0.121008331594008,1
1,2,0.001,3,"ASC3_male",-0.7,-0.30187322794215,1
1,2,0.001,3,"ASC3_age",0,-0.0213812487472167,1
1,2,0.001,3,"ASC3_income",0,-0.0757374729023707,1
1,2,0.001,3,"ASC3_child",1,0.614931595236886,1
1,2,0.001,3,"prot25_male",0,0.052049161202685,1
1,2,0.001,3,"prot25_age",0,0.026766384796417,1
1,2,0.001,3,"prot25_income",0,0.0977311974519054,1
1,2,0.001,3,"prot25_child",0,-0.0466810490750143,1
1,2,0.001,3,"prot50_male",0.7,0.366498505069682,1
1,2,0.001,3,"prot50_age",-0.2,0.0174348868726657,1
1,2,0.001,3,"prot50_income",-1,-0.537314413091293,1
1,2,0.001,3,"prot50_child",-0.8,-0.139818347918649,1
1,2,0.001,3,"invasive_male",0,0.0820854530944037,1
1,2,0.001,3,"invasive_age",0,0.0379449355852762,1
1,2,0.001,3,"invasive_income",-1.2,-0.643320782972605,1
1,2,0.001,3,"invasive_child",1,0.494363085831288,1
1,2,0.001,4,"ASC2_male",0,0.397520134931442,1
1,2,0.001,4,"ASC2_age",-0.1,0.142880350323237,1
1,2,0.001,4,"ASC2_income",0,0.121397772295266,1
1,2,0.001,4,"ASC2_child",-0.6,-0.445881134360337,1
1,2,0.001,4,"ASC3_male",0,0.162661678589905,1
1,2,0.001,4,"ASC3_age",1,0.675927306402897,1
1,2,0.001,4,"ASC3_income",0,0.154941762575563,1
1,2,0.001,4,"ASC3_child",0,0.189861973570386,1
1,2,0.001,4,"prot25_male",0,0.0151339886986273,1
1,2,0.001,4,"prot25_age",-0.5,-0.368903644021599,1
1,2,0.001,4,"prot25_income",0,-0.169822915509122,1
1,2,0.001,4,"prot25_child",0,0.00386172066028349,1
1,2,0.001,4,"prot50_male",0.1,0.058589049590863,1
1,2,0.001,4,"prot50_age",1,0.608548146727631,1
1,2,0.001,4,"prot50_income",0,-0.0907893888798641,1
1,2,0.001,4,"prot50_child",-1,-0.442833275700988,1
1,2,0.001,4,"invasive_male",-1,-0.474976429147199,1
1,2,0.001,4,"invasive_age",-0.9,-0.356996106365189,1
1,2,0.001,4,"invasive_income",-0.3,-0.243208845336062,1
1,2,0.001,4,"invasive_child",0,-0.083971252201227,1
1,2,0.001,5,"ASC2_male",0,0.140031708520015,1
1,2,0.001,5,"ASC2_age",0.7,0.504279288543365,1
1,2,0.001,5,"ASC2_income",-0.4,-0.462538713081127,1
1,2,0.001,5,"ASC2_child",-0.3,0.00092697330936584,0
1,2,0.001,5,"ASC3_male",0,0.0423384724109724,1
1,2,0.001,5,"ASC3_age",0,0.101392501031189,1
1,2,0.001,5,"ASC3_income",0.9,0.305363049621615,1
1,2,0.001,5,"ASC3_child",-0.6,-0.207197526374141,1
1,2,0.001,5,"prot25_male",0.9,0.619947592810791,1
1,2,0.001,5,"prot25_age",0,-0.0517563711513811,1
1,2,0.001,5,"prot25_income",-0.3,0.0192338716901449,1
1,2,0.001,5,"prot25_child",0,0.0879509427654444,1
1,2,0.001,5,"prot50_male",0.4,0.258301506800146,1
1,2,0.001,5,"prot50_age",0,-0.023323825032358,1
1,2,0.001,5,"prot50_income",0.5,0.520079918936942,1
1,2,0.001,5,"prot50_child",0,-0.0142032172280626,1
1,2,0.001,5,"invasive_male",0.7,0.495026211003723,1
1,2,0.001,5,"invasive_age",0,0.0629291069452126,1
1,2,0.001,5,"invasive_income",0,0.0147927601509144,1
1,2,0.001,5,"invasive_child",0,-0.105395425743318,1
1,2,0.001,6,"ASC2_male",0.4,0.365052269365296,1
1,2,0.001,6,"ASC2_age",0.7,0.300831137002529,1
1,2,0.001,6,"ASC2_income",0,-0.195994214638343,1
1,2,0.001,6,"ASC2_child",0,-0.148060948726043,1
1,2,0.001,6,"ASC3_male",0,0.111597416274981,1
1,2,0.001,6,"ASC3_age",0,-0.182119563286007,1
1,2,0.001,6,"ASC3_income",0,-0.215240262410342,1
1,2,0.001,6,"ASC3_child",1.2,0.627712097353611,1
1,2,0.001,6,"prot25_male",-0.4,-0.500830468765413,1
1,2,0.001,6,"prot25_age",-0.3,0.119538309712902,1
1,2,0.001,6,"prot25_income",0,0.0968154725126613,1
1,2,0.001,6,"prot25_child",0,0.267987647259079,1
1,2,0.001,6,"prot50_male",0,-0.17285638541239,1
1,2,0.001,6,"prot50_age",-1.1,-0.476673224889046,1
1,2,0.001,6,"prot50_income",-0.2,0.0393721162669885,1
1,2,0.001,6,"prot50_child",-0.2,-0.137941997328832,1
1,2,0.001,6,"invasive_male",0,0.109923555507215,1
1,2,0.001,6,"invasive_age",1,0.499693063377479,1
1,2,0.001,6,"invasive_income",0,8.5388612210364e-05,0
1,2,0.001,6,"invasive_child",0.9,0.361603623161281,1
1,2,0.001,7,"ASC2_male",0.8,0.387132671323094,1
1,2,0.001,7,"ASC2_age",0,0.0279721305643139,1
1,2,0.001,7,"ASC2_income",0,0.0678074626187135,1
1,2,0.001,7,"ASC2_child",1.2,0.923895246426352,1
1,2,0.001,7,"ASC3_male",-0.7,-0.376234562199677,1
1,2,0.001,7,"ASC3_age",0,0.0433231681439566,1
1,2,0.001,7,"ASC3_income",0,0.00110481292324127,1
1,2,0.001,7,"ASC3_child",-1,-0.305011904615244,1
1,2,0.001,7,"prot25_male",1.2,0.673568958018896,1
1,2,0.001,7,"prot25_age",0.8,0.324414221856691,1
1,2,0.001,7,"prot25_income",0,-0.0826060808681908,1
1,2,0.001,7,"prot25_child",0.7,0.173917330993497,1
1,2,0.001,7,"prot50_male",0,0.0660567891108262,1
1,2,0.001,7,"prot50_age",-0.4,-0.204217752171024,1
1,2,0.001,7,"prot50_income",0,-0.00498665485652418,1
1,2,0.001,7,"prot50_child",0.6,0.180734244962209,1
1,2,0.001,7,"invasive_male",0,0.110268619828847,1
1,2,0.001,7,"invasive_age",0,-0.0886257546610477,1
1,2,0.001,7,"invasive_income",1.1,0.653633015972203,1
1,2,0.001,7,"invasive_child",0,0.176270509457589,1
1,2,0.001,8,"ASC2_male",0,0.252927543163902,1
1,2,0.001,8,"ASC2_age",-1.2,-0.404921907153612,1
1,2,0.001,8,"ASC2_income",0,0.0979037492264141,1
1,2,0.001,8,"ASC2_child",0,0.0977102052935987,1
1,2,0.001,8,"ASC3_male",-0.3,0.211878370631203,1
1,2,0.001,8,"ASC3_age",0.9,0.568207523351105,1
1,2,0.001,8,"ASC3_income",0,0.145904301572299,1
1,2,0.001,8,"ASC3_child",1.2,0.585992556526106,1
1,2,0.001,8,"prot25_male",0,-0.269364238032169,1
1,2,0.001,8,"prot25_age",-0.2,-0.247718732795224,1
1,2,0.001,8,"prot25_income",0,-0.0536689305423399,1
1,2,0.001,8,"prot25_child",1.1,0.490418487190274,1
1,2,0.001,8,"prot50_male",1.1,0.40096185481047,1
1,2,0.001,8,"prot50_age",0,-0.182567657540937,1
1,2,0.001,8,"prot50_income",-0.2,-0.14965627008216,1
1,2,0.001,8,"prot50_child",0,0.127910017169787,1
1,2,0.001,8,"invasive_male",0,0.483721975666406,1
1,2,0.001,8,"invasive_age",0.7,0.393767985302732,1
1,2,0.001,8,"invasive_income",0.3,0.333245497609418,1
1,2,0.001,8,"invasive_child",0,-0.00287521352220729,1
1,2,0.001,9,"ASC2_male",1,0.273390666845454,1
1,2,0.001,9,"ASC2_age",0,0.104779155584528,1
1,2,0.001,9,"ASC2_income",0,-0.0576806428649202,1
1,2,0.001,9,"ASC2_child",-1.2,-0.452844459921649,1
1,2,0.001,9,"ASC3_male",0.9,0.118928299334293,1
1,2,0.001,9,"ASC3_age",-0.6,-0.0936830440554264,1
1,2,0.001,9,"ASC3_income",0,0.0301571366370651,1
1,2,0.001,9,"ASC3_child",-0.9,-0.0416386236264653,1
1,2,0.001,9,"prot25_male",-0.3,-0.0395408941155462,1
1,2,0.001,9,"prot25_age",0,0.0966238673544626,1
1,2,0.001,9,"prot25_income",0,-0.0574122443393146,1
1,2,0.001,9,"prot25_child",0,0.0872805537808043,1
1,2,0.001,9,"prot50_male",-0.2,-0.112459962967577,1
1,2,0.001,9,"prot50_age",0.6,0.295408495810659,1
1,2,0.001,9,"prot50_income",-0.7,-0.355791733844283,1
1,2,0.001,9,"prot50_child",0,0.107194065840185,1
1,2,0.001,9,"invasive_male",0,0.139830883733461,1
1,2,0.001,9,"invasive_age",0,-0.0183464425457612,1
1,2,0.001,9,"invasive_income",-0.7,-0.340125339924049,1
1,2,0.001,9,"invasive_child",0,0.278346488045555,1
1,2,0.001,10,"ASC2_male",0.9,0.466672438972004,1
1,2,0.001,10,"ASC2_age",0,-0.0160231378257206,1
1,2,0.001,10,"ASC2_income",1.2,0.467457502348659,1
1,2,0.001,10,"ASC2_child",-0.8,-0.336257275478076,1
1,2,0.001,10,"ASC3_male",0.4,0.274173901419553,1
1,2,0.001,10,"ASC3_age",-0.4,-0.248301950061459,1
1,2,0.001,10,"ASC3_income",0,-0.0824580006246226,1
1,2,0.001,10,"ASC3_child",0,-0.038231491159261,1
1,2,0.001,10,"prot25_male",1,0.626836940688149,1
1,2,0.001,10,"prot25_age",0,0.119101044632957,1
1,2,0.001,10,"prot25_income",0,0.11977145674011,1
1,2,0.001,10,"prot25_child",0,0.307054459144612,1
1,2,0.001,10,"prot50_male",0.4,0.356674845030091,1
1,2,0.001,10,"prot50_age",0,0.0464808397897028,1
1,2,0.001,10,"prot50_income",0,-0.0860700771730569,1
1,2,0.001,10,"prot50_child",0.7,0.850141539099006,1
1,2,0.001,10,"invasive_male",0,0.525691381057868,1
1,2,0.001,10,"invasive_age",0.6,0.202899704387163,1
1,2,0.001,10,"invasive_income",0,-0.162821122895518,1
1,2,0.001,10,"invasive_child",-0.7,-0.143614496507792,1
1,2,0.001,11,"ASC2_male",1.1,0.180672233418478,1
1,2,0.001,11,"ASC2_age",-0.5,-0.0759762650958252,1
1,2,0.001,11,"ASC2_income",0,0.156984421560692,1
1,2,0.001,11,"ASC2_child",-0.5,-0.305071693092496,1
1,2,0.001,11,"ASC3_male",0,-0.210966202639896,1
1,2,0.001,11,"ASC3_age",0,0.135412020451455,1
1,2,0.001,11,"ASC3_income",-0.7,-0.192653444354783,1
1,2,0.001,11,"ASC3_child",0,-0.00411595455015882,1
1,2,0.001,11,"prot25_male",0,0.215862612596302,1
1,2,0.001,11,"prot25_age",0.7,0.306351787292808,1
1,2,0.001,11,"prot25_income",0,-0.131349651394385,1
1,2,0.001,11,"prot25_child",0,0.186281591982512,1
1,2,0.001,11,"prot50_male",-1,0.0545383122722254,1
1,2,0.001,11,"prot50_age",0.7,0.31284863612353,1
1,2,0.001,11,"prot50_income",0.1,0.037983856588935,1
1,2,0.001,11,"prot50_child",1.2,0.704432239067645,1
1,2,0.001,11,"invasive_male",0,0.331892550146543,1
1,2,0.001,11,"invasive_age",0,0.00367501735464786,1
1,2,0.001,11,"invasive_income",-0.2,-0.0727760942137363,1
1,2,0.001,11,"invasive_child",0,-0.110357074996319,1
1,2,0.001,12,"ASC2_male",0,0.226576398212247,1
1,2,0.001,12,"ASC2_age",0.8,0.503682042516923,1
1,2,0.001,12,"ASC2_income",0,0.247908806392948,1
1,2,0.001,12,"ASC2_child",0,-0.368968304743898,1
1,2,0.001,12,"ASC3_male",0.6,0.605215121065564,1
1,2,0.001,12,"ASC3_age",0.2,0.175901706208202,1
1,2,0.001,12,"ASC3_income",0,0.146520036961444,1
1,2,0.001,12,"ASC3_child",0,-0.282687437114081,1
1,2,0.001,12,"prot25_male",0,-0.318776692469955,1
1,2,0.001,12,"prot25_age",-0.9,-0.538555702613963,1
1,2,0.001,12,"prot25_income",0,-0.0968075337719295,1
1,2,0.001,12,"prot25_child",0.2,0.420623162337565,1
1,2,0.001,12,"prot50_male",-0.7,-0.423226360355277,1
1,2,0.001,12,"prot50_age",-0.6,-0.393103988064179,1
1,2,0.001,12,"prot50_income",0,-0.134437172543566,1
1,2,0.001,12,"prot50_child",0,0.115850685506647,1
1,2,0.001,12,"invasive_male",-0.7,0.0158256544798569,1
1,2,0.001,12,"invasive_age",-1.2,-0.579976867543851,1
1,2,0.001,12,"invasive_income",-1.1,-0.599088144807602,1
1,2,0.001,12,"invasive_child",0,-0.124081653922555,1
1,2,0.001,13,"ASC2_male",-0.7,-0.126802054753378,1
1,2,0.001,13,"ASC2_age",-0.3,-0.174468752568009,1
1,2,0.001,13,"ASC2_income",0,0.064949700535964,1
1,2,0.001,13,"ASC2_child",0,0.0742444286672606,1
1,2,0.001,13,"ASC3_male",0,0.139153129424032,1
1,2,0.001,13,"ASC3_age",0,0.0821982096871595,1
1,2,0.001,13,"ASC3_income",0,0.0598102437766267,1
1,2,0.001,13,"ASC3_child",-1.1,-0.347681720999487,1
1,2,0.001,13,"prot25_male",-0.5,-0.136883948402048,1
1,2,0.001,13,"prot25_age",0,-0.062960753619415,1
1,2,0.001,13,"prot25_income",0.3,0.0415242264076478,1
1,2,0.001,13,"prot25_child",-0.3,-0.679239301213932,1
1,2,0.001,13,"prot50_male",0.9,0.319962225837908,1
1,2,0.001,13,"prot50_age",1,0.432352267071679,1
1,2,0.001,13,"prot50_income",-0.5,-0.314257769660959,1
1,2,0.001,13,"prot50_child",0,-0.147803937645264,1
1,2,0.001,13,"invasive_male",0,0.189995759705273,1
1,2,0.001,13,"invasive_age",0,0.0792540024039172,1
1,2,0.001,13,"invasive_income",1,0.482581646620607,1
1,2,0.001,13,"invasive_child",0,0.128713613975366,1
1,2,0.001,14,"ASC2_male",0.7,0.152320807806919,1
1,2,0.001,14,"ASC2_age",0,0.00299787794308377,1
1,2,0.001,14,"ASC2_income",0,-0.0941319414989043,1
1,2,0.001,14,"ASC2_child",-1.2,-0.651223208639867,1
1,2,0.001,14,"ASC3_male",-1.1,-0.64126288433375,1
1,2,0.001,14,"ASC3_age",0,-0.0722907671718702,1
1,2,0.001,14,"ASC3_income",0,-0.0714814154515836,1
1,2,0.001,14,"ASC3_child",0,-0.104739425866277,1
1,2,0.001,14,"prot25_male",0,0.288566246342919,1
1,2,0.001,14,"prot25_age",-0.2,-0.152792066649558,1
1,2,0.001,14,"prot25_income",-1,-0.679740567965879,1
1,2,0.001,14,"prot25_child",-0.2,0.107061183726893,1
1,2,0.001,14,"prot50_male",0,0.337301776271913,1
1,2,0.001,14,"prot50_age",-1,-0.492259134888462,1
1,2,0.001,14,"prot50_income",1,0.344113564338141,1
1,2,0.001,14,"prot50_child",0,0.0368011753600099,1
1,2,0.001,14,"invasive_male",0,-0.124348992589408,1
1,2,0.001,14,"invasive_age",0.6,0.276882942462475,1
1,2,0.001,14,"invasive_income",0.2,-0.000562229849332099,0
1,2,0.001,14,"invasive_child",0,0.0848713369897092,1
1,2,0.001,15,"ASC2_male",-0.1,0.400628377700821,1
1,2,0.001,15,"ASC2_age",-0.6,-0.440375829116313,1
1,2,0.001,15,"ASC2_income",0.3,0.216786198951544,1
1,2,0.001,15,"ASC2_child",0,0.253230226662212,1
1,2,0.001,15,"ASC3_male",0,0.402352433157354,1
1,2,0.001,15,"ASC3_age",0,-0.162417524053734,1
1,2,0.001,15,"ASC3_income",1.1,0.639739944378466,1
1,2,0.001,15,"ASC3_child",1.2,0.801902941683572,1
1,2,0.001,15,"prot25_male",0,-0.210466333767233,1
1,2,0.001,15,"prot25_age",0,-0.0104959736752902,1
1,2,0.001,15,"prot25_income",0,-0.0522202494694149,1
1,2,0.001,15,"prot25_child",0.8,0.190433118196303,1
1,2,0.001,15,"prot50_male",0,-0.223219326785823,1
1,2,0.001,15,"prot50_age",0.8,0.493370278747209,1
1,2,0.001,15,"prot50_income",0.2,0.00829131714607828,1
1,2,0.001,15,"prot50_child",0,-0.104586734153787,1
1,2,0.001,15,"invasive_male",0,0.298540945793322,1
1,2,0.001,15,"invasive_age",-1.2,-0.69050094920531,1
1,2,0.001,15,"invasive_income",0,0.0645364612404907,1
1,2,0.001,15,"invasive_child",0.9,0.467813706138236,1
1,2,0.001,16,"ASC2_male",1,0.364881102061583,1
1,2,0.001,16,"ASC2_age",1,0.37586487453461,1
1,2,0.001,16,"ASC2_income",0,-0.243294393278362,1
1,2,0.001,16,"ASC2_child",0,-0.255839397298037,1
1,2,0.001,16,"ASC3_male",0.7,0.362528950320014,1
1,2,0.001,16,"ASC3_age",0,-0.101403457456311,1
1,2,0.001,16,"ASC3_income",0,-0.184833708340384,1
1,2,0.001,16,"ASC3_child",-1,-0.749728322013144,1
1,2,0.001,16,"prot25_male",0,-0.143208611849116,1
1,2,0.001,16,"prot25_age",0.2,0.249524479220743,1
1,2,0.001,16,"prot25_income",0,0.146378349393835,1
1,2,0.001,16,"prot25_child",0,0.223600035898032,1
1,2,0.001,16,"prot50_male",0.9,0.257597080518386,1
1,2,0.001,16,"prot50_age",0.5,0.447794379018677,1
1,2,0.001,16,"prot50_income",0,0.177580963407695,1
1,2,0.001,16,"prot50_child",-0.3,-0.108996841363775,1
1,2,0.001,16,"invasive_male",-0.4,-0.19155805540813,1
1,2,0.001,16,"invasive_age",0,0.124236063926629,1
1,2,0.001,16,"invasive_income",0.2,0.055307177571066,1
1,2,0.001,16,"invasive_child",0,0.122986270441186,1
1,2,0.001,17,"ASC2_male",0.6,0.413742669407704,1
1,2,0.001,17,"ASC2_age",-1,-0.33163258910836,1
1,2,0.001,17,"ASC2_income",1,0.657908245116855,1
1,2,0.001,17,"ASC2_child",0.8,0.726468547905934,1
1,2,0.001,17,"ASC3_male",0,-0.087206653210759,1
1,2,0.001,17,"ASC3_age",0,0.036409104790485,1
1,2,0.001,17,"ASC3_income",0.7,0.55045237207896,1
1,2,0.001,17,"ASC3_child",-0.4,-0.154163856651219,1
1,2,0.001,17,"prot25_male",0,-0.0478111354631836,1
1,2,0.001,17,"prot25_age",0,-0.0518700612121654,1
1,2,0.001,17,"prot25_income",0,-0.0693112533163072,1
1,2,0.001,17,"prot25_child",-0.7,-0.596038653231888,1
1,2,0.001,17,"prot50_male",0,-0.337767505682697,1
1,2,0.001,17,"prot50_age",0,0.0104550124811861,1
1,2,0.001,17,"prot50_income",0.4,0.0469103411144572,1
1,2,0.001,17,"prot50_child",-1.1,-0.903592035186336,1
1,2,0.001,17,"invasive_male",0,-0.141816800433092,1
1,2,0.001,17,"invasive_age",0,-0.0219024963769636,1
1,2,0.001,17,"invasive_income",0,0.0454667533688807,1
1,2,0.001,17,"invasive_child",0.8,0.584136290339256,1
1,2,0.001,18,"ASC2_male",0,0.451470091422676,1
1,2,0.001,18,"ASC2_age",0,-0.00624254320472306,1
1,2,0.001,18,"ASC2_income",0.2,0.131463572804474,1
1,2,0.001,18,"ASC2_child",0,-0.18218477478611,1
1,2,0.001,18,"ASC3_male",0.3,0.520797531593969,1
1,2,0.001,18,"ASC3_age",0,-0.0260475487835131,1
1,2,0.001,18,"ASC3_income",0.7,0.436949784546923,1
1,2,0.001,18,"ASC3_child",0,-0.122543459665409,1
1,2,0.001,18,"prot25_male",0,-0.304464791899365,1
1,2,0.001,18,"prot25_age",0.2,0.0938372182276377,1
1,2,0.001,18,"prot25_income",0,-0.00374369987025419,1
1,2,0.001,18,"prot25_child",0.9,0.442889020145139,1
1,2,0.001,18,"prot50_male",-0.9,-0.719478182790722,1
1,2,0.001,18,"prot50_age",0,0.0294481439942966,1
1,2,0.001,18,"prot50_income",0,-0.0466290575702536,1
1,2,0.001,18,"prot50_child",0,0.0470840756195144,1
1,2,0.001,18,"invasive_male",-0.9,-0.129473504300387,1
1,2,0.001,18,"invasive_age",0.1,0.0514330483773223,1
1,2,0.001,18,"invasive_income",-0.5,-0.249751181884904,1
1,2,0.001,18,"invasive_child",-0.2,0.0475795621569237,1
1,2,0.001,19,"ASC2_male",0,0.0557983798701375,1
1,2,0.001,19,"ASC2_age",1.2,0.570373720564654,1
1,2,0.001,19,"ASC2_income",0,-0.0343515672532787,1
1,2,0.001,19,"ASC2_child",0,-0.139733096117581,1
1,2,0.001,19,"ASC3_male",0.1,0.0142370014958559,1
1,2,0.001,19,"ASC3_age",0,-0.0818312681682147,1
1,2,0.001,19,"ASC3_income",0.7,0.301213135685764,1
1,2,0.001,19,"ASC3_child",0,-0.185270497214636,1
1,2,0.001,19,"prot25_male",0,-0.0951832699349601,1
1,2,0.001,19,"prot25_age",0.2,0.18968255922874,1
1,2,0.001,19,"prot25_income",-0.1,0.159286583130676,1
1,2,0.001,19,"prot25_child",0.6,0.30260747536739,1
1,2,0.001,19,"prot50_male",0.4,0.00467237866622919,1
1,2,0.001,19,"prot50_age",0,0.160362840675429,1
1,2,0.001,19,"prot50_income",0,0.181561658510129,1
1,2,0.001,19,"prot50_child",0,0.185445147521359,1
1,2,0.001,19,"invasive_male",0.6,0.233153053564571,1
1,2,0.001,19,"invasive_age",0,0.0712114902484409,1
1,2,0.001,19,"invasive_income",0.2,0.196401022709377,1
1,2,0.001,19,"invasive_child",-0.8,-0.404676492164143,1
1,2,0.001,20,"ASC2_male",-1,-0.527486949162804,1
1,2,0.001,20,"ASC2_age",1,0.455687531001229,1
1,2,0.001,20,"ASC2_income",-0.8,-0.159186803016893,1
1,2,0.001,20,"ASC2_child",0,0.127943159196152,1
1,2,0.001,20,"ASC3_male",0,0.17238326931718,1
1,2,0.001,20,"ASC3_age",0,-0.0792458180021969,1
1,2,0.001,20,"ASC3_income",0,0.148008865359247,1
1,2,0.001,20,"ASC3_child",0,0.191122585309623,1
1,2,0.001,20,"prot25_male",0,-0.0502701113298482,1
1,2,0.001,20,"prot25_age",0,0.182639504892618,1
1,2,0.001,20,"prot25_income",0.3,-0.00511373890398958,1
1,2,0.001,20,"prot25_child",0.3,0.164228269090346,1
1,2,0.001,20,"prot50_male",0.4,0.402762702138471,1
1,2,0.001,20,"prot50_age",-0.9,-0.400110677559466,1
1,2,0.001,20,"prot50_income",-1.1,-0.665220907961839,1
1,2,0.001,20,"prot50_child",0,-0.306138312858255,1
1,2,0.001,20,"invasive_male",0,0.14604224294436,1
1,2,0.001,20,"invasive_age",-0.3,-0.17047808137257,1
1,2,0.001,20,"invasive_income",-0.7,-0.220017304214531,1
1,2,0.001,20,"invasive_child",0,0.246062386576447,1
1,2,0.001,21,"ASC2_male",-0.1,0.0091708807702904,1
1,2,0.001,21,"ASC2_age",0,-0.0647695344795576,1
1,2,0.001,21,"ASC2_income",0,0.107861879974596,1
1,2,0.001,21,"ASC2_child",0.4,0.628110795827826,1
1,2,0.001,21,"ASC3_male",0,-0.00261819688033599,1
1,2,0.001,21,"ASC3_age",-0.8,-0.512064810522758,1
1,2,0.001,21,"ASC3_income",0,0.0205398378077587,1
1,2,0.001,21,"ASC3_child",-0.3,0.429637917556967,1
1,2,0.001,21,"prot25_male",-0.8,-0.669198703063312,1
1,2,0.001,21,"prot25_age",-0.4,-0.060943833669756,1
1,2,0.001,21,"prot25_income",0,0.0136020557058465,1
1,2,0.001,21,"prot25_child",-0.3,-0.828393904999853,1
1,2,0.001,21,"prot50_male",0.5,0.239391701728089,1
1,2,0.001,21,"prot50_age",0,0.167082545769189,1
1,2,0.001,21,"prot50_income",0,-0.0486639321636542,1
1,2,0.001,21,"prot50_child",0.1,-0.292385295221183,1
1,2,0.001,21,"invasive_male",0,0.118670972374334,1
1,2,0.001,21,"invasive_age",-0.3,-0.243849347986023,1
1,2,0.001,21,"invasive_income",0,0.0500318521604469,1
1,2,0.001,21,"invasive_child",0,0.359260569227597,1
1,2,0.001,22,"ASC2_male",0.9,0.655541614393025,1
1,2,0.001,22,"ASC2_age",0,0.00720465975258756,1
1,2,0.001,22,"ASC2_income",0,-0.00591711141487631,1
1,2,0.001,22,"ASC2_child",-0.7,-0.322784531960856,1
1,2,0.001,22,"ASC3_male",-0.7,-0.087274413686252,1
1,2,0.001,22,"ASC3_age",0,-0.0131401465673756,1
1,2,0.001,22,"ASC3_income",0,-0.0810984683514991,1
1,2,0.001,22,"ASC3_child",0,0.234474545011028,1
1,2,0.001,22,"prot25_male",0,-0.267986777611406,1
1,2,0.001,22,"prot25_age",-0.2,-0.100899224105745,1
1,2,0.001,22,"prot25_income",0.4,0.165945864736988,1
1,2,0.001,22,"prot25_child",0,-0.46980711827145,1
1,2,0.001,22,"prot50_male",0.4,0.244788910369167,1
1,2,0.001,22,"prot50_age",-1,-0.455004541698456,1
1,2,0.001,22,"prot50_income",0,0.0430027342947789,1
1,2,0.001,22,"prot50_child",0.9,0.260198240691011,1
1,2,0.001,22,"invasive_male",0,0.293781188216852,1
1,2,0.001,22,"invasive_age",-0.8,-0.342947474558966,1
1,2,0.001,22,"invasive_income",0,0.0211598900146112,1
1,2,0.001,22,"invasive_child",-0.1,-0.229365638925898,1
1,2,0.001,23,"ASC2_male",-0.1,0.297664743348629,1
1,2,0.001,23,"ASC2_age",-0.3,0.157925454142603,1
1,2,0.001,23,"ASC2_income",0,0.159693963106798,1
1,2,0.001,23,"ASC2_child",0,0.272081142458054,1
1,2,0.001,23,"ASC3_male",-0.9,-0.094592822040268,1
1,2,0.001,23,"ASC3_age",0,0.287452588992289,1
1,2,0.001,23,"ASC3_income",0,0.119168246183243,1
1,2,0.001,23,"ASC3_child",1,0.998900579908464,1
1,2,0.001,23,"prot25_male",0,-0.156461580874987,1
1,2,0.001,23,"prot25_age",0,-0.144253297242812,1
1,2,0.001,23,"prot25_income",0,-0.304244137058268,1
1,2,0.001,23,"prot25_child",-1.1,-1.00054048028536,1
1,2,0.001,23,"prot50_male",-1.1,-0.500810041152202,1
1,2,0.001,23,"prot50_age",-0.8,-0.487461553173406,1
1,2,0.001,23,"prot50_income",0,-0.245107018478278,1
1,2,0.001,23,"prot50_child",0,-0.176268445846742,1
1,2,0.001,23,"invasive_male",-0.4,0.00949201404850991,1
1,2,0.001,23,"invasive_age",-0.4,-0.0373418672278682,1
1,2,0.001,23,"invasive_income",0.8,0.380771260633494,1
1,2,0.001,23,"invasive_child",0,0.237897309427566,1
1,2,0.001,24,"ASC2_male",0.6,0.290582488282549,1
1,2,0.001,24,"ASC2_age",-1.1,-0.550288555453478,1
1,2,0.001,24,"ASC2_income",0,0.221507235627609,1
1,2,0.001,24,"ASC2_child",0,-0.106406955282155,1
1,2,0.001,24,"ASC3_male",0,-0.106088383068145,1
1,2,0.001,24,"ASC3_age",0,0.0972028706063947,1
1,2,0.001,24,"ASC3_income",-0.6,-0.0816959778956951,1
1,2,0.001,24,"ASC3_child",0.4,0.0343041504497847,1
1,2,0.001,24,"prot25_male",-0.3,-0.0181363768321513,1
1,2,0.001,24,"prot25_age",0,-0.0663559657025573,1
1,2,0.001,24,"prot25_income",0,-0.106210872653628,1
1,2,0.001,24,"prot25_child",-0.4,0.0521404328515885,1
1,2,0.001,24,"prot50_male",0,0.0468601782404874,1
1,2,0.001,24,"prot50_age",0,0.0293120063702347,1
1,2,0.001,24,"prot50_income",-0.5,-0.375857520819567,1
1,2,0.001,24,"prot50_child",0,-0.0337289335714801,1
1,2,0.001,24,"invasive_male",0.9,0.294842960602354,1
1,2,0.001,24,"invasive_age",-0.7,-0.172523626620284,1
1,2,0.001,24,"invasive_income",1.2,0.622153231250973,1
1,2,0.001,24,"invasive_child",0,-0.286738160691344,1
1,2,0.001,25,"ASC2_male",-0.8,-0.756625767383114,1
1,2,0.001,25,"ASC2_age",1,0.682280648524838,1
1,2,0.001,25,"ASC2_income",0,-0.029574908893741,1
1,2,0.001,25,"ASC2_child",0,0.399008240776005,1
1,2,0.001,25,"ASC3_male",0.9,-0.122910223108203,1
1,2,0.001,25,"ASC3_age",0,0.155466652397875,1
1,2,0.001,25,"ASC3_income",-0.7,-0.305793006740516,1
1,2,0.001,25,"ASC3_child",-0.9,-0.143134767534783,1
1,2,0.001,25,"prot25_male",0,0.394397179803045,1
1,2,0.001,25,"prot25_age",0,-0.13001915658445,1
1,2,0.001,25,"prot25_income",-0.9,-0.547821432132607,1
1,2,0.001,25,"prot25_child",0,-0.32047213917375,1
1,2,0.001,25,"prot50_male",0,0.247546360253094,1
1,2,0.001,25,"prot50_age",0,-0.0329711779329804,1
1,2,0.001,25,"prot50_income",0.3,-0.150980667220256,1
1,2,0.001,25,"prot50_child",0,-0.22767114585638,1
1,2,0.001,25,"invasive_male",-1.2,-0.778014606110904,1
1,2,0.001,25,"invasive_age",0.2,0.0793751027156695,1
1,2,0.001,25,"invasive_income",0,-0.222153379636063,1
1,2,0.001,25,"invasive_child",-0.3,0.144480084495101,1
1,2,0.001,26,"ASC2_male",0,-0.00557138330262784,1
1,2,0.001,26,"ASC2_age",0,0.0437617566452884,1
1,2,0.001,26,"ASC2_income",-0.2,-0.000353582541914805,0
1,2,0.001,26,"ASC2_child",0,-0.220861803419533,1
1,2,0.001,26,"ASC3_male",0.2,0.224387732717302,1
1,2,0.001,26,"ASC3_age",0,-0.00238142141848489,1
1,2,0.001,26,"ASC3_income",-0.6,-0.353039861724226,1
1,2,0.001,26,"ASC3_child",-0.4,-0.176281293370013,1
1,2,0.001,26,"prot25_male",0,-0.0717181088222669,1
1,2,0.001,26,"prot25_age",0.3,0.118310216454977,1
1,2,0.001,26,"prot25_income",-1.1,-0.604512376494904,1
1,2,0.001,26,"prot25_child",0.6,0.382176793802252,1
1,2,0.001,26,"prot50_male",0,-0.195249109869308,1
1,2,0.001,26,"prot50_age",1.2,0.55948666513646,1
1,2,0.001,26,"prot50_income",0,0.0404073295045948,1
1,2,0.001,26,"prot50_child",-0.3,-0.0667181658097966,1
1,2,0.001,26,"invasive_male",0,-0.0668940528958869,1
1,2,0.001,26,"invasive_age",0,0.114794754616988,1
1,2,0.001,26,"invasive_income",0,0.074540620018756,1
1,2,0.001,26,"invasive_child",0.9,0.489867509333097,1
1,2,0.001,27,"ASC2_male",0.2,-0.142976717833643,1
1,2,0.001,27,"ASC2_age",-0.9,-0.66582027869233,1
1,2,0.001,27,"ASC2_income",0.7,0.342542890139654,1
1,2,0.001,27,"ASC2_child",0,-0.284259072086761,1
1,2,0.001,27,"ASC3_male",0,0.012580941412548,1
1,2,0.001,27,"ASC3_age",0,-0.0792452974510922,1
1,2,0.001,27,"ASC3_income",0.5,0.117159632004208,1
1,2,0.001,27,"ASC3_child",-0.7,-0.57166034244516,1
1,2,0.001,27,"prot25_male",0.8,0.684603681168511,1
1,2,0.001,27,"prot25_age",0,0.0746724904159082,1
1,2,0.001,27,"prot25_income",0,0.255885971459677,1
1,2,0.001,27,"prot25_child",0,0.066779516865767,1
1,2,0.001,27,"prot50_male",0,-0.00666085038233754,1
1,2,0.001,27,"prot50_age",0.7,0.440123418916093,1
1,2,0.001,27,"prot50_income",0,0.125821840664665,1
1,2,0.001,27,"prot50_child",-1,-0.30984591044728,1
1,2,0.001,27,"invasive_male",0,-0.435157021851872,1
1,2,0.001,27,"invasive_age",0,-0.154625014997646,1
1,2,0.001,27,"invasive_income",1,0.764925146658868,1
1,2,0.001,27,"invasive_child",0.9,0.191500955770738,1
1,2,0.001,28,"ASC2_male",0,-0.181443756939718,1
1,2,0.001,28,"ASC2_age",0,0.0879822233422799,1
1,2,0.001,28,"ASC2_income",0,0.108980790571465,1
1,2,0.001,28,"ASC2_child",-0.9,-0.713930694526751,1
1,2,0.001,28,"ASC3_male",-0.9,-0.530665065346108,1
1,2,0.001,28,"ASC3_age",-0.3,-0.0546644448758543,1
1,2,0.001,28,"ASC3_income",0,0.260591694732808,1
1,2,0.001,28,"ASC3_child",0,-0.379549081754564,1
1,2,0.001,28,"prot25_male",-0.7,-0.239599966370727,1
1,2,0.001,28,"prot25_age",-0.3,-0.127436182413495,1
1,2,0.001,28,"prot25_income",0,-0.143465011203788,1
1,2,0.001,28,"prot25_child",0,0.408730994846624,1
1,2,0.001,28,"prot50_male",-0.3,-0.251926656418295,1
1,2,0.001,28,"prot50_age",0.2,-0.0313522170882825,1
1,2,0.001,28,"prot50_income",0,-0.251732863849781,1
1,2,0.001,28,"prot50_child",0,0.473422664770158,1
1,2,0.001,28,"invasive_male",0.5,0.316104027886882,1
1,2,0.001,28,"invasive_age",0,0.0559989262571089,1
1,2,0.001,28,"invasive_income",-1,-0.52158897221459,1
1,2,0.001,28,"invasive_child",0.6,0.401967216013613,1
1,2,0.001,29,"ASC2_male",0.3,0.334990557447636,1
1,2,0.001,29,"ASC2_age",0.9,0.428039443286708,1
1,2,0.001,29,"ASC2_income",1.2,0.834140738083634,1
1,2,0.001,29,"ASC2_child",0.5,0.0721401877403244,1
1,2,0.001,29,"ASC3_male",1.1,0.669569041305429,1
1,2,0.001,29,"ASC3_age",0,0.00986652481167772,1
1,2,0.001,29,"ASC3_income",0,0.185008359375733,1
1,2,0.001,29,"ASC3_child",0.1,0.0444612739337299,1
1,2,0.001,29,"prot25_male",-1.1,-0.894559976073613,1
1,2,0.001,29,"prot25_age",0,0.0600968773733969,1
1,2,0.001,29,"prot25_income",0,-0.167887471473862,1
1,2,0.001,29,"prot25_child",-0.5,-0.188639500787922,1
1,2,0.001,29,"prot50_male",0,-0.0635381509986834,1
1,2,0.001,29,"prot50_age",-0.9,-0.367695701506509,1
1,2,0.001,29,"prot50_income",-0.8,-0.574221933829161,1
1,2,0.001,29,"prot50_child",0,-0.0316565094281977,1
1,2,0.001,29,"invasive_male",0,0.279467290348391,1
1,2,0.001,29,"invasive_age",0,-0.0271408184797058,1
1,2,0.001,29,"invasive_income",0,0.138697918012552,1
1,2,0.001,29,"invasive_child",0,-0.167445662277139,1
1,2,0.001,30,"ASC2_male",0.4,0.632852230887879,1
1,2,0.001,30,"ASC2_age",0,0.127198571746265,1
1,2,0.001,30,"ASC2_income",0,0.18685577975922,1
1,2,0.001,30,"ASC2_child",0.7,0.243560399753908,1
1,2,0.001,30,"ASC3_male",1.1,1.00142216230676,1
1,2,0.001,30,"ASC3_age",0,0.122597007906337,1
1,2,0.001,30,"ASC3_income",0.4,0.362978066859798,1
1,2,0.001,30,"ASC3_child",0.9,0.506848101277739,1
1,2,0.001,30,"prot25_male",-0.2,-0.306921711676166,1
1,2,0.001,30,"prot25_age",0.1,0.0095355539269264,1
1,2,0.001,30,"prot25_income",0.3,-0.103251466792176,1
1,2,0.001,30,"prot25_child",0,0.0334081110259255,1
1,2,0.001,30,"prot50_male",0,-0.230305095281033,1
1,2,0.001,30,"prot50_age",0,-0.0728223713966381,1
1,2,0.001,30,"prot50_income",0,-0.158828556978525,1
1,2,0.001,30,"prot50_child",0,0.357462679416576,1
1,2,0.001,30,"invasive_male",-0.6,-0.135552751862185,1
1,2,0.001,30,"invasive_age",0,0.131078689797755,1
1,2,0.001,30,"invasive_income",-1,-0.439020403248056,1
1,2,0.001,30,"invasive_child",0,0.226673816060008,1
1,2,0.001,31,"ASC2_male",-0.3,0.0663245988613079,1
1,2,0.001,31,"ASC2_age",1.2,0.571536268771868,1
1,2,0.001,31,"ASC2_income",1,0.408728691343595,1
1,2,0.001,31,"ASC2_child",0,0.0690321002580269,1
1,2,0.001,31,"ASC3_male",0,0.321993459122084,1
1,2,0.001,31,"ASC3_age",1.1,0.524882018364879,1
1,2,0.001,31,"ASC3_income",-0.6,-0.43254688133672,1
1,2,0.001,31,"ASC3_child",0,0.103628110368615,1
1,2,0.001,31,"prot25_male",0,-0.0793652782396746,1
1,2,0.001,31,"prot25_age",-0.2,-0.0862510937840103,1
1,2,0.001,31,"prot25_income",0,0.085211828526276,1
1,2,0.001,31,"prot25_child",-0.2,-0.186769206229216,1
1,2,0.001,31,"prot50_male",-0.3,-0.227806538800571,1
1,2,0.001,31,"prot50_age",0,0.0557854605853805,1
1,2,0.001,31,"prot50_income",0,-0.0387773648997226,1
1,2,0.001,31,"prot50_child",0,0.036532460419829,1
1,2,0.001,31,"invasive_male",0,0.0562283915206695,1
1,2,0.001,31,"invasive_age",0.2,0.110527074101691,1
1,2,0.001,31,"invasive_income",0.9,0.484933069720062,1
1,2,0.001,31,"invasive_child",0,0.360602021666394,1
1,2,0.001,32,"ASC2_male",0.6,0.189450578689683,1
1,2,0.001,32,"ASC2_age",0,0.0402850991011269,1
1,2,0.001,32,"ASC2_income",1.1,0.338305874645109,1
1,2,0.001,32,"ASC2_child",0,0.139759581124157,1
1,2,0.001,32,"ASC3_male",-0.7,-0.454357580574591,1
1,2,0.001,32,"ASC3_age",-1.1,-0.44576861451172,1
1,2,0.001,32,"ASC3_income",0,-0.245193160036114,1
1,2,0.001,32,"ASC3_child",-0.3,-0.166602839418251,1
1,2,0.001,32,"prot25_male",0.7,0.306353482235866,1
1,2,0.001,32,"prot25_age",0,-0.138936922662146,1
1,2,0.001,32,"prot25_income",-0.5,-0.115794794196386,1
1,2,0.001,32,"prot25_child",-1.1,-0.640005046960562,1
1,2,0.001,32,"prot50_male",0,-0.11326002416413,1
1,2,0.001,32,"prot50_age",-0.6,-0.364763432710636,1
1,2,0.001,32,"prot50_income",0,0.114638371519936,1
1,2,0.001,32,"prot50_child",0,-0.163190765006821,1
1,2,0.001,32,"invasive_male",0,-0.049249732852512,1
1,2,0.001,32,"invasive_age",0,-0.0398192232161929,1
1,2,0.001,32,"invasive_income",0,-0.120956010653576,1
1,2,0.001,32,"invasive_child",0.2,-0.0790965950169094,1
1,2,0.001,33,"ASC2_male",-0.4,-0.786838223572984,1
1,2,0.001,33,"ASC2_age",0,0.313283037285124,1
1,2,0.001,33,"ASC2_income",0,0.0196465789295045,1
1,2,0.001,33,"ASC2_child",0,0.279514989885066,1
1,2,0.001,33,"ASC3_male",0.6,-0.405049792769358,1
1,2,0.001,33,"ASC3_age",0,0.281661297524693,1
1,2,0.001,33,"ASC3_income",-1,-0.361728100569365,1
1,2,0.001,33,"ASC3_child",0,0.257194617572748,1
1,2,0.001,33,"prot25_male",0,0.463447713420279,1
1,2,0.001,33,"prot25_age",0,-0.279357825757124,1
1,2,0.001,33,"prot25_income",0,-0.192848305071076,1
1,2,0.001,33,"prot25_child",1.1,0.271403640242132,1
1,2,0.001,33,"prot50_male",0,0.144639511048447,1
1,2,0.001,33,"prot50_age",0.4,-0.0477673462794833,1
1,2,0.001,33,"prot50_income",0.3,0.0616484377422021,1
1,2,0.001,33,"prot50_child",-0.4,-0.221121641592193,1
1,2,0.001,33,"invasive_male",0.3,-0.409884877916538,1
1,2,0.001,33,"invasive_age",0,0.102247336187711,1
1,2,0.001,33,"invasive_income",0.6,0.338929635913066,1
1,2,0.001,33,"invasive_child",0.8,0.532745449456913,1
1,2,0.001,34,"ASC2_male",0,0.694283587613214,1
1,2,0.001,34,"ASC2_age",0,0.0869730847687721,1
1,2,0.001,34,"ASC2_income",-0.8,-0.706778301474031,1
1,2,0.001,34,"ASC2_child",-0.4,-0.235653250527556,1
1,2,0.001,34,"ASC3_male",0,0.623146765149412,1
1,2,0.001,34,"ASC3_age",0,0.01771976979421,1
1,2,0.001,34,"ASC3_income",0,-0.191967526997786,1
1,2,0.001,34,"ASC3_child",0.4,0.054468278103799,1
1,2,0.001,34,"prot25_male",0,-0.557769044103419,1
1,2,0.001,34,"prot25_age",0,-0.0596156862673867,1
1,2,0.001,34,"prot25_income",1,0.628573724622699,1
1,2,0.001,34,"prot25_child",1.2,0.568045010836611,1
1,2,0.001,34,"prot50_male",0.1,-0.378128054416168,1
1,2,0.001,34,"prot50_age",0.2,-0.0551867655239576,1
1,2,0.001,34,"prot50_income",-0.5,-0.0946930663098852,1
1,2,0.001,34,"prot50_child",0,0.209042016940256,1
1,2,0.001,34,"invasive_male",0,0.127905457906186,1
1,2,0.001,34,"invasive_age",0,-0.0914471279727774,1
1,2,0.001,34,"invasive_income",-1,-0.60140123572422,1
1,2,0.001,34,"invasive_child",0.2,0.102766306794387,1
1,2,0.001,35,"ASC2_male",0,-0.137296433822653,1
1,2,0.001,35,"ASC2_age",0,0.0189020614245293,1
1,2,0.001,35,"ASC2_income",0.9,0.31538896315712,1
1,2,0.001,35,"ASC2_child",0,0.0629513042963962,1
1,2,0.001,35,"ASC3_male",0,-0.100644678139382,1
1,2,0.001,35,"ASC3_age",1.1,0.583262795591116,1
1,2,0.001,35,"ASC3_income",0,-0.229682510047719,1
1,2,0.001,35,"ASC3_child",0,-0.0699861188168003,1
1,2,0.001,35,"prot25_male",-0.2,-0.10808281343889,1
1,2,0.001,35,"prot25_age",0.3,0.117811869499745,1
1,2,0.001,35,"prot25_income",0,0.155812325837652,1
1,2,0.001,35,"prot25_child",-1.1,-0.470887603845235,1
1,2,0.001,35,"prot50_male",-0.4,0.0727083471154249,1
1,2,0.001,35,"prot50_age",0,-0.107154978236584,1
1,2,0.001,35,"prot50_income",-0.3,-0.0587285703386678,1
1,2,0.001,35,"prot50_child",0.5,0.230877010811997,1
1,2,0.001,35,"invasive_male",0.1,0.153500651791351,1
1,2,0.001,35,"invasive_age",0,-0.0439265049587084,1
1,2,0.001,35,"invasive_income",-1.1,-0.637741828545789,1
1,2,0.001,35,"invasive_child",0,0.135675627643418,1
1,2,0.001,36,"ASC2_male",-0.4,-0.679505034330555,1
1,2,0.001,36,"ASC2_age",-1,-0.597032189829962,1
1,2,0.001,36,"ASC2_income",-0.5,-0.452741389272232,1
1,2,0.001,36,"ASC2_child",-0.9,-0.35673549345064,1
1,2,0.001,36,"ASC3_male",0,-0.457855676066651,1
1,2,0.001,36,"ASC3_age",1.1,0.535146362114798,1
1,2,0.001,36,"ASC3_income",0,-0.222345981345284,1
1,2,0.001,36,"ASC3_child",0,0.0850907972362874,1
1,2,0.001,36,"prot25_male",0,0.269802962794289,1
1,2,0.001,36,"prot25_age",0,0.0506793557606563,1
1,2,0.001,36,"prot25_income",1.1,0.517098197463716,1
1,2,0.001,36,"prot25_child",-0.5,-0.355564621027116,1
1,2,0.001,36,"prot50_male",0,0.174609180735608,1
1,2,0.001,36,"prot50_age",0,-0.0635505193704273,1
1,2,0.001,36,"prot50_income",1.1,0.562835759533259,1
1,2,0.001,36,"prot50_child",0,0.00314470245693151,1
1,2,0.001,36,"invasive_male",0.3,0.0846155217314121,1
1,2,0.001,36,"invasive_age",0,-0.0912189230406416,1
1,2,0.001,36,"invasive_income",-0.5,-0.278182438226314,1
1,2,0.001,36,"invasive_child",0,0.056532708553809,1
1,2,0.001,37,"ASC2_male",0.6,-0.0121901671763249,1
1,2,0.001,37,"ASC2_age",0,0.0224675318796303,1
1,2,0.001,37,"ASC2_income",0.9,0.63961614441225,1
1,2,0.001,37,"ASC2_child",0,-0.12083456491077,1
1,2,0.001,37,"ASC3_male",0,-0.220271990113557,1
1,2,0.001,37,"ASC3_age",0.6,0.312891087788763,1
1,2,0.001,37,"ASC3_income",1.1,0.658235322193669,1
1,2,0.001,37,"ASC3_child",-0.8,-0.279913878239098,1
1,2,0.001,37,"prot25_male",-1.2,-0.453775795157744,1
1,2,0.001,37,"prot25_age",0,-0.000927058213421159,0
1,2,0.001,37,"prot25_income",1.1,0.493008068118602,1
1,2,0.001,37,"prot25_child",0,0.0688991322893808,1
1,2,0.001,37,"prot50_male",0,0.29432584306838,1
1,2,0.001,37,"prot50_age",0.5,0.19485552709802,1
1,2,0.001,37,"prot50_income",0,-0.124898330265126,1
1,2,0.001,37,"prot50_child",0,-0.0942065213882658,1
1,2,0.001,37,"invasive_male",0,0.0612146868667732,1
1,2,0.001,37,"invasive_age",1.1,0.483507251127115,1
1,2,0.001,37,"invasive_income",0,-0.0839943737914418,1
1,2,0.001,37,"invasive_child",0.6,0.413760595744979,1
1,2,0.001,38,"ASC2_male",0.3,-0.0699499601086697,1
1,2,0.001,38,"ASC2_age",0.3,0.215119439942206,1
1,2,0.001,38,"ASC2_income",0,-0.103381014553083,1
1,2,0.001,38,"ASC2_child",0.9,0.287243947101531,1
1,2,0.001,38,"ASC3_male",0,-0.370189290493737,1
1,2,0.001,38,"ASC3_age",-0.6,-0.326037176695573,1
1,2,0.001,38,"ASC3_income",0,-0.0351380361539967,1
1,2,0.001,38,"ASC3_child",0,-0.0600812594979048,1
1,2,0.001,38,"prot25_male",0,0.452696941438763,1
1,2,0.001,38,"prot25_age",0,0.123188682773471,1
1,2,0.001,38,"prot25_income",0.7,0.483335807160705,1
1,2,0.001,38,"prot25_child",0,0.203226818545079,1
1,2,0.001,38,"prot50_male",0,0.241432836902468,1
1,2,0.001,38,"prot50_age",0,0.139493990922145,1
1,2,0.001,38,"prot50_income",0.2,0.145238137831118,1
1,2,0.001,38,"prot50_child",-0.8,-0.0652869667863817,1
1,2,0.001,38,"invasive_male",0.1,-0.0878558352987198,1
1,2,0.001,38,"invasive_age",0,0.0697781978422903,1
1,2,0.001,38,"invasive_income",-0.6,-0.327909940013607,1
1,2,0.001,38,"invasive_child",-0.6,-0.123940567107539,1
1,2,0.001,39,"ASC2_male",0.9,0.641001057313018,1
1,2,0.001,39,"ASC2_age",0,0.153899738303014,1
1,2,0.001,39,"ASC2_income",0,0.0863353149052241,1
1,2,0.001,39,"ASC2_child",0,0.149730698994378,1
1,2,0.001,39,"ASC3_male",-0.9,-0.502497711215983,1
1,2,0.001,39,"ASC3_age",0,0.132488185427439,1
1,2,0.001,39,"ASC3_income",-0.7,-0.29926385362834,1
1,2,0.001,39,"ASC3_child",-1.1,-0.333857529747121,1
1,2,0.001,39,"prot25_male",-1,-0.770094500438012,1
1,2,0.001,39,"prot25_age",-0.6,-0.471473370652782,1
1,2,0.001,39,"prot25_income",0.7,0.269458911898834,1
1,2,0.001,39,"prot25_child",-0.3,-0.415899132208828,1
1,2,0.001,39,"prot50_male",0,-0.120096547578077,1
1,2,0.001,39,"prot50_age",0,-0.0799396210793427,1
1,2,0.001,39,"prot50_income",0,-0.185640296741775,1
1,2,0.001,39,"prot50_child",0,-0.285728089854218,1
1,2,0.001,39,"invasive_male",1.1,0.531285095516931,1
1,2,0.001,39,"invasive_age",0,0.0577924486197781,1
1,2,0.001,39,"invasive_income",0,-0.000478698164575006,0
1,2,0.001,39,"invasive_child",-0.6,-0.254257482543075,1
1,2,0.001,40,"ASC2_male",0,-0.164208920758952,1
1,2,0.001,40,"ASC2_age",-0.3,-0.152404219172893,1
1,2,0.001,40,"ASC2_income",1.1,0.449771370151802,1
1,2,0.001,40,"ASC2_child",0,0.294759091059333,1
1,2,0.001,40,"ASC3_male",0.5,0.211861827914717,1
1,2,0.001,40,"ASC3_age",0,0.0214243201969789,1
1,2,0.001,40,"ASC3_income",-0.9,-0.58533654806338,1
1,2,0.001,40,"ASC3_child",-1,-0.490149686460604,1
1,2,0.001,40,"prot25_male",-0.5,-0.146529526285939,1
1,2,0.001,40,"prot25_age",-0.3,-0.199137527609484,1
1,2,0.001,40,"prot25_income",0,-0.0970402423101602,1
1,2,0.001,40,"prot25_child",0,0.151715595622424,1
1,2,0.001,40,"prot50_male",0,0.297370174988626,1
1,2,0.001,40,"prot50_age",-1,-0.526664705652585,1
1,2,0.001,40,"prot50_income",0,0.0118835780549997,1
1,2,0.001,40,"prot50_child",0,-0.106883795393101,1
1,2,0.001,40,"invasive_male",0,0.0802626100288732,1
1,2,0.001,40,"invasive_age",-0.3,-0.09414819734324,1
1,2,0.001,40,"invasive_income",-0.1,-0.221669555961929,1
1,2,0.001,40,"invasive_child",0,-0.0513560703237547,1
1,2,0.001,41,"ASC2_male",-0.5,-0.160001609789209,1
1,2,0.001,41,"ASC2_age",0.9,0.537082708260659,1
1,2,0.001,41,"ASC2_income",1.1,0.597549578008845,1
1,2,0.001,41,"ASC2_child",0,-0.171812055011561,1
1,2,0.001,41,"ASC3_male",0.3,0.191598876250846,1
1,2,0.001,41,"ASC3_age",0,0.147845503346557,1
1,2,0.001,41,"ASC3_income",0,-0.0252048850455288,1
1,2,0.001,41,"ASC3_child",0,-0.083458949277976,1
1,2,0.001,41,"prot25_male",0,-0.0600511390105033,1
1,2,0.001,41,"prot25_age",0,0.0206567238907817,1
1,2,0.001,41,"prot25_income",-0.2,-0.038988962339748,1
1,2,0.001,41,"prot25_child",0.7,0.387873417032782,1
1,2,0.001,41,"prot50_male",-0.8,-0.637711874384175,1
1,2,0.001,41,"prot50_age",-0.4,-0.234990354395677,1
1,2,0.001,41,"prot50_income",0,0.139768718474921,1
1,2,0.001,41,"prot50_child",0,-0.122825028150528,1
1,2,0.001,41,"invasive_male",0,-0.0971396351926762,1
1,2,0.001,41,"invasive_age",0,0.206238589241527,1
1,2,0.001,41,"invasive_income",0.3,0.109632127184553,1
1,2,0.001,41,"invasive_child",0.5,0.227218900861348,1
1,2,0.001,42,"ASC2_male",0.6,0.40109719351292,1
1,2,0.001,42,"ASC2_age",0,-0.0419512215449903,1
1,2,0.001,42,"ASC2_income",0.6,0.404869334631606,1
1,2,0.001,42,"ASC2_child",0.8,0.824648491629663,1
1,2,0.001,42,"ASC3_male",0,-0.0146694033167788,1
1,2,0.001,42,"ASC3_age",-0.3,-0.137671972476288,1
1,2,0.001,42,"ASC3_income",0,0.140350035937714,1
1,2,0.001,42,"ASC3_child",-1,0.0466273328834759,1
1,2,0.001,42,"prot25_male",0,-0.15488303869264,1
1,2,0.001,42,"prot25_age",0.6,0.417036187430113,1
1,2,0.001,42,"prot25_income",0,-0.174752482722681,1
1,2,0.001,42,"prot25_child",0,-0.450477466012371,1
1,2,0.001,42,"prot50_male",0,-0.383052595041724,1
1,2,0.001,42,"prot50_age",0.7,0.419617278988757,1
1,2,0.001,42,"prot50_income",-0.9,-0.570414262628824,1
1,2,0.001,42,"prot50_child",-0.7,-0.744359402341735,1
1,2,0.001,42,"invasive_male",1.2,0.25443380264232,1
1,2,0.001,42,"invasive_age",0,0.104482654163865,1
1,2,0.001,42,"invasive_income",0,-0.0670332011250329,1
1,2,0.001,42,"invasive_child",0,0.125732381395465,1
1,2,0.001,43,"ASC2_male",-0.7,-0.512274571895374,1
1,2,0.001,43,"ASC2_age",0,0.0248401995502477,1
1,2,0.001,43,"ASC2_income",0,0.0397415513737586,1
1,2,0.001,43,"ASC2_child",0.2,0.131307108970819,1
1,2,0.001,43,"ASC3_male",0.5,-0.0473084616713649,1
1,2,0.001,43,"ASC3_age",0,0.0588427130607222,1
1,2,0.001,43,"ASC3_income",1,0.545412737213416,1
1,2,0.001,43,"ASC3_child",-0.3,-0.136673711709005,1
1,2,0.001,43,"prot25_male",0,0.271023651804733,1
1,2,0.001,43,"prot25_age",-0.9,-0.504554351480406,1
1,2,0.001,43,"prot25_income",0,-0.0792689155224819,1
1,2,0.001,43,"prot25_child",0,-0.0172202868013855,1
1,2,0.001,43,"prot50_male",0,0.19802342209289,1
1,2,0.001,43,"prot50_age",0,-0.047199561369813,1
1,2,0.001,43,"prot50_income",-1.2,-0.569855266102301,1
1,2,0.001,43,"prot50_child",0.6,0.416929392802464,1
1,2,0.001,43,"invasive_male",0.7,0.311153412208804,1
1,2,0.001,43,"invasive_age",0,0.150831876160226,1
1,2,0.001,43,"invasive_income",-0.6,-0.434138219410851,1
1,2,0.001,43,"invasive_child",0,0.105727868350777,1
1,2,0.001,44,"ASC2_male",0,0.14561215695265,1
1,2,0.001,44,"ASC2_age",-0.5,-0.249298107879443,1
1,2,0.001,44,"ASC2_income",-1,-0.405383874993533,1
1,2,0.001,44,"ASC2_child",-0.8,-0.217549930148903,1
1,2,0.001,44,"ASC3_male",-1.1,-0.535019796471458,1
1,2,0.001,44,"ASC3_age",0,-0.018548777614783,1
1,2,0.001,44,"ASC3_income",0,0.025621470501588,1
1,2,0.001,44,"ASC3_child",0,0.13710011568935,1
1,2,0.001,44,"prot25_male",-1.1,-0.593807635149903,1
1,2,0.001,44,"prot25_age",-0.3,-0.226335059415799,1
1,2,0.001,44,"prot25_income",0,-0.0796656199805286,1
1,2,0.001,44,"prot25_child",-0.6,-0.450746882390518,1
1,2,0.001,44,"prot50_male",0,-0.253434150096916,1
1,2,0.001,44,"prot50_age",0,-0.0152753383107067,1
1,2,0.001,44,"prot50_income",-0.8,-0.486468053754793,1
1,2,0.001,44,"prot50_child",0,0.344805238530833,1
1,2,0.001,44,"invasive_male",-0.3,0.140527537270819,1
1,2,0.001,44,"invasive_age",0,-0.0990950082947995,1
1,2,0.001,44,"invasive_income",0,-0.0635474749628038,1
1,2,0.001,44,"invasive_child",-0.4,0.145615185756536,1
1,2,0.001,45,"ASC2_male",0,0.115889704432416,1
1,2,0.001,45,"ASC2_age",0.7,0.523243441854242,1
1,2,0.001,45,"ASC2_income",1.1,0.534686764216576,1
1,2,0.001,45,"ASC2_child",0.3,0.233530475053453,1
1,2,0.001,45,"ASC3_male",0,-0.108092997825532,1
1,2,0.001,45,"ASC3_age",0.4,0.4074461055688,1
1,2,0.001,45,"ASC3_income",-0.1,-0.0953044813232829,1
1,2,0.001,45,"ASC3_child",0,0.0832347649765221,1
1,2,0.001,45,"prot25_male",0,-0.48148906644504,1
1,2,0.001,45,"prot25_age",0,-0.0128374138790672,1
1,2,0.001,45,"prot25_income",0,-0.0985978659821715,1
1,2,0.001,45,"prot25_child",1.1,0.433456650076202,1
1,2,0.001,45,"prot50_male",0,-0.315572104413544,1
1,2,0.001,45,"prot50_age",-0.4,-0.348457219256517,1
1,2,0.001,45,"prot50_income",0,-0.137672047923444,1
1,2,0.001,45,"prot50_child",0.4,0.104739371534662,1
1,2,0.001,45,"invasive_male",-0.3,-0.41701441295381,1
1,2,0.001,45,"invasive_age",-0.2,-0.0315464266478841,1
1,2,0.001,45,"invasive_income",0,-0.0787177265975148,1
1,2,0.001,45,"invasive_child",0,-0.187832446026801,1
1,2,0.001,46,"ASC2_male",0.4,-0.368297686482153,1
1,2,0.001,46,"ASC2_age",0,0.0986724270963276,1
1,2,0.001,46,"ASC2_income",0,0.128765887476286,1
1,2,0.001,46,"ASC2_child",-0.5,-0.531121940931409,1
1,2,0.001,46,"ASC3_male",-0.9,-0.994591250856406,1
1,2,0.001,46,"ASC3_age",0,-0.0155746759784486,1
1,2,0.001,46,"ASC3_income",-1,-0.445107454864792,1
1,2,0.001,46,"ASC3_child",0.7,0.238804958757066,1
1,2,0.001,46,"prot25_male",0,0.394976227538026,1
1,2,0.001,46,"prot25_age",-0.9,-0.439809687825986,1
1,2,0.001,46,"prot25_income",0,-0.0243832188039271,1
1,2,0.001,46,"prot25_child",0,0.576918589550119,1
1,2,0.001,46,"prot50_male",0,0.512713297128725,1
1,2,0.001,46,"prot50_age",0.3,-0.0242079856705396,1
1,2,0.001,46,"prot50_income",1,0.372358767216577,1
1,2,0.001,46,"prot50_child",0,0.251255443697942,1
1,2,0.001,46,"invasive_male",0.3,0.161504016643197,1
1,2,0.001,46,"invasive_age",0,-0.104357263465425,1
1,2,0.001,46,"invasive_income",0.2,0.0409176303638723,1
1,2,0.001,46,"invasive_child",0,0.0600054761146714,1
1,2,0.001,47,"ASC2_male",0,0.047537062687224,1
1,2,0.001,47,"ASC2_age",0,0.13669783005707,1
1,2,0.001,47,"ASC2_income",0.8,0.391463877264743,1
1,2,0.001,47,"ASC2_child",-1.2,-0.588259636380173,1
1,2,0.001,47,"ASC3_male",0.2,0.341257348305185,1
1,2,0.001,47,"ASC3_age",0,0.203181059121673,1
1,2,0.001,47,"ASC3_income",0,0.0387794781205498,1
1,2,0.001,47,"ASC3_child",0,0.0503286004768082,1
1,2,0.001,47,"prot25_male",0,0.1193480622419,1
1,2,0.001,47,"prot25_age",0.5,0.176778985959243,1
1,2,0.001,47,"prot25_income",0.4,0.255849733759928,1
1,2,0.001,47,"prot25_child",0.9,0.486460330676992,1
1,2,0.001,47,"prot50_male",0,0.0735615504649408,1
1,2,0.001,47,"prot50_age",-0.3,-0.306367560292916,1
1,2,0.001,47,"prot50_income",-0.7,-0.265057278005724,1
1,2,0.001,47,"prot50_child",-1.1,-0.561654855536391,1
1,2,0.001,47,"invasive_male",0,0.289289448224852,1
1,2,0.001,47,"invasive_age",0.5,0.37031523149436,1
1,2,0.001,47,"invasive_income",0,0.209944649940894,1
1,2,0.001,47,"invasive_child",0,0.16973654100641,1
1,2,0.001,48,"ASC2_male",1.1,1.13755426259732,1
1,2,0.001,48,"ASC2_age",0,-0.0517203478506537,1
1,2,0.001,48,"ASC2_income",0,-0.0770888440802832,1
1,2,0.001,48,"ASC2_child",-0.3,-0.306406060795101,1
1,2,0.001,48,"ASC3_male",0,0.428005033287224,1
1,2,0.001,48,"ASC3_age",0,0.00111202805838457,1
1,2,0.001,48,"ASC3_income",0.8,0.301439301932042,1
1,2,0.001,48,"ASC3_child",0,-0.0126740456513254,1
1,2,0.001,48,"prot25_male",-0.6,-0.846356243564076,1
1,2,0.001,48,"prot25_age",0,0.0080757319868329,1
1,2,0.001,48,"prot25_income",-0.2,-0.137074165035341,1
1,2,0.001,48,"prot25_child",0,0.408776564619702,1
1,2,0.001,48,"prot50_male",0,-0.38052577690469,1
1,2,0.001,48,"prot50_age",-0.4,-0.192247347045415,1
1,2,0.001,48,"prot50_income",0,-0.0583776444205093,1
1,2,0.001,48,"prot50_child",0,0.38161231937387,1
1,2,0.001,48,"invasive_male",0.7,0.440492678468026,1
1,2,0.001,48,"invasive_age",-0.6,-0.323898073557564,1
1,2,0.001,48,"invasive_income",-0.3,-0.214059244564747,1
1,2,0.001,48,"invasive_child",-0.7,-0.294606443210357,1
1,2,0.001,49,"ASC2_male",0.7,0.131793150322778,1
1,2,0.001,49,"ASC2_age",0,-0.0980070338078523,1
1,2,0.001,49,"ASC2_income",-0.8,-0.380567152184875,1
1,2,0.001,49,"ASC2_child",-0.9,-0.424896392273799,1
1,2,0.001,49,"ASC3_male",0,-0.216152785848916,1
1,2,0.001,49,"ASC3_age",0,-0.0799062600523452,1
1,2,0.001,49,"ASC3_income",-0.5,-0.340000919681371,1
1,2,0.001,49,"ASC3_child",0,-0.0269187880050487,1
1,2,0.001,49,"prot25_male",0.8,0.358299975442759,1
1,2,0.001,49,"prot25_age",0,-0.0153369097219195,1
1,2,0.001,49,"prot25_income",0,0.159999187714755,1
1,2,0.001,49,"prot25_child",0.5,0.166158106423265,1
1,2,0.001,49,"prot50_male",-0.1,-0.0415511957990538,1
1,2,0.001,49,"prot50_age",0.8,0.378297236083018,1
1,2,0.001,49,"prot50_income",0,0.0113518997373747,1
1,2,0.001,49,"prot50_child",0,-0.230906422544269,1
1,2,0.001,49,"invasive_male",-0.9,-0.551726603377072,1
1,2,0.001,49,"invasive_age",0,-0.0296725071611041,1
1,2,0.001,49,"invasive_income",0,0.0533538718605086,1
1,2,0.001,49,"invasive_child",0.3,0.0918539771380898,1
1,2,0.001,50,"ASC2_male",0,-0.0875786792174326,1
1,2,0.001,50,"ASC2_age",0.8,0.422694577173072,1
1,2,0.001,50,"ASC2_income",0,0.0607245401986802,1
1,2,0.001,50,"ASC2_child",0,0.241599052811756,1
1,2,0.001,50,"ASC3_male",-0.5,-0.139608329306981,1
1,2,0.001,50,"ASC3_age",-0.4,-0.350791758842911,1
1,2,0.001,50,"ASC3_income",1.1,0.662034495181108,1
1,2,0.001,50,"ASC3_child",0.5,0.295810379479782,1
1,2,0.001,50,"prot25_male",1.1,0.472178266475221,1
1,2,0.001,50,"prot25_age",0.8,0.465387451921579,1
1,2,0.001,50,"prot25_income",0,-0.123225659508353,1
1,2,0.001,50,"prot25_child",0,0.137477420954827,1
1,2,0.001,50,"prot50_male",-0.6,-0.268109146988047,1
1,2,0.001,50,"prot50_age",0,-0.0349318414230029,1
1,2,0.001,50,"prot50_income",-0.3,-0.136068885990566,1
1,2,0.001,50,"prot50_child",0,0.24455147798174,1
1,2,0.001,50,"invasive_male",0,0.0762683250671878,1
1,2,0.001,50,"invasive_age",0,-0.0225673233150024,1
1,2,0.001,50,"invasive_income",0.6,0.150380092872998,1
1,2,0.001,50,"invasive_child",0,0.0189088892475823,1
1,2,0.001,51,"ASC2_male",-0.3,-0.447194155187985,1
1,2,0.001,51,"ASC2_age",-0.5,-0.305136979893774,1
1,2,0.001,51,"ASC2_income",0,0.00205339550402758,1
1,2,0.001,51,"ASC2_child",-0.7,-0.217857551275812,1
1,2,0.001,51,"ASC3_male",0,-0.458195391414052,1
1,2,0.001,51,"ASC3_age",0.5,0.225594764564997,1
1,2,0.001,51,"ASC3_income",0,-0.0583961742784951,1
1,2,0.001,51,"ASC3_child",0,0.286866717221018,1
1,2,0.001,51,"prot25_male",-1.1,-0.22050458675679,1
1,2,0.001,51,"prot25_age",0.3,0.231542345235961,1
1,2,0.001,51,"prot25_income",0.2,0.183366797429965,1
1,2,0.001,51,"prot25_child",0,0.166731355168224,1
1,2,0.001,51,"prot50_male",0,0.257618202389925,1
1,2,0.001,51,"prot50_age",0,0.0228779372049242,1
1,2,0.001,51,"prot50_income",0,0.0699233682449112,1
1,2,0.001,51,"prot50_child",1.2,0.518174992555924,1
1,2,0.001,51,"invasive_male",-0.1,0.0322425614146813,1
1,2,0.001,51,"invasive_age",0,-0.0529967034915714,1
1,2,0.001,51,"invasive_income",0,0.031789065746737,1
1,2,0.001,51,"invasive_child",0.3,0.27184168555198,1
1,2,0.001,52,"ASC2_male",-0.5,0.0200307850251803,1
1,2,0.001,52,"ASC2_age",-0.5,-0.187908696575534,1
1,2,0.001,52,"ASC2_income",1.1,0.639495326968508,1
1,2,0.001,52,"ASC2_child",-0.5,-0.0949423969665738,1
1,2,0.001,52,"ASC3_male",0.3,0.198258441187883,1
1,2,0.001,52,"ASC3_age",0,-0.00551250381011653,1
1,2,0.001,52,"ASC3_income",0,0.149581965465114,1
1,2,0.001,52,"ASC3_child",0,0.2059615497663,1
1,2,0.001,52,"prot25_male",-0.3,0.0877348041364124,1
1,2,0.001,52,"prot25_age",1,0.565410735748302,1
1,2,0.001,52,"prot25_income",0,-0.094798071551373,1
1,2,0.001,52,"prot25_child",-1.2,-0.813873735555989,1
1,2,0.001,52,"prot50_male",0,-0.0767703863532619,1
1,2,0.001,52,"prot50_age",0,0.0955939371335777,1
1,2,0.001,52,"prot50_income",0,-0.0963136852904039,1
1,2,0.001,52,"prot50_child",0.3,0.179860146509799,1
1,2,0.001,52,"invasive_male",0.1,0.153601917359214,1
1,2,0.001,52,"invasive_age",0,0.0342048114644877,1
1,2,0.001,52,"invasive_income",0,-0.10559084411434,1
1,2,0.001,52,"invasive_child",0,0.0725853780668241,1
1,2,0.001,53,"ASC2_male",-0.4,-0.25485409746146,1
1,2,0.001,53,"ASC2_age",0,0.162253984765049,1
1,2,0.001,53,"ASC2_income",-0.7,-0.445688455179468,1
1,2,0.001,53,"ASC2_child",0,-0.515053586499939,1
1,2,0.001,53,"ASC3_male",0.3,0.196368274831867,1
1,2,0.001,53,"ASC3_age",0.6,0.381634857541149,1
1,2,0.001,53,"ASC3_income",0,0.0666096339194766,1
1,2,0.001,53,"ASC3_child",0,-0.376343214360713,1
1,2,0.001,53,"prot25_male",0,-0.0100691765263508,1
1,2,0.001,53,"prot25_age",0.4,0.0569922233454789,1
1,2,0.001,53,"prot25_income",0,-0.0416595205437064,1
1,2,0.001,53,"prot25_child",0,0.241793215218627,1
1,2,0.001,53,"prot50_male",-0.6,-0.58342071357899,1
1,2,0.001,53,"prot50_age",0.9,0.35008286666553,1
1,2,0.001,53,"prot50_income",0,-0.0422374572538064,1
1,2,0.001,53,"prot50_child",-1.1,-0.205074146796043,1
1,2,0.001,53,"invasive_male",-0.5,-0.485291843939284,1
1,2,0.001,53,"invasive_age",0,-0.0754339331901669,1
1,2,0.001,53,"invasive_income",0,-0.0119490840032391,1
1,2,0.001,53,"invasive_child",-0.6,-0.797935273677777,1
1,2,0.001,54,"ASC2_male",0,-0.199747565124665,1
1,2,0.001,54,"ASC2_age",-0.5,-0.384995972135751,1
1,2,0.001,54,"ASC2_income",-0.7,-0.367866282320399,1
1,2,0.001,54,"ASC2_child",0,-0.00560507351151121,1
1,2,0.001,54,"ASC3_male",1.1,0.436600490222477,1
1,2,0.001,54,"ASC3_age",0,-0.120812831800984,1
1,2,0.001,54,"ASC3_income",0,-0.00322609249922879,1
1,2,0.001,54,"ASC3_child",-0.5,-0.199778358306335,1
1,2,0.001,54,"prot25_male",0,0.186113566353568,1
1,2,0.001,54,"prot25_age",0.3,0.162353901722709,1
1,2,0.001,54,"prot25_income",0,-0.128342530222619,1
1,2,0.001,54,"prot25_child",0,0.0714218482224628,1
1,2,0.001,54,"prot50_male",0,0.0614805678706476,1
1,2,0.001,54,"prot50_age",0.2,-0.0189923891133553,1
1,2,0.001,54,"prot50_income",0.5,0.227799113053577,1
1,2,0.001,54,"prot50_child",-0.7,-0.357680909180331,1
1,2,0.001,54,"invasive_male",0,0.124737466327423,1
1,2,0.001,54,"invasive_age",0.1,-0.0780451477710907,1
1,2,0.001,54,"invasive_income",-1.2,-0.501649236333012,1
1,2,0.001,54,"invasive_child",0,-0.0250373849988029,1
1,2,0.001,55,"ASC2_male",0,-0.18124478127514,1
1,2,0.001,55,"ASC2_age",0,0.025506019302454,1
1,2,0.001,55,"ASC2_income",0,0.0903548820459496,1
1,2,0.001,55,"ASC2_child",0,0.0182312825828572,1
1,2,0.001,55,"ASC3_male",0.5,0.158242302791179,1
1,2,0.001,55,"ASC3_age",0,0.046682918779545,1
1,2,0.001,55,"ASC3_income",0,0.183010901295464,1
1,2,0.001,55,"ASC3_child",0,-0.202210556107649,1
1,2,0.001,55,"prot25_male",0.2,0.254336728591484,1
1,2,0.001,55,"prot25_age",0.7,0.29298235757949,1
1,2,0.001,55,"prot25_income",-0.7,-0.469509522545349,1
1,2,0.001,55,"prot25_child",0,-0.188718457053388,1
1,2,0.001,55,"prot50_male",-0.5,-0.420204553224324,1
1,2,0.001,55,"prot50_age",0.5,0.346864053966188,1
1,2,0.001,55,"prot50_income",-1,-0.689472681889179,1
1,2,0.001,55,"prot50_child",0,0.0706379306109869,1
1,2,0.001,55,"invasive_male",0.8,0.288819029507791,1
1,2,0.001,55,"invasive_age",0,0.056775887989105,1
1,2,0.001,55,"invasive_income",-0.9,-0.413963610268071,1
1,2,0.001,55,"invasive_child",-1.2,-0.425951978579292,1
1,2,0.001,56,"ASC2_male",0,0.0573627135501067,1
1,2,0.001,56,"ASC2_age",-0.7,-0.450421916408272,1
1,2,0.001,56,"ASC2_income",0,0.00996255138030919,1
1,2,0.001,56,"ASC2_child",0,0.341651989826923,1
1,2,0.001,56,"ASC3_male",0,0.132520291537638,1
1,2,0.001,56,"ASC3_age",-0.4,-0.21288403266734,1
1,2,0.001,56,"ASC3_income",0,0.0159779769959878,1
1,2,0.001,56,"ASC3_child",0,0.366300381805554,1
1,2,0.001,56,"prot25_male",0,-0.289885654590799,1
1,2,0.001,56,"prot25_age",0,0.0882427377947191,1
1,2,0.001,56,"prot25_income",-0.2,-0.0356629176050165,1
1,2,0.001,56,"prot25_child",-1,-0.73825748388633,1
1,2,0.001,56,"prot50_male",0.7,0.184082106410511,1
1,2,0.001,56,"prot50_age",0.5,0.310884992125652,1
1,2,0.001,56,"prot50_income",-0.6,-0.226389634256178,1
1,2,0.001,56,"prot50_child",0.7,0.0485890112136347,1
1,2,0.001,56,"invasive_male",0,0.0799031650021137,1
1,2,0.001,56,"invasive_age",-1.1,-0.588668148944279,1
1,2,0.001,56,"invasive_income",0.3,0.269024376337463,1
1,2,0.001,56,"invasive_child",0,-0.179724584647827,1
1,2,0.001,57,"ASC2_male",1.2,0.31880064349248,1
1,2,0.001,57,"ASC2_age",1,0.57183930561743,1
1,2,0.001,57,"ASC2_income",0,-0.000317979858048221,0
1,2,0.001,57,"ASC2_child",0,0.0451666521927304,1
1,2,0.001,57,"ASC3_male",-0.2,-0.264627250236569,1
1,2,0.001,57,"ASC3_age",0,0.0848731248527332,1
1,2,0.001,57,"ASC3_income",0,0.0486219823440832,1
1,2,0.001,57,"ASC3_child",0,0.106652436417499,1
1,2,0.001,57,"prot25_male",-1,-0.503106219148987,1
1,2,0.001,57,"prot25_age",0,-0.0358125403928027,1
1,2,0.001,57,"prot25_income",-0.1,-0.0805918119428273,1
1,2,0.001,57,"prot25_child",0,0.041464112003271,1
1,2,0.001,57,"prot50_male",-0.4,-0.29367961544342,1
1,2,0.001,57,"prot50_age",-0.6,-0.430253693587777,1
1,2,0.001,57,"prot50_income",0.5,0.127600722739564,1
1,2,0.001,57,"prot50_child",0.6,0.0691311897131239,1
1,2,0.001,57,"invasive_male",0.7,0.0861742741339067,1
1,2,0.001,57,"invasive_age",0,0.103836713180705,1
1,2,0.001,57,"invasive_income",0,0.0329852780997567,1
1,2,0.001,57,"invasive_child",0,-0.0220011714886708,1
1,2,0.001,58,"ASC2_male",0.3,0.317464180929178,1
1,2,0.001,58,"ASC2_age",0.2,0.154836656522129,1
1,2,0.001,58,"ASC2_income",0,0.0529006825753219,1
1,2,0.001,58,"ASC2_child",0,0.221953869295337,1
1,2,0.001,58,"ASC3_male",0,0.261184964778769,1
1,2,0.001,58,"ASC3_age",0,0.05368775685637,1
1,2,0.001,58,"ASC3_income",0,-0.0178859023314496,1
1,2,0.001,58,"ASC3_child",0.1,0.144939370626403,1
1,2,0.001,58,"prot25_male",0,-0.061386179031217,1
1,2,0.001,58,"prot25_age",0,-0.0378812231111708,1
1,2,0.001,58,"prot25_income",0,-0.149874133684306,1
1,2,0.001,58,"prot25_child",1,0.448573928526332,1
1,2,0.001,58,"prot50_male",0,-0.0233088158513075,1
1,2,0.001,58,"prot50_age",0.5,0.146839593541697,1
1,2,0.001,58,"prot50_income",0,-0.123585248443127,1
1,2,0.001,58,"prot50_child",0.8,0.0753009120241358,1
1,2,0.001,58,"invasive_male",0.5,0.232113500880165,1
1,2,0.001,58,"invasive_age",1,0.440669232007345,1
1,2,0.001,58,"invasive_income",0.6,0.298137188877915,1
1,2,0.001,58,"invasive_child",0.7,0.380504444471739,1
1,2,0.001,59,"ASC2_male",0,-0.000234321717137416,0
1,2,0.001,59,"ASC2_age",0.5,0.229302128338693,1
1,2,0.001,59,"ASC2_income",0,-0.169133551934702,1
1,2,0.001,59,"ASC2_child",0,0.225919288048724,1
1,2,0.001,59,"ASC3_male",0.6,0.395880632537963,1
1,2,0.001,59,"ASC3_age",-1.1,-0.685684606822262,1
1,2,0.001,59,"ASC3_income",0,-0.0768409056933825,1
1,2,0.001,59,"ASC3_child",0,0.0404307473459718,1
1,2,0.001,59,"prot25_male",-0.7,-0.196081111218712,1
1,2,0.001,59,"prot25_age",0,0.0395470171767059,1
1,2,0.001,59,"prot25_income",-0.2,-0.0531119486105768,1
1,2,0.001,59,"prot25_child",0,0.171703881053393,1
1,2,0.001,59,"prot50_male",0.4,0.291485890167283,1
1,2,0.001,59,"prot50_age",-0.9,-0.33175403971803,1
1,2,0.001,59,"prot50_income",0,-0.0062120221845183,1
1,2,0.001,59,"prot50_child",0,0.00106141389736606,1
1,2,0.001,59,"invasive_male",1,0.512691923816139,1
1,2,0.001,59,"invasive_age",-0.8,-0.399582856182619,1
1,2,0.001,59,"invasive_income",-0.4,-0.193614500284127,1
1,2,0.001,59,"invasive_child",0,0.0909327155591027,1
1,2,0.001,60,"ASC2_male",-1.2,-0.618189588512783,1
1,2,0.001,60,"ASC2_age",0,0.113663201491321,1
1,2,0.001,60,"ASC2_income",0.6,0.354938047270067,1
1,2,0.001,60,"ASC2_child",-0.4,-0.371027453773907,1
1,2,0.001,60,"ASC3_male",0,-0.110758599199688,1
1,2,0.001,60,"ASC3_age",0,0.205362882536361,1
1,2,0.001,60,"ASC3_income",0,0.0395244952931872,1
1,2,0.001,60,"ASC3_child",0,-0.160635389147958,1
1,2,0.001,60,"prot25_male",0,-0.124072252554602,1
1,2,0.001,60,"prot25_age",-0.4,-0.356438510153844,1
1,2,0.001,60,"prot25_income",0,0.0256097466403061,1
1,2,0.001,60,"prot25_child",0,0.299995319637887,1
1,2,0.001,60,"prot50_male",-1.1,-0.52423821505941,1
1,2,0.001,60,"prot50_age",0,-0.179995104651848,1
1,2,0.001,60,"prot50_income",0.4,0.232753036115644,1
1,2,0.001,60,"prot50_child",0,0.128049135226515,1
1,2,0.001,60,"invasive_male",0.3,0.0901489013364983,1
1,2,0.001,60,"invasive_age",-0.5,-0.167414099744927,1
1,2,0.001,60,"invasive_income",-0.7,-0.389292349230982,1
1,2,0.001,60,"invasive_child",1,0.449275822520201,1
1,2,0.001,61,"ASC2_male",0.8,0.557524403126491,1
1,2,0.001,61,"ASC2_age",-0.9,-0.538066827393394,1
1,2,0.001,61,"ASC2_income",-0.3,0.0633121931674698,1
1,2,0.001,61,"ASC2_child",0,-0.407009554133479,1
1,2,0.001,61,"ASC3_male",0,0.228284908290588,1
1,2,0.001,61,"ASC3_age",0,-0.159304879019856,1
1,2,0.001,61,"ASC3_income",0,0.180949761463482,1
1,2,0.001,61,"ASC3_child",0,-0.342137057588254,1
1,2,0.001,61,"prot25_male",0,-0.22122905761755,1
1,2,0.001,61,"prot25_age",-1,-0.298983055054531,1
1,2,0.001,61,"prot25_income",0,-0.0793502345321803,1
1,2,0.001,61,"prot25_child",0,0.217958684647687,1
1,2,0.001,61,"prot50_male",-0.8,-0.51045327131583,1
1,2,0.001,61,"prot50_age",0.2,0.180968208867001,1
1,2,0.001,61,"prot50_income",0,-0.0710203715533715,1
1,2,0.001,61,"prot50_child",0.3,0.498311696127157,1
1,2,0.001,61,"invasive_male",0,0.146454377957283,1
1,2,0.001,61,"invasive_age",1,0.43576949279001,1
1,2,0.001,61,"invasive_income",0.2,0.227282239316686,1
1,2,0.001,61,"invasive_child",0.9,0.587256217228809,1
1,2,0.001,62,"ASC2_male",0,0.0943972356995776,1
1,2,0.001,62,"ASC2_age",0,0.153180725384944,1
1,2,0.001,62,"ASC2_income",0.1,-0.218999829640052,1
1,2,0.001,62,"ASC2_child",0,0.136759729704068,1
1,2,0.001,62,"ASC3_male",0,0.188186696438121,1
1,2,0.001,62,"ASC3_age",0.6,0.423561753543092,1
1,2,0.001,62,"ASC3_income",0.6,0.105062718711966,1
1,2,0.001,62,"ASC3_child",0,0.121597087445339,1
1,2,0.001,62,"prot25_male",-0.5,-0.141881250796964,1
1,2,0.001,62,"prot25_age",0,-0.0719009651448692,1
1,2,0.001,62,"prot25_income",0,0.0828925596249663,1
1,2,0.001,62,"prot25_child",-0.2,-0.252251524266451,1
1,2,0.001,62,"prot50_male",-0.5,-0.270502739881649,1
1,2,0.001,62,"prot50_age",0.3,0.120374040893603,1
1,2,0.001,62,"prot50_income",0,0.151553125066043,1
1,2,0.001,62,"prot50_child",1,0.431535502769689,1
1,2,0.001,62,"invasive_male",0.5,0.321371607311267,1
1,2,0.001,62,"invasive_age",0,0.0329731234274902,1
1,2,0.001,62,"invasive_income",0,-0.0468853350176514,1
1,2,0.001,62,"invasive_child",-0.9,-0.615472785649353,1
1,2,0.001,63,"ASC2_male",0,0.0212133868169863,1
1,2,0.001,63,"ASC2_age",0.6,0.264680183554091,1
1,2,0.001,63,"ASC2_income",-0.7,-0.159439609466008,1
1,2,0.001,63,"ASC2_child",0,-0.249550794625823,1
1,2,0.001,63,"ASC3_male",-0.5,-0.330475169724324,1
1,2,0.001,63,"ASC3_age",0,0.0208122934623216,1
1,2,0.001,63,"ASC3_income",0,0.0687820882958276,1
1,2,0.001,63,"ASC3_child",-0.1,-0.268838027937387,1
1,2,0.001,63,"prot25_male",0,0.238032362202826,1
1,2,0.001,63,"prot25_age",0,-0.120175528216848,1
1,2,0.001,63,"prot25_income",-0.4,-0.181931022326911,1
1,2,0.001,63,"prot25_child",-0.6,0.0254655899450595,1
1,2,0.001,63,"prot50_male",0,0.136751449932309,1
1,2,0.001,63,"prot50_age",0,-0.041336623065417,1
1,2,0.001,63,"prot50_income",-0.9,-0.520193212830596,1
1,2,0.001,63,"prot50_child",-0.7,-0.118950334729595,1
1,2,0.001,63,"invasive_male",0.8,0.510011185863737,1
1,2,0.001,63,"invasive_age",0,-0.163745375761885,1
1,2,0.001,63,"invasive_income",-0.8,-0.429459418509972,1
1,2,0.001,63,"invasive_child",0,-0.213432255989899,1
1,2,0.001,64,"ASC2_male",0.2,-0.502199144990537,1
1,2,0.001,64,"ASC2_age",0,0.0627914496342869,1
1,2,0.001,64,"ASC2_income",-0.3,0.157528993258436,1
1,2,0.001,64,"ASC2_child",0,-0.626961238493338,1
1,2,0.001,64,"ASC3_male",0,-0.53813294784202,1
1,2,0.001,64,"ASC3_age",-1.2,-0.526855765718496,1
1,2,0.001,64,"ASC3_income",0.1,0.299504449129129,1
1,2,0.001,64,"ASC3_child",0,-0.484505632683571,1
1,2,0.001,64,"prot25_male",-0.8,-0.0483571390143849,1
1,2,0.001,64,"prot25_age",0.1,-0.01286416151537,1
1,2,0.001,64,"prot25_income",0.3,0.157801072405778,1
1,2,0.001,64,"prot25_child",-0.5,0.208896985109814,1
1,2,0.001,64,"prot50_male",0.2,0.568121733091155,1
1,2,0.001,64,"prot50_age",1.1,0.462236048898911,1
1,2,0.001,64,"prot50_income",0,-0.0455136929000483,1
1,2,0.001,64,"prot50_child",0,0.39666511619188,1
1,2,0.001,64,"invasive_male",0,-0.329613453757047,1
1,2,0.001,64,"invasive_age",0,0.00637933252456779,1
1,2,0.001,64,"invasive_income",0,0.151978688405969,1
1,2,0.001,64,"invasive_child",0,-0.118809423656618,1
1,2,0.001,65,"ASC2_male",0,0.380003790007486,1
1,2,0.001,65,"ASC2_age",0.8,-0.0619790100666796,1
1,2,0.001,65,"ASC2_income",0.2,0.300082652608751,1
1,2,0.001,65,"ASC2_child",0,0.221043907063519,1
1,2,0.001,65,"ASC3_male",0,0.215750055813747,1
1,2,0.001,65,"ASC3_age",0,-0.350759531203557,1
1,2,0.001,65,"ASC3_income",0.7,0.476597556523749,1
1,2,0.001,65,"ASC3_child",0.5,0.433955697002311,1
1,2,0.001,65,"prot25_male",0,-0.137949569433733,1
1,2,0.001,65,"prot25_age",0,0.405066524828752,1
1,2,0.001,65,"prot25_income",0,-0.124331061193902,1
1,2,0.001,65,"prot25_child",1,0.407997823432488,1
1,2,0.001,65,"prot50_male",0.6,0.0652948056136402,1
1,2,0.001,65,"prot50_age",0,0.316192741565084,1
1,2,0.001,65,"prot50_income",-0.2,-0.098270767811574,1
1,2,0.001,65,"prot50_child",0.5,0.366128366699156,1
1,2,0.001,65,"invasive_male",0.3,0.207875554010439,1
1,2,0.001,65,"invasive_age",0,-0.266094984018091,1
1,2,0.001,65,"invasive_income",0.9,0.599549387460272,1
1,2,0.001,65,"invasive_child",0,0.148859989140647,1
1,2,0.001,66,"ASC2_male",0,0.133329635511094,1
1,2,0.001,66,"ASC2_age",-0.2,-0.0529155210028639,1
1,2,0.001,66,"ASC2_income",0.4,0.197331874097742,1
1,2,0.001,66,"ASC2_child",0,0.425469936654596,1
1,2,0.001,66,"ASC3_male",-0.9,-0.534320826380354,1
1,2,0.001,66,"ASC3_age",1,0.701556716248562,1
1,2,0.001,66,"ASC3_income",0,0.0249768040109049,1
1,2,0.001,66,"ASC3_child",0,0.602199288429706,1
1,2,0.001,66,"prot25_male",-0.5,-0.380644714041922,1
1,2,0.001,66,"prot25_age",0,-0.128843924086058,1
1,2,0.001,66,"prot25_income",0,0.0438138181093871,1
1,2,0.001,66,"prot25_child",-1.1,-1.05035903351548,1
1,2,0.001,66,"prot50_male",1,0.454738549606947,1
1,2,0.001,66,"prot50_age",0,-0.162837546596619,1
1,2,0.001,66,"prot50_income",0.2,0.0176846664437028,1
1,2,0.001,66,"prot50_child",0.7,-0.0699773782360552,1
1,2,0.001,66,"invasive_male",0,-0.16925339610786,1
1,2,0.001,66,"invasive_age",0,0.120393166492982,1
1,2,0.001,66,"invasive_income",0,-0.0664097943375988,1
1,2,0.001,66,"invasive_child",-1,-0.472076816409943,1
1,2,0.001,67,"ASC2_male",-0.6,-0.167136435116593,1
1,2,0.001,67,"ASC2_age",-0.5,-0.244124413853004,1
1,2,0.001,67,"ASC2_income",0,0.0107867512630196,1
1,2,0.001,67,"ASC2_child",0.9,0.166078588827461,1
1,2,0.001,67,"ASC3_male",0.8,0.638964729177752,1
1,2,0.001,67,"ASC3_age",-0.9,-0.512981795492009,1
1,2,0.001,67,"ASC3_income",1.1,0.465280789685764,1
1,2,0.001,67,"ASC3_child",0.1,-0.281905118684467,1
1,2,0.001,67,"prot25_male",0,-0.178497792939564,1
1,2,0.001,67,"prot25_age",-0.2,0.0450801608436705,1
1,2,0.001,67,"prot25_income",0,0.0962423772986467,1
1,2,0.001,67,"prot25_child",0,0.181500424336971,1
1,2,0.001,67,"prot50_male",1,0.42153244813248,1
1,2,0.001,67,"prot50_age",0,0.0573461149762443,1
1,2,0.001,67,"prot50_income",0,0.182374884670061,1
1,2,0.001,67,"prot50_child",0.1,0.118428222168483,1
1,2,0.001,67,"invasive_male",0,0.131495526547219,1
1,2,0.001,67,"invasive_age",0,0.149207705392215,1
1,2,0.001,67,"invasive_income",0,0.0405000662286011,1
1,2,0.001,67,"invasive_child",0,-0.351541232458515,1
1,2,0.001,68,"ASC2_male",0,0.117320186631335,1
1,2,0.001,68,"ASC2_age",0.1,0.087592346019742,1
1,2,0.001,68,"ASC2_income",0,0.00914179923456955,1
1,2,0.001,68,"ASC2_child",-0.8,-0.406649575942084,1
1,2,0.001,68,"ASC3_male",1.1,0.801932368499075,1
1,2,0.001,68,"ASC3_age",-0.5,-0.254576147792968,1
1,2,0.001,68,"ASC3_income",0,-0.111590946465793,1
1,2,0.001,68,"ASC3_child",-0.9,-0.35906264967339,1
1,2,0.001,68,"prot25_male",0.2,-0.252367388974111,1
1,2,0.001,68,"prot25_age",0,-0.00904883186743751,1
1,2,0.001,68,"prot25_income",0,0.101445748124383,1
1,2,0.001,68,"prot25_child",-1.1,-0.669907910655921,1
1,2,0.001,68,"prot50_male",0,-0.0723577050308666,1
1,2,0.001,68,"prot50_age",0,-0.0611817433015897,1
1,2,0.001,68,"prot50_income",0,0.118798594689517,1
1,2,0.001,68,"prot50_child",-0.8,-0.657318475912148,1
1,2,0.001,68,"invasive_male",0,0.291842543084054,1
1,2,0.001,68,"invasive_age",-0.7,-0.411787507861189,1
1,2,0.001,68,"invasive_income",0,-0.084827951571044,1
1,2,0.001,68,"invasive_child",1.1,0.43452386350482,1
1,2,0.001,69,"ASC2_male",1.1,0.133098142861148,1
1,2,0.001,69,"ASC2_age",0,-0.127107345724536,1
1,2,0.001,69,"ASC2_income",0.4,0.274502913576347,1
1,2,0.001,69,"ASC2_child",1.2,1.06155173506243,1
1,2,0.001,69,"ASC3_male",-1,-1.04810434384569,1
1,2,0.001,69,"ASC3_age",0,-0.146686268307965,1
1,2,0.001,69,"ASC3_income",-1.2,-0.657849952097648,1
1,2,0.001,69,"ASC3_child",0,0.374163688298046,1
1,2,0.001,69,"prot25_male",0,0.155396658000354,1
1,2,0.001,69,"prot25_age",0,-0.0764744178444612,1
1,2,0.001,69,"prot25_income",-0.4,-0.105765246602915,1
1,2,0.001,69,"prot25_child",-0.4,-0.426035344671259,1
1,2,0.001,69,"prot50_male",0,0.298010548964048,1
1,2,0.001,69,"prot50_age",0,-0.11036087767252,1
1,2,0.001,69,"prot50_income",0,0.162547868047422,1
1,2,0.001,69,"prot50_child",0,-0.120178729219804,1
1,2,0.001,69,"invasive_male",0,-0.043941755776024,1
1,2,0.001,69,"invasive_age",-0.5,-0.377257161680551,1
1,2,0.001,69,"invasive_income",-0.2,-0.0332133734534361,1
1,2,0.001,69,"invasive_child",-0.2,-0.0314489889925724,1
1,2,0.001,70,"ASC2_male",-0.8,-0.399343495597488,1
1,2,0.001,70,"ASC2_age",0,-0.0911277583548508,1
1,2,0.001,70,"ASC2_income",0.3,0.203592510176254,1
1,2,0.001,70,"ASC2_child",0,0.0401432431110343,1
1,2,0.001,70,"ASC3_male",0.9,0.544458203485407,1
1,2,0.001,70,"ASC3_age",0,-0.14950800351444,1
1,2,0.001,70,"ASC3_income",0,0.0232215518004615,1
1,2,0.001,70,"ASC3_child",0,0.0517243596207367,1
1,2,0.001,70,"prot25_male",0,0.00603024699904143,1
1,2,0.001,70,"prot25_age",0,0.0426500560292045,1
1,2,0.001,70,"prot25_income",0.9,0.365752166708249,1
1,2,0.001,70,"prot25_child",0,-0.00234135663486653,1
1,2,0.001,70,"prot50_male",-0.1,0.00482964132265999,1
1,2,0.001,70,"prot50_age",-0.9,-0.384246896082675,1
1,2,0.001,70,"prot50_income",0.9,0.416593829018714,1
1,2,0.001,70,"prot50_child",1,0.475667308088529,1
1,2,0.001,70,"invasive_male",0,-0.0939302315408162,1
1,2,0.001,70,"invasive_age",0.8,0.288439523741825,1
1,2,0.001,70,"invasive_income",0,0.17673183936577,1
1,2,0.001,70,"invasive_child",-0.6,-0.318106362743763,1
1,2,0.001,71,"ASC2_male",0.5,0.244666731662955,1
1,2,0.001,71,"ASC2_age",1,0.432199911008602,1
1,2,0.001,71,"ASC2_income",0.8,0.632336192472295,1
1,2,0.001,71,"ASC2_child",0.7,0.24791223552156,1
1,2,0.001,71,"ASC3_male",0,0.177541140289705,1
1,2,0.001,71,"ASC3_age",0,-0.0734741349337468,1
1,2,0.001,71,"ASC3_income",0,0.115455816920367,1
1,2,0.001,71,"ASC3_child",1.1,0.336584939501675,1
1,2,0.001,71,"prot25_male",0,0.0147330348593672,1
1,2,0.001,71,"prot25_age",0,0.0558209572680734,1
1,2,0.001,71,"prot25_income",0,-0.157801139077032,1
1,2,0.001,71,"prot25_child",0,0.180434050461712,1
1,2,0.001,71,"prot50_male",0,0.168410361475702,1
1,2,0.001,71,"prot50_age",-0.6,-0.29302962995724,1
1,2,0.001,71,"prot50_income",-0.9,-0.697549351591947,1
1,2,0.001,71,"prot50_child",-0.7,-0.232560760301251,1
1,2,0.001,71,"invasive_male",0.8,0.488408529915571,1
1,2,0.001,71,"invasive_age",0,-0.0221302739803433,1
1,2,0.001,71,"invasive_income",1,0.59013073363848,1
1,2,0.001,71,"invasive_child",0,0.152050383737802,1
1,2,0.001,72,"ASC2_male",-0.8,-0.331820807819418,1
1,2,0.001,72,"ASC2_age",0,0.111318966446892,1
1,2,0.001,72,"ASC2_income",0.3,0.288378859627571,1
1,2,0.001,72,"ASC2_child",0.2,0.184231802213831,1
1,2,0.001,72,"ASC3_male",0,0.0159172086509293,1
1,2,0.001,72,"ASC3_age",0,0.0744978781176616,1
1,2,0.001,72,"ASC3_income",0,0.0455457945458541,1
1,2,0.001,72,"ASC3_child",-0.9,-0.197186070610758,1
1,2,0.001,72,"prot25_male",0,0.0433268098239981,1
1,2,0.001,72,"prot25_age",0,0.00194774990607365,1
1,2,0.001,72,"prot25_income",0,-0.0767352684168998,1
1,2,0.001,72,"prot25_child",-0.6,-0.328434635289834,1
1,2,0.001,72,"prot50_male",1,0.586703341422308,1
1,2,0.001,72,"prot50_age",-0.6,-0.333434703556972,1
1,2,0.001,72,"prot50_income",0,0.00253870603210915,1
1,2,0.001,72,"prot50_child",0.4,0.27959055539625,1
1,2,0.001,72,"invasive_male",-0.5,-0.0129112515248406,1
1,2,0.001,72,"invasive_age",0,-0.065634644280675,1
1,2,0.001,72,"invasive_income",0,0.0108674966162627,1
1,2,0.001,72,"invasive_child",-0.1,0.164709741097098,1
1,2,0.001,73,"ASC2_male",0,0.0606474050390286,1
1,2,0.001,73,"ASC2_age",0,-0.0182855601045525,1
1,2,0.001,73,"ASC2_income",0.5,0.457445103154564,1
1,2,0.001,73,"ASC2_child",-1,-0.740692662277433,1
1,2,0.001,73,"ASC3_male",0.8,0.587490701164697,1
1,2,0.001,73,"ASC3_age",0,-0.0443460053521304,1
1,2,0.001,73,"ASC3_income",-0.5,-0.166011351562483,1
1,2,0.001,73,"ASC3_child",-1.2,-0.754214523762347,1
1,2,0.001,73,"prot25_male",0,-0.19742315298962,1
1,2,0.001,73,"prot25_age",0,0.0838376537253041,1
1,2,0.001,73,"prot25_income",0.4,0.16139076745697,1
1,2,0.001,73,"prot25_child",0,0.317737465392187,1
1,2,0.001,73,"prot50_male",-0.7,-0.327088424251472,1
1,2,0.001,73,"prot50_age",0.7,0.399155225296832,1
1,2,0.001,73,"prot50_income",1,0.457962413205652,1
1,2,0.001,73,"prot50_child",0,-0.118278851328985,1
1,2,0.001,73,"invasive_male",0,-0.074188945967982,1
1,2,0.001,73,"invasive_age",0,0.00703883873905451,1
1,2,0.001,73,"invasive_income",0,0.0248175674778044,1
1,2,0.001,73,"invasive_child",0.8,0.276976716456785,1
1,2,0.001,74,"ASC2_male",0,0.191385965822022,1
1,2,0.001,74,"ASC2_age",0,-0.0258155074557514,1
1,2,0.001,74,"ASC2_income",0,-0.0420299890070625,1
1,2,0.001,74,"ASC2_child",-1,-0.394797525862253,1
1,2,0.001,74,"ASC3_male",0.9,0.573220985837025,1
1,2,0.001,74,"ASC3_age",1.1,0.620195199447155,1
1,2,0.001,74,"ASC3_income",0,-0.125915287286518,1
1,2,0.001,74,"ASC3_child",0,0.283658582730907,1
1,2,0.001,74,"prot25_male",-0.6,-0.538071585016366,1
1,2,0.001,74,"prot25_age",0.5,0.203328048488144,1
1,2,0.001,74,"prot25_income",-0.3,-0.183434399172867,1
1,2,0.001,74,"prot25_child",0,-0.0738100509185969,1
1,2,0.001,74,"prot50_male",-0.2,-0.119889158929693,1
1,2,0.001,74,"prot50_age",0,0.00820271883686467,1
1,2,0.001,74,"prot50_income",0,0.000445475963985899,0
1,2,0.001,74,"prot50_child",0,0.0335174819008542,1
1,2,0.001,74,"invasive_male",0,-0.127772944448953,1
1,2,0.001,74,"invasive_age",-1.1,-0.593784224436513,1
1,2,0.001,74,"invasive_income",0.4,0.0490662601953595,1
1,2,0.001,74,"invasive_child",0.7,0.407520621815762,1
1,2,0.001,75,"ASC2_male",0,-0.497280368375927,1
1,2,0.001,75,"ASC2_age",0.5,0.552645894236161,1
1,2,0.001,75,"ASC2_income",0,-0.0830875852059157,1
1,2,0.001,75,"ASC2_child",0,0.0321869030945508,1
1,2,0.001,75,"ASC3_male",1,0.22519165374287,1
1,2,0.001,75,"ASC3_age",0,0.259667293512743,1
1,2,0.001,75,"ASC3_income",0,-0.159417691098694,1
1,2,0.001,75,"ASC3_child",-0.8,-0.271665283785066,1
1,2,0.001,75,"prot25_male",0.9,0.475961006360209,1
1,2,0.001,75,"prot25_age",1,0.335346599461955,1
1,2,0.001,75,"prot25_income",0,0.122763296292446,1
1,2,0.001,75,"prot25_child",-1,-0.529026857822095,1
1,2,0.001,75,"prot50_male",0,-0.193104454767822,1
1,2,0.001,75,"prot50_age",0,-0.000824883828212442,0
1,2,0.001,75,"prot50_income",-0.9,-0.208519152485971,1
1,2,0.001,75,"prot50_child",-0.4,0.182312246689755,1
1,2,0.001,75,"invasive_male",0.7,0.178377856499146,1
1,2,0.001,75,"invasive_age",0,-0.0295152347110808,1
1,2,0.001,75,"invasive_income",-0.5,-0.253825978833145,1
1,2,0.001,75,"invasive_child",0,0.369503346180205,1
1,2,0.001,76,"ASC2_male",-0.7,-0.462292158271474,1
1,2,0.001,76,"ASC2_age",0,-0.139377281152528,1
1,2,0.001,76,"ASC2_income",0,0.0619378965301584,1
1,2,0.001,76,"ASC2_child",-1,-0.272232591559498,1
1,2,0.001,76,"ASC3_male",-0.4,-0.510600065986601,1
1,2,0.001,76,"ASC3_age",0,-0.139976083829685,1
1,2,0.001,76,"ASC3_income",-0.5,-0.179589327997879,1
1,2,0.001,76,"ASC3_child",-0.6,-0.167048026168838,1
1,2,0.001,76,"prot25_male",0,0.0711980114790195,1
1,2,0.001,76,"prot25_age",0,0.0955122319743727,1
1,2,0.001,76,"prot25_income",0,-0.058921141481057,1
1,2,0.001,76,"prot25_child",-0.5,-0.410767545649741,1
1,2,0.001,76,"prot50_male",-0.1,0.088580509622118,1
1,2,0.001,76,"prot50_age",0,0.124302453430285,1
1,2,0.001,76,"prot50_income",0,0.0228367809225209,1
1,2,0.001,76,"prot50_child",0,-0.117447831359055,1
1,2,0.001,76,"invasive_male",-0.4,-0.205669841119348,1
1,2,0.001,76,"invasive_age",0,0.0127623997154376,1
1,2,0.001,76,"invasive_income",-0.2,-0.142007873731257,1
1,2,0.001,76,"invasive_child",0.1,0.239466246915741,1
1,2,0.001,77,"ASC2_male",0.4,0.490014871758538,1
1,2,0.001,77,"ASC2_age",-0.4,-0.0586934974508552,1
1,2,0.001,77,"ASC2_income",0,0.00339364162631439,1
1,2,0.001,77,"ASC2_child",-1.1,-0.628723035777552,1
1,2,0.001,77,"ASC3_male",0,0.211079806230001,1
1,2,0.001,77,"ASC3_age",0,0.0560885855656549,1
1,2,0.001,77,"ASC3_income",0,0.152764558964997,1
1,2,0.001,77,"ASC3_child",0,0.0134466541075993,1
1,2,0.001,77,"prot25_male",0.8,0.183925991353956,1
1,2,0.001,77,"prot25_age",0.6,0.201728940902203,1
1,2,0.001,77,"prot25_income",0,-0.160147831892293,1
1,2,0.001,77,"prot25_child",0,0.0235734200948446,1
1,2,0.001,77,"prot50_male",0,-0.0882949168587178,1
1,2,0.001,77,"prot50_age",-0.5,-0.316512506017234,1
1,2,0.001,77,"prot50_income",-1.1,-0.659386659762748,1
1,2,0.001,77,"prot50_child",0,0.0639315904689728,1
1,2,0.001,77,"invasive_male",0,-0.0136542258946495,1
1,2,0.001,77,"invasive_age",1,0.599635249289193,1
1,2,0.001,77,"invasive_income",0.6,0.277883066305152,1
1,2,0.001,77,"invasive_child",-0.2,-0.30083662370422,1
1,2,0.001,78,"ASC2_male",0,0.338583665224167,1
1,2,0.001,78,"ASC2_age",0,0.0507977743762252,1
1,2,0.001,78,"ASC2_income",0,-0.0779744986968738,1
1,2,0.001,78,"ASC2_child",0,-0.228784174178551,1
1,2,0.001,78,"ASC3_male",0,0.437138737050997,1
1,2,0.001,78,"ASC3_age",0,-0.0480215997853241,1
1,2,0.001,78,"ASC3_income",-0.4,-0.238819179036523,1
1,2,0.001,78,"ASC3_child",0,0.096303948638011,1
1,2,0.001,78,"prot25_male",-1.1,-0.512537565857728,1
1,2,0.001,78,"prot25_age",0,-0.130786657164239,1
1,2,0.001,78,"prot25_income",-0.2,-0.238077935731795,1
1,2,0.001,78,"prot25_child",0,0.026790276542955,1
1,2,0.001,78,"prot50_male",0.6,0.516946287075487,1
1,2,0.001,78,"prot50_age",-0.4,-0.323367618588597,1
1,2,0.001,78,"prot50_income",-0.9,-0.438359348478303,1
1,2,0.001,78,"prot50_child",0.6,0.556185506558428,1
1,2,0.001,78,"invasive_male",-0.6,0.0133708927270142,1
1,2,0.001,78,"invasive_age",0.9,0.413487934489155,1
1,2,0.001,78,"invasive_income",1.2,0.511839382649574,1
1,2,0.001,78,"invasive_child",0,-0.123381046891053,1
1,2,0.001,79,"ASC2_male",0,0.125730657048376,1
1,2,0.001,79,"ASC2_age",0,-0.00834164166399752,1
1,2,0.001,79,"ASC2_income",0,-0.143192576685404,1
1,2,0.001,79,"ASC2_child",0,0.169063871705711,1
1,2,0.001,79,"ASC3_male",0,0.18413777407736,1
1,2,0.001,79,"ASC3_age",0,-0.184674588872565,1
1,2,0.001,79,"ASC3_income",0.2,0.0391783922827122,1
1,2,0.001,79,"ASC3_child",-0.3,-0.233643143904349,1
1,2,0.001,79,"prot25_male",0.2,-0.245973454191268,1
1,2,0.001,79,"prot25_age",0,0.091912119297661,1
1,2,0.001,79,"prot25_income",0.9,0.561679575097301,1
1,2,0.001,79,"prot25_child",0.3,0.0834822146414308,1
1,2,0.001,79,"prot50_male",1,0.329318679731246,1
1,2,0.001,79,"prot50_age",0,0.00825808423602009,1
1,2,0.001,79,"prot50_income",-0.7,-0.200234881612829,1
1,2,0.001,79,"prot50_child",0,-0.295329671337149,1
1,2,0.001,79,"invasive_male",-0.6,-0.353161389225179,1
1,2,0.001,79,"invasive_age",-1.1,-0.632914970053752,1
1,2,0.001,79,"invasive_income",0,0.0411115212830066,1
1,2,0.001,79,"invasive_child",-0.1,-0.23185483818653,1
1,2,0.001,80,"ASC2_male",0.8,0.432947004490866,1
1,2,0.001,80,"ASC2_age",0,-0.184894695330333,1
1,2,0.001,80,"ASC2_income",0.4,0.343056179557144,1
1,2,0.001,80,"ASC2_child",-1,-0.525262554037474,1
1,2,0.001,80,"ASC3_male",0,-0.0433031198074106,1
1,2,0.001,80,"ASC3_age",1,0.410450735248473,1
1,2,0.001,80,"ASC3_income",0,0.0991502205359431,1
1,2,0.001,80,"ASC3_child",-1.1,-0.450219070977335,1
1,2,0.001,80,"prot25_male",0.8,0.575148216016792,1
1,2,0.001,80,"prot25_age",0,0.121005601409654,1
1,2,0.001,80,"prot25_income",0,-0.166913943408924,1
1,2,0.001,80,"prot25_child",0.3,0.278792663040406,1
1,2,0.001,80,"prot50_male",0,-0.0773962865770639,1
1,2,0.001,80,"prot50_age",1,0.629234796240029,1
1,2,0.001,80,"prot50_income",0,-0.218599653758233,1
1,2,0.001,80,"prot50_child",0,-0.176518356211068,1
1,2,0.001,80,"invasive_male",0,0.078696682538983,1
1,2,0.001,80,"invasive_age",1,0.37289361718852,1
1,2,0.001,80,"invasive_income",0,0.0855726599339601,1
1,2,0.001,80,"invasive_child",1.1,0.55895763728446,1
1,2,0.001,81,"ASC2_male",1,1.02223402409417,1
1,2,0.001,81,"ASC2_age",0,0.0651786769484966,1
1,2,0.001,81,"ASC2_income",0,0.133158037743471,1
1,2,0.001,81,"ASC2_child",0,-0.201952273804858,1
1,2,0.001,81,"ASC3_male",0,0.384599728327285,1
1,2,0.001,81,"ASC3_age",0,0.0796255772912557,1
1,2,0.001,81,"ASC3_income",0,0.0383649607709745,1
1,2,0.001,81,"ASC3_child",-0.4,-0.184275558981375,1
1,2,0.001,81,"prot25_male",0,-0.307075051043775,1
1,2,0.001,81,"prot25_age",0,-0.0728858277172383,1
1,2,0.001,81,"prot25_income",0,-0.112344684642816,1
1,2,0.001,81,"prot25_child",-0.2,-0.440464454982268,1
1,2,0.001,81,"prot50_male",1.1,-0.0620307941261577,1
1,2,0.001,81,"prot50_age",0.8,0.371276545406168,1
1,2,0.001,81,"prot50_income",0,0.163968363216792,1
1,2,0.001,81,"prot50_child",-0.3,-0.111947396807816,1
1,2,0.001,81,"invasive_male",-0.2,-0.0222222042734847,1
1,2,0.001,81,"invasive_age",-1.2,-0.618842140958608,1
1,2,0.001,81,"invasive_income",0.4,0.386240876913966,1
1,2,0.001,81,"invasive_child",1.1,0.636605399015191,1
1,2,0.001,82,"ASC2_male",0,0.0964836807397296,1
1,2,0.001,82,"ASC2_age",0,-0.0585966979793654,1
1,2,0.001,82,"ASC2_income",-0.8,-0.348721132943493,1
1,2,0.001,82,"ASC2_child",0.4,0.454198683972439,1
1,2,0.001,82,"ASC3_male",-0.5,-0.190802591887795,1
1,2,0.001,82,"ASC3_age",0,-0.108065026028198,1
1,2,0.001,82,"ASC3_income",0,0.106476841797055,1
1,2,0.001,82,"ASC3_child",0,0.104465709277587,1
1,2,0.001,82,"prot25_male",-0.5,-0.272291841630638,1
1,2,0.001,82,"prot25_age",0,-0.0441609422148254,1
1,2,0.001,82,"prot25_income",0.8,0.0994434924710638,1
1,2,0.001,82,"prot25_child",0,0.0121423957653187,1
1,2,0.001,82,"prot50_male",-0.3,-0.224475834058459,1
1,2,0.001,82,"prot50_age",0,-0.0737466486013645,1
1,2,0.001,82,"prot50_income",0.6,0.247271485330969,1
1,2,0.001,82,"prot50_child",0.3,0.265334728981563,1
1,2,0.001,82,"invasive_male",-1.1,-0.777000113692087,1
1,2,0.001,82,"invasive_age",-1.2,-0.566890069181084,1
1,2,0.001,82,"invasive_income",0,0.0159887548876845,1
1,2,0.001,82,"invasive_child",0,0.0160770604941118,1
1,2,0.001,83,"ASC2_male",0.5,0.171394962284864,1
1,2,0.001,83,"ASC2_age",0,0.155008196831521,1
1,2,0.001,83,"ASC2_income",-0.6,-0.253797045930033,1
1,2,0.001,83,"ASC2_child",-0.5,-0.0673219002176269,1
1,2,0.001,83,"ASC3_male",0,0.00741999939967505,1
1,2,0.001,83,"ASC3_age",0,0.088040195727372,1
1,2,0.001,83,"ASC3_income",0,0.0816743139904399,1
1,2,0.001,83,"ASC3_child",0,0.222944690316641,1
1,2,0.001,83,"prot25_male",-1,-0.482284638673683,1
1,2,0.001,83,"prot25_age",0.1,-0.138312509071854,1
1,2,0.001,83,"prot25_income",0,-0.0245139553064651,1
1,2,0.001,83,"prot25_child",0,-0.185008562299213,1
1,2,0.001,83,"prot50_male",0.7,0.406413815269897,1
1,2,0.001,83,"prot50_age",0,-0.181386381263495,1
1,2,0.001,83,"prot50_income",1.1,0.602372271827103,1
1,2,0.001,83,"prot50_child",0,-0.216385261050699,1
1,2,0.001,83,"invasive_male",0.7,0.289420824959917,1
1,2,0.001,83,"invasive_age",-1,-0.476505716265652,1
1,2,0.001,83,"invasive_income",0.3,0.33218942133705,1
1,2,0.001,83,"invasive_child",0,0.0462504836687671,1
1,2,0.001,84,"ASC2_male",0,-0.0568331293495978,1
1,2,0.001,84,"ASC2_age",0,0.0562862480131755,1
1,2,0.001,84,"ASC2_income",-0.9,-0.304801632201218,1
1,2,0.001,84,"ASC2_child",1.1,0.933862053592774,1
1,2,0.001,84,"ASC3_male",0.7,0.378389078718002,1
1,2,0.001,84,"ASC3_age",0,0.0105038855780678,1
1,2,0.001,84,"ASC3_income",0,0.0347942462036693,1
1,2,0.001,84,"ASC3_child",0.3,0.47138982595167,1
1,2,0.001,84,"prot25_male",0.3,0.0840641462505324,1
1,2,0.001,84,"prot25_age",0,0.0384470956862491,1
1,2,0.001,84,"prot25_income",0,0.00315722606167534,1
1,2,0.001,84,"prot25_child",0,-0.371700763504077,1
1,2,0.001,84,"prot50_male",0,-0.164725735910067,1
1,2,0.001,84,"prot50_age",-0.2,-0.151227764932626,1
1,2,0.001,84,"prot50_income",0.5,0.305495289134051,1
1,2,0.001,84,"prot50_child",0,-0.217385422191579,1
1,2,0.001,84,"invasive_male",0,-0.20874801292145,1
1,2,0.001,84,"invasive_age",-0.7,-0.398474060895137,1
1,2,0.001,84,"invasive_income",-0.9,-0.327538055136584,1
1,2,0.001,84,"invasive_child",0.5,0.291501256182078,1
1,2,0.001,85,"ASC2_male",0.9,0.250832885548164,1
1,2,0.001,85,"ASC2_age",0,-0.0627279074128221,1
1,2,0.001,85,"ASC2_income",-0.2,-0.0877668172227055,1
1,2,0.001,85,"ASC2_child",0.5,0.208192040723338,1
1,2,0.001,85,"ASC3_male",0,-0.176854184678116,1
1,2,0.001,85,"ASC3_age",0,-0.0297134490665175,1
1,2,0.001,85,"ASC3_income",0,-0.0519577992499309,1
1,2,0.001,85,"ASC3_child",0.8,0.282553960772074,1
1,2,0.001,85,"prot25_male",0.4,0.611417699306186,1
1,2,0.001,85,"prot25_age",0,-0.00691097428103836,1
1,2,0.001,85,"prot25_income",0.5,0.187726570559435,1
1,2,0.001,85,"prot25_child",-0.2,-0.0129423048706481,1
1,2,0.001,85,"prot50_male",-0.1,0.266114891403971,1
1,2,0.001,85,"prot50_age",0,0.0211356744940361,1
1,2,0.001,85,"prot50_income",-1.1,-0.660244062166874,1
1,2,0.001,85,"prot50_child",0,-0.0533496644862321,1
1,2,0.001,85,"invasive_male",0.7,0.371154754687114,1
1,2,0.001,85,"invasive_age",0,-0.0249266969343496,1
1,2,0.001,85,"invasive_income",0,0.0484409390792358,1
1,2,0.001,85,"invasive_child",0,0.0645055502422509,1
1,2,0.001,86,"ASC2_male",0.2,0.0735544496170304,1
1,2,0.001,86,"ASC2_age",0.4,0.283615610098469,1
1,2,0.001,86,"ASC2_income",0,-0.066970760903875,1
1,2,0.001,86,"ASC2_child",-0.2,0.233150216499208,1
1,2,0.001,86,"ASC3_male",-0.2,-0.127005337407542,1
1,2,0.001,86,"ASC3_age",0,0.0098526812941693,1
1,2,0.001,86,"ASC3_income",0,-0.174013908744299,1
1,2,0.001,86,"ASC3_child",0,0.366255511615079,1
1,2,0.001,86,"prot25_male",0,-0.123041142462217,1
1,2,0.001,86,"prot25_age",0,-0.00456097787715627,1
1,2,0.001,86,"prot25_income",-0.2,-0.0920387673837282,1
1,2,0.001,86,"prot25_child",0,0.00657335346894676,1
1,2,0.001,86,"prot50_male",0.6,0.170058151256311,1
1,2,0.001,86,"prot50_age",-1,-0.560421120480855,1
1,2,0.001,86,"prot50_income",0,0.167538248992652,1
1,2,0.001,86,"prot50_child",1,0.433857731495135,1
1,2,0.001,86,"invasive_male",0.5,0.150183792742159,1
1,2,0.001,86,"invasive_age",0,0.11979881173878,1
1,2,0.001,86,"invasive_income",0,0.0776452406055679,1
1,2,0.001,86,"invasive_child",-1,-0.509372360168228,1
1,2,0.001,87,"ASC2_male",0.2,0.224318549819385,1
1,2,0.001,87,"ASC2_age",1.1,0.580741154703601,1
1,2,0.001,87,"ASC2_income",0,-0.0632030773556261,1
1,2,0.001,87,"ASC2_child",0,0.0882125024985655,1
1,2,0.001,87,"ASC3_male",0,-0.106314644332982,1
1,2,0.001,87,"ASC3_age",-0.4,-0.174908673462047,1
1,2,0.001,87,"ASC3_income",0,0.0514335180670173,1
1,2,0.001,87,"ASC3_child",0.7,0.426532324691518,1
1,2,0.001,87,"prot25_male",-1.2,-0.678548654804388,1
1,2,0.001,87,"prot25_age",-0.9,-0.463518735238628,1
1,2,0.001,87,"prot25_income",0,-0.0221243794104958,1
1,2,0.001,87,"prot25_child",-0.2,-0.170326305749263,1
1,2,0.001,87,"prot50_male",-0.5,-0.16254486063851,1
1,2,0.001,87,"prot50_age",0,-0.131415017015297,1
1,2,0.001,87,"prot50_income",0,-0.159300329751235,1
1,2,0.001,87,"prot50_child",0.4,0.241251691920072,1
1,2,0.001,87,"invasive_male",0,-0.0310532302035446,1
1,2,0.001,87,"invasive_age",0,-0.00438607570682357,1
1,2,0.001,87,"invasive_income",0,-0.125355290027256,1
1,2,0.001,87,"invasive_child",0.8,0.819934207776503,1
1,2,0.001,88,"ASC2_male",-1.1,-0.369123047018531,1
1,2,0.001,88,"ASC2_age",0,-0.1213927606781,1
1,2,0.001,88,"ASC2_income",0.3,0.0479883610713581,1
1,2,0.001,88,"ASC2_child",0,-0.343151554580086,1
1,2,0.001,88,"ASC3_male",-1.1,-0.489769563619113,1
1,2,0.001,88,"ASC3_age",0,-0.00652913283339947,1
1,2,0.001,88,"ASC3_income",0,-0.155991309310262,1
1,2,0.001,88,"ASC3_child",0.5,-0.038750530074132,1
1,2,0.001,88,"prot25_male",0.6,0.0923534436784399,1
1,2,0.001,88,"prot25_age",0,0.109159267751508,1
1,2,0.001,88,"prot25_income",0,0.0102006022847905,1
1,2,0.001,88,"prot25_child",0,0.290278128977297,1
1,2,0.001,88,"prot50_male",0,-0.343705381515946,1
1,2,0.001,88,"prot50_age",-0.3,-0.0280298658822827,1
1,2,0.001,88,"prot50_income",-0.5,-0.112951505354638,1
1,2,0.001,88,"prot50_child",0.8,0.661618671706352,1
1,2,0.001,88,"invasive_male",0,-0.0583687711514505,1
1,2,0.001,88,"invasive_age",-1.1,-0.574709398493621,1
1,2,0.001,88,"invasive_income",0.4,0.196039643984448,1
1,2,0.001,88,"invasive_child",0,0.131846885139787,1
1,2,0.001,89,"ASC2_male",0,-0.331976475809024,1
1,2,0.001,89,"ASC2_age",0,0.122467746924364,1
1,2,0.001,89,"ASC2_income",0.5,0.22601832352618,1
1,2,0.001,89,"ASC2_child",0,-0.232374596478605,1
1,2,0.001,89,"ASC3_male",0,-0.210871344527287,1
1,2,0.001,89,"ASC3_age",0.3,0.33387479644784,1
1,2,0.001,89,"ASC3_income",-0.8,-0.417622282835988,1
1,2,0.001,89,"ASC3_child",0,-0.323392092912875,1
1,2,0.001,89,"prot25_male",0.1,0.30085341925624,1
1,2,0.001,89,"prot25_age",-0.1,-0.146101152769699,1
1,2,0.001,89,"prot25_income",0,0.107195683469932,1
1,2,0.001,89,"prot25_child",-1.2,-0.600790991853943,1
1,2,0.001,89,"prot50_male",-0.5,0.112998939272728,1
1,2,0.001,89,"prot50_age",0,-0.0627762638475057,1
1,2,0.001,89,"prot50_income",0,0.0696835578769583,1
1,2,0.001,89,"prot50_child",0,0.313778944252284,1
1,2,0.001,89,"invasive_male",-0.6,-0.487640854484694,1
1,2,0.001,89,"invasive_age",0.2,0.0413890463266645,1
1,2,0.001,89,"invasive_income",1.1,0.642334362220736,1
1,2,0.001,89,"invasive_child",0,0.0232297922642956,1
1,2,0.001,90,"ASC2_male",-1,-0.107091647266463,1
1,2,0.001,90,"ASC2_age",-0.2,-0.392231302007068,1
1,2,0.001,90,"ASC2_income",-0.9,-0.378666687537605,1
1,2,0.001,90,"ASC2_child",0.8,-0.183194296943046,1
1,2,0.001,90,"ASC3_male",0,0.29106123008198,1
1,2,0.001,90,"ASC3_age",0,-0.24263271302368,1
1,2,0.001,90,"ASC3_income",0,0.0983454344002504,1
1,2,0.001,90,"ASC3_child",0.6,-0.253525719345899,1
1,2,0.001,90,"prot25_male",0,-0.240830860714017,1
1,2,0.001,90,"prot25_age",0,0.223294277300192,1
1,2,0.001,90,"prot25_income",0.8,0.462635366313539,1
1,2,0.001,90,"prot25_child",0,0.437197911534494,1
1,2,0.001,90,"prot50_male",0,-0.0923664284246421,1
1,2,0.001,90,"prot50_age",1,0.659924354139174,1
1,2,0.001,90,"prot50_income",0.6,0.267242020229406,1
1,2,0.001,90,"prot50_child",0,0.25433240030327,1
1,2,0.001,90,"invasive_male",0,-0.0269806216915488,1
1,2,0.001,90,"invasive_age",0,0.0270877590717408,1
1,2,0.001,90,"invasive_income",-0.6,-0.267023371239375,1
1,2,0.001,90,"invasive_child",-1.2,-0.715853255782119,1
1,2,0.001,91,"ASC2_male",1.2,0.724914959169735,1
1,2,0.001,91,"ASC2_age",0.2,0.0538731678635001,1
1,2,0.001,91,"ASC2_income",0,0.0675855300818306,1
1,2,0.001,91,"ASC2_child",0,-0.288363627147039,1
1,2,0.001,91,"ASC3_male",0,0.121728348214966,1
1,2,0.001,91,"ASC3_age",0,-0.0922173697886432,1
1,2,0.001,91,"ASC3_income",0.6,0.41434421595077,1
1,2,0.001,91,"ASC3_child",1.1,0.483490524298601,1
1,2,0.001,91,"prot25_male",0,0.254654983418264,1
1,2,0.001,91,"prot25_age",0.3,0.265459513129003,1
1,2,0.001,91,"prot25_income",0.2,0.0945227027646879,1
1,2,0.001,91,"prot25_child",0,0.182742645541107,1
1,2,0.001,91,"prot50_male",-0.7,-0.295952228026873,1
1,2,0.001,91,"prot50_age",0,0.190527127493423,1
1,2,0.001,91,"prot50_income",-1,-0.643617799816758,1
1,2,0.001,91,"prot50_child",0,0.432568788580204,1
1,2,0.001,91,"invasive_male",-0.6,-0.261642887852869,1
1,2,0.001,91,"invasive_age",0,0.0230365396918012,1
1,2,0.001,91,"invasive_income",0.4,0.289089393225079,1
1,2,0.001,91,"invasive_child",0,0.133924122769869,1
1,2,0.001,92,"ASC2_male",-0.4,-0.229010409255438,1
1,2,0.001,92,"ASC2_age",0,0.101534198467026,1
1,2,0.001,92,"ASC2_income",1,0.328214674248597,1
1,2,0.001,92,"ASC2_child",0,0.130778355218465,1
1,2,0.001,92,"ASC3_male",-1.1,-0.522249358066284,1
1,2,0.001,92,"ASC3_age",0.6,0.387729097623016,1
1,2,0.001,92,"ASC3_income",0.8,0.157280061746784,1
1,2,0.001,92,"ASC3_child",0,0.171123387081398,1
1,2,0.001,92,"prot25_male",0,-0.0925657229657023,1
1,2,0.001,92,"prot25_age",0,-0.0191641707929041,1
1,2,0.001,92,"prot25_income",0.7,0.422644086736681,1
1,2,0.001,92,"prot25_child",-0.8,-0.475234397958849,1
1,2,0.001,92,"prot50_male",1,0.46789885324724,1
1,2,0.001,92,"prot50_age",0,-0.00861663492058541,1
1,2,0.001,92,"prot50_income",-1.2,-0.583650158403724,1
1,2,0.001,92,"prot50_child",0,-0.137218094077457,1
1,2,0.001,92,"invasive_male",0,0.0773845007838662,1
1,2,0.001,92,"invasive_age",0,0.102421666226641,1
1,2,0.001,92,"invasive_income",-0.9,-0.494321842314523,1
1,2,0.001,92,"invasive_child",0,0.0757744407413002,1
1,2,0.001,93,"ASC2_male",0,0.068241348728621,1
1,2,0.001,93,"ASC2_age",1,0.657575275267358,1
1,2,0.001,93,"ASC2_income",0,0.157941586775298,1
1,2,0.001,93,"ASC2_child",-0.3,-0.403748157890474,1
1,2,0.001,93,"ASC3_male",-1,-0.685397384729214,1
1,2,0.001,93,"ASC3_age",0,0.257523075944357,1
1,2,0.001,93,"ASC3_income",0,0.21906665912229,1
1,2,0.001,93,"ASC3_child",0.1,-0.331300394510622,1
1,2,0.001,93,"prot25_male",0.7,0.258292815254431,1
1,2,0.001,93,"prot25_age",0,-0.187439795005841,1
1,2,0.001,93,"prot25_income",-0.7,-0.596361885674638,1
1,2,0.001,93,"prot25_child",0,0.445746901847643,1
1,2,0.001,93,"prot50_male",0,-0.0967137134833604,1
1,2,0.001,93,"prot50_age",0,-0.0865316566289799,1
1,2,0.001,93,"prot50_income",0,-0.078053667902231,1
1,2,0.001,93,"prot50_child",0.9,0.953041787298094,1
1,2,0.001,93,"invasive_male",-0.7,-0.651317971200095,1
1,2,0.001,93,"invasive_age",-0.7,-0.25301626786565,1
1,2,0.001,93,"invasive_income",0,0.213716171381095,1
1,2,0.001,93,"invasive_child",-0.2,-0.216117329924791,1
1,2,0.001,94,"ASC2_male",0.3,0.344697668620828,1
1,2,0.001,94,"ASC2_age",-0.4,-0.0413050047393965,1
1,2,0.001,94,"ASC2_income",-0.4,-0.199273775059301,1
1,2,0.001,94,"ASC2_child",-0.6,0.0385368244960337,1
1,2,0.001,94,"ASC3_male",-0.3,-0.124866723784586,1
1,2,0.001,94,"ASC3_age",0,0.0531970834714276,1
1,2,0.001,94,"ASC3_income",0,0.0410822438632321,1
1,2,0.001,94,"ASC3_child",0.9,0.516183092245877,1
1,2,0.001,94,"prot25_male",0.3,0.114217162111929,1
1,2,0.001,94,"prot25_age",0,0.0938956250150802,1
1,2,0.001,94,"prot25_income",0.2,0.136314480099983,1
1,2,0.001,94,"prot25_child",0,0.19908047134461,1
1,2,0.001,94,"prot50_male",0,0.0447326690484702,1
1,2,0.001,94,"prot50_age",0.5,0.310546884135372,1
1,2,0.001,94,"prot50_income",0,0.00560521544364942,1
1,2,0.001,94,"prot50_child",-0.1,-0.130489021973076,1
1,2,0.001,94,"invasive_male",0,0.18231963002015,1
1,2,0.001,94,"invasive_age",0,0.0918691633265615,1
1,2,0.001,94,"invasive_income",0,0.10316007462686,1
1,2,0.001,94,"invasive_child",0,-0.105008116648067,1
1,2,0.001,95,"ASC2_male",-0.9,-0.799764400636674,1
1,2,0.001,95,"ASC2_age",0,0.0324837152381816,1
1,2,0.001,95,"ASC2_income",0,-0.0484234193940815,1
1,2,0.001,95,"ASC2_child",0,0.353319973511871,1
1,2,0.001,95,"ASC3_male",0,-0.308534294744249,1
1,2,0.001,95,"ASC3_age",1.1,0.594237522612707,1
1,2,0.001,95,"ASC3_income",0.8,0.418729648213715,1
1,2,0.001,95,"ASC3_child",-1,-0.23934541468826,1
1,2,0.001,95,"prot25_male",-1,-0.139632340918505,1
1,2,0.001,95,"prot25_age",0.8,0.441725009439779,1
1,2,0.001,95,"prot25_income",0.7,0.306151287187642,1
1,2,0.001,95,"prot25_child",0.6,0.177924908651248,1
1,2,0.001,95,"prot50_male",0,0.244119445480036,1
1,2,0.001,95,"prot50_age",0,0.0246902035667294,1
1,2,0.001,95,"prot50_income",1,0.370086756381257,1
1,2,0.001,95,"prot50_child",0,-0.149909275597133,1
1,2,0.001,95,"invasive_male",0,-0.175199120801207,1
1,2,0.001,95,"invasive_age",0,-0.028061184346142,1
1,2,0.001,95,"invasive_income",0,-0.0652848987593041,1
1,2,0.001,95,"invasive_child",0.4,0.31857584308672,1
1,2,0.001,96,"ASC2_male",0.6,0.6477814253729,1
1,2,0.001,96,"ASC2_age",0,0.0508470612769905,1
1,2,0.001,96,"ASC2_income",0,-0.169355840409777,1
1,2,0.001,96,"ASC2_child",0,0.682446058671276,1
1,2,0.001,96,"ASC3_male",-0.1,0.316381061584814,1
1,2,0.001,96,"ASC3_age",1.2,0.598534784659528,1
1,2,0.001,96,"ASC3_income",0,-0.203372272975532,1
1,2,0.001,96,"ASC3_child",0,0.649671498880082,1
1,2,0.001,96,"prot25_male",-0.6,-0.565105284144237,1
1,2,0.001,96,"prot25_age",0.3,0.139777673125011,1
1,2,0.001,96,"prot25_income",-0.8,-0.250594472974509,1
1,2,0.001,96,"prot25_child",0.7,0.0217675146052103,1
1,2,0.001,96,"prot50_male",-1,-0.480776831797946,1
1,2,0.001,96,"prot50_age",0,-0.0303502410753524,1
1,2,0.001,96,"prot50_income",0,0.092973088738856,1
1,2,0.001,96,"prot50_child",0,-0.323845560276698,1
1,2,0.001,96,"invasive_male",-0.2,0.203434811411392,1
1,2,0.001,96,"invasive_age",-0.4,-0.213990264725017,1
1,2,0.001,96,"invasive_income",0,-0.0883925805753285,1
1,2,0.001,96,"invasive_child",0,0.330167078121061,1
1,2,0.001,97,"ASC2_male",-1,-0.401897728854628,1
1,2,0.001,97,"ASC2_age",0.2,0.0305436619106289,1
1,2,0.001,97,"ASC2_income",0,0.00433297373256144,1
1,2,0.001,97,"ASC2_child",-0.3,-0.316784527040909,1
1,2,0.001,97,"ASC3_male",0.5,0.0248070319417759,1
1,2,0.001,97,"ASC3_age",0.5,0.220854155851597,1
1,2,0.001,97,"ASC3_income",0,0.112826511574998,1
1,2,0.001,97,"ASC3_child",-0.2,-0.240418559495465,1
1,2,0.001,97,"prot25_male",0,-0.0627705536260323,1
1,2,0.001,97,"prot25_age",0,0.133812438000251,1
1,2,0.001,97,"prot25_income",-0.1,-0.106841945620483,1
1,2,0.001,97,"prot25_child",0,0.293379358110879,1
1,2,0.001,97,"prot50_male",0.6,0.46070538091943,1
1,2,0.001,97,"prot50_age",0,0.0669807331534077,1
1,2,0.001,97,"prot50_income",-0.5,-0.375520959478918,1
1,2,0.001,97,"prot50_child",0,0.285797789379726,1
1,2,0.001,97,"invasive_male",0,0.176081068127716,1
1,2,0.001,97,"invasive_age",0,-0.0240139782876365,1
1,2,0.001,97,"invasive_income",-0.7,-0.481840534214522,1
1,2,0.001,97,"invasive_child",0,-0.00102709031527126,1
1,2,0.001,98,"ASC2_male",0,-0.136694701707071,1
1,2,0.001,98,"ASC2_age",0,0.0881936512348105,1
1,2,0.001,98,"ASC2_income",-0.5,-0.251902770897167,1
1,2,0.001,98,"ASC2_child",-1.1,-0.70744030337992,1
1,2,0.001,98,"ASC3_male",-0.3,-0.137152984738996,1
1,2,0.001,98,"ASC3_age",1,0.525622451418262,1
1,2,0.001,98,"ASC3_income",0,0.0111380793487097,1
1,2,0.001,98,"ASC3_child",-0.6,-0.257697376165467,1
1,2,0.001,98,"prot25_male",-0.4,-0.19329425711683,1
1,2,0.001,98,"prot25_age",0,0.0125690958147319,1
1,2,0.001,98,"prot25_income",1.2,0.44808404158899,1
1,2,0.001,98,"prot25_child",-0.8,-0.339126019232563,1
1,2,0.001,98,"prot50_male",-1.1,-0.481470473718148,1
1,2,0.001,98,"prot50_age",0,-0.00274353025225477,1
1,2,0.001,98,"prot50_income",0,-0.0632746959317227,1
1,2,0.001,98,"prot50_child",0,-0.136540968289226,1
1,2,0.001,98,"invasive_male",0,-0.157764773486107,1
1,2,0.001,98,"invasive_age",0,0.157174118829734,1
1,2,0.001,98,"invasive_income",0,-0.051168522708117,1
1,2,0.001,98,"invasive_child",1,0.540972626224267,1
1,2,0.001,99,"ASC2_male",1.1,0.338500373805243,1
1,2,0.001,99,"ASC2_age",0.3,0.113040121687671,1
1,2,0.001,99,"ASC2_income",-0.8,-0.146415942925423,1
1,2,0.001,99,"ASC2_child",0.2,-0.211094609409318,1
1,2,0.001,99,"ASC3_male",1.1,0.453327538617066,1
1,2,0.001,99,"ASC3_age",0,0.0411797363423014,1
1,2,0.001,99,"ASC3_income",0,0.136995203656998,1
1,2,0.001,99,"ASC3_child",0,-0.248148171416339,1
1,2,0.001,99,"prot25_male",-0.6,-0.295173350952315,1
1,2,0.001,99,"prot25_age",0,-0.0450027724870833,1
1,2,0.001,99,"prot25_income",0,-0.121810567388256,1
1,2,0.001,99,"prot25_child",0,-0.0734843869982724,1
1,2,0.001,99,"prot50_male",-0.2,-0.158162581621777,1
1,2,0.001,99,"prot50_age",0.9,0.337654102323259,1
1,2,0.001,99,"prot50_income",-0.1,-0.117914109750128,1
1,2,0.001,99,"prot50_child",0,-0.0606978536885001,1
1,2,0.001,99,"invasive_male",0.9,0.328897233397785,1
1,2,0.001,99,"invasive_age",0,0.0284860008844526,1
1,2,0.001,99,"invasive_income",0,0.000807296214080559,0
1,2,0.001,99,"invasive_child",0,-0.289292114936847,1
1,2,0.001,100,"ASC2_male",0.1,0.30756460289379,1
1,2,0.001,100,"ASC2_age",0,0.0260774584687261,1
1,2,0.001,100,"ASC2_income",0,0.0353509023344171,1
1,2,0.001,100,"ASC2_child",-0.7,-0.0633461787095704,1
1,2,0.001,100,"ASC3_male",0,0.396086143593939,1
1,2,0.001,100,"ASC3_age",0,-0.0192582148846447,1
1,2,0.001,100,"ASC3_income",-0.7,-0.333693675287867,1
1,2,0.001,100,"ASC3_child",-1.1,-0.324859573077987,1
1,2,0.001,100,"prot25_male",0,-0.360363149574511,1
1,2,0.001,100,"prot25_age",-0.7,-0.255662077425626,1
1,2,0.001,100,"prot25_income",0,0.00046055561206995,0
1,2,0.001,100,"prot25_child",-0.6,-0.215879733778766,1
1,2,0.001,100,"prot50_male",0,-0.361136710324558,1
1,2,0.001,100,"prot50_age",0,-0.0653590541207485,1
1,2,0.001,100,"prot50_income",0.5,0.149917758530702,1
1,2,0.001,100,"prot50_child",1,0.450448448778002,1
1,2,0.001,100,"invasive_male",0,0.170570078671326,1
1,2,0.001,100,"invasive_age",0,-0.103624756661573,1
1,2,0.001,100,"invasive_income",0.8,0.279919789886168,1
1,2,0.001,100,"invasive_child",0.4,0.211908278671866,1
1,2,0.01,1,"ASC2_male",0.9,0.0909804394108366,1
1,2,0.01,1,"ASC2_age",0.3,0.158212903692652,1
1,2,0.01,1,"ASC2_income",0,0.0335570842683434,1
1,2,0.01,1,"ASC2_child",0,0.0426951488224445,1
1,2,0.01,1,"ASC3_male",-1.1,-0.807516079091991,1
1,2,0.01,1,"ASC3_age",0,0.133964674013527,1
1,2,0.01,1,"ASC3_income",0.8,0.469438741833061,1
1,2,0.01,1,"ASC3_child",0,0.282371386254351,1
1,2,0.01,1,"prot25_male",1.2,0.724124997168897,1
1,2,0.01,1,"prot25_age",0.7,0.400794518429195,1
1,2,0.01,1,"prot25_income",0,-0.0594765618286451,1
1,2,0.01,1,"prot25_child",1.1,0.741618055731677,1
1,2,0.01,1,"prot50_male",0,0.207173681451751,1
1,2,0.01,1,"prot50_age",0,0.0539064655454739,1
1,2,0.01,1,"prot50_income",-1.2,-0.72644760448704,1
1,2,0.01,1,"prot50_child",1.1,0.692131705492237,1
1,2,0.01,1,"invasive_male",0,-0.212040124140491,1
1,2,0.01,1,"invasive_age",-0.6,-0.24793549131188,1
1,2,0.01,1,"invasive_income",0,-0.0995019481194603,1
1,2,0.01,1,"invasive_child",0,0.152148398564228,1
1,2,0.01,2,"ASC2_male",0,-0.100504538309036,1
1,2,0.01,2,"ASC2_age",0.1,-0.057562609702682,1
1,2,0.01,2,"ASC2_income",0.7,0.36385614948057,1
1,2,0.01,2,"ASC2_child",-0.4,-0.246789874861348,1
1,2,0.01,2,"ASC3_male",0,0.0133053186069936,1
1,2,0.01,2,"ASC3_age",0.4,-0.0560613441069618,1
1,2,0.01,2,"ASC3_income",-0.8,-0.344327960770606,1
1,2,0.01,2,"ASC3_child",0,-0.0740022782669421,1
1,2,0.01,2,"prot25_male",0.5,0.402697126653742,1
1,2,0.01,2,"prot25_age",0.8,0.539666454638889,1
1,2,0.01,2,"prot25_income",0,0.0591747770573456,1
1,2,0.01,2,"prot25_child",0,-0.0103375351638628,1
1,2,0.01,2,"prot50_male",0,-0.0498850970374787,1
1,2,0.01,2,"prot50_age",0,0.192488292479636,1
1,2,0.01,2,"prot50_income",0,0.00985871043439504,0
1,2,0.01,2,"prot50_child",0,0.135433834839607,1
1,2,0.01,2,"invasive_male",1,0.391517398522375,1
1,2,0.01,2,"invasive_age",-0.1,-0.204654334630341,1
1,2,0.01,2,"invasive_income",0,0.0454402179740039,1
1,2,0.01,2,"invasive_child",-0.6,-0.431242313406435,1
1,2,0.01,3,"ASC2_male",-0.9,-0.258224583355464,1
1,2,0.01,3,"ASC2_age",-0.4,-0.248589827977666,1
1,2,0.01,3,"ASC2_income",0,-0.0799138576416438,1
1,2,0.01,3,"ASC2_child",0,-0.121008331594008,1
1,2,0.01,3,"ASC3_male",-0.7,-0.30187322794215,1
1,2,0.01,3,"ASC3_age",0,-0.0213812487472167,1
1,2,0.01,3,"ASC3_income",0,-0.0757374729023707,1
1,2,0.01,3,"ASC3_child",1,0.614931595236886,1
1,2,0.01,3,"prot25_male",0,0.052049161202685,1
1,2,0.01,3,"prot25_age",0,0.026766384796417,1
1,2,0.01,3,"prot25_income",0,0.0977311974519054,1
1,2,0.01,3,"prot25_child",0,-0.0466810490750143,1
1,2,0.01,3,"prot50_male",0.7,0.366498505069682,1
1,2,0.01,3,"prot50_age",-0.2,0.0174348868726657,1
1,2,0.01,3,"prot50_income",-1,-0.537314413091293,1
1,2,0.01,3,"prot50_child",-0.8,-0.139818347918649,1
1,2,0.01,3,"invasive_male",0,0.0820854530944037,1
1,2,0.01,3,"invasive_age",0,0.0379449355852762,1
1,2,0.01,3,"invasive_income",-1.2,-0.643320782972605,1
1,2,0.01,3,"invasive_child",1,0.494363085831288,1
1,2,0.01,4,"ASC2_male",0,0.397520134931442,1
1,2,0.01,4,"ASC2_age",-0.1,0.142880350323237,1
1,2,0.01,4,"ASC2_income",0,0.121397772295266,1
1,2,0.01,4,"ASC2_child",-0.6,-0.445881134360337,1
1,2,0.01,4,"ASC3_male",0,0.162661678589905,1
1,2,0.01,4,"ASC3_age",1,0.675927306402897,1
1,2,0.01,4,"ASC3_income",0,0.154941762575563,1
1,2,0.01,4,"ASC3_child",0,0.189861973570386,1
1,2,0.01,4,"prot25_male",0,0.0151339886986273,1
1,2,0.01,4,"prot25_age",-0.5,-0.368903644021599,1
1,2,0.01,4,"prot25_income",0,-0.169822915509122,1
1,2,0.01,4,"prot25_child",0,0.00386172066028349,0
1,2,0.01,4,"prot50_male",0.1,0.058589049590863,1
1,2,0.01,4,"prot50_age",1,0.608548146727631,1
1,2,0.01,4,"prot50_income",0,-0.0907893888798641,1
1,2,0.01,4,"prot50_child",-1,-0.442833275700988,1
1,2,0.01,4,"invasive_male",-1,-0.474976429147199,1
1,2,0.01,4,"invasive_age",-0.9,-0.356996106365189,1
1,2,0.01,4,"invasive_income",-0.3,-0.243208845336062,1
1,2,0.01,4,"invasive_child",0,-0.083971252201227,1
1,2,0.01,5,"ASC2_male",0,0.140031708520015,1
1,2,0.01,5,"ASC2_age",0.7,0.504279288543365,1
1,2,0.01,5,"ASC2_income",-0.4,-0.462538713081127,1
1,2,0.01,5,"ASC2_child",-0.3,0.00092697330936584,0
1,2,0.01,5,"ASC3_male",0,0.0423384724109724,1
1,2,0.01,5,"ASC3_age",0,0.101392501031189,1
1,2,0.01,5,"ASC3_income",0.9,0.305363049621615,1
1,2,0.01,5,"ASC3_child",-0.6,-0.207197526374141,1
1,2,0.01,5,"prot25_male",0.9,0.619947592810791,1
1,2,0.01,5,"prot25_age",0,-0.0517563711513811,1
1,2,0.01,5,"prot25_income",-0.3,0.0192338716901449,1
1,2,0.01,5,"prot25_child",0,0.0879509427654444,1
1,2,0.01,5,"prot50_male",0.4,0.258301506800146,1
1,2,0.01,5,"prot50_age",0,-0.023323825032358,1
1,2,0.01,5,"prot50_income",0.5,0.520079918936942,1
1,2,0.01,5,"prot50_child",0,-0.0142032172280626,1
1,2,0.01,5,"invasive_male",0.7,0.495026211003723,1
1,2,0.01,5,"invasive_age",0,0.0629291069452126,1
1,2,0.01,5,"invasive_income",0,0.0147927601509144,1
1,2,0.01,5,"invasive_child",0,-0.105395425743318,1
1,2,0.01,6,"ASC2_male",0.4,0.365052269365296,1
1,2,0.01,6,"ASC2_age",0.7,0.300831137002529,1
1,2,0.01,6,"ASC2_income",0,-0.195994214638343,1
1,2,0.01,6,"ASC2_child",0,-0.148060948726043,1
1,2,0.01,6,"ASC3_male",0,0.111597416274981,1
1,2,0.01,6,"ASC3_age",0,-0.182119563286007,1
1,2,0.01,6,"ASC3_income",0,-0.215240262410342,1
1,2,0.01,6,"ASC3_child",1.2,0.627712097353611,1
1,2,0.01,6,"prot25_male",-0.4,-0.500830468765413,1
1,2,0.01,6,"prot25_age",-0.3,0.119538309712902,1
1,2,0.01,6,"prot25_income",0,0.0968154725126613,1
1,2,0.01,6,"prot25_child",0,0.267987647259079,1
1,2,0.01,6,"prot50_male",0,-0.17285638541239,1
1,2,0.01,6,"prot50_age",-1.1,-0.476673224889046,1
1,2,0.01,6,"prot50_income",-0.2,0.0393721162669885,1
1,2,0.01,6,"prot50_child",-0.2,-0.137941997328832,1
1,2,0.01,6,"invasive_male",0,0.109923555507215,1
1,2,0.01,6,"invasive_age",1,0.499693063377479,1
1,2,0.01,6,"invasive_income",0,8.5388612210364e-05,0
1,2,0.01,6,"invasive_child",0.9,0.361603623161281,1
1,2,0.01,7,"ASC2_male",0.8,0.387132671323094,1
1,2,0.01,7,"ASC2_age",0,0.0279721305643139,1
1,2,0.01,7,"ASC2_income",0,0.0678074626187135,1
1,2,0.01,7,"ASC2_child",1.2,0.923895246426352,1
1,2,0.01,7,"ASC3_male",-0.7,-0.376234562199677,1
1,2,0.01,7,"ASC3_age",0,0.0433231681439566,1
1,2,0.01,7,"ASC3_income",0,0.00110481292324127,0
1,2,0.01,7,"ASC3_child",-1,-0.305011904615244,1
1,2,0.01,7,"prot25_male",1.2,0.673568958018896,1
1,2,0.01,7,"prot25_age",0.8,0.324414221856691,1
1,2,0.01,7,"prot25_income",0,-0.0826060808681908,1
1,2,0.01,7,"prot25_child",0.7,0.173917330993497,1
1,2,0.01,7,"prot50_male",0,0.0660567891108262,1
1,2,0.01,7,"prot50_age",-0.4,-0.204217752171024,1
1,2,0.01,7,"prot50_income",0,-0.00498665485652418,0
1,2,0.01,7,"prot50_child",0.6,0.180734244962209,1
1,2,0.01,7,"invasive_male",0,0.110268619828847,1
1,2,0.01,7,"invasive_age",0,-0.0886257546610477,1
1,2,0.01,7,"invasive_income",1.1,0.653633015972203,1
1,2,0.01,7,"invasive_child",0,0.176270509457589,1
1,2,0.01,8,"ASC2_male",0,0.252927543163902,1
1,2,0.01,8,"ASC2_age",-1.2,-0.404921907153612,1
1,2,0.01,8,"ASC2_income",0,0.0979037492264141,1
1,2,0.01,8,"ASC2_child",0,0.0977102052935987,1
1,2,0.01,8,"ASC3_male",-0.3,0.211878370631203,1
1,2,0.01,8,"ASC3_age",0.9,0.568207523351105,1
1,2,0.01,8,"ASC3_income",0,0.145904301572299,1
1,2,0.01,8,"ASC3_child",1.2,0.585992556526106,1
1,2,0.01,8,"prot25_male",0,-0.269364238032169,1
1,2,0.01,8,"prot25_age",-0.2,-0.247718732795224,1
1,2,0.01,8,"prot25_income",0,-0.0536689305423399,1
1,2,0.01,8,"prot25_child",1.1,0.490418487190274,1
1,2,0.01,8,"prot50_male",1.1,0.40096185481047,1
1,2,0.01,8,"prot50_age",0,-0.182567657540937,1
1,2,0.01,8,"prot50_income",-0.2,-0.14965627008216,1
1,2,0.01,8,"prot50_child",0,0.127910017169787,1
1,2,0.01,8,"invasive_male",0,0.483721975666406,1
1,2,0.01,8,"invasive_age",0.7,0.393767985302732,1
1,2,0.01,8,"invasive_income",0.3,0.333245497609418,1
1,2,0.01,8,"invasive_child",0,-0.00287521352220729,0
1,2,0.01,9,"ASC2_male",1,0.273390666845454,1
1,2,0.01,9,"ASC2_age",0,0.104779155584528,1
1,2,0.01,9,"ASC2_income",0,-0.0576806428649202,1
1,2,0.01,9,"ASC2_child",-1.2,-0.452844459921649,1
1,2,0.01,9,"ASC3_male",0.9,0.118928299334293,1
1,2,0.01,9,"ASC3_age",-0.6,-0.0936830440554264,1
1,2,0.01,9,"ASC3_income",0,0.0301571366370651,1
1,2,0.01,9,"ASC3_child",-0.9,-0.0416386236264653,1
1,2,0.01,9,"prot25_male",-0.3,-0.0395408941155462,1
1,2,0.01,9,"prot25_age",0,0.0966238673544626,1
1,2,0.01,9,"prot25_income",0,-0.0574122443393146,1
1,2,0.01,9,"prot25_child",0,0.0872805537808043,1
1,2,0.01,9,"prot50_male",-0.2,-0.112459962967577,1
1,2,0.01,9,"prot50_age",0.6,0.295408495810659,1
1,2,0.01,9,"prot50_income",-0.7,-0.355791733844283,1
1,2,0.01,9,"prot50_child",0,0.107194065840185,1
1,2,0.01,9,"invasive_male",0,0.139830883733461,1
1,2,0.01,9,"invasive_age",0,-0.0183464425457612,1
1,2,0.01,9,"invasive_income",-0.7,-0.340125339924049,1
1,2,0.01,9,"invasive_child",0,0.278346488045555,1
1,2,0.01,10,"ASC2_male",0.9,0.466672438972004,1
1,2,0.01,10,"ASC2_age",0,-0.0160231378257206,1
1,2,0.01,10,"ASC2_income",1.2,0.467457502348659,1
1,2,0.01,10,"ASC2_child",-0.8,-0.336257275478076,1
1,2,0.01,10,"ASC3_male",0.4,0.274173901419553,1
1,2,0.01,10,"ASC3_age",-0.4,-0.248301950061459,1
1,2,0.01,10,"ASC3_income",0,-0.0824580006246226,1
1,2,0.01,10,"ASC3_child",0,-0.038231491159261,1
1,2,0.01,10,"prot25_male",1,0.626836940688149,1
1,2,0.01,10,"prot25_age",0,0.119101044632957,1
1,2,0.01,10,"prot25_income",0,0.11977145674011,1
1,2,0.01,10,"prot25_child",0,0.307054459144612,1
1,2,0.01,10,"prot50_male",0.4,0.356674845030091,1
1,2,0.01,10,"prot50_age",0,0.0464808397897028,1
1,2,0.01,10,"prot50_income",0,-0.0860700771730569,1
1,2,0.01,10,"prot50_child",0.7,0.850141539099006,1
1,2,0.01,10,"invasive_male",0,0.525691381057868,1
1,2,0.01,10,"invasive_age",0.6,0.202899704387163,1
1,2,0.01,10,"invasive_income",0,-0.162821122895518,1
1,2,0.01,10,"invasive_child",-0.7,-0.143614496507792,1
1,2,0.01,11,"ASC2_male",1.1,0.180672233418478,1
1,2,0.01,11,"ASC2_age",-0.5,-0.0759762650958252,1
1,2,0.01,11,"ASC2_income",0,0.156984421560692,1
1,2,0.01,11,"ASC2_child",-0.5,-0.305071693092496,1
1,2,0.01,11,"ASC3_male",0,-0.210966202639896,1
1,2,0.01,11,"ASC3_age",0,0.135412020451455,1
1,2,0.01,11,"ASC3_income",-0.7,-0.192653444354783,1
1,2,0.01,11,"ASC3_child",0,-0.00411595455015882,0
1,2,0.01,11,"prot25_male",0,0.215862612596302,1
1,2,0.01,11,"prot25_age",0.7,0.306351787292808,1
1,2,0.01,11,"prot25_income",0,-0.131349651394385,1
1,2,0.01,11,"prot25_child",0,0.186281591982512,1
1,2,0.01,11,"prot50_male",-1,0.0545383122722254,1
1,2,0.01,11,"prot50_age",0.7,0.31284863612353,1
1,2,0.01,11,"prot50_income",0.1,0.037983856588935,1
1,2,0.01,11,"prot50_child",1.2,0.704432239067645,1
1,2,0.01,11,"invasive_male",0,0.331892550146543,1
1,2,0.01,11,"invasive_age",0,0.00367501735464786,0
1,2,0.01,11,"invasive_income",-0.2,-0.0727760942137363,1
1,2,0.01,11,"invasive_child",0,-0.110357074996319,1
1,2,0.01,12,"ASC2_male",0,0.226576398212247,1
1,2,0.01,12,"ASC2_age",0.8,0.503682042516923,1
1,2,0.01,12,"ASC2_income",0,0.247908806392948,1
1,2,0.01,12,"ASC2_child",0,-0.368968304743898,1
1,2,0.01,12,"ASC3_male",0.6,0.605215121065564,1
1,2,0.01,12,"ASC3_age",0.2,0.175901706208202,1
1,2,0.01,12,"ASC3_income",0,0.146520036961444,1
1,2,0.01,12,"ASC3_child",0,-0.282687437114081,1
1,2,0.01,12,"prot25_male",0,-0.318776692469955,1
1,2,0.01,12,"prot25_age",-0.9,-0.538555702613963,1
1,2,0.01,12,"prot25_income",0,-0.0968075337719295,1
1,2,0.01,12,"prot25_child",0.2,0.420623162337565,1
1,2,0.01,12,"prot50_male",-0.7,-0.423226360355277,1
1,2,0.01,12,"prot50_age",-0.6,-0.393103988064179,1
1,2,0.01,12,"prot50_income",0,-0.134437172543566,1
1,2,0.01,12,"prot50_child",0,0.115850685506647,1
1,2,0.01,12,"invasive_male",-0.7,0.0158256544798569,1
1,2,0.01,12,"invasive_age",-1.2,-0.579976867543851,1
1,2,0.01,12,"invasive_income",-1.1,-0.599088144807602,1
1,2,0.01,12,"invasive_child",0,-0.124081653922555,1
1,2,0.01,13,"ASC2_male",-0.7,-0.126802054753378,1
1,2,0.01,13,"ASC2_age",-0.3,-0.174468752568009,1
1,2,0.01,13,"ASC2_income",0,0.064949700535964,1
1,2,0.01,13,"ASC2_child",0,0.0742444286672606,1
1,2,0.01,13,"ASC3_male",0,0.139153129424032,1
1,2,0.01,13,"ASC3_age",0,0.0821982096871595,1
1,2,0.01,13,"ASC3_income",0,0.0598102437766267,1
1,2,0.01,13,"ASC3_child",-1.1,-0.347681720999487,1
1,2,0.01,13,"prot25_male",-0.5,-0.136883948402048,1
1,2,0.01,13,"prot25_age",0,-0.062960753619415,1
1,2,0.01,13,"prot25_income",0.3,0.0415242264076478,1
1,2,0.01,13,"prot25_child",-0.3,-0.679239301213932,1
1,2,0.01,13,"prot50_male",0.9,0.319962225837908,1
1,2,0.01,13,"prot50_age",1,0.432352267071679,1
1,2,0.01,13,"prot50_income",-0.5,-0.314257769660959,1
1,2,0.01,13,"prot50_child",0,-0.147803937645264,1
1,2,0.01,13,"invasive_male",0,0.189995759705273,1
1,2,0.01,13,"invasive_age",0,0.0792540024039172,1
1,2,0.01,13,"invasive_income",1,0.482581646620607,1
1,2,0.01,13,"invasive_child",0,0.128713613975366,1
1,2,0.01,14,"ASC2_male",0.7,0.152320807806919,1
1,2,0.01,14,"ASC2_age",0,0.00299787794308377,0
1,2,0.01,14,"ASC2_income",0,-0.0941319414989043,1
1,2,0.01,14,"ASC2_child",-1.2,-0.651223208639867,1
1,2,0.01,14,"ASC3_male",-1.1,-0.64126288433375,1
1,2,0.01,14,"ASC3_age",0,-0.0722907671718702,1
1,2,0.01,14,"ASC3_income",0,-0.0714814154515836,1
1,2,0.01,14,"ASC3_child",0,-0.104739425866277,1
1,2,0.01,14,"prot25_male",0,0.288566246342919,1
1,2,0.01,14,"prot25_age",-0.2,-0.152792066649558,1
1,2,0.01,14,"prot25_income",-1,-0.679740567965879,1
1,2,0.01,14,"prot25_child",-0.2,0.107061183726893,1
1,2,0.01,14,"prot50_male",0,0.337301776271913,1
1,2,0.01,14,"prot50_age",-1,-0.492259134888462,1
1,2,0.01,14,"prot50_income",1,0.344113564338141,1
1,2,0.01,14,"prot50_child",0,0.0368011753600099,1
1,2,0.01,14,"invasive_male",0,-0.124348992589408,1
1,2,0.01,14,"invasive_age",0.6,0.276882942462475,1
1,2,0.01,14,"invasive_income",0.2,-0.000562229849332099,0
1,2,0.01,14,"invasive_child",0,0.0848713369897092,1
1,2,0.01,15,"ASC2_male",-0.1,0.400628377700821,1
1,2,0.01,15,"ASC2_age",-0.6,-0.440375829116313,1
1,2,0.01,15,"ASC2_income",0.3,0.216786198951544,1
1,2,0.01,15,"ASC2_child",0,0.253230226662212,1
1,2,0.01,15,"ASC3_male",0,0.402352433157354,1
1,2,0.01,15,"ASC3_age",0,-0.162417524053734,1
1,2,0.01,15,"ASC3_income",1.1,0.639739944378466,1
1,2,0.01,15,"ASC3_child",1.2,0.801902941683572,1
1,2,0.01,15,"prot25_male",0,-0.210466333767233,1
1,2,0.01,15,"prot25_age",0,-0.0104959736752902,1
1,2,0.01,15,"prot25_income",0,-0.0522202494694149,1
1,2,0.01,15,"prot25_child",0.8,0.190433118196303,1
1,2,0.01,15,"prot50_male",0,-0.223219326785823,1
1,2,0.01,15,"prot50_age",0.8,0.493370278747209,1
1,2,0.01,15,"prot50_income",0.2,0.00829131714607828,0
1,2,0.01,15,"prot50_child",0,-0.104586734153787,1
1,2,0.01,15,"invasive_male",0,0.298540945793322,1
1,2,0.01,15,"invasive_age",-1.2,-0.69050094920531,1
1,2,0.01,15,"invasive_income",0,0.0645364612404907,1
1,2,0.01,15,"invasive_child",0.9,0.467813706138236,1
1,2,0.01,16,"ASC2_male",1,0.364881102061583,1
1,2,0.01,16,"ASC2_age",1,0.37586487453461,1
1,2,0.01,16,"ASC2_income",0,-0.243294393278362,1
1,2,0.01,16,"ASC2_child",0,-0.255839397298037,1
1,2,0.01,16,"ASC3_male",0.7,0.362528950320014,1
1,2,0.01,16,"ASC3_age",0,-0.101403457456311,1
1,2,0.01,16,"ASC3_income",0,-0.184833708340384,1
1,2,0.01,16,"ASC3_child",-1,-0.749728322013144,1
1,2,0.01,16,"prot25_male",0,-0.143208611849116,1
1,2,0.01,16,"prot25_age",0.2,0.249524479220743,1
1,2,0.01,16,"prot25_income",0,0.146378349393835,1
1,2,0.01,16,"prot25_child",0,0.223600035898032,1
1,2,0.01,16,"prot50_male",0.9,0.257597080518386,1
1,2,0.01,16,"prot50_age",0.5,0.447794379018677,1
1,2,0.01,16,"prot50_income",0,0.177580963407695,1
1,2,0.01,16,"prot50_child",-0.3,-0.108996841363775,1
1,2,0.01,16,"invasive_male",-0.4,-0.19155805540813,1
1,2,0.01,16,"invasive_age",0,0.124236063926629,1
1,2,0.01,16,"invasive_income",0.2,0.055307177571066,1
1,2,0.01,16,"invasive_child",0,0.122986270441186,1
1,2,0.01,17,"ASC2_male",0.6,0.413742669407704,1
1,2,0.01,17,"ASC2_age",-1,-0.33163258910836,1
1,2,0.01,17,"ASC2_income",1,0.657908245116855,1
1,2,0.01,17,"ASC2_child",0.8,0.726468547905934,1
1,2,0.01,17,"ASC3_male",0,-0.087206653210759,1
1,2,0.01,17,"ASC3_age",0,0.036409104790485,1
1,2,0.01,17,"ASC3_income",0.7,0.55045237207896,1
1,2,0.01,17,"ASC3_child",-0.4,-0.154163856651219,1
1,2,0.01,17,"prot25_male",0,-0.0478111354631836,1
1,2,0.01,17,"prot25_age",0,-0.0518700612121654,1
1,2,0.01,17,"prot25_income",0,-0.0693112533163072,1
1,2,0.01,17,"prot25_child",-0.7,-0.596038653231888,1
1,2,0.01,17,"prot50_male",0,-0.337767505682697,1
1,2,0.01,17,"prot50_age",0,0.0104550124811861,1
1,2,0.01,17,"prot50_income",0.4,0.0469103411144572,1
1,2,0.01,17,"prot50_child",-1.1,-0.903592035186336,1
1,2,0.01,17,"invasive_male",0,-0.141816800433092,1
1,2,0.01,17,"invasive_age",0,-0.0219024963769636,1
1,2,0.01,17,"invasive_income",0,0.0454667533688807,1
1,2,0.01,17,"invasive_child",0.8,0.584136290339256,1
1,2,0.01,18,"ASC2_male",0,0.451470091422676,1
1,2,0.01,18,"ASC2_age",0,-0.00624254320472306,0
1,2,0.01,18,"ASC2_income",0.2,0.131463572804474,1
1,2,0.01,18,"ASC2_child",0,-0.18218477478611,1
1,2,0.01,18,"ASC3_male",0.3,0.520797531593969,1
1,2,0.01,18,"ASC3_age",0,-0.0260475487835131,1
1,2,0.01,18,"ASC3_income",0.7,0.436949784546923,1
1,2,0.01,18,"ASC3_child",0,-0.122543459665409,1
1,2,0.01,18,"prot25_male",0,-0.304464791899365,1
1,2,0.01,18,"prot25_age",0.2,0.0938372182276377,1
1,2,0.01,18,"prot25_income",0,-0.00374369987025419,0
1,2,0.01,18,"prot25_child",0.9,0.442889020145139,1
1,2,0.01,18,"prot50_male",-0.9,-0.719478182790722,1
1,2,0.01,18,"prot50_age",0,0.0294481439942966,1
1,2,0.01,18,"prot50_income",0,-0.0466290575702536,1
1,2,0.01,18,"prot50_child",0,0.0470840756195144,1
1,2,0.01,18,"invasive_male",-0.9,-0.129473504300387,1
1,2,0.01,18,"invasive_age",0.1,0.0514330483773223,1
1,2,0.01,18,"invasive_income",-0.5,-0.249751181884904,1
1,2,0.01,18,"invasive_child",-0.2,0.0475795621569237,1
1,2,0.01,19,"ASC2_male",0,0.0557983798701375,1
1,2,0.01,19,"ASC2_age",1.2,0.570373720564654,1
1,2,0.01,19,"ASC2_income",0,-0.0343515672532787,1
1,2,0.01,19,"ASC2_child",0,-0.139733096117581,1
1,2,0.01,19,"ASC3_male",0.1,0.0142370014958559,1
1,2,0.01,19,"ASC3_age",0,-0.0818312681682147,1
1,2,0.01,19,"ASC3_income",0.7,0.301213135685764,1
1,2,0.01,19,"ASC3_child",0,-0.185270497214636,1
1,2,0.01,19,"prot25_male",0,-0.0951832699349601,1
1,2,0.01,19,"prot25_age",0.2,0.18968255922874,1
1,2,0.01,19,"prot25_income",-0.1,0.159286583130676,1
1,2,0.01,19,"prot25_child",0.6,0.30260747536739,1
1,2,0.01,19,"prot50_male",0.4,0.00467237866622919,0
1,2,0.01,19,"prot50_age",0,0.160362840675429,1
1,2,0.01,19,"prot50_income",0,0.181561658510129,1
1,2,0.01,19,"prot50_child",0,0.185445147521359,1
1,2,0.01,19,"invasive_male",0.6,0.233153053564571,1
1,2,0.01,19,"invasive_age",0,0.0712114902484409,1
1,2,0.01,19,"invasive_income",0.2,0.196401022709377,1
1,2,0.01,19,"invasive_child",-0.8,-0.404676492164143,1
1,2,0.01,20,"ASC2_male",-1,-0.527486949162804,1
1,2,0.01,20,"ASC2_age",1,0.455687531001229,1
1,2,0.01,20,"ASC2_income",-0.8,-0.159186803016893,1
1,2,0.01,20,"ASC2_child",0,0.127943159196152,1
1,2,0.01,20,"ASC3_male",0,0.17238326931718,1
1,2,0.01,20,"ASC3_age",0,-0.0792458180021969,1
1,2,0.01,20,"ASC3_income",0,0.148008865359247,1
1,2,0.01,20,"ASC3_child",0,0.191122585309623,1
1,2,0.01,20,"prot25_male",0,-0.0502701113298482,1
1,2,0.01,20,"prot25_age",0,0.182639504892618,1
1,2,0.01,20,"prot25_income",0.3,-0.00511373890398958,0
1,2,0.01,20,"prot25_child",0.3,0.164228269090346,1
1,2,0.01,20,"prot50_male",0.4,0.402762702138471,1
1,2,0.01,20,"prot50_age",-0.9,-0.400110677559466,1
1,2,0.01,20,"prot50_income",-1.1,-0.665220907961839,1
1,2,0.01,20,"prot50_child",0,-0.306138312858255,1
1,2,0.01,20,"invasive_male",0,0.14604224294436,1
1,2,0.01,20,"invasive_age",-0.3,-0.17047808137257,1
1,2,0.01,20,"invasive_income",-0.7,-0.220017304214531,1
1,2,0.01,20,"invasive_child",0,0.246062386576447,1
1,2,0.01,21,"ASC2_male",-0.1,0.0091708807702904,0
1,2,0.01,21,"ASC2_age",0,-0.0647695344795576,1
1,2,0.01,21,"ASC2_income",0,0.107861879974596,1
1,2,0.01,21,"ASC2_child",0.4,0.628110795827826,1
1,2,0.01,21,"ASC3_male",0,-0.00261819688033599,0
1,2,0.01,21,"ASC3_age",-0.8,-0.512064810522758,1
1,2,0.01,21,"ASC3_income",0,0.0205398378077587,1
1,2,0.01,21,"ASC3_child",-0.3,0.429637917556967,1
1,2,0.01,21,"prot25_male",-0.8,-0.669198703063312,1
1,2,0.01,21,"prot25_age",-0.4,-0.060943833669756,1
1,2,0.01,21,"prot25_income",0,0.0136020557058465,1
1,2,0.01,21,"prot25_child",-0.3,-0.828393904999853,1
1,2,0.01,21,"prot50_male",0.5,0.239391701728089,1
1,2,0.01,21,"prot50_age",0,0.167082545769189,1
1,2,0.01,21,"prot50_income",0,-0.0486639321636542,1
1,2,0.01,21,"prot50_child",0.1,-0.292385295221183,1
1,2,0.01,21,"invasive_male",0,0.118670972374334,1
1,2,0.01,21,"invasive_age",-0.3,-0.243849347986023,1
1,2,0.01,21,"invasive_income",0,0.0500318521604469,1
1,2,0.01,21,"invasive_child",0,0.359260569227597,1
1,2,0.01,22,"ASC2_male",0.9,0.655541614393025,1
1,2,0.01,22,"ASC2_age",0,0.00720465975258756,0
1,2,0.01,22,"ASC2_income",0,-0.00591711141487631,0
1,2,0.01,22,"ASC2_child",-0.7,-0.322784531960856,1
1,2,0.01,22,"ASC3_male",-0.7,-0.087274413686252,1
1,2,0.01,22,"ASC3_age",0,-0.0131401465673756,1
1,2,0.01,22,"ASC3_income",0,-0.0810984683514991,1
1,2,0.01,22,"ASC3_child",0,0.234474545011028,1
1,2,0.01,22,"prot25_male",0,-0.267986777611406,1
1,2,0.01,22,"prot25_age",-0.2,-0.100899224105745,1
1,2,0.01,22,"prot25_income",0.4,0.165945864736988,1
1,2,0.01,22,"prot25_child",0,-0.46980711827145,1
1,2,0.01,22,"prot50_male",0.4,0.244788910369167,1
1,2,0.01,22,"prot50_age",-1,-0.455004541698456,1
1,2,0.01,22,"prot50_income",0,0.0430027342947789,1
1,2,0.01,22,"prot50_child",0.9,0.260198240691011,1
1,2,0.01,22,"invasive_male",0,0.293781188216852,1
1,2,0.01,22,"invasive_age",-0.8,-0.342947474558966,1
1,2,0.01,22,"invasive_income",0,0.0211598900146112,1
1,2,0.01,22,"invasive_child",-0.1,-0.229365638925898,1
1,2,0.01,23,"ASC2_male",-0.1,0.297664743348629,1
1,2,0.01,23,"ASC2_age",-0.3,0.157925454142603,1
1,2,0.01,23,"ASC2_income",0,0.159693963106798,1
1,2,0.01,23,"ASC2_child",0,0.272081142458054,1
1,2,0.01,23,"ASC3_male",-0.9,-0.094592822040268,1
1,2,0.01,23,"ASC3_age",0,0.287452588992289,1
1,2,0.01,23,"ASC3_income",0,0.119168246183243,1
1,2,0.01,23,"ASC3_child",1,0.998900579908464,1
1,2,0.01,23,"prot25_male",0,-0.156461580874987,1
1,2,0.01,23,"prot25_age",0,-0.144253297242812,1
1,2,0.01,23,"prot25_income",0,-0.304244137058268,1
1,2,0.01,23,"prot25_child",-1.1,-1.00054048028536,1
1,2,0.01,23,"prot50_male",-1.1,-0.500810041152202,1
1,2,0.01,23,"prot50_age",-0.8,-0.487461553173406,1
1,2,0.01,23,"prot50_income",0,-0.245107018478278,1
1,2,0.01,23,"prot50_child",0,-0.176268445846742,1
1,2,0.01,23,"invasive_male",-0.4,0.00949201404850991,0
1,2,0.01,23,"invasive_age",-0.4,-0.0373418672278682,1
1,2,0.01,23,"invasive_income",0.8,0.380771260633494,1
1,2,0.01,23,"invasive_child",0,0.237897309427566,1
1,2,0.01,24,"ASC2_male",0.6,0.290582488282549,1
1,2,0.01,24,"ASC2_age",-1.1,-0.550288555453478,1
1,2,0.01,24,"ASC2_income",0,0.221507235627609,1
1,2,0.01,24,"ASC2_child",0,-0.106406955282155,1
1,2,0.01,24,"ASC3_male",0,-0.106088383068145,1
1,2,0.01,24,"ASC3_age",0,0.0972028706063947,1
1,2,0.01,24,"ASC3_income",-0.6,-0.0816959778956951,1
1,2,0.01,24,"ASC3_child",0.4,0.0343041504497847,1
1,2,0.01,24,"prot25_male",-0.3,-0.0181363768321513,1
1,2,0.01,24,"prot25_age",0,-0.0663559657025573,1
1,2,0.01,24,"prot25_income",0,-0.106210872653628,1
1,2,0.01,24,"prot25_child",-0.4,0.0521404328515885,1
1,2,0.01,24,"prot50_male",0,0.0468601782404874,1
1,2,0.01,24,"prot50_age",0,0.0293120063702347,1
1,2,0.01,24,"prot50_income",-0.5,-0.375857520819567,1
1,2,0.01,24,"prot50_child",0,-0.0337289335714801,1
1,2,0.01,24,"invasive_male",0.9,0.294842960602354,1
1,2,0.01,24,"invasive_age",-0.7,-0.172523626620284,1
1,2,0.01,24,"invasive_income",1.2,0.622153231250973,1
1,2,0.01,24,"invasive_child",0,-0.286738160691344,1
1,2,0.01,25,"ASC2_male",-0.8,-0.756625767383114,1
1,2,0.01,25,"ASC2_age",1,0.682280648524838,1
1,2,0.01,25,"ASC2_income",0,-0.029574908893741,1
1,2,0.01,25,"ASC2_child",0,0.399008240776005,1
1,2,0.01,25,"ASC3_male",0.9,-0.122910223108203,1
1,2,0.01,25,"ASC3_age",0,0.155466652397875,1
1,2,0.01,25,"ASC3_income",-0.7,-0.305793006740516,1
1,2,0.01,25,"ASC3_child",-0.9,-0.143134767534783,1
1,2,0.01,25,"prot25_male",0,0.394397179803045,1
1,2,0.01,25,"prot25_age",0,-0.13001915658445,1
1,2,0.01,25,"prot25_income",-0.9,-0.547821432132607,1
1,2,0.01,25,"prot25_child",0,-0.32047213917375,1
1,2,0.01,25,"prot50_male",0,0.247546360253094,1
1,2,0.01,25,"prot50_age",0,-0.0329711779329804,1
1,2,0.01,25,"prot50_income",0.3,-0.150980667220256,1
1,2,0.01,25,"prot50_child",0,-0.22767114585638,1
1,2,0.01,25,"invasive_male",-1.2,-0.778014606110904,1
1,2,0.01,25,"invasive_age",0.2,0.0793751027156695,1
1,2,0.01,25,"invasive_income",0,-0.222153379636063,1
1,2,0.01,25,"invasive_child",-0.3,0.144480084495101,1
1,2,0.01,26,"ASC2_male",0,-0.00557138330262784,0
1,2,0.01,26,"ASC2_age",0,0.0437617566452884,1
1,2,0.01,26,"ASC2_income",-0.2,-0.000353582541914805,0
1,2,0.01,26,"ASC2_child",0,-0.220861803419533,1
1,2,0.01,26,"ASC3_male",0.2,0.224387732717302,1
1,2,0.01,26,"ASC3_age",0,-0.00238142141848489,0
1,2,0.01,26,"ASC3_income",-0.6,-0.353039861724226,1
1,2,0.01,26,"ASC3_child",-0.4,-0.176281293370013,1
1,2,0.01,26,"prot25_male",0,-0.0717181088222669,1
1,2,0.01,26,"prot25_age",0.3,0.118310216454977,1
1,2,0.01,26,"prot25_income",-1.1,-0.604512376494904,1
1,2,0.01,26,"prot25_child",0.6,0.382176793802252,1
1,2,0.01,26,"prot50_male",0,-0.195249109869308,1
1,2,0.01,26,"prot50_age",1.2,0.55948666513646,1
1,2,0.01,26,"prot50_income",0,0.0404073295045948,1
1,2,0.01,26,"prot50_child",-0.3,-0.0667181658097966,1
1,2,0.01,26,"invasive_male",0,-0.0668940528958869,1
1,2,0.01,26,"invasive_age",0,0.114794754616988,1
1,2,0.01,26,"invasive_income",0,0.074540620018756,1
1,2,0.01,26,"invasive_child",0.9,0.489867509333097,1
1,2,0.01,27,"ASC2_male",0.2,-0.142976717833643,1
1,2,0.01,27,"ASC2_age",-0.9,-0.66582027869233,1
1,2,0.01,27,"ASC2_income",0.7,0.342542890139654,1
1,2,0.01,27,"ASC2_child",0,-0.284259072086761,1
1,2,0.01,27,"ASC3_male",0,0.012580941412548,1
1,2,0.01,27,"ASC3_age",0,-0.0792452974510922,1
1,2,0.01,27,"ASC3_income",0.5,0.117159632004208,1
1,2,0.01,27,"ASC3_child",-0.7,-0.57166034244516,1
1,2,0.01,27,"prot25_male",0.8,0.684603681168511,1
1,2,0.01,27,"prot25_age",0,0.0746724904159082,1
1,2,0.01,27,"prot25_income",0,0.255885971459677,1
1,2,0.01,27,"prot25_child",0,0.066779516865767,1
1,2,0.01,27,"prot50_male",0,-0.00666085038233754,0
1,2,0.01,27,"prot50_age",0.7,0.440123418916093,1
1,2,0.01,27,"prot50_income",0,0.125821840664665,1
1,2,0.01,27,"prot50_child",-1,-0.30984591044728,1
1,2,0.01,27,"invasive_male",0,-0.435157021851872,1
1,2,0.01,27,"invasive_age",0,-0.154625014997646,1
1,2,0.01,27,"invasive_income",1,0.764925146658868,1
1,2,0.01,27,"invasive_child",0.9,0.191500955770738,1
1,2,0.01,28,"ASC2_male",0,-0.181443756939718,1
1,2,0.01,28,"ASC2_age",0,0.0879822233422799,1
1,2,0.01,28,"ASC2_income",0,0.108980790571465,1
1,2,0.01,28,"ASC2_child",-0.9,-0.713930694526751,1
1,2,0.01,28,"ASC3_male",-0.9,-0.530665065346108,1
1,2,0.01,28,"ASC3_age",-0.3,-0.0546644448758543,1
1,2,0.01,28,"ASC3_income",0,0.260591694732808,1
1,2,0.01,28,"ASC3_child",0,-0.379549081754564,1
1,2,0.01,28,"prot25_male",-0.7,-0.239599966370727,1
1,2,0.01,28,"prot25_age",-0.3,-0.127436182413495,1
1,2,0.01,28,"prot25_income",0,-0.143465011203788,1
1,2,0.01,28,"prot25_child",0,0.408730994846624,1
1,2,0.01,28,"prot50_male",-0.3,-0.251926656418295,1
1,2,0.01,28,"prot50_age",0.2,-0.0313522170882825,1
1,2,0.01,28,"prot50_income",0,-0.251732863849781,1
1,2,0.01,28,"prot50_child",0,0.473422664770158,1
1,2,0.01,28,"invasive_male",0.5,0.316104027886882,1
1,2,0.01,28,"invasive_age",0,0.0559989262571089,1
1,2,0.01,28,"invasive_income",-1,-0.52158897221459,1
1,2,0.01,28,"invasive_child",0.6,0.401967216013613,1
1,2,0.01,29,"ASC2_male",0.3,0.334990557447636,1
1,2,0.01,29,"ASC2_age",0.9,0.428039443286708,1
1,2,0.01,29,"ASC2_income",1.2,0.834140738083634,1
1,2,0.01,29,"ASC2_child",0.5,0.0721401877403244,1
1,2,0.01,29,"ASC3_male",1.1,0.669569041305429,1
1,2,0.01,29,"ASC3_age",0,0.00986652481167772,0
1,2,0.01,29,"ASC3_income",0,0.185008359375733,1
1,2,0.01,29,"ASC3_child",0.1,0.0444612739337299,1
1,2,0.01,29,"prot25_male",-1.1,-0.894559976073613,1
1,2,0.01,29,"prot25_age",0,0.0600968773733969,1
1,2,0.01,29,"prot25_income",0,-0.167887471473862,1
1,2,0.01,29,"prot25_child",-0.5,-0.188639500787922,1
1,2,0.01,29,"prot50_male",0,-0.0635381509986834,1
1,2,0.01,29,"prot50_age",-0.9,-0.367695701506509,1
1,2,0.01,29,"prot50_income",-0.8,-0.574221933829161,1
1,2,0.01,29,"prot50_child",0,-0.0316565094281977,1
1,2,0.01,29,"invasive_male",0,0.279467290348391,1
1,2,0.01,29,"invasive_age",0,-0.0271408184797058,1
1,2,0.01,29,"invasive_income",0,0.138697918012552,1
1,2,0.01,29,"invasive_child",0,-0.167445662277139,1
1,2,0.01,30,"ASC2_male",0.4,0.632852230887879,1
1,2,0.01,30,"ASC2_age",0,0.127198571746265,1
1,2,0.01,30,"ASC2_income",0,0.18685577975922,1
1,2,0.01,30,"ASC2_child",0.7,0.243560399753908,1
1,2,0.01,30,"ASC3_male",1.1,1.00142216230676,1
1,2,0.01,30,"ASC3_age",0,0.122597007906337,1
1,2,0.01,30,"ASC3_income",0.4,0.362978066859798,1
1,2,0.01,30,"ASC3_child",0.9,0.506848101277739,1
1,2,0.01,30,"prot25_male",-0.2,-0.306921711676166,1
1,2,0.01,30,"prot25_age",0.1,0.0095355539269264,0
1,2,0.01,30,"prot25_income",0.3,-0.103251466792176,1
1,2,0.01,30,"prot25_child",0,0.0334081110259255,1
1,2,0.01,30,"prot50_male",0,-0.230305095281033,1
1,2,0.01,30,"prot50_age",0,-0.0728223713966381,1
1,2,0.01,30,"prot50_income",0,-0.158828556978525,1
1,2,0.01,30,"prot50_child",0,0.357462679416576,1
1,2,0.01,30,"invasive_male",-0.6,-0.135552751862185,1
1,2,0.01,30,"invasive_age",0,0.131078689797755,1
1,2,0.01,30,"invasive_income",-1,-0.439020403248056,1
1,2,0.01,30,"invasive_child",0,0.226673816060008,1
1,2,0.01,31,"ASC2_male",-0.3,0.0663245988613079,1
1,2,0.01,31,"ASC2_age",1.2,0.571536268771868,1
1,2,0.01,31,"ASC2_income",1,0.408728691343595,1
1,2,0.01,31,"ASC2_child",0,0.0690321002580269,1
1,2,0.01,31,"ASC3_male",0,0.321993459122084,1
1,2,0.01,31,"ASC3_age",1.1,0.524882018364879,1
1,2,0.01,31,"ASC3_income",-0.6,-0.43254688133672,1
1,2,0.01,31,"ASC3_child",0,0.103628110368615,1
1,2,0.01,31,"prot25_male",0,-0.0793652782396746,1
1,2,0.01,31,"prot25_age",-0.2,-0.0862510937840103,1
1,2,0.01,31,"prot25_income",0,0.085211828526276,1
1,2,0.01,31,"prot25_child",-0.2,-0.186769206229216,1
1,2,0.01,31,"prot50_male",-0.3,-0.227806538800571,1
1,2,0.01,31,"prot50_age",0,0.0557854605853805,1
1,2,0.01,31,"prot50_income",0,-0.0387773648997226,1
1,2,0.01,31,"prot50_child",0,0.036532460419829,1
1,2,0.01,31,"invasive_male",0,0.0562283915206695,1
1,2,0.01,31,"invasive_age",0.2,0.110527074101691,1
1,2,0.01,31,"invasive_income",0.9,0.484933069720062,1
1,2,0.01,31,"invasive_child",0,0.360602021666394,1
1,2,0.01,32,"ASC2_male",0.6,0.189450578689683,1
1,2,0.01,32,"ASC2_age",0,0.0402850991011269,1
1,2,0.01,32,"ASC2_income",1.1,0.338305874645109,1
1,2,0.01,32,"ASC2_child",0,0.139759581124157,1
1,2,0.01,32,"ASC3_male",-0.7,-0.454357580574591,1
1,2,0.01,32,"ASC3_age",-1.1,-0.44576861451172,1
1,2,0.01,32,"ASC3_income",0,-0.245193160036114,1
1,2,0.01,32,"ASC3_child",-0.3,-0.166602839418251,1
1,2,0.01,32,"prot25_male",0.7,0.306353482235866,1
1,2,0.01,32,"prot25_age",0,-0.138936922662146,1
1,2,0.01,32,"prot25_income",-0.5,-0.115794794196386,1
1,2,0.01,32,"prot25_child",-1.1,-0.640005046960562,1
1,2,0.01,32,"prot50_male",0,-0.11326002416413,1
1,2,0.01,32,"prot50_age",-0.6,-0.364763432710636,1
1,2,0.01,32,"prot50_income",0,0.114638371519936,1
1,2,0.01,32,"prot50_child",0,-0.163190765006821,1
1,2,0.01,32,"invasive_male",0,-0.049249732852512,1
1,2,0.01,32,"invasive_age",0,-0.0398192232161929,1
1,2,0.01,32,"invasive_income",0,-0.120956010653576,1
1,2,0.01,32,"invasive_child",0.2,-0.0790965950169094,1
1,2,0.01,33,"ASC2_male",-0.4,-0.786838223572984,1
1,2,0.01,33,"ASC2_age",0,0.313283037285124,1
1,2,0.01,33,"ASC2_income",0,0.0196465789295045,1
1,2,0.01,33,"ASC2_child",0,0.279514989885066,1
1,2,0.01,33,"ASC3_male",0.6,-0.405049792769358,1
1,2,0.01,33,"ASC3_age",0,0.281661297524693,1
1,2,0.01,33,"ASC3_income",-1,-0.361728100569365,1
1,2,0.01,33,"ASC3_child",0,0.257194617572748,1
1,2,0.01,33,"prot25_male",0,0.463447713420279,1
1,2,0.01,33,"prot25_age",0,-0.279357825757124,1
1,2,0.01,33,"prot25_income",0,-0.192848305071076,1
1,2,0.01,33,"prot25_child",1.1,0.271403640242132,1
1,2,0.01,33,"prot50_male",0,0.144639511048447,1
1,2,0.01,33,"prot50_age",0.4,-0.0477673462794833,1
1,2,0.01,33,"prot50_income",0.3,0.0616484377422021,1
1,2,0.01,33,"prot50_child",-0.4,-0.221121641592193,1
1,2,0.01,33,"invasive_male",0.3,-0.409884877916538,1
1,2,0.01,33,"invasive_age",0,0.102247336187711,1
1,2,0.01,33,"invasive_income",0.6,0.338929635913066,1
1,2,0.01,33,"invasive_child",0.8,0.532745449456913,1
1,2,0.01,34,"ASC2_male",0,0.694283587613214,1
1,2,0.01,34,"ASC2_age",0,0.0869730847687721,1
1,2,0.01,34,"ASC2_income",-0.8,-0.706778301474031,1
1,2,0.01,34,"ASC2_child",-0.4,-0.235653250527556,1
1,2,0.01,34,"ASC3_male",0,0.623146765149412,1
1,2,0.01,34,"ASC3_age",0,0.01771976979421,1
1,2,0.01,34,"ASC3_income",0,-0.191967526997786,1
1,2,0.01,34,"ASC3_child",0.4,0.054468278103799,1
1,2,0.01,34,"prot25_male",0,-0.557769044103419,1
1,2,0.01,34,"prot25_age",0,-0.0596156862673867,1
1,2,0.01,34,"prot25_income",1,0.628573724622699,1
1,2,0.01,34,"prot25_child",1.2,0.568045010836611,1
1,2,0.01,34,"prot50_male",0.1,-0.378128054416168,1
1,2,0.01,34,"prot50_age",0.2,-0.0551867655239576,1
1,2,0.01,34,"prot50_income",-0.5,-0.0946930663098852,1
1,2,0.01,34,"prot50_child",0,0.209042016940256,1
1,2,0.01,34,"invasive_male",0,0.127905457906186,1
1,2,0.01,34,"invasive_age",0,-0.0914471279727774,1
1,2,0.01,34,"invasive_income",-1,-0.60140123572422,1
1,2,0.01,34,"invasive_child",0.2,0.102766306794387,1
1,2,0.01,35,"ASC2_male",0,-0.137296433822653,1
1,2,0.01,35,"ASC2_age",0,0.0189020614245293,1
1,2,0.01,35,"ASC2_income",0.9,0.31538896315712,1
1,2,0.01,35,"ASC2_child",0,0.0629513042963962,1
1,2,0.01,35,"ASC3_male",0,-0.100644678139382,1
1,2,0.01,35,"ASC3_age",1.1,0.583262795591116,1
1,2,0.01,35,"ASC3_income",0,-0.229682510047719,1
1,2,0.01,35,"ASC3_child",0,-0.0699861188168003,1
1,2,0.01,35,"prot25_male",-0.2,-0.10808281343889,1
1,2,0.01,35,"prot25_age",0.3,0.117811869499745,1
1,2,0.01,35,"prot25_income",0,0.155812325837652,1
1,2,0.01,35,"prot25_child",-1.1,-0.470887603845235,1
1,2,0.01,35,"prot50_male",-0.4,0.0727083471154249,1
1,2,0.01,35,"prot50_age",0,-0.107154978236584,1
1,2,0.01,35,"prot50_income",-0.3,-0.0587285703386678,1
1,2,0.01,35,"prot50_child",0.5,0.230877010811997,1
1,2,0.01,35,"invasive_male",0.1,0.153500651791351,1
1,2,0.01,35,"invasive_age",0,-0.0439265049587084,1
1,2,0.01,35,"invasive_income",-1.1,-0.637741828545789,1
1,2,0.01,35,"invasive_child",0,0.135675627643418,1
1,2,0.01,36,"ASC2_male",-0.4,-0.679505034330555,1
1,2,0.01,36,"ASC2_age",-1,-0.597032189829962,1
1,2,0.01,36,"ASC2_income",-0.5,-0.452741389272232,1
1,2,0.01,36,"ASC2_child",-0.9,-0.35673549345064,1
1,2,0.01,36,"ASC3_male",0,-0.457855676066651,1
1,2,0.01,36,"ASC3_age",1.1,0.535146362114798,1
1,2,0.01,36,"ASC3_income",0,-0.222345981345284,1
1,2,0.01,36,"ASC3_child",0,0.0850907972362874,1
1,2,0.01,36,"prot25_male",0,0.269802962794289,1
1,2,0.01,36,"prot25_age",0,0.0506793557606563,1
1,2,0.01,36,"prot25_income",1.1,0.517098197463716,1
1,2,0.01,36,"prot25_child",-0.5,-0.355564621027116,1
1,2,0.01,36,"prot50_male",0,0.174609180735608,1
1,2,0.01,36,"prot50_age",0,-0.0635505193704273,1
1,2,0.01,36,"prot50_income",1.1,0.562835759533259,1
1,2,0.01,36,"prot50_child",0,0.00314470245693151,0
1,2,0.01,36,"invasive_male",0.3,0.0846155217314121,1
1,2,0.01,36,"invasive_age",0,-0.0912189230406416,1
1,2,0.01,36,"invasive_income",-0.5,-0.278182438226314,1
1,2,0.01,36,"invasive_child",0,0.056532708553809,1
1,2,0.01,37,"ASC2_male",0.6,-0.0121901671763249,1
1,2,0.01,37,"ASC2_age",0,0.0224675318796303,1
1,2,0.01,37,"ASC2_income",0.9,0.63961614441225,1
1,2,0.01,37,"ASC2_child",0,-0.12083456491077,1
1,2,0.01,37,"ASC3_male",0,-0.220271990113557,1
1,2,0.01,37,"ASC3_age",0.6,0.312891087788763,1
1,2,0.01,37,"ASC3_income",1.1,0.658235322193669,1
1,2,0.01,37,"ASC3_child",-0.8,-0.279913878239098,1
1,2,0.01,37,"prot25_male",-1.2,-0.453775795157744,1
1,2,0.01,37,"prot25_age",0,-0.000927058213421159,0
1,2,0.01,37,"prot25_income",1.1,0.493008068118602,1
1,2,0.01,37,"prot25_child",0,0.0688991322893808,1
1,2,0.01,37,"prot50_male",0,0.29432584306838,1
1,2,0.01,37,"prot50_age",0.5,0.19485552709802,1
1,2,0.01,37,"prot50_income",0,-0.124898330265126,1
1,2,0.01,37,"prot50_child",0,-0.0942065213882658,1
1,2,0.01,37,"invasive_male",0,0.0612146868667732,1
1,2,0.01,37,"invasive_age",1.1,0.483507251127115,1
1,2,0.01,37,"invasive_income",0,-0.0839943737914418,1
1,2,0.01,37,"invasive_child",0.6,0.413760595744979,1
1,2,0.01,38,"ASC2_male",0.3,-0.0699499601086697,1
1,2,0.01,38,"ASC2_age",0.3,0.215119439942206,1
1,2,0.01,38,"ASC2_income",0,-0.103381014553083,1
1,2,0.01,38,"ASC2_child",0.9,0.287243947101531,1
1,2,0.01,38,"ASC3_male",0,-0.370189290493737,1
1,2,0.01,38,"ASC3_age",-0.6,-0.326037176695573,1
1,2,0.01,38,"ASC3_income",0,-0.0351380361539967,1
1,2,0.01,38,"ASC3_child",0,-0.0600812594979048,1
1,2,0.01,38,"prot25_male",0,0.452696941438763,1
1,2,0.01,38,"prot25_age",0,0.123188682773471,1
1,2,0.01,38,"prot25_income",0.7,0.483335807160705,1
1,2,0.01,38,"prot25_child",0,0.203226818545079,1
1,2,0.01,38,"prot50_male",0,0.241432836902468,1
1,2,0.01,38,"prot50_age",0,0.139493990922145,1
1,2,0.01,38,"prot50_income",0.2,0.145238137831118,1
1,2,0.01,38,"prot50_child",-0.8,-0.0652869667863817,1
1,2,0.01,38,"invasive_male",0.1,-0.0878558352987198,1
1,2,0.01,38,"invasive_age",0,0.0697781978422903,1
1,2,0.01,38,"invasive_income",-0.6,-0.327909940013607,1
1,2,0.01,38,"invasive_child",-0.6,-0.123940567107539,1
1,2,0.01,39,"ASC2_male",0.9,0.641001057313018,1
1,2,0.01,39,"ASC2_age",0,0.153899738303014,1
1,2,0.01,39,"ASC2_income",0,0.0863353149052241,1
1,2,0.01,39,"ASC2_child",0,0.149730698994378,1
1,2,0.01,39,"ASC3_male",-0.9,-0.502497711215983,1
1,2,0.01,39,"ASC3_age",0,0.132488185427439,1
1,2,0.01,39,"ASC3_income",-0.7,-0.29926385362834,1
1,2,0.01,39,"ASC3_child",-1.1,-0.333857529747121,1
1,2,0.01,39,"prot25_male",-1,-0.770094500438012,1
1,2,0.01,39,"prot25_age",-0.6,-0.471473370652782,1
1,2,0.01,39,"prot25_income",0.7,0.269458911898834,1
1,2,0.01,39,"prot25_child",-0.3,-0.415899132208828,1
1,2,0.01,39,"prot50_male",0,-0.120096547578077,1
1,2,0.01,39,"prot50_age",0,-0.0799396210793427,1
1,2,0.01,39,"prot50_income",0,-0.185640296741775,1
1,2,0.01,39,"prot50_child",0,-0.285728089854218,1
1,2,0.01,39,"invasive_male",1.1,0.531285095516931,1
1,2,0.01,39,"invasive_age",0,0.0577924486197781,1
1,2,0.01,39,"invasive_income",0,-0.000478698164575006,0
1,2,0.01,39,"invasive_child",-0.6,-0.254257482543075,1
1,2,0.01,40,"ASC2_male",0,-0.164208920758952,1
1,2,0.01,40,"ASC2_age",-0.3,-0.152404219172893,1
1,2,0.01,40,"ASC2_income",1.1,0.449771370151802,1
1,2,0.01,40,"ASC2_child",0,0.294759091059333,1
1,2,0.01,40,"ASC3_male",0.5,0.211861827914717,1
1,2,0.01,40,"ASC3_age",0,0.0214243201969789,1
1,2,0.01,40,"ASC3_income",-0.9,-0.58533654806338,1
1,2,0.01,40,"ASC3_child",-1,-0.490149686460604,1
1,2,0.01,40,"prot25_male",-0.5,-0.146529526285939,1
1,2,0.01,40,"prot25_age",-0.3,-0.199137527609484,1
1,2,0.01,40,"prot25_income",0,-0.0970402423101602,1
1,2,0.01,40,"prot25_child",0,0.151715595622424,1
1,2,0.01,40,"prot50_male",0,0.297370174988626,1
1,2,0.01,40,"prot50_age",-1,-0.526664705652585,1
1,2,0.01,40,"prot50_income",0,0.0118835780549997,1
1,2,0.01,40,"prot50_child",0,-0.106883795393101,1
1,2,0.01,40,"invasive_male",0,0.0802626100288732,1
1,2,0.01,40,"invasive_age",-0.3,-0.09414819734324,1
1,2,0.01,40,"invasive_income",-0.1,-0.221669555961929,1
1,2,0.01,40,"invasive_child",0,-0.0513560703237547,1
1,2,0.01,41,"ASC2_male",-0.5,-0.160001609789209,1
1,2,0.01,41,"ASC2_age",0.9,0.537082708260659,1
1,2,0.01,41,"ASC2_income",1.1,0.597549578008845,1
1,2,0.01,41,"ASC2_child",0,-0.171812055011561,1
1,2,0.01,41,"ASC3_male",0.3,0.191598876250846,1
1,2,0.01,41,"ASC3_age",0,0.147845503346557,1
1,2,0.01,41,"ASC3_income",0,-0.0252048850455288,1
1,2,0.01,41,"ASC3_child",0,-0.083458949277976,1
1,2,0.01,41,"prot25_male",0,-0.0600511390105033,1
1,2,0.01,41,"prot25_age",0,0.0206567238907817,1
1,2,0.01,41,"prot25_income",-0.2,-0.038988962339748,1
1,2,0.01,41,"prot25_child",0.7,0.387873417032782,1
1,2,0.01,41,"prot50_male",-0.8,-0.637711874384175,1
1,2,0.01,41,"prot50_age",-0.4,-0.234990354395677,1
1,2,0.01,41,"prot50_income",0,0.139768718474921,1
1,2,0.01,41,"prot50_child",0,-0.122825028150528,1
1,2,0.01,41,"invasive_male",0,-0.0971396351926762,1
1,2,0.01,41,"invasive_age",0,0.206238589241527,1
1,2,0.01,41,"invasive_income",0.3,0.109632127184553,1
1,2,0.01,41,"invasive_child",0.5,0.227218900861348,1
1,2,0.01,42,"ASC2_male",0.6,0.40109719351292,1
1,2,0.01,42,"ASC2_age",0,-0.0419512215449903,1
1,2,0.01,42,"ASC2_income",0.6,0.404869334631606,1
1,2,0.01,42,"ASC2_child",0.8,0.824648491629663,1
1,2,0.01,42,"ASC3_male",0,-0.0146694033167788,1
1,2,0.01,42,"ASC3_age",-0.3,-0.137671972476288,1
1,2,0.01,42,"ASC3_income",0,0.140350035937714,1
1,2,0.01,42,"ASC3_child",-1,0.0466273328834759,1
1,2,0.01,42,"prot25_male",0,-0.15488303869264,1
1,2,0.01,42,"prot25_age",0.6,0.417036187430113,1
1,2,0.01,42,"prot25_income",0,-0.174752482722681,1
1,2,0.01,42,"prot25_child",0,-0.450477466012371,1
1,2,0.01,42,"prot50_male",0,-0.383052595041724,1
1,2,0.01,42,"prot50_age",0.7,0.419617278988757,1
1,2,0.01,42,"prot50_income",-0.9,-0.570414262628824,1
1,2,0.01,42,"prot50_child",-0.7,-0.744359402341735,1
1,2,0.01,42,"invasive_male",1.2,0.25443380264232,1
1,2,0.01,42,"invasive_age",0,0.104482654163865,1
1,2,0.01,42,"invasive_income",0,-0.0670332011250329,1
1,2,0.01,42,"invasive_child",0,0.125732381395465,1
1,2,0.01,43,"ASC2_male",-0.7,-0.512274571895374,1
1,2,0.01,43,"ASC2_age",0,0.0248401995502477,1
1,2,0.01,43,"ASC2_income",0,0.0397415513737586,1
1,2,0.01,43,"ASC2_child",0.2,0.131307108970819,1
1,2,0.01,43,"ASC3_male",0.5,-0.0473084616713649,1
1,2,0.01,43,"ASC3_age",0,0.0588427130607222,1
1,2,0.01,43,"ASC3_income",1,0.545412737213416,1
1,2,0.01,43,"ASC3_child",-0.3,-0.136673711709005,1
1,2,0.01,43,"prot25_male",0,0.271023651804733,1
1,2,0.01,43,"prot25_age",-0.9,-0.504554351480406,1
1,2,0.01,43,"prot25_income",0,-0.0792689155224819,1
1,2,0.01,43,"prot25_child",0,-0.0172202868013855,1
1,2,0.01,43,"prot50_male",0,0.19802342209289,1
1,2,0.01,43,"prot50_age",0,-0.047199561369813,1
1,2,0.01,43,"prot50_income",-1.2,-0.569855266102301,1
1,2,0.01,43,"prot50_child",0.6,0.416929392802464,1
1,2,0.01,43,"invasive_male",0.7,0.311153412208804,1
1,2,0.01,43,"invasive_age",0,0.150831876160226,1
1,2,0.01,43,"invasive_income",-0.6,-0.434138219410851,1
1,2,0.01,43,"invasive_child",0,0.105727868350777,1
1,2,0.01,44,"ASC2_male",0,0.14561215695265,1
1,2,0.01,44,"ASC2_age",-0.5,-0.249298107879443,1
1,2,0.01,44,"ASC2_income",-1,-0.405383874993533,1
1,2,0.01,44,"ASC2_child",-0.8,-0.217549930148903,1
1,2,0.01,44,"ASC3_male",-1.1,-0.535019796471458,1
1,2,0.01,44,"ASC3_age",0,-0.018548777614783,1
1,2,0.01,44,"ASC3_income",0,0.025621470501588,1
1,2,0.01,44,"ASC3_child",0,0.13710011568935,1
1,2,0.01,44,"prot25_male",-1.1,-0.593807635149903,1
1,2,0.01,44,"prot25_age",-0.3,-0.226335059415799,1
1,2,0.01,44,"prot25_income",0,-0.0796656199805286,1
1,2,0.01,44,"prot25_child",-0.6,-0.450746882390518,1
1,2,0.01,44,"prot50_male",0,-0.253434150096916,1
1,2,0.01,44,"prot50_age",0,-0.0152753383107067,1
1,2,0.01,44,"prot50_income",-0.8,-0.486468053754793,1
1,2,0.01,44,"prot50_child",0,0.344805238530833,1
1,2,0.01,44,"invasive_male",-0.3,0.140527537270819,1
1,2,0.01,44,"invasive_age",0,-0.0990950082947995,1
1,2,0.01,44,"invasive_income",0,-0.0635474749628038,1
1,2,0.01,44,"invasive_child",-0.4,0.145615185756536,1
1,2,0.01,45,"ASC2_male",0,0.115889704432416,1
1,2,0.01,45,"ASC2_age",0.7,0.523243441854242,1
1,2,0.01,45,"ASC2_income",1.1,0.534686764216576,1
1,2,0.01,45,"ASC2_child",0.3,0.233530475053453,1
1,2,0.01,45,"ASC3_male",0,-0.108092997825532,1
1,2,0.01,45,"ASC3_age",0.4,0.4074461055688,1
1,2,0.01,45,"ASC3_income",-0.1,-0.0953044813232829,1
1,2,0.01,45,"ASC3_child",0,0.0832347649765221,1
1,2,0.01,45,"prot25_male",0,-0.48148906644504,1
1,2,0.01,45,"prot25_age",0,-0.0128374138790672,1
1,2,0.01,45,"prot25_income",0,-0.0985978659821715,1
1,2,0.01,45,"prot25_child",1.1,0.433456650076202,1
1,2,0.01,45,"prot50_male",0,-0.315572104413544,1
1,2,0.01,45,"prot50_age",-0.4,-0.348457219256517,1
1,2,0.01,45,"prot50_income",0,-0.137672047923444,1
1,2,0.01,45,"prot50_child",0.4,0.104739371534662,1
1,2,0.01,45,"invasive_male",-0.3,-0.41701441295381,1
1,2,0.01,45,"invasive_age",-0.2,-0.0315464266478841,1
1,2,0.01,45,"invasive_income",0,-0.0787177265975148,1
1,2,0.01,45,"invasive_child",0,-0.187832446026801,1
1,2,0.01,46,"ASC2_male",0.4,-0.368297686482153,1
1,2,0.01,46,"ASC2_age",0,0.0986724270963276,1
1,2,0.01,46,"ASC2_income",0,0.128765887476286,1
1,2,0.01,46,"ASC2_child",-0.5,-0.531121940931409,1
1,2,0.01,46,"ASC3_male",-0.9,-0.994591250856406,1
1,2,0.01,46,"ASC3_age",0,-0.0155746759784486,1
1,2,0.01,46,"ASC3_income",-1,-0.445107454864792,1
1,2,0.01,46,"ASC3_child",0.7,0.238804958757066,1
1,2,0.01,46,"prot25_male",0,0.394976227538026,1
1,2,0.01,46,"prot25_age",-0.9,-0.439809687825986,1
1,2,0.01,46,"prot25_income",0,-0.0243832188039271,1
1,2,0.01,46,"prot25_child",0,0.576918589550119,1
1,2,0.01,46,"prot50_male",0,0.512713297128725,1
1,2,0.01,46,"prot50_age",0.3,-0.0242079856705396,1
1,2,0.01,46,"prot50_income",1,0.372358767216577,1
1,2,0.01,46,"prot50_child",0,0.251255443697942,1
1,2,0.01,46,"invasive_male",0.3,0.161504016643197,1
1,2,0.01,46,"invasive_age",0,-0.104357263465425,1
1,2,0.01,46,"invasive_income",0.2,0.0409176303638723,1
1,2,0.01,46,"invasive_child",0,0.0600054761146714,1
1,2,0.01,47,"ASC2_male",0,0.047537062687224,1
1,2,0.01,47,"ASC2_age",0,0.13669783005707,1
1,2,0.01,47,"ASC2_income",0.8,0.391463877264743,1
1,2,0.01,47,"ASC2_child",-1.2,-0.588259636380173,1
1,2,0.01,47,"ASC3_male",0.2,0.341257348305185,1
1,2,0.01,47,"ASC3_age",0,0.203181059121673,1
1,2,0.01,47,"ASC3_income",0,0.0387794781205498,1
1,2,0.01,47,"ASC3_child",0,0.0503286004768082,1
1,2,0.01,47,"prot25_male",0,0.1193480622419,1
1,2,0.01,47,"prot25_age",0.5,0.176778985959243,1
1,2,0.01,47,"prot25_income",0.4,0.255849733759928,1
1,2,0.01,47,"prot25_child",0.9,0.486460330676992,1
1,2,0.01,47,"prot50_male",0,0.0735615504649408,1
1,2,0.01,47,"prot50_age",-0.3,-0.306367560292916,1
1,2,0.01,47,"prot50_income",-0.7,-0.265057278005724,1
1,2,0.01,47,"prot50_child",-1.1,-0.561654855536391,1
1,2,0.01,47,"invasive_male",0,0.289289448224852,1
1,2,0.01,47,"invasive_age",0.5,0.37031523149436,1
1,2,0.01,47,"invasive_income",0,0.209944649940894,1
1,2,0.01,47,"invasive_child",0,0.16973654100641,1
1,2,0.01,48,"ASC2_male",1.1,1.13755426259732,1
1,2,0.01,48,"ASC2_age",0,-0.0517203478506537,1
1,2,0.01,48,"ASC2_income",0,-0.0770888440802832,1
1,2,0.01,48,"ASC2_child",-0.3,-0.306406060795101,1
1,2,0.01,48,"ASC3_male",0,0.428005033287224,1
1,2,0.01,48,"ASC3_age",0,0.00111202805838457,0
1,2,0.01,48,"ASC3_income",0.8,0.301439301932042,1
1,2,0.01,48,"ASC3_child",0,-0.0126740456513254,1
1,2,0.01,48,"prot25_male",-0.6,-0.846356243564076,1
1,2,0.01,48,"prot25_age",0,0.0080757319868329,0
1,2,0.01,48,"prot25_income",-0.2,-0.137074165035341,1
1,2,0.01,48,"prot25_child",0,0.408776564619702,1
1,2,0.01,48,"prot50_male",0,-0.38052577690469,1
1,2,0.01,48,"prot50_age",-0.4,-0.192247347045415,1
1,2,0.01,48,"prot50_income",0,-0.0583776444205093,1
1,2,0.01,48,"prot50_child",0,0.38161231937387,1
1,2,0.01,48,"invasive_male",0.7,0.440492678468026,1
1,2,0.01,48,"invasive_age",-0.6,-0.323898073557564,1
1,2,0.01,48,"invasive_income",-0.3,-0.214059244564747,1
1,2,0.01,48,"invasive_child",-0.7,-0.294606443210357,1
1,2,0.01,49,"ASC2_male",0.7,0.131793150322778,1
1,2,0.01,49,"ASC2_age",0,-0.0980070338078523,1
1,2,0.01,49,"ASC2_income",-0.8,-0.380567152184875,1
1,2,0.01,49,"ASC2_child",-0.9,-0.424896392273799,1
1,2,0.01,49,"ASC3_male",0,-0.216152785848916,1
1,2,0.01,49,"ASC3_age",0,-0.0799062600523452,1
1,2,0.01,49,"ASC3_income",-0.5,-0.340000919681371,1
1,2,0.01,49,"ASC3_child",0,-0.0269187880050487,1
1,2,0.01,49,"prot25_male",0.8,0.358299975442759,1
1,2,0.01,49,"prot25_age",0,-0.0153369097219195,1
1,2,0.01,49,"prot25_income",0,0.159999187714755,1
1,2,0.01,49,"prot25_child",0.5,0.166158106423265,1
1,2,0.01,49,"prot50_male",-0.1,-0.0415511957990538,1
1,2,0.01,49,"prot50_age",0.8,0.378297236083018,1
1,2,0.01,49,"prot50_income",0,0.0113518997373747,1
1,2,0.01,49,"prot50_child",0,-0.230906422544269,1
1,2,0.01,49,"invasive_male",-0.9,-0.551726603377072,1
1,2,0.01,49,"invasive_age",0,-0.0296725071611041,1
1,2,0.01,49,"invasive_income",0,0.0533538718605086,1
1,2,0.01,49,"invasive_child",0.3,0.0918539771380898,1
1,2,0.01,50,"ASC2_male",0,-0.0875786792174326,1
1,2,0.01,50,"ASC2_age",0.8,0.422694577173072,1
1,2,0.01,50,"ASC2_income",0,0.0607245401986802,1
1,2,0.01,50,"ASC2_child",0,0.241599052811756,1
1,2,0.01,50,"ASC3_male",-0.5,-0.139608329306981,1
1,2,0.01,50,"ASC3_age",-0.4,-0.350791758842911,1
1,2,0.01,50,"ASC3_income",1.1,0.662034495181108,1
1,2,0.01,50,"ASC3_child",0.5,0.295810379479782,1
1,2,0.01,50,"prot25_male",1.1,0.472178266475221,1
1,2,0.01,50,"prot25_age",0.8,0.465387451921579,1
1,2,0.01,50,"prot25_income",0,-0.123225659508353,1
1,2,0.01,50,"prot25_child",0,0.137477420954827,1
1,2,0.01,50,"prot50_male",-0.6,-0.268109146988047,1
1,2,0.01,50,"prot50_age",0,-0.0349318414230029,1
1,2,0.01,50,"prot50_income",-0.3,-0.136068885990566,1
1,2,0.01,50,"prot50_child",0,0.24455147798174,1
1,2,0.01,50,"invasive_male",0,0.0762683250671878,1
1,2,0.01,50,"invasive_age",0,-0.0225673233150024,1
1,2,0.01,50,"invasive_income",0.6,0.150380092872998,1
1,2,0.01,50,"invasive_child",0,0.0189088892475823,1
1,2,0.01,51,"ASC2_male",-0.3,-0.447194155187985,1
1,2,0.01,51,"ASC2_age",-0.5,-0.305136979893774,1
1,2,0.01,51,"ASC2_income",0,0.00205339550402758,0
1,2,0.01,51,"ASC2_child",-0.7,-0.217857551275812,1
1,2,0.01,51,"ASC3_male",0,-0.458195391414052,1
1,2,0.01,51,"ASC3_age",0.5,0.225594764564997,1
1,2,0.01,51,"ASC3_income",0,-0.0583961742784951,1
1,2,0.01,51,"ASC3_child",0,0.286866717221018,1
1,2,0.01,51,"prot25_male",-1.1,-0.22050458675679,1
1,2,0.01,51,"prot25_age",0.3,0.231542345235961,1
1,2,0.01,51,"prot25_income",0.2,0.183366797429965,1
1,2,0.01,51,"prot25_child",0,0.166731355168224,1
1,2,0.01,51,"prot50_male",0,0.257618202389925,1
1,2,0.01,51,"prot50_age",0,0.0228779372049242,1
1,2,0.01,51,"prot50_income",0,0.0699233682449112,1
1,2,0.01,51,"prot50_child",1.2,0.518174992555924,1
1,2,0.01,51,"invasive_male",-0.1,0.0322425614146813,1
1,2,0.01,51,"invasive_age",0,-0.0529967034915714,1
1,2,0.01,51,"invasive_income",0,0.031789065746737,1
1,2,0.01,51,"invasive_child",0.3,0.27184168555198,1
1,2,0.01,52,"ASC2_male",-0.5,0.0200307850251803,1
1,2,0.01,52,"ASC2_age",-0.5,-0.187908696575534,1
1,2,0.01,52,"ASC2_income",1.1,0.639495326968508,1
1,2,0.01,52,"ASC2_child",-0.5,-0.0949423969665738,1
1,2,0.01,52,"ASC3_male",0.3,0.198258441187883,1
1,2,0.01,52,"ASC3_age",0,-0.00551250381011653,0
1,2,0.01,52,"ASC3_income",0,0.149581965465114,1
1,2,0.01,52,"ASC3_child",0,0.2059615497663,1
1,2,0.01,52,"prot25_male",-0.3,0.0877348041364124,1
1,2,0.01,52,"prot25_age",1,0.565410735748302,1
1,2,0.01,52,"prot25_income",0,-0.094798071551373,1
1,2,0.01,52,"prot25_child",-1.2,-0.813873735555989,1
1,2,0.01,52,"prot50_male",0,-0.0767703863532619,1
1,2,0.01,52,"prot50_age",0,0.0955939371335777,1
1,2,0.01,52,"prot50_income",0,-0.0963136852904039,1
1,2,0.01,52,"prot50_child",0.3,0.179860146509799,1
1,2,0.01,52,"invasive_male",0.1,0.153601917359214,1
1,2,0.01,52,"invasive_age",0,0.0342048114644877,1
1,2,0.01,52,"invasive_income",0,-0.10559084411434,1
1,2,0.01,52,"invasive_child",0,0.0725853780668241,1
1,2,0.01,53,"ASC2_male",-0.4,-0.25485409746146,1
1,2,0.01,53,"ASC2_age",0,0.162253984765049,1
1,2,0.01,53,"ASC2_income",-0.7,-0.445688455179468,1
1,2,0.01,53,"ASC2_child",0,-0.515053586499939,1
1,2,0.01,53,"ASC3_male",0.3,0.196368274831867,1
1,2,0.01,53,"ASC3_age",0.6,0.381634857541149,1
1,2,0.01,53,"ASC3_income",0,0.0666096339194766,1
1,2,0.01,53,"ASC3_child",0,-0.376343214360713,1
1,2,0.01,53,"prot25_male",0,-0.0100691765263508,1
1,2,0.01,53,"prot25_age",0.4,0.0569922233454789,1
1,2,0.01,53,"prot25_income",0,-0.0416595205437064,1
1,2,0.01,53,"prot25_child",0,0.241793215218627,1
1,2,0.01,53,"prot50_male",-0.6,-0.58342071357899,1
1,2,0.01,53,"prot50_age",0.9,0.35008286666553,1
1,2,0.01,53,"prot50_income",0,-0.0422374572538064,1
1,2,0.01,53,"prot50_child",-1.1,-0.205074146796043,1
1,2,0.01,53,"invasive_male",-0.5,-0.485291843939284,1
1,2,0.01,53,"invasive_age",0,-0.0754339331901669,1
1,2,0.01,53,"invasive_income",0,-0.0119490840032391,1
1,2,0.01,53,"invasive_child",-0.6,-0.797935273677777,1
1,2,0.01,54,"ASC2_male",0,-0.199747565124665,1
1,2,0.01,54,"ASC2_age",-0.5,-0.384995972135751,1
1,2,0.01,54,"ASC2_income",-0.7,-0.367866282320399,1
1,2,0.01,54,"ASC2_child",0,-0.00560507351151121,0
1,2,0.01,54,"ASC3_male",1.1,0.436600490222477,1
1,2,0.01,54,"ASC3_age",0,-0.120812831800984,1
1,2,0.01,54,"ASC3_income",0,-0.00322609249922879,0
1,2,0.01,54,"ASC3_child",-0.5,-0.199778358306335,1
1,2,0.01,54,"prot25_male",0,0.186113566353568,1
1,2,0.01,54,"prot25_age",0.3,0.162353901722709,1
1,2,0.01,54,"prot25_income",0,-0.128342530222619,1
1,2,0.01,54,"prot25_child",0,0.0714218482224628,1
1,2,0.01,54,"prot50_male",0,0.0614805678706476,1
1,2,0.01,54,"prot50_age",0.2,-0.0189923891133553,1
1,2,0.01,54,"prot50_income",0.5,0.227799113053577,1
1,2,0.01,54,"prot50_child",-0.7,-0.357680909180331,1
1,2,0.01,54,"invasive_male",0,0.124737466327423,1
1,2,0.01,54,"invasive_age",0.1,-0.0780451477710907,1
1,2,0.01,54,"invasive_income",-1.2,-0.501649236333012,1
1,2,0.01,54,"invasive_child",0,-0.0250373849988029,1
1,2,0.01,55,"ASC2_male",0,-0.18124478127514,1
1,2,0.01,55,"ASC2_age",0,0.025506019302454,1
1,2,0.01,55,"ASC2_income",0,0.0903548820459496,1
1,2,0.01,55,"ASC2_child",0,0.0182312825828572,1
1,2,0.01,55,"ASC3_male",0.5,0.158242302791179,1
1,2,0.01,55,"ASC3_age",0,0.046682918779545,1
1,2,0.01,55,"ASC3_income",0,0.183010901295464,1
1,2,0.01,55,"ASC3_child",0,-0.202210556107649,1
1,2,0.01,55,"prot25_male",0.2,0.254336728591484,1
1,2,0.01,55,"prot25_age",0.7,0.29298235757949,1
1,2,0.01,55,"prot25_income",-0.7,-0.469509522545349,1
1,2,0.01,55,"prot25_child",0,-0.188718457053388,1
1,2,0.01,55,"prot50_male",-0.5,-0.420204553224324,1
1,2,0.01,55,"prot50_age",0.5,0.346864053966188,1
1,2,0.01,55,"prot50_income",-1,-0.689472681889179,1
1,2,0.01,55,"prot50_child",0,0.0706379306109869,1
1,2,0.01,55,"invasive_male",0.8,0.288819029507791,1
1,2,0.01,55,"invasive_age",0,0.056775887989105,1
1,2,0.01,55,"invasive_income",-0.9,-0.413963610268071,1
1,2,0.01,55,"invasive_child",-1.2,-0.425951978579292,1
1,2,0.01,56,"ASC2_male",0,0.0573627135501067,1
1,2,0.01,56,"ASC2_age",-0.7,-0.450421916408272,1
1,2,0.01,56,"ASC2_income",0,0.00996255138030919,0
1,2,0.01,56,"ASC2_child",0,0.341651989826923,1
1,2,0.01,56,"ASC3_male",0,0.132520291537638,1
1,2,0.01,56,"ASC3_age",-0.4,-0.21288403266734,1
1,2,0.01,56,"ASC3_income",0,0.0159779769959878,1
1,2,0.01,56,"ASC3_child",0,0.366300381805554,1
1,2,0.01,56,"prot25_male",0,-0.289885654590799,1
1,2,0.01,56,"prot25_age",0,0.0882427377947191,1
1,2,0.01,56,"prot25_income",-0.2,-0.0356629176050165,1
1,2,0.01,56,"prot25_child",-1,-0.73825748388633,1
1,2,0.01,56,"prot50_male",0.7,0.184082106410511,1
1,2,0.01,56,"prot50_age",0.5,0.310884992125652,1
1,2,0.01,56,"prot50_income",-0.6,-0.226389634256178,1
1,2,0.01,56,"prot50_child",0.7,0.0485890112136347,1
1,2,0.01,56,"invasive_male",0,0.0799031650021137,1
1,2,0.01,56,"invasive_age",-1.1,-0.588668148944279,1
1,2,0.01,56,"invasive_income",0.3,0.269024376337463,1
1,2,0.01,56,"invasive_child",0,-0.179724584647827,1
1,2,0.01,57,"ASC2_male",1.2,0.31880064349248,1
1,2,0.01,57,"ASC2_age",1,0.57183930561743,1
1,2,0.01,57,"ASC2_income",0,-0.000317979858048221,0
1,2,0.01,57,"ASC2_child",0,0.0451666521927304,1
1,2,0.01,57,"ASC3_male",-0.2,-0.264627250236569,1
1,2,0.01,57,"ASC3_age",0,0.0848731248527332,1
1,2,0.01,57,"ASC3_income",0,0.0486219823440832,1
1,2,0.01,57,"ASC3_child",0,0.106652436417499,1
1,2,0.01,57,"prot25_male",-1,-0.503106219148987,1
1,2,0.01,57,"prot25_age",0,-0.0358125403928027,1
1,2,0.01,57,"prot25_income",-0.1,-0.0805918119428273,1
1,2,0.01,57,"prot25_child",0,0.041464112003271,1
1,2,0.01,57,"prot50_male",-0.4,-0.29367961544342,1
1,2,0.01,57,"prot50_age",-0.6,-0.430253693587777,1
1,2,0.01,57,"prot50_income",0.5,0.127600722739564,1
1,2,0.01,57,"prot50_child",0.6,0.0691311897131239,1
1,2,0.01,57,"invasive_male",0.7,0.0861742741339067,1
1,2,0.01,57,"invasive_age",0,0.103836713180705,1
1,2,0.01,57,"invasive_income",0,0.0329852780997567,1
1,2,0.01,57,"invasive_child",0,-0.0220011714886708,1
1,2,0.01,58,"ASC2_male",0.3,0.317464180929178,1
1,2,0.01,58,"ASC2_age",0.2,0.154836656522129,1
1,2,0.01,58,"ASC2_income",0,0.0529006825753219,1
1,2,0.01,58,"ASC2_child",0,0.221953869295337,1
1,2,0.01,58,"ASC3_male",0,0.261184964778769,1
1,2,0.01,58,"ASC3_age",0,0.05368775685637,1
1,2,0.01,58,"ASC3_income",0,-0.0178859023314496,1
1,2,0.01,58,"ASC3_child",0.1,0.144939370626403,1
1,2,0.01,58,"prot25_male",0,-0.061386179031217,1
1,2,0.01,58,"prot25_age",0,-0.0378812231111708,1
1,2,0.01,58,"prot25_income",0,-0.149874133684306,1
1,2,0.01,58,"prot25_child",1,0.448573928526332,1
1,2,0.01,58,"prot50_male",0,-0.0233088158513075,1
1,2,0.01,58,"prot50_age",0.5,0.146839593541697,1
1,2,0.01,58,"prot50_income",0,-0.123585248443127,1
1,2,0.01,58,"prot50_child",0.8,0.0753009120241358,1
1,2,0.01,58,"invasive_male",0.5,0.232113500880165,1
1,2,0.01,58,"invasive_age",1,0.440669232007345,1
1,2,0.01,58,"invasive_income",0.6,0.298137188877915,1
1,2,0.01,58,"invasive_child",0.7,0.380504444471739,1
1,2,0.01,59,"ASC2_male",0,-0.000234321717137416,0
1,2,0.01,59,"ASC2_age",0.5,0.229302128338693,1
1,2,0.01,59,"ASC2_income",0,-0.169133551934702,1
1,2,0.01,59,"ASC2_child",0,0.225919288048724,1
1,2,0.01,59,"ASC3_male",0.6,0.395880632537963,1
1,2,0.01,59,"ASC3_age",-1.1,-0.685684606822262,1
1,2,0.01,59,"ASC3_income",0,-0.0768409056933825,1
1,2,0.01,59,"ASC3_child",0,0.0404307473459718,1
1,2,0.01,59,"prot25_male",-0.7,-0.196081111218712,1
1,2,0.01,59,"prot25_age",0,0.0395470171767059,1
1,2,0.01,59,"prot25_income",-0.2,-0.0531119486105768,1
1,2,0.01,59,"prot25_child",0,0.171703881053393,1
1,2,0.01,59,"prot50_male",0.4,0.291485890167283,1
1,2,0.01,59,"prot50_age",-0.9,-0.33175403971803,1
1,2,0.01,59,"prot50_income",0,-0.0062120221845183,0
1,2,0.01,59,"prot50_child",0,0.00106141389736606,0
1,2,0.01,59,"invasive_male",1,0.512691923816139,1
1,2,0.01,59,"invasive_age",-0.8,-0.399582856182619,1
1,2,0.01,59,"invasive_income",-0.4,-0.193614500284127,1
1,2,0.01,59,"invasive_child",0,0.0909327155591027,1
1,2,0.01,60,"ASC2_male",-1.2,-0.618189588512783,1
1,2,0.01,60,"ASC2_age",0,0.113663201491321,1
1,2,0.01,60,"ASC2_income",0.6,0.354938047270067,1
1,2,0.01,60,"ASC2_child",-0.4,-0.371027453773907,1
1,2,0.01,60,"ASC3_male",0,-0.110758599199688,1
1,2,0.01,60,"ASC3_age",0,0.205362882536361,1
1,2,0.01,60,"ASC3_income",0,0.0395244952931872,1
1,2,0.01,60,"ASC3_child",0,-0.160635389147958,1
1,2,0.01,60,"prot25_male",0,-0.124072252554602,1
1,2,0.01,60,"prot25_age",-0.4,-0.356438510153844,1
1,2,0.01,60,"prot25_income",0,0.0256097466403061,1
1,2,0.01,60,"prot25_child",0,0.299995319637887,1
1,2,0.01,60,"prot50_male",-1.1,-0.52423821505941,1
1,2,0.01,60,"prot50_age",0,-0.179995104651848,1
1,2,0.01,60,"prot50_income",0.4,0.232753036115644,1
1,2,0.01,60,"prot50_child",0,0.128049135226515,1
1,2,0.01,60,"invasive_male",0.3,0.0901489013364983,1
1,2,0.01,60,"invasive_age",-0.5,-0.167414099744927,1
1,2,0.01,60,"invasive_income",-0.7,-0.389292349230982,1
1,2,0.01,60,"invasive_child",1,0.449275822520201,1
1,2,0.01,61,"ASC2_male",0.8,0.557524403126491,1
1,2,0.01,61,"ASC2_age",-0.9,-0.538066827393394,1
1,2,0.01,61,"ASC2_income",-0.3,0.0633121931674698,1
1,2,0.01,61,"ASC2_child",0,-0.407009554133479,1
1,2,0.01,61,"ASC3_male",0,0.228284908290588,1
1,2,0.01,61,"ASC3_age",0,-0.159304879019856,1
1,2,0.01,61,"ASC3_income",0,0.180949761463482,1
1,2,0.01,61,"ASC3_child",0,-0.342137057588254,1
1,2,0.01,61,"prot25_male",0,-0.22122905761755,1
1,2,0.01,61,"prot25_age",-1,-0.298983055054531,1
1,2,0.01,61,"prot25_income",0,-0.0793502345321803,1
1,2,0.01,61,"prot25_child",0,0.217958684647687,1
1,2,0.01,61,"prot50_male",-0.8,-0.51045327131583,1
1,2,0.01,61,"prot50_age",0.2,0.180968208867001,1
1,2,0.01,61,"prot50_income",0,-0.0710203715533715,1
1,2,0.01,61,"prot50_child",0.3,0.498311696127157,1
1,2,0.01,61,"invasive_male",0,0.146454377957283,1
1,2,0.01,61,"invasive_age",1,0.43576949279001,1
1,2,0.01,61,"invasive_income",0.2,0.227282239316686,1
1,2,0.01,61,"invasive_child",0.9,0.587256217228809,1
1,2,0.01,62,"ASC2_male",0,0.0943972356995776,1
1,2,0.01,62,"ASC2_age",0,0.153180725384944,1
1,2,0.01,62,"ASC2_income",0.1,-0.218999829640052,1
1,2,0.01,62,"ASC2_child",0,0.136759729704068,1
1,2,0.01,62,"ASC3_male",0,0.188186696438121,1
1,2,0.01,62,"ASC3_age",0.6,0.423561753543092,1
1,2,0.01,62,"ASC3_income",0.6,0.105062718711966,1
1,2,0.01,62,"ASC3_child",0,0.121597087445339,1
1,2,0.01,62,"prot25_male",-0.5,-0.141881250796964,1
1,2,0.01,62,"prot25_age",0,-0.0719009651448692,1
1,2,0.01,62,"prot25_income",0,0.0828925596249663,1
1,2,0.01,62,"prot25_child",-0.2,-0.252251524266451,1
1,2,0.01,62,"prot50_male",-0.5,-0.270502739881649,1
1,2,0.01,62,"prot50_age",0.3,0.120374040893603,1
1,2,0.01,62,"prot50_income",0,0.151553125066043,1
1,2,0.01,62,"prot50_child",1,0.431535502769689,1
1,2,0.01,62,"invasive_male",0.5,0.321371607311267,1
1,2,0.01,62,"invasive_age",0,0.0329731234274902,1
1,2,0.01,62,"invasive_income",0,-0.0468853350176514,1
1,2,0.01,62,"invasive_child",-0.9,-0.615472785649353,1
1,2,0.01,63,"ASC2_male",0,0.0212133868169863,1
1,2,0.01,63,"ASC2_age",0.6,0.264680183554091,1
1,2,0.01,63,"ASC2_income",-0.7,-0.159439609466008,1
1,2,0.01,63,"ASC2_child",0,-0.249550794625823,1
1,2,0.01,63,"ASC3_male",-0.5,-0.330475169724324,1
1,2,0.01,63,"ASC3_age",0,0.0208122934623216,1
1,2,0.01,63,"ASC3_income",0,0.0687820882958276,1
1,2,0.01,63,"ASC3_child",-0.1,-0.268838027937387,1
1,2,0.01,63,"prot25_male",0,0.238032362202826,1
1,2,0.01,63,"prot25_age",0,-0.120175528216848,1
1,2,0.01,63,"prot25_income",-0.4,-0.181931022326911,1
1,2,0.01,63,"prot25_child",-0.6,0.0254655899450595,1
1,2,0.01,63,"prot50_male",0,0.136751449932309,1
1,2,0.01,63,"prot50_age",0,-0.041336623065417,1
1,2,0.01,63,"prot50_income",-0.9,-0.520193212830596,1
1,2,0.01,63,"prot50_child",-0.7,-0.118950334729595,1
1,2,0.01,63,"invasive_male",0.8,0.510011185863737,1
1,2,0.01,63,"invasive_age",0,-0.163745375761885,1
1,2,0.01,63,"invasive_income",-0.8,-0.429459418509972,1
1,2,0.01,63,"invasive_child",0,-0.213432255989899,1
1,2,0.01,64,"ASC2_male",0.2,-0.502199144990537,1
1,2,0.01,64,"ASC2_age",0,0.0627914496342869,1
1,2,0.01,64,"ASC2_income",-0.3,0.157528993258436,1
1,2,0.01,64,"ASC2_child",0,-0.626961238493338,1
1,2,0.01,64,"ASC3_male",0,-0.53813294784202,1
1,2,0.01,64,"ASC3_age",-1.2,-0.526855765718496,1
1,2,0.01,64,"ASC3_income",0.1,0.299504449129129,1
1,2,0.01,64,"ASC3_child",0,-0.484505632683571,1
1,2,0.01,64,"prot25_male",-0.8,-0.0483571390143849,1
1,2,0.01,64,"prot25_age",0.1,-0.01286416151537,1
1,2,0.01,64,"prot25_income",0.3,0.157801072405778,1
1,2,0.01,64,"prot25_child",-0.5,0.208896985109814,1
1,2,0.01,64,"prot50_male",0.2,0.568121733091155,1
1,2,0.01,64,"prot50_age",1.1,0.462236048898911,1
1,2,0.01,64,"prot50_income",0,-0.0455136929000483,1
1,2,0.01,64,"prot50_child",0,0.39666511619188,1
1,2,0.01,64,"invasive_male",0,-0.329613453757047,1
1,2,0.01,64,"invasive_age",0,0.00637933252456779,0
1,2,0.01,64,"invasive_income",0,0.151978688405969,1
1,2,0.01,64,"invasive_child",0,-0.118809423656618,1
1,2,0.01,65,"ASC2_male",0,0.380003790007486,1
1,2,0.01,65,"ASC2_age",0.8,-0.0619790100666796,1
1,2,0.01,65,"ASC2_income",0.2,0.300082652608751,1
1,2,0.01,65,"ASC2_child",0,0.221043907063519,1
1,2,0.01,65,"ASC3_male",0,0.215750055813747,1
1,2,0.01,65,"ASC3_age",0,-0.350759531203557,1
1,2,0.01,65,"ASC3_income",0.7,0.476597556523749,1
1,2,0.01,65,"ASC3_child",0.5,0.433955697002311,1
1,2,0.01,65,"prot25_male",0,-0.137949569433733,1
1,2,0.01,65,"prot25_age",0,0.405066524828752,1
1,2,0.01,65,"prot25_income",0,-0.124331061193902,1
1,2,0.01,65,"prot25_child",1,0.407997823432488,1
1,2,0.01,65,"prot50_male",0.6,0.0652948056136402,1
1,2,0.01,65,"prot50_age",0,0.316192741565084,1
1,2,0.01,65,"prot50_income",-0.2,-0.098270767811574,1
1,2,0.01,65,"prot50_child",0.5,0.366128366699156,1
1,2,0.01,65,"invasive_male",0.3,0.207875554010439,1
1,2,0.01,65,"invasive_age",0,-0.266094984018091,1
1,2,0.01,65,"invasive_income",0.9,0.599549387460272,1
1,2,0.01,65,"invasive_child",0,0.148859989140647,1
1,2,0.01,66,"ASC2_male",0,0.133329635511094,1
1,2,0.01,66,"ASC2_age",-0.2,-0.0529155210028639,1
1,2,0.01,66,"ASC2_income",0.4,0.197331874097742,1
1,2,0.01,66,"ASC2_child",0,0.425469936654596,1
1,2,0.01,66,"ASC3_male",-0.9,-0.534320826380354,1
1,2,0.01,66,"ASC3_age",1,0.701556716248562,1
1,2,0.01,66,"ASC3_income",0,0.0249768040109049,1
1,2,0.01,66,"ASC3_child",0,0.602199288429706,1
1,2,0.01,66,"prot25_male",-0.5,-0.380644714041922,1
1,2,0.01,66,"prot25_age",0,-0.128843924086058,1
1,2,0.01,66,"prot25_income",0,0.0438138181093871,1
1,2,0.01,66,"prot25_child",-1.1,-1.05035903351548,1
1,2,0.01,66,"prot50_male",1,0.454738549606947,1
1,2,0.01,66,"prot50_age",0,-0.162837546596619,1
1,2,0.01,66,"prot50_income",0.2,0.0176846664437028,1
1,2,0.01,66,"prot50_child",0.7,-0.0699773782360552,1
1,2,0.01,66,"invasive_male",0,-0.16925339610786,1
1,2,0.01,66,"invasive_age",0,0.120393166492982,1
1,2,0.01,66,"invasive_income",0,-0.0664097943375988,1
1,2,0.01,66,"invasive_child",-1,-0.472076816409943,1
1,2,0.01,67,"ASC2_male",-0.6,-0.167136435116593,1
1,2,0.01,67,"ASC2_age",-0.5,-0.244124413853004,1
1,2,0.01,67,"ASC2_income",0,0.0107867512630196,1
1,2,0.01,67,"ASC2_child",0.9,0.166078588827461,1
1,2,0.01,67,"ASC3_male",0.8,0.638964729177752,1
1,2,0.01,67,"ASC3_age",-0.9,-0.512981795492009,1
1,2,0.01,67,"ASC3_income",1.1,0.465280789685764,1
1,2,0.01,67,"ASC3_child",0.1,-0.281905118684467,1
1,2,0.01,67,"prot25_male",0,-0.178497792939564,1
1,2,0.01,67,"prot25_age",-0.2,0.0450801608436705,1
1,2,0.01,67,"prot25_income",0,0.0962423772986467,1
1,2,0.01,67,"prot25_child",0,0.181500424336971,1
1,2,0.01,67,"prot50_male",1,0.42153244813248,1
1,2,0.01,67,"prot50_age",0,0.0573461149762443,1
1,2,0.01,67,"prot50_income",0,0.182374884670061,1
1,2,0.01,67,"prot50_child",0.1,0.118428222168483,1
1,2,0.01,67,"invasive_male",0,0.131495526547219,1
1,2,0.01,67,"invasive_age",0,0.149207705392215,1
1,2,0.01,67,"invasive_income",0,0.0405000662286011,1
1,2,0.01,67,"invasive_child",0,-0.351541232458515,1
1,2,0.01,68,"ASC2_male",0,0.117320186631335,1
1,2,0.01,68,"ASC2_age",0.1,0.087592346019742,1
1,2,0.01,68,"ASC2_income",0,0.00914179923456955,0
1,2,0.01,68,"ASC2_child",-0.8,-0.406649575942084,1
1,2,0.01,68,"ASC3_male",1.1,0.801932368499075,1
1,2,0.01,68,"ASC3_age",-0.5,-0.254576147792968,1
1,2,0.01,68,"ASC3_income",0,-0.111590946465793,1
1,2,0.01,68,"ASC3_child",-0.9,-0.35906264967339,1
1,2,0.01,68,"prot25_male",0.2,-0.252367388974111,1
1,2,0.01,68,"prot25_age",0,-0.00904883186743751,0
1,2,0.01,68,"prot25_income",0,0.101445748124383,1
1,2,0.01,68,"prot25_child",-1.1,-0.669907910655921,1
1,2,0.01,68,"prot50_male",0,-0.0723577050308666,1
1,2,0.01,68,"prot50_age",0,-0.0611817433015897,1
1,2,0.01,68,"prot50_income",0,0.118798594689517,1
1,2,0.01,68,"prot50_child",-0.8,-0.657318475912148,1
1,2,0.01,68,"invasive_male",0,0.291842543084054,1
1,2,0.01,68,"invasive_age",-0.7,-0.411787507861189,1
1,2,0.01,68,"invasive_income",0,-0.084827951571044,1
1,2,0.01,68,"invasive_child",1.1,0.43452386350482,1
1,2,0.01,69,"ASC2_male",1.1,0.133098142861148,1
1,2,0.01,69,"ASC2_age",0,-0.127107345724536,1
1,2,0.01,69,"ASC2_income",0.4,0.274502913576347,1
1,2,0.01,69,"ASC2_child",1.2,1.06155173506243,1
1,2,0.01,69,"ASC3_male",-1,-1.04810434384569,1
1,2,0.01,69,"ASC3_age",0,-0.146686268307965,1
1,2,0.01,69,"ASC3_income",-1.2,-0.657849952097648,1
1,2,0.01,69,"ASC3_child",0,0.374163688298046,1
1,2,0.01,69,"prot25_male",0,0.155396658000354,1
1,2,0.01,69,"prot25_age",0,-0.0764744178444612,1
1,2,0.01,69,"prot25_income",-0.4,-0.105765246602915,1
1,2,0.01,69,"prot25_child",-0.4,-0.426035344671259,1
1,2,0.01,69,"prot50_male",0,0.298010548964048,1
1,2,0.01,69,"prot50_age",0,-0.11036087767252,1
1,2,0.01,69,"prot50_income",0,0.162547868047422,1
1,2,0.01,69,"prot50_child",0,-0.120178729219804,1
1,2,0.01,69,"invasive_male",0,-0.043941755776024,1
1,2,0.01,69,"invasive_age",-0.5,-0.377257161680551,1
1,2,0.01,69,"invasive_income",-0.2,-0.0332133734534361,1
1,2,0.01,69,"invasive_child",-0.2,-0.0314489889925724,1
1,2,0.01,70,"ASC2_male",-0.8,-0.399343495597488,1
1,2,0.01,70,"ASC2_age",0,-0.0911277583548508,1
1,2,0.01,70,"ASC2_income",0.3,0.203592510176254,1
1,2,0.01,70,"ASC2_child",0,0.0401432431110343,1
1,2,0.01,70,"ASC3_male",0.9,0.544458203485407,1
1,2,0.01,70,"ASC3_age",0,-0.14950800351444,1
1,2,0.01,70,"ASC3_income",0,0.0232215518004615,1
1,2,0.01,70,"ASC3_child",0,0.0517243596207367,1
1,2,0.01,70,"prot25_male",0,0.00603024699904143,0
1,2,0.01,70,"prot25_age",0,0.0426500560292045,1
1,2,0.01,70,"prot25_income",0.9,0.365752166708249,1
1,2,0.01,70,"prot25_child",0,-0.00234135663486653,0
1,2,0.01,70,"prot50_male",-0.1,0.00482964132265999,0
1,2,0.01,70,"prot50_age",-0.9,-0.384246896082675,1
1,2,0.01,70,"prot50_income",0.9,0.416593829018714,1
1,2,0.01,70,"prot50_child",1,0.475667308088529,1
1,2,0.01,70,"invasive_male",0,-0.0939302315408162,1
1,2,0.01,70,"invasive_age",0.8,0.288439523741825,1
1,2,0.01,70,"invasive_income",0,0.17673183936577,1
1,2,0.01,70,"invasive_child",-0.6,-0.318106362743763,1
1,2,0.01,71,"ASC2_male",0.5,0.244666731662955,1
1,2,0.01,71,"ASC2_age",1,0.432199911008602,1
1,2,0.01,71,"ASC2_income",0.8,0.632336192472295,1
1,2,0.01,71,"ASC2_child",0.7,0.24791223552156,1
1,2,0.01,71,"ASC3_male",0,0.177541140289705,1
1,2,0.01,71,"ASC3_age",0,-0.0734741349337468,1
1,2,0.01,71,"ASC3_income",0,0.115455816920367,1
1,2,0.01,71,"ASC3_child",1.1,0.336584939501675,1
1,2,0.01,71,"prot25_male",0,0.0147330348593672,1
1,2,0.01,71,"prot25_age",0,0.0558209572680734,1
1,2,0.01,71,"prot25_income",0,-0.157801139077032,1
1,2,0.01,71,"prot25_child",0,0.180434050461712,1
1,2,0.01,71,"prot50_male",0,0.168410361475702,1
1,2,0.01,71,"prot50_age",-0.6,-0.29302962995724,1
1,2,0.01,71,"prot50_income",-0.9,-0.697549351591947,1
1,2,0.01,71,"prot50_child",-0.7,-0.232560760301251,1
1,2,0.01,71,"invasive_male",0.8,0.488408529915571,1
1,2,0.01,71,"invasive_age",0,-0.0221302739803433,1
1,2,0.01,71,"invasive_income",1,0.59013073363848,1
1,2,0.01,71,"invasive_child",0,0.152050383737802,1
1,2,0.01,72,"ASC2_male",-0.8,-0.331820807819418,1
1,2,0.01,72,"ASC2_age",0,0.111318966446892,1
1,2,0.01,72,"ASC2_income",0.3,0.288378859627571,1
1,2,0.01,72,"ASC2_child",0.2,0.184231802213831,1
1,2,0.01,72,"ASC3_male",0,0.0159172086509293,1
1,2,0.01,72,"ASC3_age",0,0.0744978781176616,1
1,2,0.01,72,"ASC3_income",0,0.0455457945458541,1
1,2,0.01,72,"ASC3_child",-0.9,-0.197186070610758,1
1,2,0.01,72,"prot25_male",0,0.0433268098239981,1
1,2,0.01,72,"prot25_age",0,0.00194774990607365,0
1,2,0.01,72,"prot25_income",0,-0.0767352684168998,1
1,2,0.01,72,"prot25_child",-0.6,-0.328434635289834,1
1,2,0.01,72,"prot50_male",1,0.586703341422308,1
1,2,0.01,72,"prot50_age",-0.6,-0.333434703556972,1
1,2,0.01,72,"prot50_income",0,0.00253870603210915,0
1,2,0.01,72,"prot50_child",0.4,0.27959055539625,1
1,2,0.01,72,"invasive_male",-0.5,-0.0129112515248406,1
1,2,0.01,72,"invasive_age",0,-0.065634644280675,1
1,2,0.01,72,"invasive_income",0,0.0108674966162627,1
1,2,0.01,72,"invasive_child",-0.1,0.164709741097098,1
1,2,0.01,73,"ASC2_male",0,0.0606474050390286,1
1,2,0.01,73,"ASC2_age",0,-0.0182855601045525,1
1,2,0.01,73,"ASC2_income",0.5,0.457445103154564,1
1,2,0.01,73,"ASC2_child",-1,-0.740692662277433,1
1,2,0.01,73,"ASC3_male",0.8,0.587490701164697,1
1,2,0.01,73,"ASC3_age",0,-0.0443460053521304,1
1,2,0.01,73,"ASC3_income",-0.5,-0.166011351562483,1
1,2,0.01,73,"ASC3_child",-1.2,-0.754214523762347,1
1,2,0.01,73,"prot25_male",0,-0.19742315298962,1
1,2,0.01,73,"prot25_age",0,0.0838376537253041,1
1,2,0.01,73,"prot25_income",0.4,0.16139076745697,1
1,2,0.01,73,"prot25_child",0,0.317737465392187,1
1,2,0.01,73,"prot50_male",-0.7,-0.327088424251472,1
1,2,0.01,73,"prot50_age",0.7,0.399155225296832,1
1,2,0.01,73,"prot50_income",1,0.457962413205652,1
1,2,0.01,73,"prot50_child",0,-0.118278851328985,1
1,2,0.01,73,"invasive_male",0,-0.074188945967982,1
1,2,0.01,73,"invasive_age",0,0.00703883873905451,0
1,2,0.01,73,"invasive_income",0,0.0248175674778044,1
1,2,0.01,73,"invasive_child",0.8,0.276976716456785,1
1,2,0.01,74,"ASC2_male",0,0.191385965822022,1
1,2,0.01,74,"ASC2_age",0,-0.0258155074557514,1
1,2,0.01,74,"ASC2_income",0,-0.0420299890070625,1
1,2,0.01,74,"ASC2_child",-1,-0.394797525862253,1
1,2,0.01,74,"ASC3_male",0.9,0.573220985837025,1
1,2,0.01,74,"ASC3_age",1.1,0.620195199447155,1
1,2,0.01,74,"ASC3_income",0,-0.125915287286518,1
1,2,0.01,74,"ASC3_child",0,0.283658582730907,1
1,2,0.01,74,"prot25_male",-0.6,-0.538071585016366,1
1,2,0.01,74,"prot25_age",0.5,0.203328048488144,1
1,2,0.01,74,"prot25_income",-0.3,-0.183434399172867,1
1,2,0.01,74,"prot25_child",0,-0.0738100509185969,1
1,2,0.01,74,"prot50_male",-0.2,-0.119889158929693,1
1,2,0.01,74,"prot50_age",0,0.00820271883686467,0
1,2,0.01,74,"prot50_income",0,0.000445475963985899,0
1,2,0.01,74,"prot50_child",0,0.0335174819008542,1
1,2,0.01,74,"invasive_male",0,-0.127772944448953,1
1,2,0.01,74,"invasive_age",-1.1,-0.593784224436513,1
1,2,0.01,74,"invasive_income",0.4,0.0490662601953595,1
1,2,0.01,74,"invasive_child",0.7,0.407520621815762,1
1,2,0.01,75,"ASC2_male",0,-0.497280368375927,1
1,2,0.01,75,"ASC2_age",0.5,0.552645894236161,1
1,2,0.01,75,"ASC2_income",0,-0.0830875852059157,1
1,2,0.01,75,"ASC2_child",0,0.0321869030945508,1
1,2,0.01,75,"ASC3_male",1,0.22519165374287,1
1,2,0.01,75,"ASC3_age",0,0.259667293512743,1
1,2,0.01,75,"ASC3_income",0,-0.159417691098694,1
1,2,0.01,75,"ASC3_child",-0.8,-0.271665283785066,1
1,2,0.01,75,"prot25_male",0.9,0.475961006360209,1
1,2,0.01,75,"prot25_age",1,0.335346599461955,1
1,2,0.01,75,"prot25_income",0,0.122763296292446,1
1,2,0.01,75,"prot25_child",-1,-0.529026857822095,1
1,2,0.01,75,"prot50_male",0,-0.193104454767822,1
1,2,0.01,75,"prot50_age",0,-0.000824883828212442,0
1,2,0.01,75,"prot50_income",-0.9,-0.208519152485971,1
1,2,0.01,75,"prot50_child",-0.4,0.182312246689755,1
1,2,0.01,75,"invasive_male",0.7,0.178377856499146,1
1,2,0.01,75,"invasive_age",0,-0.0295152347110808,1
1,2,0.01,75,"invasive_income",-0.5,-0.253825978833145,1
1,2,0.01,75,"invasive_child",0,0.369503346180205,1
1,2,0.01,76,"ASC2_male",-0.7,-0.462292158271474,1
1,2,0.01,76,"ASC2_age",0,-0.139377281152528,1
1,2,0.01,76,"ASC2_income",0,0.0619378965301584,1
1,2,0.01,76,"ASC2_child",-1,-0.272232591559498,1
1,2,0.01,76,"ASC3_male",-0.4,-0.510600065986601,1
1,2,0.01,76,"ASC3_age",0,-0.139976083829685,1
1,2,0.01,76,"ASC3_income",-0.5,-0.179589327997879,1
1,2,0.01,76,"ASC3_child",-0.6,-0.167048026168838,1
1,2,0.01,76,"prot25_male",0,0.0711980114790195,1
1,2,0.01,76,"prot25_age",0,0.0955122319743727,1
1,2,0.01,76,"prot25_income",0,-0.058921141481057,1
1,2,0.01,76,"prot25_child",-0.5,-0.410767545649741,1
1,2,0.01,76,"prot50_male",-0.1,0.088580509622118,1
1,2,0.01,76,"prot50_age",0,0.124302453430285,1
1,2,0.01,76,"prot50_income",0,0.0228367809225209,1
1,2,0.01,76,"prot50_child",0,-0.117447831359055,1
1,2,0.01,76,"invasive_male",-0.4,-0.205669841119348,1
1,2,0.01,76,"invasive_age",0,0.0127623997154376,1
1,2,0.01,76,"invasive_income",-0.2,-0.142007873731257,1
1,2,0.01,76,"invasive_child",0.1,0.239466246915741,1
1,2,0.01,77,"ASC2_male",0.4,0.490014871758538,1
1,2,0.01,77,"ASC2_age",-0.4,-0.0586934974508552,1
1,2,0.01,77,"ASC2_income",0,0.00339364162631439,0
1,2,0.01,77,"ASC2_child",-1.1,-0.628723035777552,1
1,2,0.01,77,"ASC3_male",0,0.211079806230001,1
1,2,0.01,77,"ASC3_age",0,0.0560885855656549,1
1,2,0.01,77,"ASC3_income",0,0.152764558964997,1
1,2,0.01,77,"ASC3_child",0,0.0134466541075993,1
1,2,0.01,77,"prot25_male",0.8,0.183925991353956,1
1,2,0.01,77,"prot25_age",0.6,0.201728940902203,1
1,2,0.01,77,"prot25_income",0,-0.160147831892293,1
1,2,0.01,77,"prot25_child",0,0.0235734200948446,1
1,2,0.01,77,"prot50_male",0,-0.0882949168587178,1
1,2,0.01,77,"prot50_age",-0.5,-0.316512506017234,1
1,2,0.01,77,"prot50_income",-1.1,-0.659386659762748,1
1,2,0.01,77,"prot50_child",0,0.0639315904689728,1
1,2,0.01,77,"invasive_male",0,-0.0136542258946495,1
1,2,0.01,77,"invasive_age",1,0.599635249289193,1
1,2,0.01,77,"invasive_income",0.6,0.277883066305152,1
1,2,0.01,77,"invasive_child",-0.2,-0.30083662370422,1
1,2,0.01,78,"ASC2_male",0,0.338583665224167,1
1,2,0.01,78,"ASC2_age",0,0.0507977743762252,1
1,2,0.01,78,"ASC2_income",0,-0.0779744986968738,1
1,2,0.01,78,"ASC2_child",0,-0.228784174178551,1
1,2,0.01,78,"ASC3_male",0,0.437138737050997,1
1,2,0.01,78,"ASC3_age",0,-0.0480215997853241,1
1,2,0.01,78,"ASC3_income",-0.4,-0.238819179036523,1
1,2,0.01,78,"ASC3_child",0,0.096303948638011,1
1,2,0.01,78,"prot25_male",-1.1,-0.512537565857728,1
1,2,0.01,78,"prot25_age",0,-0.130786657164239,1
1,2,0.01,78,"prot25_income",-0.2,-0.238077935731795,1
1,2,0.01,78,"prot25_child",0,0.026790276542955,1
1,2,0.01,78,"prot50_male",0.6,0.516946287075487,1
1,2,0.01,78,"prot50_age",-0.4,-0.323367618588597,1
1,2,0.01,78,"prot50_income",-0.9,-0.438359348478303,1
1,2,0.01,78,"prot50_child",0.6,0.556185506558428,1
1,2,0.01,78,"invasive_male",-0.6,0.0133708927270142,1
1,2,0.01,78,"invasive_age",0.9,0.413487934489155,1
1,2,0.01,78,"invasive_income",1.2,0.511839382649574,1
1,2,0.01,78,"invasive_child",0,-0.123381046891053,1
1,2,0.01,79,"ASC2_male",0,0.125730657048376,1
1,2,0.01,79,"ASC2_age",0,-0.00834164166399752,0
1,2,0.01,79,"ASC2_income",0,-0.143192576685404,1
1,2,0.01,79,"ASC2_child",0,0.169063871705711,1
1,2,0.01,79,"ASC3_male",0,0.18413777407736,1
1,2,0.01,79,"ASC3_age",0,-0.184674588872565,1
1,2,0.01,79,"ASC3_income",0.2,0.0391783922827122,1
1,2,0.01,79,"ASC3_child",-0.3,-0.233643143904349,1
1,2,0.01,79,"prot25_male",0.2,-0.245973454191268,1
1,2,0.01,79,"prot25_age",0,0.091912119297661,1
1,2,0.01,79,"prot25_income",0.9,0.561679575097301,1
1,2,0.01,79,"prot25_child",0.3,0.0834822146414308,1
1,2,0.01,79,"prot50_male",1,0.329318679731246,1
1,2,0.01,79,"prot50_age",0,0.00825808423602009,0
1,2,0.01,79,"prot50_income",-0.7,-0.200234881612829,1
1,2,0.01,79,"prot50_child",0,-0.295329671337149,1
1,2,0.01,79,"invasive_male",-0.6,-0.353161389225179,1
1,2,0.01,79,"invasive_age",-1.1,-0.632914970053752,1
1,2,0.01,79,"invasive_income",0,0.0411115212830066,1
1,2,0.01,79,"invasive_child",-0.1,-0.23185483818653,1
1,2,0.01,80,"ASC2_male",0.8,0.432947004490866,1
1,2,0.01,80,"ASC2_age",0,-0.184894695330333,1
1,2,0.01,80,"ASC2_income",0.4,0.343056179557144,1
1,2,0.01,80,"ASC2_child",-1,-0.525262554037474,1
1,2,0.01,80,"ASC3_male",0,-0.0433031198074106,1
1,2,0.01,80,"ASC3_age",1,0.410450735248473,1
1,2,0.01,80,"ASC3_income",0,0.0991502205359431,1
1,2,0.01,80,"ASC3_child",-1.1,-0.450219070977335,1
1,2,0.01,80,"prot25_male",0.8,0.575148216016792,1
1,2,0.01,80,"prot25_age",0,0.121005601409654,1
1,2,0.01,80,"prot25_income",0,-0.166913943408924,1
1,2,0.01,80,"prot25_child",0.3,0.278792663040406,1
1,2,0.01,80,"prot50_male",0,-0.0773962865770639,1
1,2,0.01,80,"prot50_age",1,0.629234796240029,1
1,2,0.01,80,"prot50_income",0,-0.218599653758233,1
1,2,0.01,80,"prot50_child",0,-0.176518356211068,1
1,2,0.01,80,"invasive_male",0,0.078696682538983,1
1,2,0.01,80,"invasive_age",1,0.37289361718852,1
1,2,0.01,80,"invasive_income",0,0.0855726599339601,1
1,2,0.01,80,"invasive_child",1.1,0.55895763728446,1
1,2,0.01,81,"ASC2_male",1,1.02223402409417,1
1,2,0.01,81,"ASC2_age",0,0.0651786769484966,1
1,2,0.01,81,"ASC2_income",0,0.133158037743471,1
1,2,0.01,81,"ASC2_child",0,-0.201952273804858,1
1,2,0.01,81,"ASC3_male",0,0.384599728327285,1
1,2,0.01,81,"ASC3_age",0,0.0796255772912557,1
1,2,0.01,81,"ASC3_income",0,0.0383649607709745,1
1,2,0.01,81,"ASC3_child",-0.4,-0.184275558981375,1
1,2,0.01,81,"prot25_male",0,-0.307075051043775,1
1,2,0.01,81,"prot25_age",0,-0.0728858277172383,1
1,2,0.01,81,"prot25_income",0,-0.112344684642816,1
1,2,0.01,81,"prot25_child",-0.2,-0.440464454982268,1
1,2,0.01,81,"prot50_male",1.1,-0.0620307941261577,1
1,2,0.01,81,"prot50_age",0.8,0.371276545406168,1
1,2,0.01,81,"prot50_income",0,0.163968363216792,1
1,2,0.01,81,"prot50_child",-0.3,-0.111947396807816,1
1,2,0.01,81,"invasive_male",-0.2,-0.0222222042734847,1
1,2,0.01,81,"invasive_age",-1.2,-0.618842140958608,1
1,2,0.01,81,"invasive_income",0.4,0.386240876913966,1
1,2,0.01,81,"invasive_child",1.1,0.636605399015191,1
1,2,0.01,82,"ASC2_male",0,0.0964836807397296,1
1,2,0.01,82,"ASC2_age",0,-0.0585966979793654,1
1,2,0.01,82,"ASC2_income",-0.8,-0.348721132943493,1
1,2,0.01,82,"ASC2_child",0.4,0.454198683972439,1
1,2,0.01,82,"ASC3_male",-0.5,-0.190802591887795,1
1,2,0.01,82,"ASC3_age",0,-0.108065026028198,1
1,2,0.01,82,"ASC3_income",0,0.106476841797055,1
1,2,0.01,82,"ASC3_child",0,0.104465709277587,1
1,2,0.01,82,"prot25_male",-0.5,-0.272291841630638,1
1,2,0.01,82,"prot25_age",0,-0.0441609422148254,1
1,2,0.01,82,"prot25_income",0.8,0.0994434924710638,1
1,2,0.01,82,"prot25_child",0,0.0121423957653187,1
1,2,0.01,82,"prot50_male",-0.3,-0.224475834058459,1
1,2,0.01,82,"prot50_age",0,-0.0737466486013645,1
1,2,0.01,82,"prot50_income",0.6,0.247271485330969,1
1,2,0.01,82,"prot50_child",0.3,0.265334728981563,1
1,2,0.01,82,"invasive_male",-1.1,-0.777000113692087,1
1,2,0.01,82,"invasive_age",-1.2,-0.566890069181084,1
1,2,0.01,82,"invasive_income",0,0.0159887548876845,1
1,2,0.01,82,"invasive_child",0,0.0160770604941118,1
1,2,0.01,83,"ASC2_male",0.5,0.171394962284864,1
1,2,0.01,83,"ASC2_age",0,0.155008196831521,1
1,2,0.01,83,"ASC2_income",-0.6,-0.253797045930033,1
1,2,0.01,83,"ASC2_child",-0.5,-0.0673219002176269,1
1,2,0.01,83,"ASC3_male",0,0.00741999939967505,0
1,2,0.01,83,"ASC3_age",0,0.088040195727372,1
1,2,0.01,83,"ASC3_income",0,0.0816743139904399,1
1,2,0.01,83,"ASC3_child",0,0.222944690316641,1
1,2,0.01,83,"prot25_male",-1,-0.482284638673683,1
1,2,0.01,83,"prot25_age",0.1,-0.138312509071854,1
1,2,0.01,83,"prot25_income",0,-0.0245139553064651,1
1,2,0.01,83,"prot25_child",0,-0.185008562299213,1
1,2,0.01,83,"prot50_male",0.7,0.406413815269897,1
1,2,0.01,83,"prot50_age",0,-0.181386381263495,1
1,2,0.01,83,"prot50_income",1.1,0.602372271827103,1
1,2,0.01,83,"prot50_child",0,-0.216385261050699,1
1,2,0.01,83,"invasive_male",0.7,0.289420824959917,1
1,2,0.01,83,"invasive_age",-1,-0.476505716265652,1
1,2,0.01,83,"invasive_income",0.3,0.33218942133705,1
1,2,0.01,83,"invasive_child",0,0.0462504836687671,1
1,2,0.01,84,"ASC2_male",0,-0.0568331293495978,1
1,2,0.01,84,"ASC2_age",0,0.0562862480131755,1
1,2,0.01,84,"ASC2_income",-0.9,-0.304801632201218,1
1,2,0.01,84,"ASC2_child",1.1,0.933862053592774,1
1,2,0.01,84,"ASC3_male",0.7,0.378389078718002,1
1,2,0.01,84,"ASC3_age",0,0.0105038855780678,1
1,2,0.01,84,"ASC3_income",0,0.0347942462036693,1
1,2,0.01,84,"ASC3_child",0.3,0.47138982595167,1
1,2,0.01,84,"prot25_male",0.3,0.0840641462505324,1
1,2,0.01,84,"prot25_age",0,0.0384470956862491,1
1,2,0.01,84,"prot25_income",0,0.00315722606167534,0
1,2,0.01,84,"prot25_child",0,-0.371700763504077,1
1,2,0.01,84,"prot50_male",0,-0.164725735910067,1
1,2,0.01,84,"prot50_age",-0.2,-0.151227764932626,1
1,2,0.01,84,"prot50_income",0.5,0.305495289134051,1
1,2,0.01,84,"prot50_child",0,-0.217385422191579,1
1,2,0.01,84,"invasive_male",0,-0.20874801292145,1
1,2,0.01,84,"invasive_age",-0.7,-0.398474060895137,1
1,2,0.01,84,"invasive_income",-0.9,-0.327538055136584,1
1,2,0.01,84,"invasive_child",0.5,0.291501256182078,1
1,2,0.01,85,"ASC2_male",0.9,0.250832885548164,1
1,2,0.01,85,"ASC2_age",0,-0.0627279074128221,1
1,2,0.01,85,"ASC2_income",-0.2,-0.0877668172227055,1
1,2,0.01,85,"ASC2_child",0.5,0.208192040723338,1
1,2,0.01,85,"ASC3_male",0,-0.176854184678116,1
1,2,0.01,85,"ASC3_age",0,-0.0297134490665175,1
1,2,0.01,85,"ASC3_income",0,-0.0519577992499309,1
1,2,0.01,85,"ASC3_child",0.8,0.282553960772074,1
1,2,0.01,85,"prot25_male",0.4,0.611417699306186,1
1,2,0.01,85,"prot25_age",0,-0.00691097428103836,0
1,2,0.01,85,"prot25_income",0.5,0.187726570559435,1
1,2,0.01,85,"prot25_child",-0.2,-0.0129423048706481,1
1,2,0.01,85,"prot50_male",-0.1,0.266114891403971,1
1,2,0.01,85,"prot50_age",0,0.0211356744940361,1
1,2,0.01,85,"prot50_income",-1.1,-0.660244062166874,1
1,2,0.01,85,"prot50_child",0,-0.0533496644862321,1
1,2,0.01,85,"invasive_male",0.7,0.371154754687114,1
1,2,0.01,85,"invasive_age",0,-0.0249266969343496,1
1,2,0.01,85,"invasive_income",0,0.0484409390792358,1
1,2,0.01,85,"invasive_child",0,0.0645055502422509,1
1,2,0.01,86,"ASC2_male",0.2,0.0735544496170304,1
1,2,0.01,86,"ASC2_age",0.4,0.283615610098469,1
1,2,0.01,86,"ASC2_income",0,-0.066970760903875,1
1,2,0.01,86,"ASC2_child",-0.2,0.233150216499208,1
1,2,0.01,86,"ASC3_male",-0.2,-0.127005337407542,1
1,2,0.01,86,"ASC3_age",0,0.0098526812941693,0
1,2,0.01,86,"ASC3_income",0,-0.174013908744299,1
1,2,0.01,86,"ASC3_child",0,0.366255511615079,1
1,2,0.01,86,"prot25_male",0,-0.123041142462217,1
1,2,0.01,86,"prot25_age",0,-0.00456097787715627,0
1,2,0.01,86,"prot25_income",-0.2,-0.0920387673837282,1
1,2,0.01,86,"prot25_child",0,0.00657335346894676,0
1,2,0.01,86,"prot50_male",0.6,0.170058151256311,1
1,2,0.01,86,"prot50_age",-1,-0.560421120480855,1
1,2,0.01,86,"prot50_income",0,0.167538248992652,1
1,2,0.01,86,"prot50_child",1,0.433857731495135,1
1,2,0.01,86,"invasive_male",0.5,0.150183792742159,1
1,2,0.01,86,"invasive_age",0,0.11979881173878,1
1,2,0.01,86,"invasive_income",0,0.0776452406055679,1
1,2,0.01,86,"invasive_child",-1,-0.509372360168228,1
1,2,0.01,87,"ASC2_male",0.2,0.224318549819385,1
1,2,0.01,87,"ASC2_age",1.1,0.580741154703601,1
1,2,0.01,87,"ASC2_income",0,-0.0632030773556261,1
1,2,0.01,87,"ASC2_child",0,0.0882125024985655,1
1,2,0.01,87,"ASC3_male",0,-0.106314644332982,1
1,2,0.01,87,"ASC3_age",-0.4,-0.174908673462047,1
1,2,0.01,87,"ASC3_income",0,0.0514335180670173,1
1,2,0.01,87,"ASC3_child",0.7,0.426532324691518,1
1,2,0.01,87,"prot25_male",-1.2,-0.678548654804388,1
1,2,0.01,87,"prot25_age",-0.9,-0.463518735238628,1
1,2,0.01,87,"prot25_income",0,-0.0221243794104958,1
1,2,0.01,87,"prot25_child",-0.2,-0.170326305749263,1
1,2,0.01,87,"prot50_male",-0.5,-0.16254486063851,1
1,2,0.01,87,"prot50_age",0,-0.131415017015297,1
1,2,0.01,87,"prot50_income",0,-0.159300329751235,1
1,2,0.01,87,"prot50_child",0.4,0.241251691920072,1
1,2,0.01,87,"invasive_male",0,-0.0310532302035446,1
1,2,0.01,87,"invasive_age",0,-0.00438607570682357,0
1,2,0.01,87,"invasive_income",0,-0.125355290027256,1
1,2,0.01,87,"invasive_child",0.8,0.819934207776503,1
1,2,0.01,88,"ASC2_male",-1.1,-0.369123047018531,1
1,2,0.01,88,"ASC2_age",0,-0.1213927606781,1
1,2,0.01,88,"ASC2_income",0.3,0.0479883610713581,1
1,2,0.01,88,"ASC2_child",0,-0.343151554580086,1
1,2,0.01,88,"ASC3_male",-1.1,-0.489769563619113,1
1,2,0.01,88,"ASC3_age",0,-0.00652913283339947,0
1,2,0.01,88,"ASC3_income",0,-0.155991309310262,1
1,2,0.01,88,"ASC3_child",0.5,-0.038750530074132,1
1,2,0.01,88,"prot25_male",0.6,0.0923534436784399,1
1,2,0.01,88,"prot25_age",0,0.109159267751508,1
1,2,0.01,88,"prot25_income",0,0.0102006022847905,1
1,2,0.01,88,"prot25_child",0,0.290278128977297,1
1,2,0.01,88,"prot50_male",0,-0.343705381515946,1
1,2,0.01,88,"prot50_age",-0.3,-0.0280298658822827,1
1,2,0.01,88,"prot50_income",-0.5,-0.112951505354638,1
1,2,0.01,88,"prot50_child",0.8,0.661618671706352,1
1,2,0.01,88,"invasive_male",0,-0.0583687711514505,1
1,2,0.01,88,"invasive_age",-1.1,-0.574709398493621,1
1,2,0.01,88,"invasive_income",0.4,0.196039643984448,1
1,2,0.01,88,"invasive_child",0,0.131846885139787,1
1,2,0.01,89,"ASC2_male",0,-0.331976475809024,1
1,2,0.01,89,"ASC2_age",0,0.122467746924364,1
1,2,0.01,89,"ASC2_income",0.5,0.22601832352618,1
1,2,0.01,89,"ASC2_child",0,-0.232374596478605,1
1,2,0.01,89,"ASC3_male",0,-0.210871344527287,1
1,2,0.01,89,"ASC3_age",0.3,0.33387479644784,1
1,2,0.01,89,"ASC3_income",-0.8,-0.417622282835988,1
1,2,0.01,89,"ASC3_child",0,-0.323392092912875,1
1,2,0.01,89,"prot25_male",0.1,0.30085341925624,1
1,2,0.01,89,"prot25_age",-0.1,-0.146101152769699,1
1,2,0.01,89,"prot25_income",0,0.107195683469932,1
1,2,0.01,89,"prot25_child",-1.2,-0.600790991853943,1
1,2,0.01,89,"prot50_male",-0.5,0.112998939272728,1
1,2,0.01,89,"prot50_age",0,-0.0627762638475057,1
1,2,0.01,89,"prot50_income",0,0.0696835578769583,1
1,2,0.01,89,"prot50_child",0,0.313778944252284,1
1,2,0.01,89,"invasive_male",-0.6,-0.487640854484694,1
1,2,0.01,89,"invasive_age",0.2,0.0413890463266645,1
1,2,0.01,89,"invasive_income",1.1,0.642334362220736,1
1,2,0.01,89,"invasive_child",0,0.0232297922642956,1
1,2,0.01,90,"ASC2_male",-1,-0.107091647266463,1
1,2,0.01,90,"ASC2_age",-0.2,-0.392231302007068,1
1,2,0.01,90,"ASC2_income",-0.9,-0.378666687537605,1
1,2,0.01,90,"ASC2_child",0.8,-0.183194296943046,1
1,2,0.01,90,"ASC3_male",0,0.29106123008198,1
1,2,0.01,90,"ASC3_age",0,-0.24263271302368,1
1,2,0.01,90,"ASC3_income",0,0.0983454344002504,1
1,2,0.01,90,"ASC3_child",0.6,-0.253525719345899,1
1,2,0.01,90,"prot25_male",0,-0.240830860714017,1
1,2,0.01,90,"prot25_age",0,0.223294277300192,1
1,2,0.01,90,"prot25_income",0.8,0.462635366313539,1
1,2,0.01,90,"prot25_child",0,0.437197911534494,1
1,2,0.01,90,"prot50_male",0,-0.0923664284246421,1
1,2,0.01,90,"prot50_age",1,0.659924354139174,1
1,2,0.01,90,"prot50_income",0.6,0.267242020229406,1
1,2,0.01,90,"prot50_child",0,0.25433240030327,1
1,2,0.01,90,"invasive_male",0,-0.0269806216915488,1
1,2,0.01,90,"invasive_age",0,0.0270877590717408,1
1,2,0.01,90,"invasive_income",-0.6,-0.267023371239375,1
1,2,0.01,90,"invasive_child",-1.2,-0.715853255782119,1
1,2,0.01,91,"ASC2_male",1.2,0.724914959169735,1
1,2,0.01,91,"ASC2_age",0.2,0.0538731678635001,1
1,2,0.01,91,"ASC2_income",0,0.0675855300818306,1
1,2,0.01,91,"ASC2_child",0,-0.288363627147039,1
1,2,0.01,91,"ASC3_male",0,0.121728348214966,1
1,2,0.01,91,"ASC3_age",0,-0.0922173697886432,1
1,2,0.01,91,"ASC3_income",0.6,0.41434421595077,1
1,2,0.01,91,"ASC3_child",1.1,0.483490524298601,1
1,2,0.01,91,"prot25_male",0,0.254654983418264,1
1,2,0.01,91,"prot25_age",0.3,0.265459513129003,1
1,2,0.01,91,"prot25_income",0.2,0.0945227027646879,1
1,2,0.01,91,"prot25_child",0,0.182742645541107,1
1,2,0.01,91,"prot50_male",-0.7,-0.295952228026873,1
1,2,0.01,91,"prot50_age",0,0.190527127493423,1
1,2,0.01,91,"prot50_income",-1,-0.643617799816758,1
1,2,0.01,91,"prot50_child",0,0.432568788580204,1
1,2,0.01,91,"invasive_male",-0.6,-0.261642887852869,1
1,2,0.01,91,"invasive_age",0,0.0230365396918012,1
1,2,0.01,91,"invasive_income",0.4,0.289089393225079,1
1,2,0.01,91,"invasive_child",0,0.133924122769869,1
1,2,0.01,92,"ASC2_male",-0.4,-0.229010409255438,1
1,2,0.01,92,"ASC2_age",0,0.101534198467026,1
1,2,0.01,92,"ASC2_income",1,0.328214674248597,1
1,2,0.01,92,"ASC2_child",0,0.130778355218465,1
1,2,0.01,92,"ASC3_male",-1.1,-0.522249358066284,1
1,2,0.01,92,"ASC3_age",0.6,0.387729097623016,1
1,2,0.01,92,"ASC3_income",0.8,0.157280061746784,1
1,2,0.01,92,"ASC3_child",0,0.171123387081398,1
1,2,0.01,92,"prot25_male",0,-0.0925657229657023,1
1,2,0.01,92,"prot25_age",0,-0.0191641707929041,1
1,2,0.01,92,"prot25_income",0.7,0.422644086736681,1
1,2,0.01,92,"prot25_child",-0.8,-0.475234397958849,1
1,2,0.01,92,"prot50_male",1,0.46789885324724,1
1,2,0.01,92,"prot50_age",0,-0.00861663492058541,0
1,2,0.01,92,"prot50_income",-1.2,-0.583650158403724,1
1,2,0.01,92,"prot50_child",0,-0.137218094077457,1
1,2,0.01,92,"invasive_male",0,0.0773845007838662,1
1,2,0.01,92,"invasive_age",0,0.102421666226641,1
1,2,0.01,92,"invasive_income",-0.9,-0.494321842314523,1
1,2,0.01,92,"invasive_child",0,0.0757744407413002,1
1,2,0.01,93,"ASC2_male",0,0.068241348728621,1
1,2,0.01,93,"ASC2_age",1,0.657575275267358,1
1,2,0.01,93,"ASC2_income",0,0.157941586775298,1
1,2,0.01,93,"ASC2_child",-0.3,-0.403748157890474,1
1,2,0.01,93,"ASC3_male",-1,-0.685397384729214,1
1,2,0.01,93,"ASC3_age",0,0.257523075944357,1
1,2,0.01,93,"ASC3_income",0,0.21906665912229,1
1,2,0.01,93,"ASC3_child",0.1,-0.331300394510622,1
1,2,0.01,93,"prot25_male",0.7,0.258292815254431,1
1,2,0.01,93,"prot25_age",0,-0.187439795005841,1
1,2,0.01,93,"prot25_income",-0.7,-0.596361885674638,1
1,2,0.01,93,"prot25_child",0,0.445746901847643,1
1,2,0.01,93,"prot50_male",0,-0.0967137134833604,1
1,2,0.01,93,"prot50_age",0,-0.0865316566289799,1
1,2,0.01,93,"prot50_income",0,-0.078053667902231,1
1,2,0.01,93,"prot50_child",0.9,0.953041787298094,1
1,2,0.01,93,"invasive_male",-0.7,-0.651317971200095,1
1,2,0.01,93,"invasive_age",-0.7,-0.25301626786565,1
1,2,0.01,93,"invasive_income",0,0.213716171381095,1
1,2,0.01,93,"invasive_child",-0.2,-0.216117329924791,1
1,2,0.01,94,"ASC2_male",0.3,0.344697668620828,1
1,2,0.01,94,"ASC2_age",-0.4,-0.0413050047393965,1
1,2,0.01,94,"ASC2_income",-0.4,-0.199273775059301,1
1,2,0.01,94,"ASC2_child",-0.6,0.0385368244960337,1
1,2,0.01,94,"ASC3_male",-0.3,-0.124866723784586,1
1,2,0.01,94,"ASC3_age",0,0.0531970834714276,1
1,2,0.01,94,"ASC3_income",0,0.0410822438632321,1
1,2,0.01,94,"ASC3_child",0.9,0.516183092245877,1
1,2,0.01,94,"prot25_male",0.3,0.114217162111929,1
1,2,0.01,94,"prot25_age",0,0.0938956250150802,1
1,2,0.01,94,"prot25_income",0.2,0.136314480099983,1
1,2,0.01,94,"prot25_child",0,0.19908047134461,1
1,2,0.01,94,"prot50_male",0,0.0447326690484702,1
1,2,0.01,94,"prot50_age",0.5,0.310546884135372,1
1,2,0.01,94,"prot50_income",0,0.00560521544364942,0
1,2,0.01,94,"prot50_child",-0.1,-0.130489021973076,1
1,2,0.01,94,"invasive_male",0,0.18231963002015,1
1,2,0.01,94,"invasive_age",0,0.0918691633265615,1
1,2,0.01,94,"invasive_income",0,0.10316007462686,1
1,2,0.01,94,"invasive_child",0,-0.105008116648067,1
1,2,0.01,95,"ASC2_male",-0.9,-0.799764400636674,1
1,2,0.01,95,"ASC2_age",0,0.0324837152381816,1
1,2,0.01,95,"ASC2_income",0,-0.0484234193940815,1
1,2,0.01,95,"ASC2_child",0,0.353319973511871,1
1,2,0.01,95,"ASC3_male",0,-0.308534294744249,1
1,2,0.01,95,"ASC3_age",1.1,0.594237522612707,1
1,2,0.01,95,"ASC3_income",0.8,0.418729648213715,1
1,2,0.01,95,"ASC3_child",-1,-0.23934541468826,1
1,2,0.01,95,"prot25_male",-1,-0.139632340918505,1
1,2,0.01,95,"prot25_age",0.8,0.441725009439779,1
1,2,0.01,95,"prot25_income",0.7,0.306151287187642,1
1,2,0.01,95,"prot25_child",0.6,0.177924908651248,1
1,2,0.01,95,"prot50_male",0,0.244119445480036,1
1,2,0.01,95,"prot50_age",0,0.0246902035667294,1
1,2,0.01,95,"prot50_income",1,0.370086756381257,1
1,2,0.01,95,"prot50_child",0,-0.149909275597133,1
1,2,0.01,95,"invasive_male",0,-0.175199120801207,1
1,2,0.01,95,"invasive_age",0,-0.028061184346142,1
1,2,0.01,95,"invasive_income",0,-0.0652848987593041,1
1,2,0.01,95,"invasive_child",0.4,0.31857584308672,1
1,2,0.01,96,"ASC2_male",0.6,0.6477814253729,1
1,2,0.01,96,"ASC2_age",0,0.0508470612769905,1
1,2,0.01,96,"ASC2_income",0,-0.169355840409777,1
1,2,0.01,96,"ASC2_child",0,0.682446058671276,1
1,2,0.01,96,"ASC3_male",-0.1,0.316381061584814,1
1,2,0.01,96,"ASC3_age",1.2,0.598534784659528,1
1,2,0.01,96,"ASC3_income",0,-0.203372272975532,1
1,2,0.01,96,"ASC3_child",0,0.649671498880082,1
1,2,0.01,96,"prot25_male",-0.6,-0.565105284144237,1
1,2,0.01,96,"prot25_age",0.3,0.139777673125011,1
1,2,0.01,96,"prot25_income",-0.8,-0.250594472974509,1
1,2,0.01,96,"prot25_child",0.7,0.0217675146052103,1
1,2,0.01,96,"prot50_male",-1,-0.480776831797946,1
1,2,0.01,96,"prot50_age",0,-0.0303502410753524,1
1,2,0.01,96,"prot50_income",0,0.092973088738856,1
1,2,0.01,96,"prot50_child",0,-0.323845560276698,1
1,2,0.01,96,"invasive_male",-0.2,0.203434811411392,1
1,2,0.01,96,"invasive_age",-0.4,-0.213990264725017,1
1,2,0.01,96,"invasive_income",0,-0.0883925805753285,1
1,2,0.01,96,"invasive_child",0,0.330167078121061,1
1,2,0.01,97,"ASC2_male",-1,-0.401897728854628,1
1,2,0.01,97,"ASC2_age",0.2,0.0305436619106289,1
1,2,0.01,97,"ASC2_income",0,0.00433297373256144,0
1,2,0.01,97,"ASC2_child",-0.3,-0.316784527040909,1
1,2,0.01,97,"ASC3_male",0.5,0.0248070319417759,1
1,2,0.01,97,"ASC3_age",0.5,0.220854155851597,1
1,2,0.01,97,"ASC3_income",0,0.112826511574998,1
1,2,0.01,97,"ASC3_child",-0.2,-0.240418559495465,1
1,2,0.01,97,"prot25_male",0,-0.0627705536260323,1
1,2,0.01,97,"prot25_age",0,0.133812438000251,1
1,2,0.01,97,"prot25_income",-0.1,-0.106841945620483,1
1,2,0.01,97,"prot25_child",0,0.293379358110879,1
1,2,0.01,97,"prot50_male",0.6,0.46070538091943,1
1,2,0.01,97,"prot50_age",0,0.0669807331534077,1
1,2,0.01,97,"prot50_income",-0.5,-0.375520959478918,1
1,2,0.01,97,"prot50_child",0,0.285797789379726,1
1,2,0.01,97,"invasive_male",0,0.176081068127716,1
1,2,0.01,97,"invasive_age",0,-0.0240139782876365,1
1,2,0.01,97,"invasive_income",-0.7,-0.481840534214522,1
1,2,0.01,97,"invasive_child",0,-0.00102709031527126,0
1,2,0.01,98,"ASC2_male",0,-0.136694701707071,1
1,2,0.01,98,"ASC2_age",0,0.0881936512348105,1
1,2,0.01,98,"ASC2_income",-0.5,-0.251902770897167,1
1,2,0.01,98,"ASC2_child",-1.1,-0.70744030337992,1
1,2,0.01,98,"ASC3_male",-0.3,-0.137152984738996,1
1,2,0.01,98,"ASC3_age",1,0.525622451418262,1
1,2,0.01,98,"ASC3_income",0,0.0111380793487097,1
1,2,0.01,98,"ASC3_child",-0.6,-0.257697376165467,1
1,2,0.01,98,"prot25_male",-0.4,-0.19329425711683,1
1,2,0.01,98,"prot25_age",0,0.0125690958147319,1
1,2,0.01,98,"prot25_income",1.2,0.44808404158899,1
1,2,0.01,98,"prot25_child",-0.8,-0.339126019232563,1
1,2,0.01,98,"prot50_male",-1.1,-0.481470473718148,1
1,2,0.01,98,"prot50_age",0,-0.00274353025225477,0
1,2,0.01,98,"prot50_income",0,-0.0632746959317227,1
1,2,0.01,98,"prot50_child",0,-0.136540968289226,1
1,2,0.01,98,"invasive_male",0,-0.157764773486107,1
1,2,0.01,98,"invasive_age",0,0.157174118829734,1
1,2,0.01,98,"invasive_income",0,-0.051168522708117,1
1,2,0.01,98,"invasive_child",1,0.540972626224267,1
1,2,0.01,99,"ASC2_male",1.1,0.338500373805243,1
1,2,0.01,99,"ASC2_age",0.3,0.113040121687671,1
1,2,0.01,99,"ASC2_income",-0.8,-0.146415942925423,1
1,2,0.01,99,"ASC2_child",0.2,-0.211094609409318,1
1,2,0.01,99,"ASC3_male",1.1,0.453327538617066,1
1,2,0.01,99,"ASC3_age",0,0.0411797363423014,1
1,2,0.01,99,"ASC3_income",0,0.136995203656998,1
1,2,0.01,99,"ASC3_child",0,-0.248148171416339,1
1,2,0.01,99,"prot25_male",-0.6,-0.295173350952315,1
1,2,0.01,99,"prot25_age",0,-0.0450027724870833,1
1,2,0.01,99,"prot25_income",0,-0.121810567388256,1
1,2,0.01,99,"prot25_child",0,-0.0734843869982724,1
1,2,0.01,99,"prot50_male",-0.2,-0.158162581621777,1
1,2,0.01,99,"prot50_age",0.9,0.337654102323259,1
1,2,0.01,99,"prot50_income",-0.1,-0.117914109750128,1
1,2,0.01,99,"prot50_child",0,-0.0606978536885001,1
1,2,0.01,99,"invasive_male",0.9,0.328897233397785,1
1,2,0.01,99,"invasive_age",0,0.0284860008844526,1
1,2,0.01,99,"invasive_income",0,0.000807296214080559,0
1,2,0.01,99,"invasive_child",0,-0.289292114936847,1
1,2,0.01,100,"ASC2_male",0.1,0.30756460289379,1
1,2,0.01,100,"ASC2_age",0,0.0260774584687261,1
1,2,0.01,100,"ASC2_income",0,0.0353509023344171,1
1,2,0.01,100,"ASC2_child",-0.7,-0.0633461787095704,1
1,2,0.01,100,"ASC3_male",0,0.396086143593939,1
1,2,0.01,100,"ASC3_age",0,-0.0192582148846447,1
1,2,0.01,100,"ASC3_income",-0.7,-0.333693675287867,1
1,2,0.01,100,"ASC3_child",-1.1,-0.324859573077987,1
1,2,0.01,100,"prot25_male",0,-0.360363149574511,1
1,2,0.01,100,"prot25_age",-0.7,-0.255662077425626,1
1,2,0.01,100,"prot25_income",0,0.00046055561206995,0
1,2,0.01,100,"prot25_child",-0.6,-0.215879733778766,1
1,2,0.01,100,"prot50_male",0,-0.361136710324558,1
1,2,0.01,100,"prot50_age",0,-0.0653590541207485,1
1,2,0.01,100,"prot50_income",0.5,0.149917758530702,1
1,2,0.01,100,"prot50_child",1,0.450448448778002,1
1,2,0.01,100,"invasive_male",0,0.170570078671326,1
1,2,0.01,100,"invasive_age",0,-0.103624756661573,1
1,2,0.01,100,"invasive_income",0.8,0.279919789886168,1
1,2,0.01,100,"invasive_child",0.4,0.211908278671866,1
1,2,0.05,1,"ASC2_male",0.9,0.0909804394108366,1
1,2,0.05,1,"ASC2_age",0.3,0.158212903692652,1
1,2,0.05,1,"ASC2_income",0,0.0335570842683434,0
1,2,0.05,1,"ASC2_child",0,0.0426951488224445,0
1,2,0.05,1,"ASC3_male",-1.1,-0.807516079091991,1
1,2,0.05,1,"ASC3_age",0,0.133964674013527,1
1,2,0.05,1,"ASC3_income",0.8,0.469438741833061,1
1,2,0.05,1,"ASC3_child",0,0.282371386254351,1
1,2,0.05,1,"prot25_male",1.2,0.724124997168897,1
1,2,0.05,1,"prot25_age",0.7,0.400794518429195,1
1,2,0.05,1,"prot25_income",0,-0.0594765618286451,1
1,2,0.05,1,"prot25_child",1.1,0.741618055731677,1
1,2,0.05,1,"prot50_male",0,0.207173681451751,1
1,2,0.05,1,"prot50_age",0,0.0539064655454739,1
1,2,0.05,1,"prot50_income",-1.2,-0.72644760448704,1
1,2,0.05,1,"prot50_child",1.1,0.692131705492237,1
1,2,0.05,1,"invasive_male",0,-0.212040124140491,1
1,2,0.05,1,"invasive_age",-0.6,-0.24793549131188,1
1,2,0.05,1,"invasive_income",0,-0.0995019481194603,1
1,2,0.05,1,"invasive_child",0,0.152148398564228,1
1,2,0.05,2,"ASC2_male",0,-0.100504538309036,1
1,2,0.05,2,"ASC2_age",0.1,-0.057562609702682,1
1,2,0.05,2,"ASC2_income",0.7,0.36385614948057,1
1,2,0.05,2,"ASC2_child",-0.4,-0.246789874861348,1
1,2,0.05,2,"ASC3_male",0,0.0133053186069936,0
1,2,0.05,2,"ASC3_age",0.4,-0.0560613441069618,1
1,2,0.05,2,"ASC3_income",-0.8,-0.344327960770606,1
1,2,0.05,2,"ASC3_child",0,-0.0740022782669421,1
1,2,0.05,2,"prot25_male",0.5,0.402697126653742,1
1,2,0.05,2,"prot25_age",0.8,0.539666454638889,1
1,2,0.05,2,"prot25_income",0,0.0591747770573456,1
1,2,0.05,2,"prot25_child",0,-0.0103375351638628,0
1,2,0.05,2,"prot50_male",0,-0.0498850970374787,0
1,2,0.05,2,"prot50_age",0,0.192488292479636,1
1,2,0.05,2,"prot50_income",0,0.00985871043439504,0
1,2,0.05,2,"prot50_child",0,0.135433834839607,1
1,2,0.05,2,"invasive_male",1,0.391517398522375,1
1,2,0.05,2,"invasive_age",-0.1,-0.204654334630341,1
1,2,0.05,2,"invasive_income",0,0.0454402179740039,0
1,2,0.05,2,"invasive_child",-0.6,-0.431242313406435,1
1,2,0.05,3,"ASC2_male",-0.9,-0.258224583355464,1
1,2,0.05,3,"ASC2_age",-0.4,-0.248589827977666,1
1,2,0.05,3,"ASC2_income",0,-0.0799138576416438,1
1,2,0.05,3,"ASC2_child",0,-0.121008331594008,1
1,2,0.05,3,"ASC3_male",-0.7,-0.30187322794215,1
1,2,0.05,3,"ASC3_age",0,-0.0213812487472167,0
1,2,0.05,3,"ASC3_income",0,-0.0757374729023707,1
1,2,0.05,3,"ASC3_child",1,0.614931595236886,1
1,2,0.05,3,"prot25_male",0,0.052049161202685,1
1,2,0.05,3,"prot25_age",0,0.026766384796417,0
1,2,0.05,3,"prot25_income",0,0.0977311974519054,1
1,2,0.05,3,"prot25_child",0,-0.0466810490750143,0
1,2,0.05,3,"prot50_male",0.7,0.366498505069682,1
1,2,0.05,3,"prot50_age",-0.2,0.0174348868726657,0
1,2,0.05,3,"prot50_income",-1,-0.537314413091293,1
1,2,0.05,3,"prot50_child",-0.8,-0.139818347918649,1
1,2,0.05,3,"invasive_male",0,0.0820854530944037,1
1,2,0.05,3,"invasive_age",0,0.0379449355852762,0
1,2,0.05,3,"invasive_income",-1.2,-0.643320782972605,1
1,2,0.05,3,"invasive_child",1,0.494363085831288,1
1,2,0.05,4,"ASC2_male",0,0.397520134931442,1
1,2,0.05,4,"ASC2_age",-0.1,0.142880350323237,1
1,2,0.05,4,"ASC2_income",0,0.121397772295266,1
1,2,0.05,4,"ASC2_child",-0.6,-0.445881134360337,1
1,2,0.05,4,"ASC3_male",0,0.162661678589905,1
1,2,0.05,4,"ASC3_age",1,0.675927306402897,1
1,2,0.05,4,"ASC3_income",0,0.154941762575563,1
1,2,0.05,4,"ASC3_child",0,0.189861973570386,1
1,2,0.05,4,"prot25_male",0,0.0151339886986273,0
1,2,0.05,4,"prot25_age",-0.5,-0.368903644021599,1
1,2,0.05,4,"prot25_income",0,-0.169822915509122,1
1,2,0.05,4,"prot25_child",0,0.00386172066028349,0
1,2,0.05,4,"prot50_male",0.1,0.058589049590863,1
1,2,0.05,4,"prot50_age",1,0.608548146727631,1
1,2,0.05,4,"prot50_income",0,-0.0907893888798641,1
1,2,0.05,4,"prot50_child",-1,-0.442833275700988,1
1,2,0.05,4,"invasive_male",-1,-0.474976429147199,1
1,2,0.05,4,"invasive_age",-0.9,-0.356996106365189,1
1,2,0.05,4,"invasive_income",-0.3,-0.243208845336062,1
1,2,0.05,4,"invasive_child",0,-0.083971252201227,1
1,2,0.05,5,"ASC2_male",0,0.140031708520015,1
1,2,0.05,5,"ASC2_age",0.7,0.504279288543365,1
1,2,0.05,5,"ASC2_income",-0.4,-0.462538713081127,1
1,2,0.05,5,"ASC2_child",-0.3,0.00092697330936584,0
1,2,0.05,5,"ASC3_male",0,0.0423384724109724,0
1,2,0.05,5,"ASC3_age",0,0.101392501031189,1
1,2,0.05,5,"ASC3_income",0.9,0.305363049621615,1
1,2,0.05,5,"ASC3_child",-0.6,-0.207197526374141,1
1,2,0.05,5,"prot25_male",0.9,0.619947592810791,1
1,2,0.05,5,"prot25_age",0,-0.0517563711513811,1
1,2,0.05,5,"prot25_income",-0.3,0.0192338716901449,0
1,2,0.05,5,"prot25_child",0,0.0879509427654444,1
1,2,0.05,5,"prot50_male",0.4,0.258301506800146,1
1,2,0.05,5,"prot50_age",0,-0.023323825032358,0
1,2,0.05,5,"prot50_income",0.5,0.520079918936942,1
1,2,0.05,5,"prot50_child",0,-0.0142032172280626,0
1,2,0.05,5,"invasive_male",0.7,0.495026211003723,1
1,2,0.05,5,"invasive_age",0,0.0629291069452126,1
1,2,0.05,5,"invasive_income",0,0.0147927601509144,0
1,2,0.05,5,"invasive_child",0,-0.105395425743318,1
1,2,0.05,6,"ASC2_male",0.4,0.365052269365296,1
1,2,0.05,6,"ASC2_age",0.7,0.300831137002529,1
1,2,0.05,6,"ASC2_income",0,-0.195994214638343,1
1,2,0.05,6,"ASC2_child",0,-0.148060948726043,1
1,2,0.05,6,"ASC3_male",0,0.111597416274981,1
1,2,0.05,6,"ASC3_age",0,-0.182119563286007,1
1,2,0.05,6,"ASC3_income",0,-0.215240262410342,1
1,2,0.05,6,"ASC3_child",1.2,0.627712097353611,1
1,2,0.05,6,"prot25_male",-0.4,-0.500830468765413,1
1,2,0.05,6,"prot25_age",-0.3,0.119538309712902,1
1,2,0.05,6,"prot25_income",0,0.0968154725126613,1
1,2,0.05,6,"prot25_child",0,0.267987647259079,1
1,2,0.05,6,"prot50_male",0,-0.17285638541239,1
1,2,0.05,6,"prot50_age",-1.1,-0.476673224889046,1
1,2,0.05,6,"prot50_income",-0.2,0.0393721162669885,0
1,2,0.05,6,"prot50_child",-0.2,-0.137941997328832,1
1,2,0.05,6,"invasive_male",0,0.109923555507215,1
1,2,0.05,6,"invasive_age",1,0.499693063377479,1
1,2,0.05,6,"invasive_income",0,8.5388612210364e-05,0
1,2,0.05,6,"invasive_child",0.9,0.361603623161281,1
1,2,0.05,7,"ASC2_male",0.8,0.387132671323094,1
1,2,0.05,7,"ASC2_age",0,0.0279721305643139,0
1,2,0.05,7,"ASC2_income",0,0.0678074626187135,1
1,2,0.05,7,"ASC2_child",1.2,0.923895246426352,1
1,2,0.05,7,"ASC3_male",-0.7,-0.376234562199677,1
1,2,0.05,7,"ASC3_age",0,0.0433231681439566,0
1,2,0.05,7,"ASC3_income",0,0.00110481292324127,0
1,2,0.05,7,"ASC3_child",-1,-0.305011904615244,1
1,2,0.05,7,"prot25_male",1.2,0.673568958018896,1
1,2,0.05,7,"prot25_age",0.8,0.324414221856691,1
1,2,0.05,7,"prot25_income",0,-0.0826060808681908,1
1,2,0.05,7,"prot25_child",0.7,0.173917330993497,1
1,2,0.05,7,"prot50_male",0,0.0660567891108262,1
1,2,0.05,7,"prot50_age",-0.4,-0.204217752171024,1
1,2,0.05,7,"prot50_income",0,-0.00498665485652418,0
1,2,0.05,7,"prot50_child",0.6,0.180734244962209,1
1,2,0.05,7,"invasive_male",0,0.110268619828847,1
1,2,0.05,7,"invasive_age",0,-0.0886257546610477,1
1,2,0.05,7,"invasive_income",1.1,0.653633015972203,1
1,2,0.05,7,"invasive_child",0,0.176270509457589,1
1,2,0.05,8,"ASC2_male",0,0.252927543163902,1
1,2,0.05,8,"ASC2_age",-1.2,-0.404921907153612,1
1,2,0.05,8,"ASC2_income",0,0.0979037492264141,1
1,2,0.05,8,"ASC2_child",0,0.0977102052935987,1
1,2,0.05,8,"ASC3_male",-0.3,0.211878370631203,1
1,2,0.05,8,"ASC3_age",0.9,0.568207523351105,1
1,2,0.05,8,"ASC3_income",0,0.145904301572299,1
1,2,0.05,8,"ASC3_child",1.2,0.585992556526106,1
1,2,0.05,8,"prot25_male",0,-0.269364238032169,1
1,2,0.05,8,"prot25_age",-0.2,-0.247718732795224,1
1,2,0.05,8,"prot25_income",0,-0.0536689305423399,1
1,2,0.05,8,"prot25_child",1.1,0.490418487190274,1
1,2,0.05,8,"prot50_male",1.1,0.40096185481047,1
1,2,0.05,8,"prot50_age",0,-0.182567657540937,1
1,2,0.05,8,"prot50_income",-0.2,-0.14965627008216,1
1,2,0.05,8,"prot50_child",0,0.127910017169787,1
1,2,0.05,8,"invasive_male",0,0.483721975666406,1
1,2,0.05,8,"invasive_age",0.7,0.393767985302732,1
1,2,0.05,8,"invasive_income",0.3,0.333245497609418,1
1,2,0.05,8,"invasive_child",0,-0.00287521352220729,0
1,2,0.05,9,"ASC2_male",1,0.273390666845454,1
1,2,0.05,9,"ASC2_age",0,0.104779155584528,1
1,2,0.05,9,"ASC2_income",0,-0.0576806428649202,1
1,2,0.05,9,"ASC2_child",-1.2,-0.452844459921649,1
1,2,0.05,9,"ASC3_male",0.9,0.118928299334293,1
1,2,0.05,9,"ASC3_age",-0.6,-0.0936830440554264,1
1,2,0.05,9,"ASC3_income",0,0.0301571366370651,0
1,2,0.05,9,"ASC3_child",-0.9,-0.0416386236264653,0
1,2,0.05,9,"prot25_male",-0.3,-0.0395408941155462,0
1,2,0.05,9,"prot25_age",0,0.0966238673544626,1
1,2,0.05,9,"prot25_income",0,-0.0574122443393146,1
1,2,0.05,9,"prot25_child",0,0.0872805537808043,1
1,2,0.05,9,"prot50_male",-0.2,-0.112459962967577,1
1,2,0.05,9,"prot50_age",0.6,0.295408495810659,1
1,2,0.05,9,"prot50_income",-0.7,-0.355791733844283,1
1,2,0.05,9,"prot50_child",0,0.107194065840185,1
1,2,0.05,9,"invasive_male",0,0.139830883733461,1
1,2,0.05,9,"invasive_age",0,-0.0183464425457612,0
1,2,0.05,9,"invasive_income",-0.7,-0.340125339924049,1
1,2,0.05,9,"invasive_child",0,0.278346488045555,1
1,2,0.05,10,"ASC2_male",0.9,0.466672438972004,1
1,2,0.05,10,"ASC2_age",0,-0.0160231378257206,0
1,2,0.05,10,"ASC2_income",1.2,0.467457502348659,1
1,2,0.05,10,"ASC2_child",-0.8,-0.336257275478076,1
1,2,0.05,10,"ASC3_male",0.4,0.274173901419553,1
1,2,0.05,10,"ASC3_age",-0.4,-0.248301950061459,1
1,2,0.05,10,"ASC3_income",0,-0.0824580006246226,1
1,2,0.05,10,"ASC3_child",0,-0.038231491159261,0
1,2,0.05,10,"prot25_male",1,0.626836940688149,1
1,2,0.05,10,"prot25_age",0,0.119101044632957,1
1,2,0.05,10,"prot25_income",0,0.11977145674011,1
1,2,0.05,10,"prot25_child",0,0.307054459144612,1
1,2,0.05,10,"prot50_male",0.4,0.356674845030091,1
1,2,0.05,10,"prot50_age",0,0.0464808397897028,0
1,2,0.05,10,"prot50_income",0,-0.0860700771730569,1
1,2,0.05,10,"prot50_child",0.7,0.850141539099006,1
1,2,0.05,10,"invasive_male",0,0.525691381057868,1
1,2,0.05,10,"invasive_age",0.6,0.202899704387163,1
1,2,0.05,10,"invasive_income",0,-0.162821122895518,1
1,2,0.05,10,"invasive_child",-0.7,-0.143614496507792,1
1,2,0.05,11,"ASC2_male",1.1,0.180672233418478,1
1,2,0.05,11,"ASC2_age",-0.5,-0.0759762650958252,1
1,2,0.05,11,"ASC2_income",0,0.156984421560692,1
1,2,0.05,11,"ASC2_child",-0.5,-0.305071693092496,1
1,2,0.05,11,"ASC3_male",0,-0.210966202639896,1
1,2,0.05,11,"ASC3_age",0,0.135412020451455,1
1,2,0.05,11,"ASC3_income",-0.7,-0.192653444354783,1
1,2,0.05,11,"ASC3_child",0,-0.00411595455015882,0
1,2,0.05,11,"prot25_male",0,0.215862612596302,1
1,2,0.05,11,"prot25_age",0.7,0.306351787292808,1
1,2,0.05,11,"prot25_income",0,-0.131349651394385,1
1,2,0.05,11,"prot25_child",0,0.186281591982512,1
1,2,0.05,11,"prot50_male",-1,0.0545383122722254,1
1,2,0.05,11,"prot50_age",0.7,0.31284863612353,1
1,2,0.05,11,"prot50_income",0.1,0.037983856588935,0
1,2,0.05,11,"prot50_child",1.2,0.704432239067645,1
1,2,0.05,11,"invasive_male",0,0.331892550146543,1
1,2,0.05,11,"invasive_age",0,0.00367501735464786,0
1,2,0.05,11,"invasive_income",-0.2,-0.0727760942137363,1
1,2,0.05,11,"invasive_child",0,-0.110357074996319,1
1,2,0.05,12,"ASC2_male",0,0.226576398212247,1
1,2,0.05,12,"ASC2_age",0.8,0.503682042516923,1
1,2,0.05,12,"ASC2_income",0,0.247908806392948,1
1,2,0.05,12,"ASC2_child",0,-0.368968304743898,1
1,2,0.05,12,"ASC3_male",0.6,0.605215121065564,1
1,2,0.05,12,"ASC3_age",0.2,0.175901706208202,1
1,2,0.05,12,"ASC3_income",0,0.146520036961444,1
1,2,0.05,12,"ASC3_child",0,-0.282687437114081,1
1,2,0.05,12,"prot25_male",0,-0.318776692469955,1
1,2,0.05,12,"prot25_age",-0.9,-0.538555702613963,1
1,2,0.05,12,"prot25_income",0,-0.0968075337719295,1
1,2,0.05,12,"prot25_child",0.2,0.420623162337565,1
1,2,0.05,12,"prot50_male",-0.7,-0.423226360355277,1
1,2,0.05,12,"prot50_age",-0.6,-0.393103988064179,1
1,2,0.05,12,"prot50_income",0,-0.134437172543566,1
1,2,0.05,12,"prot50_child",0,0.115850685506647,1
1,2,0.05,12,"invasive_male",-0.7,0.0158256544798569,0
1,2,0.05,12,"invasive_age",-1.2,-0.579976867543851,1
1,2,0.05,12,"invasive_income",-1.1,-0.599088144807602,1
1,2,0.05,12,"invasive_child",0,-0.124081653922555,1
1,2,0.05,13,"ASC2_male",-0.7,-0.126802054753378,1
1,2,0.05,13,"ASC2_age",-0.3,-0.174468752568009,1
1,2,0.05,13,"ASC2_income",0,0.064949700535964,1
1,2,0.05,13,"ASC2_child",0,0.0742444286672606,1
1,2,0.05,13,"ASC3_male",0,0.139153129424032,1
1,2,0.05,13,"ASC3_age",0,0.0821982096871595,1
1,2,0.05,13,"ASC3_income",0,0.0598102437766267,1
1,2,0.05,13,"ASC3_child",-1.1,-0.347681720999487,1
1,2,0.05,13,"prot25_male",-0.5,-0.136883948402048,1
1,2,0.05,13,"prot25_age",0,-0.062960753619415,1
1,2,0.05,13,"prot25_income",0.3,0.0415242264076478,0
1,2,0.05,13,"prot25_child",-0.3,-0.679239301213932,1
1,2,0.05,13,"prot50_male",0.9,0.319962225837908,1
1,2,0.05,13,"prot50_age",1,0.432352267071679,1
1,2,0.05,13,"prot50_income",-0.5,-0.314257769660959,1
1,2,0.05,13,"prot50_child",0,-0.147803937645264,1
1,2,0.05,13,"invasive_male",0,0.189995759705273,1
1,2,0.05,13,"invasive_age",0,0.0792540024039172,1
1,2,0.05,13,"invasive_income",1,0.482581646620607,1
1,2,0.05,13,"invasive_child",0,0.128713613975366,1
1,2,0.05,14,"ASC2_male",0.7,0.152320807806919,1
1,2,0.05,14,"ASC2_age",0,0.00299787794308377,0
1,2,0.05,14,"ASC2_income",0,-0.0941319414989043,1
1,2,0.05,14,"ASC2_child",-1.2,-0.651223208639867,1
1,2,0.05,14,"ASC3_male",-1.1,-0.64126288433375,1
1,2,0.05,14,"ASC3_age",0,-0.0722907671718702,1
1,2,0.05,14,"ASC3_income",0,-0.0714814154515836,1
1,2,0.05,14,"ASC3_child",0,-0.104739425866277,1
1,2,0.05,14,"prot25_male",0,0.288566246342919,1
1,2,0.05,14,"prot25_age",-0.2,-0.152792066649558,1
1,2,0.05,14,"prot25_income",-1,-0.679740567965879,1
1,2,0.05,14,"prot25_child",-0.2,0.107061183726893,1
1,2,0.05,14,"prot50_male",0,0.337301776271913,1
1,2,0.05,14,"prot50_age",-1,-0.492259134888462,1
1,2,0.05,14,"prot50_income",1,0.344113564338141,1
1,2,0.05,14,"prot50_child",0,0.0368011753600099,0
1,2,0.05,14,"invasive_male",0,-0.124348992589408,1
1,2,0.05,14,"invasive_age",0.6,0.276882942462475,1
1,2,0.05,14,"invasive_income",0.2,-0.000562229849332099,0
1,2,0.05,14,"invasive_child",0,0.0848713369897092,1
1,2,0.05,15,"ASC2_male",-0.1,0.400628377700821,1
1,2,0.05,15,"ASC2_age",-0.6,-0.440375829116313,1
1,2,0.05,15,"ASC2_income",0.3,0.216786198951544,1
1,2,0.05,15,"ASC2_child",0,0.253230226662212,1
1,2,0.05,15,"ASC3_male",0,0.402352433157354,1
1,2,0.05,15,"ASC3_age",0,-0.162417524053734,1
1,2,0.05,15,"ASC3_income",1.1,0.639739944378466,1
1,2,0.05,15,"ASC3_child",1.2,0.801902941683572,1
1,2,0.05,15,"prot25_male",0,-0.210466333767233,1
1,2,0.05,15,"prot25_age",0,-0.0104959736752902,0
1,2,0.05,15,"prot25_income",0,-0.0522202494694149,1
1,2,0.05,15,"prot25_child",0.8,0.190433118196303,1
1,2,0.05,15,"prot50_male",0,-0.223219326785823,1
1,2,0.05,15,"prot50_age",0.8,0.493370278747209,1
1,2,0.05,15,"prot50_income",0.2,0.00829131714607828,0
1,2,0.05,15,"prot50_child",0,-0.104586734153787,1
1,2,0.05,15,"invasive_male",0,0.298540945793322,1
1,2,0.05,15,"invasive_age",-1.2,-0.69050094920531,1
1,2,0.05,15,"invasive_income",0,0.0645364612404907,1
1,2,0.05,15,"invasive_child",0.9,0.467813706138236,1
1,2,0.05,16,"ASC2_male",1,0.364881102061583,1
1,2,0.05,16,"ASC2_age",1,0.37586487453461,1
1,2,0.05,16,"ASC2_income",0,-0.243294393278362,1
1,2,0.05,16,"ASC2_child",0,-0.255839397298037,1
1,2,0.05,16,"ASC3_male",0.7,0.362528950320014,1
1,2,0.05,16,"ASC3_age",0,-0.101403457456311,1
1,2,0.05,16,"ASC3_income",0,-0.184833708340384,1
1,2,0.05,16,"ASC3_child",-1,-0.749728322013144,1
1,2,0.05,16,"prot25_male",0,-0.143208611849116,1
1,2,0.05,16,"prot25_age",0.2,0.249524479220743,1
1,2,0.05,16,"prot25_income",0,0.146378349393835,1
1,2,0.05,16,"prot25_child",0,0.223600035898032,1
1,2,0.05,16,"prot50_male",0.9,0.257597080518386,1
1,2,0.05,16,"prot50_age",0.5,0.447794379018677,1
1,2,0.05,16,"prot50_income",0,0.177580963407695,1
1,2,0.05,16,"prot50_child",-0.3,-0.108996841363775,1
1,2,0.05,16,"invasive_male",-0.4,-0.19155805540813,1
1,2,0.05,16,"invasive_age",0,0.124236063926629,1
1,2,0.05,16,"invasive_income",0.2,0.055307177571066,1
1,2,0.05,16,"invasive_child",0,0.122986270441186,1
1,2,0.05,17,"ASC2_male",0.6,0.413742669407704,1
1,2,0.05,17,"ASC2_age",-1,-0.33163258910836,1
1,2,0.05,17,"ASC2_income",1,0.657908245116855,1
1,2,0.05,17,"ASC2_child",0.8,0.726468547905934,1
1,2,0.05,17,"ASC3_male",0,-0.087206653210759,1
1,2,0.05,17,"ASC3_age",0,0.036409104790485,0
1,2,0.05,17,"ASC3_income",0.7,0.55045237207896,1
1,2,0.05,17,"ASC3_child",-0.4,-0.154163856651219,1
1,2,0.05,17,"prot25_male",0,-0.0478111354631836,0
1,2,0.05,17,"prot25_age",0,-0.0518700612121654,1
1,2,0.05,17,"prot25_income",0,-0.0693112533163072,1
1,2,0.05,17,"prot25_child",-0.7,-0.596038653231888,1
1,2,0.05,17,"prot50_male",0,-0.337767505682697,1
1,2,0.05,17,"prot50_age",0,0.0104550124811861,0
1,2,0.05,17,"prot50_income",0.4,0.0469103411144572,0
1,2,0.05,17,"prot50_child",-1.1,-0.903592035186336,1
1,2,0.05,17,"invasive_male",0,-0.141816800433092,1
1,2,0.05,17,"invasive_age",0,-0.0219024963769636,0
1,2,0.05,17,"invasive_income",0,0.0454667533688807,0
1,2,0.05,17,"invasive_child",0.8,0.584136290339256,1
1,2,0.05,18,"ASC2_male",0,0.451470091422676,1
1,2,0.05,18,"ASC2_age",0,-0.00624254320472306,0
1,2,0.05,18,"ASC2_income",0.2,0.131463572804474,1
1,2,0.05,18,"ASC2_child",0,-0.18218477478611,1
1,2,0.05,18,"ASC3_male",0.3,0.520797531593969,1
1,2,0.05,18,"ASC3_age",0,-0.0260475487835131,0
1,2,0.05,18,"ASC3_income",0.7,0.436949784546923,1
1,2,0.05,18,"ASC3_child",0,-0.122543459665409,1
1,2,0.05,18,"prot25_male",0,-0.304464791899365,1
1,2,0.05,18,"prot25_age",0.2,0.0938372182276377,1
1,2,0.05,18,"prot25_income",0,-0.00374369987025419,0
1,2,0.05,18,"prot25_child",0.9,0.442889020145139,1
1,2,0.05,18,"prot50_male",-0.9,-0.719478182790722,1
1,2,0.05,18,"prot50_age",0,0.0294481439942966,0
1,2,0.05,18,"prot50_income",0,-0.0466290575702536,0
1,2,0.05,18,"prot50_child",0,0.0470840756195144,0
1,2,0.05,18,"invasive_male",-0.9,-0.129473504300387,1
1,2,0.05,18,"invasive_age",0.1,0.0514330483773223,1
1,2,0.05,18,"invasive_income",-0.5,-0.249751181884904,1
1,2,0.05,18,"invasive_child",-0.2,0.0475795621569237,0
1,2,0.05,19,"ASC2_male",0,0.0557983798701375,1
1,2,0.05,19,"ASC2_age",1.2,0.570373720564654,1
1,2,0.05,19,"ASC2_income",0,-0.0343515672532787,0
1,2,0.05,19,"ASC2_child",0,-0.139733096117581,1
1,2,0.05,19,"ASC3_male",0.1,0.0142370014958559,0
1,2,0.05,19,"ASC3_age",0,-0.0818312681682147,1
1,2,0.05,19,"ASC3_income",0.7,0.301213135685764,1
1,2,0.05,19,"ASC3_child",0,-0.185270497214636,1
1,2,0.05,19,"prot25_male",0,-0.0951832699349601,1
1,2,0.05,19,"prot25_age",0.2,0.18968255922874,1
1,2,0.05,19,"prot25_income",-0.1,0.159286583130676,1
1,2,0.05,19,"prot25_child",0.6,0.30260747536739,1
1,2,0.05,19,"prot50_male",0.4,0.00467237866622919,0
1,2,0.05,19,"prot50_age",0,0.160362840675429,1
1,2,0.05,19,"prot50_income",0,0.181561658510129,1
1,2,0.05,19,"prot50_child",0,0.185445147521359,1
1,2,0.05,19,"invasive_male",0.6,0.233153053564571,1
1,2,0.05,19,"invasive_age",0,0.0712114902484409,1
1,2,0.05,19,"invasive_income",0.2,0.196401022709377,1
1,2,0.05,19,"invasive_child",-0.8,-0.404676492164143,1
1,2,0.05,20,"ASC2_male",-1,-0.527486949162804,1
1,2,0.05,20,"ASC2_age",1,0.455687531001229,1
1,2,0.05,20,"ASC2_income",-0.8,-0.159186803016893,1
1,2,0.05,20,"ASC2_child",0,0.127943159196152,1
1,2,0.05,20,"ASC3_male",0,0.17238326931718,1
1,2,0.05,20,"ASC3_age",0,-0.0792458180021969,1
1,2,0.05,20,"ASC3_income",0,0.148008865359247,1
1,2,0.05,20,"ASC3_child",0,0.191122585309623,1
1,2,0.05,20,"prot25_male",0,-0.0502701113298482,1
1,2,0.05,20,"prot25_age",0,0.182639504892618,1
1,2,0.05,20,"prot25_income",0.3,-0.00511373890398958,0
1,2,0.05,20,"prot25_child",0.3,0.164228269090346,1
1,2,0.05,20,"prot50_male",0.4,0.402762702138471,1
1,2,0.05,20,"prot50_age",-0.9,-0.400110677559466,1
1,2,0.05,20,"prot50_income",-1.1,-0.665220907961839,1
1,2,0.05,20,"prot50_child",0,-0.306138312858255,1
1,2,0.05,20,"invasive_male",0,0.14604224294436,1
1,2,0.05,20,"invasive_age",-0.3,-0.17047808137257,1
1,2,0.05,20,"invasive_income",-0.7,-0.220017304214531,1
1,2,0.05,20,"invasive_child",0,0.246062386576447,1
1,2,0.05,21,"ASC2_male",-0.1,0.0091708807702904,0
1,2,0.05,21,"ASC2_age",0,-0.0647695344795576,1
1,2,0.05,21,"ASC2_income",0,0.107861879974596,1
1,2,0.05,21,"ASC2_child",0.4,0.628110795827826,1
1,2,0.05,21,"ASC3_male",0,-0.00261819688033599,0
1,2,0.05,21,"ASC3_age",-0.8,-0.512064810522758,1
1,2,0.05,21,"ASC3_income",0,0.0205398378077587,0
1,2,0.05,21,"ASC3_child",-0.3,0.429637917556967,1
1,2,0.05,21,"prot25_male",-0.8,-0.669198703063312,1
1,2,0.05,21,"prot25_age",-0.4,-0.060943833669756,1
1,2,0.05,21,"prot25_income",0,0.0136020557058465,0
1,2,0.05,21,"prot25_child",-0.3,-0.828393904999853,1
1,2,0.05,21,"prot50_male",0.5,0.239391701728089,1
1,2,0.05,21,"prot50_age",0,0.167082545769189,1
1,2,0.05,21,"prot50_income",0,-0.0486639321636542,0
1,2,0.05,21,"prot50_child",0.1,-0.292385295221183,1
1,2,0.05,21,"invasive_male",0,0.118670972374334,1
1,2,0.05,21,"invasive_age",-0.3,-0.243849347986023,1
1,2,0.05,21,"invasive_income",0,0.0500318521604469,1
1,2,0.05,21,"invasive_child",0,0.359260569227597,1
1,2,0.05,22,"ASC2_male",0.9,0.655541614393025,1
1,2,0.05,22,"ASC2_age",0,0.00720465975258756,0
1,2,0.05,22,"ASC2_income",0,-0.00591711141487631,0
1,2,0.05,22,"ASC2_child",-0.7,-0.322784531960856,1
1,2,0.05,22,"ASC3_male",-0.7,-0.087274413686252,1
1,2,0.05,22,"ASC3_age",0,-0.0131401465673756,0
1,2,0.05,22,"ASC3_income",0,-0.0810984683514991,1
1,2,0.05,22,"ASC3_child",0,0.234474545011028,1
1,2,0.05,22,"prot25_male",0,-0.267986777611406,1
1,2,0.05,22,"prot25_age",-0.2,-0.100899224105745,1
1,2,0.05,22,"prot25_income",0.4,0.165945864736988,1
1,2,0.05,22,"prot25_child",0,-0.46980711827145,1
1,2,0.05,22,"prot50_male",0.4,0.244788910369167,1
1,2,0.05,22,"prot50_age",-1,-0.455004541698456,1
1,2,0.05,22,"prot50_income",0,0.0430027342947789,0
1,2,0.05,22,"prot50_child",0.9,0.260198240691011,1
1,2,0.05,22,"invasive_male",0,0.293781188216852,1
1,2,0.05,22,"invasive_age",-0.8,-0.342947474558966,1
1,2,0.05,22,"invasive_income",0,0.0211598900146112,0
1,2,0.05,22,"invasive_child",-0.1,-0.229365638925898,1
1,2,0.05,23,"ASC2_male",-0.1,0.297664743348629,1
1,2,0.05,23,"ASC2_age",-0.3,0.157925454142603,1
1,2,0.05,23,"ASC2_income",0,0.159693963106798,1
1,2,0.05,23,"ASC2_child",0,0.272081142458054,1
1,2,0.05,23,"ASC3_male",-0.9,-0.094592822040268,1
1,2,0.05,23,"ASC3_age",0,0.287452588992289,1
1,2,0.05,23,"ASC3_income",0,0.119168246183243,1
1,2,0.05,23,"ASC3_child",1,0.998900579908464,1
1,2,0.05,23,"prot25_male",0,-0.156461580874987,1
1,2,0.05,23,"prot25_age",0,-0.144253297242812,1
1,2,0.05,23,"prot25_income",0,-0.304244137058268,1
1,2,0.05,23,"prot25_child",-1.1,-1.00054048028536,1
1,2,0.05,23,"prot50_male",-1.1,-0.500810041152202,1
1,2,0.05,23,"prot50_age",-0.8,-0.487461553173406,1
1,2,0.05,23,"prot50_income",0,-0.245107018478278,1
1,2,0.05,23,"prot50_child",0,-0.176268445846742,1
1,2,0.05,23,"invasive_male",-0.4,0.00949201404850991,0
1,2,0.05,23,"invasive_age",-0.4,-0.0373418672278682,0
1,2,0.05,23,"invasive_income",0.8,0.380771260633494,1
1,2,0.05,23,"invasive_child",0,0.237897309427566,1
1,2,0.05,24,"ASC2_male",0.6,0.290582488282549,1
1,2,0.05,24,"ASC2_age",-1.1,-0.550288555453478,1
1,2,0.05,24,"ASC2_income",0,0.221507235627609,1
1,2,0.05,24,"ASC2_child",0,-0.106406955282155,1
1,2,0.05,24,"ASC3_male",0,-0.106088383068145,1
1,2,0.05,24,"ASC3_age",0,0.0972028706063947,1
1,2,0.05,24,"ASC3_income",-0.6,-0.0816959778956951,1
1,2,0.05,24,"ASC3_child",0.4,0.0343041504497847,0
1,2,0.05,24,"prot25_male",-0.3,-0.0181363768321513,0
1,2,0.05,24,"prot25_age",0,-0.0663559657025573,1
1,2,0.05,24,"prot25_income",0,-0.106210872653628,1
1,2,0.05,24,"prot25_child",-0.4,0.0521404328515885,1
1,2,0.05,24,"prot50_male",0,0.0468601782404874,0
1,2,0.05,24,"prot50_age",0,0.0293120063702347,0
1,2,0.05,24,"prot50_income",-0.5,-0.375857520819567,1
1,2,0.05,24,"prot50_child",0,-0.0337289335714801,0
1,2,0.05,24,"invasive_male",0.9,0.294842960602354,1
1,2,0.05,24,"invasive_age",-0.7,-0.172523626620284,1
1,2,0.05,24,"invasive_income",1.2,0.622153231250973,1
1,2,0.05,24,"invasive_child",0,-0.286738160691344,1
1,2,0.05,25,"ASC2_male",-0.8,-0.756625767383114,1
1,2,0.05,25,"ASC2_age",1,0.682280648524838,1
1,2,0.05,25,"ASC2_income",0,-0.029574908893741,0
1,2,0.05,25,"ASC2_child",0,0.399008240776005,1
1,2,0.05,25,"ASC3_male",0.9,-0.122910223108203,1
1,2,0.05,25,"ASC3_age",0,0.155466652397875,1
1,2,0.05,25,"ASC3_income",-0.7,-0.305793006740516,1
1,2,0.05,25,"ASC3_child",-0.9,-0.143134767534783,1
1,2,0.05,25,"prot25_male",0,0.394397179803045,1
1,2,0.05,25,"prot25_age",0,-0.13001915658445,1
1,2,0.05,25,"prot25_income",-0.9,-0.547821432132607,1
1,2,0.05,25,"prot25_child",0,-0.32047213917375,1
1,2,0.05,25,"prot50_male",0,0.247546360253094,1
1,2,0.05,25,"prot50_age",0,-0.0329711779329804,0
1,2,0.05,25,"prot50_income",0.3,-0.150980667220256,1
1,2,0.05,25,"prot50_child",0,-0.22767114585638,1
1,2,0.05,25,"invasive_male",-1.2,-0.778014606110904,1
1,2,0.05,25,"invasive_age",0.2,0.0793751027156695,1
1,2,0.05,25,"invasive_income",0,-0.222153379636063,1
1,2,0.05,25,"invasive_child",-0.3,0.144480084495101,1
1,2,0.05,26,"ASC2_male",0,-0.00557138330262784,0
1,2,0.05,26,"ASC2_age",0,0.0437617566452884,0
1,2,0.05,26,"ASC2_income",-0.2,-0.000353582541914805,0
1,2,0.05,26,"ASC2_child",0,-0.220861803419533,1
1,2,0.05,26,"ASC3_male",0.2,0.224387732717302,1
1,2,0.05,26,"ASC3_age",0,-0.00238142141848489,0
1,2,0.05,26,"ASC3_income",-0.6,-0.353039861724226,1
1,2,0.05,26,"ASC3_child",-0.4,-0.176281293370013,1
1,2,0.05,26,"prot25_male",0,-0.0717181088222669,1
1,2,0.05,26,"prot25_age",0.3,0.118310216454977,1
1,2,0.05,26,"prot25_income",-1.1,-0.604512376494904,1
1,2,0.05,26,"prot25_child",0.6,0.382176793802252,1
1,2,0.05,26,"prot50_male",0,-0.195249109869308,1
1,2,0.05,26,"prot50_age",1.2,0.55948666513646,1
1,2,0.05,26,"prot50_income",0,0.0404073295045948,0
1,2,0.05,26,"prot50_child",-0.3,-0.0667181658097966,1
1,2,0.05,26,"invasive_male",0,-0.0668940528958869,1
1,2,0.05,26,"invasive_age",0,0.114794754616988,1
1,2,0.05,26,"invasive_income",0,0.074540620018756,1
1,2,0.05,26,"invasive_child",0.9,0.489867509333097,1
1,2,0.05,27,"ASC2_male",0.2,-0.142976717833643,1
1,2,0.05,27,"ASC2_age",-0.9,-0.66582027869233,1
1,2,0.05,27,"ASC2_income",0.7,0.342542890139654,1
1,2,0.05,27,"ASC2_child",0,-0.284259072086761,1
1,2,0.05,27,"ASC3_male",0,0.012580941412548,0
1,2,0.05,27,"ASC3_age",0,-0.0792452974510922,1
1,2,0.05,27,"ASC3_income",0.5,0.117159632004208,1
1,2,0.05,27,"ASC3_child",-0.7,-0.57166034244516,1
1,2,0.05,27,"prot25_male",0.8,0.684603681168511,1
1,2,0.05,27,"prot25_age",0,0.0746724904159082,1
1,2,0.05,27,"prot25_income",0,0.255885971459677,1
1,2,0.05,27,"prot25_child",0,0.066779516865767,1
1,2,0.05,27,"prot50_male",0,-0.00666085038233754,0
1,2,0.05,27,"prot50_age",0.7,0.440123418916093,1
1,2,0.05,27,"prot50_income",0,0.125821840664665,1
1,2,0.05,27,"prot50_child",-1,-0.30984591044728,1
1,2,0.05,27,"invasive_male",0,-0.435157021851872,1
1,2,0.05,27,"invasive_age",0,-0.154625014997646,1
1,2,0.05,27,"invasive_income",1,0.764925146658868,1
1,2,0.05,27,"invasive_child",0.9,0.191500955770738,1
1,2,0.05,28,"ASC2_male",0,-0.181443756939718,1
1,2,0.05,28,"ASC2_age",0,0.0879822233422799,1
1,2,0.05,28,"ASC2_income",0,0.108980790571465,1
1,2,0.05,28,"ASC2_child",-0.9,-0.713930694526751,1
1,2,0.05,28,"ASC3_male",-0.9,-0.530665065346108,1
1,2,0.05,28,"ASC3_age",-0.3,-0.0546644448758543,1
1,2,0.05,28,"ASC3_income",0,0.260591694732808,1
1,2,0.05,28,"ASC3_child",0,-0.379549081754564,1
1,2,0.05,28,"prot25_male",-0.7,-0.239599966370727,1
1,2,0.05,28,"prot25_age",-0.3,-0.127436182413495,1
1,2,0.05,28,"prot25_income",0,-0.143465011203788,1
1,2,0.05,28,"prot25_child",0,0.408730994846624,1
1,2,0.05,28,"prot50_male",-0.3,-0.251926656418295,1
1,2,0.05,28,"prot50_age",0.2,-0.0313522170882825,0
1,2,0.05,28,"prot50_income",0,-0.251732863849781,1
1,2,0.05,28,"prot50_child",0,0.473422664770158,1
1,2,0.05,28,"invasive_male",0.5,0.316104027886882,1
1,2,0.05,28,"invasive_age",0,0.0559989262571089,1
1,2,0.05,28,"invasive_income",-1,-0.52158897221459,1
1,2,0.05,28,"invasive_child",0.6,0.401967216013613,1
1,2,0.05,29,"ASC2_male",0.3,0.334990557447636,1
1,2,0.05,29,"ASC2_age",0.9,0.428039443286708,1
1,2,0.05,29,"ASC2_income",1.2,0.834140738083634,1
1,2,0.05,29,"ASC2_child",0.5,0.0721401877403244,1
1,2,0.05,29,"ASC3_male",1.1,0.669569041305429,1
1,2,0.05,29,"ASC3_age",0,0.00986652481167772,0
1,2,0.05,29,"ASC3_income",0,0.185008359375733,1
1,2,0.05,29,"ASC3_child",0.1,0.0444612739337299,0
1,2,0.05,29,"prot25_male",-1.1,-0.894559976073613,1
1,2,0.05,29,"prot25_age",0,0.0600968773733969,1
1,2,0.05,29,"prot25_income",0,-0.167887471473862,1
1,2,0.05,29,"prot25_child",-0.5,-0.188639500787922,1
1,2,0.05,29,"prot50_male",0,-0.0635381509986834,1
1,2,0.05,29,"prot50_age",-0.9,-0.367695701506509,1
1,2,0.05,29,"prot50_income",-0.8,-0.574221933829161,1
1,2,0.05,29,"prot50_child",0,-0.0316565094281977,0
1,2,0.05,29,"invasive_male",0,0.279467290348391,1
1,2,0.05,29,"invasive_age",0,-0.0271408184797058,0
1,2,0.05,29,"invasive_income",0,0.138697918012552,1
1,2,0.05,29,"invasive_child",0,-0.167445662277139,1
1,2,0.05,30,"ASC2_male",0.4,0.632852230887879,1
1,2,0.05,30,"ASC2_age",0,0.127198571746265,1
1,2,0.05,30,"ASC2_income",0,0.18685577975922,1
1,2,0.05,30,"ASC2_child",0.7,0.243560399753908,1
1,2,0.05,30,"ASC3_male",1.1,1.00142216230676,1
1,2,0.05,30,"ASC3_age",0,0.122597007906337,1
1,2,0.05,30,"ASC3_income",0.4,0.362978066859798,1
1,2,0.05,30,"ASC3_child",0.9,0.506848101277739,1
1,2,0.05,30,"prot25_male",-0.2,-0.306921711676166,1
1,2,0.05,30,"prot25_age",0.1,0.0095355539269264,0
1,2,0.05,30,"prot25_income",0.3,-0.103251466792176,1
1,2,0.05,30,"prot25_child",0,0.0334081110259255,0
1,2,0.05,30,"prot50_male",0,-0.230305095281033,1
1,2,0.05,30,"prot50_age",0,-0.0728223713966381,1
1,2,0.05,30,"prot50_income",0,-0.158828556978525,1
1,2,0.05,30,"prot50_child",0,0.357462679416576,1
1,2,0.05,30,"invasive_male",-0.6,-0.135552751862185,1
1,2,0.05,30,"invasive_age",0,0.131078689797755,1
1,2,0.05,30,"invasive_income",-1,-0.439020403248056,1
1,2,0.05,30,"invasive_child",0,0.226673816060008,1
1,2,0.05,31,"ASC2_male",-0.3,0.0663245988613079,1
1,2,0.05,31,"ASC2_age",1.2,0.571536268771868,1
1,2,0.05,31,"ASC2_income",1,0.408728691343595,1
1,2,0.05,31,"ASC2_child",0,0.0690321002580269,1
1,2,0.05,31,"ASC3_male",0,0.321993459122084,1
1,2,0.05,31,"ASC3_age",1.1,0.524882018364879,1
1,2,0.05,31,"ASC3_income",-0.6,-0.43254688133672,1
1,2,0.05,31,"ASC3_child",0,0.103628110368615,1
1,2,0.05,31,"prot25_male",0,-0.0793652782396746,1
1,2,0.05,31,"prot25_age",-0.2,-0.0862510937840103,1
1,2,0.05,31,"prot25_income",0,0.085211828526276,1
1,2,0.05,31,"prot25_child",-0.2,-0.186769206229216,1
1,2,0.05,31,"prot50_male",-0.3,-0.227806538800571,1
1,2,0.05,31,"prot50_age",0,0.0557854605853805,1
1,2,0.05,31,"prot50_income",0,-0.0387773648997226,0
1,2,0.05,31,"prot50_child",0,0.036532460419829,0
1,2,0.05,31,"invasive_male",0,0.0562283915206695,1
1,2,0.05,31,"invasive_age",0.2,0.110527074101691,1
1,2,0.05,31,"invasive_income",0.9,0.484933069720062,1
1,2,0.05,31,"invasive_child",0,0.360602021666394,1
1,2,0.05,32,"ASC2_male",0.6,0.189450578689683,1
1,2,0.05,32,"ASC2_age",0,0.0402850991011269,0
1,2,0.05,32,"ASC2_income",1.1,0.338305874645109,1
1,2,0.05,32,"ASC2_child",0,0.139759581124157,1
1,2,0.05,32,"ASC3_male",-0.7,-0.454357580574591,1
1,2,0.05,32,"ASC3_age",-1.1,-0.44576861451172,1
1,2,0.05,32,"ASC3_income",0,-0.245193160036114,1
1,2,0.05,32,"ASC3_child",-0.3,-0.166602839418251,1
1,2,0.05,32,"prot25_male",0.7,0.306353482235866,1
1,2,0.05,32,"prot25_age",0,-0.138936922662146,1
1,2,0.05,32,"prot25_income",-0.5,-0.115794794196386,1
1,2,0.05,32,"prot25_child",-1.1,-0.640005046960562,1
1,2,0.05,32,"prot50_male",0,-0.11326002416413,1
1,2,0.05,32,"prot50_age",-0.6,-0.364763432710636,1
1,2,0.05,32,"prot50_income",0,0.114638371519936,1
1,2,0.05,32,"prot50_child",0,-0.163190765006821,1
1,2,0.05,32,"invasive_male",0,-0.049249732852512,0
1,2,0.05,32,"invasive_age",0,-0.0398192232161929,0
1,2,0.05,32,"invasive_income",0,-0.120956010653576,1
1,2,0.05,32,"invasive_child",0.2,-0.0790965950169094,1
1,2,0.05,33,"ASC2_male",-0.4,-0.786838223572984,1
1,2,0.05,33,"ASC2_age",0,0.313283037285124,1
1,2,0.05,33,"ASC2_income",0,0.0196465789295045,0
1,2,0.05,33,"ASC2_child",0,0.279514989885066,1
1,2,0.05,33,"ASC3_male",0.6,-0.405049792769358,1
1,2,0.05,33,"ASC3_age",0,0.281661297524693,1
1,2,0.05,33,"ASC3_income",-1,-0.361728100569365,1
1,2,0.05,33,"ASC3_child",0,0.257194617572748,1
1,2,0.05,33,"prot25_male",0,0.463447713420279,1
1,2,0.05,33,"prot25_age",0,-0.279357825757124,1
1,2,0.05,33,"prot25_income",0,-0.192848305071076,1
1,2,0.05,33,"prot25_child",1.1,0.271403640242132,1
1,2,0.05,33,"prot50_male",0,0.144639511048447,1
1,2,0.05,33,"prot50_age",0.4,-0.0477673462794833,0
1,2,0.05,33,"prot50_income",0.3,0.0616484377422021,1
1,2,0.05,33,"prot50_child",-0.4,-0.221121641592193,1
1,2,0.05,33,"invasive_male",0.3,-0.409884877916538,1
1,2,0.05,33,"invasive_age",0,0.102247336187711,1
1,2,0.05,33,"invasive_income",0.6,0.338929635913066,1
1,2,0.05,33,"invasive_child",0.8,0.532745449456913,1
1,2,0.05,34,"ASC2_male",0,0.694283587613214,1
1,2,0.05,34,"ASC2_age",0,0.0869730847687721,1
1,2,0.05,34,"ASC2_income",-0.8,-0.706778301474031,1
1,2,0.05,34,"ASC2_child",-0.4,-0.235653250527556,1
1,2,0.05,34,"ASC3_male",0,0.623146765149412,1
1,2,0.05,34,"ASC3_age",0,0.01771976979421,0
1,2,0.05,34,"ASC3_income",0,-0.191967526997786,1
1,2,0.05,34,"ASC3_child",0.4,0.054468278103799,1
1,2,0.05,34,"prot25_male",0,-0.557769044103419,1
1,2,0.05,34,"prot25_age",0,-0.0596156862673867,1
1,2,0.05,34,"prot25_income",1,0.628573724622699,1
1,2,0.05,34,"prot25_child",1.2,0.568045010836611,1
1,2,0.05,34,"prot50_male",0.1,-0.378128054416168,1
1,2,0.05,34,"prot50_age",0.2,-0.0551867655239576,1
1,2,0.05,34,"prot50_income",-0.5,-0.0946930663098852,1
1,2,0.05,34,"prot50_child",0,0.209042016940256,1
1,2,0.05,34,"invasive_male",0,0.127905457906186,1
1,2,0.05,34,"invasive_age",0,-0.0914471279727774,1
1,2,0.05,34,"invasive_income",-1,-0.60140123572422,1
1,2,0.05,34,"invasive_child",0.2,0.102766306794387,1
1,2,0.05,35,"ASC2_male",0,-0.137296433822653,1
1,2,0.05,35,"ASC2_age",0,0.0189020614245293,0
1,2,0.05,35,"ASC2_income",0.9,0.31538896315712,1
1,2,0.05,35,"ASC2_child",0,0.0629513042963962,1
1,2,0.05,35,"ASC3_male",0,-0.100644678139382,1
1,2,0.05,35,"ASC3_age",1.1,0.583262795591116,1
1,2,0.05,35,"ASC3_income",0,-0.229682510047719,1
1,2,0.05,35,"ASC3_child",0,-0.0699861188168003,1
1,2,0.05,35,"prot25_male",-0.2,-0.10808281343889,1
1,2,0.05,35,"prot25_age",0.3,0.117811869499745,1
1,2,0.05,35,"prot25_income",0,0.155812325837652,1
1,2,0.05,35,"prot25_child",-1.1,-0.470887603845235,1
1,2,0.05,35,"prot50_male",-0.4,0.0727083471154249,1
1,2,0.05,35,"prot50_age",0,-0.107154978236584,1
1,2,0.05,35,"prot50_income",-0.3,-0.0587285703386678,1
1,2,0.05,35,"prot50_child",0.5,0.230877010811997,1
1,2,0.05,35,"invasive_male",0.1,0.153500651791351,1
1,2,0.05,35,"invasive_age",0,-0.0439265049587084,0
1,2,0.05,35,"invasive_income",-1.1,-0.637741828545789,1
1,2,0.05,35,"invasive_child",0,0.135675627643418,1
1,2,0.05,36,"ASC2_male",-0.4,-0.679505034330555,1
1,2,0.05,36,"ASC2_age",-1,-0.597032189829962,1
1,2,0.05,36,"ASC2_income",-0.5,-0.452741389272232,1
1,2,0.05,36,"ASC2_child",-0.9,-0.35673549345064,1
1,2,0.05,36,"ASC3_male",0,-0.457855676066651,1
1,2,0.05,36,"ASC3_age",1.1,0.535146362114798,1
1,2,0.05,36,"ASC3_income",0,-0.222345981345284,1
1,2,0.05,36,"ASC3_child",0,0.0850907972362874,1
1,2,0.05,36,"prot25_male",0,0.269802962794289,1
1,2,0.05,36,"prot25_age",0,0.0506793557606563,1
1,2,0.05,36,"prot25_income",1.1,0.517098197463716,1
1,2,0.05,36,"prot25_child",-0.5,-0.355564621027116,1
1,2,0.05,36,"prot50_male",0,0.174609180735608,1
1,2,0.05,36,"prot50_age",0,-0.0635505193704273,1
1,2,0.05,36,"prot50_income",1.1,0.562835759533259,1
1,2,0.05,36,"prot50_child",0,0.00314470245693151,0
1,2,0.05,36,"invasive_male",0.3,0.0846155217314121,1
1,2,0.05,36,"invasive_age",0,-0.0912189230406416,1
1,2,0.05,36,"invasive_income",-0.5,-0.278182438226314,1
1,2,0.05,36,"invasive_child",0,0.056532708553809,1
1,2,0.05,37,"ASC2_male",0.6,-0.0121901671763249,0
1,2,0.05,37,"ASC2_age",0,0.0224675318796303,0
1,2,0.05,37,"ASC2_income",0.9,0.63961614441225,1
1,2,0.05,37,"ASC2_child",0,-0.12083456491077,1
1,2,0.05,37,"ASC3_male",0,-0.220271990113557,1
1,2,0.05,37,"ASC3_age",0.6,0.312891087788763,1
1,2,0.05,37,"ASC3_income",1.1,0.658235322193669,1
1,2,0.05,37,"ASC3_child",-0.8,-0.279913878239098,1
1,2,0.05,37,"prot25_male",-1.2,-0.453775795157744,1
1,2,0.05,37,"prot25_age",0,-0.000927058213421159,0
1,2,0.05,37,"prot25_income",1.1,0.493008068118602,1
1,2,0.05,37,"prot25_child",0,0.0688991322893808,1
1,2,0.05,37,"prot50_male",0,0.29432584306838,1
1,2,0.05,37,"prot50_age",0.5,0.19485552709802,1
1,2,0.05,37,"prot50_income",0,-0.124898330265126,1
1,2,0.05,37,"prot50_child",0,-0.0942065213882658,1
1,2,0.05,37,"invasive_male",0,0.0612146868667732,1
1,2,0.05,37,"invasive_age",1.1,0.483507251127115,1
1,2,0.05,37,"invasive_income",0,-0.0839943737914418,1
1,2,0.05,37,"invasive_child",0.6,0.413760595744979,1
1,2,0.05,38,"ASC2_male",0.3,-0.0699499601086697,1
1,2,0.05,38,"ASC2_age",0.3,0.215119439942206,1
1,2,0.05,38,"ASC2_income",0,-0.103381014553083,1
1,2,0.05,38,"ASC2_child",0.9,0.287243947101531,1
1,2,0.05,38,"ASC3_male",0,-0.370189290493737,1
1,2,0.05,38,"ASC3_age",-0.6,-0.326037176695573,1
1,2,0.05,38,"ASC3_income",0,-0.0351380361539967,0
1,2,0.05,38,"ASC3_child",0,-0.0600812594979048,1
1,2,0.05,38,"prot25_male",0,0.452696941438763,1
1,2,0.05,38,"prot25_age",0,0.123188682773471,1
1,2,0.05,38,"prot25_income",0.7,0.483335807160705,1
1,2,0.05,38,"prot25_child",0,0.203226818545079,1
1,2,0.05,38,"prot50_male",0,0.241432836902468,1
1,2,0.05,38,"prot50_age",0,0.139493990922145,1
1,2,0.05,38,"prot50_income",0.2,0.145238137831118,1
1,2,0.05,38,"prot50_child",-0.8,-0.0652869667863817,1
1,2,0.05,38,"invasive_male",0.1,-0.0878558352987198,1
1,2,0.05,38,"invasive_age",0,0.0697781978422903,1
1,2,0.05,38,"invasive_income",-0.6,-0.327909940013607,1
1,2,0.05,38,"invasive_child",-0.6,-0.123940567107539,1
1,2,0.05,39,"ASC2_male",0.9,0.641001057313018,1
1,2,0.05,39,"ASC2_age",0,0.153899738303014,1
1,2,0.05,39,"ASC2_income",0,0.0863353149052241,1
1,2,0.05,39,"ASC2_child",0,0.149730698994378,1
1,2,0.05,39,"ASC3_male",-0.9,-0.502497711215983,1
1,2,0.05,39,"ASC3_age",0,0.132488185427439,1
1,2,0.05,39,"ASC3_income",-0.7,-0.29926385362834,1
1,2,0.05,39,"ASC3_child",-1.1,-0.333857529747121,1
1,2,0.05,39,"prot25_male",-1,-0.770094500438012,1
1,2,0.05,39,"prot25_age",-0.6,-0.471473370652782,1
1,2,0.05,39,"prot25_income",0.7,0.269458911898834,1
1,2,0.05,39,"prot25_child",-0.3,-0.415899132208828,1
1,2,0.05,39,"prot50_male",0,-0.120096547578077,1
1,2,0.05,39,"prot50_age",0,-0.0799396210793427,1
1,2,0.05,39,"prot50_income",0,-0.185640296741775,1
1,2,0.05,39,"prot50_child",0,-0.285728089854218,1
1,2,0.05,39,"invasive_male",1.1,0.531285095516931,1
1,2,0.05,39,"invasive_age",0,0.0577924486197781,1
1,2,0.05,39,"invasive_income",0,-0.000478698164575006,0
1,2,0.05,39,"invasive_child",-0.6,-0.254257482543075,1
1,2,0.05,40,"ASC2_male",0,-0.164208920758952,1
1,2,0.05,40,"ASC2_age",-0.3,-0.152404219172893,1
1,2,0.05,40,"ASC2_income",1.1,0.449771370151802,1
1,2,0.05,40,"ASC2_child",0,0.294759091059333,1
1,2,0.05,40,"ASC3_male",0.5,0.211861827914717,1
1,2,0.05,40,"ASC3_age",0,0.0214243201969789,0
1,2,0.05,40,"ASC3_income",-0.9,-0.58533654806338,1
1,2,0.05,40,"ASC3_child",-1,-0.490149686460604,1
1,2,0.05,40,"prot25_male",-0.5,-0.146529526285939,1
1,2,0.05,40,"prot25_age",-0.3,-0.199137527609484,1
1,2,0.05,40,"prot25_income",0,-0.0970402423101602,1
1,2,0.05,40,"prot25_child",0,0.151715595622424,1
1,2,0.05,40,"prot50_male",0,0.297370174988626,1
1,2,0.05,40,"prot50_age",-1,-0.526664705652585,1
1,2,0.05,40,"prot50_income",0,0.0118835780549997,0
1,2,0.05,40,"prot50_child",0,-0.106883795393101,1
1,2,0.05,40,"invasive_male",0,0.0802626100288732,1
1,2,0.05,40,"invasive_age",-0.3,-0.09414819734324,1
1,2,0.05,40,"invasive_income",-0.1,-0.221669555961929,1
1,2,0.05,40,"invasive_child",0,-0.0513560703237547,1
1,2,0.05,41,"ASC2_male",-0.5,-0.160001609789209,1
1,2,0.05,41,"ASC2_age",0.9,0.537082708260659,1
1,2,0.05,41,"ASC2_income",1.1,0.597549578008845,1
1,2,0.05,41,"ASC2_child",0,-0.171812055011561,1
1,2,0.05,41,"ASC3_male",0.3,0.191598876250846,1
1,2,0.05,41,"ASC3_age",0,0.147845503346557,1
1,2,0.05,41,"ASC3_income",0,-0.0252048850455288,0
1,2,0.05,41,"ASC3_child",0,-0.083458949277976,1
1,2,0.05,41,"prot25_male",0,-0.0600511390105033,1
1,2,0.05,41,"prot25_age",0,0.0206567238907817,0
1,2,0.05,41,"prot25_income",-0.2,-0.038988962339748,0
1,2,0.05,41,"prot25_child",0.7,0.387873417032782,1
1,2,0.05,41,"prot50_male",-0.8,-0.637711874384175,1
1,2,0.05,41,"prot50_age",-0.4,-0.234990354395677,1
1,2,0.05,41,"prot50_income",0,0.139768718474921,1
1,2,0.05,41,"prot50_child",0,-0.122825028150528,1
1,2,0.05,41,"invasive_male",0,-0.0971396351926762,1
1,2,0.05,41,"invasive_age",0,0.206238589241527,1
1,2,0.05,41,"invasive_income",0.3,0.109632127184553,1
1,2,0.05,41,"invasive_child",0.5,0.227218900861348,1
1,2,0.05,42,"ASC2_male",0.6,0.40109719351292,1
1,2,0.05,42,"ASC2_age",0,-0.0419512215449903,0
1,2,0.05,42,"ASC2_income",0.6,0.404869334631606,1
1,2,0.05,42,"ASC2_child",0.8,0.824648491629663,1
1,2,0.05,42,"ASC3_male",0,-0.0146694033167788,0
1,2,0.05,42,"ASC3_age",-0.3,-0.137671972476288,1
1,2,0.05,42,"ASC3_income",0,0.140350035937714,1
1,2,0.05,42,"ASC3_child",-1,0.0466273328834759,0
1,2,0.05,42,"prot25_male",0,-0.15488303869264,1
1,2,0.05,42,"prot25_age",0.6,0.417036187430113,1
1,2,0.05,42,"prot25_income",0,-0.174752482722681,1
1,2,0.05,42,"prot25_child",0,-0.450477466012371,1
1,2,0.05,42,"prot50_male",0,-0.383052595041724,1
1,2,0.05,42,"prot50_age",0.7,0.419617278988757,1
1,2,0.05,42,"prot50_income",-0.9,-0.570414262628824,1
1,2,0.05,42,"prot50_child",-0.7,-0.744359402341735,1
1,2,0.05,42,"invasive_male",1.2,0.25443380264232,1
1,2,0.05,42,"invasive_age",0,0.104482654163865,1
1,2,0.05,42,"invasive_income",0,-0.0670332011250329,1
1,2,0.05,42,"invasive_child",0,0.125732381395465,1
1,2,0.05,43,"ASC2_male",-0.7,-0.512274571895374,1
1,2,0.05,43,"ASC2_age",0,0.0248401995502477,0
1,2,0.05,43,"ASC2_income",0,0.0397415513737586,0
1,2,0.05,43,"ASC2_child",0.2,0.131307108970819,1
1,2,0.05,43,"ASC3_male",0.5,-0.0473084616713649,0
1,2,0.05,43,"ASC3_age",0,0.0588427130607222,1
1,2,0.05,43,"ASC3_income",1,0.545412737213416,1
1,2,0.05,43,"ASC3_child",-0.3,-0.136673711709005,1
1,2,0.05,43,"prot25_male",0,0.271023651804733,1
1,2,0.05,43,"prot25_age",-0.9,-0.504554351480406,1
1,2,0.05,43,"prot25_income",0,-0.0792689155224819,1
1,2,0.05,43,"prot25_child",0,-0.0172202868013855,0
1,2,0.05,43,"prot50_male",0,0.19802342209289,1
1,2,0.05,43,"prot50_age",0,-0.047199561369813,0
1,2,0.05,43,"prot50_income",-1.2,-0.569855266102301,1
1,2,0.05,43,"prot50_child",0.6,0.416929392802464,1
1,2,0.05,43,"invasive_male",0.7,0.311153412208804,1
1,2,0.05,43,"invasive_age",0,0.150831876160226,1
1,2,0.05,43,"invasive_income",-0.6,-0.434138219410851,1
1,2,0.05,43,"invasive_child",0,0.105727868350777,1
1,2,0.05,44,"ASC2_male",0,0.14561215695265,1
1,2,0.05,44,"ASC2_age",-0.5,-0.249298107879443,1
1,2,0.05,44,"ASC2_income",-1,-0.405383874993533,1
1,2,0.05,44,"ASC2_child",-0.8,-0.217549930148903,1
1,2,0.05,44,"ASC3_male",-1.1,-0.535019796471458,1
1,2,0.05,44,"ASC3_age",0,-0.018548777614783,0
1,2,0.05,44,"ASC3_income",0,0.025621470501588,0
1,2,0.05,44,"ASC3_child",0,0.13710011568935,1
1,2,0.05,44,"prot25_male",-1.1,-0.593807635149903,1
1,2,0.05,44,"prot25_age",-0.3,-0.226335059415799,1
1,2,0.05,44,"prot25_income",0,-0.0796656199805286,1
1,2,0.05,44,"prot25_child",-0.6,-0.450746882390518,1
1,2,0.05,44,"prot50_male",0,-0.253434150096916,1
1,2,0.05,44,"prot50_age",0,-0.0152753383107067,0
1,2,0.05,44,"prot50_income",-0.8,-0.486468053754793,1
1,2,0.05,44,"prot50_child",0,0.344805238530833,1
1,2,0.05,44,"invasive_male",-0.3,0.140527537270819,1
1,2,0.05,44,"invasive_age",0,-0.0990950082947995,1
1,2,0.05,44,"invasive_income",0,-0.0635474749628038,1
1,2,0.05,44,"invasive_child",-0.4,0.145615185756536,1
1,2,0.05,45,"ASC2_male",0,0.115889704432416,1
1,2,0.05,45,"ASC2_age",0.7,0.523243441854242,1
1,2,0.05,45,"ASC2_income",1.1,0.534686764216576,1
1,2,0.05,45,"ASC2_child",0.3,0.233530475053453,1
1,2,0.05,45,"ASC3_male",0,-0.108092997825532,1
1,2,0.05,45,"ASC3_age",0.4,0.4074461055688,1
1,2,0.05,45,"ASC3_income",-0.1,-0.0953044813232829,1
1,2,0.05,45,"ASC3_child",0,0.0832347649765221,1
1,2,0.05,45,"prot25_male",0,-0.48148906644504,1
1,2,0.05,45,"prot25_age",0,-0.0128374138790672,0
1,2,0.05,45,"prot25_income",0,-0.0985978659821715,1
1,2,0.05,45,"prot25_child",1.1,0.433456650076202,1
1,2,0.05,45,"prot50_male",0,-0.315572104413544,1
1,2,0.05,45,"prot50_age",-0.4,-0.348457219256517,1
1,2,0.05,45,"prot50_income",0,-0.137672047923444,1
1,2,0.05,45,"prot50_child",0.4,0.104739371534662,1
1,2,0.05,45,"invasive_male",-0.3,-0.41701441295381,1
1,2,0.05,45,"invasive_age",-0.2,-0.0315464266478841,0
1,2,0.05,45,"invasive_income",0,-0.0787177265975148,1
1,2,0.05,45,"invasive_child",0,-0.187832446026801,1
1,2,0.05,46,"ASC2_male",0.4,-0.368297686482153,1
1,2,0.05,46,"ASC2_age",0,0.0986724270963276,1
1,2,0.05,46,"ASC2_income",0,0.128765887476286,1
1,2,0.05,46,"ASC2_child",-0.5,-0.531121940931409,1
1,2,0.05,46,"ASC3_male",-0.9,-0.994591250856406,1
1,2,0.05,46,"ASC3_age",0,-0.0155746759784486,0
1,2,0.05,46,"ASC3_income",-1,-0.445107454864792,1
1,2,0.05,46,"ASC3_child",0.7,0.238804958757066,1
1,2,0.05,46,"prot25_male",0,0.394976227538026,1
1,2,0.05,46,"prot25_age",-0.9,-0.439809687825986,1
1,2,0.05,46,"prot25_income",0,-0.0243832188039271,0
1,2,0.05,46,"prot25_child",0,0.576918589550119,1
1,2,0.05,46,"prot50_male",0,0.512713297128725,1
1,2,0.05,46,"prot50_age",0.3,-0.0242079856705396,0
1,2,0.05,46,"prot50_income",1,0.372358767216577,1
1,2,0.05,46,"prot50_child",0,0.251255443697942,1
1,2,0.05,46,"invasive_male",0.3,0.161504016643197,1
1,2,0.05,46,"invasive_age",0,-0.104357263465425,1
1,2,0.05,46,"invasive_income",0.2,0.0409176303638723,0
1,2,0.05,46,"invasive_child",0,0.0600054761146714,1
1,2,0.05,47,"ASC2_male",0,0.047537062687224,0
1,2,0.05,47,"ASC2_age",0,0.13669783005707,1
1,2,0.05,47,"ASC2_income",0.8,0.391463877264743,1
1,2,0.05,47,"ASC2_child",-1.2,-0.588259636380173,1
1,2,0.05,47,"ASC3_male",0.2,0.341257348305185,1
1,2,0.05,47,"ASC3_age",0,0.203181059121673,1
1,2,0.05,47,"ASC3_income",0,0.0387794781205498,0
1,2,0.05,47,"ASC3_child",0,0.0503286004768082,1
1,2,0.05,47,"prot25_male",0,0.1193480622419,1
1,2,0.05,47,"prot25_age",0.5,0.176778985959243,1
1,2,0.05,47,"prot25_income",0.4,0.255849733759928,1
1,2,0.05,47,"prot25_child",0.9,0.486460330676992,1
1,2,0.05,47,"prot50_male",0,0.0735615504649408,1
1,2,0.05,47,"prot50_age",-0.3,-0.306367560292916,1
1,2,0.05,47,"prot50_income",-0.7,-0.265057278005724,1
1,2,0.05,47,"prot50_child",-1.1,-0.561654855536391,1
1,2,0.05,47,"invasive_male",0,0.289289448224852,1
1,2,0.05,47,"invasive_age",0.5,0.37031523149436,1
1,2,0.05,47,"invasive_income",0,0.209944649940894,1
1,2,0.05,47,"invasive_child",0,0.16973654100641,1
1,2,0.05,48,"ASC2_male",1.1,1.13755426259732,1
1,2,0.05,48,"ASC2_age",0,-0.0517203478506537,1
1,2,0.05,48,"ASC2_income",0,-0.0770888440802832,1
1,2,0.05,48,"ASC2_child",-0.3,-0.306406060795101,1
1,2,0.05,48,"ASC3_male",0,0.428005033287224,1
1,2,0.05,48,"ASC3_age",0,0.00111202805838457,0
1,2,0.05,48,"ASC3_income",0.8,0.301439301932042,1
1,2,0.05,48,"ASC3_child",0,-0.0126740456513254,0
1,2,0.05,48,"prot25_male",-0.6,-0.846356243564076,1
1,2,0.05,48,"prot25_age",0,0.0080757319868329,0
1,2,0.05,48,"prot25_income",-0.2,-0.137074165035341,1
1,2,0.05,48,"prot25_child",0,0.408776564619702,1
1,2,0.05,48,"prot50_male",0,-0.38052577690469,1
1,2,0.05,48,"prot50_age",-0.4,-0.192247347045415,1
1,2,0.05,48,"prot50_income",0,-0.0583776444205093,1
1,2,0.05,48,"prot50_child",0,0.38161231937387,1
1,2,0.05,48,"invasive_male",0.7,0.440492678468026,1
1,2,0.05,48,"invasive_age",-0.6,-0.323898073557564,1
1,2,0.05,48,"invasive_income",-0.3,-0.214059244564747,1
1,2,0.05,48,"invasive_child",-0.7,-0.294606443210357,1
1,2,0.05,49,"ASC2_male",0.7,0.131793150322778,1
1,2,0.05,49,"ASC2_age",0,-0.0980070338078523,1
1,2,0.05,49,"ASC2_income",-0.8,-0.380567152184875,1
1,2,0.05,49,"ASC2_child",-0.9,-0.424896392273799,1
1,2,0.05,49,"ASC3_male",0,-0.216152785848916,1
1,2,0.05,49,"ASC3_age",0,-0.0799062600523452,1
1,2,0.05,49,"ASC3_income",-0.5,-0.340000919681371,1
1,2,0.05,49,"ASC3_child",0,-0.0269187880050487,0
1,2,0.05,49,"prot25_male",0.8,0.358299975442759,1
1,2,0.05,49,"prot25_age",0,-0.0153369097219195,0
1,2,0.05,49,"prot25_income",0,0.159999187714755,1
1,2,0.05,49,"prot25_child",0.5,0.166158106423265,1
1,2,0.05,49,"prot50_male",-0.1,-0.0415511957990538,0
1,2,0.05,49,"prot50_age",0.8,0.378297236083018,1
1,2,0.05,49,"prot50_income",0,0.0113518997373747,0
1,2,0.05,49,"prot50_child",0,-0.230906422544269,1
1,2,0.05,49,"invasive_male",-0.9,-0.551726603377072,1
1,2,0.05,49,"invasive_age",0,-0.0296725071611041,0
1,2,0.05,49,"invasive_income",0,0.0533538718605086,1
1,2,0.05,49,"invasive_child",0.3,0.0918539771380898,1
1,2,0.05,50,"ASC2_male",0,-0.0875786792174326,1
1,2,0.05,50,"ASC2_age",0.8,0.422694577173072,1
1,2,0.05,50,"ASC2_income",0,0.0607245401986802,1
1,2,0.05,50,"ASC2_child",0,0.241599052811756,1
1,2,0.05,50,"ASC3_male",-0.5,-0.139608329306981,1
1,2,0.05,50,"ASC3_age",-0.4,-0.350791758842911,1
1,2,0.05,50,"ASC3_income",1.1,0.662034495181108,1
1,2,0.05,50,"ASC3_child",0.5,0.295810379479782,1
1,2,0.05,50,"prot25_male",1.1,0.472178266475221,1
1,2,0.05,50,"prot25_age",0.8,0.465387451921579,1
1,2,0.05,50,"prot25_income",0,-0.123225659508353,1
1,2,0.05,50,"prot25_child",0,0.137477420954827,1
1,2,0.05,50,"prot50_male",-0.6,-0.268109146988047,1
1,2,0.05,50,"prot50_age",0,-0.0349318414230029,0
1,2,0.05,50,"prot50_income",-0.3,-0.136068885990566,1
1,2,0.05,50,"prot50_child",0,0.24455147798174,1
1,2,0.05,50,"invasive_male",0,0.0762683250671878,1
1,2,0.05,50,"invasive_age",0,-0.0225673233150024,0
1,2,0.05,50,"invasive_income",0.6,0.150380092872998,1
1,2,0.05,50,"invasive_child",0,0.0189088892475823,0
1,2,0.05,51,"ASC2_male",-0.3,-0.447194155187985,1
1,2,0.05,51,"ASC2_age",-0.5,-0.305136979893774,1
1,2,0.05,51,"ASC2_income",0,0.00205339550402758,0
1,2,0.05,51,"ASC2_child",-0.7,-0.217857551275812,1
1,2,0.05,51,"ASC3_male",0,-0.458195391414052,1
1,2,0.05,51,"ASC3_age",0.5,0.225594764564997,1
1,2,0.05,51,"ASC3_income",0,-0.0583961742784951,1
1,2,0.05,51,"ASC3_child",0,0.286866717221018,1
1,2,0.05,51,"prot25_male",-1.1,-0.22050458675679,1
1,2,0.05,51,"prot25_age",0.3,0.231542345235961,1
1,2,0.05,51,"prot25_income",0.2,0.183366797429965,1
1,2,0.05,51,"prot25_child",0,0.166731355168224,1
1,2,0.05,51,"prot50_male",0,0.257618202389925,1
1,2,0.05,51,"prot50_age",0,0.0228779372049242,0
1,2,0.05,51,"prot50_income",0,0.0699233682449112,1
1,2,0.05,51,"prot50_child",1.2,0.518174992555924,1
1,2,0.05,51,"invasive_male",-0.1,0.0322425614146813,0
1,2,0.05,51,"invasive_age",0,-0.0529967034915714,1
1,2,0.05,51,"invasive_income",0,0.031789065746737,0
1,2,0.05,51,"invasive_child",0.3,0.27184168555198,1
1,2,0.05,52,"ASC2_male",-0.5,0.0200307850251803,0
1,2,0.05,52,"ASC2_age",-0.5,-0.187908696575534,1
1,2,0.05,52,"ASC2_income",1.1,0.639495326968508,1
1,2,0.05,52,"ASC2_child",-0.5,-0.0949423969665738,1
1,2,0.05,52,"ASC3_male",0.3,0.198258441187883,1
1,2,0.05,52,"ASC3_age",0,-0.00551250381011653,0
1,2,0.05,52,"ASC3_income",0,0.149581965465114,1
1,2,0.05,52,"ASC3_child",0,0.2059615497663,1
1,2,0.05,52,"prot25_male",-0.3,0.0877348041364124,1
1,2,0.05,52,"prot25_age",1,0.565410735748302,1
1,2,0.05,52,"prot25_income",0,-0.094798071551373,1
1,2,0.05,52,"prot25_child",-1.2,-0.813873735555989,1
1,2,0.05,52,"prot50_male",0,-0.0767703863532619,1
1,2,0.05,52,"prot50_age",0,0.0955939371335777,1
1,2,0.05,52,"prot50_income",0,-0.0963136852904039,1
1,2,0.05,52,"prot50_child",0.3,0.179860146509799,1
1,2,0.05,52,"invasive_male",0.1,0.153601917359214,1
1,2,0.05,52,"invasive_age",0,0.0342048114644877,0
1,2,0.05,52,"invasive_income",0,-0.10559084411434,1
1,2,0.05,52,"invasive_child",0,0.0725853780668241,1
1,2,0.05,53,"ASC2_male",-0.4,-0.25485409746146,1
1,2,0.05,53,"ASC2_age",0,0.162253984765049,1
1,2,0.05,53,"ASC2_income",-0.7,-0.445688455179468,1
1,2,0.05,53,"ASC2_child",0,-0.515053586499939,1
1,2,0.05,53,"ASC3_male",0.3,0.196368274831867,1
1,2,0.05,53,"ASC3_age",0.6,0.381634857541149,1
1,2,0.05,53,"ASC3_income",0,0.0666096339194766,1
1,2,0.05,53,"ASC3_child",0,-0.376343214360713,1
1,2,0.05,53,"prot25_male",0,-0.0100691765263508,0
1,2,0.05,53,"prot25_age",0.4,0.0569922233454789,1
1,2,0.05,53,"prot25_income",0,-0.0416595205437064,0
1,2,0.05,53,"prot25_child",0,0.241793215218627,1
1,2,0.05,53,"prot50_male",-0.6,-0.58342071357899,1
1,2,0.05,53,"prot50_age",0.9,0.35008286666553,1
1,2,0.05,53,"prot50_income",0,-0.0422374572538064,0
1,2,0.05,53,"prot50_child",-1.1,-0.205074146796043,1
1,2,0.05,53,"invasive_male",-0.5,-0.485291843939284,1
1,2,0.05,53,"invasive_age",0,-0.0754339331901669,1
1,2,0.05,53,"invasive_income",0,-0.0119490840032391,0
1,2,0.05,53,"invasive_child",-0.6,-0.797935273677777,1
1,2,0.05,54,"ASC2_male",0,-0.199747565124665,1
1,2,0.05,54,"ASC2_age",-0.5,-0.384995972135751,1
1,2,0.05,54,"ASC2_income",-0.7,-0.367866282320399,1
1,2,0.05,54,"ASC2_child",0,-0.00560507351151121,0
1,2,0.05,54,"ASC3_male",1.1,0.436600490222477,1
1,2,0.05,54,"ASC3_age",0,-0.120812831800984,1
1,2,0.05,54,"ASC3_income",0,-0.00322609249922879,0
1,2,0.05,54,"ASC3_child",-0.5,-0.199778358306335,1
1,2,0.05,54,"prot25_male",0,0.186113566353568,1
1,2,0.05,54,"prot25_age",0.3,0.162353901722709,1
1,2,0.05,54,"prot25_income",0,-0.128342530222619,1
1,2,0.05,54,"prot25_child",0,0.0714218482224628,1
1,2,0.05,54,"prot50_male",0,0.0614805678706476,1
1,2,0.05,54,"prot50_age",0.2,-0.0189923891133553,0
1,2,0.05,54,"prot50_income",0.5,0.227799113053577,1
1,2,0.05,54,"prot50_child",-0.7,-0.357680909180331,1
1,2,0.05,54,"invasive_male",0,0.124737466327423,1
1,2,0.05,54,"invasive_age",0.1,-0.0780451477710907,1
1,2,0.05,54,"invasive_income",-1.2,-0.501649236333012,1
1,2,0.05,54,"invasive_child",0,-0.0250373849988029,0
1,2,0.05,55,"ASC2_male",0,-0.18124478127514,1
1,2,0.05,55,"ASC2_age",0,0.025506019302454,0
1,2,0.05,55,"ASC2_income",0,0.0903548820459496,1
1,2,0.05,55,"ASC2_child",0,0.0182312825828572,0
1,2,0.05,55,"ASC3_male",0.5,0.158242302791179,1
1,2,0.05,55,"ASC3_age",0,0.046682918779545,0
1,2,0.05,55,"ASC3_income",0,0.183010901295464,1
1,2,0.05,55,"ASC3_child",0,-0.202210556107649,1
1,2,0.05,55,"prot25_male",0.2,0.254336728591484,1
1,2,0.05,55,"prot25_age",0.7,0.29298235757949,1
1,2,0.05,55,"prot25_income",-0.7,-0.469509522545349,1
1,2,0.05,55,"prot25_child",0,-0.188718457053388,1
1,2,0.05,55,"prot50_male",-0.5,-0.420204553224324,1
1,2,0.05,55,"prot50_age",0.5,0.346864053966188,1
1,2,0.05,55,"prot50_income",-1,-0.689472681889179,1
1,2,0.05,55,"prot50_child",0,0.0706379306109869,1
1,2,0.05,55,"invasive_male",0.8,0.288819029507791,1
1,2,0.05,55,"invasive_age",0,0.056775887989105,1
1,2,0.05,55,"invasive_income",-0.9,-0.413963610268071,1
1,2,0.05,55,"invasive_child",-1.2,-0.425951978579292,1
1,2,0.05,56,"ASC2_male",0,0.0573627135501067,1
1,2,0.05,56,"ASC2_age",-0.7,-0.450421916408272,1
1,2,0.05,56,"ASC2_income",0,0.00996255138030919,0
1,2,0.05,56,"ASC2_child",0,0.341651989826923,1
1,2,0.05,56,"ASC3_male",0,0.132520291537638,1
1,2,0.05,56,"ASC3_age",-0.4,-0.21288403266734,1
1,2,0.05,56,"ASC3_income",0,0.0159779769959878,0
1,2,0.05,56,"ASC3_child",0,0.366300381805554,1
1,2,0.05,56,"prot25_male",0,-0.289885654590799,1
1,2,0.05,56,"prot25_age",0,0.0882427377947191,1
1,2,0.05,56,"prot25_income",-0.2,-0.0356629176050165,0
1,2,0.05,56,"prot25_child",-1,-0.73825748388633,1
1,2,0.05,56,"prot50_male",0.7,0.184082106410511,1
1,2,0.05,56,"prot50_age",0.5,0.310884992125652,1
1,2,0.05,56,"prot50_income",-0.6,-0.226389634256178,1
1,2,0.05,56,"prot50_child",0.7,0.0485890112136347,0
1,2,0.05,56,"invasive_male",0,0.0799031650021137,1
1,2,0.05,56,"invasive_age",-1.1,-0.588668148944279,1
1,2,0.05,56,"invasive_income",0.3,0.269024376337463,1
1,2,0.05,56,"invasive_child",0,-0.179724584647827,1
1,2,0.05,57,"ASC2_male",1.2,0.31880064349248,1
1,2,0.05,57,"ASC2_age",1,0.57183930561743,1
1,2,0.05,57,"ASC2_income",0,-0.000317979858048221,0
1,2,0.05,57,"ASC2_child",0,0.0451666521927304,0
1,2,0.05,57,"ASC3_male",-0.2,-0.264627250236569,1
1,2,0.05,57,"ASC3_age",0,0.0848731248527332,1
1,2,0.05,57,"ASC3_income",0,0.0486219823440832,0
1,2,0.05,57,"ASC3_child",0,0.106652436417499,1
1,2,0.05,57,"prot25_male",-1,-0.503106219148987,1
1,2,0.05,57,"prot25_age",0,-0.0358125403928027,0
1,2,0.05,57,"prot25_income",-0.1,-0.0805918119428273,1
1,2,0.05,57,"prot25_child",0,0.041464112003271,0
1,2,0.05,57,"prot50_male",-0.4,-0.29367961544342,1
1,2,0.05,57,"prot50_age",-0.6,-0.430253693587777,1
1,2,0.05,57,"prot50_income",0.5,0.127600722739564,1
1,2,0.05,57,"prot50_child",0.6,0.0691311897131239,1
1,2,0.05,57,"invasive_male",0.7,0.0861742741339067,1
1,2,0.05,57,"invasive_age",0,0.103836713180705,1
1,2,0.05,57,"invasive_income",0,0.0329852780997567,0
1,2,0.05,57,"invasive_child",0,-0.0220011714886708,0
1,2,0.05,58,"ASC2_male",0.3,0.317464180929178,1
1,2,0.05,58,"ASC2_age",0.2,0.154836656522129,1
1,2,0.05,58,"ASC2_income",0,0.0529006825753219,1
1,2,0.05,58,"ASC2_child",0,0.221953869295337,1
1,2,0.05,58,"ASC3_male",0,0.261184964778769,1
1,2,0.05,58,"ASC3_age",0,0.05368775685637,1
1,2,0.05,58,"ASC3_income",0,-0.0178859023314496,0
1,2,0.05,58,"ASC3_child",0.1,0.144939370626403,1
1,2,0.05,58,"prot25_male",0,-0.061386179031217,1
1,2,0.05,58,"prot25_age",0,-0.0378812231111708,0
1,2,0.05,58,"prot25_income",0,-0.149874133684306,1
1,2,0.05,58,"prot25_child",1,0.448573928526332,1
1,2,0.05,58,"prot50_male",0,-0.0233088158513075,0
1,2,0.05,58,"prot50_age",0.5,0.146839593541697,1
1,2,0.05,58,"prot50_income",0,-0.123585248443127,1
1,2,0.05,58,"prot50_child",0.8,0.0753009120241358,1
1,2,0.05,58,"invasive_male",0.5,0.232113500880165,1
1,2,0.05,58,"invasive_age",1,0.440669232007345,1
1,2,0.05,58,"invasive_income",0.6,0.298137188877915,1
1,2,0.05,58,"invasive_child",0.7,0.380504444471739,1
1,2,0.05,59,"ASC2_male",0,-0.000234321717137416,0
1,2,0.05,59,"ASC2_age",0.5,0.229302128338693,1
1,2,0.05,59,"ASC2_income",0,-0.169133551934702,1
1,2,0.05,59,"ASC2_child",0,0.225919288048724,1
1,2,0.05,59,"ASC3_male",0.6,0.395880632537963,1
1,2,0.05,59,"ASC3_age",-1.1,-0.685684606822262,1
1,2,0.05,59,"ASC3_income",0,-0.0768409056933825,1
1,2,0.05,59,"ASC3_child",0,0.0404307473459718,0
1,2,0.05,59,"prot25_male",-0.7,-0.196081111218712,1
1,2,0.05,59,"prot25_age",0,0.0395470171767059,0
1,2,0.05,59,"prot25_income",-0.2,-0.0531119486105768,1
1,2,0.05,59,"prot25_child",0,0.171703881053393,1
1,2,0.05,59,"prot50_male",0.4,0.291485890167283,1
1,2,0.05,59,"prot50_age",-0.9,-0.33175403971803,1
1,2,0.05,59,"prot50_income",0,-0.0062120221845183,0
1,2,0.05,59,"prot50_child",0,0.00106141389736606,0
1,2,0.05,59,"invasive_male",1,0.512691923816139,1
1,2,0.05,59,"invasive_age",-0.8,-0.399582856182619,1
1,2,0.05,59,"invasive_income",-0.4,-0.193614500284127,1
1,2,0.05,59,"invasive_child",0,0.0909327155591027,1
1,2,0.05,60,"ASC2_male",-1.2,-0.618189588512783,1
1,2,0.05,60,"ASC2_age",0,0.113663201491321,1
1,2,0.05,60,"ASC2_income",0.6,0.354938047270067,1
1,2,0.05,60,"ASC2_child",-0.4,-0.371027453773907,1
1,2,0.05,60,"ASC3_male",0,-0.110758599199688,1
1,2,0.05,60,"ASC3_age",0,0.205362882536361,1
1,2,0.05,60,"ASC3_income",0,0.0395244952931872,0
1,2,0.05,60,"ASC3_child",0,-0.160635389147958,1
1,2,0.05,60,"prot25_male",0,-0.124072252554602,1
1,2,0.05,60,"prot25_age",-0.4,-0.356438510153844,1
1,2,0.05,60,"prot25_income",0,0.0256097466403061,0
1,2,0.05,60,"prot25_child",0,0.299995319637887,1
1,2,0.05,60,"prot50_male",-1.1,-0.52423821505941,1
1,2,0.05,60,"prot50_age",0,-0.179995104651848,1
1,2,0.05,60,"prot50_income",0.4,0.232753036115644,1
1,2,0.05,60,"prot50_child",0,0.128049135226515,1
1,2,0.05,60,"invasive_male",0.3,0.0901489013364983,1
1,2,0.05,60,"invasive_age",-0.5,-0.167414099744927,1
1,2,0.05,60,"invasive_income",-0.7,-0.389292349230982,1
1,2,0.05,60,"invasive_child",1,0.449275822520201,1
1,2,0.05,61,"ASC2_male",0.8,0.557524403126491,1
1,2,0.05,61,"ASC2_age",-0.9,-0.538066827393394,1
1,2,0.05,61,"ASC2_income",-0.3,0.0633121931674698,1
1,2,0.05,61,"ASC2_child",0,-0.407009554133479,1
1,2,0.05,61,"ASC3_male",0,0.228284908290588,1
1,2,0.05,61,"ASC3_age",0,-0.159304879019856,1
1,2,0.05,61,"ASC3_income",0,0.180949761463482,1
1,2,0.05,61,"ASC3_child",0,-0.342137057588254,1
1,2,0.05,61,"prot25_male",0,-0.22122905761755,1
1,2,0.05,61,"prot25_age",-1,-0.298983055054531,1
1,2,0.05,61,"prot25_income",0,-0.0793502345321803,1
1,2,0.05,61,"prot25_child",0,0.217958684647687,1
1,2,0.05,61,"prot50_male",-0.8,-0.51045327131583,1
1,2,0.05,61,"prot50_age",0.2,0.180968208867001,1
1,2,0.05,61,"prot50_income",0,-0.0710203715533715,1
1,2,0.05,61,"prot50_child",0.3,0.498311696127157,1
1,2,0.05,61,"invasive_male",0,0.146454377957283,1
1,2,0.05,61,"invasive_age",1,0.43576949279001,1
1,2,0.05,61,"invasive_income",0.2,0.227282239316686,1
1,2,0.05,61,"invasive_child",0.9,0.587256217228809,1
1,2,0.05,62,"ASC2_male",0,0.0943972356995776,1
1,2,0.05,62,"ASC2_age",0,0.153180725384944,1
1,2,0.05,62,"ASC2_income",0.1,-0.218999829640052,1
1,2,0.05,62,"ASC2_child",0,0.136759729704068,1
1,2,0.05,62,"ASC3_male",0,0.188186696438121,1
1,2,0.05,62,"ASC3_age",0.6,0.423561753543092,1
1,2,0.05,62,"ASC3_income",0.6,0.105062718711966,1
1,2,0.05,62,"ASC3_child",0,0.121597087445339,1
1,2,0.05,62,"prot25_male",-0.5,-0.141881250796964,1
1,2,0.05,62,"prot25_age",0,-0.0719009651448692,1
1,2,0.05,62,"prot25_income",0,0.0828925596249663,1
1,2,0.05,62,"prot25_child",-0.2,-0.252251524266451,1
1,2,0.05,62,"prot50_male",-0.5,-0.270502739881649,1
1,2,0.05,62,"prot50_age",0.3,0.120374040893603,1
1,2,0.05,62,"prot50_income",0,0.151553125066043,1
1,2,0.05,62,"prot50_child",1,0.431535502769689,1
1,2,0.05,62,"invasive_male",0.5,0.321371607311267,1
1,2,0.05,62,"invasive_age",0,0.0329731234274902,0
1,2,0.05,62,"invasive_income",0,-0.0468853350176514,0
1,2,0.05,62,"invasive_child",-0.9,-0.615472785649353,1
1,2,0.05,63,"ASC2_male",0,0.0212133868169863,0
1,2,0.05,63,"ASC2_age",0.6,0.264680183554091,1
1,2,0.05,63,"ASC2_income",-0.7,-0.159439609466008,1
1,2,0.05,63,"ASC2_child",0,-0.249550794625823,1
1,2,0.05,63,"ASC3_male",-0.5,-0.330475169724324,1
1,2,0.05,63,"ASC3_age",0,0.0208122934623216,0
1,2,0.05,63,"ASC3_income",0,0.0687820882958276,1
1,2,0.05,63,"ASC3_child",-0.1,-0.268838027937387,1
1,2,0.05,63,"prot25_male",0,0.238032362202826,1
1,2,0.05,63,"prot25_age",0,-0.120175528216848,1
1,2,0.05,63,"prot25_income",-0.4,-0.181931022326911,1
1,2,0.05,63,"prot25_child",-0.6,0.0254655899450595,0
1,2,0.05,63,"prot50_male",0,0.136751449932309,1
1,2,0.05,63,"prot50_age",0,-0.041336623065417,0
1,2,0.05,63,"prot50_income",-0.9,-0.520193212830596,1
1,2,0.05,63,"prot50_child",-0.7,-0.118950334729595,1
1,2,0.05,63,"invasive_male",0.8,0.510011185863737,1
1,2,0.05,63,"invasive_age",0,-0.163745375761885,1
1,2,0.05,63,"invasive_income",-0.8,-0.429459418509972,1
1,2,0.05,63,"invasive_child",0,-0.213432255989899,1
1,2,0.05,64,"ASC2_male",0.2,-0.502199144990537,1
1,2,0.05,64,"ASC2_age",0,0.0627914496342869,1
1,2,0.05,64,"ASC2_income",-0.3,0.157528993258436,1
1,2,0.05,64,"ASC2_child",0,-0.626961238493338,1
1,2,0.05,64,"ASC3_male",0,-0.53813294784202,1
1,2,0.05,64,"ASC3_age",-1.2,-0.526855765718496,1
1,2,0.05,64,"ASC3_income",0.1,0.299504449129129,1
1,2,0.05,64,"ASC3_child",0,-0.484505632683571,1
1,2,0.05,64,"prot25_male",-0.8,-0.0483571390143849,0
1,2,0.05,64,"prot25_age",0.1,-0.01286416151537,0
1,2,0.05,64,"prot25_income",0.3,0.157801072405778,1
1,2,0.05,64,"prot25_child",-0.5,0.208896985109814,1
1,2,0.05,64,"prot50_male",0.2,0.568121733091155,1
1,2,0.05,64,"prot50_age",1.1,0.462236048898911,1
1,2,0.05,64,"prot50_income",0,-0.0455136929000483,0
1,2,0.05,64,"prot50_child",0,0.39666511619188,1
1,2,0.05,64,"invasive_male",0,-0.329613453757047,1
1,2,0.05,64,"invasive_age",0,0.00637933252456779,0
1,2,0.05,64,"invasive_income",0,0.151978688405969,1
1,2,0.05,64,"invasive_child",0,-0.118809423656618,1
1,2,0.05,65,"ASC2_male",0,0.380003790007486,1
1,2,0.05,65,"ASC2_age",0.8,-0.0619790100666796,1
1,2,0.05,65,"ASC2_income",0.2,0.300082652608751,1
1,2,0.05,65,"ASC2_child",0,0.221043907063519,1
1,2,0.05,65,"ASC3_male",0,0.215750055813747,1
1,2,0.05,65,"ASC3_age",0,-0.350759531203557,1
1,2,0.05,65,"ASC3_income",0.7,0.476597556523749,1
1,2,0.05,65,"ASC3_child",0.5,0.433955697002311,1
1,2,0.05,65,"prot25_male",0,-0.137949569433733,1
1,2,0.05,65,"prot25_age",0,0.405066524828752,1
1,2,0.05,65,"prot25_income",0,-0.124331061193902,1
1,2,0.05,65,"prot25_child",1,0.407997823432488,1
1,2,0.05,65,"prot50_male",0.6,0.0652948056136402,1
1,2,0.05,65,"prot50_age",0,0.316192741565084,1
1,2,0.05,65,"prot50_income",-0.2,-0.098270767811574,1
1,2,0.05,65,"prot50_child",0.5,0.366128366699156,1
1,2,0.05,65,"invasive_male",0.3,0.207875554010439,1
1,2,0.05,65,"invasive_age",0,-0.266094984018091,1
1,2,0.05,65,"invasive_income",0.9,0.599549387460272,1
1,2,0.05,65,"invasive_child",0,0.148859989140647,1
1,2,0.05,66,"ASC2_male",0,0.133329635511094,1
1,2,0.05,66,"ASC2_age",-0.2,-0.0529155210028639,1
1,2,0.05,66,"ASC2_income",0.4,0.197331874097742,1
1,2,0.05,66,"ASC2_child",0,0.425469936654596,1
1,2,0.05,66,"ASC3_male",-0.9,-0.534320826380354,1
1,2,0.05,66,"ASC3_age",1,0.701556716248562,1
1,2,0.05,66,"ASC3_income",0,0.0249768040109049,0
1,2,0.05,66,"ASC3_child",0,0.602199288429706,1
1,2,0.05,66,"prot25_male",-0.5,-0.380644714041922,1
1,2,0.05,66,"prot25_age",0,-0.128843924086058,1
1,2,0.05,66,"prot25_income",0,0.0438138181093871,0
1,2,0.05,66,"prot25_child",-1.1,-1.05035903351548,1
1,2,0.05,66,"prot50_male",1,0.454738549606947,1
1,2,0.05,66,"prot50_age",0,-0.162837546596619,1
1,2,0.05,66,"prot50_income",0.2,0.0176846664437028,0
1,2,0.05,66,"prot50_child",0.7,-0.0699773782360552,1
1,2,0.05,66,"invasive_male",0,-0.16925339610786,1
1,2,0.05,66,"invasive_age",0,0.120393166492982,1
1,2,0.05,66,"invasive_income",0,-0.0664097943375988,1
1,2,0.05,66,"invasive_child",-1,-0.472076816409943,1
1,2,0.05,67,"ASC2_male",-0.6,-0.167136435116593,1
1,2,0.05,67,"ASC2_age",-0.5,-0.244124413853004,1
1,2,0.05,67,"ASC2_income",0,0.0107867512630196,0
1,2,0.05,67,"ASC2_child",0.9,0.166078588827461,1
1,2,0.05,67,"ASC3_male",0.8,0.638964729177752,1
1,2,0.05,67,"ASC3_age",-0.9,-0.512981795492009,1
1,2,0.05,67,"ASC3_income",1.1,0.465280789685764,1
1,2,0.05,67,"ASC3_child",0.1,-0.281905118684467,1
1,2,0.05,67,"prot25_male",0,-0.178497792939564,1
1,2,0.05,67,"prot25_age",-0.2,0.0450801608436705,0
1,2,0.05,67,"prot25_income",0,0.0962423772986467,1
1,2,0.05,67,"prot25_child",0,0.181500424336971,1
1,2,0.05,67,"prot50_male",1,0.42153244813248,1
1,2,0.05,67,"prot50_age",0,0.0573461149762443,1
1,2,0.05,67,"prot50_income",0,0.182374884670061,1
1,2,0.05,67,"prot50_child",0.1,0.118428222168483,1
1,2,0.05,67,"invasive_male",0,0.131495526547219,1
1,2,0.05,67,"invasive_age",0,0.149207705392215,1
1,2,0.05,67,"invasive_income",0,0.0405000662286011,0
1,2,0.05,67,"invasive_child",0,-0.351541232458515,1
1,2,0.05,68,"ASC2_male",0,0.117320186631335,1
1,2,0.05,68,"ASC2_age",0.1,0.087592346019742,1
1,2,0.05,68,"ASC2_income",0,0.00914179923456955,0
1,2,0.05,68,"ASC2_child",-0.8,-0.406649575942084,1
1,2,0.05,68,"ASC3_male",1.1,0.801932368499075,1
1,2,0.05,68,"ASC3_age",-0.5,-0.254576147792968,1
1,2,0.05,68,"ASC3_income",0,-0.111590946465793,1
1,2,0.05,68,"ASC3_child",-0.9,-0.35906264967339,1
1,2,0.05,68,"prot25_male",0.2,-0.252367388974111,1
1,2,0.05,68,"prot25_age",0,-0.00904883186743751,0
1,2,0.05,68,"prot25_income",0,0.101445748124383,1
1,2,0.05,68,"prot25_child",-1.1,-0.669907910655921,1
1,2,0.05,68,"prot50_male",0,-0.0723577050308666,1
1,2,0.05,68,"prot50_age",0,-0.0611817433015897,1
1,2,0.05,68,"prot50_income",0,0.118798594689517,1
1,2,0.05,68,"prot50_child",-0.8,-0.657318475912148,1
1,2,0.05,68,"invasive_male",0,0.291842543084054,1
1,2,0.05,68,"invasive_age",-0.7,-0.411787507861189,1
1,2,0.05,68,"invasive_income",0,-0.084827951571044,1
1,2,0.05,68,"invasive_child",1.1,0.43452386350482,1
1,2,0.05,69,"ASC2_male",1.1,0.133098142861148,1
1,2,0.05,69,"ASC2_age",0,-0.127107345724536,1
1,2,0.05,69,"ASC2_income",0.4,0.274502913576347,1
1,2,0.05,69,"ASC2_child",1.2,1.06155173506243,1
1,2,0.05,69,"ASC3_male",-1,-1.04810434384569,1
1,2,0.05,69,"ASC3_age",0,-0.146686268307965,1
1,2,0.05,69,"ASC3_income",-1.2,-0.657849952097648,1
1,2,0.05,69,"ASC3_child",0,0.374163688298046,1
1,2,0.05,69,"prot25_male",0,0.155396658000354,1
1,2,0.05,69,"prot25_age",0,-0.0764744178444612,1
1,2,0.05,69,"prot25_income",-0.4,-0.105765246602915,1
1,2,0.05,69,"prot25_child",-0.4,-0.426035344671259,1
1,2,0.05,69,"prot50_male",0,0.298010548964048,1
1,2,0.05,69,"prot50_age",0,-0.11036087767252,1
1,2,0.05,69,"prot50_income",0,0.162547868047422,1
1,2,0.05,69,"prot50_child",0,-0.120178729219804,1
1,2,0.05,69,"invasive_male",0,-0.043941755776024,0
1,2,0.05,69,"invasive_age",-0.5,-0.377257161680551,1
1,2,0.05,69,"invasive_income",-0.2,-0.0332133734534361,0
1,2,0.05,69,"invasive_child",-0.2,-0.0314489889925724,0
1,2,0.05,70,"ASC2_male",-0.8,-0.399343495597488,1
1,2,0.05,70,"ASC2_age",0,-0.0911277583548508,1
1,2,0.05,70,"ASC2_income",0.3,0.203592510176254,1
1,2,0.05,70,"ASC2_child",0,0.0401432431110343,0
1,2,0.05,70,"ASC3_male",0.9,0.544458203485407,1
1,2,0.05,70,"ASC3_age",0,-0.14950800351444,1
1,2,0.05,70,"ASC3_income",0,0.0232215518004615,0
1,2,0.05,70,"ASC3_child",0,0.0517243596207367,1
1,2,0.05,70,"prot25_male",0,0.00603024699904143,0
1,2,0.05,70,"prot25_age",0,0.0426500560292045,0
1,2,0.05,70,"prot25_income",0.9,0.365752166708249,1
1,2,0.05,70,"prot25_child",0,-0.00234135663486653,0
1,2,0.05,70,"prot50_male",-0.1,0.00482964132265999,0
1,2,0.05,70,"prot50_age",-0.9,-0.384246896082675,1
1,2,0.05,70,"prot50_income",0.9,0.416593829018714,1
1,2,0.05,70,"prot50_child",1,0.475667308088529,1
1,2,0.05,70,"invasive_male",0,-0.0939302315408162,1
1,2,0.05,70,"invasive_age",0.8,0.288439523741825,1
1,2,0.05,70,"invasive_income",0,0.17673183936577,1
1,2,0.05,70,"invasive_child",-0.6,-0.318106362743763,1
1,2,0.05,71,"ASC2_male",0.5,0.244666731662955,1
1,2,0.05,71,"ASC2_age",1,0.432199911008602,1
1,2,0.05,71,"ASC2_income",0.8,0.632336192472295,1
1,2,0.05,71,"ASC2_child",0.7,0.24791223552156,1
1,2,0.05,71,"ASC3_male",0,0.177541140289705,1
1,2,0.05,71,"ASC3_age",0,-0.0734741349337468,1
1,2,0.05,71,"ASC3_income",0,0.115455816920367,1
1,2,0.05,71,"ASC3_child",1.1,0.336584939501675,1
1,2,0.05,71,"prot25_male",0,0.0147330348593672,0
1,2,0.05,71,"prot25_age",0,0.0558209572680734,1
1,2,0.05,71,"prot25_income",0,-0.157801139077032,1
1,2,0.05,71,"prot25_child",0,0.180434050461712,1
1,2,0.05,71,"prot50_male",0,0.168410361475702,1
1,2,0.05,71,"prot50_age",-0.6,-0.29302962995724,1
1,2,0.05,71,"prot50_income",-0.9,-0.697549351591947,1
1,2,0.05,71,"prot50_child",-0.7,-0.232560760301251,1
1,2,0.05,71,"invasive_male",0.8,0.488408529915571,1
1,2,0.05,71,"invasive_age",0,-0.0221302739803433,0
1,2,0.05,71,"invasive_income",1,0.59013073363848,1
1,2,0.05,71,"invasive_child",0,0.152050383737802,1
1,2,0.05,72,"ASC2_male",-0.8,-0.331820807819418,1
1,2,0.05,72,"ASC2_age",0,0.111318966446892,1
1,2,0.05,72,"ASC2_income",0.3,0.288378859627571,1
1,2,0.05,72,"ASC2_child",0.2,0.184231802213831,1
1,2,0.05,72,"ASC3_male",0,0.0159172086509293,0
1,2,0.05,72,"ASC3_age",0,0.0744978781176616,1
1,2,0.05,72,"ASC3_income",0,0.0455457945458541,0
1,2,0.05,72,"ASC3_child",-0.9,-0.197186070610758,1
1,2,0.05,72,"prot25_male",0,0.0433268098239981,0
1,2,0.05,72,"prot25_age",0,0.00194774990607365,0
1,2,0.05,72,"prot25_income",0,-0.0767352684168998,1
1,2,0.05,72,"prot25_child",-0.6,-0.328434635289834,1
1,2,0.05,72,"prot50_male",1,0.586703341422308,1
1,2,0.05,72,"prot50_age",-0.6,-0.333434703556972,1
1,2,0.05,72,"prot50_income",0,0.00253870603210915,0
1,2,0.05,72,"prot50_child",0.4,0.27959055539625,1
1,2,0.05,72,"invasive_male",-0.5,-0.0129112515248406,0
1,2,0.05,72,"invasive_age",0,-0.065634644280675,1
1,2,0.05,72,"invasive_income",0,0.0108674966162627,0
1,2,0.05,72,"invasive_child",-0.1,0.164709741097098,1
1,2,0.05,73,"ASC2_male",0,0.0606474050390286,1
1,2,0.05,73,"ASC2_age",0,-0.0182855601045525,0
1,2,0.05,73,"ASC2_income",0.5,0.457445103154564,1
1,2,0.05,73,"ASC2_child",-1,-0.740692662277433,1
1,2,0.05,73,"ASC3_male",0.8,0.587490701164697,1
1,2,0.05,73,"ASC3_age",0,-0.0443460053521304,0
1,2,0.05,73,"ASC3_income",-0.5,-0.166011351562483,1
1,2,0.05,73,"ASC3_child",-1.2,-0.754214523762347,1
1,2,0.05,73,"prot25_male",0,-0.19742315298962,1
1,2,0.05,73,"prot25_age",0,0.0838376537253041,1
1,2,0.05,73,"prot25_income",0.4,0.16139076745697,1
1,2,0.05,73,"prot25_child",0,0.317737465392187,1
1,2,0.05,73,"prot50_male",-0.7,-0.327088424251472,1
1,2,0.05,73,"prot50_age",0.7,0.399155225296832,1
1,2,0.05,73,"prot50_income",1,0.457962413205652,1
1,2,0.05,73,"prot50_child",0,-0.118278851328985,1
1,2,0.05,73,"invasive_male",0,-0.074188945967982,1
1,2,0.05,73,"invasive_age",0,0.00703883873905451,0
1,2,0.05,73,"invasive_income",0,0.0248175674778044,0
1,2,0.05,73,"invasive_child",0.8,0.276976716456785,1
1,2,0.05,74,"ASC2_male",0,0.191385965822022,1
1,2,0.05,74,"ASC2_age",0,-0.0258155074557514,0
1,2,0.05,74,"ASC2_income",0,-0.0420299890070625,0
1,2,0.05,74,"ASC2_child",-1,-0.394797525862253,1
1,2,0.05,74,"ASC3_male",0.9,0.573220985837025,1
1,2,0.05,74,"ASC3_age",1.1,0.620195199447155,1
1,2,0.05,74,"ASC3_income",0,-0.125915287286518,1
1,2,0.05,74,"ASC3_child",0,0.283658582730907,1
1,2,0.05,74,"prot25_male",-0.6,-0.538071585016366,1
1,2,0.05,74,"prot25_age",0.5,0.203328048488144,1
1,2,0.05,74,"prot25_income",-0.3,-0.183434399172867,1
1,2,0.05,74,"prot25_child",0,-0.0738100509185969,1
1,2,0.05,74,"prot50_male",-0.2,-0.119889158929693,1
1,2,0.05,74,"prot50_age",0,0.00820271883686467,0
1,2,0.05,74,"prot50_income",0,0.000445475963985899,0
1,2,0.05,74,"prot50_child",0,0.0335174819008542,0
1,2,0.05,74,"invasive_male",0,-0.127772944448953,1
1,2,0.05,74,"invasive_age",-1.1,-0.593784224436513,1
1,2,0.05,74,"invasive_income",0.4,0.0490662601953595,0
1,2,0.05,74,"invasive_child",0.7,0.407520621815762,1
1,2,0.05,75,"ASC2_male",0,-0.497280368375927,1
1,2,0.05,75,"ASC2_age",0.5,0.552645894236161,1
1,2,0.05,75,"ASC2_income",0,-0.0830875852059157,1
1,2,0.05,75,"ASC2_child",0,0.0321869030945508,0
1,2,0.05,75,"ASC3_male",1,0.22519165374287,1
1,2,0.05,75,"ASC3_age",0,0.259667293512743,1
1,2,0.05,75,"ASC3_income",0,-0.159417691098694,1
1,2,0.05,75,"ASC3_child",-0.8,-0.271665283785066,1
1,2,0.05,75,"prot25_male",0.9,0.475961006360209,1
1,2,0.05,75,"prot25_age",1,0.335346599461955,1
1,2,0.05,75,"prot25_income",0,0.122763296292446,1
1,2,0.05,75,"prot25_child",-1,-0.529026857822095,1
1,2,0.05,75,"prot50_male",0,-0.193104454767822,1
1,2,0.05,75,"prot50_age",0,-0.000824883828212442,0
1,2,0.05,75,"prot50_income",-0.9,-0.208519152485971,1
1,2,0.05,75,"prot50_child",-0.4,0.182312246689755,1
1,2,0.05,75,"invasive_male",0.7,0.178377856499146,1
1,2,0.05,75,"invasive_age",0,-0.0295152347110808,0
1,2,0.05,75,"invasive_income",-0.5,-0.253825978833145,1
1,2,0.05,75,"invasive_child",0,0.369503346180205,1
1,2,0.05,76,"ASC2_male",-0.7,-0.462292158271474,1
1,2,0.05,76,"ASC2_age",0,-0.139377281152528,1
1,2,0.05,76,"ASC2_income",0,0.0619378965301584,1
1,2,0.05,76,"ASC2_child",-1,-0.272232591559498,1
1,2,0.05,76,"ASC3_male",-0.4,-0.510600065986601,1
1,2,0.05,76,"ASC3_age",0,-0.139976083829685,1
1,2,0.05,76,"ASC3_income",-0.5,-0.179589327997879,1
1,2,0.05,76,"ASC3_child",-0.6,-0.167048026168838,1
1,2,0.05,76,"prot25_male",0,0.0711980114790195,1
1,2,0.05,76,"prot25_age",0,0.0955122319743727,1
1,2,0.05,76,"prot25_income",0,-0.058921141481057,1
1,2,0.05,76,"prot25_child",-0.5,-0.410767545649741,1
1,2,0.05,76,"prot50_male",-0.1,0.088580509622118,1
1,2,0.05,76,"prot50_age",0,0.124302453430285,1
1,2,0.05,76,"prot50_income",0,0.0228367809225209,0
1,2,0.05,76,"prot50_child",0,-0.117447831359055,1
1,2,0.05,76,"invasive_male",-0.4,-0.205669841119348,1
1,2,0.05,76,"invasive_age",0,0.0127623997154376,0
1,2,0.05,76,"invasive_income",-0.2,-0.142007873731257,1
1,2,0.05,76,"invasive_child",0.1,0.239466246915741,1
1,2,0.05,77,"ASC2_male",0.4,0.490014871758538,1
1,2,0.05,77,"ASC2_age",-0.4,-0.0586934974508552,1
1,2,0.05,77,"ASC2_income",0,0.00339364162631439,0
1,2,0.05,77,"ASC2_child",-1.1,-0.628723035777552,1
1,2,0.05,77,"ASC3_male",0,0.211079806230001,1
1,2,0.05,77,"ASC3_age",0,0.0560885855656549,1
1,2,0.05,77,"ASC3_income",0,0.152764558964997,1
1,2,0.05,77,"ASC3_child",0,0.0134466541075993,0
1,2,0.05,77,"prot25_male",0.8,0.183925991353956,1
1,2,0.05,77,"prot25_age",0.6,0.201728940902203,1
1,2,0.05,77,"prot25_income",0,-0.160147831892293,1
1,2,0.05,77,"prot25_child",0,0.0235734200948446,0
1,2,0.05,77,"prot50_male",0,-0.0882949168587178,1
1,2,0.05,77,"prot50_age",-0.5,-0.316512506017234,1
1,2,0.05,77,"prot50_income",-1.1,-0.659386659762748,1
1,2,0.05,77,"prot50_child",0,0.0639315904689728,1
1,2,0.05,77,"invasive_male",0,-0.0136542258946495,0
1,2,0.05,77,"invasive_age",1,0.599635249289193,1
1,2,0.05,77,"invasive_income",0.6,0.277883066305152,1
1,2,0.05,77,"invasive_child",-0.2,-0.30083662370422,1
1,2,0.05,78,"ASC2_male",0,0.338583665224167,1
1,2,0.05,78,"ASC2_age",0,0.0507977743762252,1
1,2,0.05,78,"ASC2_income",0,-0.0779744986968738,1
1,2,0.05,78,"ASC2_child",0,-0.228784174178551,1
1,2,0.05,78,"ASC3_male",0,0.437138737050997,1
1,2,0.05,78,"ASC3_age",0,-0.0480215997853241,0
1,2,0.05,78,"ASC3_income",-0.4,-0.238819179036523,1
1,2,0.05,78,"ASC3_child",0,0.096303948638011,1
1,2,0.05,78,"prot25_male",-1.1,-0.512537565857728,1
1,2,0.05,78,"prot25_age",0,-0.130786657164239,1
1,2,0.05,78,"prot25_income",-0.2,-0.238077935731795,1
1,2,0.05,78,"prot25_child",0,0.026790276542955,0
1,2,0.05,78,"prot50_male",0.6,0.516946287075487,1
1,2,0.05,78,"prot50_age",-0.4,-0.323367618588597,1
1,2,0.05,78,"prot50_income",-0.9,-0.438359348478303,1
1,2,0.05,78,"prot50_child",0.6,0.556185506558428,1
1,2,0.05,78,"invasive_male",-0.6,0.0133708927270142,0
1,2,0.05,78,"invasive_age",0.9,0.413487934489155,1
1,2,0.05,78,"invasive_income",1.2,0.511839382649574,1
1,2,0.05,78,"invasive_child",0,-0.123381046891053,1
1,2,0.05,79,"ASC2_male",0,0.125730657048376,1
1,2,0.05,79,"ASC2_age",0,-0.00834164166399752,0
1,2,0.05,79,"ASC2_income",0,-0.143192576685404,1
1,2,0.05,79,"ASC2_child",0,0.169063871705711,1
1,2,0.05,79,"ASC3_male",0,0.18413777407736,1
1,2,0.05,79,"ASC3_age",0,-0.184674588872565,1
1,2,0.05,79,"ASC3_income",0.2,0.0391783922827122,0
1,2,0.05,79,"ASC3_child",-0.3,-0.233643143904349,1
1,2,0.05,79,"prot25_male",0.2,-0.245973454191268,1
1,2,0.05,79,"prot25_age",0,0.091912119297661,1
1,2,0.05,79,"prot25_income",0.9,0.561679575097301,1
1,2,0.05,79,"prot25_child",0.3,0.0834822146414308,1
1,2,0.05,79,"prot50_male",1,0.329318679731246,1
1,2,0.05,79,"prot50_age",0,0.00825808423602009,0
1,2,0.05,79,"prot50_income",-0.7,-0.200234881612829,1
1,2,0.05,79,"prot50_child",0,-0.295329671337149,1
1,2,0.05,79,"invasive_male",-0.6,-0.353161389225179,1
1,2,0.05,79,"invasive_age",-1.1,-0.632914970053752,1
1,2,0.05,79,"invasive_income",0,0.0411115212830066,0
1,2,0.05,79,"invasive_child",-0.1,-0.23185483818653,1
1,2,0.05,80,"ASC2_male",0.8,0.432947004490866,1
1,2,0.05,80,"ASC2_age",0,-0.184894695330333,1
1,2,0.05,80,"ASC2_income",0.4,0.343056179557144,1
1,2,0.05,80,"ASC2_child",-1,-0.525262554037474,1
1,2,0.05,80,"ASC3_male",0,-0.0433031198074106,0
1,2,0.05,80,"ASC3_age",1,0.410450735248473,1
1,2,0.05,80,"ASC3_income",0,0.0991502205359431,1
1,2,0.05,80,"ASC3_child",-1.1,-0.450219070977335,1
1,2,0.05,80,"prot25_male",0.8,0.575148216016792,1
1,2,0.05,80,"prot25_age",0,0.121005601409654,1
1,2,0.05,80,"prot25_income",0,-0.166913943408924,1
1,2,0.05,80,"prot25_child",0.3,0.278792663040406,1
1,2,0.05,80,"prot50_male",0,-0.0773962865770639,1
1,2,0.05,80,"prot50_age",1,0.629234796240029,1
1,2,0.05,80,"prot50_income",0,-0.218599653758233,1
1,2,0.05,80,"prot50_child",0,-0.176518356211068,1
1,2,0.05,80,"invasive_male",0,0.078696682538983,1
1,2,0.05,80,"invasive_age",1,0.37289361718852,1
1,2,0.05,80,"invasive_income",0,0.0855726599339601,1
1,2,0.05,80,"invasive_child",1.1,0.55895763728446,1
1,2,0.05,81,"ASC2_male",1,1.02223402409417,1
1,2,0.05,81,"ASC2_age",0,0.0651786769484966,1
1,2,0.05,81,"ASC2_income",0,0.133158037743471,1
1,2,0.05,81,"ASC2_child",0,-0.201952273804858,1
1,2,0.05,81,"ASC3_male",0,0.384599728327285,1
1,2,0.05,81,"ASC3_age",0,0.0796255772912557,1
1,2,0.05,81,"ASC3_income",0,0.0383649607709745,0
1,2,0.05,81,"ASC3_child",-0.4,-0.184275558981375,1
1,2,0.05,81,"prot25_male",0,-0.307075051043775,1
1,2,0.05,81,"prot25_age",0,-0.0728858277172383,1
1,2,0.05,81,"prot25_income",0,-0.112344684642816,1
1,2,0.05,81,"prot25_child",-0.2,-0.440464454982268,1
1,2,0.05,81,"prot50_male",1.1,-0.0620307941261577,1
1,2,0.05,81,"prot50_age",0.8,0.371276545406168,1
1,2,0.05,81,"prot50_income",0,0.163968363216792,1
1,2,0.05,81,"prot50_child",-0.3,-0.111947396807816,1
1,2,0.05,81,"invasive_male",-0.2,-0.0222222042734847,0
1,2,0.05,81,"invasive_age",-1.2,-0.618842140958608,1
1,2,0.05,81,"invasive_income",0.4,0.386240876913966,1
1,2,0.05,81,"invasive_child",1.1,0.636605399015191,1
1,2,0.05,82,"ASC2_male",0,0.0964836807397296,1
1,2,0.05,82,"ASC2_age",0,-0.0585966979793654,1
1,2,0.05,82,"ASC2_income",-0.8,-0.348721132943493,1
1,2,0.05,82,"ASC2_child",0.4,0.454198683972439,1
1,2,0.05,82,"ASC3_male",-0.5,-0.190802591887795,1
1,2,0.05,82,"ASC3_age",0,-0.108065026028198,1
1,2,0.05,82,"ASC3_income",0,0.106476841797055,1
1,2,0.05,82,"ASC3_child",0,0.104465709277587,1
1,2,0.05,82,"prot25_male",-0.5,-0.272291841630638,1
1,2,0.05,82,"prot25_age",0,-0.0441609422148254,0
1,2,0.05,82,"prot25_income",0.8,0.0994434924710638,1
1,2,0.05,82,"prot25_child",0,0.0121423957653187,0
1,2,0.05,82,"prot50_male",-0.3,-0.224475834058459,1
1,2,0.05,82,"prot50_age",0,-0.0737466486013645,1
1,2,0.05,82,"prot50_income",0.6,0.247271485330969,1
1,2,0.05,82,"prot50_child",0.3,0.265334728981563,1
1,2,0.05,82,"invasive_male",-1.1,-0.777000113692087,1
1,2,0.05,82,"invasive_age",-1.2,-0.566890069181084,1
1,2,0.05,82,"invasive_income",0,0.0159887548876845,0
1,2,0.05,82,"invasive_child",0,0.0160770604941118,0
1,2,0.05,83,"ASC2_male",0.5,0.171394962284864,1
1,2,0.05,83,"ASC2_age",0,0.155008196831521,1
1,2,0.05,83,"ASC2_income",-0.6,-0.253797045930033,1
1,2,0.05,83,"ASC2_child",-0.5,-0.0673219002176269,1
1,2,0.05,83,"ASC3_male",0,0.00741999939967505,0
1,2,0.05,83,"ASC3_age",0,0.088040195727372,1
1,2,0.05,83,"ASC3_income",0,0.0816743139904399,1
1,2,0.05,83,"ASC3_child",0,0.222944690316641,1
1,2,0.05,83,"prot25_male",-1,-0.482284638673683,1
1,2,0.05,83,"prot25_age",0.1,-0.138312509071854,1
1,2,0.05,83,"prot25_income",0,-0.0245139553064651,0
1,2,0.05,83,"prot25_child",0,-0.185008562299213,1
1,2,0.05,83,"prot50_male",0.7,0.406413815269897,1
1,2,0.05,83,"prot50_age",0,-0.181386381263495,1
1,2,0.05,83,"prot50_income",1.1,0.602372271827103,1
1,2,0.05,83,"prot50_child",0,-0.216385261050699,1
1,2,0.05,83,"invasive_male",0.7,0.289420824959917,1
1,2,0.05,83,"invasive_age",-1,-0.476505716265652,1
1,2,0.05,83,"invasive_income",0.3,0.33218942133705,1
1,2,0.05,83,"invasive_child",0,0.0462504836687671,0
1,2,0.05,84,"ASC2_male",0,-0.0568331293495978,1
1,2,0.05,84,"ASC2_age",0,0.0562862480131755,1
1,2,0.05,84,"ASC2_income",-0.9,-0.304801632201218,1
1,2,0.05,84,"ASC2_child",1.1,0.933862053592774,1
1,2,0.05,84,"ASC3_male",0.7,0.378389078718002,1
1,2,0.05,84,"ASC3_age",0,0.0105038855780678,0
1,2,0.05,84,"ASC3_income",0,0.0347942462036693,0
1,2,0.05,84,"ASC3_child",0.3,0.47138982595167,1
1,2,0.05,84,"prot25_male",0.3,0.0840641462505324,1
1,2,0.05,84,"prot25_age",0,0.0384470956862491,0
1,2,0.05,84,"prot25_income",0,0.00315722606167534,0
1,2,0.05,84,"prot25_child",0,-0.371700763504077,1
1,2,0.05,84,"prot50_male",0,-0.164725735910067,1
1,2,0.05,84,"prot50_age",-0.2,-0.151227764932626,1
1,2,0.05,84,"prot50_income",0.5,0.305495289134051,1
1,2,0.05,84,"prot50_child",0,-0.217385422191579,1
1,2,0.05,84,"invasive_male",0,-0.20874801292145,1
1,2,0.05,84,"invasive_age",-0.7,-0.398474060895137,1
1,2,0.05,84,"invasive_income",-0.9,-0.327538055136584,1
1,2,0.05,84,"invasive_child",0.5,0.291501256182078,1
1,2,0.05,85,"ASC2_male",0.9,0.250832885548164,1
1,2,0.05,85,"ASC2_age",0,-0.0627279074128221,1
1,2,0.05,85,"ASC2_income",-0.2,-0.0877668172227055,1
1,2,0.05,85,"ASC2_child",0.5,0.208192040723338,1
1,2,0.05,85,"ASC3_male",0,-0.176854184678116,1
1,2,0.05,85,"ASC3_age",0,-0.0297134490665175,0
1,2,0.05,85,"ASC3_income",0,-0.0519577992499309,1
1,2,0.05,85,"ASC3_child",0.8,0.282553960772074,1
1,2,0.05,85,"prot25_male",0.4,0.611417699306186,1
1,2,0.05,85,"prot25_age",0,-0.00691097428103836,0
1,2,0.05,85,"prot25_income",0.5,0.187726570559435,1
1,2,0.05,85,"prot25_child",-0.2,-0.0129423048706481,0
1,2,0.05,85,"prot50_male",-0.1,0.266114891403971,1
1,2,0.05,85,"prot50_age",0,0.0211356744940361,0
1,2,0.05,85,"prot50_income",-1.1,-0.660244062166874,1
1,2,0.05,85,"prot50_child",0,-0.0533496644862321,1
1,2,0.05,85,"invasive_male",0.7,0.371154754687114,1
1,2,0.05,85,"invasive_age",0,-0.0249266969343496,0
1,2,0.05,85,"invasive_income",0,0.0484409390792358,0
1,2,0.05,85,"invasive_child",0,0.0645055502422509,1
1,2,0.05,86,"ASC2_male",0.2,0.0735544496170304,1
1,2,0.05,86,"ASC2_age",0.4,0.283615610098469,1
1,2,0.05,86,"ASC2_income",0,-0.066970760903875,1
1,2,0.05,86,"ASC2_child",-0.2,0.233150216499208,1
1,2,0.05,86,"ASC3_male",-0.2,-0.127005337407542,1
1,2,0.05,86,"ASC3_age",0,0.0098526812941693,0
1,2,0.05,86,"ASC3_income",0,-0.174013908744299,1
1,2,0.05,86,"ASC3_child",0,0.366255511615079,1
1,2,0.05,86,"prot25_male",0,-0.123041142462217,1
1,2,0.05,86,"prot25_age",0,-0.00456097787715627,0
1,2,0.05,86,"prot25_income",-0.2,-0.0920387673837282,1
1,2,0.05,86,"prot25_child",0,0.00657335346894676,0
1,2,0.05,86,"prot50_male",0.6,0.170058151256311,1
1,2,0.05,86,"prot50_age",-1,-0.560421120480855,1
1,2,0.05,86,"prot50_income",0,0.167538248992652,1
1,2,0.05,86,"prot50_child",1,0.433857731495135,1
1,2,0.05,86,"invasive_male",0.5,0.150183792742159,1
1,2,0.05,86,"invasive_age",0,0.11979881173878,1
1,2,0.05,86,"invasive_income",0,0.0776452406055679,1
1,2,0.05,86,"invasive_child",-1,-0.509372360168228,1
1,2,0.05,87,"ASC2_male",0.2,0.224318549819385,1
1,2,0.05,87,"ASC2_age",1.1,0.580741154703601,1
1,2,0.05,87,"ASC2_income",0,-0.0632030773556261,1
1,2,0.05,87,"ASC2_child",0,0.0882125024985655,1
1,2,0.05,87,"ASC3_male",0,-0.106314644332982,1
1,2,0.05,87,"ASC3_age",-0.4,-0.174908673462047,1
1,2,0.05,87,"ASC3_income",0,0.0514335180670173,1
1,2,0.05,87,"ASC3_child",0.7,0.426532324691518,1
1,2,0.05,87,"prot25_male",-1.2,-0.678548654804388,1
1,2,0.05,87,"prot25_age",-0.9,-0.463518735238628,1
1,2,0.05,87,"prot25_income",0,-0.0221243794104958,0
1,2,0.05,87,"prot25_child",-0.2,-0.170326305749263,1
1,2,0.05,87,"prot50_male",-0.5,-0.16254486063851,1
1,2,0.05,87,"prot50_age",0,-0.131415017015297,1
1,2,0.05,87,"prot50_income",0,-0.159300329751235,1
1,2,0.05,87,"prot50_child",0.4,0.241251691920072,1
1,2,0.05,87,"invasive_male",0,-0.0310532302035446,0
1,2,0.05,87,"invasive_age",0,-0.00438607570682357,0
1,2,0.05,87,"invasive_income",0,-0.125355290027256,1
1,2,0.05,87,"invasive_child",0.8,0.819934207776503,1
1,2,0.05,88,"ASC2_male",-1.1,-0.369123047018531,1
1,2,0.05,88,"ASC2_age",0,-0.1213927606781,1
1,2,0.05,88,"ASC2_income",0.3,0.0479883610713581,0
1,2,0.05,88,"ASC2_child",0,-0.343151554580086,1
1,2,0.05,88,"ASC3_male",-1.1,-0.489769563619113,1
1,2,0.05,88,"ASC3_age",0,-0.00652913283339947,0
1,2,0.05,88,"ASC3_income",0,-0.155991309310262,1
1,2,0.05,88,"ASC3_child",0.5,-0.038750530074132,0
1,2,0.05,88,"prot25_male",0.6,0.0923534436784399,1
1,2,0.05,88,"prot25_age",0,0.109159267751508,1
1,2,0.05,88,"prot25_income",0,0.0102006022847905,0
1,2,0.05,88,"prot25_child",0,0.290278128977297,1
1,2,0.05,88,"prot50_male",0,-0.343705381515946,1
1,2,0.05,88,"prot50_age",-0.3,-0.0280298658822827,0
1,2,0.05,88,"prot50_income",-0.5,-0.112951505354638,1
1,2,0.05,88,"prot50_child",0.8,0.661618671706352,1
1,2,0.05,88,"invasive_male",0,-0.0583687711514505,1
1,2,0.05,88,"invasive_age",-1.1,-0.574709398493621,1
1,2,0.05,88,"invasive_income",0.4,0.196039643984448,1
1,2,0.05,88,"invasive_child",0,0.131846885139787,1
1,2,0.05,89,"ASC2_male",0,-0.331976475809024,1
1,2,0.05,89,"ASC2_age",0,0.122467746924364,1
1,2,0.05,89,"ASC2_income",0.5,0.22601832352618,1
1,2,0.05,89,"ASC2_child",0,-0.232374596478605,1
1,2,0.05,89,"ASC3_male",0,-0.210871344527287,1
1,2,0.05,89,"ASC3_age",0.3,0.33387479644784,1
1,2,0.05,89,"ASC3_income",-0.8,-0.417622282835988,1
1,2,0.05,89,"ASC3_child",0,-0.323392092912875,1
1,2,0.05,89,"prot25_male",0.1,0.30085341925624,1
1,2,0.05,89,"prot25_age",-0.1,-0.146101152769699,1
1,2,0.05,89,"prot25_income",0,0.107195683469932,1
1,2,0.05,89,"prot25_child",-1.2,-0.600790991853943,1
1,2,0.05,89,"prot50_male",-0.5,0.112998939272728,1
1,2,0.05,89,"prot50_age",0,-0.0627762638475057,1
1,2,0.05,89,"prot50_income",0,0.0696835578769583,1
1,2,0.05,89,"prot50_child",0,0.313778944252284,1
1,2,0.05,89,"invasive_male",-0.6,-0.487640854484694,1
1,2,0.05,89,"invasive_age",0.2,0.0413890463266645,0
1,2,0.05,89,"invasive_income",1.1,0.642334362220736,1
1,2,0.05,89,"invasive_child",0,0.0232297922642956,0
1,2,0.05,90,"ASC2_male",-1,-0.107091647266463,1
1,2,0.05,90,"ASC2_age",-0.2,-0.392231302007068,1
1,2,0.05,90,"ASC2_income",-0.9,-0.378666687537605,1
1,2,0.05,90,"ASC2_child",0.8,-0.183194296943046,1
1,2,0.05,90,"ASC3_male",0,0.29106123008198,1
1,2,0.05,90,"ASC3_age",0,-0.24263271302368,1
1,2,0.05,90,"ASC3_income",0,0.0983454344002504,1
1,2,0.05,90,"ASC3_child",0.6,-0.253525719345899,1
1,2,0.05,90,"prot25_male",0,-0.240830860714017,1
1,2,0.05,90,"prot25_age",0,0.223294277300192,1
1,2,0.05,90,"prot25_income",0.8,0.462635366313539,1
1,2,0.05,90,"prot25_child",0,0.437197911534494,1
1,2,0.05,90,"prot50_male",0,-0.0923664284246421,1
1,2,0.05,90,"prot50_age",1,0.659924354139174,1
1,2,0.05,90,"prot50_income",0.6,0.267242020229406,1
1,2,0.05,90,"prot50_child",0,0.25433240030327,1
1,2,0.05,90,"invasive_male",0,-0.0269806216915488,0
1,2,0.05,90,"invasive_age",0,0.0270877590717408,0
1,2,0.05,90,"invasive_income",-0.6,-0.267023371239375,1
1,2,0.05,90,"invasive_child",-1.2,-0.715853255782119,1
1,2,0.05,91,"ASC2_male",1.2,0.724914959169735,1
1,2,0.05,91,"ASC2_age",0.2,0.0538731678635001,1
1,2,0.05,91,"ASC2_income",0,0.0675855300818306,1
1,2,0.05,91,"ASC2_child",0,-0.288363627147039,1
1,2,0.05,91,"ASC3_male",0,0.121728348214966,1
1,2,0.05,91,"ASC3_age",0,-0.0922173697886432,1
1,2,0.05,91,"ASC3_income",0.6,0.41434421595077,1
1,2,0.05,91,"ASC3_child",1.1,0.483490524298601,1
1,2,0.05,91,"prot25_male",0,0.254654983418264,1
1,2,0.05,91,"prot25_age",0.3,0.265459513129003,1
1,2,0.05,91,"prot25_income",0.2,0.0945227027646879,1
1,2,0.05,91,"prot25_child",0,0.182742645541107,1
1,2,0.05,91,"prot50_male",-0.7,-0.295952228026873,1
1,2,0.05,91,"prot50_age",0,0.190527127493423,1
1,2,0.05,91,"prot50_income",-1,-0.643617799816758,1
1,2,0.05,91,"prot50_child",0,0.432568788580204,1
1,2,0.05,91,"invasive_male",-0.6,-0.261642887852869,1
1,2,0.05,91,"invasive_age",0,0.0230365396918012,0
1,2,0.05,91,"invasive_income",0.4,0.289089393225079,1
1,2,0.05,91,"invasive_child",0,0.133924122769869,1
1,2,0.05,92,"ASC2_male",-0.4,-0.229010409255438,1
1,2,0.05,92,"ASC2_age",0,0.101534198467026,1
1,2,0.05,92,"ASC2_income",1,0.328214674248597,1
1,2,0.05,92,"ASC2_child",0,0.130778355218465,1
1,2,0.05,92,"ASC3_male",-1.1,-0.522249358066284,1
1,2,0.05,92,"ASC3_age",0.6,0.387729097623016,1
1,2,0.05,92,"ASC3_income",0.8,0.157280061746784,1
1,2,0.05,92,"ASC3_child",0,0.171123387081398,1
1,2,0.05,92,"prot25_male",0,-0.0925657229657023,1
1,2,0.05,92,"prot25_age",0,-0.0191641707929041,0
1,2,0.05,92,"prot25_income",0.7,0.422644086736681,1
1,2,0.05,92,"prot25_child",-0.8,-0.475234397958849,1
1,2,0.05,92,"prot50_male",1,0.46789885324724,1
1,2,0.05,92,"prot50_age",0,-0.00861663492058541,0
1,2,0.05,92,"prot50_income",-1.2,-0.583650158403724,1
1,2,0.05,92,"prot50_child",0,-0.137218094077457,1
1,2,0.05,92,"invasive_male",0,0.0773845007838662,1
1,2,0.05,92,"invasive_age",0,0.102421666226641,1
1,2,0.05,92,"invasive_income",-0.9,-0.494321842314523,1
1,2,0.05,92,"invasive_child",0,0.0757744407413002,1
1,2,0.05,93,"ASC2_male",0,0.068241348728621,1
1,2,0.05,93,"ASC2_age",1,0.657575275267358,1
1,2,0.05,93,"ASC2_income",0,0.157941586775298,1
1,2,0.05,93,"ASC2_child",-0.3,-0.403748157890474,1
1,2,0.05,93,"ASC3_male",-1,-0.685397384729214,1
1,2,0.05,93,"ASC3_age",0,0.257523075944357,1
1,2,0.05,93,"ASC3_income",0,0.21906665912229,1
1,2,0.05,93,"ASC3_child",0.1,-0.331300394510622,1
1,2,0.05,93,"prot25_male",0.7,0.258292815254431,1
1,2,0.05,93,"prot25_age",0,-0.187439795005841,1
1,2,0.05,93,"prot25_income",-0.7,-0.596361885674638,1
1,2,0.05,93,"prot25_child",0,0.445746901847643,1
1,2,0.05,93,"prot50_male",0,-0.0967137134833604,1
1,2,0.05,93,"prot50_age",0,-0.0865316566289799,1
1,2,0.05,93,"prot50_income",0,-0.078053667902231,1
1,2,0.05,93,"prot50_child",0.9,0.953041787298094,1
1,2,0.05,93,"invasive_male",-0.7,-0.651317971200095,1
1,2,0.05,93,"invasive_age",-0.7,-0.25301626786565,1
1,2,0.05,93,"invasive_income",0,0.213716171381095,1
1,2,0.05,93,"invasive_child",-0.2,-0.216117329924791,1
1,2,0.05,94,"ASC2_male",0.3,0.344697668620828,1
1,2,0.05,94,"ASC2_age",-0.4,-0.0413050047393965,0
1,2,0.05,94,"ASC2_income",-0.4,-0.199273775059301,1
1,2,0.05,94,"ASC2_child",-0.6,0.0385368244960337,0
1,2,0.05,94,"ASC3_male",-0.3,-0.124866723784586,1
1,2,0.05,94,"ASC3_age",0,0.0531970834714276,1
1,2,0.05,94,"ASC3_income",0,0.0410822438632321,0
1,2,0.05,94,"ASC3_child",0.9,0.516183092245877,1
1,2,0.05,94,"prot25_male",0.3,0.114217162111929,1
1,2,0.05,94,"prot25_age",0,0.0938956250150802,1
1,2,0.05,94,"prot25_income",0.2,0.136314480099983,1
1,2,0.05,94,"prot25_child",0,0.19908047134461,1
1,2,0.05,94,"prot50_male",0,0.0447326690484702,0
1,2,0.05,94,"prot50_age",0.5,0.310546884135372,1
1,2,0.05,94,"prot50_income",0,0.00560521544364942,0
1,2,0.05,94,"prot50_child",-0.1,-0.130489021973076,1
1,2,0.05,94,"invasive_male",0,0.18231963002015,1
1,2,0.05,94,"invasive_age",0,0.0918691633265615,1
1,2,0.05,94,"invasive_income",0,0.10316007462686,1
1,2,0.05,94,"invasive_child",0,-0.105008116648067,1
1,2,0.05,95,"ASC2_male",-0.9,-0.799764400636674,1
1,2,0.05,95,"ASC2_age",0,0.0324837152381816,0
1,2,0.05,95,"ASC2_income",0,-0.0484234193940815,0
1,2,0.05,95,"ASC2_child",0,0.353319973511871,1
1,2,0.05,95,"ASC3_male",0,-0.308534294744249,1
1,2,0.05,95,"ASC3_age",1.1,0.594237522612707,1
1,2,0.05,95,"ASC3_income",0.8,0.418729648213715,1
1,2,0.05,95,"ASC3_child",-1,-0.23934541468826,1
1,2,0.05,95,"prot25_male",-1,-0.139632340918505,1
1,2,0.05,95,"prot25_age",0.8,0.441725009439779,1
1,2,0.05,95,"prot25_income",0.7,0.306151287187642,1
1,2,0.05,95,"prot25_child",0.6,0.177924908651248,1
1,2,0.05,95,"prot50_male",0,0.244119445480036,1
1,2,0.05,95,"prot50_age",0,0.0246902035667294,0
1,2,0.05,95,"prot50_income",1,0.370086756381257,1
1,2,0.05,95,"prot50_child",0,-0.149909275597133,1
1,2,0.05,95,"invasive_male",0,-0.175199120801207,1
1,2,0.05,95,"invasive_age",0,-0.028061184346142,0
1,2,0.05,95,"invasive_income",0,-0.0652848987593041,1
1,2,0.05,95,"invasive_child",0.4,0.31857584308672,1
1,2,0.05,96,"ASC2_male",0.6,0.6477814253729,1
1,2,0.05,96,"ASC2_age",0,0.0508470612769905,1
1,2,0.05,96,"ASC2_income",0,-0.169355840409777,1
1,2,0.05,96,"ASC2_child",0,0.682446058671276,1
1,2,0.05,96,"ASC3_male",-0.1,0.316381061584814,1
1,2,0.05,96,"ASC3_age",1.2,0.598534784659528,1
1,2,0.05,96,"ASC3_income",0,-0.203372272975532,1
1,2,0.05,96,"ASC3_child",0,0.649671498880082,1
1,2,0.05,96,"prot25_male",-0.6,-0.565105284144237,1
1,2,0.05,96,"prot25_age",0.3,0.139777673125011,1
1,2,0.05,96,"prot25_income",-0.8,-0.250594472974509,1
1,2,0.05,96,"prot25_child",0.7,0.0217675146052103,0
1,2,0.05,96,"prot50_male",-1,-0.480776831797946,1
1,2,0.05,96,"prot50_age",0,-0.0303502410753524,0
1,2,0.05,96,"prot50_income",0,0.092973088738856,1
1,2,0.05,96,"prot50_child",0,-0.323845560276698,1
1,2,0.05,96,"invasive_male",-0.2,0.203434811411392,1
1,2,0.05,96,"invasive_age",-0.4,-0.213990264725017,1
1,2,0.05,96,"invasive_income",0,-0.0883925805753285,1
1,2,0.05,96,"invasive_child",0,0.330167078121061,1
1,2,0.05,97,"ASC2_male",-1,-0.401897728854628,1
1,2,0.05,97,"ASC2_age",0.2,0.0305436619106289,0
1,2,0.05,97,"ASC2_income",0,0.00433297373256144,0
1,2,0.05,97,"ASC2_child",-0.3,-0.316784527040909,1
1,2,0.05,97,"ASC3_male",0.5,0.0248070319417759,0
1,2,0.05,97,"ASC3_age",0.5,0.220854155851597,1
1,2,0.05,97,"ASC3_income",0,0.112826511574998,1
1,2,0.05,97,"ASC3_child",-0.2,-0.240418559495465,1
1,2,0.05,97,"prot25_male",0,-0.0627705536260323,1
1,2,0.05,97,"prot25_age",0,0.133812438000251,1
1,2,0.05,97,"prot25_income",-0.1,-0.106841945620483,1
1,2,0.05,97,"prot25_child",0,0.293379358110879,1
1,2,0.05,97,"prot50_male",0.6,0.46070538091943,1
1,2,0.05,97,"prot50_age",0,0.0669807331534077,1
1,2,0.05,97,"prot50_income",-0.5,-0.375520959478918,1
1,2,0.05,97,"prot50_child",0,0.285797789379726,1
1,2,0.05,97,"invasive_male",0,0.176081068127716,1
1,2,0.05,97,"invasive_age",0,-0.0240139782876365,0
1,2,0.05,97,"invasive_income",-0.7,-0.481840534214522,1
1,2,0.05,97,"invasive_child",0,-0.00102709031527126,0
1,2,0.05,98,"ASC2_male",0,-0.136694701707071,1
1,2,0.05,98,"ASC2_age",0,0.0881936512348105,1
1,2,0.05,98,"ASC2_income",-0.5,-0.251902770897167,1
1,2,0.05,98,"ASC2_child",-1.1,-0.70744030337992,1
1,2,0.05,98,"ASC3_male",-0.3,-0.137152984738996,1
1,2,0.05,98,"ASC3_age",1,0.525622451418262,1
1,2,0.05,98,"ASC3_income",0,0.0111380793487097,0
1,2,0.05,98,"ASC3_child",-0.6,-0.257697376165467,1
1,2,0.05,98,"prot25_male",-0.4,-0.19329425711683,1
1,2,0.05,98,"prot25_age",0,0.0125690958147319,0
1,2,0.05,98,"prot25_income",1.2,0.44808404158899,1
1,2,0.05,98,"prot25_child",-0.8,-0.339126019232563,1
1,2,0.05,98,"prot50_male",-1.1,-0.481470473718148,1
1,2,0.05,98,"prot50_age",0,-0.00274353025225477,0
1,2,0.05,98,"prot50_income",0,-0.0632746959317227,1
1,2,0.05,98,"prot50_child",0,-0.136540968289226,1
1,2,0.05,98,"invasive_male",0,-0.157764773486107,1
1,2,0.05,98,"invasive_age",0,0.157174118829734,1
1,2,0.05,98,"invasive_income",0,-0.051168522708117,1
1,2,0.05,98,"invasive_child",1,0.540972626224267,1
1,2,0.05,99,"ASC2_male",1.1,0.338500373805243,1
1,2,0.05,99,"ASC2_age",0.3,0.113040121687671,1
1,2,0.05,99,"ASC2_income",-0.8,-0.146415942925423,1
1,2,0.05,99,"ASC2_child",0.2,-0.211094609409318,1
1,2,0.05,99,"ASC3_male",1.1,0.453327538617066,1
1,2,0.05,99,"ASC3_age",0,0.0411797363423014,0
1,2,0.05,99,"ASC3_income",0,0.136995203656998,1
1,2,0.05,99,"ASC3_child",0,-0.248148171416339,1
1,2,0.05,99,"prot25_male",-0.6,-0.295173350952315,1
1,2,0.05,99,"prot25_age",0,-0.0450027724870833,0
1,2,0.05,99,"prot25_income",0,-0.121810567388256,1
1,2,0.05,99,"prot25_child",0,-0.0734843869982724,1
1,2,0.05,99,"prot50_male",-0.2,-0.158162581621777,1
1,2,0.05,99,"prot50_age",0.9,0.337654102323259,1
1,2,0.05,99,"prot50_income",-0.1,-0.117914109750128,1
1,2,0.05,99,"prot50_child",0,-0.0606978536885001,1
1,2,0.05,99,"invasive_male",0.9,0.328897233397785,1
1,2,0.05,99,"invasive_age",0,0.0284860008844526,0
1,2,0.05,99,"invasive_income",0,0.000807296214080559,0
1,2,0.05,99,"invasive_child",0,-0.289292114936847,1
1,2,0.05,100,"ASC2_male",0.1,0.30756460289379,1
1,2,0.05,100,"ASC2_age",0,0.0260774584687261,0
1,2,0.05,100,"ASC2_income",0,0.0353509023344171,0
1,2,0.05,100,"ASC2_child",-0.7,-0.0633461787095704,1
1,2,0.05,100,"ASC3_male",0,0.396086143593939,1
1,2,0.05,100,"ASC3_age",0,-0.0192582148846447,0
1,2,0.05,100,"ASC3_income",-0.7,-0.333693675287867,1
1,2,0.05,100,"ASC3_child",-1.1,-0.324859573077987,1
1,2,0.05,100,"prot25_male",0,-0.360363149574511,1
1,2,0.05,100,"prot25_age",-0.7,-0.255662077425626,1
1,2,0.05,100,"prot25_income",0,0.00046055561206995,0
1,2,0.05,100,"prot25_child",-0.6,-0.215879733778766,1
1,2,0.05,100,"prot50_male",0,-0.361136710324558,1
1,2,0.05,100,"prot50_age",0,-0.0653590541207485,1
1,2,0.05,100,"prot50_income",0.5,0.149917758530702,1
1,2,0.05,100,"prot50_child",1,0.450448448778002,1
1,2,0.05,100,"invasive_male",0,0.170570078671326,1
1,2,0.05,100,"invasive_age",0,-0.103624756661573,1
1,2,0.05,100,"invasive_income",0.8,0.279919789886168,1
1,2,0.05,100,"invasive_child",0.4,0.211908278671866,1
1,2,0.1,1,"ASC2_male",0.9,0.0909804394108366,0
1,2,0.1,1,"ASC2_age",0.3,0.158212903692652,1
1,2,0.1,1,"ASC2_income",0,0.0335570842683434,0
1,2,0.1,1,"ASC2_child",0,0.0426951488224445,0
1,2,0.1,1,"ASC3_male",-1.1,-0.807516079091991,1
1,2,0.1,1,"ASC3_age",0,0.133964674013527,1
1,2,0.1,1,"ASC3_income",0.8,0.469438741833061,1
1,2,0.1,1,"ASC3_child",0,0.282371386254351,1
1,2,0.1,1,"prot25_male",1.2,0.724124997168897,1
1,2,0.1,1,"prot25_age",0.7,0.400794518429195,1
1,2,0.1,1,"prot25_income",0,-0.0594765618286451,0
1,2,0.1,1,"prot25_child",1.1,0.741618055731677,1
1,2,0.1,1,"prot50_male",0,0.207173681451751,1
1,2,0.1,1,"prot50_age",0,0.0539064655454739,0
1,2,0.1,1,"prot50_income",-1.2,-0.72644760448704,1
1,2,0.1,1,"prot50_child",1.1,0.692131705492237,1
1,2,0.1,1,"invasive_male",0,-0.212040124140491,1
1,2,0.1,1,"invasive_age",-0.6,-0.24793549131188,1
1,2,0.1,1,"invasive_income",0,-0.0995019481194603,0
1,2,0.1,1,"invasive_child",0,0.152148398564228,1
1,2,0.1,2,"ASC2_male",0,-0.100504538309036,1
1,2,0.1,2,"ASC2_age",0.1,-0.057562609702682,0
1,2,0.1,2,"ASC2_income",0.7,0.36385614948057,1
1,2,0.1,2,"ASC2_child",-0.4,-0.246789874861348,1
1,2,0.1,2,"ASC3_male",0,0.0133053186069936,0
1,2,0.1,2,"ASC3_age",0.4,-0.0560613441069618,0
1,2,0.1,2,"ASC3_income",-0.8,-0.344327960770606,1
1,2,0.1,2,"ASC3_child",0,-0.0740022782669421,0
1,2,0.1,2,"prot25_male",0.5,0.402697126653742,1
1,2,0.1,2,"prot25_age",0.8,0.539666454638889,1
1,2,0.1,2,"prot25_income",0,0.0591747770573456,0
1,2,0.1,2,"prot25_child",0,-0.0103375351638628,0
1,2,0.1,2,"prot50_male",0,-0.0498850970374787,0
1,2,0.1,2,"prot50_age",0,0.192488292479636,1
1,2,0.1,2,"prot50_income",0,0.00985871043439504,0
1,2,0.1,2,"prot50_child",0,0.135433834839607,1
1,2,0.1,2,"invasive_male",1,0.391517398522375,1
1,2,0.1,2,"invasive_age",-0.1,-0.204654334630341,1
1,2,0.1,2,"invasive_income",0,0.0454402179740039,0
1,2,0.1,2,"invasive_child",-0.6,-0.431242313406435,1
1,2,0.1,3,"ASC2_male",-0.9,-0.258224583355464,1
1,2,0.1,3,"ASC2_age",-0.4,-0.248589827977666,1
1,2,0.1,3,"ASC2_income",0,-0.0799138576416438,0
1,2,0.1,3,"ASC2_child",0,-0.121008331594008,1
1,2,0.1,3,"ASC3_male",-0.7,-0.30187322794215,1
1,2,0.1,3,"ASC3_age",0,-0.0213812487472167,0
1,2,0.1,3,"ASC3_income",0,-0.0757374729023707,0
1,2,0.1,3,"ASC3_child",1,0.614931595236886,1
1,2,0.1,3,"prot25_male",0,0.052049161202685,0
1,2,0.1,3,"prot25_age",0,0.026766384796417,0
1,2,0.1,3,"prot25_income",0,0.0977311974519054,0
1,2,0.1,3,"prot25_child",0,-0.0466810490750143,0
1,2,0.1,3,"prot50_male",0.7,0.366498505069682,1
1,2,0.1,3,"prot50_age",-0.2,0.0174348868726657,0
1,2,0.1,3,"prot50_income",-1,-0.537314413091293,1
1,2,0.1,3,"prot50_child",-0.8,-0.139818347918649,1
1,2,0.1,3,"invasive_male",0,0.0820854530944037,0
1,2,0.1,3,"invasive_age",0,0.0379449355852762,0
1,2,0.1,3,"invasive_income",-1.2,-0.643320782972605,1
1,2,0.1,3,"invasive_child",1,0.494363085831288,1
1,2,0.1,4,"ASC2_male",0,0.397520134931442,1
1,2,0.1,4,"ASC2_age",-0.1,0.142880350323237,1
1,2,0.1,4,"ASC2_income",0,0.121397772295266,1
1,2,0.1,4,"ASC2_child",-0.6,-0.445881134360337,1
1,2,0.1,4,"ASC3_male",0,0.162661678589905,1
1,2,0.1,4,"ASC3_age",1,0.675927306402897,1
1,2,0.1,4,"ASC3_income",0,0.154941762575563,1
1,2,0.1,4,"ASC3_child",0,0.189861973570386,1
1,2,0.1,4,"prot25_male",0,0.0151339886986273,0
1,2,0.1,4,"prot25_age",-0.5,-0.368903644021599,1
1,2,0.1,4,"prot25_income",0,-0.169822915509122,1
1,2,0.1,4,"prot25_child",0,0.00386172066028349,0
1,2,0.1,4,"prot50_male",0.1,0.058589049590863,0
1,2,0.1,4,"prot50_age",1,0.608548146727631,1
1,2,0.1,4,"prot50_income",0,-0.0907893888798641,0
1,2,0.1,4,"prot50_child",-1,-0.442833275700988,1
1,2,0.1,4,"invasive_male",-1,-0.474976429147199,1
1,2,0.1,4,"invasive_age",-0.9,-0.356996106365189,1
1,2,0.1,4,"invasive_income",-0.3,-0.243208845336062,1
1,2,0.1,4,"invasive_child",0,-0.083971252201227,0
1,2,0.1,5,"ASC2_male",0,0.140031708520015,1
1,2,0.1,5,"ASC2_age",0.7,0.504279288543365,1
1,2,0.1,5,"ASC2_income",-0.4,-0.462538713081127,1
1,2,0.1,5,"ASC2_child",-0.3,0.00092697330936584,0
1,2,0.1,5,"ASC3_male",0,0.0423384724109724,0
1,2,0.1,5,"ASC3_age",0,0.101392501031189,1
1,2,0.1,5,"ASC3_income",0.9,0.305363049621615,1
1,2,0.1,5,"ASC3_child",-0.6,-0.207197526374141,1
1,2,0.1,5,"prot25_male",0.9,0.619947592810791,1
1,2,0.1,5,"prot25_age",0,-0.0517563711513811,0
1,2,0.1,5,"prot25_income",-0.3,0.0192338716901449,0
1,2,0.1,5,"prot25_child",0,0.0879509427654444,0
1,2,0.1,5,"prot50_male",0.4,0.258301506800146,1
1,2,0.1,5,"prot50_age",0,-0.023323825032358,0
1,2,0.1,5,"prot50_income",0.5,0.520079918936942,1
1,2,0.1,5,"prot50_child",0,-0.0142032172280626,0
1,2,0.1,5,"invasive_male",0.7,0.495026211003723,1
1,2,0.1,5,"invasive_age",0,0.0629291069452126,0
1,2,0.1,5,"invasive_income",0,0.0147927601509144,0
1,2,0.1,5,"invasive_child",0,-0.105395425743318,1
1,2,0.1,6,"ASC2_male",0.4,0.365052269365296,1
1,2,0.1,6,"ASC2_age",0.7,0.300831137002529,1
1,2,0.1,6,"ASC2_income",0,-0.195994214638343,1
1,2,0.1,6,"ASC2_child",0,-0.148060948726043,1
1,2,0.1,6,"ASC3_male",0,0.111597416274981,1
1,2,0.1,6,"ASC3_age",0,-0.182119563286007,1
1,2,0.1,6,"ASC3_income",0,-0.215240262410342,1
1,2,0.1,6,"ASC3_child",1.2,0.627712097353611,1
1,2,0.1,6,"prot25_male",-0.4,-0.500830468765413,1
1,2,0.1,6,"prot25_age",-0.3,0.119538309712902,1
1,2,0.1,6,"prot25_income",0,0.0968154725126613,0
1,2,0.1,6,"prot25_child",0,0.267987647259079,1
1,2,0.1,6,"prot50_male",0,-0.17285638541239,1
1,2,0.1,6,"prot50_age",-1.1,-0.476673224889046,1
1,2,0.1,6,"prot50_income",-0.2,0.0393721162669885,0
1,2,0.1,6,"prot50_child",-0.2,-0.137941997328832,1
1,2,0.1,6,"invasive_male",0,0.109923555507215,1
1,2,0.1,6,"invasive_age",1,0.499693063377479,1
1,2,0.1,6,"invasive_income",0,8.5388612210364e-05,0
1,2,0.1,6,"invasive_child",0.9,0.361603623161281,1
1,2,0.1,7,"ASC2_male",0.8,0.387132671323094,1
1,2,0.1,7,"ASC2_age",0,0.0279721305643139,0
1,2,0.1,7,"ASC2_income",0,0.0678074626187135,0
1,2,0.1,7,"ASC2_child",1.2,0.923895246426352,1
1,2,0.1,7,"ASC3_male",-0.7,-0.376234562199677,1
1,2,0.1,7,"ASC3_age",0,0.0433231681439566,0
1,2,0.1,7,"ASC3_income",0,0.00110481292324127,0
1,2,0.1,7,"ASC3_child",-1,-0.305011904615244,1
1,2,0.1,7,"prot25_male",1.2,0.673568958018896,1
1,2,0.1,7,"prot25_age",0.8,0.324414221856691,1
1,2,0.1,7,"prot25_income",0,-0.0826060808681908,0
1,2,0.1,7,"prot25_child",0.7,0.173917330993497,1
1,2,0.1,7,"prot50_male",0,0.0660567891108262,0
1,2,0.1,7,"prot50_age",-0.4,-0.204217752171024,1
1,2,0.1,7,"prot50_income",0,-0.00498665485652418,0
1,2,0.1,7,"prot50_child",0.6,0.180734244962209,1
1,2,0.1,7,"invasive_male",0,0.110268619828847,1
1,2,0.1,7,"invasive_age",0,-0.0886257546610477,0
1,2,0.1,7,"invasive_income",1.1,0.653633015972203,1
1,2,0.1,7,"invasive_child",0,0.176270509457589,1
1,2,0.1,8,"ASC2_male",0,0.252927543163902,1
1,2,0.1,8,"ASC2_age",-1.2,-0.404921907153612,1
1,2,0.1,8,"ASC2_income",0,0.0979037492264141,0
1,2,0.1,8,"ASC2_child",0,0.0977102052935987,0
1,2,0.1,8,"ASC3_male",-0.3,0.211878370631203,1
1,2,0.1,8,"ASC3_age",0.9,0.568207523351105,1
1,2,0.1,8,"ASC3_income",0,0.145904301572299,1
1,2,0.1,8,"ASC3_child",1.2,0.585992556526106,1
1,2,0.1,8,"prot25_male",0,-0.269364238032169,1
1,2,0.1,8,"prot25_age",-0.2,-0.247718732795224,1
1,2,0.1,8,"prot25_income",0,-0.0536689305423399,0
1,2,0.1,8,"prot25_child",1.1,0.490418487190274,1
1,2,0.1,8,"prot50_male",1.1,0.40096185481047,1
1,2,0.1,8,"prot50_age",0,-0.182567657540937,1
1,2,0.1,8,"prot50_income",-0.2,-0.14965627008216,1
1,2,0.1,8,"prot50_child",0,0.127910017169787,1
1,2,0.1,8,"invasive_male",0,0.483721975666406,1
1,2,0.1,8,"invasive_age",0.7,0.393767985302732,1
1,2,0.1,8,"invasive_income",0.3,0.333245497609418,1
1,2,0.1,8,"invasive_child",0,-0.00287521352220729,0
1,2,0.1,9,"ASC2_male",1,0.273390666845454,1
1,2,0.1,9,"ASC2_age",0,0.104779155584528,1
1,2,0.1,9,"ASC2_income",0,-0.0576806428649202,0
1,2,0.1,9,"ASC2_child",-1.2,-0.452844459921649,1
1,2,0.1,9,"ASC3_male",0.9,0.118928299334293,1
1,2,0.1,9,"ASC3_age",-0.6,-0.0936830440554264,0
1,2,0.1,9,"ASC3_income",0,0.0301571366370651,0
1,2,0.1,9,"ASC3_child",-0.9,-0.0416386236264653,0
1,2,0.1,9,"prot25_male",-0.3,-0.0395408941155462,0
1,2,0.1,9,"prot25_age",0,0.0966238673544626,0
1,2,0.1,9,"prot25_income",0,-0.0574122443393146,0
1,2,0.1,9,"prot25_child",0,0.0872805537808043,0
1,2,0.1,9,"prot50_male",-0.2,-0.112459962967577,1
1,2,0.1,9,"prot50_age",0.6,0.295408495810659,1
1,2,0.1,9,"prot50_income",-0.7,-0.355791733844283,1
1,2,0.1,9,"prot50_child",0,0.107194065840185,1
1,2,0.1,9,"invasive_male",0,0.139830883733461,1
1,2,0.1,9,"invasive_age",0,-0.0183464425457612,0
1,2,0.1,9,"invasive_income",-0.7,-0.340125339924049,1
1,2,0.1,9,"invasive_child",0,0.278346488045555,1
1,2,0.1,10,"ASC2_male",0.9,0.466672438972004,1
1,2,0.1,10,"ASC2_age",0,-0.0160231378257206,0
1,2,0.1,10,"ASC2_income",1.2,0.467457502348659,1
1,2,0.1,10,"ASC2_child",-0.8,-0.336257275478076,1
1,2,0.1,10,"ASC3_male",0.4,0.274173901419553,1
1,2,0.1,10,"ASC3_age",-0.4,-0.248301950061459,1
1,2,0.1,10,"ASC3_income",0,-0.0824580006246226,0
1,2,0.1,10,"ASC3_child",0,-0.038231491159261,0
1,2,0.1,10,"prot25_male",1,0.626836940688149,1
1,2,0.1,10,"prot25_age",0,0.119101044632957,1
1,2,0.1,10,"prot25_income",0,0.11977145674011,1
1,2,0.1,10,"prot25_child",0,0.307054459144612,1
1,2,0.1,10,"prot50_male",0.4,0.356674845030091,1
1,2,0.1,10,"prot50_age",0,0.0464808397897028,0
1,2,0.1,10,"prot50_income",0,-0.0860700771730569,0
1,2,0.1,10,"prot50_child",0.7,0.850141539099006,1
1,2,0.1,10,"invasive_male",0,0.525691381057868,1
1,2,0.1,10,"invasive_age",0.6,0.202899704387163,1
1,2,0.1,10,"invasive_income",0,-0.162821122895518,1
1,2,0.1,10,"invasive_child",-0.7,-0.143614496507792,1
1,2,0.1,11,"ASC2_male",1.1,0.180672233418478,1
1,2,0.1,11,"ASC2_age",-0.5,-0.0759762650958252,0
1,2,0.1,11,"ASC2_income",0,0.156984421560692,1
1,2,0.1,11,"ASC2_child",-0.5,-0.305071693092496,1
1,2,0.1,11,"ASC3_male",0,-0.210966202639896,1
1,2,0.1,11,"ASC3_age",0,0.135412020451455,1
1,2,0.1,11,"ASC3_income",-0.7,-0.192653444354783,1
1,2,0.1,11,"ASC3_child",0,-0.00411595455015882,0
1,2,0.1,11,"prot25_male",0,0.215862612596302,1
1,2,0.1,11,"prot25_age",0.7,0.306351787292808,1
1,2,0.1,11,"prot25_income",0,-0.131349651394385,1
1,2,0.1,11,"prot25_child",0,0.186281591982512,1
1,2,0.1,11,"prot50_male",-1,0.0545383122722254,0
1,2,0.1,11,"prot50_age",0.7,0.31284863612353,1
1,2,0.1,11,"prot50_income",0.1,0.037983856588935,0
1,2,0.1,11,"prot50_child",1.2,0.704432239067645,1
1,2,0.1,11,"invasive_male",0,0.331892550146543,1
1,2,0.1,11,"invasive_age",0,0.00367501735464786,0
1,2,0.1,11,"invasive_income",-0.2,-0.0727760942137363,0
1,2,0.1,11,"invasive_child",0,-0.110357074996319,1
1,2,0.1,12,"ASC2_male",0,0.226576398212247,1
1,2,0.1,12,"ASC2_age",0.8,0.503682042516923,1
1,2,0.1,12,"ASC2_income",0,0.247908806392948,1
1,2,0.1,12,"ASC2_child",0,-0.368968304743898,1
1,2,0.1,12,"ASC3_male",0.6,0.605215121065564,1
1,2,0.1,12,"ASC3_age",0.2,0.175901706208202,1
1,2,0.1,12,"ASC3_income",0,0.146520036961444,1
1,2,0.1,12,"ASC3_child",0,-0.282687437114081,1
1,2,0.1,12,"prot25_male",0,-0.318776692469955,1
1,2,0.1,12,"prot25_age",-0.9,-0.538555702613963,1
1,2,0.1,12,"prot25_income",0,-0.0968075337719295,0
1,2,0.1,12,"prot25_child",0.2,0.420623162337565,1
1,2,0.1,12,"prot50_male",-0.7,-0.423226360355277,1
1,2,0.1,12,"prot50_age",-0.6,-0.393103988064179,1
1,2,0.1,12,"prot50_income",0,-0.134437172543566,1
1,2,0.1,12,"prot50_child",0,0.115850685506647,1
1,2,0.1,12,"invasive_male",-0.7,0.0158256544798569,0
1,2,0.1,12,"invasive_age",-1.2,-0.579976867543851,1
1,2,0.1,12,"invasive_income",-1.1,-0.599088144807602,1
1,2,0.1,12,"invasive_child",0,-0.124081653922555,1
1,2,0.1,13,"ASC2_male",-0.7,-0.126802054753378,1
1,2,0.1,13,"ASC2_age",-0.3,-0.174468752568009,1
1,2,0.1,13,"ASC2_income",0,0.064949700535964,0
1,2,0.1,13,"ASC2_child",0,0.0742444286672606,0
1,2,0.1,13,"ASC3_male",0,0.139153129424032,1
1,2,0.1,13,"ASC3_age",0,0.0821982096871595,0
1,2,0.1,13,"ASC3_income",0,0.0598102437766267,0
1,2,0.1,13,"ASC3_child",-1.1,-0.347681720999487,1
1,2,0.1,13,"prot25_male",-0.5,-0.136883948402048,1
1,2,0.1,13,"prot25_age",0,-0.062960753619415,0
1,2,0.1,13,"prot25_income",0.3,0.0415242264076478,0
1,2,0.1,13,"prot25_child",-0.3,-0.679239301213932,1
1,2,0.1,13,"prot50_male",0.9,0.319962225837908,1
1,2,0.1,13,"prot50_age",1,0.432352267071679,1
1,2,0.1,13,"prot50_income",-0.5,-0.314257769660959,1
1,2,0.1,13,"prot50_child",0,-0.147803937645264,1
1,2,0.1,13,"invasive_male",0,0.189995759705273,1
1,2,0.1,13,"invasive_age",0,0.0792540024039172,0
1,2,0.1,13,"invasive_income",1,0.482581646620607,1
1,2,0.1,13,"invasive_child",0,0.128713613975366,1
1,2,0.1,14,"ASC2_male",0.7,0.152320807806919,1
1,2,0.1,14,"ASC2_age",0,0.00299787794308377,0
1,2,0.1,14,"ASC2_income",0,-0.0941319414989043,0
1,2,0.1,14,"ASC2_child",-1.2,-0.651223208639867,1
1,2,0.1,14,"ASC3_male",-1.1,-0.64126288433375,1
1,2,0.1,14,"ASC3_age",0,-0.0722907671718702,0
1,2,0.1,14,"ASC3_income",0,-0.0714814154515836,0
1,2,0.1,14,"ASC3_child",0,-0.104739425866277,1
1,2,0.1,14,"prot25_male",0,0.288566246342919,1
1,2,0.1,14,"prot25_age",-0.2,-0.152792066649558,1
1,2,0.1,14,"prot25_income",-1,-0.679740567965879,1
1,2,0.1,14,"prot25_child",-0.2,0.107061183726893,1
1,2,0.1,14,"prot50_male",0,0.337301776271913,1
1,2,0.1,14,"prot50_age",-1,-0.492259134888462,1
1,2,0.1,14,"prot50_income",1,0.344113564338141,1
1,2,0.1,14,"prot50_child",0,0.0368011753600099,0
1,2,0.1,14,"invasive_male",0,-0.124348992589408,1
1,2,0.1,14,"invasive_age",0.6,0.276882942462475,1
1,2,0.1,14,"invasive_income",0.2,-0.000562229849332099,0
1,2,0.1,14,"invasive_child",0,0.0848713369897092,0
1,2,0.1,15,"ASC2_male",-0.1,0.400628377700821,1
1,2,0.1,15,"ASC2_age",-0.6,-0.440375829116313,1
1,2,0.1,15,"ASC2_income",0.3,0.216786198951544,1
1,2,0.1,15,"ASC2_child",0,0.253230226662212,1
1,2,0.1,15,"ASC3_male",0,0.402352433157354,1
1,2,0.1,15,"ASC3_age",0,-0.162417524053734,1
1,2,0.1,15,"ASC3_income",1.1,0.639739944378466,1
1,2,0.1,15,"ASC3_child",1.2,0.801902941683572,1
1,2,0.1,15,"prot25_male",0,-0.210466333767233,1
1,2,0.1,15,"prot25_age",0,-0.0104959736752902,0
1,2,0.1,15,"prot25_income",0,-0.0522202494694149,0
1,2,0.1,15,"prot25_child",0.8,0.190433118196303,1
1,2,0.1,15,"prot50_male",0,-0.223219326785823,1
1,2,0.1,15,"prot50_age",0.8,0.493370278747209,1
1,2,0.1,15,"prot50_income",0.2,0.00829131714607828,0
1,2,0.1,15,"prot50_child",0,-0.104586734153787,1
1,2,0.1,15,"invasive_male",0,0.298540945793322,1
1,2,0.1,15,"invasive_age",-1.2,-0.69050094920531,1
1,2,0.1,15,"invasive_income",0,0.0645364612404907,0
1,2,0.1,15,"invasive_child",0.9,0.467813706138236,1
1,2,0.1,16,"ASC2_male",1,0.364881102061583,1
1,2,0.1,16,"ASC2_age",1,0.37586487453461,1
1,2,0.1,16,"ASC2_income",0,-0.243294393278362,1
1,2,0.1,16,"ASC2_child",0,-0.255839397298037,1
1,2,0.1,16,"ASC3_male",0.7,0.362528950320014,1
1,2,0.1,16,"ASC3_age",0,-0.101403457456311,1
1,2,0.1,16,"ASC3_income",0,-0.184833708340384,1
1,2,0.1,16,"ASC3_child",-1,-0.749728322013144,1
1,2,0.1,16,"prot25_male",0,-0.143208611849116,1
1,2,0.1,16,"prot25_age",0.2,0.249524479220743,1
1,2,0.1,16,"prot25_income",0,0.146378349393835,1
1,2,0.1,16,"prot25_child",0,0.223600035898032,1
1,2,0.1,16,"prot50_male",0.9,0.257597080518386,1
1,2,0.1,16,"prot50_age",0.5,0.447794379018677,1
1,2,0.1,16,"prot50_income",0,0.177580963407695,1
1,2,0.1,16,"prot50_child",-0.3,-0.108996841363775,1
1,2,0.1,16,"invasive_male",-0.4,-0.19155805540813,1
1,2,0.1,16,"invasive_age",0,0.124236063926629,1
1,2,0.1,16,"invasive_income",0.2,0.055307177571066,0
1,2,0.1,16,"invasive_child",0,0.122986270441186,1
1,2,0.1,17,"ASC2_male",0.6,0.413742669407704,1
1,2,0.1,17,"ASC2_age",-1,-0.33163258910836,1
1,2,0.1,17,"ASC2_income",1,0.657908245116855,1
1,2,0.1,17,"ASC2_child",0.8,0.726468547905934,1
1,2,0.1,17,"ASC3_male",0,-0.087206653210759,0
1,2,0.1,17,"ASC3_age",0,0.036409104790485,0
1,2,0.1,17,"ASC3_income",0.7,0.55045237207896,1
1,2,0.1,17,"ASC3_child",-0.4,-0.154163856651219,1
1,2,0.1,17,"prot25_male",0,-0.0478111354631836,0
1,2,0.1,17,"prot25_age",0,-0.0518700612121654,0
1,2,0.1,17,"prot25_income",0,-0.0693112533163072,0
1,2,0.1,17,"prot25_child",-0.7,-0.596038653231888,1
1,2,0.1,17,"prot50_male",0,-0.337767505682697,1
1,2,0.1,17,"prot50_age",0,0.0104550124811861,0
1,2,0.1,17,"prot50_income",0.4,0.0469103411144572,0
1,2,0.1,17,"prot50_child",-1.1,-0.903592035186336,1
1,2,0.1,17,"invasive_male",0,-0.141816800433092,1
1,2,0.1,17,"invasive_age",0,-0.0219024963769636,0
1,2,0.1,17,"invasive_income",0,0.0454667533688807,0
1,2,0.1,17,"invasive_child",0.8,0.584136290339256,1
1,2,0.1,18,"ASC2_male",0,0.451470091422676,1
1,2,0.1,18,"ASC2_age",0,-0.00624254320472306,0
1,2,0.1,18,"ASC2_income",0.2,0.131463572804474,1
1,2,0.1,18,"ASC2_child",0,-0.18218477478611,1
1,2,0.1,18,"ASC3_male",0.3,0.520797531593969,1
1,2,0.1,18,"ASC3_age",0,-0.0260475487835131,0
1,2,0.1,18,"ASC3_income",0.7,0.436949784546923,1
1,2,0.1,18,"ASC3_child",0,-0.122543459665409,1
1,2,0.1,18,"prot25_male",0,-0.304464791899365,1
1,2,0.1,18,"prot25_age",0.2,0.0938372182276377,0
1,2,0.1,18,"prot25_income",0,-0.00374369987025419,0
1,2,0.1,18,"prot25_child",0.9,0.442889020145139,1
1,2,0.1,18,"prot50_male",-0.9,-0.719478182790722,1
1,2,0.1,18,"prot50_age",0,0.0294481439942966,0
1,2,0.1,18,"prot50_income",0,-0.0466290575702536,0
1,2,0.1,18,"prot50_child",0,0.0470840756195144,0
1,2,0.1,18,"invasive_male",-0.9,-0.129473504300387,1
1,2,0.1,18,"invasive_age",0.1,0.0514330483773223,0
1,2,0.1,18,"invasive_income",-0.5,-0.249751181884904,1
1,2,0.1,18,"invasive_child",-0.2,0.0475795621569237,0
1,2,0.1,19,"ASC2_male",0,0.0557983798701375,0
1,2,0.1,19,"ASC2_age",1.2,0.570373720564654,1
1,2,0.1,19,"ASC2_income",0,-0.0343515672532787,0
1,2,0.1,19,"ASC2_child",0,-0.139733096117581,1
1,2,0.1,19,"ASC3_male",0.1,0.0142370014958559,0
1,2,0.1,19,"ASC3_age",0,-0.0818312681682147,0
1,2,0.1,19,"ASC3_income",0.7,0.301213135685764,1
1,2,0.1,19,"ASC3_child",0,-0.185270497214636,1
1,2,0.1,19,"prot25_male",0,-0.0951832699349601,0
1,2,0.1,19,"prot25_age",0.2,0.18968255922874,1
1,2,0.1,19,"prot25_income",-0.1,0.159286583130676,1
1,2,0.1,19,"prot25_child",0.6,0.30260747536739,1
1,2,0.1,19,"prot50_male",0.4,0.00467237866622919,0
1,2,0.1,19,"prot50_age",0,0.160362840675429,1
1,2,0.1,19,"prot50_income",0,0.181561658510129,1
1,2,0.1,19,"prot50_child",0,0.185445147521359,1
1,2,0.1,19,"invasive_male",0.6,0.233153053564571,1
1,2,0.1,19,"invasive_age",0,0.0712114902484409,0
1,2,0.1,19,"invasive_income",0.2,0.196401022709377,1
1,2,0.1,19,"invasive_child",-0.8,-0.404676492164143,1
1,2,0.1,20,"ASC2_male",-1,-0.527486949162804,1
1,2,0.1,20,"ASC2_age",1,0.455687531001229,1
1,2,0.1,20,"ASC2_income",-0.8,-0.159186803016893,1
1,2,0.1,20,"ASC2_child",0,0.127943159196152,1
1,2,0.1,20,"ASC3_male",0,0.17238326931718,1
1,2,0.1,20,"ASC3_age",0,-0.0792458180021969,0
1,2,0.1,20,"ASC3_income",0,0.148008865359247,1
1,2,0.1,20,"ASC3_child",0,0.191122585309623,1
1,2,0.1,20,"prot25_male",0,-0.0502701113298482,0
1,2,0.1,20,"prot25_age",0,0.182639504892618,1
1,2,0.1,20,"prot25_income",0.3,-0.00511373890398958,0
1,2,0.1,20,"prot25_child",0.3,0.164228269090346,1
1,2,0.1,20,"prot50_male",0.4,0.402762702138471,1
1,2,0.1,20,"prot50_age",-0.9,-0.400110677559466,1
1,2,0.1,20,"prot50_income",-1.1,-0.665220907961839,1
1,2,0.1,20,"prot50_child",0,-0.306138312858255,1
1,2,0.1,20,"invasive_male",0,0.14604224294436,1
1,2,0.1,20,"invasive_age",-0.3,-0.17047808137257,1
1,2,0.1,20,"invasive_income",-0.7,-0.220017304214531,1
1,2,0.1,20,"invasive_child",0,0.246062386576447,1
1,2,0.1,21,"ASC2_male",-0.1,0.0091708807702904,0
1,2,0.1,21,"ASC2_age",0,-0.0647695344795576,0
1,2,0.1,21,"ASC2_income",0,0.107861879974596,1
1,2,0.1,21,"ASC2_child",0.4,0.628110795827826,1
1,2,0.1,21,"ASC3_male",0,-0.00261819688033599,0
1,2,0.1,21,"ASC3_age",-0.8,-0.512064810522758,1
1,2,0.1,21,"ASC3_income",0,0.0205398378077587,0
1,2,0.1,21,"ASC3_child",-0.3,0.429637917556967,1
1,2,0.1,21,"prot25_male",-0.8,-0.669198703063312,1
1,2,0.1,21,"prot25_age",-0.4,-0.060943833669756,0
1,2,0.1,21,"prot25_income",0,0.0136020557058465,0
1,2,0.1,21,"prot25_child",-0.3,-0.828393904999853,1
1,2,0.1,21,"prot50_male",0.5,0.239391701728089,1
1,2,0.1,21,"prot50_age",0,0.167082545769189,1
1,2,0.1,21,"prot50_income",0,-0.0486639321636542,0
1,2,0.1,21,"prot50_child",0.1,-0.292385295221183,1
1,2,0.1,21,"invasive_male",0,0.118670972374334,1
1,2,0.1,21,"invasive_age",-0.3,-0.243849347986023,1
1,2,0.1,21,"invasive_income",0,0.0500318521604469,0
1,2,0.1,21,"invasive_child",0,0.359260569227597,1
1,2,0.1,22,"ASC2_male",0.9,0.655541614393025,1
1,2,0.1,22,"ASC2_age",0,0.00720465975258756,0
1,2,0.1,22,"ASC2_income",0,-0.00591711141487631,0
1,2,0.1,22,"ASC2_child",-0.7,-0.322784531960856,1
1,2,0.1,22,"ASC3_male",-0.7,-0.087274413686252,0
1,2,0.1,22,"ASC3_age",0,-0.0131401465673756,0
1,2,0.1,22,"ASC3_income",0,-0.0810984683514991,0
1,2,0.1,22,"ASC3_child",0,0.234474545011028,1
1,2,0.1,22,"prot25_male",0,-0.267986777611406,1
1,2,0.1,22,"prot25_age",-0.2,-0.100899224105745,1
1,2,0.1,22,"prot25_income",0.4,0.165945864736988,1
1,2,0.1,22,"prot25_child",0,-0.46980711827145,1
1,2,0.1,22,"prot50_male",0.4,0.244788910369167,1
1,2,0.1,22,"prot50_age",-1,-0.455004541698456,1
1,2,0.1,22,"prot50_income",0,0.0430027342947789,0
1,2,0.1,22,"prot50_child",0.9,0.260198240691011,1
1,2,0.1,22,"invasive_male",0,0.293781188216852,1
1,2,0.1,22,"invasive_age",-0.8,-0.342947474558966,1
1,2,0.1,22,"invasive_income",0,0.0211598900146112,0
1,2,0.1,22,"invasive_child",-0.1,-0.229365638925898,1
1,2,0.1,23,"ASC2_male",-0.1,0.297664743348629,1
1,2,0.1,23,"ASC2_age",-0.3,0.157925454142603,1
1,2,0.1,23,"ASC2_income",0,0.159693963106798,1
1,2,0.1,23,"ASC2_child",0,0.272081142458054,1
1,2,0.1,23,"ASC3_male",-0.9,-0.094592822040268,0
1,2,0.1,23,"ASC3_age",0,0.287452588992289,1
1,2,0.1,23,"ASC3_income",0,0.119168246183243,1
1,2,0.1,23,"ASC3_child",1,0.998900579908464,1
1,2,0.1,23,"prot25_male",0,-0.156461580874987,1
1,2,0.1,23,"prot25_age",0,-0.144253297242812,1
1,2,0.1,23,"prot25_income",0,-0.304244137058268,1
1,2,0.1,23,"prot25_child",-1.1,-1.00054048028536,1
1,2,0.1,23,"prot50_male",-1.1,-0.500810041152202,1
1,2,0.1,23,"prot50_age",-0.8,-0.487461553173406,1
1,2,0.1,23,"prot50_income",0,-0.245107018478278,1
1,2,0.1,23,"prot50_child",0,-0.176268445846742,1
1,2,0.1,23,"invasive_male",-0.4,0.00949201404850991,0
1,2,0.1,23,"invasive_age",-0.4,-0.0373418672278682,0
1,2,0.1,23,"invasive_income",0.8,0.380771260633494,1
1,2,0.1,23,"invasive_child",0,0.237897309427566,1
1,2,0.1,24,"ASC2_male",0.6,0.290582488282549,1
1,2,0.1,24,"ASC2_age",-1.1,-0.550288555453478,1
1,2,0.1,24,"ASC2_income",0,0.221507235627609,1
1,2,0.1,24,"ASC2_child",0,-0.106406955282155,1
1,2,0.1,24,"ASC3_male",0,-0.106088383068145,1
1,2,0.1,24,"ASC3_age",0,0.0972028706063947,0
1,2,0.1,24,"ASC3_income",-0.6,-0.0816959778956951,0
1,2,0.1,24,"ASC3_child",0.4,0.0343041504497847,0
1,2,0.1,24,"prot25_male",-0.3,-0.0181363768321513,0
1,2,0.1,24,"prot25_age",0,-0.0663559657025573,0
1,2,0.1,24,"prot25_income",0,-0.106210872653628,1
1,2,0.1,24,"prot25_child",-0.4,0.0521404328515885,0
1,2,0.1,24,"prot50_male",0,0.0468601782404874,0
1,2,0.1,24,"prot50_age",0,0.0293120063702347,0
1,2,0.1,24,"prot50_income",-0.5,-0.375857520819567,1
1,2,0.1,24,"prot50_child",0,-0.0337289335714801,0
1,2,0.1,24,"invasive_male",0.9,0.294842960602354,1
1,2,0.1,24,"invasive_age",-0.7,-0.172523626620284,1
1,2,0.1,24,"invasive_income",1.2,0.622153231250973,1
1,2,0.1,24,"invasive_child",0,-0.286738160691344,1
1,2,0.1,25,"ASC2_male",-0.8,-0.756625767383114,1
1,2,0.1,25,"ASC2_age",1,0.682280648524838,1
1,2,0.1,25,"ASC2_income",0,-0.029574908893741,0
1,2,0.1,25,"ASC2_child",0,0.399008240776005,1
1,2,0.1,25,"ASC3_male",0.9,-0.122910223108203,1
1,2,0.1,25,"ASC3_age",0,0.155466652397875,1
1,2,0.1,25,"ASC3_income",-0.7,-0.305793006740516,1
1,2,0.1,25,"ASC3_child",-0.9,-0.143134767534783,1
1,2,0.1,25,"prot25_male",0,0.394397179803045,1
1,2,0.1,25,"prot25_age",0,-0.13001915658445,1
1,2,0.1,25,"prot25_income",-0.9,-0.547821432132607,1
1,2,0.1,25,"prot25_child",0,-0.32047213917375,1
1,2,0.1,25,"prot50_male",0,0.247546360253094,1
1,2,0.1,25,"prot50_age",0,-0.0329711779329804,0
1,2,0.1,25,"prot50_income",0.3,-0.150980667220256,1
1,2,0.1,25,"prot50_child",0,-0.22767114585638,1
1,2,0.1,25,"invasive_male",-1.2,-0.778014606110904,1
1,2,0.1,25,"invasive_age",0.2,0.0793751027156695,0
1,2,0.1,25,"invasive_income",0,-0.222153379636063,1
1,2,0.1,25,"invasive_child",-0.3,0.144480084495101,1
1,2,0.1,26,"ASC2_male",0,-0.00557138330262784,0
1,2,0.1,26,"ASC2_age",0,0.0437617566452884,0
1,2,0.1,26,"ASC2_income",-0.2,-0.000353582541914805,0
1,2,0.1,26,"ASC2_child",0,-0.220861803419533,1
1,2,0.1,26,"ASC3_male",0.2,0.224387732717302,1
1,2,0.1,26,"ASC3_age",0,-0.00238142141848489,0
1,2,0.1,26,"ASC3_income",-0.6,-0.353039861724226,1
1,2,0.1,26,"ASC3_child",-0.4,-0.176281293370013,1
1,2,0.1,26,"prot25_male",0,-0.0717181088222669,0
1,2,0.1,26,"prot25_age",0.3,0.118310216454977,1
1,2,0.1,26,"prot25_income",-1.1,-0.604512376494904,1
1,2,0.1,26,"prot25_child",0.6,0.382176793802252,1
1,2,0.1,26,"prot50_male",0,-0.195249109869308,1
1,2,0.1,26,"prot50_age",1.2,0.55948666513646,1
1,2,0.1,26,"prot50_income",0,0.0404073295045948,0
1,2,0.1,26,"prot50_child",-0.3,-0.0667181658097966,0
1,2,0.1,26,"invasive_male",0,-0.0668940528958869,0
1,2,0.1,26,"invasive_age",0,0.114794754616988,1
1,2,0.1,26,"invasive_income",0,0.074540620018756,0
1,2,0.1,26,"invasive_child",0.9,0.489867509333097,1
1,2,0.1,27,"ASC2_male",0.2,-0.142976717833643,1
1,2,0.1,27,"ASC2_age",-0.9,-0.66582027869233,1
1,2,0.1,27,"ASC2_income",0.7,0.342542890139654,1
1,2,0.1,27,"ASC2_child",0,-0.284259072086761,1
1,2,0.1,27,"ASC3_male",0,0.012580941412548,0
1,2,0.1,27,"ASC3_age",0,-0.0792452974510922,0
1,2,0.1,27,"ASC3_income",0.5,0.117159632004208,1
1,2,0.1,27,"ASC3_child",-0.7,-0.57166034244516,1
1,2,0.1,27,"prot25_male",0.8,0.684603681168511,1
1,2,0.1,27,"prot25_age",0,0.0746724904159082,0
1,2,0.1,27,"prot25_income",0,0.255885971459677,1
1,2,0.1,27,"prot25_child",0,0.066779516865767,0
1,2,0.1,27,"prot50_male",0,-0.00666085038233754,0
1,2,0.1,27,"prot50_age",0.7,0.440123418916093,1
1,2,0.1,27,"prot50_income",0,0.125821840664665,1
1,2,0.1,27,"prot50_child",-1,-0.30984591044728,1
1,2,0.1,27,"invasive_male",0,-0.435157021851872,1
1,2,0.1,27,"invasive_age",0,-0.154625014997646,1
1,2,0.1,27,"invasive_income",1,0.764925146658868,1
1,2,0.1,27,"invasive_child",0.9,0.191500955770738,1
1,2,0.1,28,"ASC2_male",0,-0.181443756939718,1
1,2,0.1,28,"ASC2_age",0,0.0879822233422799,0
1,2,0.1,28,"ASC2_income",0,0.108980790571465,1
1,2,0.1,28,"ASC2_child",-0.9,-0.713930694526751,1
1,2,0.1,28,"ASC3_male",-0.9,-0.530665065346108,1
1,2,0.1,28,"ASC3_age",-0.3,-0.0546644448758543,0
1,2,0.1,28,"ASC3_income",0,0.260591694732808,1
1,2,0.1,28,"ASC3_child",0,-0.379549081754564,1
1,2,0.1,28,"prot25_male",-0.7,-0.239599966370727,1
1,2,0.1,28,"prot25_age",-0.3,-0.127436182413495,1
1,2,0.1,28,"prot25_income",0,-0.143465011203788,1
1,2,0.1,28,"prot25_child",0,0.408730994846624,1
1,2,0.1,28,"prot50_male",-0.3,-0.251926656418295,1
1,2,0.1,28,"prot50_age",0.2,-0.0313522170882825,0
1,2,0.1,28,"prot50_income",0,-0.251732863849781,1
1,2,0.1,28,"prot50_child",0,0.473422664770158,1
1,2,0.1,28,"invasive_male",0.5,0.316104027886882,1
1,2,0.1,28,"invasive_age",0,0.0559989262571089,0
1,2,0.1,28,"invasive_income",-1,-0.52158897221459,1
1,2,0.1,28,"invasive_child",0.6,0.401967216013613,1
1,2,0.1,29,"ASC2_male",0.3,0.334990557447636,1
1,2,0.1,29,"ASC2_age",0.9,0.428039443286708,1
1,2,0.1,29,"ASC2_income",1.2,0.834140738083634,1
1,2,0.1,29,"ASC2_child",0.5,0.0721401877403244,0
1,2,0.1,29,"ASC3_male",1.1,0.669569041305429,1
1,2,0.1,29,"ASC3_age",0,0.00986652481167772,0
1,2,0.1,29,"ASC3_income",0,0.185008359375733,1
1,2,0.1,29,"ASC3_child",0.1,0.0444612739337299,0
1,2,0.1,29,"prot25_male",-1.1,-0.894559976073613,1
1,2,0.1,29,"prot25_age",0,0.0600968773733969,0
1,2,0.1,29,"prot25_income",0,-0.167887471473862,1
1,2,0.1,29,"prot25_child",-0.5,-0.188639500787922,1
1,2,0.1,29,"prot50_male",0,-0.0635381509986834,0
1,2,0.1,29,"prot50_age",-0.9,-0.367695701506509,1
1,2,0.1,29,"prot50_income",-0.8,-0.574221933829161,1
1,2,0.1,29,"prot50_child",0,-0.0316565094281977,0
1,2,0.1,29,"invasive_male",0,0.279467290348391,1
1,2,0.1,29,"invasive_age",0,-0.0271408184797058,0
1,2,0.1,29,"invasive_income",0,0.138697918012552,1
1,2,0.1,29,"invasive_child",0,-0.167445662277139,1
1,2,0.1,30,"ASC2_male",0.4,0.632852230887879,1
1,2,0.1,30,"ASC2_age",0,0.127198571746265,1
1,2,0.1,30,"ASC2_income",0,0.18685577975922,1
1,2,0.1,30,"ASC2_child",0.7,0.243560399753908,1
1,2,0.1,30,"ASC3_male",1.1,1.00142216230676,1
1,2,0.1,30,"ASC3_age",0,0.122597007906337,1
1,2,0.1,30,"ASC3_income",0.4,0.362978066859798,1
1,2,0.1,30,"ASC3_child",0.9,0.506848101277739,1
1,2,0.1,30,"prot25_male",-0.2,-0.306921711676166,1
1,2,0.1,30,"prot25_age",0.1,0.0095355539269264,0
1,2,0.1,30,"prot25_income",0.3,-0.103251466792176,1
1,2,0.1,30,"prot25_child",0,0.0334081110259255,0
1,2,0.1,30,"prot50_male",0,-0.230305095281033,1
1,2,0.1,30,"prot50_age",0,-0.0728223713966381,0
1,2,0.1,30,"prot50_income",0,-0.158828556978525,1
1,2,0.1,30,"prot50_child",0,0.357462679416576,1
1,2,0.1,30,"invasive_male",-0.6,-0.135552751862185,1
1,2,0.1,30,"invasive_age",0,0.131078689797755,1
1,2,0.1,30,"invasive_income",-1,-0.439020403248056,1
1,2,0.1,30,"invasive_child",0,0.226673816060008,1
1,2,0.1,31,"ASC2_male",-0.3,0.0663245988613079,0
1,2,0.1,31,"ASC2_age",1.2,0.571536268771868,1
1,2,0.1,31,"ASC2_income",1,0.408728691343595,1
1,2,0.1,31,"ASC2_child",0,0.0690321002580269,0
1,2,0.1,31,"ASC3_male",0,0.321993459122084,1
1,2,0.1,31,"ASC3_age",1.1,0.524882018364879,1
1,2,0.1,31,"ASC3_income",-0.6,-0.43254688133672,1
1,2,0.1,31,"ASC3_child",0,0.103628110368615,1
1,2,0.1,31,"prot25_male",0,-0.0793652782396746,0
1,2,0.1,31,"prot25_age",-0.2,-0.0862510937840103,0
1,2,0.1,31,"prot25_income",0,0.085211828526276,0
1,2,0.1,31,"prot25_child",-0.2,-0.186769206229216,1
1,2,0.1,31,"prot50_male",-0.3,-0.227806538800571,1
1,2,0.1,31,"prot50_age",0,0.0557854605853805,0
1,2,0.1,31,"prot50_income",0,-0.0387773648997226,0
1,2,0.1,31,"prot50_child",0,0.036532460419829,0
1,2,0.1,31,"invasive_male",0,0.0562283915206695,0
1,2,0.1,31,"invasive_age",0.2,0.110527074101691,1
1,2,0.1,31,"invasive_income",0.9,0.484933069720062,1
1,2,0.1,31,"invasive_child",0,0.360602021666394,1
1,2,0.1,32,"ASC2_male",0.6,0.189450578689683,1
1,2,0.1,32,"ASC2_age",0,0.0402850991011269,0
1,2,0.1,32,"ASC2_income",1.1,0.338305874645109,1
1,2,0.1,32,"ASC2_child",0,0.139759581124157,1
1,2,0.1,32,"ASC3_male",-0.7,-0.454357580574591,1
1,2,0.1,32,"ASC3_age",-1.1,-0.44576861451172,1
1,2,0.1,32,"ASC3_income",0,-0.245193160036114,1
1,2,0.1,32,"ASC3_child",-0.3,-0.166602839418251,1
1,2,0.1,32,"prot25_male",0.7,0.306353482235866,1
1,2,0.1,32,"prot25_age",0,-0.138936922662146,1
1,2,0.1,32,"prot25_income",-0.5,-0.115794794196386,1
1,2,0.1,32,"prot25_child",-1.1,-0.640005046960562,1
1,2,0.1,32,"prot50_male",0,-0.11326002416413,1
1,2,0.1,32,"prot50_age",-0.6,-0.364763432710636,1
1,2,0.1,32,"prot50_income",0,0.114638371519936,1
1,2,0.1,32,"prot50_child",0,-0.163190765006821,1
1,2,0.1,32,"invasive_male",0,-0.049249732852512,0
1,2,0.1,32,"invasive_age",0,-0.0398192232161929,0
1,2,0.1,32,"invasive_income",0,-0.120956010653576,1
1,2,0.1,32,"invasive_child",0.2,-0.0790965950169094,0
1,2,0.1,33,"ASC2_male",-0.4,-0.786838223572984,1
1,2,0.1,33,"ASC2_age",0,0.313283037285124,1
1,2,0.1,33,"ASC2_income",0,0.0196465789295045,0
1,2,0.1,33,"ASC2_child",0,0.279514989885066,1
1,2,0.1,33,"ASC3_male",0.6,-0.405049792769358,1
1,2,0.1,33,"ASC3_age",0,0.281661297524693,1
1,2,0.1,33,"ASC3_income",-1,-0.361728100569365,1
1,2,0.1,33,"ASC3_child",0,0.257194617572748,1
1,2,0.1,33,"prot25_male",0,0.463447713420279,1
1,2,0.1,33,"prot25_age",0,-0.279357825757124,1
1,2,0.1,33,"prot25_income",0,-0.192848305071076,1
1,2,0.1,33,"prot25_child",1.1,0.271403640242132,1
1,2,0.1,33,"prot50_male",0,0.144639511048447,1
1,2,0.1,33,"prot50_age",0.4,-0.0477673462794833,0
1,2,0.1,33,"prot50_income",0.3,0.0616484377422021,0
1,2,0.1,33,"prot50_child",-0.4,-0.221121641592193,1
1,2,0.1,33,"invasive_male",0.3,-0.409884877916538,1
1,2,0.1,33,"invasive_age",0,0.102247336187711,1
1,2,0.1,33,"invasive_income",0.6,0.338929635913066,1
1,2,0.1,33,"invasive_child",0.8,0.532745449456913,1
1,2,0.1,34,"ASC2_male",0,0.694283587613214,1
1,2,0.1,34,"ASC2_age",0,0.0869730847687721,0
1,2,0.1,34,"ASC2_income",-0.8,-0.706778301474031,1
1,2,0.1,34,"ASC2_child",-0.4,-0.235653250527556,1
1,2,0.1,34,"ASC3_male",0,0.623146765149412,1
1,2,0.1,34,"ASC3_age",0,0.01771976979421,0
1,2,0.1,34,"ASC3_income",0,-0.191967526997786,1
1,2,0.1,34,"ASC3_child",0.4,0.054468278103799,0
1,2,0.1,34,"prot25_male",0,-0.557769044103419,1
1,2,0.1,34,"prot25_age",0,-0.0596156862673867,0
1,2,0.1,34,"prot25_income",1,0.628573724622699,1
1,2,0.1,34,"prot25_child",1.2,0.568045010836611,1
1,2,0.1,34,"prot50_male",0.1,-0.378128054416168,1
1,2,0.1,34,"prot50_age",0.2,-0.0551867655239576,0
1,2,0.1,34,"prot50_income",-0.5,-0.0946930663098852,0
1,2,0.1,34,"prot50_child",0,0.209042016940256,1
1,2,0.1,34,"invasive_male",0,0.127905457906186,1
1,2,0.1,34,"invasive_age",0,-0.0914471279727774,0
1,2,0.1,34,"invasive_income",-1,-0.60140123572422,1
1,2,0.1,34,"invasive_child",0.2,0.102766306794387,1
1,2,0.1,35,"ASC2_male",0,-0.137296433822653,1
1,2,0.1,35,"ASC2_age",0,0.0189020614245293,0
1,2,0.1,35,"ASC2_income",0.9,0.31538896315712,1
1,2,0.1,35,"ASC2_child",0,0.0629513042963962,0
1,2,0.1,35,"ASC3_male",0,-0.100644678139382,1
1,2,0.1,35,"ASC3_age",1.1,0.583262795591116,1
1,2,0.1,35,"ASC3_income",0,-0.229682510047719,1
1,2,0.1,35,"ASC3_child",0,-0.0699861188168003,0
1,2,0.1,35,"prot25_male",-0.2,-0.10808281343889,1
1,2,0.1,35,"prot25_age",0.3,0.117811869499745,1
1,2,0.1,35,"prot25_income",0,0.155812325837652,1
1,2,0.1,35,"prot25_child",-1.1,-0.470887603845235,1
1,2,0.1,35,"prot50_male",-0.4,0.0727083471154249,0
1,2,0.1,35,"prot50_age",0,-0.107154978236584,1
1,2,0.1,35,"prot50_income",-0.3,-0.0587285703386678,0
1,2,0.1,35,"prot50_child",0.5,0.230877010811997,1
1,2,0.1,35,"invasive_male",0.1,0.153500651791351,1
1,2,0.1,35,"invasive_age",0,-0.0439265049587084,0
1,2,0.1,35,"invasive_income",-1.1,-0.637741828545789,1
1,2,0.1,35,"invasive_child",0,0.135675627643418,1
1,2,0.1,36,"ASC2_male",-0.4,-0.679505034330555,1
1,2,0.1,36,"ASC2_age",-1,-0.597032189829962,1
1,2,0.1,36,"ASC2_income",-0.5,-0.452741389272232,1
1,2,0.1,36,"ASC2_child",-0.9,-0.35673549345064,1
1,2,0.1,36,"ASC3_male",0,-0.457855676066651,1
1,2,0.1,36,"ASC3_age",1.1,0.535146362114798,1
1,2,0.1,36,"ASC3_income",0,-0.222345981345284,1
1,2,0.1,36,"ASC3_child",0,0.0850907972362874,0
1,2,0.1,36,"prot25_male",0,0.269802962794289,1
1,2,0.1,36,"prot25_age",0,0.0506793557606563,0
1,2,0.1,36,"prot25_income",1.1,0.517098197463716,1
1,2,0.1,36,"prot25_child",-0.5,-0.355564621027116,1
1,2,0.1,36,"prot50_male",0,0.174609180735608,1
1,2,0.1,36,"prot50_age",0,-0.0635505193704273,0
1,2,0.1,36,"prot50_income",1.1,0.562835759533259,1
1,2,0.1,36,"prot50_child",0,0.00314470245693151,0
1,2,0.1,36,"invasive_male",0.3,0.0846155217314121,0
1,2,0.1,36,"invasive_age",0,-0.0912189230406416,0
1,2,0.1,36,"invasive_income",-0.5,-0.278182438226314,1
1,2,0.1,36,"invasive_child",0,0.056532708553809,0
1,2,0.1,37,"ASC2_male",0.6,-0.0121901671763249,0
1,2,0.1,37,"ASC2_age",0,0.0224675318796303,0
1,2,0.1,37,"ASC2_income",0.9,0.63961614441225,1
1,2,0.1,37,"ASC2_child",0,-0.12083456491077,1
1,2,0.1,37,"ASC3_male",0,-0.220271990113557,1
1,2,0.1,37,"ASC3_age",0.6,0.312891087788763,1
1,2,0.1,37,"ASC3_income",1.1,0.658235322193669,1
1,2,0.1,37,"ASC3_child",-0.8,-0.279913878239098,1
1,2,0.1,37,"prot25_male",-1.2,-0.453775795157744,1
1,2,0.1,37,"prot25_age",0,-0.000927058213421159,0
1,2,0.1,37,"prot25_income",1.1,0.493008068118602,1
1,2,0.1,37,"prot25_child",0,0.0688991322893808,0
1,2,0.1,37,"prot50_male",0,0.29432584306838,1
1,2,0.1,37,"prot50_age",0.5,0.19485552709802,1
1,2,0.1,37,"prot50_income",0,-0.124898330265126,1
1,2,0.1,37,"prot50_child",0,-0.0942065213882658,0
1,2,0.1,37,"invasive_male",0,0.0612146868667732,0
1,2,0.1,37,"invasive_age",1.1,0.483507251127115,1
1,2,0.1,37,"invasive_income",0,-0.0839943737914418,0
1,2,0.1,37,"invasive_child",0.6,0.413760595744979,1
1,2,0.1,38,"ASC2_male",0.3,-0.0699499601086697,0
1,2,0.1,38,"ASC2_age",0.3,0.215119439942206,1
1,2,0.1,38,"ASC2_income",0,-0.103381014553083,1
1,2,0.1,38,"ASC2_child",0.9,0.287243947101531,1
1,2,0.1,38,"ASC3_male",0,-0.370189290493737,1
1,2,0.1,38,"ASC3_age",-0.6,-0.326037176695573,1
1,2,0.1,38,"ASC3_income",0,-0.0351380361539967,0
1,2,0.1,38,"ASC3_child",0,-0.0600812594979048,0
1,2,0.1,38,"prot25_male",0,0.452696941438763,1
1,2,0.1,38,"prot25_age",0,0.123188682773471,1
1,2,0.1,38,"prot25_income",0.7,0.483335807160705,1
1,2,0.1,38,"prot25_child",0,0.203226818545079,1
1,2,0.1,38,"prot50_male",0,0.241432836902468,1
1,2,0.1,38,"prot50_age",0,0.139493990922145,1
1,2,0.1,38,"prot50_income",0.2,0.145238137831118,1
1,2,0.1,38,"prot50_child",-0.8,-0.0652869667863817,0
1,2,0.1,38,"invasive_male",0.1,-0.0878558352987198,0
1,2,0.1,38,"invasive_age",0,0.0697781978422903,0
1,2,0.1,38,"invasive_income",-0.6,-0.327909940013607,1
1,2,0.1,38,"invasive_child",-0.6,-0.123940567107539,1
1,2,0.1,39,"ASC2_male",0.9,0.641001057313018,1
1,2,0.1,39,"ASC2_age",0,0.153899738303014,1
1,2,0.1,39,"ASC2_income",0,0.0863353149052241,0
1,2,0.1,39,"ASC2_child",0,0.149730698994378,1
1,2,0.1,39,"ASC3_male",-0.9,-0.502497711215983,1
1,2,0.1,39,"ASC3_age",0,0.132488185427439,1
1,2,0.1,39,"ASC3_income",-0.7,-0.29926385362834,1
1,2,0.1,39,"ASC3_child",-1.1,-0.333857529747121,1
1,2,0.1,39,"prot25_male",-1,-0.770094500438012,1
1,2,0.1,39,"prot25_age",-0.6,-0.471473370652782,1
1,2,0.1,39,"prot25_income",0.7,0.269458911898834,1
1,2,0.1,39,"prot25_child",-0.3,-0.415899132208828,1
1,2,0.1,39,"prot50_male",0,-0.120096547578077,1
1,2,0.1,39,"prot50_age",0,-0.0799396210793427,0
1,2,0.1,39,"prot50_income",0,-0.185640296741775,1
1,2,0.1,39,"prot50_child",0,-0.285728089854218,1
1,2,0.1,39,"invasive_male",1.1,0.531285095516931,1
1,2,0.1,39,"invasive_age",0,0.0577924486197781,0
1,2,0.1,39,"invasive_income",0,-0.000478698164575006,0
1,2,0.1,39,"invasive_child",-0.6,-0.254257482543075,1
1,2,0.1,40,"ASC2_male",0,-0.164208920758952,1
1,2,0.1,40,"ASC2_age",-0.3,-0.152404219172893,1
1,2,0.1,40,"ASC2_income",1.1,0.449771370151802,1
1,2,0.1,40,"ASC2_child",0,0.294759091059333,1
1,2,0.1,40,"ASC3_male",0.5,0.211861827914717,1
1,2,0.1,40,"ASC3_age",0,0.0214243201969789,0
1,2,0.1,40,"ASC3_income",-0.9,-0.58533654806338,1
1,2,0.1,40,"ASC3_child",-1,-0.490149686460604,1
1,2,0.1,40,"prot25_male",-0.5,-0.146529526285939,1
1,2,0.1,40,"prot25_age",-0.3,-0.199137527609484,1
1,2,0.1,40,"prot25_income",0,-0.0970402423101602,0
1,2,0.1,40,"prot25_child",0,0.151715595622424,1
1,2,0.1,40,"prot50_male",0,0.297370174988626,1
1,2,0.1,40,"prot50_age",-1,-0.526664705652585,1
1,2,0.1,40,"prot50_income",0,0.0118835780549997,0
1,2,0.1,40,"prot50_child",0,-0.106883795393101,1
1,2,0.1,40,"invasive_male",0,0.0802626100288732,0
1,2,0.1,40,"invasive_age",-0.3,-0.09414819734324,0
1,2,0.1,40,"invasive_income",-0.1,-0.221669555961929,1
1,2,0.1,40,"invasive_child",0,-0.0513560703237547,0
1,2,0.1,41,"ASC2_male",-0.5,-0.160001609789209,1
1,2,0.1,41,"ASC2_age",0.9,0.537082708260659,1
1,2,0.1,41,"ASC2_income",1.1,0.597549578008845,1
1,2,0.1,41,"ASC2_child",0,-0.171812055011561,1
1,2,0.1,41,"ASC3_male",0.3,0.191598876250846,1
1,2,0.1,41,"ASC3_age",0,0.147845503346557,1
1,2,0.1,41,"ASC3_income",0,-0.0252048850455288,0
1,2,0.1,41,"ASC3_child",0,-0.083458949277976,0
1,2,0.1,41,"prot25_male",0,-0.0600511390105033,0
1,2,0.1,41,"prot25_age",0,0.0206567238907817,0
1,2,0.1,41,"prot25_income",-0.2,-0.038988962339748,0
1,2,0.1,41,"prot25_child",0.7,0.387873417032782,1
1,2,0.1,41,"prot50_male",-0.8,-0.637711874384175,1
1,2,0.1,41,"prot50_age",-0.4,-0.234990354395677,1
1,2,0.1,41,"prot50_income",0,0.139768718474921,1
1,2,0.1,41,"prot50_child",0,-0.122825028150528,1
1,2,0.1,41,"invasive_male",0,-0.0971396351926762,0
1,2,0.1,41,"invasive_age",0,0.206238589241527,1
1,2,0.1,41,"invasive_income",0.3,0.109632127184553,1
1,2,0.1,41,"invasive_child",0.5,0.227218900861348,1
1,2,0.1,42,"ASC2_male",0.6,0.40109719351292,1
1,2,0.1,42,"ASC2_age",0,-0.0419512215449903,0
1,2,0.1,42,"ASC2_income",0.6,0.404869334631606,1
1,2,0.1,42,"ASC2_child",0.8,0.824648491629663,1
1,2,0.1,42,"ASC3_male",0,-0.0146694033167788,0
1,2,0.1,42,"ASC3_age",-0.3,-0.137671972476288,1
1,2,0.1,42,"ASC3_income",0,0.140350035937714,1
1,2,0.1,42,"ASC3_child",-1,0.0466273328834759,0
1,2,0.1,42,"prot25_male",0,-0.15488303869264,1
1,2,0.1,42,"prot25_age",0.6,0.417036187430113,1
1,2,0.1,42,"prot25_income",0,-0.174752482722681,1
1,2,0.1,42,"prot25_child",0,-0.450477466012371,1
1,2,0.1,42,"prot50_male",0,-0.383052595041724,1
1,2,0.1,42,"prot50_age",0.7,0.419617278988757,1
1,2,0.1,42,"prot50_income",-0.9,-0.570414262628824,1
1,2,0.1,42,"prot50_child",-0.7,-0.744359402341735,1
1,2,0.1,42,"invasive_male",1.2,0.25443380264232,1
1,2,0.1,42,"invasive_age",0,0.104482654163865,1
1,2,0.1,42,"invasive_income",0,-0.0670332011250329,0
1,2,0.1,42,"invasive_child",0,0.125732381395465,1
1,2,0.1,43,"ASC2_male",-0.7,-0.512274571895374,1
1,2,0.1,43,"ASC2_age",0,0.0248401995502477,0
1,2,0.1,43,"ASC2_income",0,0.0397415513737586,0
1,2,0.1,43,"ASC2_child",0.2,0.131307108970819,1
1,2,0.1,43,"ASC3_male",0.5,-0.0473084616713649,0
1,2,0.1,43,"ASC3_age",0,0.0588427130607222,0
1,2,0.1,43,"ASC3_income",1,0.545412737213416,1
1,2,0.1,43,"ASC3_child",-0.3,-0.136673711709005,1
1,2,0.1,43,"prot25_male",0,0.271023651804733,1
1,2,0.1,43,"prot25_age",-0.9,-0.504554351480406,1
1,2,0.1,43,"prot25_income",0,-0.0792689155224819,0
1,2,0.1,43,"prot25_child",0,-0.0172202868013855,0
1,2,0.1,43,"prot50_male",0,0.19802342209289,1
1,2,0.1,43,"prot50_age",0,-0.047199561369813,0
1,2,0.1,43,"prot50_income",-1.2,-0.569855266102301,1
1,2,0.1,43,"prot50_child",0.6,0.416929392802464,1
1,2,0.1,43,"invasive_male",0.7,0.311153412208804,1
1,2,0.1,43,"invasive_age",0,0.150831876160226,1
1,2,0.1,43,"invasive_income",-0.6,-0.434138219410851,1
1,2,0.1,43,"invasive_child",0,0.105727868350777,1
1,2,0.1,44,"ASC2_male",0,0.14561215695265,1
1,2,0.1,44,"ASC2_age",-0.5,-0.249298107879443,1
1,2,0.1,44,"ASC2_income",-1,-0.405383874993533,1
1,2,0.1,44,"ASC2_child",-0.8,-0.217549930148903,1
1,2,0.1,44,"ASC3_male",-1.1,-0.535019796471458,1
1,2,0.1,44,"ASC3_age",0,-0.018548777614783,0
1,2,0.1,44,"ASC3_income",0,0.025621470501588,0
1,2,0.1,44,"ASC3_child",0,0.13710011568935,1
1,2,0.1,44,"prot25_male",-1.1,-0.593807635149903,1
1,2,0.1,44,"prot25_age",-0.3,-0.226335059415799,1
1,2,0.1,44,"prot25_income",0,-0.0796656199805286,0
1,2,0.1,44,"prot25_child",-0.6,-0.450746882390518,1
1,2,0.1,44,"prot50_male",0,-0.253434150096916,1
1,2,0.1,44,"prot50_age",0,-0.0152753383107067,0
1,2,0.1,44,"prot50_income",-0.8,-0.486468053754793,1
1,2,0.1,44,"prot50_child",0,0.344805238530833,1
1,2,0.1,44,"invasive_male",-0.3,0.140527537270819,1
1,2,0.1,44,"invasive_age",0,-0.0990950082947995,0
1,2,0.1,44,"invasive_income",0,-0.0635474749628038,0
1,2,0.1,44,"invasive_child",-0.4,0.145615185756536,1
1,2,0.1,45,"ASC2_male",0,0.115889704432416,1
1,2,0.1,45,"ASC2_age",0.7,0.523243441854242,1
1,2,0.1,45,"ASC2_income",1.1,0.534686764216576,1
1,2,0.1,45,"ASC2_child",0.3,0.233530475053453,1
1,2,0.1,45,"ASC3_male",0,-0.108092997825532,1
1,2,0.1,45,"ASC3_age",0.4,0.4074461055688,1
1,2,0.1,45,"ASC3_income",-0.1,-0.0953044813232829,0
1,2,0.1,45,"ASC3_child",0,0.0832347649765221,0
1,2,0.1,45,"prot25_male",0,-0.48148906644504,1
1,2,0.1,45,"prot25_age",0,-0.0128374138790672,0
1,2,0.1,45,"prot25_income",0,-0.0985978659821715,0
1,2,0.1,45,"prot25_child",1.1,0.433456650076202,1
1,2,0.1,45,"prot50_male",0,-0.315572104413544,1
1,2,0.1,45,"prot50_age",-0.4,-0.348457219256517,1
1,2,0.1,45,"prot50_income",0,-0.137672047923444,1
1,2,0.1,45,"prot50_child",0.4,0.104739371534662,1
1,2,0.1,45,"invasive_male",-0.3,-0.41701441295381,1
1,2,0.1,45,"invasive_age",-0.2,-0.0315464266478841,0
1,2,0.1,45,"invasive_income",0,-0.0787177265975148,0
1,2,0.1,45,"invasive_child",0,-0.187832446026801,1
1,2,0.1,46,"ASC2_male",0.4,-0.368297686482153,1
1,2,0.1,46,"ASC2_age",0,0.0986724270963276,0
1,2,0.1,46,"ASC2_income",0,0.128765887476286,1
1,2,0.1,46,"ASC2_child",-0.5,-0.531121940931409,1
1,2,0.1,46,"ASC3_male",-0.9,-0.994591250856406,1
1,2,0.1,46,"ASC3_age",0,-0.0155746759784486,0
1,2,0.1,46,"ASC3_income",-1,-0.445107454864792,1
1,2,0.1,46,"ASC3_child",0.7,0.238804958757066,1
1,2,0.1,46,"prot25_male",0,0.394976227538026,1
1,2,0.1,46,"prot25_age",-0.9,-0.439809687825986,1
1,2,0.1,46,"prot25_income",0,-0.0243832188039271,0
1,2,0.1,46,"prot25_child",0,0.576918589550119,1
1,2,0.1,46,"prot50_male",0,0.512713297128725,1
1,2,0.1,46,"prot50_age",0.3,-0.0242079856705396,0
1,2,0.1,46,"prot50_income",1,0.372358767216577,1
1,2,0.1,46,"prot50_child",0,0.251255443697942,1
1,2,0.1,46,"invasive_male",0.3,0.161504016643197,1
1,2,0.1,46,"invasive_age",0,-0.104357263465425,1
1,2,0.1,46,"invasive_income",0.2,0.0409176303638723,0
1,2,0.1,46,"invasive_child",0,0.0600054761146714,0
1,2,0.1,47,"ASC2_male",0,0.047537062687224,0
1,2,0.1,47,"ASC2_age",0,0.13669783005707,1
1,2,0.1,47,"ASC2_income",0.8,0.391463877264743,1
1,2,0.1,47,"ASC2_child",-1.2,-0.588259636380173,1
1,2,0.1,47,"ASC3_male",0.2,0.341257348305185,1
1,2,0.1,47,"ASC3_age",0,0.203181059121673,1
1,2,0.1,47,"ASC3_income",0,0.0387794781205498,0
1,2,0.1,47,"ASC3_child",0,0.0503286004768082,0
1,2,0.1,47,"prot25_male",0,0.1193480622419,1
1,2,0.1,47,"prot25_age",0.5,0.176778985959243,1
1,2,0.1,47,"prot25_income",0.4,0.255849733759928,1
1,2,0.1,47,"prot25_child",0.9,0.486460330676992,1
1,2,0.1,47,"prot50_male",0,0.0735615504649408,0
1,2,0.1,47,"prot50_age",-0.3,-0.306367560292916,1
1,2,0.1,47,"prot50_income",-0.7,-0.265057278005724,1
1,2,0.1,47,"prot50_child",-1.1,-0.561654855536391,1
1,2,0.1,47,"invasive_male",0,0.289289448224852,1
1,2,0.1,47,"invasive_age",0.5,0.37031523149436,1
1,2,0.1,47,"invasive_income",0,0.209944649940894,1
1,2,0.1,47,"invasive_child",0,0.16973654100641,1
1,2,0.1,48,"ASC2_male",1.1,1.13755426259732,1
1,2,0.1,48,"ASC2_age",0,-0.0517203478506537,0
1,2,0.1,48,"ASC2_income",0,-0.0770888440802832,0
1,2,0.1,48,"ASC2_child",-0.3,-0.306406060795101,1
1,2,0.1,48,"ASC3_male",0,0.428005033287224,1
1,2,0.1,48,"ASC3_age",0,0.00111202805838457,0
1,2,0.1,48,"ASC3_income",0.8,0.301439301932042,1
1,2,0.1,48,"ASC3_child",0,-0.0126740456513254,0
1,2,0.1,48,"prot25_male",-0.6,-0.846356243564076,1
1,2,0.1,48,"prot25_age",0,0.0080757319868329,0
1,2,0.1,48,"prot25_income",-0.2,-0.137074165035341,1
1,2,0.1,48,"prot25_child",0,0.408776564619702,1
1,2,0.1,48,"prot50_male",0,-0.38052577690469,1
1,2,0.1,48,"prot50_age",-0.4,-0.192247347045415,1
1,2,0.1,48,"prot50_income",0,-0.0583776444205093,0
1,2,0.1,48,"prot50_child",0,0.38161231937387,1
1,2,0.1,48,"invasive_male",0.7,0.440492678468026,1
1,2,0.1,48,"invasive_age",-0.6,-0.323898073557564,1
1,2,0.1,48,"invasive_income",-0.3,-0.214059244564747,1
1,2,0.1,48,"invasive_child",-0.7,-0.294606443210357,1
1,2,0.1,49,"ASC2_male",0.7,0.131793150322778,1
1,2,0.1,49,"ASC2_age",0,-0.0980070338078523,0
1,2,0.1,49,"ASC2_income",-0.8,-0.380567152184875,1
1,2,0.1,49,"ASC2_child",-0.9,-0.424896392273799,1
1,2,0.1,49,"ASC3_male",0,-0.216152785848916,1
1,2,0.1,49,"ASC3_age",0,-0.0799062600523452,0
1,2,0.1,49,"ASC3_income",-0.5,-0.340000919681371,1
1,2,0.1,49,"ASC3_child",0,-0.0269187880050487,0
1,2,0.1,49,"prot25_male",0.8,0.358299975442759,1
1,2,0.1,49,"prot25_age",0,-0.0153369097219195,0
1,2,0.1,49,"prot25_income",0,0.159999187714755,1
1,2,0.1,49,"prot25_child",0.5,0.166158106423265,1
1,2,0.1,49,"prot50_male",-0.1,-0.0415511957990538,0
1,2,0.1,49,"prot50_age",0.8,0.378297236083018,1
1,2,0.1,49,"prot50_income",0,0.0113518997373747,0
1,2,0.1,49,"prot50_child",0,-0.230906422544269,1
1,2,0.1,49,"invasive_male",-0.9,-0.551726603377072,1
1,2,0.1,49,"invasive_age",0,-0.0296725071611041,0
1,2,0.1,49,"invasive_income",0,0.0533538718605086,0
1,2,0.1,49,"invasive_child",0.3,0.0918539771380898,0
1,2,0.1,50,"ASC2_male",0,-0.0875786792174326,0
1,2,0.1,50,"ASC2_age",0.8,0.422694577173072,1
1,2,0.1,50,"ASC2_income",0,0.0607245401986802,0
1,2,0.1,50,"ASC2_child",0,0.241599052811756,1
1,2,0.1,50,"ASC3_male",-0.5,-0.139608329306981,1
1,2,0.1,50,"ASC3_age",-0.4,-0.350791758842911,1
1,2,0.1,50,"ASC3_income",1.1,0.662034495181108,1
1,2,0.1,50,"ASC3_child",0.5,0.295810379479782,1
1,2,0.1,50,"prot25_male",1.1,0.472178266475221,1
1,2,0.1,50,"prot25_age",0.8,0.465387451921579,1
1,2,0.1,50,"prot25_income",0,-0.123225659508353,1
1,2,0.1,50,"prot25_child",0,0.137477420954827,1
1,2,0.1,50,"prot50_male",-0.6,-0.268109146988047,1
1,2,0.1,50,"prot50_age",0,-0.0349318414230029,0
1,2,0.1,50,"prot50_income",-0.3,-0.136068885990566,1
1,2,0.1,50,"prot50_child",0,0.24455147798174,1
1,2,0.1,50,"invasive_male",0,0.0762683250671878,0
1,2,0.1,50,"invasive_age",0,-0.0225673233150024,0
1,2,0.1,50,"invasive_income",0.6,0.150380092872998,1
1,2,0.1,50,"invasive_child",0,0.0189088892475823,0
1,2,0.1,51,"ASC2_male",-0.3,-0.447194155187985,1
1,2,0.1,51,"ASC2_age",-0.5,-0.305136979893774,1
1,2,0.1,51,"ASC2_income",0,0.00205339550402758,0
1,2,0.1,51,"ASC2_child",-0.7,-0.217857551275812,1
1,2,0.1,51,"ASC3_male",0,-0.458195391414052,1
1,2,0.1,51,"ASC3_age",0.5,0.225594764564997,1
1,2,0.1,51,"ASC3_income",0,-0.0583961742784951,0
1,2,0.1,51,"ASC3_child",0,0.286866717221018,1
1,2,0.1,51,"prot25_male",-1.1,-0.22050458675679,1
1,2,0.1,51,"prot25_age",0.3,0.231542345235961,1
1,2,0.1,51,"prot25_income",0.2,0.183366797429965,1
1,2,0.1,51,"prot25_child",0,0.166731355168224,1
1,2,0.1,51,"prot50_male",0,0.257618202389925,1
1,2,0.1,51,"prot50_age",0,0.0228779372049242,0
1,2,0.1,51,"prot50_income",0,0.0699233682449112,0
1,2,0.1,51,"prot50_child",1.2,0.518174992555924,1
1,2,0.1,51,"invasive_male",-0.1,0.0322425614146813,0
1,2,0.1,51,"invasive_age",0,-0.0529967034915714,0
1,2,0.1,51,"invasive_income",0,0.031789065746737,0
1,2,0.1,51,"invasive_child",0.3,0.27184168555198,1
1,2,0.1,52,"ASC2_male",-0.5,0.0200307850251803,0
1,2,0.1,52,"ASC2_age",-0.5,-0.187908696575534,1
1,2,0.1,52,"ASC2_income",1.1,0.639495326968508,1
1,2,0.1,52,"ASC2_child",-0.5,-0.0949423969665738,0
1,2,0.1,52,"ASC3_male",0.3,0.198258441187883,1
1,2,0.1,52,"ASC3_age",0,-0.00551250381011653,0
1,2,0.1,52,"ASC3_income",0,0.149581965465114,1
1,2,0.1,52,"ASC3_child",0,0.2059615497663,1
1,2,0.1,52,"prot25_male",-0.3,0.0877348041364124,0
1,2,0.1,52,"prot25_age",1,0.565410735748302,1
1,2,0.1,52,"prot25_income",0,-0.094798071551373,0
1,2,0.1,52,"prot25_child",-1.2,-0.813873735555989,1
1,2,0.1,52,"prot50_male",0,-0.0767703863532619,0
1,2,0.1,52,"prot50_age",0,0.0955939371335777,0
1,2,0.1,52,"prot50_income",0,-0.0963136852904039,0
1,2,0.1,52,"prot50_child",0.3,0.179860146509799,1
1,2,0.1,52,"invasive_male",0.1,0.153601917359214,1
1,2,0.1,52,"invasive_age",0,0.0342048114644877,0
1,2,0.1,52,"invasive_income",0,-0.10559084411434,1
1,2,0.1,52,"invasive_child",0,0.0725853780668241,0
1,2,0.1,53,"ASC2_male",-0.4,-0.25485409746146,1
1,2,0.1,53,"ASC2_age",0,0.162253984765049,1
1,2,0.1,53,"ASC2_income",-0.7,-0.445688455179468,1
1,2,0.1,53,"ASC2_child",0,-0.515053586499939,1
1,2,0.1,53,"ASC3_male",0.3,0.196368274831867,1
1,2,0.1,53,"ASC3_age",0.6,0.381634857541149,1
1,2,0.1,53,"ASC3_income",0,0.0666096339194766,0
1,2,0.1,53,"ASC3_child",0,-0.376343214360713,1
1,2,0.1,53,"prot25_male",0,-0.0100691765263508,0
1,2,0.1,53,"prot25_age",0.4,0.0569922233454789,0
1,2,0.1,53,"prot25_income",0,-0.0416595205437064,0
1,2,0.1,53,"prot25_child",0,0.241793215218627,1
1,2,0.1,53,"prot50_male",-0.6,-0.58342071357899,1
1,2,0.1,53,"prot50_age",0.9,0.35008286666553,1
1,2,0.1,53,"prot50_income",0,-0.0422374572538064,0
1,2,0.1,53,"prot50_child",-1.1,-0.205074146796043,1
1,2,0.1,53,"invasive_male",-0.5,-0.485291843939284,1
1,2,0.1,53,"invasive_age",0,-0.0754339331901669,0
1,2,0.1,53,"invasive_income",0,-0.0119490840032391,0
1,2,0.1,53,"invasive_child",-0.6,-0.797935273677777,1
1,2,0.1,54,"ASC2_male",0,-0.199747565124665,1
1,2,0.1,54,"ASC2_age",-0.5,-0.384995972135751,1
1,2,0.1,54,"ASC2_income",-0.7,-0.367866282320399,1
1,2,0.1,54,"ASC2_child",0,-0.00560507351151121,0
1,2,0.1,54,"ASC3_male",1.1,0.436600490222477,1
1,2,0.1,54,"ASC3_age",0,-0.120812831800984,1
1,2,0.1,54,"ASC3_income",0,-0.00322609249922879,0
1,2,0.1,54,"ASC3_child",-0.5,-0.199778358306335,1
1,2,0.1,54,"prot25_male",0,0.186113566353568,1
1,2,0.1,54,"prot25_age",0.3,0.162353901722709,1
1,2,0.1,54,"prot25_income",0,-0.128342530222619,1
1,2,0.1,54,"prot25_child",0,0.0714218482224628,0
1,2,0.1,54,"prot50_male",0,0.0614805678706476,0
1,2,0.1,54,"prot50_age",0.2,-0.0189923891133553,0
1,2,0.1,54,"prot50_income",0.5,0.227799113053577,1
1,2,0.1,54,"prot50_child",-0.7,-0.357680909180331,1
1,2,0.1,54,"invasive_male",0,0.124737466327423,1
1,2,0.1,54,"invasive_age",0.1,-0.0780451477710907,0
1,2,0.1,54,"invasive_income",-1.2,-0.501649236333012,1
1,2,0.1,54,"invasive_child",0,-0.0250373849988029,0
1,2,0.1,55,"ASC2_male",0,-0.18124478127514,1
1,2,0.1,55,"ASC2_age",0,0.025506019302454,0
1,2,0.1,55,"ASC2_income",0,0.0903548820459496,0
1,2,0.1,55,"ASC2_child",0,0.0182312825828572,0
1,2,0.1,55,"ASC3_male",0.5,0.158242302791179,1
1,2,0.1,55,"ASC3_age",0,0.046682918779545,0
1,2,0.1,55,"ASC3_income",0,0.183010901295464,1
1,2,0.1,55,"ASC3_child",0,-0.202210556107649,1
1,2,0.1,55,"prot25_male",0.2,0.254336728591484,1
1,2,0.1,55,"prot25_age",0.7,0.29298235757949,1
1,2,0.1,55,"prot25_income",-0.7,-0.469509522545349,1
1,2,0.1,55,"prot25_child",0,-0.188718457053388,1
1,2,0.1,55,"prot50_male",-0.5,-0.420204553224324,1
1,2,0.1,55,"prot50_age",0.5,0.346864053966188,1
1,2,0.1,55,"prot50_income",-1,-0.689472681889179,1
1,2,0.1,55,"prot50_child",0,0.0706379306109869,0
1,2,0.1,55,"invasive_male",0.8,0.288819029507791,1
1,2,0.1,55,"invasive_age",0,0.056775887989105,0
1,2,0.1,55,"invasive_income",-0.9,-0.413963610268071,1
1,2,0.1,55,"invasive_child",-1.2,-0.425951978579292,1
1,2,0.1,56,"ASC2_male",0,0.0573627135501067,0
1,2,0.1,56,"ASC2_age",-0.7,-0.450421916408272,1
1,2,0.1,56,"ASC2_income",0,0.00996255138030919,0
1,2,0.1,56,"ASC2_child",0,0.341651989826923,1
1,2,0.1,56,"ASC3_male",0,0.132520291537638,1
1,2,0.1,56,"ASC3_age",-0.4,-0.21288403266734,1
1,2,0.1,56,"ASC3_income",0,0.0159779769959878,0
1,2,0.1,56,"ASC3_child",0,0.366300381805554,1
1,2,0.1,56,"prot25_male",0,-0.289885654590799,1
1,2,0.1,56,"prot25_age",0,0.0882427377947191,0
1,2,0.1,56,"prot25_income",-0.2,-0.0356629176050165,0
1,2,0.1,56,"prot25_child",-1,-0.73825748388633,1
1,2,0.1,56,"prot50_male",0.7,0.184082106410511,1
1,2,0.1,56,"prot50_age",0.5,0.310884992125652,1
1,2,0.1,56,"prot50_income",-0.6,-0.226389634256178,1
1,2,0.1,56,"prot50_child",0.7,0.0485890112136347,0
1,2,0.1,56,"invasive_male",0,0.0799031650021137,0
1,2,0.1,56,"invasive_age",-1.1,-0.588668148944279,1
1,2,0.1,56,"invasive_income",0.3,0.269024376337463,1
1,2,0.1,56,"invasive_child",0,-0.179724584647827,1
1,2,0.1,57,"ASC2_male",1.2,0.31880064349248,1
1,2,0.1,57,"ASC2_age",1,0.57183930561743,1
1,2,0.1,57,"ASC2_income",0,-0.000317979858048221,0
1,2,0.1,57,"ASC2_child",0,0.0451666521927304,0
1,2,0.1,57,"ASC3_male",-0.2,-0.264627250236569,1
1,2,0.1,57,"ASC3_age",0,0.0848731248527332,0
1,2,0.1,57,"ASC3_income",0,0.0486219823440832,0
1,2,0.1,57,"ASC3_child",0,0.106652436417499,1
1,2,0.1,57,"prot25_male",-1,-0.503106219148987,1
1,2,0.1,57,"prot25_age",0,-0.0358125403928027,0
1,2,0.1,57,"prot25_income",-0.1,-0.0805918119428273,0
1,2,0.1,57,"prot25_child",0,0.041464112003271,0
1,2,0.1,57,"prot50_male",-0.4,-0.29367961544342,1
1,2,0.1,57,"prot50_age",-0.6,-0.430253693587777,1
1,2,0.1,57,"prot50_income",0.5,0.127600722739564,1
1,2,0.1,57,"prot50_child",0.6,0.0691311897131239,0
1,2,0.1,57,"invasive_male",0.7,0.0861742741339067,0
1,2,0.1,57,"invasive_age",0,0.103836713180705,1
1,2,0.1,57,"invasive_income",0,0.0329852780997567,0
1,2,0.1,57,"invasive_child",0,-0.0220011714886708,0
1,2,0.1,58,"ASC2_male",0.3,0.317464180929178,1
1,2,0.1,58,"ASC2_age",0.2,0.154836656522129,1
1,2,0.1,58,"ASC2_income",0,0.0529006825753219,0
1,2,0.1,58,"ASC2_child",0,0.221953869295337,1
1,2,0.1,58,"ASC3_male",0,0.261184964778769,1
1,2,0.1,58,"ASC3_age",0,0.05368775685637,0
1,2,0.1,58,"ASC3_income",0,-0.0178859023314496,0
1,2,0.1,58,"ASC3_child",0.1,0.144939370626403,1
1,2,0.1,58,"prot25_male",0,-0.061386179031217,0
1,2,0.1,58,"prot25_age",0,-0.0378812231111708,0
1,2,0.1,58,"prot25_income",0,-0.149874133684306,1
1,2,0.1,58,"prot25_child",1,0.448573928526332,1
1,2,0.1,58,"prot50_male",0,-0.0233088158513075,0
1,2,0.1,58,"prot50_age",0.5,0.146839593541697,1
1,2,0.1,58,"prot50_income",0,-0.123585248443127,1
1,2,0.1,58,"prot50_child",0.8,0.0753009120241358,0
1,2,0.1,58,"invasive_male",0.5,0.232113500880165,1
1,2,0.1,58,"invasive_age",1,0.440669232007345,1
1,2,0.1,58,"invasive_income",0.6,0.298137188877915,1
1,2,0.1,58,"invasive_child",0.7,0.380504444471739,1
1,2,0.1,59,"ASC2_male",0,-0.000234321717137416,0
1,2,0.1,59,"ASC2_age",0.5,0.229302128338693,1
1,2,0.1,59,"ASC2_income",0,-0.169133551934702,1
1,2,0.1,59,"ASC2_child",0,0.225919288048724,1
1,2,0.1,59,"ASC3_male",0.6,0.395880632537963,1
1,2,0.1,59,"ASC3_age",-1.1,-0.685684606822262,1
1,2,0.1,59,"ASC3_income",0,-0.0768409056933825,0
1,2,0.1,59,"ASC3_child",0,0.0404307473459718,0
1,2,0.1,59,"prot25_male",-0.7,-0.196081111218712,1
1,2,0.1,59,"prot25_age",0,0.0395470171767059,0
1,2,0.1,59,"prot25_income",-0.2,-0.0531119486105768,0
1,2,0.1,59,"prot25_child",0,0.171703881053393,1
1,2,0.1,59,"prot50_male",0.4,0.291485890167283,1
1,2,0.1,59,"prot50_age",-0.9,-0.33175403971803,1
1,2,0.1,59,"prot50_income",0,-0.0062120221845183,0
1,2,0.1,59,"prot50_child",0,0.00106141389736606,0
1,2,0.1,59,"invasive_male",1,0.512691923816139,1
1,2,0.1,59,"invasive_age",-0.8,-0.399582856182619,1
1,2,0.1,59,"invasive_income",-0.4,-0.193614500284127,1
1,2,0.1,59,"invasive_child",0,0.0909327155591027,0
1,2,0.1,60,"ASC2_male",-1.2,-0.618189588512783,1
1,2,0.1,60,"ASC2_age",0,0.113663201491321,1
1,2,0.1,60,"ASC2_income",0.6,0.354938047270067,1
1,2,0.1,60,"ASC2_child",-0.4,-0.371027453773907,1
1,2,0.1,60,"ASC3_male",0,-0.110758599199688,1
1,2,0.1,60,"ASC3_age",0,0.205362882536361,1
1,2,0.1,60,"ASC3_income",0,0.0395244952931872,0
1,2,0.1,60,"ASC3_child",0,-0.160635389147958,1
1,2,0.1,60,"prot25_male",0,-0.124072252554602,1
1,2,0.1,60,"prot25_age",-0.4,-0.356438510153844,1
1,2,0.1,60,"prot25_income",0,0.0256097466403061,0
1,2,0.1,60,"prot25_child",0,0.299995319637887,1
1,2,0.1,60,"prot50_male",-1.1,-0.52423821505941,1
1,2,0.1,60,"prot50_age",0,-0.179995104651848,1
1,2,0.1,60,"prot50_income",0.4,0.232753036115644,1
1,2,0.1,60,"prot50_child",0,0.128049135226515,1
1,2,0.1,60,"invasive_male",0.3,0.0901489013364983,0
1,2,0.1,60,"invasive_age",-0.5,-0.167414099744927,1
1,2,0.1,60,"invasive_income",-0.7,-0.389292349230982,1
1,2,0.1,60,"invasive_child",1,0.449275822520201,1
1,2,0.1,61,"ASC2_male",0.8,0.557524403126491,1
1,2,0.1,61,"ASC2_age",-0.9,-0.538066827393394,1
1,2,0.1,61,"ASC2_income",-0.3,0.0633121931674698,0
1,2,0.1,61,"ASC2_child",0,-0.407009554133479,1
1,2,0.1,61,"ASC3_male",0,0.228284908290588,1
1,2,0.1,61,"ASC3_age",0,-0.159304879019856,1
1,2,0.1,61,"ASC3_income",0,0.180949761463482,1
1,2,0.1,61,"ASC3_child",0,-0.342137057588254,1
1,2,0.1,61,"prot25_male",0,-0.22122905761755,1
1,2,0.1,61,"prot25_age",-1,-0.298983055054531,1
1,2,0.1,61,"prot25_income",0,-0.0793502345321803,0
1,2,0.1,61,"prot25_child",0,0.217958684647687,1
1,2,0.1,61,"prot50_male",-0.8,-0.51045327131583,1
1,2,0.1,61,"prot50_age",0.2,0.180968208867001,1
1,2,0.1,61,"prot50_income",0,-0.0710203715533715,0
1,2,0.1,61,"prot50_child",0.3,0.498311696127157,1
1,2,0.1,61,"invasive_male",0,0.146454377957283,1
1,2,0.1,61,"invasive_age",1,0.43576949279001,1
1,2,0.1,61,"invasive_income",0.2,0.227282239316686,1
1,2,0.1,61,"invasive_child",0.9,0.587256217228809,1
1,2,0.1,62,"ASC2_male",0,0.0943972356995776,0
1,2,0.1,62,"ASC2_age",0,0.153180725384944,1
1,2,0.1,62,"ASC2_income",0.1,-0.218999829640052,1
1,2,0.1,62,"ASC2_child",0,0.136759729704068,1
1,2,0.1,62,"ASC3_male",0,0.188186696438121,1
1,2,0.1,62,"ASC3_age",0.6,0.423561753543092,1
1,2,0.1,62,"ASC3_income",0.6,0.105062718711966,1
1,2,0.1,62,"ASC3_child",0,0.121597087445339,1
1,2,0.1,62,"prot25_male",-0.5,-0.141881250796964,1
1,2,0.1,62,"prot25_age",0,-0.0719009651448692,0
1,2,0.1,62,"prot25_income",0,0.0828925596249663,0
1,2,0.1,62,"prot25_child",-0.2,-0.252251524266451,1
1,2,0.1,62,"prot50_male",-0.5,-0.270502739881649,1
1,2,0.1,62,"prot50_age",0.3,0.120374040893603,1
1,2,0.1,62,"prot50_income",0,0.151553125066043,1
1,2,0.1,62,"prot50_child",1,0.431535502769689,1
1,2,0.1,62,"invasive_male",0.5,0.321371607311267,1
1,2,0.1,62,"invasive_age",0,0.0329731234274902,0
1,2,0.1,62,"invasive_income",0,-0.0468853350176514,0
1,2,0.1,62,"invasive_child",-0.9,-0.615472785649353,1
1,2,0.1,63,"ASC2_male",0,0.0212133868169863,0
1,2,0.1,63,"ASC2_age",0.6,0.264680183554091,1
1,2,0.1,63,"ASC2_income",-0.7,-0.159439609466008,1
1,2,0.1,63,"ASC2_child",0,-0.249550794625823,1
1,2,0.1,63,"ASC3_male",-0.5,-0.330475169724324,1
1,2,0.1,63,"ASC3_age",0,0.0208122934623216,0
1,2,0.1,63,"ASC3_income",0,0.0687820882958276,0
1,2,0.1,63,"ASC3_child",-0.1,-0.268838027937387,1
1,2,0.1,63,"prot25_male",0,0.238032362202826,1
1,2,0.1,63,"prot25_age",0,-0.120175528216848,1
1,2,0.1,63,"prot25_income",-0.4,-0.181931022326911,1
1,2,0.1,63,"prot25_child",-0.6,0.0254655899450595,0
1,2,0.1,63,"prot50_male",0,0.136751449932309,1
1,2,0.1,63,"prot50_age",0,-0.041336623065417,0
1,2,0.1,63,"prot50_income",-0.9,-0.520193212830596,1
1,2,0.1,63,"prot50_child",-0.7,-0.118950334729595,1
1,2,0.1,63,"invasive_male",0.8,0.510011185863737,1
1,2,0.1,63,"invasive_age",0,-0.163745375761885,1
1,2,0.1,63,"invasive_income",-0.8,-0.429459418509972,1
1,2,0.1,63,"invasive_child",0,-0.213432255989899,1
1,2,0.1,64,"ASC2_male",0.2,-0.502199144990537,1
1,2,0.1,64,"ASC2_age",0,0.0627914496342869,0
1,2,0.1,64,"ASC2_income",-0.3,0.157528993258436,1
1,2,0.1,64,"ASC2_child",0,-0.626961238493338,1
1,2,0.1,64,"ASC3_male",0,-0.53813294784202,1
1,2,0.1,64,"ASC3_age",-1.2,-0.526855765718496,1
1,2,0.1,64,"ASC3_income",0.1,0.299504449129129,1
1,2,0.1,64,"ASC3_child",0,-0.484505632683571,1
1,2,0.1,64,"prot25_male",-0.8,-0.0483571390143849,0
1,2,0.1,64,"prot25_age",0.1,-0.01286416151537,0
1,2,0.1,64,"prot25_income",0.3,0.157801072405778,1
1,2,0.1,64,"prot25_child",-0.5,0.208896985109814,1
1,2,0.1,64,"prot50_male",0.2,0.568121733091155,1
1,2,0.1,64,"prot50_age",1.1,0.462236048898911,1
1,2,0.1,64,"prot50_income",0,-0.0455136929000483,0
1,2,0.1,64,"prot50_child",0,0.39666511619188,1
1,2,0.1,64,"invasive_male",0,-0.329613453757047,1
1,2,0.1,64,"invasive_age",0,0.00637933252456779,0
1,2,0.1,64,"invasive_income",0,0.151978688405969,1
1,2,0.1,64,"invasive_child",0,-0.118809423656618,1
1,2,0.1,65,"ASC2_male",0,0.380003790007486,1
1,2,0.1,65,"ASC2_age",0.8,-0.0619790100666796,0
1,2,0.1,65,"ASC2_income",0.2,0.300082652608751,1
1,2,0.1,65,"ASC2_child",0,0.221043907063519,1
1,2,0.1,65,"ASC3_male",0,0.215750055813747,1
1,2,0.1,65,"ASC3_age",0,-0.350759531203557,1
1,2,0.1,65,"ASC3_income",0.7,0.476597556523749,1
1,2,0.1,65,"ASC3_child",0.5,0.433955697002311,1
1,2,0.1,65,"prot25_male",0,-0.137949569433733,1
1,2,0.1,65,"prot25_age",0,0.405066524828752,1
1,2,0.1,65,"prot25_income",0,-0.124331061193902,1
1,2,0.1,65,"prot25_child",1,0.407997823432488,1
1,2,0.1,65,"prot50_male",0.6,0.0652948056136402,0
1,2,0.1,65,"prot50_age",0,0.316192741565084,1
1,2,0.1,65,"prot50_income",-0.2,-0.098270767811574,0
1,2,0.1,65,"prot50_child",0.5,0.366128366699156,1
1,2,0.1,65,"invasive_male",0.3,0.207875554010439,1
1,2,0.1,65,"invasive_age",0,-0.266094984018091,1
1,2,0.1,65,"invasive_income",0.9,0.599549387460272,1
1,2,0.1,65,"invasive_child",0,0.148859989140647,1
1,2,0.1,66,"ASC2_male",0,0.133329635511094,1
1,2,0.1,66,"ASC2_age",-0.2,-0.0529155210028639,0
1,2,0.1,66,"ASC2_income",0.4,0.197331874097742,1
1,2,0.1,66,"ASC2_child",0,0.425469936654596,1
1,2,0.1,66,"ASC3_male",-0.9,-0.534320826380354,1
1,2,0.1,66,"ASC3_age",1,0.701556716248562,1
1,2,0.1,66,"ASC3_income",0,0.0249768040109049,0
1,2,0.1,66,"ASC3_child",0,0.602199288429706,1
1,2,0.1,66,"prot25_male",-0.5,-0.380644714041922,1
1,2,0.1,66,"prot25_age",0,-0.128843924086058,1
1,2,0.1,66,"prot25_income",0,0.0438138181093871,0
1,2,0.1,66,"prot25_child",-1.1,-1.05035903351548,1
1,2,0.1,66,"prot50_male",1,0.454738549606947,1
1,2,0.1,66,"prot50_age",0,-0.162837546596619,1
1,2,0.1,66,"prot50_income",0.2,0.0176846664437028,0
1,2,0.1,66,"prot50_child",0.7,-0.0699773782360552,0
1,2,0.1,66,"invasive_male",0,-0.16925339610786,1
1,2,0.1,66,"invasive_age",0,0.120393166492982,1
1,2,0.1,66,"invasive_income",0,-0.0664097943375988,0
1,2,0.1,66,"invasive_child",-1,-0.472076816409943,1
1,2,0.1,67,"ASC2_male",-0.6,-0.167136435116593,1
1,2,0.1,67,"ASC2_age",-0.5,-0.244124413853004,1
1,2,0.1,67,"ASC2_income",0,0.0107867512630196,0
1,2,0.1,67,"ASC2_child",0.9,0.166078588827461,1
1,2,0.1,67,"ASC3_male",0.8,0.638964729177752,1
1,2,0.1,67,"ASC3_age",-0.9,-0.512981795492009,1
1,2,0.1,67,"ASC3_income",1.1,0.465280789685764,1
1,2,0.1,67,"ASC3_child",0.1,-0.281905118684467,1
1,2,0.1,67,"prot25_male",0,-0.178497792939564,1
1,2,0.1,67,"prot25_age",-0.2,0.0450801608436705,0
1,2,0.1,67,"prot25_income",0,0.0962423772986467,0
1,2,0.1,67,"prot25_child",0,0.181500424336971,1
1,2,0.1,67,"prot50_male",1,0.42153244813248,1
1,2,0.1,67,"prot50_age",0,0.0573461149762443,0
1,2,0.1,67,"prot50_income",0,0.182374884670061,1
1,2,0.1,67,"prot50_child",0.1,0.118428222168483,1
1,2,0.1,67,"invasive_male",0,0.131495526547219,1
1,2,0.1,67,"invasive_age",0,0.149207705392215,1
1,2,0.1,67,"invasive_income",0,0.0405000662286011,0
1,2,0.1,67,"invasive_child",0,-0.351541232458515,1
1,2,0.1,68,"ASC2_male",0,0.117320186631335,1
1,2,0.1,68,"ASC2_age",0.1,0.087592346019742,0
1,2,0.1,68,"ASC2_income",0,0.00914179923456955,0
1,2,0.1,68,"ASC2_child",-0.8,-0.406649575942084,1
1,2,0.1,68,"ASC3_male",1.1,0.801932368499075,1
1,2,0.1,68,"ASC3_age",-0.5,-0.254576147792968,1
1,2,0.1,68,"ASC3_income",0,-0.111590946465793,1
1,2,0.1,68,"ASC3_child",-0.9,-0.35906264967339,1
1,2,0.1,68,"prot25_male",0.2,-0.252367388974111,1
1,2,0.1,68,"prot25_age",0,-0.00904883186743751,0
1,2,0.1,68,"prot25_income",0,0.101445748124383,1
1,2,0.1,68,"prot25_child",-1.1,-0.669907910655921,1
1,2,0.1,68,"prot50_male",0,-0.0723577050308666,0
1,2,0.1,68,"prot50_age",0,-0.0611817433015897,0
1,2,0.1,68,"prot50_income",0,0.118798594689517,1
1,2,0.1,68,"prot50_child",-0.8,-0.657318475912148,1
1,2,0.1,68,"invasive_male",0,0.291842543084054,1
1,2,0.1,68,"invasive_age",-0.7,-0.411787507861189,1
1,2,0.1,68,"invasive_income",0,-0.084827951571044,0
1,2,0.1,68,"invasive_child",1.1,0.43452386350482,1
1,2,0.1,69,"ASC2_male",1.1,0.133098142861148,1
1,2,0.1,69,"ASC2_age",0,-0.127107345724536,1
1,2,0.1,69,"ASC2_income",0.4,0.274502913576347,1
1,2,0.1,69,"ASC2_child",1.2,1.06155173506243,1
1,2,0.1,69,"ASC3_male",-1,-1.04810434384569,1
1,2,0.1,69,"ASC3_age",0,-0.146686268307965,1
1,2,0.1,69,"ASC3_income",-1.2,-0.657849952097648,1
1,2,0.1,69,"ASC3_child",0,0.374163688298046,1
1,2,0.1,69,"prot25_male",0,0.155396658000354,1
1,2,0.1,69,"prot25_age",0,-0.0764744178444612,0
1,2,0.1,69,"prot25_income",-0.4,-0.105765246602915,1
1,2,0.1,69,"prot25_child",-0.4,-0.426035344671259,1
1,2,0.1,69,"prot50_male",0,0.298010548964048,1
1,2,0.1,69,"prot50_age",0,-0.11036087767252,1
1,2,0.1,69,"prot50_income",0,0.162547868047422,1
1,2,0.1,69,"prot50_child",0,-0.120178729219804,1
1,2,0.1,69,"invasive_male",0,-0.043941755776024,0
1,2,0.1,69,"invasive_age",-0.5,-0.377257161680551,1
1,2,0.1,69,"invasive_income",-0.2,-0.0332133734534361,0
1,2,0.1,69,"invasive_child",-0.2,-0.0314489889925724,0
1,2,0.1,70,"ASC2_male",-0.8,-0.399343495597488,1
1,2,0.1,70,"ASC2_age",0,-0.0911277583548508,0
1,2,0.1,70,"ASC2_income",0.3,0.203592510176254,1
1,2,0.1,70,"ASC2_child",0,0.0401432431110343,0
1,2,0.1,70,"ASC3_male",0.9,0.544458203485407,1
1,2,0.1,70,"ASC3_age",0,-0.14950800351444,1
1,2,0.1,70,"ASC3_income",0,0.0232215518004615,0
1,2,0.1,70,"ASC3_child",0,0.0517243596207367,0
1,2,0.1,70,"prot25_male",0,0.00603024699904143,0
1,2,0.1,70,"prot25_age",0,0.0426500560292045,0
1,2,0.1,70,"prot25_income",0.9,0.365752166708249,1
1,2,0.1,70,"prot25_child",0,-0.00234135663486653,0
1,2,0.1,70,"prot50_male",-0.1,0.00482964132265999,0
1,2,0.1,70,"prot50_age",-0.9,-0.384246896082675,1
1,2,0.1,70,"prot50_income",0.9,0.416593829018714,1
1,2,0.1,70,"prot50_child",1,0.475667308088529,1
1,2,0.1,70,"invasive_male",0,-0.0939302315408162,0
1,2,0.1,70,"invasive_age",0.8,0.288439523741825,1
1,2,0.1,70,"invasive_income",0,0.17673183936577,1
1,2,0.1,70,"invasive_child",-0.6,-0.318106362743763,1
1,2,0.1,71,"ASC2_male",0.5,0.244666731662955,1
1,2,0.1,71,"ASC2_age",1,0.432199911008602,1
1,2,0.1,71,"ASC2_income",0.8,0.632336192472295,1
1,2,0.1,71,"ASC2_child",0.7,0.24791223552156,1
1,2,0.1,71,"ASC3_male",0,0.177541140289705,1
1,2,0.1,71,"ASC3_age",0,-0.0734741349337468,0
1,2,0.1,71,"ASC3_income",0,0.115455816920367,1
1,2,0.1,71,"ASC3_child",1.1,0.336584939501675,1
1,2,0.1,71,"prot25_male",0,0.0147330348593672,0
1,2,0.1,71,"prot25_age",0,0.0558209572680734,0
1,2,0.1,71,"prot25_income",0,-0.157801139077032,1
1,2,0.1,71,"prot25_child",0,0.180434050461712,1
1,2,0.1,71,"prot50_male",0,0.168410361475702,1
1,2,0.1,71,"prot50_age",-0.6,-0.29302962995724,1
1,2,0.1,71,"prot50_income",-0.9,-0.697549351591947,1
1,2,0.1,71,"prot50_child",-0.7,-0.232560760301251,1
1,2,0.1,71,"invasive_male",0.8,0.488408529915571,1
1,2,0.1,71,"invasive_age",0,-0.0221302739803433,0
1,2,0.1,71,"invasive_income",1,0.59013073363848,1
1,2,0.1,71,"invasive_child",0,0.152050383737802,1
1,2,0.1,72,"ASC2_male",-0.8,-0.331820807819418,1
1,2,0.1,72,"ASC2_age",0,0.111318966446892,1
1,2,0.1,72,"ASC2_income",0.3,0.288378859627571,1
1,2,0.1,72,"ASC2_child",0.2,0.184231802213831,1
1,2,0.1,72,"ASC3_male",0,0.0159172086509293,0
1,2,0.1,72,"ASC3_age",0,0.0744978781176616,0
1,2,0.1,72,"ASC3_income",0,0.0455457945458541,0
1,2,0.1,72,"ASC3_child",-0.9,-0.197186070610758,1
1,2,0.1,72,"prot25_male",0,0.0433268098239981,0
1,2,0.1,72,"prot25_age",0,0.00194774990607365,0
1,2,0.1,72,"prot25_income",0,-0.0767352684168998,0
1,2,0.1,72,"prot25_child",-0.6,-0.328434635289834,1
1,2,0.1,72,"prot50_male",1,0.586703341422308,1
1,2,0.1,72,"prot50_age",-0.6,-0.333434703556972,1
1,2,0.1,72,"prot50_income",0,0.00253870603210915,0
1,2,0.1,72,"prot50_child",0.4,0.27959055539625,1
1,2,0.1,72,"invasive_male",-0.5,-0.0129112515248406,0
1,2,0.1,72,"invasive_age",0,-0.065634644280675,0
1,2,0.1,72,"invasive_income",0,0.0108674966162627,0
1,2,0.1,72,"invasive_child",-0.1,0.164709741097098,1
1,2,0.1,73,"ASC2_male",0,0.0606474050390286,0
1,2,0.1,73,"ASC2_age",0,-0.0182855601045525,0
1,2,0.1,73,"ASC2_income",0.5,0.457445103154564,1
1,2,0.1,73,"ASC2_child",-1,-0.740692662277433,1
1,2,0.1,73,"ASC3_male",0.8,0.587490701164697,1
1,2,0.1,73,"ASC3_age",0,-0.0443460053521304,0
1,2,0.1,73,"ASC3_income",-0.5,-0.166011351562483,1
1,2,0.1,73,"ASC3_child",-1.2,-0.754214523762347,1
1,2,0.1,73,"prot25_male",0,-0.19742315298962,1
1,2,0.1,73,"prot25_age",0,0.0838376537253041,0
1,2,0.1,73,"prot25_income",0.4,0.16139076745697,1
1,2,0.1,73,"prot25_child",0,0.317737465392187,1
1,2,0.1,73,"prot50_male",-0.7,-0.327088424251472,1
1,2,0.1,73,"prot50_age",0.7,0.399155225296832,1
1,2,0.1,73,"prot50_income",1,0.457962413205652,1
1,2,0.1,73,"prot50_child",0,-0.118278851328985,1
1,2,0.1,73,"invasive_male",0,-0.074188945967982,0
1,2,0.1,73,"invasive_age",0,0.00703883873905451,0
1,2,0.1,73,"invasive_income",0,0.0248175674778044,0
1,2,0.1,73,"invasive_child",0.8,0.276976716456785,1
1,2,0.1,74,"ASC2_male",0,0.191385965822022,1
1,2,0.1,74,"ASC2_age",0,-0.0258155074557514,0
1,2,0.1,74,"ASC2_income",0,-0.0420299890070625,0
1,2,0.1,74,"ASC2_child",-1,-0.394797525862253,1
1,2,0.1,74,"ASC3_male",0.9,0.573220985837025,1
1,2,0.1,74,"ASC3_age",1.1,0.620195199447155,1
1,2,0.1,74,"ASC3_income",0,-0.125915287286518,1
1,2,0.1,74,"ASC3_child",0,0.283658582730907,1
1,2,0.1,74,"prot25_male",-0.6,-0.538071585016366,1
1,2,0.1,74,"prot25_age",0.5,0.203328048488144,1
1,2,0.1,74,"prot25_income",-0.3,-0.183434399172867,1
1,2,0.1,74,"prot25_child",0,-0.0738100509185969,0
1,2,0.1,74,"prot50_male",-0.2,-0.119889158929693,1
1,2,0.1,74,"prot50_age",0,0.00820271883686467,0
1,2,0.1,74,"prot50_income",0,0.000445475963985899,0
1,2,0.1,74,"prot50_child",0,0.0335174819008542,0
1,2,0.1,74,"invasive_male",0,-0.127772944448953,1
1,2,0.1,74,"invasive_age",-1.1,-0.593784224436513,1
1,2,0.1,74,"invasive_income",0.4,0.0490662601953595,0
1,2,0.1,74,"invasive_child",0.7,0.407520621815762,1
1,2,0.1,75,"ASC2_male",0,-0.497280368375927,1
1,2,0.1,75,"ASC2_age",0.5,0.552645894236161,1
1,2,0.1,75,"ASC2_income",0,-0.0830875852059157,0
1,2,0.1,75,"ASC2_child",0,0.0321869030945508,0
1,2,0.1,75,"ASC3_male",1,0.22519165374287,1
1,2,0.1,75,"ASC3_age",0,0.259667293512743,1
1,2,0.1,75,"ASC3_income",0,-0.159417691098694,1
1,2,0.1,75,"ASC3_child",-0.8,-0.271665283785066,1
1,2,0.1,75,"prot25_male",0.9,0.475961006360209,1
1,2,0.1,75,"prot25_age",1,0.335346599461955,1
1,2,0.1,75,"prot25_income",0,0.122763296292446,1
1,2,0.1,75,"prot25_child",-1,-0.529026857822095,1
1,2,0.1,75,"prot50_male",0,-0.193104454767822,1
1,2,0.1,75,"prot50_age",0,-0.000824883828212442,0
1,2,0.1,75,"prot50_income",-0.9,-0.208519152485971,1
1,2,0.1,75,"prot50_child",-0.4,0.182312246689755,1
1,2,0.1,75,"invasive_male",0.7,0.178377856499146,1
1,2,0.1,75,"invasive_age",0,-0.0295152347110808,0
1,2,0.1,75,"invasive_income",-0.5,-0.253825978833145,1
1,2,0.1,75,"invasive_child",0,0.369503346180205,1
1,2,0.1,76,"ASC2_male",-0.7,-0.462292158271474,1
1,2,0.1,76,"ASC2_age",0,-0.139377281152528,1
1,2,0.1,76,"ASC2_income",0,0.0619378965301584,0
1,2,0.1,76,"ASC2_child",-1,-0.272232591559498,1
1,2,0.1,76,"ASC3_male",-0.4,-0.510600065986601,1
1,2,0.1,76,"ASC3_age",0,-0.139976083829685,1
1,2,0.1,76,"ASC3_income",-0.5,-0.179589327997879,1
1,2,0.1,76,"ASC3_child",-0.6,-0.167048026168838,1
1,2,0.1,76,"prot25_male",0,0.0711980114790195,0
1,2,0.1,76,"prot25_age",0,0.0955122319743727,0
1,2,0.1,76,"prot25_income",0,-0.058921141481057,0
1,2,0.1,76,"prot25_child",-0.5,-0.410767545649741,1
1,2,0.1,76,"prot50_male",-0.1,0.088580509622118,0
1,2,0.1,76,"prot50_age",0,0.124302453430285,1
1,2,0.1,76,"prot50_income",0,0.0228367809225209,0
1,2,0.1,76,"prot50_child",0,-0.117447831359055,1
1,2,0.1,76,"invasive_male",-0.4,-0.205669841119348,1
1,2,0.1,76,"invasive_age",0,0.0127623997154376,0
1,2,0.1,76,"invasive_income",-0.2,-0.142007873731257,1
1,2,0.1,76,"invasive_child",0.1,0.239466246915741,1
1,2,0.1,77,"ASC2_male",0.4,0.490014871758538,1
1,2,0.1,77,"ASC2_age",-0.4,-0.0586934974508552,0
1,2,0.1,77,"ASC2_income",0,0.00339364162631439,0
1,2,0.1,77,"ASC2_child",-1.1,-0.628723035777552,1
1,2,0.1,77,"ASC3_male",0,0.211079806230001,1
1,2,0.1,77,"ASC3_age",0,0.0560885855656549,0
1,2,0.1,77,"ASC3_income",0,0.152764558964997,1
1,2,0.1,77,"ASC3_child",0,0.0134466541075993,0
1,2,0.1,77,"prot25_male",0.8,0.183925991353956,1
1,2,0.1,77,"prot25_age",0.6,0.201728940902203,1
1,2,0.1,77,"prot25_income",0,-0.160147831892293,1
1,2,0.1,77,"prot25_child",0,0.0235734200948446,0
1,2,0.1,77,"prot50_male",0,-0.0882949168587178,0
1,2,0.1,77,"prot50_age",-0.5,-0.316512506017234,1
1,2,0.1,77,"prot50_income",-1.1,-0.659386659762748,1
1,2,0.1,77,"prot50_child",0,0.0639315904689728,0
1,2,0.1,77,"invasive_male",0,-0.0136542258946495,0
1,2,0.1,77,"invasive_age",1,0.599635249289193,1
1,2,0.1,77,"invasive_income",0.6,0.277883066305152,1
1,2,0.1,77,"invasive_child",-0.2,-0.30083662370422,1
1,2,0.1,78,"ASC2_male",0,0.338583665224167,1
1,2,0.1,78,"ASC2_age",0,0.0507977743762252,0
1,2,0.1,78,"ASC2_income",0,-0.0779744986968738,0
1,2,0.1,78,"ASC2_child",0,-0.228784174178551,1
1,2,0.1,78,"ASC3_male",0,0.437138737050997,1
1,2,0.1,78,"ASC3_age",0,-0.0480215997853241,0
1,2,0.1,78,"ASC3_income",-0.4,-0.238819179036523,1
1,2,0.1,78,"ASC3_child",0,0.096303948638011,0
1,2,0.1,78,"prot25_male",-1.1,-0.512537565857728,1
1,2,0.1,78,"prot25_age",0,-0.130786657164239,1
1,2,0.1,78,"prot25_income",-0.2,-0.238077935731795,1
1,2,0.1,78,"prot25_child",0,0.026790276542955,0
1,2,0.1,78,"prot50_male",0.6,0.516946287075487,1
1,2,0.1,78,"prot50_age",-0.4,-0.323367618588597,1
1,2,0.1,78,"prot50_income",-0.9,-0.438359348478303,1
1,2,0.1,78,"prot50_child",0.6,0.556185506558428,1
1,2,0.1,78,"invasive_male",-0.6,0.0133708927270142,0
1,2,0.1,78,"invasive_age",0.9,0.413487934489155,1
1,2,0.1,78,"invasive_income",1.2,0.511839382649574,1
1,2,0.1,78,"invasive_child",0,-0.123381046891053,1
1,2,0.1,79,"ASC2_male",0,0.125730657048376,1
1,2,0.1,79,"ASC2_age",0,-0.00834164166399752,0
1,2,0.1,79,"ASC2_income",0,-0.143192576685404,1
1,2,0.1,79,"ASC2_child",0,0.169063871705711,1
1,2,0.1,79,"ASC3_male",0,0.18413777407736,1
1,2,0.1,79,"ASC3_age",0,-0.184674588872565,1
1,2,0.1,79,"ASC3_income",0.2,0.0391783922827122,0
1,2,0.1,79,"ASC3_child",-0.3,-0.233643143904349,1
1,2,0.1,79,"prot25_male",0.2,-0.245973454191268,1
1,2,0.1,79,"prot25_age",0,0.091912119297661,0
1,2,0.1,79,"prot25_income",0.9,0.561679575097301,1
1,2,0.1,79,"prot25_child",0.3,0.0834822146414308,0
1,2,0.1,79,"prot50_male",1,0.329318679731246,1
1,2,0.1,79,"prot50_age",0,0.00825808423602009,0
1,2,0.1,79,"prot50_income",-0.7,-0.200234881612829,1
1,2,0.1,79,"prot50_child",0,-0.295329671337149,1
1,2,0.1,79,"invasive_male",-0.6,-0.353161389225179,1
1,2,0.1,79,"invasive_age",-1.1,-0.632914970053752,1
1,2,0.1,79,"invasive_income",0,0.0411115212830066,0
1,2,0.1,79,"invasive_child",-0.1,-0.23185483818653,1
1,2,0.1,80,"ASC2_male",0.8,0.432947004490866,1
1,2,0.1,80,"ASC2_age",0,-0.184894695330333,1
1,2,0.1,80,"ASC2_income",0.4,0.343056179557144,1
1,2,0.1,80,"ASC2_child",-1,-0.525262554037474,1
1,2,0.1,80,"ASC3_male",0,-0.0433031198074106,0
1,2,0.1,80,"ASC3_age",1,0.410450735248473,1
1,2,0.1,80,"ASC3_income",0,0.0991502205359431,0
1,2,0.1,80,"ASC3_child",-1.1,-0.450219070977335,1
1,2,0.1,80,"prot25_male",0.8,0.575148216016792,1
1,2,0.1,80,"prot25_age",0,0.121005601409654,1
1,2,0.1,80,"prot25_income",0,-0.166913943408924,1
1,2,0.1,80,"prot25_child",0.3,0.278792663040406,1
1,2,0.1,80,"prot50_male",0,-0.0773962865770639,0
1,2,0.1,80,"prot50_age",1,0.629234796240029,1
1,2,0.1,80,"prot50_income",0,-0.218599653758233,1
1,2,0.1,80,"prot50_child",0,-0.176518356211068,1
1,2,0.1,80,"invasive_male",0,0.078696682538983,0
1,2,0.1,80,"invasive_age",1,0.37289361718852,1
1,2,0.1,80,"invasive_income",0,0.0855726599339601,0
1,2,0.1,80,"invasive_child",1.1,0.55895763728446,1
1,2,0.1,81,"ASC2_male",1,1.02223402409417,1
1,2,0.1,81,"ASC2_age",0,0.0651786769484966,0
1,2,0.1,81,"ASC2_income",0,0.133158037743471,1
1,2,0.1,81,"ASC2_child",0,-0.201952273804858,1
1,2,0.1,81,"ASC3_male",0,0.384599728327285,1
1,2,0.1,81,"ASC3_age",0,0.0796255772912557,0
1,2,0.1,81,"ASC3_income",0,0.0383649607709745,0
1,2,0.1,81,"ASC3_child",-0.4,-0.184275558981375,1
1,2,0.1,81,"prot25_male",0,-0.307075051043775,1
1,2,0.1,81,"prot25_age",0,-0.0728858277172383,0
1,2,0.1,81,"prot25_income",0,-0.112344684642816,1
1,2,0.1,81,"prot25_child",-0.2,-0.440464454982268,1
1,2,0.1,81,"prot50_male",1.1,-0.0620307941261577,0
1,2,0.1,81,"prot50_age",0.8,0.371276545406168,1
1,2,0.1,81,"prot50_income",0,0.163968363216792,1
1,2,0.1,81,"prot50_child",-0.3,-0.111947396807816,1
1,2,0.1,81,"invasive_male",-0.2,-0.0222222042734847,0
1,2,0.1,81,"invasive_age",-1.2,-0.618842140958608,1
1,2,0.1,81,"invasive_income",0.4,0.386240876913966,1
1,2,0.1,81,"invasive_child",1.1,0.636605399015191,1
1,2,0.1,82,"ASC2_male",0,0.0964836807397296,0
1,2,0.1,82,"ASC2_age",0,-0.0585966979793654,0
1,2,0.1,82,"ASC2_income",-0.8,-0.348721132943493,1
1,2,0.1,82,"ASC2_child",0.4,0.454198683972439,1
1,2,0.1,82,"ASC3_male",-0.5,-0.190802591887795,1
1,2,0.1,82,"ASC3_age",0,-0.108065026028198,1
1,2,0.1,82,"ASC3_income",0,0.106476841797055,1
1,2,0.1,82,"ASC3_child",0,0.104465709277587,1
1,2,0.1,82,"prot25_male",-0.5,-0.272291841630638,1
1,2,0.1,82,"prot25_age",0,-0.0441609422148254,0
1,2,0.1,82,"prot25_income",0.8,0.0994434924710638,0
1,2,0.1,82,"prot25_child",0,0.0121423957653187,0
1,2,0.1,82,"prot50_male",-0.3,-0.224475834058459,1
1,2,0.1,82,"prot50_age",0,-0.0737466486013645,0
1,2,0.1,82,"prot50_income",0.6,0.247271485330969,1
1,2,0.1,82,"prot50_child",0.3,0.265334728981563,1
1,2,0.1,82,"invasive_male",-1.1,-0.777000113692087,1
1,2,0.1,82,"invasive_age",-1.2,-0.566890069181084,1
1,2,0.1,82,"invasive_income",0,0.0159887548876845,0
1,2,0.1,82,"invasive_child",0,0.0160770604941118,0
1,2,0.1,83,"ASC2_male",0.5,0.171394962284864,1
1,2,0.1,83,"ASC2_age",0,0.155008196831521,1
1,2,0.1,83,"ASC2_income",-0.6,-0.253797045930033,1
1,2,0.1,83,"ASC2_child",-0.5,-0.0673219002176269,0
1,2,0.1,83,"ASC3_male",0,0.00741999939967505,0
1,2,0.1,83,"ASC3_age",0,0.088040195727372,0
1,2,0.1,83,"ASC3_income",0,0.0816743139904399,0
1,2,0.1,83,"ASC3_child",0,0.222944690316641,1
1,2,0.1,83,"prot25_male",-1,-0.482284638673683,1
1,2,0.1,83,"prot25_age",0.1,-0.138312509071854,1
1,2,0.1,83,"prot25_income",0,-0.0245139553064651,0
1,2,0.1,83,"prot25_child",0,-0.185008562299213,1
1,2,0.1,83,"prot50_male",0.7,0.406413815269897,1
1,2,0.1,83,"prot50_age",0,-0.181386381263495,1
1,2,0.1,83,"prot50_income",1.1,0.602372271827103,1
1,2,0.1,83,"prot50_child",0,-0.216385261050699,1
1,2,0.1,83,"invasive_male",0.7,0.289420824959917,1
1,2,0.1,83,"invasive_age",-1,-0.476505716265652,1
1,2,0.1,83,"invasive_income",0.3,0.33218942133705,1
1,2,0.1,83,"invasive_child",0,0.0462504836687671,0
1,2,0.1,84,"ASC2_male",0,-0.0568331293495978,0
1,2,0.1,84,"ASC2_age",0,0.0562862480131755,0
1,2,0.1,84,"ASC2_income",-0.9,-0.304801632201218,1
1,2,0.1,84,"ASC2_child",1.1,0.933862053592774,1
1,2,0.1,84,"ASC3_male",0.7,0.378389078718002,1
1,2,0.1,84,"ASC3_age",0,0.0105038855780678,0
1,2,0.1,84,"ASC3_income",0,0.0347942462036693,0
1,2,0.1,84,"ASC3_child",0.3,0.47138982595167,1
1,2,0.1,84,"prot25_male",0.3,0.0840641462505324,0
1,2,0.1,84,"prot25_age",0,0.0384470956862491,0
1,2,0.1,84,"prot25_income",0,0.00315722606167534,0
1,2,0.1,84,"prot25_child",0,-0.371700763504077,1
1,2,0.1,84,"prot50_male",0,-0.164725735910067,1
1,2,0.1,84,"prot50_age",-0.2,-0.151227764932626,1
1,2,0.1,84,"prot50_income",0.5,0.305495289134051,1
1,2,0.1,84,"prot50_child",0,-0.217385422191579,1
1,2,0.1,84,"invasive_male",0,-0.20874801292145,1
1,2,0.1,84,"invasive_age",-0.7,-0.398474060895137,1
1,2,0.1,84,"invasive_income",-0.9,-0.327538055136584,1
1,2,0.1,84,"invasive_child",0.5,0.291501256182078,1
1,2,0.1,85,"ASC2_male",0.9,0.250832885548164,1
1,2,0.1,85,"ASC2_age",0,-0.0627279074128221,0
1,2,0.1,85,"ASC2_income",-0.2,-0.0877668172227055,0
1,2,0.1,85,"ASC2_child",0.5,0.208192040723338,1
1,2,0.1,85,"ASC3_male",0,-0.176854184678116,1
1,2,0.1,85,"ASC3_age",0,-0.0297134490665175,0
1,2,0.1,85,"ASC3_income",0,-0.0519577992499309,0
1,2,0.1,85,"ASC3_child",0.8,0.282553960772074,1
1,2,0.1,85,"prot25_male",0.4,0.611417699306186,1
1,2,0.1,85,"prot25_age",0,-0.00691097428103836,0
1,2,0.1,85,"prot25_income",0.5,0.187726570559435,1
1,2,0.1,85,"prot25_child",-0.2,-0.0129423048706481,0
1,2,0.1,85,"prot50_male",-0.1,0.266114891403971,1
1,2,0.1,85,"prot50_age",0,0.0211356744940361,0
1,2,0.1,85,"prot50_income",-1.1,-0.660244062166874,1
1,2,0.1,85,"prot50_child",0,-0.0533496644862321,0
1,2,0.1,85,"invasive_male",0.7,0.371154754687114,1
1,2,0.1,85,"invasive_age",0,-0.0249266969343496,0
1,2,0.1,85,"invasive_income",0,0.0484409390792358,0
1,2,0.1,85,"invasive_child",0,0.0645055502422509,0
1,2,0.1,86,"ASC2_male",0.2,0.0735544496170304,0
1,2,0.1,86,"ASC2_age",0.4,0.283615610098469,1
1,2,0.1,86,"ASC2_income",0,-0.066970760903875,0
1,2,0.1,86,"ASC2_child",-0.2,0.233150216499208,1
1,2,0.1,86,"ASC3_male",-0.2,-0.127005337407542,1
1,2,0.1,86,"ASC3_age",0,0.0098526812941693,0
1,2,0.1,86,"ASC3_income",0,-0.174013908744299,1
1,2,0.1,86,"ASC3_child",0,0.366255511615079,1
1,2,0.1,86,"prot25_male",0,-0.123041142462217,1
1,2,0.1,86,"prot25_age",0,-0.00456097787715627,0
1,2,0.1,86,"prot25_income",-0.2,-0.0920387673837282,0
1,2,0.1,86,"prot25_child",0,0.00657335346894676,0
1,2,0.1,86,"prot50_male",0.6,0.170058151256311,1
1,2,0.1,86,"prot50_age",-1,-0.560421120480855,1
1,2,0.1,86,"prot50_income",0,0.167538248992652,1
1,2,0.1,86,"prot50_child",1,0.433857731495135,1
1,2,0.1,86,"invasive_male",0.5,0.150183792742159,1
1,2,0.1,86,"invasive_age",0,0.11979881173878,1
1,2,0.1,86,"invasive_income",0,0.0776452406055679,0
1,2,0.1,86,"invasive_child",-1,-0.509372360168228,1
1,2,0.1,87,"ASC2_male",0.2,0.224318549819385,1
1,2,0.1,87,"ASC2_age",1.1,0.580741154703601,1
1,2,0.1,87,"ASC2_income",0,-0.0632030773556261,0
1,2,0.1,87,"ASC2_child",0,0.0882125024985655,0
1,2,0.1,87,"ASC3_male",0,-0.106314644332982,1
1,2,0.1,87,"ASC3_age",-0.4,-0.174908673462047,1
1,2,0.1,87,"ASC3_income",0,0.0514335180670173,0
1,2,0.1,87,"ASC3_child",0.7,0.426532324691518,1
1,2,0.1,87,"prot25_male",-1.2,-0.678548654804388,1
1,2,0.1,87,"prot25_age",-0.9,-0.463518735238628,1
1,2,0.1,87,"prot25_income",0,-0.0221243794104958,0
1,2,0.1,87,"prot25_child",-0.2,-0.170326305749263,1
1,2,0.1,87,"prot50_male",-0.5,-0.16254486063851,1
1,2,0.1,87,"prot50_age",0,-0.131415017015297,1
1,2,0.1,87,"prot50_income",0,-0.159300329751235,1
1,2,0.1,87,"prot50_child",0.4,0.241251691920072,1
1,2,0.1,87,"invasive_male",0,-0.0310532302035446,0
1,2,0.1,87,"invasive_age",0,-0.00438607570682357,0
1,2,0.1,87,"invasive_income",0,-0.125355290027256,1
1,2,0.1,87,"invasive_child",0.8,0.819934207776503,1
1,2,0.1,88,"ASC2_male",-1.1,-0.369123047018531,1
1,2,0.1,88,"ASC2_age",0,-0.1213927606781,1
1,2,0.1,88,"ASC2_income",0.3,0.0479883610713581,0
1,2,0.1,88,"ASC2_child",0,-0.343151554580086,1
1,2,0.1,88,"ASC3_male",-1.1,-0.489769563619113,1
1,2,0.1,88,"ASC3_age",0,-0.00652913283339947,0
1,2,0.1,88,"ASC3_income",0,-0.155991309310262,1
1,2,0.1,88,"ASC3_child",0.5,-0.038750530074132,0
1,2,0.1,88,"prot25_male",0.6,0.0923534436784399,0
1,2,0.1,88,"prot25_age",0,0.109159267751508,1
1,2,0.1,88,"prot25_income",0,0.0102006022847905,0
1,2,0.1,88,"prot25_child",0,0.290278128977297,1
1,2,0.1,88,"prot50_male",0,-0.343705381515946,1
1,2,0.1,88,"prot50_age",-0.3,-0.0280298658822827,0
1,2,0.1,88,"prot50_income",-0.5,-0.112951505354638,1
1,2,0.1,88,"prot50_child",0.8,0.661618671706352,1
1,2,0.1,88,"invasive_male",0,-0.0583687711514505,0
1,2,0.1,88,"invasive_age",-1.1,-0.574709398493621,1
1,2,0.1,88,"invasive_income",0.4,0.196039643984448,1
1,2,0.1,88,"invasive_child",0,0.131846885139787,1
1,2,0.1,89,"ASC2_male",0,-0.331976475809024,1
1,2,0.1,89,"ASC2_age",0,0.122467746924364,1
1,2,0.1,89,"ASC2_income",0.5,0.22601832352618,1
1,2,0.1,89,"ASC2_child",0,-0.232374596478605,1
1,2,0.1,89,"ASC3_male",0,-0.210871344527287,1
1,2,0.1,89,"ASC3_age",0.3,0.33387479644784,1
1,2,0.1,89,"ASC3_income",-0.8,-0.417622282835988,1
1,2,0.1,89,"ASC3_child",0,-0.323392092912875,1
1,2,0.1,89,"prot25_male",0.1,0.30085341925624,1
1,2,0.1,89,"prot25_age",-0.1,-0.146101152769699,1
1,2,0.1,89,"prot25_income",0,0.107195683469932,1
1,2,0.1,89,"prot25_child",-1.2,-0.600790991853943,1
1,2,0.1,89,"prot50_male",-0.5,0.112998939272728,1
1,2,0.1,89,"prot50_age",0,-0.0627762638475057,0
1,2,0.1,89,"prot50_income",0,0.0696835578769583,0
1,2,0.1,89,"prot50_child",0,0.313778944252284,1
1,2,0.1,89,"invasive_male",-0.6,-0.487640854484694,1
1,2,0.1,89,"invasive_age",0.2,0.0413890463266645,0
1,2,0.1,89,"invasive_income",1.1,0.642334362220736,1
1,2,0.1,89,"invasive_child",0,0.0232297922642956,0
1,2,0.1,90,"ASC2_male",-1,-0.107091647266463,1
1,2,0.1,90,"ASC2_age",-0.2,-0.392231302007068,1
1,2,0.1,90,"ASC2_income",-0.9,-0.378666687537605,1
1,2,0.1,90,"ASC2_child",0.8,-0.183194296943046,1
1,2,0.1,90,"ASC3_male",0,0.29106123008198,1
1,2,0.1,90,"ASC3_age",0,-0.24263271302368,1
1,2,0.1,90,"ASC3_income",0,0.0983454344002504,0
1,2,0.1,90,"ASC3_child",0.6,-0.253525719345899,1
1,2,0.1,90,"prot25_male",0,-0.240830860714017,1
1,2,0.1,90,"prot25_age",0,0.223294277300192,1
1,2,0.1,90,"prot25_income",0.8,0.462635366313539,1
1,2,0.1,90,"prot25_child",0,0.437197911534494,1
1,2,0.1,90,"prot50_male",0,-0.0923664284246421,0
1,2,0.1,90,"prot50_age",1,0.659924354139174,1
1,2,0.1,90,"prot50_income",0.6,0.267242020229406,1
1,2,0.1,90,"prot50_child",0,0.25433240030327,1
1,2,0.1,90,"invasive_male",0,-0.0269806216915488,0
1,2,0.1,90,"invasive_age",0,0.0270877590717408,0
1,2,0.1,90,"invasive_income",-0.6,-0.267023371239375,1
1,2,0.1,90,"invasive_child",-1.2,-0.715853255782119,1
1,2,0.1,91,"ASC2_male",1.2,0.724914959169735,1
1,2,0.1,91,"ASC2_age",0.2,0.0538731678635001,0
1,2,0.1,91,"ASC2_income",0,0.0675855300818306,0
1,2,0.1,91,"ASC2_child",0,-0.288363627147039,1
1,2,0.1,91,"ASC3_male",0,0.121728348214966,1
1,2,0.1,91,"ASC3_age",0,-0.0922173697886432,0
1,2,0.1,91,"ASC3_income",0.6,0.41434421595077,1
1,2,0.1,91,"ASC3_child",1.1,0.483490524298601,1
1,2,0.1,91,"prot25_male",0,0.254654983418264,1
1,2,0.1,91,"prot25_age",0.3,0.265459513129003,1
1,2,0.1,91,"prot25_income",0.2,0.0945227027646879,0
1,2,0.1,91,"prot25_child",0,0.182742645541107,1
1,2,0.1,91,"prot50_male",-0.7,-0.295952228026873,1
1,2,0.1,91,"prot50_age",0,0.190527127493423,1
1,2,0.1,91,"prot50_income",-1,-0.643617799816758,1
1,2,0.1,91,"prot50_child",0,0.432568788580204,1
1,2,0.1,91,"invasive_male",-0.6,-0.261642887852869,1
1,2,0.1,91,"invasive_age",0,0.0230365396918012,0
1,2,0.1,91,"invasive_income",0.4,0.289089393225079,1
1,2,0.1,91,"invasive_child",0,0.133924122769869,1
1,2,0.1,92,"ASC2_male",-0.4,-0.229010409255438,1
1,2,0.1,92,"ASC2_age",0,0.101534198467026,1
1,2,0.1,92,"ASC2_income",1,0.328214674248597,1
1,2,0.1,92,"ASC2_child",0,0.130778355218465,1
1,2,0.1,92,"ASC3_male",-1.1,-0.522249358066284,1
1,2,0.1,92,"ASC3_age",0.6,0.387729097623016,1
1,2,0.1,92,"ASC3_income",0.8,0.157280061746784,1
1,2,0.1,92,"ASC3_child",0,0.171123387081398,1
1,2,0.1,92,"prot25_male",0,-0.0925657229657023,0
1,2,0.1,92,"prot25_age",0,-0.0191641707929041,0
1,2,0.1,92,"prot25_income",0.7,0.422644086736681,1
1,2,0.1,92,"prot25_child",-0.8,-0.475234397958849,1
1,2,0.1,92,"prot50_male",1,0.46789885324724,1
1,2,0.1,92,"prot50_age",0,-0.00861663492058541,0
1,2,0.1,92,"prot50_income",-1.2,-0.583650158403724,1
1,2,0.1,92,"prot50_child",0,-0.137218094077457,1
1,2,0.1,92,"invasive_male",0,0.0773845007838662,0
1,2,0.1,92,"invasive_age",0,0.102421666226641,1
1,2,0.1,92,"invasive_income",-0.9,-0.494321842314523,1
1,2,0.1,92,"invasive_child",0,0.0757744407413002,0
1,2,0.1,93,"ASC2_male",0,0.068241348728621,0
1,2,0.1,93,"ASC2_age",1,0.657575275267358,1
1,2,0.1,93,"ASC2_income",0,0.157941586775298,1
1,2,0.1,93,"ASC2_child",-0.3,-0.403748157890474,1
1,2,0.1,93,"ASC3_male",-1,-0.685397384729214,1
1,2,0.1,93,"ASC3_age",0,0.257523075944357,1
1,2,0.1,93,"ASC3_income",0,0.21906665912229,1
1,2,0.1,93,"ASC3_child",0.1,-0.331300394510622,1
1,2,0.1,93,"prot25_male",0.7,0.258292815254431,1
1,2,0.1,93,"prot25_age",0,-0.187439795005841,1
1,2,0.1,93,"prot25_income",-0.7,-0.596361885674638,1
1,2,0.1,93,"prot25_child",0,0.445746901847643,1
1,2,0.1,93,"prot50_male",0,-0.0967137134833604,0
1,2,0.1,93,"prot50_age",0,-0.0865316566289799,0
1,2,0.1,93,"prot50_income",0,-0.078053667902231,0
1,2,0.1,93,"prot50_child",0.9,0.953041787298094,1
1,2,0.1,93,"invasive_male",-0.7,-0.651317971200095,1
1,2,0.1,93,"invasive_age",-0.7,-0.25301626786565,1
1,2,0.1,93,"invasive_income",0,0.213716171381095,1
1,2,0.1,93,"invasive_child",-0.2,-0.216117329924791,1
1,2,0.1,94,"ASC2_male",0.3,0.344697668620828,1
1,2,0.1,94,"ASC2_age",-0.4,-0.0413050047393965,0
1,2,0.1,94,"ASC2_income",-0.4,-0.199273775059301,1
1,2,0.1,94,"ASC2_child",-0.6,0.0385368244960337,0
1,2,0.1,94,"ASC3_male",-0.3,-0.124866723784586,1
1,2,0.1,94,"ASC3_age",0,0.0531970834714276,0
1,2,0.1,94,"ASC3_income",0,0.0410822438632321,0
1,2,0.1,94,"ASC3_child",0.9,0.516183092245877,1
1,2,0.1,94,"prot25_male",0.3,0.114217162111929,1
1,2,0.1,94,"prot25_age",0,0.0938956250150802,0
1,2,0.1,94,"prot25_income",0.2,0.136314480099983,1
1,2,0.1,94,"prot25_child",0,0.19908047134461,1
1,2,0.1,94,"prot50_male",0,0.0447326690484702,0
1,2,0.1,94,"prot50_age",0.5,0.310546884135372,1
1,2,0.1,94,"prot50_income",0,0.00560521544364942,0
1,2,0.1,94,"prot50_child",-0.1,-0.130489021973076,1
1,2,0.1,94,"invasive_male",0,0.18231963002015,1
1,2,0.1,94,"invasive_age",0,0.0918691633265615,0
1,2,0.1,94,"invasive_income",0,0.10316007462686,1
1,2,0.1,94,"invasive_child",0,-0.105008116648067,1
1,2,0.1,95,"ASC2_male",-0.9,-0.799764400636674,1
1,2,0.1,95,"ASC2_age",0,0.0324837152381816,0
1,2,0.1,95,"ASC2_income",0,-0.0484234193940815,0
1,2,0.1,95,"ASC2_child",0,0.353319973511871,1
1,2,0.1,95,"ASC3_male",0,-0.308534294744249,1
1,2,0.1,95,"ASC3_age",1.1,0.594237522612707,1
1,2,0.1,95,"ASC3_income",0.8,0.418729648213715,1
1,2,0.1,95,"ASC3_child",-1,-0.23934541468826,1
1,2,0.1,95,"prot25_male",-1,-0.139632340918505,1
1,2,0.1,95,"prot25_age",0.8,0.441725009439779,1
1,2,0.1,95,"prot25_income",0.7,0.306151287187642,1
1,2,0.1,95,"prot25_child",0.6,0.177924908651248,1
1,2,0.1,95,"prot50_male",0,0.244119445480036,1
1,2,0.1,95,"prot50_age",0,0.0246902035667294,0
1,2,0.1,95,"prot50_income",1,0.370086756381257,1
1,2,0.1,95,"prot50_child",0,-0.149909275597133,1
1,2,0.1,95,"invasive_male",0,-0.175199120801207,1
1,2,0.1,95,"invasive_age",0,-0.028061184346142,0
1,2,0.1,95,"invasive_income",0,-0.0652848987593041,0
1,2,0.1,95,"invasive_child",0.4,0.31857584308672,1
1,2,0.1,96,"ASC2_male",0.6,0.6477814253729,1
1,2,0.1,96,"ASC2_age",0,0.0508470612769905,0
1,2,0.1,96,"ASC2_income",0,-0.169355840409777,1
1,2,0.1,96,"ASC2_child",0,0.682446058671276,1
1,2,0.1,96,"ASC3_male",-0.1,0.316381061584814,1
1,2,0.1,96,"ASC3_age",1.2,0.598534784659528,1
1,2,0.1,96,"ASC3_income",0,-0.203372272975532,1
1,2,0.1,96,"ASC3_child",0,0.649671498880082,1
1,2,0.1,96,"prot25_male",-0.6,-0.565105284144237,1
1,2,0.1,96,"prot25_age",0.3,0.139777673125011,1
1,2,0.1,96,"prot25_income",-0.8,-0.250594472974509,1
1,2,0.1,96,"prot25_child",0.7,0.0217675146052103,0
1,2,0.1,96,"prot50_male",-1,-0.480776831797946,1
1,2,0.1,96,"prot50_age",0,-0.0303502410753524,0
1,2,0.1,96,"prot50_income",0,0.092973088738856,0
1,2,0.1,96,"prot50_child",0,-0.323845560276698,1
1,2,0.1,96,"invasive_male",-0.2,0.203434811411392,1
1,2,0.1,96,"invasive_age",-0.4,-0.213990264725017,1
1,2,0.1,96,"invasive_income",0,-0.0883925805753285,0
1,2,0.1,96,"invasive_child",0,0.330167078121061,1
1,2,0.1,97,"ASC2_male",-1,-0.401897728854628,1
1,2,0.1,97,"ASC2_age",0.2,0.0305436619106289,0
1,2,0.1,97,"ASC2_income",0,0.00433297373256144,0
1,2,0.1,97,"ASC2_child",-0.3,-0.316784527040909,1
1,2,0.1,97,"ASC3_male",0.5,0.0248070319417759,0
1,2,0.1,97,"ASC3_age",0.5,0.220854155851597,1
1,2,0.1,97,"ASC3_income",0,0.112826511574998,1
1,2,0.1,97,"ASC3_child",-0.2,-0.240418559495465,1
1,2,0.1,97,"prot25_male",0,-0.0627705536260323,0
1,2,0.1,97,"prot25_age",0,0.133812438000251,1
1,2,0.1,97,"prot25_income",-0.1,-0.106841945620483,1
1,2,0.1,97,"prot25_child",0,0.293379358110879,1
1,2,0.1,97,"prot50_male",0.6,0.46070538091943,1
1,2,0.1,97,"prot50_age",0,0.0669807331534077,0
1,2,0.1,97,"prot50_income",-0.5,-0.375520959478918,1
1,2,0.1,97,"prot50_child",0,0.285797789379726,1
1,2,0.1,97,"invasive_male",0,0.176081068127716,1
1,2,0.1,97,"invasive_age",0,-0.0240139782876365,0
1,2,0.1,97,"invasive_income",-0.7,-0.481840534214522,1
1,2,0.1,97,"invasive_child",0,-0.00102709031527126,0
1,2,0.1,98,"ASC2_male",0,-0.136694701707071,1
1,2,0.1,98,"ASC2_age",0,0.0881936512348105,0
1,2,0.1,98,"ASC2_income",-0.5,-0.251902770897167,1
1,2,0.1,98,"ASC2_child",-1.1,-0.70744030337992,1
1,2,0.1,98,"ASC3_male",-0.3,-0.137152984738996,1
1,2,0.1,98,"ASC3_age",1,0.525622451418262,1
1,2,0.1,98,"ASC3_income",0,0.0111380793487097,0
1,2,0.1,98,"ASC3_child",-0.6,-0.257697376165467,1
1,2,0.1,98,"prot25_male",-0.4,-0.19329425711683,1
1,2,0.1,98,"prot25_age",0,0.0125690958147319,0
1,2,0.1,98,"prot25_income",1.2,0.44808404158899,1
1,2,0.1,98,"prot25_child",-0.8,-0.339126019232563,1
1,2,0.1,98,"prot50_male",-1.1,-0.481470473718148,1
1,2,0.1,98,"prot50_age",0,-0.00274353025225477,0
1,2,0.1,98,"prot50_income",0,-0.0632746959317227,0
1,2,0.1,98,"prot50_child",0,-0.136540968289226,1
1,2,0.1,98,"invasive_male",0,-0.157764773486107,1
1,2,0.1,98,"invasive_age",0,0.157174118829734,1
1,2,0.1,98,"invasive_income",0,-0.051168522708117,0
1,2,0.1,98,"invasive_child",1,0.540972626224267,1
1,2,0.1,99,"ASC2_male",1.1,0.338500373805243,1
1,2,0.1,99,"ASC2_age",0.3,0.113040121687671,1
1,2,0.1,99,"ASC2_income",-0.8,-0.146415942925423,1
1,2,0.1,99,"ASC2_child",0.2,-0.211094609409318,1
1,2,0.1,99,"ASC3_male",1.1,0.453327538617066,1
1,2,0.1,99,"ASC3_age",0,0.0411797363423014,0
1,2,0.1,99,"ASC3_income",0,0.136995203656998,1
1,2,0.1,99,"ASC3_child",0,-0.248148171416339,1
1,2,0.1,99,"prot25_male",-0.6,-0.295173350952315,1
1,2,0.1,99,"prot25_age",0,-0.0450027724870833,0
1,2,0.1,99,"prot25_income",0,-0.121810567388256,1
1,2,0.1,99,"prot25_child",0,-0.0734843869982724,0
1,2,0.1,99,"prot50_male",-0.2,-0.158162581621777,1
1,2,0.1,99,"prot50_age",0.9,0.337654102323259,1
1,2,0.1,99,"prot50_income",-0.1,-0.117914109750128,1
1,2,0.1,99,"prot50_child",0,-0.0606978536885001,0
1,2,0.1,99,"invasive_male",0.9,0.328897233397785,1
1,2,0.1,99,"invasive_age",0,0.0284860008844526,0
1,2,0.1,99,"invasive_income",0,0.000807296214080559,0
1,2,0.1,99,"invasive_child",0,-0.289292114936847,1
1,2,0.1,100,"ASC2_male",0.1,0.30756460289379,1
1,2,0.1,100,"ASC2_age",0,0.0260774584687261,0
1,2,0.1,100,"ASC2_income",0,0.0353509023344171,0
1,2,0.1,100,"ASC2_child",-0.7,-0.0633461787095704,0
1,2,0.1,100,"ASC3_male",0,0.396086143593939,1
1,2,0.1,100,"ASC3_age",0,-0.0192582148846447,0
1,2,0.1,100,"ASC3_income",-0.7,-0.333693675287867,1
1,2,0.1,100,"ASC3_child",-1.1,-0.324859573077987,1
1,2,0.1,100,"prot25_male",0,-0.360363149574511,1
1,2,0.1,100,"prot25_age",-0.7,-0.255662077425626,1
1,2,0.1,100,"prot25_income",0,0.00046055561206995,0
1,2,0.1,100,"prot25_child",-0.6,-0.215879733778766,1
1,2,0.1,100,"prot50_male",0,-0.361136710324558,1
1,2,0.1,100,"prot50_age",0,-0.0653590541207485,0
1,2,0.1,100,"prot50_income",0.5,0.149917758530702,1
1,2,0.1,100,"prot50_child",1,0.450448448778002,1
1,2,0.1,100,"invasive_male",0,0.170570078671326,1
1,2,0.1,100,"invasive_age",0,-0.103624756661573,1
1,2,0.1,100,"invasive_income",0.8,0.279919789886168,1
1,2,0.1,100,"invasive_child",0.4,0.211908278671866,1
1,2,0.5,1,"ASC2_male",0.9,0.0909804394108366,0
1,2,0.5,1,"ASC2_age",0.3,0.158212903692652,0
1,2,0.5,1,"ASC2_income",0,0.0335570842683434,0
1,2,0.5,1,"ASC2_child",0,0.0426951488224445,0
1,2,0.5,1,"ASC3_male",-1.1,-0.807516079091991,1
1,2,0.5,1,"ASC3_age",0,0.133964674013527,0
1,2,0.5,1,"ASC3_income",0.8,0.469438741833061,0
1,2,0.5,1,"ASC3_child",0,0.282371386254351,0
1,2,0.5,1,"prot25_male",1.2,0.724124997168897,1
1,2,0.5,1,"prot25_age",0.7,0.400794518429195,0
1,2,0.5,1,"prot25_income",0,-0.0594765618286451,0
1,2,0.5,1,"prot25_child",1.1,0.741618055731677,1
1,2,0.5,1,"prot50_male",0,0.207173681451751,0
1,2,0.5,1,"prot50_age",0,0.0539064655454739,0
1,2,0.5,1,"prot50_income",-1.2,-0.72644760448704,1
1,2,0.5,1,"prot50_child",1.1,0.692131705492237,1
1,2,0.5,1,"invasive_male",0,-0.212040124140491,0
1,2,0.5,1,"invasive_age",-0.6,-0.24793549131188,0
1,2,0.5,1,"invasive_income",0,-0.0995019481194603,0
1,2,0.5,1,"invasive_child",0,0.152148398564228,0
1,2,0.5,2,"ASC2_male",0,-0.100504538309036,0
1,2,0.5,2,"ASC2_age",0.1,-0.057562609702682,0
1,2,0.5,2,"ASC2_income",0.7,0.36385614948057,0
1,2,0.5,2,"ASC2_child",-0.4,-0.246789874861348,0
1,2,0.5,2,"ASC3_male",0,0.0133053186069936,0
1,2,0.5,2,"ASC3_age",0.4,-0.0560613441069618,0
1,2,0.5,2,"ASC3_income",-0.8,-0.344327960770606,0
1,2,0.5,2,"ASC3_child",0,-0.0740022782669421,0
1,2,0.5,2,"prot25_male",0.5,0.402697126653742,0
1,2,0.5,2,"prot25_age",0.8,0.539666454638889,1
1,2,0.5,2,"prot25_income",0,0.0591747770573456,0
1,2,0.5,2,"prot25_child",0,-0.0103375351638628,0
1,2,0.5,2,"prot50_male",0,-0.0498850970374787,0
1,2,0.5,2,"prot50_age",0,0.192488292479636,0
1,2,0.5,2,"prot50_income",0,0.00985871043439504,0
1,2,0.5,2,"prot50_child",0,0.135433834839607,0
1,2,0.5,2,"invasive_male",1,0.391517398522375,0
1,2,0.5,2,"invasive_age",-0.1,-0.204654334630341,0
1,2,0.5,2,"invasive_income",0,0.0454402179740039,0
1,2,0.5,2,"invasive_child",-0.6,-0.431242313406435,0
1,2,0.5,3,"ASC2_male",-0.9,-0.258224583355464,0
1,2,0.5,3,"ASC2_age",-0.4,-0.248589827977666,0
1,2,0.5,3,"ASC2_income",0,-0.0799138576416438,0
1,2,0.5,3,"ASC2_child",0,-0.121008331594008,0
1,2,0.5,3,"ASC3_male",-0.7,-0.30187322794215,0
1,2,0.5,3,"ASC3_age",0,-0.0213812487472167,0
1,2,0.5,3,"ASC3_income",0,-0.0757374729023707,0
1,2,0.5,3,"ASC3_child",1,0.614931595236886,1
1,2,0.5,3,"prot25_male",0,0.052049161202685,0
1,2,0.5,3,"prot25_age",0,0.026766384796417,0
1,2,0.5,3,"prot25_income",0,0.0977311974519054,0
1,2,0.5,3,"prot25_child",0,-0.0466810490750143,0
1,2,0.5,3,"prot50_male",0.7,0.366498505069682,0
1,2,0.5,3,"prot50_age",-0.2,0.0174348868726657,0
1,2,0.5,3,"prot50_income",-1,-0.537314413091293,1
1,2,0.5,3,"prot50_child",-0.8,-0.139818347918649,0
1,2,0.5,3,"invasive_male",0,0.0820854530944037,0
1,2,0.5,3,"invasive_age",0,0.0379449355852762,0
1,2,0.5,3,"invasive_income",-1.2,-0.643320782972605,1
1,2,0.5,3,"invasive_child",1,0.494363085831288,0
1,2,0.5,4,"ASC2_male",0,0.397520134931442,0
1,2,0.5,4,"ASC2_age",-0.1,0.142880350323237,0
1,2,0.5,4,"ASC2_income",0,0.121397772295266,0
1,2,0.5,4,"ASC2_child",-0.6,-0.445881134360337,0
1,2,0.5,4,"ASC3_male",0,0.162661678589905,0
1,2,0.5,4,"ASC3_age",1,0.675927306402897,1
1,2,0.5,4,"ASC3_income",0,0.154941762575563,0
1,2,0.5,4,"ASC3_child",0,0.189861973570386,0
1,2,0.5,4,"prot25_male",0,0.0151339886986273,0
1,2,0.5,4,"prot25_age",-0.5,-0.368903644021599,0
1,2,0.5,4,"prot25_income",0,-0.169822915509122,0
1,2,0.5,4,"prot25_child",0,0.00386172066028349,0
1,2,0.5,4,"prot50_male",0.1,0.058589049590863,0
1,2,0.5,4,"prot50_age",1,0.608548146727631,1
1,2,0.5,4,"prot50_income",0,-0.0907893888798641,0
1,2,0.5,4,"prot50_child",-1,-0.442833275700988,0
1,2,0.5,4,"invasive_male",-1,-0.474976429147199,0
1,2,0.5,4,"invasive_age",-0.9,-0.356996106365189,0
1,2,0.5,4,"invasive_income",-0.3,-0.243208845336062,0
1,2,0.5,4,"invasive_child",0,-0.083971252201227,0
1,2,0.5,5,"ASC2_male",0,0.140031708520015,0
1,2,0.5,5,"ASC2_age",0.7,0.504279288543365,1
1,2,0.5,5,"ASC2_income",-0.4,-0.462538713081127,0
1,2,0.5,5,"ASC2_child",-0.3,0.00092697330936584,0
1,2,0.5,5,"ASC3_male",0,0.0423384724109724,0
1,2,0.5,5,"ASC3_age",0,0.101392501031189,0
1,2,0.5,5,"ASC3_income",0.9,0.305363049621615,0
1,2,0.5,5,"ASC3_child",-0.6,-0.207197526374141,0
1,2,0.5,5,"prot25_male",0.9,0.619947592810791,1
1,2,0.5,5,"prot25_age",0,-0.0517563711513811,0
1,2,0.5,5,"prot25_income",-0.3,0.0192338716901449,0
1,2,0.5,5,"prot25_child",0,0.0879509427654444,0
1,2,0.5,5,"prot50_male",0.4,0.258301506800146,0
1,2,0.5,5,"prot50_age",0,-0.023323825032358,0
1,2,0.5,5,"prot50_income",0.5,0.520079918936942,1
1,2,0.5,5,"prot50_child",0,-0.0142032172280626,0
1,2,0.5,5,"invasive_male",0.7,0.495026211003723,0
1,2,0.5,5,"invasive_age",0,0.0629291069452126,0
1,2,0.5,5,"invasive_income",0,0.0147927601509144,0
1,2,0.5,5,"invasive_child",0,-0.105395425743318,0
1,2,0.5,6,"ASC2_male",0.4,0.365052269365296,0
1,2,0.5,6,"ASC2_age",0.7,0.300831137002529,0
1,2,0.5,6,"ASC2_income",0,-0.195994214638343,0
1,2,0.5,6,"ASC2_child",0,-0.148060948726043,0
1,2,0.5,6,"ASC3_male",0,0.111597416274981,0
1,2,0.5,6,"ASC3_age",0,-0.182119563286007,0
1,2,0.5,6,"ASC3_income",0,-0.215240262410342,0
1,2,0.5,6,"ASC3_child",1.2,0.627712097353611,1
1,2,0.5,6,"prot25_male",-0.4,-0.500830468765413,1
1,2,0.5,6,"prot25_age",-0.3,0.119538309712902,0
1,2,0.5,6,"prot25_income",0,0.0968154725126613,0
1,2,0.5,6,"prot25_child",0,0.267987647259079,0
1,2,0.5,6,"prot50_male",0,-0.17285638541239,0
1,2,0.5,6,"prot50_age",-1.1,-0.476673224889046,0
1,2,0.5,6,"prot50_income",-0.2,0.0393721162669885,0
1,2,0.5,6,"prot50_child",-0.2,-0.137941997328832,0
1,2,0.5,6,"invasive_male",0,0.109923555507215,0
1,2,0.5,6,"invasive_age",1,0.499693063377479,0
1,2,0.5,6,"invasive_income",0,8.5388612210364e-05,0
1,2,0.5,6,"invasive_child",0.9,0.361603623161281,0
1,2,0.5,7,"ASC2_male",0.8,0.387132671323094,0
1,2,0.5,7,"ASC2_age",0,0.0279721305643139,0
1,2,0.5,7,"ASC2_income",0,0.0678074626187135,0
1,2,0.5,7,"ASC2_child",1.2,0.923895246426352,1
1,2,0.5,7,"ASC3_male",-0.7,-0.376234562199677,0
1,2,0.5,7,"ASC3_age",0,0.0433231681439566,0
1,2,0.5,7,"ASC3_income",0,0.00110481292324127,0
1,2,0.5,7,"ASC3_child",-1,-0.305011904615244,0
1,2,0.5,7,"prot25_male",1.2,0.673568958018896,1
1,2,0.5,7,"prot25_age",0.8,0.324414221856691,0
1,2,0.5,7,"prot25_income",0,-0.0826060808681908,0
1,2,0.5,7,"prot25_child",0.7,0.173917330993497,0
1,2,0.5,7,"prot50_male",0,0.0660567891108262,0
1,2,0.5,7,"prot50_age",-0.4,-0.204217752171024,0
1,2,0.5,7,"prot50_income",0,-0.00498665485652418,0
1,2,0.5,7,"prot50_child",0.6,0.180734244962209,0
1,2,0.5,7,"invasive_male",0,0.110268619828847,0
1,2,0.5,7,"invasive_age",0,-0.0886257546610477,0
1,2,0.5,7,"invasive_income",1.1,0.653633015972203,1
1,2,0.5,7,"invasive_child",0,0.176270509457589,0
1,2,0.5,8,"ASC2_male",0,0.252927543163902,0
1,2,0.5,8,"ASC2_age",-1.2,-0.404921907153612,0
1,2,0.5,8,"ASC2_income",0,0.0979037492264141,0
1,2,0.5,8,"ASC2_child",0,0.0977102052935987,0
1,2,0.5,8,"ASC3_male",-0.3,0.211878370631203,0
1,2,0.5,8,"ASC3_age",0.9,0.568207523351105,1
1,2,0.5,8,"ASC3_income",0,0.145904301572299,0
1,2,0.5,8,"ASC3_child",1.2,0.585992556526106,1
1,2,0.5,8,"prot25_male",0,-0.269364238032169,0
1,2,0.5,8,"prot25_age",-0.2,-0.247718732795224,0
1,2,0.5,8,"prot25_income",0,-0.0536689305423399,0
1,2,0.5,8,"prot25_child",1.1,0.490418487190274,0
1,2,0.5,8,"prot50_male",1.1,0.40096185481047,0
1,2,0.5,8,"prot50_age",0,-0.182567657540937,0
1,2,0.5,8,"prot50_income",-0.2,-0.14965627008216,0
1,2,0.5,8,"prot50_child",0,0.127910017169787,0
1,2,0.5,8,"invasive_male",0,0.483721975666406,0
1,2,0.5,8,"invasive_age",0.7,0.393767985302732,0
1,2,0.5,8,"invasive_income",0.3,0.333245497609418,0
1,2,0.5,8,"invasive_child",0,-0.00287521352220729,0
1,2,0.5,9,"ASC2_male",1,0.273390666845454,0
1,2,0.5,9,"ASC2_age",0,0.104779155584528,0
1,2,0.5,9,"ASC2_income",0,-0.0576806428649202,0
1,2,0.5,9,"ASC2_child",-1.2,-0.452844459921649,0
1,2,0.5,9,"ASC3_male",0.9,0.118928299334293,0
1,2,0.5,9,"ASC3_age",-0.6,-0.0936830440554264,0
1,2,0.5,9,"ASC3_income",0,0.0301571366370651,0
1,2,0.5,9,"ASC3_child",-0.9,-0.0416386236264653,0
1,2,0.5,9,"prot25_male",-0.3,-0.0395408941155462,0
1,2,0.5,9,"prot25_age",0,0.0966238673544626,0
1,2,0.5,9,"prot25_income",0,-0.0574122443393146,0
1,2,0.5,9,"prot25_child",0,0.0872805537808043,0
1,2,0.5,9,"prot50_male",-0.2,-0.112459962967577,0
1,2,0.5,9,"prot50_age",0.6,0.295408495810659,0
1,2,0.5,9,"prot50_income",-0.7,-0.355791733844283,0
1,2,0.5,9,"prot50_child",0,0.107194065840185,0
1,2,0.5,9,"invasive_male",0,0.139830883733461,0
1,2,0.5,9,"invasive_age",0,-0.0183464425457612,0
1,2,0.5,9,"invasive_income",-0.7,-0.340125339924049,0
1,2,0.5,9,"invasive_child",0,0.278346488045555,0
1,2,0.5,10,"ASC2_male",0.9,0.466672438972004,0
1,2,0.5,10,"ASC2_age",0,-0.0160231378257206,0
1,2,0.5,10,"ASC2_income",1.2,0.467457502348659,0
1,2,0.5,10,"ASC2_child",-0.8,-0.336257275478076,0
1,2,0.5,10,"ASC3_male",0.4,0.274173901419553,0
1,2,0.5,10,"ASC3_age",-0.4,-0.248301950061459,0
1,2,0.5,10,"ASC3_income",0,-0.0824580006246226,0
1,2,0.5,10,"ASC3_child",0,-0.038231491159261,0
1,2,0.5,10,"prot25_male",1,0.626836940688149,1
1,2,0.5,10,"prot25_age",0,0.119101044632957,0
1,2,0.5,10,"prot25_income",0,0.11977145674011,0
1,2,0.5,10,"prot25_child",0,0.307054459144612,0
1,2,0.5,10,"prot50_male",0.4,0.356674845030091,0
1,2,0.5,10,"prot50_age",0,0.0464808397897028,0
1,2,0.5,10,"prot50_income",0,-0.0860700771730569,0
1,2,0.5,10,"prot50_child",0.7,0.850141539099006,1
1,2,0.5,10,"invasive_male",0,0.525691381057868,1
1,2,0.5,10,"invasive_age",0.6,0.202899704387163,0
1,2,0.5,10,"invasive_income",0,-0.162821122895518,0
1,2,0.5,10,"invasive_child",-0.7,-0.143614496507792,0
1,2,0.5,11,"ASC2_male",1.1,0.180672233418478,0
1,2,0.5,11,"ASC2_age",-0.5,-0.0759762650958252,0
1,2,0.5,11,"ASC2_income",0,0.156984421560692,0
1,2,0.5,11,"ASC2_child",-0.5,-0.305071693092496,0
1,2,0.5,11,"ASC3_male",0,-0.210966202639896,0
1,2,0.5,11,"ASC3_age",0,0.135412020451455,0
1,2,0.5,11,"ASC3_income",-0.7,-0.192653444354783,0
1,2,0.5,11,"ASC3_child",0,-0.00411595455015882,0
1,2,0.5,11,"prot25_male",0,0.215862612596302,0
1,2,0.5,11,"prot25_age",0.7,0.306351787292808,0
1,2,0.5,11,"prot25_income",0,-0.131349651394385,0
1,2,0.5,11,"prot25_child",0,0.186281591982512,0
1,2,0.5,11,"prot50_male",-1,0.0545383122722254,0
1,2,0.5,11,"prot50_age",0.7,0.31284863612353,0
1,2,0.5,11,"prot50_income",0.1,0.037983856588935,0
1,2,0.5,11,"prot50_child",1.2,0.704432239067645,1
1,2,0.5,11,"invasive_male",0,0.331892550146543,0
1,2,0.5,11,"invasive_age",0,0.00367501735464786,0
1,2,0.5,11,"invasive_income",-0.2,-0.0727760942137363,0
1,2,0.5,11,"invasive_child",0,-0.110357074996319,0
1,2,0.5,12,"ASC2_male",0,0.226576398212247,0
1,2,0.5,12,"ASC2_age",0.8,0.503682042516923,1
1,2,0.5,12,"ASC2_income",0,0.247908806392948,0
1,2,0.5,12,"ASC2_child",0,-0.368968304743898,0
1,2,0.5,12,"ASC3_male",0.6,0.605215121065564,1
1,2,0.5,12,"ASC3_age",0.2,0.175901706208202,0
1,2,0.5,12,"ASC3_income",0,0.146520036961444,0
1,2,0.5,12,"ASC3_child",0,-0.282687437114081,0
1,2,0.5,12,"prot25_male",0,-0.318776692469955,0
1,2,0.5,12,"prot25_age",-0.9,-0.538555702613963,1
1,2,0.5,12,"prot25_income",0,-0.0968075337719295,0
1,2,0.5,12,"prot25_child",0.2,0.420623162337565,0
1,2,0.5,12,"prot50_male",-0.7,-0.423226360355277,0
1,2,0.5,12,"prot50_age",-0.6,-0.393103988064179,0
1,2,0.5,12,"prot50_income",0,-0.134437172543566,0
1,2,0.5,12,"prot50_child",0,0.115850685506647,0
1,2,0.5,12,"invasive_male",-0.7,0.0158256544798569,0
1,2,0.5,12,"invasive_age",-1.2,-0.579976867543851,1
1,2,0.5,12,"invasive_income",-1.1,-0.599088144807602,1
1,2,0.5,12,"invasive_child",0,-0.124081653922555,0
1,2,0.5,13,"ASC2_male",-0.7,-0.126802054753378,0
1,2,0.5,13,"ASC2_age",-0.3,-0.174468752568009,0
1,2,0.5,13,"ASC2_income",0,0.064949700535964,0
1,2,0.5,13,"ASC2_child",0,0.0742444286672606,0
1,2,0.5,13,"ASC3_male",0,0.139153129424032,0
1,2,0.5,13,"ASC3_age",0,0.0821982096871595,0
1,2,0.5,13,"ASC3_income",0,0.0598102437766267,0
1,2,0.5,13,"ASC3_child",-1.1,-0.347681720999487,0
1,2,0.5,13,"prot25_male",-0.5,-0.136883948402048,0
1,2,0.5,13,"prot25_age",0,-0.062960753619415,0
1,2,0.5,13,"prot25_income",0.3,0.0415242264076478,0
1,2,0.5,13,"prot25_child",-0.3,-0.679239301213932,1
1,2,0.5,13,"prot50_male",0.9,0.319962225837908,0
1,2,0.5,13,"prot50_age",1,0.432352267071679,0
1,2,0.5,13,"prot50_income",-0.5,-0.314257769660959,0
1,2,0.5,13,"prot50_child",0,-0.147803937645264,0
1,2,0.5,13,"invasive_male",0,0.189995759705273,0
1,2,0.5,13,"invasive_age",0,0.0792540024039172,0
1,2,0.5,13,"invasive_income",1,0.482581646620607,0
1,2,0.5,13,"invasive_child",0,0.128713613975366,0
1,2,0.5,14,"ASC2_male",0.7,0.152320807806919,0
1,2,0.5,14,"ASC2_age",0,0.00299787794308377,0
1,2,0.5,14,"ASC2_income",0,-0.0941319414989043,0
1,2,0.5,14,"ASC2_child",-1.2,-0.651223208639867,1
1,2,0.5,14,"ASC3_male",-1.1,-0.64126288433375,1
1,2,0.5,14,"ASC3_age",0,-0.0722907671718702,0
1,2,0.5,14,"ASC3_income",0,-0.0714814154515836,0
1,2,0.5,14,"ASC3_child",0,-0.104739425866277,0
1,2,0.5,14,"prot25_male",0,0.288566246342919,0
1,2,0.5,14,"prot25_age",-0.2,-0.152792066649558,0
1,2,0.5,14,"prot25_income",-1,-0.679740567965879,1
1,2,0.5,14,"prot25_child",-0.2,0.107061183726893,0
1,2,0.5,14,"prot50_male",0,0.337301776271913,0
1,2,0.5,14,"prot50_age",-1,-0.492259134888462,0
1,2,0.5,14,"prot50_income",1,0.344113564338141,0
1,2,0.5,14,"prot50_child",0,0.0368011753600099,0
1,2,0.5,14,"invasive_male",0,-0.124348992589408,0
1,2,0.5,14,"invasive_age",0.6,0.276882942462475,0
1,2,0.5,14,"invasive_income",0.2,-0.000562229849332099,0
1,2,0.5,14,"invasive_child",0,0.0848713369897092,0
1,2,0.5,15,"ASC2_male",-0.1,0.400628377700821,0
1,2,0.5,15,"ASC2_age",-0.6,-0.440375829116313,0
1,2,0.5,15,"ASC2_income",0.3,0.216786198951544,0
1,2,0.5,15,"ASC2_child",0,0.253230226662212,0
1,2,0.5,15,"ASC3_male",0,0.402352433157354,0
1,2,0.5,15,"ASC3_age",0,-0.162417524053734,0
1,2,0.5,15,"ASC3_income",1.1,0.639739944378466,1
1,2,0.5,15,"ASC3_child",1.2,0.801902941683572,1
1,2,0.5,15,"prot25_male",0,-0.210466333767233,0
1,2,0.5,15,"prot25_age",0,-0.0104959736752902,0
1,2,0.5,15,"prot25_income",0,-0.0522202494694149,0
1,2,0.5,15,"prot25_child",0.8,0.190433118196303,0
1,2,0.5,15,"prot50_male",0,-0.223219326785823,0
1,2,0.5,15,"prot50_age",0.8,0.493370278747209,0
1,2,0.5,15,"prot50_income",0.2,0.00829131714607828,0
1,2,0.5,15,"prot50_child",0,-0.104586734153787,0
1,2,0.5,15,"invasive_male",0,0.298540945793322,0
1,2,0.5,15,"invasive_age",-1.2,-0.69050094920531,1
1,2,0.5,15,"invasive_income",0,0.0645364612404907,0
1,2,0.5,15,"invasive_child",0.9,0.467813706138236,0
1,2,0.5,16,"ASC2_male",1,0.364881102061583,0
1,2,0.5,16,"ASC2_age",1,0.37586487453461,0
1,2,0.5,16,"ASC2_income",0,-0.243294393278362,0
1,2,0.5,16,"ASC2_child",0,-0.255839397298037,0
1,2,0.5,16,"ASC3_male",0.7,0.362528950320014,0
1,2,0.5,16,"ASC3_age",0,-0.101403457456311,0
1,2,0.5,16,"ASC3_income",0,-0.184833708340384,0
1,2,0.5,16,"ASC3_child",-1,-0.749728322013144,1
1,2,0.5,16,"prot25_male",0,-0.143208611849116,0
1,2,0.5,16,"prot25_age",0.2,0.249524479220743,0
1,2,0.5,16,"prot25_income",0,0.146378349393835,0
1,2,0.5,16,"prot25_child",0,0.223600035898032,0
1,2,0.5,16,"prot50_male",0.9,0.257597080518386,0
1,2,0.5,16,"prot50_age",0.5,0.447794379018677,0
1,2,0.5,16,"prot50_income",0,0.177580963407695,0
1,2,0.5,16,"prot50_child",-0.3,-0.108996841363775,0
1,2,0.5,16,"invasive_male",-0.4,-0.19155805540813,0
1,2,0.5,16,"invasive_age",0,0.124236063926629,0
1,2,0.5,16,"invasive_income",0.2,0.055307177571066,0
1,2,0.5,16,"invasive_child",0,0.122986270441186,0
1,2,0.5,17,"ASC2_male",0.6,0.413742669407704,0
1,2,0.5,17,"ASC2_age",-1,-0.33163258910836,0
1,2,0.5,17,"ASC2_income",1,0.657908245116855,1
1,2,0.5,17,"ASC2_child",0.8,0.726468547905934,1
1,2,0.5,17,"ASC3_male",0,-0.087206653210759,0
1,2,0.5,17,"ASC3_age",0,0.036409104790485,0
1,2,0.5,17,"ASC3_income",0.7,0.55045237207896,1
1,2,0.5,17,"ASC3_child",-0.4,-0.154163856651219,0
1,2,0.5,17,"prot25_male",0,-0.0478111354631836,0
1,2,0.5,17,"prot25_age",0,-0.0518700612121654,0
1,2,0.5,17,"prot25_income",0,-0.0693112533163072,0
1,2,0.5,17,"prot25_child",-0.7,-0.596038653231888,1
1,2,0.5,17,"prot50_male",0,-0.337767505682697,0
1,2,0.5,17,"prot50_age",0,0.0104550124811861,0
1,2,0.5,17,"prot50_income",0.4,0.0469103411144572,0
1,2,0.5,17,"prot50_child",-1.1,-0.903592035186336,1
1,2,0.5,17,"invasive_male",0,-0.141816800433092,0
1,2,0.5,17,"invasive_age",0,-0.0219024963769636,0
1,2,0.5,17,"invasive_income",0,0.0454667533688807,0
1,2,0.5,17,"invasive_child",0.8,0.584136290339256,1
1,2,0.5,18,"ASC2_male",0,0.451470091422676,0
1,2,0.5,18,"ASC2_age",0,-0.00624254320472306,0
1,2,0.5,18,"ASC2_income",0.2,0.131463572804474,0
1,2,0.5,18,"ASC2_child",0,-0.18218477478611,0
1,2,0.5,18,"ASC3_male",0.3,0.520797531593969,1
1,2,0.5,18,"ASC3_age",0,-0.0260475487835131,0
1,2,0.5,18,"ASC3_income",0.7,0.436949784546923,0
1,2,0.5,18,"ASC3_child",0,-0.122543459665409,0
1,2,0.5,18,"prot25_male",0,-0.304464791899365,0
1,2,0.5,18,"prot25_age",0.2,0.0938372182276377,0
1,2,0.5,18,"prot25_income",0,-0.00374369987025419,0
1,2,0.5,18,"prot25_child",0.9,0.442889020145139,0
1,2,0.5,18,"prot50_male",-0.9,-0.719478182790722,1
1,2,0.5,18,"prot50_age",0,0.0294481439942966,0
1,2,0.5,18,"prot50_income",0,-0.0466290575702536,0
1,2,0.5,18,"prot50_child",0,0.0470840756195144,0
1,2,0.5,18,"invasive_male",-0.9,-0.129473504300387,0
1,2,0.5,18,"invasive_age",0.1,0.0514330483773223,0
1,2,0.5,18,"invasive_income",-0.5,-0.249751181884904,0
1,2,0.5,18,"invasive_child",-0.2,0.0475795621569237,0
1,2,0.5,19,"ASC2_male",0,0.0557983798701375,0
1,2,0.5,19,"ASC2_age",1.2,0.570373720564654,1
1,2,0.5,19,"ASC2_income",0,-0.0343515672532787,0
1,2,0.5,19,"ASC2_child",0,-0.139733096117581,0
1,2,0.5,19,"ASC3_male",0.1,0.0142370014958559,0
1,2,0.5,19,"ASC3_age",0,-0.0818312681682147,0
1,2,0.5,19,"ASC3_income",0.7,0.301213135685764,0
1,2,0.5,19,"ASC3_child",0,-0.185270497214636,0
1,2,0.5,19,"prot25_male",0,-0.0951832699349601,0
1,2,0.5,19,"prot25_age",0.2,0.18968255922874,0
1,2,0.5,19,"prot25_income",-0.1,0.159286583130676,0
1,2,0.5,19,"prot25_child",0.6,0.30260747536739,0
1,2,0.5,19,"prot50_male",0.4,0.00467237866622919,0
1,2,0.5,19,"prot50_age",0,0.160362840675429,0
1,2,0.5,19,"prot50_income",0,0.181561658510129,0
1,2,0.5,19,"prot50_child",0,0.185445147521359,0
1,2,0.5,19,"invasive_male",0.6,0.233153053564571,0
1,2,0.5,19,"invasive_age",0,0.0712114902484409,0
1,2,0.5,19,"invasive_income",0.2,0.196401022709377,0
1,2,0.5,19,"invasive_child",-0.8,-0.404676492164143,0
1,2,0.5,20,"ASC2_male",-1,-0.527486949162804,1
1,2,0.5,20,"ASC2_age",1,0.455687531001229,0
1,2,0.5,20,"ASC2_income",-0.8,-0.159186803016893,0
1,2,0.5,20,"ASC2_child",0,0.127943159196152,0
1,2,0.5,20,"ASC3_male",0,0.17238326931718,0
1,2,0.5,20,"ASC3_age",0,-0.0792458180021969,0
1,2,0.5,20,"ASC3_income",0,0.148008865359247,0
1,2,0.5,20,"ASC3_child",0,0.191122585309623,0
1,2,0.5,20,"prot25_male",0,-0.0502701113298482,0
1,2,0.5,20,"prot25_age",0,0.182639504892618,0
1,2,0.5,20,"prot25_income",0.3,-0.00511373890398958,0
1,2,0.5,20,"prot25_child",0.3,0.164228269090346,0
1,2,0.5,20,"prot50_male",0.4,0.402762702138471,0
1,2,0.5,20,"prot50_age",-0.9,-0.400110677559466,0
1,2,0.5,20,"prot50_income",-1.1,-0.665220907961839,1
1,2,0.5,20,"prot50_child",0,-0.306138312858255,0
1,2,0.5,20,"invasive_male",0,0.14604224294436,0
1,2,0.5,20,"invasive_age",-0.3,-0.17047808137257,0
1,2,0.5,20,"invasive_income",-0.7,-0.220017304214531,0
1,2,0.5,20,"invasive_child",0,0.246062386576447,0
1,2,0.5,21,"ASC2_male",-0.1,0.0091708807702904,0
1,2,0.5,21,"ASC2_age",0,-0.0647695344795576,0
1,2,0.5,21,"ASC2_income",0,0.107861879974596,0
1,2,0.5,21,"ASC2_child",0.4,0.628110795827826,1
1,2,0.5,21,"ASC3_male",0,-0.00261819688033599,0
1,2,0.5,21,"ASC3_age",-0.8,-0.512064810522758,1
1,2,0.5,21,"ASC3_income",0,0.0205398378077587,0
1,2,0.5,21,"ASC3_child",-0.3,0.429637917556967,0
1,2,0.5,21,"prot25_male",-0.8,-0.669198703063312,1
1,2,0.5,21,"prot25_age",-0.4,-0.060943833669756,0
1,2,0.5,21,"prot25_income",0,0.0136020557058465,0
1,2,0.5,21,"prot25_child",-0.3,-0.828393904999853,1
1,2,0.5,21,"prot50_male",0.5,0.239391701728089,0
1,2,0.5,21,"prot50_age",0,0.167082545769189,0
1,2,0.5,21,"prot50_income",0,-0.0486639321636542,0
1,2,0.5,21,"prot50_child",0.1,-0.292385295221183,0
1,2,0.5,21,"invasive_male",0,0.118670972374334,0
1,2,0.5,21,"invasive_age",-0.3,-0.243849347986023,0
1,2,0.5,21,"invasive_income",0,0.0500318521604469,0
1,2,0.5,21,"invasive_child",0,0.359260569227597,0
1,2,0.5,22,"ASC2_male",0.9,0.655541614393025,1
1,2,0.5,22,"ASC2_age",0,0.00720465975258756,0
1,2,0.5,22,"ASC2_income",0,-0.00591711141487631,0
1,2,0.5,22,"ASC2_child",-0.7,-0.322784531960856,0
1,2,0.5,22,"ASC3_male",-0.7,-0.087274413686252,0
1,2,0.5,22,"ASC3_age",0,-0.0131401465673756,0
1,2,0.5,22,"ASC3_income",0,-0.0810984683514991,0
1,2,0.5,22,"ASC3_child",0,0.234474545011028,0
1,2,0.5,22,"prot25_male",0,-0.267986777611406,0
1,2,0.5,22,"prot25_age",-0.2,-0.100899224105745,0
1,2,0.5,22,"prot25_income",0.4,0.165945864736988,0
1,2,0.5,22,"prot25_child",0,-0.46980711827145,0
1,2,0.5,22,"prot50_male",0.4,0.244788910369167,0
1,2,0.5,22,"prot50_age",-1,-0.455004541698456,0
1,2,0.5,22,"prot50_income",0,0.0430027342947789,0
1,2,0.5,22,"prot50_child",0.9,0.260198240691011,0
1,2,0.5,22,"invasive_male",0,0.293781188216852,0
1,2,0.5,22,"invasive_age",-0.8,-0.342947474558966,0
1,2,0.5,22,"invasive_income",0,0.0211598900146112,0
1,2,0.5,22,"invasive_child",-0.1,-0.229365638925898,0
1,2,0.5,23,"ASC2_male",-0.1,0.297664743348629,0
1,2,0.5,23,"ASC2_age",-0.3,0.157925454142603,0
1,2,0.5,23,"ASC2_income",0,0.159693963106798,0
1,2,0.5,23,"ASC2_child",0,0.272081142458054,0
1,2,0.5,23,"ASC3_male",-0.9,-0.094592822040268,0
1,2,0.5,23,"ASC3_age",0,0.287452588992289,0
1,2,0.5,23,"ASC3_income",0,0.119168246183243,0
1,2,0.5,23,"ASC3_child",1,0.998900579908464,1
1,2,0.5,23,"prot25_male",0,-0.156461580874987,0
1,2,0.5,23,"prot25_age",0,-0.144253297242812,0
1,2,0.5,23,"prot25_income",0,-0.304244137058268,0
1,2,0.5,23,"prot25_child",-1.1,-1.00054048028536,1
1,2,0.5,23,"prot50_male",-1.1,-0.500810041152202,1
1,2,0.5,23,"prot50_age",-0.8,-0.487461553173406,0
1,2,0.5,23,"prot50_income",0,-0.245107018478278,0
1,2,0.5,23,"prot50_child",0,-0.176268445846742,0
1,2,0.5,23,"invasive_male",-0.4,0.00949201404850991,0
1,2,0.5,23,"invasive_age",-0.4,-0.0373418672278682,0
1,2,0.5,23,"invasive_income",0.8,0.380771260633494,0
1,2,0.5,23,"invasive_child",0,0.237897309427566,0
1,2,0.5,24,"ASC2_male",0.6,0.290582488282549,0
1,2,0.5,24,"ASC2_age",-1.1,-0.550288555453478,1
1,2,0.5,24,"ASC2_income",0,0.221507235627609,0
1,2,0.5,24,"ASC2_child",0,-0.106406955282155,0
1,2,0.5,24,"ASC3_male",0,-0.106088383068145,0
1,2,0.5,24,"ASC3_age",0,0.0972028706063947,0
1,2,0.5,24,"ASC3_income",-0.6,-0.0816959778956951,0
1,2,0.5,24,"ASC3_child",0.4,0.0343041504497847,0
1,2,0.5,24,"prot25_male",-0.3,-0.0181363768321513,0
1,2,0.5,24,"prot25_age",0,-0.0663559657025573,0
1,2,0.5,24,"prot25_income",0,-0.106210872653628,0
1,2,0.5,24,"prot25_child",-0.4,0.0521404328515885,0
1,2,0.5,24,"prot50_male",0,0.0468601782404874,0
1,2,0.5,24,"prot50_age",0,0.0293120063702347,0
1,2,0.5,24,"prot50_income",-0.5,-0.375857520819567,0
1,2,0.5,24,"prot50_child",0,-0.0337289335714801,0
1,2,0.5,24,"invasive_male",0.9,0.294842960602354,0
1,2,0.5,24,"invasive_age",-0.7,-0.172523626620284,0
1,2,0.5,24,"invasive_income",1.2,0.622153231250973,1
1,2,0.5,24,"invasive_child",0,-0.286738160691344,0
1,2,0.5,25,"ASC2_male",-0.8,-0.756625767383114,1
1,2,0.5,25,"ASC2_age",1,0.682280648524838,1
1,2,0.5,25,"ASC2_income",0,-0.029574908893741,0
1,2,0.5,25,"ASC2_child",0,0.399008240776005,0
1,2,0.5,25,"ASC3_male",0.9,-0.122910223108203,0
1,2,0.5,25,"ASC3_age",0,0.155466652397875,0
1,2,0.5,25,"ASC3_income",-0.7,-0.305793006740516,0
1,2,0.5,25,"ASC3_child",-0.9,-0.143134767534783,0
1,2,0.5,25,"prot25_male",0,0.394397179803045,0
1,2,0.5,25,"prot25_age",0,-0.13001915658445,0
1,2,0.5,25,"prot25_income",-0.9,-0.547821432132607,1
1,2,0.5,25,"prot25_child",0,-0.32047213917375,0
1,2,0.5,25,"prot50_male",0,0.247546360253094,0
1,2,0.5,25,"prot50_age",0,-0.0329711779329804,0
1,2,0.5,25,"prot50_income",0.3,-0.150980667220256,0
1,2,0.5,25,"prot50_child",0,-0.22767114585638,0
1,2,0.5,25,"invasive_male",-1.2,-0.778014606110904,1
1,2,0.5,25,"invasive_age",0.2,0.0793751027156695,0
1,2,0.5,25,"invasive_income",0,-0.222153379636063,0
1,2,0.5,25,"invasive_child",-0.3,0.144480084495101,0
1,2,0.5,26,"ASC2_male",0,-0.00557138330262784,0
1,2,0.5,26,"ASC2_age",0,0.0437617566452884,0
1,2,0.5,26,"ASC2_income",-0.2,-0.000353582541914805,0
1,2,0.5,26,"ASC2_child",0,-0.220861803419533,0
1,2,0.5,26,"ASC3_male",0.2,0.224387732717302,0
1,2,0.5,26,"ASC3_age",0,-0.00238142141848489,0
1,2,0.5,26,"ASC3_income",-0.6,-0.353039861724226,0
1,2,0.5,26,"ASC3_child",-0.4,-0.176281293370013,0
1,2,0.5,26,"prot25_male",0,-0.0717181088222669,0
1,2,0.5,26,"prot25_age",0.3,0.118310216454977,0
1,2,0.5,26,"prot25_income",-1.1,-0.604512376494904,1
1,2,0.5,26,"prot25_child",0.6,0.382176793802252,0
1,2,0.5,26,"prot50_male",0,-0.195249109869308,0
1,2,0.5,26,"prot50_age",1.2,0.55948666513646,1
1,2,0.5,26,"prot50_income",0,0.0404073295045948,0
1,2,0.5,26,"prot50_child",-0.3,-0.0667181658097966,0
1,2,0.5,26,"invasive_male",0,-0.0668940528958869,0
1,2,0.5,26,"invasive_age",0,0.114794754616988,0
1,2,0.5,26,"invasive_income",0,0.074540620018756,0
1,2,0.5,26,"invasive_child",0.9,0.489867509333097,0
1,2,0.5,27,"ASC2_male",0.2,-0.142976717833643,0
1,2,0.5,27,"ASC2_age",-0.9,-0.66582027869233,1
1,2,0.5,27,"ASC2_income",0.7,0.342542890139654,0
1,2,0.5,27,"ASC2_child",0,-0.284259072086761,0
1,2,0.5,27,"ASC3_male",0,0.012580941412548,0
1,2,0.5,27,"ASC3_age",0,-0.0792452974510922,0
1,2,0.5,27,"ASC3_income",0.5,0.117159632004208,0
1,2,0.5,27,"ASC3_child",-0.7,-0.57166034244516,1
1,2,0.5,27,"prot25_male",0.8,0.684603681168511,1
1,2,0.5,27,"prot25_age",0,0.0746724904159082,0
1,2,0.5,27,"prot25_income",0,0.255885971459677,0
1,2,0.5,27,"prot25_child",0,0.066779516865767,0
1,2,0.5,27,"prot50_male",0,-0.00666085038233754,0
1,2,0.5,27,"prot50_age",0.7,0.440123418916093,0
1,2,0.5,27,"prot50_income",0,0.125821840664665,0
1,2,0.5,27,"prot50_child",-1,-0.30984591044728,0
1,2,0.5,27,"invasive_male",0,-0.435157021851872,0
1,2,0.5,27,"invasive_age",0,-0.154625014997646,0
1,2,0.5,27,"invasive_income",1,0.764925146658868,1
1,2,0.5,27,"invasive_child",0.9,0.191500955770738,0
1,2,0.5,28,"ASC2_male",0,-0.181443756939718,0
1,2,0.5,28,"ASC2_age",0,0.0879822233422799,0
1,2,0.5,28,"ASC2_income",0,0.108980790571465,0
1,2,0.5,28,"ASC2_child",-0.9,-0.713930694526751,1
1,2,0.5,28,"ASC3_male",-0.9,-0.530665065346108,1
1,2,0.5,28,"ASC3_age",-0.3,-0.0546644448758543,0
1,2,0.5,28,"ASC3_income",0,0.260591694732808,0
1,2,0.5,28,"ASC3_child",0,-0.379549081754564,0
1,2,0.5,28,"prot25_male",-0.7,-0.239599966370727,0
1,2,0.5,28,"prot25_age",-0.3,-0.127436182413495,0
1,2,0.5,28,"prot25_income",0,-0.143465011203788,0
1,2,0.5,28,"prot25_child",0,0.408730994846624,0
1,2,0.5,28,"prot50_male",-0.3,-0.251926656418295,0
1,2,0.5,28,"prot50_age",0.2,-0.0313522170882825,0
1,2,0.5,28,"prot50_income",0,-0.251732863849781,0
1,2,0.5,28,"prot50_child",0,0.473422664770158,0
1,2,0.5,28,"invasive_male",0.5,0.316104027886882,0
1,2,0.5,28,"invasive_age",0,0.0559989262571089,0
1,2,0.5,28,"invasive_income",-1,-0.52158897221459,1
1,2,0.5,28,"invasive_child",0.6,0.401967216013613,0
1,2,0.5,29,"ASC2_male",0.3,0.334990557447636,0
1,2,0.5,29,"ASC2_age",0.9,0.428039443286708,0
1,2,0.5,29,"ASC2_income",1.2,0.834140738083634,1
1,2,0.5,29,"ASC2_child",0.5,0.0721401877403244,0
1,2,0.5,29,"ASC3_male",1.1,0.669569041305429,1
1,2,0.5,29,"ASC3_age",0,0.00986652481167772,0
1,2,0.5,29,"ASC3_income",0,0.185008359375733,0
1,2,0.5,29,"ASC3_child",0.1,0.0444612739337299,0
1,2,0.5,29,"prot25_male",-1.1,-0.894559976073613,1
1,2,0.5,29,"prot25_age",0,0.0600968773733969,0
1,2,0.5,29,"prot25_income",0,-0.167887471473862,0
1,2,0.5,29,"prot25_child",-0.5,-0.188639500787922,0
1,2,0.5,29,"prot50_male",0,-0.0635381509986834,0
1,2,0.5,29,"prot50_age",-0.9,-0.367695701506509,0
1,2,0.5,29,"prot50_income",-0.8,-0.574221933829161,1
1,2,0.5,29,"prot50_child",0,-0.0316565094281977,0
1,2,0.5,29,"invasive_male",0,0.279467290348391,0
1,2,0.5,29,"invasive_age",0,-0.0271408184797058,0
1,2,0.5,29,"invasive_income",0,0.138697918012552,0
1,2,0.5,29,"invasive_child",0,-0.167445662277139,0
1,2,0.5,30,"ASC2_male",0.4,0.632852230887879,1
1,2,0.5,30,"ASC2_age",0,0.127198571746265,0
1,2,0.5,30,"ASC2_income",0,0.18685577975922,0
1,2,0.5,30,"ASC2_child",0.7,0.243560399753908,0
1,2,0.5,30,"ASC3_male",1.1,1.00142216230676,1
1,2,0.5,30,"ASC3_age",0,0.122597007906337,0
1,2,0.5,30,"ASC3_income",0.4,0.362978066859798,0
1,2,0.5,30,"ASC3_child",0.9,0.506848101277739,1
1,2,0.5,30,"prot25_male",-0.2,-0.306921711676166,0
1,2,0.5,30,"prot25_age",0.1,0.0095355539269264,0
1,2,0.5,30,"prot25_income",0.3,-0.103251466792176,0
1,2,0.5,30,"prot25_child",0,0.0334081110259255,0
1,2,0.5,30,"prot50_male",0,-0.230305095281033,0
1,2,0.5,30,"prot50_age",0,-0.0728223713966381,0
1,2,0.5,30,"prot50_income",0,-0.158828556978525,0
1,2,0.5,30,"prot50_child",0,0.357462679416576,0
1,2,0.5,30,"invasive_male",-0.6,-0.135552751862185,0
1,2,0.5,30,"invasive_age",0,0.131078689797755,0
1,2,0.5,30,"invasive_income",-1,-0.439020403248056,0
1,2,0.5,30,"invasive_child",0,0.226673816060008,0
1,2,0.5,31,"ASC2_male",-0.3,0.0663245988613079,0
1,2,0.5,31,"ASC2_age",1.2,0.571536268771868,1
1,2,0.5,31,"ASC2_income",1,0.408728691343595,0
1,2,0.5,31,"ASC2_child",0,0.0690321002580269,0
1,2,0.5,31,"ASC3_male",0,0.321993459122084,0
1,2,0.5,31,"ASC3_age",1.1,0.524882018364879,1
1,2,0.5,31,"ASC3_income",-0.6,-0.43254688133672,0
1,2,0.5,31,"ASC3_child",0,0.103628110368615,0
1,2,0.5,31,"prot25_male",0,-0.0793652782396746,0
1,2,0.5,31,"prot25_age",-0.2,-0.0862510937840103,0
1,2,0.5,31,"prot25_income",0,0.085211828526276,0
1,2,0.5,31,"prot25_child",-0.2,-0.186769206229216,0
1,2,0.5,31,"prot50_male",-0.3,-0.227806538800571,0
1,2,0.5,31,"prot50_age",0,0.0557854605853805,0
1,2,0.5,31,"prot50_income",0,-0.0387773648997226,0
1,2,0.5,31,"prot50_child",0,0.036532460419829,0
1,2,0.5,31,"invasive_male",0,0.0562283915206695,0
1,2,0.5,31,"invasive_age",0.2,0.110527074101691,0
1,2,0.5,31,"invasive_income",0.9,0.484933069720062,0
1,2,0.5,31,"invasive_child",0,0.360602021666394,0
1,2,0.5,32,"ASC2_male",0.6,0.189450578689683,0
1,2,0.5,32,"ASC2_age",0,0.0402850991011269,0
1,2,0.5,32,"ASC2_income",1.1,0.338305874645109,0
1,2,0.5,32,"ASC2_child",0,0.139759581124157,0
1,2,0.5,32,"ASC3_male",-0.7,-0.454357580574591,0
1,2,0.5,32,"ASC3_age",-1.1,-0.44576861451172,0
1,2,0.5,32,"ASC3_income",0,-0.245193160036114,0
1,2,0.5,32,"ASC3_child",-0.3,-0.166602839418251,0
1,2,0.5,32,"prot25_male",0.7,0.306353482235866,0
1,2,0.5,32,"prot25_age",0,-0.138936922662146,0
1,2,0.5,32,"prot25_income",-0.5,-0.115794794196386,0
1,2,0.5,32,"prot25_child",-1.1,-0.640005046960562,1
1,2,0.5,32,"prot50_male",0,-0.11326002416413,0
1,2,0.5,32,"prot50_age",-0.6,-0.364763432710636,0
1,2,0.5,32,"prot50_income",0,0.114638371519936,0
1,2,0.5,32,"prot50_child",0,-0.163190765006821,0
1,2,0.5,32,"invasive_male",0,-0.049249732852512,0
1,2,0.5,32,"invasive_age",0,-0.0398192232161929,0
1,2,0.5,32,"invasive_income",0,-0.120956010653576,0
1,2,0.5,32,"invasive_child",0.2,-0.0790965950169094,0
1,2,0.5,33,"ASC2_male",-0.4,-0.786838223572984,1
1,2,0.5,33,"ASC2_age",0,0.313283037285124,0
1,2,0.5,33,"ASC2_income",0,0.0196465789295045,0
1,2,0.5,33,"ASC2_child",0,0.279514989885066,0
1,2,0.5,33,"ASC3_male",0.6,-0.405049792769358,0
1,2,0.5,33,"ASC3_age",0,0.281661297524693,0
1,2,0.5,33,"ASC3_income",-1,-0.361728100569365,0
1,2,0.5,33,"ASC3_child",0,0.257194617572748,0
1,2,0.5,33,"prot25_male",0,0.463447713420279,0
1,2,0.5,33,"prot25_age",0,-0.279357825757124,0
1,2,0.5,33,"prot25_income",0,-0.192848305071076,0
1,2,0.5,33,"prot25_child",1.1,0.271403640242132,0
1,2,0.5,33,"prot50_male",0,0.144639511048447,0
1,2,0.5,33,"prot50_age",0.4,-0.0477673462794833,0
1,2,0.5,33,"prot50_income",0.3,0.0616484377422021,0
1,2,0.5,33,"prot50_child",-0.4,-0.221121641592193,0
1,2,0.5,33,"invasive_male",0.3,-0.409884877916538,0
1,2,0.5,33,"invasive_age",0,0.102247336187711,0
1,2,0.5,33,"invasive_income",0.6,0.338929635913066,0
1,2,0.5,33,"invasive_child",0.8,0.532745449456913,1
1,2,0.5,34,"ASC2_male",0,0.694283587613214,1
1,2,0.5,34,"ASC2_age",0,0.0869730847687721,0
1,2,0.5,34,"ASC2_income",-0.8,-0.706778301474031,1
1,2,0.5,34,"ASC2_child",-0.4,-0.235653250527556,0
1,2,0.5,34,"ASC3_male",0,0.623146765149412,1
1,2,0.5,34,"ASC3_age",0,0.01771976979421,0
1,2,0.5,34,"ASC3_income",0,-0.191967526997786,0
1,2,0.5,34,"ASC3_child",0.4,0.054468278103799,0
1,2,0.5,34,"prot25_male",0,-0.557769044103419,1
1,2,0.5,34,"prot25_age",0,-0.0596156862673867,0
1,2,0.5,34,"prot25_income",1,0.628573724622699,1
1,2,0.5,34,"prot25_child",1.2,0.568045010836611,1
1,2,0.5,34,"prot50_male",0.1,-0.378128054416168,0
1,2,0.5,34,"prot50_age",0.2,-0.0551867655239576,0
1,2,0.5,34,"prot50_income",-0.5,-0.0946930663098852,0
1,2,0.5,34,"prot50_child",0,0.209042016940256,0
1,2,0.5,34,"invasive_male",0,0.127905457906186,0
1,2,0.5,34,"invasive_age",0,-0.0914471279727774,0
1,2,0.5,34,"invasive_income",-1,-0.60140123572422,1
1,2,0.5,34,"invasive_child",0.2,0.102766306794387,0
1,2,0.5,35,"ASC2_male",0,-0.137296433822653,0
1,2,0.5,35,"ASC2_age",0,0.0189020614245293,0
1,2,0.5,35,"ASC2_income",0.9,0.31538896315712,0
1,2,0.5,35,"ASC2_child",0,0.0629513042963962,0
1,2,0.5,35,"ASC3_male",0,-0.100644678139382,0
1,2,0.5,35,"ASC3_age",1.1,0.583262795591116,1
1,2,0.5,35,"ASC3_income",0,-0.229682510047719,0
1,2,0.5,35,"ASC3_child",0,-0.0699861188168003,0
1,2,0.5,35,"prot25_male",-0.2,-0.10808281343889,0
1,2,0.5,35,"prot25_age",0.3,0.117811869499745,0
1,2,0.5,35,"prot25_income",0,0.155812325837652,0
1,2,0.5,35,"prot25_child",-1.1,-0.470887603845235,0
1,2,0.5,35,"prot50_male",-0.4,0.0727083471154249,0
1,2,0.5,35,"prot50_age",0,-0.107154978236584,0
1,2,0.5,35,"prot50_income",-0.3,-0.0587285703386678,0
1,2,0.5,35,"prot50_child",0.5,0.230877010811997,0
1,2,0.5,35,"invasive_male",0.1,0.153500651791351,0
1,2,0.5,35,"invasive_age",0,-0.0439265049587084,0
1,2,0.5,35,"invasive_income",-1.1,-0.637741828545789,1
1,2,0.5,35,"invasive_child",0,0.135675627643418,0
1,2,0.5,36,"ASC2_male",-0.4,-0.679505034330555,1
1,2,0.5,36,"ASC2_age",-1,-0.597032189829962,1
1,2,0.5,36,"ASC2_income",-0.5,-0.452741389272232,0
1,2,0.5,36,"ASC2_child",-0.9,-0.35673549345064,0
1,2,0.5,36,"ASC3_male",0,-0.457855676066651,0
1,2,0.5,36,"ASC3_age",1.1,0.535146362114798,1
1,2,0.5,36,"ASC3_income",0,-0.222345981345284,0
1,2,0.5,36,"ASC3_child",0,0.0850907972362874,0
1,2,0.5,36,"prot25_male",0,0.269802962794289,0
1,2,0.5,36,"prot25_age",0,0.0506793557606563,0
1,2,0.5,36,"prot25_income",1.1,0.517098197463716,1
1,2,0.5,36,"prot25_child",-0.5,-0.355564621027116,0
1,2,0.5,36,"prot50_male",0,0.174609180735608,0
1,2,0.5,36,"prot50_age",0,-0.0635505193704273,0
1,2,0.5,36,"prot50_income",1.1,0.562835759533259,1
1,2,0.5,36,"prot50_child",0,0.00314470245693151,0
1,2,0.5,36,"invasive_male",0.3,0.0846155217314121,0
1,2,0.5,36,"invasive_age",0,-0.0912189230406416,0
1,2,0.5,36,"invasive_income",-0.5,-0.278182438226314,0
1,2,0.5,36,"invasive_child",0,0.056532708553809,0
1,2,0.5,37,"ASC2_male",0.6,-0.0121901671763249,0
1,2,0.5,37,"ASC2_age",0,0.0224675318796303,0
1,2,0.5,37,"ASC2_income",0.9,0.63961614441225,1
1,2,0.5,37,"ASC2_child",0,-0.12083456491077,0
1,2,0.5,37,"ASC3_male",0,-0.220271990113557,0
1,2,0.5,37,"ASC3_age",0.6,0.312891087788763,0
1,2,0.5,37,"ASC3_income",1.1,0.658235322193669,1
1,2,0.5,37,"ASC3_child",-0.8,-0.279913878239098,0
1,2,0.5,37,"prot25_male",-1.2,-0.453775795157744,0
1,2,0.5,37,"prot25_age",0,-0.000927058213421159,0
1,2,0.5,37,"prot25_income",1.1,0.493008068118602,0
1,2,0.5,37,"prot25_child",0,0.0688991322893808,0
1,2,0.5,37,"prot50_male",0,0.29432584306838,0
1,2,0.5,37,"prot50_age",0.5,0.19485552709802,0
1,2,0.5,37,"prot50_income",0,-0.124898330265126,0
1,2,0.5,37,"prot50_child",0,-0.0942065213882658,0
1,2,0.5,37,"invasive_male",0,0.0612146868667732,0
1,2,0.5,37,"invasive_age",1.1,0.483507251127115,0
1,2,0.5,37,"invasive_income",0,-0.0839943737914418,0
1,2,0.5,37,"invasive_child",0.6,0.413760595744979,0
1,2,0.5,38,"ASC2_male",0.3,-0.0699499601086697,0
1,2,0.5,38,"ASC2_age",0.3,0.215119439942206,0
1,2,0.5,38,"ASC2_income",0,-0.103381014553083,0
1,2,0.5,38,"ASC2_child",0.9,0.287243947101531,0
1,2,0.5,38,"ASC3_male",0,-0.370189290493737,0
1,2,0.5,38,"ASC3_age",-0.6,-0.326037176695573,0
1,2,0.5,38,"ASC3_income",0,-0.0351380361539967,0
1,2,0.5,38,"ASC3_child",0,-0.0600812594979048,0
1,2,0.5,38,"prot25_male",0,0.452696941438763,0
1,2,0.5,38,"prot25_age",0,0.123188682773471,0
1,2,0.5,38,"prot25_income",0.7,0.483335807160705,0
1,2,0.5,38,"prot25_child",0,0.203226818545079,0
1,2,0.5,38,"prot50_male",0,0.241432836902468,0
1,2,0.5,38,"prot50_age",0,0.139493990922145,0
1,2,0.5,38,"prot50_income",0.2,0.145238137831118,0
1,2,0.5,38,"prot50_child",-0.8,-0.0652869667863817,0
1,2,0.5,38,"invasive_male",0.1,-0.0878558352987198,0
1,2,0.5,38,"invasive_age",0,0.0697781978422903,0
1,2,0.5,38,"invasive_income",-0.6,-0.327909940013607,0
1,2,0.5,38,"invasive_child",-0.6,-0.123940567107539,0
1,2,0.5,39,"ASC2_male",0.9,0.641001057313018,1
1,2,0.5,39,"ASC2_age",0,0.153899738303014,0
1,2,0.5,39,"ASC2_income",0,0.0863353149052241,0
1,2,0.5,39,"ASC2_child",0,0.149730698994378,0
1,2,0.5,39,"ASC3_male",-0.9,-0.502497711215983,1
1,2,0.5,39,"ASC3_age",0,0.132488185427439,0
1,2,0.5,39,"ASC3_income",-0.7,-0.29926385362834,0
1,2,0.5,39,"ASC3_child",-1.1,-0.333857529747121,0
1,2,0.5,39,"prot25_male",-1,-0.770094500438012,1
1,2,0.5,39,"prot25_age",-0.6,-0.471473370652782,0
1,2,0.5,39,"prot25_income",0.7,0.269458911898834,0
1,2,0.5,39,"prot25_child",-0.3,-0.415899132208828,0
1,2,0.5,39,"prot50_male",0,-0.120096547578077,0
1,2,0.5,39,"prot50_age",0,-0.0799396210793427,0
1,2,0.5,39,"prot50_income",0,-0.185640296741775,0
1,2,0.5,39,"prot50_child",0,-0.285728089854218,0
1,2,0.5,39,"invasive_male",1.1,0.531285095516931,1
1,2,0.5,39,"invasive_age",0,0.0577924486197781,0
1,2,0.5,39,"invasive_income",0,-0.000478698164575006,0
1,2,0.5,39,"invasive_child",-0.6,-0.254257482543075,0
1,2,0.5,40,"ASC2_male",0,-0.164208920758952,0
1,2,0.5,40,"ASC2_age",-0.3,-0.152404219172893,0
1,2,0.5,40,"ASC2_income",1.1,0.449771370151802,0
1,2,0.5,40,"ASC2_child",0,0.294759091059333,0
1,2,0.5,40,"ASC3_male",0.5,0.211861827914717,0
1,2,0.5,40,"ASC3_age",0,0.0214243201969789,0
1,2,0.5,40,"ASC3_income",-0.9,-0.58533654806338,1
1,2,0.5,40,"ASC3_child",-1,-0.490149686460604,0
1,2,0.5,40,"prot25_male",-0.5,-0.146529526285939,0
1,2,0.5,40,"prot25_age",-0.3,-0.199137527609484,0
1,2,0.5,40,"prot25_income",0,-0.0970402423101602,0
1,2,0.5,40,"prot25_child",0,0.151715595622424,0
1,2,0.5,40,"prot50_male",0,0.297370174988626,0
1,2,0.5,40,"prot50_age",-1,-0.526664705652585,1
1,2,0.5,40,"prot50_income",0,0.0118835780549997,0
1,2,0.5,40,"prot50_child",0,-0.106883795393101,0
1,2,0.5,40,"invasive_male",0,0.0802626100288732,0
1,2,0.5,40,"invasive_age",-0.3,-0.09414819734324,0
1,2,0.5,40,"invasive_income",-0.1,-0.221669555961929,0
1,2,0.5,40,"invasive_child",0,-0.0513560703237547,0
1,2,0.5,41,"ASC2_male",-0.5,-0.160001609789209,0
1,2,0.5,41,"ASC2_age",0.9,0.537082708260659,1
1,2,0.5,41,"ASC2_income",1.1,0.597549578008845,1
1,2,0.5,41,"ASC2_child",0,-0.171812055011561,0
1,2,0.5,41,"ASC3_male",0.3,0.191598876250846,0
1,2,0.5,41,"ASC3_age",0,0.147845503346557,0
1,2,0.5,41,"ASC3_income",0,-0.0252048850455288,0
1,2,0.5,41,"ASC3_child",0,-0.083458949277976,0
1,2,0.5,41,"prot25_male",0,-0.0600511390105033,0
1,2,0.5,41,"prot25_age",0,0.0206567238907817,0
1,2,0.5,41,"prot25_income",-0.2,-0.038988962339748,0
1,2,0.5,41,"prot25_child",0.7,0.387873417032782,0
1,2,0.5,41,"prot50_male",-0.8,-0.637711874384175,1
1,2,0.5,41,"prot50_age",-0.4,-0.234990354395677,0
1,2,0.5,41,"prot50_income",0,0.139768718474921,0
1,2,0.5,41,"prot50_child",0,-0.122825028150528,0
1,2,0.5,41,"invasive_male",0,-0.0971396351926762,0
1,2,0.5,41,"invasive_age",0,0.206238589241527,0
1,2,0.5,41,"invasive_income",0.3,0.109632127184553,0
1,2,0.5,41,"invasive_child",0.5,0.227218900861348,0
1,2,0.5,42,"ASC2_male",0.6,0.40109719351292,0
1,2,0.5,42,"ASC2_age",0,-0.0419512215449903,0
1,2,0.5,42,"ASC2_income",0.6,0.404869334631606,0
1,2,0.5,42,"ASC2_child",0.8,0.824648491629663,1
1,2,0.5,42,"ASC3_male",0,-0.0146694033167788,0
1,2,0.5,42,"ASC3_age",-0.3,-0.137671972476288,0
1,2,0.5,42,"ASC3_income",0,0.140350035937714,0
1,2,0.5,42,"ASC3_child",-1,0.0466273328834759,0
1,2,0.5,42,"prot25_male",0,-0.15488303869264,0
1,2,0.5,42,"prot25_age",0.6,0.417036187430113,0
1,2,0.5,42,"prot25_income",0,-0.174752482722681,0
1,2,0.5,42,"prot25_child",0,-0.450477466012371,0
1,2,0.5,42,"prot50_male",0,-0.383052595041724,0
1,2,0.5,42,"prot50_age",0.7,0.419617278988757,0
1,2,0.5,42,"prot50_income",-0.9,-0.570414262628824,1
1,2,0.5,42,"prot50_child",-0.7,-0.744359402341735,1
1,2,0.5,42,"invasive_male",1.2,0.25443380264232,0
1,2,0.5,42,"invasive_age",0,0.104482654163865,0
1,2,0.5,42,"invasive_income",0,-0.0670332011250329,0
1,2,0.5,42,"invasive_child",0,0.125732381395465,0
1,2,0.5,43,"ASC2_male",-0.7,-0.512274571895374,1
1,2,0.5,43,"ASC2_age",0,0.0248401995502477,0
1,2,0.5,43,"ASC2_income",0,0.0397415513737586,0
1,2,0.5,43,"ASC2_child",0.2,0.131307108970819,0
1,2,0.5,43,"ASC3_male",0.5,-0.0473084616713649,0
1,2,0.5,43,"ASC3_age",0,0.0588427130607222,0
1,2,0.5,43,"ASC3_income",1,0.545412737213416,1
1,2,0.5,43,"ASC3_child",-0.3,-0.136673711709005,0
1,2,0.5,43,"prot25_male",0,0.271023651804733,0
1,2,0.5,43,"prot25_age",-0.9,-0.504554351480406,1
1,2,0.5,43,"prot25_income",0,-0.0792689155224819,0
1,2,0.5,43,"prot25_child",0,-0.0172202868013855,0
1,2,0.5,43,"prot50_male",0,0.19802342209289,0
1,2,0.5,43,"prot50_age",0,-0.047199561369813,0
1,2,0.5,43,"prot50_income",-1.2,-0.569855266102301,1
1,2,0.5,43,"prot50_child",0.6,0.416929392802464,0
1,2,0.5,43,"invasive_male",0.7,0.311153412208804,0
1,2,0.5,43,"invasive_age",0,0.150831876160226,0
1,2,0.5,43,"invasive_income",-0.6,-0.434138219410851,0
1,2,0.5,43,"invasive_child",0,0.105727868350777,0
1,2,0.5,44,"ASC2_male",0,0.14561215695265,0
1,2,0.5,44,"ASC2_age",-0.5,-0.249298107879443,0
1,2,0.5,44,"ASC2_income",-1,-0.405383874993533,0
1,2,0.5,44,"ASC2_child",-0.8,-0.217549930148903,0
1,2,0.5,44,"ASC3_male",-1.1,-0.535019796471458,1
1,2,0.5,44,"ASC3_age",0,-0.018548777614783,0
1,2,0.5,44,"ASC3_income",0,0.025621470501588,0
1,2,0.5,44,"ASC3_child",0,0.13710011568935,0
1,2,0.5,44,"prot25_male",-1.1,-0.593807635149903,1
1,2,0.5,44,"prot25_age",-0.3,-0.226335059415799,0
1,2,0.5,44,"prot25_income",0,-0.0796656199805286,0
1,2,0.5,44,"prot25_child",-0.6,-0.450746882390518,0
1,2,0.5,44,"prot50_male",0,-0.253434150096916,0
1,2,0.5,44,"prot50_age",0,-0.0152753383107067,0
1,2,0.5,44,"prot50_income",-0.8,-0.486468053754793,0
1,2,0.5,44,"prot50_child",0,0.344805238530833,0
1,2,0.5,44,"invasive_male",-0.3,0.140527537270819,0
1,2,0.5,44,"invasive_age",0,-0.0990950082947995,0
1,2,0.5,44,"invasive_income",0,-0.0635474749628038,0
1,2,0.5,44,"invasive_child",-0.4,0.145615185756536,0
1,2,0.5,45,"ASC2_male",0,0.115889704432416,0
1,2,0.5,45,"ASC2_age",0.7,0.523243441854242,1
1,2,0.5,45,"ASC2_income",1.1,0.534686764216576,1
1,2,0.5,45,"ASC2_child",0.3,0.233530475053453,0
1,2,0.5,45,"ASC3_male",0,-0.108092997825532,0
1,2,0.5,45,"ASC3_age",0.4,0.4074461055688,0
1,2,0.5,45,"ASC3_income",-0.1,-0.0953044813232829,0
1,2,0.5,45,"ASC3_child",0,0.0832347649765221,0
1,2,0.5,45,"prot25_male",0,-0.48148906644504,0
1,2,0.5,45,"prot25_age",0,-0.0128374138790672,0
1,2,0.5,45,"prot25_income",0,-0.0985978659821715,0
1,2,0.5,45,"prot25_child",1.1,0.433456650076202,0
1,2,0.5,45,"prot50_male",0,-0.315572104413544,0
1,2,0.5,45,"prot50_age",-0.4,-0.348457219256517,0
1,2,0.5,45,"prot50_income",0,-0.137672047923444,0
1,2,0.5,45,"prot50_child",0.4,0.104739371534662,0
1,2,0.5,45,"invasive_male",-0.3,-0.41701441295381,0
1,2,0.5,45,"invasive_age",-0.2,-0.0315464266478841,0
1,2,0.5,45,"invasive_income",0,-0.0787177265975148,0
1,2,0.5,45,"invasive_child",0,-0.187832446026801,0
1,2,0.5,46,"ASC2_male",0.4,-0.368297686482153,0
1,2,0.5,46,"ASC2_age",0,0.0986724270963276,0
1,2,0.5,46,"ASC2_income",0,0.128765887476286,0
1,2,0.5,46,"ASC2_child",-0.5,-0.531121940931409,1
1,2,0.5,46,"ASC3_male",-0.9,-0.994591250856406,1
1,2,0.5,46,"ASC3_age",0,-0.0155746759784486,0
1,2,0.5,46,"ASC3_income",-1,-0.445107454864792,0
1,2,0.5,46,"ASC3_child",0.7,0.238804958757066,0
1,2,0.5,46,"prot25_male",0,0.394976227538026,0
1,2,0.5,46,"prot25_age",-0.9,-0.439809687825986,0
1,2,0.5,46,"prot25_income",0,-0.0243832188039271,0
1,2,0.5,46,"prot25_child",0,0.576918589550119,1
1,2,0.5,46,"prot50_male",0,0.512713297128725,1
1,2,0.5,46,"prot50_age",0.3,-0.0242079856705396,0
1,2,0.5,46,"prot50_income",1,0.372358767216577,0
1,2,0.5,46,"prot50_child",0,0.251255443697942,0
1,2,0.5,46,"invasive_male",0.3,0.161504016643197,0
1,2,0.5,46,"invasive_age",0,-0.104357263465425,0
1,2,0.5,46,"invasive_income",0.2,0.0409176303638723,0
1,2,0.5,46,"invasive_child",0,0.0600054761146714,0
1,2,0.5,47,"ASC2_male",0,0.047537062687224,0
1,2,0.5,47,"ASC2_age",0,0.13669783005707,0
1,2,0.5,47,"ASC2_income",0.8,0.391463877264743,0
1,2,0.5,47,"ASC2_child",-1.2,-0.588259636380173,1
1,2,0.5,47,"ASC3_male",0.2,0.341257348305185,0
1,2,0.5,47,"ASC3_age",0,0.203181059121673,0
1,2,0.5,47,"ASC3_income",0,0.0387794781205498,0
1,2,0.5,47,"ASC3_child",0,0.0503286004768082,0
1,2,0.5,47,"prot25_male",0,0.1193480622419,0
1,2,0.5,47,"prot25_age",0.5,0.176778985959243,0
1,2,0.5,47,"prot25_income",0.4,0.255849733759928,0
1,2,0.5,47,"prot25_child",0.9,0.486460330676992,0
1,2,0.5,47,"prot50_male",0,0.0735615504649408,0
1,2,0.5,47,"prot50_age",-0.3,-0.306367560292916,0
1,2,0.5,47,"prot50_income",-0.7,-0.265057278005724,0
1,2,0.5,47,"prot50_child",-1.1,-0.561654855536391,1
1,2,0.5,47,"invasive_male",0,0.289289448224852,0
1,2,0.5,47,"invasive_age",0.5,0.37031523149436,0
1,2,0.5,47,"invasive_income",0,0.209944649940894,0
1,2,0.5,47,"invasive_child",0,0.16973654100641,0
1,2,0.5,48,"ASC2_male",1.1,1.13755426259732,1
1,2,0.5,48,"ASC2_age",0,-0.0517203478506537,0
1,2,0.5,48,"ASC2_income",0,-0.0770888440802832,0
1,2,0.5,48,"ASC2_child",-0.3,-0.306406060795101,0
1,2,0.5,48,"ASC3_male",0,0.428005033287224,0
1,2,0.5,48,"ASC3_age",0,0.00111202805838457,0
1,2,0.5,48,"ASC3_income",0.8,0.301439301932042,0
1,2,0.5,48,"ASC3_child",0,-0.0126740456513254,0
1,2,0.5,48,"prot25_male",-0.6,-0.846356243564076,1
1,2,0.5,48,"prot25_age",0,0.0080757319868329,0
1,2,0.5,48,"prot25_income",-0.2,-0.137074165035341,0
1,2,0.5,48,"prot25_child",0,0.408776564619702,0
1,2,0.5,48,"prot50_male",0,-0.38052577690469,0
1,2,0.5,48,"prot50_age",-0.4,-0.192247347045415,0
1,2,0.5,48,"prot50_income",0,-0.0583776444205093,0
1,2,0.5,48,"prot50_child",0,0.38161231937387,0
1,2,0.5,48,"invasive_male",0.7,0.440492678468026,0
1,2,0.5,48,"invasive_age",-0.6,-0.323898073557564,0
1,2,0.5,48,"invasive_income",-0.3,-0.214059244564747,0
1,2,0.5,48,"invasive_child",-0.7,-0.294606443210357,0
1,2,0.5,49,"ASC2_male",0.7,0.131793150322778,0
1,2,0.5,49,"ASC2_age",0,-0.0980070338078523,0
1,2,0.5,49,"ASC2_income",-0.8,-0.380567152184875,0
1,2,0.5,49,"ASC2_child",-0.9,-0.424896392273799,0
1,2,0.5,49,"ASC3_male",0,-0.216152785848916,0
1,2,0.5,49,"ASC3_age",0,-0.0799062600523452,0
1,2,0.5,49,"ASC3_income",-0.5,-0.340000919681371,0
1,2,0.5,49,"ASC3_child",0,-0.0269187880050487,0
1,2,0.5,49,"prot25_male",0.8,0.358299975442759,0
1,2,0.5,49,"prot25_age",0,-0.0153369097219195,0
1,2,0.5,49,"prot25_income",0,0.159999187714755,0
1,2,0.5,49,"prot25_child",0.5,0.166158106423265,0
1,2,0.5,49,"prot50_male",-0.1,-0.0415511957990538,0
1,2,0.5,49,"prot50_age",0.8,0.378297236083018,0
1,2,0.5,49,"prot50_income",0,0.0113518997373747,0
1,2,0.5,49,"prot50_child",0,-0.230906422544269,0
1,2,0.5,49,"invasive_male",-0.9,-0.551726603377072,1
1,2,0.5,49,"invasive_age",0,-0.0296725071611041,0
1,2,0.5,49,"invasive_income",0,0.0533538718605086,0
1,2,0.5,49,"invasive_child",0.3,0.0918539771380898,0
1,2,0.5,50,"ASC2_male",0,-0.0875786792174326,0
1,2,0.5,50,"ASC2_age",0.8,0.422694577173072,0
1,2,0.5,50,"ASC2_income",0,0.0607245401986802,0
1,2,0.5,50,"ASC2_child",0,0.241599052811756,0
1,2,0.5,50,"ASC3_male",-0.5,-0.139608329306981,0
1,2,0.5,50,"ASC3_age",-0.4,-0.350791758842911,0
1,2,0.5,50,"ASC3_income",1.1,0.662034495181108,1
1,2,0.5,50,"ASC3_child",0.5,0.295810379479782,0
1,2,0.5,50,"prot25_male",1.1,0.472178266475221,0
1,2,0.5,50,"prot25_age",0.8,0.465387451921579,0
1,2,0.5,50,"prot25_income",0,-0.123225659508353,0
1,2,0.5,50,"prot25_child",0,0.137477420954827,0
1,2,0.5,50,"prot50_male",-0.6,-0.268109146988047,0
1,2,0.5,50,"prot50_age",0,-0.0349318414230029,0
1,2,0.5,50,"prot50_income",-0.3,-0.136068885990566,0
1,2,0.5,50,"prot50_child",0,0.24455147798174,0
1,2,0.5,50,"invasive_male",0,0.0762683250671878,0
1,2,0.5,50,"invasive_age",0,-0.0225673233150024,0
1,2,0.5,50,"invasive_income",0.6,0.150380092872998,0
1,2,0.5,50,"invasive_child",0,0.0189088892475823,0
1,2,0.5,51,"ASC2_male",-0.3,-0.447194155187985,0
1,2,0.5,51,"ASC2_age",-0.5,-0.305136979893774,0
1,2,0.5,51,"ASC2_income",0,0.00205339550402758,0
1,2,0.5,51,"ASC2_child",-0.7,-0.217857551275812,0
1,2,0.5,51,"ASC3_male",0,-0.458195391414052,0
1,2,0.5,51,"ASC3_age",0.5,0.225594764564997,0
1,2,0.5,51,"ASC3_income",0,-0.0583961742784951,0
1,2,0.5,51,"ASC3_child",0,0.286866717221018,0
1,2,0.5,51,"prot25_male",-1.1,-0.22050458675679,0
1,2,0.5,51,"prot25_age",0.3,0.231542345235961,0
1,2,0.5,51,"prot25_income",0.2,0.183366797429965,0
1,2,0.5,51,"prot25_child",0,0.166731355168224,0
1,2,0.5,51,"prot50_male",0,0.257618202389925,0
1,2,0.5,51,"prot50_age",0,0.0228779372049242,0
1,2,0.5,51,"prot50_income",0,0.0699233682449112,0
1,2,0.5,51,"prot50_child",1.2,0.518174992555924,1
1,2,0.5,51,"invasive_male",-0.1,0.0322425614146813,0
1,2,0.5,51,"invasive_age",0,-0.0529967034915714,0
1,2,0.5,51,"invasive_income",0,0.031789065746737,0
1,2,0.5,51,"invasive_child",0.3,0.27184168555198,0
1,2,0.5,52,"ASC2_male",-0.5,0.0200307850251803,0
1,2,0.5,52,"ASC2_age",-0.5,-0.187908696575534,0
1,2,0.5,52,"ASC2_income",1.1,0.639495326968508,1
1,2,0.5,52,"ASC2_child",-0.5,-0.0949423969665738,0
1,2,0.5,52,"ASC3_male",0.3,0.198258441187883,0
1,2,0.5,52,"ASC3_age",0,-0.00551250381011653,0
1,2,0.5,52,"ASC3_income",0,0.149581965465114,0
1,2,0.5,52,"ASC3_child",0,0.2059615497663,0
1,2,0.5,52,"prot25_male",-0.3,0.0877348041364124,0
1,2,0.5,52,"prot25_age",1,0.565410735748302,1
1,2,0.5,52,"prot25_income",0,-0.094798071551373,0
1,2,0.5,52,"prot25_child",-1.2,-0.813873735555989,1
1,2,0.5,52,"prot50_male",0,-0.0767703863532619,0
1,2,0.5,52,"prot50_age",0,0.0955939371335777,0
1,2,0.5,52,"prot50_income",0,-0.0963136852904039,0
1,2,0.5,52,"prot50_child",0.3,0.179860146509799,0
1,2,0.5,52,"invasive_male",0.1,0.153601917359214,0
1,2,0.5,52,"invasive_age",0,0.0342048114644877,0
1,2,0.5,52,"invasive_income",0,-0.10559084411434,0
1,2,0.5,52,"invasive_child",0,0.0725853780668241,0
1,2,0.5,53,"ASC2_male",-0.4,-0.25485409746146,0
1,2,0.5,53,"ASC2_age",0,0.162253984765049,0
1,2,0.5,53,"ASC2_income",-0.7,-0.445688455179468,0
1,2,0.5,53,"ASC2_child",0,-0.515053586499939,1
1,2,0.5,53,"ASC3_male",0.3,0.196368274831867,0
1,2,0.5,53,"ASC3_age",0.6,0.381634857541149,0
1,2,0.5,53,"ASC3_income",0,0.0666096339194766,0
1,2,0.5,53,"ASC3_child",0,-0.376343214360713,0
1,2,0.5,53,"prot25_male",0,-0.0100691765263508,0
1,2,0.5,53,"prot25_age",0.4,0.0569922233454789,0
1,2,0.5,53,"prot25_income",0,-0.0416595205437064,0
1,2,0.5,53,"prot25_child",0,0.241793215218627,0
1,2,0.5,53,"prot50_male",-0.6,-0.58342071357899,1
1,2,0.5,53,"prot50_age",0.9,0.35008286666553,0
1,2,0.5,53,"prot50_income",0,-0.0422374572538064,0
1,2,0.5,53,"prot50_child",-1.1,-0.205074146796043,0
1,2,0.5,53,"invasive_male",-0.5,-0.485291843939284,0
1,2,0.5,53,"invasive_age",0,-0.0754339331901669,0
1,2,0.5,53,"invasive_income",0,-0.0119490840032391,0
1,2,0.5,53,"invasive_child",-0.6,-0.797935273677777,1
1,2,0.5,54,"ASC2_male",0,-0.199747565124665,0
1,2,0.5,54,"ASC2_age",-0.5,-0.384995972135751,0
1,2,0.5,54,"ASC2_income",-0.7,-0.367866282320399,0
1,2,0.5,54,"ASC2_child",0,-0.00560507351151121,0
1,2,0.5,54,"ASC3_male",1.1,0.436600490222477,0
1,2,0.5,54,"ASC3_age",0,-0.120812831800984,0
1,2,0.5,54,"ASC3_income",0,-0.00322609249922879,0
1,2,0.5,54,"ASC3_child",-0.5,-0.199778358306335,0
1,2,0.5,54,"prot25_male",0,0.186113566353568,0
1,2,0.5,54,"prot25_age",0.3,0.162353901722709,0
1,2,0.5,54,"prot25_income",0,-0.128342530222619,0
1,2,0.5,54,"prot25_child",0,0.0714218482224628,0
1,2,0.5,54,"prot50_male",0,0.0614805678706476,0
1,2,0.5,54,"prot50_age",0.2,-0.0189923891133553,0
1,2,0.5,54,"prot50_income",0.5,0.227799113053577,0
1,2,0.5,54,"prot50_child",-0.7,-0.357680909180331,0
1,2,0.5,54,"invasive_male",0,0.124737466327423,0
1,2,0.5,54,"invasive_age",0.1,-0.0780451477710907,0
1,2,0.5,54,"invasive_income",-1.2,-0.501649236333012,1
1,2,0.5,54,"invasive_child",0,-0.0250373849988029,0
1,2,0.5,55,"ASC2_male",0,-0.18124478127514,0
1,2,0.5,55,"ASC2_age",0,0.025506019302454,0
1,2,0.5,55,"ASC2_income",0,0.0903548820459496,0
1,2,0.5,55,"ASC2_child",0,0.0182312825828572,0
1,2,0.5,55,"ASC3_male",0.5,0.158242302791179,0
1,2,0.5,55,"ASC3_age",0,0.046682918779545,0
1,2,0.5,55,"ASC3_income",0,0.183010901295464,0
1,2,0.5,55,"ASC3_child",0,-0.202210556107649,0
1,2,0.5,55,"prot25_male",0.2,0.254336728591484,0
1,2,0.5,55,"prot25_age",0.7,0.29298235757949,0
1,2,0.5,55,"prot25_income",-0.7,-0.469509522545349,0
1,2,0.5,55,"prot25_child",0,-0.188718457053388,0
1,2,0.5,55,"prot50_male",-0.5,-0.420204553224324,0
1,2,0.5,55,"prot50_age",0.5,0.346864053966188,0
1,2,0.5,55,"prot50_income",-1,-0.689472681889179,1
1,2,0.5,55,"prot50_child",0,0.0706379306109869,0
1,2,0.5,55,"invasive_male",0.8,0.288819029507791,0
1,2,0.5,55,"invasive_age",0,0.056775887989105,0
1,2,0.5,55,"invasive_income",-0.9,-0.413963610268071,0
1,2,0.5,55,"invasive_child",-1.2,-0.425951978579292,0
1,2,0.5,56,"ASC2_male",0,0.0573627135501067,0
1,2,0.5,56,"ASC2_age",-0.7,-0.450421916408272,0
1,2,0.5,56,"ASC2_income",0,0.00996255138030919,0
1,2,0.5,56,"ASC2_child",0,0.341651989826923,0
1,2,0.5,56,"ASC3_male",0,0.132520291537638,0
1,2,0.5,56,"ASC3_age",-0.4,-0.21288403266734,0
1,2,0.5,56,"ASC3_income",0,0.0159779769959878,0
1,2,0.5,56,"ASC3_child",0,0.366300381805554,0
1,2,0.5,56,"prot25_male",0,-0.289885654590799,0
1,2,0.5,56,"prot25_age",0,0.0882427377947191,0
1,2,0.5,56,"prot25_income",-0.2,-0.0356629176050165,0
1,2,0.5,56,"prot25_child",-1,-0.73825748388633,1
1,2,0.5,56,"prot50_male",0.7,0.184082106410511,0
1,2,0.5,56,"prot50_age",0.5,0.310884992125652,0
1,2,0.5,56,"prot50_income",-0.6,-0.226389634256178,0
1,2,0.5,56,"prot50_child",0.7,0.0485890112136347,0
1,2,0.5,56,"invasive_male",0,0.0799031650021137,0
1,2,0.5,56,"invasive_age",-1.1,-0.588668148944279,1
1,2,0.5,56,"invasive_income",0.3,0.269024376337463,0
1,2,0.5,56,"invasive_child",0,-0.179724584647827,0
1,2,0.5,57,"ASC2_male",1.2,0.31880064349248,0
1,2,0.5,57,"ASC2_age",1,0.57183930561743,1
1,2,0.5,57,"ASC2_income",0,-0.000317979858048221,0
1,2,0.5,57,"ASC2_child",0,0.0451666521927304,0
1,2,0.5,57,"ASC3_male",-0.2,-0.264627250236569,0
1,2,0.5,57,"ASC3_age",0,0.0848731248527332,0
1,2,0.5,57,"ASC3_income",0,0.0486219823440832,0
1,2,0.5,57,"ASC3_child",0,0.106652436417499,0
1,2,0.5,57,"prot25_male",-1,-0.503106219148987,1
1,2,0.5,57,"prot25_age",0,-0.0358125403928027,0
1,2,0.5,57,"prot25_income",-0.1,-0.0805918119428273,0
1,2,0.5,57,"prot25_child",0,0.041464112003271,0
1,2,0.5,57,"prot50_male",-0.4,-0.29367961544342,0
1,2,0.5,57,"prot50_age",-0.6,-0.430253693587777,0
1,2,0.5,57,"prot50_income",0.5,0.127600722739564,0
1,2,0.5,57,"prot50_child",0.6,0.0691311897131239,0
1,2,0.5,57,"invasive_male",0.7,0.0861742741339067,0
1,2,0.5,57,"invasive_age",0,0.103836713180705,0
1,2,0.5,57,"invasive_income",0,0.0329852780997567,0
1,2,0.5,57,"invasive_child",0,-0.0220011714886708,0
1,2,0.5,58,"ASC2_male",0.3,0.317464180929178,0
1,2,0.5,58,"ASC2_age",0.2,0.154836656522129,0
1,2,0.5,58,"ASC2_income",0,0.0529006825753219,0
1,2,0.5,58,"ASC2_child",0,0.221953869295337,0
1,2,0.5,58,"ASC3_male",0,0.261184964778769,0
1,2,0.5,58,"ASC3_age",0,0.05368775685637,0
1,2,0.5,58,"ASC3_income",0,-0.0178859023314496,0
1,2,0.5,58,"ASC3_child",0.1,0.144939370626403,0
1,2,0.5,58,"prot25_male",0,-0.061386179031217,0
1,2,0.5,58,"prot25_age",0,-0.0378812231111708,0
1,2,0.5,58,"prot25_income",0,-0.149874133684306,0
1,2,0.5,58,"prot25_child",1,0.448573928526332,0
1,2,0.5,58,"prot50_male",0,-0.0233088158513075,0
1,2,0.5,58,"prot50_age",0.5,0.146839593541697,0
1,2,0.5,58,"prot50_income",0,-0.123585248443127,0
1,2,0.5,58,"prot50_child",0.8,0.0753009120241358,0
1,2,0.5,58,"invasive_male",0.5,0.232113500880165,0
1,2,0.5,58,"invasive_age",1,0.440669232007345,0
1,2,0.5,58,"invasive_income",0.6,0.298137188877915,0
1,2,0.5,58,"invasive_child",0.7,0.380504444471739,0
1,2,0.5,59,"ASC2_male",0,-0.000234321717137416,0
1,2,0.5,59,"ASC2_age",0.5,0.229302128338693,0
1,2,0.5,59,"ASC2_income",0,-0.169133551934702,0
1,2,0.5,59,"ASC2_child",0,0.225919288048724,0
1,2,0.5,59,"ASC3_male",0.6,0.395880632537963,0
1,2,0.5,59,"ASC3_age",-1.1,-0.685684606822262,1
1,2,0.5,59,"ASC3_income",0,-0.0768409056933825,0
1,2,0.5,59,"ASC3_child",0,0.0404307473459718,0
1,2,0.5,59,"prot25_male",-0.7,-0.196081111218712,0
1,2,0.5,59,"prot25_age",0,0.0395470171767059,0
1,2,0.5,59,"prot25_income",-0.2,-0.0531119486105768,0
1,2,0.5,59,"prot25_child",0,0.171703881053393,0
1,2,0.5,59,"prot50_male",0.4,0.291485890167283,0
1,2,0.5,59,"prot50_age",-0.9,-0.33175403971803,0
1,2,0.5,59,"prot50_income",0,-0.0062120221845183,0
1,2,0.5,59,"prot50_child",0,0.00106141389736606,0
1,2,0.5,59,"invasive_male",1,0.512691923816139,1
1,2,0.5,59,"invasive_age",-0.8,-0.399582856182619,0
1,2,0.5,59,"invasive_income",-0.4,-0.193614500284127,0
1,2,0.5,59,"invasive_child",0,0.0909327155591027,0
1,2,0.5,60,"ASC2_male",-1.2,-0.618189588512783,1
1,2,0.5,60,"ASC2_age",0,0.113663201491321,0
1,2,0.5,60,"ASC2_income",0.6,0.354938047270067,0
1,2,0.5,60,"ASC2_child",-0.4,-0.371027453773907,0
1,2,0.5,60,"ASC3_male",0,-0.110758599199688,0
1,2,0.5,60,"ASC3_age",0,0.205362882536361,0
1,2,0.5,60,"ASC3_income",0,0.0395244952931872,0
1,2,0.5,60,"ASC3_child",0,-0.160635389147958,0
1,2,0.5,60,"prot25_male",0,-0.124072252554602,0
1,2,0.5,60,"prot25_age",-0.4,-0.356438510153844,0
1,2,0.5,60,"prot25_income",0,0.0256097466403061,0
1,2,0.5,60,"prot25_child",0,0.299995319637887,0
1,2,0.5,60,"prot50_male",-1.1,-0.52423821505941,1
1,2,0.5,60,"prot50_age",0,-0.179995104651848,0
1,2,0.5,60,"prot50_income",0.4,0.232753036115644,0
1,2,0.5,60,"prot50_child",0,0.128049135226515,0
1,2,0.5,60,"invasive_male",0.3,0.0901489013364983,0
1,2,0.5,60,"invasive_age",-0.5,-0.167414099744927,0
1,2,0.5,60,"invasive_income",-0.7,-0.389292349230982,0
1,2,0.5,60,"invasive_child",1,0.449275822520201,0
1,2,0.5,61,"ASC2_male",0.8,0.557524403126491,1
1,2,0.5,61,"ASC2_age",-0.9,-0.538066827393394,1
1,2,0.5,61,"ASC2_income",-0.3,0.0633121931674698,0
1,2,0.5,61,"ASC2_child",0,-0.407009554133479,0
1,2,0.5,61,"ASC3_male",0,0.228284908290588,0
1,2,0.5,61,"ASC3_age",0,-0.159304879019856,0
1,2,0.5,61,"ASC3_income",0,0.180949761463482,0
1,2,0.5,61,"ASC3_child",0,-0.342137057588254,0
1,2,0.5,61,"prot25_male",0,-0.22122905761755,0
1,2,0.5,61,"prot25_age",-1,-0.298983055054531,0
1,2,0.5,61,"prot25_income",0,-0.0793502345321803,0
1,2,0.5,61,"prot25_child",0,0.217958684647687,0
1,2,0.5,61,"prot50_male",-0.8,-0.51045327131583,1
1,2,0.5,61,"prot50_age",0.2,0.180968208867001,0
1,2,0.5,61,"prot50_income",0,-0.0710203715533715,0
1,2,0.5,61,"prot50_child",0.3,0.498311696127157,0
1,2,0.5,61,"invasive_male",0,0.146454377957283,0
1,2,0.5,61,"invasive_age",1,0.43576949279001,0
1,2,0.5,61,"invasive_income",0.2,0.227282239316686,0
1,2,0.5,61,"invasive_child",0.9,0.587256217228809,1
1,2,0.5,62,"ASC2_male",0,0.0943972356995776,0
1,2,0.5,62,"ASC2_age",0,0.153180725384944,0
1,2,0.5,62,"ASC2_income",0.1,-0.218999829640052,0
1,2,0.5,62,"ASC2_child",0,0.136759729704068,0
1,2,0.5,62,"ASC3_male",0,0.188186696438121,0
1,2,0.5,62,"ASC3_age",0.6,0.423561753543092,0
1,2,0.5,62,"ASC3_income",0.6,0.105062718711966,0
1,2,0.5,62,"ASC3_child",0,0.121597087445339,0
1,2,0.5,62,"prot25_male",-0.5,-0.141881250796964,0
1,2,0.5,62,"prot25_age",0,-0.0719009651448692,0
1,2,0.5,62,"prot25_income",0,0.0828925596249663,0
1,2,0.5,62,"prot25_child",-0.2,-0.252251524266451,0
1,2,0.5,62,"prot50_male",-0.5,-0.270502739881649,0
1,2,0.5,62,"prot50_age",0.3,0.120374040893603,0
1,2,0.5,62,"prot50_income",0,0.151553125066043,0
1,2,0.5,62,"prot50_child",1,0.431535502769689,0
1,2,0.5,62,"invasive_male",0.5,0.321371607311267,0
1,2,0.5,62,"invasive_age",0,0.0329731234274902,0
1,2,0.5,62,"invasive_income",0,-0.0468853350176514,0
1,2,0.5,62,"invasive_child",-0.9,-0.615472785649353,1
1,2,0.5,63,"ASC2_male",0,0.0212133868169863,0
1,2,0.5,63,"ASC2_age",0.6,0.264680183554091,0
1,2,0.5,63,"ASC2_income",-0.7,-0.159439609466008,0
1,2,0.5,63,"ASC2_child",0,-0.249550794625823,0
1,2,0.5,63,"ASC3_male",-0.5,-0.330475169724324,0
1,2,0.5,63,"ASC3_age",0,0.0208122934623216,0
1,2,0.5,63,"ASC3_income",0,0.0687820882958276,0
1,2,0.5,63,"ASC3_child",-0.1,-0.268838027937387,0
1,2,0.5,63,"prot25_male",0,0.238032362202826,0
1,2,0.5,63,"prot25_age",0,-0.120175528216848,0
1,2,0.5,63,"prot25_income",-0.4,-0.181931022326911,0
1,2,0.5,63,"prot25_child",-0.6,0.0254655899450595,0
1,2,0.5,63,"prot50_male",0,0.136751449932309,0
1,2,0.5,63,"prot50_age",0,-0.041336623065417,0
1,2,0.5,63,"prot50_income",-0.9,-0.520193212830596,1
1,2,0.5,63,"prot50_child",-0.7,-0.118950334729595,0
1,2,0.5,63,"invasive_male",0.8,0.510011185863737,1
1,2,0.5,63,"invasive_age",0,-0.163745375761885,0
1,2,0.5,63,"invasive_income",-0.8,-0.429459418509972,0
1,2,0.5,63,"invasive_child",0,-0.213432255989899,0
1,2,0.5,64,"ASC2_male",0.2,-0.502199144990537,1
1,2,0.5,64,"ASC2_age",0,0.0627914496342869,0
1,2,0.5,64,"ASC2_income",-0.3,0.157528993258436,0
1,2,0.5,64,"ASC2_child",0,-0.626961238493338,1
1,2,0.5,64,"ASC3_male",0,-0.53813294784202,1
1,2,0.5,64,"ASC3_age",-1.2,-0.526855765718496,1
1,2,0.5,64,"ASC3_income",0.1,0.299504449129129,0
1,2,0.5,64,"ASC3_child",0,-0.484505632683571,0
1,2,0.5,64,"prot25_male",-0.8,-0.0483571390143849,0
1,2,0.5,64,"prot25_age",0.1,-0.01286416151537,0
1,2,0.5,64,"prot25_income",0.3,0.157801072405778,0
1,2,0.5,64,"prot25_child",-0.5,0.208896985109814,0
1,2,0.5,64,"prot50_male",0.2,0.568121733091155,1
1,2,0.5,64,"prot50_age",1.1,0.462236048898911,0
1,2,0.5,64,"prot50_income",0,-0.0455136929000483,0
1,2,0.5,64,"prot50_child",0,0.39666511619188,0
1,2,0.5,64,"invasive_male",0,-0.329613453757047,0
1,2,0.5,64,"invasive_age",0,0.00637933252456779,0
1,2,0.5,64,"invasive_income",0,0.151978688405969,0
1,2,0.5,64,"invasive_child",0,-0.118809423656618,0
1,2,0.5,65,"ASC2_male",0,0.380003790007486,0
1,2,0.5,65,"ASC2_age",0.8,-0.0619790100666796,0
1,2,0.5,65,"ASC2_income",0.2,0.300082652608751,0
1,2,0.5,65,"ASC2_child",0,0.221043907063519,0
1,2,0.5,65,"ASC3_male",0,0.215750055813747,0
1,2,0.5,65,"ASC3_age",0,-0.350759531203557,0
1,2,0.5,65,"ASC3_income",0.7,0.476597556523749,0
1,2,0.5,65,"ASC3_child",0.5,0.433955697002311,0
1,2,0.5,65,"prot25_male",0,-0.137949569433733,0
1,2,0.5,65,"prot25_age",0,0.405066524828752,0
1,2,0.5,65,"prot25_income",0,-0.124331061193902,0
1,2,0.5,65,"prot25_child",1,0.407997823432488,0
1,2,0.5,65,"prot50_male",0.6,0.0652948056136402,0
1,2,0.5,65,"prot50_age",0,0.316192741565084,0
1,2,0.5,65,"prot50_income",-0.2,-0.098270767811574,0
1,2,0.5,65,"prot50_child",0.5,0.366128366699156,0
1,2,0.5,65,"invasive_male",0.3,0.207875554010439,0
1,2,0.5,65,"invasive_age",0,-0.266094984018091,0
1,2,0.5,65,"invasive_income",0.9,0.599549387460272,1
1,2,0.5,65,"invasive_child",0,0.148859989140647,0
1,2,0.5,66,"ASC2_male",0,0.133329635511094,0
1,2,0.5,66,"ASC2_age",-0.2,-0.0529155210028639,0
1,2,0.5,66,"ASC2_income",0.4,0.197331874097742,0
1,2,0.5,66,"ASC2_child",0,0.425469936654596,0
1,2,0.5,66,"ASC3_male",-0.9,-0.534320826380354,1
1,2,0.5,66,"ASC3_age",1,0.701556716248562,1
1,2,0.5,66,"ASC3_income",0,0.0249768040109049,0
1,2,0.5,66,"ASC3_child",0,0.602199288429706,1
1,2,0.5,66,"prot25_male",-0.5,-0.380644714041922,0
1,2,0.5,66,"prot25_age",0,-0.128843924086058,0
1,2,0.5,66,"prot25_income",0,0.0438138181093871,0
1,2,0.5,66,"prot25_child",-1.1,-1.05035903351548,1
1,2,0.5,66,"prot50_male",1,0.454738549606947,0
1,2,0.5,66,"prot50_age",0,-0.162837546596619,0
1,2,0.5,66,"prot50_income",0.2,0.0176846664437028,0
1,2,0.5,66,"prot50_child",0.7,-0.0699773782360552,0
1,2,0.5,66,"invasive_male",0,-0.16925339610786,0
1,2,0.5,66,"invasive_age",0,0.120393166492982,0
1,2,0.5,66,"invasive_income",0,-0.0664097943375988,0
1,2,0.5,66,"invasive_child",-1,-0.472076816409943,0
1,2,0.5,67,"ASC2_male",-0.6,-0.167136435116593,0
1,2,0.5,67,"ASC2_age",-0.5,-0.244124413853004,0
1,2,0.5,67,"ASC2_income",0,0.0107867512630196,0
1,2,0.5,67,"ASC2_child",0.9,0.166078588827461,0
1,2,0.5,67,"ASC3_male",0.8,0.638964729177752,1
1,2,0.5,67,"ASC3_age",-0.9,-0.512981795492009,1
1,2,0.5,67,"ASC3_income",1.1,0.465280789685764,0
1,2,0.5,67,"ASC3_child",0.1,-0.281905118684467,0
1,2,0.5,67,"prot25_male",0,-0.178497792939564,0
1,2,0.5,67,"prot25_age",-0.2,0.0450801608436705,0
1,2,0.5,67,"prot25_income",0,0.0962423772986467,0
1,2,0.5,67,"prot25_child",0,0.181500424336971,0
1,2,0.5,67,"prot50_male",1,0.42153244813248,0
1,2,0.5,67,"prot50_age",0,0.0573461149762443,0
1,2,0.5,67,"prot50_income",0,0.182374884670061,0
1,2,0.5,67,"prot50_child",0.1,0.118428222168483,0
1,2,0.5,67,"invasive_male",0,0.131495526547219,0
1,2,0.5,67,"invasive_age",0,0.149207705392215,0
1,2,0.5,67,"invasive_income",0,0.0405000662286011,0
1,2,0.5,67,"invasive_child",0,-0.351541232458515,0
1,2,0.5,68,"ASC2_male",0,0.117320186631335,0
1,2,0.5,68,"ASC2_age",0.1,0.087592346019742,0
1,2,0.5,68,"ASC2_income",0,0.00914179923456955,0
1,2,0.5,68,"ASC2_child",-0.8,-0.406649575942084,0
1,2,0.5,68,"ASC3_male",1.1,0.801932368499075,1
1,2,0.5,68,"ASC3_age",-0.5,-0.254576147792968,0
1,2,0.5,68,"ASC3_income",0,-0.111590946465793,0
1,2,0.5,68,"ASC3_child",-0.9,-0.35906264967339,0
1,2,0.5,68,"prot25_male",0.2,-0.252367388974111,0
1,2,0.5,68,"prot25_age",0,-0.00904883186743751,0
1,2,0.5,68,"prot25_income",0,0.101445748124383,0
1,2,0.5,68,"prot25_child",-1.1,-0.669907910655921,1
1,2,0.5,68,"prot50_male",0,-0.0723577050308666,0
1,2,0.5,68,"prot50_age",0,-0.0611817433015897,0
1,2,0.5,68,"prot50_income",0,0.118798594689517,0
1,2,0.5,68,"prot50_child",-0.8,-0.657318475912148,1
1,2,0.5,68,"invasive_male",0,0.291842543084054,0
1,2,0.5,68,"invasive_age",-0.7,-0.411787507861189,0
1,2,0.5,68,"invasive_income",0,-0.084827951571044,0
1,2,0.5,68,"invasive_child",1.1,0.43452386350482,0
1,2,0.5,69,"ASC2_male",1.1,0.133098142861148,0
1,2,0.5,69,"ASC2_age",0,-0.127107345724536,0
1,2,0.5,69,"ASC2_income",0.4,0.274502913576347,0
1,2,0.5,69,"ASC2_child",1.2,1.06155173506243,1
1,2,0.5,69,"ASC3_male",-1,-1.04810434384569,1
1,2,0.5,69,"ASC3_age",0,-0.146686268307965,0
1,2,0.5,69,"ASC3_income",-1.2,-0.657849952097648,1
1,2,0.5,69,"ASC3_child",0,0.374163688298046,0
1,2,0.5,69,"prot25_male",0,0.155396658000354,0
1,2,0.5,69,"prot25_age",0,-0.0764744178444612,0
1,2,0.5,69,"prot25_income",-0.4,-0.105765246602915,0
1,2,0.5,69,"prot25_child",-0.4,-0.426035344671259,0
1,2,0.5,69,"prot50_male",0,0.298010548964048,0
1,2,0.5,69,"prot50_age",0,-0.11036087767252,0
1,2,0.5,69,"prot50_income",0,0.162547868047422,0
1,2,0.5,69,"prot50_child",0,-0.120178729219804,0
1,2,0.5,69,"invasive_male",0,-0.043941755776024,0
1,2,0.5,69,"invasive_age",-0.5,-0.377257161680551,0
1,2,0.5,69,"invasive_income",-0.2,-0.0332133734534361,0
1,2,0.5,69,"invasive_child",-0.2,-0.0314489889925724,0
1,2,0.5,70,"ASC2_male",-0.8,-0.399343495597488,0
1,2,0.5,70,"ASC2_age",0,-0.0911277583548508,0
1,2,0.5,70,"ASC2_income",0.3,0.203592510176254,0
1,2,0.5,70,"ASC2_child",0,0.0401432431110343,0
1,2,0.5,70,"ASC3_male",0.9,0.544458203485407,1
1,2,0.5,70,"ASC3_age",0,-0.14950800351444,0
1,2,0.5,70,"ASC3_income",0,0.0232215518004615,0
1,2,0.5,70,"ASC3_child",0,0.0517243596207367,0
1,2,0.5,70,"prot25_male",0,0.00603024699904143,0
1,2,0.5,70,"prot25_age",0,0.0426500560292045,0
1,2,0.5,70,"prot25_income",0.9,0.365752166708249,0
1,2,0.5,70,"prot25_child",0,-0.00234135663486653,0
1,2,0.5,70,"prot50_male",-0.1,0.00482964132265999,0
1,2,0.5,70,"prot50_age",-0.9,-0.384246896082675,0
1,2,0.5,70,"prot50_income",0.9,0.416593829018714,0
1,2,0.5,70,"prot50_child",1,0.475667308088529,0
1,2,0.5,70,"invasive_male",0,-0.0939302315408162,0
1,2,0.5,70,"invasive_age",0.8,0.288439523741825,0
1,2,0.5,70,"invasive_income",0,0.17673183936577,0
1,2,0.5,70,"invasive_child",-0.6,-0.318106362743763,0
1,2,0.5,71,"ASC2_male",0.5,0.244666731662955,0
1,2,0.5,71,"ASC2_age",1,0.432199911008602,0
1,2,0.5,71,"ASC2_income",0.8,0.632336192472295,1
1,2,0.5,71,"ASC2_child",0.7,0.24791223552156,0
1,2,0.5,71,"ASC3_male",0,0.177541140289705,0
1,2,0.5,71,"ASC3_age",0,-0.0734741349337468,0
1,2,0.5,71,"ASC3_income",0,0.115455816920367,0
1,2,0.5,71,"ASC3_child",1.1,0.336584939501675,0
1,2,0.5,71,"prot25_male",0,0.0147330348593672,0
1,2,0.5,71,"prot25_age",0,0.0558209572680734,0
1,2,0.5,71,"prot25_income",0,-0.157801139077032,0
1,2,0.5,71,"prot25_child",0,0.180434050461712,0
1,2,0.5,71,"prot50_male",0,0.168410361475702,0
1,2,0.5,71,"prot50_age",-0.6,-0.29302962995724,0
1,2,0.5,71,"prot50_income",-0.9,-0.697549351591947,1
1,2,0.5,71,"prot50_child",-0.7,-0.232560760301251,0
1,2,0.5,71,"invasive_male",0.8,0.488408529915571,0
1,2,0.5,71,"invasive_age",0,-0.0221302739803433,0
1,2,0.5,71,"invasive_income",1,0.59013073363848,1
1,2,0.5,71,"invasive_child",0,0.152050383737802,0
1,2,0.5,72,"ASC2_male",-0.8,-0.331820807819418,0
1,2,0.5,72,"ASC2_age",0,0.111318966446892,0
1,2,0.5,72,"ASC2_income",0.3,0.288378859627571,0
1,2,0.5,72,"ASC2_child",0.2,0.184231802213831,0
1,2,0.5,72,"ASC3_male",0,0.0159172086509293,0
1,2,0.5,72,"ASC3_age",0,0.0744978781176616,0
1,2,0.5,72,"ASC3_income",0,0.0455457945458541,0
1,2,0.5,72,"ASC3_child",-0.9,-0.197186070610758,0
1,2,0.5,72,"prot25_male",0,0.0433268098239981,0
1,2,0.5,72,"prot25_age",0,0.00194774990607365,0
1,2,0.5,72,"prot25_income",0,-0.0767352684168998,0
1,2,0.5,72,"prot25_child",-0.6,-0.328434635289834,0
1,2,0.5,72,"prot50_male",1,0.586703341422308,1
1,2,0.5,72,"prot50_age",-0.6,-0.333434703556972,0
1,2,0.5,72,"prot50_income",0,0.00253870603210915,0
1,2,0.5,72,"prot50_child",0.4,0.27959055539625,0
1,2,0.5,72,"invasive_male",-0.5,-0.0129112515248406,0
1,2,0.5,72,"invasive_age",0,-0.065634644280675,0
1,2,0.5,72,"invasive_income",0,0.0108674966162627,0
1,2,0.5,72,"invasive_child",-0.1,0.164709741097098,0
1,2,0.5,73,"ASC2_male",0,0.0606474050390286,0
1,2,0.5,73,"ASC2_age",0,-0.0182855601045525,0
1,2,0.5,73,"ASC2_income",0.5,0.457445103154564,0
1,2,0.5,73,"ASC2_child",-1,-0.740692662277433,1
1,2,0.5,73,"ASC3_male",0.8,0.587490701164697,1
1,2,0.5,73,"ASC3_age",0,-0.0443460053521304,0
1,2,0.5,73,"ASC3_income",-0.5,-0.166011351562483,0
1,2,0.5,73,"ASC3_child",-1.2,-0.754214523762347,1
1,2,0.5,73,"prot25_male",0,-0.19742315298962,0
1,2,0.5,73,"prot25_age",0,0.0838376537253041,0
1,2,0.5,73,"prot25_income",0.4,0.16139076745697,0
1,2,0.5,73,"prot25_child",0,0.317737465392187,0
1,2,0.5,73,"prot50_male",-0.7,-0.327088424251472,0
1,2,0.5,73,"prot50_age",0.7,0.399155225296832,0
1,2,0.5,73,"prot50_income",1,0.457962413205652,0
1,2,0.5,73,"prot50_child",0,-0.118278851328985,0
1,2,0.5,73,"invasive_male",0,-0.074188945967982,0
1,2,0.5,73,"invasive_age",0,0.00703883873905451,0
1,2,0.5,73,"invasive_income",0,0.0248175674778044,0
1,2,0.5,73,"invasive_child",0.8,0.276976716456785,0
1,2,0.5,74,"ASC2_male",0,0.191385965822022,0
1,2,0.5,74,"ASC2_age",0,-0.0258155074557514,0
1,2,0.5,74,"ASC2_income",0,-0.0420299890070625,0
1,2,0.5,74,"ASC2_child",-1,-0.394797525862253,0
1,2,0.5,74,"ASC3_male",0.9,0.573220985837025,1
1,2,0.5,74,"ASC3_age",1.1,0.620195199447155,1
1,2,0.5,74,"ASC3_income",0,-0.125915287286518,0
1,2,0.5,74,"ASC3_child",0,0.283658582730907,0
1,2,0.5,74,"prot25_male",-0.6,-0.538071585016366,1
1,2,0.5,74,"prot25_age",0.5,0.203328048488144,0
1,2,0.5,74,"prot25_income",-0.3,-0.183434399172867,0
1,2,0.5,74,"prot25_child",0,-0.0738100509185969,0
1,2,0.5,74,"prot50_male",-0.2,-0.119889158929693,0
1,2,0.5,74,"prot50_age",0,0.00820271883686467,0
1,2,0.5,74,"prot50_income",0,0.000445475963985899,0
1,2,0.5,74,"prot50_child",0,0.0335174819008542,0
1,2,0.5,74,"invasive_male",0,-0.127772944448953,0
1,2,0.5,74,"invasive_age",-1.1,-0.593784224436513,1
1,2,0.5,74,"invasive_income",0.4,0.0490662601953595,0
1,2,0.5,74,"invasive_child",0.7,0.407520621815762,0
1,2,0.5,75,"ASC2_male",0,-0.497280368375927,0
1,2,0.5,75,"ASC2_age",0.5,0.552645894236161,1
1,2,0.5,75,"ASC2_income",0,-0.0830875852059157,0
1,2,0.5,75,"ASC2_child",0,0.0321869030945508,0
1,2,0.5,75,"ASC3_male",1,0.22519165374287,0
1,2,0.5,75,"ASC3_age",0,0.259667293512743,0
1,2,0.5,75,"ASC3_income",0,-0.159417691098694,0
1,2,0.5,75,"ASC3_child",-0.8,-0.271665283785066,0
1,2,0.5,75,"prot25_male",0.9,0.475961006360209,0
1,2,0.5,75,"prot25_age",1,0.335346599461955,0
1,2,0.5,75,"prot25_income",0,0.122763296292446,0
1,2,0.5,75,"prot25_child",-1,-0.529026857822095,1
1,2,0.5,75,"prot50_male",0,-0.193104454767822,0
1,2,0.5,75,"prot50_age",0,-0.000824883828212442,0
1,2,0.5,75,"prot50_income",-0.9,-0.208519152485971,0
1,2,0.5,75,"prot50_child",-0.4,0.182312246689755,0
1,2,0.5,75,"invasive_male",0.7,0.178377856499146,0
1,2,0.5,75,"invasive_age",0,-0.0295152347110808,0
1,2,0.5,75,"invasive_income",-0.5,-0.253825978833145,0
1,2,0.5,75,"invasive_child",0,0.369503346180205,0
1,2,0.5,76,"ASC2_male",-0.7,-0.462292158271474,0
1,2,0.5,76,"ASC2_age",0,-0.139377281152528,0
1,2,0.5,76,"ASC2_income",0,0.0619378965301584,0
1,2,0.5,76,"ASC2_child",-1,-0.272232591559498,0
1,2,0.5,76,"ASC3_male",-0.4,-0.510600065986601,1
1,2,0.5,76,"ASC3_age",0,-0.139976083829685,0
1,2,0.5,76,"ASC3_income",-0.5,-0.179589327997879,0
1,2,0.5,76,"ASC3_child",-0.6,-0.167048026168838,0
1,2,0.5,76,"prot25_male",0,0.0711980114790195,0
1,2,0.5,76,"prot25_age",0,0.0955122319743727,0
1,2,0.5,76,"prot25_income",0,-0.058921141481057,0
1,2,0.5,76,"prot25_child",-0.5,-0.410767545649741,0
1,2,0.5,76,"prot50_male",-0.1,0.088580509622118,0
1,2,0.5,76,"prot50_age",0,0.124302453430285,0
1,2,0.5,76,"prot50_income",0,0.0228367809225209,0
1,2,0.5,76,"prot50_child",0,-0.117447831359055,0
1,2,0.5,76,"invasive_male",-0.4,-0.205669841119348,0
1,2,0.5,76,"invasive_age",0,0.0127623997154376,0
1,2,0.5,76,"invasive_income",-0.2,-0.142007873731257,0
1,2,0.5,76,"invasive_child",0.1,0.239466246915741,0
1,2,0.5,77,"ASC2_male",0.4,0.490014871758538,0
1,2,0.5,77,"ASC2_age",-0.4,-0.0586934974508552,0
1,2,0.5,77,"ASC2_income",0,0.00339364162631439,0
1,2,0.5,77,"ASC2_child",-1.1,-0.628723035777552,1
1,2,0.5,77,"ASC3_male",0,0.211079806230001,0
1,2,0.5,77,"ASC3_age",0,0.0560885855656549,0
1,2,0.5,77,"ASC3_income",0,0.152764558964997,0
1,2,0.5,77,"ASC3_child",0,0.0134466541075993,0
1,2,0.5,77,"prot25_male",0.8,0.183925991353956,0
1,2,0.5,77,"prot25_age",0.6,0.201728940902203,0
1,2,0.5,77,"prot25_income",0,-0.160147831892293,0
1,2,0.5,77,"prot25_child",0,0.0235734200948446,0
1,2,0.5,77,"prot50_male",0,-0.0882949168587178,0
1,2,0.5,77,"prot50_age",-0.5,-0.316512506017234,0
1,2,0.5,77,"prot50_income",-1.1,-0.659386659762748,1
1,2,0.5,77,"prot50_child",0,0.0639315904689728,0
1,2,0.5,77,"invasive_male",0,-0.0136542258946495,0
1,2,0.5,77,"invasive_age",1,0.599635249289193,1
1,2,0.5,77,"invasive_income",0.6,0.277883066305152,0
1,2,0.5,77,"invasive_child",-0.2,-0.30083662370422,0
1,2,0.5,78,"ASC2_male",0,0.338583665224167,0
1,2,0.5,78,"ASC2_age",0,0.0507977743762252,0
1,2,0.5,78,"ASC2_income",0,-0.0779744986968738,0
1,2,0.5,78,"ASC2_child",0,-0.228784174178551,0
1,2,0.5,78,"ASC3_male",0,0.437138737050997,0
1,2,0.5,78,"ASC3_age",0,-0.0480215997853241,0
1,2,0.5,78,"ASC3_income",-0.4,-0.238819179036523,0
1,2,0.5,78,"ASC3_child",0,0.096303948638011,0
1,2,0.5,78,"prot25_male",-1.1,-0.512537565857728,1
1,2,0.5,78,"prot25_age",0,-0.130786657164239,0
1,2,0.5,78,"prot25_income",-0.2,-0.238077935731795,0
1,2,0.5,78,"prot25_child",0,0.026790276542955,0
1,2,0.5,78,"prot50_male",0.6,0.516946287075487,1
1,2,0.5,78,"prot50_age",-0.4,-0.323367618588597,0
1,2,0.5,78,"prot50_income",-0.9,-0.438359348478303,0
1,2,0.5,78,"prot50_child",0.6,0.556185506558428,1
1,2,0.5,78,"invasive_male",-0.6,0.0133708927270142,0
1,2,0.5,78,"invasive_age",0.9,0.413487934489155,0
1,2,0.5,78,"invasive_income",1.2,0.511839382649574,1
1,2,0.5,78,"invasive_child",0,-0.123381046891053,0
1,2,0.5,79,"ASC2_male",0,0.125730657048376,0
1,2,0.5,79,"ASC2_age",0,-0.00834164166399752,0
1,2,0.5,79,"ASC2_income",0,-0.143192576685404,0
1,2,0.5,79,"ASC2_child",0,0.169063871705711,0
1,2,0.5,79,"ASC3_male",0,0.18413777407736,0
1,2,0.5,79,"ASC3_age",0,-0.184674588872565,0
1,2,0.5,79,"ASC3_income",0.2,0.0391783922827122,0
1,2,0.5,79,"ASC3_child",-0.3,-0.233643143904349,0
1,2,0.5,79,"prot25_male",0.2,-0.245973454191268,0
1,2,0.5,79,"prot25_age",0,0.091912119297661,0
1,2,0.5,79,"prot25_income",0.9,0.561679575097301,1
1,2,0.5,79,"prot25_child",0.3,0.0834822146414308,0
1,2,0.5,79,"prot50_male",1,0.329318679731246,0
1,2,0.5,79,"prot50_age",0,0.00825808423602009,0
1,2,0.5,79,"prot50_income",-0.7,-0.200234881612829,0
1,2,0.5,79,"prot50_child",0,-0.295329671337149,0
1,2,0.5,79,"invasive_male",-0.6,-0.353161389225179,0
1,2,0.5,79,"invasive_age",-1.1,-0.632914970053752,1
1,2,0.5,79,"invasive_income",0,0.0411115212830066,0
1,2,0.5,79,"invasive_child",-0.1,-0.23185483818653,0
1,2,0.5,80,"ASC2_male",0.8,0.432947004490866,0
1,2,0.5,80,"ASC2_age",0,-0.184894695330333,0
1,2,0.5,80,"ASC2_income",0.4,0.343056179557144,0
1,2,0.5,80,"ASC2_child",-1,-0.525262554037474,1
1,2,0.5,80,"ASC3_male",0,-0.0433031198074106,0
1,2,0.5,80,"ASC3_age",1,0.410450735248473,0
1,2,0.5,80,"ASC3_income",0,0.0991502205359431,0
1,2,0.5,80,"ASC3_child",-1.1,-0.450219070977335,0
1,2,0.5,80,"prot25_male",0.8,0.575148216016792,1
1,2,0.5,80,"prot25_age",0,0.121005601409654,0
1,2,0.5,80,"prot25_income",0,-0.166913943408924,0
1,2,0.5,80,"prot25_child",0.3,0.278792663040406,0
1,2,0.5,80,"prot50_male",0,-0.0773962865770639,0
1,2,0.5,80,"prot50_age",1,0.629234796240029,1
1,2,0.5,80,"prot50_income",0,-0.218599653758233,0
1,2,0.5,80,"prot50_child",0,-0.176518356211068,0
1,2,0.5,80,"invasive_male",0,0.078696682538983,0
1,2,0.5,80,"invasive_age",1,0.37289361718852,0
1,2,0.5,80,"invasive_income",0,0.0855726599339601,0
1,2,0.5,80,"invasive_child",1.1,0.55895763728446,1
1,2,0.5,81,"ASC2_male",1,1.02223402409417,1
1,2,0.5,81,"ASC2_age",0,0.0651786769484966,0
1,2,0.5,81,"ASC2_income",0,0.133158037743471,0
1,2,0.5,81,"ASC2_child",0,-0.201952273804858,0
1,2,0.5,81,"ASC3_male",0,0.384599728327285,0
1,2,0.5,81,"ASC3_age",0,0.0796255772912557,0
1,2,0.5,81,"ASC3_income",0,0.0383649607709745,0
1,2,0.5,81,"ASC3_child",-0.4,-0.184275558981375,0
1,2,0.5,81,"prot25_male",0,-0.307075051043775,0
1,2,0.5,81,"prot25_age",0,-0.0728858277172383,0
1,2,0.5,81,"prot25_income",0,-0.112344684642816,0
1,2,0.5,81,"prot25_child",-0.2,-0.440464454982268,0
1,2,0.5,81,"prot50_male",1.1,-0.0620307941261577,0
1,2,0.5,81,"prot50_age",0.8,0.371276545406168,0
1,2,0.5,81,"prot50_income",0,0.163968363216792,0
1,2,0.5,81,"prot50_child",-0.3,-0.111947396807816,0
1,2,0.5,81,"invasive_male",-0.2,-0.0222222042734847,0
1,2,0.5,81,"invasive_age",-1.2,-0.618842140958608,1
1,2,0.5,81,"invasive_income",0.4,0.386240876913966,0
1,2,0.5,81,"invasive_child",1.1,0.636605399015191,1
1,2,0.5,82,"ASC2_male",0,0.0964836807397296,0
1,2,0.5,82,"ASC2_age",0,-0.0585966979793654,0
1,2,0.5,82,"ASC2_income",-0.8,-0.348721132943493,0
1,2,0.5,82,"ASC2_child",0.4,0.454198683972439,0
1,2,0.5,82,"ASC3_male",-0.5,-0.190802591887795,0
1,2,0.5,82,"ASC3_age",0,-0.108065026028198,0
1,2,0.5,82,"ASC3_income",0,0.106476841797055,0
1,2,0.5,82,"ASC3_child",0,0.104465709277587,0
1,2,0.5,82,"prot25_male",-0.5,-0.272291841630638,0
1,2,0.5,82,"prot25_age",0,-0.0441609422148254,0
1,2,0.5,82,"prot25_income",0.8,0.0994434924710638,0
1,2,0.5,82,"prot25_child",0,0.0121423957653187,0
1,2,0.5,82,"prot50_male",-0.3,-0.224475834058459,0
1,2,0.5,82,"prot50_age",0,-0.0737466486013645,0
1,2,0.5,82,"prot50_income",0.6,0.247271485330969,0
1,2,0.5,82,"prot50_child",0.3,0.265334728981563,0
1,2,0.5,82,"invasive_male",-1.1,-0.777000113692087,1
1,2,0.5,82,"invasive_age",-1.2,-0.566890069181084,1
1,2,0.5,82,"invasive_income",0,0.0159887548876845,0
1,2,0.5,82,"invasive_child",0,0.0160770604941118,0
1,2,0.5,83,"ASC2_male",0.5,0.171394962284864,0
1,2,0.5,83,"ASC2_age",0,0.155008196831521,0
1,2,0.5,83,"ASC2_income",-0.6,-0.253797045930033,0
1,2,0.5,83,"ASC2_child",-0.5,-0.0673219002176269,0
1,2,0.5,83,"ASC3_male",0,0.00741999939967505,0
1,2,0.5,83,"ASC3_age",0,0.088040195727372,0
1,2,0.5,83,"ASC3_income",0,0.0816743139904399,0
1,2,0.5,83,"ASC3_child",0,0.222944690316641,0
1,2,0.5,83,"prot25_male",-1,-0.482284638673683,0
1,2,0.5,83,"prot25_age",0.1,-0.138312509071854,0
1,2,0.5,83,"prot25_income",0,-0.0245139553064651,0
1,2,0.5,83,"prot25_child",0,-0.185008562299213,0
1,2,0.5,83,"prot50_male",0.7,0.406413815269897,0
1,2,0.5,83,"prot50_age",0,-0.181386381263495,0
1,2,0.5,83,"prot50_income",1.1,0.602372271827103,1
1,2,0.5,83,"prot50_child",0,-0.216385261050699,0
1,2,0.5,83,"invasive_male",0.7,0.289420824959917,0
1,2,0.5,83,"invasive_age",-1,-0.476505716265652,0
1,2,0.5,83,"invasive_income",0.3,0.33218942133705,0
1,2,0.5,83,"invasive_child",0,0.0462504836687671,0
1,2,0.5,84,"ASC2_male",0,-0.0568331293495978,0
1,2,0.5,84,"ASC2_age",0,0.0562862480131755,0
1,2,0.5,84,"ASC2_income",-0.9,-0.304801632201218,0
1,2,0.5,84,"ASC2_child",1.1,0.933862053592774,1
1,2,0.5,84,"ASC3_male",0.7,0.378389078718002,0
1,2,0.5,84,"ASC3_age",0,0.0105038855780678,0
1,2,0.5,84,"ASC3_income",0,0.0347942462036693,0
1,2,0.5,84,"ASC3_child",0.3,0.47138982595167,0
1,2,0.5,84,"prot25_male",0.3,0.0840641462505324,0
1,2,0.5,84,"prot25_age",0,0.0384470956862491,0
1,2,0.5,84,"prot25_income",0,0.00315722606167534,0
1,2,0.5,84,"prot25_child",0,-0.371700763504077,0
1,2,0.5,84,"prot50_male",0,-0.164725735910067,0
1,2,0.5,84,"prot50_age",-0.2,-0.151227764932626,0
1,2,0.5,84,"prot50_income",0.5,0.305495289134051,0
1,2,0.5,84,"prot50_child",0,-0.217385422191579,0
1,2,0.5,84,"invasive_male",0,-0.20874801292145,0
1,2,0.5,84,"invasive_age",-0.7,-0.398474060895137,0
1,2,0.5,84,"invasive_income",-0.9,-0.327538055136584,0
1,2,0.5,84,"invasive_child",0.5,0.291501256182078,0
1,2,0.5,85,"ASC2_male",0.9,0.250832885548164,0
1,2,0.5,85,"ASC2_age",0,-0.0627279074128221,0
1,2,0.5,85,"ASC2_income",-0.2,-0.0877668172227055,0
1,2,0.5,85,"ASC2_child",0.5,0.208192040723338,0
1,2,0.5,85,"ASC3_male",0,-0.176854184678116,0
1,2,0.5,85,"ASC3_age",0,-0.0297134490665175,0
1,2,0.5,85,"ASC3_income",0,-0.0519577992499309,0
1,2,0.5,85,"ASC3_child",0.8,0.282553960772074,0
1,2,0.5,85,"prot25_male",0.4,0.611417699306186,1
1,2,0.5,85,"prot25_age",0,-0.00691097428103836,0
1,2,0.5,85,"prot25_income",0.5,0.187726570559435,0
1,2,0.5,85,"prot25_child",-0.2,-0.0129423048706481,0
1,2,0.5,85,"prot50_male",-0.1,0.266114891403971,0
1,2,0.5,85,"prot50_age",0,0.0211356744940361,0
1,2,0.5,85,"prot50_income",-1.1,-0.660244062166874,1
1,2,0.5,85,"prot50_child",0,-0.0533496644862321,0
1,2,0.5,85,"invasive_male",0.7,0.371154754687114,0
1,2,0.5,85,"invasive_age",0,-0.0249266969343496,0
1,2,0.5,85,"invasive_income",0,0.0484409390792358,0
1,2,0.5,85,"invasive_child",0,0.0645055502422509,0
1,2,0.5,86,"ASC2_male",0.2,0.0735544496170304,0
1,2,0.5,86,"ASC2_age",0.4,0.283615610098469,0
1,2,0.5,86,"ASC2_income",0,-0.066970760903875,0
1,2,0.5,86,"ASC2_child",-0.2,0.233150216499208,0
1,2,0.5,86,"ASC3_male",-0.2,-0.127005337407542,0
1,2,0.5,86,"ASC3_age",0,0.0098526812941693,0
1,2,0.5,86,"ASC3_income",0,-0.174013908744299,0
1,2,0.5,86,"ASC3_child",0,0.366255511615079,0
1,2,0.5,86,"prot25_male",0,-0.123041142462217,0
1,2,0.5,86,"prot25_age",0,-0.00456097787715627,0
1,2,0.5,86,"prot25_income",-0.2,-0.0920387673837282,0
1,2,0.5,86,"prot25_child",0,0.00657335346894676,0
1,2,0.5,86,"prot50_male",0.6,0.170058151256311,0
1,2,0.5,86,"prot50_age",-1,-0.560421120480855,1
1,2,0.5,86,"prot50_income",0,0.167538248992652,0
1,2,0.5,86,"prot50_child",1,0.433857731495135,0
1,2,0.5,86,"invasive_male",0.5,0.150183792742159,0
1,2,0.5,86,"invasive_age",0,0.11979881173878,0
1,2,0.5,86,"invasive_income",0,0.0776452406055679,0
1,2,0.5,86,"invasive_child",-1,-0.509372360168228,1
1,2,0.5,87,"ASC2_male",0.2,0.224318549819385,0
1,2,0.5,87,"ASC2_age",1.1,0.580741154703601,1
1,2,0.5,87,"ASC2_income",0,-0.0632030773556261,0
1,2,0.5,87,"ASC2_child",0,0.0882125024985655,0
1,2,0.5,87,"ASC3_male",0,-0.106314644332982,0
1,2,0.5,87,"ASC3_age",-0.4,-0.174908673462047,0
1,2,0.5,87,"ASC3_income",0,0.0514335180670173,0
1,2,0.5,87,"ASC3_child",0.7,0.426532324691518,0
1,2,0.5,87,"prot25_male",-1.2,-0.678548654804388,1
1,2,0.5,87,"prot25_age",-0.9,-0.463518735238628,0
1,2,0.5,87,"prot25_income",0,-0.0221243794104958,0
1,2,0.5,87,"prot25_child",-0.2,-0.170326305749263,0
1,2,0.5,87,"prot50_male",-0.5,-0.16254486063851,0
1,2,0.5,87,"prot50_age",0,-0.131415017015297,0
1,2,0.5,87,"prot50_income",0,-0.159300329751235,0
1,2,0.5,87,"prot50_child",0.4,0.241251691920072,0
1,2,0.5,87,"invasive_male",0,-0.0310532302035446,0
1,2,0.5,87,"invasive_age",0,-0.00438607570682357,0
1,2,0.5,87,"invasive_income",0,-0.125355290027256,0
1,2,0.5,87,"invasive_child",0.8,0.819934207776503,1
1,2,0.5,88,"ASC2_male",-1.1,-0.369123047018531,0
1,2,0.5,88,"ASC2_age",0,-0.1213927606781,0
1,2,0.5,88,"ASC2_income",0.3,0.0479883610713581,0
1,2,0.5,88,"ASC2_child",0,-0.343151554580086,0
1,2,0.5,88,"ASC3_male",-1.1,-0.489769563619113,0
1,2,0.5,88,"ASC3_age",0,-0.00652913283339947,0
1,2,0.5,88,"ASC3_income",0,-0.155991309310262,0
1,2,0.5,88,"ASC3_child",0.5,-0.038750530074132,0
1,2,0.5,88,"prot25_male",0.6,0.0923534436784399,0
1,2,0.5,88,"prot25_age",0,0.109159267751508,0
1,2,0.5,88,"prot25_income",0,0.0102006022847905,0
1,2,0.5,88,"prot25_child",0,0.290278128977297,0
1,2,0.5,88,"prot50_male",0,-0.343705381515946,0
1,2,0.5,88,"prot50_age",-0.3,-0.0280298658822827,0
1,2,0.5,88,"prot50_income",-0.5,-0.112951505354638,0
1,2,0.5,88,"prot50_child",0.8,0.661618671706352,1
1,2,0.5,88,"invasive_male",0,-0.0583687711514505,0
1,2,0.5,88,"invasive_age",-1.1,-0.574709398493621,1
1,2,0.5,88,"invasive_income",0.4,0.196039643984448,0
1,2,0.5,88,"invasive_child",0,0.131846885139787,0
1,2,0.5,89,"ASC2_male",0,-0.331976475809024,0
1,2,0.5,89,"ASC2_age",0,0.122467746924364,0
1,2,0.5,89,"ASC2_income",0.5,0.22601832352618,0
1,2,0.5,89,"ASC2_child",0,-0.232374596478605,0
1,2,0.5,89,"ASC3_male",0,-0.210871344527287,0
1,2,0.5,89,"ASC3_age",0.3,0.33387479644784,0
1,2,0.5,89,"ASC3_income",-0.8,-0.417622282835988,0
1,2,0.5,89,"ASC3_child",0,-0.323392092912875,0
1,2,0.5,89,"prot25_male",0.1,0.30085341925624,0
1,2,0.5,89,"prot25_age",-0.1,-0.146101152769699,0
1,2,0.5,89,"prot25_income",0,0.107195683469932,0
1,2,0.5,89,"prot25_child",-1.2,-0.600790991853943,1
1,2,0.5,89,"prot50_male",-0.5,0.112998939272728,0
1,2,0.5,89,"prot50_age",0,-0.0627762638475057,0
1,2,0.5,89,"prot50_income",0,0.0696835578769583,0
1,2,0.5,89,"prot50_child",0,0.313778944252284,0
1,2,0.5,89,"invasive_male",-0.6,-0.487640854484694,0
1,2,0.5,89,"invasive_age",0.2,0.0413890463266645,0
1,2,0.5,89,"invasive_income",1.1,0.642334362220736,1
1,2,0.5,89,"invasive_child",0,0.0232297922642956,0
1,2,0.5,90,"ASC2_male",-1,-0.107091647266463,0
1,2,0.5,90,"ASC2_age",-0.2,-0.392231302007068,0
1,2,0.5,90,"ASC2_income",-0.9,-0.378666687537605,0
1,2,0.5,90,"ASC2_child",0.8,-0.183194296943046,0
1,2,0.5,90,"ASC3_male",0,0.29106123008198,0
1,2,0.5,90,"ASC3_age",0,-0.24263271302368,0
1,2,0.5,90,"ASC3_income",0,0.0983454344002504,0
1,2,0.5,90,"ASC3_child",0.6,-0.253525719345899,0
1,2,0.5,90,"prot25_male",0,-0.240830860714017,0
1,2,0.5,90,"prot25_age",0,0.223294277300192,0
1,2,0.5,90,"prot25_income",0.8,0.462635366313539,0
1,2,0.5,90,"prot25_child",0,0.437197911534494,0
1,2,0.5,90,"prot50_male",0,-0.0923664284246421,0
1,2,0.5,90,"prot50_age",1,0.659924354139174,1
1,2,0.5,90,"prot50_income",0.6,0.267242020229406,0
1,2,0.5,90,"prot50_child",0,0.25433240030327,0
1,2,0.5,90,"invasive_male",0,-0.0269806216915488,0
1,2,0.5,90,"invasive_age",0,0.0270877590717408,0
1,2,0.5,90,"invasive_income",-0.6,-0.267023371239375,0
1,2,0.5,90,"invasive_child",-1.2,-0.715853255782119,1
1,2,0.5,91,"ASC2_male",1.2,0.724914959169735,1
1,2,0.5,91,"ASC2_age",0.2,0.0538731678635001,0
1,2,0.5,91,"ASC2_income",0,0.0675855300818306,0
1,2,0.5,91,"ASC2_child",0,-0.288363627147039,0
1,2,0.5,91,"ASC3_male",0,0.121728348214966,0
1,2,0.5,91,"ASC3_age",0,-0.0922173697886432,0
1,2,0.5,91,"ASC3_income",0.6,0.41434421595077,0
1,2,0.5,91,"ASC3_child",1.1,0.483490524298601,0
1,2,0.5,91,"prot25_male",0,0.254654983418264,0
1,2,0.5,91,"prot25_age",0.3,0.265459513129003,0
1,2,0.5,91,"prot25_income",0.2,0.0945227027646879,0
1,2,0.5,91,"prot25_child",0,0.182742645541107,0
1,2,0.5,91,"prot50_male",-0.7,-0.295952228026873,0
1,2,0.5,91,"prot50_age",0,0.190527127493423,0
1,2,0.5,91,"prot50_income",-1,-0.643617799816758,1
1,2,0.5,91,"prot50_child",0,0.432568788580204,0
1,2,0.5,91,"invasive_male",-0.6,-0.261642887852869,0
1,2,0.5,91,"invasive_age",0,0.0230365396918012,0
1,2,0.5,91,"invasive_income",0.4,0.289089393225079,0
1,2,0.5,91,"invasive_child",0,0.133924122769869,0
1,2,0.5,92,"ASC2_male",-0.4,-0.229010409255438,0
1,2,0.5,92,"ASC2_age",0,0.101534198467026,0
1,2,0.5,92,"ASC2_income",1,0.328214674248597,0
1,2,0.5,92,"ASC2_child",0,0.130778355218465,0
1,2,0.5,92,"ASC3_male",-1.1,-0.522249358066284,1
1,2,0.5,92,"ASC3_age",0.6,0.387729097623016,0
1,2,0.5,92,"ASC3_income",0.8,0.157280061746784,0
1,2,0.5,92,"ASC3_child",0,0.171123387081398,0
1,2,0.5,92,"prot25_male",0,-0.0925657229657023,0
1,2,0.5,92,"prot25_age",0,-0.0191641707929041,0
1,2,0.5,92,"prot25_income",0.7,0.422644086736681,0
1,2,0.5,92,"prot25_child",-0.8,-0.475234397958849,0
1,2,0.5,92,"prot50_male",1,0.46789885324724,0
1,2,0.5,92,"prot50_age",0,-0.00861663492058541,0
1,2,0.5,92,"prot50_income",-1.2,-0.583650158403724,1
1,2,0.5,92,"prot50_child",0,-0.137218094077457,0
1,2,0.5,92,"invasive_male",0,0.0773845007838662,0
1,2,0.5,92,"invasive_age",0,0.102421666226641,0
1,2,0.5,92,"invasive_income",-0.9,-0.494321842314523,0
1,2,0.5,92,"invasive_child",0,0.0757744407413002,0
1,2,0.5,93,"ASC2_male",0,0.068241348728621,0
1,2,0.5,93,"ASC2_age",1,0.657575275267358,1
1,2,0.5,93,"ASC2_income",0,0.157941586775298,0
1,2,0.5,93,"ASC2_child",-0.3,-0.403748157890474,0
1,2,0.5,93,"ASC3_male",-1,-0.685397384729214,1
1,2,0.5,93,"ASC3_age",0,0.257523075944357,0
1,2,0.5,93,"ASC3_income",0,0.21906665912229,0
1,2,0.5,93,"ASC3_child",0.1,-0.331300394510622,0
1,2,0.5,93,"prot25_male",0.7,0.258292815254431,0
1,2,0.5,93,"prot25_age",0,-0.187439795005841,0
1,2,0.5,93,"prot25_income",-0.7,-0.596361885674638,1
1,2,0.5,93,"prot25_child",0,0.445746901847643,0
1,2,0.5,93,"prot50_male",0,-0.0967137134833604,0
1,2,0.5,93,"prot50_age",0,-0.0865316566289799,0
1,2,0.5,93,"prot50_income",0,-0.078053667902231,0
1,2,0.5,93,"prot50_child",0.9,0.953041787298094,1
1,2,0.5,93,"invasive_male",-0.7,-0.651317971200095,1
1,2,0.5,93,"invasive_age",-0.7,-0.25301626786565,0
1,2,0.5,93,"invasive_income",0,0.213716171381095,0
1,2,0.5,93,"invasive_child",-0.2,-0.216117329924791,0
1,2,0.5,94,"ASC2_male",0.3,0.344697668620828,0
1,2,0.5,94,"ASC2_age",-0.4,-0.0413050047393965,0
1,2,0.5,94,"ASC2_income",-0.4,-0.199273775059301,0
1,2,0.5,94,"ASC2_child",-0.6,0.0385368244960337,0
1,2,0.5,94,"ASC3_male",-0.3,-0.124866723784586,0
1,2,0.5,94,"ASC3_age",0,0.0531970834714276,0
1,2,0.5,94,"ASC3_income",0,0.0410822438632321,0
1,2,0.5,94,"ASC3_child",0.9,0.516183092245877,1
1,2,0.5,94,"prot25_male",0.3,0.114217162111929,0
1,2,0.5,94,"prot25_age",0,0.0938956250150802,0
1,2,0.5,94,"prot25_income",0.2,0.136314480099983,0
1,2,0.5,94,"prot25_child",0,0.19908047134461,0
1,2,0.5,94,"prot50_male",0,0.0447326690484702,0
1,2,0.5,94,"prot50_age",0.5,0.310546884135372,0
1,2,0.5,94,"prot50_income",0,0.00560521544364942,0
1,2,0.5,94,"prot50_child",-0.1,-0.130489021973076,0
1,2,0.5,94,"invasive_male",0,0.18231963002015,0
1,2,0.5,94,"invasive_age",0,0.0918691633265615,0
1,2,0.5,94,"invasive_income",0,0.10316007462686,0
1,2,0.5,94,"invasive_child",0,-0.105008116648067,0
1,2,0.5,95,"ASC2_male",-0.9,-0.799764400636674,1
1,2,0.5,95,"ASC2_age",0,0.0324837152381816,0
1,2,0.5,95,"ASC2_income",0,-0.0484234193940815,0
1,2,0.5,95,"ASC2_child",0,0.353319973511871,0
1,2,0.5,95,"ASC3_male",0,-0.308534294744249,0
1,2,0.5,95,"ASC3_age",1.1,0.594237522612707,1
1,2,0.5,95,"ASC3_income",0.8,0.418729648213715,0
1,2,0.5,95,"ASC3_child",-1,-0.23934541468826,0
1,2,0.5,95,"prot25_male",-1,-0.139632340918505,0
1,2,0.5,95,"prot25_age",0.8,0.441725009439779,0
1,2,0.5,95,"prot25_income",0.7,0.306151287187642,0
1,2,0.5,95,"prot25_child",0.6,0.177924908651248,0
1,2,0.5,95,"prot50_male",0,0.244119445480036,0
1,2,0.5,95,"prot50_age",0,0.0246902035667294,0
1,2,0.5,95,"prot50_income",1,0.370086756381257,0
1,2,0.5,95,"prot50_child",0,-0.149909275597133,0
1,2,0.5,95,"invasive_male",0,-0.175199120801207,0
1,2,0.5,95,"invasive_age",0,-0.028061184346142,0
1,2,0.5,95,"invasive_income",0,-0.0652848987593041,0
1,2,0.5,95,"invasive_child",0.4,0.31857584308672,0
1,2,0.5,96,"ASC2_male",0.6,0.6477814253729,1
1,2,0.5,96,"ASC2_age",0,0.0508470612769905,0
1,2,0.5,96,"ASC2_income",0,-0.169355840409777,0
1,2,0.5,96,"ASC2_child",0,0.682446058671276,1
1,2,0.5,96,"ASC3_male",-0.1,0.316381061584814,0
1,2,0.5,96,"ASC3_age",1.2,0.598534784659528,1
1,2,0.5,96,"ASC3_income",0,-0.203372272975532,0
1,2,0.5,96,"ASC3_child",0,0.649671498880082,1
1,2,0.5,96,"prot25_male",-0.6,-0.565105284144237,1
1,2,0.5,96,"prot25_age",0.3,0.139777673125011,0
1,2,0.5,96,"prot25_income",-0.8,-0.250594472974509,0
1,2,0.5,96,"prot25_child",0.7,0.0217675146052103,0
1,2,0.5,96,"prot50_male",-1,-0.480776831797946,0
1,2,0.5,96,"prot50_age",0,-0.0303502410753524,0
1,2,0.5,96,"prot50_income",0,0.092973088738856,0
1,2,0.5,96,"prot50_child",0,-0.323845560276698,0
1,2,0.5,96,"invasive_male",-0.2,0.203434811411392,0
1,2,0.5,96,"invasive_age",-0.4,-0.213990264725017,0
1,2,0.5,96,"invasive_income",0,-0.0883925805753285,0
1,2,0.5,96,"invasive_child",0,0.330167078121061,0
1,2,0.5,97,"ASC2_male",-1,-0.401897728854628,0
1,2,0.5,97,"ASC2_age",0.2,0.0305436619106289,0
1,2,0.5,97,"ASC2_income",0,0.00433297373256144,0
1,2,0.5,97,"ASC2_child",-0.3,-0.316784527040909,0
1,2,0.5,97,"ASC3_male",0.5,0.0248070319417759,0
1,2,0.5,97,"ASC3_age",0.5,0.220854155851597,0
1,2,0.5,97,"ASC3_income",0,0.112826511574998,0
1,2,0.5,97,"ASC3_child",-0.2,-0.240418559495465,0
1,2,0.5,97,"prot25_male",0,-0.0627705536260323,0
1,2,0.5,97,"prot25_age",0,0.133812438000251,0
1,2,0.5,97,"prot25_income",-0.1,-0.106841945620483,0
1,2,0.5,97,"prot25_child",0,0.293379358110879,0
1,2,0.5,97,"prot50_male",0.6,0.46070538091943,0
1,2,0.5,97,"prot50_age",0,0.0669807331534077,0
1,2,0.5,97,"prot50_income",-0.5,-0.375520959478918,0
1,2,0.5,97,"prot50_child",0,0.285797789379726,0
1,2,0.5,97,"invasive_male",0,0.176081068127716,0
1,2,0.5,97,"invasive_age",0,-0.0240139782876365,0
1,2,0.5,97,"invasive_income",-0.7,-0.481840534214522,0
1,2,0.5,97,"invasive_child",0,-0.00102709031527126,0
1,2,0.5,98,"ASC2_male",0,-0.136694701707071,0
1,2,0.5,98,"ASC2_age",0,0.0881936512348105,0
1,2,0.5,98,"ASC2_income",-0.5,-0.251902770897167,0
1,2,0.5,98,"ASC2_child",-1.1,-0.70744030337992,1
1,2,0.5,98,"ASC3_male",-0.3,-0.137152984738996,0
1,2,0.5,98,"ASC3_age",1,0.525622451418262,1
1,2,0.5,98,"ASC3_income",0,0.0111380793487097,0
1,2,0.5,98,"ASC3_child",-0.6,-0.257697376165467,0
1,2,0.5,98,"prot25_male",-0.4,-0.19329425711683,0
1,2,0.5,98,"prot25_age",0,0.0125690958147319,0
1,2,0.5,98,"prot25_income",1.2,0.44808404158899,0
1,2,0.5,98,"prot25_child",-0.8,-0.339126019232563,0
1,2,0.5,98,"prot50_male",-1.1,-0.481470473718148,0
1,2,0.5,98,"prot50_age",0,-0.00274353025225477,0
1,2,0.5,98,"prot50_income",0,-0.0632746959317227,0
1,2,0.5,98,"prot50_child",0,-0.136540968289226,0
1,2,0.5,98,"invasive_male",0,-0.157764773486107,0
1,2,0.5,98,"invasive_age",0,0.157174118829734,0
1,2,0.5,98,"invasive_income",0,-0.051168522708117,0
1,2,0.5,98,"invasive_child",1,0.540972626224267,1
1,2,0.5,99,"ASC2_male",1.1,0.338500373805243,0
1,2,0.5,99,"ASC2_age",0.3,0.113040121687671,0
1,2,0.5,99,"ASC2_income",-0.8,-0.146415942925423,0
1,2,0.5,99,"ASC2_child",0.2,-0.211094609409318,0
1,2,0.5,99,"ASC3_male",1.1,0.453327538617066,0
1,2,0.5,99,"ASC3_age",0,0.0411797363423014,0
1,2,0.5,99,"ASC3_income",0,0.136995203656998,0
1,2,0.5,99,"ASC3_child",0,-0.248148171416339,0
1,2,0.5,99,"prot25_male",-0.6,-0.295173350952315,0
1,2,0.5,99,"prot25_age",0,-0.0450027724870833,0
1,2,0.5,99,"prot25_income",0,-0.121810567388256,0
1,2,0.5,99,"prot25_child",0,-0.0734843869982724,0
1,2,0.5,99,"prot50_male",-0.2,-0.158162581621777,0
1,2,0.5,99,"prot50_age",0.9,0.337654102323259,0
1,2,0.5,99,"prot50_income",-0.1,-0.117914109750128,0
1,2,0.5,99,"prot50_child",0,-0.0606978536885001,0
1,2,0.5,99,"invasive_male",0.9,0.328897233397785,0
1,2,0.5,99,"invasive_age",0,0.0284860008844526,0
1,2,0.5,99,"invasive_income",0,0.000807296214080559,0
1,2,0.5,99,"invasive_child",0,-0.289292114936847,0
1,2,0.5,100,"ASC2_male",0.1,0.30756460289379,0
1,2,0.5,100,"ASC2_age",0,0.0260774584687261,0
1,2,0.5,100,"ASC2_income",0,0.0353509023344171,0
1,2,0.5,100,"ASC2_child",-0.7,-0.0633461787095704,0
1,2,0.5,100,"ASC3_male",0,0.396086143593939,0
1,2,0.5,100,"ASC3_age",0,-0.0192582148846447,0
1,2,0.5,100,"ASC3_income",-0.7,-0.333693675287867,0
1,2,0.5,100,"ASC3_child",-1.1,-0.324859573077987,0
1,2,0.5,100,"prot25_male",0,-0.360363149574511,0
1,2,0.5,100,"prot25_age",-0.7,-0.255662077425626,0
1,2,0.5,100,"prot25_income",0,0.00046055561206995,0
1,2,0.5,100,"prot25_child",-0.6,-0.215879733778766,0
1,2,0.5,100,"prot50_male",0,-0.361136710324558,0
1,2,0.5,100,"prot50_age",0,-0.0653590541207485,0
1,2,0.5,100,"prot50_income",0.5,0.149917758530702,0
1,2,0.5,100,"prot50_child",1,0.450448448778002,0
1,2,0.5,100,"invasive_male",0,0.170570078671326,0
1,2,0.5,100,"invasive_age",0,-0.103624756661573,0
1,2,0.5,100,"invasive_income",0.8,0.279919789886168,0
1,2,0.5,100,"invasive_child",0.4,0.211908278671866,0
