"TPR","FPR","TNR","FNR"
0.134666666666667,0.004,0.996,0.865333333333333
