"Alpha","TPR","FPR","TNR","FNR"
1,0.9,0.00933333333333333,0.990666666666667,0.1
