"Alpha","TPR","FPR","TNR","FNR"
0.5,0.890666666666667,0.00933333333333333,0.990666666666667,0.109333333333333
