"Alpha","TPR","FPR","TNR","FNR"
0.5,0.42,0.00266666666666667,0.997333333333333,0.58
