"TPR","FPR","TNR","FNR"
0.0266666666666667,0,1,0.973333333333333
