"Alpha","TPR","FPR","TNR","FNR"
1,0.461333333333333,0.00533333333333333,0.994666666666667,0.538666666666667
