"TPR","FPR","TNR","FNR"
0.0266666666666667,0.00266666666666667,0.997333333333333,0.973333333333333
