"Alpha","NoiseScale","Threshold","Iteration","Interaction","TrueBeta","Estimate","Detected"
1,2,1e-04,1,"ASC2_male",0,6.35557911576386e-07,0
1,2,1e-04,1,"ASC2_age",0.6,0.251666269413172,1
1,2,1e-04,1,"ASC2_income",0,-0.00507818750834574,1
1,2,1e-04,1,"ASC2_child",0,-1.0071798526641e-06,0
1,2,1e-04,1,"ASC3_male",0,2.17213198361164e-07,0
1,2,1e-04,1,"ASC3_age",-1,-0.496458805862328,1
1,2,1e-04,1,"ASC3_income",0,0.0238551134852089,1
1,2,1e-04,1,"ASC3_child",0.2,0.151814956606145,1
1,2,1e-04,1,"prot25_male",0,0.104842937840765,1
1,2,1e-04,1,"prot25_age",-1,-0.480919223290908,1
1,2,1e-04,1,"prot25_income",0,-1.44330972553817e-08,0
1,2,1e-04,1,"prot25_child",1.1,0.392166671124707,1
1,2,1e-04,1,"prot50_male",-0.2,-5.71459332082108e-10,0
1,2,1e-04,1,"prot50_age",0.5,0.299978580346702,1
1,2,1e-04,1,"prot50_income",0.6,0.296105058157288,1
1,2,1e-04,1,"prot50_child",0,-4.98245586056377e-08,0
1,2,1e-04,1,"invasive_male",-0.2,-0.00950876234730521,1
1,2,1e-04,1,"invasive_age",0,0.0139194017774727,1
1,2,1e-04,1,"invasive_income",-0.3,-0.0872713679697799,1
1,2,1e-04,1,"invasive_child",0,-5.80999571941908e-08,0
1,2,1e-04,2,"ASC2_male",0.2,0.0287649975934593,1
1,2,1e-04,2,"ASC2_age",0,-0.00220386435042626,1
1,2,1e-04,2,"ASC2_income",0.2,0.13673419806165,1
1,2,1e-04,2,"ASC2_child",0,1.35234743539677e-08,0
1,2,1e-04,2,"ASC3_male",-0.2,-0.0874484135076648,1
1,2,1e-04,2,"ASC3_age",0,-5.07474804478495e-09,0
1,2,1e-04,2,"ASC3_income",0.9,0.436419585803671,1
1,2,1e-04,2,"ASC3_child",0,0.0213422891352863,1
1,2,1e-04,2,"prot25_male",0,-1.38272108802952e-08,0
1,2,1e-04,2,"prot25_age",-0.4,-0.162974994450288,1
1,2,1e-04,2,"prot25_income",0,-1.11013031325342e-07,0
1,2,1e-04,2,"prot25_child",-0.9,-0.271918431603004,1
1,2,1e-04,2,"prot50_male",0,5.80608219924966e-08,0
1,2,1e-04,2,"prot50_age",-1,-0.511417847150392,1
1,2,1e-04,2,"prot50_income",0,0.0403002127834724,1
1,2,1e-04,2,"prot50_child",0,0.106956952684537,1
1,2,1e-04,2,"invasive_male",0.7,0.331736630826588,1
1,2,1e-04,2,"invasive_age",0,-5.67344534461121e-09,0
1,2,1e-04,2,"invasive_income",-0.2,-0.0330512523672995,1
1,2,1e-04,2,"invasive_child",-1,-0.284971845463267,1
1,2,1e-04,3,"ASC2_male",0,0.045773904461407,1
1,2,1e-04,3,"ASC2_age",0.4,0.128135825466126,1
1,2,1e-04,3,"ASC2_income",-0.7,-0.314767642730002,1
1,2,1e-04,3,"ASC2_child",0,-0.0814558823564286,1
1,2,1e-04,3,"ASC3_male",0,3.87172409661161e-08,0
1,2,1e-04,3,"ASC3_age",0,-0.00929780921699077,1
1,2,1e-04,3,"ASC3_income",0,0.0731638086551195,1
1,2,1e-04,3,"ASC3_child",0,0.0451128853848997,1
1,2,1e-04,3,"prot25_male",0.3,0.00743394066783917,1
1,2,1e-04,3,"prot25_age",-0.9,-0.421062061779387,1
1,2,1e-04,3,"prot25_income",0,0.0260883033829348,1
1,2,1e-04,3,"prot25_child",-0.3,-0.205654128663011,1
1,2,1e-04,3,"prot50_male",0,-0.0330730274313889,1
1,2,1e-04,3,"prot50_age",0,0.0629934644169531,1
1,2,1e-04,3,"prot50_income",0.2,0.112198427416206,1
1,2,1e-04,3,"prot50_child",0,0.000141253618037206,1
1,2,1e-04,3,"invasive_male",-0.4,-0.20738961640142,1
1,2,1e-04,3,"invasive_age",1,0.498868816983834,1
1,2,1e-04,3,"invasive_income",1.1,0.624559549774915,1
1,2,1e-04,3,"invasive_child",1,0.566814600991559,1
1,2,1e-04,4,"ASC2_male",0,0.0946893281195869,1
1,2,1e-04,4,"ASC2_age",0.7,0.287541148083448,1
1,2,1e-04,4,"ASC2_income",0.6,0.177277789554933,1
1,2,1e-04,4,"ASC2_child",1,0.513472511145368,1
1,2,1e-04,4,"ASC3_male",0,0.0652267365270813,1
1,2,1e-04,4,"ASC3_age",0,-0.0587784584003087,1
1,2,1e-04,4,"ASC3_income",0,-0.0891868210532517,1
1,2,1e-04,4,"ASC3_child",-1.2,-0.487569367605022,1
1,2,1e-04,4,"prot25_male",0,-0.0862878077929627,1
1,2,1e-04,4,"prot25_age",0,-0.00642098435744674,1
1,2,1e-04,4,"prot25_income",0.6,0.370239180700307,1
1,2,1e-04,4,"prot25_child",-0.2,-0.0405258497184097,1
1,2,1e-04,4,"prot50_male",0,-0.0818173031467675,1
1,2,1e-04,4,"prot50_age",0,0.00563800273836368,1
1,2,1e-04,4,"prot50_income",0.3,0.159097431321887,1
1,2,1e-04,4,"prot50_child",0,0.0122652174826085,1
1,2,1e-04,4,"invasive_male",-0.5,-0.221431349121849,1
1,2,1e-04,4,"invasive_age",-0.2,-0.144264298530574,1
1,2,1e-04,4,"invasive_income",-0.6,-0.334630927714649,1
1,2,1e-04,4,"invasive_child",0,0.0100990416391884,1
1,2,1e-04,5,"ASC2_male",0,-0.274930017734047,1
1,2,1e-04,5,"ASC2_age",0,-0.0170234521544432,1
1,2,1e-04,5,"ASC2_income",-0.3,-0.152193667913118,1
1,2,1e-04,5,"ASC2_child",0,-0.0244413217623616,1
1,2,1e-04,5,"ASC3_male",0.7,0.159766691368401,1
1,2,1e-04,5,"ASC3_age",0,1.35821128089001e-08,0
1,2,1e-04,5,"ASC3_income",0,-3.6190871513805e-11,0
1,2,1e-04,5,"ASC3_child",0.3,0.209970584196535,1
1,2,1e-04,5,"prot25_male",0.5,0.403978543321182,1
1,2,1e-04,5,"prot25_age",0,0.00848667508252579,1
1,2,1e-04,5,"prot25_income",0,-0.00910084001777321,1
1,2,1e-04,5,"prot25_child",0.5,0.166208475542424,1
1,2,1e-04,5,"prot50_male",0.7,0.337140811881533,1
1,2,1e-04,5,"prot50_age",0.7,0.378815087549108,1
1,2,1e-04,5,"prot50_income",0,0.0191085811933657,1
1,2,1e-04,5,"prot50_child",0,-0.031132043545767,1
1,2,1e-04,5,"invasive_male",0.3,0.051091059448204,1
1,2,1e-04,5,"invasive_age",0,0.0184860927937259,1
1,2,1e-04,5,"invasive_income",-0.8,-0.376506240678208,1
1,2,1e-04,5,"invasive_child",-0.2,-0.00718349650953553,1
1,2,1e-04,6,"ASC2_male",1.2,0.515547773489121,1
1,2,1e-04,6,"ASC2_age",0.5,0.282712121753577,1
1,2,1e-04,6,"ASC2_income",-0.2,-0.101272786002638,1
1,2,1e-04,6,"ASC2_child",0,0.00618369270714673,1
1,2,1e-04,6,"ASC3_male",0,-0.0225322490978769,1
1,2,1e-04,6,"ASC3_age",-0.5,-0.199395519272859,1
1,2,1e-04,6,"ASC3_income",0,0.0256453811916624,1
1,2,1e-04,6,"ASC3_child",0,-1.47706059527444e-06,0
1,2,1e-04,6,"prot25_male",0.2,0.0794680654061206,1
1,2,1e-04,6,"prot25_age",0,-0.0514325760322487,1
1,2,1e-04,6,"prot25_income",0,0.0148737681782065,1
1,2,1e-04,6,"prot25_child",0,0.0656800840290111,1
1,2,1e-04,6,"prot50_male",1,0.49778579073862,1
1,2,1e-04,6,"prot50_age",-0.5,-0.2191682357907,1
1,2,1e-04,6,"prot50_income",0,-0.0657067737824977,1
1,2,1e-04,6,"prot50_child",0,0.0646199718424848,1
1,2,1e-04,6,"invasive_male",0.5,0.150081264638199,1
1,2,1e-04,6,"invasive_age",-0.2,-0.0517273860296229,1
1,2,1e-04,6,"invasive_income",0,-0.00304169372970135,1
1,2,1e-04,6,"invasive_child",0.3,0.107677948554737,1
1,2,1e-04,7,"ASC2_male",0.2,1.73421020237188e-08,0
1,2,1e-04,7,"ASC2_age",0,-2.60970388077366e-08,0
1,2,1e-04,7,"ASC2_income",0.8,0.288015154923475,1
1,2,1e-04,7,"ASC2_child",0,4.22729446242749e-10,0
1,2,1e-04,7,"ASC3_male",0.9,0.383904246205085,1
1,2,1e-04,7,"ASC3_age",-1.2,-0.565826490460736,1
1,2,1e-04,7,"ASC3_income",0.8,0.220211433186759,1
1,2,1e-04,7,"ASC3_child",0,-1.38843260222835e-08,0
1,2,1e-04,7,"prot25_male",-0.8,-0.18835659462316,1
1,2,1e-04,7,"prot25_age",-0.5,-0.208322087345312,1
1,2,1e-04,7,"prot25_income",0,0.0385180940573674,1
1,2,1e-04,7,"prot25_child",0,0.0626875960926591,1
1,2,1e-04,7,"prot50_male",0,0.143711890047858,1
1,2,1e-04,7,"prot50_age",-0.9,-0.447763539999285,1
1,2,1e-04,7,"prot50_income",-0.7,-0.355821802181197,1
1,2,1e-04,7,"prot50_child",-0.8,-0.151944137021943,1
1,2,1e-04,7,"invasive_male",0,-1.52088977176534e-07,0
1,2,1e-04,7,"invasive_age",0,0.0137672286465864,1
1,2,1e-04,7,"invasive_income",0,-0.0260282646464475,1
1,2,1e-04,7,"invasive_child",0,-2.9384893719599e-09,0
1,2,1e-04,8,"ASC2_male",0.5,0.144524311074569,1
1,2,1e-04,8,"ASC2_age",0,-0.0104375475676833,1
1,2,1e-04,8,"ASC2_income",0,3.33244379601092e-09,0
1,2,1e-04,8,"ASC2_child",-0.5,-0.164107032323765,1
1,2,1e-04,8,"ASC3_male",0,-7.65668582810655e-09,0
1,2,1e-04,8,"ASC3_age",0.8,0.36026476462779,1
1,2,1e-04,8,"ASC3_income",0,0.00297059488398832,1
1,2,1e-04,8,"ASC3_child",0.6,0.244819357959251,1
1,2,1e-04,8,"prot25_male",0,0.0407739704439785,1
1,2,1e-04,8,"prot25_age",1.2,0.602544723848206,1
1,2,1e-04,8,"prot25_income",0,0.0116859397122919,1
1,2,1e-04,8,"prot25_child",1.1,0.649979035201825,1
1,2,1e-04,8,"prot50_male",0,-1.44900359915269e-09,0
1,2,1e-04,8,"prot50_age",0,0.00100805431889417,1
1,2,1e-04,8,"prot50_income",0,0.00854850568875753,1
1,2,1e-04,8,"prot50_child",-1,-0.25218187706918,1
1,2,1e-04,8,"invasive_male",0,-6.72131965042487e-09,0
1,2,1e-04,8,"invasive_age",-0.3,-0.158810209764324,1
1,2,1e-04,8,"invasive_income",0.3,0.15533336724924,1
1,2,1e-04,8,"invasive_child",-0.9,-0.270983386440127,1
1,2,1e-04,9,"ASC2_male",0,-1.16580246587801e-08,0
1,2,1e-04,9,"ASC2_age",0.5,0.235237104698215,1
1,2,1e-04,9,"ASC2_income",0.5,0.252720380455449,1
1,2,1e-04,9,"ASC2_child",0,-3.45654630389203e-09,0
1,2,1e-04,9,"ASC3_male",0,-9.78478422882058e-09,0
1,2,1e-04,9,"ASC3_age",0,-0.0378383417614294,1
1,2,1e-04,9,"ASC3_income",0,0.0399838132667736,1
1,2,1e-04,9,"ASC3_child",-0.3,-0.120226255560163,1
1,2,1e-04,9,"prot25_male",0.7,0.363991132489206,1
1,2,1e-04,9,"prot25_age",0.4,0.15769365467657,1
1,2,1e-04,9,"prot25_income",0,-1.02278199185358e-08,0
1,2,1e-04,9,"prot25_child",0.3,-1.89907913995796e-09,0
1,2,1e-04,9,"prot50_male",-0.2,-1.19974222566644e-08,0
1,2,1e-04,9,"prot50_age",-1,-0.550230755117192,1
1,2,1e-04,9,"prot50_income",0,-1.38072602757496e-08,0
1,2,1e-04,9,"prot50_child",-0.8,-0.281409966054778,1
1,2,1e-04,9,"invasive_male",0,3.86138001132944e-09,0
1,2,1e-04,9,"invasive_age",1,0.425929149652005,1
1,2,1e-04,9,"invasive_income",0,0.0130492321566836,1
1,2,1e-04,9,"invasive_child",0,-0.0153899596775891,1
1,2,1e-04,10,"ASC2_male",0,-0.0997868678623774,1
1,2,1e-04,10,"ASC2_age",-1,-0.511929927947566,1
1,2,1e-04,10,"ASC2_income",0,0.015965437575876,1
1,2,1e-04,10,"ASC2_child",0,1.17959634045179e-07,0
1,2,1e-04,10,"ASC3_male",0.7,0.182352788984592,1
1,2,1e-04,10,"ASC3_age",0,8.31413802265326e-10,0
1,2,1e-04,10,"ASC3_income",0,-2.79585216114836e-09,0
1,2,1e-04,10,"ASC3_child",0,-0.000893776817708944,1
1,2,1e-04,10,"prot25_male",-1,-0.424017739143202,1
1,2,1e-04,10,"prot25_age",1.1,0.589317887238643,1
1,2,1e-04,10,"prot25_income",-0.7,-0.336035861911191,1
1,2,1e-04,10,"prot25_child",-0.3,-6.49331131937422e-08,0
1,2,1e-04,10,"prot50_male",0,0.0731454539783941,1
1,2,1e-04,10,"prot50_age",0,0.0122894561443963,1
1,2,1e-04,10,"prot50_income",0,0.0491254080809306,1
1,2,1e-04,10,"prot50_child",0,-1.95442521940403e-10,0
1,2,1e-04,10,"invasive_male",0.2,0.00731442858838741,1
1,2,1e-04,10,"invasive_age",0.6,0.331687022791566,1
1,2,1e-04,10,"invasive_income",-0.4,-0.179273289438112,1
1,2,1e-04,10,"invasive_child",-0.3,-0.0295825005656807,1
1,2,1e-04,11,"ASC2_male",1.1,0.358090028301336,1
1,2,1e-04,11,"ASC2_age",0,0.058314792408231,1
1,2,1e-04,11,"ASC2_income",0.1,-0.0489712128988732,1
1,2,1e-04,11,"ASC2_child",0,0.0847528836027567,1
1,2,1e-04,11,"ASC3_male",0.6,0.123118521100389,1
1,2,1e-04,11,"ASC3_age",-1,-0.449178498795435,1
1,2,1e-04,11,"ASC3_income",0.9,0.356524417087729,1
1,2,1e-04,11,"ASC3_child",-0.8,-0.306904286387845,1
1,2,1e-04,11,"prot25_male",-0.9,-0.389403068776024,1
1,2,1e-04,11,"prot25_age",0,-0.062233197436266,1
1,2,1e-04,11,"prot25_income",0,0.00998728661949559,1
1,2,1e-04,11,"prot25_child",0,0.10641282903342,1
1,2,1e-04,11,"prot50_male",0,-7.12812420990965e-11,0
1,2,1e-04,11,"prot50_age",0,-0.0461363824963922,1
1,2,1e-04,11,"prot50_income",0,0.0540653607465604,1
1,2,1e-04,11,"prot50_child",0,-0.0862379854292611,1
1,2,1e-04,11,"invasive_male",-0.7,-0.449040787566959,1
1,2,1e-04,11,"invasive_age",0,0.0208276402560001,1
1,2,1e-04,11,"invasive_income",1,0.443839597531784,1
1,2,1e-04,11,"invasive_child",-1.2,-0.628890539925139,1
1,2,1e-04,12,"ASC2_male",0,-2.1309363851261e-08,0
1,2,1e-04,12,"ASC2_age",-0.4,-0.23856166759125,1
1,2,1e-04,12,"ASC2_income",-0.6,-0.360935915809766,1
1,2,1e-04,12,"ASC2_child",-1.2,-0.491314122266342,1
1,2,1e-04,12,"ASC3_male",-0.7,-0.488771486570626,1
1,2,1e-04,12,"ASC3_age",0.4,0.222400344890153,1
1,2,1e-04,12,"ASC3_income",0,-0.0599889587224083,1
1,2,1e-04,12,"ASC3_child",0,1.02352092650267e-07,0
1,2,1e-04,12,"prot25_male",0,0.128690378327352,1
1,2,1e-04,12,"prot25_age",0,-3.22520219564537e-06,0
1,2,1e-04,12,"prot25_income",0,-0.010627773030427,1
1,2,1e-04,12,"prot25_child",1,0.616784373493564,1
1,2,1e-04,12,"prot50_male",-0.6,-0.183073992074266,1
1,2,1e-04,12,"prot50_age",0,0.032469885516469,1
1,2,1e-04,12,"prot50_income",0,-0.00115712249233286,1
1,2,1e-04,12,"prot50_child",0,0.0165307459169094,1
1,2,1e-04,12,"invasive_male",0,0.0115489807107298,1
1,2,1e-04,12,"invasive_age",0.6,0.33217389500841,1
1,2,1e-04,12,"invasive_income",0.6,0.233606992756507,1
1,2,1e-04,12,"invasive_child",-0.8,-0.355569071266428,1
1,2,1e-04,13,"ASC2_male",-0.4,-0.09220995709781,1
1,2,1e-04,13,"ASC2_age",0,0.00666312644518886,1
1,2,1e-04,13,"ASC2_income",0,-0.0342604990056619,1
1,2,1e-04,13,"ASC2_child",0,-5.14093419303572e-07,0
1,2,1e-04,13,"ASC3_male",-0.4,-0.0472997513767965,1
1,2,1e-04,13,"ASC3_age",-0.3,-0.151109428127471,1
1,2,1e-04,13,"ASC3_income",-0.3,-0.23329120746421,1
1,2,1e-04,13,"ASC3_child",0,0.039377794980079,1
1,2,1e-04,13,"prot25_male",0,-6.85654125372518e-10,0
1,2,1e-04,13,"prot25_age",-0.4,-0.204706587502051,1
1,2,1e-04,13,"prot25_income",-1,-0.468656841521887,1
1,2,1e-04,13,"prot25_child",0,-1.18994290450051e-08,0
1,2,1e-04,13,"prot50_male",-0.6,-0.322331219328462,1
1,2,1e-04,13,"prot50_age",0,-5.7630168057595e-07,0
1,2,1e-04,13,"prot50_income",0,-0.0153308855724161,1
1,2,1e-04,13,"prot50_child",0,0.0443998885744927,1
1,2,1e-04,13,"invasive_male",-0.2,-7.47533610720376e-08,0
1,2,1e-04,13,"invasive_age",1,0.499641264523645,1
1,2,1e-04,13,"invasive_income",0.5,0.110045653174244,1
1,2,1e-04,13,"invasive_child",0,-1.8201836004383e-08,0
1,2,1e-04,14,"ASC2_male",1.1,0.586575046022699,1
1,2,1e-04,14,"ASC2_age",0,0.0233386653958559,1
1,2,1e-04,14,"ASC2_income",0,-0.0867602335685491,1
1,2,1e-04,14,"ASC2_child",0.9,0.396267604550225,1
1,2,1e-04,14,"ASC3_male",-0.6,-0.188982018486944,1
1,2,1e-04,14,"ASC3_age",0,-0.0189188092441128,1
1,2,1e-04,14,"ASC3_income",0.9,0.350473659237163,1
1,2,1e-04,14,"ASC3_child",0,-2.5627140633108e-09,0
1,2,1e-04,14,"prot25_male",0,0.0121909711936698,1
1,2,1e-04,14,"prot25_age",0,-1.19064632702538e-05,0
1,2,1e-04,14,"prot25_income",0,0.004456859197927,1
1,2,1e-04,14,"prot25_child",0,0.0627539926098276,1
1,2,1e-04,14,"prot50_male",0,0.017523063675254,1
1,2,1e-04,14,"prot50_age",1,0.475064027412581,1
1,2,1e-04,14,"prot50_income",0,-0.0123743427621997,1
1,2,1e-04,14,"prot50_child",-0.9,-0.273377368000718,1
1,2,1e-04,14,"invasive_male",0.3,0.0113861042463598,1
1,2,1e-04,14,"invasive_age",-0.8,-0.380959396833002,1
1,2,1e-04,14,"invasive_income",0.6,0.25737265633014,1
1,2,1e-04,14,"invasive_child",-0.4,5.64008380619665e-09,0
1,2,1e-04,15,"ASC2_male",-0.9,-0.310816156962031,1
1,2,1e-04,15,"ASC2_age",1.2,0.595047436878051,1
1,2,1e-04,15,"ASC2_income",0,-0.0218052557810933,1
1,2,1e-04,15,"ASC2_child",-0.4,-0.112937711037113,1
1,2,1e-04,15,"ASC3_male",-0.6,-0.154576741162564,1
1,2,1e-04,15,"ASC3_age",0,-1.95127123984165e-06,0
1,2,1e-04,15,"ASC3_income",0,-4.71044098603639e-06,0
1,2,1e-04,15,"ASC3_child",0.9,0.39047967589251,1
1,2,1e-04,15,"prot25_male",0,4.28545579759234e-05,0
1,2,1e-04,15,"prot25_age",0.7,0.343622112926629,1
1,2,1e-04,15,"prot25_income",-0.3,-0.147850184849843,1
1,2,1e-04,15,"prot25_child",0.5,0.0651910649185115,1
1,2,1e-04,15,"prot50_male",0,-3.75527784693501e-08,0
1,2,1e-04,15,"prot50_age",-0.5,-0.248096851744162,1
1,2,1e-04,15,"prot50_income",0,0.0180670810344729,1
1,2,1e-04,15,"prot50_child",0.2,-1.5861524455738e-07,0
1,2,1e-04,15,"invasive_male",0,4.93562445296267e-07,0
1,2,1e-04,15,"invasive_age",0,3.334385883748e-06,0
1,2,1e-04,15,"invasive_income",0,-2.79181760784521e-06,0
1,2,1e-04,15,"invasive_child",0,0.0317977164873911,1
1,2,1e-04,16,"ASC2_male",0,-0.00422943287074036,1
1,2,1e-04,16,"ASC2_age",-0.6,-0.289838716090415,1
1,2,1e-04,16,"ASC2_income",0,-0.0106376499971771,1
1,2,1e-04,16,"ASC2_child",-0.8,-0.232834979339237,1
1,2,1e-04,16,"ASC3_male",0,0.0352281508050043,1
1,2,1e-04,16,"ASC3_age",-0.8,-0.363571549350003,1
1,2,1e-04,16,"ASC3_income",0.8,0.41649470116112,1
1,2,1e-04,16,"ASC3_child",-0.8,-0.232241619583729,1
1,2,1e-04,16,"prot25_male",0.7,0.201742563406267,1
1,2,1e-04,16,"prot25_age",-1,-0.431471655723182,1
1,2,1e-04,16,"prot25_income",0,-0.0536121038001652,1
1,2,1e-04,16,"prot25_child",0,0.0213159466257317,1
1,2,1e-04,16,"prot50_male",0.6,0.176946185644345,1
1,2,1e-04,16,"prot50_age",-1,-0.452940956447308,1
1,2,1e-04,16,"prot50_income",0,-0.123794672056992,1
1,2,1e-04,16,"prot50_child",0,5.70135626183952e-06,0
1,2,1e-04,16,"invasive_male",0,-5.0732664785954e-08,0
1,2,1e-04,16,"invasive_age",0.8,0.368541691245532,1
1,2,1e-04,16,"invasive_income",0,-0.0360379883346892,1
1,2,1e-04,16,"invasive_child",0,0.12512479594541,1
1,2,1e-04,17,"ASC2_male",0,-1.10430594473283e-06,0
1,2,1e-04,17,"ASC2_age",-1,-0.495591783216356,1
1,2,1e-04,17,"ASC2_income",-0.9,-0.598745078718622,1
1,2,1e-04,17,"ASC2_child",0,-0.0366646413963954,1
1,2,1e-04,17,"ASC3_male",0,-2.91384769776033e-05,0
1,2,1e-04,17,"ASC3_age",-1.1,-0.5114446566994,1
1,2,1e-04,17,"ASC3_income",0,-0.0638568079361112,1
1,2,1e-04,17,"ASC3_child",-0.6,-0.351106933902208,1
1,2,1e-04,17,"prot25_male",-0.9,-0.461666338173344,1
1,2,1e-04,17,"prot25_age",0,-0.0441485849592036,1
1,2,1e-04,17,"prot25_income",0.6,0.375498161964705,1
1,2,1e-04,17,"prot25_child",0,-0.125230969410605,1
1,2,1e-04,17,"prot50_male",0.2,0.11831339871804,1
1,2,1e-04,17,"prot50_age",0.5,0.27540645746688,1
1,2,1e-04,17,"prot50_income",0,0.030608526741043,1
1,2,1e-04,17,"prot50_child",0,0.022557719673234,1
1,2,1e-04,17,"invasive_male",0.8,0.436037670042477,1
1,2,1e-04,17,"invasive_age",0,0.0653636844003769,1
1,2,1e-04,17,"invasive_income",-1.1,-0.638732617469302,1
1,2,1e-04,17,"invasive_child",0,-1.89777687584613e-08,0
1,2,1e-04,18,"ASC2_male",0.2,-0.0631164741343139,1
1,2,1e-04,18,"ASC2_age",0.7,0.381006207032572,1
1,2,1e-04,18,"ASC2_income",0,-0.00689632476488414,1
1,2,1e-04,18,"ASC2_child",0.7,0.370782420486679,1
1,2,1e-04,18,"ASC3_male",0.2,-3.34653559948425e-06,0
1,2,1e-04,18,"ASC3_age",0,0.0183452210418033,1
1,2,1e-04,18,"ASC3_income",0.4,0.137592173732221,1
1,2,1e-04,18,"ASC3_child",0,-0.0117093276220305,1
1,2,1e-04,18,"prot25_male",0,0.205609600955033,1
1,2,1e-04,18,"prot25_age",0,0.017237403415575,1
1,2,1e-04,18,"prot25_income",0,0.0512334473678611,1
1,2,1e-04,18,"prot25_child",-0.5,-0.353231821259336,1
1,2,1e-04,18,"prot50_male",-0.6,-0.185345988434388,1
1,2,1e-04,18,"prot50_age",0,-0.0377541088469659,1
1,2,1e-04,18,"prot50_income",1,0.606243649337415,1
1,2,1e-04,18,"prot50_child",0,0.0133426087206959,1
1,2,1e-04,18,"invasive_male",0,-0.0351690593073894,1
1,2,1e-04,18,"invasive_age",0,-0.0123804128006808,1
1,2,1e-04,18,"invasive_income",-0.2,-0.0220167313811857,1
1,2,1e-04,18,"invasive_child",0.7,0.388140020119295,1
1,2,1e-04,19,"ASC2_male",0,-9.64129317989234e-09,0
1,2,1e-04,19,"ASC2_age",0,0.0287669706648373,1
1,2,1e-04,19,"ASC2_income",-0.2,-0.135550748244918,1
1,2,1e-04,19,"ASC2_child",0,0.135678210503859,1
1,2,1e-04,19,"ASC3_male",0,-7.01743789155936e-08,0
1,2,1e-04,19,"ASC3_age",0.2,0.0953488545884921,1
1,2,1e-04,19,"ASC3_income",-0.8,-0.422047353055344,1
1,2,1e-04,19,"ASC3_child",-1,-0.315678852248465,1
1,2,1e-04,19,"prot25_male",0,0.0272623346339847,1
1,2,1e-04,19,"prot25_age",0,-7.16003257951067e-09,0
1,2,1e-04,19,"prot25_income",0,-1.16579422244987e-08,0
1,2,1e-04,19,"prot25_child",0.7,0.198720052065614,1
1,2,1e-04,19,"prot50_male",-1,-0.354131225121213,1
1,2,1e-04,19,"prot50_age",0,-1.13208361654796e-08,0
1,2,1e-04,19,"prot50_income",0.5,0.244125558538286,1
1,2,1e-04,19,"prot50_child",1.1,0.341620233313508,1
1,2,1e-04,19,"invasive_male",0,-2.23289752762476e-09,0
1,2,1e-04,19,"invasive_age",0,1.20455861866187e-07,0
1,2,1e-04,19,"invasive_income",0.6,0.315585275326583,1
1,2,1e-04,19,"invasive_child",-1.2,-0.482748669650476,1
1,2,1e-04,20,"ASC2_male",0,0.0298105423460838,1
1,2,1e-04,20,"ASC2_age",0.9,0.382087979612521,1
1,2,1e-04,20,"ASC2_income",1,0.525149185415523,1
1,2,1e-04,20,"ASC2_child",-1,-0.180122086114357,1
1,2,1e-04,20,"ASC3_male",0.7,0.405673633522608,1
1,2,1e-04,20,"ASC3_age",-1.2,-0.547701677669087,1
1,2,1e-04,20,"ASC3_income",-0.6,-0.243598755178556,1
1,2,1e-04,20,"ASC3_child",-0.7,-3.76826105999495e-08,0
1,2,1e-04,20,"prot25_male",0,-4.04188170200647e-10,0
1,2,1e-04,20,"prot25_age",0,-0.0235702706121537,1
1,2,1e-04,20,"prot25_income",0,2.45895335625098e-06,0
1,2,1e-04,20,"prot25_child",0.7,0.114897786414691,1
1,2,1e-04,20,"prot50_male",0,3.03339967370738e-06,0
1,2,1e-04,20,"prot50_age",0,-2.19795854405806e-05,0
1,2,1e-04,20,"prot50_income",0,0.000871164288140724,1
1,2,1e-04,20,"prot50_child",0,-0.140350201793544,1
1,2,1e-04,20,"invasive_male",0,-3.01519494905999e-06,0
1,2,1e-04,20,"invasive_age",0.5,0.233982324685326,1
1,2,1e-04,20,"invasive_income",0,2.43380572562447e-05,0
1,2,1e-04,20,"invasive_child",0.3,0.156817459026243,1
1,2,1e-04,21,"ASC2_male",-0.5,-0.189625707913134,1
1,2,1e-04,21,"ASC2_age",-0.6,-0.268720250928952,1
1,2,1e-04,21,"ASC2_income",0,-0.0207595913185277,1
1,2,1e-04,21,"ASC2_child",1.1,0.495892840052423,1
1,2,1e-04,21,"ASC3_male",0,-1.1879579991306e-10,0
1,2,1e-04,21,"ASC3_age",0.3,0.201598509818623,1
1,2,1e-04,21,"ASC3_income",0,-0.018731603149599,1
1,2,1e-04,21,"ASC3_child",0,-1.28263653010567e-06,0
1,2,1e-04,21,"prot25_male",0.5,0.326237075681856,1
1,2,1e-04,21,"prot25_age",0,1.75938262075162e-07,0
1,2,1e-04,21,"prot25_income",-1,-0.552567105257213,1
1,2,1e-04,21,"prot25_child",0,0.110146822221774,1
1,2,1e-04,21,"prot50_male",-0.5,-0.0700153124294129,1
1,2,1e-04,21,"prot50_age",0,-0.0107263232250693,1
1,2,1e-04,21,"prot50_income",0,-0.0375813499977421,1
1,2,1e-04,21,"prot50_child",-0.7,-0.0997195697721054,1
1,2,1e-04,21,"invasive_male",0,3.75310117574409e-08,0
1,2,1e-04,21,"invasive_age",1.2,0.615206471335914,1
1,2,1e-04,21,"invasive_income",-0.2,-0.0601001402175862,1
1,2,1e-04,21,"invasive_child",0,-1.48240472287154e-08,0
1,2,1e-04,22,"ASC2_male",0.7,0.379497116855525,1
1,2,1e-04,22,"ASC2_age",-0.2,-0.0124197082477947,1
1,2,1e-04,22,"ASC2_income",-0.4,-0.1716712397372,1
1,2,1e-04,22,"ASC2_child",0,-4.53253149298272e-09,0
1,2,1e-04,22,"ASC3_male",0,-0.00306114674494031,1
1,2,1e-04,22,"ASC3_age",-0.7,-0.317218538741153,1
1,2,1e-04,22,"ASC3_income",0,0.026089173847506,1
1,2,1e-04,22,"ASC3_child",-0.7,-0.316607145119778,1
1,2,1e-04,22,"prot25_male",0,0.0745602873516693,1
1,2,1e-04,22,"prot25_age",0,-0.0859711870678329,1
1,2,1e-04,22,"prot25_income",0.5,0.248613637171708,1
1,2,1e-04,22,"prot25_child",0,-1.24230971324938e-08,0
1,2,1e-04,22,"prot50_male",0,-3.47334405155726e-10,0
1,2,1e-04,22,"prot50_age",1,0.433107778690879,1
1,2,1e-04,22,"prot50_income",-0.9,-0.468901498068074,1
1,2,1e-04,22,"prot50_child",-1.1,-0.390520709465407,1
1,2,1e-04,22,"invasive_male",0,-6.42758211262906e-09,0
1,2,1e-04,22,"invasive_age",0.3,0.0969189404979723,1
1,2,1e-04,22,"invasive_income",0,-0.0275222757795974,1
1,2,1e-04,22,"invasive_child",0,5.56138649534698e-08,0
1,2,1e-04,23,"ASC2_male",0,-0.105490531285448,1
1,2,1e-04,23,"ASC2_age",0.5,0.315012745521594,1
1,2,1e-04,23,"ASC2_income",0.8,0.466519646675635,1
1,2,1e-04,23,"ASC2_child",-0.2,3.31502016564068e-08,0
1,2,1e-04,23,"ASC3_male",0.6,0.220763510169257,1
1,2,1e-04,23,"ASC3_age",-0.3,-0.104866635285395,1
1,2,1e-04,23,"ASC3_income",0,0.0585693988735138,1
1,2,1e-04,23,"ASC3_child",0,1.20966597903134e-06,0
1,2,1e-04,23,"prot25_male",0.8,0.410825358987428,1
1,2,1e-04,23,"prot25_age",0.4,0.231821256719311,1
1,2,1e-04,23,"prot25_income",0.5,0.232548180587636,1
1,2,1e-04,23,"prot25_child",0,-1.52641068931708e-07,0
1,2,1e-04,23,"prot50_male",0,0.0623491422066286,1
1,2,1e-04,23,"prot50_age",0,4.50938371352868e-07,0
1,2,1e-04,23,"prot50_income",0,-3.7489544371432e-07,0
1,2,1e-04,23,"prot50_child",0.5,0.201226964015753,1
1,2,1e-04,23,"invasive_male",-0.5,-0.0366054861893263,1
1,2,1e-04,23,"invasive_age",0,1.19189607999186e-06,0
1,2,1e-04,23,"invasive_income",0,5.53789689878084e-07,0
1,2,1e-04,23,"invasive_child",0,-0.141141699125101,1
1,2,1e-04,24,"ASC2_male",-0.3,-0.00353231176153676,1
1,2,1e-04,24,"ASC2_age",-0.3,-0.168041260727632,1
1,2,1e-04,24,"ASC2_income",0,-0.170379390568548,1
1,2,1e-04,24,"ASC2_child",0,-2.24568444075753e-07,0
1,2,1e-04,24,"ASC3_male",0,0.23880415731939,1
1,2,1e-04,24,"ASC3_age",1.2,0.631895306334509,1
1,2,1e-04,24,"ASC3_income",0,-0.157839148744932,1
1,2,1e-04,24,"ASC3_child",0,-0.000963752623706013,1
1,2,1e-04,24,"prot25_male",0.4,0.00110439604379189,1
1,2,1e-04,24,"prot25_age",0,0.0237625027845005,1
1,2,1e-04,24,"prot25_income",0.8,0.505134301099357,1
1,2,1e-04,24,"prot25_child",1,0.525808916787809,1
1,2,1e-04,24,"prot50_male",0,-0.0822230396588038,1
1,2,1e-04,24,"prot50_age",-0.8,-0.379084869687325,1
1,2,1e-04,24,"prot50_income",1.1,0.624671773648429,1
1,2,1e-04,24,"prot50_child",0,0.0278927774836488,1
1,2,1e-04,24,"invasive_male",0,-0.019844373414515,1
1,2,1e-04,24,"invasive_age",1.1,0.591308513494653,1
1,2,1e-04,24,"invasive_income",0,-0.0695186826516053,1
1,2,1e-04,24,"invasive_child",1.2,0.553307113708212,1
1,2,1e-04,25,"ASC2_male",1.2,0.528545332866579,1
1,2,1e-04,25,"ASC2_age",0,0.0483304681603382,1
1,2,1e-04,25,"ASC2_income",0,-6.46409022511255e-09,0
1,2,1e-04,25,"ASC2_child",0,-7.82522057561593e-09,0
1,2,1e-04,25,"ASC3_male",-1,-0.539432418147203,1
1,2,1e-04,25,"ASC3_age",-0.2,-0.0802407253631772,1
1,2,1e-04,25,"ASC3_income",0,-0.00962498972130469,1
1,2,1e-04,25,"ASC3_child",-1.1,-0.572053362017794,1
1,2,1e-04,25,"prot25_male",1.1,0.53907267030497,1
1,2,1e-04,25,"prot25_age",-0.6,-0.293823274864393,1
1,2,1e-04,25,"prot25_income",0,0.0491133963311839,1
1,2,1e-04,25,"prot25_child",1,0.603767172372079,1
1,2,1e-04,25,"prot50_male",0,-6.03894118732328e-09,0
1,2,1e-04,25,"prot50_age",0,-0.0432809622567014,1
1,2,1e-04,25,"prot50_income",0,0.0483808698252116,1
1,2,1e-04,25,"prot50_child",0,-3.37205008997949e-09,0
1,2,1e-04,25,"invasive_male",0,-6.82635464818865e-08,0
1,2,1e-04,25,"invasive_age",1.1,0.553234332410073,1
1,2,1e-04,25,"invasive_income",-1.2,-0.605322963713633,1
1,2,1e-04,25,"invasive_child",1.2,0.568534436620048,1
1,2,1e-04,26,"ASC2_male",0,-0.207897251120982,1
1,2,1e-04,26,"ASC2_age",-0.9,-0.374552130337396,1
1,2,1e-04,26,"ASC2_income",-1.2,-0.541279502662983,1
1,2,1e-04,26,"ASC2_child",-0.4,-0.12384887994947,1
1,2,1e-04,26,"ASC3_male",0.8,0.202671549992252,1
1,2,1e-04,26,"ASC3_age",0,0.0996722021340963,1
1,2,1e-04,26,"ASC3_income",-0.5,-0.280750290128652,1
1,2,1e-04,26,"ASC3_child",0.1,0.0959550860636217,1
1,2,1e-04,26,"prot25_male",-0.9,-0.219196430655254,1
1,2,1e-04,26,"prot25_age",0,-0.0619011111208216,1
1,2,1e-04,26,"prot25_income",0,-0.082953581292501,1
1,2,1e-04,26,"prot25_child",0,-0.068152902282515,1
1,2,1e-04,26,"prot50_male",0,0.188796889619616,1
1,2,1e-04,26,"prot50_age",0,-0.09653651134341,1
1,2,1e-04,26,"prot50_income",0.1,0.0322574076910872,1
1,2,1e-04,26,"prot50_child",0,-0.11655175102907,1
1,2,1e-04,26,"invasive_male",0,3.70504289342204e-07,0
1,2,1e-04,26,"invasive_age",0.9,0.424019203319645,1
1,2,1e-04,26,"invasive_income",-0.7,-0.320927555712332,1
1,2,1e-04,26,"invasive_child",0,0.0303581451420363,1
1,2,1e-04,27,"ASC2_male",-1.2,-0.554589552961011,1
1,2,1e-04,27,"ASC2_age",-0.5,-0.162994344793093,1
1,2,1e-04,27,"ASC2_income",0,0.066513113493395,1
1,2,1e-04,27,"ASC2_child",0,1.71942286506391e-09,0
1,2,1e-04,27,"ASC3_male",0,-1.21764419197104e-08,0
1,2,1e-04,27,"ASC3_age",0,0.035042170687484,1
1,2,1e-04,27,"ASC3_income",0,-9.28175788597539e-09,0
1,2,1e-04,27,"ASC3_child",0.8,0.3671387763179,1
1,2,1e-04,27,"prot25_male",-0.8,-0.249068847784419,1
1,2,1e-04,27,"prot25_age",0.9,0.384400049858681,1
1,2,1e-04,27,"prot25_income",0,-1.19687873467961e-08,0
1,2,1e-04,27,"prot25_child",0.6,0.39218776372372,1
1,2,1e-04,27,"prot50_male",0,0.160936603054586,1
1,2,1e-04,27,"prot50_age",0,3.8496269822712e-08,0
1,2,1e-04,27,"prot50_income",0,1.63057812841458e-08,0
1,2,1e-04,27,"prot50_child",0.4,0.140912581541343,1
1,2,1e-04,27,"invasive_male",-0.2,-0.00792671273252816,1
1,2,1e-04,27,"invasive_age",-0.2,-0.00755512593827288,1
1,2,1e-04,27,"invasive_income",1,0.599108839097969,1
1,2,1e-04,27,"invasive_child",0,-0.00224111897364675,1
1,2,1e-04,28,"ASC2_male",-0.6,-0.0982111747636141,1
1,2,1e-04,28,"ASC2_age",0,0.000350634222694324,1
1,2,1e-04,28,"ASC2_income",0,0.0543189869059375,1
1,2,1e-04,28,"ASC2_child",0,0.119675527147864,1
1,2,1e-04,28,"ASC3_male",-0.9,-0.309686630803147,1
1,2,1e-04,28,"ASC3_age",-0.8,-0.367919853590112,1
1,2,1e-04,28,"ASC3_income",0,0.0653740149102543,1
1,2,1e-04,28,"ASC3_child",-0.7,-0.185332410872518,1
1,2,1e-04,28,"prot25_male",0,-0.0967520567293084,1
1,2,1e-04,28,"prot25_age",1.1,0.586084936821019,1
1,2,1e-04,28,"prot25_income",1.2,0.648307431018891,1
1,2,1e-04,28,"prot25_child",0,1.461573189033e-05,0
1,2,1e-04,28,"prot50_male",-0.2,-0.169916847675926,1
1,2,1e-04,28,"prot50_age",0.8,0.37351281315556,1
1,2,1e-04,28,"prot50_income",-0.2,-0.0823928288008123,1
1,2,1e-04,28,"prot50_child",0,-7.17155062767644e-09,0
1,2,1e-04,28,"invasive_male",0,0.0125353657153178,1
1,2,1e-04,28,"invasive_age",0,0.0045714952190952,1
1,2,1e-04,28,"invasive_income",0.3,0.183903803048112,1
1,2,1e-04,28,"invasive_child",0,0.162156771128547,1
1,2,1e-04,29,"ASC2_male",0,-1.14068950034513e-06,0
1,2,1e-04,29,"ASC2_age",0,0.0743033401727789,1
1,2,1e-04,29,"ASC2_income",-0.1,-0.0124184927718482,1
1,2,1e-04,29,"ASC2_child",0,7.69199827212892e-06,0
1,2,1e-04,29,"ASC3_male",0,4.12139658366838e-08,0
1,2,1e-04,29,"ASC3_age",0.9,0.461073277956886,1
1,2,1e-04,29,"ASC3_income",0,-2.96335894126948e-09,0
1,2,1e-04,29,"ASC3_child",-0.2,-0.213545769749348,1
1,2,1e-04,29,"prot25_male",0,-0.0440725403016349,1
1,2,1e-04,29,"prot25_age",0,-0.0977298858366647,1
1,2,1e-04,29,"prot25_income",0.8,0.411536582152737,1
1,2,1e-04,29,"prot25_child",-0.4,-0.290335322830422,1
1,2,1e-04,29,"prot50_male",0.4,0.252250553406152,1
1,2,1e-04,29,"prot50_age",0.5,0.192765803495166,1
1,2,1e-04,29,"prot50_income",0,-0.00268727332917177,1
1,2,1e-04,29,"prot50_child",0.7,0.291621044902183,1
1,2,1e-04,29,"invasive_male",0,-5.76058924107893e-07,0
1,2,1e-04,29,"invasive_age",-0.3,-0.114283106776831,1
1,2,1e-04,29,"invasive_income",0,-0.0280583705337428,1
1,2,1e-04,29,"invasive_child",1,0.390518164657924,1
1,2,1e-04,30,"ASC2_male",0,-0.00160983353722752,1
1,2,1e-04,30,"ASC2_age",0,-0.000587944549282232,1
1,2,1e-04,30,"ASC2_income",0,-3.53362362127756e-05,0
1,2,1e-04,30,"ASC2_child",0.6,0.206910795789729,1
1,2,1e-04,30,"ASC3_male",0.4,0.0730292834074911,1
1,2,1e-04,30,"ASC3_age",0,-0.01939630357289,1
1,2,1e-04,30,"ASC3_income",0.2,0.100325356587599,1
1,2,1e-04,30,"ASC3_child",0.2,-2.1560755486218e-08,0
1,2,1e-04,30,"prot25_male",0,0.0981392242435135,1
1,2,1e-04,30,"prot25_age",-0.7,-0.29141742660214,1
1,2,1e-04,30,"prot25_income",0.4,0.139782671516832,1
1,2,1e-04,30,"prot25_child",0.8,0.479849816826637,1
1,2,1e-04,30,"prot50_male",-0.7,-0.253979873088944,1
1,2,1e-04,30,"prot50_age",0,0.0420667477789148,1
1,2,1e-04,30,"prot50_income",0,-8.26884841537537e-09,0
1,2,1e-04,30,"prot50_child",0,0.0394072849379466,1
1,2,1e-04,30,"invasive_male",1.1,0.381195216500731,1
1,2,1e-04,30,"invasive_age",0,0.0558959603664237,1
1,2,1e-04,30,"invasive_income",0.4,0.165974001330614,1
1,2,1e-04,30,"invasive_child",0,-6.53341769354442e-09,0
1,2,1e-04,31,"ASC2_male",1.2,0.582778438179446,1
1,2,1e-04,31,"ASC2_age",0,-0.0235764676930943,1
1,2,1e-04,31,"ASC2_income",-0.3,-0.258858542938714,1
1,2,1e-04,31,"ASC2_child",0,-1.64016197607573e-08,0
1,2,1e-04,31,"ASC3_male",0,-0.00808235303978129,1
1,2,1e-04,31,"ASC3_age",0,-0.0365662162968953,1
1,2,1e-04,31,"ASC3_income",0,-0.0939731944139456,1
1,2,1e-04,31,"ASC3_child",0,-4.6240136271846e-09,0
1,2,1e-04,31,"prot25_male",-0.8,-0.148434535207745,1
1,2,1e-04,31,"prot25_age",-0.2,-0.0792163776244641,1
1,2,1e-04,31,"prot25_income",0,0.03463601441911,1
1,2,1e-04,31,"prot25_child",0,0.00275814126027127,1
1,2,1e-04,31,"prot50_male",-0.9,-0.239870117967599,1
1,2,1e-04,31,"prot50_age",-0.9,-0.408244595378587,1
1,2,1e-04,31,"prot50_income",-0.2,-0.042801619262919,1
1,2,1e-04,31,"prot50_child",-0.5,-0.0312832052695579,1
1,2,1e-04,31,"invasive_male",-1,-0.357680095866802,1
1,2,1e-04,31,"invasive_age",0,0.0207179225197868,1
1,2,1e-04,31,"invasive_income",0,1.97605014009382e-08,0
1,2,1e-04,31,"invasive_child",-0.7,-0.255855682313826,1
1,2,1e-04,32,"ASC2_male",0.2,0.00790752675961653,1
1,2,1e-04,32,"ASC2_age",0.7,0.306470768865952,1
1,2,1e-04,32,"ASC2_income",-1,-0.504341711465777,1
1,2,1e-04,32,"ASC2_child",0.4,0.144539350521197,1
1,2,1e-04,32,"ASC3_male",0,-0.178164730643743,1
1,2,1e-04,32,"ASC3_age",0.3,0.147512033544918,1
1,2,1e-04,32,"ASC3_income",0,-0.0120849654568608,1
1,2,1e-04,32,"ASC3_child",0.5,0.262048382093739,1
1,2,1e-04,32,"prot25_male",0,-0.017123585879719,1
1,2,1e-04,32,"prot25_age",-0.6,-0.285147915862301,1
1,2,1e-04,32,"prot25_income",0,-0.00590362709863401,1
1,2,1e-04,32,"prot25_child",0,-2.56243164439953e-07,0
1,2,1e-04,32,"prot50_male",0.7,0.420742805511412,1
1,2,1e-04,32,"prot50_age",0.3,0.209276264838525,1
1,2,1e-04,32,"prot50_income",0,-0.0514143499701928,1
1,2,1e-04,32,"prot50_child",-0.6,-0.413550917085629,1
1,2,1e-04,32,"invasive_male",0,-0.129174348046881,1
1,2,1e-04,32,"invasive_age",0,0.0130363181997018,1
1,2,1e-04,32,"invasive_income",0,0.0143027324620271,1
1,2,1e-04,32,"invasive_child",0,-0.0684227196702983,1
1,2,1e-04,33,"ASC2_male",0,-1.09812708574939e-08,0
1,2,1e-04,33,"ASC2_age",-0.3,-0.223430343675037,1
1,2,1e-04,33,"ASC2_income",0,0.067547073570613,1
1,2,1e-04,33,"ASC2_child",0,-0.0629143763147261,1
1,2,1e-04,33,"ASC3_male",0,0.0448004042019238,1
1,2,1e-04,33,"ASC3_age",1.1,0.543001981629941,1
1,2,1e-04,33,"ASC3_income",0,0.0285464543032686,1
1,2,1e-04,33,"ASC3_child",0,0.0311813769019118,1
1,2,1e-04,33,"prot25_male",0.9,0.313659837847764,1
1,2,1e-04,33,"prot25_age",-0.8,-0.271001033542145,1
1,2,1e-04,33,"prot25_income",1.1,0.586002626297241,1
1,2,1e-04,33,"prot25_child",0,0.0369420658314449,1
1,2,1e-04,33,"prot50_male",-1.2,-0.698076237463711,1
1,2,1e-04,33,"prot50_age",0.3,0.231123463571179,1
1,2,1e-04,33,"prot50_income",0,-2.85028751998943e-08,0
1,2,1e-04,33,"prot50_child",0.8,0.443145720191303,1
1,2,1e-04,33,"invasive_male",0,-0.0947259902994107,1
1,2,1e-04,33,"invasive_age",-1.2,-0.591464894446782,1
1,2,1e-04,33,"invasive_income",0.6,0.332558088952564,1
1,2,1e-04,33,"invasive_child",0,0.135122027707649,1
1,2,1e-04,34,"ASC2_male",0,0.00438920856040036,1
1,2,1e-04,34,"ASC2_age",-0.5,-0.183624212829932,1
1,2,1e-04,34,"ASC2_income",0,-0.0295157332893775,1
1,2,1e-04,34,"ASC2_child",1,0.512101842252937,1
1,2,1e-04,34,"ASC3_male",0,-6.14147104838399e-09,0
1,2,1e-04,34,"ASC3_age",-0.3,-0.0970017624902968,1
1,2,1e-04,34,"ASC3_income",-0.7,-0.305751322485245,1
1,2,1e-04,34,"ASC3_child",-1,-0.429575702305409,1
1,2,1e-04,34,"prot25_male",0,0.0213604900928993,1
1,2,1e-04,34,"prot25_age",0,-0.0157058151503838,1
1,2,1e-04,34,"prot25_income",0,-5.92427998800195e-08,0
1,2,1e-04,34,"prot25_child",0,-7.53547864393177e-09,0
1,2,1e-04,34,"prot50_male",0,-2.04071627331947e-08,0
1,2,1e-04,34,"prot50_age",-0.8,-0.385353052912025,1
1,2,1e-04,34,"prot50_income",-0.1,-0.061907081592892,1
1,2,1e-04,34,"prot50_child",0,-2.1840671975823e-08,0
1,2,1e-04,34,"invasive_male",-0.9,-0.422125917743295,1
1,2,1e-04,34,"invasive_age",-0.9,-0.427746516047806,1
1,2,1e-04,34,"invasive_income",-0.9,-0.449527723108354,1
1,2,1e-04,34,"invasive_child",0,-0.00781735297319735,1
1,2,1e-04,35,"ASC2_male",0,-0.0178259053901669,1
1,2,1e-04,35,"ASC2_age",0,-0.0823932052739831,1
1,2,1e-04,35,"ASC2_income",-0.2,-0.0318968701831932,1
1,2,1e-04,35,"ASC2_child",0,-0.0787234908575499,1
1,2,1e-04,35,"ASC3_male",0,0.0147224894773537,1
1,2,1e-04,35,"ASC3_age",0,-0.0657237415643917,1
1,2,1e-04,35,"ASC3_income",0,0.0522206704488162,1
1,2,1e-04,35,"ASC3_child",0,-0.0334614715591339,1
1,2,1e-04,35,"prot25_male",0,1.50363387383936e-06,0
1,2,1e-04,35,"prot25_age",1.2,0.611860703541973,1
1,2,1e-04,35,"prot25_income",-0.2,-0.126646327289248,1
1,2,1e-04,35,"prot25_child",0.8,0.379337683433519,1
1,2,1e-04,35,"prot50_male",-0.9,-0.445381397878367,1
1,2,1e-04,35,"prot50_age",-0.2,-0.0616549591188939,1
1,2,1e-04,35,"prot50_income",0,-1.36677770178119e-08,0
1,2,1e-04,35,"prot50_child",0,0.0430640672888914,1
1,2,1e-04,35,"invasive_male",0.3,0.0734114087278348,1
1,2,1e-04,35,"invasive_age",0.3,0.120278180439442,1
1,2,1e-04,35,"invasive_income",-0.4,-0.239836039512041,1
1,2,1e-04,35,"invasive_child",-0.5,-0.22045776665202,1
1,2,1e-04,36,"ASC2_male",-0.7,-0.288020759216116,1
1,2,1e-04,36,"ASC2_age",0,0.00886298576245235,1
1,2,1e-04,36,"ASC2_income",0.1,1.03265074043008e-06,0
1,2,1e-04,36,"ASC2_child",0,-8.23857737486997e-08,0
1,2,1e-04,36,"ASC3_male",0,-0.0139376276105578,1
1,2,1e-04,36,"ASC3_age",0.6,0.325420303611377,1
1,2,1e-04,36,"ASC3_income",1.1,0.52414435127198,1
1,2,1e-04,36,"ASC3_child",0,-0.0825172319143212,1
1,2,1e-04,36,"prot25_male",0,7.96593888820448e-07,0
1,2,1e-04,36,"prot25_age",0,2.36916453169575e-07,0
1,2,1e-04,36,"prot25_income",0.2,0.160217570940538,1
1,2,1e-04,36,"prot25_child",0,0.0253313562325344,1
1,2,1e-04,36,"prot50_male",0,-0.0943466013847603,1
1,2,1e-04,36,"prot50_age",0.9,0.469705866606748,1
1,2,1e-04,36,"prot50_income",-0.8,-0.353851292553488,1
1,2,1e-04,36,"prot50_child",0,-8.76264953419414e-07,0
1,2,1e-04,36,"invasive_male",-1,-0.473452151600265,1
1,2,1e-04,36,"invasive_age",0.8,0.410214929601293,1
1,2,1e-04,36,"invasive_income",0,0.071900212916067,1
1,2,1e-04,36,"invasive_child",-0.8,-0.349473167714459,1
1,2,1e-04,37,"ASC2_male",0,-0.143763326801286,1
1,2,1e-04,37,"ASC2_age",0,2.78156995224599e-07,0
1,2,1e-04,37,"ASC2_income",0,-0.104998396323524,1
1,2,1e-04,37,"ASC2_child",0,0.0117181394439178,1
1,2,1e-04,37,"ASC3_male",0,-0.0537662582639776,1
1,2,1e-04,37,"ASC3_age",0,-1.01911577523015e-09,0
1,2,1e-04,37,"ASC3_income",0.6,0.197420013236688,1
1,2,1e-04,37,"ASC3_child",0,1.82082396115388e-06,0
1,2,1e-04,37,"prot25_male",-0.8,-0.326838036273129,1
1,2,1e-04,37,"prot25_age",0.9,0.432759822643606,1
1,2,1e-04,37,"prot25_income",-0.7,-0.256838203954202,1
1,2,1e-04,37,"prot25_child",0.1,0.0974568450239877,1
1,2,1e-04,37,"prot50_male",0,3.74021519410313e-06,0
1,2,1e-04,37,"prot50_age",1,0.556202087942864,1
1,2,1e-04,37,"prot50_income",0,0.0823934443408046,1
1,2,1e-04,37,"prot50_child",-0.9,-0.439920903500067,1
1,2,1e-04,37,"invasive_male",0.6,0.167828536252014,1
1,2,1e-04,37,"invasive_age",-0.3,-0.0721801703813868,1
1,2,1e-04,37,"invasive_income",1.1,0.536578090368652,1
1,2,1e-04,37,"invasive_child",0,3.81239694972499e-06,0
1,2,1e-04,38,"ASC2_male",0.8,0.285050464075446,1
1,2,1e-04,38,"ASC2_age",0,-0.0481599167458151,1
1,2,1e-04,38,"ASC2_income",0.8,0.402125244259715,1
1,2,1e-04,38,"ASC2_child",0.4,-2.9050153150634e-11,0
1,2,1e-04,38,"ASC3_male",0,-0.163709199272169,1
1,2,1e-04,38,"ASC3_age",0,2.15149350357864e-07,0
1,2,1e-04,38,"ASC3_income",0,-0.000126070979116126,1
1,2,1e-04,38,"ASC3_child",0.2,0.00773743898601059,1
1,2,1e-04,38,"prot25_male",0,0.128053174034319,1
1,2,1e-04,38,"prot25_age",0,0.0312716371512024,1
1,2,1e-04,38,"prot25_income",0,7.38575189444779e-05,0
1,2,1e-04,38,"prot25_child",0,0.0016820873924849,1
1,2,1e-04,38,"prot50_male",0,0.109626403762226,1
1,2,1e-04,38,"prot50_age",0.3,0.234343107143193,1
1,2,1e-04,38,"prot50_income",0.9,0.510970608611542,1
1,2,1e-04,38,"prot50_child",0,0.0983843594324794,1
1,2,1e-04,38,"invasive_male",-0.5,-0.28506611806048,1
1,2,1e-04,38,"invasive_age",0.9,0.55595628941199,1
1,2,1e-04,38,"invasive_income",1,0.531533679817147,1
1,2,1e-04,38,"invasive_child",-0.2,-0.261027473453246,1
1,2,1e-04,39,"ASC2_male",0.9,0.35641000788707,1
1,2,1e-04,39,"ASC2_age",1.1,0.533772831284046,1
1,2,1e-04,39,"ASC2_income",0,2.76259587628109e-09,0
1,2,1e-04,39,"ASC2_child",0.7,0.347811578705954,1
1,2,1e-04,39,"ASC3_male",0,-1.15912760173916e-08,0
1,2,1e-04,39,"ASC3_age",-0.1,-0.0307595180131955,1
1,2,1e-04,39,"ASC3_income",0,-0.00404473222974683,1
1,2,1e-04,39,"ASC3_child",-1.1,-0.412394395805413,1
1,2,1e-04,39,"prot25_male",0,-3.55457206210644e-10,0
1,2,1e-04,39,"prot25_age",0,-1.93210488973515e-08,0
1,2,1e-04,39,"prot25_income",0.9,0.338613811753535,1
1,2,1e-04,39,"prot25_child",0,1.60290088087953e-08,0
1,2,1e-04,39,"prot50_male",0,1.82510750770638e-08,0
1,2,1e-04,39,"prot50_age",0.9,0.396753711606121,1
1,2,1e-04,39,"prot50_income",-0.8,-0.2998876013768,1
1,2,1e-04,39,"prot50_child",0,-3.91094577350718e-09,0
1,2,1e-04,39,"invasive_male",0.1,-2.33784317146957e-08,0
1,2,1e-04,39,"invasive_age",0,-2.38568541475706e-09,0
1,2,1e-04,39,"invasive_income",0.7,0.296194285703574,1
1,2,1e-04,39,"invasive_child",0,-4.84451652762876e-09,0
1,2,1e-04,40,"ASC2_male",0,-0.00123238916428545,1
1,2,1e-04,40,"ASC2_age",0,2.9602796669882e-09,0
1,2,1e-04,40,"ASC2_income",-1,-0.59414944432468,1
1,2,1e-04,40,"ASC2_child",-0.4,-0.234010216388977,1
1,2,1e-04,40,"ASC3_male",1.2,0.564756825901186,1
1,2,1e-04,40,"ASC3_age",0,-0.0235675143984107,1
1,2,1e-04,40,"ASC3_income",0,-1.8270624499809e-08,0
1,2,1e-04,40,"ASC3_child",0,-8.8692044962386e-09,0
1,2,1e-04,40,"prot25_male",-0.1,-1.73184272067032e-09,0
1,2,1e-04,40,"prot25_age",0,-4.63062939918856e-07,0
1,2,1e-04,40,"prot25_income",-0.3,-0.125200373560937,1
1,2,1e-04,40,"prot25_child",-0.5,-0.161804560325243,1
1,2,1e-04,40,"prot50_male",-1.2,-0.488003497674731,1
1,2,1e-04,40,"prot50_age",0,-2.67915420356443e-07,0
1,2,1e-04,40,"prot50_income",0,-0.0384439412543914,1
1,2,1e-04,40,"prot50_child",1.1,0.576800306777442,1
1,2,1e-04,40,"invasive_male",-0.8,-0.280326913072723,1
1,2,1e-04,40,"invasive_age",0.5,0.247019723540365,1
1,2,1e-04,40,"invasive_income",0,-0.0514171286339597,1
1,2,1e-04,40,"invasive_child",0,-1.41718888523957e-10,0
1,2,1e-04,41,"ASC2_male",0.1,-0.235969160042329,1
1,2,1e-04,41,"ASC2_age",0,0.00600727880191216,1
1,2,1e-04,41,"ASC2_income",-1,-0.522287248299678,1
1,2,1e-04,41,"ASC2_child",-0.6,-0.139148614210048,1
1,2,1e-04,41,"ASC3_male",0.8,0.0167751633523528,1
1,2,1e-04,41,"ASC3_age",-0.6,-0.249377919842344,1
1,2,1e-04,41,"ASC3_income",-0.6,-0.262365725727756,1
1,2,1e-04,41,"ASC3_child",-1,-0.328429160669928,1
1,2,1e-04,41,"prot25_male",0,0.177140726894515,1
1,2,1e-04,41,"prot25_age",-1,-0.475651213232692,1
1,2,1e-04,41,"prot25_income",0,-0.000661390263258306,1
1,2,1e-04,41,"prot25_child",0,-0.0720351707674261,1
1,2,1e-04,41,"prot50_male",0,0.195231744199514,1
1,2,1e-04,41,"prot50_age",0,0.0567376046999253,1
1,2,1e-04,41,"prot50_income",0,0.032346534577772,1
1,2,1e-04,41,"prot50_child",0,-0.178703544393752,1
1,2,1e-04,41,"invasive_male",-0.7,-0.406197264645985,1
1,2,1e-04,41,"invasive_age",-0.5,-0.27780369212584,1
1,2,1e-04,41,"invasive_income",0,0.0327299643663479,1
1,2,1e-04,41,"invasive_child",0,1.39656492207427e-08,0
1,2,1e-04,42,"ASC2_male",-0.1,-0.0148451966960217,1
1,2,1e-04,42,"ASC2_age",1,0.504052051995057,1
1,2,1e-04,42,"ASC2_income",0,0.076897682878445,1
1,2,1e-04,42,"ASC2_child",0.4,0.174412442946386,1
1,2,1e-04,42,"ASC3_male",-0.7,-0.214324806481149,1
1,2,1e-04,42,"ASC3_age",0,0.00188003027134447,1
1,2,1e-04,42,"ASC3_income",0,0.000977086816145752,1
1,2,1e-04,42,"ASC3_child",0,-0.0481089049806284,1
1,2,1e-04,42,"prot25_male",0.1,0.0328294179012526,1
1,2,1e-04,42,"prot25_age",0.8,0.416878257834659,1
1,2,1e-04,42,"prot25_income",0,0.0437023791287018,1
1,2,1e-04,42,"prot25_child",0,0.00848942999147716,1
1,2,1e-04,42,"prot50_male",0,-0.0279460502771369,1
1,2,1e-04,42,"prot50_age",1,0.545716536414061,1
1,2,1e-04,42,"prot50_income",0,0.0382885203290714,1
1,2,1e-04,42,"prot50_child",0,-1.05882690279988e-08,0
1,2,1e-04,42,"invasive_male",-0.9,-0.44078178358347,1
1,2,1e-04,42,"invasive_age",0,0.0204875111989004,1
1,2,1e-04,42,"invasive_income",-1,-0.426904504591035,1
1,2,1e-04,42,"invasive_child",-1.1,-0.614048193395835,1
1,2,1e-04,43,"ASC2_male",0,-0.0489080909255987,1
1,2,1e-04,43,"ASC2_age",-0.8,-0.380032727346109,1
1,2,1e-04,43,"ASC2_income",0,0.0558484834811452,1
1,2,1e-04,43,"ASC2_child",0,-9.59563056899569e-08,0
1,2,1e-04,43,"ASC3_male",-1.2,-0.683908798228205,1
1,2,1e-04,43,"ASC3_age",0,-0.00732340700815661,1
1,2,1e-04,43,"ASC3_income",0,-3.85890888966945e-08,0
1,2,1e-04,43,"ASC3_child",0,-1.21505353737096e-08,0
1,2,1e-04,43,"prot25_male",1,0.570733376804627,1
1,2,1e-04,43,"prot25_age",0.5,0.302517547396345,1
1,2,1e-04,43,"prot25_income",0.9,0.437904201773903,1
1,2,1e-04,43,"prot25_child",1,0.40461994934069,1
1,2,1e-04,43,"prot50_male",-0.2,-0.0197632446565086,1
1,2,1e-04,43,"prot50_age",0,-0.0264528875794017,1
1,2,1e-04,43,"prot50_income",-0.3,-0.165194206057939,1
1,2,1e-04,43,"prot50_child",0.6,0.175215800844291,1
1,2,1e-04,43,"invasive_male",0,-2.81019754640768e-08,0
1,2,1e-04,43,"invasive_age",0,-1.37423594962925e-08,0
1,2,1e-04,43,"invasive_income",1,0.564984569323205,1
1,2,1e-04,43,"invasive_child",0,-0.0132499362522426,1
1,2,1e-04,44,"ASC2_male",0.9,0.521525023045953,1
1,2,1e-04,44,"ASC2_age",1.2,0.612914831835862,1
1,2,1e-04,44,"ASC2_income",0,-0.115745808473092,1
1,2,1e-04,44,"ASC2_child",0,0.0327373575950631,1
1,2,1e-04,44,"ASC3_male",0.9,0.507643304602146,1
1,2,1e-04,44,"ASC3_age",0,0.0315357673401378,1
1,2,1e-04,44,"ASC3_income",-0.5,-0.334874281370156,1
1,2,1e-04,44,"ASC3_child",-1.1,-0.418116793817742,1
1,2,1e-04,44,"prot25_male",-1.1,-0.675320183943561,1
1,2,1e-04,44,"prot25_age",0,0.00127291241814149,1
1,2,1e-04,44,"prot25_income",0,0.057588744960475,1
1,2,1e-04,44,"prot25_child",0.9,0.434567094408442,1
1,2,1e-04,44,"prot50_male",0,-0.134319334649902,1
1,2,1e-04,44,"prot50_age",-1.2,-0.634254665311934,1
1,2,1e-04,44,"prot50_income",-0.5,-0.191915620831753,1
1,2,1e-04,44,"prot50_child",0,-0.00122353515034448,1
1,2,1e-04,44,"invasive_male",-0.8,-0.474925420587219,1
1,2,1e-04,44,"invasive_age",0,0.00203006481105015,1
1,2,1e-04,44,"invasive_income",0,-0.104251093482876,1
1,2,1e-04,44,"invasive_child",0,0.177740969268094,1
1,2,1e-04,45,"ASC2_male",-0.6,-0.21759536432817,1
1,2,1e-04,45,"ASC2_age",0,-0.128413229628629,1
1,2,1e-04,45,"ASC2_income",0,-0.0865481767867054,1
1,2,1e-04,45,"ASC2_child",0.2,0.137448918819407,1
1,2,1e-04,45,"ASC3_male",-0.7,-0.304684486076256,1
1,2,1e-04,45,"ASC3_age",0,-0.128671141463205,1
1,2,1e-04,45,"ASC3_income",0,-0.0180123574862426,1
1,2,1e-04,45,"ASC3_child",-0.1,-0.0756174040378106,1
1,2,1e-04,45,"prot25_male",0,-0.104209920893339,1
1,2,1e-04,45,"prot25_age",-0.8,-0.314475714483299,1
1,2,1e-04,45,"prot25_income",0,0.0529641185996253,1
1,2,1e-04,45,"prot25_child",0.4,0.208337290681708,1
1,2,1e-04,45,"prot50_male",0,0.0100173563850152,1
1,2,1e-04,45,"prot50_age",1.2,0.644669487708142,1
1,2,1e-04,45,"prot50_income",0,0.0206199484874301,1
1,2,1e-04,45,"prot50_child",-0.2,0.00030853074595779,1
1,2,1e-04,45,"invasive_male",-1,-0.469604488662058,1
1,2,1e-04,45,"invasive_age",0,-4.31490081172484e-06,0
1,2,1e-04,45,"invasive_income",-0.3,-0.177254190855078,1
1,2,1e-04,45,"invasive_child",0,0.0961188857475378,1
1,2,1e-04,46,"ASC2_male",-0.3,-0.267807775207466,1
1,2,1e-04,46,"ASC2_age",0,0.015397853407111,1
1,2,1e-04,46,"ASC2_income",-0.4,-0.247418507307828,1
1,2,1e-04,46,"ASC2_child",0,2.66032827865911e-10,0
1,2,1e-04,46,"ASC3_male",0,-0.0215913822563275,1
1,2,1e-04,46,"ASC3_age",0,0.0489188466562022,1
1,2,1e-04,46,"ASC3_income",0,-0.0418608098231872,1
1,2,1e-04,46,"ASC3_child",0,-7.03219522367008e-07,0
1,2,1e-04,46,"prot25_male",0,6.22685359384736e-05,0
1,2,1e-04,46,"prot25_age",0.9,0.363286874190355,1
1,2,1e-04,46,"prot25_income",0.4,0.226233800249928,1
1,2,1e-04,46,"prot25_child",0.5,0.261792401077624,1
1,2,1e-04,46,"prot50_male",0.7,0.236936985168279,1
1,2,1e-04,46,"prot50_age",0.5,0.228602001783884,1
1,2,1e-04,46,"prot50_income",-0.5,-0.266912399198585,1
1,2,1e-04,46,"prot50_child",0.7,0.179764696252009,1
1,2,1e-04,46,"invasive_male",0,-0.013500927646141,1
1,2,1e-04,46,"invasive_age",0,0.0210362171143971,1
1,2,1e-04,46,"invasive_income",0,-0.0334251751886535,1
1,2,1e-04,46,"invasive_child",0.6,0.181627786209465,1
1,2,1e-04,47,"ASC2_male",0,-0.0747312388744933,1
1,2,1e-04,47,"ASC2_age",0,-0.083123764772722,1
1,2,1e-04,47,"ASC2_income",-0.7,-0.321053604223747,1
1,2,1e-04,47,"ASC2_child",0.9,0.479793872848315,1
1,2,1e-04,47,"ASC3_male",0,-0.136022757960308,1
1,2,1e-04,47,"ASC3_age",1,0.479028438785274,1
1,2,1e-04,47,"ASC3_income",0,0.0634360878538338,1
1,2,1e-04,47,"ASC3_child",0,4.39067999113113e-10,0
1,2,1e-04,47,"prot25_male",1.2,0.573272051932774,1
1,2,1e-04,47,"prot25_age",1,0.574106349698562,1
1,2,1e-04,47,"prot25_income",0,8.09379634429157e-07,0
1,2,1e-04,47,"prot25_child",0.5,0.203866750942493,1
1,2,1e-04,47,"prot50_male",-0.1,-4.28071179886412e-09,0
1,2,1e-04,47,"prot50_age",0,0.0173748820716642,1
1,2,1e-04,47,"prot50_income",1,0.464633329391619,1
1,2,1e-04,47,"prot50_child",0,0.0054834916794239,1
1,2,1e-04,47,"invasive_male",0,3.44842004707535e-09,0
1,2,1e-04,47,"invasive_age",0,-0.047481293856547,1
1,2,1e-04,47,"invasive_income",-0.3,-0.0645348526534216,1
1,2,1e-04,47,"invasive_child",-0.9,-0.508673991563207,1
1,2,1e-04,48,"ASC2_male",0.3,0.0533721038330376,1
1,2,1e-04,48,"ASC2_age",0,-6.20315710688202e-07,0
1,2,1e-04,48,"ASC2_income",-1.1,-0.503646264959266,1
1,2,1e-04,48,"ASC2_child",0,-0.0204137598040893,1
1,2,1e-04,48,"ASC3_male",0,-2.0289141574655e-07,0
1,2,1e-04,48,"ASC3_age",1,0.442565389504524,1
1,2,1e-04,48,"ASC3_income",0.7,0.293861873861756,1
1,2,1e-04,48,"ASC3_child",0.9,0.350917124595986,1
1,2,1e-04,48,"prot25_male",1,0.524103204539253,1
1,2,1e-04,48,"prot25_age",0,-0.012329100415801,1
1,2,1e-04,48,"prot25_income",0.2,0.0525971077437439,1
1,2,1e-04,48,"prot25_child",0,-8.12096490185039e-09,0
1,2,1e-04,48,"prot50_male",-0.7,-0.0928646717742063,1
1,2,1e-04,48,"prot50_age",0,1.75761003004051e-07,0
1,2,1e-04,48,"prot50_income",0,-0.0333548587685805,1
1,2,1e-04,48,"prot50_child",0.1,0.0862551185671208,1
1,2,1e-04,48,"invasive_male",0,-2.2342350519703e-08,0
1,2,1e-04,48,"invasive_age",0,0.00533125258039963,1
1,2,1e-04,48,"invasive_income",0.6,0.188826570291502,1
1,2,1e-04,48,"invasive_child",0,-0.0446130788561579,1
1,2,1e-04,49,"ASC2_male",0,0.00515637876338834,1
1,2,1e-04,49,"ASC2_age",0.6,0.222834329445017,1
1,2,1e-04,49,"ASC2_income",0,0.0372051178596901,1
1,2,1e-04,49,"ASC2_child",0.6,0.2708968093292,1
1,2,1e-04,49,"ASC3_male",0,-0.0646839408774892,1
1,2,1e-04,49,"ASC3_age",0.5,0.222621768770708,1
1,2,1e-04,49,"ASC3_income",-0.2,-0.153331330569557,1
1,2,1e-04,49,"ASC3_child",0,-0.0868176613974436,1
1,2,1e-04,49,"prot25_male",1,0.433270404575333,1
1,2,1e-04,49,"prot25_age",0,0.0602464520958179,1
1,2,1e-04,49,"prot25_income",0.8,0.379404493247907,1
1,2,1e-04,49,"prot25_child",-1,-0.513981106891836,1
1,2,1e-04,49,"prot50_male",0,-0.0998408042038062,1
1,2,1e-04,49,"prot50_age",0.7,0.423735660420928,1
1,2,1e-04,49,"prot50_income",0,-0.0223210185205451,1
1,2,1e-04,49,"prot50_child",-1,-0.414079224377504,1
1,2,1e-04,49,"invasive_male",-0.2,-0.156579000710721,1
1,2,1e-04,49,"invasive_age",0,0.0248601749848177,1
1,2,1e-04,49,"invasive_income",0,0.0316699098825697,1
1,2,1e-04,49,"invasive_child",0,-0.0235164112704974,1
1,2,1e-04,50,"ASC2_male",0,-1.45390315961555e-08,0
1,2,1e-04,50,"ASC2_age",0,-0.0666475831083387,1
1,2,1e-04,50,"ASC2_income",0.4,0.203153775741334,1
1,2,1e-04,50,"ASC2_child",0.1,-0.102285175394213,1
1,2,1e-04,50,"ASC3_male",0,-0.00915092730049242,1
1,2,1e-04,50,"ASC3_age",0,-0.0443562763998298,1
1,2,1e-04,50,"ASC3_income",0,-0.0238869910914305,1
1,2,1e-04,50,"ASC3_child",-0.2,-0.223185612883721,1
1,2,1e-04,50,"prot25_male",-0.4,-0.225908004409417,1
1,2,1e-04,50,"prot25_age",1.2,0.6517720706241,1
1,2,1e-04,50,"prot25_income",-0.6,-0.315879054098716,1
1,2,1e-04,50,"prot25_child",0,-3.13644725158772e-08,0
1,2,1e-04,50,"prot50_male",1,0.513268530772473,1
1,2,1e-04,50,"prot50_age",-0.3,-0.0478457747945265,1
1,2,1e-04,50,"prot50_income",0,-0.0367338398515759,1
1,2,1e-04,50,"prot50_child",0,0.0835067865697039,1
1,2,1e-04,50,"invasive_male",-1,-0.479015243241262,1
1,2,1e-04,50,"invasive_age",0.4,0.197148906902712,1
1,2,1e-04,50,"invasive_income",0,-0.00936481066088481,1
1,2,1e-04,50,"invasive_child",0,-0.00266145928332895,1
1,2,1e-04,51,"ASC2_male",1.1,0.406614704553899,1
1,2,1e-04,51,"ASC2_age",0,0.00358420438798417,1
1,2,1e-04,51,"ASC2_income",-0.5,-0.249437243724128,1
1,2,1e-04,51,"ASC2_child",0,-0.0622603773404791,1
1,2,1e-04,51,"ASC3_male",0,-0.153414083146799,1
1,2,1e-04,51,"ASC3_age",-1,-0.535392614899555,1
1,2,1e-04,51,"ASC3_income",-0.5,-0.209335409110167,1
1,2,1e-04,51,"ASC3_child",0,-7.77820184404733e-09,0
1,2,1e-04,51,"prot25_male",0,0.0303558762598241,1
1,2,1e-04,51,"prot25_age",-0.8,-0.380360194547743,1
1,2,1e-04,51,"prot25_income",0.9,0.436149928967594,1
1,2,1e-04,51,"prot25_child",0.8,0.524978131989128,1
1,2,1e-04,51,"prot50_male",-1,-0.412198720303312,1
1,2,1e-04,51,"prot50_age",0,8.34788865419772e-07,0
1,2,1e-04,51,"prot50_income",0,0.0114621526711252,1
1,2,1e-04,51,"prot50_child",0,-0.0734497803051747,1
1,2,1e-04,51,"invasive_male",0.9,0.498471394334208,1
1,2,1e-04,51,"invasive_age",0,-5.86985608262418e-09,0
1,2,1e-04,51,"invasive_income",-0.4,-0.245549277011993,1
1,2,1e-04,51,"invasive_child",0,-0.00938947700677235,1
1,2,1e-04,52,"ASC2_male",0,-0.0333852793546708,1
1,2,1e-04,52,"ASC2_age",0.8,0.408100947490133,1
1,2,1e-04,52,"ASC2_income",0,0.117625484301023,1
1,2,1e-04,52,"ASC2_child",0,9.16543897665805e-05,0
1,2,1e-04,52,"ASC3_male",1.1,0.419322296344643,1
1,2,1e-04,52,"ASC3_age",0,0.0632084883286663,1
1,2,1e-04,52,"ASC3_income",0.2,0.150415334059984,1
1,2,1e-04,52,"ASC3_child",0,0.0267337243732252,1
1,2,1e-04,52,"prot25_male",-0.9,-0.313649006749211,1
1,2,1e-04,52,"prot25_age",1.1,0.497855725601097,1
1,2,1e-04,52,"prot25_income",0,-0.0605038997525652,1
1,2,1e-04,52,"prot25_child",-1.1,-0.536926945892436,1
1,2,1e-04,52,"prot50_male",0,0.214961704853328,1
1,2,1e-04,52,"prot50_age",0,-2.01452814922945e-08,0
1,2,1e-04,52,"prot50_income",0.9,0.350753482017063,1
1,2,1e-04,52,"prot50_child",-0.2,0.0197623875186709,1
1,2,1e-04,52,"invasive_male",0.2,0.239492421689876,1
1,2,1e-04,52,"invasive_age",0,-0.0459337221464289,1
1,2,1e-04,52,"invasive_income",-0.9,-0.397604189322645,1
1,2,1e-04,52,"invasive_child",0,-0.000521861125807084,1
1,2,1e-04,53,"ASC2_male",0,-1.32552063361538e-07,0
1,2,1e-04,53,"ASC2_age",0,-0.0914166844192888,1
1,2,1e-04,53,"ASC2_income",-0.7,-0.335594949316765,1
1,2,1e-04,53,"ASC2_child",0.7,0.218396718093928,1
1,2,1e-04,53,"ASC3_male",0,-0.0779186206570822,1
1,2,1e-04,53,"ASC3_age",-0.4,-0.233932861974939,1
1,2,1e-04,53,"ASC3_income",0,0.0715942185128186,1
1,2,1e-04,53,"ASC3_child",0,2.40335439010318e-05,0
1,2,1e-04,53,"prot25_male",-1.1,-0.546446599434134,1
1,2,1e-04,53,"prot25_age",-0.4,-0.109912328443105,1
1,2,1e-04,53,"prot25_income",0,-0.0560478911649699,1
1,2,1e-04,53,"prot25_child",0,-1.62978386006843e-07,0
1,2,1e-04,53,"prot50_male",0,0.100215030844604,1
1,2,1e-04,53,"prot50_age",0.4,0.221479545570648,1
1,2,1e-04,53,"prot50_income",0,-0.0582707323757879,1
1,2,1e-04,53,"prot50_child",0,1.26526876504797e-08,0
1,2,1e-04,53,"invasive_male",-1.1,-0.439432342276527,1
1,2,1e-04,53,"invasive_age",0.4,0.0583908618322179,1
1,2,1e-04,53,"invasive_income",-0.4,-0.276077258889185,1
1,2,1e-04,53,"invasive_child",0.5,0.156500934140384,1
1,2,1e-04,54,"ASC2_male",-1,-0.370527415729572,1
1,2,1e-04,54,"ASC2_age",0.5,0.231546801766,1
1,2,1e-04,54,"ASC2_income",0,-1.26241330691505e-08,0
1,2,1e-04,54,"ASC2_child",0.2,0.0604275938290668,1
1,2,1e-04,54,"ASC3_male",0.5,0.200163133595501,1
1,2,1e-04,54,"ASC3_age",-0.2,-0.0466030166791987,1
1,2,1e-04,54,"ASC3_income",0,-6.76720270280451e-09,0
1,2,1e-04,54,"ASC3_child",0,-4.03399240100987e-08,0
1,2,1e-04,54,"prot25_male",0,-1.03340203695183e-08,0
1,2,1e-04,54,"prot25_age",0,-2.07800508183094e-08,0
1,2,1e-04,54,"prot25_income",0.3,0.14806681733689,1
1,2,1e-04,54,"prot25_child",0,0.0368975137446232,1
1,2,1e-04,54,"prot50_male",0,1.77279990769198e-08,0
1,2,1e-04,54,"prot50_age",0.9,0.43077536599189,1
1,2,1e-04,54,"prot50_income",0,9.63235058038795e-09,0
1,2,1e-04,54,"prot50_child",-0.4,-0.161175538891553,1
1,2,1e-04,54,"invasive_male",0,0.137173213345946,1
1,2,1e-04,54,"invasive_age",0.9,0.423093773987903,1
1,2,1e-04,54,"invasive_income",-0.4,-0.148446868947567,1
1,2,1e-04,54,"invasive_child",0,-1.39107808623644e-08,0
1,2,1e-04,55,"ASC2_male",0.9,0.368265719179105,1
1,2,1e-04,55,"ASC2_age",0,-0.0191586508082601,1
1,2,1e-04,55,"ASC2_income",0,6.8377236692919e-08,0
1,2,1e-04,55,"ASC2_child",0.9,0.380644910348352,1
1,2,1e-04,55,"ASC3_male",0,-0.00647503810294393,1
1,2,1e-04,55,"ASC3_age",0,-0.0700898888431124,1
1,2,1e-04,55,"ASC3_income",0,0.0867443166528659,1
1,2,1e-04,55,"ASC3_child",-1,-0.595827577564618,1
1,2,1e-04,55,"prot25_male",-0.9,-0.276644154662818,1
1,2,1e-04,55,"prot25_age",-0.6,-0.203207857117373,1
1,2,1e-04,55,"prot25_income",0,-0.0729150700617132,1
1,2,1e-04,55,"prot25_child",-0.3,0.0619497900573094,1
1,2,1e-04,55,"prot50_male",-0.9,-0.199025539873404,1
1,2,1e-04,55,"prot50_age",0,-2.01739492375685e-08,0
1,2,1e-04,55,"prot50_income",1.1,0.472149878096095,1
1,2,1e-04,55,"prot50_child",0,0.114293492801898,1
1,2,1e-04,55,"invasive_male",0.8,0.425709024534455,1
1,2,1e-04,55,"invasive_age",-0.8,-0.403288291490293,1
1,2,1e-04,55,"invasive_income",0,-0.059946362688416,1
1,2,1e-04,55,"invasive_child",0,0.0655760972777285,1
1,2,1e-04,56,"ASC2_male",0,-0.00189694769794211,1
1,2,1e-04,56,"ASC2_age",1.1,0.515649474627302,1
1,2,1e-04,56,"ASC2_income",0,0.0157236527958932,1
1,2,1e-04,56,"ASC2_child",0,0.161988901929777,1
1,2,1e-04,56,"ASC3_male",0,0.0276383439136979,1
1,2,1e-04,56,"ASC3_age",-1,-0.557264957416527,1
1,2,1e-04,56,"ASC3_income",0.8,0.403272183886926,1
1,2,1e-04,56,"ASC3_child",0,-4.59669745583657e-08,0
1,2,1e-04,56,"prot25_male",0,-0.0788857443372569,1
1,2,1e-04,56,"prot25_age",0.9,0.441569625285132,1
1,2,1e-04,56,"prot25_income",0,-0.0389046845079425,1
1,2,1e-04,56,"prot25_child",0,0.0626318558481683,1
1,2,1e-04,56,"prot50_male",0.5,0.218896388863732,1
1,2,1e-04,56,"prot50_age",0,-0.0222414056923587,1
1,2,1e-04,56,"prot50_income",-0.8,-0.468777810436632,1
1,2,1e-04,56,"prot50_child",-0.4,-0.150879636376335,1
1,2,1e-04,56,"invasive_male",0,-0.00847203981387985,1
1,2,1e-04,56,"invasive_age",0.7,0.283890820420266,1
1,2,1e-04,56,"invasive_income",1.1,0.517121517411845,1
1,2,1e-04,56,"invasive_child",0.3,0.190239381198238,1
1,2,1e-04,57,"ASC2_male",0,-0.107165000400457,1
1,2,1e-04,57,"ASC2_age",0,-0.056895621643613,1
1,2,1e-04,57,"ASC2_income",1,0.599482507749901,1
1,2,1e-04,57,"ASC2_child",1.1,0.418588532382877,1
1,2,1e-04,57,"ASC3_male",0,0.0267753563773996,1
1,2,1e-04,57,"ASC3_age",0.9,0.430359386870581,1
1,2,1e-04,57,"ASC3_income",0,0.0347244472456936,1
1,2,1e-04,57,"ASC3_child",0,-0.0630407929156455,1
1,2,1e-04,57,"prot25_male",0.1,0.112549712428918,1
1,2,1e-04,57,"prot25_age",0,0.0200658812411585,1
1,2,1e-04,57,"prot25_income",0,-0.0625032758120624,1
1,2,1e-04,57,"prot25_child",-0.4,-0.136335920275781,1
1,2,1e-04,57,"prot50_male",1,0.548366621540499,1
1,2,1e-04,57,"prot50_age",-0.9,-0.408424983734157,1
1,2,1e-04,57,"prot50_income",0,-0.00246688652526095,1
1,2,1e-04,57,"prot50_child",-0.2,-0.0475108370664589,1
1,2,1e-04,57,"invasive_male",-0.4,-0.0925732686114966,1
1,2,1e-04,57,"invasive_age",1,0.470020620472383,1
1,2,1e-04,57,"invasive_income",0,0.00512262978965494,1
1,2,1e-04,57,"invasive_child",0,-0.0221137019872073,1
1,2,1e-04,58,"ASC2_male",0,2.02905230676594e-08,0
1,2,1e-04,58,"ASC2_age",-0.4,-0.127691753629189,1
1,2,1e-04,58,"ASC2_income",1.1,0.492391380597232,1
1,2,1e-04,58,"ASC2_child",0.4,0.106596605141741,1
1,2,1e-04,58,"ASC3_male",0,-3.15262138209369e-08,0
1,2,1e-04,58,"ASC3_age",-0.6,-0.195983689862579,1
1,2,1e-04,58,"ASC3_income",0,0.0212603336859632,1
1,2,1e-04,58,"ASC3_child",0,-0.0728120730208352,1
1,2,1e-04,58,"prot25_male",0.2,3.85897835275764e-08,0
1,2,1e-04,58,"prot25_age",0,1.10867348203507e-07,0
1,2,1e-04,58,"prot25_income",0,0.035493151927489,1
1,2,1e-04,58,"prot25_child",-0.4,-2.29799170077463e-07,0
1,2,1e-04,58,"prot50_male",0.6,0.19271712089532,1
1,2,1e-04,58,"prot50_age",0,-0.03855769986041,1
1,2,1e-04,58,"prot50_income",0,-1.11353128131083e-09,0
1,2,1e-04,58,"prot50_child",-0.7,-0.0336680446006527,1
1,2,1e-04,58,"invasive_male",-1,-0.494316544079486,1
1,2,1e-04,58,"invasive_age",0.8,0.4048930035474,1
1,2,1e-04,58,"invasive_income",0,0.0176360572588129,1
1,2,1e-04,58,"invasive_child",0,-7.7502152411038e-08,0
1,2,1e-04,59,"ASC2_male",1.2,0.49276756293675,1
1,2,1e-04,59,"ASC2_age",1.1,0.508566999007045,1
1,2,1e-04,59,"ASC2_income",0,-1.2005927704432e-08,0
1,2,1e-04,59,"ASC2_child",0.2,0.0128321674676054,1
1,2,1e-04,59,"ASC3_male",0,1.44922842700889e-09,0
1,2,1e-04,59,"ASC3_age",1,0.476289472316382,1
1,2,1e-04,59,"ASC3_income",0,-6.2527401794563e-09,0
1,2,1e-04,59,"ASC3_child",0,-0.0469705888283069,1
1,2,1e-04,59,"prot25_male",0.3,0.0560561771768692,1
1,2,1e-04,59,"prot25_age",0,0.0706271491369287,1
1,2,1e-04,59,"prot25_income",0.4,0.155050490345466,1
1,2,1e-04,59,"prot25_child",0.3,0.164472971959826,1
1,2,1e-04,59,"prot50_male",0,1.83126028185344e-09,0
1,2,1e-04,59,"prot50_age",0,0.0102212452231825,1
1,2,1e-04,59,"prot50_income",1,0.447658698314751,1
1,2,1e-04,59,"prot50_child",0.9,0.3413852140526,1
1,2,1e-04,59,"invasive_male",0,3.73454879988385e-09,0
1,2,1e-04,59,"invasive_age",0,0.00631501867780474,1
1,2,1e-04,59,"invasive_income",0,-1.66091335253843e-08,0
1,2,1e-04,59,"invasive_child",-0.6,-0.317512947640658,1
1,2,1e-04,60,"ASC2_male",-1,-0.428624145921216,1
1,2,1e-04,60,"ASC2_age",-0.1,0.031748440741054,1
1,2,1e-04,60,"ASC2_income",0,0.0304648922870332,1
1,2,1e-04,60,"ASC2_child",-0.4,-0.0734868515271149,1
1,2,1e-04,60,"ASC3_male",-1.1,-0.374350816217472,1
1,2,1e-04,60,"ASC3_age",0,0.0558804515061116,1
1,2,1e-04,60,"ASC3_income",0,-0.00315203384350036,1
1,2,1e-04,60,"ASC3_child",1.2,0.707745913274979,1
1,2,1e-04,60,"prot25_male",-1.1,-0.600619532535567,1
1,2,1e-04,60,"prot25_age",-0.8,-0.389532588437044,1
1,2,1e-04,60,"prot25_income",0,-0.0416406032768753,1
1,2,1e-04,60,"prot25_child",0,-0.219846055912652,1
1,2,1e-04,60,"prot50_male",-0.4,-0.199957113531758,1
1,2,1e-04,60,"prot50_age",0,-0.00267062248273323,1
1,2,1e-04,60,"prot50_income",0,-0.0416421807430655,1
1,2,1e-04,60,"prot50_child",0,-0.122506791741063,1
1,2,1e-04,60,"invasive_male",1.1,0.580011999710499,1
1,2,1e-04,60,"invasive_age",0,0.10479476880709,1
1,2,1e-04,60,"invasive_income",0,0.0218861106429504,1
1,2,1e-04,60,"invasive_child",-0.4,-0.0885870245698932,1
1,2,1e-04,61,"ASC2_male",-0.6,-0.31525784213042,1
1,2,1e-04,61,"ASC2_age",0,-6.56763802234234e-06,0
1,2,1e-04,61,"ASC2_income",0.3,0.130977075571572,1
1,2,1e-04,61,"ASC2_child",0.8,0.163293213023754,1
1,2,1e-04,61,"ASC3_male",0.5,0.125499494514727,1
1,2,1e-04,61,"ASC3_age",0,-1.30051296548257e-07,0
1,2,1e-04,61,"ASC3_income",0,-3.12779999786451e-07,0
1,2,1e-04,61,"ASC3_child",0,-0.0682003713198499,1
1,2,1e-04,61,"prot25_male",0,0.0211661441288331,1
1,2,1e-04,61,"prot25_age",-0.6,-0.29747132885971,1
1,2,1e-04,61,"prot25_income",0,-7.2439987011036e-10,0
1,2,1e-04,61,"prot25_child",0,-3.43898213376106e-09,0
1,2,1e-04,61,"prot50_male",0,-1.73519564656979e-10,0
1,2,1e-04,61,"prot50_age",-0.4,-0.156008529409777,1
1,2,1e-04,61,"prot50_income",0,-7.58432472755705e-09,0
1,2,1e-04,61,"prot50_child",-0.7,-0.350841034226566,1
1,2,1e-04,61,"invasive_male",0,-0.03865858428082,1
1,2,1e-04,61,"invasive_age",1.1,0.487957205976038,1
1,2,1e-04,61,"invasive_income",1,0.425501515774853,1
1,2,1e-04,61,"invasive_child",0.5,0.192768302384113,1
1,2,1e-04,62,"ASC2_male",0,-0.0860834416902719,1
1,2,1e-04,62,"ASC2_age",-1,-0.475129256015174,1
1,2,1e-04,62,"ASC2_income",-0.6,-0.258817790706259,1
1,2,1e-04,62,"ASC2_child",0,2.44042169821578e-05,0
1,2,1e-04,62,"ASC3_male",0,-0.138325961408285,1
1,2,1e-04,62,"ASC3_age",0,0.024100084658675,1
1,2,1e-04,62,"ASC3_income",0.3,0.166223315931798,1
1,2,1e-04,62,"ASC3_child",-0.1,-2.70815998157936e-08,0
1,2,1e-04,62,"prot25_male",0,0.0223561512928389,1
1,2,1e-04,62,"prot25_age",-0.9,-0.456704985949739,1
1,2,1e-04,62,"prot25_income",0.5,0.219853159602188,1
1,2,1e-04,62,"prot25_child",0.5,0.148490605934269,1
1,2,1e-04,62,"prot50_male",-0.8,-0.458016328431566,1
1,2,1e-04,62,"prot50_age",0,-0.103377216772099,1
1,2,1e-04,62,"prot50_income",0,-2.62604024841643e-05,0
1,2,1e-04,62,"prot50_child",1.2,0.451452659099186,1
1,2,1e-04,62,"invasive_male",0.3,-1.4575441998715e-07,0
1,2,1e-04,62,"invasive_age",0,-0.0305539346260604,1
1,2,1e-04,62,"invasive_income",0,0.0677057135919023,1
1,2,1e-04,62,"invasive_child",0,2.07768945968648e-05,0
1,2,1e-04,63,"ASC2_male",0.9,0.251469753560269,1
1,2,1e-04,63,"ASC2_age",-0.1,0.0689289511899538,1
1,2,1e-04,63,"ASC2_income",0,-0.0447803905418364,1
1,2,1e-04,63,"ASC2_child",0.1,-2.00334854605641e-07,0
1,2,1e-04,63,"ASC3_male",0.4,-5.72445429843778e-09,0
1,2,1e-04,63,"ASC3_age",-0.7,-0.278505289513102,1
1,2,1e-04,63,"ASC3_income",0,-0.0360117458569461,1
1,2,1e-04,63,"ASC3_child",0,-7.66340984556637e-09,0
1,2,1e-04,63,"prot25_male",0,0.171994402289049,1
1,2,1e-04,63,"prot25_age",0,-0.0361302947264912,1
1,2,1e-04,63,"prot25_income",-0.2,-0.10117608519868,1
1,2,1e-04,63,"prot25_child",0,0.0361593657275995,1
1,2,1e-04,63,"prot50_male",0,0.0273599017510747,1
1,2,1e-04,63,"prot50_age",1,0.481300058679786,1
1,2,1e-04,63,"prot50_income",0,-0.00130129544377467,1
1,2,1e-04,63,"prot50_child",-0.2,-0.0359602971711009,1
1,2,1e-04,63,"invasive_male",0,-0.100381143349411,1
1,2,1e-04,63,"invasive_age",-0.5,-0.210638598976211,1
1,2,1e-04,63,"invasive_income",0,-0.0334423270282839,1
1,2,1e-04,63,"invasive_child",-0.6,-0.399114907527093,1
1,2,1e-04,64,"ASC2_male",0,-7.04562831941314e-11,0
1,2,1e-04,64,"ASC2_age",0,-1.05340736555391e-08,0
1,2,1e-04,64,"ASC2_income",1.1,0.53601091589426,1
1,2,1e-04,64,"ASC2_child",0.5,0.283257538918288,1
1,2,1e-04,64,"ASC3_male",0,-0.0631064070144529,1
1,2,1e-04,64,"ASC3_age",0,-0.0335271965202256,1
1,2,1e-04,64,"ASC3_income",1.1,0.463792003672906,1
1,2,1e-04,64,"ASC3_child",0,-9.08215012800993e-09,0
1,2,1e-04,64,"prot25_male",0,-0.0453819657315321,1
1,2,1e-04,64,"prot25_age",-1.1,-0.502704248340595,1
1,2,1e-04,64,"prot25_income",-0.7,-0.341521693348323,1
1,2,1e-04,64,"prot25_child",-0.8,-0.391370389094244,1
1,2,1e-04,64,"prot50_male",0,0.0443040916065472,1
1,2,1e-04,64,"prot50_age",0.9,0.412927232975883,1
1,2,1e-04,64,"prot50_income",-0.5,-0.217534214474165,1
1,2,1e-04,64,"prot50_child",0,0.034687747154307,1
1,2,1e-04,64,"invasive_male",0,0.100309392114692,1
1,2,1e-04,64,"invasive_age",-1.1,-0.520936903599104,1
1,2,1e-04,64,"invasive_income",0.3,0.123156492417521,1
1,2,1e-04,64,"invasive_child",0,-0.0763178540041975,1
1,2,1e-04,65,"ASC2_male",0,-1.85573301347719e-09,0
1,2,1e-04,65,"ASC2_age",0,-3.41157477320656e-09,0
1,2,1e-04,65,"ASC2_income",-0.7,-0.254331212191132,1
1,2,1e-04,65,"ASC2_child",0,-7.4268331159531e-08,0
1,2,1e-04,65,"ASC3_male",0,-5.39680492474695e-08,0
1,2,1e-04,65,"ASC3_age",-0.9,-0.418439778657348,1
1,2,1e-04,65,"ASC3_income",0,0.0491189062901676,1
1,2,1e-04,65,"ASC3_child",0,-0.0609034072103216,1
1,2,1e-04,65,"prot25_male",0.1,0.0449444244267902,1
1,2,1e-04,65,"prot25_age",-0.8,-0.378486987829928,1
1,2,1e-04,65,"prot25_income",0.9,0.331727505966483,1
1,2,1e-04,65,"prot25_child",0,0.0860160042456676,1
1,2,1e-04,65,"prot50_male",0.8,0.472263261019005,1
1,2,1e-04,65,"prot50_age",1.1,0.531451844805255,1
1,2,1e-04,65,"prot50_income",-1,-0.560563979137879,1
1,2,1e-04,65,"prot50_child",-1.2,-0.401276014736843,1
1,2,1e-04,65,"invasive_male",0,-1.18524019770777e-07,0
1,2,1e-04,65,"invasive_age",0,0.00725599549482313,1
1,2,1e-04,65,"invasive_income",-1,-0.433881964299646,1
1,2,1e-04,65,"invasive_child",0,0.000671742964379577,1
1,2,1e-04,66,"ASC2_male",0.9,0.496453685765963,1
1,2,1e-04,66,"ASC2_age",0.9,0.461892327002463,1
1,2,1e-04,66,"ASC2_income",0,0.0539542878253553,1
1,2,1e-04,66,"ASC2_child",0,0.0542663679102455,1
1,2,1e-04,66,"ASC3_male",-0.6,-0.387435381201759,1
1,2,1e-04,66,"ASC3_age",0,0.0281897848149213,1
1,2,1e-04,66,"ASC3_income",-1.2,-0.553999214458154,1
1,2,1e-04,66,"ASC3_child",0,0.00896844743499759,1
1,2,1e-04,66,"prot25_male",0,0.0119027394318532,1
1,2,1e-04,66,"prot25_age",-0.4,-0.215706329229157,1
1,2,1e-04,66,"prot25_income",-0.4,-0.325614089731667,1
1,2,1e-04,66,"prot25_child",0,-0.07173043249402,1
1,2,1e-04,66,"prot50_male",0,0.0913406468760764,1
1,2,1e-04,66,"prot50_age",0,-0.0522025593471704,1
1,2,1e-04,66,"prot50_income",0.2,0.00691897378203892,1
1,2,1e-04,66,"prot50_child",-0.7,-0.524176983392751,1
1,2,1e-04,66,"invasive_male",0.5,0.189952178127646,1
1,2,1e-04,66,"invasive_age",0.9,0.47901944200779,1
1,2,1e-04,66,"invasive_income",0,-0.0258848447381877,1
1,2,1e-04,66,"invasive_child",0,-0.0835859916237836,1
1,2,1e-04,67,"ASC2_male",0,0.0249164486890397,1
1,2,1e-04,67,"ASC2_age",-1.1,-0.578269564644033,1
1,2,1e-04,67,"ASC2_income",0.6,0.346405760304241,1
1,2,1e-04,67,"ASC2_child",0.3,0.0311273119400217,1
1,2,1e-04,67,"ASC3_male",0,-1.41146861866267e-08,0
1,2,1e-04,67,"ASC3_age",0,-0.0489679577183437,1
1,2,1e-04,67,"ASC3_income",0.7,0.345792050162805,1
1,2,1e-04,67,"ASC3_child",0,-0.0844087322580614,1
1,2,1e-04,67,"prot25_male",0.9,0.407710624030405,1
1,2,1e-04,67,"prot25_age",0.5,0.277679915896819,1
1,2,1e-04,67,"prot25_income",-0.8,-0.502278934176384,1
1,2,1e-04,67,"prot25_child",0,0.151441697045729,1
1,2,1e-04,67,"prot50_male",-0.7,-0.403711585612645,1
1,2,1e-04,67,"prot50_age",0,0.0307206907320166,1
1,2,1e-04,67,"prot50_income",-0.2,-0.153002502515234,1
1,2,1e-04,67,"prot50_child",0,0.0143627033585685,1
1,2,1e-04,67,"invasive_male",0,-4.43452754595468e-09,0
1,2,1e-04,67,"invasive_age",0,-0.0373431142492154,1
1,2,1e-04,67,"invasive_income",0,0.0229496979975872,1
1,2,1e-04,67,"invasive_child",0.9,0.250919115710754,1
1,2,1e-04,68,"ASC2_male",0.3,1.23248848537069e-06,0
1,2,1e-04,68,"ASC2_age",0.9,0.367147886541582,1
1,2,1e-04,68,"ASC2_income",-1,-0.475775226632737,1
1,2,1e-04,68,"ASC2_child",0.1,-8.52606966545488e-09,0
1,2,1e-04,68,"ASC3_male",0,-2.90379897546055e-09,0
1,2,1e-04,68,"ASC3_age",0.7,0.233940097923929,1
1,2,1e-04,68,"ASC3_income",0,-2.20324573477417e-08,0
1,2,1e-04,68,"ASC3_child",-0.4,-0.234201431056265,1
1,2,1e-04,68,"prot25_male",0,0.0923196128751831,1
1,2,1e-04,68,"prot25_age",0,0.0480077721333596,1
1,2,1e-04,68,"prot25_income",0,0.00215916880077143,1
1,2,1e-04,68,"prot25_child",-0.6,-0.118939164795375,1
1,2,1e-04,68,"prot50_male",0,0.0663831226907074,1
1,2,1e-04,68,"prot50_age",0.1,-2.50919159378558e-09,0
1,2,1e-04,68,"prot50_income",0,2.60407953721462e-08,0
1,2,1e-04,68,"prot50_child",0,-3.35365290062138e-07,0
1,2,1e-04,68,"invasive_male",0,-0.0390546193477665,1
1,2,1e-04,68,"invasive_age",0,-0.14234568607375,1
1,2,1e-04,68,"invasive_income",0.5,0.277385736173619,1
1,2,1e-04,68,"invasive_child",0.3,0.00586889289138928,1
1,2,1e-04,69,"ASC2_male",0,-0.0936850175010229,1
1,2,1e-04,69,"ASC2_age",0,-0.0412732524091856,1
1,2,1e-04,69,"ASC2_income",-0.9,-0.351391960381413,1
1,2,1e-04,69,"ASC2_child",0,1.96240763749098e-07,0
1,2,1e-04,69,"ASC3_male",0.8,0.291625033950199,1
1,2,1e-04,69,"ASC3_age",0,-0.0483799059554903,1
1,2,1e-04,69,"ASC3_income",0,-7.09499567360862e-09,0
1,2,1e-04,69,"ASC3_child",0,-1.1519251690567e-08,0
1,2,1e-04,69,"prot25_male",-0.4,-0.0707689808149755,1
1,2,1e-04,69,"prot25_age",-0.8,-0.389794392224465,1
1,2,1e-04,69,"prot25_income",0,-0.0225160117395367,1
1,2,1e-04,69,"prot25_child",1.2,0.696190431406297,1
1,2,1e-04,69,"prot50_male",0,0.0451961770872701,1
1,2,1e-04,69,"prot50_age",-0.7,-0.355816774718,1
1,2,1e-04,69,"prot50_income",0,-0.0108274368486713,1
1,2,1e-04,69,"prot50_child",-0.6,-0.150093295537632,1
1,2,1e-04,69,"invasive_male",-1.1,-0.530247600695772,1
1,2,1e-04,69,"invasive_age",0.5,0.232445128770016,1
1,2,1e-04,69,"invasive_income",-0.9,-0.396058402081286,1
1,2,1e-04,69,"invasive_child",0,-6.22514432017892e-09,0
1,2,1e-04,70,"ASC2_male",0,-0.0267394355639511,1
1,2,1e-04,70,"ASC2_age",-1,-0.554385249496212,1
1,2,1e-04,70,"ASC2_income",1.2,0.491085701798438,1
1,2,1e-04,70,"ASC2_child",0.3,0.077712503009526,1
1,2,1e-04,70,"ASC3_male",0,0.116291774261355,1
1,2,1e-04,70,"ASC3_age",-0.9,-0.499476845090362,1
1,2,1e-04,70,"ASC3_income",0,-0.132335029677568,1
1,2,1e-04,70,"ASC3_child",0,-0.115788531977216,1
1,2,1e-04,70,"prot25_male",0,0.0165829536094107,1
1,2,1e-04,70,"prot25_age",0.2,0.188026756702147,1
1,2,1e-04,70,"prot25_income",0,0.104878037430874,1
1,2,1e-04,70,"prot25_child",-0.7,-0.20247141396976,1
1,2,1e-04,70,"prot50_male",0,-0.0495310155688055,1
1,2,1e-04,70,"prot50_age",0,0.0579647847367372,1
1,2,1e-04,70,"prot50_income",-0.7,-0.301596741223935,1
1,2,1e-04,70,"prot50_child",0,1.31593959822754e-11,0
1,2,1e-04,70,"invasive_male",-0.3,-0.126591453257735,1
1,2,1e-04,70,"invasive_age",0,0.000374794781132923,1
1,2,1e-04,70,"invasive_income",-0.7,-0.365315632249355,1
1,2,1e-04,70,"invasive_child",-0.6,-0.436141206920563,1
1,2,1e-04,71,"ASC2_male",-1.1,-0.59169430540425,1
1,2,1e-04,71,"ASC2_age",0,0.00597453937353791,1
1,2,1e-04,71,"ASC2_income",0,-0.0186141762681848,1
1,2,1e-04,71,"ASC2_child",-0.4,-0.237268479981573,1
1,2,1e-04,71,"ASC3_male",0,-0.134902633775203,1
1,2,1e-04,71,"ASC3_age",0,-0.0122395091452225,1
1,2,1e-04,71,"ASC3_income",-0.5,-0.190222793136262,1
1,2,1e-04,71,"ASC3_child",-0.6,-0.371525996037983,1
1,2,1e-04,71,"prot25_male",0,-2.24098966571521e-07,0
1,2,1e-04,71,"prot25_age",0,-0.0134887163467978,1
1,2,1e-04,71,"prot25_income",0,-0.0562991256440593,1
1,2,1e-04,71,"prot25_child",0.2,0.0377014609620295,1
1,2,1e-04,71,"prot50_male",-0.5,-0.306864064477364,1
1,2,1e-04,71,"prot50_age",0.2,0.185130899157577,1
1,2,1e-04,71,"prot50_income",-1.1,-0.597055069888856,1
1,2,1e-04,71,"prot50_child",0,0.0893939862951226,1
1,2,1e-04,71,"invasive_male",0.9,0.293087125376685,1
1,2,1e-04,71,"invasive_age",1.2,0.651308784195361,1
1,2,1e-04,71,"invasive_income",0,-0.0566647495265166,1
1,2,1e-04,71,"invasive_child",0,-5.10118763369116e-08,0
1,2,1e-04,72,"ASC2_male",0,-0.048772635375577,1
1,2,1e-04,72,"ASC2_age",0,-0.0242938257011046,1
1,2,1e-04,72,"ASC2_income",0.2,0.0331615007279847,1
1,2,1e-04,72,"ASC2_child",0.1,0.0550912093337917,1
1,2,1e-04,72,"ASC3_male",0,-0.064082280084381,1
1,2,1e-04,72,"ASC3_age",0.7,0.355927778742927,1
1,2,1e-04,72,"ASC3_income",0,-0.0327733608948267,1
1,2,1e-04,72,"ASC3_child",0,0.00792760493403421,1
1,2,1e-04,72,"prot25_male",-0.2,-1.18694413199719e-09,0
1,2,1e-04,72,"prot25_age",-1.1,-0.567498857639579,1
1,2,1e-04,72,"prot25_income",0,0.0208388633245616,1
1,2,1e-04,72,"prot25_child",0,0.00197633140582004,1
1,2,1e-04,72,"prot50_male",0.5,0.203624651824763,1
1,2,1e-04,72,"prot50_age",0,-0.0517572912474098,1
1,2,1e-04,72,"prot50_income",0,0.0105463423224212,1
1,2,1e-04,72,"prot50_child",0.1,0.124778931975584,1
1,2,1e-04,72,"invasive_male",0,-0.186102665237363,1
1,2,1e-04,72,"invasive_age",0.3,0.162054576025944,1
1,2,1e-04,72,"invasive_income",0.4,0.260612434729395,1
1,2,1e-04,72,"invasive_child",-0.4,-0.234282107625183,1
1,2,1e-04,73,"ASC2_male",0,-1.10848405019266e-10,0
1,2,1e-04,73,"ASC2_age",0,0.200829196961838,1
1,2,1e-04,73,"ASC2_income",0,-3.22327838623478e-08,0
1,2,1e-04,73,"ASC2_child",0.9,0.420490051988452,1
1,2,1e-04,73,"ASC3_male",0,-1.09511485997889e-08,0
1,2,1e-04,73,"ASC3_age",-0.7,-0.149429730196679,1
1,2,1e-04,73,"ASC3_income",0,0.00591427356155903,1
1,2,1e-04,73,"ASC3_child",0,-1.32072155651292e-08,0
1,2,1e-04,73,"prot25_male",-0.5,-0.199900806146823,1
1,2,1e-04,73,"prot25_age",1,0.301841180417051,1
1,2,1e-04,73,"prot25_income",0,-0.0123565704356228,1
1,2,1e-04,73,"prot25_child",0,-5.97524183933269e-10,0
1,2,1e-04,73,"prot50_male",0.6,0.284712655644015,1
1,2,1e-04,73,"prot50_age",0.8,0.265690269501098,1
1,2,1e-04,73,"prot50_income",1.2,0.622850647786004,1
1,2,1e-04,73,"prot50_child",0.9,0.385853824788265,1
1,2,1e-04,73,"invasive_male",0,-3.39731768875868e-10,0
1,2,1e-04,73,"invasive_age",-1.2,-0.50009447131145,1
1,2,1e-04,73,"invasive_income",0,-6.52233355945e-11,0
1,2,1e-04,73,"invasive_child",1.1,0.491476001129575,1
1,2,1e-04,74,"ASC2_male",0,-0.00609715208940678,1
1,2,1e-04,74,"ASC2_age",0,0.0146826886663671,1
1,2,1e-04,74,"ASC2_income",-0.5,-0.213621228936866,1
1,2,1e-04,74,"ASC2_child",0,-9.07946848748054e-09,0
1,2,1e-04,74,"ASC3_male",0.2,0.0988529096716157,1
1,2,1e-04,74,"ASC3_age",0,6.38401877233101e-09,0
1,2,1e-04,74,"ASC3_income",1,0.551988380440036,1
1,2,1e-04,74,"ASC3_child",-0.8,-0.44600733184727,1
1,2,1e-04,74,"prot25_male",-1.1,-0.535926510180818,1
1,2,1e-04,74,"prot25_age",-0.7,-0.314858286332818,1
1,2,1e-04,74,"prot25_income",0.8,0.338795537387342,1
1,2,1e-04,74,"prot25_child",0,-3.74011036788252e-09,0
1,2,1e-04,74,"prot50_male",0.5,0.35745815270412,1
1,2,1e-04,74,"prot50_age",0,-0.00655991044180058,1
1,2,1e-04,74,"prot50_income",-0.2,-0.212734642390752,1
1,2,1e-04,74,"prot50_child",0,2.26320021552427e-08,0
1,2,1e-04,74,"invasive_male",0,-0.0664926183911197,1
1,2,1e-04,74,"invasive_age",0,0.0281424623588706,1
1,2,1e-04,74,"invasive_income",0,-7.64880509351462e-09,0
1,2,1e-04,74,"invasive_child",1.1,0.456146837625708,1
1,2,1e-04,75,"ASC2_male",0,-0.111032802970571,1
1,2,1e-04,75,"ASC2_age",0,-0.00341348752022326,1
1,2,1e-04,75,"ASC2_income",-0.1,-7.42852102058119e-09,0
1,2,1e-04,75,"ASC2_child",0,-1.16811455026104e-08,0
1,2,1e-04,75,"ASC3_male",0,-1.01669617724233e-08,0
1,2,1e-04,75,"ASC3_age",-0.8,-0.389528825746932,1
1,2,1e-04,75,"ASC3_income",0,-5.80141185879676e-08,0
1,2,1e-04,75,"ASC3_child",0.3,0.11707199496976,1
1,2,1e-04,75,"prot25_male",0,-1.41902041890661e-08,0
1,2,1e-04,75,"prot25_age",0,-0.0311115798542795,1
1,2,1e-04,75,"prot25_income",-0.5,-0.227296855522766,1
1,2,1e-04,75,"prot25_child",0.6,0.1540197905909,1
1,2,1e-04,75,"prot50_male",0,0.0129199673725942,1
1,2,1e-04,75,"prot50_age",0,3.4601563262496e-10,0
1,2,1e-04,75,"prot50_income",-0.5,-0.286038224118586,1
1,2,1e-04,75,"prot50_child",0,-5.32744137248811e-09,0
1,2,1e-04,75,"invasive_male",-0.9,-0.500673814635971,1
1,2,1e-04,75,"invasive_age",-0.1,-0.0646983667080529,1
1,2,1e-04,75,"invasive_income",1.1,0.539145995893328,1
1,2,1e-04,75,"invasive_child",0.1,-9.04831309997576e-09,0
1,2,1e-04,76,"ASC2_male",0,-0.15342907174183,1
1,2,1e-04,76,"ASC2_age",-0.8,-0.382504876454187,1
1,2,1e-04,76,"ASC2_income",-0.8,-0.364071967860481,1
1,2,1e-04,76,"ASC2_child",0,-1.04022193220244e-08,0
1,2,1e-04,76,"ASC3_male",1,0.241962108449609,1
1,2,1e-04,76,"ASC3_age",0.2,0.0869279245592648,1
1,2,1e-04,76,"ASC3_income",0.7,0.34657652709625,1
1,2,1e-04,76,"ASC3_child",0,6.23790951464729e-08,0
1,2,1e-04,76,"prot25_male",1,0.682275974557169,1
1,2,1e-04,76,"prot25_age",-0.4,-0.194325818979498,1
1,2,1e-04,76,"prot25_income",0,-5.7962755818468e-10,0
1,2,1e-04,76,"prot25_child",0,-1.45025473166946e-08,0
1,2,1e-04,76,"prot50_male",-1.1,-0.240588412391479,1
1,2,1e-04,76,"prot50_age",0,-9.01218044233004e-09,0
1,2,1e-04,76,"prot50_income",0,-1.26189214822913e-08,0
1,2,1e-04,76,"prot50_child",0,4.62451279548198e-06,0
1,2,1e-04,76,"invasive_male",0.5,0.268200230349841,1
1,2,1e-04,76,"invasive_age",0,-1.1226787036556e-08,0
1,2,1e-04,76,"invasive_income",0,-3.99096207618433e-10,0
1,2,1e-04,76,"invasive_child",-1.2,-0.472019588801686,1
1,2,1e-04,77,"ASC2_male",0.4,0.0776338783099383,1
1,2,1e-04,77,"ASC2_age",0,0.0713416239460694,1
1,2,1e-04,77,"ASC2_income",0,0.0779427845154026,1
1,2,1e-04,77,"ASC2_child",-1.1,-0.553210930852832,1
1,2,1e-04,77,"ASC3_male",0,-0.197034577357416,1
1,2,1e-04,77,"ASC3_age",0,0.0929675721877206,1
1,2,1e-04,77,"ASC3_income",-1.1,-0.48376339196257,1
1,2,1e-04,77,"ASC3_child",0.7,0.373013123164272,1
1,2,1e-04,77,"prot25_male",-0.1,0.0269895154719233,1
1,2,1e-04,77,"prot25_age",0,-0.0348328303413251,1
1,2,1e-04,77,"prot25_income",0.8,0.287422454730838,1
1,2,1e-04,77,"prot25_child",-0.7,-0.275007109524435,1
1,2,1e-04,77,"prot50_male",0,0.171867963317826,1
1,2,1e-04,77,"prot50_age",0.4,0.202636836696274,1
1,2,1e-04,77,"prot50_income",0.8,0.31794397799167,1
1,2,1e-04,77,"prot50_child",0,-0.0276442665720011,1
1,2,1e-04,77,"invasive_male",0,-8.71055142347622e-08,0
1,2,1e-04,77,"invasive_age",0,1.27500346872555e-08,0
1,2,1e-04,77,"invasive_income",0,-1.14521146739566e-08,0
1,2,1e-04,77,"invasive_child",0.9,0.31431061747282,1
1,2,1e-04,78,"ASC2_male",-0.6,-0.323396725962753,1
1,2,1e-04,78,"ASC2_age",0,0.00681672843846456,1
1,2,1e-04,78,"ASC2_income",0,-0.0535487988735615,1
1,2,1e-04,78,"ASC2_child",0,-0.0357585697180805,1
1,2,1e-04,78,"ASC3_male",-1.2,-0.487945373896497,1
1,2,1e-04,78,"ASC3_age",-0.7,-0.385610316649976,1
1,2,1e-04,78,"ASC3_income",0,-0.0344948706039555,1
1,2,1e-04,78,"ASC3_child",0.8,0.339136121889401,1
1,2,1e-04,78,"prot25_male",0.4,0.111942018961677,1
1,2,1e-04,78,"prot25_age",0,-0.00192843160346904,1
1,2,1e-04,78,"prot25_income",0,0.0366010573434743,1
1,2,1e-04,78,"prot25_child",-1.2,-0.613054484603334,1
1,2,1e-04,78,"prot50_male",0,-0.0254115073555993,1
1,2,1e-04,78,"prot50_age",0.5,0.242174706694052,1
1,2,1e-04,78,"prot50_income",0.1,0.0200463985138215,1
1,2,1e-04,78,"prot50_child",0.2,0.0829758593304022,1
1,2,1e-04,78,"invasive_male",0,0.0933693449054751,1
1,2,1e-04,78,"invasive_age",0,-0.0609822505016262,1
1,2,1e-04,78,"invasive_income",0,-0.0695013343569921,1
1,2,1e-04,78,"invasive_child",0.9,0.298454666046561,1
1,2,1e-04,79,"ASC2_male",0,1.9033343722796e-07,0
1,2,1e-04,79,"ASC2_age",0,-0.00108831432762683,1
1,2,1e-04,79,"ASC2_income",0.2,0.204477330507026,1
1,2,1e-04,79,"ASC2_child",0,-1.05292269661946e-08,0
1,2,1e-04,79,"ASC3_male",0,-2.02873753570887e-07,0
1,2,1e-04,79,"ASC3_age",-0.6,-0.304383438973101,1
1,2,1e-04,79,"ASC3_income",-1,-0.381238374424908,1
1,2,1e-04,79,"ASC3_child",0.7,0.326160987858735,1
1,2,1e-04,79,"prot25_male",0,0.0872861271454721,1
1,2,1e-04,79,"prot25_age",-1,-0.490056453077229,1
1,2,1e-04,79,"prot25_income",0,-0.10161150192243,1
1,2,1e-04,79,"prot25_child",0,-1.2763668730986e-09,0
1,2,1e-04,79,"prot50_male",-1.1,-0.413526189592177,1
1,2,1e-04,79,"prot50_age",-1.1,-0.570515554446323,1
1,2,1e-04,79,"prot50_income",0.9,0.341148938584034,1
1,2,1e-04,79,"prot50_child",0.4,0.13355597995307,1
1,2,1e-04,79,"invasive_male",-0.4,-0.100041962228509,1
1,2,1e-04,79,"invasive_age",0,1.36355057446136e-07,0
1,2,1e-04,79,"invasive_income",0,-1.16832020925775e-08,0
1,2,1e-04,79,"invasive_child",0,-0.0478308257734579,1
1,2,1e-04,80,"ASC2_male",-0.3,-0.0505553603974501,1
1,2,1e-04,80,"ASC2_age",0,-0.106522304749039,1
1,2,1e-04,80,"ASC2_income",0.9,0.544282051512446,1
1,2,1e-04,80,"ASC2_child",-1,-0.552929472475893,1
1,2,1e-04,80,"ASC3_male",0,-2.26203004425585e-07,0
1,2,1e-04,80,"ASC3_age",-0.6,-0.356694169561401,1
1,2,1e-04,80,"ASC3_income",0,0.0957283532804195,1
1,2,1e-04,80,"ASC3_child",0,-0.0048932377729666,1
1,2,1e-04,80,"prot25_male",0,0.0263795005267409,1
1,2,1e-04,80,"prot25_age",0.8,0.445251271889808,1
1,2,1e-04,80,"prot25_income",0.1,-2.45523893429879e-08,0
1,2,1e-04,80,"prot25_child",0,-1.21143978638322e-08,0
1,2,1e-04,80,"prot50_male",0,-1.55170966801407e-09,0
1,2,1e-04,80,"prot50_age",0,0.00314196553833116,1
1,2,1e-04,80,"prot50_income",0.7,0.290728431394307,1
1,2,1e-04,80,"prot50_child",0,0.0920452165306579,1
1,2,1e-04,80,"invasive_male",0,0.0558311906034819,1
1,2,1e-04,80,"invasive_age",-0.8,-0.404954908670875,1
1,2,1e-04,80,"invasive_income",-0.7,-0.363350375805904,1
1,2,1e-04,80,"invasive_child",0.7,0.377912408530938,1
1,2,1e-04,81,"ASC2_male",0,-0.00299952578087751,1
1,2,1e-04,81,"ASC2_age",-1.1,-0.560403257908917,1
1,2,1e-04,81,"ASC2_income",0.1,0.0626186371140304,1
1,2,1e-04,81,"ASC2_child",0.8,0.271171332265682,1
1,2,1e-04,81,"ASC3_male",0,-4.77972418361231e-07,0
1,2,1e-04,81,"ASC3_age",0,8.88660274827615e-08,0
1,2,1e-04,81,"ASC3_income",-0.8,-0.331784757521611,1
1,2,1e-04,81,"ASC3_child",0,-6.82692432967445e-09,0
1,2,1e-04,81,"prot25_male",0,5.48783962136227e-08,0
1,2,1e-04,81,"prot25_age",-0.3,-0.14796523464808,1
1,2,1e-04,81,"prot25_income",0.1,0.00323996416040001,1
1,2,1e-04,81,"prot25_child",0.2,0.21300769681783,1
1,2,1e-04,81,"prot50_male",0,-0.0175626656737582,1
1,2,1e-04,81,"prot50_age",0.4,0.199045665303856,1
1,2,1e-04,81,"prot50_income",-0.3,-0.132022268363778,1
1,2,1e-04,81,"prot50_child",0,0.119326383441165,1
1,2,1e-04,81,"invasive_male",0,8.63894563610955e-08,0
1,2,1e-04,81,"invasive_age",0,-0.0142434053600091,1
1,2,1e-04,81,"invasive_income",-0.5,-0.186787557178227,1
1,2,1e-04,81,"invasive_child",0,-1.12450187659855e-09,0
1,2,1e-04,82,"ASC2_male",0.9,0.290607964838211,1
1,2,1e-04,82,"ASC2_age",-0.6,-0.318644462060898,1
1,2,1e-04,82,"ASC2_income",1.1,0.557624613573059,1
1,2,1e-04,82,"ASC2_child",-0.9,-0.348782323180454,1
1,2,1e-04,82,"ASC3_male",0,-0.0197543957401689,1
1,2,1e-04,82,"ASC3_age",0,-0.0332986993397992,1
1,2,1e-04,82,"ASC3_income",0,-0.0113377717502256,1
1,2,1e-04,82,"ASC3_child",0.3,0.255953032919027,1
1,2,1e-04,82,"prot25_male",0,0.155344027879253,1
1,2,1e-04,82,"prot25_age",0,0.0208075288835483,1
1,2,1e-04,82,"prot25_income",0,-0.015693122265746,1
1,2,1e-04,82,"prot25_child",1.1,0.477573090381406,1
1,2,1e-04,82,"prot50_male",-0.4,-0.0970347800660877,1
1,2,1e-04,82,"prot50_age",0,-0.0203248301456509,1
1,2,1e-04,82,"prot50_income",-0.5,-0.279232360829415,1
1,2,1e-04,82,"prot50_child",0,-0.0463722573273782,1
1,2,1e-04,82,"invasive_male",0,0.0658056271914994,1
1,2,1e-04,82,"invasive_age",-1.1,-0.576924285248383,1
1,2,1e-04,82,"invasive_income",0,-0.0615546777533057,1
1,2,1e-04,82,"invasive_child",0.4,0.27693244512281,1
1,2,1e-04,83,"ASC2_male",0.9,0.295236112457372,1
1,2,1e-04,83,"ASC2_age",0,0.0382918997387041,1
1,2,1e-04,83,"ASC2_income",-0.9,-0.404157776900036,1
1,2,1e-04,83,"ASC2_child",-0.8,-0.298696316935746,1
1,2,1e-04,83,"ASC3_male",0.9,0.397574104043742,1
1,2,1e-04,83,"ASC3_age",0,2.89278709666655e-07,0
1,2,1e-04,83,"ASC3_income",0,-0.00100823825248178,1
1,2,1e-04,83,"ASC3_child",0,0.0286827075149255,1
1,2,1e-04,83,"prot25_male",1,0.484171578432471,1
1,2,1e-04,83,"prot25_age",1.2,0.562608301469383,1
1,2,1e-04,83,"prot25_income",-0.2,-0.0931885066854291,1
1,2,1e-04,83,"prot25_child",0,0.015717763107671,1
1,2,1e-04,83,"prot50_male",0,2.67570120220364e-11,0
1,2,1e-04,83,"prot50_age",0,-2.4736220897037e-06,0
1,2,1e-04,83,"prot50_income",-0.2,-0.0715248810861767,1
1,2,1e-04,83,"prot50_child",0,-7.69540230831928e-09,0
1,2,1e-04,83,"invasive_male",0,-0.0757589834440311,1
1,2,1e-04,83,"invasive_age",-0.8,-0.371397744306759,1
1,2,1e-04,83,"invasive_income",-0.9,-0.42734721229837,1
1,2,1e-04,83,"invasive_child",0,-1.70680175591691e-08,0
1,2,1e-04,84,"ASC2_male",0,0.0762845032602221,1
1,2,1e-04,84,"ASC2_age",0,2.01562500473452e-08,0
1,2,1e-04,84,"ASC2_income",0.4,0.194790358262822,1
1,2,1e-04,84,"ASC2_child",-0.9,-0.580492788717022,1
1,2,1e-04,84,"ASC3_male",-0.2,-9.35194068018752e-08,0
1,2,1e-04,84,"ASC3_age",0.6,0.311785633608063,1
1,2,1e-04,84,"ASC3_income",0.4,0.216927650572898,1
1,2,1e-04,84,"ASC3_child",-0.6,-0.41630528110518,1
1,2,1e-04,84,"prot25_male",0,-0.0428653289014966,1
1,2,1e-04,84,"prot25_age",0,0.0142158220577606,1
1,2,1e-04,84,"prot25_income",0.2,0.122199760029957,1
1,2,1e-04,84,"prot25_child",-0.7,-0.260408922315114,1
1,2,1e-04,84,"prot50_male",0,0.0411225403595861,1
1,2,1e-04,84,"prot50_age",0,-0.0166516541828287,1
1,2,1e-04,84,"prot50_income",0,-0.00515296524722007,1
1,2,1e-04,84,"prot50_child",-0.9,-0.210644451288883,1
1,2,1e-04,84,"invasive_male",-1.1,-0.387926421527105,1
1,2,1e-04,84,"invasive_age",0,-0.002903754447803,1
1,2,1e-04,84,"invasive_income",0,-2.01268790900362e-08,0
1,2,1e-04,84,"invasive_child",0,0.0459897147142192,1
1,2,1e-04,85,"ASC2_male",0.9,0.5211394068067,1
1,2,1e-04,85,"ASC2_age",0,0.0241599272949415,1
1,2,1e-04,85,"ASC2_income",0.4,0.201659013350203,1
1,2,1e-04,85,"ASC2_child",0,-0.0854114690656211,1
1,2,1e-04,85,"ASC3_male",0,-0.00484804937724708,1
1,2,1e-04,85,"ASC3_age",0.5,0.260974461861366,1
1,2,1e-04,85,"ASC3_income",0.9,0.409857142438496,1
1,2,1e-04,85,"ASC3_child",0.4,0.0819978908936122,1
1,2,1e-04,85,"prot25_male",0,-0.057149257886801,1
1,2,1e-04,85,"prot25_age",-0.3,-0.133572213766954,1
1,2,1e-04,85,"prot25_income",0.7,0.33520318899192,1
1,2,1e-04,85,"prot25_child",0,0.0646686533795569,1
1,2,1e-04,85,"prot50_male",0,-0.0290783696263927,1
1,2,1e-04,85,"prot50_age",-0.8,-0.395347056757653,1
1,2,1e-04,85,"prot50_income",-0.7,-0.310154878569032,1
1,2,1e-04,85,"prot50_child",0,-0.111932709791428,1
1,2,1e-04,85,"invasive_male",0,-0.0258506217947674,1
1,2,1e-04,85,"invasive_age",0,8.94461847706575e-09,0
1,2,1e-04,85,"invasive_income",0,0.0495360785630014,1
1,2,1e-04,85,"invasive_child",0.6,0.170543632565946,1
1,2,1e-04,86,"ASC2_male",0,-1.03015539223554e-07,0
1,2,1e-04,86,"ASC2_age",-0.6,-0.316255341999369,1
1,2,1e-04,86,"ASC2_income",0.7,0.237869024865859,1
1,2,1e-04,86,"ASC2_child",0,-2.35621894052234e-09,0
1,2,1e-04,86,"ASC3_male",0,-0.0412505590315267,1
1,2,1e-04,86,"ASC3_age",0,-0.0635487581993389,1
1,2,1e-04,86,"ASC3_income",1.2,0.524193377364929,1
1,2,1e-04,86,"ASC3_child",0,-0.0514948748772434,1
1,2,1e-04,86,"prot25_male",-0.7,-0.246587019598873,1
1,2,1e-04,86,"prot25_age",-1,-0.539777129280888,1
1,2,1e-04,86,"prot25_income",0,5.48422770851583e-05,0
1,2,1e-04,86,"prot25_child",0.9,0.497286999370133,1
1,2,1e-04,86,"prot50_male",1,0.649883592291056,1
1,2,1e-04,86,"prot50_age",0,0.0388467908814108,1
1,2,1e-04,86,"prot50_income",0,0.0537135011612664,1
1,2,1e-04,86,"prot50_child",-1,-0.45388815274262,1
1,2,1e-04,86,"invasive_male",0,0.0125118528468525,1
1,2,1e-04,86,"invasive_age",1,0.480585673437141,1
1,2,1e-04,86,"invasive_income",0,-1.17906307545518e-08,0
1,2,1e-04,86,"invasive_child",0.3,0.137687101760269,1
1,2,1e-04,87,"ASC2_male",-0.3,-0.1170026023994,1
1,2,1e-04,87,"ASC2_age",0.1,0.00587064612754028,1
1,2,1e-04,87,"ASC2_income",-0.2,-0.0497111610405377,1
1,2,1e-04,87,"ASC2_child",0,-0.0962424488741626,1
1,2,1e-04,87,"ASC3_male",0,-9.20441652092917e-11,0
1,2,1e-04,87,"ASC3_age",0,-0.026996989182265,1
1,2,1e-04,87,"ASC3_income",0.3,0.175794606608646,1
1,2,1e-04,87,"ASC3_child",0.7,0.24310593942293,1
1,2,1e-04,87,"prot25_male",0,1.0458535377906e-07,0
1,2,1e-04,87,"prot25_age",0,1.90988950726881e-07,0
1,2,1e-04,87,"prot25_income",0.5,0.218494359809355,1
1,2,1e-04,87,"prot25_child",0,0.190675498728345,1
1,2,1e-04,87,"prot50_male",0,-1.25519412284993e-08,0
1,2,1e-04,87,"prot50_age",1,0.484527477447188,1
1,2,1e-04,87,"prot50_income",1.1,0.498665833819935,1
1,2,1e-04,87,"prot50_child",-0.7,-0.290495054988184,1
1,2,1e-04,87,"invasive_male",0,-0.0668247033461611,1
1,2,1e-04,87,"invasive_age",-1.1,-0.542066698658718,1
1,2,1e-04,87,"invasive_income",0,3.79021431207606e-08,0
1,2,1e-04,87,"invasive_child",0,4.90858620780635e-08,0
1,2,1e-04,88,"ASC2_male",0,-8.39230835854356e-09,0
1,2,1e-04,88,"ASC2_age",0.5,0.239716676548235,1
1,2,1e-04,88,"ASC2_income",-1,-0.572011313847037,1
1,2,1e-04,88,"ASC2_child",0,-0.147139296525843,1
1,2,1e-04,88,"ASC3_male",0,-4.77127772458708e-09,0
1,2,1e-04,88,"ASC3_age",0,-2.22136270209452e-09,0
1,2,1e-04,88,"ASC3_income",-0.6,-0.321488295109651,1
1,2,1e-04,88,"ASC3_child",1.1,0.430059382494636,1
1,2,1e-04,88,"prot25_male",0.8,0.459984885653254,1
1,2,1e-04,88,"prot25_age",0.3,0.157917523204491,1
1,2,1e-04,88,"prot25_income",-0.5,-0.224552966358902,1
1,2,1e-04,88,"prot25_child",-1,-0.383942717303999,1
1,2,1e-04,88,"prot50_male",-0.2,-1.30201938298588e-08,0
1,2,1e-04,88,"prot50_age",0,0.0335020826211394,1
1,2,1e-04,88,"prot50_income",-0.3,-0.13255355356674,1
1,2,1e-04,88,"prot50_child",0,-9.54226030637071e-09,0
1,2,1e-04,88,"invasive_male",0,0.0112557661130005,1
1,2,1e-04,88,"invasive_age",0,-0.0364106786085811,1
1,2,1e-04,88,"invasive_income",0,-4.96611663005229e-09,0
1,2,1e-04,88,"invasive_child",0,9.93278926236055e-09,0
1,2,1e-04,89,"ASC2_male",0,-0.0489763392402865,1
1,2,1e-04,89,"ASC2_age",0.3,0.113574878979025,1
1,2,1e-04,89,"ASC2_income",0,8.80728716069418e-07,0
1,2,1e-04,89,"ASC2_child",0,-5.00152909344529e-08,0
1,2,1e-04,89,"ASC3_male",0,-3.89162969785616e-09,0
1,2,1e-04,89,"ASC3_age",0.8,0.317336008068846,1
1,2,1e-04,89,"ASC3_income",0,-6.02108186880608e-08,0
1,2,1e-04,89,"ASC3_child",1,0.344906279711228,1
1,2,1e-04,89,"prot25_male",0.7,0.36804336258697,1
1,2,1e-04,89,"prot25_age",0,0.055998766661625,1
1,2,1e-04,89,"prot25_income",0,-9.34106291173085e-09,0
1,2,1e-04,89,"prot25_child",-0.2,-2.77500304765982e-10,0
1,2,1e-04,89,"prot50_male",-0.6,-0.383044287120694,1
1,2,1e-04,89,"prot50_age",0.2,0.144411668803875,1
1,2,1e-04,89,"prot50_income",0.1,0.0127901348230437,1
1,2,1e-04,89,"prot50_child",0,-7.5287302891303e-10,0
1,2,1e-04,89,"invasive_male",0,-0.0715652447915962,1
1,2,1e-04,89,"invasive_age",0,-0.0239012503852368,1
1,2,1e-04,89,"invasive_income",0.7,0.361903528441364,1
1,2,1e-04,89,"invasive_child",0.6,0.21108070434732,1
1,2,1e-04,90,"ASC2_male",0,-0.0629857759852432,1
1,2,1e-04,90,"ASC2_age",0.5,0.230367791007065,1
1,2,1e-04,90,"ASC2_income",0.8,0.67697607242257,1
1,2,1e-04,90,"ASC2_child",0.3,0.00203379264086552,1
1,2,1e-04,90,"ASC3_male",0,0.0236778932274858,1
1,2,1e-04,90,"ASC3_age",0.3,0.104264161135455,1
1,2,1e-04,90,"ASC3_income",-1.1,-0.405399967286097,1
1,2,1e-04,90,"ASC3_child",0,-0.123948076985318,1
1,2,1e-04,90,"prot25_male",0,0.102689792456425,1
1,2,1e-04,90,"prot25_age",1.2,0.641905902717444,1
1,2,1e-04,90,"prot25_income",0.4,0.104708660439009,1
1,2,1e-04,90,"prot25_child",0,0.112179551550188,1
1,2,1e-04,90,"prot50_male",-0.8,-0.23727809349445,1
1,2,1e-04,90,"prot50_age",0.4,0.218241400967207,1
1,2,1e-04,90,"prot50_income",-0.1,-0.229026771116679,1
1,2,1e-04,90,"prot50_child",0,0.152174198546093,1
1,2,1e-04,90,"invasive_male",0,-0.0220682598874653,1
1,2,1e-04,90,"invasive_age",0,-0.0181715897727398,1
1,2,1e-04,90,"invasive_income",0,0.0727026277809879,1
1,2,1e-04,90,"invasive_child",0,-0.0231459233985269,1
1,2,1e-04,91,"ASC2_male",0,0.0540372931083322,1
1,2,1e-04,91,"ASC2_age",-0.4,-0.270629605844082,1
1,2,1e-04,91,"ASC2_income",0.3,0.224045345669455,1
1,2,1e-04,91,"ASC2_child",-0.2,-0.301656061840168,1
1,2,1e-04,91,"ASC3_male",0,0.134238713416102,1
1,2,1e-04,91,"ASC3_age",0.2,0.0416236888029,1
1,2,1e-04,91,"ASC3_income",-0.3,-0.122110835644452,1
1,2,1e-04,91,"ASC3_child",-0.8,-0.575677149415124,1
1,2,1e-04,91,"prot25_male",0,-0.106907212164987,1
1,2,1e-04,91,"prot25_age",0,-0.0504925548223401,1
1,2,1e-04,91,"prot25_income",0.8,0.373860657031315,1
1,2,1e-04,91,"prot25_child",0,0.0687935371363706,1
1,2,1e-04,91,"prot50_male",0.3,0.0553306921137045,1
1,2,1e-04,91,"prot50_age",0,-0.0247986946668177,1
1,2,1e-04,91,"prot50_income",0,0.0225960847365735,1
1,2,1e-04,91,"prot50_child",0,-0.0886212701444514,1
1,2,1e-04,91,"invasive_male",0,-0.011489962275933,1
1,2,1e-04,91,"invasive_age",-0.2,-0.198908781338829,1
1,2,1e-04,91,"invasive_income",-0.5,-0.227199414054331,1
1,2,1e-04,91,"invasive_child",0,-0.261692309684624,1
1,2,1e-04,92,"ASC2_male",-0.5,-0.318062468120609,1
1,2,1e-04,92,"ASC2_age",1,0.490228275492048,1
1,2,1e-04,92,"ASC2_income",0,0.00133200690662709,1
1,2,1e-04,92,"ASC2_child",0,-0.202285376039835,1
1,2,1e-04,92,"ASC3_male",0,-0.0483550751356301,1
1,2,1e-04,92,"ASC3_age",0,-0.0212489475594266,1
1,2,1e-04,92,"ASC3_income",0,3.21403693857226e-08,0
1,2,1e-04,92,"ASC3_child",0.3,0.0294672756476553,1
1,2,1e-04,92,"prot25_male",-1.1,-0.534484176642669,1
1,2,1e-04,92,"prot25_age",0,0.0544844194595622,1
1,2,1e-04,92,"prot25_income",-1.2,-0.677443377760671,1
1,2,1e-04,92,"prot25_child",0,0.0186232497373201,1
1,2,1e-04,92,"prot50_male",-0.4,-0.107602620322736,1
1,2,1e-04,92,"prot50_age",-0.6,-0.298124812464821,1
1,2,1e-04,92,"prot50_income",0,-0.0250211905843307,1
1,2,1e-04,92,"prot50_child",0.8,0.459853246676516,1
1,2,1e-04,92,"invasive_male",0,-7.05467455278808e-09,0
1,2,1e-04,92,"invasive_age",0,0.0144327455506002,1
1,2,1e-04,92,"invasive_income",0.7,0.339483790889305,1
1,2,1e-04,92,"invasive_child",0.9,0.34878224677032,1
1,2,1e-04,93,"ASC2_male",0,-0.0126621938824312,1
1,2,1e-04,93,"ASC2_age",-0.9,-0.304185086581137,1
1,2,1e-04,93,"ASC2_income",0,-0.00898572611799122,1
1,2,1e-04,93,"ASC2_child",-0.4,-0.0840906813382078,1
1,2,1e-04,93,"ASC3_male",0,-0.0762787370473589,1
1,2,1e-04,93,"ASC3_age",-1.1,-0.412622798751551,1
1,2,1e-04,93,"ASC3_income",0,1.37691095844325e-11,0
1,2,1e-04,93,"ASC3_child",-1,-0.321906136356069,1
1,2,1e-04,93,"prot25_male",0,0.0699905231538193,1
1,2,1e-04,93,"prot25_age",0,-0.0866236475049246,1
1,2,1e-04,93,"prot25_income",0.4,0.167360401070499,1
1,2,1e-04,93,"prot25_child",1.1,0.407353558602027,1
1,2,1e-04,93,"prot50_male",0,0.0486721194297644,1
1,2,1e-04,93,"prot50_age",0.2,0.0097173769235588,1
1,2,1e-04,93,"prot50_income",1.2,0.53483820090314,1
1,2,1e-04,93,"prot50_child",-1.1,-0.629921189359044,1
1,2,1e-04,93,"invasive_male",0,-0.0896849500997186,1
1,2,1e-04,93,"invasive_age",0,0.101766578550296,1
1,2,1e-04,93,"invasive_income",0,0.00011650325005152,1
1,2,1e-04,93,"invasive_child",-0.2,-0.0916759690962085,1
1,2,1e-04,94,"ASC2_male",-0.2,0.0253639031101584,1
1,2,1e-04,94,"ASC2_age",0,-0.0296452442554471,1
1,2,1e-04,94,"ASC2_income",-0.2,0.0416075241807662,1
1,2,1e-04,94,"ASC2_child",0.3,0.123273902774497,1
1,2,1e-04,94,"ASC3_male",-0.1,0.0256723515690816,1
1,2,1e-04,94,"ASC3_age",0,0.0186839108168556,1
1,2,1e-04,94,"ASC3_income",-1.2,-0.511540807427128,1
1,2,1e-04,94,"ASC3_child",-0.5,-0.21712230784585,1
1,2,1e-04,94,"prot25_male",0,-0.186129743557399,1
1,2,1e-04,94,"prot25_age",0,0.0366037795387492,1
1,2,1e-04,94,"prot25_income",0,-0.0827779352438691,1
1,2,1e-04,94,"prot25_child",0,0.0368689574595871,1
1,2,1e-04,94,"prot50_male",0,-0.131759854688131,1
1,2,1e-04,94,"prot50_age",0,0.0335769111894598,1
1,2,1e-04,94,"prot50_income",-0.6,-0.402517348212915,1
1,2,1e-04,94,"prot50_child",0,0.035301271417623,1
1,2,1e-04,94,"invasive_male",0,-0.0413358880180791,1
1,2,1e-04,94,"invasive_age",1,0.531954047278889,1
1,2,1e-04,94,"invasive_income",0.8,0.397803958017368,1
1,2,1e-04,94,"invasive_child",0.6,0.243939296498731,1
1,2,1e-04,95,"ASC2_male",-0.4,-0.158676305906716,1
1,2,1e-04,95,"ASC2_age",-0.5,-0.164570716074028,1
1,2,1e-04,95,"ASC2_income",0,-6.25637878298025e-07,0
1,2,1e-04,95,"ASC2_child",-0.7,-0.167269117673878,1
1,2,1e-04,95,"ASC3_male",-1.1,-0.485253940705449,1
1,2,1e-04,95,"ASC3_age",0,-0.00662020291806076,1
1,2,1e-04,95,"ASC3_income",0,-0.0196085762972356,1
1,2,1e-04,95,"ASC3_child",0,-4.27256188194869e-10,0
1,2,1e-04,95,"prot25_male",-0.9,-0.446874403735309,1
1,2,1e-04,95,"prot25_age",0,-0.0398544698460466,1
1,2,1e-04,95,"prot25_income",0,-0.0172660110568911,1
1,2,1e-04,95,"prot25_child",0.5,0.012222849006399,1
1,2,1e-04,95,"prot50_male",0.3,0.128545862970762,1
1,2,1e-04,95,"prot50_age",0.7,0.282289491890594,1
1,2,1e-04,95,"prot50_income",0,-0.0212173769792428,1
1,2,1e-04,95,"prot50_child",0.6,5.65500467894385e-07,0
1,2,1e-04,95,"invasive_male",0,0.0609863544395478,1
1,2,1e-04,95,"invasive_age",0,-1.21019523492875e-06,0
1,2,1e-04,95,"invasive_income",0,0.0422514206849404,1
1,2,1e-04,95,"invasive_child",0.5,-5.14243248516253e-08,0
1,2,1e-04,96,"ASC2_male",-0.1,-0.0640377309987863,1
1,2,1e-04,96,"ASC2_age",0.2,0.0815410661549594,1
1,2,1e-04,96,"ASC2_income",0,0.0496954361722764,1
1,2,1e-04,96,"ASC2_child",-0.4,-0.16618756237163,1
1,2,1e-04,96,"ASC3_male",0,-1.50203061642903e-07,0
1,2,1e-04,96,"ASC3_age",0,-0.0587912440753429,1
1,2,1e-04,96,"ASC3_income",-0.6,-0.275006385471226,1
1,2,1e-04,96,"ASC3_child",0.6,0.29148114343466,1
1,2,1e-04,96,"prot25_male",0.3,-2.5805045623846e-09,0
1,2,1e-04,96,"prot25_age",0,-0.00156695307981848,1
1,2,1e-04,96,"prot25_income",0,0.0443791988549116,1
1,2,1e-04,96,"prot25_child",-0.8,-0.362375489253403,1
1,2,1e-04,96,"prot50_male",0.3,0.126012538928341,1
1,2,1e-04,96,"prot50_age",1.2,0.663566459313648,1
1,2,1e-04,96,"prot50_income",0,-0.0364395176536435,1
1,2,1e-04,96,"prot50_child",0,0.0872234215369068,1
1,2,1e-04,96,"invasive_male",0,-6.98796353786014e-07,0
1,2,1e-04,96,"invasive_age",0,0.00135958238891025,1
1,2,1e-04,96,"invasive_income",0,-3.80272546936593e-09,0
1,2,1e-04,96,"invasive_child",0.6,0.457891908262682,1
1,2,1e-04,97,"ASC2_male",0.8,0.392103098399049,1
1,2,1e-04,97,"ASC2_age",0,0.0616476263864876,1
1,2,1e-04,97,"ASC2_income",-1.1,-0.425977281962561,1
1,2,1e-04,97,"ASC2_child",0.9,0.475905047574759,1
1,2,1e-04,97,"ASC3_male",0.5,0.297439044593018,1
1,2,1e-04,97,"ASC3_age",0,0.0727291288445993,1
1,2,1e-04,97,"ASC3_income",0,0.0869688110189945,1
1,2,1e-04,97,"ASC3_child",0,0.044126098631572,1
1,2,1e-04,97,"prot25_male",-0.4,-0.203501863566981,1
1,2,1e-04,97,"prot25_age",0,-0.0218156598824557,1
1,2,1e-04,97,"prot25_income",0,0.00403798798780508,1
1,2,1e-04,97,"prot25_child",0,-0.00800236441588721,1
1,2,1e-04,97,"prot50_male",0.4,0.125954067277797,1
1,2,1e-04,97,"prot50_age",1.2,0.677034904001052,1
1,2,1e-04,97,"prot50_income",-0.4,-0.202460665840668,1
1,2,1e-04,97,"prot50_child",0.3,0.149110170231851,1
1,2,1e-04,97,"invasive_male",0,-0.0926215182176431,1
1,2,1e-04,97,"invasive_age",0,0.0708603660636723,1
1,2,1e-04,97,"invasive_income",0,0.0572294858774873,1
1,2,1e-04,97,"invasive_child",-0.8,-0.265803206528245,1
1,2,1e-04,98,"ASC2_male",0,-5.35840632254172e-08,0
1,2,1e-04,98,"ASC2_age",0.8,0.368924392292526,1
1,2,1e-04,98,"ASC2_income",0,-0.0147339106364709,1
1,2,1e-04,98,"ASC2_child",0.1,-1.17711877074937e-08,0
1,2,1e-04,98,"ASC3_male",1.2,0.534739590875506,1
1,2,1e-04,98,"ASC3_age",-0.7,-0.323481079053466,1
1,2,1e-04,98,"ASC3_income",-0.6,-0.334494465084266,1
1,2,1e-04,98,"ASC3_child",-0.2,-2.43904382948285e-09,0
1,2,1e-04,98,"prot25_male",0,0.0031977231497534,1
1,2,1e-04,98,"prot25_age",0,-5.09378813845577e-09,0
1,2,1e-04,98,"prot25_income",0,-5.36605578174826e-09,0
1,2,1e-04,98,"prot25_child",0.7,0.391740711630032,1
1,2,1e-04,98,"prot50_male",0.5,0.298699226176969,1
1,2,1e-04,98,"prot50_age",-0.7,-0.368200941129518,1
1,2,1e-04,98,"prot50_income",-1.2,-0.539511964117457,1
1,2,1e-04,98,"prot50_child",0,0.0726520931393772,1
1,2,1e-04,98,"invasive_male",0,-1.28208236879684e-08,0
1,2,1e-04,98,"invasive_age",0,-1.4358895621397e-07,0
1,2,1e-04,98,"invasive_income",0,0.0391264852054527,1
1,2,1e-04,98,"invasive_child",0,-0.00164665446505321,1
1,2,1e-04,99,"ASC2_male",0.5,0.339951903833349,1
1,2,1e-04,99,"ASC2_age",0,-0.0310226648307006,1
1,2,1e-04,99,"ASC2_income",0.7,0.265890613856025,1
1,2,1e-04,99,"ASC2_child",1.1,0.391766035205779,1
1,2,1e-04,99,"ASC3_male",0,-9.95524469224874e-09,0
1,2,1e-04,99,"ASC3_age",1.2,0.576520128032819,1
1,2,1e-04,99,"ASC3_income",0,1.0394788361604e-06,0
1,2,1e-04,99,"ASC3_child",0,-0.102714605325826,1
1,2,1e-04,99,"prot25_male",0.3,0.0797953536891178,1
1,2,1e-04,99,"prot25_age",0.9,0.447543430489026,1
1,2,1e-04,99,"prot25_income",0,0.0430488842846005,1
1,2,1e-04,99,"prot25_child",0,-7.48450343038935e-07,0
1,2,1e-04,99,"prot50_male",0,-0.00648765675036876,1
1,2,1e-04,99,"prot50_age",0,-0.028002560977105,1
1,2,1e-04,99,"prot50_income",0,-0.0219318779496832,1
1,2,1e-04,99,"prot50_child",1.1,0.429286053582221,1
1,2,1e-04,99,"invasive_male",0,-1.5494735818316e-06,0
1,2,1e-04,99,"invasive_age",0.1,0.0270346946072801,1
1,2,1e-04,99,"invasive_income",1.2,0.527577715619853,1
1,2,1e-04,99,"invasive_child",1.2,0.307210099618136,1
1,2,1e-04,100,"ASC2_male",0,-0.0276198106104713,1
1,2,1e-04,100,"ASC2_age",0,0.0026204729694384,1
1,2,1e-04,100,"ASC2_income",-1,-0.411971877010381,1
1,2,1e-04,100,"ASC2_child",0,-2.5710100361493e-07,0
1,2,1e-04,100,"ASC3_male",0,-1.99776867861956e-08,0
1,2,1e-04,100,"ASC3_age",-0.4,-0.191882420750314,1
1,2,1e-04,100,"ASC3_income",-0.7,-0.272813644273067,1
1,2,1e-04,100,"ASC3_child",-0.8,-0.315441025091408,1
1,2,1e-04,100,"prot25_male",1,0.448857659123711,1
1,2,1e-04,100,"prot25_age",0,-0.0109075427779762,1
1,2,1e-04,100,"prot25_income",0,0.052796154316114,1
1,2,1e-04,100,"prot25_child",0,7.00062946766161e-09,0
1,2,1e-04,100,"prot50_male",1.1,0.51880056284539,1
1,2,1e-04,100,"prot50_age",-0.3,-0.112874375386717,1
1,2,1e-04,100,"prot50_income",0,0.0169410968156462,1
1,2,1e-04,100,"prot50_child",-0.1,-0.103825573586528,1
1,2,1e-04,100,"invasive_male",0,0.0941509906348523,1
1,2,1e-04,100,"invasive_age",0,0.0389465333142898,1
1,2,1e-04,100,"invasive_income",0.9,0.497168887850383,1
1,2,1e-04,100,"invasive_child",-0.2,-0.0480237157258984,1
1,2,0.001,1,"ASC2_male",0,6.35557911576386e-07,0
1,2,0.001,1,"ASC2_age",0.6,0.251666269413172,1
1,2,0.001,1,"ASC2_income",0,-0.00507818750834574,1
1,2,0.001,1,"ASC2_child",0,-1.0071798526641e-06,0
1,2,0.001,1,"ASC3_male",0,2.17213198361164e-07,0
1,2,0.001,1,"ASC3_age",-1,-0.496458805862328,1
1,2,0.001,1,"ASC3_income",0,0.0238551134852089,1
1,2,0.001,1,"ASC3_child",0.2,0.151814956606145,1
1,2,0.001,1,"prot25_male",0,0.104842937840765,1
1,2,0.001,1,"prot25_age",-1,-0.480919223290908,1
1,2,0.001,1,"prot25_income",0,-1.44330972553817e-08,0
1,2,0.001,1,"prot25_child",1.1,0.392166671124707,1
1,2,0.001,1,"prot50_male",-0.2,-5.71459332082108e-10,0
1,2,0.001,1,"prot50_age",0.5,0.299978580346702,1
1,2,0.001,1,"prot50_income",0.6,0.296105058157288,1
1,2,0.001,1,"prot50_child",0,-4.98245586056377e-08,0
1,2,0.001,1,"invasive_male",-0.2,-0.00950876234730521,1
1,2,0.001,1,"invasive_age",0,0.0139194017774727,1
1,2,0.001,1,"invasive_income",-0.3,-0.0872713679697799,1
1,2,0.001,1,"invasive_child",0,-5.80999571941908e-08,0
1,2,0.001,2,"ASC2_male",0.2,0.0287649975934593,1
1,2,0.001,2,"ASC2_age",0,-0.00220386435042626,1
1,2,0.001,2,"ASC2_income",0.2,0.13673419806165,1
1,2,0.001,2,"ASC2_child",0,1.35234743539677e-08,0
1,2,0.001,2,"ASC3_male",-0.2,-0.0874484135076648,1
1,2,0.001,2,"ASC3_age",0,-5.07474804478495e-09,0
1,2,0.001,2,"ASC3_income",0.9,0.436419585803671,1
1,2,0.001,2,"ASC3_child",0,0.0213422891352863,1
1,2,0.001,2,"prot25_male",0,-1.38272108802952e-08,0
1,2,0.001,2,"prot25_age",-0.4,-0.162974994450288,1
1,2,0.001,2,"prot25_income",0,-1.11013031325342e-07,0
1,2,0.001,2,"prot25_child",-0.9,-0.271918431603004,1
1,2,0.001,2,"prot50_male",0,5.80608219924966e-08,0
1,2,0.001,2,"prot50_age",-1,-0.511417847150392,1
1,2,0.001,2,"prot50_income",0,0.0403002127834724,1
1,2,0.001,2,"prot50_child",0,0.106956952684537,1
1,2,0.001,2,"invasive_male",0.7,0.331736630826588,1
1,2,0.001,2,"invasive_age",0,-5.67344534461121e-09,0
1,2,0.001,2,"invasive_income",-0.2,-0.0330512523672995,1
1,2,0.001,2,"invasive_child",-1,-0.284971845463267,1
1,2,0.001,3,"ASC2_male",0,0.045773904461407,1
1,2,0.001,3,"ASC2_age",0.4,0.128135825466126,1
1,2,0.001,3,"ASC2_income",-0.7,-0.314767642730002,1
1,2,0.001,3,"ASC2_child",0,-0.0814558823564286,1
1,2,0.001,3,"ASC3_male",0,3.87172409661161e-08,0
1,2,0.001,3,"ASC3_age",0,-0.00929780921699077,1
1,2,0.001,3,"ASC3_income",0,0.0731638086551195,1
1,2,0.001,3,"ASC3_child",0,0.0451128853848997,1
1,2,0.001,3,"prot25_male",0.3,0.00743394066783917,1
1,2,0.001,3,"prot25_age",-0.9,-0.421062061779387,1
1,2,0.001,3,"prot25_income",0,0.0260883033829348,1
1,2,0.001,3,"prot25_child",-0.3,-0.205654128663011,1
1,2,0.001,3,"prot50_male",0,-0.0330730274313889,1
1,2,0.001,3,"prot50_age",0,0.0629934644169531,1
1,2,0.001,3,"prot50_income",0.2,0.112198427416206,1
1,2,0.001,3,"prot50_child",0,0.000141253618037206,0
1,2,0.001,3,"invasive_male",-0.4,-0.20738961640142,1
1,2,0.001,3,"invasive_age",1,0.498868816983834,1
1,2,0.001,3,"invasive_income",1.1,0.624559549774915,1
1,2,0.001,3,"invasive_child",1,0.566814600991559,1
1,2,0.001,4,"ASC2_male",0,0.0946893281195869,1
1,2,0.001,4,"ASC2_age",0.7,0.287541148083448,1
1,2,0.001,4,"ASC2_income",0.6,0.177277789554933,1
1,2,0.001,4,"ASC2_child",1,0.513472511145368,1
1,2,0.001,4,"ASC3_male",0,0.0652267365270813,1
1,2,0.001,4,"ASC3_age",0,-0.0587784584003087,1
1,2,0.001,4,"ASC3_income",0,-0.0891868210532517,1
1,2,0.001,4,"ASC3_child",-1.2,-0.487569367605022,1
1,2,0.001,4,"prot25_male",0,-0.0862878077929627,1
1,2,0.001,4,"prot25_age",0,-0.00642098435744674,1
1,2,0.001,4,"prot25_income",0.6,0.370239180700307,1
1,2,0.001,4,"prot25_child",-0.2,-0.0405258497184097,1
1,2,0.001,4,"prot50_male",0,-0.0818173031467675,1
1,2,0.001,4,"prot50_age",0,0.00563800273836368,1
1,2,0.001,4,"prot50_income",0.3,0.159097431321887,1
1,2,0.001,4,"prot50_child",0,0.0122652174826085,1
1,2,0.001,4,"invasive_male",-0.5,-0.221431349121849,1
1,2,0.001,4,"invasive_age",-0.2,-0.144264298530574,1
1,2,0.001,4,"invasive_income",-0.6,-0.334630927714649,1
1,2,0.001,4,"invasive_child",0,0.0100990416391884,1
1,2,0.001,5,"ASC2_male",0,-0.274930017734047,1
1,2,0.001,5,"ASC2_age",0,-0.0170234521544432,1
1,2,0.001,5,"ASC2_income",-0.3,-0.152193667913118,1
1,2,0.001,5,"ASC2_child",0,-0.0244413217623616,1
1,2,0.001,5,"ASC3_male",0.7,0.159766691368401,1
1,2,0.001,5,"ASC3_age",0,1.35821128089001e-08,0
1,2,0.001,5,"ASC3_income",0,-3.6190871513805e-11,0
1,2,0.001,5,"ASC3_child",0.3,0.209970584196535,1
1,2,0.001,5,"prot25_male",0.5,0.403978543321182,1
1,2,0.001,5,"prot25_age",0,0.00848667508252579,1
1,2,0.001,5,"prot25_income",0,-0.00910084001777321,1
1,2,0.001,5,"prot25_child",0.5,0.166208475542424,1
1,2,0.001,5,"prot50_male",0.7,0.337140811881533,1
1,2,0.001,5,"prot50_age",0.7,0.378815087549108,1
1,2,0.001,5,"prot50_income",0,0.0191085811933657,1
1,2,0.001,5,"prot50_child",0,-0.031132043545767,1
1,2,0.001,5,"invasive_male",0.3,0.051091059448204,1
1,2,0.001,5,"invasive_age",0,0.0184860927937259,1
1,2,0.001,5,"invasive_income",-0.8,-0.376506240678208,1
1,2,0.001,5,"invasive_child",-0.2,-0.00718349650953553,1
1,2,0.001,6,"ASC2_male",1.2,0.515547773489121,1
1,2,0.001,6,"ASC2_age",0.5,0.282712121753577,1
1,2,0.001,6,"ASC2_income",-0.2,-0.101272786002638,1
1,2,0.001,6,"ASC2_child",0,0.00618369270714673,1
1,2,0.001,6,"ASC3_male",0,-0.0225322490978769,1
1,2,0.001,6,"ASC3_age",-0.5,-0.199395519272859,1
1,2,0.001,6,"ASC3_income",0,0.0256453811916624,1
1,2,0.001,6,"ASC3_child",0,-1.47706059527444e-06,0
1,2,0.001,6,"prot25_male",0.2,0.0794680654061206,1
1,2,0.001,6,"prot25_age",0,-0.0514325760322487,1
1,2,0.001,6,"prot25_income",0,0.0148737681782065,1
1,2,0.001,6,"prot25_child",0,0.0656800840290111,1
1,2,0.001,6,"prot50_male",1,0.49778579073862,1
1,2,0.001,6,"prot50_age",-0.5,-0.2191682357907,1
1,2,0.001,6,"prot50_income",0,-0.0657067737824977,1
1,2,0.001,6,"prot50_child",0,0.0646199718424848,1
1,2,0.001,6,"invasive_male",0.5,0.150081264638199,1
1,2,0.001,6,"invasive_age",-0.2,-0.0517273860296229,1
1,2,0.001,6,"invasive_income",0,-0.00304169372970135,1
1,2,0.001,6,"invasive_child",0.3,0.107677948554737,1
1,2,0.001,7,"ASC2_male",0.2,1.73421020237188e-08,0
1,2,0.001,7,"ASC2_age",0,-2.60970388077366e-08,0
1,2,0.001,7,"ASC2_income",0.8,0.288015154923475,1
1,2,0.001,7,"ASC2_child",0,4.22729446242749e-10,0
1,2,0.001,7,"ASC3_male",0.9,0.383904246205085,1
1,2,0.001,7,"ASC3_age",-1.2,-0.565826490460736,1
1,2,0.001,7,"ASC3_income",0.8,0.220211433186759,1
1,2,0.001,7,"ASC3_child",0,-1.38843260222835e-08,0
1,2,0.001,7,"prot25_male",-0.8,-0.18835659462316,1
1,2,0.001,7,"prot25_age",-0.5,-0.208322087345312,1
1,2,0.001,7,"prot25_income",0,0.0385180940573674,1
1,2,0.001,7,"prot25_child",0,0.0626875960926591,1
1,2,0.001,7,"prot50_male",0,0.143711890047858,1
1,2,0.001,7,"prot50_age",-0.9,-0.447763539999285,1
1,2,0.001,7,"prot50_income",-0.7,-0.355821802181197,1
1,2,0.001,7,"prot50_child",-0.8,-0.151944137021943,1
1,2,0.001,7,"invasive_male",0,-1.52088977176534e-07,0
1,2,0.001,7,"invasive_age",0,0.0137672286465864,1
1,2,0.001,7,"invasive_income",0,-0.0260282646464475,1
1,2,0.001,7,"invasive_child",0,-2.9384893719599e-09,0
1,2,0.001,8,"ASC2_male",0.5,0.144524311074569,1
1,2,0.001,8,"ASC2_age",0,-0.0104375475676833,1
1,2,0.001,8,"ASC2_income",0,3.33244379601092e-09,0
1,2,0.001,8,"ASC2_child",-0.5,-0.164107032323765,1
1,2,0.001,8,"ASC3_male",0,-7.65668582810655e-09,0
1,2,0.001,8,"ASC3_age",0.8,0.36026476462779,1
1,2,0.001,8,"ASC3_income",0,0.00297059488398832,1
1,2,0.001,8,"ASC3_child",0.6,0.244819357959251,1
1,2,0.001,8,"prot25_male",0,0.0407739704439785,1
1,2,0.001,8,"prot25_age",1.2,0.602544723848206,1
1,2,0.001,8,"prot25_income",0,0.0116859397122919,1
1,2,0.001,8,"prot25_child",1.1,0.649979035201825,1
1,2,0.001,8,"prot50_male",0,-1.44900359915269e-09,0
1,2,0.001,8,"prot50_age",0,0.00100805431889417,1
1,2,0.001,8,"prot50_income",0,0.00854850568875753,1
1,2,0.001,8,"prot50_child",-1,-0.25218187706918,1
1,2,0.001,8,"invasive_male",0,-6.72131965042487e-09,0
1,2,0.001,8,"invasive_age",-0.3,-0.158810209764324,1
1,2,0.001,8,"invasive_income",0.3,0.15533336724924,1
1,2,0.001,8,"invasive_child",-0.9,-0.270983386440127,1
1,2,0.001,9,"ASC2_male",0,-1.16580246587801e-08,0
1,2,0.001,9,"ASC2_age",0.5,0.235237104698215,1
1,2,0.001,9,"ASC2_income",0.5,0.252720380455449,1
1,2,0.001,9,"ASC2_child",0,-3.45654630389203e-09,0
1,2,0.001,9,"ASC3_male",0,-9.78478422882058e-09,0
1,2,0.001,9,"ASC3_age",0,-0.0378383417614294,1
1,2,0.001,9,"ASC3_income",0,0.0399838132667736,1
1,2,0.001,9,"ASC3_child",-0.3,-0.120226255560163,1
1,2,0.001,9,"prot25_male",0.7,0.363991132489206,1
1,2,0.001,9,"prot25_age",0.4,0.15769365467657,1
1,2,0.001,9,"prot25_income",0,-1.02278199185358e-08,0
1,2,0.001,9,"prot25_child",0.3,-1.89907913995796e-09,0
1,2,0.001,9,"prot50_male",-0.2,-1.19974222566644e-08,0
1,2,0.001,9,"prot50_age",-1,-0.550230755117192,1
1,2,0.001,9,"prot50_income",0,-1.38072602757496e-08,0
1,2,0.001,9,"prot50_child",-0.8,-0.281409966054778,1
1,2,0.001,9,"invasive_male",0,3.86138001132944e-09,0
1,2,0.001,9,"invasive_age",1,0.425929149652005,1
1,2,0.001,9,"invasive_income",0,0.0130492321566836,1
1,2,0.001,9,"invasive_child",0,-0.0153899596775891,1
1,2,0.001,10,"ASC2_male",0,-0.0997868678623774,1
1,2,0.001,10,"ASC2_age",-1,-0.511929927947566,1
1,2,0.001,10,"ASC2_income",0,0.015965437575876,1
1,2,0.001,10,"ASC2_child",0,1.17959634045179e-07,0
1,2,0.001,10,"ASC3_male",0.7,0.182352788984592,1
1,2,0.001,10,"ASC3_age",0,8.31413802265326e-10,0
1,2,0.001,10,"ASC3_income",0,-2.79585216114836e-09,0
1,2,0.001,10,"ASC3_child",0,-0.000893776817708944,0
1,2,0.001,10,"prot25_male",-1,-0.424017739143202,1
1,2,0.001,10,"prot25_age",1.1,0.589317887238643,1
1,2,0.001,10,"prot25_income",-0.7,-0.336035861911191,1
1,2,0.001,10,"prot25_child",-0.3,-6.49331131937422e-08,0
1,2,0.001,10,"prot50_male",0,0.0731454539783941,1
1,2,0.001,10,"prot50_age",0,0.0122894561443963,1
1,2,0.001,10,"prot50_income",0,0.0491254080809306,1
1,2,0.001,10,"prot50_child",0,-1.95442521940403e-10,0
1,2,0.001,10,"invasive_male",0.2,0.00731442858838741,1
1,2,0.001,10,"invasive_age",0.6,0.331687022791566,1
1,2,0.001,10,"invasive_income",-0.4,-0.179273289438112,1
1,2,0.001,10,"invasive_child",-0.3,-0.0295825005656807,1
1,2,0.001,11,"ASC2_male",1.1,0.358090028301336,1
1,2,0.001,11,"ASC2_age",0,0.058314792408231,1
1,2,0.001,11,"ASC2_income",0.1,-0.0489712128988732,1
1,2,0.001,11,"ASC2_child",0,0.0847528836027567,1
1,2,0.001,11,"ASC3_male",0.6,0.123118521100389,1
1,2,0.001,11,"ASC3_age",-1,-0.449178498795435,1
1,2,0.001,11,"ASC3_income",0.9,0.356524417087729,1
1,2,0.001,11,"ASC3_child",-0.8,-0.306904286387845,1
1,2,0.001,11,"prot25_male",-0.9,-0.389403068776024,1
1,2,0.001,11,"prot25_age",0,-0.062233197436266,1
1,2,0.001,11,"prot25_income",0,0.00998728661949559,1
1,2,0.001,11,"prot25_child",0,0.10641282903342,1
1,2,0.001,11,"prot50_male",0,-7.12812420990965e-11,0
1,2,0.001,11,"prot50_age",0,-0.0461363824963922,1
1,2,0.001,11,"prot50_income",0,0.0540653607465604,1
1,2,0.001,11,"prot50_child",0,-0.0862379854292611,1
1,2,0.001,11,"invasive_male",-0.7,-0.449040787566959,1
1,2,0.001,11,"invasive_age",0,0.0208276402560001,1
1,2,0.001,11,"invasive_income",1,0.443839597531784,1
1,2,0.001,11,"invasive_child",-1.2,-0.628890539925139,1
1,2,0.001,12,"ASC2_male",0,-2.1309363851261e-08,0
1,2,0.001,12,"ASC2_age",-0.4,-0.23856166759125,1
1,2,0.001,12,"ASC2_income",-0.6,-0.360935915809766,1
1,2,0.001,12,"ASC2_child",-1.2,-0.491314122266342,1
1,2,0.001,12,"ASC3_male",-0.7,-0.488771486570626,1
1,2,0.001,12,"ASC3_age",0.4,0.222400344890153,1
1,2,0.001,12,"ASC3_income",0,-0.0599889587224083,1
1,2,0.001,12,"ASC3_child",0,1.02352092650267e-07,0
1,2,0.001,12,"prot25_male",0,0.128690378327352,1
1,2,0.001,12,"prot25_age",0,-3.22520219564537e-06,0
1,2,0.001,12,"prot25_income",0,-0.010627773030427,1
1,2,0.001,12,"prot25_child",1,0.616784373493564,1
1,2,0.001,12,"prot50_male",-0.6,-0.183073992074266,1
1,2,0.001,12,"prot50_age",0,0.032469885516469,1
1,2,0.001,12,"prot50_income",0,-0.00115712249233286,1
1,2,0.001,12,"prot50_child",0,0.0165307459169094,1
1,2,0.001,12,"invasive_male",0,0.0115489807107298,1
1,2,0.001,12,"invasive_age",0.6,0.33217389500841,1
1,2,0.001,12,"invasive_income",0.6,0.233606992756507,1
1,2,0.001,12,"invasive_child",-0.8,-0.355569071266428,1
1,2,0.001,13,"ASC2_male",-0.4,-0.09220995709781,1
1,2,0.001,13,"ASC2_age",0,0.00666312644518886,1
1,2,0.001,13,"ASC2_income",0,-0.0342604990056619,1
1,2,0.001,13,"ASC2_child",0,-5.14093419303572e-07,0
1,2,0.001,13,"ASC3_male",-0.4,-0.0472997513767965,1
1,2,0.001,13,"ASC3_age",-0.3,-0.151109428127471,1
1,2,0.001,13,"ASC3_income",-0.3,-0.23329120746421,1
1,2,0.001,13,"ASC3_child",0,0.039377794980079,1
1,2,0.001,13,"prot25_male",0,-6.85654125372518e-10,0
1,2,0.001,13,"prot25_age",-0.4,-0.204706587502051,1
1,2,0.001,13,"prot25_income",-1,-0.468656841521887,1
1,2,0.001,13,"prot25_child",0,-1.18994290450051e-08,0
1,2,0.001,13,"prot50_male",-0.6,-0.322331219328462,1
1,2,0.001,13,"prot50_age",0,-5.7630168057595e-07,0
1,2,0.001,13,"prot50_income",0,-0.0153308855724161,1
1,2,0.001,13,"prot50_child",0,0.0443998885744927,1
1,2,0.001,13,"invasive_male",-0.2,-7.47533610720376e-08,0
1,2,0.001,13,"invasive_age",1,0.499641264523645,1
1,2,0.001,13,"invasive_income",0.5,0.110045653174244,1
1,2,0.001,13,"invasive_child",0,-1.8201836004383e-08,0
1,2,0.001,14,"ASC2_male",1.1,0.586575046022699,1
1,2,0.001,14,"ASC2_age",0,0.0233386653958559,1
1,2,0.001,14,"ASC2_income",0,-0.0867602335685491,1
1,2,0.001,14,"ASC2_child",0.9,0.396267604550225,1
1,2,0.001,14,"ASC3_male",-0.6,-0.188982018486944,1
1,2,0.001,14,"ASC3_age",0,-0.0189188092441128,1
1,2,0.001,14,"ASC3_income",0.9,0.350473659237163,1
1,2,0.001,14,"ASC3_child",0,-2.5627140633108e-09,0
1,2,0.001,14,"prot25_male",0,0.0121909711936698,1
1,2,0.001,14,"prot25_age",0,-1.19064632702538e-05,0
1,2,0.001,14,"prot25_income",0,0.004456859197927,1
1,2,0.001,14,"prot25_child",0,0.0627539926098276,1
1,2,0.001,14,"prot50_male",0,0.017523063675254,1
1,2,0.001,14,"prot50_age",1,0.475064027412581,1
1,2,0.001,14,"prot50_income",0,-0.0123743427621997,1
1,2,0.001,14,"prot50_child",-0.9,-0.273377368000718,1
1,2,0.001,14,"invasive_male",0.3,0.0113861042463598,1
1,2,0.001,14,"invasive_age",-0.8,-0.380959396833002,1
1,2,0.001,14,"invasive_income",0.6,0.25737265633014,1
1,2,0.001,14,"invasive_child",-0.4,5.64008380619665e-09,0
1,2,0.001,15,"ASC2_male",-0.9,-0.310816156962031,1
1,2,0.001,15,"ASC2_age",1.2,0.595047436878051,1
1,2,0.001,15,"ASC2_income",0,-0.0218052557810933,1
1,2,0.001,15,"ASC2_child",-0.4,-0.112937711037113,1
1,2,0.001,15,"ASC3_male",-0.6,-0.154576741162564,1
1,2,0.001,15,"ASC3_age",0,-1.95127123984165e-06,0
1,2,0.001,15,"ASC3_income",0,-4.71044098603639e-06,0
1,2,0.001,15,"ASC3_child",0.9,0.39047967589251,1
1,2,0.001,15,"prot25_male",0,4.28545579759234e-05,0
1,2,0.001,15,"prot25_age",0.7,0.343622112926629,1
1,2,0.001,15,"prot25_income",-0.3,-0.147850184849843,1
1,2,0.001,15,"prot25_child",0.5,0.0651910649185115,1
1,2,0.001,15,"prot50_male",0,-3.75527784693501e-08,0
1,2,0.001,15,"prot50_age",-0.5,-0.248096851744162,1
1,2,0.001,15,"prot50_income",0,0.0180670810344729,1
1,2,0.001,15,"prot50_child",0.2,-1.5861524455738e-07,0
1,2,0.001,15,"invasive_male",0,4.93562445296267e-07,0
1,2,0.001,15,"invasive_age",0,3.334385883748e-06,0
1,2,0.001,15,"invasive_income",0,-2.79181760784521e-06,0
1,2,0.001,15,"invasive_child",0,0.0317977164873911,1
1,2,0.001,16,"ASC2_male",0,-0.00422943287074036,1
1,2,0.001,16,"ASC2_age",-0.6,-0.289838716090415,1
1,2,0.001,16,"ASC2_income",0,-0.0106376499971771,1
1,2,0.001,16,"ASC2_child",-0.8,-0.232834979339237,1
1,2,0.001,16,"ASC3_male",0,0.0352281508050043,1
1,2,0.001,16,"ASC3_age",-0.8,-0.363571549350003,1
1,2,0.001,16,"ASC3_income",0.8,0.41649470116112,1
1,2,0.001,16,"ASC3_child",-0.8,-0.232241619583729,1
1,2,0.001,16,"prot25_male",0.7,0.201742563406267,1
1,2,0.001,16,"prot25_age",-1,-0.431471655723182,1
1,2,0.001,16,"prot25_income",0,-0.0536121038001652,1
1,2,0.001,16,"prot25_child",0,0.0213159466257317,1
1,2,0.001,16,"prot50_male",0.6,0.176946185644345,1
1,2,0.001,16,"prot50_age",-1,-0.452940956447308,1
1,2,0.001,16,"prot50_income",0,-0.123794672056992,1
1,2,0.001,16,"prot50_child",0,5.70135626183952e-06,0
1,2,0.001,16,"invasive_male",0,-5.0732664785954e-08,0
1,2,0.001,16,"invasive_age",0.8,0.368541691245532,1
1,2,0.001,16,"invasive_income",0,-0.0360379883346892,1
1,2,0.001,16,"invasive_child",0,0.12512479594541,1
1,2,0.001,17,"ASC2_male",0,-1.10430594473283e-06,0
1,2,0.001,17,"ASC2_age",-1,-0.495591783216356,1
1,2,0.001,17,"ASC2_income",-0.9,-0.598745078718622,1
1,2,0.001,17,"ASC2_child",0,-0.0366646413963954,1
1,2,0.001,17,"ASC3_male",0,-2.91384769776033e-05,0
1,2,0.001,17,"ASC3_age",-1.1,-0.5114446566994,1
1,2,0.001,17,"ASC3_income",0,-0.0638568079361112,1
1,2,0.001,17,"ASC3_child",-0.6,-0.351106933902208,1
1,2,0.001,17,"prot25_male",-0.9,-0.461666338173344,1
1,2,0.001,17,"prot25_age",0,-0.0441485849592036,1
1,2,0.001,17,"prot25_income",0.6,0.375498161964705,1
1,2,0.001,17,"prot25_child",0,-0.125230969410605,1
1,2,0.001,17,"prot50_male",0.2,0.11831339871804,1
1,2,0.001,17,"prot50_age",0.5,0.27540645746688,1
1,2,0.001,17,"prot50_income",0,0.030608526741043,1
1,2,0.001,17,"prot50_child",0,0.022557719673234,1
1,2,0.001,17,"invasive_male",0.8,0.436037670042477,1
1,2,0.001,17,"invasive_age",0,0.0653636844003769,1
1,2,0.001,17,"invasive_income",-1.1,-0.638732617469302,1
1,2,0.001,17,"invasive_child",0,-1.89777687584613e-08,0
1,2,0.001,18,"ASC2_male",0.2,-0.0631164741343139,1
1,2,0.001,18,"ASC2_age",0.7,0.381006207032572,1
1,2,0.001,18,"ASC2_income",0,-0.00689632476488414,1
1,2,0.001,18,"ASC2_child",0.7,0.370782420486679,1
1,2,0.001,18,"ASC3_male",0.2,-3.34653559948425e-06,0
1,2,0.001,18,"ASC3_age",0,0.0183452210418033,1
1,2,0.001,18,"ASC3_income",0.4,0.137592173732221,1
1,2,0.001,18,"ASC3_child",0,-0.0117093276220305,1
1,2,0.001,18,"prot25_male",0,0.205609600955033,1
1,2,0.001,18,"prot25_age",0,0.017237403415575,1
1,2,0.001,18,"prot25_income",0,0.0512334473678611,1
1,2,0.001,18,"prot25_child",-0.5,-0.353231821259336,1
1,2,0.001,18,"prot50_male",-0.6,-0.185345988434388,1
1,2,0.001,18,"prot50_age",0,-0.0377541088469659,1
1,2,0.001,18,"prot50_income",1,0.606243649337415,1
1,2,0.001,18,"prot50_child",0,0.0133426087206959,1
1,2,0.001,18,"invasive_male",0,-0.0351690593073894,1
1,2,0.001,18,"invasive_age",0,-0.0123804128006808,1
1,2,0.001,18,"invasive_income",-0.2,-0.0220167313811857,1
1,2,0.001,18,"invasive_child",0.7,0.388140020119295,1
1,2,0.001,19,"ASC2_male",0,-9.64129317989234e-09,0
1,2,0.001,19,"ASC2_age",0,0.0287669706648373,1
1,2,0.001,19,"ASC2_income",-0.2,-0.135550748244918,1
1,2,0.001,19,"ASC2_child",0,0.135678210503859,1
1,2,0.001,19,"ASC3_male",0,-7.01743789155936e-08,0
1,2,0.001,19,"ASC3_age",0.2,0.0953488545884921,1
1,2,0.001,19,"ASC3_income",-0.8,-0.422047353055344,1
1,2,0.001,19,"ASC3_child",-1,-0.315678852248465,1
1,2,0.001,19,"prot25_male",0,0.0272623346339847,1
1,2,0.001,19,"prot25_age",0,-7.16003257951067e-09,0
1,2,0.001,19,"prot25_income",0,-1.16579422244987e-08,0
1,2,0.001,19,"prot25_child",0.7,0.198720052065614,1
1,2,0.001,19,"prot50_male",-1,-0.354131225121213,1
1,2,0.001,19,"prot50_age",0,-1.13208361654796e-08,0
1,2,0.001,19,"prot50_income",0.5,0.244125558538286,1
1,2,0.001,19,"prot50_child",1.1,0.341620233313508,1
1,2,0.001,19,"invasive_male",0,-2.23289752762476e-09,0
1,2,0.001,19,"invasive_age",0,1.20455861866187e-07,0
1,2,0.001,19,"invasive_income",0.6,0.315585275326583,1
1,2,0.001,19,"invasive_child",-1.2,-0.482748669650476,1
1,2,0.001,20,"ASC2_male",0,0.0298105423460838,1
1,2,0.001,20,"ASC2_age",0.9,0.382087979612521,1
1,2,0.001,20,"ASC2_income",1,0.525149185415523,1
1,2,0.001,20,"ASC2_child",-1,-0.180122086114357,1
1,2,0.001,20,"ASC3_male",0.7,0.405673633522608,1
1,2,0.001,20,"ASC3_age",-1.2,-0.547701677669087,1
1,2,0.001,20,"ASC3_income",-0.6,-0.243598755178556,1
1,2,0.001,20,"ASC3_child",-0.7,-3.76826105999495e-08,0
1,2,0.001,20,"prot25_male",0,-4.04188170200647e-10,0
1,2,0.001,20,"prot25_age",0,-0.0235702706121537,1
1,2,0.001,20,"prot25_income",0,2.45895335625098e-06,0
1,2,0.001,20,"prot25_child",0.7,0.114897786414691,1
1,2,0.001,20,"prot50_male",0,3.03339967370738e-06,0
1,2,0.001,20,"prot50_age",0,-2.19795854405806e-05,0
1,2,0.001,20,"prot50_income",0,0.000871164288140724,0
1,2,0.001,20,"prot50_child",0,-0.140350201793544,1
1,2,0.001,20,"invasive_male",0,-3.01519494905999e-06,0
1,2,0.001,20,"invasive_age",0.5,0.233982324685326,1
1,2,0.001,20,"invasive_income",0,2.43380572562447e-05,0
1,2,0.001,20,"invasive_child",0.3,0.156817459026243,1
1,2,0.001,21,"ASC2_male",-0.5,-0.189625707913134,1
1,2,0.001,21,"ASC2_age",-0.6,-0.268720250928952,1
1,2,0.001,21,"ASC2_income",0,-0.0207595913185277,1
1,2,0.001,21,"ASC2_child",1.1,0.495892840052423,1
1,2,0.001,21,"ASC3_male",0,-1.1879579991306e-10,0
1,2,0.001,21,"ASC3_age",0.3,0.201598509818623,1
1,2,0.001,21,"ASC3_income",0,-0.018731603149599,1
1,2,0.001,21,"ASC3_child",0,-1.28263653010567e-06,0
1,2,0.001,21,"prot25_male",0.5,0.326237075681856,1
1,2,0.001,21,"prot25_age",0,1.75938262075162e-07,0
1,2,0.001,21,"prot25_income",-1,-0.552567105257213,1
1,2,0.001,21,"prot25_child",0,0.110146822221774,1
1,2,0.001,21,"prot50_male",-0.5,-0.0700153124294129,1
1,2,0.001,21,"prot50_age",0,-0.0107263232250693,1
1,2,0.001,21,"prot50_income",0,-0.0375813499977421,1
1,2,0.001,21,"prot50_child",-0.7,-0.0997195697721054,1
1,2,0.001,21,"invasive_male",0,3.75310117574409e-08,0
1,2,0.001,21,"invasive_age",1.2,0.615206471335914,1
1,2,0.001,21,"invasive_income",-0.2,-0.0601001402175862,1
1,2,0.001,21,"invasive_child",0,-1.48240472287154e-08,0
1,2,0.001,22,"ASC2_male",0.7,0.379497116855525,1
1,2,0.001,22,"ASC2_age",-0.2,-0.0124197082477947,1
1,2,0.001,22,"ASC2_income",-0.4,-0.1716712397372,1
1,2,0.001,22,"ASC2_child",0,-4.53253149298272e-09,0
1,2,0.001,22,"ASC3_male",0,-0.00306114674494031,1
1,2,0.001,22,"ASC3_age",-0.7,-0.317218538741153,1
1,2,0.001,22,"ASC3_income",0,0.026089173847506,1
1,2,0.001,22,"ASC3_child",-0.7,-0.316607145119778,1
1,2,0.001,22,"prot25_male",0,0.0745602873516693,1
1,2,0.001,22,"prot25_age",0,-0.0859711870678329,1
1,2,0.001,22,"prot25_income",0.5,0.248613637171708,1
1,2,0.001,22,"prot25_child",0,-1.24230971324938e-08,0
1,2,0.001,22,"prot50_male",0,-3.47334405155726e-10,0
1,2,0.001,22,"prot50_age",1,0.433107778690879,1
1,2,0.001,22,"prot50_income",-0.9,-0.468901498068074,1
1,2,0.001,22,"prot50_child",-1.1,-0.390520709465407,1
1,2,0.001,22,"invasive_male",0,-6.42758211262906e-09,0
1,2,0.001,22,"invasive_age",0.3,0.0969189404979723,1
1,2,0.001,22,"invasive_income",0,-0.0275222757795974,1
1,2,0.001,22,"invasive_child",0,5.56138649534698e-08,0
1,2,0.001,23,"ASC2_male",0,-0.105490531285448,1
1,2,0.001,23,"ASC2_age",0.5,0.315012745521594,1
1,2,0.001,23,"ASC2_income",0.8,0.466519646675635,1
1,2,0.001,23,"ASC2_child",-0.2,3.31502016564068e-08,0
1,2,0.001,23,"ASC3_male",0.6,0.220763510169257,1
1,2,0.001,23,"ASC3_age",-0.3,-0.104866635285395,1
1,2,0.001,23,"ASC3_income",0,0.0585693988735138,1
1,2,0.001,23,"ASC3_child",0,1.20966597903134e-06,0
1,2,0.001,23,"prot25_male",0.8,0.410825358987428,1
1,2,0.001,23,"prot25_age",0.4,0.231821256719311,1
1,2,0.001,23,"prot25_income",0.5,0.232548180587636,1
1,2,0.001,23,"prot25_child",0,-1.52641068931708e-07,0
1,2,0.001,23,"prot50_male",0,0.0623491422066286,1
1,2,0.001,23,"prot50_age",0,4.50938371352868e-07,0
1,2,0.001,23,"prot50_income",0,-3.7489544371432e-07,0
1,2,0.001,23,"prot50_child",0.5,0.201226964015753,1
1,2,0.001,23,"invasive_male",-0.5,-0.0366054861893263,1
1,2,0.001,23,"invasive_age",0,1.19189607999186e-06,0
1,2,0.001,23,"invasive_income",0,5.53789689878084e-07,0
1,2,0.001,23,"invasive_child",0,-0.141141699125101,1
1,2,0.001,24,"ASC2_male",-0.3,-0.00353231176153676,1
1,2,0.001,24,"ASC2_age",-0.3,-0.168041260727632,1
1,2,0.001,24,"ASC2_income",0,-0.170379390568548,1
1,2,0.001,24,"ASC2_child",0,-2.24568444075753e-07,0
1,2,0.001,24,"ASC3_male",0,0.23880415731939,1
1,2,0.001,24,"ASC3_age",1.2,0.631895306334509,1
1,2,0.001,24,"ASC3_income",0,-0.157839148744932,1
1,2,0.001,24,"ASC3_child",0,-0.000963752623706013,0
1,2,0.001,24,"prot25_male",0.4,0.00110439604379189,1
1,2,0.001,24,"prot25_age",0,0.0237625027845005,1
1,2,0.001,24,"prot25_income",0.8,0.505134301099357,1
1,2,0.001,24,"prot25_child",1,0.525808916787809,1
1,2,0.001,24,"prot50_male",0,-0.0822230396588038,1
1,2,0.001,24,"prot50_age",-0.8,-0.379084869687325,1
1,2,0.001,24,"prot50_income",1.1,0.624671773648429,1
1,2,0.001,24,"prot50_child",0,0.0278927774836488,1
1,2,0.001,24,"invasive_male",0,-0.019844373414515,1
1,2,0.001,24,"invasive_age",1.1,0.591308513494653,1
1,2,0.001,24,"invasive_income",0,-0.0695186826516053,1
1,2,0.001,24,"invasive_child",1.2,0.553307113708212,1
1,2,0.001,25,"ASC2_male",1.2,0.528545332866579,1
1,2,0.001,25,"ASC2_age",0,0.0483304681603382,1
1,2,0.001,25,"ASC2_income",0,-6.46409022511255e-09,0
1,2,0.001,25,"ASC2_child",0,-7.82522057561593e-09,0
1,2,0.001,25,"ASC3_male",-1,-0.539432418147203,1
1,2,0.001,25,"ASC3_age",-0.2,-0.0802407253631772,1
1,2,0.001,25,"ASC3_income",0,-0.00962498972130469,1
1,2,0.001,25,"ASC3_child",-1.1,-0.572053362017794,1
1,2,0.001,25,"prot25_male",1.1,0.53907267030497,1
1,2,0.001,25,"prot25_age",-0.6,-0.293823274864393,1
1,2,0.001,25,"prot25_income",0,0.0491133963311839,1
1,2,0.001,25,"prot25_child",1,0.603767172372079,1
1,2,0.001,25,"prot50_male",0,-6.03894118732328e-09,0
1,2,0.001,25,"prot50_age",0,-0.0432809622567014,1
1,2,0.001,25,"prot50_income",0,0.0483808698252116,1
1,2,0.001,25,"prot50_child",0,-3.37205008997949e-09,0
1,2,0.001,25,"invasive_male",0,-6.82635464818865e-08,0
1,2,0.001,25,"invasive_age",1.1,0.553234332410073,1
1,2,0.001,25,"invasive_income",-1.2,-0.605322963713633,1
1,2,0.001,25,"invasive_child",1.2,0.568534436620048,1
1,2,0.001,26,"ASC2_male",0,-0.207897251120982,1
1,2,0.001,26,"ASC2_age",-0.9,-0.374552130337396,1
1,2,0.001,26,"ASC2_income",-1.2,-0.541279502662983,1
1,2,0.001,26,"ASC2_child",-0.4,-0.12384887994947,1
1,2,0.001,26,"ASC3_male",0.8,0.202671549992252,1
1,2,0.001,26,"ASC3_age",0,0.0996722021340963,1
1,2,0.001,26,"ASC3_income",-0.5,-0.280750290128652,1
1,2,0.001,26,"ASC3_child",0.1,0.0959550860636217,1
1,2,0.001,26,"prot25_male",-0.9,-0.219196430655254,1
1,2,0.001,26,"prot25_age",0,-0.0619011111208216,1
1,2,0.001,26,"prot25_income",0,-0.082953581292501,1
1,2,0.001,26,"prot25_child",0,-0.068152902282515,1
1,2,0.001,26,"prot50_male",0,0.188796889619616,1
1,2,0.001,26,"prot50_age",0,-0.09653651134341,1
1,2,0.001,26,"prot50_income",0.1,0.0322574076910872,1
1,2,0.001,26,"prot50_child",0,-0.11655175102907,1
1,2,0.001,26,"invasive_male",0,3.70504289342204e-07,0
1,2,0.001,26,"invasive_age",0.9,0.424019203319645,1
1,2,0.001,26,"invasive_income",-0.7,-0.320927555712332,1
1,2,0.001,26,"invasive_child",0,0.0303581451420363,1
1,2,0.001,27,"ASC2_male",-1.2,-0.554589552961011,1
1,2,0.001,27,"ASC2_age",-0.5,-0.162994344793093,1
1,2,0.001,27,"ASC2_income",0,0.066513113493395,1
1,2,0.001,27,"ASC2_child",0,1.71942286506391e-09,0
1,2,0.001,27,"ASC3_male",0,-1.21764419197104e-08,0
1,2,0.001,27,"ASC3_age",0,0.035042170687484,1
1,2,0.001,27,"ASC3_income",0,-9.28175788597539e-09,0
1,2,0.001,27,"ASC3_child",0.8,0.3671387763179,1
1,2,0.001,27,"prot25_male",-0.8,-0.249068847784419,1
1,2,0.001,27,"prot25_age",0.9,0.384400049858681,1
1,2,0.001,27,"prot25_income",0,-1.19687873467961e-08,0
1,2,0.001,27,"prot25_child",0.6,0.39218776372372,1
1,2,0.001,27,"prot50_male",0,0.160936603054586,1
1,2,0.001,27,"prot50_age",0,3.8496269822712e-08,0
1,2,0.001,27,"prot50_income",0,1.63057812841458e-08,0
1,2,0.001,27,"prot50_child",0.4,0.140912581541343,1
1,2,0.001,27,"invasive_male",-0.2,-0.00792671273252816,1
1,2,0.001,27,"invasive_age",-0.2,-0.00755512593827288,1
1,2,0.001,27,"invasive_income",1,0.599108839097969,1
1,2,0.001,27,"invasive_child",0,-0.00224111897364675,1
1,2,0.001,28,"ASC2_male",-0.6,-0.0982111747636141,1
1,2,0.001,28,"ASC2_age",0,0.000350634222694324,0
1,2,0.001,28,"ASC2_income",0,0.0543189869059375,1
1,2,0.001,28,"ASC2_child",0,0.119675527147864,1
1,2,0.001,28,"ASC3_male",-0.9,-0.309686630803147,1
1,2,0.001,28,"ASC3_age",-0.8,-0.367919853590112,1
1,2,0.001,28,"ASC3_income",0,0.0653740149102543,1
1,2,0.001,28,"ASC3_child",-0.7,-0.185332410872518,1
1,2,0.001,28,"prot25_male",0,-0.0967520567293084,1
1,2,0.001,28,"prot25_age",1.1,0.586084936821019,1
1,2,0.001,28,"prot25_income",1.2,0.648307431018891,1
1,2,0.001,28,"prot25_child",0,1.461573189033e-05,0
1,2,0.001,28,"prot50_male",-0.2,-0.169916847675926,1
1,2,0.001,28,"prot50_age",0.8,0.37351281315556,1
1,2,0.001,28,"prot50_income",-0.2,-0.0823928288008123,1
1,2,0.001,28,"prot50_child",0,-7.17155062767644e-09,0
1,2,0.001,28,"invasive_male",0,0.0125353657153178,1
1,2,0.001,28,"invasive_age",0,0.0045714952190952,1
1,2,0.001,28,"invasive_income",0.3,0.183903803048112,1
1,2,0.001,28,"invasive_child",0,0.162156771128547,1
1,2,0.001,29,"ASC2_male",0,-1.14068950034513e-06,0
1,2,0.001,29,"ASC2_age",0,0.0743033401727789,1
1,2,0.001,29,"ASC2_income",-0.1,-0.0124184927718482,1
1,2,0.001,29,"ASC2_child",0,7.69199827212892e-06,0
1,2,0.001,29,"ASC3_male",0,4.12139658366838e-08,0
1,2,0.001,29,"ASC3_age",0.9,0.461073277956886,1
1,2,0.001,29,"ASC3_income",0,-2.96335894126948e-09,0
1,2,0.001,29,"ASC3_child",-0.2,-0.213545769749348,1
1,2,0.001,29,"prot25_male",0,-0.0440725403016349,1
1,2,0.001,29,"prot25_age",0,-0.0977298858366647,1
1,2,0.001,29,"prot25_income",0.8,0.411536582152737,1
1,2,0.001,29,"prot25_child",-0.4,-0.290335322830422,1
1,2,0.001,29,"prot50_male",0.4,0.252250553406152,1
1,2,0.001,29,"prot50_age",0.5,0.192765803495166,1
1,2,0.001,29,"prot50_income",0,-0.00268727332917177,1
1,2,0.001,29,"prot50_child",0.7,0.291621044902183,1
1,2,0.001,29,"invasive_male",0,-5.76058924107893e-07,0
1,2,0.001,29,"invasive_age",-0.3,-0.114283106776831,1
1,2,0.001,29,"invasive_income",0,-0.0280583705337428,1
1,2,0.001,29,"invasive_child",1,0.390518164657924,1
1,2,0.001,30,"ASC2_male",0,-0.00160983353722752,1
1,2,0.001,30,"ASC2_age",0,-0.000587944549282232,0
1,2,0.001,30,"ASC2_income",0,-3.53362362127756e-05,0
1,2,0.001,30,"ASC2_child",0.6,0.206910795789729,1
1,2,0.001,30,"ASC3_male",0.4,0.0730292834074911,1
1,2,0.001,30,"ASC3_age",0,-0.01939630357289,1
1,2,0.001,30,"ASC3_income",0.2,0.100325356587599,1
1,2,0.001,30,"ASC3_child",0.2,-2.1560755486218e-08,0
1,2,0.001,30,"prot25_male",0,0.0981392242435135,1
1,2,0.001,30,"prot25_age",-0.7,-0.29141742660214,1
1,2,0.001,30,"prot25_income",0.4,0.139782671516832,1
1,2,0.001,30,"prot25_child",0.8,0.479849816826637,1
1,2,0.001,30,"prot50_male",-0.7,-0.253979873088944,1
1,2,0.001,30,"prot50_age",0,0.0420667477789148,1
1,2,0.001,30,"prot50_income",0,-8.26884841537537e-09,0
1,2,0.001,30,"prot50_child",0,0.0394072849379466,1
1,2,0.001,30,"invasive_male",1.1,0.381195216500731,1
1,2,0.001,30,"invasive_age",0,0.0558959603664237,1
1,2,0.001,30,"invasive_income",0.4,0.165974001330614,1
1,2,0.001,30,"invasive_child",0,-6.53341769354442e-09,0
1,2,0.001,31,"ASC2_male",1.2,0.582778438179446,1
1,2,0.001,31,"ASC2_age",0,-0.0235764676930943,1
1,2,0.001,31,"ASC2_income",-0.3,-0.258858542938714,1
1,2,0.001,31,"ASC2_child",0,-1.64016197607573e-08,0
1,2,0.001,31,"ASC3_male",0,-0.00808235303978129,1
1,2,0.001,31,"ASC3_age",0,-0.0365662162968953,1
1,2,0.001,31,"ASC3_income",0,-0.0939731944139456,1
1,2,0.001,31,"ASC3_child",0,-4.6240136271846e-09,0
1,2,0.001,31,"prot25_male",-0.8,-0.148434535207745,1
1,2,0.001,31,"prot25_age",-0.2,-0.0792163776244641,1
1,2,0.001,31,"prot25_income",0,0.03463601441911,1
1,2,0.001,31,"prot25_child",0,0.00275814126027127,1
1,2,0.001,31,"prot50_male",-0.9,-0.239870117967599,1
1,2,0.001,31,"prot50_age",-0.9,-0.408244595378587,1
1,2,0.001,31,"prot50_income",-0.2,-0.042801619262919,1
1,2,0.001,31,"prot50_child",-0.5,-0.0312832052695579,1
1,2,0.001,31,"invasive_male",-1,-0.357680095866802,1
1,2,0.001,31,"invasive_age",0,0.0207179225197868,1
1,2,0.001,31,"invasive_income",0,1.97605014009382e-08,0
1,2,0.001,31,"invasive_child",-0.7,-0.255855682313826,1
1,2,0.001,32,"ASC2_male",0.2,0.00790752675961653,1
1,2,0.001,32,"ASC2_age",0.7,0.306470768865952,1
1,2,0.001,32,"ASC2_income",-1,-0.504341711465777,1
1,2,0.001,32,"ASC2_child",0.4,0.144539350521197,1
1,2,0.001,32,"ASC3_male",0,-0.178164730643743,1
1,2,0.001,32,"ASC3_age",0.3,0.147512033544918,1
1,2,0.001,32,"ASC3_income",0,-0.0120849654568608,1
1,2,0.001,32,"ASC3_child",0.5,0.262048382093739,1
1,2,0.001,32,"prot25_male",0,-0.017123585879719,1
1,2,0.001,32,"prot25_age",-0.6,-0.285147915862301,1
1,2,0.001,32,"prot25_income",0,-0.00590362709863401,1
1,2,0.001,32,"prot25_child",0,-2.56243164439953e-07,0
1,2,0.001,32,"prot50_male",0.7,0.420742805511412,1
1,2,0.001,32,"prot50_age",0.3,0.209276264838525,1
1,2,0.001,32,"prot50_income",0,-0.0514143499701928,1
1,2,0.001,32,"prot50_child",-0.6,-0.413550917085629,1
1,2,0.001,32,"invasive_male",0,-0.129174348046881,1
1,2,0.001,32,"invasive_age",0,0.0130363181997018,1
1,2,0.001,32,"invasive_income",0,0.0143027324620271,1
1,2,0.001,32,"invasive_child",0,-0.0684227196702983,1
1,2,0.001,33,"ASC2_male",0,-1.09812708574939e-08,0
1,2,0.001,33,"ASC2_age",-0.3,-0.223430343675037,1
1,2,0.001,33,"ASC2_income",0,0.067547073570613,1
1,2,0.001,33,"ASC2_child",0,-0.0629143763147261,1
1,2,0.001,33,"ASC3_male",0,0.0448004042019238,1
1,2,0.001,33,"ASC3_age",1.1,0.543001981629941,1
1,2,0.001,33,"ASC3_income",0,0.0285464543032686,1
1,2,0.001,33,"ASC3_child",0,0.0311813769019118,1
1,2,0.001,33,"prot25_male",0.9,0.313659837847764,1
1,2,0.001,33,"prot25_age",-0.8,-0.271001033542145,1
1,2,0.001,33,"prot25_income",1.1,0.586002626297241,1
1,2,0.001,33,"prot25_child",0,0.0369420658314449,1
1,2,0.001,33,"prot50_male",-1.2,-0.698076237463711,1
1,2,0.001,33,"prot50_age",0.3,0.231123463571179,1
1,2,0.001,33,"prot50_income",0,-2.85028751998943e-08,0
1,2,0.001,33,"prot50_child",0.8,0.443145720191303,1
1,2,0.001,33,"invasive_male",0,-0.0947259902994107,1
1,2,0.001,33,"invasive_age",-1.2,-0.591464894446782,1
1,2,0.001,33,"invasive_income",0.6,0.332558088952564,1
1,2,0.001,33,"invasive_child",0,0.135122027707649,1
1,2,0.001,34,"ASC2_male",0,0.00438920856040036,1
1,2,0.001,34,"ASC2_age",-0.5,-0.183624212829932,1
1,2,0.001,34,"ASC2_income",0,-0.0295157332893775,1
1,2,0.001,34,"ASC2_child",1,0.512101842252937,1
1,2,0.001,34,"ASC3_male",0,-6.14147104838399e-09,0
1,2,0.001,34,"ASC3_age",-0.3,-0.0970017624902968,1
1,2,0.001,34,"ASC3_income",-0.7,-0.305751322485245,1
1,2,0.001,34,"ASC3_child",-1,-0.429575702305409,1
1,2,0.001,34,"prot25_male",0,0.0213604900928993,1
1,2,0.001,34,"prot25_age",0,-0.0157058151503838,1
1,2,0.001,34,"prot25_income",0,-5.92427998800195e-08,0
1,2,0.001,34,"prot25_child",0,-7.53547864393177e-09,0
1,2,0.001,34,"prot50_male",0,-2.04071627331947e-08,0
1,2,0.001,34,"prot50_age",-0.8,-0.385353052912025,1
1,2,0.001,34,"prot50_income",-0.1,-0.061907081592892,1
1,2,0.001,34,"prot50_child",0,-2.1840671975823e-08,0
1,2,0.001,34,"invasive_male",-0.9,-0.422125917743295,1
1,2,0.001,34,"invasive_age",-0.9,-0.427746516047806,1
1,2,0.001,34,"invasive_income",-0.9,-0.449527723108354,1
1,2,0.001,34,"invasive_child",0,-0.00781735297319735,1
1,2,0.001,35,"ASC2_male",0,-0.0178259053901669,1
1,2,0.001,35,"ASC2_age",0,-0.0823932052739831,1
1,2,0.001,35,"ASC2_income",-0.2,-0.0318968701831932,1
1,2,0.001,35,"ASC2_child",0,-0.0787234908575499,1
1,2,0.001,35,"ASC3_male",0,0.0147224894773537,1
1,2,0.001,35,"ASC3_age",0,-0.0657237415643917,1
1,2,0.001,35,"ASC3_income",0,0.0522206704488162,1
1,2,0.001,35,"ASC3_child",0,-0.0334614715591339,1
1,2,0.001,35,"prot25_male",0,1.50363387383936e-06,0
1,2,0.001,35,"prot25_age",1.2,0.611860703541973,1
1,2,0.001,35,"prot25_income",-0.2,-0.126646327289248,1
1,2,0.001,35,"prot25_child",0.8,0.379337683433519,1
1,2,0.001,35,"prot50_male",-0.9,-0.445381397878367,1
1,2,0.001,35,"prot50_age",-0.2,-0.0616549591188939,1
1,2,0.001,35,"prot50_income",0,-1.36677770178119e-08,0
1,2,0.001,35,"prot50_child",0,0.0430640672888914,1
1,2,0.001,35,"invasive_male",0.3,0.0734114087278348,1
1,2,0.001,35,"invasive_age",0.3,0.120278180439442,1
1,2,0.001,35,"invasive_income",-0.4,-0.239836039512041,1
1,2,0.001,35,"invasive_child",-0.5,-0.22045776665202,1
1,2,0.001,36,"ASC2_male",-0.7,-0.288020759216116,1
1,2,0.001,36,"ASC2_age",0,0.00886298576245235,1
1,2,0.001,36,"ASC2_income",0.1,1.03265074043008e-06,0
1,2,0.001,36,"ASC2_child",0,-8.23857737486997e-08,0
1,2,0.001,36,"ASC3_male",0,-0.0139376276105578,1
1,2,0.001,36,"ASC3_age",0.6,0.325420303611377,1
1,2,0.001,36,"ASC3_income",1.1,0.52414435127198,1
1,2,0.001,36,"ASC3_child",0,-0.0825172319143212,1
1,2,0.001,36,"prot25_male",0,7.96593888820448e-07,0
1,2,0.001,36,"prot25_age",0,2.36916453169575e-07,0
1,2,0.001,36,"prot25_income",0.2,0.160217570940538,1
1,2,0.001,36,"prot25_child",0,0.0253313562325344,1
1,2,0.001,36,"prot50_male",0,-0.0943466013847603,1
1,2,0.001,36,"prot50_age",0.9,0.469705866606748,1
1,2,0.001,36,"prot50_income",-0.8,-0.353851292553488,1
1,2,0.001,36,"prot50_child",0,-8.76264953419414e-07,0
1,2,0.001,36,"invasive_male",-1,-0.473452151600265,1
1,2,0.001,36,"invasive_age",0.8,0.410214929601293,1
1,2,0.001,36,"invasive_income",0,0.071900212916067,1
1,2,0.001,36,"invasive_child",-0.8,-0.349473167714459,1
1,2,0.001,37,"ASC2_male",0,-0.143763326801286,1
1,2,0.001,37,"ASC2_age",0,2.78156995224599e-07,0
1,2,0.001,37,"ASC2_income",0,-0.104998396323524,1
1,2,0.001,37,"ASC2_child",0,0.0117181394439178,1
1,2,0.001,37,"ASC3_male",0,-0.0537662582639776,1
1,2,0.001,37,"ASC3_age",0,-1.01911577523015e-09,0
1,2,0.001,37,"ASC3_income",0.6,0.197420013236688,1
1,2,0.001,37,"ASC3_child",0,1.82082396115388e-06,0
1,2,0.001,37,"prot25_male",-0.8,-0.326838036273129,1
1,2,0.001,37,"prot25_age",0.9,0.432759822643606,1
1,2,0.001,37,"prot25_income",-0.7,-0.256838203954202,1
1,2,0.001,37,"prot25_child",0.1,0.0974568450239877,1
1,2,0.001,37,"prot50_male",0,3.74021519410313e-06,0
1,2,0.001,37,"prot50_age",1,0.556202087942864,1
1,2,0.001,37,"prot50_income",0,0.0823934443408046,1
1,2,0.001,37,"prot50_child",-0.9,-0.439920903500067,1
1,2,0.001,37,"invasive_male",0.6,0.167828536252014,1
1,2,0.001,37,"invasive_age",-0.3,-0.0721801703813868,1
1,2,0.001,37,"invasive_income",1.1,0.536578090368652,1
1,2,0.001,37,"invasive_child",0,3.81239694972499e-06,0
1,2,0.001,38,"ASC2_male",0.8,0.285050464075446,1
1,2,0.001,38,"ASC2_age",0,-0.0481599167458151,1
1,2,0.001,38,"ASC2_income",0.8,0.402125244259715,1
1,2,0.001,38,"ASC2_child",0.4,-2.9050153150634e-11,0
1,2,0.001,38,"ASC3_male",0,-0.163709199272169,1
1,2,0.001,38,"ASC3_age",0,2.15149350357864e-07,0
1,2,0.001,38,"ASC3_income",0,-0.000126070979116126,0
1,2,0.001,38,"ASC3_child",0.2,0.00773743898601059,1
1,2,0.001,38,"prot25_male",0,0.128053174034319,1
1,2,0.001,38,"prot25_age",0,0.0312716371512024,1
1,2,0.001,38,"prot25_income",0,7.38575189444779e-05,0
1,2,0.001,38,"prot25_child",0,0.0016820873924849,1
1,2,0.001,38,"prot50_male",0,0.109626403762226,1
1,2,0.001,38,"prot50_age",0.3,0.234343107143193,1
1,2,0.001,38,"prot50_income",0.9,0.510970608611542,1
1,2,0.001,38,"prot50_child",0,0.0983843594324794,1
1,2,0.001,38,"invasive_male",-0.5,-0.28506611806048,1
1,2,0.001,38,"invasive_age",0.9,0.55595628941199,1
1,2,0.001,38,"invasive_income",1,0.531533679817147,1
1,2,0.001,38,"invasive_child",-0.2,-0.261027473453246,1
1,2,0.001,39,"ASC2_male",0.9,0.35641000788707,1
1,2,0.001,39,"ASC2_age",1.1,0.533772831284046,1
1,2,0.001,39,"ASC2_income",0,2.76259587628109e-09,0
1,2,0.001,39,"ASC2_child",0.7,0.347811578705954,1
1,2,0.001,39,"ASC3_male",0,-1.15912760173916e-08,0
1,2,0.001,39,"ASC3_age",-0.1,-0.0307595180131955,1
1,2,0.001,39,"ASC3_income",0,-0.00404473222974683,1
1,2,0.001,39,"ASC3_child",-1.1,-0.412394395805413,1
1,2,0.001,39,"prot25_male",0,-3.55457206210644e-10,0
1,2,0.001,39,"prot25_age",0,-1.93210488973515e-08,0
1,2,0.001,39,"prot25_income",0.9,0.338613811753535,1
1,2,0.001,39,"prot25_child",0,1.60290088087953e-08,0
1,2,0.001,39,"prot50_male",0,1.82510750770638e-08,0
1,2,0.001,39,"prot50_age",0.9,0.396753711606121,1
1,2,0.001,39,"prot50_income",-0.8,-0.2998876013768,1
1,2,0.001,39,"prot50_child",0,-3.91094577350718e-09,0
1,2,0.001,39,"invasive_male",0.1,-2.33784317146957e-08,0
1,2,0.001,39,"invasive_age",0,-2.38568541475706e-09,0
1,2,0.001,39,"invasive_income",0.7,0.296194285703574,1
1,2,0.001,39,"invasive_child",0,-4.84451652762876e-09,0
1,2,0.001,40,"ASC2_male",0,-0.00123238916428545,1
1,2,0.001,40,"ASC2_age",0,2.9602796669882e-09,0
1,2,0.001,40,"ASC2_income",-1,-0.59414944432468,1
1,2,0.001,40,"ASC2_child",-0.4,-0.234010216388977,1
1,2,0.001,40,"ASC3_male",1.2,0.564756825901186,1
1,2,0.001,40,"ASC3_age",0,-0.0235675143984107,1
1,2,0.001,40,"ASC3_income",0,-1.8270624499809e-08,0
1,2,0.001,40,"ASC3_child",0,-8.8692044962386e-09,0
1,2,0.001,40,"prot25_male",-0.1,-1.73184272067032e-09,0
1,2,0.001,40,"prot25_age",0,-4.63062939918856e-07,0
1,2,0.001,40,"prot25_income",-0.3,-0.125200373560937,1
1,2,0.001,40,"prot25_child",-0.5,-0.161804560325243,1
1,2,0.001,40,"prot50_male",-1.2,-0.488003497674731,1
1,2,0.001,40,"prot50_age",0,-2.67915420356443e-07,0
1,2,0.001,40,"prot50_income",0,-0.0384439412543914,1
1,2,0.001,40,"prot50_child",1.1,0.576800306777442,1
1,2,0.001,40,"invasive_male",-0.8,-0.280326913072723,1
1,2,0.001,40,"invasive_age",0.5,0.247019723540365,1
1,2,0.001,40,"invasive_income",0,-0.0514171286339597,1
1,2,0.001,40,"invasive_child",0,-1.41718888523957e-10,0
1,2,0.001,41,"ASC2_male",0.1,-0.235969160042329,1
1,2,0.001,41,"ASC2_age",0,0.00600727880191216,1
1,2,0.001,41,"ASC2_income",-1,-0.522287248299678,1
1,2,0.001,41,"ASC2_child",-0.6,-0.139148614210048,1
1,2,0.001,41,"ASC3_male",0.8,0.0167751633523528,1
1,2,0.001,41,"ASC3_age",-0.6,-0.249377919842344,1
1,2,0.001,41,"ASC3_income",-0.6,-0.262365725727756,1
1,2,0.001,41,"ASC3_child",-1,-0.328429160669928,1
1,2,0.001,41,"prot25_male",0,0.177140726894515,1
1,2,0.001,41,"prot25_age",-1,-0.475651213232692,1
1,2,0.001,41,"prot25_income",0,-0.000661390263258306,0
1,2,0.001,41,"prot25_child",0,-0.0720351707674261,1
1,2,0.001,41,"prot50_male",0,0.195231744199514,1
1,2,0.001,41,"prot50_age",0,0.0567376046999253,1
1,2,0.001,41,"prot50_income",0,0.032346534577772,1
1,2,0.001,41,"prot50_child",0,-0.178703544393752,1
1,2,0.001,41,"invasive_male",-0.7,-0.406197264645985,1
1,2,0.001,41,"invasive_age",-0.5,-0.27780369212584,1
1,2,0.001,41,"invasive_income",0,0.0327299643663479,1
1,2,0.001,41,"invasive_child",0,1.39656492207427e-08,0
1,2,0.001,42,"ASC2_male",-0.1,-0.0148451966960217,1
1,2,0.001,42,"ASC2_age",1,0.504052051995057,1
1,2,0.001,42,"ASC2_income",0,0.076897682878445,1
1,2,0.001,42,"ASC2_child",0.4,0.174412442946386,1
1,2,0.001,42,"ASC3_male",-0.7,-0.214324806481149,1
1,2,0.001,42,"ASC3_age",0,0.00188003027134447,1
1,2,0.001,42,"ASC3_income",0,0.000977086816145752,0
1,2,0.001,42,"ASC3_child",0,-0.0481089049806284,1
1,2,0.001,42,"prot25_male",0.1,0.0328294179012526,1
1,2,0.001,42,"prot25_age",0.8,0.416878257834659,1
1,2,0.001,42,"prot25_income",0,0.0437023791287018,1
1,2,0.001,42,"prot25_child",0,0.00848942999147716,1
1,2,0.001,42,"prot50_male",0,-0.0279460502771369,1
1,2,0.001,42,"prot50_age",1,0.545716536414061,1
1,2,0.001,42,"prot50_income",0,0.0382885203290714,1
1,2,0.001,42,"prot50_child",0,-1.05882690279988e-08,0
1,2,0.001,42,"invasive_male",-0.9,-0.44078178358347,1
1,2,0.001,42,"invasive_age",0,0.0204875111989004,1
1,2,0.001,42,"invasive_income",-1,-0.426904504591035,1
1,2,0.001,42,"invasive_child",-1.1,-0.614048193395835,1
1,2,0.001,43,"ASC2_male",0,-0.0489080909255987,1
1,2,0.001,43,"ASC2_age",-0.8,-0.380032727346109,1
1,2,0.001,43,"ASC2_income",0,0.0558484834811452,1
1,2,0.001,43,"ASC2_child",0,-9.59563056899569e-08,0
1,2,0.001,43,"ASC3_male",-1.2,-0.683908798228205,1
1,2,0.001,43,"ASC3_age",0,-0.00732340700815661,1
1,2,0.001,43,"ASC3_income",0,-3.85890888966945e-08,0
1,2,0.001,43,"ASC3_child",0,-1.21505353737096e-08,0
1,2,0.001,43,"prot25_male",1,0.570733376804627,1
1,2,0.001,43,"prot25_age",0.5,0.302517547396345,1
1,2,0.001,43,"prot25_income",0.9,0.437904201773903,1
1,2,0.001,43,"prot25_child",1,0.40461994934069,1
1,2,0.001,43,"prot50_male",-0.2,-0.0197632446565086,1
1,2,0.001,43,"prot50_age",0,-0.0264528875794017,1
1,2,0.001,43,"prot50_income",-0.3,-0.165194206057939,1
1,2,0.001,43,"prot50_child",0.6,0.175215800844291,1
1,2,0.001,43,"invasive_male",0,-2.81019754640768e-08,0
1,2,0.001,43,"invasive_age",0,-1.37423594962925e-08,0
1,2,0.001,43,"invasive_income",1,0.564984569323205,1
1,2,0.001,43,"invasive_child",0,-0.0132499362522426,1
1,2,0.001,44,"ASC2_male",0.9,0.521525023045953,1
1,2,0.001,44,"ASC2_age",1.2,0.612914831835862,1
1,2,0.001,44,"ASC2_income",0,-0.115745808473092,1
1,2,0.001,44,"ASC2_child",0,0.0327373575950631,1
1,2,0.001,44,"ASC3_male",0.9,0.507643304602146,1
1,2,0.001,44,"ASC3_age",0,0.0315357673401378,1
1,2,0.001,44,"ASC3_income",-0.5,-0.334874281370156,1
1,2,0.001,44,"ASC3_child",-1.1,-0.418116793817742,1
1,2,0.001,44,"prot25_male",-1.1,-0.675320183943561,1
1,2,0.001,44,"prot25_age",0,0.00127291241814149,1
1,2,0.001,44,"prot25_income",0,0.057588744960475,1
1,2,0.001,44,"prot25_child",0.9,0.434567094408442,1
1,2,0.001,44,"prot50_male",0,-0.134319334649902,1
1,2,0.001,44,"prot50_age",-1.2,-0.634254665311934,1
1,2,0.001,44,"prot50_income",-0.5,-0.191915620831753,1
1,2,0.001,44,"prot50_child",0,-0.00122353515034448,1
1,2,0.001,44,"invasive_male",-0.8,-0.474925420587219,1
1,2,0.001,44,"invasive_age",0,0.00203006481105015,1
1,2,0.001,44,"invasive_income",0,-0.104251093482876,1
1,2,0.001,44,"invasive_child",0,0.177740969268094,1
1,2,0.001,45,"ASC2_male",-0.6,-0.21759536432817,1
1,2,0.001,45,"ASC2_age",0,-0.128413229628629,1
1,2,0.001,45,"ASC2_income",0,-0.0865481767867054,1
1,2,0.001,45,"ASC2_child",0.2,0.137448918819407,1
1,2,0.001,45,"ASC3_male",-0.7,-0.304684486076256,1
1,2,0.001,45,"ASC3_age",0,-0.128671141463205,1
1,2,0.001,45,"ASC3_income",0,-0.0180123574862426,1
1,2,0.001,45,"ASC3_child",-0.1,-0.0756174040378106,1
1,2,0.001,45,"prot25_male",0,-0.104209920893339,1
1,2,0.001,45,"prot25_age",-0.8,-0.314475714483299,1
1,2,0.001,45,"prot25_income",0,0.0529641185996253,1
1,2,0.001,45,"prot25_child",0.4,0.208337290681708,1
1,2,0.001,45,"prot50_male",0,0.0100173563850152,1
1,2,0.001,45,"prot50_age",1.2,0.644669487708142,1
1,2,0.001,45,"prot50_income",0,0.0206199484874301,1
1,2,0.001,45,"prot50_child",-0.2,0.00030853074595779,0
1,2,0.001,45,"invasive_male",-1,-0.469604488662058,1
1,2,0.001,45,"invasive_age",0,-4.31490081172484e-06,0
1,2,0.001,45,"invasive_income",-0.3,-0.177254190855078,1
1,2,0.001,45,"invasive_child",0,0.0961188857475378,1
1,2,0.001,46,"ASC2_male",-0.3,-0.267807775207466,1
1,2,0.001,46,"ASC2_age",0,0.015397853407111,1
1,2,0.001,46,"ASC2_income",-0.4,-0.247418507307828,1
1,2,0.001,46,"ASC2_child",0,2.66032827865911e-10,0
1,2,0.001,46,"ASC3_male",0,-0.0215913822563275,1
1,2,0.001,46,"ASC3_age",0,0.0489188466562022,1
1,2,0.001,46,"ASC3_income",0,-0.0418608098231872,1
1,2,0.001,46,"ASC3_child",0,-7.03219522367008e-07,0
1,2,0.001,46,"prot25_male",0,6.22685359384736e-05,0
1,2,0.001,46,"prot25_age",0.9,0.363286874190355,1
1,2,0.001,46,"prot25_income",0.4,0.226233800249928,1
1,2,0.001,46,"prot25_child",0.5,0.261792401077624,1
1,2,0.001,46,"prot50_male",0.7,0.236936985168279,1
1,2,0.001,46,"prot50_age",0.5,0.228602001783884,1
1,2,0.001,46,"prot50_income",-0.5,-0.266912399198585,1
1,2,0.001,46,"prot50_child",0.7,0.179764696252009,1
1,2,0.001,46,"invasive_male",0,-0.013500927646141,1
1,2,0.001,46,"invasive_age",0,0.0210362171143971,1
1,2,0.001,46,"invasive_income",0,-0.0334251751886535,1
1,2,0.001,46,"invasive_child",0.6,0.181627786209465,1
1,2,0.001,47,"ASC2_male",0,-0.0747312388744933,1
1,2,0.001,47,"ASC2_age",0,-0.083123764772722,1
1,2,0.001,47,"ASC2_income",-0.7,-0.321053604223747,1
1,2,0.001,47,"ASC2_child",0.9,0.479793872848315,1
1,2,0.001,47,"ASC3_male",0,-0.136022757960308,1
1,2,0.001,47,"ASC3_age",1,0.479028438785274,1
1,2,0.001,47,"ASC3_income",0,0.0634360878538338,1
1,2,0.001,47,"ASC3_child",0,4.39067999113113e-10,0
1,2,0.001,47,"prot25_male",1.2,0.573272051932774,1
1,2,0.001,47,"prot25_age",1,0.574106349698562,1
1,2,0.001,47,"prot25_income",0,8.09379634429157e-07,0
1,2,0.001,47,"prot25_child",0.5,0.203866750942493,1
1,2,0.001,47,"prot50_male",-0.1,-4.28071179886412e-09,0
1,2,0.001,47,"prot50_age",0,0.0173748820716642,1
1,2,0.001,47,"prot50_income",1,0.464633329391619,1
1,2,0.001,47,"prot50_child",0,0.0054834916794239,1
1,2,0.001,47,"invasive_male",0,3.44842004707535e-09,0
1,2,0.001,47,"invasive_age",0,-0.047481293856547,1
1,2,0.001,47,"invasive_income",-0.3,-0.0645348526534216,1
1,2,0.001,47,"invasive_child",-0.9,-0.508673991563207,1
1,2,0.001,48,"ASC2_male",0.3,0.0533721038330376,1
1,2,0.001,48,"ASC2_age",0,-6.20315710688202e-07,0
1,2,0.001,48,"ASC2_income",-1.1,-0.503646264959266,1
1,2,0.001,48,"ASC2_child",0,-0.0204137598040893,1
1,2,0.001,48,"ASC3_male",0,-2.0289141574655e-07,0
1,2,0.001,48,"ASC3_age",1,0.442565389504524,1
1,2,0.001,48,"ASC3_income",0.7,0.293861873861756,1
1,2,0.001,48,"ASC3_child",0.9,0.350917124595986,1
1,2,0.001,48,"prot25_male",1,0.524103204539253,1
1,2,0.001,48,"prot25_age",0,-0.012329100415801,1
1,2,0.001,48,"prot25_income",0.2,0.0525971077437439,1
1,2,0.001,48,"prot25_child",0,-8.12096490185039e-09,0
1,2,0.001,48,"prot50_male",-0.7,-0.0928646717742063,1
1,2,0.001,48,"prot50_age",0,1.75761003004051e-07,0
1,2,0.001,48,"prot50_income",0,-0.0333548587685805,1
1,2,0.001,48,"prot50_child",0.1,0.0862551185671208,1
1,2,0.001,48,"invasive_male",0,-2.2342350519703e-08,0
1,2,0.001,48,"invasive_age",0,0.00533125258039963,1
1,2,0.001,48,"invasive_income",0.6,0.188826570291502,1
1,2,0.001,48,"invasive_child",0,-0.0446130788561579,1
1,2,0.001,49,"ASC2_male",0,0.00515637876338834,1
1,2,0.001,49,"ASC2_age",0.6,0.222834329445017,1
1,2,0.001,49,"ASC2_income",0,0.0372051178596901,1
1,2,0.001,49,"ASC2_child",0.6,0.2708968093292,1
1,2,0.001,49,"ASC3_male",0,-0.0646839408774892,1
1,2,0.001,49,"ASC3_age",0.5,0.222621768770708,1
1,2,0.001,49,"ASC3_income",-0.2,-0.153331330569557,1
1,2,0.001,49,"ASC3_child",0,-0.0868176613974436,1
1,2,0.001,49,"prot25_male",1,0.433270404575333,1
1,2,0.001,49,"prot25_age",0,0.0602464520958179,1
1,2,0.001,49,"prot25_income",0.8,0.379404493247907,1
1,2,0.001,49,"prot25_child",-1,-0.513981106891836,1
1,2,0.001,49,"prot50_male",0,-0.0998408042038062,1
1,2,0.001,49,"prot50_age",0.7,0.423735660420928,1
1,2,0.001,49,"prot50_income",0,-0.0223210185205451,1
1,2,0.001,49,"prot50_child",-1,-0.414079224377504,1
1,2,0.001,49,"invasive_male",-0.2,-0.156579000710721,1
1,2,0.001,49,"invasive_age",0,0.0248601749848177,1
1,2,0.001,49,"invasive_income",0,0.0316699098825697,1
1,2,0.001,49,"invasive_child",0,-0.0235164112704974,1
1,2,0.001,50,"ASC2_male",0,-1.45390315961555e-08,0
1,2,0.001,50,"ASC2_age",0,-0.0666475831083387,1
1,2,0.001,50,"ASC2_income",0.4,0.203153775741334,1
1,2,0.001,50,"ASC2_child",0.1,-0.102285175394213,1
1,2,0.001,50,"ASC3_male",0,-0.00915092730049242,1
1,2,0.001,50,"ASC3_age",0,-0.0443562763998298,1
1,2,0.001,50,"ASC3_income",0,-0.0238869910914305,1
1,2,0.001,50,"ASC3_child",-0.2,-0.223185612883721,1
1,2,0.001,50,"prot25_male",-0.4,-0.225908004409417,1
1,2,0.001,50,"prot25_age",1.2,0.6517720706241,1
1,2,0.001,50,"prot25_income",-0.6,-0.315879054098716,1
1,2,0.001,50,"prot25_child",0,-3.13644725158772e-08,0
1,2,0.001,50,"prot50_male",1,0.513268530772473,1
1,2,0.001,50,"prot50_age",-0.3,-0.0478457747945265,1
1,2,0.001,50,"prot50_income",0,-0.0367338398515759,1
1,2,0.001,50,"prot50_child",0,0.0835067865697039,1
1,2,0.001,50,"invasive_male",-1,-0.479015243241262,1
1,2,0.001,50,"invasive_age",0.4,0.197148906902712,1
1,2,0.001,50,"invasive_income",0,-0.00936481066088481,1
1,2,0.001,50,"invasive_child",0,-0.00266145928332895,1
1,2,0.001,51,"ASC2_male",1.1,0.406614704553899,1
1,2,0.001,51,"ASC2_age",0,0.00358420438798417,1
1,2,0.001,51,"ASC2_income",-0.5,-0.249437243724128,1
1,2,0.001,51,"ASC2_child",0,-0.0622603773404791,1
1,2,0.001,51,"ASC3_male",0,-0.153414083146799,1
1,2,0.001,51,"ASC3_age",-1,-0.535392614899555,1
1,2,0.001,51,"ASC3_income",-0.5,-0.209335409110167,1
1,2,0.001,51,"ASC3_child",0,-7.77820184404733e-09,0
1,2,0.001,51,"prot25_male",0,0.0303558762598241,1
1,2,0.001,51,"prot25_age",-0.8,-0.380360194547743,1
1,2,0.001,51,"prot25_income",0.9,0.436149928967594,1
1,2,0.001,51,"prot25_child",0.8,0.524978131989128,1
1,2,0.001,51,"prot50_male",-1,-0.412198720303312,1
1,2,0.001,51,"prot50_age",0,8.34788865419772e-07,0
1,2,0.001,51,"prot50_income",0,0.0114621526711252,1
1,2,0.001,51,"prot50_child",0,-0.0734497803051747,1
1,2,0.001,51,"invasive_male",0.9,0.498471394334208,1
1,2,0.001,51,"invasive_age",0,-5.86985608262418e-09,0
1,2,0.001,51,"invasive_income",-0.4,-0.245549277011993,1
1,2,0.001,51,"invasive_child",0,-0.00938947700677235,1
1,2,0.001,52,"ASC2_male",0,-0.0333852793546708,1
1,2,0.001,52,"ASC2_age",0.8,0.408100947490133,1
1,2,0.001,52,"ASC2_income",0,0.117625484301023,1
1,2,0.001,52,"ASC2_child",0,9.16543897665805e-05,0
1,2,0.001,52,"ASC3_male",1.1,0.419322296344643,1
1,2,0.001,52,"ASC3_age",0,0.0632084883286663,1
1,2,0.001,52,"ASC3_income",0.2,0.150415334059984,1
1,2,0.001,52,"ASC3_child",0,0.0267337243732252,1
1,2,0.001,52,"prot25_male",-0.9,-0.313649006749211,1
1,2,0.001,52,"prot25_age",1.1,0.497855725601097,1
1,2,0.001,52,"prot25_income",0,-0.0605038997525652,1
1,2,0.001,52,"prot25_child",-1.1,-0.536926945892436,1
1,2,0.001,52,"prot50_male",0,0.214961704853328,1
1,2,0.001,52,"prot50_age",0,-2.01452814922945e-08,0
1,2,0.001,52,"prot50_income",0.9,0.350753482017063,1
1,2,0.001,52,"prot50_child",-0.2,0.0197623875186709,1
1,2,0.001,52,"invasive_male",0.2,0.239492421689876,1
1,2,0.001,52,"invasive_age",0,-0.0459337221464289,1
1,2,0.001,52,"invasive_income",-0.9,-0.397604189322645,1
1,2,0.001,52,"invasive_child",0,-0.000521861125807084,0
1,2,0.001,53,"ASC2_male",0,-1.32552063361538e-07,0
1,2,0.001,53,"ASC2_age",0,-0.0914166844192888,1
1,2,0.001,53,"ASC2_income",-0.7,-0.335594949316765,1
1,2,0.001,53,"ASC2_child",0.7,0.218396718093928,1
1,2,0.001,53,"ASC3_male",0,-0.0779186206570822,1
1,2,0.001,53,"ASC3_age",-0.4,-0.233932861974939,1
1,2,0.001,53,"ASC3_income",0,0.0715942185128186,1
1,2,0.001,53,"ASC3_child",0,2.40335439010318e-05,0
1,2,0.001,53,"prot25_male",-1.1,-0.546446599434134,1
1,2,0.001,53,"prot25_age",-0.4,-0.109912328443105,1
1,2,0.001,53,"prot25_income",0,-0.0560478911649699,1
1,2,0.001,53,"prot25_child",0,-1.62978386006843e-07,0
1,2,0.001,53,"prot50_male",0,0.100215030844604,1
1,2,0.001,53,"prot50_age",0.4,0.221479545570648,1
1,2,0.001,53,"prot50_income",0,-0.0582707323757879,1
1,2,0.001,53,"prot50_child",0,1.26526876504797e-08,0
1,2,0.001,53,"invasive_male",-1.1,-0.439432342276527,1
1,2,0.001,53,"invasive_age",0.4,0.0583908618322179,1
1,2,0.001,53,"invasive_income",-0.4,-0.276077258889185,1
1,2,0.001,53,"invasive_child",0.5,0.156500934140384,1
1,2,0.001,54,"ASC2_male",-1,-0.370527415729572,1
1,2,0.001,54,"ASC2_age",0.5,0.231546801766,1
1,2,0.001,54,"ASC2_income",0,-1.26241330691505e-08,0
1,2,0.001,54,"ASC2_child",0.2,0.0604275938290668,1
1,2,0.001,54,"ASC3_male",0.5,0.200163133595501,1
1,2,0.001,54,"ASC3_age",-0.2,-0.0466030166791987,1
1,2,0.001,54,"ASC3_income",0,-6.76720270280451e-09,0
1,2,0.001,54,"ASC3_child",0,-4.03399240100987e-08,0
1,2,0.001,54,"prot25_male",0,-1.03340203695183e-08,0
1,2,0.001,54,"prot25_age",0,-2.07800508183094e-08,0
1,2,0.001,54,"prot25_income",0.3,0.14806681733689,1
1,2,0.001,54,"prot25_child",0,0.0368975137446232,1
1,2,0.001,54,"prot50_male",0,1.77279990769198e-08,0
1,2,0.001,54,"prot50_age",0.9,0.43077536599189,1
1,2,0.001,54,"prot50_income",0,9.63235058038795e-09,0
1,2,0.001,54,"prot50_child",-0.4,-0.161175538891553,1
1,2,0.001,54,"invasive_male",0,0.137173213345946,1
1,2,0.001,54,"invasive_age",0.9,0.423093773987903,1
1,2,0.001,54,"invasive_income",-0.4,-0.148446868947567,1
1,2,0.001,54,"invasive_child",0,-1.39107808623644e-08,0
1,2,0.001,55,"ASC2_male",0.9,0.368265719179105,1
1,2,0.001,55,"ASC2_age",0,-0.0191586508082601,1
1,2,0.001,55,"ASC2_income",0,6.8377236692919e-08,0
1,2,0.001,55,"ASC2_child",0.9,0.380644910348352,1
1,2,0.001,55,"ASC3_male",0,-0.00647503810294393,1
1,2,0.001,55,"ASC3_age",0,-0.0700898888431124,1
1,2,0.001,55,"ASC3_income",0,0.0867443166528659,1
1,2,0.001,55,"ASC3_child",-1,-0.595827577564618,1
1,2,0.001,55,"prot25_male",-0.9,-0.276644154662818,1
1,2,0.001,55,"prot25_age",-0.6,-0.203207857117373,1
1,2,0.001,55,"prot25_income",0,-0.0729150700617132,1
1,2,0.001,55,"prot25_child",-0.3,0.0619497900573094,1
1,2,0.001,55,"prot50_male",-0.9,-0.199025539873404,1
1,2,0.001,55,"prot50_age",0,-2.01739492375685e-08,0
1,2,0.001,55,"prot50_income",1.1,0.472149878096095,1
1,2,0.001,55,"prot50_child",0,0.114293492801898,1
1,2,0.001,55,"invasive_male",0.8,0.425709024534455,1
1,2,0.001,55,"invasive_age",-0.8,-0.403288291490293,1
1,2,0.001,55,"invasive_income",0,-0.059946362688416,1
1,2,0.001,55,"invasive_child",0,0.0655760972777285,1
1,2,0.001,56,"ASC2_male",0,-0.00189694769794211,1
1,2,0.001,56,"ASC2_age",1.1,0.515649474627302,1
1,2,0.001,56,"ASC2_income",0,0.0157236527958932,1
1,2,0.001,56,"ASC2_child",0,0.161988901929777,1
1,2,0.001,56,"ASC3_male",0,0.0276383439136979,1
1,2,0.001,56,"ASC3_age",-1,-0.557264957416527,1
1,2,0.001,56,"ASC3_income",0.8,0.403272183886926,1
1,2,0.001,56,"ASC3_child",0,-4.59669745583657e-08,0
1,2,0.001,56,"prot25_male",0,-0.0788857443372569,1
1,2,0.001,56,"prot25_age",0.9,0.441569625285132,1
1,2,0.001,56,"prot25_income",0,-0.0389046845079425,1
1,2,0.001,56,"prot25_child",0,0.0626318558481683,1
1,2,0.001,56,"prot50_male",0.5,0.218896388863732,1
1,2,0.001,56,"prot50_age",0,-0.0222414056923587,1
1,2,0.001,56,"prot50_income",-0.8,-0.468777810436632,1
1,2,0.001,56,"prot50_child",-0.4,-0.150879636376335,1
1,2,0.001,56,"invasive_male",0,-0.00847203981387985,1
1,2,0.001,56,"invasive_age",0.7,0.283890820420266,1
1,2,0.001,56,"invasive_income",1.1,0.517121517411845,1
1,2,0.001,56,"invasive_child",0.3,0.190239381198238,1
1,2,0.001,57,"ASC2_male",0,-0.107165000400457,1
1,2,0.001,57,"ASC2_age",0,-0.056895621643613,1
1,2,0.001,57,"ASC2_income",1,0.599482507749901,1
1,2,0.001,57,"ASC2_child",1.1,0.418588532382877,1
1,2,0.001,57,"ASC3_male",0,0.0267753563773996,1
1,2,0.001,57,"ASC3_age",0.9,0.430359386870581,1
1,2,0.001,57,"ASC3_income",0,0.0347244472456936,1
1,2,0.001,57,"ASC3_child",0,-0.0630407929156455,1
1,2,0.001,57,"prot25_male",0.1,0.112549712428918,1
1,2,0.001,57,"prot25_age",0,0.0200658812411585,1
1,2,0.001,57,"prot25_income",0,-0.0625032758120624,1
1,2,0.001,57,"prot25_child",-0.4,-0.136335920275781,1
1,2,0.001,57,"prot50_male",1,0.548366621540499,1
1,2,0.001,57,"prot50_age",-0.9,-0.408424983734157,1
1,2,0.001,57,"prot50_income",0,-0.00246688652526095,1
1,2,0.001,57,"prot50_child",-0.2,-0.0475108370664589,1
1,2,0.001,57,"invasive_male",-0.4,-0.0925732686114966,1
1,2,0.001,57,"invasive_age",1,0.470020620472383,1
1,2,0.001,57,"invasive_income",0,0.00512262978965494,1
1,2,0.001,57,"invasive_child",0,-0.0221137019872073,1
1,2,0.001,58,"ASC2_male",0,2.02905230676594e-08,0
1,2,0.001,58,"ASC2_age",-0.4,-0.127691753629189,1
1,2,0.001,58,"ASC2_income",1.1,0.492391380597232,1
1,2,0.001,58,"ASC2_child",0.4,0.106596605141741,1
1,2,0.001,58,"ASC3_male",0,-3.15262138209369e-08,0
1,2,0.001,58,"ASC3_age",-0.6,-0.195983689862579,1
1,2,0.001,58,"ASC3_income",0,0.0212603336859632,1
1,2,0.001,58,"ASC3_child",0,-0.0728120730208352,1
1,2,0.001,58,"prot25_male",0.2,3.85897835275764e-08,0
1,2,0.001,58,"prot25_age",0,1.10867348203507e-07,0
1,2,0.001,58,"prot25_income",0,0.035493151927489,1
1,2,0.001,58,"prot25_child",-0.4,-2.29799170077463e-07,0
1,2,0.001,58,"prot50_male",0.6,0.19271712089532,1
1,2,0.001,58,"prot50_age",0,-0.03855769986041,1
1,2,0.001,58,"prot50_income",0,-1.11353128131083e-09,0
1,2,0.001,58,"prot50_child",-0.7,-0.0336680446006527,1
1,2,0.001,58,"invasive_male",-1,-0.494316544079486,1
1,2,0.001,58,"invasive_age",0.8,0.4048930035474,1
1,2,0.001,58,"invasive_income",0,0.0176360572588129,1
1,2,0.001,58,"invasive_child",0,-7.7502152411038e-08,0
1,2,0.001,59,"ASC2_male",1.2,0.49276756293675,1
1,2,0.001,59,"ASC2_age",1.1,0.508566999007045,1
1,2,0.001,59,"ASC2_income",0,-1.2005927704432e-08,0
1,2,0.001,59,"ASC2_child",0.2,0.0128321674676054,1
1,2,0.001,59,"ASC3_male",0,1.44922842700889e-09,0
1,2,0.001,59,"ASC3_age",1,0.476289472316382,1
1,2,0.001,59,"ASC3_income",0,-6.2527401794563e-09,0
1,2,0.001,59,"ASC3_child",0,-0.0469705888283069,1
1,2,0.001,59,"prot25_male",0.3,0.0560561771768692,1
1,2,0.001,59,"prot25_age",0,0.0706271491369287,1
1,2,0.001,59,"prot25_income",0.4,0.155050490345466,1
1,2,0.001,59,"prot25_child",0.3,0.164472971959826,1
1,2,0.001,59,"prot50_male",0,1.83126028185344e-09,0
1,2,0.001,59,"prot50_age",0,0.0102212452231825,1
1,2,0.001,59,"prot50_income",1,0.447658698314751,1
1,2,0.001,59,"prot50_child",0.9,0.3413852140526,1
1,2,0.001,59,"invasive_male",0,3.73454879988385e-09,0
1,2,0.001,59,"invasive_age",0,0.00631501867780474,1
1,2,0.001,59,"invasive_income",0,-1.66091335253843e-08,0
1,2,0.001,59,"invasive_child",-0.6,-0.317512947640658,1
1,2,0.001,60,"ASC2_male",-1,-0.428624145921216,1
1,2,0.001,60,"ASC2_age",-0.1,0.031748440741054,1
1,2,0.001,60,"ASC2_income",0,0.0304648922870332,1
1,2,0.001,60,"ASC2_child",-0.4,-0.0734868515271149,1
1,2,0.001,60,"ASC3_male",-1.1,-0.374350816217472,1
1,2,0.001,60,"ASC3_age",0,0.0558804515061116,1
1,2,0.001,60,"ASC3_income",0,-0.00315203384350036,1
1,2,0.001,60,"ASC3_child",1.2,0.707745913274979,1
1,2,0.001,60,"prot25_male",-1.1,-0.600619532535567,1
1,2,0.001,60,"prot25_age",-0.8,-0.389532588437044,1
1,2,0.001,60,"prot25_income",0,-0.0416406032768753,1
1,2,0.001,60,"prot25_child",0,-0.219846055912652,1
1,2,0.001,60,"prot50_male",-0.4,-0.199957113531758,1
1,2,0.001,60,"prot50_age",0,-0.00267062248273323,1
1,2,0.001,60,"prot50_income",0,-0.0416421807430655,1
1,2,0.001,60,"prot50_child",0,-0.122506791741063,1
1,2,0.001,60,"invasive_male",1.1,0.580011999710499,1
1,2,0.001,60,"invasive_age",0,0.10479476880709,1
1,2,0.001,60,"invasive_income",0,0.0218861106429504,1
1,2,0.001,60,"invasive_child",-0.4,-0.0885870245698932,1
1,2,0.001,61,"ASC2_male",-0.6,-0.31525784213042,1
1,2,0.001,61,"ASC2_age",0,-6.56763802234234e-06,0
1,2,0.001,61,"ASC2_income",0.3,0.130977075571572,1
1,2,0.001,61,"ASC2_child",0.8,0.163293213023754,1
1,2,0.001,61,"ASC3_male",0.5,0.125499494514727,1
1,2,0.001,61,"ASC3_age",0,-1.30051296548257e-07,0
1,2,0.001,61,"ASC3_income",0,-3.12779999786451e-07,0
1,2,0.001,61,"ASC3_child",0,-0.0682003713198499,1
1,2,0.001,61,"prot25_male",0,0.0211661441288331,1
1,2,0.001,61,"prot25_age",-0.6,-0.29747132885971,1
1,2,0.001,61,"prot25_income",0,-7.2439987011036e-10,0
1,2,0.001,61,"prot25_child",0,-3.43898213376106e-09,0
1,2,0.001,61,"prot50_male",0,-1.73519564656979e-10,0
1,2,0.001,61,"prot50_age",-0.4,-0.156008529409777,1
1,2,0.001,61,"prot50_income",0,-7.58432472755705e-09,0
1,2,0.001,61,"prot50_child",-0.7,-0.350841034226566,1
1,2,0.001,61,"invasive_male",0,-0.03865858428082,1
1,2,0.001,61,"invasive_age",1.1,0.487957205976038,1
1,2,0.001,61,"invasive_income",1,0.425501515774853,1
1,2,0.001,61,"invasive_child",0.5,0.192768302384113,1
1,2,0.001,62,"ASC2_male",0,-0.0860834416902719,1
1,2,0.001,62,"ASC2_age",-1,-0.475129256015174,1
1,2,0.001,62,"ASC2_income",-0.6,-0.258817790706259,1
1,2,0.001,62,"ASC2_child",0,2.44042169821578e-05,0
1,2,0.001,62,"ASC3_male",0,-0.138325961408285,1
1,2,0.001,62,"ASC3_age",0,0.024100084658675,1
1,2,0.001,62,"ASC3_income",0.3,0.166223315931798,1
1,2,0.001,62,"ASC3_child",-0.1,-2.70815998157936e-08,0
1,2,0.001,62,"prot25_male",0,0.0223561512928389,1
1,2,0.001,62,"prot25_age",-0.9,-0.456704985949739,1
1,2,0.001,62,"prot25_income",0.5,0.219853159602188,1
1,2,0.001,62,"prot25_child",0.5,0.148490605934269,1
1,2,0.001,62,"prot50_male",-0.8,-0.458016328431566,1
1,2,0.001,62,"prot50_age",0,-0.103377216772099,1
1,2,0.001,62,"prot50_income",0,-2.62604024841643e-05,0
1,2,0.001,62,"prot50_child",1.2,0.451452659099186,1
1,2,0.001,62,"invasive_male",0.3,-1.4575441998715e-07,0
1,2,0.001,62,"invasive_age",0,-0.0305539346260604,1
1,2,0.001,62,"invasive_income",0,0.0677057135919023,1
1,2,0.001,62,"invasive_child",0,2.07768945968648e-05,0
1,2,0.001,63,"ASC2_male",0.9,0.251469753560269,1
1,2,0.001,63,"ASC2_age",-0.1,0.0689289511899538,1
1,2,0.001,63,"ASC2_income",0,-0.0447803905418364,1
1,2,0.001,63,"ASC2_child",0.1,-2.00334854605641e-07,0
1,2,0.001,63,"ASC3_male",0.4,-5.72445429843778e-09,0
1,2,0.001,63,"ASC3_age",-0.7,-0.278505289513102,1
1,2,0.001,63,"ASC3_income",0,-0.0360117458569461,1
1,2,0.001,63,"ASC3_child",0,-7.66340984556637e-09,0
1,2,0.001,63,"prot25_male",0,0.171994402289049,1
1,2,0.001,63,"prot25_age",0,-0.0361302947264912,1
1,2,0.001,63,"prot25_income",-0.2,-0.10117608519868,1
1,2,0.001,63,"prot25_child",0,0.0361593657275995,1
1,2,0.001,63,"prot50_male",0,0.0273599017510747,1
1,2,0.001,63,"prot50_age",1,0.481300058679786,1
1,2,0.001,63,"prot50_income",0,-0.00130129544377467,1
1,2,0.001,63,"prot50_child",-0.2,-0.0359602971711009,1
1,2,0.001,63,"invasive_male",0,-0.100381143349411,1
1,2,0.001,63,"invasive_age",-0.5,-0.210638598976211,1
1,2,0.001,63,"invasive_income",0,-0.0334423270282839,1
1,2,0.001,63,"invasive_child",-0.6,-0.399114907527093,1
1,2,0.001,64,"ASC2_male",0,-7.04562831941314e-11,0
1,2,0.001,64,"ASC2_age",0,-1.05340736555391e-08,0
1,2,0.001,64,"ASC2_income",1.1,0.53601091589426,1
1,2,0.001,64,"ASC2_child",0.5,0.283257538918288,1
1,2,0.001,64,"ASC3_male",0,-0.0631064070144529,1
1,2,0.001,64,"ASC3_age",0,-0.0335271965202256,1
1,2,0.001,64,"ASC3_income",1.1,0.463792003672906,1
1,2,0.001,64,"ASC3_child",0,-9.08215012800993e-09,0
1,2,0.001,64,"prot25_male",0,-0.0453819657315321,1
1,2,0.001,64,"prot25_age",-1.1,-0.502704248340595,1
1,2,0.001,64,"prot25_income",-0.7,-0.341521693348323,1
1,2,0.001,64,"prot25_child",-0.8,-0.391370389094244,1
1,2,0.001,64,"prot50_male",0,0.0443040916065472,1
1,2,0.001,64,"prot50_age",0.9,0.412927232975883,1
1,2,0.001,64,"prot50_income",-0.5,-0.217534214474165,1
1,2,0.001,64,"prot50_child",0,0.034687747154307,1
1,2,0.001,64,"invasive_male",0,0.100309392114692,1
1,2,0.001,64,"invasive_age",-1.1,-0.520936903599104,1
1,2,0.001,64,"invasive_income",0.3,0.123156492417521,1
1,2,0.001,64,"invasive_child",0,-0.0763178540041975,1
1,2,0.001,65,"ASC2_male",0,-1.85573301347719e-09,0
1,2,0.001,65,"ASC2_age",0,-3.41157477320656e-09,0
1,2,0.001,65,"ASC2_income",-0.7,-0.254331212191132,1
1,2,0.001,65,"ASC2_child",0,-7.4268331159531e-08,0
1,2,0.001,65,"ASC3_male",0,-5.39680492474695e-08,0
1,2,0.001,65,"ASC3_age",-0.9,-0.418439778657348,1
1,2,0.001,65,"ASC3_income",0,0.0491189062901676,1
1,2,0.001,65,"ASC3_child",0,-0.0609034072103216,1
1,2,0.001,65,"prot25_male",0.1,0.0449444244267902,1
1,2,0.001,65,"prot25_age",-0.8,-0.378486987829928,1
1,2,0.001,65,"prot25_income",0.9,0.331727505966483,1
1,2,0.001,65,"prot25_child",0,0.0860160042456676,1
1,2,0.001,65,"prot50_male",0.8,0.472263261019005,1
1,2,0.001,65,"prot50_age",1.1,0.531451844805255,1
1,2,0.001,65,"prot50_income",-1,-0.560563979137879,1
1,2,0.001,65,"prot50_child",-1.2,-0.401276014736843,1
1,2,0.001,65,"invasive_male",0,-1.18524019770777e-07,0
1,2,0.001,65,"invasive_age",0,0.00725599549482313,1
1,2,0.001,65,"invasive_income",-1,-0.433881964299646,1
1,2,0.001,65,"invasive_child",0,0.000671742964379577,0
1,2,0.001,66,"ASC2_male",0.9,0.496453685765963,1
1,2,0.001,66,"ASC2_age",0.9,0.461892327002463,1
1,2,0.001,66,"ASC2_income",0,0.0539542878253553,1
1,2,0.001,66,"ASC2_child",0,0.0542663679102455,1
1,2,0.001,66,"ASC3_male",-0.6,-0.387435381201759,1
1,2,0.001,66,"ASC3_age",0,0.0281897848149213,1
1,2,0.001,66,"ASC3_income",-1.2,-0.553999214458154,1
1,2,0.001,66,"ASC3_child",0,0.00896844743499759,1
1,2,0.001,66,"prot25_male",0,0.0119027394318532,1
1,2,0.001,66,"prot25_age",-0.4,-0.215706329229157,1
1,2,0.001,66,"prot25_income",-0.4,-0.325614089731667,1
1,2,0.001,66,"prot25_child",0,-0.07173043249402,1
1,2,0.001,66,"prot50_male",0,0.0913406468760764,1
1,2,0.001,66,"prot50_age",0,-0.0522025593471704,1
1,2,0.001,66,"prot50_income",0.2,0.00691897378203892,1
1,2,0.001,66,"prot50_child",-0.7,-0.524176983392751,1
1,2,0.001,66,"invasive_male",0.5,0.189952178127646,1
1,2,0.001,66,"invasive_age",0.9,0.47901944200779,1
1,2,0.001,66,"invasive_income",0,-0.0258848447381877,1
1,2,0.001,66,"invasive_child",0,-0.0835859916237836,1
1,2,0.001,67,"ASC2_male",0,0.0249164486890397,1
1,2,0.001,67,"ASC2_age",-1.1,-0.578269564644033,1
1,2,0.001,67,"ASC2_income",0.6,0.346405760304241,1
1,2,0.001,67,"ASC2_child",0.3,0.0311273119400217,1
1,2,0.001,67,"ASC3_male",0,-1.41146861866267e-08,0
1,2,0.001,67,"ASC3_age",0,-0.0489679577183437,1
1,2,0.001,67,"ASC3_income",0.7,0.345792050162805,1
1,2,0.001,67,"ASC3_child",0,-0.0844087322580614,1
1,2,0.001,67,"prot25_male",0.9,0.407710624030405,1
1,2,0.001,67,"prot25_age",0.5,0.277679915896819,1
1,2,0.001,67,"prot25_income",-0.8,-0.502278934176384,1
1,2,0.001,67,"prot25_child",0,0.151441697045729,1
1,2,0.001,67,"prot50_male",-0.7,-0.403711585612645,1
1,2,0.001,67,"prot50_age",0,0.0307206907320166,1
1,2,0.001,67,"prot50_income",-0.2,-0.153002502515234,1
1,2,0.001,67,"prot50_child",0,0.0143627033585685,1
1,2,0.001,67,"invasive_male",0,-4.43452754595468e-09,0
1,2,0.001,67,"invasive_age",0,-0.0373431142492154,1
1,2,0.001,67,"invasive_income",0,0.0229496979975872,1
1,2,0.001,67,"invasive_child",0.9,0.250919115710754,1
1,2,0.001,68,"ASC2_male",0.3,1.23248848537069e-06,0
1,2,0.001,68,"ASC2_age",0.9,0.367147886541582,1
1,2,0.001,68,"ASC2_income",-1,-0.475775226632737,1
1,2,0.001,68,"ASC2_child",0.1,-8.52606966545488e-09,0
1,2,0.001,68,"ASC3_male",0,-2.90379897546055e-09,0
1,2,0.001,68,"ASC3_age",0.7,0.233940097923929,1
1,2,0.001,68,"ASC3_income",0,-2.20324573477417e-08,0
1,2,0.001,68,"ASC3_child",-0.4,-0.234201431056265,1
1,2,0.001,68,"prot25_male",0,0.0923196128751831,1
1,2,0.001,68,"prot25_age",0,0.0480077721333596,1
1,2,0.001,68,"prot25_income",0,0.00215916880077143,1
1,2,0.001,68,"prot25_child",-0.6,-0.118939164795375,1
1,2,0.001,68,"prot50_male",0,0.0663831226907074,1
1,2,0.001,68,"prot50_age",0.1,-2.50919159378558e-09,0
1,2,0.001,68,"prot50_income",0,2.60407953721462e-08,0
1,2,0.001,68,"prot50_child",0,-3.35365290062138e-07,0
1,2,0.001,68,"invasive_male",0,-0.0390546193477665,1
1,2,0.001,68,"invasive_age",0,-0.14234568607375,1
1,2,0.001,68,"invasive_income",0.5,0.277385736173619,1
1,2,0.001,68,"invasive_child",0.3,0.00586889289138928,1
1,2,0.001,69,"ASC2_male",0,-0.0936850175010229,1
1,2,0.001,69,"ASC2_age",0,-0.0412732524091856,1
1,2,0.001,69,"ASC2_income",-0.9,-0.351391960381413,1
1,2,0.001,69,"ASC2_child",0,1.96240763749098e-07,0
1,2,0.001,69,"ASC3_male",0.8,0.291625033950199,1
1,2,0.001,69,"ASC3_age",0,-0.0483799059554903,1
1,2,0.001,69,"ASC3_income",0,-7.09499567360862e-09,0
1,2,0.001,69,"ASC3_child",0,-1.1519251690567e-08,0
1,2,0.001,69,"prot25_male",-0.4,-0.0707689808149755,1
1,2,0.001,69,"prot25_age",-0.8,-0.389794392224465,1
1,2,0.001,69,"prot25_income",0,-0.0225160117395367,1
1,2,0.001,69,"prot25_child",1.2,0.696190431406297,1
1,2,0.001,69,"prot50_male",0,0.0451961770872701,1
1,2,0.001,69,"prot50_age",-0.7,-0.355816774718,1
1,2,0.001,69,"prot50_income",0,-0.0108274368486713,1
1,2,0.001,69,"prot50_child",-0.6,-0.150093295537632,1
1,2,0.001,69,"invasive_male",-1.1,-0.530247600695772,1
1,2,0.001,69,"invasive_age",0.5,0.232445128770016,1
1,2,0.001,69,"invasive_income",-0.9,-0.396058402081286,1
1,2,0.001,69,"invasive_child",0,-6.22514432017892e-09,0
1,2,0.001,70,"ASC2_male",0,-0.0267394355639511,1
1,2,0.001,70,"ASC2_age",-1,-0.554385249496212,1
1,2,0.001,70,"ASC2_income",1.2,0.491085701798438,1
1,2,0.001,70,"ASC2_child",0.3,0.077712503009526,1
1,2,0.001,70,"ASC3_male",0,0.116291774261355,1
1,2,0.001,70,"ASC3_age",-0.9,-0.499476845090362,1
1,2,0.001,70,"ASC3_income",0,-0.132335029677568,1
1,2,0.001,70,"ASC3_child",0,-0.115788531977216,1
1,2,0.001,70,"prot25_male",0,0.0165829536094107,1
1,2,0.001,70,"prot25_age",0.2,0.188026756702147,1
1,2,0.001,70,"prot25_income",0,0.104878037430874,1
1,2,0.001,70,"prot25_child",-0.7,-0.20247141396976,1
1,2,0.001,70,"prot50_male",0,-0.0495310155688055,1
1,2,0.001,70,"prot50_age",0,0.0579647847367372,1
1,2,0.001,70,"prot50_income",-0.7,-0.301596741223935,1
1,2,0.001,70,"prot50_child",0,1.31593959822754e-11,0
1,2,0.001,70,"invasive_male",-0.3,-0.126591453257735,1
1,2,0.001,70,"invasive_age",0,0.000374794781132923,0
1,2,0.001,70,"invasive_income",-0.7,-0.365315632249355,1
1,2,0.001,70,"invasive_child",-0.6,-0.436141206920563,1
1,2,0.001,71,"ASC2_male",-1.1,-0.59169430540425,1
1,2,0.001,71,"ASC2_age",0,0.00597453937353791,1
1,2,0.001,71,"ASC2_income",0,-0.0186141762681848,1
1,2,0.001,71,"ASC2_child",-0.4,-0.237268479981573,1
1,2,0.001,71,"ASC3_male",0,-0.134902633775203,1
1,2,0.001,71,"ASC3_age",0,-0.0122395091452225,1
1,2,0.001,71,"ASC3_income",-0.5,-0.190222793136262,1
1,2,0.001,71,"ASC3_child",-0.6,-0.371525996037983,1
1,2,0.001,71,"prot25_male",0,-2.24098966571521e-07,0
1,2,0.001,71,"prot25_age",0,-0.0134887163467978,1
1,2,0.001,71,"prot25_income",0,-0.0562991256440593,1
1,2,0.001,71,"prot25_child",0.2,0.0377014609620295,1
1,2,0.001,71,"prot50_male",-0.5,-0.306864064477364,1
1,2,0.001,71,"prot50_age",0.2,0.185130899157577,1
1,2,0.001,71,"prot50_income",-1.1,-0.597055069888856,1
1,2,0.001,71,"prot50_child",0,0.0893939862951226,1
1,2,0.001,71,"invasive_male",0.9,0.293087125376685,1
1,2,0.001,71,"invasive_age",1.2,0.651308784195361,1
1,2,0.001,71,"invasive_income",0,-0.0566647495265166,1
1,2,0.001,71,"invasive_child",0,-5.10118763369116e-08,0
1,2,0.001,72,"ASC2_male",0,-0.048772635375577,1
1,2,0.001,72,"ASC2_age",0,-0.0242938257011046,1
1,2,0.001,72,"ASC2_income",0.2,0.0331615007279847,1
1,2,0.001,72,"ASC2_child",0.1,0.0550912093337917,1
1,2,0.001,72,"ASC3_male",0,-0.064082280084381,1
1,2,0.001,72,"ASC3_age",0.7,0.355927778742927,1
1,2,0.001,72,"ASC3_income",0,-0.0327733608948267,1
1,2,0.001,72,"ASC3_child",0,0.00792760493403421,1
1,2,0.001,72,"prot25_male",-0.2,-1.18694413199719e-09,0
1,2,0.001,72,"prot25_age",-1.1,-0.567498857639579,1
1,2,0.001,72,"prot25_income",0,0.0208388633245616,1
1,2,0.001,72,"prot25_child",0,0.00197633140582004,1
1,2,0.001,72,"prot50_male",0.5,0.203624651824763,1
1,2,0.001,72,"prot50_age",0,-0.0517572912474098,1
1,2,0.001,72,"prot50_income",0,0.0105463423224212,1
1,2,0.001,72,"prot50_child",0.1,0.124778931975584,1
1,2,0.001,72,"invasive_male",0,-0.186102665237363,1
1,2,0.001,72,"invasive_age",0.3,0.162054576025944,1
1,2,0.001,72,"invasive_income",0.4,0.260612434729395,1
1,2,0.001,72,"invasive_child",-0.4,-0.234282107625183,1
1,2,0.001,73,"ASC2_male",0,-1.10848405019266e-10,0
1,2,0.001,73,"ASC2_age",0,0.200829196961838,1
1,2,0.001,73,"ASC2_income",0,-3.22327838623478e-08,0
1,2,0.001,73,"ASC2_child",0.9,0.420490051988452,1
1,2,0.001,73,"ASC3_male",0,-1.09511485997889e-08,0
1,2,0.001,73,"ASC3_age",-0.7,-0.149429730196679,1
1,2,0.001,73,"ASC3_income",0,0.00591427356155903,1
1,2,0.001,73,"ASC3_child",0,-1.32072155651292e-08,0
1,2,0.001,73,"prot25_male",-0.5,-0.199900806146823,1
1,2,0.001,73,"prot25_age",1,0.301841180417051,1
1,2,0.001,73,"prot25_income",0,-0.0123565704356228,1
1,2,0.001,73,"prot25_child",0,-5.97524183933269e-10,0
1,2,0.001,73,"prot50_male",0.6,0.284712655644015,1
1,2,0.001,73,"prot50_age",0.8,0.265690269501098,1
1,2,0.001,73,"prot50_income",1.2,0.622850647786004,1
1,2,0.001,73,"prot50_child",0.9,0.385853824788265,1
1,2,0.001,73,"invasive_male",0,-3.39731768875868e-10,0
1,2,0.001,73,"invasive_age",-1.2,-0.50009447131145,1
1,2,0.001,73,"invasive_income",0,-6.52233355945e-11,0
1,2,0.001,73,"invasive_child",1.1,0.491476001129575,1
1,2,0.001,74,"ASC2_male",0,-0.00609715208940678,1
1,2,0.001,74,"ASC2_age",0,0.0146826886663671,1
1,2,0.001,74,"ASC2_income",-0.5,-0.213621228936866,1
1,2,0.001,74,"ASC2_child",0,-9.07946848748054e-09,0
1,2,0.001,74,"ASC3_male",0.2,0.0988529096716157,1
1,2,0.001,74,"ASC3_age",0,6.38401877233101e-09,0
1,2,0.001,74,"ASC3_income",1,0.551988380440036,1
1,2,0.001,74,"ASC3_child",-0.8,-0.44600733184727,1
1,2,0.001,74,"prot25_male",-1.1,-0.535926510180818,1
1,2,0.001,74,"prot25_age",-0.7,-0.314858286332818,1
1,2,0.001,74,"prot25_income",0.8,0.338795537387342,1
1,2,0.001,74,"prot25_child",0,-3.74011036788252e-09,0
1,2,0.001,74,"prot50_male",0.5,0.35745815270412,1
1,2,0.001,74,"prot50_age",0,-0.00655991044180058,1
1,2,0.001,74,"prot50_income",-0.2,-0.212734642390752,1
1,2,0.001,74,"prot50_child",0,2.26320021552427e-08,0
1,2,0.001,74,"invasive_male",0,-0.0664926183911197,1
1,2,0.001,74,"invasive_age",0,0.0281424623588706,1
1,2,0.001,74,"invasive_income",0,-7.64880509351462e-09,0
1,2,0.001,74,"invasive_child",1.1,0.456146837625708,1
1,2,0.001,75,"ASC2_male",0,-0.111032802970571,1
1,2,0.001,75,"ASC2_age",0,-0.00341348752022326,1
1,2,0.001,75,"ASC2_income",-0.1,-7.42852102058119e-09,0
1,2,0.001,75,"ASC2_child",0,-1.16811455026104e-08,0
1,2,0.001,75,"ASC3_male",0,-1.01669617724233e-08,0
1,2,0.001,75,"ASC3_age",-0.8,-0.389528825746932,1
1,2,0.001,75,"ASC3_income",0,-5.80141185879676e-08,0
1,2,0.001,75,"ASC3_child",0.3,0.11707199496976,1
1,2,0.001,75,"prot25_male",0,-1.41902041890661e-08,0
1,2,0.001,75,"prot25_age",0,-0.0311115798542795,1
1,2,0.001,75,"prot25_income",-0.5,-0.227296855522766,1
1,2,0.001,75,"prot25_child",0.6,0.1540197905909,1
1,2,0.001,75,"prot50_male",0,0.0129199673725942,1
1,2,0.001,75,"prot50_age",0,3.4601563262496e-10,0
1,2,0.001,75,"prot50_income",-0.5,-0.286038224118586,1
1,2,0.001,75,"prot50_child",0,-5.32744137248811e-09,0
1,2,0.001,75,"invasive_male",-0.9,-0.500673814635971,1
1,2,0.001,75,"invasive_age",-0.1,-0.0646983667080529,1
1,2,0.001,75,"invasive_income",1.1,0.539145995893328,1
1,2,0.001,75,"invasive_child",0.1,-9.04831309997576e-09,0
1,2,0.001,76,"ASC2_male",0,-0.15342907174183,1
1,2,0.001,76,"ASC2_age",-0.8,-0.382504876454187,1
1,2,0.001,76,"ASC2_income",-0.8,-0.364071967860481,1
1,2,0.001,76,"ASC2_child",0,-1.04022193220244e-08,0
1,2,0.001,76,"ASC3_male",1,0.241962108449609,1
1,2,0.001,76,"ASC3_age",0.2,0.0869279245592648,1
1,2,0.001,76,"ASC3_income",0.7,0.34657652709625,1
1,2,0.001,76,"ASC3_child",0,6.23790951464729e-08,0
1,2,0.001,76,"prot25_male",1,0.682275974557169,1
1,2,0.001,76,"prot25_age",-0.4,-0.194325818979498,1
1,2,0.001,76,"prot25_income",0,-5.7962755818468e-10,0
1,2,0.001,76,"prot25_child",0,-1.45025473166946e-08,0
1,2,0.001,76,"prot50_male",-1.1,-0.240588412391479,1
1,2,0.001,76,"prot50_age",0,-9.01218044233004e-09,0
1,2,0.001,76,"prot50_income",0,-1.26189214822913e-08,0
1,2,0.001,76,"prot50_child",0,4.62451279548198e-06,0
1,2,0.001,76,"invasive_male",0.5,0.268200230349841,1
1,2,0.001,76,"invasive_age",0,-1.1226787036556e-08,0
1,2,0.001,76,"invasive_income",0,-3.99096207618433e-10,0
1,2,0.001,76,"invasive_child",-1.2,-0.472019588801686,1
1,2,0.001,77,"ASC2_male",0.4,0.0776338783099383,1
1,2,0.001,77,"ASC2_age",0,0.0713416239460694,1
1,2,0.001,77,"ASC2_income",0,0.0779427845154026,1
1,2,0.001,77,"ASC2_child",-1.1,-0.553210930852832,1
1,2,0.001,77,"ASC3_male",0,-0.197034577357416,1
1,2,0.001,77,"ASC3_age",0,0.0929675721877206,1
1,2,0.001,77,"ASC3_income",-1.1,-0.48376339196257,1
1,2,0.001,77,"ASC3_child",0.7,0.373013123164272,1
1,2,0.001,77,"prot25_male",-0.1,0.0269895154719233,1
1,2,0.001,77,"prot25_age",0,-0.0348328303413251,1
1,2,0.001,77,"prot25_income",0.8,0.287422454730838,1
1,2,0.001,77,"prot25_child",-0.7,-0.275007109524435,1
1,2,0.001,77,"prot50_male",0,0.171867963317826,1
1,2,0.001,77,"prot50_age",0.4,0.202636836696274,1
1,2,0.001,77,"prot50_income",0.8,0.31794397799167,1
1,2,0.001,77,"prot50_child",0,-0.0276442665720011,1
1,2,0.001,77,"invasive_male",0,-8.71055142347622e-08,0
1,2,0.001,77,"invasive_age",0,1.27500346872555e-08,0
1,2,0.001,77,"invasive_income",0,-1.14521146739566e-08,0
1,2,0.001,77,"invasive_child",0.9,0.31431061747282,1
1,2,0.001,78,"ASC2_male",-0.6,-0.323396725962753,1
1,2,0.001,78,"ASC2_age",0,0.00681672843846456,1
1,2,0.001,78,"ASC2_income",0,-0.0535487988735615,1
1,2,0.001,78,"ASC2_child",0,-0.0357585697180805,1
1,2,0.001,78,"ASC3_male",-1.2,-0.487945373896497,1
1,2,0.001,78,"ASC3_age",-0.7,-0.385610316649976,1
1,2,0.001,78,"ASC3_income",0,-0.0344948706039555,1
1,2,0.001,78,"ASC3_child",0.8,0.339136121889401,1
1,2,0.001,78,"prot25_male",0.4,0.111942018961677,1
1,2,0.001,78,"prot25_age",0,-0.00192843160346904,1
1,2,0.001,78,"prot25_income",0,0.0366010573434743,1
1,2,0.001,78,"prot25_child",-1.2,-0.613054484603334,1
1,2,0.001,78,"prot50_male",0,-0.0254115073555993,1
1,2,0.001,78,"prot50_age",0.5,0.242174706694052,1
1,2,0.001,78,"prot50_income",0.1,0.0200463985138215,1
1,2,0.001,78,"prot50_child",0.2,0.0829758593304022,1
1,2,0.001,78,"invasive_male",0,0.0933693449054751,1
1,2,0.001,78,"invasive_age",0,-0.0609822505016262,1
1,2,0.001,78,"invasive_income",0,-0.0695013343569921,1
1,2,0.001,78,"invasive_child",0.9,0.298454666046561,1
1,2,0.001,79,"ASC2_male",0,1.9033343722796e-07,0
1,2,0.001,79,"ASC2_age",0,-0.00108831432762683,1
1,2,0.001,79,"ASC2_income",0.2,0.204477330507026,1
1,2,0.001,79,"ASC2_child",0,-1.05292269661946e-08,0
1,2,0.001,79,"ASC3_male",0,-2.02873753570887e-07,0
1,2,0.001,79,"ASC3_age",-0.6,-0.304383438973101,1
1,2,0.001,79,"ASC3_income",-1,-0.381238374424908,1
1,2,0.001,79,"ASC3_child",0.7,0.326160987858735,1
1,2,0.001,79,"prot25_male",0,0.0872861271454721,1
1,2,0.001,79,"prot25_age",-1,-0.490056453077229,1
1,2,0.001,79,"prot25_income",0,-0.10161150192243,1
1,2,0.001,79,"prot25_child",0,-1.2763668730986e-09,0
1,2,0.001,79,"prot50_male",-1.1,-0.413526189592177,1
1,2,0.001,79,"prot50_age",-1.1,-0.570515554446323,1
1,2,0.001,79,"prot50_income",0.9,0.341148938584034,1
1,2,0.001,79,"prot50_child",0.4,0.13355597995307,1
1,2,0.001,79,"invasive_male",-0.4,-0.100041962228509,1
1,2,0.001,79,"invasive_age",0,1.36355057446136e-07,0
1,2,0.001,79,"invasive_income",0,-1.16832020925775e-08,0
1,2,0.001,79,"invasive_child",0,-0.0478308257734579,1
1,2,0.001,80,"ASC2_male",-0.3,-0.0505553603974501,1
1,2,0.001,80,"ASC2_age",0,-0.106522304749039,1
1,2,0.001,80,"ASC2_income",0.9,0.544282051512446,1
1,2,0.001,80,"ASC2_child",-1,-0.552929472475893,1
1,2,0.001,80,"ASC3_male",0,-2.26203004425585e-07,0
1,2,0.001,80,"ASC3_age",-0.6,-0.356694169561401,1
1,2,0.001,80,"ASC3_income",0,0.0957283532804195,1
1,2,0.001,80,"ASC3_child",0,-0.0048932377729666,1
1,2,0.001,80,"prot25_male",0,0.0263795005267409,1
1,2,0.001,80,"prot25_age",0.8,0.445251271889808,1
1,2,0.001,80,"prot25_income",0.1,-2.45523893429879e-08,0
1,2,0.001,80,"prot25_child",0,-1.21143978638322e-08,0
1,2,0.001,80,"prot50_male",0,-1.55170966801407e-09,0
1,2,0.001,80,"prot50_age",0,0.00314196553833116,1
1,2,0.001,80,"prot50_income",0.7,0.290728431394307,1
1,2,0.001,80,"prot50_child",0,0.0920452165306579,1
1,2,0.001,80,"invasive_male",0,0.0558311906034819,1
1,2,0.001,80,"invasive_age",-0.8,-0.404954908670875,1
1,2,0.001,80,"invasive_income",-0.7,-0.363350375805904,1
1,2,0.001,80,"invasive_child",0.7,0.377912408530938,1
1,2,0.001,81,"ASC2_male",0,-0.00299952578087751,1
1,2,0.001,81,"ASC2_age",-1.1,-0.560403257908917,1
1,2,0.001,81,"ASC2_income",0.1,0.0626186371140304,1
1,2,0.001,81,"ASC2_child",0.8,0.271171332265682,1
1,2,0.001,81,"ASC3_male",0,-4.77972418361231e-07,0
1,2,0.001,81,"ASC3_age",0,8.88660274827615e-08,0
1,2,0.001,81,"ASC3_income",-0.8,-0.331784757521611,1
1,2,0.001,81,"ASC3_child",0,-6.82692432967445e-09,0
1,2,0.001,81,"prot25_male",0,5.48783962136227e-08,0
1,2,0.001,81,"prot25_age",-0.3,-0.14796523464808,1
1,2,0.001,81,"prot25_income",0.1,0.00323996416040001,1
1,2,0.001,81,"prot25_child",0.2,0.21300769681783,1
1,2,0.001,81,"prot50_male",0,-0.0175626656737582,1
1,2,0.001,81,"prot50_age",0.4,0.199045665303856,1
1,2,0.001,81,"prot50_income",-0.3,-0.132022268363778,1
1,2,0.001,81,"prot50_child",0,0.119326383441165,1
1,2,0.001,81,"invasive_male",0,8.63894563610955e-08,0
1,2,0.001,81,"invasive_age",0,-0.0142434053600091,1
1,2,0.001,81,"invasive_income",-0.5,-0.186787557178227,1
1,2,0.001,81,"invasive_child",0,-1.12450187659855e-09,0
1,2,0.001,82,"ASC2_male",0.9,0.290607964838211,1
1,2,0.001,82,"ASC2_age",-0.6,-0.318644462060898,1
1,2,0.001,82,"ASC2_income",1.1,0.557624613573059,1
1,2,0.001,82,"ASC2_child",-0.9,-0.348782323180454,1
1,2,0.001,82,"ASC3_male",0,-0.0197543957401689,1
1,2,0.001,82,"ASC3_age",0,-0.0332986993397992,1
1,2,0.001,82,"ASC3_income",0,-0.0113377717502256,1
1,2,0.001,82,"ASC3_child",0.3,0.255953032919027,1
1,2,0.001,82,"prot25_male",0,0.155344027879253,1
1,2,0.001,82,"prot25_age",0,0.0208075288835483,1
1,2,0.001,82,"prot25_income",0,-0.015693122265746,1
1,2,0.001,82,"prot25_child",1.1,0.477573090381406,1
1,2,0.001,82,"prot50_male",-0.4,-0.0970347800660877,1
1,2,0.001,82,"prot50_age",0,-0.0203248301456509,1
1,2,0.001,82,"prot50_income",-0.5,-0.279232360829415,1
1,2,0.001,82,"prot50_child",0,-0.0463722573273782,1
1,2,0.001,82,"invasive_male",0,0.0658056271914994,1
1,2,0.001,82,"invasive_age",-1.1,-0.576924285248383,1
1,2,0.001,82,"invasive_income",0,-0.0615546777533057,1
1,2,0.001,82,"invasive_child",0.4,0.27693244512281,1
1,2,0.001,83,"ASC2_male",0.9,0.295236112457372,1
1,2,0.001,83,"ASC2_age",0,0.0382918997387041,1
1,2,0.001,83,"ASC2_income",-0.9,-0.404157776900036,1
1,2,0.001,83,"ASC2_child",-0.8,-0.298696316935746,1
1,2,0.001,83,"ASC3_male",0.9,0.397574104043742,1
1,2,0.001,83,"ASC3_age",0,2.89278709666655e-07,0
1,2,0.001,83,"ASC3_income",0,-0.00100823825248178,1
1,2,0.001,83,"ASC3_child",0,0.0286827075149255,1
1,2,0.001,83,"prot25_male",1,0.484171578432471,1
1,2,0.001,83,"prot25_age",1.2,0.562608301469383,1
1,2,0.001,83,"prot25_income",-0.2,-0.0931885066854291,1
1,2,0.001,83,"prot25_child",0,0.015717763107671,1
1,2,0.001,83,"prot50_male",0,2.67570120220364e-11,0
1,2,0.001,83,"prot50_age",0,-2.4736220897037e-06,0
1,2,0.001,83,"prot50_income",-0.2,-0.0715248810861767,1
1,2,0.001,83,"prot50_child",0,-7.69540230831928e-09,0
1,2,0.001,83,"invasive_male",0,-0.0757589834440311,1
1,2,0.001,83,"invasive_age",-0.8,-0.371397744306759,1
1,2,0.001,83,"invasive_income",-0.9,-0.42734721229837,1
1,2,0.001,83,"invasive_child",0,-1.70680175591691e-08,0
1,2,0.001,84,"ASC2_male",0,0.0762845032602221,1
1,2,0.001,84,"ASC2_age",0,2.01562500473452e-08,0
1,2,0.001,84,"ASC2_income",0.4,0.194790358262822,1
1,2,0.001,84,"ASC2_child",-0.9,-0.580492788717022,1
1,2,0.001,84,"ASC3_male",-0.2,-9.35194068018752e-08,0
1,2,0.001,84,"ASC3_age",0.6,0.311785633608063,1
1,2,0.001,84,"ASC3_income",0.4,0.216927650572898,1
1,2,0.001,84,"ASC3_child",-0.6,-0.41630528110518,1
1,2,0.001,84,"prot25_male",0,-0.0428653289014966,1
1,2,0.001,84,"prot25_age",0,0.0142158220577606,1
1,2,0.001,84,"prot25_income",0.2,0.122199760029957,1
1,2,0.001,84,"prot25_child",-0.7,-0.260408922315114,1
1,2,0.001,84,"prot50_male",0,0.0411225403595861,1
1,2,0.001,84,"prot50_age",0,-0.0166516541828287,1
1,2,0.001,84,"prot50_income",0,-0.00515296524722007,1
1,2,0.001,84,"prot50_child",-0.9,-0.210644451288883,1
1,2,0.001,84,"invasive_male",-1.1,-0.387926421527105,1
1,2,0.001,84,"invasive_age",0,-0.002903754447803,1
1,2,0.001,84,"invasive_income",0,-2.01268790900362e-08,0
1,2,0.001,84,"invasive_child",0,0.0459897147142192,1
1,2,0.001,85,"ASC2_male",0.9,0.5211394068067,1
1,2,0.001,85,"ASC2_age",0,0.0241599272949415,1
1,2,0.001,85,"ASC2_income",0.4,0.201659013350203,1
1,2,0.001,85,"ASC2_child",0,-0.0854114690656211,1
1,2,0.001,85,"ASC3_male",0,-0.00484804937724708,1
1,2,0.001,85,"ASC3_age",0.5,0.260974461861366,1
1,2,0.001,85,"ASC3_income",0.9,0.409857142438496,1
1,2,0.001,85,"ASC3_child",0.4,0.0819978908936122,1
1,2,0.001,85,"prot25_male",0,-0.057149257886801,1
1,2,0.001,85,"prot25_age",-0.3,-0.133572213766954,1
1,2,0.001,85,"prot25_income",0.7,0.33520318899192,1
1,2,0.001,85,"prot25_child",0,0.0646686533795569,1
1,2,0.001,85,"prot50_male",0,-0.0290783696263927,1
1,2,0.001,85,"prot50_age",-0.8,-0.395347056757653,1
1,2,0.001,85,"prot50_income",-0.7,-0.310154878569032,1
1,2,0.001,85,"prot50_child",0,-0.111932709791428,1
1,2,0.001,85,"invasive_male",0,-0.0258506217947674,1
1,2,0.001,85,"invasive_age",0,8.94461847706575e-09,0
1,2,0.001,85,"invasive_income",0,0.0495360785630014,1
1,2,0.001,85,"invasive_child",0.6,0.170543632565946,1
1,2,0.001,86,"ASC2_male",0,-1.03015539223554e-07,0
1,2,0.001,86,"ASC2_age",-0.6,-0.316255341999369,1
1,2,0.001,86,"ASC2_income",0.7,0.237869024865859,1
1,2,0.001,86,"ASC2_child",0,-2.35621894052234e-09,0
1,2,0.001,86,"ASC3_male",0,-0.0412505590315267,1
1,2,0.001,86,"ASC3_age",0,-0.0635487581993389,1
1,2,0.001,86,"ASC3_income",1.2,0.524193377364929,1
1,2,0.001,86,"ASC3_child",0,-0.0514948748772434,1
1,2,0.001,86,"prot25_male",-0.7,-0.246587019598873,1
1,2,0.001,86,"prot25_age",-1,-0.539777129280888,1
1,2,0.001,86,"prot25_income",0,5.48422770851583e-05,0
1,2,0.001,86,"prot25_child",0.9,0.497286999370133,1
1,2,0.001,86,"prot50_male",1,0.649883592291056,1
1,2,0.001,86,"prot50_age",0,0.0388467908814108,1
1,2,0.001,86,"prot50_income",0,0.0537135011612664,1
1,2,0.001,86,"prot50_child",-1,-0.45388815274262,1
1,2,0.001,86,"invasive_male",0,0.0125118528468525,1
1,2,0.001,86,"invasive_age",1,0.480585673437141,1
1,2,0.001,86,"invasive_income",0,-1.17906307545518e-08,0
1,2,0.001,86,"invasive_child",0.3,0.137687101760269,1
1,2,0.001,87,"ASC2_male",-0.3,-0.1170026023994,1
1,2,0.001,87,"ASC2_age",0.1,0.00587064612754028,1
1,2,0.001,87,"ASC2_income",-0.2,-0.0497111610405377,1
1,2,0.001,87,"ASC2_child",0,-0.0962424488741626,1
1,2,0.001,87,"ASC3_male",0,-9.20441652092917e-11,0
1,2,0.001,87,"ASC3_age",0,-0.026996989182265,1
1,2,0.001,87,"ASC3_income",0.3,0.175794606608646,1
1,2,0.001,87,"ASC3_child",0.7,0.24310593942293,1
1,2,0.001,87,"prot25_male",0,1.0458535377906e-07,0
1,2,0.001,87,"prot25_age",0,1.90988950726881e-07,0
1,2,0.001,87,"prot25_income",0.5,0.218494359809355,1
1,2,0.001,87,"prot25_child",0,0.190675498728345,1
1,2,0.001,87,"prot50_male",0,-1.25519412284993e-08,0
1,2,0.001,87,"prot50_age",1,0.484527477447188,1
1,2,0.001,87,"prot50_income",1.1,0.498665833819935,1
1,2,0.001,87,"prot50_child",-0.7,-0.290495054988184,1
1,2,0.001,87,"invasive_male",0,-0.0668247033461611,1
1,2,0.001,87,"invasive_age",-1.1,-0.542066698658718,1
1,2,0.001,87,"invasive_income",0,3.79021431207606e-08,0
1,2,0.001,87,"invasive_child",0,4.90858620780635e-08,0
1,2,0.001,88,"ASC2_male",0,-8.39230835854356e-09,0
1,2,0.001,88,"ASC2_age",0.5,0.239716676548235,1
1,2,0.001,88,"ASC2_income",-1,-0.572011313847037,1
1,2,0.001,88,"ASC2_child",0,-0.147139296525843,1
1,2,0.001,88,"ASC3_male",0,-4.77127772458708e-09,0
1,2,0.001,88,"ASC3_age",0,-2.22136270209452e-09,0
1,2,0.001,88,"ASC3_income",-0.6,-0.321488295109651,1
1,2,0.001,88,"ASC3_child",1.1,0.430059382494636,1
1,2,0.001,88,"prot25_male",0.8,0.459984885653254,1
1,2,0.001,88,"prot25_age",0.3,0.157917523204491,1
1,2,0.001,88,"prot25_income",-0.5,-0.224552966358902,1
1,2,0.001,88,"prot25_child",-1,-0.383942717303999,1
1,2,0.001,88,"prot50_male",-0.2,-1.30201938298588e-08,0
1,2,0.001,88,"prot50_age",0,0.0335020826211394,1
1,2,0.001,88,"prot50_income",-0.3,-0.13255355356674,1
1,2,0.001,88,"prot50_child",0,-9.54226030637071e-09,0
1,2,0.001,88,"invasive_male",0,0.0112557661130005,1
1,2,0.001,88,"invasive_age",0,-0.0364106786085811,1
1,2,0.001,88,"invasive_income",0,-4.96611663005229e-09,0
1,2,0.001,88,"invasive_child",0,9.93278926236055e-09,0
1,2,0.001,89,"ASC2_male",0,-0.0489763392402865,1
1,2,0.001,89,"ASC2_age",0.3,0.113574878979025,1
1,2,0.001,89,"ASC2_income",0,8.80728716069418e-07,0
1,2,0.001,89,"ASC2_child",0,-5.00152909344529e-08,0
1,2,0.001,89,"ASC3_male",0,-3.89162969785616e-09,0
1,2,0.001,89,"ASC3_age",0.8,0.317336008068846,1
1,2,0.001,89,"ASC3_income",0,-6.02108186880608e-08,0
1,2,0.001,89,"ASC3_child",1,0.344906279711228,1
1,2,0.001,89,"prot25_male",0.7,0.36804336258697,1
1,2,0.001,89,"prot25_age",0,0.055998766661625,1
1,2,0.001,89,"prot25_income",0,-9.34106291173085e-09,0
1,2,0.001,89,"prot25_child",-0.2,-2.77500304765982e-10,0
1,2,0.001,89,"prot50_male",-0.6,-0.383044287120694,1
1,2,0.001,89,"prot50_age",0.2,0.144411668803875,1
1,2,0.001,89,"prot50_income",0.1,0.0127901348230437,1
1,2,0.001,89,"prot50_child",0,-7.5287302891303e-10,0
1,2,0.001,89,"invasive_male",0,-0.0715652447915962,1
1,2,0.001,89,"invasive_age",0,-0.0239012503852368,1
1,2,0.001,89,"invasive_income",0.7,0.361903528441364,1
1,2,0.001,89,"invasive_child",0.6,0.21108070434732,1
1,2,0.001,90,"ASC2_male",0,-0.0629857759852432,1
1,2,0.001,90,"ASC2_age",0.5,0.230367791007065,1
1,2,0.001,90,"ASC2_income",0.8,0.67697607242257,1
1,2,0.001,90,"ASC2_child",0.3,0.00203379264086552,1
1,2,0.001,90,"ASC3_male",0,0.0236778932274858,1
1,2,0.001,90,"ASC3_age",0.3,0.104264161135455,1
1,2,0.001,90,"ASC3_income",-1.1,-0.405399967286097,1
1,2,0.001,90,"ASC3_child",0,-0.123948076985318,1
1,2,0.001,90,"prot25_male",0,0.102689792456425,1
1,2,0.001,90,"prot25_age",1.2,0.641905902717444,1
1,2,0.001,90,"prot25_income",0.4,0.104708660439009,1
1,2,0.001,90,"prot25_child",0,0.112179551550188,1
1,2,0.001,90,"prot50_male",-0.8,-0.23727809349445,1
1,2,0.001,90,"prot50_age",0.4,0.218241400967207,1
1,2,0.001,90,"prot50_income",-0.1,-0.229026771116679,1
1,2,0.001,90,"prot50_child",0,0.152174198546093,1
1,2,0.001,90,"invasive_male",0,-0.0220682598874653,1
1,2,0.001,90,"invasive_age",0,-0.0181715897727398,1
1,2,0.001,90,"invasive_income",0,0.0727026277809879,1
1,2,0.001,90,"invasive_child",0,-0.0231459233985269,1
1,2,0.001,91,"ASC2_male",0,0.0540372931083322,1
1,2,0.001,91,"ASC2_age",-0.4,-0.270629605844082,1
1,2,0.001,91,"ASC2_income",0.3,0.224045345669455,1
1,2,0.001,91,"ASC2_child",-0.2,-0.301656061840168,1
1,2,0.001,91,"ASC3_male",0,0.134238713416102,1
1,2,0.001,91,"ASC3_age",0.2,0.0416236888029,1
1,2,0.001,91,"ASC3_income",-0.3,-0.122110835644452,1
1,2,0.001,91,"ASC3_child",-0.8,-0.575677149415124,1
1,2,0.001,91,"prot25_male",0,-0.106907212164987,1
1,2,0.001,91,"prot25_age",0,-0.0504925548223401,1
1,2,0.001,91,"prot25_income",0.8,0.373860657031315,1
1,2,0.001,91,"prot25_child",0,0.0687935371363706,1
1,2,0.001,91,"prot50_male",0.3,0.0553306921137045,1
1,2,0.001,91,"prot50_age",0,-0.0247986946668177,1
1,2,0.001,91,"prot50_income",0,0.0225960847365735,1
1,2,0.001,91,"prot50_child",0,-0.0886212701444514,1
1,2,0.001,91,"invasive_male",0,-0.011489962275933,1
1,2,0.001,91,"invasive_age",-0.2,-0.198908781338829,1
1,2,0.001,91,"invasive_income",-0.5,-0.227199414054331,1
1,2,0.001,91,"invasive_child",0,-0.261692309684624,1
1,2,0.001,92,"ASC2_male",-0.5,-0.318062468120609,1
1,2,0.001,92,"ASC2_age",1,0.490228275492048,1
1,2,0.001,92,"ASC2_income",0,0.00133200690662709,1
1,2,0.001,92,"ASC2_child",0,-0.202285376039835,1
1,2,0.001,92,"ASC3_male",0,-0.0483550751356301,1
1,2,0.001,92,"ASC3_age",0,-0.0212489475594266,1
1,2,0.001,92,"ASC3_income",0,3.21403693857226e-08,0
1,2,0.001,92,"ASC3_child",0.3,0.0294672756476553,1
1,2,0.001,92,"prot25_male",-1.1,-0.534484176642669,1
1,2,0.001,92,"prot25_age",0,0.0544844194595622,1
1,2,0.001,92,"prot25_income",-1.2,-0.677443377760671,1
1,2,0.001,92,"prot25_child",0,0.0186232497373201,1
1,2,0.001,92,"prot50_male",-0.4,-0.107602620322736,1
1,2,0.001,92,"prot50_age",-0.6,-0.298124812464821,1
1,2,0.001,92,"prot50_income",0,-0.0250211905843307,1
1,2,0.001,92,"prot50_child",0.8,0.459853246676516,1
1,2,0.001,92,"invasive_male",0,-7.05467455278808e-09,0
1,2,0.001,92,"invasive_age",0,0.0144327455506002,1
1,2,0.001,92,"invasive_income",0.7,0.339483790889305,1
1,2,0.001,92,"invasive_child",0.9,0.34878224677032,1
1,2,0.001,93,"ASC2_male",0,-0.0126621938824312,1
1,2,0.001,93,"ASC2_age",-0.9,-0.304185086581137,1
1,2,0.001,93,"ASC2_income",0,-0.00898572611799122,1
1,2,0.001,93,"ASC2_child",-0.4,-0.0840906813382078,1
1,2,0.001,93,"ASC3_male",0,-0.0762787370473589,1
1,2,0.001,93,"ASC3_age",-1.1,-0.412622798751551,1
1,2,0.001,93,"ASC3_income",0,1.37691095844325e-11,0
1,2,0.001,93,"ASC3_child",-1,-0.321906136356069,1
1,2,0.001,93,"prot25_male",0,0.0699905231538193,1
1,2,0.001,93,"prot25_age",0,-0.0866236475049246,1
1,2,0.001,93,"prot25_income",0.4,0.167360401070499,1
1,2,0.001,93,"prot25_child",1.1,0.407353558602027,1
1,2,0.001,93,"prot50_male",0,0.0486721194297644,1
1,2,0.001,93,"prot50_age",0.2,0.0097173769235588,1
1,2,0.001,93,"prot50_income",1.2,0.53483820090314,1
1,2,0.001,93,"prot50_child",-1.1,-0.629921189359044,1
1,2,0.001,93,"invasive_male",0,-0.0896849500997186,1
1,2,0.001,93,"invasive_age",0,0.101766578550296,1
1,2,0.001,93,"invasive_income",0,0.00011650325005152,0
1,2,0.001,93,"invasive_child",-0.2,-0.0916759690962085,1
1,2,0.001,94,"ASC2_male",-0.2,0.0253639031101584,1
1,2,0.001,94,"ASC2_age",0,-0.0296452442554471,1
1,2,0.001,94,"ASC2_income",-0.2,0.0416075241807662,1
1,2,0.001,94,"ASC2_child",0.3,0.123273902774497,1
1,2,0.001,94,"ASC3_male",-0.1,0.0256723515690816,1
1,2,0.001,94,"ASC3_age",0,0.0186839108168556,1
1,2,0.001,94,"ASC3_income",-1.2,-0.511540807427128,1
1,2,0.001,94,"ASC3_child",-0.5,-0.21712230784585,1
1,2,0.001,94,"prot25_male",0,-0.186129743557399,1
1,2,0.001,94,"prot25_age",0,0.0366037795387492,1
1,2,0.001,94,"prot25_income",0,-0.0827779352438691,1
1,2,0.001,94,"prot25_child",0,0.0368689574595871,1
1,2,0.001,94,"prot50_male",0,-0.131759854688131,1
1,2,0.001,94,"prot50_age",0,0.0335769111894598,1
1,2,0.001,94,"prot50_income",-0.6,-0.402517348212915,1
1,2,0.001,94,"prot50_child",0,0.035301271417623,1
1,2,0.001,94,"invasive_male",0,-0.0413358880180791,1
1,2,0.001,94,"invasive_age",1,0.531954047278889,1
1,2,0.001,94,"invasive_income",0.8,0.397803958017368,1
1,2,0.001,94,"invasive_child",0.6,0.243939296498731,1
1,2,0.001,95,"ASC2_male",-0.4,-0.158676305906716,1
1,2,0.001,95,"ASC2_age",-0.5,-0.164570716074028,1
1,2,0.001,95,"ASC2_income",0,-6.25637878298025e-07,0
1,2,0.001,95,"ASC2_child",-0.7,-0.167269117673878,1
1,2,0.001,95,"ASC3_male",-1.1,-0.485253940705449,1
1,2,0.001,95,"ASC3_age",0,-0.00662020291806076,1
1,2,0.001,95,"ASC3_income",0,-0.0196085762972356,1
1,2,0.001,95,"ASC3_child",0,-4.27256188194869e-10,0
1,2,0.001,95,"prot25_male",-0.9,-0.446874403735309,1
1,2,0.001,95,"prot25_age",0,-0.0398544698460466,1
1,2,0.001,95,"prot25_income",0,-0.0172660110568911,1
1,2,0.001,95,"prot25_child",0.5,0.012222849006399,1
1,2,0.001,95,"prot50_male",0.3,0.128545862970762,1
1,2,0.001,95,"prot50_age",0.7,0.282289491890594,1
1,2,0.001,95,"prot50_income",0,-0.0212173769792428,1
1,2,0.001,95,"prot50_child",0.6,5.65500467894385e-07,0
1,2,0.001,95,"invasive_male",0,0.0609863544395478,1
1,2,0.001,95,"invasive_age",0,-1.21019523492875e-06,0
1,2,0.001,95,"invasive_income",0,0.0422514206849404,1
1,2,0.001,95,"invasive_child",0.5,-5.14243248516253e-08,0
1,2,0.001,96,"ASC2_male",-0.1,-0.0640377309987863,1
1,2,0.001,96,"ASC2_age",0.2,0.0815410661549594,1
1,2,0.001,96,"ASC2_income",0,0.0496954361722764,1
1,2,0.001,96,"ASC2_child",-0.4,-0.16618756237163,1
1,2,0.001,96,"ASC3_male",0,-1.50203061642903e-07,0
1,2,0.001,96,"ASC3_age",0,-0.0587912440753429,1
1,2,0.001,96,"ASC3_income",-0.6,-0.275006385471226,1
1,2,0.001,96,"ASC3_child",0.6,0.29148114343466,1
1,2,0.001,96,"prot25_male",0.3,-2.5805045623846e-09,0
1,2,0.001,96,"prot25_age",0,-0.00156695307981848,1
1,2,0.001,96,"prot25_income",0,0.0443791988549116,1
1,2,0.001,96,"prot25_child",-0.8,-0.362375489253403,1
1,2,0.001,96,"prot50_male",0.3,0.126012538928341,1
1,2,0.001,96,"prot50_age",1.2,0.663566459313648,1
1,2,0.001,96,"prot50_income",0,-0.0364395176536435,1
1,2,0.001,96,"prot50_child",0,0.0872234215369068,1
1,2,0.001,96,"invasive_male",0,-6.98796353786014e-07,0
1,2,0.001,96,"invasive_age",0,0.00135958238891025,1
1,2,0.001,96,"invasive_income",0,-3.80272546936593e-09,0
1,2,0.001,96,"invasive_child",0.6,0.457891908262682,1
1,2,0.001,97,"ASC2_male",0.8,0.392103098399049,1
1,2,0.001,97,"ASC2_age",0,0.0616476263864876,1
1,2,0.001,97,"ASC2_income",-1.1,-0.425977281962561,1
1,2,0.001,97,"ASC2_child",0.9,0.475905047574759,1
1,2,0.001,97,"ASC3_male",0.5,0.297439044593018,1
1,2,0.001,97,"ASC3_age",0,0.0727291288445993,1
1,2,0.001,97,"ASC3_income",0,0.0869688110189945,1
1,2,0.001,97,"ASC3_child",0,0.044126098631572,1
1,2,0.001,97,"prot25_male",-0.4,-0.203501863566981,1
1,2,0.001,97,"prot25_age",0,-0.0218156598824557,1
1,2,0.001,97,"prot25_income",0,0.00403798798780508,1
1,2,0.001,97,"prot25_child",0,-0.00800236441588721,1
1,2,0.001,97,"prot50_male",0.4,0.125954067277797,1
1,2,0.001,97,"prot50_age",1.2,0.677034904001052,1
1,2,0.001,97,"prot50_income",-0.4,-0.202460665840668,1
1,2,0.001,97,"prot50_child",0.3,0.149110170231851,1
1,2,0.001,97,"invasive_male",0,-0.0926215182176431,1
1,2,0.001,97,"invasive_age",0,0.0708603660636723,1
1,2,0.001,97,"invasive_income",0,0.0572294858774873,1
1,2,0.001,97,"invasive_child",-0.8,-0.265803206528245,1
1,2,0.001,98,"ASC2_male",0,-5.35840632254172e-08,0
1,2,0.001,98,"ASC2_age",0.8,0.368924392292526,1
1,2,0.001,98,"ASC2_income",0,-0.0147339106364709,1
1,2,0.001,98,"ASC2_child",0.1,-1.17711877074937e-08,0
1,2,0.001,98,"ASC3_male",1.2,0.534739590875506,1
1,2,0.001,98,"ASC3_age",-0.7,-0.323481079053466,1
1,2,0.001,98,"ASC3_income",-0.6,-0.334494465084266,1
1,2,0.001,98,"ASC3_child",-0.2,-2.43904382948285e-09,0
1,2,0.001,98,"prot25_male",0,0.0031977231497534,1
1,2,0.001,98,"prot25_age",0,-5.09378813845577e-09,0
1,2,0.001,98,"prot25_income",0,-5.36605578174826e-09,0
1,2,0.001,98,"prot25_child",0.7,0.391740711630032,1
1,2,0.001,98,"prot50_male",0.5,0.298699226176969,1
1,2,0.001,98,"prot50_age",-0.7,-0.368200941129518,1
1,2,0.001,98,"prot50_income",-1.2,-0.539511964117457,1
1,2,0.001,98,"prot50_child",0,0.0726520931393772,1
1,2,0.001,98,"invasive_male",0,-1.28208236879684e-08,0
1,2,0.001,98,"invasive_age",0,-1.4358895621397e-07,0
1,2,0.001,98,"invasive_income",0,0.0391264852054527,1
1,2,0.001,98,"invasive_child",0,-0.00164665446505321,1
1,2,0.001,99,"ASC2_male",0.5,0.339951903833349,1
1,2,0.001,99,"ASC2_age",0,-0.0310226648307006,1
1,2,0.001,99,"ASC2_income",0.7,0.265890613856025,1
1,2,0.001,99,"ASC2_child",1.1,0.391766035205779,1
1,2,0.001,99,"ASC3_male",0,-9.95524469224874e-09,0
1,2,0.001,99,"ASC3_age",1.2,0.576520128032819,1
1,2,0.001,99,"ASC3_income",0,1.0394788361604e-06,0
1,2,0.001,99,"ASC3_child",0,-0.102714605325826,1
1,2,0.001,99,"prot25_male",0.3,0.0797953536891178,1
1,2,0.001,99,"prot25_age",0.9,0.447543430489026,1
1,2,0.001,99,"prot25_income",0,0.0430488842846005,1
1,2,0.001,99,"prot25_child",0,-7.48450343038935e-07,0
1,2,0.001,99,"prot50_male",0,-0.00648765675036876,1
1,2,0.001,99,"prot50_age",0,-0.028002560977105,1
1,2,0.001,99,"prot50_income",0,-0.0219318779496832,1
1,2,0.001,99,"prot50_child",1.1,0.429286053582221,1
1,2,0.001,99,"invasive_male",0,-1.5494735818316e-06,0
1,2,0.001,99,"invasive_age",0.1,0.0270346946072801,1
1,2,0.001,99,"invasive_income",1.2,0.527577715619853,1
1,2,0.001,99,"invasive_child",1.2,0.307210099618136,1
1,2,0.001,100,"ASC2_male",0,-0.0276198106104713,1
1,2,0.001,100,"ASC2_age",0,0.0026204729694384,1
1,2,0.001,100,"ASC2_income",-1,-0.411971877010381,1
1,2,0.001,100,"ASC2_child",0,-2.5710100361493e-07,0
1,2,0.001,100,"ASC3_male",0,-1.99776867861956e-08,0
1,2,0.001,100,"ASC3_age",-0.4,-0.191882420750314,1
1,2,0.001,100,"ASC3_income",-0.7,-0.272813644273067,1
1,2,0.001,100,"ASC3_child",-0.8,-0.315441025091408,1
1,2,0.001,100,"prot25_male",1,0.448857659123711,1
1,2,0.001,100,"prot25_age",0,-0.0109075427779762,1
1,2,0.001,100,"prot25_income",0,0.052796154316114,1
1,2,0.001,100,"prot25_child",0,7.00062946766161e-09,0
1,2,0.001,100,"prot50_male",1.1,0.51880056284539,1
1,2,0.001,100,"prot50_age",-0.3,-0.112874375386717,1
1,2,0.001,100,"prot50_income",0,0.0169410968156462,1
1,2,0.001,100,"prot50_child",-0.1,-0.103825573586528,1
1,2,0.001,100,"invasive_male",0,0.0941509906348523,1
1,2,0.001,100,"invasive_age",0,0.0389465333142898,1
1,2,0.001,100,"invasive_income",0.9,0.497168887850383,1
1,2,0.001,100,"invasive_child",-0.2,-0.0480237157258984,1
1,2,0.01,1,"ASC2_male",0,6.35557911576386e-07,0
1,2,0.01,1,"ASC2_age",0.6,0.251666269413172,1
1,2,0.01,1,"ASC2_income",0,-0.00507818750834574,0
1,2,0.01,1,"ASC2_child",0,-1.0071798526641e-06,0
1,2,0.01,1,"ASC3_male",0,2.17213198361164e-07,0
1,2,0.01,1,"ASC3_age",-1,-0.496458805862328,1
1,2,0.01,1,"ASC3_income",0,0.0238551134852089,1
1,2,0.01,1,"ASC3_child",0.2,0.151814956606145,1
1,2,0.01,1,"prot25_male",0,0.104842937840765,1
1,2,0.01,1,"prot25_age",-1,-0.480919223290908,1
1,2,0.01,1,"prot25_income",0,-1.44330972553817e-08,0
1,2,0.01,1,"prot25_child",1.1,0.392166671124707,1
1,2,0.01,1,"prot50_male",-0.2,-5.71459332082108e-10,0
1,2,0.01,1,"prot50_age",0.5,0.299978580346702,1
1,2,0.01,1,"prot50_income",0.6,0.296105058157288,1
1,2,0.01,1,"prot50_child",0,-4.98245586056377e-08,0
1,2,0.01,1,"invasive_male",-0.2,-0.00950876234730521,0
1,2,0.01,1,"invasive_age",0,0.0139194017774727,1
1,2,0.01,1,"invasive_income",-0.3,-0.0872713679697799,1
1,2,0.01,1,"invasive_child",0,-5.80999571941908e-08,0
1,2,0.01,2,"ASC2_male",0.2,0.0287649975934593,1
1,2,0.01,2,"ASC2_age",0,-0.00220386435042626,0
1,2,0.01,2,"ASC2_income",0.2,0.13673419806165,1
1,2,0.01,2,"ASC2_child",0,1.35234743539677e-08,0
1,2,0.01,2,"ASC3_male",-0.2,-0.0874484135076648,1
1,2,0.01,2,"ASC3_age",0,-5.07474804478495e-09,0
1,2,0.01,2,"ASC3_income",0.9,0.436419585803671,1
1,2,0.01,2,"ASC3_child",0,0.0213422891352863,1
1,2,0.01,2,"prot25_male",0,-1.38272108802952e-08,0
1,2,0.01,2,"prot25_age",-0.4,-0.162974994450288,1
1,2,0.01,2,"prot25_income",0,-1.11013031325342e-07,0
1,2,0.01,2,"prot25_child",-0.9,-0.271918431603004,1
1,2,0.01,2,"prot50_male",0,5.80608219924966e-08,0
1,2,0.01,2,"prot50_age",-1,-0.511417847150392,1
1,2,0.01,2,"prot50_income",0,0.0403002127834724,1
1,2,0.01,2,"prot50_child",0,0.106956952684537,1
1,2,0.01,2,"invasive_male",0.7,0.331736630826588,1
1,2,0.01,2,"invasive_age",0,-5.67344534461121e-09,0
1,2,0.01,2,"invasive_income",-0.2,-0.0330512523672995,1
1,2,0.01,2,"invasive_child",-1,-0.284971845463267,1
1,2,0.01,3,"ASC2_male",0,0.045773904461407,1
1,2,0.01,3,"ASC2_age",0.4,0.128135825466126,1
1,2,0.01,3,"ASC2_income",-0.7,-0.314767642730002,1
1,2,0.01,3,"ASC2_child",0,-0.0814558823564286,1
1,2,0.01,3,"ASC3_male",0,3.87172409661161e-08,0
1,2,0.01,3,"ASC3_age",0,-0.00929780921699077,0
1,2,0.01,3,"ASC3_income",0,0.0731638086551195,1
1,2,0.01,3,"ASC3_child",0,0.0451128853848997,1
1,2,0.01,3,"prot25_male",0.3,0.00743394066783917,0
1,2,0.01,3,"prot25_age",-0.9,-0.421062061779387,1
1,2,0.01,3,"prot25_income",0,0.0260883033829348,1
1,2,0.01,3,"prot25_child",-0.3,-0.205654128663011,1
1,2,0.01,3,"prot50_male",0,-0.0330730274313889,1
1,2,0.01,3,"prot50_age",0,0.0629934644169531,1
1,2,0.01,3,"prot50_income",0.2,0.112198427416206,1
1,2,0.01,3,"prot50_child",0,0.000141253618037206,0
1,2,0.01,3,"invasive_male",-0.4,-0.20738961640142,1
1,2,0.01,3,"invasive_age",1,0.498868816983834,1
1,2,0.01,3,"invasive_income",1.1,0.624559549774915,1
1,2,0.01,3,"invasive_child",1,0.566814600991559,1
1,2,0.01,4,"ASC2_male",0,0.0946893281195869,1
1,2,0.01,4,"ASC2_age",0.7,0.287541148083448,1
1,2,0.01,4,"ASC2_income",0.6,0.177277789554933,1
1,2,0.01,4,"ASC2_child",1,0.513472511145368,1
1,2,0.01,4,"ASC3_male",0,0.0652267365270813,1
1,2,0.01,4,"ASC3_age",0,-0.0587784584003087,1
1,2,0.01,4,"ASC3_income",0,-0.0891868210532517,1
1,2,0.01,4,"ASC3_child",-1.2,-0.487569367605022,1
1,2,0.01,4,"prot25_male",0,-0.0862878077929627,1
1,2,0.01,4,"prot25_age",0,-0.00642098435744674,0
1,2,0.01,4,"prot25_income",0.6,0.370239180700307,1
1,2,0.01,4,"prot25_child",-0.2,-0.0405258497184097,1
1,2,0.01,4,"prot50_male",0,-0.0818173031467675,1
1,2,0.01,4,"prot50_age",0,0.00563800273836368,0
1,2,0.01,4,"prot50_income",0.3,0.159097431321887,1
1,2,0.01,4,"prot50_child",0,0.0122652174826085,1
1,2,0.01,4,"invasive_male",-0.5,-0.221431349121849,1
1,2,0.01,4,"invasive_age",-0.2,-0.144264298530574,1
1,2,0.01,4,"invasive_income",-0.6,-0.334630927714649,1
1,2,0.01,4,"invasive_child",0,0.0100990416391884,1
1,2,0.01,5,"ASC2_male",0,-0.274930017734047,1
1,2,0.01,5,"ASC2_age",0,-0.0170234521544432,1
1,2,0.01,5,"ASC2_income",-0.3,-0.152193667913118,1
1,2,0.01,5,"ASC2_child",0,-0.0244413217623616,1
1,2,0.01,5,"ASC3_male",0.7,0.159766691368401,1
1,2,0.01,5,"ASC3_age",0,1.35821128089001e-08,0
1,2,0.01,5,"ASC3_income",0,-3.6190871513805e-11,0
1,2,0.01,5,"ASC3_child",0.3,0.209970584196535,1
1,2,0.01,5,"prot25_male",0.5,0.403978543321182,1
1,2,0.01,5,"prot25_age",0,0.00848667508252579,0
1,2,0.01,5,"prot25_income",0,-0.00910084001777321,0
1,2,0.01,5,"prot25_child",0.5,0.166208475542424,1
1,2,0.01,5,"prot50_male",0.7,0.337140811881533,1
1,2,0.01,5,"prot50_age",0.7,0.378815087549108,1
1,2,0.01,5,"prot50_income",0,0.0191085811933657,1
1,2,0.01,5,"prot50_child",0,-0.031132043545767,1
1,2,0.01,5,"invasive_male",0.3,0.051091059448204,1
1,2,0.01,5,"invasive_age",0,0.0184860927937259,1
1,2,0.01,5,"invasive_income",-0.8,-0.376506240678208,1
1,2,0.01,5,"invasive_child",-0.2,-0.00718349650953553,0
1,2,0.01,6,"ASC2_male",1.2,0.515547773489121,1
1,2,0.01,6,"ASC2_age",0.5,0.282712121753577,1
1,2,0.01,6,"ASC2_income",-0.2,-0.101272786002638,1
1,2,0.01,6,"ASC2_child",0,0.00618369270714673,0
1,2,0.01,6,"ASC3_male",0,-0.0225322490978769,1
1,2,0.01,6,"ASC3_age",-0.5,-0.199395519272859,1
1,2,0.01,6,"ASC3_income",0,0.0256453811916624,1
1,2,0.01,6,"ASC3_child",0,-1.47706059527444e-06,0
1,2,0.01,6,"prot25_male",0.2,0.0794680654061206,1
1,2,0.01,6,"prot25_age",0,-0.0514325760322487,1
1,2,0.01,6,"prot25_income",0,0.0148737681782065,1
1,2,0.01,6,"prot25_child",0,0.0656800840290111,1
1,2,0.01,6,"prot50_male",1,0.49778579073862,1
1,2,0.01,6,"prot50_age",-0.5,-0.2191682357907,1
1,2,0.01,6,"prot50_income",0,-0.0657067737824977,1
1,2,0.01,6,"prot50_child",0,0.0646199718424848,1
1,2,0.01,6,"invasive_male",0.5,0.150081264638199,1
1,2,0.01,6,"invasive_age",-0.2,-0.0517273860296229,1
1,2,0.01,6,"invasive_income",0,-0.00304169372970135,0
1,2,0.01,6,"invasive_child",0.3,0.107677948554737,1
1,2,0.01,7,"ASC2_male",0.2,1.73421020237188e-08,0
1,2,0.01,7,"ASC2_age",0,-2.60970388077366e-08,0
1,2,0.01,7,"ASC2_income",0.8,0.288015154923475,1
1,2,0.01,7,"ASC2_child",0,4.22729446242749e-10,0
1,2,0.01,7,"ASC3_male",0.9,0.383904246205085,1
1,2,0.01,7,"ASC3_age",-1.2,-0.565826490460736,1
1,2,0.01,7,"ASC3_income",0.8,0.220211433186759,1
1,2,0.01,7,"ASC3_child",0,-1.38843260222835e-08,0
1,2,0.01,7,"prot25_male",-0.8,-0.18835659462316,1
1,2,0.01,7,"prot25_age",-0.5,-0.208322087345312,1
1,2,0.01,7,"prot25_income",0,0.0385180940573674,1
1,2,0.01,7,"prot25_child",0,0.0626875960926591,1
1,2,0.01,7,"prot50_male",0,0.143711890047858,1
1,2,0.01,7,"prot50_age",-0.9,-0.447763539999285,1
1,2,0.01,7,"prot50_income",-0.7,-0.355821802181197,1
1,2,0.01,7,"prot50_child",-0.8,-0.151944137021943,1
1,2,0.01,7,"invasive_male",0,-1.52088977176534e-07,0
1,2,0.01,7,"invasive_age",0,0.0137672286465864,1
1,2,0.01,7,"invasive_income",0,-0.0260282646464475,1
1,2,0.01,7,"invasive_child",0,-2.9384893719599e-09,0
1,2,0.01,8,"ASC2_male",0.5,0.144524311074569,1
1,2,0.01,8,"ASC2_age",0,-0.0104375475676833,1
1,2,0.01,8,"ASC2_income",0,3.33244379601092e-09,0
1,2,0.01,8,"ASC2_child",-0.5,-0.164107032323765,1
1,2,0.01,8,"ASC3_male",0,-7.65668582810655e-09,0
1,2,0.01,8,"ASC3_age",0.8,0.36026476462779,1
1,2,0.01,8,"ASC3_income",0,0.00297059488398832,0
1,2,0.01,8,"ASC3_child",0.6,0.244819357959251,1
1,2,0.01,8,"prot25_male",0,0.0407739704439785,1
1,2,0.01,8,"prot25_age",1.2,0.602544723848206,1
1,2,0.01,8,"prot25_income",0,0.0116859397122919,1
1,2,0.01,8,"prot25_child",1.1,0.649979035201825,1
1,2,0.01,8,"prot50_male",0,-1.44900359915269e-09,0
1,2,0.01,8,"prot50_age",0,0.00100805431889417,0
1,2,0.01,8,"prot50_income",0,0.00854850568875753,0
1,2,0.01,8,"prot50_child",-1,-0.25218187706918,1
1,2,0.01,8,"invasive_male",0,-6.72131965042487e-09,0
1,2,0.01,8,"invasive_age",-0.3,-0.158810209764324,1
1,2,0.01,8,"invasive_income",0.3,0.15533336724924,1
1,2,0.01,8,"invasive_child",-0.9,-0.270983386440127,1
1,2,0.01,9,"ASC2_male",0,-1.16580246587801e-08,0
1,2,0.01,9,"ASC2_age",0.5,0.235237104698215,1
1,2,0.01,9,"ASC2_income",0.5,0.252720380455449,1
1,2,0.01,9,"ASC2_child",0,-3.45654630389203e-09,0
1,2,0.01,9,"ASC3_male",0,-9.78478422882058e-09,0
1,2,0.01,9,"ASC3_age",0,-0.0378383417614294,1
1,2,0.01,9,"ASC3_income",0,0.0399838132667736,1
1,2,0.01,9,"ASC3_child",-0.3,-0.120226255560163,1
1,2,0.01,9,"prot25_male",0.7,0.363991132489206,1
1,2,0.01,9,"prot25_age",0.4,0.15769365467657,1
1,2,0.01,9,"prot25_income",0,-1.02278199185358e-08,0
1,2,0.01,9,"prot25_child",0.3,-1.89907913995796e-09,0
1,2,0.01,9,"prot50_male",-0.2,-1.19974222566644e-08,0
1,2,0.01,9,"prot50_age",-1,-0.550230755117192,1
1,2,0.01,9,"prot50_income",0,-1.38072602757496e-08,0
1,2,0.01,9,"prot50_child",-0.8,-0.281409966054778,1
1,2,0.01,9,"invasive_male",0,3.86138001132944e-09,0
1,2,0.01,9,"invasive_age",1,0.425929149652005,1
1,2,0.01,9,"invasive_income",0,0.0130492321566836,1
1,2,0.01,9,"invasive_child",0,-0.0153899596775891,1
1,2,0.01,10,"ASC2_male",0,-0.0997868678623774,1
1,2,0.01,10,"ASC2_age",-1,-0.511929927947566,1
1,2,0.01,10,"ASC2_income",0,0.015965437575876,1
1,2,0.01,10,"ASC2_child",0,1.17959634045179e-07,0
1,2,0.01,10,"ASC3_male",0.7,0.182352788984592,1
1,2,0.01,10,"ASC3_age",0,8.31413802265326e-10,0
1,2,0.01,10,"ASC3_income",0,-2.79585216114836e-09,0
1,2,0.01,10,"ASC3_child",0,-0.000893776817708944,0
1,2,0.01,10,"prot25_male",-1,-0.424017739143202,1
1,2,0.01,10,"prot25_age",1.1,0.589317887238643,1
1,2,0.01,10,"prot25_income",-0.7,-0.336035861911191,1
1,2,0.01,10,"prot25_child",-0.3,-6.49331131937422e-08,0
1,2,0.01,10,"prot50_male",0,0.0731454539783941,1
1,2,0.01,10,"prot50_age",0,0.0122894561443963,1
1,2,0.01,10,"prot50_income",0,0.0491254080809306,1
1,2,0.01,10,"prot50_child",0,-1.95442521940403e-10,0
1,2,0.01,10,"invasive_male",0.2,0.00731442858838741,0
1,2,0.01,10,"invasive_age",0.6,0.331687022791566,1
1,2,0.01,10,"invasive_income",-0.4,-0.179273289438112,1
1,2,0.01,10,"invasive_child",-0.3,-0.0295825005656807,1
1,2,0.01,11,"ASC2_male",1.1,0.358090028301336,1
1,2,0.01,11,"ASC2_age",0,0.058314792408231,1
1,2,0.01,11,"ASC2_income",0.1,-0.0489712128988732,1
1,2,0.01,11,"ASC2_child",0,0.0847528836027567,1
1,2,0.01,11,"ASC3_male",0.6,0.123118521100389,1
1,2,0.01,11,"ASC3_age",-1,-0.449178498795435,1
1,2,0.01,11,"ASC3_income",0.9,0.356524417087729,1
1,2,0.01,11,"ASC3_child",-0.8,-0.306904286387845,1
1,2,0.01,11,"prot25_male",-0.9,-0.389403068776024,1
1,2,0.01,11,"prot25_age",0,-0.062233197436266,1
1,2,0.01,11,"prot25_income",0,0.00998728661949559,0
1,2,0.01,11,"prot25_child",0,0.10641282903342,1
1,2,0.01,11,"prot50_male",0,-7.12812420990965e-11,0
1,2,0.01,11,"prot50_age",0,-0.0461363824963922,1
1,2,0.01,11,"prot50_income",0,0.0540653607465604,1
1,2,0.01,11,"prot50_child",0,-0.0862379854292611,1
1,2,0.01,11,"invasive_male",-0.7,-0.449040787566959,1
1,2,0.01,11,"invasive_age",0,0.0208276402560001,1
1,2,0.01,11,"invasive_income",1,0.443839597531784,1
1,2,0.01,11,"invasive_child",-1.2,-0.628890539925139,1
1,2,0.01,12,"ASC2_male",0,-2.1309363851261e-08,0
1,2,0.01,12,"ASC2_age",-0.4,-0.23856166759125,1
1,2,0.01,12,"ASC2_income",-0.6,-0.360935915809766,1
1,2,0.01,12,"ASC2_child",-1.2,-0.491314122266342,1
1,2,0.01,12,"ASC3_male",-0.7,-0.488771486570626,1
1,2,0.01,12,"ASC3_age",0.4,0.222400344890153,1
1,2,0.01,12,"ASC3_income",0,-0.0599889587224083,1
1,2,0.01,12,"ASC3_child",0,1.02352092650267e-07,0
1,2,0.01,12,"prot25_male",0,0.128690378327352,1
1,2,0.01,12,"prot25_age",0,-3.22520219564537e-06,0
1,2,0.01,12,"prot25_income",0,-0.010627773030427,1
1,2,0.01,12,"prot25_child",1,0.616784373493564,1
1,2,0.01,12,"prot50_male",-0.6,-0.183073992074266,1
1,2,0.01,12,"prot50_age",0,0.032469885516469,1
1,2,0.01,12,"prot50_income",0,-0.00115712249233286,0
1,2,0.01,12,"prot50_child",0,0.0165307459169094,1
1,2,0.01,12,"invasive_male",0,0.0115489807107298,1
1,2,0.01,12,"invasive_age",0.6,0.33217389500841,1
1,2,0.01,12,"invasive_income",0.6,0.233606992756507,1
1,2,0.01,12,"invasive_child",-0.8,-0.355569071266428,1
1,2,0.01,13,"ASC2_male",-0.4,-0.09220995709781,1
1,2,0.01,13,"ASC2_age",0,0.00666312644518886,0
1,2,0.01,13,"ASC2_income",0,-0.0342604990056619,1
1,2,0.01,13,"ASC2_child",0,-5.14093419303572e-07,0
1,2,0.01,13,"ASC3_male",-0.4,-0.0472997513767965,1
1,2,0.01,13,"ASC3_age",-0.3,-0.151109428127471,1
1,2,0.01,13,"ASC3_income",-0.3,-0.23329120746421,1
1,2,0.01,13,"ASC3_child",0,0.039377794980079,1
1,2,0.01,13,"prot25_male",0,-6.85654125372518e-10,0
1,2,0.01,13,"prot25_age",-0.4,-0.204706587502051,1
1,2,0.01,13,"prot25_income",-1,-0.468656841521887,1
1,2,0.01,13,"prot25_child",0,-1.18994290450051e-08,0
1,2,0.01,13,"prot50_male",-0.6,-0.322331219328462,1
1,2,0.01,13,"prot50_age",0,-5.7630168057595e-07,0
1,2,0.01,13,"prot50_income",0,-0.0153308855724161,1
1,2,0.01,13,"prot50_child",0,0.0443998885744927,1
1,2,0.01,13,"invasive_male",-0.2,-7.47533610720376e-08,0
1,2,0.01,13,"invasive_age",1,0.499641264523645,1
1,2,0.01,13,"invasive_income",0.5,0.110045653174244,1
1,2,0.01,13,"invasive_child",0,-1.8201836004383e-08,0
1,2,0.01,14,"ASC2_male",1.1,0.586575046022699,1
1,2,0.01,14,"ASC2_age",0,0.0233386653958559,1
1,2,0.01,14,"ASC2_income",0,-0.0867602335685491,1
1,2,0.01,14,"ASC2_child",0.9,0.396267604550225,1
1,2,0.01,14,"ASC3_male",-0.6,-0.188982018486944,1
1,2,0.01,14,"ASC3_age",0,-0.0189188092441128,1
1,2,0.01,14,"ASC3_income",0.9,0.350473659237163,1
1,2,0.01,14,"ASC3_child",0,-2.5627140633108e-09,0
1,2,0.01,14,"prot25_male",0,0.0121909711936698,1
1,2,0.01,14,"prot25_age",0,-1.19064632702538e-05,0
1,2,0.01,14,"prot25_income",0,0.004456859197927,0
1,2,0.01,14,"prot25_child",0,0.0627539926098276,1
1,2,0.01,14,"prot50_male",0,0.017523063675254,1
1,2,0.01,14,"prot50_age",1,0.475064027412581,1
1,2,0.01,14,"prot50_income",0,-0.0123743427621997,1
1,2,0.01,14,"prot50_child",-0.9,-0.273377368000718,1
1,2,0.01,14,"invasive_male",0.3,0.0113861042463598,1
1,2,0.01,14,"invasive_age",-0.8,-0.380959396833002,1
1,2,0.01,14,"invasive_income",0.6,0.25737265633014,1
1,2,0.01,14,"invasive_child",-0.4,5.64008380619665e-09,0
1,2,0.01,15,"ASC2_male",-0.9,-0.310816156962031,1
1,2,0.01,15,"ASC2_age",1.2,0.595047436878051,1
1,2,0.01,15,"ASC2_income",0,-0.0218052557810933,1
1,2,0.01,15,"ASC2_child",-0.4,-0.112937711037113,1
1,2,0.01,15,"ASC3_male",-0.6,-0.154576741162564,1
1,2,0.01,15,"ASC3_age",0,-1.95127123984165e-06,0
1,2,0.01,15,"ASC3_income",0,-4.71044098603639e-06,0
1,2,0.01,15,"ASC3_child",0.9,0.39047967589251,1
1,2,0.01,15,"prot25_male",0,4.28545579759234e-05,0
1,2,0.01,15,"prot25_age",0.7,0.343622112926629,1
1,2,0.01,15,"prot25_income",-0.3,-0.147850184849843,1
1,2,0.01,15,"prot25_child",0.5,0.0651910649185115,1
1,2,0.01,15,"prot50_male",0,-3.75527784693501e-08,0
1,2,0.01,15,"prot50_age",-0.5,-0.248096851744162,1
1,2,0.01,15,"prot50_income",0,0.0180670810344729,1
1,2,0.01,15,"prot50_child",0.2,-1.5861524455738e-07,0
1,2,0.01,15,"invasive_male",0,4.93562445296267e-07,0
1,2,0.01,15,"invasive_age",0,3.334385883748e-06,0
1,2,0.01,15,"invasive_income",0,-2.79181760784521e-06,0
1,2,0.01,15,"invasive_child",0,0.0317977164873911,1
1,2,0.01,16,"ASC2_male",0,-0.00422943287074036,0
1,2,0.01,16,"ASC2_age",-0.6,-0.289838716090415,1
1,2,0.01,16,"ASC2_income",0,-0.0106376499971771,1
1,2,0.01,16,"ASC2_child",-0.8,-0.232834979339237,1
1,2,0.01,16,"ASC3_male",0,0.0352281508050043,1
1,2,0.01,16,"ASC3_age",-0.8,-0.363571549350003,1
1,2,0.01,16,"ASC3_income",0.8,0.41649470116112,1
1,2,0.01,16,"ASC3_child",-0.8,-0.232241619583729,1
1,2,0.01,16,"prot25_male",0.7,0.201742563406267,1
1,2,0.01,16,"prot25_age",-1,-0.431471655723182,1
1,2,0.01,16,"prot25_income",0,-0.0536121038001652,1
1,2,0.01,16,"prot25_child",0,0.0213159466257317,1
1,2,0.01,16,"prot50_male",0.6,0.176946185644345,1
1,2,0.01,16,"prot50_age",-1,-0.452940956447308,1
1,2,0.01,16,"prot50_income",0,-0.123794672056992,1
1,2,0.01,16,"prot50_child",0,5.70135626183952e-06,0
1,2,0.01,16,"invasive_male",0,-5.0732664785954e-08,0
1,2,0.01,16,"invasive_age",0.8,0.368541691245532,1
1,2,0.01,16,"invasive_income",0,-0.0360379883346892,1
1,2,0.01,16,"invasive_child",0,0.12512479594541,1
1,2,0.01,17,"ASC2_male",0,-1.10430594473283e-06,0
1,2,0.01,17,"ASC2_age",-1,-0.495591783216356,1
1,2,0.01,17,"ASC2_income",-0.9,-0.598745078718622,1
1,2,0.01,17,"ASC2_child",0,-0.0366646413963954,1
1,2,0.01,17,"ASC3_male",0,-2.91384769776033e-05,0
1,2,0.01,17,"ASC3_age",-1.1,-0.5114446566994,1
1,2,0.01,17,"ASC3_income",0,-0.0638568079361112,1
1,2,0.01,17,"ASC3_child",-0.6,-0.351106933902208,1
1,2,0.01,17,"prot25_male",-0.9,-0.461666338173344,1
1,2,0.01,17,"prot25_age",0,-0.0441485849592036,1
1,2,0.01,17,"prot25_income",0.6,0.375498161964705,1
1,2,0.01,17,"prot25_child",0,-0.125230969410605,1
1,2,0.01,17,"prot50_male",0.2,0.11831339871804,1
1,2,0.01,17,"prot50_age",0.5,0.27540645746688,1
1,2,0.01,17,"prot50_income",0,0.030608526741043,1
1,2,0.01,17,"prot50_child",0,0.022557719673234,1
1,2,0.01,17,"invasive_male",0.8,0.436037670042477,1
1,2,0.01,17,"invasive_age",0,0.0653636844003769,1
1,2,0.01,17,"invasive_income",-1.1,-0.638732617469302,1
1,2,0.01,17,"invasive_child",0,-1.89777687584613e-08,0
1,2,0.01,18,"ASC2_male",0.2,-0.0631164741343139,1
1,2,0.01,18,"ASC2_age",0.7,0.381006207032572,1
1,2,0.01,18,"ASC2_income",0,-0.00689632476488414,0
1,2,0.01,18,"ASC2_child",0.7,0.370782420486679,1
1,2,0.01,18,"ASC3_male",0.2,-3.34653559948425e-06,0
1,2,0.01,18,"ASC3_age",0,0.0183452210418033,1
1,2,0.01,18,"ASC3_income",0.4,0.137592173732221,1
1,2,0.01,18,"ASC3_child",0,-0.0117093276220305,1
1,2,0.01,18,"prot25_male",0,0.205609600955033,1
1,2,0.01,18,"prot25_age",0,0.017237403415575,1
1,2,0.01,18,"prot25_income",0,0.0512334473678611,1
1,2,0.01,18,"prot25_child",-0.5,-0.353231821259336,1
1,2,0.01,18,"prot50_male",-0.6,-0.185345988434388,1
1,2,0.01,18,"prot50_age",0,-0.0377541088469659,1
1,2,0.01,18,"prot50_income",1,0.606243649337415,1
1,2,0.01,18,"prot50_child",0,0.0133426087206959,1
1,2,0.01,18,"invasive_male",0,-0.0351690593073894,1
1,2,0.01,18,"invasive_age",0,-0.0123804128006808,1
1,2,0.01,18,"invasive_income",-0.2,-0.0220167313811857,1
1,2,0.01,18,"invasive_child",0.7,0.388140020119295,1
1,2,0.01,19,"ASC2_male",0,-9.64129317989234e-09,0
1,2,0.01,19,"ASC2_age",0,0.0287669706648373,1
1,2,0.01,19,"ASC2_income",-0.2,-0.135550748244918,1
1,2,0.01,19,"ASC2_child",0,0.135678210503859,1
1,2,0.01,19,"ASC3_male",0,-7.01743789155936e-08,0
1,2,0.01,19,"ASC3_age",0.2,0.0953488545884921,1
1,2,0.01,19,"ASC3_income",-0.8,-0.422047353055344,1
1,2,0.01,19,"ASC3_child",-1,-0.315678852248465,1
1,2,0.01,19,"prot25_male",0,0.0272623346339847,1
1,2,0.01,19,"prot25_age",0,-7.16003257951067e-09,0
1,2,0.01,19,"prot25_income",0,-1.16579422244987e-08,0
1,2,0.01,19,"prot25_child",0.7,0.198720052065614,1
1,2,0.01,19,"prot50_male",-1,-0.354131225121213,1
1,2,0.01,19,"prot50_age",0,-1.13208361654796e-08,0
1,2,0.01,19,"prot50_income",0.5,0.244125558538286,1
1,2,0.01,19,"prot50_child",1.1,0.341620233313508,1
1,2,0.01,19,"invasive_male",0,-2.23289752762476e-09,0
1,2,0.01,19,"invasive_age",0,1.20455861866187e-07,0
1,2,0.01,19,"invasive_income",0.6,0.315585275326583,1
1,2,0.01,19,"invasive_child",-1.2,-0.482748669650476,1
1,2,0.01,20,"ASC2_male",0,0.0298105423460838,1
1,2,0.01,20,"ASC2_age",0.9,0.382087979612521,1
1,2,0.01,20,"ASC2_income",1,0.525149185415523,1
1,2,0.01,20,"ASC2_child",-1,-0.180122086114357,1
1,2,0.01,20,"ASC3_male",0.7,0.405673633522608,1
1,2,0.01,20,"ASC3_age",-1.2,-0.547701677669087,1
1,2,0.01,20,"ASC3_income",-0.6,-0.243598755178556,1
1,2,0.01,20,"ASC3_child",-0.7,-3.76826105999495e-08,0
1,2,0.01,20,"prot25_male",0,-4.04188170200647e-10,0
1,2,0.01,20,"prot25_age",0,-0.0235702706121537,1
1,2,0.01,20,"prot25_income",0,2.45895335625098e-06,0
1,2,0.01,20,"prot25_child",0.7,0.114897786414691,1
1,2,0.01,20,"prot50_male",0,3.03339967370738e-06,0
1,2,0.01,20,"prot50_age",0,-2.19795854405806e-05,0
1,2,0.01,20,"prot50_income",0,0.000871164288140724,0
1,2,0.01,20,"prot50_child",0,-0.140350201793544,1
1,2,0.01,20,"invasive_male",0,-3.01519494905999e-06,0
1,2,0.01,20,"invasive_age",0.5,0.233982324685326,1
1,2,0.01,20,"invasive_income",0,2.43380572562447e-05,0
1,2,0.01,20,"invasive_child",0.3,0.156817459026243,1
1,2,0.01,21,"ASC2_male",-0.5,-0.189625707913134,1
1,2,0.01,21,"ASC2_age",-0.6,-0.268720250928952,1
1,2,0.01,21,"ASC2_income",0,-0.0207595913185277,1
1,2,0.01,21,"ASC2_child",1.1,0.495892840052423,1
1,2,0.01,21,"ASC3_male",0,-1.1879579991306e-10,0
1,2,0.01,21,"ASC3_age",0.3,0.201598509818623,1
1,2,0.01,21,"ASC3_income",0,-0.018731603149599,1
1,2,0.01,21,"ASC3_child",0,-1.28263653010567e-06,0
1,2,0.01,21,"prot25_male",0.5,0.326237075681856,1
1,2,0.01,21,"prot25_age",0,1.75938262075162e-07,0
1,2,0.01,21,"prot25_income",-1,-0.552567105257213,1
1,2,0.01,21,"prot25_child",0,0.110146822221774,1
1,2,0.01,21,"prot50_male",-0.5,-0.0700153124294129,1
1,2,0.01,21,"prot50_age",0,-0.0107263232250693,1
1,2,0.01,21,"prot50_income",0,-0.0375813499977421,1
1,2,0.01,21,"prot50_child",-0.7,-0.0997195697721054,1
1,2,0.01,21,"invasive_male",0,3.75310117574409e-08,0
1,2,0.01,21,"invasive_age",1.2,0.615206471335914,1
1,2,0.01,21,"invasive_income",-0.2,-0.0601001402175862,1
1,2,0.01,21,"invasive_child",0,-1.48240472287154e-08,0
1,2,0.01,22,"ASC2_male",0.7,0.379497116855525,1
1,2,0.01,22,"ASC2_age",-0.2,-0.0124197082477947,1
1,2,0.01,22,"ASC2_income",-0.4,-0.1716712397372,1
1,2,0.01,22,"ASC2_child",0,-4.53253149298272e-09,0
1,2,0.01,22,"ASC3_male",0,-0.00306114674494031,0
1,2,0.01,22,"ASC3_age",-0.7,-0.317218538741153,1
1,2,0.01,22,"ASC3_income",0,0.026089173847506,1
1,2,0.01,22,"ASC3_child",-0.7,-0.316607145119778,1
1,2,0.01,22,"prot25_male",0,0.0745602873516693,1
1,2,0.01,22,"prot25_age",0,-0.0859711870678329,1
1,2,0.01,22,"prot25_income",0.5,0.248613637171708,1
1,2,0.01,22,"prot25_child",0,-1.24230971324938e-08,0
1,2,0.01,22,"prot50_male",0,-3.47334405155726e-10,0
1,2,0.01,22,"prot50_age",1,0.433107778690879,1
1,2,0.01,22,"prot50_income",-0.9,-0.468901498068074,1
1,2,0.01,22,"prot50_child",-1.1,-0.390520709465407,1
1,2,0.01,22,"invasive_male",0,-6.42758211262906e-09,0
1,2,0.01,22,"invasive_age",0.3,0.0969189404979723,1
1,2,0.01,22,"invasive_income",0,-0.0275222757795974,1
1,2,0.01,22,"invasive_child",0,5.56138649534698e-08,0
1,2,0.01,23,"ASC2_male",0,-0.105490531285448,1
1,2,0.01,23,"ASC2_age",0.5,0.315012745521594,1
1,2,0.01,23,"ASC2_income",0.8,0.466519646675635,1
1,2,0.01,23,"ASC2_child",-0.2,3.31502016564068e-08,0
1,2,0.01,23,"ASC3_male",0.6,0.220763510169257,1
1,2,0.01,23,"ASC3_age",-0.3,-0.104866635285395,1
1,2,0.01,23,"ASC3_income",0,0.0585693988735138,1
1,2,0.01,23,"ASC3_child",0,1.20966597903134e-06,0
1,2,0.01,23,"prot25_male",0.8,0.410825358987428,1
1,2,0.01,23,"prot25_age",0.4,0.231821256719311,1
1,2,0.01,23,"prot25_income",0.5,0.232548180587636,1
1,2,0.01,23,"prot25_child",0,-1.52641068931708e-07,0
1,2,0.01,23,"prot50_male",0,0.0623491422066286,1
1,2,0.01,23,"prot50_age",0,4.50938371352868e-07,0
1,2,0.01,23,"prot50_income",0,-3.7489544371432e-07,0
1,2,0.01,23,"prot50_child",0.5,0.201226964015753,1
1,2,0.01,23,"invasive_male",-0.5,-0.0366054861893263,1
1,2,0.01,23,"invasive_age",0,1.19189607999186e-06,0
1,2,0.01,23,"invasive_income",0,5.53789689878084e-07,0
1,2,0.01,23,"invasive_child",0,-0.141141699125101,1
1,2,0.01,24,"ASC2_male",-0.3,-0.00353231176153676,0
1,2,0.01,24,"ASC2_age",-0.3,-0.168041260727632,1
1,2,0.01,24,"ASC2_income",0,-0.170379390568548,1
1,2,0.01,24,"ASC2_child",0,-2.24568444075753e-07,0
1,2,0.01,24,"ASC3_male",0,0.23880415731939,1
1,2,0.01,24,"ASC3_age",1.2,0.631895306334509,1
1,2,0.01,24,"ASC3_income",0,-0.157839148744932,1
1,2,0.01,24,"ASC3_child",0,-0.000963752623706013,0
1,2,0.01,24,"prot25_male",0.4,0.00110439604379189,0
1,2,0.01,24,"prot25_age",0,0.0237625027845005,1
1,2,0.01,24,"prot25_income",0.8,0.505134301099357,1
1,2,0.01,24,"prot25_child",1,0.525808916787809,1
1,2,0.01,24,"prot50_male",0,-0.0822230396588038,1
1,2,0.01,24,"prot50_age",-0.8,-0.379084869687325,1
1,2,0.01,24,"prot50_income",1.1,0.624671773648429,1
1,2,0.01,24,"prot50_child",0,0.0278927774836488,1
1,2,0.01,24,"invasive_male",0,-0.019844373414515,1
1,2,0.01,24,"invasive_age",1.1,0.591308513494653,1
1,2,0.01,24,"invasive_income",0,-0.0695186826516053,1
1,2,0.01,24,"invasive_child",1.2,0.553307113708212,1
1,2,0.01,25,"ASC2_male",1.2,0.528545332866579,1
1,2,0.01,25,"ASC2_age",0,0.0483304681603382,1
1,2,0.01,25,"ASC2_income",0,-6.46409022511255e-09,0
1,2,0.01,25,"ASC2_child",0,-7.82522057561593e-09,0
1,2,0.01,25,"ASC3_male",-1,-0.539432418147203,1
1,2,0.01,25,"ASC3_age",-0.2,-0.0802407253631772,1
1,2,0.01,25,"ASC3_income",0,-0.00962498972130469,0
1,2,0.01,25,"ASC3_child",-1.1,-0.572053362017794,1
1,2,0.01,25,"prot25_male",1.1,0.53907267030497,1
1,2,0.01,25,"prot25_age",-0.6,-0.293823274864393,1
1,2,0.01,25,"prot25_income",0,0.0491133963311839,1
1,2,0.01,25,"prot25_child",1,0.603767172372079,1
1,2,0.01,25,"prot50_male",0,-6.03894118732328e-09,0
1,2,0.01,25,"prot50_age",0,-0.0432809622567014,1
1,2,0.01,25,"prot50_income",0,0.0483808698252116,1
1,2,0.01,25,"prot50_child",0,-3.37205008997949e-09,0
1,2,0.01,25,"invasive_male",0,-6.82635464818865e-08,0
1,2,0.01,25,"invasive_age",1.1,0.553234332410073,1
1,2,0.01,25,"invasive_income",-1.2,-0.605322963713633,1
1,2,0.01,25,"invasive_child",1.2,0.568534436620048,1
1,2,0.01,26,"ASC2_male",0,-0.207897251120982,1
1,2,0.01,26,"ASC2_age",-0.9,-0.374552130337396,1
1,2,0.01,26,"ASC2_income",-1.2,-0.541279502662983,1
1,2,0.01,26,"ASC2_child",-0.4,-0.12384887994947,1
1,2,0.01,26,"ASC3_male",0.8,0.202671549992252,1
1,2,0.01,26,"ASC3_age",0,0.0996722021340963,1
1,2,0.01,26,"ASC3_income",-0.5,-0.280750290128652,1
1,2,0.01,26,"ASC3_child",0.1,0.0959550860636217,1
1,2,0.01,26,"prot25_male",-0.9,-0.219196430655254,1
1,2,0.01,26,"prot25_age",0,-0.0619011111208216,1
1,2,0.01,26,"prot25_income",0,-0.082953581292501,1
1,2,0.01,26,"prot25_child",0,-0.068152902282515,1
1,2,0.01,26,"prot50_male",0,0.188796889619616,1
1,2,0.01,26,"prot50_age",0,-0.09653651134341,1
1,2,0.01,26,"prot50_income",0.1,0.0322574076910872,1
1,2,0.01,26,"prot50_child",0,-0.11655175102907,1
1,2,0.01,26,"invasive_male",0,3.70504289342204e-07,0
1,2,0.01,26,"invasive_age",0.9,0.424019203319645,1
1,2,0.01,26,"invasive_income",-0.7,-0.320927555712332,1
1,2,0.01,26,"invasive_child",0,0.0303581451420363,1
1,2,0.01,27,"ASC2_male",-1.2,-0.554589552961011,1
1,2,0.01,27,"ASC2_age",-0.5,-0.162994344793093,1
1,2,0.01,27,"ASC2_income",0,0.066513113493395,1
1,2,0.01,27,"ASC2_child",0,1.71942286506391e-09,0
1,2,0.01,27,"ASC3_male",0,-1.21764419197104e-08,0
1,2,0.01,27,"ASC3_age",0,0.035042170687484,1
1,2,0.01,27,"ASC3_income",0,-9.28175788597539e-09,0
1,2,0.01,27,"ASC3_child",0.8,0.3671387763179,1
1,2,0.01,27,"prot25_male",-0.8,-0.249068847784419,1
1,2,0.01,27,"prot25_age",0.9,0.384400049858681,1
1,2,0.01,27,"prot25_income",0,-1.19687873467961e-08,0
1,2,0.01,27,"prot25_child",0.6,0.39218776372372,1
1,2,0.01,27,"prot50_male",0,0.160936603054586,1
1,2,0.01,27,"prot50_age",0,3.8496269822712e-08,0
1,2,0.01,27,"prot50_income",0,1.63057812841458e-08,0
1,2,0.01,27,"prot50_child",0.4,0.140912581541343,1
1,2,0.01,27,"invasive_male",-0.2,-0.00792671273252816,0
1,2,0.01,27,"invasive_age",-0.2,-0.00755512593827288,0
1,2,0.01,27,"invasive_income",1,0.599108839097969,1
1,2,0.01,27,"invasive_child",0,-0.00224111897364675,0
1,2,0.01,28,"ASC2_male",-0.6,-0.0982111747636141,1
1,2,0.01,28,"ASC2_age",0,0.000350634222694324,0
1,2,0.01,28,"ASC2_income",0,0.0543189869059375,1
1,2,0.01,28,"ASC2_child",0,0.119675527147864,1
1,2,0.01,28,"ASC3_male",-0.9,-0.309686630803147,1
1,2,0.01,28,"ASC3_age",-0.8,-0.367919853590112,1
1,2,0.01,28,"ASC3_income",0,0.0653740149102543,1
1,2,0.01,28,"ASC3_child",-0.7,-0.185332410872518,1
1,2,0.01,28,"prot25_male",0,-0.0967520567293084,1
1,2,0.01,28,"prot25_age",1.1,0.586084936821019,1
1,2,0.01,28,"prot25_income",1.2,0.648307431018891,1
1,2,0.01,28,"prot25_child",0,1.461573189033e-05,0
1,2,0.01,28,"prot50_male",-0.2,-0.169916847675926,1
1,2,0.01,28,"prot50_age",0.8,0.37351281315556,1
1,2,0.01,28,"prot50_income",-0.2,-0.0823928288008123,1
1,2,0.01,28,"prot50_child",0,-7.17155062767644e-09,0
1,2,0.01,28,"invasive_male",0,0.0125353657153178,1
1,2,0.01,28,"invasive_age",0,0.0045714952190952,0
1,2,0.01,28,"invasive_income",0.3,0.183903803048112,1
1,2,0.01,28,"invasive_child",0,0.162156771128547,1
1,2,0.01,29,"ASC2_male",0,-1.14068950034513e-06,0
1,2,0.01,29,"ASC2_age",0,0.0743033401727789,1
1,2,0.01,29,"ASC2_income",-0.1,-0.0124184927718482,1
1,2,0.01,29,"ASC2_child",0,7.69199827212892e-06,0
1,2,0.01,29,"ASC3_male",0,4.12139658366838e-08,0
1,2,0.01,29,"ASC3_age",0.9,0.461073277956886,1
1,2,0.01,29,"ASC3_income",0,-2.96335894126948e-09,0
1,2,0.01,29,"ASC3_child",-0.2,-0.213545769749348,1
1,2,0.01,29,"prot25_male",0,-0.0440725403016349,1
1,2,0.01,29,"prot25_age",0,-0.0977298858366647,1
1,2,0.01,29,"prot25_income",0.8,0.411536582152737,1
1,2,0.01,29,"prot25_child",-0.4,-0.290335322830422,1
1,2,0.01,29,"prot50_male",0.4,0.252250553406152,1
1,2,0.01,29,"prot50_age",0.5,0.192765803495166,1
1,2,0.01,29,"prot50_income",0,-0.00268727332917177,0
1,2,0.01,29,"prot50_child",0.7,0.291621044902183,1
1,2,0.01,29,"invasive_male",0,-5.76058924107893e-07,0
1,2,0.01,29,"invasive_age",-0.3,-0.114283106776831,1
1,2,0.01,29,"invasive_income",0,-0.0280583705337428,1
1,2,0.01,29,"invasive_child",1,0.390518164657924,1
1,2,0.01,30,"ASC2_male",0,-0.00160983353722752,0
1,2,0.01,30,"ASC2_age",0,-0.000587944549282232,0
1,2,0.01,30,"ASC2_income",0,-3.53362362127756e-05,0
1,2,0.01,30,"ASC2_child",0.6,0.206910795789729,1
1,2,0.01,30,"ASC3_male",0.4,0.0730292834074911,1
1,2,0.01,30,"ASC3_age",0,-0.01939630357289,1
1,2,0.01,30,"ASC3_income",0.2,0.100325356587599,1
1,2,0.01,30,"ASC3_child",0.2,-2.1560755486218e-08,0
1,2,0.01,30,"prot25_male",0,0.0981392242435135,1
1,2,0.01,30,"prot25_age",-0.7,-0.29141742660214,1
1,2,0.01,30,"prot25_income",0.4,0.139782671516832,1
1,2,0.01,30,"prot25_child",0.8,0.479849816826637,1
1,2,0.01,30,"prot50_male",-0.7,-0.253979873088944,1
1,2,0.01,30,"prot50_age",0,0.0420667477789148,1
1,2,0.01,30,"prot50_income",0,-8.26884841537537e-09,0
1,2,0.01,30,"prot50_child",0,0.0394072849379466,1
1,2,0.01,30,"invasive_male",1.1,0.381195216500731,1
1,2,0.01,30,"invasive_age",0,0.0558959603664237,1
1,2,0.01,30,"invasive_income",0.4,0.165974001330614,1
1,2,0.01,30,"invasive_child",0,-6.53341769354442e-09,0
1,2,0.01,31,"ASC2_male",1.2,0.582778438179446,1
1,2,0.01,31,"ASC2_age",0,-0.0235764676930943,1
1,2,0.01,31,"ASC2_income",-0.3,-0.258858542938714,1
1,2,0.01,31,"ASC2_child",0,-1.64016197607573e-08,0
1,2,0.01,31,"ASC3_male",0,-0.00808235303978129,0
1,2,0.01,31,"ASC3_age",0,-0.0365662162968953,1
1,2,0.01,31,"ASC3_income",0,-0.0939731944139456,1
1,2,0.01,31,"ASC3_child",0,-4.6240136271846e-09,0
1,2,0.01,31,"prot25_male",-0.8,-0.148434535207745,1
1,2,0.01,31,"prot25_age",-0.2,-0.0792163776244641,1
1,2,0.01,31,"prot25_income",0,0.03463601441911,1
1,2,0.01,31,"prot25_child",0,0.00275814126027127,0
1,2,0.01,31,"prot50_male",-0.9,-0.239870117967599,1
1,2,0.01,31,"prot50_age",-0.9,-0.408244595378587,1
1,2,0.01,31,"prot50_income",-0.2,-0.042801619262919,1
1,2,0.01,31,"prot50_child",-0.5,-0.0312832052695579,1
1,2,0.01,31,"invasive_male",-1,-0.357680095866802,1
1,2,0.01,31,"invasive_age",0,0.0207179225197868,1
1,2,0.01,31,"invasive_income",0,1.97605014009382e-08,0
1,2,0.01,31,"invasive_child",-0.7,-0.255855682313826,1
1,2,0.01,32,"ASC2_male",0.2,0.00790752675961653,0
1,2,0.01,32,"ASC2_age",0.7,0.306470768865952,1
1,2,0.01,32,"ASC2_income",-1,-0.504341711465777,1
1,2,0.01,32,"ASC2_child",0.4,0.144539350521197,1
1,2,0.01,32,"ASC3_male",0,-0.178164730643743,1
1,2,0.01,32,"ASC3_age",0.3,0.147512033544918,1
1,2,0.01,32,"ASC3_income",0,-0.0120849654568608,1
1,2,0.01,32,"ASC3_child",0.5,0.262048382093739,1
1,2,0.01,32,"prot25_male",0,-0.017123585879719,1
1,2,0.01,32,"prot25_age",-0.6,-0.285147915862301,1
1,2,0.01,32,"prot25_income",0,-0.00590362709863401,0
1,2,0.01,32,"prot25_child",0,-2.56243164439953e-07,0
1,2,0.01,32,"prot50_male",0.7,0.420742805511412,1
1,2,0.01,32,"prot50_age",0.3,0.209276264838525,1
1,2,0.01,32,"prot50_income",0,-0.0514143499701928,1
1,2,0.01,32,"prot50_child",-0.6,-0.413550917085629,1
1,2,0.01,32,"invasive_male",0,-0.129174348046881,1
1,2,0.01,32,"invasive_age",0,0.0130363181997018,1
1,2,0.01,32,"invasive_income",0,0.0143027324620271,1
1,2,0.01,32,"invasive_child",0,-0.0684227196702983,1
1,2,0.01,33,"ASC2_male",0,-1.09812708574939e-08,0
1,2,0.01,33,"ASC2_age",-0.3,-0.223430343675037,1
1,2,0.01,33,"ASC2_income",0,0.067547073570613,1
1,2,0.01,33,"ASC2_child",0,-0.0629143763147261,1
1,2,0.01,33,"ASC3_male",0,0.0448004042019238,1
1,2,0.01,33,"ASC3_age",1.1,0.543001981629941,1
1,2,0.01,33,"ASC3_income",0,0.0285464543032686,1
1,2,0.01,33,"ASC3_child",0,0.0311813769019118,1
1,2,0.01,33,"prot25_male",0.9,0.313659837847764,1
1,2,0.01,33,"prot25_age",-0.8,-0.271001033542145,1
1,2,0.01,33,"prot25_income",1.1,0.586002626297241,1
1,2,0.01,33,"prot25_child",0,0.0369420658314449,1
1,2,0.01,33,"prot50_male",-1.2,-0.698076237463711,1
1,2,0.01,33,"prot50_age",0.3,0.231123463571179,1
1,2,0.01,33,"prot50_income",0,-2.85028751998943e-08,0
1,2,0.01,33,"prot50_child",0.8,0.443145720191303,1
1,2,0.01,33,"invasive_male",0,-0.0947259902994107,1
1,2,0.01,33,"invasive_age",-1.2,-0.591464894446782,1
1,2,0.01,33,"invasive_income",0.6,0.332558088952564,1
1,2,0.01,33,"invasive_child",0,0.135122027707649,1
1,2,0.01,34,"ASC2_male",0,0.00438920856040036,0
1,2,0.01,34,"ASC2_age",-0.5,-0.183624212829932,1
1,2,0.01,34,"ASC2_income",0,-0.0295157332893775,1
1,2,0.01,34,"ASC2_child",1,0.512101842252937,1
1,2,0.01,34,"ASC3_male",0,-6.14147104838399e-09,0
1,2,0.01,34,"ASC3_age",-0.3,-0.0970017624902968,1
1,2,0.01,34,"ASC3_income",-0.7,-0.305751322485245,1
1,2,0.01,34,"ASC3_child",-1,-0.429575702305409,1
1,2,0.01,34,"prot25_male",0,0.0213604900928993,1
1,2,0.01,34,"prot25_age",0,-0.0157058151503838,1
1,2,0.01,34,"prot25_income",0,-5.92427998800195e-08,0
1,2,0.01,34,"prot25_child",0,-7.53547864393177e-09,0
1,2,0.01,34,"prot50_male",0,-2.04071627331947e-08,0
1,2,0.01,34,"prot50_age",-0.8,-0.385353052912025,1
1,2,0.01,34,"prot50_income",-0.1,-0.061907081592892,1
1,2,0.01,34,"prot50_child",0,-2.1840671975823e-08,0
1,2,0.01,34,"invasive_male",-0.9,-0.422125917743295,1
1,2,0.01,34,"invasive_age",-0.9,-0.427746516047806,1
1,2,0.01,34,"invasive_income",-0.9,-0.449527723108354,1
1,2,0.01,34,"invasive_child",0,-0.00781735297319735,0
1,2,0.01,35,"ASC2_male",0,-0.0178259053901669,1
1,2,0.01,35,"ASC2_age",0,-0.0823932052739831,1
1,2,0.01,35,"ASC2_income",-0.2,-0.0318968701831932,1
1,2,0.01,35,"ASC2_child",0,-0.0787234908575499,1
1,2,0.01,35,"ASC3_male",0,0.0147224894773537,1
1,2,0.01,35,"ASC3_age",0,-0.0657237415643917,1
1,2,0.01,35,"ASC3_income",0,0.0522206704488162,1
1,2,0.01,35,"ASC3_child",0,-0.0334614715591339,1
1,2,0.01,35,"prot25_male",0,1.50363387383936e-06,0
1,2,0.01,35,"prot25_age",1.2,0.611860703541973,1
1,2,0.01,35,"prot25_income",-0.2,-0.126646327289248,1
1,2,0.01,35,"prot25_child",0.8,0.379337683433519,1
1,2,0.01,35,"prot50_male",-0.9,-0.445381397878367,1
1,2,0.01,35,"prot50_age",-0.2,-0.0616549591188939,1
1,2,0.01,35,"prot50_income",0,-1.36677770178119e-08,0
1,2,0.01,35,"prot50_child",0,0.0430640672888914,1
1,2,0.01,35,"invasive_male",0.3,0.0734114087278348,1
1,2,0.01,35,"invasive_age",0.3,0.120278180439442,1
1,2,0.01,35,"invasive_income",-0.4,-0.239836039512041,1
1,2,0.01,35,"invasive_child",-0.5,-0.22045776665202,1
1,2,0.01,36,"ASC2_male",-0.7,-0.288020759216116,1
1,2,0.01,36,"ASC2_age",0,0.00886298576245235,0
1,2,0.01,36,"ASC2_income",0.1,1.03265074043008e-06,0
1,2,0.01,36,"ASC2_child",0,-8.23857737486997e-08,0
1,2,0.01,36,"ASC3_male",0,-0.0139376276105578,1
1,2,0.01,36,"ASC3_age",0.6,0.325420303611377,1
1,2,0.01,36,"ASC3_income",1.1,0.52414435127198,1
1,2,0.01,36,"ASC3_child",0,-0.0825172319143212,1
1,2,0.01,36,"prot25_male",0,7.96593888820448e-07,0
1,2,0.01,36,"prot25_age",0,2.36916453169575e-07,0
1,2,0.01,36,"prot25_income",0.2,0.160217570940538,1
1,2,0.01,36,"prot25_child",0,0.0253313562325344,1
1,2,0.01,36,"prot50_male",0,-0.0943466013847603,1
1,2,0.01,36,"prot50_age",0.9,0.469705866606748,1
1,2,0.01,36,"prot50_income",-0.8,-0.353851292553488,1
1,2,0.01,36,"prot50_child",0,-8.76264953419414e-07,0
1,2,0.01,36,"invasive_male",-1,-0.473452151600265,1
1,2,0.01,36,"invasive_age",0.8,0.410214929601293,1
1,2,0.01,36,"invasive_income",0,0.071900212916067,1
1,2,0.01,36,"invasive_child",-0.8,-0.349473167714459,1
1,2,0.01,37,"ASC2_male",0,-0.143763326801286,1
1,2,0.01,37,"ASC2_age",0,2.78156995224599e-07,0
1,2,0.01,37,"ASC2_income",0,-0.104998396323524,1
1,2,0.01,37,"ASC2_child",0,0.0117181394439178,1
1,2,0.01,37,"ASC3_male",0,-0.0537662582639776,1
1,2,0.01,37,"ASC3_age",0,-1.01911577523015e-09,0
1,2,0.01,37,"ASC3_income",0.6,0.197420013236688,1
1,2,0.01,37,"ASC3_child",0,1.82082396115388e-06,0
1,2,0.01,37,"prot25_male",-0.8,-0.326838036273129,1
1,2,0.01,37,"prot25_age",0.9,0.432759822643606,1
1,2,0.01,37,"prot25_income",-0.7,-0.256838203954202,1
1,2,0.01,37,"prot25_child",0.1,0.0974568450239877,1
1,2,0.01,37,"prot50_male",0,3.74021519410313e-06,0
1,2,0.01,37,"prot50_age",1,0.556202087942864,1
1,2,0.01,37,"prot50_income",0,0.0823934443408046,1
1,2,0.01,37,"prot50_child",-0.9,-0.439920903500067,1
1,2,0.01,37,"invasive_male",0.6,0.167828536252014,1
1,2,0.01,37,"invasive_age",-0.3,-0.0721801703813868,1
1,2,0.01,37,"invasive_income",1.1,0.536578090368652,1
1,2,0.01,37,"invasive_child",0,3.81239694972499e-06,0
1,2,0.01,38,"ASC2_male",0.8,0.285050464075446,1
1,2,0.01,38,"ASC2_age",0,-0.0481599167458151,1
1,2,0.01,38,"ASC2_income",0.8,0.402125244259715,1
1,2,0.01,38,"ASC2_child",0.4,-2.9050153150634e-11,0
1,2,0.01,38,"ASC3_male",0,-0.163709199272169,1
1,2,0.01,38,"ASC3_age",0,2.15149350357864e-07,0
1,2,0.01,38,"ASC3_income",0,-0.000126070979116126,0
1,2,0.01,38,"ASC3_child",0.2,0.00773743898601059,0
1,2,0.01,38,"prot25_male",0,0.128053174034319,1
1,2,0.01,38,"prot25_age",0,0.0312716371512024,1
1,2,0.01,38,"prot25_income",0,7.38575189444779e-05,0
1,2,0.01,38,"prot25_child",0,0.0016820873924849,0
1,2,0.01,38,"prot50_male",0,0.109626403762226,1
1,2,0.01,38,"prot50_age",0.3,0.234343107143193,1
1,2,0.01,38,"prot50_income",0.9,0.510970608611542,1
1,2,0.01,38,"prot50_child",0,0.0983843594324794,1
1,2,0.01,38,"invasive_male",-0.5,-0.28506611806048,1
1,2,0.01,38,"invasive_age",0.9,0.55595628941199,1
1,2,0.01,38,"invasive_income",1,0.531533679817147,1
1,2,0.01,38,"invasive_child",-0.2,-0.261027473453246,1
1,2,0.01,39,"ASC2_male",0.9,0.35641000788707,1
1,2,0.01,39,"ASC2_age",1.1,0.533772831284046,1
1,2,0.01,39,"ASC2_income",0,2.76259587628109e-09,0
1,2,0.01,39,"ASC2_child",0.7,0.347811578705954,1
1,2,0.01,39,"ASC3_male",0,-1.15912760173916e-08,0
1,2,0.01,39,"ASC3_age",-0.1,-0.0307595180131955,1
1,2,0.01,39,"ASC3_income",0,-0.00404473222974683,0
1,2,0.01,39,"ASC3_child",-1.1,-0.412394395805413,1
1,2,0.01,39,"prot25_male",0,-3.55457206210644e-10,0
1,2,0.01,39,"prot25_age",0,-1.93210488973515e-08,0
1,2,0.01,39,"prot25_income",0.9,0.338613811753535,1
1,2,0.01,39,"prot25_child",0,1.60290088087953e-08,0
1,2,0.01,39,"prot50_male",0,1.82510750770638e-08,0
1,2,0.01,39,"prot50_age",0.9,0.396753711606121,1
1,2,0.01,39,"prot50_income",-0.8,-0.2998876013768,1
1,2,0.01,39,"prot50_child",0,-3.91094577350718e-09,0
1,2,0.01,39,"invasive_male",0.1,-2.33784317146957e-08,0
1,2,0.01,39,"invasive_age",0,-2.38568541475706e-09,0
1,2,0.01,39,"invasive_income",0.7,0.296194285703574,1
1,2,0.01,39,"invasive_child",0,-4.84451652762876e-09,0
1,2,0.01,40,"ASC2_male",0,-0.00123238916428545,0
1,2,0.01,40,"ASC2_age",0,2.9602796669882e-09,0
1,2,0.01,40,"ASC2_income",-1,-0.59414944432468,1
1,2,0.01,40,"ASC2_child",-0.4,-0.234010216388977,1
1,2,0.01,40,"ASC3_male",1.2,0.564756825901186,1
1,2,0.01,40,"ASC3_age",0,-0.0235675143984107,1
1,2,0.01,40,"ASC3_income",0,-1.8270624499809e-08,0
1,2,0.01,40,"ASC3_child",0,-8.8692044962386e-09,0
1,2,0.01,40,"prot25_male",-0.1,-1.73184272067032e-09,0
1,2,0.01,40,"prot25_age",0,-4.63062939918856e-07,0
1,2,0.01,40,"prot25_income",-0.3,-0.125200373560937,1
1,2,0.01,40,"prot25_child",-0.5,-0.161804560325243,1
1,2,0.01,40,"prot50_male",-1.2,-0.488003497674731,1
1,2,0.01,40,"prot50_age",0,-2.67915420356443e-07,0
1,2,0.01,40,"prot50_income",0,-0.0384439412543914,1
1,2,0.01,40,"prot50_child",1.1,0.576800306777442,1
1,2,0.01,40,"invasive_male",-0.8,-0.280326913072723,1
1,2,0.01,40,"invasive_age",0.5,0.247019723540365,1
1,2,0.01,40,"invasive_income",0,-0.0514171286339597,1
1,2,0.01,40,"invasive_child",0,-1.41718888523957e-10,0
1,2,0.01,41,"ASC2_male",0.1,-0.235969160042329,1
1,2,0.01,41,"ASC2_age",0,0.00600727880191216,0
1,2,0.01,41,"ASC2_income",-1,-0.522287248299678,1
1,2,0.01,41,"ASC2_child",-0.6,-0.139148614210048,1
1,2,0.01,41,"ASC3_male",0.8,0.0167751633523528,1
1,2,0.01,41,"ASC3_age",-0.6,-0.249377919842344,1
1,2,0.01,41,"ASC3_income",-0.6,-0.262365725727756,1
1,2,0.01,41,"ASC3_child",-1,-0.328429160669928,1
1,2,0.01,41,"prot25_male",0,0.177140726894515,1
1,2,0.01,41,"prot25_age",-1,-0.475651213232692,1
1,2,0.01,41,"prot25_income",0,-0.000661390263258306,0
1,2,0.01,41,"prot25_child",0,-0.0720351707674261,1
1,2,0.01,41,"prot50_male",0,0.195231744199514,1
1,2,0.01,41,"prot50_age",0,0.0567376046999253,1
1,2,0.01,41,"prot50_income",0,0.032346534577772,1
1,2,0.01,41,"prot50_child",0,-0.178703544393752,1
1,2,0.01,41,"invasive_male",-0.7,-0.406197264645985,1
1,2,0.01,41,"invasive_age",-0.5,-0.27780369212584,1
1,2,0.01,41,"invasive_income",0,0.0327299643663479,1
1,2,0.01,41,"invasive_child",0,1.39656492207427e-08,0
1,2,0.01,42,"ASC2_male",-0.1,-0.0148451966960217,1
1,2,0.01,42,"ASC2_age",1,0.504052051995057,1
1,2,0.01,42,"ASC2_income",0,0.076897682878445,1
1,2,0.01,42,"ASC2_child",0.4,0.174412442946386,1
1,2,0.01,42,"ASC3_male",-0.7,-0.214324806481149,1
1,2,0.01,42,"ASC3_age",0,0.00188003027134447,0
1,2,0.01,42,"ASC3_income",0,0.000977086816145752,0
1,2,0.01,42,"ASC3_child",0,-0.0481089049806284,1
1,2,0.01,42,"prot25_male",0.1,0.0328294179012526,1
1,2,0.01,42,"prot25_age",0.8,0.416878257834659,1
1,2,0.01,42,"prot25_income",0,0.0437023791287018,1
1,2,0.01,42,"prot25_child",0,0.00848942999147716,0
1,2,0.01,42,"prot50_male",0,-0.0279460502771369,1
1,2,0.01,42,"prot50_age",1,0.545716536414061,1
1,2,0.01,42,"prot50_income",0,0.0382885203290714,1
1,2,0.01,42,"prot50_child",0,-1.05882690279988e-08,0
1,2,0.01,42,"invasive_male",-0.9,-0.44078178358347,1
1,2,0.01,42,"invasive_age",0,0.0204875111989004,1
1,2,0.01,42,"invasive_income",-1,-0.426904504591035,1
1,2,0.01,42,"invasive_child",-1.1,-0.614048193395835,1
1,2,0.01,43,"ASC2_male",0,-0.0489080909255987,1
1,2,0.01,43,"ASC2_age",-0.8,-0.380032727346109,1
1,2,0.01,43,"ASC2_income",0,0.0558484834811452,1
1,2,0.01,43,"ASC2_child",0,-9.59563056899569e-08,0
1,2,0.01,43,"ASC3_male",-1.2,-0.683908798228205,1
1,2,0.01,43,"ASC3_age",0,-0.00732340700815661,0
1,2,0.01,43,"ASC3_income",0,-3.85890888966945e-08,0
1,2,0.01,43,"ASC3_child",0,-1.21505353737096e-08,0
1,2,0.01,43,"prot25_male",1,0.570733376804627,1
1,2,0.01,43,"prot25_age",0.5,0.302517547396345,1
1,2,0.01,43,"prot25_income",0.9,0.437904201773903,1
1,2,0.01,43,"prot25_child",1,0.40461994934069,1
1,2,0.01,43,"prot50_male",-0.2,-0.0197632446565086,1
1,2,0.01,43,"prot50_age",0,-0.0264528875794017,1
1,2,0.01,43,"prot50_income",-0.3,-0.165194206057939,1
1,2,0.01,43,"prot50_child",0.6,0.175215800844291,1
1,2,0.01,43,"invasive_male",0,-2.81019754640768e-08,0
1,2,0.01,43,"invasive_age",0,-1.37423594962925e-08,0
1,2,0.01,43,"invasive_income",1,0.564984569323205,1
1,2,0.01,43,"invasive_child",0,-0.0132499362522426,1
1,2,0.01,44,"ASC2_male",0.9,0.521525023045953,1
1,2,0.01,44,"ASC2_age",1.2,0.612914831835862,1
1,2,0.01,44,"ASC2_income",0,-0.115745808473092,1
1,2,0.01,44,"ASC2_child",0,0.0327373575950631,1
1,2,0.01,44,"ASC3_male",0.9,0.507643304602146,1
1,2,0.01,44,"ASC3_age",0,0.0315357673401378,1
1,2,0.01,44,"ASC3_income",-0.5,-0.334874281370156,1
1,2,0.01,44,"ASC3_child",-1.1,-0.418116793817742,1
1,2,0.01,44,"prot25_male",-1.1,-0.675320183943561,1
1,2,0.01,44,"prot25_age",0,0.00127291241814149,0
1,2,0.01,44,"prot25_income",0,0.057588744960475,1
1,2,0.01,44,"prot25_child",0.9,0.434567094408442,1
1,2,0.01,44,"prot50_male",0,-0.134319334649902,1
1,2,0.01,44,"prot50_age",-1.2,-0.634254665311934,1
1,2,0.01,44,"prot50_income",-0.5,-0.191915620831753,1
1,2,0.01,44,"prot50_child",0,-0.00122353515034448,0
1,2,0.01,44,"invasive_male",-0.8,-0.474925420587219,1
1,2,0.01,44,"invasive_age",0,0.00203006481105015,0
1,2,0.01,44,"invasive_income",0,-0.104251093482876,1
1,2,0.01,44,"invasive_child",0,0.177740969268094,1
1,2,0.01,45,"ASC2_male",-0.6,-0.21759536432817,1
1,2,0.01,45,"ASC2_age",0,-0.128413229628629,1
1,2,0.01,45,"ASC2_income",0,-0.0865481767867054,1
1,2,0.01,45,"ASC2_child",0.2,0.137448918819407,1
1,2,0.01,45,"ASC3_male",-0.7,-0.304684486076256,1
1,2,0.01,45,"ASC3_age",0,-0.128671141463205,1
1,2,0.01,45,"ASC3_income",0,-0.0180123574862426,1
1,2,0.01,45,"ASC3_child",-0.1,-0.0756174040378106,1
1,2,0.01,45,"prot25_male",0,-0.104209920893339,1
1,2,0.01,45,"prot25_age",-0.8,-0.314475714483299,1
1,2,0.01,45,"prot25_income",0,0.0529641185996253,1
1,2,0.01,45,"prot25_child",0.4,0.208337290681708,1
1,2,0.01,45,"prot50_male",0,0.0100173563850152,1
1,2,0.01,45,"prot50_age",1.2,0.644669487708142,1
1,2,0.01,45,"prot50_income",0,0.0206199484874301,1
1,2,0.01,45,"prot50_child",-0.2,0.00030853074595779,0
1,2,0.01,45,"invasive_male",-1,-0.469604488662058,1
1,2,0.01,45,"invasive_age",0,-4.31490081172484e-06,0
1,2,0.01,45,"invasive_income",-0.3,-0.177254190855078,1
1,2,0.01,45,"invasive_child",0,0.0961188857475378,1
1,2,0.01,46,"ASC2_male",-0.3,-0.267807775207466,1
1,2,0.01,46,"ASC2_age",0,0.015397853407111,1
1,2,0.01,46,"ASC2_income",-0.4,-0.247418507307828,1
1,2,0.01,46,"ASC2_child",0,2.66032827865911e-10,0
1,2,0.01,46,"ASC3_male",0,-0.0215913822563275,1
1,2,0.01,46,"ASC3_age",0,0.0489188466562022,1
1,2,0.01,46,"ASC3_income",0,-0.0418608098231872,1
1,2,0.01,46,"ASC3_child",0,-7.03219522367008e-07,0
1,2,0.01,46,"prot25_male",0,6.22685359384736e-05,0
1,2,0.01,46,"prot25_age",0.9,0.363286874190355,1
1,2,0.01,46,"prot25_income",0.4,0.226233800249928,1
1,2,0.01,46,"prot25_child",0.5,0.261792401077624,1
1,2,0.01,46,"prot50_male",0.7,0.236936985168279,1
1,2,0.01,46,"prot50_age",0.5,0.228602001783884,1
1,2,0.01,46,"prot50_income",-0.5,-0.266912399198585,1
1,2,0.01,46,"prot50_child",0.7,0.179764696252009,1
1,2,0.01,46,"invasive_male",0,-0.013500927646141,1
1,2,0.01,46,"invasive_age",0,0.0210362171143971,1
1,2,0.01,46,"invasive_income",0,-0.0334251751886535,1
1,2,0.01,46,"invasive_child",0.6,0.181627786209465,1
1,2,0.01,47,"ASC2_male",0,-0.0747312388744933,1
1,2,0.01,47,"ASC2_age",0,-0.083123764772722,1
1,2,0.01,47,"ASC2_income",-0.7,-0.321053604223747,1
1,2,0.01,47,"ASC2_child",0.9,0.479793872848315,1
1,2,0.01,47,"ASC3_male",0,-0.136022757960308,1
1,2,0.01,47,"ASC3_age",1,0.479028438785274,1
1,2,0.01,47,"ASC3_income",0,0.0634360878538338,1
1,2,0.01,47,"ASC3_child",0,4.39067999113113e-10,0
1,2,0.01,47,"prot25_male",1.2,0.573272051932774,1
1,2,0.01,47,"prot25_age",1,0.574106349698562,1
1,2,0.01,47,"prot25_income",0,8.09379634429157e-07,0
1,2,0.01,47,"prot25_child",0.5,0.203866750942493,1
1,2,0.01,47,"prot50_male",-0.1,-4.28071179886412e-09,0
1,2,0.01,47,"prot50_age",0,0.0173748820716642,1
1,2,0.01,47,"prot50_income",1,0.464633329391619,1
1,2,0.01,47,"prot50_child",0,0.0054834916794239,0
1,2,0.01,47,"invasive_male",0,3.44842004707535e-09,0
1,2,0.01,47,"invasive_age",0,-0.047481293856547,1
1,2,0.01,47,"invasive_income",-0.3,-0.0645348526534216,1
1,2,0.01,47,"invasive_child",-0.9,-0.508673991563207,1
1,2,0.01,48,"ASC2_male",0.3,0.0533721038330376,1
1,2,0.01,48,"ASC2_age",0,-6.20315710688202e-07,0
1,2,0.01,48,"ASC2_income",-1.1,-0.503646264959266,1
1,2,0.01,48,"ASC2_child",0,-0.0204137598040893,1
1,2,0.01,48,"ASC3_male",0,-2.0289141574655e-07,0
1,2,0.01,48,"ASC3_age",1,0.442565389504524,1
1,2,0.01,48,"ASC3_income",0.7,0.293861873861756,1
1,2,0.01,48,"ASC3_child",0.9,0.350917124595986,1
1,2,0.01,48,"prot25_male",1,0.524103204539253,1
1,2,0.01,48,"prot25_age",0,-0.012329100415801,1
1,2,0.01,48,"prot25_income",0.2,0.0525971077437439,1
1,2,0.01,48,"prot25_child",0,-8.12096490185039e-09,0
1,2,0.01,48,"prot50_male",-0.7,-0.0928646717742063,1
1,2,0.01,48,"prot50_age",0,1.75761003004051e-07,0
1,2,0.01,48,"prot50_income",0,-0.0333548587685805,1
1,2,0.01,48,"prot50_child",0.1,0.0862551185671208,1
1,2,0.01,48,"invasive_male",0,-2.2342350519703e-08,0
1,2,0.01,48,"invasive_age",0,0.00533125258039963,0
1,2,0.01,48,"invasive_income",0.6,0.188826570291502,1
1,2,0.01,48,"invasive_child",0,-0.0446130788561579,1
1,2,0.01,49,"ASC2_male",0,0.00515637876338834,0
1,2,0.01,49,"ASC2_age",0.6,0.222834329445017,1
1,2,0.01,49,"ASC2_income",0,0.0372051178596901,1
1,2,0.01,49,"ASC2_child",0.6,0.2708968093292,1
1,2,0.01,49,"ASC3_male",0,-0.0646839408774892,1
1,2,0.01,49,"ASC3_age",0.5,0.222621768770708,1
1,2,0.01,49,"ASC3_income",-0.2,-0.153331330569557,1
1,2,0.01,49,"ASC3_child",0,-0.0868176613974436,1
1,2,0.01,49,"prot25_male",1,0.433270404575333,1
1,2,0.01,49,"prot25_age",0,0.0602464520958179,1
1,2,0.01,49,"prot25_income",0.8,0.379404493247907,1
1,2,0.01,49,"prot25_child",-1,-0.513981106891836,1
1,2,0.01,49,"prot50_male",0,-0.0998408042038062,1
1,2,0.01,49,"prot50_age",0.7,0.423735660420928,1
1,2,0.01,49,"prot50_income",0,-0.0223210185205451,1
1,2,0.01,49,"prot50_child",-1,-0.414079224377504,1
1,2,0.01,49,"invasive_male",-0.2,-0.156579000710721,1
1,2,0.01,49,"invasive_age",0,0.0248601749848177,1
1,2,0.01,49,"invasive_income",0,0.0316699098825697,1
1,2,0.01,49,"invasive_child",0,-0.0235164112704974,1
1,2,0.01,50,"ASC2_male",0,-1.45390315961555e-08,0
1,2,0.01,50,"ASC2_age",0,-0.0666475831083387,1
1,2,0.01,50,"ASC2_income",0.4,0.203153775741334,1
1,2,0.01,50,"ASC2_child",0.1,-0.102285175394213,1
1,2,0.01,50,"ASC3_male",0,-0.00915092730049242,0
1,2,0.01,50,"ASC3_age",0,-0.0443562763998298,1
1,2,0.01,50,"ASC3_income",0,-0.0238869910914305,1
1,2,0.01,50,"ASC3_child",-0.2,-0.223185612883721,1
1,2,0.01,50,"prot25_male",-0.4,-0.225908004409417,1
1,2,0.01,50,"prot25_age",1.2,0.6517720706241,1
1,2,0.01,50,"prot25_income",-0.6,-0.315879054098716,1
1,2,0.01,50,"prot25_child",0,-3.13644725158772e-08,0
1,2,0.01,50,"prot50_male",1,0.513268530772473,1
1,2,0.01,50,"prot50_age",-0.3,-0.0478457747945265,1
1,2,0.01,50,"prot50_income",0,-0.0367338398515759,1
1,2,0.01,50,"prot50_child",0,0.0835067865697039,1
1,2,0.01,50,"invasive_male",-1,-0.479015243241262,1
1,2,0.01,50,"invasive_age",0.4,0.197148906902712,1
1,2,0.01,50,"invasive_income",0,-0.00936481066088481,0
1,2,0.01,50,"invasive_child",0,-0.00266145928332895,0
1,2,0.01,51,"ASC2_male",1.1,0.406614704553899,1
1,2,0.01,51,"ASC2_age",0,0.00358420438798417,0
1,2,0.01,51,"ASC2_income",-0.5,-0.249437243724128,1
1,2,0.01,51,"ASC2_child",0,-0.0622603773404791,1
1,2,0.01,51,"ASC3_male",0,-0.153414083146799,1
1,2,0.01,51,"ASC3_age",-1,-0.535392614899555,1
1,2,0.01,51,"ASC3_income",-0.5,-0.209335409110167,1
1,2,0.01,51,"ASC3_child",0,-7.77820184404733e-09,0
1,2,0.01,51,"prot25_male",0,0.0303558762598241,1
1,2,0.01,51,"prot25_age",-0.8,-0.380360194547743,1
1,2,0.01,51,"prot25_income",0.9,0.436149928967594,1
1,2,0.01,51,"prot25_child",0.8,0.524978131989128,1
1,2,0.01,51,"prot50_male",-1,-0.412198720303312,1
1,2,0.01,51,"prot50_age",0,8.34788865419772e-07,0
1,2,0.01,51,"prot50_income",0,0.0114621526711252,1
1,2,0.01,51,"prot50_child",0,-0.0734497803051747,1
1,2,0.01,51,"invasive_male",0.9,0.498471394334208,1
1,2,0.01,51,"invasive_age",0,-5.86985608262418e-09,0
1,2,0.01,51,"invasive_income",-0.4,-0.245549277011993,1
1,2,0.01,51,"invasive_child",0,-0.00938947700677235,0
1,2,0.01,52,"ASC2_male",0,-0.0333852793546708,1
1,2,0.01,52,"ASC2_age",0.8,0.408100947490133,1
1,2,0.01,52,"ASC2_income",0,0.117625484301023,1
1,2,0.01,52,"ASC2_child",0,9.16543897665805e-05,0
1,2,0.01,52,"ASC3_male",1.1,0.419322296344643,1
1,2,0.01,52,"ASC3_age",0,0.0632084883286663,1
1,2,0.01,52,"ASC3_income",0.2,0.150415334059984,1
1,2,0.01,52,"ASC3_child",0,0.0267337243732252,1
1,2,0.01,52,"prot25_male",-0.9,-0.313649006749211,1
1,2,0.01,52,"prot25_age",1.1,0.497855725601097,1
1,2,0.01,52,"prot25_income",0,-0.0605038997525652,1
1,2,0.01,52,"prot25_child",-1.1,-0.536926945892436,1
1,2,0.01,52,"prot50_male",0,0.214961704853328,1
1,2,0.01,52,"prot50_age",0,-2.01452814922945e-08,0
1,2,0.01,52,"prot50_income",0.9,0.350753482017063,1
1,2,0.01,52,"prot50_child",-0.2,0.0197623875186709,1
1,2,0.01,52,"invasive_male",0.2,0.239492421689876,1
1,2,0.01,52,"invasive_age",0,-0.0459337221464289,1
1,2,0.01,52,"invasive_income",-0.9,-0.397604189322645,1
1,2,0.01,52,"invasive_child",0,-0.000521861125807084,0
1,2,0.01,53,"ASC2_male",0,-1.32552063361538e-07,0
1,2,0.01,53,"ASC2_age",0,-0.0914166844192888,1
1,2,0.01,53,"ASC2_income",-0.7,-0.335594949316765,1
1,2,0.01,53,"ASC2_child",0.7,0.218396718093928,1
1,2,0.01,53,"ASC3_male",0,-0.0779186206570822,1
1,2,0.01,53,"ASC3_age",-0.4,-0.233932861974939,1
1,2,0.01,53,"ASC3_income",0,0.0715942185128186,1
1,2,0.01,53,"ASC3_child",0,2.40335439010318e-05,0
1,2,0.01,53,"prot25_male",-1.1,-0.546446599434134,1
1,2,0.01,53,"prot25_age",-0.4,-0.109912328443105,1
1,2,0.01,53,"prot25_income",0,-0.0560478911649699,1
1,2,0.01,53,"prot25_child",0,-1.62978386006843e-07,0
1,2,0.01,53,"prot50_male",0,0.100215030844604,1
1,2,0.01,53,"prot50_age",0.4,0.221479545570648,1
1,2,0.01,53,"prot50_income",0,-0.0582707323757879,1
1,2,0.01,53,"prot50_child",0,1.26526876504797e-08,0
1,2,0.01,53,"invasive_male",-1.1,-0.439432342276527,1
1,2,0.01,53,"invasive_age",0.4,0.0583908618322179,1
1,2,0.01,53,"invasive_income",-0.4,-0.276077258889185,1
1,2,0.01,53,"invasive_child",0.5,0.156500934140384,1
1,2,0.01,54,"ASC2_male",-1,-0.370527415729572,1
1,2,0.01,54,"ASC2_age",0.5,0.231546801766,1
1,2,0.01,54,"ASC2_income",0,-1.26241330691505e-08,0
1,2,0.01,54,"ASC2_child",0.2,0.0604275938290668,1
1,2,0.01,54,"ASC3_male",0.5,0.200163133595501,1
1,2,0.01,54,"ASC3_age",-0.2,-0.0466030166791987,1
1,2,0.01,54,"ASC3_income",0,-6.76720270280451e-09,0
1,2,0.01,54,"ASC3_child",0,-4.03399240100987e-08,0
1,2,0.01,54,"prot25_male",0,-1.03340203695183e-08,0
1,2,0.01,54,"prot25_age",0,-2.07800508183094e-08,0
1,2,0.01,54,"prot25_income",0.3,0.14806681733689,1
1,2,0.01,54,"prot25_child",0,0.0368975137446232,1
1,2,0.01,54,"prot50_male",0,1.77279990769198e-08,0
1,2,0.01,54,"prot50_age",0.9,0.43077536599189,1
1,2,0.01,54,"prot50_income",0,9.63235058038795e-09,0
1,2,0.01,54,"prot50_child",-0.4,-0.161175538891553,1
1,2,0.01,54,"invasive_male",0,0.137173213345946,1
1,2,0.01,54,"invasive_age",0.9,0.423093773987903,1
1,2,0.01,54,"invasive_income",-0.4,-0.148446868947567,1
1,2,0.01,54,"invasive_child",0,-1.39107808623644e-08,0
1,2,0.01,55,"ASC2_male",0.9,0.368265719179105,1
1,2,0.01,55,"ASC2_age",0,-0.0191586508082601,1
1,2,0.01,55,"ASC2_income",0,6.8377236692919e-08,0
1,2,0.01,55,"ASC2_child",0.9,0.380644910348352,1
1,2,0.01,55,"ASC3_male",0,-0.00647503810294393,0
1,2,0.01,55,"ASC3_age",0,-0.0700898888431124,1
1,2,0.01,55,"ASC3_income",0,0.0867443166528659,1
1,2,0.01,55,"ASC3_child",-1,-0.595827577564618,1
1,2,0.01,55,"prot25_male",-0.9,-0.276644154662818,1
1,2,0.01,55,"prot25_age",-0.6,-0.203207857117373,1
1,2,0.01,55,"prot25_income",0,-0.0729150700617132,1
1,2,0.01,55,"prot25_child",-0.3,0.0619497900573094,1
1,2,0.01,55,"prot50_male",-0.9,-0.199025539873404,1
1,2,0.01,55,"prot50_age",0,-2.01739492375685e-08,0
1,2,0.01,55,"prot50_income",1.1,0.472149878096095,1
1,2,0.01,55,"prot50_child",0,0.114293492801898,1
1,2,0.01,55,"invasive_male",0.8,0.425709024534455,1
1,2,0.01,55,"invasive_age",-0.8,-0.403288291490293,1
1,2,0.01,55,"invasive_income",0,-0.059946362688416,1
1,2,0.01,55,"invasive_child",0,0.0655760972777285,1
1,2,0.01,56,"ASC2_male",0,-0.00189694769794211,0
1,2,0.01,56,"ASC2_age",1.1,0.515649474627302,1
1,2,0.01,56,"ASC2_income",0,0.0157236527958932,1
1,2,0.01,56,"ASC2_child",0,0.161988901929777,1
1,2,0.01,56,"ASC3_male",0,0.0276383439136979,1
1,2,0.01,56,"ASC3_age",-1,-0.557264957416527,1
1,2,0.01,56,"ASC3_income",0.8,0.403272183886926,1
1,2,0.01,56,"ASC3_child",0,-4.59669745583657e-08,0
1,2,0.01,56,"prot25_male",0,-0.0788857443372569,1
1,2,0.01,56,"prot25_age",0.9,0.441569625285132,1
1,2,0.01,56,"prot25_income",0,-0.0389046845079425,1
1,2,0.01,56,"prot25_child",0,0.0626318558481683,1
1,2,0.01,56,"prot50_male",0.5,0.218896388863732,1
1,2,0.01,56,"prot50_age",0,-0.0222414056923587,1
1,2,0.01,56,"prot50_income",-0.8,-0.468777810436632,1
1,2,0.01,56,"prot50_child",-0.4,-0.150879636376335,1
1,2,0.01,56,"invasive_male",0,-0.00847203981387985,0
1,2,0.01,56,"invasive_age",0.7,0.283890820420266,1
1,2,0.01,56,"invasive_income",1.1,0.517121517411845,1
1,2,0.01,56,"invasive_child",0.3,0.190239381198238,1
1,2,0.01,57,"ASC2_male",0,-0.107165000400457,1
1,2,0.01,57,"ASC2_age",0,-0.056895621643613,1
1,2,0.01,57,"ASC2_income",1,0.599482507749901,1
1,2,0.01,57,"ASC2_child",1.1,0.418588532382877,1
1,2,0.01,57,"ASC3_male",0,0.0267753563773996,1
1,2,0.01,57,"ASC3_age",0.9,0.430359386870581,1
1,2,0.01,57,"ASC3_income",0,0.0347244472456936,1
1,2,0.01,57,"ASC3_child",0,-0.0630407929156455,1
1,2,0.01,57,"prot25_male",0.1,0.112549712428918,1
1,2,0.01,57,"prot25_age",0,0.0200658812411585,1
1,2,0.01,57,"prot25_income",0,-0.0625032758120624,1
1,2,0.01,57,"prot25_child",-0.4,-0.136335920275781,1
1,2,0.01,57,"prot50_male",1,0.548366621540499,1
1,2,0.01,57,"prot50_age",-0.9,-0.408424983734157,1
1,2,0.01,57,"prot50_income",0,-0.00246688652526095,0
1,2,0.01,57,"prot50_child",-0.2,-0.0475108370664589,1
1,2,0.01,57,"invasive_male",-0.4,-0.0925732686114966,1
1,2,0.01,57,"invasive_age",1,0.470020620472383,1
1,2,0.01,57,"invasive_income",0,0.00512262978965494,0
1,2,0.01,57,"invasive_child",0,-0.0221137019872073,1
1,2,0.01,58,"ASC2_male",0,2.02905230676594e-08,0
1,2,0.01,58,"ASC2_age",-0.4,-0.127691753629189,1
1,2,0.01,58,"ASC2_income",1.1,0.492391380597232,1
1,2,0.01,58,"ASC2_child",0.4,0.106596605141741,1
1,2,0.01,58,"ASC3_male",0,-3.15262138209369e-08,0
1,2,0.01,58,"ASC3_age",-0.6,-0.195983689862579,1
1,2,0.01,58,"ASC3_income",0,0.0212603336859632,1
1,2,0.01,58,"ASC3_child",0,-0.0728120730208352,1
1,2,0.01,58,"prot25_male",0.2,3.85897835275764e-08,0
1,2,0.01,58,"prot25_age",0,1.10867348203507e-07,0
1,2,0.01,58,"prot25_income",0,0.035493151927489,1
1,2,0.01,58,"prot25_child",-0.4,-2.29799170077463e-07,0
1,2,0.01,58,"prot50_male",0.6,0.19271712089532,1
1,2,0.01,58,"prot50_age",0,-0.03855769986041,1
1,2,0.01,58,"prot50_income",0,-1.11353128131083e-09,0
1,2,0.01,58,"prot50_child",-0.7,-0.0336680446006527,1
1,2,0.01,58,"invasive_male",-1,-0.494316544079486,1
1,2,0.01,58,"invasive_age",0.8,0.4048930035474,1
1,2,0.01,58,"invasive_income",0,0.0176360572588129,1
1,2,0.01,58,"invasive_child",0,-7.7502152411038e-08,0
1,2,0.01,59,"ASC2_male",1.2,0.49276756293675,1
1,2,0.01,59,"ASC2_age",1.1,0.508566999007045,1
1,2,0.01,59,"ASC2_income",0,-1.2005927704432e-08,0
1,2,0.01,59,"ASC2_child",0.2,0.0128321674676054,1
1,2,0.01,59,"ASC3_male",0,1.44922842700889e-09,0
1,2,0.01,59,"ASC3_age",1,0.476289472316382,1
1,2,0.01,59,"ASC3_income",0,-6.2527401794563e-09,0
1,2,0.01,59,"ASC3_child",0,-0.0469705888283069,1
1,2,0.01,59,"prot25_male",0.3,0.0560561771768692,1
1,2,0.01,59,"prot25_age",0,0.0706271491369287,1
1,2,0.01,59,"prot25_income",0.4,0.155050490345466,1
1,2,0.01,59,"prot25_child",0.3,0.164472971959826,1
1,2,0.01,59,"prot50_male",0,1.83126028185344e-09,0
1,2,0.01,59,"prot50_age",0,0.0102212452231825,1
1,2,0.01,59,"prot50_income",1,0.447658698314751,1
1,2,0.01,59,"prot50_child",0.9,0.3413852140526,1
1,2,0.01,59,"invasive_male",0,3.73454879988385e-09,0
1,2,0.01,59,"invasive_age",0,0.00631501867780474,0
1,2,0.01,59,"invasive_income",0,-1.66091335253843e-08,0
1,2,0.01,59,"invasive_child",-0.6,-0.317512947640658,1
1,2,0.01,60,"ASC2_male",-1,-0.428624145921216,1
1,2,0.01,60,"ASC2_age",-0.1,0.031748440741054,1
1,2,0.01,60,"ASC2_income",0,0.0304648922870332,1
1,2,0.01,60,"ASC2_child",-0.4,-0.0734868515271149,1
1,2,0.01,60,"ASC3_male",-1.1,-0.374350816217472,1
1,2,0.01,60,"ASC3_age",0,0.0558804515061116,1
1,2,0.01,60,"ASC3_income",0,-0.00315203384350036,0
1,2,0.01,60,"ASC3_child",1.2,0.707745913274979,1
1,2,0.01,60,"prot25_male",-1.1,-0.600619532535567,1
1,2,0.01,60,"prot25_age",-0.8,-0.389532588437044,1
1,2,0.01,60,"prot25_income",0,-0.0416406032768753,1
1,2,0.01,60,"prot25_child",0,-0.219846055912652,1
1,2,0.01,60,"prot50_male",-0.4,-0.199957113531758,1
1,2,0.01,60,"prot50_age",0,-0.00267062248273323,0
1,2,0.01,60,"prot50_income",0,-0.0416421807430655,1
1,2,0.01,60,"prot50_child",0,-0.122506791741063,1
1,2,0.01,60,"invasive_male",1.1,0.580011999710499,1
1,2,0.01,60,"invasive_age",0,0.10479476880709,1
1,2,0.01,60,"invasive_income",0,0.0218861106429504,1
1,2,0.01,60,"invasive_child",-0.4,-0.0885870245698932,1
1,2,0.01,61,"ASC2_male",-0.6,-0.31525784213042,1
1,2,0.01,61,"ASC2_age",0,-6.56763802234234e-06,0
1,2,0.01,61,"ASC2_income",0.3,0.130977075571572,1
1,2,0.01,61,"ASC2_child",0.8,0.163293213023754,1
1,2,0.01,61,"ASC3_male",0.5,0.125499494514727,1
1,2,0.01,61,"ASC3_age",0,-1.30051296548257e-07,0
1,2,0.01,61,"ASC3_income",0,-3.12779999786451e-07,0
1,2,0.01,61,"ASC3_child",0,-0.0682003713198499,1
1,2,0.01,61,"prot25_male",0,0.0211661441288331,1
1,2,0.01,61,"prot25_age",-0.6,-0.29747132885971,1
1,2,0.01,61,"prot25_income",0,-7.2439987011036e-10,0
1,2,0.01,61,"prot25_child",0,-3.43898213376106e-09,0
1,2,0.01,61,"prot50_male",0,-1.73519564656979e-10,0
1,2,0.01,61,"prot50_age",-0.4,-0.156008529409777,1
1,2,0.01,61,"prot50_income",0,-7.58432472755705e-09,0
1,2,0.01,61,"prot50_child",-0.7,-0.350841034226566,1
1,2,0.01,61,"invasive_male",0,-0.03865858428082,1
1,2,0.01,61,"invasive_age",1.1,0.487957205976038,1
1,2,0.01,61,"invasive_income",1,0.425501515774853,1
1,2,0.01,61,"invasive_child",0.5,0.192768302384113,1
1,2,0.01,62,"ASC2_male",0,-0.0860834416902719,1
1,2,0.01,62,"ASC2_age",-1,-0.475129256015174,1
1,2,0.01,62,"ASC2_income",-0.6,-0.258817790706259,1
1,2,0.01,62,"ASC2_child",0,2.44042169821578e-05,0
1,2,0.01,62,"ASC3_male",0,-0.138325961408285,1
1,2,0.01,62,"ASC3_age",0,0.024100084658675,1
1,2,0.01,62,"ASC3_income",0.3,0.166223315931798,1
1,2,0.01,62,"ASC3_child",-0.1,-2.70815998157936e-08,0
1,2,0.01,62,"prot25_male",0,0.0223561512928389,1
1,2,0.01,62,"prot25_age",-0.9,-0.456704985949739,1
1,2,0.01,62,"prot25_income",0.5,0.219853159602188,1
1,2,0.01,62,"prot25_child",0.5,0.148490605934269,1
1,2,0.01,62,"prot50_male",-0.8,-0.458016328431566,1
1,2,0.01,62,"prot50_age",0,-0.103377216772099,1
1,2,0.01,62,"prot50_income",0,-2.62604024841643e-05,0
1,2,0.01,62,"prot50_child",1.2,0.451452659099186,1
1,2,0.01,62,"invasive_male",0.3,-1.4575441998715e-07,0
1,2,0.01,62,"invasive_age",0,-0.0305539346260604,1
1,2,0.01,62,"invasive_income",0,0.0677057135919023,1
1,2,0.01,62,"invasive_child",0,2.07768945968648e-05,0
1,2,0.01,63,"ASC2_male",0.9,0.251469753560269,1
1,2,0.01,63,"ASC2_age",-0.1,0.0689289511899538,1
1,2,0.01,63,"ASC2_income",0,-0.0447803905418364,1
1,2,0.01,63,"ASC2_child",0.1,-2.00334854605641e-07,0
1,2,0.01,63,"ASC3_male",0.4,-5.72445429843778e-09,0
1,2,0.01,63,"ASC3_age",-0.7,-0.278505289513102,1
1,2,0.01,63,"ASC3_income",0,-0.0360117458569461,1
1,2,0.01,63,"ASC3_child",0,-7.66340984556637e-09,0
1,2,0.01,63,"prot25_male",0,0.171994402289049,1
1,2,0.01,63,"prot25_age",0,-0.0361302947264912,1
1,2,0.01,63,"prot25_income",-0.2,-0.10117608519868,1
1,2,0.01,63,"prot25_child",0,0.0361593657275995,1
1,2,0.01,63,"prot50_male",0,0.0273599017510747,1
1,2,0.01,63,"prot50_age",1,0.481300058679786,1
1,2,0.01,63,"prot50_income",0,-0.00130129544377467,0
1,2,0.01,63,"prot50_child",-0.2,-0.0359602971711009,1
1,2,0.01,63,"invasive_male",0,-0.100381143349411,1
1,2,0.01,63,"invasive_age",-0.5,-0.210638598976211,1
1,2,0.01,63,"invasive_income",0,-0.0334423270282839,1
1,2,0.01,63,"invasive_child",-0.6,-0.399114907527093,1
1,2,0.01,64,"ASC2_male",0,-7.04562831941314e-11,0
1,2,0.01,64,"ASC2_age",0,-1.05340736555391e-08,0
1,2,0.01,64,"ASC2_income",1.1,0.53601091589426,1
1,2,0.01,64,"ASC2_child",0.5,0.283257538918288,1
1,2,0.01,64,"ASC3_male",0,-0.0631064070144529,1
1,2,0.01,64,"ASC3_age",0,-0.0335271965202256,1
1,2,0.01,64,"ASC3_income",1.1,0.463792003672906,1
1,2,0.01,64,"ASC3_child",0,-9.08215012800993e-09,0
1,2,0.01,64,"prot25_male",0,-0.0453819657315321,1
1,2,0.01,64,"prot25_age",-1.1,-0.502704248340595,1
1,2,0.01,64,"prot25_income",-0.7,-0.341521693348323,1
1,2,0.01,64,"prot25_child",-0.8,-0.391370389094244,1
1,2,0.01,64,"prot50_male",0,0.0443040916065472,1
1,2,0.01,64,"prot50_age",0.9,0.412927232975883,1
1,2,0.01,64,"prot50_income",-0.5,-0.217534214474165,1
1,2,0.01,64,"prot50_child",0,0.034687747154307,1
1,2,0.01,64,"invasive_male",0,0.100309392114692,1
1,2,0.01,64,"invasive_age",-1.1,-0.520936903599104,1
1,2,0.01,64,"invasive_income",0.3,0.123156492417521,1
1,2,0.01,64,"invasive_child",0,-0.0763178540041975,1
1,2,0.01,65,"ASC2_male",0,-1.85573301347719e-09,0
1,2,0.01,65,"ASC2_age",0,-3.41157477320656e-09,0
1,2,0.01,65,"ASC2_income",-0.7,-0.254331212191132,1
1,2,0.01,65,"ASC2_child",0,-7.4268331159531e-08,0
1,2,0.01,65,"ASC3_male",0,-5.39680492474695e-08,0
1,2,0.01,65,"ASC3_age",-0.9,-0.418439778657348,1
1,2,0.01,65,"ASC3_income",0,0.0491189062901676,1
1,2,0.01,65,"ASC3_child",0,-0.0609034072103216,1
1,2,0.01,65,"prot25_male",0.1,0.0449444244267902,1
1,2,0.01,65,"prot25_age",-0.8,-0.378486987829928,1
1,2,0.01,65,"prot25_income",0.9,0.331727505966483,1
1,2,0.01,65,"prot25_child",0,0.0860160042456676,1
1,2,0.01,65,"prot50_male",0.8,0.472263261019005,1
1,2,0.01,65,"prot50_age",1.1,0.531451844805255,1
1,2,0.01,65,"prot50_income",-1,-0.560563979137879,1
1,2,0.01,65,"prot50_child",-1.2,-0.401276014736843,1
1,2,0.01,65,"invasive_male",0,-1.18524019770777e-07,0
1,2,0.01,65,"invasive_age",0,0.00725599549482313,0
1,2,0.01,65,"invasive_income",-1,-0.433881964299646,1
1,2,0.01,65,"invasive_child",0,0.000671742964379577,0
1,2,0.01,66,"ASC2_male",0.9,0.496453685765963,1
1,2,0.01,66,"ASC2_age",0.9,0.461892327002463,1
1,2,0.01,66,"ASC2_income",0,0.0539542878253553,1
1,2,0.01,66,"ASC2_child",0,0.0542663679102455,1
1,2,0.01,66,"ASC3_male",-0.6,-0.387435381201759,1
1,2,0.01,66,"ASC3_age",0,0.0281897848149213,1
1,2,0.01,66,"ASC3_income",-1.2,-0.553999214458154,1
1,2,0.01,66,"ASC3_child",0,0.00896844743499759,0
1,2,0.01,66,"prot25_male",0,0.0119027394318532,1
1,2,0.01,66,"prot25_age",-0.4,-0.215706329229157,1
1,2,0.01,66,"prot25_income",-0.4,-0.325614089731667,1
1,2,0.01,66,"prot25_child",0,-0.07173043249402,1
1,2,0.01,66,"prot50_male",0,0.0913406468760764,1
1,2,0.01,66,"prot50_age",0,-0.0522025593471704,1
1,2,0.01,66,"prot50_income",0.2,0.00691897378203892,0
1,2,0.01,66,"prot50_child",-0.7,-0.524176983392751,1
1,2,0.01,66,"invasive_male",0.5,0.189952178127646,1
1,2,0.01,66,"invasive_age",0.9,0.47901944200779,1
1,2,0.01,66,"invasive_income",0,-0.0258848447381877,1
1,2,0.01,66,"invasive_child",0,-0.0835859916237836,1
1,2,0.01,67,"ASC2_male",0,0.0249164486890397,1
1,2,0.01,67,"ASC2_age",-1.1,-0.578269564644033,1
1,2,0.01,67,"ASC2_income",0.6,0.346405760304241,1
1,2,0.01,67,"ASC2_child",0.3,0.0311273119400217,1
1,2,0.01,67,"ASC3_male",0,-1.41146861866267e-08,0
1,2,0.01,67,"ASC3_age",0,-0.0489679577183437,1
1,2,0.01,67,"ASC3_income",0.7,0.345792050162805,1
1,2,0.01,67,"ASC3_child",0,-0.0844087322580614,1
1,2,0.01,67,"prot25_male",0.9,0.407710624030405,1
1,2,0.01,67,"prot25_age",0.5,0.277679915896819,1
1,2,0.01,67,"prot25_income",-0.8,-0.502278934176384,1
1,2,0.01,67,"prot25_child",0,0.151441697045729,1
1,2,0.01,67,"prot50_male",-0.7,-0.403711585612645,1
1,2,0.01,67,"prot50_age",0,0.0307206907320166,1
1,2,0.01,67,"prot50_income",-0.2,-0.153002502515234,1
1,2,0.01,67,"prot50_child",0,0.0143627033585685,1
1,2,0.01,67,"invasive_male",0,-4.43452754595468e-09,0
1,2,0.01,67,"invasive_age",0,-0.0373431142492154,1
1,2,0.01,67,"invasive_income",0,0.0229496979975872,1
1,2,0.01,67,"invasive_child",0.9,0.250919115710754,1
1,2,0.01,68,"ASC2_male",0.3,1.23248848537069e-06,0
1,2,0.01,68,"ASC2_age",0.9,0.367147886541582,1
1,2,0.01,68,"ASC2_income",-1,-0.475775226632737,1
1,2,0.01,68,"ASC2_child",0.1,-8.52606966545488e-09,0
1,2,0.01,68,"ASC3_male",0,-2.90379897546055e-09,0
1,2,0.01,68,"ASC3_age",0.7,0.233940097923929,1
1,2,0.01,68,"ASC3_income",0,-2.20324573477417e-08,0
1,2,0.01,68,"ASC3_child",-0.4,-0.234201431056265,1
1,2,0.01,68,"prot25_male",0,0.0923196128751831,1
1,2,0.01,68,"prot25_age",0,0.0480077721333596,1
1,2,0.01,68,"prot25_income",0,0.00215916880077143,0
1,2,0.01,68,"prot25_child",-0.6,-0.118939164795375,1
1,2,0.01,68,"prot50_male",0,0.0663831226907074,1
1,2,0.01,68,"prot50_age",0.1,-2.50919159378558e-09,0
1,2,0.01,68,"prot50_income",0,2.60407953721462e-08,0
1,2,0.01,68,"prot50_child",0,-3.35365290062138e-07,0
1,2,0.01,68,"invasive_male",0,-0.0390546193477665,1
1,2,0.01,68,"invasive_age",0,-0.14234568607375,1
1,2,0.01,68,"invasive_income",0.5,0.277385736173619,1
1,2,0.01,68,"invasive_child",0.3,0.00586889289138928,0
1,2,0.01,69,"ASC2_male",0,-0.0936850175010229,1
1,2,0.01,69,"ASC2_age",0,-0.0412732524091856,1
1,2,0.01,69,"ASC2_income",-0.9,-0.351391960381413,1
1,2,0.01,69,"ASC2_child",0,1.96240763749098e-07,0
1,2,0.01,69,"ASC3_male",0.8,0.291625033950199,1
1,2,0.01,69,"ASC3_age",0,-0.0483799059554903,1
1,2,0.01,69,"ASC3_income",0,-7.09499567360862e-09,0
1,2,0.01,69,"ASC3_child",0,-1.1519251690567e-08,0
1,2,0.01,69,"prot25_male",-0.4,-0.0707689808149755,1
1,2,0.01,69,"prot25_age",-0.8,-0.389794392224465,1
1,2,0.01,69,"prot25_income",0,-0.0225160117395367,1
1,2,0.01,69,"prot25_child",1.2,0.696190431406297,1
1,2,0.01,69,"prot50_male",0,0.0451961770872701,1
1,2,0.01,69,"prot50_age",-0.7,-0.355816774718,1
1,2,0.01,69,"prot50_income",0,-0.0108274368486713,1
1,2,0.01,69,"prot50_child",-0.6,-0.150093295537632,1
1,2,0.01,69,"invasive_male",-1.1,-0.530247600695772,1
1,2,0.01,69,"invasive_age",0.5,0.232445128770016,1
1,2,0.01,69,"invasive_income",-0.9,-0.396058402081286,1
1,2,0.01,69,"invasive_child",0,-6.22514432017892e-09,0
1,2,0.01,70,"ASC2_male",0,-0.0267394355639511,1
1,2,0.01,70,"ASC2_age",-1,-0.554385249496212,1
1,2,0.01,70,"ASC2_income",1.2,0.491085701798438,1
1,2,0.01,70,"ASC2_child",0.3,0.077712503009526,1
1,2,0.01,70,"ASC3_male",0,0.116291774261355,1
1,2,0.01,70,"ASC3_age",-0.9,-0.499476845090362,1
1,2,0.01,70,"ASC3_income",0,-0.132335029677568,1
1,2,0.01,70,"ASC3_child",0,-0.115788531977216,1
1,2,0.01,70,"prot25_male",0,0.0165829536094107,1
1,2,0.01,70,"prot25_age",0.2,0.188026756702147,1
1,2,0.01,70,"prot25_income",0,0.104878037430874,1
1,2,0.01,70,"prot25_child",-0.7,-0.20247141396976,1
1,2,0.01,70,"prot50_male",0,-0.0495310155688055,1
1,2,0.01,70,"prot50_age",0,0.0579647847367372,1
1,2,0.01,70,"prot50_income",-0.7,-0.301596741223935,1
1,2,0.01,70,"prot50_child",0,1.31593959822754e-11,0
1,2,0.01,70,"invasive_male",-0.3,-0.126591453257735,1
1,2,0.01,70,"invasive_age",0,0.000374794781132923,0
1,2,0.01,70,"invasive_income",-0.7,-0.365315632249355,1
1,2,0.01,70,"invasive_child",-0.6,-0.436141206920563,1
1,2,0.01,71,"ASC2_male",-1.1,-0.59169430540425,1
1,2,0.01,71,"ASC2_age",0,0.00597453937353791,0
1,2,0.01,71,"ASC2_income",0,-0.0186141762681848,1
1,2,0.01,71,"ASC2_child",-0.4,-0.237268479981573,1
1,2,0.01,71,"ASC3_male",0,-0.134902633775203,1
1,2,0.01,71,"ASC3_age",0,-0.0122395091452225,1
1,2,0.01,71,"ASC3_income",-0.5,-0.190222793136262,1
1,2,0.01,71,"ASC3_child",-0.6,-0.371525996037983,1
1,2,0.01,71,"prot25_male",0,-2.24098966571521e-07,0
1,2,0.01,71,"prot25_age",0,-0.0134887163467978,1
1,2,0.01,71,"prot25_income",0,-0.0562991256440593,1
1,2,0.01,71,"prot25_child",0.2,0.0377014609620295,1
1,2,0.01,71,"prot50_male",-0.5,-0.306864064477364,1
1,2,0.01,71,"prot50_age",0.2,0.185130899157577,1
1,2,0.01,71,"prot50_income",-1.1,-0.597055069888856,1
1,2,0.01,71,"prot50_child",0,0.0893939862951226,1
1,2,0.01,71,"invasive_male",0.9,0.293087125376685,1
1,2,0.01,71,"invasive_age",1.2,0.651308784195361,1
1,2,0.01,71,"invasive_income",0,-0.0566647495265166,1
1,2,0.01,71,"invasive_child",0,-5.10118763369116e-08,0
1,2,0.01,72,"ASC2_male",0,-0.048772635375577,1
1,2,0.01,72,"ASC2_age",0,-0.0242938257011046,1
1,2,0.01,72,"ASC2_income",0.2,0.0331615007279847,1
1,2,0.01,72,"ASC2_child",0.1,0.0550912093337917,1
1,2,0.01,72,"ASC3_male",0,-0.064082280084381,1
1,2,0.01,72,"ASC3_age",0.7,0.355927778742927,1
1,2,0.01,72,"ASC3_income",0,-0.0327733608948267,1
1,2,0.01,72,"ASC3_child",0,0.00792760493403421,0
1,2,0.01,72,"prot25_male",-0.2,-1.18694413199719e-09,0
1,2,0.01,72,"prot25_age",-1.1,-0.567498857639579,1
1,2,0.01,72,"prot25_income",0,0.0208388633245616,1
1,2,0.01,72,"prot25_child",0,0.00197633140582004,0
1,2,0.01,72,"prot50_male",0.5,0.203624651824763,1
1,2,0.01,72,"prot50_age",0,-0.0517572912474098,1
1,2,0.01,72,"prot50_income",0,0.0105463423224212,1
1,2,0.01,72,"prot50_child",0.1,0.124778931975584,1
1,2,0.01,72,"invasive_male",0,-0.186102665237363,1
1,2,0.01,72,"invasive_age",0.3,0.162054576025944,1
1,2,0.01,72,"invasive_income",0.4,0.260612434729395,1
1,2,0.01,72,"invasive_child",-0.4,-0.234282107625183,1
1,2,0.01,73,"ASC2_male",0,-1.10848405019266e-10,0
1,2,0.01,73,"ASC2_age",0,0.200829196961838,1
1,2,0.01,73,"ASC2_income",0,-3.22327838623478e-08,0
1,2,0.01,73,"ASC2_child",0.9,0.420490051988452,1
1,2,0.01,73,"ASC3_male",0,-1.09511485997889e-08,0
1,2,0.01,73,"ASC3_age",-0.7,-0.149429730196679,1
1,2,0.01,73,"ASC3_income",0,0.00591427356155903,0
1,2,0.01,73,"ASC3_child",0,-1.32072155651292e-08,0
1,2,0.01,73,"prot25_male",-0.5,-0.199900806146823,1
1,2,0.01,73,"prot25_age",1,0.301841180417051,1
1,2,0.01,73,"prot25_income",0,-0.0123565704356228,1
1,2,0.01,73,"prot25_child",0,-5.97524183933269e-10,0
1,2,0.01,73,"prot50_male",0.6,0.284712655644015,1
1,2,0.01,73,"prot50_age",0.8,0.265690269501098,1
1,2,0.01,73,"prot50_income",1.2,0.622850647786004,1
1,2,0.01,73,"prot50_child",0.9,0.385853824788265,1
1,2,0.01,73,"invasive_male",0,-3.39731768875868e-10,0
1,2,0.01,73,"invasive_age",-1.2,-0.50009447131145,1
1,2,0.01,73,"invasive_income",0,-6.52233355945e-11,0
1,2,0.01,73,"invasive_child",1.1,0.491476001129575,1
1,2,0.01,74,"ASC2_male",0,-0.00609715208940678,0
1,2,0.01,74,"ASC2_age",0,0.0146826886663671,1
1,2,0.01,74,"ASC2_income",-0.5,-0.213621228936866,1
1,2,0.01,74,"ASC2_child",0,-9.07946848748054e-09,0
1,2,0.01,74,"ASC3_male",0.2,0.0988529096716157,1
1,2,0.01,74,"ASC3_age",0,6.38401877233101e-09,0
1,2,0.01,74,"ASC3_income",1,0.551988380440036,1
1,2,0.01,74,"ASC3_child",-0.8,-0.44600733184727,1
1,2,0.01,74,"prot25_male",-1.1,-0.535926510180818,1
1,2,0.01,74,"prot25_age",-0.7,-0.314858286332818,1
1,2,0.01,74,"prot25_income",0.8,0.338795537387342,1
1,2,0.01,74,"prot25_child",0,-3.74011036788252e-09,0
1,2,0.01,74,"prot50_male",0.5,0.35745815270412,1
1,2,0.01,74,"prot50_age",0,-0.00655991044180058,0
1,2,0.01,74,"prot50_income",-0.2,-0.212734642390752,1
1,2,0.01,74,"prot50_child",0,2.26320021552427e-08,0
1,2,0.01,74,"invasive_male",0,-0.0664926183911197,1
1,2,0.01,74,"invasive_age",0,0.0281424623588706,1
1,2,0.01,74,"invasive_income",0,-7.64880509351462e-09,0
1,2,0.01,74,"invasive_child",1.1,0.456146837625708,1
1,2,0.01,75,"ASC2_male",0,-0.111032802970571,1
1,2,0.01,75,"ASC2_age",0,-0.00341348752022326,0
1,2,0.01,75,"ASC2_income",-0.1,-7.42852102058119e-09,0
1,2,0.01,75,"ASC2_child",0,-1.16811455026104e-08,0
1,2,0.01,75,"ASC3_male",0,-1.01669617724233e-08,0
1,2,0.01,75,"ASC3_age",-0.8,-0.389528825746932,1
1,2,0.01,75,"ASC3_income",0,-5.80141185879676e-08,0
1,2,0.01,75,"ASC3_child",0.3,0.11707199496976,1
1,2,0.01,75,"prot25_male",0,-1.41902041890661e-08,0
1,2,0.01,75,"prot25_age",0,-0.0311115798542795,1
1,2,0.01,75,"prot25_income",-0.5,-0.227296855522766,1
1,2,0.01,75,"prot25_child",0.6,0.1540197905909,1
1,2,0.01,75,"prot50_male",0,0.0129199673725942,1
1,2,0.01,75,"prot50_age",0,3.4601563262496e-10,0
1,2,0.01,75,"prot50_income",-0.5,-0.286038224118586,1
1,2,0.01,75,"prot50_child",0,-5.32744137248811e-09,0
1,2,0.01,75,"invasive_male",-0.9,-0.500673814635971,1
1,2,0.01,75,"invasive_age",-0.1,-0.0646983667080529,1
1,2,0.01,75,"invasive_income",1.1,0.539145995893328,1
1,2,0.01,75,"invasive_child",0.1,-9.04831309997576e-09,0
1,2,0.01,76,"ASC2_male",0,-0.15342907174183,1
1,2,0.01,76,"ASC2_age",-0.8,-0.382504876454187,1
1,2,0.01,76,"ASC2_income",-0.8,-0.364071967860481,1
1,2,0.01,76,"ASC2_child",0,-1.04022193220244e-08,0
1,2,0.01,76,"ASC3_male",1,0.241962108449609,1
1,2,0.01,76,"ASC3_age",0.2,0.0869279245592648,1
1,2,0.01,76,"ASC3_income",0.7,0.34657652709625,1
1,2,0.01,76,"ASC3_child",0,6.23790951464729e-08,0
1,2,0.01,76,"prot25_male",1,0.682275974557169,1
1,2,0.01,76,"prot25_age",-0.4,-0.194325818979498,1
1,2,0.01,76,"prot25_income",0,-5.7962755818468e-10,0
1,2,0.01,76,"prot25_child",0,-1.45025473166946e-08,0
1,2,0.01,76,"prot50_male",-1.1,-0.240588412391479,1
1,2,0.01,76,"prot50_age",0,-9.01218044233004e-09,0
1,2,0.01,76,"prot50_income",0,-1.26189214822913e-08,0
1,2,0.01,76,"prot50_child",0,4.62451279548198e-06,0
1,2,0.01,76,"invasive_male",0.5,0.268200230349841,1
1,2,0.01,76,"invasive_age",0,-1.1226787036556e-08,0
1,2,0.01,76,"invasive_income",0,-3.99096207618433e-10,0
1,2,0.01,76,"invasive_child",-1.2,-0.472019588801686,1
1,2,0.01,77,"ASC2_male",0.4,0.0776338783099383,1
1,2,0.01,77,"ASC2_age",0,0.0713416239460694,1
1,2,0.01,77,"ASC2_income",0,0.0779427845154026,1
1,2,0.01,77,"ASC2_child",-1.1,-0.553210930852832,1
1,2,0.01,77,"ASC3_male",0,-0.197034577357416,1
1,2,0.01,77,"ASC3_age",0,0.0929675721877206,1
1,2,0.01,77,"ASC3_income",-1.1,-0.48376339196257,1
1,2,0.01,77,"ASC3_child",0.7,0.373013123164272,1
1,2,0.01,77,"prot25_male",-0.1,0.0269895154719233,1
1,2,0.01,77,"prot25_age",0,-0.0348328303413251,1
1,2,0.01,77,"prot25_income",0.8,0.287422454730838,1
1,2,0.01,77,"prot25_child",-0.7,-0.275007109524435,1
1,2,0.01,77,"prot50_male",0,0.171867963317826,1
1,2,0.01,77,"prot50_age",0.4,0.202636836696274,1
1,2,0.01,77,"prot50_income",0.8,0.31794397799167,1
1,2,0.01,77,"prot50_child",0,-0.0276442665720011,1
1,2,0.01,77,"invasive_male",0,-8.71055142347622e-08,0
1,2,0.01,77,"invasive_age",0,1.27500346872555e-08,0
1,2,0.01,77,"invasive_income",0,-1.14521146739566e-08,0
1,2,0.01,77,"invasive_child",0.9,0.31431061747282,1
1,2,0.01,78,"ASC2_male",-0.6,-0.323396725962753,1
1,2,0.01,78,"ASC2_age",0,0.00681672843846456,0
1,2,0.01,78,"ASC2_income",0,-0.0535487988735615,1
1,2,0.01,78,"ASC2_child",0,-0.0357585697180805,1
1,2,0.01,78,"ASC3_male",-1.2,-0.487945373896497,1
1,2,0.01,78,"ASC3_age",-0.7,-0.385610316649976,1
1,2,0.01,78,"ASC3_income",0,-0.0344948706039555,1
1,2,0.01,78,"ASC3_child",0.8,0.339136121889401,1
1,2,0.01,78,"prot25_male",0.4,0.111942018961677,1
1,2,0.01,78,"prot25_age",0,-0.00192843160346904,0
1,2,0.01,78,"prot25_income",0,0.0366010573434743,1
1,2,0.01,78,"prot25_child",-1.2,-0.613054484603334,1
1,2,0.01,78,"prot50_male",0,-0.0254115073555993,1
1,2,0.01,78,"prot50_age",0.5,0.242174706694052,1
1,2,0.01,78,"prot50_income",0.1,0.0200463985138215,1
1,2,0.01,78,"prot50_child",0.2,0.0829758593304022,1
1,2,0.01,78,"invasive_male",0,0.0933693449054751,1
1,2,0.01,78,"invasive_age",0,-0.0609822505016262,1
1,2,0.01,78,"invasive_income",0,-0.0695013343569921,1
1,2,0.01,78,"invasive_child",0.9,0.298454666046561,1
1,2,0.01,79,"ASC2_male",0,1.9033343722796e-07,0
1,2,0.01,79,"ASC2_age",0,-0.00108831432762683,0
1,2,0.01,79,"ASC2_income",0.2,0.204477330507026,1
1,2,0.01,79,"ASC2_child",0,-1.05292269661946e-08,0
1,2,0.01,79,"ASC3_male",0,-2.02873753570887e-07,0
1,2,0.01,79,"ASC3_age",-0.6,-0.304383438973101,1
1,2,0.01,79,"ASC3_income",-1,-0.381238374424908,1
1,2,0.01,79,"ASC3_child",0.7,0.326160987858735,1
1,2,0.01,79,"prot25_male",0,0.0872861271454721,1
1,2,0.01,79,"prot25_age",-1,-0.490056453077229,1
1,2,0.01,79,"prot25_income",0,-0.10161150192243,1
1,2,0.01,79,"prot25_child",0,-1.2763668730986e-09,0
1,2,0.01,79,"prot50_male",-1.1,-0.413526189592177,1
1,2,0.01,79,"prot50_age",-1.1,-0.570515554446323,1
1,2,0.01,79,"prot50_income",0.9,0.341148938584034,1
1,2,0.01,79,"prot50_child",0.4,0.13355597995307,1
1,2,0.01,79,"invasive_male",-0.4,-0.100041962228509,1
1,2,0.01,79,"invasive_age",0,1.36355057446136e-07,0
1,2,0.01,79,"invasive_income",0,-1.16832020925775e-08,0
1,2,0.01,79,"invasive_child",0,-0.0478308257734579,1
1,2,0.01,80,"ASC2_male",-0.3,-0.0505553603974501,1
1,2,0.01,80,"ASC2_age",0,-0.106522304749039,1
1,2,0.01,80,"ASC2_income",0.9,0.544282051512446,1
1,2,0.01,80,"ASC2_child",-1,-0.552929472475893,1
1,2,0.01,80,"ASC3_male",0,-2.26203004425585e-07,0
1,2,0.01,80,"ASC3_age",-0.6,-0.356694169561401,1
1,2,0.01,80,"ASC3_income",0,0.0957283532804195,1
1,2,0.01,80,"ASC3_child",0,-0.0048932377729666,0
1,2,0.01,80,"prot25_male",0,0.0263795005267409,1
1,2,0.01,80,"prot25_age",0.8,0.445251271889808,1
1,2,0.01,80,"prot25_income",0.1,-2.45523893429879e-08,0
1,2,0.01,80,"prot25_child",0,-1.21143978638322e-08,0
1,2,0.01,80,"prot50_male",0,-1.55170966801407e-09,0
1,2,0.01,80,"prot50_age",0,0.00314196553833116,0
1,2,0.01,80,"prot50_income",0.7,0.290728431394307,1
1,2,0.01,80,"prot50_child",0,0.0920452165306579,1
1,2,0.01,80,"invasive_male",0,0.0558311906034819,1
1,2,0.01,80,"invasive_age",-0.8,-0.404954908670875,1
1,2,0.01,80,"invasive_income",-0.7,-0.363350375805904,1
1,2,0.01,80,"invasive_child",0.7,0.377912408530938,1
1,2,0.01,81,"ASC2_male",0,-0.00299952578087751,0
1,2,0.01,81,"ASC2_age",-1.1,-0.560403257908917,1
1,2,0.01,81,"ASC2_income",0.1,0.0626186371140304,1
1,2,0.01,81,"ASC2_child",0.8,0.271171332265682,1
1,2,0.01,81,"ASC3_male",0,-4.77972418361231e-07,0
1,2,0.01,81,"ASC3_age",0,8.88660274827615e-08,0
1,2,0.01,81,"ASC3_income",-0.8,-0.331784757521611,1
1,2,0.01,81,"ASC3_child",0,-6.82692432967445e-09,0
1,2,0.01,81,"prot25_male",0,5.48783962136227e-08,0
1,2,0.01,81,"prot25_age",-0.3,-0.14796523464808,1
1,2,0.01,81,"prot25_income",0.1,0.00323996416040001,0
1,2,0.01,81,"prot25_child",0.2,0.21300769681783,1
1,2,0.01,81,"prot50_male",0,-0.0175626656737582,1
1,2,0.01,81,"prot50_age",0.4,0.199045665303856,1
1,2,0.01,81,"prot50_income",-0.3,-0.132022268363778,1
1,2,0.01,81,"prot50_child",0,0.119326383441165,1
1,2,0.01,81,"invasive_male",0,8.63894563610955e-08,0
1,2,0.01,81,"invasive_age",0,-0.0142434053600091,1
1,2,0.01,81,"invasive_income",-0.5,-0.186787557178227,1
1,2,0.01,81,"invasive_child",0,-1.12450187659855e-09,0
1,2,0.01,82,"ASC2_male",0.9,0.290607964838211,1
1,2,0.01,82,"ASC2_age",-0.6,-0.318644462060898,1
1,2,0.01,82,"ASC2_income",1.1,0.557624613573059,1
1,2,0.01,82,"ASC2_child",-0.9,-0.348782323180454,1
1,2,0.01,82,"ASC3_male",0,-0.0197543957401689,1
1,2,0.01,82,"ASC3_age",0,-0.0332986993397992,1
1,2,0.01,82,"ASC3_income",0,-0.0113377717502256,1
1,2,0.01,82,"ASC3_child",0.3,0.255953032919027,1
1,2,0.01,82,"prot25_male",0,0.155344027879253,1
1,2,0.01,82,"prot25_age",0,0.0208075288835483,1
1,2,0.01,82,"prot25_income",0,-0.015693122265746,1
1,2,0.01,82,"prot25_child",1.1,0.477573090381406,1
1,2,0.01,82,"prot50_male",-0.4,-0.0970347800660877,1
1,2,0.01,82,"prot50_age",0,-0.0203248301456509,1
1,2,0.01,82,"prot50_income",-0.5,-0.279232360829415,1
1,2,0.01,82,"prot50_child",0,-0.0463722573273782,1
1,2,0.01,82,"invasive_male",0,0.0658056271914994,1
1,2,0.01,82,"invasive_age",-1.1,-0.576924285248383,1
1,2,0.01,82,"invasive_income",0,-0.0615546777533057,1
1,2,0.01,82,"invasive_child",0.4,0.27693244512281,1
1,2,0.01,83,"ASC2_male",0.9,0.295236112457372,1
1,2,0.01,83,"ASC2_age",0,0.0382918997387041,1
1,2,0.01,83,"ASC2_income",-0.9,-0.404157776900036,1
1,2,0.01,83,"ASC2_child",-0.8,-0.298696316935746,1
1,2,0.01,83,"ASC3_male",0.9,0.397574104043742,1
1,2,0.01,83,"ASC3_age",0,2.89278709666655e-07,0
1,2,0.01,83,"ASC3_income",0,-0.00100823825248178,0
1,2,0.01,83,"ASC3_child",0,0.0286827075149255,1
1,2,0.01,83,"prot25_male",1,0.484171578432471,1
1,2,0.01,83,"prot25_age",1.2,0.562608301469383,1
1,2,0.01,83,"prot25_income",-0.2,-0.0931885066854291,1
1,2,0.01,83,"prot25_child",0,0.015717763107671,1
1,2,0.01,83,"prot50_male",0,2.67570120220364e-11,0
1,2,0.01,83,"prot50_age",0,-2.4736220897037e-06,0
1,2,0.01,83,"prot50_income",-0.2,-0.0715248810861767,1
1,2,0.01,83,"prot50_child",0,-7.69540230831928e-09,0
1,2,0.01,83,"invasive_male",0,-0.0757589834440311,1
1,2,0.01,83,"invasive_age",-0.8,-0.371397744306759,1
1,2,0.01,83,"invasive_income",-0.9,-0.42734721229837,1
1,2,0.01,83,"invasive_child",0,-1.70680175591691e-08,0
1,2,0.01,84,"ASC2_male",0,0.0762845032602221,1
1,2,0.01,84,"ASC2_age",0,2.01562500473452e-08,0
1,2,0.01,84,"ASC2_income",0.4,0.194790358262822,1
1,2,0.01,84,"ASC2_child",-0.9,-0.580492788717022,1
1,2,0.01,84,"ASC3_male",-0.2,-9.35194068018752e-08,0
1,2,0.01,84,"ASC3_age",0.6,0.311785633608063,1
1,2,0.01,84,"ASC3_income",0.4,0.216927650572898,1
1,2,0.01,84,"ASC3_child",-0.6,-0.41630528110518,1
1,2,0.01,84,"prot25_male",0,-0.0428653289014966,1
1,2,0.01,84,"prot25_age",0,0.0142158220577606,1
1,2,0.01,84,"prot25_income",0.2,0.122199760029957,1
1,2,0.01,84,"prot25_child",-0.7,-0.260408922315114,1
1,2,0.01,84,"prot50_male",0,0.0411225403595861,1
1,2,0.01,84,"prot50_age",0,-0.0166516541828287,1
1,2,0.01,84,"prot50_income",0,-0.00515296524722007,0
1,2,0.01,84,"prot50_child",-0.9,-0.210644451288883,1
1,2,0.01,84,"invasive_male",-1.1,-0.387926421527105,1
1,2,0.01,84,"invasive_age",0,-0.002903754447803,0
1,2,0.01,84,"invasive_income",0,-2.01268790900362e-08,0
1,2,0.01,84,"invasive_child",0,0.0459897147142192,1
1,2,0.01,85,"ASC2_male",0.9,0.5211394068067,1
1,2,0.01,85,"ASC2_age",0,0.0241599272949415,1
1,2,0.01,85,"ASC2_income",0.4,0.201659013350203,1
1,2,0.01,85,"ASC2_child",0,-0.0854114690656211,1
1,2,0.01,85,"ASC3_male",0,-0.00484804937724708,0
1,2,0.01,85,"ASC3_age",0.5,0.260974461861366,1
1,2,0.01,85,"ASC3_income",0.9,0.409857142438496,1
1,2,0.01,85,"ASC3_child",0.4,0.0819978908936122,1
1,2,0.01,85,"prot25_male",0,-0.057149257886801,1
1,2,0.01,85,"prot25_age",-0.3,-0.133572213766954,1
1,2,0.01,85,"prot25_income",0.7,0.33520318899192,1
1,2,0.01,85,"prot25_child",0,0.0646686533795569,1
1,2,0.01,85,"prot50_male",0,-0.0290783696263927,1
1,2,0.01,85,"prot50_age",-0.8,-0.395347056757653,1
1,2,0.01,85,"prot50_income",-0.7,-0.310154878569032,1
1,2,0.01,85,"prot50_child",0,-0.111932709791428,1
1,2,0.01,85,"invasive_male",0,-0.0258506217947674,1
1,2,0.01,85,"invasive_age",0,8.94461847706575e-09,0
1,2,0.01,85,"invasive_income",0,0.0495360785630014,1
1,2,0.01,85,"invasive_child",0.6,0.170543632565946,1
1,2,0.01,86,"ASC2_male",0,-1.03015539223554e-07,0
1,2,0.01,86,"ASC2_age",-0.6,-0.316255341999369,1
1,2,0.01,86,"ASC2_income",0.7,0.237869024865859,1
1,2,0.01,86,"ASC2_child",0,-2.35621894052234e-09,0
1,2,0.01,86,"ASC3_male",0,-0.0412505590315267,1
1,2,0.01,86,"ASC3_age",0,-0.0635487581993389,1
1,2,0.01,86,"ASC3_income",1.2,0.524193377364929,1
1,2,0.01,86,"ASC3_child",0,-0.0514948748772434,1
1,2,0.01,86,"prot25_male",-0.7,-0.246587019598873,1
1,2,0.01,86,"prot25_age",-1,-0.539777129280888,1
1,2,0.01,86,"prot25_income",0,5.48422770851583e-05,0
1,2,0.01,86,"prot25_child",0.9,0.497286999370133,1
1,2,0.01,86,"prot50_male",1,0.649883592291056,1
1,2,0.01,86,"prot50_age",0,0.0388467908814108,1
1,2,0.01,86,"prot50_income",0,0.0537135011612664,1
1,2,0.01,86,"prot50_child",-1,-0.45388815274262,1
1,2,0.01,86,"invasive_male",0,0.0125118528468525,1
1,2,0.01,86,"invasive_age",1,0.480585673437141,1
1,2,0.01,86,"invasive_income",0,-1.17906307545518e-08,0
1,2,0.01,86,"invasive_child",0.3,0.137687101760269,1
1,2,0.01,87,"ASC2_male",-0.3,-0.1170026023994,1
1,2,0.01,87,"ASC2_age",0.1,0.00587064612754028,0
1,2,0.01,87,"ASC2_income",-0.2,-0.0497111610405377,1
1,2,0.01,87,"ASC2_child",0,-0.0962424488741626,1
1,2,0.01,87,"ASC3_male",0,-9.20441652092917e-11,0
1,2,0.01,87,"ASC3_age",0,-0.026996989182265,1
1,2,0.01,87,"ASC3_income",0.3,0.175794606608646,1
1,2,0.01,87,"ASC3_child",0.7,0.24310593942293,1
1,2,0.01,87,"prot25_male",0,1.0458535377906e-07,0
1,2,0.01,87,"prot25_age",0,1.90988950726881e-07,0
1,2,0.01,87,"prot25_income",0.5,0.218494359809355,1
1,2,0.01,87,"prot25_child",0,0.190675498728345,1
1,2,0.01,87,"prot50_male",0,-1.25519412284993e-08,0
1,2,0.01,87,"prot50_age",1,0.484527477447188,1
1,2,0.01,87,"prot50_income",1.1,0.498665833819935,1
1,2,0.01,87,"prot50_child",-0.7,-0.290495054988184,1
1,2,0.01,87,"invasive_male",0,-0.0668247033461611,1
1,2,0.01,87,"invasive_age",-1.1,-0.542066698658718,1
1,2,0.01,87,"invasive_income",0,3.79021431207606e-08,0
1,2,0.01,87,"invasive_child",0,4.90858620780635e-08,0
1,2,0.01,88,"ASC2_male",0,-8.39230835854356e-09,0
1,2,0.01,88,"ASC2_age",0.5,0.239716676548235,1
1,2,0.01,88,"ASC2_income",-1,-0.572011313847037,1
1,2,0.01,88,"ASC2_child",0,-0.147139296525843,1
1,2,0.01,88,"ASC3_male",0,-4.77127772458708e-09,0
1,2,0.01,88,"ASC3_age",0,-2.22136270209452e-09,0
1,2,0.01,88,"ASC3_income",-0.6,-0.321488295109651,1
1,2,0.01,88,"ASC3_child",1.1,0.430059382494636,1
1,2,0.01,88,"prot25_male",0.8,0.459984885653254,1
1,2,0.01,88,"prot25_age",0.3,0.157917523204491,1
1,2,0.01,88,"prot25_income",-0.5,-0.224552966358902,1
1,2,0.01,88,"prot25_child",-1,-0.383942717303999,1
1,2,0.01,88,"prot50_male",-0.2,-1.30201938298588e-08,0
1,2,0.01,88,"prot50_age",0,0.0335020826211394,1
1,2,0.01,88,"prot50_income",-0.3,-0.13255355356674,1
1,2,0.01,88,"prot50_child",0,-9.54226030637071e-09,0
1,2,0.01,88,"invasive_male",0,0.0112557661130005,1
1,2,0.01,88,"invasive_age",0,-0.0364106786085811,1
1,2,0.01,88,"invasive_income",0,-4.96611663005229e-09,0
1,2,0.01,88,"invasive_child",0,9.93278926236055e-09,0
1,2,0.01,89,"ASC2_male",0,-0.0489763392402865,1
1,2,0.01,89,"ASC2_age",0.3,0.113574878979025,1
1,2,0.01,89,"ASC2_income",0,8.80728716069418e-07,0
1,2,0.01,89,"ASC2_child",0,-5.00152909344529e-08,0
1,2,0.01,89,"ASC3_male",0,-3.89162969785616e-09,0
1,2,0.01,89,"ASC3_age",0.8,0.317336008068846,1
1,2,0.01,89,"ASC3_income",0,-6.02108186880608e-08,0
1,2,0.01,89,"ASC3_child",1,0.344906279711228,1
1,2,0.01,89,"prot25_male",0.7,0.36804336258697,1
1,2,0.01,89,"prot25_age",0,0.055998766661625,1
1,2,0.01,89,"prot25_income",0,-9.34106291173085e-09,0
1,2,0.01,89,"prot25_child",-0.2,-2.77500304765982e-10,0
1,2,0.01,89,"prot50_male",-0.6,-0.383044287120694,1
1,2,0.01,89,"prot50_age",0.2,0.144411668803875,1
1,2,0.01,89,"prot50_income",0.1,0.0127901348230437,1
1,2,0.01,89,"prot50_child",0,-7.5287302891303e-10,0
1,2,0.01,89,"invasive_male",0,-0.0715652447915962,1
1,2,0.01,89,"invasive_age",0,-0.0239012503852368,1
1,2,0.01,89,"invasive_income",0.7,0.361903528441364,1
1,2,0.01,89,"invasive_child",0.6,0.21108070434732,1
1,2,0.01,90,"ASC2_male",0,-0.0629857759852432,1
1,2,0.01,90,"ASC2_age",0.5,0.230367791007065,1
1,2,0.01,90,"ASC2_income",0.8,0.67697607242257,1
1,2,0.01,90,"ASC2_child",0.3,0.00203379264086552,0
1,2,0.01,90,"ASC3_male",0,0.0236778932274858,1
1,2,0.01,90,"ASC3_age",0.3,0.104264161135455,1
1,2,0.01,90,"ASC3_income",-1.1,-0.405399967286097,1
1,2,0.01,90,"ASC3_child",0,-0.123948076985318,1
1,2,0.01,90,"prot25_male",0,0.102689792456425,1
1,2,0.01,90,"prot25_age",1.2,0.641905902717444,1
1,2,0.01,90,"prot25_income",0.4,0.104708660439009,1
1,2,0.01,90,"prot25_child",0,0.112179551550188,1
1,2,0.01,90,"prot50_male",-0.8,-0.23727809349445,1
1,2,0.01,90,"prot50_age",0.4,0.218241400967207,1
1,2,0.01,90,"prot50_income",-0.1,-0.229026771116679,1
1,2,0.01,90,"prot50_child",0,0.152174198546093,1
1,2,0.01,90,"invasive_male",0,-0.0220682598874653,1
1,2,0.01,90,"invasive_age",0,-0.0181715897727398,1
1,2,0.01,90,"invasive_income",0,0.0727026277809879,1
1,2,0.01,90,"invasive_child",0,-0.0231459233985269,1
1,2,0.01,91,"ASC2_male",0,0.0540372931083322,1
1,2,0.01,91,"ASC2_age",-0.4,-0.270629605844082,1
1,2,0.01,91,"ASC2_income",0.3,0.224045345669455,1
1,2,0.01,91,"ASC2_child",-0.2,-0.301656061840168,1
1,2,0.01,91,"ASC3_male",0,0.134238713416102,1
1,2,0.01,91,"ASC3_age",0.2,0.0416236888029,1
1,2,0.01,91,"ASC3_income",-0.3,-0.122110835644452,1
1,2,0.01,91,"ASC3_child",-0.8,-0.575677149415124,1
1,2,0.01,91,"prot25_male",0,-0.106907212164987,1
1,2,0.01,91,"prot25_age",0,-0.0504925548223401,1
1,2,0.01,91,"prot25_income",0.8,0.373860657031315,1
1,2,0.01,91,"prot25_child",0,0.0687935371363706,1
1,2,0.01,91,"prot50_male",0.3,0.0553306921137045,1
1,2,0.01,91,"prot50_age",0,-0.0247986946668177,1
1,2,0.01,91,"prot50_income",0,0.0225960847365735,1
1,2,0.01,91,"prot50_child",0,-0.0886212701444514,1
1,2,0.01,91,"invasive_male",0,-0.011489962275933,1
1,2,0.01,91,"invasive_age",-0.2,-0.198908781338829,1
1,2,0.01,91,"invasive_income",-0.5,-0.227199414054331,1
1,2,0.01,91,"invasive_child",0,-0.261692309684624,1
1,2,0.01,92,"ASC2_male",-0.5,-0.318062468120609,1
1,2,0.01,92,"ASC2_age",1,0.490228275492048,1
1,2,0.01,92,"ASC2_income",0,0.00133200690662709,0
1,2,0.01,92,"ASC2_child",0,-0.202285376039835,1
1,2,0.01,92,"ASC3_male",0,-0.0483550751356301,1
1,2,0.01,92,"ASC3_age",0,-0.0212489475594266,1
1,2,0.01,92,"ASC3_income",0,3.21403693857226e-08,0
1,2,0.01,92,"ASC3_child",0.3,0.0294672756476553,1
1,2,0.01,92,"prot25_male",-1.1,-0.534484176642669,1
1,2,0.01,92,"prot25_age",0,0.0544844194595622,1
1,2,0.01,92,"prot25_income",-1.2,-0.677443377760671,1
1,2,0.01,92,"prot25_child",0,0.0186232497373201,1
1,2,0.01,92,"prot50_male",-0.4,-0.107602620322736,1
1,2,0.01,92,"prot50_age",-0.6,-0.298124812464821,1
1,2,0.01,92,"prot50_income",0,-0.0250211905843307,1
1,2,0.01,92,"prot50_child",0.8,0.459853246676516,1
1,2,0.01,92,"invasive_male",0,-7.05467455278808e-09,0
1,2,0.01,92,"invasive_age",0,0.0144327455506002,1
1,2,0.01,92,"invasive_income",0.7,0.339483790889305,1
1,2,0.01,92,"invasive_child",0.9,0.34878224677032,1
1,2,0.01,93,"ASC2_male",0,-0.0126621938824312,1
1,2,0.01,93,"ASC2_age",-0.9,-0.304185086581137,1
1,2,0.01,93,"ASC2_income",0,-0.00898572611799122,0
1,2,0.01,93,"ASC2_child",-0.4,-0.0840906813382078,1
1,2,0.01,93,"ASC3_male",0,-0.0762787370473589,1
1,2,0.01,93,"ASC3_age",-1.1,-0.412622798751551,1
1,2,0.01,93,"ASC3_income",0,1.37691095844325e-11,0
1,2,0.01,93,"ASC3_child",-1,-0.321906136356069,1
1,2,0.01,93,"prot25_male",0,0.0699905231538193,1
1,2,0.01,93,"prot25_age",0,-0.0866236475049246,1
1,2,0.01,93,"prot25_income",0.4,0.167360401070499,1
1,2,0.01,93,"prot25_child",1.1,0.407353558602027,1
1,2,0.01,93,"prot50_male",0,0.0486721194297644,1
1,2,0.01,93,"prot50_age",0.2,0.0097173769235588,0
1,2,0.01,93,"prot50_income",1.2,0.53483820090314,1
1,2,0.01,93,"prot50_child",-1.1,-0.629921189359044,1
1,2,0.01,93,"invasive_male",0,-0.0896849500997186,1
1,2,0.01,93,"invasive_age",0,0.101766578550296,1
1,2,0.01,93,"invasive_income",0,0.00011650325005152,0
1,2,0.01,93,"invasive_child",-0.2,-0.0916759690962085,1
1,2,0.01,94,"ASC2_male",-0.2,0.0253639031101584,1
1,2,0.01,94,"ASC2_age",0,-0.0296452442554471,1
1,2,0.01,94,"ASC2_income",-0.2,0.0416075241807662,1
1,2,0.01,94,"ASC2_child",0.3,0.123273902774497,1
1,2,0.01,94,"ASC3_male",-0.1,0.0256723515690816,1
1,2,0.01,94,"ASC3_age",0,0.0186839108168556,1
1,2,0.01,94,"ASC3_income",-1.2,-0.511540807427128,1
1,2,0.01,94,"ASC3_child",-0.5,-0.21712230784585,1
1,2,0.01,94,"prot25_male",0,-0.186129743557399,1
1,2,0.01,94,"prot25_age",0,0.0366037795387492,1
1,2,0.01,94,"prot25_income",0,-0.0827779352438691,1
1,2,0.01,94,"prot25_child",0,0.0368689574595871,1
1,2,0.01,94,"prot50_male",0,-0.131759854688131,1
1,2,0.01,94,"prot50_age",0,0.0335769111894598,1
1,2,0.01,94,"prot50_income",-0.6,-0.402517348212915,1
1,2,0.01,94,"prot50_child",0,0.035301271417623,1
1,2,0.01,94,"invasive_male",0,-0.0413358880180791,1
1,2,0.01,94,"invasive_age",1,0.531954047278889,1
1,2,0.01,94,"invasive_income",0.8,0.397803958017368,1
1,2,0.01,94,"invasive_child",0.6,0.243939296498731,1
1,2,0.01,95,"ASC2_male",-0.4,-0.158676305906716,1
1,2,0.01,95,"ASC2_age",-0.5,-0.164570716074028,1
1,2,0.01,95,"ASC2_income",0,-6.25637878298025e-07,0
1,2,0.01,95,"ASC2_child",-0.7,-0.167269117673878,1
1,2,0.01,95,"ASC3_male",-1.1,-0.485253940705449,1
1,2,0.01,95,"ASC3_age",0,-0.00662020291806076,0
1,2,0.01,95,"ASC3_income",0,-0.0196085762972356,1
1,2,0.01,95,"ASC3_child",0,-4.27256188194869e-10,0
1,2,0.01,95,"prot25_male",-0.9,-0.446874403735309,1
1,2,0.01,95,"prot25_age",0,-0.0398544698460466,1
1,2,0.01,95,"prot25_income",0,-0.0172660110568911,1
1,2,0.01,95,"prot25_child",0.5,0.012222849006399,1
1,2,0.01,95,"prot50_male",0.3,0.128545862970762,1
1,2,0.01,95,"prot50_age",0.7,0.282289491890594,1
1,2,0.01,95,"prot50_income",0,-0.0212173769792428,1
1,2,0.01,95,"prot50_child",0.6,5.65500467894385e-07,0
1,2,0.01,95,"invasive_male",0,0.0609863544395478,1
1,2,0.01,95,"invasive_age",0,-1.21019523492875e-06,0
1,2,0.01,95,"invasive_income",0,0.0422514206849404,1
1,2,0.01,95,"invasive_child",0.5,-5.14243248516253e-08,0
1,2,0.01,96,"ASC2_male",-0.1,-0.0640377309987863,1
1,2,0.01,96,"ASC2_age",0.2,0.0815410661549594,1
1,2,0.01,96,"ASC2_income",0,0.0496954361722764,1
1,2,0.01,96,"ASC2_child",-0.4,-0.16618756237163,1
1,2,0.01,96,"ASC3_male",0,-1.50203061642903e-07,0
1,2,0.01,96,"ASC3_age",0,-0.0587912440753429,1
1,2,0.01,96,"ASC3_income",-0.6,-0.275006385471226,1
1,2,0.01,96,"ASC3_child",0.6,0.29148114343466,1
1,2,0.01,96,"prot25_male",0.3,-2.5805045623846e-09,0
1,2,0.01,96,"prot25_age",0,-0.00156695307981848,0
1,2,0.01,96,"prot25_income",0,0.0443791988549116,1
1,2,0.01,96,"prot25_child",-0.8,-0.362375489253403,1
1,2,0.01,96,"prot50_male",0.3,0.126012538928341,1
1,2,0.01,96,"prot50_age",1.2,0.663566459313648,1
1,2,0.01,96,"prot50_income",0,-0.0364395176536435,1
1,2,0.01,96,"prot50_child",0,0.0872234215369068,1
1,2,0.01,96,"invasive_male",0,-6.98796353786014e-07,0
1,2,0.01,96,"invasive_age",0,0.00135958238891025,0
1,2,0.01,96,"invasive_income",0,-3.80272546936593e-09,0
1,2,0.01,96,"invasive_child",0.6,0.457891908262682,1
1,2,0.01,97,"ASC2_male",0.8,0.392103098399049,1
1,2,0.01,97,"ASC2_age",0,0.0616476263864876,1
1,2,0.01,97,"ASC2_income",-1.1,-0.425977281962561,1
1,2,0.01,97,"ASC2_child",0.9,0.475905047574759,1
1,2,0.01,97,"ASC3_male",0.5,0.297439044593018,1
1,2,0.01,97,"ASC3_age",0,0.0727291288445993,1
1,2,0.01,97,"ASC3_income",0,0.0869688110189945,1
1,2,0.01,97,"ASC3_child",0,0.044126098631572,1
1,2,0.01,97,"prot25_male",-0.4,-0.203501863566981,1
1,2,0.01,97,"prot25_age",0,-0.0218156598824557,1
1,2,0.01,97,"prot25_income",0,0.00403798798780508,0
1,2,0.01,97,"prot25_child",0,-0.00800236441588721,0
1,2,0.01,97,"prot50_male",0.4,0.125954067277797,1
1,2,0.01,97,"prot50_age",1.2,0.677034904001052,1
1,2,0.01,97,"prot50_income",-0.4,-0.202460665840668,1
1,2,0.01,97,"prot50_child",0.3,0.149110170231851,1
1,2,0.01,97,"invasive_male",0,-0.0926215182176431,1
1,2,0.01,97,"invasive_age",0,0.0708603660636723,1
1,2,0.01,97,"invasive_income",0,0.0572294858774873,1
1,2,0.01,97,"invasive_child",-0.8,-0.265803206528245,1
1,2,0.01,98,"ASC2_male",0,-5.35840632254172e-08,0
1,2,0.01,98,"ASC2_age",0.8,0.368924392292526,1
1,2,0.01,98,"ASC2_income",0,-0.0147339106364709,1
1,2,0.01,98,"ASC2_child",0.1,-1.17711877074937e-08,0
1,2,0.01,98,"ASC3_male",1.2,0.534739590875506,1
1,2,0.01,98,"ASC3_age",-0.7,-0.323481079053466,1
1,2,0.01,98,"ASC3_income",-0.6,-0.334494465084266,1
1,2,0.01,98,"ASC3_child",-0.2,-2.43904382948285e-09,0
1,2,0.01,98,"prot25_male",0,0.0031977231497534,0
1,2,0.01,98,"prot25_age",0,-5.09378813845577e-09,0
1,2,0.01,98,"prot25_income",0,-5.36605578174826e-09,0
1,2,0.01,98,"prot25_child",0.7,0.391740711630032,1
1,2,0.01,98,"prot50_male",0.5,0.298699226176969,1
1,2,0.01,98,"prot50_age",-0.7,-0.368200941129518,1
1,2,0.01,98,"prot50_income",-1.2,-0.539511964117457,1
1,2,0.01,98,"prot50_child",0,0.0726520931393772,1
1,2,0.01,98,"invasive_male",0,-1.28208236879684e-08,0
1,2,0.01,98,"invasive_age",0,-1.4358895621397e-07,0
1,2,0.01,98,"invasive_income",0,0.0391264852054527,1
1,2,0.01,98,"invasive_child",0,-0.00164665446505321,0
1,2,0.01,99,"ASC2_male",0.5,0.339951903833349,1
1,2,0.01,99,"ASC2_age",0,-0.0310226648307006,1
1,2,0.01,99,"ASC2_income",0.7,0.265890613856025,1
1,2,0.01,99,"ASC2_child",1.1,0.391766035205779,1
1,2,0.01,99,"ASC3_male",0,-9.95524469224874e-09,0
1,2,0.01,99,"ASC3_age",1.2,0.576520128032819,1
1,2,0.01,99,"ASC3_income",0,1.0394788361604e-06,0
1,2,0.01,99,"ASC3_child",0,-0.102714605325826,1
1,2,0.01,99,"prot25_male",0.3,0.0797953536891178,1
1,2,0.01,99,"prot25_age",0.9,0.447543430489026,1
1,2,0.01,99,"prot25_income",0,0.0430488842846005,1
1,2,0.01,99,"prot25_child",0,-7.48450343038935e-07,0
1,2,0.01,99,"prot50_male",0,-0.00648765675036876,0
1,2,0.01,99,"prot50_age",0,-0.028002560977105,1
1,2,0.01,99,"prot50_income",0,-0.0219318779496832,1
1,2,0.01,99,"prot50_child",1.1,0.429286053582221,1
1,2,0.01,99,"invasive_male",0,-1.5494735818316e-06,0
1,2,0.01,99,"invasive_age",0.1,0.0270346946072801,1
1,2,0.01,99,"invasive_income",1.2,0.527577715619853,1
1,2,0.01,99,"invasive_child",1.2,0.307210099618136,1
1,2,0.01,100,"ASC2_male",0,-0.0276198106104713,1
1,2,0.01,100,"ASC2_age",0,0.0026204729694384,0
1,2,0.01,100,"ASC2_income",-1,-0.411971877010381,1
1,2,0.01,100,"ASC2_child",0,-2.5710100361493e-07,0
1,2,0.01,100,"ASC3_male",0,-1.99776867861956e-08,0
1,2,0.01,100,"ASC3_age",-0.4,-0.191882420750314,1
1,2,0.01,100,"ASC3_income",-0.7,-0.272813644273067,1
1,2,0.01,100,"ASC3_child",-0.8,-0.315441025091408,1
1,2,0.01,100,"prot25_male",1,0.448857659123711,1
1,2,0.01,100,"prot25_age",0,-0.0109075427779762,1
1,2,0.01,100,"prot25_income",0,0.052796154316114,1
1,2,0.01,100,"prot25_child",0,7.00062946766161e-09,0
1,2,0.01,100,"prot50_male",1.1,0.51880056284539,1
1,2,0.01,100,"prot50_age",-0.3,-0.112874375386717,1
1,2,0.01,100,"prot50_income",0,0.0169410968156462,1
1,2,0.01,100,"prot50_child",-0.1,-0.103825573586528,1
1,2,0.01,100,"invasive_male",0,0.0941509906348523,1
1,2,0.01,100,"invasive_age",0,0.0389465333142898,1
1,2,0.01,100,"invasive_income",0.9,0.497168887850383,1
1,2,0.01,100,"invasive_child",-0.2,-0.0480237157258984,1
1,2,0.05,1,"ASC2_male",0,6.35557911576386e-07,0
1,2,0.05,1,"ASC2_age",0.6,0.251666269413172,1
1,2,0.05,1,"ASC2_income",0,-0.00507818750834574,0
1,2,0.05,1,"ASC2_child",0,-1.0071798526641e-06,0
1,2,0.05,1,"ASC3_male",0,2.17213198361164e-07,0
1,2,0.05,1,"ASC3_age",-1,-0.496458805862328,1
1,2,0.05,1,"ASC3_income",0,0.0238551134852089,0
1,2,0.05,1,"ASC3_child",0.2,0.151814956606145,1
1,2,0.05,1,"prot25_male",0,0.104842937840765,1
1,2,0.05,1,"prot25_age",-1,-0.480919223290908,1
1,2,0.05,1,"prot25_income",0,-1.44330972553817e-08,0
1,2,0.05,1,"prot25_child",1.1,0.392166671124707,1
1,2,0.05,1,"prot50_male",-0.2,-5.71459332082108e-10,0
1,2,0.05,1,"prot50_age",0.5,0.299978580346702,1
1,2,0.05,1,"prot50_income",0.6,0.296105058157288,1
1,2,0.05,1,"prot50_child",0,-4.98245586056377e-08,0
1,2,0.05,1,"invasive_male",-0.2,-0.00950876234730521,0
1,2,0.05,1,"invasive_age",0,0.0139194017774727,0
1,2,0.05,1,"invasive_income",-0.3,-0.0872713679697799,1
1,2,0.05,1,"invasive_child",0,-5.80999571941908e-08,0
1,2,0.05,2,"ASC2_male",0.2,0.0287649975934593,0
1,2,0.05,2,"ASC2_age",0,-0.00220386435042626,0
1,2,0.05,2,"ASC2_income",0.2,0.13673419806165,1
1,2,0.05,2,"ASC2_child",0,1.35234743539677e-08,0
1,2,0.05,2,"ASC3_male",-0.2,-0.0874484135076648,1
1,2,0.05,2,"ASC3_age",0,-5.07474804478495e-09,0
1,2,0.05,2,"ASC3_income",0.9,0.436419585803671,1
1,2,0.05,2,"ASC3_child",0,0.0213422891352863,0
1,2,0.05,2,"prot25_male",0,-1.38272108802952e-08,0
1,2,0.05,2,"prot25_age",-0.4,-0.162974994450288,1
1,2,0.05,2,"prot25_income",0,-1.11013031325342e-07,0
1,2,0.05,2,"prot25_child",-0.9,-0.271918431603004,1
1,2,0.05,2,"prot50_male",0,5.80608219924966e-08,0
1,2,0.05,2,"prot50_age",-1,-0.511417847150392,1
1,2,0.05,2,"prot50_income",0,0.0403002127834724,0
1,2,0.05,2,"prot50_child",0,0.106956952684537,1
1,2,0.05,2,"invasive_male",0.7,0.331736630826588,1
1,2,0.05,2,"invasive_age",0,-5.67344534461121e-09,0
1,2,0.05,2,"invasive_income",-0.2,-0.0330512523672995,0
1,2,0.05,2,"invasive_child",-1,-0.284971845463267,1
1,2,0.05,3,"ASC2_male",0,0.045773904461407,0
1,2,0.05,3,"ASC2_age",0.4,0.128135825466126,1
1,2,0.05,3,"ASC2_income",-0.7,-0.314767642730002,1
1,2,0.05,3,"ASC2_child",0,-0.0814558823564286,1
1,2,0.05,3,"ASC3_male",0,3.87172409661161e-08,0
1,2,0.05,3,"ASC3_age",0,-0.00929780921699077,0
1,2,0.05,3,"ASC3_income",0,0.0731638086551195,1
1,2,0.05,3,"ASC3_child",0,0.0451128853848997,0
1,2,0.05,3,"prot25_male",0.3,0.00743394066783917,0
1,2,0.05,3,"prot25_age",-0.9,-0.421062061779387,1
1,2,0.05,3,"prot25_income",0,0.0260883033829348,0
1,2,0.05,3,"prot25_child",-0.3,-0.205654128663011,1
1,2,0.05,3,"prot50_male",0,-0.0330730274313889,0
1,2,0.05,3,"prot50_age",0,0.0629934644169531,1
1,2,0.05,3,"prot50_income",0.2,0.112198427416206,1
1,2,0.05,3,"prot50_child",0,0.000141253618037206,0
1,2,0.05,3,"invasive_male",-0.4,-0.20738961640142,1
1,2,0.05,3,"invasive_age",1,0.498868816983834,1
1,2,0.05,3,"invasive_income",1.1,0.624559549774915,1
1,2,0.05,3,"invasive_child",1,0.566814600991559,1
1,2,0.05,4,"ASC2_male",0,0.0946893281195869,1
1,2,0.05,4,"ASC2_age",0.7,0.287541148083448,1
1,2,0.05,4,"ASC2_income",0.6,0.177277789554933,1
1,2,0.05,4,"ASC2_child",1,0.513472511145368,1
1,2,0.05,4,"ASC3_male",0,0.0652267365270813,1
1,2,0.05,4,"ASC3_age",0,-0.0587784584003087,1
1,2,0.05,4,"ASC3_income",0,-0.0891868210532517,1
1,2,0.05,4,"ASC3_child",-1.2,-0.487569367605022,1
1,2,0.05,4,"prot25_male",0,-0.0862878077929627,1
1,2,0.05,4,"prot25_age",0,-0.00642098435744674,0
1,2,0.05,4,"prot25_income",0.6,0.370239180700307,1
1,2,0.05,4,"prot25_child",-0.2,-0.0405258497184097,0
1,2,0.05,4,"prot50_male",0,-0.0818173031467675,1
1,2,0.05,4,"prot50_age",0,0.00563800273836368,0
1,2,0.05,4,"prot50_income",0.3,0.159097431321887,1
1,2,0.05,4,"prot50_child",0,0.0122652174826085,0
1,2,0.05,4,"invasive_male",-0.5,-0.221431349121849,1
1,2,0.05,4,"invasive_age",-0.2,-0.144264298530574,1
1,2,0.05,4,"invasive_income",-0.6,-0.334630927714649,1
1,2,0.05,4,"invasive_child",0,0.0100990416391884,0
1,2,0.05,5,"ASC2_male",0,-0.274930017734047,1
1,2,0.05,5,"ASC2_age",0,-0.0170234521544432,0
1,2,0.05,5,"ASC2_income",-0.3,-0.152193667913118,1
1,2,0.05,5,"ASC2_child",0,-0.0244413217623616,0
1,2,0.05,5,"ASC3_male",0.7,0.159766691368401,1
1,2,0.05,5,"ASC3_age",0,1.35821128089001e-08,0
1,2,0.05,5,"ASC3_income",0,-3.6190871513805e-11,0
1,2,0.05,5,"ASC3_child",0.3,0.209970584196535,1
1,2,0.05,5,"prot25_male",0.5,0.403978543321182,1
1,2,0.05,5,"prot25_age",0,0.00848667508252579,0
1,2,0.05,5,"prot25_income",0,-0.00910084001777321,0
1,2,0.05,5,"prot25_child",0.5,0.166208475542424,1
1,2,0.05,5,"prot50_male",0.7,0.337140811881533,1
1,2,0.05,5,"prot50_age",0.7,0.378815087549108,1
1,2,0.05,5,"prot50_income",0,0.0191085811933657,0
1,2,0.05,5,"prot50_child",0,-0.031132043545767,0
1,2,0.05,5,"invasive_male",0.3,0.051091059448204,1
1,2,0.05,5,"invasive_age",0,0.0184860927937259,0
1,2,0.05,5,"invasive_income",-0.8,-0.376506240678208,1
1,2,0.05,5,"invasive_child",-0.2,-0.00718349650953553,0
1,2,0.05,6,"ASC2_male",1.2,0.515547773489121,1
1,2,0.05,6,"ASC2_age",0.5,0.282712121753577,1
1,2,0.05,6,"ASC2_income",-0.2,-0.101272786002638,1
1,2,0.05,6,"ASC2_child",0,0.00618369270714673,0
1,2,0.05,6,"ASC3_male",0,-0.0225322490978769,0
1,2,0.05,6,"ASC3_age",-0.5,-0.199395519272859,1
1,2,0.05,6,"ASC3_income",0,0.0256453811916624,0
1,2,0.05,6,"ASC3_child",0,-1.47706059527444e-06,0
1,2,0.05,6,"prot25_male",0.2,0.0794680654061206,1
1,2,0.05,6,"prot25_age",0,-0.0514325760322487,1
1,2,0.05,6,"prot25_income",0,0.0148737681782065,0
1,2,0.05,6,"prot25_child",0,0.0656800840290111,1
1,2,0.05,6,"prot50_male",1,0.49778579073862,1
1,2,0.05,6,"prot50_age",-0.5,-0.2191682357907,1
1,2,0.05,6,"prot50_income",0,-0.0657067737824977,1
1,2,0.05,6,"prot50_child",0,0.0646199718424848,1
1,2,0.05,6,"invasive_male",0.5,0.150081264638199,1
1,2,0.05,6,"invasive_age",-0.2,-0.0517273860296229,1
1,2,0.05,6,"invasive_income",0,-0.00304169372970135,0
1,2,0.05,6,"invasive_child",0.3,0.107677948554737,1
1,2,0.05,7,"ASC2_male",0.2,1.73421020237188e-08,0
1,2,0.05,7,"ASC2_age",0,-2.60970388077366e-08,0
1,2,0.05,7,"ASC2_income",0.8,0.288015154923475,1
1,2,0.05,7,"ASC2_child",0,4.22729446242749e-10,0
1,2,0.05,7,"ASC3_male",0.9,0.383904246205085,1
1,2,0.05,7,"ASC3_age",-1.2,-0.565826490460736,1
1,2,0.05,7,"ASC3_income",0.8,0.220211433186759,1
1,2,0.05,7,"ASC3_child",0,-1.38843260222835e-08,0
1,2,0.05,7,"prot25_male",-0.8,-0.18835659462316,1
1,2,0.05,7,"prot25_age",-0.5,-0.208322087345312,1
1,2,0.05,7,"prot25_income",0,0.0385180940573674,0
1,2,0.05,7,"prot25_child",0,0.0626875960926591,1
1,2,0.05,7,"prot50_male",0,0.143711890047858,1
1,2,0.05,7,"prot50_age",-0.9,-0.447763539999285,1
1,2,0.05,7,"prot50_income",-0.7,-0.355821802181197,1
1,2,0.05,7,"prot50_child",-0.8,-0.151944137021943,1
1,2,0.05,7,"invasive_male",0,-1.52088977176534e-07,0
1,2,0.05,7,"invasive_age",0,0.0137672286465864,0
1,2,0.05,7,"invasive_income",0,-0.0260282646464475,0
1,2,0.05,7,"invasive_child",0,-2.9384893719599e-09,0
1,2,0.05,8,"ASC2_male",0.5,0.144524311074569,1
1,2,0.05,8,"ASC2_age",0,-0.0104375475676833,0
1,2,0.05,8,"ASC2_income",0,3.33244379601092e-09,0
1,2,0.05,8,"ASC2_child",-0.5,-0.164107032323765,1
1,2,0.05,8,"ASC3_male",0,-7.65668582810655e-09,0
1,2,0.05,8,"ASC3_age",0.8,0.36026476462779,1
1,2,0.05,8,"ASC3_income",0,0.00297059488398832,0
1,2,0.05,8,"ASC3_child",0.6,0.244819357959251,1
1,2,0.05,8,"prot25_male",0,0.0407739704439785,0
1,2,0.05,8,"prot25_age",1.2,0.602544723848206,1
1,2,0.05,8,"prot25_income",0,0.0116859397122919,0
1,2,0.05,8,"prot25_child",1.1,0.649979035201825,1
1,2,0.05,8,"prot50_male",0,-1.44900359915269e-09,0
1,2,0.05,8,"prot50_age",0,0.00100805431889417,0
1,2,0.05,8,"prot50_income",0,0.00854850568875753,0
1,2,0.05,8,"prot50_child",-1,-0.25218187706918,1
1,2,0.05,8,"invasive_male",0,-6.72131965042487e-09,0
1,2,0.05,8,"invasive_age",-0.3,-0.158810209764324,1
1,2,0.05,8,"invasive_income",0.3,0.15533336724924,1
1,2,0.05,8,"invasive_child",-0.9,-0.270983386440127,1
1,2,0.05,9,"ASC2_male",0,-1.16580246587801e-08,0
1,2,0.05,9,"ASC2_age",0.5,0.235237104698215,1
1,2,0.05,9,"ASC2_income",0.5,0.252720380455449,1
1,2,0.05,9,"ASC2_child",0,-3.45654630389203e-09,0
1,2,0.05,9,"ASC3_male",0,-9.78478422882058e-09,0
1,2,0.05,9,"ASC3_age",0,-0.0378383417614294,0
1,2,0.05,9,"ASC3_income",0,0.0399838132667736,0
1,2,0.05,9,"ASC3_child",-0.3,-0.120226255560163,1
1,2,0.05,9,"prot25_male",0.7,0.363991132489206,1
1,2,0.05,9,"prot25_age",0.4,0.15769365467657,1
1,2,0.05,9,"prot25_income",0,-1.02278199185358e-08,0
1,2,0.05,9,"prot25_child",0.3,-1.89907913995796e-09,0
1,2,0.05,9,"prot50_male",-0.2,-1.19974222566644e-08,0
1,2,0.05,9,"prot50_age",-1,-0.550230755117192,1
1,2,0.05,9,"prot50_income",0,-1.38072602757496e-08,0
1,2,0.05,9,"prot50_child",-0.8,-0.281409966054778,1
1,2,0.05,9,"invasive_male",0,3.86138001132944e-09,0
1,2,0.05,9,"invasive_age",1,0.425929149652005,1
1,2,0.05,9,"invasive_income",0,0.0130492321566836,0
1,2,0.05,9,"invasive_child",0,-0.0153899596775891,0
1,2,0.05,10,"ASC2_male",0,-0.0997868678623774,1
1,2,0.05,10,"ASC2_age",-1,-0.511929927947566,1
1,2,0.05,10,"ASC2_income",0,0.015965437575876,0
1,2,0.05,10,"ASC2_child",0,1.17959634045179e-07,0
1,2,0.05,10,"ASC3_male",0.7,0.182352788984592,1
1,2,0.05,10,"ASC3_age",0,8.31413802265326e-10,0
1,2,0.05,10,"ASC3_income",0,-2.79585216114836e-09,0
1,2,0.05,10,"ASC3_child",0,-0.000893776817708944,0
1,2,0.05,10,"prot25_male",-1,-0.424017739143202,1
1,2,0.05,10,"prot25_age",1.1,0.589317887238643,1
1,2,0.05,10,"prot25_income",-0.7,-0.336035861911191,1
1,2,0.05,10,"prot25_child",-0.3,-6.49331131937422e-08,0
1,2,0.05,10,"prot50_male",0,0.0731454539783941,1
1,2,0.05,10,"prot50_age",0,0.0122894561443963,0
1,2,0.05,10,"prot50_income",0,0.0491254080809306,0
1,2,0.05,10,"prot50_child",0,-1.95442521940403e-10,0
1,2,0.05,10,"invasive_male",0.2,0.00731442858838741,0
1,2,0.05,10,"invasive_age",0.6,0.331687022791566,1
1,2,0.05,10,"invasive_income",-0.4,-0.179273289438112,1
1,2,0.05,10,"invasive_child",-0.3,-0.0295825005656807,0
1,2,0.05,11,"ASC2_male",1.1,0.358090028301336,1
1,2,0.05,11,"ASC2_age",0,0.058314792408231,1
1,2,0.05,11,"ASC2_income",0.1,-0.0489712128988732,0
1,2,0.05,11,"ASC2_child",0,0.0847528836027567,1
1,2,0.05,11,"ASC3_male",0.6,0.123118521100389,1
1,2,0.05,11,"ASC3_age",-1,-0.449178498795435,1
1,2,0.05,11,"ASC3_income",0.9,0.356524417087729,1
1,2,0.05,11,"ASC3_child",-0.8,-0.306904286387845,1
1,2,0.05,11,"prot25_male",-0.9,-0.389403068776024,1
1,2,0.05,11,"prot25_age",0,-0.062233197436266,1
1,2,0.05,11,"prot25_income",0,0.00998728661949559,0
1,2,0.05,11,"prot25_child",0,0.10641282903342,1
1,2,0.05,11,"prot50_male",0,-7.12812420990965e-11,0
1,2,0.05,11,"prot50_age",0,-0.0461363824963922,0
1,2,0.05,11,"prot50_income",0,0.0540653607465604,1
1,2,0.05,11,"prot50_child",0,-0.0862379854292611,1
1,2,0.05,11,"invasive_male",-0.7,-0.449040787566959,1
1,2,0.05,11,"invasive_age",0,0.0208276402560001,0
1,2,0.05,11,"invasive_income",1,0.443839597531784,1
1,2,0.05,11,"invasive_child",-1.2,-0.628890539925139,1
1,2,0.05,12,"ASC2_male",0,-2.1309363851261e-08,0
1,2,0.05,12,"ASC2_age",-0.4,-0.23856166759125,1
1,2,0.05,12,"ASC2_income",-0.6,-0.360935915809766,1
1,2,0.05,12,"ASC2_child",-1.2,-0.491314122266342,1
1,2,0.05,12,"ASC3_male",-0.7,-0.488771486570626,1
1,2,0.05,12,"ASC3_age",0.4,0.222400344890153,1
1,2,0.05,12,"ASC3_income",0,-0.0599889587224083,1
1,2,0.05,12,"ASC3_child",0,1.02352092650267e-07,0
1,2,0.05,12,"prot25_male",0,0.128690378327352,1
1,2,0.05,12,"prot25_age",0,-3.22520219564537e-06,0
1,2,0.05,12,"prot25_income",0,-0.010627773030427,0
1,2,0.05,12,"prot25_child",1,0.616784373493564,1
1,2,0.05,12,"prot50_male",-0.6,-0.183073992074266,1
1,2,0.05,12,"prot50_age",0,0.032469885516469,0
1,2,0.05,12,"prot50_income",0,-0.00115712249233286,0
1,2,0.05,12,"prot50_child",0,0.0165307459169094,0
1,2,0.05,12,"invasive_male",0,0.0115489807107298,0
1,2,0.05,12,"invasive_age",0.6,0.33217389500841,1
1,2,0.05,12,"invasive_income",0.6,0.233606992756507,1
1,2,0.05,12,"invasive_child",-0.8,-0.355569071266428,1
1,2,0.05,13,"ASC2_male",-0.4,-0.09220995709781,1
1,2,0.05,13,"ASC2_age",0,0.00666312644518886,0
1,2,0.05,13,"ASC2_income",0,-0.0342604990056619,0
1,2,0.05,13,"ASC2_child",0,-5.14093419303572e-07,0
1,2,0.05,13,"ASC3_male",-0.4,-0.0472997513767965,0
1,2,0.05,13,"ASC3_age",-0.3,-0.151109428127471,1
1,2,0.05,13,"ASC3_income",-0.3,-0.23329120746421,1
1,2,0.05,13,"ASC3_child",0,0.039377794980079,0
1,2,0.05,13,"prot25_male",0,-6.85654125372518e-10,0
1,2,0.05,13,"prot25_age",-0.4,-0.204706587502051,1
1,2,0.05,13,"prot25_income",-1,-0.468656841521887,1
1,2,0.05,13,"prot25_child",0,-1.18994290450051e-08,0
1,2,0.05,13,"prot50_male",-0.6,-0.322331219328462,1
1,2,0.05,13,"prot50_age",0,-5.7630168057595e-07,0
1,2,0.05,13,"prot50_income",0,-0.0153308855724161,0
1,2,0.05,13,"prot50_child",0,0.0443998885744927,0
1,2,0.05,13,"invasive_male",-0.2,-7.47533610720376e-08,0
1,2,0.05,13,"invasive_age",1,0.499641264523645,1
1,2,0.05,13,"invasive_income",0.5,0.110045653174244,1
1,2,0.05,13,"invasive_child",0,-1.8201836004383e-08,0
1,2,0.05,14,"ASC2_male",1.1,0.586575046022699,1
1,2,0.05,14,"ASC2_age",0,0.0233386653958559,0
1,2,0.05,14,"ASC2_income",0,-0.0867602335685491,1
1,2,0.05,14,"ASC2_child",0.9,0.396267604550225,1
1,2,0.05,14,"ASC3_male",-0.6,-0.188982018486944,1
1,2,0.05,14,"ASC3_age",0,-0.0189188092441128,0
1,2,0.05,14,"ASC3_income",0.9,0.350473659237163,1
1,2,0.05,14,"ASC3_child",0,-2.5627140633108e-09,0
1,2,0.05,14,"prot25_male",0,0.0121909711936698,0
1,2,0.05,14,"prot25_age",0,-1.19064632702538e-05,0
1,2,0.05,14,"prot25_income",0,0.004456859197927,0
1,2,0.05,14,"prot25_child",0,0.0627539926098276,1
1,2,0.05,14,"prot50_male",0,0.017523063675254,0
1,2,0.05,14,"prot50_age",1,0.475064027412581,1
1,2,0.05,14,"prot50_income",0,-0.0123743427621997,0
1,2,0.05,14,"prot50_child",-0.9,-0.273377368000718,1
1,2,0.05,14,"invasive_male",0.3,0.0113861042463598,0
1,2,0.05,14,"invasive_age",-0.8,-0.380959396833002,1
1,2,0.05,14,"invasive_income",0.6,0.25737265633014,1
1,2,0.05,14,"invasive_child",-0.4,5.64008380619665e-09,0
1,2,0.05,15,"ASC2_male",-0.9,-0.310816156962031,1
1,2,0.05,15,"ASC2_age",1.2,0.595047436878051,1
1,2,0.05,15,"ASC2_income",0,-0.0218052557810933,0
1,2,0.05,15,"ASC2_child",-0.4,-0.112937711037113,1
1,2,0.05,15,"ASC3_male",-0.6,-0.154576741162564,1
1,2,0.05,15,"ASC3_age",0,-1.95127123984165e-06,0
1,2,0.05,15,"ASC3_income",0,-4.71044098603639e-06,0
1,2,0.05,15,"ASC3_child",0.9,0.39047967589251,1
1,2,0.05,15,"prot25_male",0,4.28545579759234e-05,0
1,2,0.05,15,"prot25_age",0.7,0.343622112926629,1
1,2,0.05,15,"prot25_income",-0.3,-0.147850184849843,1
1,2,0.05,15,"prot25_child",0.5,0.0651910649185115,1
1,2,0.05,15,"prot50_male",0,-3.75527784693501e-08,0
1,2,0.05,15,"prot50_age",-0.5,-0.248096851744162,1
1,2,0.05,15,"prot50_income",0,0.0180670810344729,0
1,2,0.05,15,"prot50_child",0.2,-1.5861524455738e-07,0
1,2,0.05,15,"invasive_male",0,4.93562445296267e-07,0
1,2,0.05,15,"invasive_age",0,3.334385883748e-06,0
1,2,0.05,15,"invasive_income",0,-2.79181760784521e-06,0
1,2,0.05,15,"invasive_child",0,0.0317977164873911,0
1,2,0.05,16,"ASC2_male",0,-0.00422943287074036,0
1,2,0.05,16,"ASC2_age",-0.6,-0.289838716090415,1
1,2,0.05,16,"ASC2_income",0,-0.0106376499971771,0
1,2,0.05,16,"ASC2_child",-0.8,-0.232834979339237,1
1,2,0.05,16,"ASC3_male",0,0.0352281508050043,0
1,2,0.05,16,"ASC3_age",-0.8,-0.363571549350003,1
1,2,0.05,16,"ASC3_income",0.8,0.41649470116112,1
1,2,0.05,16,"ASC3_child",-0.8,-0.232241619583729,1
1,2,0.05,16,"prot25_male",0.7,0.201742563406267,1
1,2,0.05,16,"prot25_age",-1,-0.431471655723182,1
1,2,0.05,16,"prot25_income",0,-0.0536121038001652,1
1,2,0.05,16,"prot25_child",0,0.0213159466257317,0
1,2,0.05,16,"prot50_male",0.6,0.176946185644345,1
1,2,0.05,16,"prot50_age",-1,-0.452940956447308,1
1,2,0.05,16,"prot50_income",0,-0.123794672056992,1
1,2,0.05,16,"prot50_child",0,5.70135626183952e-06,0
1,2,0.05,16,"invasive_male",0,-5.0732664785954e-08,0
1,2,0.05,16,"invasive_age",0.8,0.368541691245532,1
1,2,0.05,16,"invasive_income",0,-0.0360379883346892,0
1,2,0.05,16,"invasive_child",0,0.12512479594541,1
1,2,0.05,17,"ASC2_male",0,-1.10430594473283e-06,0
1,2,0.05,17,"ASC2_age",-1,-0.495591783216356,1
1,2,0.05,17,"ASC2_income",-0.9,-0.598745078718622,1
1,2,0.05,17,"ASC2_child",0,-0.0366646413963954,0
1,2,0.05,17,"ASC3_male",0,-2.91384769776033e-05,0
1,2,0.05,17,"ASC3_age",-1.1,-0.5114446566994,1
1,2,0.05,17,"ASC3_income",0,-0.0638568079361112,1
1,2,0.05,17,"ASC3_child",-0.6,-0.351106933902208,1
1,2,0.05,17,"prot25_male",-0.9,-0.461666338173344,1
1,2,0.05,17,"prot25_age",0,-0.0441485849592036,0
1,2,0.05,17,"prot25_income",0.6,0.375498161964705,1
1,2,0.05,17,"prot25_child",0,-0.125230969410605,1
1,2,0.05,17,"prot50_male",0.2,0.11831339871804,1
1,2,0.05,17,"prot50_age",0.5,0.27540645746688,1
1,2,0.05,17,"prot50_income",0,0.030608526741043,0
1,2,0.05,17,"prot50_child",0,0.022557719673234,0
1,2,0.05,17,"invasive_male",0.8,0.436037670042477,1
1,2,0.05,17,"invasive_age",0,0.0653636844003769,1
1,2,0.05,17,"invasive_income",-1.1,-0.638732617469302,1
1,2,0.05,17,"invasive_child",0,-1.89777687584613e-08,0
1,2,0.05,18,"ASC2_male",0.2,-0.0631164741343139,1
1,2,0.05,18,"ASC2_age",0.7,0.381006207032572,1
1,2,0.05,18,"ASC2_income",0,-0.00689632476488414,0
1,2,0.05,18,"ASC2_child",0.7,0.370782420486679,1
1,2,0.05,18,"ASC3_male",0.2,-3.34653559948425e-06,0
1,2,0.05,18,"ASC3_age",0,0.0183452210418033,0
1,2,0.05,18,"ASC3_income",0.4,0.137592173732221,1
1,2,0.05,18,"ASC3_child",0,-0.0117093276220305,0
1,2,0.05,18,"prot25_male",0,0.205609600955033,1
1,2,0.05,18,"prot25_age",0,0.017237403415575,0
1,2,0.05,18,"prot25_income",0,0.0512334473678611,1
1,2,0.05,18,"prot25_child",-0.5,-0.353231821259336,1
1,2,0.05,18,"prot50_male",-0.6,-0.185345988434388,1
1,2,0.05,18,"prot50_age",0,-0.0377541088469659,0
1,2,0.05,18,"prot50_income",1,0.606243649337415,1
1,2,0.05,18,"prot50_child",0,0.0133426087206959,0
1,2,0.05,18,"invasive_male",0,-0.0351690593073894,0
1,2,0.05,18,"invasive_age",0,-0.0123804128006808,0
1,2,0.05,18,"invasive_income",-0.2,-0.0220167313811857,0
1,2,0.05,18,"invasive_child",0.7,0.388140020119295,1
1,2,0.05,19,"ASC2_male",0,-9.64129317989234e-09,0
1,2,0.05,19,"ASC2_age",0,0.0287669706648373,0
1,2,0.05,19,"ASC2_income",-0.2,-0.135550748244918,1
1,2,0.05,19,"ASC2_child",0,0.135678210503859,1
1,2,0.05,19,"ASC3_male",0,-7.01743789155936e-08,0
1,2,0.05,19,"ASC3_age",0.2,0.0953488545884921,1
1,2,0.05,19,"ASC3_income",-0.8,-0.422047353055344,1
1,2,0.05,19,"ASC3_child",-1,-0.315678852248465,1
1,2,0.05,19,"prot25_male",0,0.0272623346339847,0
1,2,0.05,19,"prot25_age",0,-7.16003257951067e-09,0
1,2,0.05,19,"prot25_income",0,-1.16579422244987e-08,0
1,2,0.05,19,"prot25_child",0.7,0.198720052065614,1
1,2,0.05,19,"prot50_male",-1,-0.354131225121213,1
1,2,0.05,19,"prot50_age",0,-1.13208361654796e-08,0
1,2,0.05,19,"prot50_income",0.5,0.244125558538286,1
1,2,0.05,19,"prot50_child",1.1,0.341620233313508,1
1,2,0.05,19,"invasive_male",0,-2.23289752762476e-09,0
1,2,0.05,19,"invasive_age",0,1.20455861866187e-07,0
1,2,0.05,19,"invasive_income",0.6,0.315585275326583,1
1,2,0.05,19,"invasive_child",-1.2,-0.482748669650476,1
1,2,0.05,20,"ASC2_male",0,0.0298105423460838,0
1,2,0.05,20,"ASC2_age",0.9,0.382087979612521,1
1,2,0.05,20,"ASC2_income",1,0.525149185415523,1
1,2,0.05,20,"ASC2_child",-1,-0.180122086114357,1
1,2,0.05,20,"ASC3_male",0.7,0.405673633522608,1
1,2,0.05,20,"ASC3_age",-1.2,-0.547701677669087,1
1,2,0.05,20,"ASC3_income",-0.6,-0.243598755178556,1
1,2,0.05,20,"ASC3_child",-0.7,-3.76826105999495e-08,0
1,2,0.05,20,"prot25_male",0,-4.04188170200647e-10,0
1,2,0.05,20,"prot25_age",0,-0.0235702706121537,0
1,2,0.05,20,"prot25_income",0,2.45895335625098e-06,0
1,2,0.05,20,"prot25_child",0.7,0.114897786414691,1
1,2,0.05,20,"prot50_male",0,3.03339967370738e-06,0
1,2,0.05,20,"prot50_age",0,-2.19795854405806e-05,0
1,2,0.05,20,"prot50_income",0,0.000871164288140724,0
1,2,0.05,20,"prot50_child",0,-0.140350201793544,1
1,2,0.05,20,"invasive_male",0,-3.01519494905999e-06,0
1,2,0.05,20,"invasive_age",0.5,0.233982324685326,1
1,2,0.05,20,"invasive_income",0,2.43380572562447e-05,0
1,2,0.05,20,"invasive_child",0.3,0.156817459026243,1
1,2,0.05,21,"ASC2_male",-0.5,-0.189625707913134,1
1,2,0.05,21,"ASC2_age",-0.6,-0.268720250928952,1
1,2,0.05,21,"ASC2_income",0,-0.0207595913185277,0
1,2,0.05,21,"ASC2_child",1.1,0.495892840052423,1
1,2,0.05,21,"ASC3_male",0,-1.1879579991306e-10,0
1,2,0.05,21,"ASC3_age",0.3,0.201598509818623,1
1,2,0.05,21,"ASC3_income",0,-0.018731603149599,0
1,2,0.05,21,"ASC3_child",0,-1.28263653010567e-06,0
1,2,0.05,21,"prot25_male",0.5,0.326237075681856,1
1,2,0.05,21,"prot25_age",0,1.75938262075162e-07,0
1,2,0.05,21,"prot25_income",-1,-0.552567105257213,1
1,2,0.05,21,"prot25_child",0,0.110146822221774,1
1,2,0.05,21,"prot50_male",-0.5,-0.0700153124294129,1
1,2,0.05,21,"prot50_age",0,-0.0107263232250693,0
1,2,0.05,21,"prot50_income",0,-0.0375813499977421,0
1,2,0.05,21,"prot50_child",-0.7,-0.0997195697721054,1
1,2,0.05,21,"invasive_male",0,3.75310117574409e-08,0
1,2,0.05,21,"invasive_age",1.2,0.615206471335914,1
1,2,0.05,21,"invasive_income",-0.2,-0.0601001402175862,1
1,2,0.05,21,"invasive_child",0,-1.48240472287154e-08,0
1,2,0.05,22,"ASC2_male",0.7,0.379497116855525,1
1,2,0.05,22,"ASC2_age",-0.2,-0.0124197082477947,0
1,2,0.05,22,"ASC2_income",-0.4,-0.1716712397372,1
1,2,0.05,22,"ASC2_child",0,-4.53253149298272e-09,0
1,2,0.05,22,"ASC3_male",0,-0.00306114674494031,0
1,2,0.05,22,"ASC3_age",-0.7,-0.317218538741153,1
1,2,0.05,22,"ASC3_income",0,0.026089173847506,0
1,2,0.05,22,"ASC3_child",-0.7,-0.316607145119778,1
1,2,0.05,22,"prot25_male",0,0.0745602873516693,1
1,2,0.05,22,"prot25_age",0,-0.0859711870678329,1
1,2,0.05,22,"prot25_income",0.5,0.248613637171708,1
1,2,0.05,22,"prot25_child",0,-1.24230971324938e-08,0
1,2,0.05,22,"prot50_male",0,-3.47334405155726e-10,0
1,2,0.05,22,"prot50_age",1,0.433107778690879,1
1,2,0.05,22,"prot50_income",-0.9,-0.468901498068074,1
1,2,0.05,22,"prot50_child",-1.1,-0.390520709465407,1
1,2,0.05,22,"invasive_male",0,-6.42758211262906e-09,0
1,2,0.05,22,"invasive_age",0.3,0.0969189404979723,1
1,2,0.05,22,"invasive_income",0,-0.0275222757795974,0
1,2,0.05,22,"invasive_child",0,5.56138649534698e-08,0
1,2,0.05,23,"ASC2_male",0,-0.105490531285448,1
1,2,0.05,23,"ASC2_age",0.5,0.315012745521594,1
1,2,0.05,23,"ASC2_income",0.8,0.466519646675635,1
1,2,0.05,23,"ASC2_child",-0.2,3.31502016564068e-08,0
1,2,0.05,23,"ASC3_male",0.6,0.220763510169257,1
1,2,0.05,23,"ASC3_age",-0.3,-0.104866635285395,1
1,2,0.05,23,"ASC3_income",0,0.0585693988735138,1
1,2,0.05,23,"ASC3_child",0,1.20966597903134e-06,0
1,2,0.05,23,"prot25_male",0.8,0.410825358987428,1
1,2,0.05,23,"prot25_age",0.4,0.231821256719311,1
1,2,0.05,23,"prot25_income",0.5,0.232548180587636,1
1,2,0.05,23,"prot25_child",0,-1.52641068931708e-07,0
1,2,0.05,23,"prot50_male",0,0.0623491422066286,1
1,2,0.05,23,"prot50_age",0,4.50938371352868e-07,0
1,2,0.05,23,"prot50_income",0,-3.7489544371432e-07,0
1,2,0.05,23,"prot50_child",0.5,0.201226964015753,1
1,2,0.05,23,"invasive_male",-0.5,-0.0366054861893263,0
1,2,0.05,23,"invasive_age",0,1.19189607999186e-06,0
1,2,0.05,23,"invasive_income",0,5.53789689878084e-07,0
1,2,0.05,23,"invasive_child",0,-0.141141699125101,1
1,2,0.05,24,"ASC2_male",-0.3,-0.00353231176153676,0
1,2,0.05,24,"ASC2_age",-0.3,-0.168041260727632,1
1,2,0.05,24,"ASC2_income",0,-0.170379390568548,1
1,2,0.05,24,"ASC2_child",0,-2.24568444075753e-07,0
1,2,0.05,24,"ASC3_male",0,0.23880415731939,1
1,2,0.05,24,"ASC3_age",1.2,0.631895306334509,1
1,2,0.05,24,"ASC3_income",0,-0.157839148744932,1
1,2,0.05,24,"ASC3_child",0,-0.000963752623706013,0
1,2,0.05,24,"prot25_male",0.4,0.00110439604379189,0
1,2,0.05,24,"prot25_age",0,0.0237625027845005,0
1,2,0.05,24,"prot25_income",0.8,0.505134301099357,1
1,2,0.05,24,"prot25_child",1,0.525808916787809,1
1,2,0.05,24,"prot50_male",0,-0.0822230396588038,1
1,2,0.05,24,"prot50_age",-0.8,-0.379084869687325,1
1,2,0.05,24,"prot50_income",1.1,0.624671773648429,1
1,2,0.05,24,"prot50_child",0,0.0278927774836488,0
1,2,0.05,24,"invasive_male",0,-0.019844373414515,0
1,2,0.05,24,"invasive_age",1.1,0.591308513494653,1
1,2,0.05,24,"invasive_income",0,-0.0695186826516053,1
1,2,0.05,24,"invasive_child",1.2,0.553307113708212,1
1,2,0.05,25,"ASC2_male",1.2,0.528545332866579,1
1,2,0.05,25,"ASC2_age",0,0.0483304681603382,0
1,2,0.05,25,"ASC2_income",0,-6.46409022511255e-09,0
1,2,0.05,25,"ASC2_child",0,-7.82522057561593e-09,0
1,2,0.05,25,"ASC3_male",-1,-0.539432418147203,1
1,2,0.05,25,"ASC3_age",-0.2,-0.0802407253631772,1
1,2,0.05,25,"ASC3_income",0,-0.00962498972130469,0
1,2,0.05,25,"ASC3_child",-1.1,-0.572053362017794,1
1,2,0.05,25,"prot25_male",1.1,0.53907267030497,1
1,2,0.05,25,"prot25_age",-0.6,-0.293823274864393,1
1,2,0.05,25,"prot25_income",0,0.0491133963311839,0
1,2,0.05,25,"prot25_child",1,0.603767172372079,1
1,2,0.05,25,"prot50_male",0,-6.03894118732328e-09,0
1,2,0.05,25,"prot50_age",0,-0.0432809622567014,0
1,2,0.05,25,"prot50_income",0,0.0483808698252116,0
1,2,0.05,25,"prot50_child",0,-3.37205008997949e-09,0
1,2,0.05,25,"invasive_male",0,-6.82635464818865e-08,0
1,2,0.05,25,"invasive_age",1.1,0.553234332410073,1
1,2,0.05,25,"invasive_income",-1.2,-0.605322963713633,1
1,2,0.05,25,"invasive_child",1.2,0.568534436620048,1
1,2,0.05,26,"ASC2_male",0,-0.207897251120982,1
1,2,0.05,26,"ASC2_age",-0.9,-0.374552130337396,1
1,2,0.05,26,"ASC2_income",-1.2,-0.541279502662983,1
1,2,0.05,26,"ASC2_child",-0.4,-0.12384887994947,1
1,2,0.05,26,"ASC3_male",0.8,0.202671549992252,1
1,2,0.05,26,"ASC3_age",0,0.0996722021340963,1
1,2,0.05,26,"ASC3_income",-0.5,-0.280750290128652,1
1,2,0.05,26,"ASC3_child",0.1,0.0959550860636217,1
1,2,0.05,26,"prot25_male",-0.9,-0.219196430655254,1
1,2,0.05,26,"prot25_age",0,-0.0619011111208216,1
1,2,0.05,26,"prot25_income",0,-0.082953581292501,1
1,2,0.05,26,"prot25_child",0,-0.068152902282515,1
1,2,0.05,26,"prot50_male",0,0.188796889619616,1
1,2,0.05,26,"prot50_age",0,-0.09653651134341,1
1,2,0.05,26,"prot50_income",0.1,0.0322574076910872,0
1,2,0.05,26,"prot50_child",0,-0.11655175102907,1
1,2,0.05,26,"invasive_male",0,3.70504289342204e-07,0
1,2,0.05,26,"invasive_age",0.9,0.424019203319645,1
1,2,0.05,26,"invasive_income",-0.7,-0.320927555712332,1
1,2,0.05,26,"invasive_child",0,0.0303581451420363,0
1,2,0.05,27,"ASC2_male",-1.2,-0.554589552961011,1
1,2,0.05,27,"ASC2_age",-0.5,-0.162994344793093,1
1,2,0.05,27,"ASC2_income",0,0.066513113493395,1
1,2,0.05,27,"ASC2_child",0,1.71942286506391e-09,0
1,2,0.05,27,"ASC3_male",0,-1.21764419197104e-08,0
1,2,0.05,27,"ASC3_age",0,0.035042170687484,0
1,2,0.05,27,"ASC3_income",0,-9.28175788597539e-09,0
1,2,0.05,27,"ASC3_child",0.8,0.3671387763179,1
1,2,0.05,27,"prot25_male",-0.8,-0.249068847784419,1
1,2,0.05,27,"prot25_age",0.9,0.384400049858681,1
1,2,0.05,27,"prot25_income",0,-1.19687873467961e-08,0
1,2,0.05,27,"prot25_child",0.6,0.39218776372372,1
1,2,0.05,27,"prot50_male",0,0.160936603054586,1
1,2,0.05,27,"prot50_age",0,3.8496269822712e-08,0
1,2,0.05,27,"prot50_income",0,1.63057812841458e-08,0
1,2,0.05,27,"prot50_child",0.4,0.140912581541343,1
1,2,0.05,27,"invasive_male",-0.2,-0.00792671273252816,0
1,2,0.05,27,"invasive_age",-0.2,-0.00755512593827288,0
1,2,0.05,27,"invasive_income",1,0.599108839097969,1
1,2,0.05,27,"invasive_child",0,-0.00224111897364675,0
1,2,0.05,28,"ASC2_male",-0.6,-0.0982111747636141,1
1,2,0.05,28,"ASC2_age",0,0.000350634222694324,0
1,2,0.05,28,"ASC2_income",0,0.0543189869059375,1
1,2,0.05,28,"ASC2_child",0,0.119675527147864,1
1,2,0.05,28,"ASC3_male",-0.9,-0.309686630803147,1
1,2,0.05,28,"ASC3_age",-0.8,-0.367919853590112,1
1,2,0.05,28,"ASC3_income",0,0.0653740149102543,1
1,2,0.05,28,"ASC3_child",-0.7,-0.185332410872518,1
1,2,0.05,28,"prot25_male",0,-0.0967520567293084,1
1,2,0.05,28,"prot25_age",1.1,0.586084936821019,1
1,2,0.05,28,"prot25_income",1.2,0.648307431018891,1
1,2,0.05,28,"prot25_child",0,1.461573189033e-05,0
1,2,0.05,28,"prot50_male",-0.2,-0.169916847675926,1
1,2,0.05,28,"prot50_age",0.8,0.37351281315556,1
1,2,0.05,28,"prot50_income",-0.2,-0.0823928288008123,1
1,2,0.05,28,"prot50_child",0,-7.17155062767644e-09,0
1,2,0.05,28,"invasive_male",0,0.0125353657153178,0
1,2,0.05,28,"invasive_age",0,0.0045714952190952,0
1,2,0.05,28,"invasive_income",0.3,0.183903803048112,1
1,2,0.05,28,"invasive_child",0,0.162156771128547,1
1,2,0.05,29,"ASC2_male",0,-1.14068950034513e-06,0
1,2,0.05,29,"ASC2_age",0,0.0743033401727789,1
1,2,0.05,29,"ASC2_income",-0.1,-0.0124184927718482,0
1,2,0.05,29,"ASC2_child",0,7.69199827212892e-06,0
1,2,0.05,29,"ASC3_male",0,4.12139658366838e-08,0
1,2,0.05,29,"ASC3_age",0.9,0.461073277956886,1
1,2,0.05,29,"ASC3_income",0,-2.96335894126948e-09,0
1,2,0.05,29,"ASC3_child",-0.2,-0.213545769749348,1
1,2,0.05,29,"prot25_male",0,-0.0440725403016349,0
1,2,0.05,29,"prot25_age",0,-0.0977298858366647,1
1,2,0.05,29,"prot25_income",0.8,0.411536582152737,1
1,2,0.05,29,"prot25_child",-0.4,-0.290335322830422,1
1,2,0.05,29,"prot50_male",0.4,0.252250553406152,1
1,2,0.05,29,"prot50_age",0.5,0.192765803495166,1
1,2,0.05,29,"prot50_income",0,-0.00268727332917177,0
1,2,0.05,29,"prot50_child",0.7,0.291621044902183,1
1,2,0.05,29,"invasive_male",0,-5.76058924107893e-07,0
1,2,0.05,29,"invasive_age",-0.3,-0.114283106776831,1
1,2,0.05,29,"invasive_income",0,-0.0280583705337428,0
1,2,0.05,29,"invasive_child",1,0.390518164657924,1
1,2,0.05,30,"ASC2_male",0,-0.00160983353722752,0
1,2,0.05,30,"ASC2_age",0,-0.000587944549282232,0
1,2,0.05,30,"ASC2_income",0,-3.53362362127756e-05,0
1,2,0.05,30,"ASC2_child",0.6,0.206910795789729,1
1,2,0.05,30,"ASC3_male",0.4,0.0730292834074911,1
1,2,0.05,30,"ASC3_age",0,-0.01939630357289,0
1,2,0.05,30,"ASC3_income",0.2,0.100325356587599,1
1,2,0.05,30,"ASC3_child",0.2,-2.1560755486218e-08,0
1,2,0.05,30,"prot25_male",0,0.0981392242435135,1
1,2,0.05,30,"prot25_age",-0.7,-0.29141742660214,1
1,2,0.05,30,"prot25_income",0.4,0.139782671516832,1
1,2,0.05,30,"prot25_child",0.8,0.479849816826637,1
1,2,0.05,30,"prot50_male",-0.7,-0.253979873088944,1
1,2,0.05,30,"prot50_age",0,0.0420667477789148,0
1,2,0.05,30,"prot50_income",0,-8.26884841537537e-09,0
1,2,0.05,30,"prot50_child",0,0.0394072849379466,0
1,2,0.05,30,"invasive_male",1.1,0.381195216500731,1
1,2,0.05,30,"invasive_age",0,0.0558959603664237,1
1,2,0.05,30,"invasive_income",0.4,0.165974001330614,1
1,2,0.05,30,"invasive_child",0,-6.53341769354442e-09,0
1,2,0.05,31,"ASC2_male",1.2,0.582778438179446,1
1,2,0.05,31,"ASC2_age",0,-0.0235764676930943,0
1,2,0.05,31,"ASC2_income",-0.3,-0.258858542938714,1
1,2,0.05,31,"ASC2_child",0,-1.64016197607573e-08,0
1,2,0.05,31,"ASC3_male",0,-0.00808235303978129,0
1,2,0.05,31,"ASC3_age",0,-0.0365662162968953,0
1,2,0.05,31,"ASC3_income",0,-0.0939731944139456,1
1,2,0.05,31,"ASC3_child",0,-4.6240136271846e-09,0
1,2,0.05,31,"prot25_male",-0.8,-0.148434535207745,1
1,2,0.05,31,"prot25_age",-0.2,-0.0792163776244641,1
1,2,0.05,31,"prot25_income",0,0.03463601441911,0
1,2,0.05,31,"prot25_child",0,0.00275814126027127,0
1,2,0.05,31,"prot50_male",-0.9,-0.239870117967599,1
1,2,0.05,31,"prot50_age",-0.9,-0.408244595378587,1
1,2,0.05,31,"prot50_income",-0.2,-0.042801619262919,0
1,2,0.05,31,"prot50_child",-0.5,-0.0312832052695579,0
1,2,0.05,31,"invasive_male",-1,-0.357680095866802,1
1,2,0.05,31,"invasive_age",0,0.0207179225197868,0
1,2,0.05,31,"invasive_income",0,1.97605014009382e-08,0
1,2,0.05,31,"invasive_child",-0.7,-0.255855682313826,1
1,2,0.05,32,"ASC2_male",0.2,0.00790752675961653,0
1,2,0.05,32,"ASC2_age",0.7,0.306470768865952,1
1,2,0.05,32,"ASC2_income",-1,-0.504341711465777,1
1,2,0.05,32,"ASC2_child",0.4,0.144539350521197,1
1,2,0.05,32,"ASC3_male",0,-0.178164730643743,1
1,2,0.05,32,"ASC3_age",0.3,0.147512033544918,1
1,2,0.05,32,"ASC3_income",0,-0.0120849654568608,0
1,2,0.05,32,"ASC3_child",0.5,0.262048382093739,1
1,2,0.05,32,"prot25_male",0,-0.017123585879719,0
1,2,0.05,32,"prot25_age",-0.6,-0.285147915862301,1
1,2,0.05,32,"prot25_income",0,-0.00590362709863401,0
1,2,0.05,32,"prot25_child",0,-2.56243164439953e-07,0
1,2,0.05,32,"prot50_male",0.7,0.420742805511412,1
1,2,0.05,32,"prot50_age",0.3,0.209276264838525,1
1,2,0.05,32,"prot50_income",0,-0.0514143499701928,1
1,2,0.05,32,"prot50_child",-0.6,-0.413550917085629,1
1,2,0.05,32,"invasive_male",0,-0.129174348046881,1
1,2,0.05,32,"invasive_age",0,0.0130363181997018,0
1,2,0.05,32,"invasive_income",0,0.0143027324620271,0
1,2,0.05,32,"invasive_child",0,-0.0684227196702983,1
1,2,0.05,33,"ASC2_male",0,-1.09812708574939e-08,0
1,2,0.05,33,"ASC2_age",-0.3,-0.223430343675037,1
1,2,0.05,33,"ASC2_income",0,0.067547073570613,1
1,2,0.05,33,"ASC2_child",0,-0.0629143763147261,1
1,2,0.05,33,"ASC3_male",0,0.0448004042019238,0
1,2,0.05,33,"ASC3_age",1.1,0.543001981629941,1
1,2,0.05,33,"ASC3_income",0,0.0285464543032686,0
1,2,0.05,33,"ASC3_child",0,0.0311813769019118,0
1,2,0.05,33,"prot25_male",0.9,0.313659837847764,1
1,2,0.05,33,"prot25_age",-0.8,-0.271001033542145,1
1,2,0.05,33,"prot25_income",1.1,0.586002626297241,1
1,2,0.05,33,"prot25_child",0,0.0369420658314449,0
1,2,0.05,33,"prot50_male",-1.2,-0.698076237463711,1
1,2,0.05,33,"prot50_age",0.3,0.231123463571179,1
1,2,0.05,33,"prot50_income",0,-2.85028751998943e-08,0
1,2,0.05,33,"prot50_child",0.8,0.443145720191303,1
1,2,0.05,33,"invasive_male",0,-0.0947259902994107,1
1,2,0.05,33,"invasive_age",-1.2,-0.591464894446782,1
1,2,0.05,33,"invasive_income",0.6,0.332558088952564,1
1,2,0.05,33,"invasive_child",0,0.135122027707649,1
1,2,0.05,34,"ASC2_male",0,0.00438920856040036,0
1,2,0.05,34,"ASC2_age",-0.5,-0.183624212829932,1
1,2,0.05,34,"ASC2_income",0,-0.0295157332893775,0
1,2,0.05,34,"ASC2_child",1,0.512101842252937,1
1,2,0.05,34,"ASC3_male",0,-6.14147104838399e-09,0
1,2,0.05,34,"ASC3_age",-0.3,-0.0970017624902968,1
1,2,0.05,34,"ASC3_income",-0.7,-0.305751322485245,1
1,2,0.05,34,"ASC3_child",-1,-0.429575702305409,1
1,2,0.05,34,"prot25_male",0,0.0213604900928993,0
1,2,0.05,34,"prot25_age",0,-0.0157058151503838,0
1,2,0.05,34,"prot25_income",0,-5.92427998800195e-08,0
1,2,0.05,34,"prot25_child",0,-7.53547864393177e-09,0
1,2,0.05,34,"prot50_male",0,-2.04071627331947e-08,0
1,2,0.05,34,"prot50_age",-0.8,-0.385353052912025,1
1,2,0.05,34,"prot50_income",-0.1,-0.061907081592892,1
1,2,0.05,34,"prot50_child",0,-2.1840671975823e-08,0
1,2,0.05,34,"invasive_male",-0.9,-0.422125917743295,1
1,2,0.05,34,"invasive_age",-0.9,-0.427746516047806,1
1,2,0.05,34,"invasive_income",-0.9,-0.449527723108354,1
1,2,0.05,34,"invasive_child",0,-0.00781735297319735,0
1,2,0.05,35,"ASC2_male",0,-0.0178259053901669,0
1,2,0.05,35,"ASC2_age",0,-0.0823932052739831,1
1,2,0.05,35,"ASC2_income",-0.2,-0.0318968701831932,0
1,2,0.05,35,"ASC2_child",0,-0.0787234908575499,1
1,2,0.05,35,"ASC3_male",0,0.0147224894773537,0
1,2,0.05,35,"ASC3_age",0,-0.0657237415643917,1
1,2,0.05,35,"ASC3_income",0,0.0522206704488162,1
1,2,0.05,35,"ASC3_child",0,-0.0334614715591339,0
1,2,0.05,35,"prot25_male",0,1.50363387383936e-06,0
1,2,0.05,35,"prot25_age",1.2,0.611860703541973,1
1,2,0.05,35,"prot25_income",-0.2,-0.126646327289248,1
1,2,0.05,35,"prot25_child",0.8,0.379337683433519,1
1,2,0.05,35,"prot50_male",-0.9,-0.445381397878367,1
1,2,0.05,35,"prot50_age",-0.2,-0.0616549591188939,1
1,2,0.05,35,"prot50_income",0,-1.36677770178119e-08,0
1,2,0.05,35,"prot50_child",0,0.0430640672888914,0
1,2,0.05,35,"invasive_male",0.3,0.0734114087278348,1
1,2,0.05,35,"invasive_age",0.3,0.120278180439442,1
1,2,0.05,35,"invasive_income",-0.4,-0.239836039512041,1
1,2,0.05,35,"invasive_child",-0.5,-0.22045776665202,1
1,2,0.05,36,"ASC2_male",-0.7,-0.288020759216116,1
1,2,0.05,36,"ASC2_age",0,0.00886298576245235,0
1,2,0.05,36,"ASC2_income",0.1,1.03265074043008e-06,0
1,2,0.05,36,"ASC2_child",0,-8.23857737486997e-08,0
1,2,0.05,36,"ASC3_male",0,-0.0139376276105578,0
1,2,0.05,36,"ASC3_age",0.6,0.325420303611377,1
1,2,0.05,36,"ASC3_income",1.1,0.52414435127198,1
1,2,0.05,36,"ASC3_child",0,-0.0825172319143212,1
1,2,0.05,36,"prot25_male",0,7.96593888820448e-07,0
1,2,0.05,36,"prot25_age",0,2.36916453169575e-07,0
1,2,0.05,36,"prot25_income",0.2,0.160217570940538,1
1,2,0.05,36,"prot25_child",0,0.0253313562325344,0
1,2,0.05,36,"prot50_male",0,-0.0943466013847603,1
1,2,0.05,36,"prot50_age",0.9,0.469705866606748,1
1,2,0.05,36,"prot50_income",-0.8,-0.353851292553488,1
1,2,0.05,36,"prot50_child",0,-8.76264953419414e-07,0
1,2,0.05,36,"invasive_male",-1,-0.473452151600265,1
1,2,0.05,36,"invasive_age",0.8,0.410214929601293,1
1,2,0.05,36,"invasive_income",0,0.071900212916067,1
1,2,0.05,36,"invasive_child",-0.8,-0.349473167714459,1
1,2,0.05,37,"ASC2_male",0,-0.143763326801286,1
1,2,0.05,37,"ASC2_age",0,2.78156995224599e-07,0
1,2,0.05,37,"ASC2_income",0,-0.104998396323524,1
1,2,0.05,37,"ASC2_child",0,0.0117181394439178,0
1,2,0.05,37,"ASC3_male",0,-0.0537662582639776,1
1,2,0.05,37,"ASC3_age",0,-1.01911577523015e-09,0
1,2,0.05,37,"ASC3_income",0.6,0.197420013236688,1
1,2,0.05,37,"ASC3_child",0,1.82082396115388e-06,0
1,2,0.05,37,"prot25_male",-0.8,-0.326838036273129,1
1,2,0.05,37,"prot25_age",0.9,0.432759822643606,1
1,2,0.05,37,"prot25_income",-0.7,-0.256838203954202,1
1,2,0.05,37,"prot25_child",0.1,0.0974568450239877,1
1,2,0.05,37,"prot50_male",0,3.74021519410313e-06,0
1,2,0.05,37,"prot50_age",1,0.556202087942864,1
1,2,0.05,37,"prot50_income",0,0.0823934443408046,1
1,2,0.05,37,"prot50_child",-0.9,-0.439920903500067,1
1,2,0.05,37,"invasive_male",0.6,0.167828536252014,1
1,2,0.05,37,"invasive_age",-0.3,-0.0721801703813868,1
1,2,0.05,37,"invasive_income",1.1,0.536578090368652,1
1,2,0.05,37,"invasive_child",0,3.81239694972499e-06,0
1,2,0.05,38,"ASC2_male",0.8,0.285050464075446,1
1,2,0.05,38,"ASC2_age",0,-0.0481599167458151,0
1,2,0.05,38,"ASC2_income",0.8,0.402125244259715,1
1,2,0.05,38,"ASC2_child",0.4,-2.9050153150634e-11,0
1,2,0.05,38,"ASC3_male",0,-0.163709199272169,1
1,2,0.05,38,"ASC3_age",0,2.15149350357864e-07,0
1,2,0.05,38,"ASC3_income",0,-0.000126070979116126,0
1,2,0.05,38,"ASC3_child",0.2,0.00773743898601059,0
1,2,0.05,38,"prot25_male",0,0.128053174034319,1
1,2,0.05,38,"prot25_age",0,0.0312716371512024,0
1,2,0.05,38,"prot25_income",0,7.38575189444779e-05,0
1,2,0.05,38,"prot25_child",0,0.0016820873924849,0
1,2,0.05,38,"prot50_male",0,0.109626403762226,1
1,2,0.05,38,"prot50_age",0.3,0.234343107143193,1
1,2,0.05,38,"prot50_income",0.9,0.510970608611542,1
1,2,0.05,38,"prot50_child",0,0.0983843594324794,1
1,2,0.05,38,"invasive_male",-0.5,-0.28506611806048,1
1,2,0.05,38,"invasive_age",0.9,0.55595628941199,1
1,2,0.05,38,"invasive_income",1,0.531533679817147,1
1,2,0.05,38,"invasive_child",-0.2,-0.261027473453246,1
1,2,0.05,39,"ASC2_male",0.9,0.35641000788707,1
1,2,0.05,39,"ASC2_age",1.1,0.533772831284046,1
1,2,0.05,39,"ASC2_income",0,2.76259587628109e-09,0
1,2,0.05,39,"ASC2_child",0.7,0.347811578705954,1
1,2,0.05,39,"ASC3_male",0,-1.15912760173916e-08,0
1,2,0.05,39,"ASC3_age",-0.1,-0.0307595180131955,0
1,2,0.05,39,"ASC3_income",0,-0.00404473222974683,0
1,2,0.05,39,"ASC3_child",-1.1,-0.412394395805413,1
1,2,0.05,39,"prot25_male",0,-3.55457206210644e-10,0
1,2,0.05,39,"prot25_age",0,-1.93210488973515e-08,0
1,2,0.05,39,"prot25_income",0.9,0.338613811753535,1
1,2,0.05,39,"prot25_child",0,1.60290088087953e-08,0
1,2,0.05,39,"prot50_male",0,1.82510750770638e-08,0
1,2,0.05,39,"prot50_age",0.9,0.396753711606121,1
1,2,0.05,39,"prot50_income",-0.8,-0.2998876013768,1
1,2,0.05,39,"prot50_child",0,-3.91094577350718e-09,0
1,2,0.05,39,"invasive_male",0.1,-2.33784317146957e-08,0
1,2,0.05,39,"invasive_age",0,-2.38568541475706e-09,0
1,2,0.05,39,"invasive_income",0.7,0.296194285703574,1
1,2,0.05,39,"invasive_child",0,-4.84451652762876e-09,0
1,2,0.05,40,"ASC2_male",0,-0.00123238916428545,0
1,2,0.05,40,"ASC2_age",0,2.9602796669882e-09,0
1,2,0.05,40,"ASC2_income",-1,-0.59414944432468,1
1,2,0.05,40,"ASC2_child",-0.4,-0.234010216388977,1
1,2,0.05,40,"ASC3_male",1.2,0.564756825901186,1
1,2,0.05,40,"ASC3_age",0,-0.0235675143984107,0
1,2,0.05,40,"ASC3_income",0,-1.8270624499809e-08,0
1,2,0.05,40,"ASC3_child",0,-8.8692044962386e-09,0
1,2,0.05,40,"prot25_male",-0.1,-1.73184272067032e-09,0
1,2,0.05,40,"prot25_age",0,-4.63062939918856e-07,0
1,2,0.05,40,"prot25_income",-0.3,-0.125200373560937,1
1,2,0.05,40,"prot25_child",-0.5,-0.161804560325243,1
1,2,0.05,40,"prot50_male",-1.2,-0.488003497674731,1
1,2,0.05,40,"prot50_age",0,-2.67915420356443e-07,0
1,2,0.05,40,"prot50_income",0,-0.0384439412543914,0
1,2,0.05,40,"prot50_child",1.1,0.576800306777442,1
1,2,0.05,40,"invasive_male",-0.8,-0.280326913072723,1
1,2,0.05,40,"invasive_age",0.5,0.247019723540365,1
1,2,0.05,40,"invasive_income",0,-0.0514171286339597,1
1,2,0.05,40,"invasive_child",0,-1.41718888523957e-10,0
1,2,0.05,41,"ASC2_male",0.1,-0.235969160042329,1
1,2,0.05,41,"ASC2_age",0,0.00600727880191216,0
1,2,0.05,41,"ASC2_income",-1,-0.522287248299678,1
1,2,0.05,41,"ASC2_child",-0.6,-0.139148614210048,1
1,2,0.05,41,"ASC3_male",0.8,0.0167751633523528,0
1,2,0.05,41,"ASC3_age",-0.6,-0.249377919842344,1
1,2,0.05,41,"ASC3_income",-0.6,-0.262365725727756,1
1,2,0.05,41,"ASC3_child",-1,-0.328429160669928,1
1,2,0.05,41,"prot25_male",0,0.177140726894515,1
1,2,0.05,41,"prot25_age",-1,-0.475651213232692,1
1,2,0.05,41,"prot25_income",0,-0.000661390263258306,0
1,2,0.05,41,"prot25_child",0,-0.0720351707674261,1
1,2,0.05,41,"prot50_male",0,0.195231744199514,1
1,2,0.05,41,"prot50_age",0,0.0567376046999253,1
1,2,0.05,41,"prot50_income",0,0.032346534577772,0
1,2,0.05,41,"prot50_child",0,-0.178703544393752,1
1,2,0.05,41,"invasive_male",-0.7,-0.406197264645985,1
1,2,0.05,41,"invasive_age",-0.5,-0.27780369212584,1
1,2,0.05,41,"invasive_income",0,0.0327299643663479,0
1,2,0.05,41,"invasive_child",0,1.39656492207427e-08,0
1,2,0.05,42,"ASC2_male",-0.1,-0.0148451966960217,0
1,2,0.05,42,"ASC2_age",1,0.504052051995057,1
1,2,0.05,42,"ASC2_income",0,0.076897682878445,1
1,2,0.05,42,"ASC2_child",0.4,0.174412442946386,1
1,2,0.05,42,"ASC3_male",-0.7,-0.214324806481149,1
1,2,0.05,42,"ASC3_age",0,0.00188003027134447,0
1,2,0.05,42,"ASC3_income",0,0.000977086816145752,0
1,2,0.05,42,"ASC3_child",0,-0.0481089049806284,0
1,2,0.05,42,"prot25_male",0.1,0.0328294179012526,0
1,2,0.05,42,"prot25_age",0.8,0.416878257834659,1
1,2,0.05,42,"prot25_income",0,0.0437023791287018,0
1,2,0.05,42,"prot25_child",0,0.00848942999147716,0
1,2,0.05,42,"prot50_male",0,-0.0279460502771369,0
1,2,0.05,42,"prot50_age",1,0.545716536414061,1
1,2,0.05,42,"prot50_income",0,0.0382885203290714,0
1,2,0.05,42,"prot50_child",0,-1.05882690279988e-08,0
1,2,0.05,42,"invasive_male",-0.9,-0.44078178358347,1
1,2,0.05,42,"invasive_age",0,0.0204875111989004,0
1,2,0.05,42,"invasive_income",-1,-0.426904504591035,1
1,2,0.05,42,"invasive_child",-1.1,-0.614048193395835,1
1,2,0.05,43,"ASC2_male",0,-0.0489080909255987,0
1,2,0.05,43,"ASC2_age",-0.8,-0.380032727346109,1
1,2,0.05,43,"ASC2_income",0,0.0558484834811452,1
1,2,0.05,43,"ASC2_child",0,-9.59563056899569e-08,0
1,2,0.05,43,"ASC3_male",-1.2,-0.683908798228205,1
1,2,0.05,43,"ASC3_age",0,-0.00732340700815661,0
1,2,0.05,43,"ASC3_income",0,-3.85890888966945e-08,0
1,2,0.05,43,"ASC3_child",0,-1.21505353737096e-08,0
1,2,0.05,43,"prot25_male",1,0.570733376804627,1
1,2,0.05,43,"prot25_age",0.5,0.302517547396345,1
1,2,0.05,43,"prot25_income",0.9,0.437904201773903,1
1,2,0.05,43,"prot25_child",1,0.40461994934069,1
1,2,0.05,43,"prot50_male",-0.2,-0.0197632446565086,0
1,2,0.05,43,"prot50_age",0,-0.0264528875794017,0
1,2,0.05,43,"prot50_income",-0.3,-0.165194206057939,1
1,2,0.05,43,"prot50_child",0.6,0.175215800844291,1
1,2,0.05,43,"invasive_male",0,-2.81019754640768e-08,0
1,2,0.05,43,"invasive_age",0,-1.37423594962925e-08,0
1,2,0.05,43,"invasive_income",1,0.564984569323205,1
1,2,0.05,43,"invasive_child",0,-0.0132499362522426,0
1,2,0.05,44,"ASC2_male",0.9,0.521525023045953,1
1,2,0.05,44,"ASC2_age",1.2,0.612914831835862,1
1,2,0.05,44,"ASC2_income",0,-0.115745808473092,1
1,2,0.05,44,"ASC2_child",0,0.0327373575950631,0
1,2,0.05,44,"ASC3_male",0.9,0.507643304602146,1
1,2,0.05,44,"ASC3_age",0,0.0315357673401378,0
1,2,0.05,44,"ASC3_income",-0.5,-0.334874281370156,1
1,2,0.05,44,"ASC3_child",-1.1,-0.418116793817742,1
1,2,0.05,44,"prot25_male",-1.1,-0.675320183943561,1
1,2,0.05,44,"prot25_age",0,0.00127291241814149,0
1,2,0.05,44,"prot25_income",0,0.057588744960475,1
1,2,0.05,44,"prot25_child",0.9,0.434567094408442,1
1,2,0.05,44,"prot50_male",0,-0.134319334649902,1
1,2,0.05,44,"prot50_age",-1.2,-0.634254665311934,1
1,2,0.05,44,"prot50_income",-0.5,-0.191915620831753,1
1,2,0.05,44,"prot50_child",0,-0.00122353515034448,0
1,2,0.05,44,"invasive_male",-0.8,-0.474925420587219,1
1,2,0.05,44,"invasive_age",0,0.00203006481105015,0
1,2,0.05,44,"invasive_income",0,-0.104251093482876,1
1,2,0.05,44,"invasive_child",0,0.177740969268094,1
1,2,0.05,45,"ASC2_male",-0.6,-0.21759536432817,1
1,2,0.05,45,"ASC2_age",0,-0.128413229628629,1
1,2,0.05,45,"ASC2_income",0,-0.0865481767867054,1
1,2,0.05,45,"ASC2_child",0.2,0.137448918819407,1
1,2,0.05,45,"ASC3_male",-0.7,-0.304684486076256,1
1,2,0.05,45,"ASC3_age",0,-0.128671141463205,1
1,2,0.05,45,"ASC3_income",0,-0.0180123574862426,0
1,2,0.05,45,"ASC3_child",-0.1,-0.0756174040378106,1
1,2,0.05,45,"prot25_male",0,-0.104209920893339,1
1,2,0.05,45,"prot25_age",-0.8,-0.314475714483299,1
1,2,0.05,45,"prot25_income",0,0.0529641185996253,1
1,2,0.05,45,"prot25_child",0.4,0.208337290681708,1
1,2,0.05,45,"prot50_male",0,0.0100173563850152,0
1,2,0.05,45,"prot50_age",1.2,0.644669487708142,1
1,2,0.05,45,"prot50_income",0,0.0206199484874301,0
1,2,0.05,45,"prot50_child",-0.2,0.00030853074595779,0
1,2,0.05,45,"invasive_male",-1,-0.469604488662058,1
1,2,0.05,45,"invasive_age",0,-4.31490081172484e-06,0
1,2,0.05,45,"invasive_income",-0.3,-0.177254190855078,1
1,2,0.05,45,"invasive_child",0,0.0961188857475378,1
1,2,0.05,46,"ASC2_male",-0.3,-0.267807775207466,1
1,2,0.05,46,"ASC2_age",0,0.015397853407111,0
1,2,0.05,46,"ASC2_income",-0.4,-0.247418507307828,1
1,2,0.05,46,"ASC2_child",0,2.66032827865911e-10,0
1,2,0.05,46,"ASC3_male",0,-0.0215913822563275,0
1,2,0.05,46,"ASC3_age",0,0.0489188466562022,0
1,2,0.05,46,"ASC3_income",0,-0.0418608098231872,0
1,2,0.05,46,"ASC3_child",0,-7.03219522367008e-07,0
1,2,0.05,46,"prot25_male",0,6.22685359384736e-05,0
1,2,0.05,46,"prot25_age",0.9,0.363286874190355,1
1,2,0.05,46,"prot25_income",0.4,0.226233800249928,1
1,2,0.05,46,"prot25_child",0.5,0.261792401077624,1
1,2,0.05,46,"prot50_male",0.7,0.236936985168279,1
1,2,0.05,46,"prot50_age",0.5,0.228602001783884,1
1,2,0.05,46,"prot50_income",-0.5,-0.266912399198585,1
1,2,0.05,46,"prot50_child",0.7,0.179764696252009,1
1,2,0.05,46,"invasive_male",0,-0.013500927646141,0
1,2,0.05,46,"invasive_age",0,0.0210362171143971,0
1,2,0.05,46,"invasive_income",0,-0.0334251751886535,0
1,2,0.05,46,"invasive_child",0.6,0.181627786209465,1
1,2,0.05,47,"ASC2_male",0,-0.0747312388744933,1
1,2,0.05,47,"ASC2_age",0,-0.083123764772722,1
1,2,0.05,47,"ASC2_income",-0.7,-0.321053604223747,1
1,2,0.05,47,"ASC2_child",0.9,0.479793872848315,1
1,2,0.05,47,"ASC3_male",0,-0.136022757960308,1
1,2,0.05,47,"ASC3_age",1,0.479028438785274,1
1,2,0.05,47,"ASC3_income",0,0.0634360878538338,1
1,2,0.05,47,"ASC3_child",0,4.39067999113113e-10,0
1,2,0.05,47,"prot25_male",1.2,0.573272051932774,1
1,2,0.05,47,"prot25_age",1,0.574106349698562,1
1,2,0.05,47,"prot25_income",0,8.09379634429157e-07,0
1,2,0.05,47,"prot25_child",0.5,0.203866750942493,1
1,2,0.05,47,"prot50_male",-0.1,-4.28071179886412e-09,0
1,2,0.05,47,"prot50_age",0,0.0173748820716642,0
1,2,0.05,47,"prot50_income",1,0.464633329391619,1
1,2,0.05,47,"prot50_child",0,0.0054834916794239,0
1,2,0.05,47,"invasive_male",0,3.44842004707535e-09,0
1,2,0.05,47,"invasive_age",0,-0.047481293856547,0
1,2,0.05,47,"invasive_income",-0.3,-0.0645348526534216,1
1,2,0.05,47,"invasive_child",-0.9,-0.508673991563207,1
1,2,0.05,48,"ASC2_male",0.3,0.0533721038330376,1
1,2,0.05,48,"ASC2_age",0,-6.20315710688202e-07,0
1,2,0.05,48,"ASC2_income",-1.1,-0.503646264959266,1
1,2,0.05,48,"ASC2_child",0,-0.0204137598040893,0
1,2,0.05,48,"ASC3_male",0,-2.0289141574655e-07,0
1,2,0.05,48,"ASC3_age",1,0.442565389504524,1
1,2,0.05,48,"ASC3_income",0.7,0.293861873861756,1
1,2,0.05,48,"ASC3_child",0.9,0.350917124595986,1
1,2,0.05,48,"prot25_male",1,0.524103204539253,1
1,2,0.05,48,"prot25_age",0,-0.012329100415801,0
1,2,0.05,48,"prot25_income",0.2,0.0525971077437439,1
1,2,0.05,48,"prot25_child",0,-8.12096490185039e-09,0
1,2,0.05,48,"prot50_male",-0.7,-0.0928646717742063,1
1,2,0.05,48,"prot50_age",0,1.75761003004051e-07,0
1,2,0.05,48,"prot50_income",0,-0.0333548587685805,0
1,2,0.05,48,"prot50_child",0.1,0.0862551185671208,1
1,2,0.05,48,"invasive_male",0,-2.2342350519703e-08,0
1,2,0.05,48,"invasive_age",0,0.00533125258039963,0
1,2,0.05,48,"invasive_income",0.6,0.188826570291502,1
1,2,0.05,48,"invasive_child",0,-0.0446130788561579,0
1,2,0.05,49,"ASC2_male",0,0.00515637876338834,0
1,2,0.05,49,"ASC2_age",0.6,0.222834329445017,1
1,2,0.05,49,"ASC2_income",0,0.0372051178596901,0
1,2,0.05,49,"ASC2_child",0.6,0.2708968093292,1
1,2,0.05,49,"ASC3_male",0,-0.0646839408774892,1
1,2,0.05,49,"ASC3_age",0.5,0.222621768770708,1
1,2,0.05,49,"ASC3_income",-0.2,-0.153331330569557,1
1,2,0.05,49,"ASC3_child",0,-0.0868176613974436,1
1,2,0.05,49,"prot25_male",1,0.433270404575333,1
1,2,0.05,49,"prot25_age",0,0.0602464520958179,1
1,2,0.05,49,"prot25_income",0.8,0.379404493247907,1
1,2,0.05,49,"prot25_child",-1,-0.513981106891836,1
1,2,0.05,49,"prot50_male",0,-0.0998408042038062,1
1,2,0.05,49,"prot50_age",0.7,0.423735660420928,1
1,2,0.05,49,"prot50_income",0,-0.0223210185205451,0
1,2,0.05,49,"prot50_child",-1,-0.414079224377504,1
1,2,0.05,49,"invasive_male",-0.2,-0.156579000710721,1
1,2,0.05,49,"invasive_age",0,0.0248601749848177,0
1,2,0.05,49,"invasive_income",0,0.0316699098825697,0
1,2,0.05,49,"invasive_child",0,-0.0235164112704974,0
1,2,0.05,50,"ASC2_male",0,-1.45390315961555e-08,0
1,2,0.05,50,"ASC2_age",0,-0.0666475831083387,1
1,2,0.05,50,"ASC2_income",0.4,0.203153775741334,1
1,2,0.05,50,"ASC2_child",0.1,-0.102285175394213,1
1,2,0.05,50,"ASC3_male",0,-0.00915092730049242,0
1,2,0.05,50,"ASC3_age",0,-0.0443562763998298,0
1,2,0.05,50,"ASC3_income",0,-0.0238869910914305,0
1,2,0.05,50,"ASC3_child",-0.2,-0.223185612883721,1
1,2,0.05,50,"prot25_male",-0.4,-0.225908004409417,1
1,2,0.05,50,"prot25_age",1.2,0.6517720706241,1
1,2,0.05,50,"prot25_income",-0.6,-0.315879054098716,1
1,2,0.05,50,"prot25_child",0,-3.13644725158772e-08,0
1,2,0.05,50,"prot50_male",1,0.513268530772473,1
1,2,0.05,50,"prot50_age",-0.3,-0.0478457747945265,0
1,2,0.05,50,"prot50_income",0,-0.0367338398515759,0
1,2,0.05,50,"prot50_child",0,0.0835067865697039,1
1,2,0.05,50,"invasive_male",-1,-0.479015243241262,1
1,2,0.05,50,"invasive_age",0.4,0.197148906902712,1
1,2,0.05,50,"invasive_income",0,-0.00936481066088481,0
1,2,0.05,50,"invasive_child",0,-0.00266145928332895,0
1,2,0.05,51,"ASC2_male",1.1,0.406614704553899,1
1,2,0.05,51,"ASC2_age",0,0.00358420438798417,0
1,2,0.05,51,"ASC2_income",-0.5,-0.249437243724128,1
1,2,0.05,51,"ASC2_child",0,-0.0622603773404791,1
1,2,0.05,51,"ASC3_male",0,-0.153414083146799,1
1,2,0.05,51,"ASC3_age",-1,-0.535392614899555,1
1,2,0.05,51,"ASC3_income",-0.5,-0.209335409110167,1
1,2,0.05,51,"ASC3_child",0,-7.77820184404733e-09,0
1,2,0.05,51,"prot25_male",0,0.0303558762598241,0
1,2,0.05,51,"prot25_age",-0.8,-0.380360194547743,1
1,2,0.05,51,"prot25_income",0.9,0.436149928967594,1
1,2,0.05,51,"prot25_child",0.8,0.524978131989128,1
1,2,0.05,51,"prot50_male",-1,-0.412198720303312,1
1,2,0.05,51,"prot50_age",0,8.34788865419772e-07,0
1,2,0.05,51,"prot50_income",0,0.0114621526711252,0
1,2,0.05,51,"prot50_child",0,-0.0734497803051747,1
1,2,0.05,51,"invasive_male",0.9,0.498471394334208,1
1,2,0.05,51,"invasive_age",0,-5.86985608262418e-09,0
1,2,0.05,51,"invasive_income",-0.4,-0.245549277011993,1
1,2,0.05,51,"invasive_child",0,-0.00938947700677235,0
1,2,0.05,52,"ASC2_male",0,-0.0333852793546708,0
1,2,0.05,52,"ASC2_age",0.8,0.408100947490133,1
1,2,0.05,52,"ASC2_income",0,0.117625484301023,1
1,2,0.05,52,"ASC2_child",0,9.16543897665805e-05,0
1,2,0.05,52,"ASC3_male",1.1,0.419322296344643,1
1,2,0.05,52,"ASC3_age",0,0.0632084883286663,1
1,2,0.05,52,"ASC3_income",0.2,0.150415334059984,1
1,2,0.05,52,"ASC3_child",0,0.0267337243732252,0
1,2,0.05,52,"prot25_male",-0.9,-0.313649006749211,1
1,2,0.05,52,"prot25_age",1.1,0.497855725601097,1
1,2,0.05,52,"prot25_income",0,-0.0605038997525652,1
1,2,0.05,52,"prot25_child",-1.1,-0.536926945892436,1
1,2,0.05,52,"prot50_male",0,0.214961704853328,1
1,2,0.05,52,"prot50_age",0,-2.01452814922945e-08,0
1,2,0.05,52,"prot50_income",0.9,0.350753482017063,1
1,2,0.05,52,"prot50_child",-0.2,0.0197623875186709,0
1,2,0.05,52,"invasive_male",0.2,0.239492421689876,1
1,2,0.05,52,"invasive_age",0,-0.0459337221464289,0
1,2,0.05,52,"invasive_income",-0.9,-0.397604189322645,1
1,2,0.05,52,"invasive_child",0,-0.000521861125807084,0
1,2,0.05,53,"ASC2_male",0,-1.32552063361538e-07,0
1,2,0.05,53,"ASC2_age",0,-0.0914166844192888,1
1,2,0.05,53,"ASC2_income",-0.7,-0.335594949316765,1
1,2,0.05,53,"ASC2_child",0.7,0.218396718093928,1
1,2,0.05,53,"ASC3_male",0,-0.0779186206570822,1
1,2,0.05,53,"ASC3_age",-0.4,-0.233932861974939,1
1,2,0.05,53,"ASC3_income",0,0.0715942185128186,1
1,2,0.05,53,"ASC3_child",0,2.40335439010318e-05,0
1,2,0.05,53,"prot25_male",-1.1,-0.546446599434134,1
1,2,0.05,53,"prot25_age",-0.4,-0.109912328443105,1
1,2,0.05,53,"prot25_income",0,-0.0560478911649699,1
1,2,0.05,53,"prot25_child",0,-1.62978386006843e-07,0
1,2,0.05,53,"prot50_male",0,0.100215030844604,1
1,2,0.05,53,"prot50_age",0.4,0.221479545570648,1
1,2,0.05,53,"prot50_income",0,-0.0582707323757879,1
1,2,0.05,53,"prot50_child",0,1.26526876504797e-08,0
1,2,0.05,53,"invasive_male",-1.1,-0.439432342276527,1
1,2,0.05,53,"invasive_age",0.4,0.0583908618322179,1
1,2,0.05,53,"invasive_income",-0.4,-0.276077258889185,1
1,2,0.05,53,"invasive_child",0.5,0.156500934140384,1
1,2,0.05,54,"ASC2_male",-1,-0.370527415729572,1
1,2,0.05,54,"ASC2_age",0.5,0.231546801766,1
1,2,0.05,54,"ASC2_income",0,-1.26241330691505e-08,0
1,2,0.05,54,"ASC2_child",0.2,0.0604275938290668,1
1,2,0.05,54,"ASC3_male",0.5,0.200163133595501,1
1,2,0.05,54,"ASC3_age",-0.2,-0.0466030166791987,0
1,2,0.05,54,"ASC3_income",0,-6.76720270280451e-09,0
1,2,0.05,54,"ASC3_child",0,-4.03399240100987e-08,0
1,2,0.05,54,"prot25_male",0,-1.03340203695183e-08,0
1,2,0.05,54,"prot25_age",0,-2.07800508183094e-08,0
1,2,0.05,54,"prot25_income",0.3,0.14806681733689,1
1,2,0.05,54,"prot25_child",0,0.0368975137446232,0
1,2,0.05,54,"prot50_male",0,1.77279990769198e-08,0
1,2,0.05,54,"prot50_age",0.9,0.43077536599189,1
1,2,0.05,54,"prot50_income",0,9.63235058038795e-09,0
1,2,0.05,54,"prot50_child",-0.4,-0.161175538891553,1
1,2,0.05,54,"invasive_male",0,0.137173213345946,1
1,2,0.05,54,"invasive_age",0.9,0.423093773987903,1
1,2,0.05,54,"invasive_income",-0.4,-0.148446868947567,1
1,2,0.05,54,"invasive_child",0,-1.39107808623644e-08,0
1,2,0.05,55,"ASC2_male",0.9,0.368265719179105,1
1,2,0.05,55,"ASC2_age",0,-0.0191586508082601,0
1,2,0.05,55,"ASC2_income",0,6.8377236692919e-08,0
1,2,0.05,55,"ASC2_child",0.9,0.380644910348352,1
1,2,0.05,55,"ASC3_male",0,-0.00647503810294393,0
1,2,0.05,55,"ASC3_age",0,-0.0700898888431124,1
1,2,0.05,55,"ASC3_income",0,0.0867443166528659,1
1,2,0.05,55,"ASC3_child",-1,-0.595827577564618,1
1,2,0.05,55,"prot25_male",-0.9,-0.276644154662818,1
1,2,0.05,55,"prot25_age",-0.6,-0.203207857117373,1
1,2,0.05,55,"prot25_income",0,-0.0729150700617132,1
1,2,0.05,55,"prot25_child",-0.3,0.0619497900573094,1
1,2,0.05,55,"prot50_male",-0.9,-0.199025539873404,1
1,2,0.05,55,"prot50_age",0,-2.01739492375685e-08,0
1,2,0.05,55,"prot50_income",1.1,0.472149878096095,1
1,2,0.05,55,"prot50_child",0,0.114293492801898,1
1,2,0.05,55,"invasive_male",0.8,0.425709024534455,1
1,2,0.05,55,"invasive_age",-0.8,-0.403288291490293,1
1,2,0.05,55,"invasive_income",0,-0.059946362688416,1
1,2,0.05,55,"invasive_child",0,0.0655760972777285,1
1,2,0.05,56,"ASC2_male",0,-0.00189694769794211,0
1,2,0.05,56,"ASC2_age",1.1,0.515649474627302,1
1,2,0.05,56,"ASC2_income",0,0.0157236527958932,0
1,2,0.05,56,"ASC2_child",0,0.161988901929777,1
1,2,0.05,56,"ASC3_male",0,0.0276383439136979,0
1,2,0.05,56,"ASC3_age",-1,-0.557264957416527,1
1,2,0.05,56,"ASC3_income",0.8,0.403272183886926,1
1,2,0.05,56,"ASC3_child",0,-4.59669745583657e-08,0
1,2,0.05,56,"prot25_male",0,-0.0788857443372569,1
1,2,0.05,56,"prot25_age",0.9,0.441569625285132,1
1,2,0.05,56,"prot25_income",0,-0.0389046845079425,0
1,2,0.05,56,"prot25_child",0,0.0626318558481683,1
1,2,0.05,56,"prot50_male",0.5,0.218896388863732,1
1,2,0.05,56,"prot50_age",0,-0.0222414056923587,0
1,2,0.05,56,"prot50_income",-0.8,-0.468777810436632,1
1,2,0.05,56,"prot50_child",-0.4,-0.150879636376335,1
1,2,0.05,56,"invasive_male",0,-0.00847203981387985,0
1,2,0.05,56,"invasive_age",0.7,0.283890820420266,1
1,2,0.05,56,"invasive_income",1.1,0.517121517411845,1
1,2,0.05,56,"invasive_child",0.3,0.190239381198238,1
1,2,0.05,57,"ASC2_male",0,-0.107165000400457,1
1,2,0.05,57,"ASC2_age",0,-0.056895621643613,1
1,2,0.05,57,"ASC2_income",1,0.599482507749901,1
1,2,0.05,57,"ASC2_child",1.1,0.418588532382877,1
1,2,0.05,57,"ASC3_male",0,0.0267753563773996,0
1,2,0.05,57,"ASC3_age",0.9,0.430359386870581,1
1,2,0.05,57,"ASC3_income",0,0.0347244472456936,0
1,2,0.05,57,"ASC3_child",0,-0.0630407929156455,1
1,2,0.05,57,"prot25_male",0.1,0.112549712428918,1
1,2,0.05,57,"prot25_age",0,0.0200658812411585,0
1,2,0.05,57,"prot25_income",0,-0.0625032758120624,1
1,2,0.05,57,"prot25_child",-0.4,-0.136335920275781,1
1,2,0.05,57,"prot50_male",1,0.548366621540499,1
1,2,0.05,57,"prot50_age",-0.9,-0.408424983734157,1
1,2,0.05,57,"prot50_income",0,-0.00246688652526095,0
1,2,0.05,57,"prot50_child",-0.2,-0.0475108370664589,0
1,2,0.05,57,"invasive_male",-0.4,-0.0925732686114966,1
1,2,0.05,57,"invasive_age",1,0.470020620472383,1
1,2,0.05,57,"invasive_income",0,0.00512262978965494,0
1,2,0.05,57,"invasive_child",0,-0.0221137019872073,0
1,2,0.05,58,"ASC2_male",0,2.02905230676594e-08,0
1,2,0.05,58,"ASC2_age",-0.4,-0.127691753629189,1
1,2,0.05,58,"ASC2_income",1.1,0.492391380597232,1
1,2,0.05,58,"ASC2_child",0.4,0.106596605141741,1
1,2,0.05,58,"ASC3_male",0,-3.15262138209369e-08,0
1,2,0.05,58,"ASC3_age",-0.6,-0.195983689862579,1
1,2,0.05,58,"ASC3_income",0,0.0212603336859632,0
1,2,0.05,58,"ASC3_child",0,-0.0728120730208352,1
1,2,0.05,58,"prot25_male",0.2,3.85897835275764e-08,0
1,2,0.05,58,"prot25_age",0,1.10867348203507e-07,0
1,2,0.05,58,"prot25_income",0,0.035493151927489,0
1,2,0.05,58,"prot25_child",-0.4,-2.29799170077463e-07,0
1,2,0.05,58,"prot50_male",0.6,0.19271712089532,1
1,2,0.05,58,"prot50_age",0,-0.03855769986041,0
1,2,0.05,58,"prot50_income",0,-1.11353128131083e-09,0
1,2,0.05,58,"prot50_child",-0.7,-0.0336680446006527,0
1,2,0.05,58,"invasive_male",-1,-0.494316544079486,1
1,2,0.05,58,"invasive_age",0.8,0.4048930035474,1
1,2,0.05,58,"invasive_income",0,0.0176360572588129,0
1,2,0.05,58,"invasive_child",0,-7.7502152411038e-08,0
1,2,0.05,59,"ASC2_male",1.2,0.49276756293675,1
1,2,0.05,59,"ASC2_age",1.1,0.508566999007045,1
1,2,0.05,59,"ASC2_income",0,-1.2005927704432e-08,0
1,2,0.05,59,"ASC2_child",0.2,0.0128321674676054,0
1,2,0.05,59,"ASC3_male",0,1.44922842700889e-09,0
1,2,0.05,59,"ASC3_age",1,0.476289472316382,1
1,2,0.05,59,"ASC3_income",0,-6.2527401794563e-09,0
1,2,0.05,59,"ASC3_child",0,-0.0469705888283069,0
1,2,0.05,59,"prot25_male",0.3,0.0560561771768692,1
1,2,0.05,59,"prot25_age",0,0.0706271491369287,1
1,2,0.05,59,"prot25_income",0.4,0.155050490345466,1
1,2,0.05,59,"prot25_child",0.3,0.164472971959826,1
1,2,0.05,59,"prot50_male",0,1.83126028185344e-09,0
1,2,0.05,59,"prot50_age",0,0.0102212452231825,0
1,2,0.05,59,"prot50_income",1,0.447658698314751,1
1,2,0.05,59,"prot50_child",0.9,0.3413852140526,1
1,2,0.05,59,"invasive_male",0,3.73454879988385e-09,0
1,2,0.05,59,"invasive_age",0,0.00631501867780474,0
1,2,0.05,59,"invasive_income",0,-1.66091335253843e-08,0
1,2,0.05,59,"invasive_child",-0.6,-0.317512947640658,1
1,2,0.05,60,"ASC2_male",-1,-0.428624145921216,1
1,2,0.05,60,"ASC2_age",-0.1,0.031748440741054,0
1,2,0.05,60,"ASC2_income",0,0.0304648922870332,0
1,2,0.05,60,"ASC2_child",-0.4,-0.0734868515271149,1
1,2,0.05,60,"ASC3_male",-1.1,-0.374350816217472,1
1,2,0.05,60,"ASC3_age",0,0.0558804515061116,1
1,2,0.05,60,"ASC3_income",0,-0.00315203384350036,0
1,2,0.05,60,"ASC3_child",1.2,0.707745913274979,1
1,2,0.05,60,"prot25_male",-1.1,-0.600619532535567,1
1,2,0.05,60,"prot25_age",-0.8,-0.389532588437044,1
1,2,0.05,60,"prot25_income",0,-0.0416406032768753,0
1,2,0.05,60,"prot25_child",0,-0.219846055912652,1
1,2,0.05,60,"prot50_male",-0.4,-0.199957113531758,1
1,2,0.05,60,"prot50_age",0,-0.00267062248273323,0
1,2,0.05,60,"prot50_income",0,-0.0416421807430655,0
1,2,0.05,60,"prot50_child",0,-0.122506791741063,1
1,2,0.05,60,"invasive_male",1.1,0.580011999710499,1
1,2,0.05,60,"invasive_age",0,0.10479476880709,1
1,2,0.05,60,"invasive_income",0,0.0218861106429504,0
1,2,0.05,60,"invasive_child",-0.4,-0.0885870245698932,1
1,2,0.05,61,"ASC2_male",-0.6,-0.31525784213042,1
1,2,0.05,61,"ASC2_age",0,-6.56763802234234e-06,0
1,2,0.05,61,"ASC2_income",0.3,0.130977075571572,1
1,2,0.05,61,"ASC2_child",0.8,0.163293213023754,1
1,2,0.05,61,"ASC3_male",0.5,0.125499494514727,1
1,2,0.05,61,"ASC3_age",0,-1.30051296548257e-07,0
1,2,0.05,61,"ASC3_income",0,-3.12779999786451e-07,0
1,2,0.05,61,"ASC3_child",0,-0.0682003713198499,1
1,2,0.05,61,"prot25_male",0,0.0211661441288331,0
1,2,0.05,61,"prot25_age",-0.6,-0.29747132885971,1
1,2,0.05,61,"prot25_income",0,-7.2439987011036e-10,0
1,2,0.05,61,"prot25_child",0,-3.43898213376106e-09,0
1,2,0.05,61,"prot50_male",0,-1.73519564656979e-10,0
1,2,0.05,61,"prot50_age",-0.4,-0.156008529409777,1
1,2,0.05,61,"prot50_income",0,-7.58432472755705e-09,0
1,2,0.05,61,"prot50_child",-0.7,-0.350841034226566,1
1,2,0.05,61,"invasive_male",0,-0.03865858428082,0
1,2,0.05,61,"invasive_age",1.1,0.487957205976038,1
1,2,0.05,61,"invasive_income",1,0.425501515774853,1
1,2,0.05,61,"invasive_child",0.5,0.192768302384113,1
1,2,0.05,62,"ASC2_male",0,-0.0860834416902719,1
1,2,0.05,62,"ASC2_age",-1,-0.475129256015174,1
1,2,0.05,62,"ASC2_income",-0.6,-0.258817790706259,1
1,2,0.05,62,"ASC2_child",0,2.44042169821578e-05,0
1,2,0.05,62,"ASC3_male",0,-0.138325961408285,1
1,2,0.05,62,"ASC3_age",0,0.024100084658675,0
1,2,0.05,62,"ASC3_income",0.3,0.166223315931798,1
1,2,0.05,62,"ASC3_child",-0.1,-2.70815998157936e-08,0
1,2,0.05,62,"prot25_male",0,0.0223561512928389,0
1,2,0.05,62,"prot25_age",-0.9,-0.456704985949739,1
1,2,0.05,62,"prot25_income",0.5,0.219853159602188,1
1,2,0.05,62,"prot25_child",0.5,0.148490605934269,1
1,2,0.05,62,"prot50_male",-0.8,-0.458016328431566,1
1,2,0.05,62,"prot50_age",0,-0.103377216772099,1
1,2,0.05,62,"prot50_income",0,-2.62604024841643e-05,0
1,2,0.05,62,"prot50_child",1.2,0.451452659099186,1
1,2,0.05,62,"invasive_male",0.3,-1.4575441998715e-07,0
1,2,0.05,62,"invasive_age",0,-0.0305539346260604,0
1,2,0.05,62,"invasive_income",0,0.0677057135919023,1
1,2,0.05,62,"invasive_child",0,2.07768945968648e-05,0
1,2,0.05,63,"ASC2_male",0.9,0.251469753560269,1
1,2,0.05,63,"ASC2_age",-0.1,0.0689289511899538,1
1,2,0.05,63,"ASC2_income",0,-0.0447803905418364,0
1,2,0.05,63,"ASC2_child",0.1,-2.00334854605641e-07,0
1,2,0.05,63,"ASC3_male",0.4,-5.72445429843778e-09,0
1,2,0.05,63,"ASC3_age",-0.7,-0.278505289513102,1
1,2,0.05,63,"ASC3_income",0,-0.0360117458569461,0
1,2,0.05,63,"ASC3_child",0,-7.66340984556637e-09,0
1,2,0.05,63,"prot25_male",0,0.171994402289049,1
1,2,0.05,63,"prot25_age",0,-0.0361302947264912,0
1,2,0.05,63,"prot25_income",-0.2,-0.10117608519868,1
1,2,0.05,63,"prot25_child",0,0.0361593657275995,0
1,2,0.05,63,"prot50_male",0,0.0273599017510747,0
1,2,0.05,63,"prot50_age",1,0.481300058679786,1
1,2,0.05,63,"prot50_income",0,-0.00130129544377467,0
1,2,0.05,63,"prot50_child",-0.2,-0.0359602971711009,0
1,2,0.05,63,"invasive_male",0,-0.100381143349411,1
1,2,0.05,63,"invasive_age",-0.5,-0.210638598976211,1
1,2,0.05,63,"invasive_income",0,-0.0334423270282839,0
1,2,0.05,63,"invasive_child",-0.6,-0.399114907527093,1
1,2,0.05,64,"ASC2_male",0,-7.04562831941314e-11,0
1,2,0.05,64,"ASC2_age",0,-1.05340736555391e-08,0
1,2,0.05,64,"ASC2_income",1.1,0.53601091589426,1
1,2,0.05,64,"ASC2_child",0.5,0.283257538918288,1
1,2,0.05,64,"ASC3_male",0,-0.0631064070144529,1
1,2,0.05,64,"ASC3_age",0,-0.0335271965202256,0
1,2,0.05,64,"ASC3_income",1.1,0.463792003672906,1
1,2,0.05,64,"ASC3_child",0,-9.08215012800993e-09,0
1,2,0.05,64,"prot25_male",0,-0.0453819657315321,0
1,2,0.05,64,"prot25_age",-1.1,-0.502704248340595,1
1,2,0.05,64,"prot25_income",-0.7,-0.341521693348323,1
1,2,0.05,64,"prot25_child",-0.8,-0.391370389094244,1
1,2,0.05,64,"prot50_male",0,0.0443040916065472,0
1,2,0.05,64,"prot50_age",0.9,0.412927232975883,1
1,2,0.05,64,"prot50_income",-0.5,-0.217534214474165,1
1,2,0.05,64,"prot50_child",0,0.034687747154307,0
1,2,0.05,64,"invasive_male",0,0.100309392114692,1
1,2,0.05,64,"invasive_age",-1.1,-0.520936903599104,1
1,2,0.05,64,"invasive_income",0.3,0.123156492417521,1
1,2,0.05,64,"invasive_child",0,-0.0763178540041975,1
1,2,0.05,65,"ASC2_male",0,-1.85573301347719e-09,0
1,2,0.05,65,"ASC2_age",0,-3.41157477320656e-09,0
1,2,0.05,65,"ASC2_income",-0.7,-0.254331212191132,1
1,2,0.05,65,"ASC2_child",0,-7.4268331159531e-08,0
1,2,0.05,65,"ASC3_male",0,-5.39680492474695e-08,0
1,2,0.05,65,"ASC3_age",-0.9,-0.418439778657348,1
1,2,0.05,65,"ASC3_income",0,0.0491189062901676,0
1,2,0.05,65,"ASC3_child",0,-0.0609034072103216,1
1,2,0.05,65,"prot25_male",0.1,0.0449444244267902,0
1,2,0.05,65,"prot25_age",-0.8,-0.378486987829928,1
1,2,0.05,65,"prot25_income",0.9,0.331727505966483,1
1,2,0.05,65,"prot25_child",0,0.0860160042456676,1
1,2,0.05,65,"prot50_male",0.8,0.472263261019005,1
1,2,0.05,65,"prot50_age",1.1,0.531451844805255,1
1,2,0.05,65,"prot50_income",-1,-0.560563979137879,1
1,2,0.05,65,"prot50_child",-1.2,-0.401276014736843,1
1,2,0.05,65,"invasive_male",0,-1.18524019770777e-07,0
1,2,0.05,65,"invasive_age",0,0.00725599549482313,0
1,2,0.05,65,"invasive_income",-1,-0.433881964299646,1
1,2,0.05,65,"invasive_child",0,0.000671742964379577,0
1,2,0.05,66,"ASC2_male",0.9,0.496453685765963,1
1,2,0.05,66,"ASC2_age",0.9,0.461892327002463,1
1,2,0.05,66,"ASC2_income",0,0.0539542878253553,1
1,2,0.05,66,"ASC2_child",0,0.0542663679102455,1
1,2,0.05,66,"ASC3_male",-0.6,-0.387435381201759,1
1,2,0.05,66,"ASC3_age",0,0.0281897848149213,0
1,2,0.05,66,"ASC3_income",-1.2,-0.553999214458154,1
1,2,0.05,66,"ASC3_child",0,0.00896844743499759,0
1,2,0.05,66,"prot25_male",0,0.0119027394318532,0
1,2,0.05,66,"prot25_age",-0.4,-0.215706329229157,1
1,2,0.05,66,"prot25_income",-0.4,-0.325614089731667,1
1,2,0.05,66,"prot25_child",0,-0.07173043249402,1
1,2,0.05,66,"prot50_male",0,0.0913406468760764,1
1,2,0.05,66,"prot50_age",0,-0.0522025593471704,1
1,2,0.05,66,"prot50_income",0.2,0.00691897378203892,0
1,2,0.05,66,"prot50_child",-0.7,-0.524176983392751,1
1,2,0.05,66,"invasive_male",0.5,0.189952178127646,1
1,2,0.05,66,"invasive_age",0.9,0.47901944200779,1
1,2,0.05,66,"invasive_income",0,-0.0258848447381877,0
1,2,0.05,66,"invasive_child",0,-0.0835859916237836,1
1,2,0.05,67,"ASC2_male",0,0.0249164486890397,0
1,2,0.05,67,"ASC2_age",-1.1,-0.578269564644033,1
1,2,0.05,67,"ASC2_income",0.6,0.346405760304241,1
1,2,0.05,67,"ASC2_child",0.3,0.0311273119400217,0
1,2,0.05,67,"ASC3_male",0,-1.41146861866267e-08,0
1,2,0.05,67,"ASC3_age",0,-0.0489679577183437,0
1,2,0.05,67,"ASC3_income",0.7,0.345792050162805,1
1,2,0.05,67,"ASC3_child",0,-0.0844087322580614,1
1,2,0.05,67,"prot25_male",0.9,0.407710624030405,1
1,2,0.05,67,"prot25_age",0.5,0.277679915896819,1
1,2,0.05,67,"prot25_income",-0.8,-0.502278934176384,1
1,2,0.05,67,"prot25_child",0,0.151441697045729,1
1,2,0.05,67,"prot50_male",-0.7,-0.403711585612645,1
1,2,0.05,67,"prot50_age",0,0.0307206907320166,0
1,2,0.05,67,"prot50_income",-0.2,-0.153002502515234,1
1,2,0.05,67,"prot50_child",0,0.0143627033585685,0
1,2,0.05,67,"invasive_male",0,-4.43452754595468e-09,0
1,2,0.05,67,"invasive_age",0,-0.0373431142492154,0
1,2,0.05,67,"invasive_income",0,0.0229496979975872,0
1,2,0.05,67,"invasive_child",0.9,0.250919115710754,1
1,2,0.05,68,"ASC2_male",0.3,1.23248848537069e-06,0
1,2,0.05,68,"ASC2_age",0.9,0.367147886541582,1
1,2,0.05,68,"ASC2_income",-1,-0.475775226632737,1
1,2,0.05,68,"ASC2_child",0.1,-8.52606966545488e-09,0
1,2,0.05,68,"ASC3_male",0,-2.90379897546055e-09,0
1,2,0.05,68,"ASC3_age",0.7,0.233940097923929,1
1,2,0.05,68,"ASC3_income",0,-2.20324573477417e-08,0
1,2,0.05,68,"ASC3_child",-0.4,-0.234201431056265,1
1,2,0.05,68,"prot25_male",0,0.0923196128751831,1
1,2,0.05,68,"prot25_age",0,0.0480077721333596,0
1,2,0.05,68,"prot25_income",0,0.00215916880077143,0
1,2,0.05,68,"prot25_child",-0.6,-0.118939164795375,1
1,2,0.05,68,"prot50_male",0,0.0663831226907074,1
1,2,0.05,68,"prot50_age",0.1,-2.50919159378558e-09,0
1,2,0.05,68,"prot50_income",0,2.60407953721462e-08,0
1,2,0.05,68,"prot50_child",0,-3.35365290062138e-07,0
1,2,0.05,68,"invasive_male",0,-0.0390546193477665,0
1,2,0.05,68,"invasive_age",0,-0.14234568607375,1
1,2,0.05,68,"invasive_income",0.5,0.277385736173619,1
1,2,0.05,68,"invasive_child",0.3,0.00586889289138928,0
1,2,0.05,69,"ASC2_male",0,-0.0936850175010229,1
1,2,0.05,69,"ASC2_age",0,-0.0412732524091856,0
1,2,0.05,69,"ASC2_income",-0.9,-0.351391960381413,1
1,2,0.05,69,"ASC2_child",0,1.96240763749098e-07,0
1,2,0.05,69,"ASC3_male",0.8,0.291625033950199,1
1,2,0.05,69,"ASC3_age",0,-0.0483799059554903,0
1,2,0.05,69,"ASC3_income",0,-7.09499567360862e-09,0
1,2,0.05,69,"ASC3_child",0,-1.1519251690567e-08,0
1,2,0.05,69,"prot25_male",-0.4,-0.0707689808149755,1
1,2,0.05,69,"prot25_age",-0.8,-0.389794392224465,1
1,2,0.05,69,"prot25_income",0,-0.0225160117395367,0
1,2,0.05,69,"prot25_child",1.2,0.696190431406297,1
1,2,0.05,69,"prot50_male",0,0.0451961770872701,0
1,2,0.05,69,"prot50_age",-0.7,-0.355816774718,1
1,2,0.05,69,"prot50_income",0,-0.0108274368486713,0
1,2,0.05,69,"prot50_child",-0.6,-0.150093295537632,1
1,2,0.05,69,"invasive_male",-1.1,-0.530247600695772,1
1,2,0.05,69,"invasive_age",0.5,0.232445128770016,1
1,2,0.05,69,"invasive_income",-0.9,-0.396058402081286,1
1,2,0.05,69,"invasive_child",0,-6.22514432017892e-09,0
1,2,0.05,70,"ASC2_male",0,-0.0267394355639511,0
1,2,0.05,70,"ASC2_age",-1,-0.554385249496212,1
1,2,0.05,70,"ASC2_income",1.2,0.491085701798438,1
1,2,0.05,70,"ASC2_child",0.3,0.077712503009526,1
1,2,0.05,70,"ASC3_male",0,0.116291774261355,1
1,2,0.05,70,"ASC3_age",-0.9,-0.499476845090362,1
1,2,0.05,70,"ASC3_income",0,-0.132335029677568,1
1,2,0.05,70,"ASC3_child",0,-0.115788531977216,1
1,2,0.05,70,"prot25_male",0,0.0165829536094107,0
1,2,0.05,70,"prot25_age",0.2,0.188026756702147,1
1,2,0.05,70,"prot25_income",0,0.104878037430874,1
1,2,0.05,70,"prot25_child",-0.7,-0.20247141396976,1
1,2,0.05,70,"prot50_male",0,-0.0495310155688055,0
1,2,0.05,70,"prot50_age",0,0.0579647847367372,1
1,2,0.05,70,"prot50_income",-0.7,-0.301596741223935,1
1,2,0.05,70,"prot50_child",0,1.31593959822754e-11,0
1,2,0.05,70,"invasive_male",-0.3,-0.126591453257735,1
1,2,0.05,70,"invasive_age",0,0.000374794781132923,0
1,2,0.05,70,"invasive_income",-0.7,-0.365315632249355,1
1,2,0.05,70,"invasive_child",-0.6,-0.436141206920563,1
1,2,0.05,71,"ASC2_male",-1.1,-0.59169430540425,1
1,2,0.05,71,"ASC2_age",0,0.00597453937353791,0
1,2,0.05,71,"ASC2_income",0,-0.0186141762681848,0
1,2,0.05,71,"ASC2_child",-0.4,-0.237268479981573,1
1,2,0.05,71,"ASC3_male",0,-0.134902633775203,1
1,2,0.05,71,"ASC3_age",0,-0.0122395091452225,0
1,2,0.05,71,"ASC3_income",-0.5,-0.190222793136262,1
1,2,0.05,71,"ASC3_child",-0.6,-0.371525996037983,1
1,2,0.05,71,"prot25_male",0,-2.24098966571521e-07,0
1,2,0.05,71,"prot25_age",0,-0.0134887163467978,0
1,2,0.05,71,"prot25_income",0,-0.0562991256440593,1
1,2,0.05,71,"prot25_child",0.2,0.0377014609620295,0
1,2,0.05,71,"prot50_male",-0.5,-0.306864064477364,1
1,2,0.05,71,"prot50_age",0.2,0.185130899157577,1
1,2,0.05,71,"prot50_income",-1.1,-0.597055069888856,1
1,2,0.05,71,"prot50_child",0,0.0893939862951226,1
1,2,0.05,71,"invasive_male",0.9,0.293087125376685,1
1,2,0.05,71,"invasive_age",1.2,0.651308784195361,1
1,2,0.05,71,"invasive_income",0,-0.0566647495265166,1
1,2,0.05,71,"invasive_child",0,-5.10118763369116e-08,0
1,2,0.05,72,"ASC2_male",0,-0.048772635375577,0
1,2,0.05,72,"ASC2_age",0,-0.0242938257011046,0
1,2,0.05,72,"ASC2_income",0.2,0.0331615007279847,0
1,2,0.05,72,"ASC2_child",0.1,0.0550912093337917,1
1,2,0.05,72,"ASC3_male",0,-0.064082280084381,1
1,2,0.05,72,"ASC3_age",0.7,0.355927778742927,1
1,2,0.05,72,"ASC3_income",0,-0.0327733608948267,0
1,2,0.05,72,"ASC3_child",0,0.00792760493403421,0
1,2,0.05,72,"prot25_male",-0.2,-1.18694413199719e-09,0
1,2,0.05,72,"prot25_age",-1.1,-0.567498857639579,1
1,2,0.05,72,"prot25_income",0,0.0208388633245616,0
1,2,0.05,72,"prot25_child",0,0.00197633140582004,0
1,2,0.05,72,"prot50_male",0.5,0.203624651824763,1
1,2,0.05,72,"prot50_age",0,-0.0517572912474098,1
1,2,0.05,72,"prot50_income",0,0.0105463423224212,0
1,2,0.05,72,"prot50_child",0.1,0.124778931975584,1
1,2,0.05,72,"invasive_male",0,-0.186102665237363,1
1,2,0.05,72,"invasive_age",0.3,0.162054576025944,1
1,2,0.05,72,"invasive_income",0.4,0.260612434729395,1
1,2,0.05,72,"invasive_child",-0.4,-0.234282107625183,1
1,2,0.05,73,"ASC2_male",0,-1.10848405019266e-10,0
1,2,0.05,73,"ASC2_age",0,0.200829196961838,1
1,2,0.05,73,"ASC2_income",0,-3.22327838623478e-08,0
1,2,0.05,73,"ASC2_child",0.9,0.420490051988452,1
1,2,0.05,73,"ASC3_male",0,-1.09511485997889e-08,0
1,2,0.05,73,"ASC3_age",-0.7,-0.149429730196679,1
1,2,0.05,73,"ASC3_income",0,0.00591427356155903,0
1,2,0.05,73,"ASC3_child",0,-1.32072155651292e-08,0
1,2,0.05,73,"prot25_male",-0.5,-0.199900806146823,1
1,2,0.05,73,"prot25_age",1,0.301841180417051,1
1,2,0.05,73,"prot25_income",0,-0.0123565704356228,0
1,2,0.05,73,"prot25_child",0,-5.97524183933269e-10,0
1,2,0.05,73,"prot50_male",0.6,0.284712655644015,1
1,2,0.05,73,"prot50_age",0.8,0.265690269501098,1
1,2,0.05,73,"prot50_income",1.2,0.622850647786004,1
1,2,0.05,73,"prot50_child",0.9,0.385853824788265,1
1,2,0.05,73,"invasive_male",0,-3.39731768875868e-10,0
1,2,0.05,73,"invasive_age",-1.2,-0.50009447131145,1
1,2,0.05,73,"invasive_income",0,-6.52233355945e-11,0
1,2,0.05,73,"invasive_child",1.1,0.491476001129575,1
1,2,0.05,74,"ASC2_male",0,-0.00609715208940678,0
1,2,0.05,74,"ASC2_age",0,0.0146826886663671,0
1,2,0.05,74,"ASC2_income",-0.5,-0.213621228936866,1
1,2,0.05,74,"ASC2_child",0,-9.07946848748054e-09,0
1,2,0.05,74,"ASC3_male",0.2,0.0988529096716157,1
1,2,0.05,74,"ASC3_age",0,6.38401877233101e-09,0
1,2,0.05,74,"ASC3_income",1,0.551988380440036,1
1,2,0.05,74,"ASC3_child",-0.8,-0.44600733184727,1
1,2,0.05,74,"prot25_male",-1.1,-0.535926510180818,1
1,2,0.05,74,"prot25_age",-0.7,-0.314858286332818,1
1,2,0.05,74,"prot25_income",0.8,0.338795537387342,1
1,2,0.05,74,"prot25_child",0,-3.74011036788252e-09,0
1,2,0.05,74,"prot50_male",0.5,0.35745815270412,1
1,2,0.05,74,"prot50_age",0,-0.00655991044180058,0
1,2,0.05,74,"prot50_income",-0.2,-0.212734642390752,1
1,2,0.05,74,"prot50_child",0,2.26320021552427e-08,0
1,2,0.05,74,"invasive_male",0,-0.0664926183911197,1
1,2,0.05,74,"invasive_age",0,0.0281424623588706,0
1,2,0.05,74,"invasive_income",0,-7.64880509351462e-09,0
1,2,0.05,74,"invasive_child",1.1,0.456146837625708,1
1,2,0.05,75,"ASC2_male",0,-0.111032802970571,1
1,2,0.05,75,"ASC2_age",0,-0.00341348752022326,0
1,2,0.05,75,"ASC2_income",-0.1,-7.42852102058119e-09,0
1,2,0.05,75,"ASC2_child",0,-1.16811455026104e-08,0
1,2,0.05,75,"ASC3_male",0,-1.01669617724233e-08,0
1,2,0.05,75,"ASC3_age",-0.8,-0.389528825746932,1
1,2,0.05,75,"ASC3_income",0,-5.80141185879676e-08,0
1,2,0.05,75,"ASC3_child",0.3,0.11707199496976,1
1,2,0.05,75,"prot25_male",0,-1.41902041890661e-08,0
1,2,0.05,75,"prot25_age",0,-0.0311115798542795,0
1,2,0.05,75,"prot25_income",-0.5,-0.227296855522766,1
1,2,0.05,75,"prot25_child",0.6,0.1540197905909,1
1,2,0.05,75,"prot50_male",0,0.0129199673725942,0
1,2,0.05,75,"prot50_age",0,3.4601563262496e-10,0
1,2,0.05,75,"prot50_income",-0.5,-0.286038224118586,1
1,2,0.05,75,"prot50_child",0,-5.32744137248811e-09,0
1,2,0.05,75,"invasive_male",-0.9,-0.500673814635971,1
1,2,0.05,75,"invasive_age",-0.1,-0.0646983667080529,1
1,2,0.05,75,"invasive_income",1.1,0.539145995893328,1
1,2,0.05,75,"invasive_child",0.1,-9.04831309997576e-09,0
1,2,0.05,76,"ASC2_male",0,-0.15342907174183,1
1,2,0.05,76,"ASC2_age",-0.8,-0.382504876454187,1
1,2,0.05,76,"ASC2_income",-0.8,-0.364071967860481,1
1,2,0.05,76,"ASC2_child",0,-1.04022193220244e-08,0
1,2,0.05,76,"ASC3_male",1,0.241962108449609,1
1,2,0.05,76,"ASC3_age",0.2,0.0869279245592648,1
1,2,0.05,76,"ASC3_income",0.7,0.34657652709625,1
1,2,0.05,76,"ASC3_child",0,6.23790951464729e-08,0
1,2,0.05,76,"prot25_male",1,0.682275974557169,1
1,2,0.05,76,"prot25_age",-0.4,-0.194325818979498,1
1,2,0.05,76,"prot25_income",0,-5.7962755818468e-10,0
1,2,0.05,76,"prot25_child",0,-1.45025473166946e-08,0
1,2,0.05,76,"prot50_male",-1.1,-0.240588412391479,1
1,2,0.05,76,"prot50_age",0,-9.01218044233004e-09,0
1,2,0.05,76,"prot50_income",0,-1.26189214822913e-08,0
1,2,0.05,76,"prot50_child",0,4.62451279548198e-06,0
1,2,0.05,76,"invasive_male",0.5,0.268200230349841,1
1,2,0.05,76,"invasive_age",0,-1.1226787036556e-08,0
1,2,0.05,76,"invasive_income",0,-3.99096207618433e-10,0
1,2,0.05,76,"invasive_child",-1.2,-0.472019588801686,1
1,2,0.05,77,"ASC2_male",0.4,0.0776338783099383,1
1,2,0.05,77,"ASC2_age",0,0.0713416239460694,1
1,2,0.05,77,"ASC2_income",0,0.0779427845154026,1
1,2,0.05,77,"ASC2_child",-1.1,-0.553210930852832,1
1,2,0.05,77,"ASC3_male",0,-0.197034577357416,1
1,2,0.05,77,"ASC3_age",0,0.0929675721877206,1
1,2,0.05,77,"ASC3_income",-1.1,-0.48376339196257,1
1,2,0.05,77,"ASC3_child",0.7,0.373013123164272,1
1,2,0.05,77,"prot25_male",-0.1,0.0269895154719233,0
1,2,0.05,77,"prot25_age",0,-0.0348328303413251,0
1,2,0.05,77,"prot25_income",0.8,0.287422454730838,1
1,2,0.05,77,"prot25_child",-0.7,-0.275007109524435,1
1,2,0.05,77,"prot50_male",0,0.171867963317826,1
1,2,0.05,77,"prot50_age",0.4,0.202636836696274,1
1,2,0.05,77,"prot50_income",0.8,0.31794397799167,1
1,2,0.05,77,"prot50_child",0,-0.0276442665720011,0
1,2,0.05,77,"invasive_male",0,-8.71055142347622e-08,0
1,2,0.05,77,"invasive_age",0,1.27500346872555e-08,0
1,2,0.05,77,"invasive_income",0,-1.14521146739566e-08,0
1,2,0.05,77,"invasive_child",0.9,0.31431061747282,1
1,2,0.05,78,"ASC2_male",-0.6,-0.323396725962753,1
1,2,0.05,78,"ASC2_age",0,0.00681672843846456,0
1,2,0.05,78,"ASC2_income",0,-0.0535487988735615,1
1,2,0.05,78,"ASC2_child",0,-0.0357585697180805,0
1,2,0.05,78,"ASC3_male",-1.2,-0.487945373896497,1
1,2,0.05,78,"ASC3_age",-0.7,-0.385610316649976,1
1,2,0.05,78,"ASC3_income",0,-0.0344948706039555,0
1,2,0.05,78,"ASC3_child",0.8,0.339136121889401,1
1,2,0.05,78,"prot25_male",0.4,0.111942018961677,1
1,2,0.05,78,"prot25_age",0,-0.00192843160346904,0
1,2,0.05,78,"prot25_income",0,0.0366010573434743,0
1,2,0.05,78,"prot25_child",-1.2,-0.613054484603334,1
1,2,0.05,78,"prot50_male",0,-0.0254115073555993,0
1,2,0.05,78,"prot50_age",0.5,0.242174706694052,1
1,2,0.05,78,"prot50_income",0.1,0.0200463985138215,0
1,2,0.05,78,"prot50_child",0.2,0.0829758593304022,1
1,2,0.05,78,"invasive_male",0,0.0933693449054751,1
1,2,0.05,78,"invasive_age",0,-0.0609822505016262,1
1,2,0.05,78,"invasive_income",0,-0.0695013343569921,1
1,2,0.05,78,"invasive_child",0.9,0.298454666046561,1
1,2,0.05,79,"ASC2_male",0,1.9033343722796e-07,0
1,2,0.05,79,"ASC2_age",0,-0.00108831432762683,0
1,2,0.05,79,"ASC2_income",0.2,0.204477330507026,1
1,2,0.05,79,"ASC2_child",0,-1.05292269661946e-08,0
1,2,0.05,79,"ASC3_male",0,-2.02873753570887e-07,0
1,2,0.05,79,"ASC3_age",-0.6,-0.304383438973101,1
1,2,0.05,79,"ASC3_income",-1,-0.381238374424908,1
1,2,0.05,79,"ASC3_child",0.7,0.326160987858735,1
1,2,0.05,79,"prot25_male",0,0.0872861271454721,1
1,2,0.05,79,"prot25_age",-1,-0.490056453077229,1
1,2,0.05,79,"prot25_income",0,-0.10161150192243,1
1,2,0.05,79,"prot25_child",0,-1.2763668730986e-09,0
1,2,0.05,79,"prot50_male",-1.1,-0.413526189592177,1
1,2,0.05,79,"prot50_age",-1.1,-0.570515554446323,1
1,2,0.05,79,"prot50_income",0.9,0.341148938584034,1
1,2,0.05,79,"prot50_child",0.4,0.13355597995307,1
1,2,0.05,79,"invasive_male",-0.4,-0.100041962228509,1
1,2,0.05,79,"invasive_age",0,1.36355057446136e-07,0
1,2,0.05,79,"invasive_income",0,-1.16832020925775e-08,0
1,2,0.05,79,"invasive_child",0,-0.0478308257734579,0
1,2,0.05,80,"ASC2_male",-0.3,-0.0505553603974501,1
1,2,0.05,80,"ASC2_age",0,-0.106522304749039,1
1,2,0.05,80,"ASC2_income",0.9,0.544282051512446,1
1,2,0.05,80,"ASC2_child",-1,-0.552929472475893,1
1,2,0.05,80,"ASC3_male",0,-2.26203004425585e-07,0
1,2,0.05,80,"ASC3_age",-0.6,-0.356694169561401,1
1,2,0.05,80,"ASC3_income",0,0.0957283532804195,1
1,2,0.05,80,"ASC3_child",0,-0.0048932377729666,0
1,2,0.05,80,"prot25_male",0,0.0263795005267409,0
1,2,0.05,80,"prot25_age",0.8,0.445251271889808,1
1,2,0.05,80,"prot25_income",0.1,-2.45523893429879e-08,0
1,2,0.05,80,"prot25_child",0,-1.21143978638322e-08,0
1,2,0.05,80,"prot50_male",0,-1.55170966801407e-09,0
1,2,0.05,80,"prot50_age",0,0.00314196553833116,0
1,2,0.05,80,"prot50_income",0.7,0.290728431394307,1
1,2,0.05,80,"prot50_child",0,0.0920452165306579,1
1,2,0.05,80,"invasive_male",0,0.0558311906034819,1
1,2,0.05,80,"invasive_age",-0.8,-0.404954908670875,1
1,2,0.05,80,"invasive_income",-0.7,-0.363350375805904,1
1,2,0.05,80,"invasive_child",0.7,0.377912408530938,1
1,2,0.05,81,"ASC2_male",0,-0.00299952578087751,0
1,2,0.05,81,"ASC2_age",-1.1,-0.560403257908917,1
1,2,0.05,81,"ASC2_income",0.1,0.0626186371140304,1
1,2,0.05,81,"ASC2_child",0.8,0.271171332265682,1
1,2,0.05,81,"ASC3_male",0,-4.77972418361231e-07,0
1,2,0.05,81,"ASC3_age",0,8.88660274827615e-08,0
1,2,0.05,81,"ASC3_income",-0.8,-0.331784757521611,1
1,2,0.05,81,"ASC3_child",0,-6.82692432967445e-09,0
1,2,0.05,81,"prot25_male",0,5.48783962136227e-08,0
1,2,0.05,81,"prot25_age",-0.3,-0.14796523464808,1
1,2,0.05,81,"prot25_income",0.1,0.00323996416040001,0
1,2,0.05,81,"prot25_child",0.2,0.21300769681783,1
1,2,0.05,81,"prot50_male",0,-0.0175626656737582,0
1,2,0.05,81,"prot50_age",0.4,0.199045665303856,1
1,2,0.05,81,"prot50_income",-0.3,-0.132022268363778,1
1,2,0.05,81,"prot50_child",0,0.119326383441165,1
1,2,0.05,81,"invasive_male",0,8.63894563610955e-08,0
1,2,0.05,81,"invasive_age",0,-0.0142434053600091,0
1,2,0.05,81,"invasive_income",-0.5,-0.186787557178227,1
1,2,0.05,81,"invasive_child",0,-1.12450187659855e-09,0
1,2,0.05,82,"ASC2_male",0.9,0.290607964838211,1
1,2,0.05,82,"ASC2_age",-0.6,-0.318644462060898,1
1,2,0.05,82,"ASC2_income",1.1,0.557624613573059,1
1,2,0.05,82,"ASC2_child",-0.9,-0.348782323180454,1
1,2,0.05,82,"ASC3_male",0,-0.0197543957401689,0
1,2,0.05,82,"ASC3_age",0,-0.0332986993397992,0
1,2,0.05,82,"ASC3_income",0,-0.0113377717502256,0
1,2,0.05,82,"ASC3_child",0.3,0.255953032919027,1
1,2,0.05,82,"prot25_male",0,0.155344027879253,1
1,2,0.05,82,"prot25_age",0,0.0208075288835483,0
1,2,0.05,82,"prot25_income",0,-0.015693122265746,0
1,2,0.05,82,"prot25_child",1.1,0.477573090381406,1
1,2,0.05,82,"prot50_male",-0.4,-0.0970347800660877,1
1,2,0.05,82,"prot50_age",0,-0.0203248301456509,0
1,2,0.05,82,"prot50_income",-0.5,-0.279232360829415,1
1,2,0.05,82,"prot50_child",0,-0.0463722573273782,0
1,2,0.05,82,"invasive_male",0,0.0658056271914994,1
1,2,0.05,82,"invasive_age",-1.1,-0.576924285248383,1
1,2,0.05,82,"invasive_income",0,-0.0615546777533057,1
1,2,0.05,82,"invasive_child",0.4,0.27693244512281,1
1,2,0.05,83,"ASC2_male",0.9,0.295236112457372,1
1,2,0.05,83,"ASC2_age",0,0.0382918997387041,0
1,2,0.05,83,"ASC2_income",-0.9,-0.404157776900036,1
1,2,0.05,83,"ASC2_child",-0.8,-0.298696316935746,1
1,2,0.05,83,"ASC3_male",0.9,0.397574104043742,1
1,2,0.05,83,"ASC3_age",0,2.89278709666655e-07,0
1,2,0.05,83,"ASC3_income",0,-0.00100823825248178,0
1,2,0.05,83,"ASC3_child",0,0.0286827075149255,0
1,2,0.05,83,"prot25_male",1,0.484171578432471,1
1,2,0.05,83,"prot25_age",1.2,0.562608301469383,1
1,2,0.05,83,"prot25_income",-0.2,-0.0931885066854291,1
1,2,0.05,83,"prot25_child",0,0.015717763107671,0
1,2,0.05,83,"prot50_male",0,2.67570120220364e-11,0
1,2,0.05,83,"prot50_age",0,-2.4736220897037e-06,0
1,2,0.05,83,"prot50_income",-0.2,-0.0715248810861767,1
1,2,0.05,83,"prot50_child",0,-7.69540230831928e-09,0
1,2,0.05,83,"invasive_male",0,-0.0757589834440311,1
1,2,0.05,83,"invasive_age",-0.8,-0.371397744306759,1
1,2,0.05,83,"invasive_income",-0.9,-0.42734721229837,1
1,2,0.05,83,"invasive_child",0,-1.70680175591691e-08,0
1,2,0.05,84,"ASC2_male",0,0.0762845032602221,1
1,2,0.05,84,"ASC2_age",0,2.01562500473452e-08,0
1,2,0.05,84,"ASC2_income",0.4,0.194790358262822,1
1,2,0.05,84,"ASC2_child",-0.9,-0.580492788717022,1
1,2,0.05,84,"ASC3_male",-0.2,-9.35194068018752e-08,0
1,2,0.05,84,"ASC3_age",0.6,0.311785633608063,1
1,2,0.05,84,"ASC3_income",0.4,0.216927650572898,1
1,2,0.05,84,"ASC3_child",-0.6,-0.41630528110518,1
1,2,0.05,84,"prot25_male",0,-0.0428653289014966,0
1,2,0.05,84,"prot25_age",0,0.0142158220577606,0
1,2,0.05,84,"prot25_income",0.2,0.122199760029957,1
1,2,0.05,84,"prot25_child",-0.7,-0.260408922315114,1
1,2,0.05,84,"prot50_male",0,0.0411225403595861,0
1,2,0.05,84,"prot50_age",0,-0.0166516541828287,0
1,2,0.05,84,"prot50_income",0,-0.00515296524722007,0
1,2,0.05,84,"prot50_child",-0.9,-0.210644451288883,1
1,2,0.05,84,"invasive_male",-1.1,-0.387926421527105,1
1,2,0.05,84,"invasive_age",0,-0.002903754447803,0
1,2,0.05,84,"invasive_income",0,-2.01268790900362e-08,0
1,2,0.05,84,"invasive_child",0,0.0459897147142192,0
1,2,0.05,85,"ASC2_male",0.9,0.5211394068067,1
1,2,0.05,85,"ASC2_age",0,0.0241599272949415,0
1,2,0.05,85,"ASC2_income",0.4,0.201659013350203,1
1,2,0.05,85,"ASC2_child",0,-0.0854114690656211,1
1,2,0.05,85,"ASC3_male",0,-0.00484804937724708,0
1,2,0.05,85,"ASC3_age",0.5,0.260974461861366,1
1,2,0.05,85,"ASC3_income",0.9,0.409857142438496,1
1,2,0.05,85,"ASC3_child",0.4,0.0819978908936122,1
1,2,0.05,85,"prot25_male",0,-0.057149257886801,1
1,2,0.05,85,"prot25_age",-0.3,-0.133572213766954,1
1,2,0.05,85,"prot25_income",0.7,0.33520318899192,1
1,2,0.05,85,"prot25_child",0,0.0646686533795569,1
1,2,0.05,85,"prot50_male",0,-0.0290783696263927,0
1,2,0.05,85,"prot50_age",-0.8,-0.395347056757653,1
1,2,0.05,85,"prot50_income",-0.7,-0.310154878569032,1
1,2,0.05,85,"prot50_child",0,-0.111932709791428,1
1,2,0.05,85,"invasive_male",0,-0.0258506217947674,0
1,2,0.05,85,"invasive_age",0,8.94461847706575e-09,0
1,2,0.05,85,"invasive_income",0,0.0495360785630014,0
1,2,0.05,85,"invasive_child",0.6,0.170543632565946,1
1,2,0.05,86,"ASC2_male",0,-1.03015539223554e-07,0
1,2,0.05,86,"ASC2_age",-0.6,-0.316255341999369,1
1,2,0.05,86,"ASC2_income",0.7,0.237869024865859,1
1,2,0.05,86,"ASC2_child",0,-2.35621894052234e-09,0
1,2,0.05,86,"ASC3_male",0,-0.0412505590315267,0
1,2,0.05,86,"ASC3_age",0,-0.0635487581993389,1
1,2,0.05,86,"ASC3_income",1.2,0.524193377364929,1
1,2,0.05,86,"ASC3_child",0,-0.0514948748772434,1
1,2,0.05,86,"prot25_male",-0.7,-0.246587019598873,1
1,2,0.05,86,"prot25_age",-1,-0.539777129280888,1
1,2,0.05,86,"prot25_income",0,5.48422770851583e-05,0
1,2,0.05,86,"prot25_child",0.9,0.497286999370133,1
1,2,0.05,86,"prot50_male",1,0.649883592291056,1
1,2,0.05,86,"prot50_age",0,0.0388467908814108,0
1,2,0.05,86,"prot50_income",0,0.0537135011612664,1
1,2,0.05,86,"prot50_child",-1,-0.45388815274262,1
1,2,0.05,86,"invasive_male",0,0.0125118528468525,0
1,2,0.05,86,"invasive_age",1,0.480585673437141,1
1,2,0.05,86,"invasive_income",0,-1.17906307545518e-08,0
1,2,0.05,86,"invasive_child",0.3,0.137687101760269,1
1,2,0.05,87,"ASC2_male",-0.3,-0.1170026023994,1
1,2,0.05,87,"ASC2_age",0.1,0.00587064612754028,0
1,2,0.05,87,"ASC2_income",-0.2,-0.0497111610405377,0
1,2,0.05,87,"ASC2_child",0,-0.0962424488741626,1
1,2,0.05,87,"ASC3_male",0,-9.20441652092917e-11,0
1,2,0.05,87,"ASC3_age",0,-0.026996989182265,0
1,2,0.05,87,"ASC3_income",0.3,0.175794606608646,1
1,2,0.05,87,"ASC3_child",0.7,0.24310593942293,1
1,2,0.05,87,"prot25_male",0,1.0458535377906e-07,0
1,2,0.05,87,"prot25_age",0,1.90988950726881e-07,0
1,2,0.05,87,"prot25_income",0.5,0.218494359809355,1
1,2,0.05,87,"prot25_child",0,0.190675498728345,1
1,2,0.05,87,"prot50_male",0,-1.25519412284993e-08,0
1,2,0.05,87,"prot50_age",1,0.484527477447188,1
1,2,0.05,87,"prot50_income",1.1,0.498665833819935,1
1,2,0.05,87,"prot50_child",-0.7,-0.290495054988184,1
1,2,0.05,87,"invasive_male",0,-0.0668247033461611,1
1,2,0.05,87,"invasive_age",-1.1,-0.542066698658718,1
1,2,0.05,87,"invasive_income",0,3.79021431207606e-08,0
1,2,0.05,87,"invasive_child",0,4.90858620780635e-08,0
1,2,0.05,88,"ASC2_male",0,-8.39230835854356e-09,0
1,2,0.05,88,"ASC2_age",0.5,0.239716676548235,1
1,2,0.05,88,"ASC2_income",-1,-0.572011313847037,1
1,2,0.05,88,"ASC2_child",0,-0.147139296525843,1
1,2,0.05,88,"ASC3_male",0,-4.77127772458708e-09,0
1,2,0.05,88,"ASC3_age",0,-2.22136270209452e-09,0
1,2,0.05,88,"ASC3_income",-0.6,-0.321488295109651,1
1,2,0.05,88,"ASC3_child",1.1,0.430059382494636,1
1,2,0.05,88,"prot25_male",0.8,0.459984885653254,1
1,2,0.05,88,"prot25_age",0.3,0.157917523204491,1
1,2,0.05,88,"prot25_income",-0.5,-0.224552966358902,1
1,2,0.05,88,"prot25_child",-1,-0.383942717303999,1
1,2,0.05,88,"prot50_male",-0.2,-1.30201938298588e-08,0
1,2,0.05,88,"prot50_age",0,0.0335020826211394,0
1,2,0.05,88,"prot50_income",-0.3,-0.13255355356674,1
1,2,0.05,88,"prot50_child",0,-9.54226030637071e-09,0
1,2,0.05,88,"invasive_male",0,0.0112557661130005,0
1,2,0.05,88,"invasive_age",0,-0.0364106786085811,0
1,2,0.05,88,"invasive_income",0,-4.96611663005229e-09,0
1,2,0.05,88,"invasive_child",0,9.93278926236055e-09,0
1,2,0.05,89,"ASC2_male",0,-0.0489763392402865,0
1,2,0.05,89,"ASC2_age",0.3,0.113574878979025,1
1,2,0.05,89,"ASC2_income",0,8.80728716069418e-07,0
1,2,0.05,89,"ASC2_child",0,-5.00152909344529e-08,0
1,2,0.05,89,"ASC3_male",0,-3.89162969785616e-09,0
1,2,0.05,89,"ASC3_age",0.8,0.317336008068846,1
1,2,0.05,89,"ASC3_income",0,-6.02108186880608e-08,0
1,2,0.05,89,"ASC3_child",1,0.344906279711228,1
1,2,0.05,89,"prot25_male",0.7,0.36804336258697,1
1,2,0.05,89,"prot25_age",0,0.055998766661625,1
1,2,0.05,89,"prot25_income",0,-9.34106291173085e-09,0
1,2,0.05,89,"prot25_child",-0.2,-2.77500304765982e-10,0
1,2,0.05,89,"prot50_male",-0.6,-0.383044287120694,1
1,2,0.05,89,"prot50_age",0.2,0.144411668803875,1
1,2,0.05,89,"prot50_income",0.1,0.0127901348230437,0
1,2,0.05,89,"prot50_child",0,-7.5287302891303e-10,0
1,2,0.05,89,"invasive_male",0,-0.0715652447915962,1
1,2,0.05,89,"invasive_age",0,-0.0239012503852368,0
1,2,0.05,89,"invasive_income",0.7,0.361903528441364,1
1,2,0.05,89,"invasive_child",0.6,0.21108070434732,1
1,2,0.05,90,"ASC2_male",0,-0.0629857759852432,1
1,2,0.05,90,"ASC2_age",0.5,0.230367791007065,1
1,2,0.05,90,"ASC2_income",0.8,0.67697607242257,1
1,2,0.05,90,"ASC2_child",0.3,0.00203379264086552,0
1,2,0.05,90,"ASC3_male",0,0.0236778932274858,0
1,2,0.05,90,"ASC3_age",0.3,0.104264161135455,1
1,2,0.05,90,"ASC3_income",-1.1,-0.405399967286097,1
1,2,0.05,90,"ASC3_child",0,-0.123948076985318,1
1,2,0.05,90,"prot25_male",0,0.102689792456425,1
1,2,0.05,90,"prot25_age",1.2,0.641905902717444,1
1,2,0.05,90,"prot25_income",0.4,0.104708660439009,1
1,2,0.05,90,"prot25_child",0,0.112179551550188,1
1,2,0.05,90,"prot50_male",-0.8,-0.23727809349445,1
1,2,0.05,90,"prot50_age",0.4,0.218241400967207,1
1,2,0.05,90,"prot50_income",-0.1,-0.229026771116679,1
1,2,0.05,90,"prot50_child",0,0.152174198546093,1
1,2,0.05,90,"invasive_male",0,-0.0220682598874653,0
1,2,0.05,90,"invasive_age",0,-0.0181715897727398,0
1,2,0.05,90,"invasive_income",0,0.0727026277809879,1
1,2,0.05,90,"invasive_child",0,-0.0231459233985269,0
1,2,0.05,91,"ASC2_male",0,0.0540372931083322,1
1,2,0.05,91,"ASC2_age",-0.4,-0.270629605844082,1
1,2,0.05,91,"ASC2_income",0.3,0.224045345669455,1
1,2,0.05,91,"ASC2_child",-0.2,-0.301656061840168,1
1,2,0.05,91,"ASC3_male",0,0.134238713416102,1
1,2,0.05,91,"ASC3_age",0.2,0.0416236888029,0
1,2,0.05,91,"ASC3_income",-0.3,-0.122110835644452,1
1,2,0.05,91,"ASC3_child",-0.8,-0.575677149415124,1
1,2,0.05,91,"prot25_male",0,-0.106907212164987,1
1,2,0.05,91,"prot25_age",0,-0.0504925548223401,1
1,2,0.05,91,"prot25_income",0.8,0.373860657031315,1
1,2,0.05,91,"prot25_child",0,0.0687935371363706,1
1,2,0.05,91,"prot50_male",0.3,0.0553306921137045,1
1,2,0.05,91,"prot50_age",0,-0.0247986946668177,0
1,2,0.05,91,"prot50_income",0,0.0225960847365735,0
1,2,0.05,91,"prot50_child",0,-0.0886212701444514,1
1,2,0.05,91,"invasive_male",0,-0.011489962275933,0
1,2,0.05,91,"invasive_age",-0.2,-0.198908781338829,1
1,2,0.05,91,"invasive_income",-0.5,-0.227199414054331,1
1,2,0.05,91,"invasive_child",0,-0.261692309684624,1
1,2,0.05,92,"ASC2_male",-0.5,-0.318062468120609,1
1,2,0.05,92,"ASC2_age",1,0.490228275492048,1
1,2,0.05,92,"ASC2_income",0,0.00133200690662709,0
1,2,0.05,92,"ASC2_child",0,-0.202285376039835,1
1,2,0.05,92,"ASC3_male",0,-0.0483550751356301,0
1,2,0.05,92,"ASC3_age",0,-0.0212489475594266,0
1,2,0.05,92,"ASC3_income",0,3.21403693857226e-08,0
1,2,0.05,92,"ASC3_child",0.3,0.0294672756476553,0
1,2,0.05,92,"prot25_male",-1.1,-0.534484176642669,1
1,2,0.05,92,"prot25_age",0,0.0544844194595622,1
1,2,0.05,92,"prot25_income",-1.2,-0.677443377760671,1
1,2,0.05,92,"prot25_child",0,0.0186232497373201,0
1,2,0.05,92,"prot50_male",-0.4,-0.107602620322736,1
1,2,0.05,92,"prot50_age",-0.6,-0.298124812464821,1
1,2,0.05,92,"prot50_income",0,-0.0250211905843307,0
1,2,0.05,92,"prot50_child",0.8,0.459853246676516,1
1,2,0.05,92,"invasive_male",0,-7.05467455278808e-09,0
1,2,0.05,92,"invasive_age",0,0.0144327455506002,0
1,2,0.05,92,"invasive_income",0.7,0.339483790889305,1
1,2,0.05,92,"invasive_child",0.9,0.34878224677032,1
1,2,0.05,93,"ASC2_male",0,-0.0126621938824312,0
1,2,0.05,93,"ASC2_age",-0.9,-0.304185086581137,1
1,2,0.05,93,"ASC2_income",0,-0.00898572611799122,0
1,2,0.05,93,"ASC2_child",-0.4,-0.0840906813382078,1
1,2,0.05,93,"ASC3_male",0,-0.0762787370473589,1
1,2,0.05,93,"ASC3_age",-1.1,-0.412622798751551,1
1,2,0.05,93,"ASC3_income",0,1.37691095844325e-11,0
1,2,0.05,93,"ASC3_child",-1,-0.321906136356069,1
1,2,0.05,93,"prot25_male",0,0.0699905231538193,1
1,2,0.05,93,"prot25_age",0,-0.0866236475049246,1
1,2,0.05,93,"prot25_income",0.4,0.167360401070499,1
1,2,0.05,93,"prot25_child",1.1,0.407353558602027,1
1,2,0.05,93,"prot50_male",0,0.0486721194297644,0
1,2,0.05,93,"prot50_age",0.2,0.0097173769235588,0
1,2,0.05,93,"prot50_income",1.2,0.53483820090314,1
1,2,0.05,93,"prot50_child",-1.1,-0.629921189359044,1
1,2,0.05,93,"invasive_male",0,-0.0896849500997186,1
1,2,0.05,93,"invasive_age",0,0.101766578550296,1
1,2,0.05,93,"invasive_income",0,0.00011650325005152,0
1,2,0.05,93,"invasive_child",-0.2,-0.0916759690962085,1
1,2,0.05,94,"ASC2_male",-0.2,0.0253639031101584,0
1,2,0.05,94,"ASC2_age",0,-0.0296452442554471,0
1,2,0.05,94,"ASC2_income",-0.2,0.0416075241807662,0
1,2,0.05,94,"ASC2_child",0.3,0.123273902774497,1
1,2,0.05,94,"ASC3_male",-0.1,0.0256723515690816,0
1,2,0.05,94,"ASC3_age",0,0.0186839108168556,0
1,2,0.05,94,"ASC3_income",-1.2,-0.511540807427128,1
1,2,0.05,94,"ASC3_child",-0.5,-0.21712230784585,1
1,2,0.05,94,"prot25_male",0,-0.186129743557399,1
1,2,0.05,94,"prot25_age",0,0.0366037795387492,0
1,2,0.05,94,"prot25_income",0,-0.0827779352438691,1
1,2,0.05,94,"prot25_child",0,0.0368689574595871,0
1,2,0.05,94,"prot50_male",0,-0.131759854688131,1
1,2,0.05,94,"prot50_age",0,0.0335769111894598,0
1,2,0.05,94,"prot50_income",-0.6,-0.402517348212915,1
1,2,0.05,94,"prot50_child",0,0.035301271417623,0
1,2,0.05,94,"invasive_male",0,-0.0413358880180791,0
1,2,0.05,94,"invasive_age",1,0.531954047278889,1
1,2,0.05,94,"invasive_income",0.8,0.397803958017368,1
1,2,0.05,94,"invasive_child",0.6,0.243939296498731,1
1,2,0.05,95,"ASC2_male",-0.4,-0.158676305906716,1
1,2,0.05,95,"ASC2_age",-0.5,-0.164570716074028,1
1,2,0.05,95,"ASC2_income",0,-6.25637878298025e-07,0
1,2,0.05,95,"ASC2_child",-0.7,-0.167269117673878,1
1,2,0.05,95,"ASC3_male",-1.1,-0.485253940705449,1
1,2,0.05,95,"ASC3_age",0,-0.00662020291806076,0
1,2,0.05,95,"ASC3_income",0,-0.0196085762972356,0
1,2,0.05,95,"ASC3_child",0,-4.27256188194869e-10,0
1,2,0.05,95,"prot25_male",-0.9,-0.446874403735309,1
1,2,0.05,95,"prot25_age",0,-0.0398544698460466,0
1,2,0.05,95,"prot25_income",0,-0.0172660110568911,0
1,2,0.05,95,"prot25_child",0.5,0.012222849006399,0
1,2,0.05,95,"prot50_male",0.3,0.128545862970762,1
1,2,0.05,95,"prot50_age",0.7,0.282289491890594,1
1,2,0.05,95,"prot50_income",0,-0.0212173769792428,0
1,2,0.05,95,"prot50_child",0.6,5.65500467894385e-07,0
1,2,0.05,95,"invasive_male",0,0.0609863544395478,1
1,2,0.05,95,"invasive_age",0,-1.21019523492875e-06,0
1,2,0.05,95,"invasive_income",0,0.0422514206849404,0
1,2,0.05,95,"invasive_child",0.5,-5.14243248516253e-08,0
1,2,0.05,96,"ASC2_male",-0.1,-0.0640377309987863,1
1,2,0.05,96,"ASC2_age",0.2,0.0815410661549594,1
1,2,0.05,96,"ASC2_income",0,0.0496954361722764,0
1,2,0.05,96,"ASC2_child",-0.4,-0.16618756237163,1
1,2,0.05,96,"ASC3_male",0,-1.50203061642903e-07,0
1,2,0.05,96,"ASC3_age",0,-0.0587912440753429,1
1,2,0.05,96,"ASC3_income",-0.6,-0.275006385471226,1
1,2,0.05,96,"ASC3_child",0.6,0.29148114343466,1
1,2,0.05,96,"prot25_male",0.3,-2.5805045623846e-09,0
1,2,0.05,96,"prot25_age",0,-0.00156695307981848,0
1,2,0.05,96,"prot25_income",0,0.0443791988549116,0
1,2,0.05,96,"prot25_child",-0.8,-0.362375489253403,1
1,2,0.05,96,"prot50_male",0.3,0.126012538928341,1
1,2,0.05,96,"prot50_age",1.2,0.663566459313648,1
1,2,0.05,96,"prot50_income",0,-0.0364395176536435,0
1,2,0.05,96,"prot50_child",0,0.0872234215369068,1
1,2,0.05,96,"invasive_male",0,-6.98796353786014e-07,0
1,2,0.05,96,"invasive_age",0,0.00135958238891025,0
1,2,0.05,96,"invasive_income",0,-3.80272546936593e-09,0
1,2,0.05,96,"invasive_child",0.6,0.457891908262682,1
1,2,0.05,97,"ASC2_male",0.8,0.392103098399049,1
1,2,0.05,97,"ASC2_age",0,0.0616476263864876,1
1,2,0.05,97,"ASC2_income",-1.1,-0.425977281962561,1
1,2,0.05,97,"ASC2_child",0.9,0.475905047574759,1
1,2,0.05,97,"ASC3_male",0.5,0.297439044593018,1
1,2,0.05,97,"ASC3_age",0,0.0727291288445993,1
1,2,0.05,97,"ASC3_income",0,0.0869688110189945,1
1,2,0.05,97,"ASC3_child",0,0.044126098631572,0
1,2,0.05,97,"prot25_male",-0.4,-0.203501863566981,1
1,2,0.05,97,"prot25_age",0,-0.0218156598824557,0
1,2,0.05,97,"prot25_income",0,0.00403798798780508,0
1,2,0.05,97,"prot25_child",0,-0.00800236441588721,0
1,2,0.05,97,"prot50_male",0.4,0.125954067277797,1
1,2,0.05,97,"prot50_age",1.2,0.677034904001052,1
1,2,0.05,97,"prot50_income",-0.4,-0.202460665840668,1
1,2,0.05,97,"prot50_child",0.3,0.149110170231851,1
1,2,0.05,97,"invasive_male",0,-0.0926215182176431,1
1,2,0.05,97,"invasive_age",0,0.0708603660636723,1
1,2,0.05,97,"invasive_income",0,0.0572294858774873,1
1,2,0.05,97,"invasive_child",-0.8,-0.265803206528245,1
1,2,0.05,98,"ASC2_male",0,-5.35840632254172e-08,0
1,2,0.05,98,"ASC2_age",0.8,0.368924392292526,1
1,2,0.05,98,"ASC2_income",0,-0.0147339106364709,0
1,2,0.05,98,"ASC2_child",0.1,-1.17711877074937e-08,0
1,2,0.05,98,"ASC3_male",1.2,0.534739590875506,1
1,2,0.05,98,"ASC3_age",-0.7,-0.323481079053466,1
1,2,0.05,98,"ASC3_income",-0.6,-0.334494465084266,1
1,2,0.05,98,"ASC3_child",-0.2,-2.43904382948285e-09,0
1,2,0.05,98,"prot25_male",0,0.0031977231497534,0
1,2,0.05,98,"prot25_age",0,-5.09378813845577e-09,0
1,2,0.05,98,"prot25_income",0,-5.36605578174826e-09,0
1,2,0.05,98,"prot25_child",0.7,0.391740711630032,1
1,2,0.05,98,"prot50_male",0.5,0.298699226176969,1
1,2,0.05,98,"prot50_age",-0.7,-0.368200941129518,1
1,2,0.05,98,"prot50_income",-1.2,-0.539511964117457,1
1,2,0.05,98,"prot50_child",0,0.0726520931393772,1
1,2,0.05,98,"invasive_male",0,-1.28208236879684e-08,0
1,2,0.05,98,"invasive_age",0,-1.4358895621397e-07,0
1,2,0.05,98,"invasive_income",0,0.0391264852054527,0
1,2,0.05,98,"invasive_child",0,-0.00164665446505321,0
1,2,0.05,99,"ASC2_male",0.5,0.339951903833349,1
1,2,0.05,99,"ASC2_age",0,-0.0310226648307006,0
1,2,0.05,99,"ASC2_income",0.7,0.265890613856025,1
1,2,0.05,99,"ASC2_child",1.1,0.391766035205779,1
1,2,0.05,99,"ASC3_male",0,-9.95524469224874e-09,0
1,2,0.05,99,"ASC3_age",1.2,0.576520128032819,1
1,2,0.05,99,"ASC3_income",0,1.0394788361604e-06,0
1,2,0.05,99,"ASC3_child",0,-0.102714605325826,1
1,2,0.05,99,"prot25_male",0.3,0.0797953536891178,1
1,2,0.05,99,"prot25_age",0.9,0.447543430489026,1
1,2,0.05,99,"prot25_income",0,0.0430488842846005,0
1,2,0.05,99,"prot25_child",0,-7.48450343038935e-07,0
1,2,0.05,99,"prot50_male",0,-0.00648765675036876,0
1,2,0.05,99,"prot50_age",0,-0.028002560977105,0
1,2,0.05,99,"prot50_income",0,-0.0219318779496832,0
1,2,0.05,99,"prot50_child",1.1,0.429286053582221,1
1,2,0.05,99,"invasive_male",0,-1.5494735818316e-06,0
1,2,0.05,99,"invasive_age",0.1,0.0270346946072801,0
1,2,0.05,99,"invasive_income",1.2,0.527577715619853,1
1,2,0.05,99,"invasive_child",1.2,0.307210099618136,1
1,2,0.05,100,"ASC2_male",0,-0.0276198106104713,0
1,2,0.05,100,"ASC2_age",0,0.0026204729694384,0
1,2,0.05,100,"ASC2_income",-1,-0.411971877010381,1
1,2,0.05,100,"ASC2_child",0,-2.5710100361493e-07,0
1,2,0.05,100,"ASC3_male",0,-1.99776867861956e-08,0
1,2,0.05,100,"ASC3_age",-0.4,-0.191882420750314,1
1,2,0.05,100,"ASC3_income",-0.7,-0.272813644273067,1
1,2,0.05,100,"ASC3_child",-0.8,-0.315441025091408,1
1,2,0.05,100,"prot25_male",1,0.448857659123711,1
1,2,0.05,100,"prot25_age",0,-0.0109075427779762,0
1,2,0.05,100,"prot25_income",0,0.052796154316114,1
1,2,0.05,100,"prot25_child",0,7.00062946766161e-09,0
1,2,0.05,100,"prot50_male",1.1,0.51880056284539,1
1,2,0.05,100,"prot50_age",-0.3,-0.112874375386717,1
1,2,0.05,100,"prot50_income",0,0.0169410968156462,0
1,2,0.05,100,"prot50_child",-0.1,-0.103825573586528,1
1,2,0.05,100,"invasive_male",0,0.0941509906348523,1
1,2,0.05,100,"invasive_age",0,0.0389465333142898,0
1,2,0.05,100,"invasive_income",0.9,0.497168887850383,1
1,2,0.05,100,"invasive_child",-0.2,-0.0480237157258984,0
1,2,0.1,1,"ASC2_male",0,6.35557911576386e-07,0
1,2,0.1,1,"ASC2_age",0.6,0.251666269413172,1
1,2,0.1,1,"ASC2_income",0,-0.00507818750834574,0
1,2,0.1,1,"ASC2_child",0,-1.0071798526641e-06,0
1,2,0.1,1,"ASC3_male",0,2.17213198361164e-07,0
1,2,0.1,1,"ASC3_age",-1,-0.496458805862328,1
1,2,0.1,1,"ASC3_income",0,0.0238551134852089,0
1,2,0.1,1,"ASC3_child",0.2,0.151814956606145,1
1,2,0.1,1,"prot25_male",0,0.104842937840765,1
1,2,0.1,1,"prot25_age",-1,-0.480919223290908,1
1,2,0.1,1,"prot25_income",0,-1.44330972553817e-08,0
1,2,0.1,1,"prot25_child",1.1,0.392166671124707,1
1,2,0.1,1,"prot50_male",-0.2,-5.71459332082108e-10,0
1,2,0.1,1,"prot50_age",0.5,0.299978580346702,1
1,2,0.1,1,"prot50_income",0.6,0.296105058157288,1
1,2,0.1,1,"prot50_child",0,-4.98245586056377e-08,0
1,2,0.1,1,"invasive_male",-0.2,-0.00950876234730521,0
1,2,0.1,1,"invasive_age",0,0.0139194017774727,0
1,2,0.1,1,"invasive_income",-0.3,-0.0872713679697799,0
1,2,0.1,1,"invasive_child",0,-5.80999571941908e-08,0
1,2,0.1,2,"ASC2_male",0.2,0.0287649975934593,0
1,2,0.1,2,"ASC2_age",0,-0.00220386435042626,0
1,2,0.1,2,"ASC2_income",0.2,0.13673419806165,1
1,2,0.1,2,"ASC2_child",0,1.35234743539677e-08,0
1,2,0.1,2,"ASC3_male",-0.2,-0.0874484135076648,0
1,2,0.1,2,"ASC3_age",0,-5.07474804478495e-09,0
1,2,0.1,2,"ASC3_income",0.9,0.436419585803671,1
1,2,0.1,2,"ASC3_child",0,0.0213422891352863,0
1,2,0.1,2,"prot25_male",0,-1.38272108802952e-08,0
1,2,0.1,2,"prot25_age",-0.4,-0.162974994450288,1
1,2,0.1,2,"prot25_income",0,-1.11013031325342e-07,0
1,2,0.1,2,"prot25_child",-0.9,-0.271918431603004,1
1,2,0.1,2,"prot50_male",0,5.80608219924966e-08,0
1,2,0.1,2,"prot50_age",-1,-0.511417847150392,1
1,2,0.1,2,"prot50_income",0,0.0403002127834724,0
1,2,0.1,2,"prot50_child",0,0.106956952684537,1
1,2,0.1,2,"invasive_male",0.7,0.331736630826588,1
1,2,0.1,2,"invasive_age",0,-5.67344534461121e-09,0
1,2,0.1,2,"invasive_income",-0.2,-0.0330512523672995,0
1,2,0.1,2,"invasive_child",-1,-0.284971845463267,1
1,2,0.1,3,"ASC2_male",0,0.045773904461407,0
1,2,0.1,3,"ASC2_age",0.4,0.128135825466126,1
1,2,0.1,3,"ASC2_income",-0.7,-0.314767642730002,1
1,2,0.1,3,"ASC2_child",0,-0.0814558823564286,0
1,2,0.1,3,"ASC3_male",0,3.87172409661161e-08,0
1,2,0.1,3,"ASC3_age",0,-0.00929780921699077,0
1,2,0.1,3,"ASC3_income",0,0.0731638086551195,0
1,2,0.1,3,"ASC3_child",0,0.0451128853848997,0
1,2,0.1,3,"prot25_male",0.3,0.00743394066783917,0
1,2,0.1,3,"prot25_age",-0.9,-0.421062061779387,1
1,2,0.1,3,"prot25_income",0,0.0260883033829348,0
1,2,0.1,3,"prot25_child",-0.3,-0.205654128663011,1
1,2,0.1,3,"prot50_male",0,-0.0330730274313889,0
1,2,0.1,3,"prot50_age",0,0.0629934644169531,0
1,2,0.1,3,"prot50_income",0.2,0.112198427416206,1
1,2,0.1,3,"prot50_child",0,0.000141253618037206,0
1,2,0.1,3,"invasive_male",-0.4,-0.20738961640142,1
1,2,0.1,3,"invasive_age",1,0.498868816983834,1
1,2,0.1,3,"invasive_income",1.1,0.624559549774915,1
1,2,0.1,3,"invasive_child",1,0.566814600991559,1
1,2,0.1,4,"ASC2_male",0,0.0946893281195869,0
1,2,0.1,4,"ASC2_age",0.7,0.287541148083448,1
1,2,0.1,4,"ASC2_income",0.6,0.177277789554933,1
1,2,0.1,4,"ASC2_child",1,0.513472511145368,1
1,2,0.1,4,"ASC3_male",0,0.0652267365270813,0
1,2,0.1,4,"ASC3_age",0,-0.0587784584003087,0
1,2,0.1,4,"ASC3_income",0,-0.0891868210532517,0
1,2,0.1,4,"ASC3_child",-1.2,-0.487569367605022,1
1,2,0.1,4,"prot25_male",0,-0.0862878077929627,0
1,2,0.1,4,"prot25_age",0,-0.00642098435744674,0
1,2,0.1,4,"prot25_income",0.6,0.370239180700307,1
1,2,0.1,4,"prot25_child",-0.2,-0.0405258497184097,0
1,2,0.1,4,"prot50_male",0,-0.0818173031467675,0
1,2,0.1,4,"prot50_age",0,0.00563800273836368,0
1,2,0.1,4,"prot50_income",0.3,0.159097431321887,1
1,2,0.1,4,"prot50_child",0,0.0122652174826085,0
1,2,0.1,4,"invasive_male",-0.5,-0.221431349121849,1
1,2,0.1,4,"invasive_age",-0.2,-0.144264298530574,1
1,2,0.1,4,"invasive_income",-0.6,-0.334630927714649,1
1,2,0.1,4,"invasive_child",0,0.0100990416391884,0
1,2,0.1,5,"ASC2_male",0,-0.274930017734047,1
1,2,0.1,5,"ASC2_age",0,-0.0170234521544432,0
1,2,0.1,5,"ASC2_income",-0.3,-0.152193667913118,1
1,2,0.1,5,"ASC2_child",0,-0.0244413217623616,0
1,2,0.1,5,"ASC3_male",0.7,0.159766691368401,1
1,2,0.1,5,"ASC3_age",0,1.35821128089001e-08,0
1,2,0.1,5,"ASC3_income",0,-3.6190871513805e-11,0
1,2,0.1,5,"ASC3_child",0.3,0.209970584196535,1
1,2,0.1,5,"prot25_male",0.5,0.403978543321182,1
1,2,0.1,5,"prot25_age",0,0.00848667508252579,0
1,2,0.1,5,"prot25_income",0,-0.00910084001777321,0
1,2,0.1,5,"prot25_child",0.5,0.166208475542424,1
1,2,0.1,5,"prot50_male",0.7,0.337140811881533,1
1,2,0.1,5,"prot50_age",0.7,0.378815087549108,1
1,2,0.1,5,"prot50_income",0,0.0191085811933657,0
1,2,0.1,5,"prot50_child",0,-0.031132043545767,0
1,2,0.1,5,"invasive_male",0.3,0.051091059448204,0
1,2,0.1,5,"invasive_age",0,0.0184860927937259,0
1,2,0.1,5,"invasive_income",-0.8,-0.376506240678208,1
1,2,0.1,5,"invasive_child",-0.2,-0.00718349650953553,0
1,2,0.1,6,"ASC2_male",1.2,0.515547773489121,1
1,2,0.1,6,"ASC2_age",0.5,0.282712121753577,1
1,2,0.1,6,"ASC2_income",-0.2,-0.101272786002638,1
1,2,0.1,6,"ASC2_child",0,0.00618369270714673,0
1,2,0.1,6,"ASC3_male",0,-0.0225322490978769,0
1,2,0.1,6,"ASC3_age",-0.5,-0.199395519272859,1
1,2,0.1,6,"ASC3_income",0,0.0256453811916624,0
1,2,0.1,6,"ASC3_child",0,-1.47706059527444e-06,0
1,2,0.1,6,"prot25_male",0.2,0.0794680654061206,0
1,2,0.1,6,"prot25_age",0,-0.0514325760322487,0
1,2,0.1,6,"prot25_income",0,0.0148737681782065,0
1,2,0.1,6,"prot25_child",0,0.0656800840290111,0
1,2,0.1,6,"prot50_male",1,0.49778579073862,1
1,2,0.1,6,"prot50_age",-0.5,-0.2191682357907,1
1,2,0.1,6,"prot50_income",0,-0.0657067737824977,0
1,2,0.1,6,"prot50_child",0,0.0646199718424848,0
1,2,0.1,6,"invasive_male",0.5,0.150081264638199,1
1,2,0.1,6,"invasive_age",-0.2,-0.0517273860296229,0
1,2,0.1,6,"invasive_income",0,-0.00304169372970135,0
1,2,0.1,6,"invasive_child",0.3,0.107677948554737,1
1,2,0.1,7,"ASC2_male",0.2,1.73421020237188e-08,0
1,2,0.1,7,"ASC2_age",0,-2.60970388077366e-08,0
1,2,0.1,7,"ASC2_income",0.8,0.288015154923475,1
1,2,0.1,7,"ASC2_child",0,4.22729446242749e-10,0
1,2,0.1,7,"ASC3_male",0.9,0.383904246205085,1
1,2,0.1,7,"ASC3_age",-1.2,-0.565826490460736,1
1,2,0.1,7,"ASC3_income",0.8,0.220211433186759,1
1,2,0.1,7,"ASC3_child",0,-1.38843260222835e-08,0
1,2,0.1,7,"prot25_male",-0.8,-0.18835659462316,1
1,2,0.1,7,"prot25_age",-0.5,-0.208322087345312,1
1,2,0.1,7,"prot25_income",0,0.0385180940573674,0
1,2,0.1,7,"prot25_child",0,0.0626875960926591,0
1,2,0.1,7,"prot50_male",0,0.143711890047858,1
1,2,0.1,7,"prot50_age",-0.9,-0.447763539999285,1
1,2,0.1,7,"prot50_income",-0.7,-0.355821802181197,1
1,2,0.1,7,"prot50_child",-0.8,-0.151944137021943,1
1,2,0.1,7,"invasive_male",0,-1.52088977176534e-07,0
1,2,0.1,7,"invasive_age",0,0.0137672286465864,0
1,2,0.1,7,"invasive_income",0,-0.0260282646464475,0
1,2,0.1,7,"invasive_child",0,-2.9384893719599e-09,0
1,2,0.1,8,"ASC2_male",0.5,0.144524311074569,1
1,2,0.1,8,"ASC2_age",0,-0.0104375475676833,0
1,2,0.1,8,"ASC2_income",0,3.33244379601092e-09,0
1,2,0.1,8,"ASC2_child",-0.5,-0.164107032323765,1
1,2,0.1,8,"ASC3_male",0,-7.65668582810655e-09,0
1,2,0.1,8,"ASC3_age",0.8,0.36026476462779,1
1,2,0.1,8,"ASC3_income",0,0.00297059488398832,0
1,2,0.1,8,"ASC3_child",0.6,0.244819357959251,1
1,2,0.1,8,"prot25_male",0,0.0407739704439785,0
1,2,0.1,8,"prot25_age",1.2,0.602544723848206,1
1,2,0.1,8,"prot25_income",0,0.0116859397122919,0
1,2,0.1,8,"prot25_child",1.1,0.649979035201825,1
1,2,0.1,8,"prot50_male",0,-1.44900359915269e-09,0
1,2,0.1,8,"prot50_age",0,0.00100805431889417,0
1,2,0.1,8,"prot50_income",0,0.00854850568875753,0
1,2,0.1,8,"prot50_child",-1,-0.25218187706918,1
1,2,0.1,8,"invasive_male",0,-6.72131965042487e-09,0
1,2,0.1,8,"invasive_age",-0.3,-0.158810209764324,1
1,2,0.1,8,"invasive_income",0.3,0.15533336724924,1
1,2,0.1,8,"invasive_child",-0.9,-0.270983386440127,1
1,2,0.1,9,"ASC2_male",0,-1.16580246587801e-08,0
1,2,0.1,9,"ASC2_age",0.5,0.235237104698215,1
1,2,0.1,9,"ASC2_income",0.5,0.252720380455449,1
1,2,0.1,9,"ASC2_child",0,-3.45654630389203e-09,0
1,2,0.1,9,"ASC3_male",0,-9.78478422882058e-09,0
1,2,0.1,9,"ASC3_age",0,-0.0378383417614294,0
1,2,0.1,9,"ASC3_income",0,0.0399838132667736,0
1,2,0.1,9,"ASC3_child",-0.3,-0.120226255560163,1
1,2,0.1,9,"prot25_male",0.7,0.363991132489206,1
1,2,0.1,9,"prot25_age",0.4,0.15769365467657,1
1,2,0.1,9,"prot25_income",0,-1.02278199185358e-08,0
1,2,0.1,9,"prot25_child",0.3,-1.89907913995796e-09,0
1,2,0.1,9,"prot50_male",-0.2,-1.19974222566644e-08,0
1,2,0.1,9,"prot50_age",-1,-0.550230755117192,1
1,2,0.1,9,"prot50_income",0,-1.38072602757496e-08,0
1,2,0.1,9,"prot50_child",-0.8,-0.281409966054778,1
1,2,0.1,9,"invasive_male",0,3.86138001132944e-09,0
1,2,0.1,9,"invasive_age",1,0.425929149652005,1
1,2,0.1,9,"invasive_income",0,0.0130492321566836,0
1,2,0.1,9,"invasive_child",0,-0.0153899596775891,0
1,2,0.1,10,"ASC2_male",0,-0.0997868678623774,0
1,2,0.1,10,"ASC2_age",-1,-0.511929927947566,1
1,2,0.1,10,"ASC2_income",0,0.015965437575876,0
1,2,0.1,10,"ASC2_child",0,1.17959634045179e-07,0
1,2,0.1,10,"ASC3_male",0.7,0.182352788984592,1
1,2,0.1,10,"ASC3_age",0,8.31413802265326e-10,0
1,2,0.1,10,"ASC3_income",0,-2.79585216114836e-09,0
1,2,0.1,10,"ASC3_child",0,-0.000893776817708944,0
1,2,0.1,10,"prot25_male",-1,-0.424017739143202,1
1,2,0.1,10,"prot25_age",1.1,0.589317887238643,1
1,2,0.1,10,"prot25_income",-0.7,-0.336035861911191,1
1,2,0.1,10,"prot25_child",-0.3,-6.49331131937422e-08,0
1,2,0.1,10,"prot50_male",0,0.0731454539783941,0
1,2,0.1,10,"prot50_age",0,0.0122894561443963,0
1,2,0.1,10,"prot50_income",0,0.0491254080809306,0
1,2,0.1,10,"prot50_child",0,-1.95442521940403e-10,0
1,2,0.1,10,"invasive_male",0.2,0.00731442858838741,0
1,2,0.1,10,"invasive_age",0.6,0.331687022791566,1
1,2,0.1,10,"invasive_income",-0.4,-0.179273289438112,1
1,2,0.1,10,"invasive_child",-0.3,-0.0295825005656807,0
1,2,0.1,11,"ASC2_male",1.1,0.358090028301336,1
1,2,0.1,11,"ASC2_age",0,0.058314792408231,0
1,2,0.1,11,"ASC2_income",0.1,-0.0489712128988732,0
1,2,0.1,11,"ASC2_child",0,0.0847528836027567,0
1,2,0.1,11,"ASC3_male",0.6,0.123118521100389,1
1,2,0.1,11,"ASC3_age",-1,-0.449178498795435,1
1,2,0.1,11,"ASC3_income",0.9,0.356524417087729,1
1,2,0.1,11,"ASC3_child",-0.8,-0.306904286387845,1
1,2,0.1,11,"prot25_male",-0.9,-0.389403068776024,1
1,2,0.1,11,"prot25_age",0,-0.062233197436266,0
1,2,0.1,11,"prot25_income",0,0.00998728661949559,0
1,2,0.1,11,"prot25_child",0,0.10641282903342,1
1,2,0.1,11,"prot50_male",0,-7.12812420990965e-11,0
1,2,0.1,11,"prot50_age",0,-0.0461363824963922,0
1,2,0.1,11,"prot50_income",0,0.0540653607465604,0
1,2,0.1,11,"prot50_child",0,-0.0862379854292611,0
1,2,0.1,11,"invasive_male",-0.7,-0.449040787566959,1
1,2,0.1,11,"invasive_age",0,0.0208276402560001,0
1,2,0.1,11,"invasive_income",1,0.443839597531784,1
1,2,0.1,11,"invasive_child",-1.2,-0.628890539925139,1
1,2,0.1,12,"ASC2_male",0,-2.1309363851261e-08,0
1,2,0.1,12,"ASC2_age",-0.4,-0.23856166759125,1
1,2,0.1,12,"ASC2_income",-0.6,-0.360935915809766,1
1,2,0.1,12,"ASC2_child",-1.2,-0.491314122266342,1
1,2,0.1,12,"ASC3_male",-0.7,-0.488771486570626,1
1,2,0.1,12,"ASC3_age",0.4,0.222400344890153,1
1,2,0.1,12,"ASC3_income",0,-0.0599889587224083,0
1,2,0.1,12,"ASC3_child",0,1.02352092650267e-07,0
1,2,0.1,12,"prot25_male",0,0.128690378327352,1
1,2,0.1,12,"prot25_age",0,-3.22520219564537e-06,0
1,2,0.1,12,"prot25_income",0,-0.010627773030427,0
1,2,0.1,12,"prot25_child",1,0.616784373493564,1
1,2,0.1,12,"prot50_male",-0.6,-0.183073992074266,1
1,2,0.1,12,"prot50_age",0,0.032469885516469,0
1,2,0.1,12,"prot50_income",0,-0.00115712249233286,0
1,2,0.1,12,"prot50_child",0,0.0165307459169094,0
1,2,0.1,12,"invasive_male",0,0.0115489807107298,0
1,2,0.1,12,"invasive_age",0.6,0.33217389500841,1
1,2,0.1,12,"invasive_income",0.6,0.233606992756507,1
1,2,0.1,12,"invasive_child",-0.8,-0.355569071266428,1
1,2,0.1,13,"ASC2_male",-0.4,-0.09220995709781,0
1,2,0.1,13,"ASC2_age",0,0.00666312644518886,0
1,2,0.1,13,"ASC2_income",0,-0.0342604990056619,0
1,2,0.1,13,"ASC2_child",0,-5.14093419303572e-07,0
1,2,0.1,13,"ASC3_male",-0.4,-0.0472997513767965,0
1,2,0.1,13,"ASC3_age",-0.3,-0.151109428127471,1
1,2,0.1,13,"ASC3_income",-0.3,-0.23329120746421,1
1,2,0.1,13,"ASC3_child",0,0.039377794980079,0
1,2,0.1,13,"prot25_male",0,-6.85654125372518e-10,0
1,2,0.1,13,"prot25_age",-0.4,-0.204706587502051,1
1,2,0.1,13,"prot25_income",-1,-0.468656841521887,1
1,2,0.1,13,"prot25_child",0,-1.18994290450051e-08,0
1,2,0.1,13,"prot50_male",-0.6,-0.322331219328462,1
1,2,0.1,13,"prot50_age",0,-5.7630168057595e-07,0
1,2,0.1,13,"prot50_income",0,-0.0153308855724161,0
1,2,0.1,13,"prot50_child",0,0.0443998885744927,0
1,2,0.1,13,"invasive_male",-0.2,-7.47533610720376e-08,0
1,2,0.1,13,"invasive_age",1,0.499641264523645,1
1,2,0.1,13,"invasive_income",0.5,0.110045653174244,1
1,2,0.1,13,"invasive_child",0,-1.8201836004383e-08,0
1,2,0.1,14,"ASC2_male",1.1,0.586575046022699,1
1,2,0.1,14,"ASC2_age",0,0.0233386653958559,0
1,2,0.1,14,"ASC2_income",0,-0.0867602335685491,0
1,2,0.1,14,"ASC2_child",0.9,0.396267604550225,1
1,2,0.1,14,"ASC3_male",-0.6,-0.188982018486944,1
1,2,0.1,14,"ASC3_age",0,-0.0189188092441128,0
1,2,0.1,14,"ASC3_income",0.9,0.350473659237163,1
1,2,0.1,14,"ASC3_child",0,-2.5627140633108e-09,0
1,2,0.1,14,"prot25_male",0,0.0121909711936698,0
1,2,0.1,14,"prot25_age",0,-1.19064632702538e-05,0
1,2,0.1,14,"prot25_income",0,0.004456859197927,0
1,2,0.1,14,"prot25_child",0,0.0627539926098276,0
1,2,0.1,14,"prot50_male",0,0.017523063675254,0
1,2,0.1,14,"prot50_age",1,0.475064027412581,1
1,2,0.1,14,"prot50_income",0,-0.0123743427621997,0
1,2,0.1,14,"prot50_child",-0.9,-0.273377368000718,1
1,2,0.1,14,"invasive_male",0.3,0.0113861042463598,0
1,2,0.1,14,"invasive_age",-0.8,-0.380959396833002,1
1,2,0.1,14,"invasive_income",0.6,0.25737265633014,1
1,2,0.1,14,"invasive_child",-0.4,5.64008380619665e-09,0
1,2,0.1,15,"ASC2_male",-0.9,-0.310816156962031,1
1,2,0.1,15,"ASC2_age",1.2,0.595047436878051,1
1,2,0.1,15,"ASC2_income",0,-0.0218052557810933,0
1,2,0.1,15,"ASC2_child",-0.4,-0.112937711037113,1
1,2,0.1,15,"ASC3_male",-0.6,-0.154576741162564,1
1,2,0.1,15,"ASC3_age",0,-1.95127123984165e-06,0
1,2,0.1,15,"ASC3_income",0,-4.71044098603639e-06,0
1,2,0.1,15,"ASC3_child",0.9,0.39047967589251,1
1,2,0.1,15,"prot25_male",0,4.28545579759234e-05,0
1,2,0.1,15,"prot25_age",0.7,0.343622112926629,1
1,2,0.1,15,"prot25_income",-0.3,-0.147850184849843,1
1,2,0.1,15,"prot25_child",0.5,0.0651910649185115,0
1,2,0.1,15,"prot50_male",0,-3.75527784693501e-08,0
1,2,0.1,15,"prot50_age",-0.5,-0.248096851744162,1
1,2,0.1,15,"prot50_income",0,0.0180670810344729,0
1,2,0.1,15,"prot50_child",0.2,-1.5861524455738e-07,0
1,2,0.1,15,"invasive_male",0,4.93562445296267e-07,0
1,2,0.1,15,"invasive_age",0,3.334385883748e-06,0
1,2,0.1,15,"invasive_income",0,-2.79181760784521e-06,0
1,2,0.1,15,"invasive_child",0,0.0317977164873911,0
1,2,0.1,16,"ASC2_male",0,-0.00422943287074036,0
1,2,0.1,16,"ASC2_age",-0.6,-0.289838716090415,1
1,2,0.1,16,"ASC2_income",0,-0.0106376499971771,0
1,2,0.1,16,"ASC2_child",-0.8,-0.232834979339237,1
1,2,0.1,16,"ASC3_male",0,0.0352281508050043,0
1,2,0.1,16,"ASC3_age",-0.8,-0.363571549350003,1
1,2,0.1,16,"ASC3_income",0.8,0.41649470116112,1
1,2,0.1,16,"ASC3_child",-0.8,-0.232241619583729,1
1,2,0.1,16,"prot25_male",0.7,0.201742563406267,1
1,2,0.1,16,"prot25_age",-1,-0.431471655723182,1
1,2,0.1,16,"prot25_income",0,-0.0536121038001652,0
1,2,0.1,16,"prot25_child",0,0.0213159466257317,0
1,2,0.1,16,"prot50_male",0.6,0.176946185644345,1
1,2,0.1,16,"prot50_age",-1,-0.452940956447308,1
1,2,0.1,16,"prot50_income",0,-0.123794672056992,1
1,2,0.1,16,"prot50_child",0,5.70135626183952e-06,0
1,2,0.1,16,"invasive_male",0,-5.0732664785954e-08,0
1,2,0.1,16,"invasive_age",0.8,0.368541691245532,1
1,2,0.1,16,"invasive_income",0,-0.0360379883346892,0
1,2,0.1,16,"invasive_child",0,0.12512479594541,1
1,2,0.1,17,"ASC2_male",0,-1.10430594473283e-06,0
1,2,0.1,17,"ASC2_age",-1,-0.495591783216356,1
1,2,0.1,17,"ASC2_income",-0.9,-0.598745078718622,1
1,2,0.1,17,"ASC2_child",0,-0.0366646413963954,0
1,2,0.1,17,"ASC3_male",0,-2.91384769776033e-05,0
1,2,0.1,17,"ASC3_age",-1.1,-0.5114446566994,1
1,2,0.1,17,"ASC3_income",0,-0.0638568079361112,0
1,2,0.1,17,"ASC3_child",-0.6,-0.351106933902208,1
1,2,0.1,17,"prot25_male",-0.9,-0.461666338173344,1
1,2,0.1,17,"prot25_age",0,-0.0441485849592036,0
1,2,0.1,17,"prot25_income",0.6,0.375498161964705,1
1,2,0.1,17,"prot25_child",0,-0.125230969410605,1
1,2,0.1,17,"prot50_male",0.2,0.11831339871804,1
1,2,0.1,17,"prot50_age",0.5,0.27540645746688,1
1,2,0.1,17,"prot50_income",0,0.030608526741043,0
1,2,0.1,17,"prot50_child",0,0.022557719673234,0
1,2,0.1,17,"invasive_male",0.8,0.436037670042477,1
1,2,0.1,17,"invasive_age",0,0.0653636844003769,0
1,2,0.1,17,"invasive_income",-1.1,-0.638732617469302,1
1,2,0.1,17,"invasive_child",0,-1.89777687584613e-08,0
1,2,0.1,18,"ASC2_male",0.2,-0.0631164741343139,0
1,2,0.1,18,"ASC2_age",0.7,0.381006207032572,1
1,2,0.1,18,"ASC2_income",0,-0.00689632476488414,0
1,2,0.1,18,"ASC2_child",0.7,0.370782420486679,1
1,2,0.1,18,"ASC3_male",0.2,-3.34653559948425e-06,0
1,2,0.1,18,"ASC3_age",0,0.0183452210418033,0
1,2,0.1,18,"ASC3_income",0.4,0.137592173732221,1
1,2,0.1,18,"ASC3_child",0,-0.0117093276220305,0
1,2,0.1,18,"prot25_male",0,0.205609600955033,1
1,2,0.1,18,"prot25_age",0,0.017237403415575,0
1,2,0.1,18,"prot25_income",0,0.0512334473678611,0
1,2,0.1,18,"prot25_child",-0.5,-0.353231821259336,1
1,2,0.1,18,"prot50_male",-0.6,-0.185345988434388,1
1,2,0.1,18,"prot50_age",0,-0.0377541088469659,0
1,2,0.1,18,"prot50_income",1,0.606243649337415,1
1,2,0.1,18,"prot50_child",0,0.0133426087206959,0
1,2,0.1,18,"invasive_male",0,-0.0351690593073894,0
1,2,0.1,18,"invasive_age",0,-0.0123804128006808,0
1,2,0.1,18,"invasive_income",-0.2,-0.0220167313811857,0
1,2,0.1,18,"invasive_child",0.7,0.388140020119295,1
1,2,0.1,19,"ASC2_male",0,-9.64129317989234e-09,0
1,2,0.1,19,"ASC2_age",0,0.0287669706648373,0
1,2,0.1,19,"ASC2_income",-0.2,-0.135550748244918,1
1,2,0.1,19,"ASC2_child",0,0.135678210503859,1
1,2,0.1,19,"ASC3_male",0,-7.01743789155936e-08,0
1,2,0.1,19,"ASC3_age",0.2,0.0953488545884921,0
1,2,0.1,19,"ASC3_income",-0.8,-0.422047353055344,1
1,2,0.1,19,"ASC3_child",-1,-0.315678852248465,1
1,2,0.1,19,"prot25_male",0,0.0272623346339847,0
1,2,0.1,19,"prot25_age",0,-7.16003257951067e-09,0
1,2,0.1,19,"prot25_income",0,-1.16579422244987e-08,0
1,2,0.1,19,"prot25_child",0.7,0.198720052065614,1
1,2,0.1,19,"prot50_male",-1,-0.354131225121213,1
1,2,0.1,19,"prot50_age",0,-1.13208361654796e-08,0
1,2,0.1,19,"prot50_income",0.5,0.244125558538286,1
1,2,0.1,19,"prot50_child",1.1,0.341620233313508,1
1,2,0.1,19,"invasive_male",0,-2.23289752762476e-09,0
1,2,0.1,19,"invasive_age",0,1.20455861866187e-07,0
1,2,0.1,19,"invasive_income",0.6,0.315585275326583,1
1,2,0.1,19,"invasive_child",-1.2,-0.482748669650476,1
1,2,0.1,20,"ASC2_male",0,0.0298105423460838,0
1,2,0.1,20,"ASC2_age",0.9,0.382087979612521,1
1,2,0.1,20,"ASC2_income",1,0.525149185415523,1
1,2,0.1,20,"ASC2_child",-1,-0.180122086114357,1
1,2,0.1,20,"ASC3_male",0.7,0.405673633522608,1
1,2,0.1,20,"ASC3_age",-1.2,-0.547701677669087,1
1,2,0.1,20,"ASC3_income",-0.6,-0.243598755178556,1
1,2,0.1,20,"ASC3_child",-0.7,-3.76826105999495e-08,0
1,2,0.1,20,"prot25_male",0,-4.04188170200647e-10,0
1,2,0.1,20,"prot25_age",0,-0.0235702706121537,0
1,2,0.1,20,"prot25_income",0,2.45895335625098e-06,0
1,2,0.1,20,"prot25_child",0.7,0.114897786414691,1
1,2,0.1,20,"prot50_male",0,3.03339967370738e-06,0
1,2,0.1,20,"prot50_age",0,-2.19795854405806e-05,0
1,2,0.1,20,"prot50_income",0,0.000871164288140724,0
1,2,0.1,20,"prot50_child",0,-0.140350201793544,1
1,2,0.1,20,"invasive_male",0,-3.01519494905999e-06,0
1,2,0.1,20,"invasive_age",0.5,0.233982324685326,1
1,2,0.1,20,"invasive_income",0,2.43380572562447e-05,0
1,2,0.1,20,"invasive_child",0.3,0.156817459026243,1
1,2,0.1,21,"ASC2_male",-0.5,-0.189625707913134,1
1,2,0.1,21,"ASC2_age",-0.6,-0.268720250928952,1
1,2,0.1,21,"ASC2_income",0,-0.0207595913185277,0
1,2,0.1,21,"ASC2_child",1.1,0.495892840052423,1
1,2,0.1,21,"ASC3_male",0,-1.1879579991306e-10,0
1,2,0.1,21,"ASC3_age",0.3,0.201598509818623,1
1,2,0.1,21,"ASC3_income",0,-0.018731603149599,0
1,2,0.1,21,"ASC3_child",0,-1.28263653010567e-06,0
1,2,0.1,21,"prot25_male",0.5,0.326237075681856,1
1,2,0.1,21,"prot25_age",0,1.75938262075162e-07,0
1,2,0.1,21,"prot25_income",-1,-0.552567105257213,1
1,2,0.1,21,"prot25_child",0,0.110146822221774,1
1,2,0.1,21,"prot50_male",-0.5,-0.0700153124294129,0
1,2,0.1,21,"prot50_age",0,-0.0107263232250693,0
1,2,0.1,21,"prot50_income",0,-0.0375813499977421,0
1,2,0.1,21,"prot50_child",-0.7,-0.0997195697721054,0
1,2,0.1,21,"invasive_male",0,3.75310117574409e-08,0
1,2,0.1,21,"invasive_age",1.2,0.615206471335914,1
1,2,0.1,21,"invasive_income",-0.2,-0.0601001402175862,0
1,2,0.1,21,"invasive_child",0,-1.48240472287154e-08,0
1,2,0.1,22,"ASC2_male",0.7,0.379497116855525,1
1,2,0.1,22,"ASC2_age",-0.2,-0.0124197082477947,0
1,2,0.1,22,"ASC2_income",-0.4,-0.1716712397372,1
1,2,0.1,22,"ASC2_child",0,-4.53253149298272e-09,0
1,2,0.1,22,"ASC3_male",0,-0.00306114674494031,0
1,2,0.1,22,"ASC3_age",-0.7,-0.317218538741153,1
1,2,0.1,22,"ASC3_income",0,0.026089173847506,0
1,2,0.1,22,"ASC3_child",-0.7,-0.316607145119778,1
1,2,0.1,22,"prot25_male",0,0.0745602873516693,0
1,2,0.1,22,"prot25_age",0,-0.0859711870678329,0
1,2,0.1,22,"prot25_income",0.5,0.248613637171708,1
1,2,0.1,22,"prot25_child",0,-1.24230971324938e-08,0
1,2,0.1,22,"prot50_male",0,-3.47334405155726e-10,0
1,2,0.1,22,"prot50_age",1,0.433107778690879,1
1,2,0.1,22,"prot50_income",-0.9,-0.468901498068074,1
1,2,0.1,22,"prot50_child",-1.1,-0.390520709465407,1
1,2,0.1,22,"invasive_male",0,-6.42758211262906e-09,0
1,2,0.1,22,"invasive_age",0.3,0.0969189404979723,0
1,2,0.1,22,"invasive_income",0,-0.0275222757795974,0
1,2,0.1,22,"invasive_child",0,5.56138649534698e-08,0
1,2,0.1,23,"ASC2_male",0,-0.105490531285448,1
1,2,0.1,23,"ASC2_age",0.5,0.315012745521594,1
1,2,0.1,23,"ASC2_income",0.8,0.466519646675635,1
1,2,0.1,23,"ASC2_child",-0.2,3.31502016564068e-08,0
1,2,0.1,23,"ASC3_male",0.6,0.220763510169257,1
1,2,0.1,23,"ASC3_age",-0.3,-0.104866635285395,1
1,2,0.1,23,"ASC3_income",0,0.0585693988735138,0
1,2,0.1,23,"ASC3_child",0,1.20966597903134e-06,0
1,2,0.1,23,"prot25_male",0.8,0.410825358987428,1
1,2,0.1,23,"prot25_age",0.4,0.231821256719311,1
1,2,0.1,23,"prot25_income",0.5,0.232548180587636,1
1,2,0.1,23,"prot25_child",0,-1.52641068931708e-07,0
1,2,0.1,23,"prot50_male",0,0.0623491422066286,0
1,2,0.1,23,"prot50_age",0,4.50938371352868e-07,0
1,2,0.1,23,"prot50_income",0,-3.7489544371432e-07,0
1,2,0.1,23,"prot50_child",0.5,0.201226964015753,1
1,2,0.1,23,"invasive_male",-0.5,-0.0366054861893263,0
1,2,0.1,23,"invasive_age",0,1.19189607999186e-06,0
1,2,0.1,23,"invasive_income",0,5.53789689878084e-07,0
1,2,0.1,23,"invasive_child",0,-0.141141699125101,1
1,2,0.1,24,"ASC2_male",-0.3,-0.00353231176153676,0
1,2,0.1,24,"ASC2_age",-0.3,-0.168041260727632,1
1,2,0.1,24,"ASC2_income",0,-0.170379390568548,1
1,2,0.1,24,"ASC2_child",0,-2.24568444075753e-07,0
1,2,0.1,24,"ASC3_male",0,0.23880415731939,1
1,2,0.1,24,"ASC3_age",1.2,0.631895306334509,1
1,2,0.1,24,"ASC3_income",0,-0.157839148744932,1
1,2,0.1,24,"ASC3_child",0,-0.000963752623706013,0
1,2,0.1,24,"prot25_male",0.4,0.00110439604379189,0
1,2,0.1,24,"prot25_age",0,0.0237625027845005,0
1,2,0.1,24,"prot25_income",0.8,0.505134301099357,1
1,2,0.1,24,"prot25_child",1,0.525808916787809,1
1,2,0.1,24,"prot50_male",0,-0.0822230396588038,0
1,2,0.1,24,"prot50_age",-0.8,-0.379084869687325,1
1,2,0.1,24,"prot50_income",1.1,0.624671773648429,1
1,2,0.1,24,"prot50_child",0,0.0278927774836488,0
1,2,0.1,24,"invasive_male",0,-0.019844373414515,0
1,2,0.1,24,"invasive_age",1.1,0.591308513494653,1
1,2,0.1,24,"invasive_income",0,-0.0695186826516053,0
1,2,0.1,24,"invasive_child",1.2,0.553307113708212,1
1,2,0.1,25,"ASC2_male",1.2,0.528545332866579,1
1,2,0.1,25,"ASC2_age",0,0.0483304681603382,0
1,2,0.1,25,"ASC2_income",0,-6.46409022511255e-09,0
1,2,0.1,25,"ASC2_child",0,-7.82522057561593e-09,0
1,2,0.1,25,"ASC3_male",-1,-0.539432418147203,1
1,2,0.1,25,"ASC3_age",-0.2,-0.0802407253631772,0
1,2,0.1,25,"ASC3_income",0,-0.00962498972130469,0
1,2,0.1,25,"ASC3_child",-1.1,-0.572053362017794,1
1,2,0.1,25,"prot25_male",1.1,0.53907267030497,1
1,2,0.1,25,"prot25_age",-0.6,-0.293823274864393,1
1,2,0.1,25,"prot25_income",0,0.0491133963311839,0
1,2,0.1,25,"prot25_child",1,0.603767172372079,1
1,2,0.1,25,"prot50_male",0,-6.03894118732328e-09,0
1,2,0.1,25,"prot50_age",0,-0.0432809622567014,0
1,2,0.1,25,"prot50_income",0,0.0483808698252116,0
1,2,0.1,25,"prot50_child",0,-3.37205008997949e-09,0
1,2,0.1,25,"invasive_male",0,-6.82635464818865e-08,0
1,2,0.1,25,"invasive_age",1.1,0.553234332410073,1
1,2,0.1,25,"invasive_income",-1.2,-0.605322963713633,1
1,2,0.1,25,"invasive_child",1.2,0.568534436620048,1
1,2,0.1,26,"ASC2_male",0,-0.207897251120982,1
1,2,0.1,26,"ASC2_age",-0.9,-0.374552130337396,1
1,2,0.1,26,"ASC2_income",-1.2,-0.541279502662983,1
1,2,0.1,26,"ASC2_child",-0.4,-0.12384887994947,1
1,2,0.1,26,"ASC3_male",0.8,0.202671549992252,1
1,2,0.1,26,"ASC3_age",0,0.0996722021340963,0
1,2,0.1,26,"ASC3_income",-0.5,-0.280750290128652,1
1,2,0.1,26,"ASC3_child",0.1,0.0959550860636217,0
1,2,0.1,26,"prot25_male",-0.9,-0.219196430655254,1
1,2,0.1,26,"prot25_age",0,-0.0619011111208216,0
1,2,0.1,26,"prot25_income",0,-0.082953581292501,0
1,2,0.1,26,"prot25_child",0,-0.068152902282515,0
1,2,0.1,26,"prot50_male",0,0.188796889619616,1
1,2,0.1,26,"prot50_age",0,-0.09653651134341,0
1,2,0.1,26,"prot50_income",0.1,0.0322574076910872,0
1,2,0.1,26,"prot50_child",0,-0.11655175102907,1
1,2,0.1,26,"invasive_male",0,3.70504289342204e-07,0
1,2,0.1,26,"invasive_age",0.9,0.424019203319645,1
1,2,0.1,26,"invasive_income",-0.7,-0.320927555712332,1
1,2,0.1,26,"invasive_child",0,0.0303581451420363,0
1,2,0.1,27,"ASC2_male",-1.2,-0.554589552961011,1
1,2,0.1,27,"ASC2_age",-0.5,-0.162994344793093,1
1,2,0.1,27,"ASC2_income",0,0.066513113493395,0
1,2,0.1,27,"ASC2_child",0,1.71942286506391e-09,0
1,2,0.1,27,"ASC3_male",0,-1.21764419197104e-08,0
1,2,0.1,27,"ASC3_age",0,0.035042170687484,0
1,2,0.1,27,"ASC3_income",0,-9.28175788597539e-09,0
1,2,0.1,27,"ASC3_child",0.8,0.3671387763179,1
1,2,0.1,27,"prot25_male",-0.8,-0.249068847784419,1
1,2,0.1,27,"prot25_age",0.9,0.384400049858681,1
1,2,0.1,27,"prot25_income",0,-1.19687873467961e-08,0
1,2,0.1,27,"prot25_child",0.6,0.39218776372372,1
1,2,0.1,27,"prot50_male",0,0.160936603054586,1
1,2,0.1,27,"prot50_age",0,3.8496269822712e-08,0
1,2,0.1,27,"prot50_income",0,1.63057812841458e-08,0
1,2,0.1,27,"prot50_child",0.4,0.140912581541343,1
1,2,0.1,27,"invasive_male",-0.2,-0.00792671273252816,0
1,2,0.1,27,"invasive_age",-0.2,-0.00755512593827288,0
1,2,0.1,27,"invasive_income",1,0.599108839097969,1
1,2,0.1,27,"invasive_child",0,-0.00224111897364675,0
1,2,0.1,28,"ASC2_male",-0.6,-0.0982111747636141,0
1,2,0.1,28,"ASC2_age",0,0.000350634222694324,0
1,2,0.1,28,"ASC2_income",0,0.0543189869059375,0
1,2,0.1,28,"ASC2_child",0,0.119675527147864,1
1,2,0.1,28,"ASC3_male",-0.9,-0.309686630803147,1
1,2,0.1,28,"ASC3_age",-0.8,-0.367919853590112,1
1,2,0.1,28,"ASC3_income",0,0.0653740149102543,0
1,2,0.1,28,"ASC3_child",-0.7,-0.185332410872518,1
1,2,0.1,28,"prot25_male",0,-0.0967520567293084,0
1,2,0.1,28,"prot25_age",1.1,0.586084936821019,1
1,2,0.1,28,"prot25_income",1.2,0.648307431018891,1
1,2,0.1,28,"prot25_child",0,1.461573189033e-05,0
1,2,0.1,28,"prot50_male",-0.2,-0.169916847675926,1
1,2,0.1,28,"prot50_age",0.8,0.37351281315556,1
1,2,0.1,28,"prot50_income",-0.2,-0.0823928288008123,0
1,2,0.1,28,"prot50_child",0,-7.17155062767644e-09,0
1,2,0.1,28,"invasive_male",0,0.0125353657153178,0
1,2,0.1,28,"invasive_age",0,0.0045714952190952,0
1,2,0.1,28,"invasive_income",0.3,0.183903803048112,1
1,2,0.1,28,"invasive_child",0,0.162156771128547,1
1,2,0.1,29,"ASC2_male",0,-1.14068950034513e-06,0
1,2,0.1,29,"ASC2_age",0,0.0743033401727789,0
1,2,0.1,29,"ASC2_income",-0.1,-0.0124184927718482,0
1,2,0.1,29,"ASC2_child",0,7.69199827212892e-06,0
1,2,0.1,29,"ASC3_male",0,4.12139658366838e-08,0
1,2,0.1,29,"ASC3_age",0.9,0.461073277956886,1
1,2,0.1,29,"ASC3_income",0,-2.96335894126948e-09,0
1,2,0.1,29,"ASC3_child",-0.2,-0.213545769749348,1
1,2,0.1,29,"prot25_male",0,-0.0440725403016349,0
1,2,0.1,29,"prot25_age",0,-0.0977298858366647,0
1,2,0.1,29,"prot25_income",0.8,0.411536582152737,1
1,2,0.1,29,"prot25_child",-0.4,-0.290335322830422,1
1,2,0.1,29,"prot50_male",0.4,0.252250553406152,1
1,2,0.1,29,"prot50_age",0.5,0.192765803495166,1
1,2,0.1,29,"prot50_income",0,-0.00268727332917177,0
1,2,0.1,29,"prot50_child",0.7,0.291621044902183,1
1,2,0.1,29,"invasive_male",0,-5.76058924107893e-07,0
1,2,0.1,29,"invasive_age",-0.3,-0.114283106776831,1
1,2,0.1,29,"invasive_income",0,-0.0280583705337428,0
1,2,0.1,29,"invasive_child",1,0.390518164657924,1
1,2,0.1,30,"ASC2_male",0,-0.00160983353722752,0
1,2,0.1,30,"ASC2_age",0,-0.000587944549282232,0
1,2,0.1,30,"ASC2_income",0,-3.53362362127756e-05,0
1,2,0.1,30,"ASC2_child",0.6,0.206910795789729,1
1,2,0.1,30,"ASC3_male",0.4,0.0730292834074911,0
1,2,0.1,30,"ASC3_age",0,-0.01939630357289,0
1,2,0.1,30,"ASC3_income",0.2,0.100325356587599,1
1,2,0.1,30,"ASC3_child",0.2,-2.1560755486218e-08,0
1,2,0.1,30,"prot25_male",0,0.0981392242435135,0
1,2,0.1,30,"prot25_age",-0.7,-0.29141742660214,1
1,2,0.1,30,"prot25_income",0.4,0.139782671516832,1
1,2,0.1,30,"prot25_child",0.8,0.479849816826637,1
1,2,0.1,30,"prot50_male",-0.7,-0.253979873088944,1
1,2,0.1,30,"prot50_age",0,0.0420667477789148,0
1,2,0.1,30,"prot50_income",0,-8.26884841537537e-09,0
1,2,0.1,30,"prot50_child",0,0.0394072849379466,0
1,2,0.1,30,"invasive_male",1.1,0.381195216500731,1
1,2,0.1,30,"invasive_age",0,0.0558959603664237,0
1,2,0.1,30,"invasive_income",0.4,0.165974001330614,1
1,2,0.1,30,"invasive_child",0,-6.53341769354442e-09,0
1,2,0.1,31,"ASC2_male",1.2,0.582778438179446,1
1,2,0.1,31,"ASC2_age",0,-0.0235764676930943,0
1,2,0.1,31,"ASC2_income",-0.3,-0.258858542938714,1
1,2,0.1,31,"ASC2_child",0,-1.64016197607573e-08,0
1,2,0.1,31,"ASC3_male",0,-0.00808235303978129,0
1,2,0.1,31,"ASC3_age",0,-0.0365662162968953,0
1,2,0.1,31,"ASC3_income",0,-0.0939731944139456,0
1,2,0.1,31,"ASC3_child",0,-4.6240136271846e-09,0
1,2,0.1,31,"prot25_male",-0.8,-0.148434535207745,1
1,2,0.1,31,"prot25_age",-0.2,-0.0792163776244641,0
1,2,0.1,31,"prot25_income",0,0.03463601441911,0
1,2,0.1,31,"prot25_child",0,0.00275814126027127,0
1,2,0.1,31,"prot50_male",-0.9,-0.239870117967599,1
1,2,0.1,31,"prot50_age",-0.9,-0.408244595378587,1
1,2,0.1,31,"prot50_income",-0.2,-0.042801619262919,0
1,2,0.1,31,"prot50_child",-0.5,-0.0312832052695579,0
1,2,0.1,31,"invasive_male",-1,-0.357680095866802,1
1,2,0.1,31,"invasive_age",0,0.0207179225197868,0
1,2,0.1,31,"invasive_income",0,1.97605014009382e-08,0
1,2,0.1,31,"invasive_child",-0.7,-0.255855682313826,1
1,2,0.1,32,"ASC2_male",0.2,0.00790752675961653,0
1,2,0.1,32,"ASC2_age",0.7,0.306470768865952,1
1,2,0.1,32,"ASC2_income",-1,-0.504341711465777,1
1,2,0.1,32,"ASC2_child",0.4,0.144539350521197,1
1,2,0.1,32,"ASC3_male",0,-0.178164730643743,1
1,2,0.1,32,"ASC3_age",0.3,0.147512033544918,1
1,2,0.1,32,"ASC3_income",0,-0.0120849654568608,0
1,2,0.1,32,"ASC3_child",0.5,0.262048382093739,1
1,2,0.1,32,"prot25_male",0,-0.017123585879719,0
1,2,0.1,32,"prot25_age",-0.6,-0.285147915862301,1
1,2,0.1,32,"prot25_income",0,-0.00590362709863401,0
1,2,0.1,32,"prot25_child",0,-2.56243164439953e-07,0
1,2,0.1,32,"prot50_male",0.7,0.420742805511412,1
1,2,0.1,32,"prot50_age",0.3,0.209276264838525,1
1,2,0.1,32,"prot50_income",0,-0.0514143499701928,0
1,2,0.1,32,"prot50_child",-0.6,-0.413550917085629,1
1,2,0.1,32,"invasive_male",0,-0.129174348046881,1
1,2,0.1,32,"invasive_age",0,0.0130363181997018,0
1,2,0.1,32,"invasive_income",0,0.0143027324620271,0
1,2,0.1,32,"invasive_child",0,-0.0684227196702983,0
1,2,0.1,33,"ASC2_male",0,-1.09812708574939e-08,0
1,2,0.1,33,"ASC2_age",-0.3,-0.223430343675037,1
1,2,0.1,33,"ASC2_income",0,0.067547073570613,0
1,2,0.1,33,"ASC2_child",0,-0.0629143763147261,0
1,2,0.1,33,"ASC3_male",0,0.0448004042019238,0
1,2,0.1,33,"ASC3_age",1.1,0.543001981629941,1
1,2,0.1,33,"ASC3_income",0,0.0285464543032686,0
1,2,0.1,33,"ASC3_child",0,0.0311813769019118,0
1,2,0.1,33,"prot25_male",0.9,0.313659837847764,1
1,2,0.1,33,"prot25_age",-0.8,-0.271001033542145,1
1,2,0.1,33,"prot25_income",1.1,0.586002626297241,1
1,2,0.1,33,"prot25_child",0,0.0369420658314449,0
1,2,0.1,33,"prot50_male",-1.2,-0.698076237463711,1
1,2,0.1,33,"prot50_age",0.3,0.231123463571179,1
1,2,0.1,33,"prot50_income",0,-2.85028751998943e-08,0
1,2,0.1,33,"prot50_child",0.8,0.443145720191303,1
1,2,0.1,33,"invasive_male",0,-0.0947259902994107,0
1,2,0.1,33,"invasive_age",-1.2,-0.591464894446782,1
1,2,0.1,33,"invasive_income",0.6,0.332558088952564,1
1,2,0.1,33,"invasive_child",0,0.135122027707649,1
1,2,0.1,34,"ASC2_male",0,0.00438920856040036,0
1,2,0.1,34,"ASC2_age",-0.5,-0.183624212829932,1
1,2,0.1,34,"ASC2_income",0,-0.0295157332893775,0
1,2,0.1,34,"ASC2_child",1,0.512101842252937,1
1,2,0.1,34,"ASC3_male",0,-6.14147104838399e-09,0
1,2,0.1,34,"ASC3_age",-0.3,-0.0970017624902968,0
1,2,0.1,34,"ASC3_income",-0.7,-0.305751322485245,1
1,2,0.1,34,"ASC3_child",-1,-0.429575702305409,1
1,2,0.1,34,"prot25_male",0,0.0213604900928993,0
1,2,0.1,34,"prot25_age",0,-0.0157058151503838,0
1,2,0.1,34,"prot25_income",0,-5.92427998800195e-08,0
1,2,0.1,34,"prot25_child",0,-7.53547864393177e-09,0
1,2,0.1,34,"prot50_male",0,-2.04071627331947e-08,0
1,2,0.1,34,"prot50_age",-0.8,-0.385353052912025,1
1,2,0.1,34,"prot50_income",-0.1,-0.061907081592892,0
1,2,0.1,34,"prot50_child",0,-2.1840671975823e-08,0
1,2,0.1,34,"invasive_male",-0.9,-0.422125917743295,1
1,2,0.1,34,"invasive_age",-0.9,-0.427746516047806,1
1,2,0.1,34,"invasive_income",-0.9,-0.449527723108354,1
1,2,0.1,34,"invasive_child",0,-0.00781735297319735,0
1,2,0.1,35,"ASC2_male",0,-0.0178259053901669,0
1,2,0.1,35,"ASC2_age",0,-0.0823932052739831,0
1,2,0.1,35,"ASC2_income",-0.2,-0.0318968701831932,0
1,2,0.1,35,"ASC2_child",0,-0.0787234908575499,0
1,2,0.1,35,"ASC3_male",0,0.0147224894773537,0
1,2,0.1,35,"ASC3_age",0,-0.0657237415643917,0
1,2,0.1,35,"ASC3_income",0,0.0522206704488162,0
1,2,0.1,35,"ASC3_child",0,-0.0334614715591339,0
1,2,0.1,35,"prot25_male",0,1.50363387383936e-06,0
1,2,0.1,35,"prot25_age",1.2,0.611860703541973,1
1,2,0.1,35,"prot25_income",-0.2,-0.126646327289248,1
1,2,0.1,35,"prot25_child",0.8,0.379337683433519,1
1,2,0.1,35,"prot50_male",-0.9,-0.445381397878367,1
1,2,0.1,35,"prot50_age",-0.2,-0.0616549591188939,0
1,2,0.1,35,"prot50_income",0,-1.36677770178119e-08,0
1,2,0.1,35,"prot50_child",0,0.0430640672888914,0
1,2,0.1,35,"invasive_male",0.3,0.0734114087278348,0
1,2,0.1,35,"invasive_age",0.3,0.120278180439442,1
1,2,0.1,35,"invasive_income",-0.4,-0.239836039512041,1
1,2,0.1,35,"invasive_child",-0.5,-0.22045776665202,1
1,2,0.1,36,"ASC2_male",-0.7,-0.288020759216116,1
1,2,0.1,36,"ASC2_age",0,0.00886298576245235,0
1,2,0.1,36,"ASC2_income",0.1,1.03265074043008e-06,0
1,2,0.1,36,"ASC2_child",0,-8.23857737486997e-08,0
1,2,0.1,36,"ASC3_male",0,-0.0139376276105578,0
1,2,0.1,36,"ASC3_age",0.6,0.325420303611377,1
1,2,0.1,36,"ASC3_income",1.1,0.52414435127198,1
1,2,0.1,36,"ASC3_child",0,-0.0825172319143212,0
1,2,0.1,36,"prot25_male",0,7.96593888820448e-07,0
1,2,0.1,36,"prot25_age",0,2.36916453169575e-07,0
1,2,0.1,36,"prot25_income",0.2,0.160217570940538,1
1,2,0.1,36,"prot25_child",0,0.0253313562325344,0
1,2,0.1,36,"prot50_male",0,-0.0943466013847603,0
1,2,0.1,36,"prot50_age",0.9,0.469705866606748,1
1,2,0.1,36,"prot50_income",-0.8,-0.353851292553488,1
1,2,0.1,36,"prot50_child",0,-8.76264953419414e-07,0
1,2,0.1,36,"invasive_male",-1,-0.473452151600265,1
1,2,0.1,36,"invasive_age",0.8,0.410214929601293,1
1,2,0.1,36,"invasive_income",0,0.071900212916067,0
1,2,0.1,36,"invasive_child",-0.8,-0.349473167714459,1
1,2,0.1,37,"ASC2_male",0,-0.143763326801286,1
1,2,0.1,37,"ASC2_age",0,2.78156995224599e-07,0
1,2,0.1,37,"ASC2_income",0,-0.104998396323524,1
1,2,0.1,37,"ASC2_child",0,0.0117181394439178,0
1,2,0.1,37,"ASC3_male",0,-0.0537662582639776,0
1,2,0.1,37,"ASC3_age",0,-1.01911577523015e-09,0
1,2,0.1,37,"ASC3_income",0.6,0.197420013236688,1
1,2,0.1,37,"ASC3_child",0,1.82082396115388e-06,0
1,2,0.1,37,"prot25_male",-0.8,-0.326838036273129,1
1,2,0.1,37,"prot25_age",0.9,0.432759822643606,1
1,2,0.1,37,"prot25_income",-0.7,-0.256838203954202,1
1,2,0.1,37,"prot25_child",0.1,0.0974568450239877,0
1,2,0.1,37,"prot50_male",0,3.74021519410313e-06,0
1,2,0.1,37,"prot50_age",1,0.556202087942864,1
1,2,0.1,37,"prot50_income",0,0.0823934443408046,0
1,2,0.1,37,"prot50_child",-0.9,-0.439920903500067,1
1,2,0.1,37,"invasive_male",0.6,0.167828536252014,1
1,2,0.1,37,"invasive_age",-0.3,-0.0721801703813868,0
1,2,0.1,37,"invasive_income",1.1,0.536578090368652,1
1,2,0.1,37,"invasive_child",0,3.81239694972499e-06,0
1,2,0.1,38,"ASC2_male",0.8,0.285050464075446,1
1,2,0.1,38,"ASC2_age",0,-0.0481599167458151,0
1,2,0.1,38,"ASC2_income",0.8,0.402125244259715,1
1,2,0.1,38,"ASC2_child",0.4,-2.9050153150634e-11,0
1,2,0.1,38,"ASC3_male",0,-0.163709199272169,1
1,2,0.1,38,"ASC3_age",0,2.15149350357864e-07,0
1,2,0.1,38,"ASC3_income",0,-0.000126070979116126,0
1,2,0.1,38,"ASC3_child",0.2,0.00773743898601059,0
1,2,0.1,38,"prot25_male",0,0.128053174034319,1
1,2,0.1,38,"prot25_age",0,0.0312716371512024,0
1,2,0.1,38,"prot25_income",0,7.38575189444779e-05,0
1,2,0.1,38,"prot25_child",0,0.0016820873924849,0
1,2,0.1,38,"prot50_male",0,0.109626403762226,1
1,2,0.1,38,"prot50_age",0.3,0.234343107143193,1
1,2,0.1,38,"prot50_income",0.9,0.510970608611542,1
1,2,0.1,38,"prot50_child",0,0.0983843594324794,0
1,2,0.1,38,"invasive_male",-0.5,-0.28506611806048,1
1,2,0.1,38,"invasive_age",0.9,0.55595628941199,1
1,2,0.1,38,"invasive_income",1,0.531533679817147,1
1,2,0.1,38,"invasive_child",-0.2,-0.261027473453246,1
1,2,0.1,39,"ASC2_male",0.9,0.35641000788707,1
1,2,0.1,39,"ASC2_age",1.1,0.533772831284046,1
1,2,0.1,39,"ASC2_income",0,2.76259587628109e-09,0
1,2,0.1,39,"ASC2_child",0.7,0.347811578705954,1
1,2,0.1,39,"ASC3_male",0,-1.15912760173916e-08,0
1,2,0.1,39,"ASC3_age",-0.1,-0.0307595180131955,0
1,2,0.1,39,"ASC3_income",0,-0.00404473222974683,0
1,2,0.1,39,"ASC3_child",-1.1,-0.412394395805413,1
1,2,0.1,39,"prot25_male",0,-3.55457206210644e-10,0
1,2,0.1,39,"prot25_age",0,-1.93210488973515e-08,0
1,2,0.1,39,"prot25_income",0.9,0.338613811753535,1
1,2,0.1,39,"prot25_child",0,1.60290088087953e-08,0
1,2,0.1,39,"prot50_male",0,1.82510750770638e-08,0
1,2,0.1,39,"prot50_age",0.9,0.396753711606121,1
1,2,0.1,39,"prot50_income",-0.8,-0.2998876013768,1
1,2,0.1,39,"prot50_child",0,-3.91094577350718e-09,0
1,2,0.1,39,"invasive_male",0.1,-2.33784317146957e-08,0
1,2,0.1,39,"invasive_age",0,-2.38568541475706e-09,0
1,2,0.1,39,"invasive_income",0.7,0.296194285703574,1
1,2,0.1,39,"invasive_child",0,-4.84451652762876e-09,0
1,2,0.1,40,"ASC2_male",0,-0.00123238916428545,0
1,2,0.1,40,"ASC2_age",0,2.9602796669882e-09,0
1,2,0.1,40,"ASC2_income",-1,-0.59414944432468,1
1,2,0.1,40,"ASC2_child",-0.4,-0.234010216388977,1
1,2,0.1,40,"ASC3_male",1.2,0.564756825901186,1
1,2,0.1,40,"ASC3_age",0,-0.0235675143984107,0
1,2,0.1,40,"ASC3_income",0,-1.8270624499809e-08,0
1,2,0.1,40,"ASC3_child",0,-8.8692044962386e-09,0
1,2,0.1,40,"prot25_male",-0.1,-1.73184272067032e-09,0
1,2,0.1,40,"prot25_age",0,-4.63062939918856e-07,0
1,2,0.1,40,"prot25_income",-0.3,-0.125200373560937,1
1,2,0.1,40,"prot25_child",-0.5,-0.161804560325243,1
1,2,0.1,40,"prot50_male",-1.2,-0.488003497674731,1
1,2,0.1,40,"prot50_age",0,-2.67915420356443e-07,0
1,2,0.1,40,"prot50_income",0,-0.0384439412543914,0
1,2,0.1,40,"prot50_child",1.1,0.576800306777442,1
1,2,0.1,40,"invasive_male",-0.8,-0.280326913072723,1
1,2,0.1,40,"invasive_age",0.5,0.247019723540365,1
1,2,0.1,40,"invasive_income",0,-0.0514171286339597,0
1,2,0.1,40,"invasive_child",0,-1.41718888523957e-10,0
1,2,0.1,41,"ASC2_male",0.1,-0.235969160042329,1
1,2,0.1,41,"ASC2_age",0,0.00600727880191216,0
1,2,0.1,41,"ASC2_income",-1,-0.522287248299678,1
1,2,0.1,41,"ASC2_child",-0.6,-0.139148614210048,1
1,2,0.1,41,"ASC3_male",0.8,0.0167751633523528,0
1,2,0.1,41,"ASC3_age",-0.6,-0.249377919842344,1
1,2,0.1,41,"ASC3_income",-0.6,-0.262365725727756,1
1,2,0.1,41,"ASC3_child",-1,-0.328429160669928,1
1,2,0.1,41,"prot25_male",0,0.177140726894515,1
1,2,0.1,41,"prot25_age",-1,-0.475651213232692,1
1,2,0.1,41,"prot25_income",0,-0.000661390263258306,0
1,2,0.1,41,"prot25_child",0,-0.0720351707674261,0
1,2,0.1,41,"prot50_male",0,0.195231744199514,1
1,2,0.1,41,"prot50_age",0,0.0567376046999253,0
1,2,0.1,41,"prot50_income",0,0.032346534577772,0
1,2,0.1,41,"prot50_child",0,-0.178703544393752,1
1,2,0.1,41,"invasive_male",-0.7,-0.406197264645985,1
1,2,0.1,41,"invasive_age",-0.5,-0.27780369212584,1
1,2,0.1,41,"invasive_income",0,0.0327299643663479,0
1,2,0.1,41,"invasive_child",0,1.39656492207427e-08,0
1,2,0.1,42,"ASC2_male",-0.1,-0.0148451966960217,0
1,2,0.1,42,"ASC2_age",1,0.504052051995057,1
1,2,0.1,42,"ASC2_income",0,0.076897682878445,0
1,2,0.1,42,"ASC2_child",0.4,0.174412442946386,1
1,2,0.1,42,"ASC3_male",-0.7,-0.214324806481149,1
1,2,0.1,42,"ASC3_age",0,0.00188003027134447,0
1,2,0.1,42,"ASC3_income",0,0.000977086816145752,0
1,2,0.1,42,"ASC3_child",0,-0.0481089049806284,0
1,2,0.1,42,"prot25_male",0.1,0.0328294179012526,0
1,2,0.1,42,"prot25_age",0.8,0.416878257834659,1
1,2,0.1,42,"prot25_income",0,0.0437023791287018,0
1,2,0.1,42,"prot25_child",0,0.00848942999147716,0
1,2,0.1,42,"prot50_male",0,-0.0279460502771369,0
1,2,0.1,42,"prot50_age",1,0.545716536414061,1
1,2,0.1,42,"prot50_income",0,0.0382885203290714,0
1,2,0.1,42,"prot50_child",0,-1.05882690279988e-08,0
1,2,0.1,42,"invasive_male",-0.9,-0.44078178358347,1
1,2,0.1,42,"invasive_age",0,0.0204875111989004,0
1,2,0.1,42,"invasive_income",-1,-0.426904504591035,1
1,2,0.1,42,"invasive_child",-1.1,-0.614048193395835,1
1,2,0.1,43,"ASC2_male",0,-0.0489080909255987,0
1,2,0.1,43,"ASC2_age",-0.8,-0.380032727346109,1
1,2,0.1,43,"ASC2_income",0,0.0558484834811452,0
1,2,0.1,43,"ASC2_child",0,-9.59563056899569e-08,0
1,2,0.1,43,"ASC3_male",-1.2,-0.683908798228205,1
1,2,0.1,43,"ASC3_age",0,-0.00732340700815661,0
1,2,0.1,43,"ASC3_income",0,-3.85890888966945e-08,0
1,2,0.1,43,"ASC3_child",0,-1.21505353737096e-08,0
1,2,0.1,43,"prot25_male",1,0.570733376804627,1
1,2,0.1,43,"prot25_age",0.5,0.302517547396345,1
1,2,0.1,43,"prot25_income",0.9,0.437904201773903,1
1,2,0.1,43,"prot25_child",1,0.40461994934069,1
1,2,0.1,43,"prot50_male",-0.2,-0.0197632446565086,0
1,2,0.1,43,"prot50_age",0,-0.0264528875794017,0
1,2,0.1,43,"prot50_income",-0.3,-0.165194206057939,1
1,2,0.1,43,"prot50_child",0.6,0.175215800844291,1
1,2,0.1,43,"invasive_male",0,-2.81019754640768e-08,0
1,2,0.1,43,"invasive_age",0,-1.37423594962925e-08,0
1,2,0.1,43,"invasive_income",1,0.564984569323205,1
1,2,0.1,43,"invasive_child",0,-0.0132499362522426,0
1,2,0.1,44,"ASC2_male",0.9,0.521525023045953,1
1,2,0.1,44,"ASC2_age",1.2,0.612914831835862,1
1,2,0.1,44,"ASC2_income",0,-0.115745808473092,1
1,2,0.1,44,"ASC2_child",0,0.0327373575950631,0
1,2,0.1,44,"ASC3_male",0.9,0.507643304602146,1
1,2,0.1,44,"ASC3_age",0,0.0315357673401378,0
1,2,0.1,44,"ASC3_income",-0.5,-0.334874281370156,1
1,2,0.1,44,"ASC3_child",-1.1,-0.418116793817742,1
1,2,0.1,44,"prot25_male",-1.1,-0.675320183943561,1
1,2,0.1,44,"prot25_age",0,0.00127291241814149,0
1,2,0.1,44,"prot25_income",0,0.057588744960475,0
1,2,0.1,44,"prot25_child",0.9,0.434567094408442,1
1,2,0.1,44,"prot50_male",0,-0.134319334649902,1
1,2,0.1,44,"prot50_age",-1.2,-0.634254665311934,1
1,2,0.1,44,"prot50_income",-0.5,-0.191915620831753,1
1,2,0.1,44,"prot50_child",0,-0.00122353515034448,0
1,2,0.1,44,"invasive_male",-0.8,-0.474925420587219,1
1,2,0.1,44,"invasive_age",0,0.00203006481105015,0
1,2,0.1,44,"invasive_income",0,-0.104251093482876,1
1,2,0.1,44,"invasive_child",0,0.177740969268094,1
1,2,0.1,45,"ASC2_male",-0.6,-0.21759536432817,1
1,2,0.1,45,"ASC2_age",0,-0.128413229628629,1
1,2,0.1,45,"ASC2_income",0,-0.0865481767867054,0
1,2,0.1,45,"ASC2_child",0.2,0.137448918819407,1
1,2,0.1,45,"ASC3_male",-0.7,-0.304684486076256,1
1,2,0.1,45,"ASC3_age",0,-0.128671141463205,1
1,2,0.1,45,"ASC3_income",0,-0.0180123574862426,0
1,2,0.1,45,"ASC3_child",-0.1,-0.0756174040378106,0
1,2,0.1,45,"prot25_male",0,-0.104209920893339,1
1,2,0.1,45,"prot25_age",-0.8,-0.314475714483299,1
1,2,0.1,45,"prot25_income",0,0.0529641185996253,0
1,2,0.1,45,"prot25_child",0.4,0.208337290681708,1
1,2,0.1,45,"prot50_male",0,0.0100173563850152,0
1,2,0.1,45,"prot50_age",1.2,0.644669487708142,1
1,2,0.1,45,"prot50_income",0,0.0206199484874301,0
1,2,0.1,45,"prot50_child",-0.2,0.00030853074595779,0
1,2,0.1,45,"invasive_male",-1,-0.469604488662058,1
1,2,0.1,45,"invasive_age",0,-4.31490081172484e-06,0
1,2,0.1,45,"invasive_income",-0.3,-0.177254190855078,1
1,2,0.1,45,"invasive_child",0,0.0961188857475378,0
1,2,0.1,46,"ASC2_male",-0.3,-0.267807775207466,1
1,2,0.1,46,"ASC2_age",0,0.015397853407111,0
1,2,0.1,46,"ASC2_income",-0.4,-0.247418507307828,1
1,2,0.1,46,"ASC2_child",0,2.66032827865911e-10,0
1,2,0.1,46,"ASC3_male",0,-0.0215913822563275,0
1,2,0.1,46,"ASC3_age",0,0.0489188466562022,0
1,2,0.1,46,"ASC3_income",0,-0.0418608098231872,0
1,2,0.1,46,"ASC3_child",0,-7.03219522367008e-07,0
1,2,0.1,46,"prot25_male",0,6.22685359384736e-05,0
1,2,0.1,46,"prot25_age",0.9,0.363286874190355,1
1,2,0.1,46,"prot25_income",0.4,0.226233800249928,1
1,2,0.1,46,"prot25_child",0.5,0.261792401077624,1
1,2,0.1,46,"prot50_male",0.7,0.236936985168279,1
1,2,0.1,46,"prot50_age",0.5,0.228602001783884,1
1,2,0.1,46,"prot50_income",-0.5,-0.266912399198585,1
1,2,0.1,46,"prot50_child",0.7,0.179764696252009,1
1,2,0.1,46,"invasive_male",0,-0.013500927646141,0
1,2,0.1,46,"invasive_age",0,0.0210362171143971,0
1,2,0.1,46,"invasive_income",0,-0.0334251751886535,0
1,2,0.1,46,"invasive_child",0.6,0.181627786209465,1
1,2,0.1,47,"ASC2_male",0,-0.0747312388744933,0
1,2,0.1,47,"ASC2_age",0,-0.083123764772722,0
1,2,0.1,47,"ASC2_income",-0.7,-0.321053604223747,1
1,2,0.1,47,"ASC2_child",0.9,0.479793872848315,1
1,2,0.1,47,"ASC3_male",0,-0.136022757960308,1
1,2,0.1,47,"ASC3_age",1,0.479028438785274,1
1,2,0.1,47,"ASC3_income",0,0.0634360878538338,0
1,2,0.1,47,"ASC3_child",0,4.39067999113113e-10,0
1,2,0.1,47,"prot25_male",1.2,0.573272051932774,1
1,2,0.1,47,"prot25_age",1,0.574106349698562,1
1,2,0.1,47,"prot25_income",0,8.09379634429157e-07,0
1,2,0.1,47,"prot25_child",0.5,0.203866750942493,1
1,2,0.1,47,"prot50_male",-0.1,-4.28071179886412e-09,0
1,2,0.1,47,"prot50_age",0,0.0173748820716642,0
1,2,0.1,47,"prot50_income",1,0.464633329391619,1
1,2,0.1,47,"prot50_child",0,0.0054834916794239,0
1,2,0.1,47,"invasive_male",0,3.44842004707535e-09,0
1,2,0.1,47,"invasive_age",0,-0.047481293856547,0
1,2,0.1,47,"invasive_income",-0.3,-0.0645348526534216,0
1,2,0.1,47,"invasive_child",-0.9,-0.508673991563207,1
1,2,0.1,48,"ASC2_male",0.3,0.0533721038330376,0
1,2,0.1,48,"ASC2_age",0,-6.20315710688202e-07,0
1,2,0.1,48,"ASC2_income",-1.1,-0.503646264959266,1
1,2,0.1,48,"ASC2_child",0,-0.0204137598040893,0
1,2,0.1,48,"ASC3_male",0,-2.0289141574655e-07,0
1,2,0.1,48,"ASC3_age",1,0.442565389504524,1
1,2,0.1,48,"ASC3_income",0.7,0.293861873861756,1
1,2,0.1,48,"ASC3_child",0.9,0.350917124595986,1
1,2,0.1,48,"prot25_male",1,0.524103204539253,1
1,2,0.1,48,"prot25_age",0,-0.012329100415801,0
1,2,0.1,48,"prot25_income",0.2,0.0525971077437439,0
1,2,0.1,48,"prot25_child",0,-8.12096490185039e-09,0
1,2,0.1,48,"prot50_male",-0.7,-0.0928646717742063,0
1,2,0.1,48,"prot50_age",0,1.75761003004051e-07,0
1,2,0.1,48,"prot50_income",0,-0.0333548587685805,0
1,2,0.1,48,"prot50_child",0.1,0.0862551185671208,0
1,2,0.1,48,"invasive_male",0,-2.2342350519703e-08,0
1,2,0.1,48,"invasive_age",0,0.00533125258039963,0
1,2,0.1,48,"invasive_income",0.6,0.188826570291502,1
1,2,0.1,48,"invasive_child",0,-0.0446130788561579,0
1,2,0.1,49,"ASC2_male",0,0.00515637876338834,0
1,2,0.1,49,"ASC2_age",0.6,0.222834329445017,1
1,2,0.1,49,"ASC2_income",0,0.0372051178596901,0
1,2,0.1,49,"ASC2_child",0.6,0.2708968093292,1
1,2,0.1,49,"ASC3_male",0,-0.0646839408774892,0
1,2,0.1,49,"ASC3_age",0.5,0.222621768770708,1
1,2,0.1,49,"ASC3_income",-0.2,-0.153331330569557,1
1,2,0.1,49,"ASC3_child",0,-0.0868176613974436,0
1,2,0.1,49,"prot25_male",1,0.433270404575333,1
1,2,0.1,49,"prot25_age",0,0.0602464520958179,0
1,2,0.1,49,"prot25_income",0.8,0.379404493247907,1
1,2,0.1,49,"prot25_child",-1,-0.513981106891836,1
1,2,0.1,49,"prot50_male",0,-0.0998408042038062,0
1,2,0.1,49,"prot50_age",0.7,0.423735660420928,1
1,2,0.1,49,"prot50_income",0,-0.0223210185205451,0
1,2,0.1,49,"prot50_child",-1,-0.414079224377504,1
1,2,0.1,49,"invasive_male",-0.2,-0.156579000710721,1
1,2,0.1,49,"invasive_age",0,0.0248601749848177,0
1,2,0.1,49,"invasive_income",0,0.0316699098825697,0
1,2,0.1,49,"invasive_child",0,-0.0235164112704974,0
1,2,0.1,50,"ASC2_male",0,-1.45390315961555e-08,0
1,2,0.1,50,"ASC2_age",0,-0.0666475831083387,0
1,2,0.1,50,"ASC2_income",0.4,0.203153775741334,1
1,2,0.1,50,"ASC2_child",0.1,-0.102285175394213,1
1,2,0.1,50,"ASC3_male",0,-0.00915092730049242,0
1,2,0.1,50,"ASC3_age",0,-0.0443562763998298,0
1,2,0.1,50,"ASC3_income",0,-0.0238869910914305,0
1,2,0.1,50,"ASC3_child",-0.2,-0.223185612883721,1
1,2,0.1,50,"prot25_male",-0.4,-0.225908004409417,1
1,2,0.1,50,"prot25_age",1.2,0.6517720706241,1
1,2,0.1,50,"prot25_income",-0.6,-0.315879054098716,1
1,2,0.1,50,"prot25_child",0,-3.13644725158772e-08,0
1,2,0.1,50,"prot50_male",1,0.513268530772473,1
1,2,0.1,50,"prot50_age",-0.3,-0.0478457747945265,0
1,2,0.1,50,"prot50_income",0,-0.0367338398515759,0
1,2,0.1,50,"prot50_child",0,0.0835067865697039,0
1,2,0.1,50,"invasive_male",-1,-0.479015243241262,1
1,2,0.1,50,"invasive_age",0.4,0.197148906902712,1
1,2,0.1,50,"invasive_income",0,-0.00936481066088481,0
1,2,0.1,50,"invasive_child",0,-0.00266145928332895,0
1,2,0.1,51,"ASC2_male",1.1,0.406614704553899,1
1,2,0.1,51,"ASC2_age",0,0.00358420438798417,0
1,2,0.1,51,"ASC2_income",-0.5,-0.249437243724128,1
1,2,0.1,51,"ASC2_child",0,-0.0622603773404791,0
1,2,0.1,51,"ASC3_male",0,-0.153414083146799,1
1,2,0.1,51,"ASC3_age",-1,-0.535392614899555,1
1,2,0.1,51,"ASC3_income",-0.5,-0.209335409110167,1
1,2,0.1,51,"ASC3_child",0,-7.77820184404733e-09,0
1,2,0.1,51,"prot25_male",0,0.0303558762598241,0
1,2,0.1,51,"prot25_age",-0.8,-0.380360194547743,1
1,2,0.1,51,"prot25_income",0.9,0.436149928967594,1
1,2,0.1,51,"prot25_child",0.8,0.524978131989128,1
1,2,0.1,51,"prot50_male",-1,-0.412198720303312,1
1,2,0.1,51,"prot50_age",0,8.34788865419772e-07,0
1,2,0.1,51,"prot50_income",0,0.0114621526711252,0
1,2,0.1,51,"prot50_child",0,-0.0734497803051747,0
1,2,0.1,51,"invasive_male",0.9,0.498471394334208,1
1,2,0.1,51,"invasive_age",0,-5.86985608262418e-09,0
1,2,0.1,51,"invasive_income",-0.4,-0.245549277011993,1
1,2,0.1,51,"invasive_child",0,-0.00938947700677235,0
1,2,0.1,52,"ASC2_male",0,-0.0333852793546708,0
1,2,0.1,52,"ASC2_age",0.8,0.408100947490133,1
1,2,0.1,52,"ASC2_income",0,0.117625484301023,1
1,2,0.1,52,"ASC2_child",0,9.16543897665805e-05,0
1,2,0.1,52,"ASC3_male",1.1,0.419322296344643,1
1,2,0.1,52,"ASC3_age",0,0.0632084883286663,0
1,2,0.1,52,"ASC3_income",0.2,0.150415334059984,1
1,2,0.1,52,"ASC3_child",0,0.0267337243732252,0
1,2,0.1,52,"prot25_male",-0.9,-0.313649006749211,1
1,2,0.1,52,"prot25_age",1.1,0.497855725601097,1
1,2,0.1,52,"prot25_income",0,-0.0605038997525652,0
1,2,0.1,52,"prot25_child",-1.1,-0.536926945892436,1
1,2,0.1,52,"prot50_male",0,0.214961704853328,1
1,2,0.1,52,"prot50_age",0,-2.01452814922945e-08,0
1,2,0.1,52,"prot50_income",0.9,0.350753482017063,1
1,2,0.1,52,"prot50_child",-0.2,0.0197623875186709,0
1,2,0.1,52,"invasive_male",0.2,0.239492421689876,1
1,2,0.1,52,"invasive_age",0,-0.0459337221464289,0
1,2,0.1,52,"invasive_income",-0.9,-0.397604189322645,1
1,2,0.1,52,"invasive_child",0,-0.000521861125807084,0
1,2,0.1,53,"ASC2_male",0,-1.32552063361538e-07,0
1,2,0.1,53,"ASC2_age",0,-0.0914166844192888,0
1,2,0.1,53,"ASC2_income",-0.7,-0.335594949316765,1
1,2,0.1,53,"ASC2_child",0.7,0.218396718093928,1
1,2,0.1,53,"ASC3_male",0,-0.0779186206570822,0
1,2,0.1,53,"ASC3_age",-0.4,-0.233932861974939,1
1,2,0.1,53,"ASC3_income",0,0.0715942185128186,0
1,2,0.1,53,"ASC3_child",0,2.40335439010318e-05,0
1,2,0.1,53,"prot25_male",-1.1,-0.546446599434134,1
1,2,0.1,53,"prot25_age",-0.4,-0.109912328443105,1
1,2,0.1,53,"prot25_income",0,-0.0560478911649699,0
1,2,0.1,53,"prot25_child",0,-1.62978386006843e-07,0
1,2,0.1,53,"prot50_male",0,0.100215030844604,1
1,2,0.1,53,"prot50_age",0.4,0.221479545570648,1
1,2,0.1,53,"prot50_income",0,-0.0582707323757879,0
1,2,0.1,53,"prot50_child",0,1.26526876504797e-08,0
1,2,0.1,53,"invasive_male",-1.1,-0.439432342276527,1
1,2,0.1,53,"invasive_age",0.4,0.0583908618322179,0
1,2,0.1,53,"invasive_income",-0.4,-0.276077258889185,1
1,2,0.1,53,"invasive_child",0.5,0.156500934140384,1
1,2,0.1,54,"ASC2_male",-1,-0.370527415729572,1
1,2,0.1,54,"ASC2_age",0.5,0.231546801766,1
1,2,0.1,54,"ASC2_income",0,-1.26241330691505e-08,0
1,2,0.1,54,"ASC2_child",0.2,0.0604275938290668,0
1,2,0.1,54,"ASC3_male",0.5,0.200163133595501,1
1,2,0.1,54,"ASC3_age",-0.2,-0.0466030166791987,0
1,2,0.1,54,"ASC3_income",0,-6.76720270280451e-09,0
1,2,0.1,54,"ASC3_child",0,-4.03399240100987e-08,0
1,2,0.1,54,"prot25_male",0,-1.03340203695183e-08,0
1,2,0.1,54,"prot25_age",0,-2.07800508183094e-08,0
1,2,0.1,54,"prot25_income",0.3,0.14806681733689,1
1,2,0.1,54,"prot25_child",0,0.0368975137446232,0
1,2,0.1,54,"prot50_male",0,1.77279990769198e-08,0
1,2,0.1,54,"prot50_age",0.9,0.43077536599189,1
1,2,0.1,54,"prot50_income",0,9.63235058038795e-09,0
1,2,0.1,54,"prot50_child",-0.4,-0.161175538891553,1
1,2,0.1,54,"invasive_male",0,0.137173213345946,1
1,2,0.1,54,"invasive_age",0.9,0.423093773987903,1
1,2,0.1,54,"invasive_income",-0.4,-0.148446868947567,1
1,2,0.1,54,"invasive_child",0,-1.39107808623644e-08,0
1,2,0.1,55,"ASC2_male",0.9,0.368265719179105,1
1,2,0.1,55,"ASC2_age",0,-0.0191586508082601,0
1,2,0.1,55,"ASC2_income",0,6.8377236692919e-08,0
1,2,0.1,55,"ASC2_child",0.9,0.380644910348352,1
1,2,0.1,55,"ASC3_male",0,-0.00647503810294393,0
1,2,0.1,55,"ASC3_age",0,-0.0700898888431124,0
1,2,0.1,55,"ASC3_income",0,0.0867443166528659,0
1,2,0.1,55,"ASC3_child",-1,-0.595827577564618,1
1,2,0.1,55,"prot25_male",-0.9,-0.276644154662818,1
1,2,0.1,55,"prot25_age",-0.6,-0.203207857117373,1
1,2,0.1,55,"prot25_income",0,-0.0729150700617132,0
1,2,0.1,55,"prot25_child",-0.3,0.0619497900573094,0
1,2,0.1,55,"prot50_male",-0.9,-0.199025539873404,1
1,2,0.1,55,"prot50_age",0,-2.01739492375685e-08,0
1,2,0.1,55,"prot50_income",1.1,0.472149878096095,1
1,2,0.1,55,"prot50_child",0,0.114293492801898,1
1,2,0.1,55,"invasive_male",0.8,0.425709024534455,1
1,2,0.1,55,"invasive_age",-0.8,-0.403288291490293,1
1,2,0.1,55,"invasive_income",0,-0.059946362688416,0
1,2,0.1,55,"invasive_child",0,0.0655760972777285,0
1,2,0.1,56,"ASC2_male",0,-0.00189694769794211,0
1,2,0.1,56,"ASC2_age",1.1,0.515649474627302,1
1,2,0.1,56,"ASC2_income",0,0.0157236527958932,0
1,2,0.1,56,"ASC2_child",0,0.161988901929777,1
1,2,0.1,56,"ASC3_male",0,0.0276383439136979,0
1,2,0.1,56,"ASC3_age",-1,-0.557264957416527,1
1,2,0.1,56,"ASC3_income",0.8,0.403272183886926,1
1,2,0.1,56,"ASC3_child",0,-4.59669745583657e-08,0
1,2,0.1,56,"prot25_male",0,-0.0788857443372569,0
1,2,0.1,56,"prot25_age",0.9,0.441569625285132,1
1,2,0.1,56,"prot25_income",0,-0.0389046845079425,0
1,2,0.1,56,"prot25_child",0,0.0626318558481683,0
1,2,0.1,56,"prot50_male",0.5,0.218896388863732,1
1,2,0.1,56,"prot50_age",0,-0.0222414056923587,0
1,2,0.1,56,"prot50_income",-0.8,-0.468777810436632,1
1,2,0.1,56,"prot50_child",-0.4,-0.150879636376335,1
1,2,0.1,56,"invasive_male",0,-0.00847203981387985,0
1,2,0.1,56,"invasive_age",0.7,0.283890820420266,1
1,2,0.1,56,"invasive_income",1.1,0.517121517411845,1
1,2,0.1,56,"invasive_child",0.3,0.190239381198238,1
1,2,0.1,57,"ASC2_male",0,-0.107165000400457,1
1,2,0.1,57,"ASC2_age",0,-0.056895621643613,0
1,2,0.1,57,"ASC2_income",1,0.599482507749901,1
1,2,0.1,57,"ASC2_child",1.1,0.418588532382877,1
1,2,0.1,57,"ASC3_male",0,0.0267753563773996,0
1,2,0.1,57,"ASC3_age",0.9,0.430359386870581,1
1,2,0.1,57,"ASC3_income",0,0.0347244472456936,0
1,2,0.1,57,"ASC3_child",0,-0.0630407929156455,0
1,2,0.1,57,"prot25_male",0.1,0.112549712428918,1
1,2,0.1,57,"prot25_age",0,0.0200658812411585,0
1,2,0.1,57,"prot25_income",0,-0.0625032758120624,0
1,2,0.1,57,"prot25_child",-0.4,-0.136335920275781,1
1,2,0.1,57,"prot50_male",1,0.548366621540499,1
1,2,0.1,57,"prot50_age",-0.9,-0.408424983734157,1
1,2,0.1,57,"prot50_income",0,-0.00246688652526095,0
1,2,0.1,57,"prot50_child",-0.2,-0.0475108370664589,0
1,2,0.1,57,"invasive_male",-0.4,-0.0925732686114966,0
1,2,0.1,57,"invasive_age",1,0.470020620472383,1
1,2,0.1,57,"invasive_income",0,0.00512262978965494,0
1,2,0.1,57,"invasive_child",0,-0.0221137019872073,0
1,2,0.1,58,"ASC2_male",0,2.02905230676594e-08,0
1,2,0.1,58,"ASC2_age",-0.4,-0.127691753629189,1
1,2,0.1,58,"ASC2_income",1.1,0.492391380597232,1
1,2,0.1,58,"ASC2_child",0.4,0.106596605141741,1
1,2,0.1,58,"ASC3_male",0,-3.15262138209369e-08,0
1,2,0.1,58,"ASC3_age",-0.6,-0.195983689862579,1
1,2,0.1,58,"ASC3_income",0,0.0212603336859632,0
1,2,0.1,58,"ASC3_child",0,-0.0728120730208352,0
1,2,0.1,58,"prot25_male",0.2,3.85897835275764e-08,0
1,2,0.1,58,"prot25_age",0,1.10867348203507e-07,0
1,2,0.1,58,"prot25_income",0,0.035493151927489,0
1,2,0.1,58,"prot25_child",-0.4,-2.29799170077463e-07,0
1,2,0.1,58,"prot50_male",0.6,0.19271712089532,1
1,2,0.1,58,"prot50_age",0,-0.03855769986041,0
1,2,0.1,58,"prot50_income",0,-1.11353128131083e-09,0
1,2,0.1,58,"prot50_child",-0.7,-0.0336680446006527,0
1,2,0.1,58,"invasive_male",-1,-0.494316544079486,1
1,2,0.1,58,"invasive_age",0.8,0.4048930035474,1
1,2,0.1,58,"invasive_income",0,0.0176360572588129,0
1,2,0.1,58,"invasive_child",0,-7.7502152411038e-08,0
1,2,0.1,59,"ASC2_male",1.2,0.49276756293675,1
1,2,0.1,59,"ASC2_age",1.1,0.508566999007045,1
1,2,0.1,59,"ASC2_income",0,-1.2005927704432e-08,0
1,2,0.1,59,"ASC2_child",0.2,0.0128321674676054,0
1,2,0.1,59,"ASC3_male",0,1.44922842700889e-09,0
1,2,0.1,59,"ASC3_age",1,0.476289472316382,1
1,2,0.1,59,"ASC3_income",0,-6.2527401794563e-09,0
1,2,0.1,59,"ASC3_child",0,-0.0469705888283069,0
1,2,0.1,59,"prot25_male",0.3,0.0560561771768692,0
1,2,0.1,59,"prot25_age",0,0.0706271491369287,0
1,2,0.1,59,"prot25_income",0.4,0.155050490345466,1
1,2,0.1,59,"prot25_child",0.3,0.164472971959826,1
1,2,0.1,59,"prot50_male",0,1.83126028185344e-09,0
1,2,0.1,59,"prot50_age",0,0.0102212452231825,0
1,2,0.1,59,"prot50_income",1,0.447658698314751,1
1,2,0.1,59,"prot50_child",0.9,0.3413852140526,1
1,2,0.1,59,"invasive_male",0,3.73454879988385e-09,0
1,2,0.1,59,"invasive_age",0,0.00631501867780474,0
1,2,0.1,59,"invasive_income",0,-1.66091335253843e-08,0
1,2,0.1,59,"invasive_child",-0.6,-0.317512947640658,1
1,2,0.1,60,"ASC2_male",-1,-0.428624145921216,1
1,2,0.1,60,"ASC2_age",-0.1,0.031748440741054,0
1,2,0.1,60,"ASC2_income",0,0.0304648922870332,0
1,2,0.1,60,"ASC2_child",-0.4,-0.0734868515271149,0
1,2,0.1,60,"ASC3_male",-1.1,-0.374350816217472,1
1,2,0.1,60,"ASC3_age",0,0.0558804515061116,0
1,2,0.1,60,"ASC3_income",0,-0.00315203384350036,0
1,2,0.1,60,"ASC3_child",1.2,0.707745913274979,1
1,2,0.1,60,"prot25_male",-1.1,-0.600619532535567,1
1,2,0.1,60,"prot25_age",-0.8,-0.389532588437044,1
1,2,0.1,60,"prot25_income",0,-0.0416406032768753,0
1,2,0.1,60,"prot25_child",0,-0.219846055912652,1
1,2,0.1,60,"prot50_male",-0.4,-0.199957113531758,1
1,2,0.1,60,"prot50_age",0,-0.00267062248273323,0
1,2,0.1,60,"prot50_income",0,-0.0416421807430655,0
1,2,0.1,60,"prot50_child",0,-0.122506791741063,1
1,2,0.1,60,"invasive_male",1.1,0.580011999710499,1
1,2,0.1,60,"invasive_age",0,0.10479476880709,1
1,2,0.1,60,"invasive_income",0,0.0218861106429504,0
1,2,0.1,60,"invasive_child",-0.4,-0.0885870245698932,0
1,2,0.1,61,"ASC2_male",-0.6,-0.31525784213042,1
1,2,0.1,61,"ASC2_age",0,-6.56763802234234e-06,0
1,2,0.1,61,"ASC2_income",0.3,0.130977075571572,1
1,2,0.1,61,"ASC2_child",0.8,0.163293213023754,1
1,2,0.1,61,"ASC3_male",0.5,0.125499494514727,1
1,2,0.1,61,"ASC3_age",0,-1.30051296548257e-07,0
1,2,0.1,61,"ASC3_income",0,-3.12779999786451e-07,0
1,2,0.1,61,"ASC3_child",0,-0.0682003713198499,0
1,2,0.1,61,"prot25_male",0,0.0211661441288331,0
1,2,0.1,61,"prot25_age",-0.6,-0.29747132885971,1
1,2,0.1,61,"prot25_income",0,-7.2439987011036e-10,0
1,2,0.1,61,"prot25_child",0,-3.43898213376106e-09,0
1,2,0.1,61,"prot50_male",0,-1.73519564656979e-10,0
1,2,0.1,61,"prot50_age",-0.4,-0.156008529409777,1
1,2,0.1,61,"prot50_income",0,-7.58432472755705e-09,0
1,2,0.1,61,"prot50_child",-0.7,-0.350841034226566,1
1,2,0.1,61,"invasive_male",0,-0.03865858428082,0
1,2,0.1,61,"invasive_age",1.1,0.487957205976038,1
1,2,0.1,61,"invasive_income",1,0.425501515774853,1
1,2,0.1,61,"invasive_child",0.5,0.192768302384113,1
1,2,0.1,62,"ASC2_male",0,-0.0860834416902719,0
1,2,0.1,62,"ASC2_age",-1,-0.475129256015174,1
1,2,0.1,62,"ASC2_income",-0.6,-0.258817790706259,1
1,2,0.1,62,"ASC2_child",0,2.44042169821578e-05,0
1,2,0.1,62,"ASC3_male",0,-0.138325961408285,1
1,2,0.1,62,"ASC3_age",0,0.024100084658675,0
1,2,0.1,62,"ASC3_income",0.3,0.166223315931798,1
1,2,0.1,62,"ASC3_child",-0.1,-2.70815998157936e-08,0
1,2,0.1,62,"prot25_male",0,0.0223561512928389,0
1,2,0.1,62,"prot25_age",-0.9,-0.456704985949739,1
1,2,0.1,62,"prot25_income",0.5,0.219853159602188,1
1,2,0.1,62,"prot25_child",0.5,0.148490605934269,1
1,2,0.1,62,"prot50_male",-0.8,-0.458016328431566,1
1,2,0.1,62,"prot50_age",0,-0.103377216772099,1
1,2,0.1,62,"prot50_income",0,-2.62604024841643e-05,0
1,2,0.1,62,"prot50_child",1.2,0.451452659099186,1
1,2,0.1,62,"invasive_male",0.3,-1.4575441998715e-07,0
1,2,0.1,62,"invasive_age",0,-0.0305539346260604,0
1,2,0.1,62,"invasive_income",0,0.0677057135919023,0
1,2,0.1,62,"invasive_child",0,2.07768945968648e-05,0
1,2,0.1,63,"ASC2_male",0.9,0.251469753560269,1
1,2,0.1,63,"ASC2_age",-0.1,0.0689289511899538,0
1,2,0.1,63,"ASC2_income",0,-0.0447803905418364,0
1,2,0.1,63,"ASC2_child",0.1,-2.00334854605641e-07,0
1,2,0.1,63,"ASC3_male",0.4,-5.72445429843778e-09,0
1,2,0.1,63,"ASC3_age",-0.7,-0.278505289513102,1
1,2,0.1,63,"ASC3_income",0,-0.0360117458569461,0
1,2,0.1,63,"ASC3_child",0,-7.66340984556637e-09,0
1,2,0.1,63,"prot25_male",0,0.171994402289049,1
1,2,0.1,63,"prot25_age",0,-0.0361302947264912,0
1,2,0.1,63,"prot25_income",-0.2,-0.10117608519868,1
1,2,0.1,63,"prot25_child",0,0.0361593657275995,0
1,2,0.1,63,"prot50_male",0,0.0273599017510747,0
1,2,0.1,63,"prot50_age",1,0.481300058679786,1
1,2,0.1,63,"prot50_income",0,-0.00130129544377467,0
1,2,0.1,63,"prot50_child",-0.2,-0.0359602971711009,0
1,2,0.1,63,"invasive_male",0,-0.100381143349411,1
1,2,0.1,63,"invasive_age",-0.5,-0.210638598976211,1
1,2,0.1,63,"invasive_income",0,-0.0334423270282839,0
1,2,0.1,63,"invasive_child",-0.6,-0.399114907527093,1
1,2,0.1,64,"ASC2_male",0,-7.04562831941314e-11,0
1,2,0.1,64,"ASC2_age",0,-1.05340736555391e-08,0
1,2,0.1,64,"ASC2_income",1.1,0.53601091589426,1
1,2,0.1,64,"ASC2_child",0.5,0.283257538918288,1
1,2,0.1,64,"ASC3_male",0,-0.0631064070144529,0
1,2,0.1,64,"ASC3_age",0,-0.0335271965202256,0
1,2,0.1,64,"ASC3_income",1.1,0.463792003672906,1
1,2,0.1,64,"ASC3_child",0,-9.08215012800993e-09,0
1,2,0.1,64,"prot25_male",0,-0.0453819657315321,0
1,2,0.1,64,"prot25_age",-1.1,-0.502704248340595,1
1,2,0.1,64,"prot25_income",-0.7,-0.341521693348323,1
1,2,0.1,64,"prot25_child",-0.8,-0.391370389094244,1
1,2,0.1,64,"prot50_male",0,0.0443040916065472,0
1,2,0.1,64,"prot50_age",0.9,0.412927232975883,1
1,2,0.1,64,"prot50_income",-0.5,-0.217534214474165,1
1,2,0.1,64,"prot50_child",0,0.034687747154307,0
1,2,0.1,64,"invasive_male",0,0.100309392114692,1
1,2,0.1,64,"invasive_age",-1.1,-0.520936903599104,1
1,2,0.1,64,"invasive_income",0.3,0.123156492417521,1
1,2,0.1,64,"invasive_child",0,-0.0763178540041975,0
1,2,0.1,65,"ASC2_male",0,-1.85573301347719e-09,0
1,2,0.1,65,"ASC2_age",0,-3.41157477320656e-09,0
1,2,0.1,65,"ASC2_income",-0.7,-0.254331212191132,1
1,2,0.1,65,"ASC2_child",0,-7.4268331159531e-08,0
1,2,0.1,65,"ASC3_male",0,-5.39680492474695e-08,0
1,2,0.1,65,"ASC3_age",-0.9,-0.418439778657348,1
1,2,0.1,65,"ASC3_income",0,0.0491189062901676,0
1,2,0.1,65,"ASC3_child",0,-0.0609034072103216,0
1,2,0.1,65,"prot25_male",0.1,0.0449444244267902,0
1,2,0.1,65,"prot25_age",-0.8,-0.378486987829928,1
1,2,0.1,65,"prot25_income",0.9,0.331727505966483,1
1,2,0.1,65,"prot25_child",0,0.0860160042456676,0
1,2,0.1,65,"prot50_male",0.8,0.472263261019005,1
1,2,0.1,65,"prot50_age",1.1,0.531451844805255,1
1,2,0.1,65,"prot50_income",-1,-0.560563979137879,1
1,2,0.1,65,"prot50_child",-1.2,-0.401276014736843,1
1,2,0.1,65,"invasive_male",0,-1.18524019770777e-07,0
1,2,0.1,65,"invasive_age",0,0.00725599549482313,0
1,2,0.1,65,"invasive_income",-1,-0.433881964299646,1
1,2,0.1,65,"invasive_child",0,0.000671742964379577,0
1,2,0.1,66,"ASC2_male",0.9,0.496453685765963,1
1,2,0.1,66,"ASC2_age",0.9,0.461892327002463,1
1,2,0.1,66,"ASC2_income",0,0.0539542878253553,0
1,2,0.1,66,"ASC2_child",0,0.0542663679102455,0
1,2,0.1,66,"ASC3_male",-0.6,-0.387435381201759,1
1,2,0.1,66,"ASC3_age",0,0.0281897848149213,0
1,2,0.1,66,"ASC3_income",-1.2,-0.553999214458154,1
1,2,0.1,66,"ASC3_child",0,0.00896844743499759,0
1,2,0.1,66,"prot25_male",0,0.0119027394318532,0
1,2,0.1,66,"prot25_age",-0.4,-0.215706329229157,1
1,2,0.1,66,"prot25_income",-0.4,-0.325614089731667,1
1,2,0.1,66,"prot25_child",0,-0.07173043249402,0
1,2,0.1,66,"prot50_male",0,0.0913406468760764,0
1,2,0.1,66,"prot50_age",0,-0.0522025593471704,0
1,2,0.1,66,"prot50_income",0.2,0.00691897378203892,0
1,2,0.1,66,"prot50_child",-0.7,-0.524176983392751,1
1,2,0.1,66,"invasive_male",0.5,0.189952178127646,1
1,2,0.1,66,"invasive_age",0.9,0.47901944200779,1
1,2,0.1,66,"invasive_income",0,-0.0258848447381877,0
1,2,0.1,66,"invasive_child",0,-0.0835859916237836,0
1,2,0.1,67,"ASC2_male",0,0.0249164486890397,0
1,2,0.1,67,"ASC2_age",-1.1,-0.578269564644033,1
1,2,0.1,67,"ASC2_income",0.6,0.346405760304241,1
1,2,0.1,67,"ASC2_child",0.3,0.0311273119400217,0
1,2,0.1,67,"ASC3_male",0,-1.41146861866267e-08,0
1,2,0.1,67,"ASC3_age",0,-0.0489679577183437,0
1,2,0.1,67,"ASC3_income",0.7,0.345792050162805,1
1,2,0.1,67,"ASC3_child",0,-0.0844087322580614,0
1,2,0.1,67,"prot25_male",0.9,0.407710624030405,1
1,2,0.1,67,"prot25_age",0.5,0.277679915896819,1
1,2,0.1,67,"prot25_income",-0.8,-0.502278934176384,1
1,2,0.1,67,"prot25_child",0,0.151441697045729,1
1,2,0.1,67,"prot50_male",-0.7,-0.403711585612645,1
1,2,0.1,67,"prot50_age",0,0.0307206907320166,0
1,2,0.1,67,"prot50_income",-0.2,-0.153002502515234,1
1,2,0.1,67,"prot50_child",0,0.0143627033585685,0
1,2,0.1,67,"invasive_male",0,-4.43452754595468e-09,0
1,2,0.1,67,"invasive_age",0,-0.0373431142492154,0
1,2,0.1,67,"invasive_income",0,0.0229496979975872,0
1,2,0.1,67,"invasive_child",0.9,0.250919115710754,1
1,2,0.1,68,"ASC2_male",0.3,1.23248848537069e-06,0
1,2,0.1,68,"ASC2_age",0.9,0.367147886541582,1
1,2,0.1,68,"ASC2_income",-1,-0.475775226632737,1
1,2,0.1,68,"ASC2_child",0.1,-8.52606966545488e-09,0
1,2,0.1,68,"ASC3_male",0,-2.90379897546055e-09,0
1,2,0.1,68,"ASC3_age",0.7,0.233940097923929,1
1,2,0.1,68,"ASC3_income",0,-2.20324573477417e-08,0
1,2,0.1,68,"ASC3_child",-0.4,-0.234201431056265,1
1,2,0.1,68,"prot25_male",0,0.0923196128751831,0
1,2,0.1,68,"prot25_age",0,0.0480077721333596,0
1,2,0.1,68,"prot25_income",0,0.00215916880077143,0
1,2,0.1,68,"prot25_child",-0.6,-0.118939164795375,1
1,2,0.1,68,"prot50_male",0,0.0663831226907074,0
1,2,0.1,68,"prot50_age",0.1,-2.50919159378558e-09,0
1,2,0.1,68,"prot50_income",0,2.60407953721462e-08,0
1,2,0.1,68,"prot50_child",0,-3.35365290062138e-07,0
1,2,0.1,68,"invasive_male",0,-0.0390546193477665,0
1,2,0.1,68,"invasive_age",0,-0.14234568607375,1
1,2,0.1,68,"invasive_income",0.5,0.277385736173619,1
1,2,0.1,68,"invasive_child",0.3,0.00586889289138928,0
1,2,0.1,69,"ASC2_male",0,-0.0936850175010229,0
1,2,0.1,69,"ASC2_age",0,-0.0412732524091856,0
1,2,0.1,69,"ASC2_income",-0.9,-0.351391960381413,1
1,2,0.1,69,"ASC2_child",0,1.96240763749098e-07,0
1,2,0.1,69,"ASC3_male",0.8,0.291625033950199,1
1,2,0.1,69,"ASC3_age",0,-0.0483799059554903,0
1,2,0.1,69,"ASC3_income",0,-7.09499567360862e-09,0
1,2,0.1,69,"ASC3_child",0,-1.1519251690567e-08,0
1,2,0.1,69,"prot25_male",-0.4,-0.0707689808149755,0
1,2,0.1,69,"prot25_age",-0.8,-0.389794392224465,1
1,2,0.1,69,"prot25_income",0,-0.0225160117395367,0
1,2,0.1,69,"prot25_child",1.2,0.696190431406297,1
1,2,0.1,69,"prot50_male",0,0.0451961770872701,0
1,2,0.1,69,"prot50_age",-0.7,-0.355816774718,1
1,2,0.1,69,"prot50_income",0,-0.0108274368486713,0
1,2,0.1,69,"prot50_child",-0.6,-0.150093295537632,1
1,2,0.1,69,"invasive_male",-1.1,-0.530247600695772,1
1,2,0.1,69,"invasive_age",0.5,0.232445128770016,1
1,2,0.1,69,"invasive_income",-0.9,-0.396058402081286,1
1,2,0.1,69,"invasive_child",0,-6.22514432017892e-09,0
1,2,0.1,70,"ASC2_male",0,-0.0267394355639511,0
1,2,0.1,70,"ASC2_age",-1,-0.554385249496212,1
1,2,0.1,70,"ASC2_income",1.2,0.491085701798438,1
1,2,0.1,70,"ASC2_child",0.3,0.077712503009526,0
1,2,0.1,70,"ASC3_male",0,0.116291774261355,1
1,2,0.1,70,"ASC3_age",-0.9,-0.499476845090362,1
1,2,0.1,70,"ASC3_income",0,-0.132335029677568,1
1,2,0.1,70,"ASC3_child",0,-0.115788531977216,1
1,2,0.1,70,"prot25_male",0,0.0165829536094107,0
1,2,0.1,70,"prot25_age",0.2,0.188026756702147,1
1,2,0.1,70,"prot25_income",0,0.104878037430874,1
1,2,0.1,70,"prot25_child",-0.7,-0.20247141396976,1
1,2,0.1,70,"prot50_male",0,-0.0495310155688055,0
1,2,0.1,70,"prot50_age",0,0.0579647847367372,0
1,2,0.1,70,"prot50_income",-0.7,-0.301596741223935,1
1,2,0.1,70,"prot50_child",0,1.31593959822754e-11,0
1,2,0.1,70,"invasive_male",-0.3,-0.126591453257735,1
1,2,0.1,70,"invasive_age",0,0.000374794781132923,0
1,2,0.1,70,"invasive_income",-0.7,-0.365315632249355,1
1,2,0.1,70,"invasive_child",-0.6,-0.436141206920563,1
1,2,0.1,71,"ASC2_male",-1.1,-0.59169430540425,1
1,2,0.1,71,"ASC2_age",0,0.00597453937353791,0
1,2,0.1,71,"ASC2_income",0,-0.0186141762681848,0
1,2,0.1,71,"ASC2_child",-0.4,-0.237268479981573,1
1,2,0.1,71,"ASC3_male",0,-0.134902633775203,1
1,2,0.1,71,"ASC3_age",0,-0.0122395091452225,0
1,2,0.1,71,"ASC3_income",-0.5,-0.190222793136262,1
1,2,0.1,71,"ASC3_child",-0.6,-0.371525996037983,1
1,2,0.1,71,"prot25_male",0,-2.24098966571521e-07,0
1,2,0.1,71,"prot25_age",0,-0.0134887163467978,0
1,2,0.1,71,"prot25_income",0,-0.0562991256440593,0
1,2,0.1,71,"prot25_child",0.2,0.0377014609620295,0
1,2,0.1,71,"prot50_male",-0.5,-0.306864064477364,1
1,2,0.1,71,"prot50_age",0.2,0.185130899157577,1
1,2,0.1,71,"prot50_income",-1.1,-0.597055069888856,1
1,2,0.1,71,"prot50_child",0,0.0893939862951226,0
1,2,0.1,71,"invasive_male",0.9,0.293087125376685,1
1,2,0.1,71,"invasive_age",1.2,0.651308784195361,1
1,2,0.1,71,"invasive_income",0,-0.0566647495265166,0
1,2,0.1,71,"invasive_child",0,-5.10118763369116e-08,0
1,2,0.1,72,"ASC2_male",0,-0.048772635375577,0
1,2,0.1,72,"ASC2_age",0,-0.0242938257011046,0
1,2,0.1,72,"ASC2_income",0.2,0.0331615007279847,0
1,2,0.1,72,"ASC2_child",0.1,0.0550912093337917,0
1,2,0.1,72,"ASC3_male",0,-0.064082280084381,0
1,2,0.1,72,"ASC3_age",0.7,0.355927778742927,1
1,2,0.1,72,"ASC3_income",0,-0.0327733608948267,0
1,2,0.1,72,"ASC3_child",0,0.00792760493403421,0
1,2,0.1,72,"prot25_male",-0.2,-1.18694413199719e-09,0
1,2,0.1,72,"prot25_age",-1.1,-0.567498857639579,1
1,2,0.1,72,"prot25_income",0,0.0208388633245616,0
1,2,0.1,72,"prot25_child",0,0.00197633140582004,0
1,2,0.1,72,"prot50_male",0.5,0.203624651824763,1
1,2,0.1,72,"prot50_age",0,-0.0517572912474098,0
1,2,0.1,72,"prot50_income",0,0.0105463423224212,0
1,2,0.1,72,"prot50_child",0.1,0.124778931975584,1
1,2,0.1,72,"invasive_male",0,-0.186102665237363,1
1,2,0.1,72,"invasive_age",0.3,0.162054576025944,1
1,2,0.1,72,"invasive_income",0.4,0.260612434729395,1
1,2,0.1,72,"invasive_child",-0.4,-0.234282107625183,1
1,2,0.1,73,"ASC2_male",0,-1.10848405019266e-10,0
1,2,0.1,73,"ASC2_age",0,0.200829196961838,1
1,2,0.1,73,"ASC2_income",0,-3.22327838623478e-08,0
1,2,0.1,73,"ASC2_child",0.9,0.420490051988452,1
1,2,0.1,73,"ASC3_male",0,-1.09511485997889e-08,0
1,2,0.1,73,"ASC3_age",-0.7,-0.149429730196679,1
1,2,0.1,73,"ASC3_income",0,0.00591427356155903,0
1,2,0.1,73,"ASC3_child",0,-1.32072155651292e-08,0
1,2,0.1,73,"prot25_male",-0.5,-0.199900806146823,1
1,2,0.1,73,"prot25_age",1,0.301841180417051,1
1,2,0.1,73,"prot25_income",0,-0.0123565704356228,0
1,2,0.1,73,"prot25_child",0,-5.97524183933269e-10,0
1,2,0.1,73,"prot50_male",0.6,0.284712655644015,1
1,2,0.1,73,"prot50_age",0.8,0.265690269501098,1
1,2,0.1,73,"prot50_income",1.2,0.622850647786004,1
1,2,0.1,73,"prot50_child",0.9,0.385853824788265,1
1,2,0.1,73,"invasive_male",0,-3.39731768875868e-10,0
1,2,0.1,73,"invasive_age",-1.2,-0.50009447131145,1
1,2,0.1,73,"invasive_income",0,-6.52233355945e-11,0
1,2,0.1,73,"invasive_child",1.1,0.491476001129575,1
1,2,0.1,74,"ASC2_male",0,-0.00609715208940678,0
1,2,0.1,74,"ASC2_age",0,0.0146826886663671,0
1,2,0.1,74,"ASC2_income",-0.5,-0.213621228936866,1
1,2,0.1,74,"ASC2_child",0,-9.07946848748054e-09,0
1,2,0.1,74,"ASC3_male",0.2,0.0988529096716157,0
1,2,0.1,74,"ASC3_age",0,6.38401877233101e-09,0
1,2,0.1,74,"ASC3_income",1,0.551988380440036,1
1,2,0.1,74,"ASC3_child",-0.8,-0.44600733184727,1
1,2,0.1,74,"prot25_male",-1.1,-0.535926510180818,1
1,2,0.1,74,"prot25_age",-0.7,-0.314858286332818,1
1,2,0.1,74,"prot25_income",0.8,0.338795537387342,1
1,2,0.1,74,"prot25_child",0,-3.74011036788252e-09,0
1,2,0.1,74,"prot50_male",0.5,0.35745815270412,1
1,2,0.1,74,"prot50_age",0,-0.00655991044180058,0
1,2,0.1,74,"prot50_income",-0.2,-0.212734642390752,1
1,2,0.1,74,"prot50_child",0,2.26320021552427e-08,0
1,2,0.1,74,"invasive_male",0,-0.0664926183911197,0
1,2,0.1,74,"invasive_age",0,0.0281424623588706,0
1,2,0.1,74,"invasive_income",0,-7.64880509351462e-09,0
1,2,0.1,74,"invasive_child",1.1,0.456146837625708,1
1,2,0.1,75,"ASC2_male",0,-0.111032802970571,1
1,2,0.1,75,"ASC2_age",0,-0.00341348752022326,0
1,2,0.1,75,"ASC2_income",-0.1,-7.42852102058119e-09,0
1,2,0.1,75,"ASC2_child",0,-1.16811455026104e-08,0
1,2,0.1,75,"ASC3_male",0,-1.01669617724233e-08,0
1,2,0.1,75,"ASC3_age",-0.8,-0.389528825746932,1
1,2,0.1,75,"ASC3_income",0,-5.80141185879676e-08,0
1,2,0.1,75,"ASC3_child",0.3,0.11707199496976,1
1,2,0.1,75,"prot25_male",0,-1.41902041890661e-08,0
1,2,0.1,75,"prot25_age",0,-0.0311115798542795,0
1,2,0.1,75,"prot25_income",-0.5,-0.227296855522766,1
1,2,0.1,75,"prot25_child",0.6,0.1540197905909,1
1,2,0.1,75,"prot50_male",0,0.0129199673725942,0
1,2,0.1,75,"prot50_age",0,3.4601563262496e-10,0
1,2,0.1,75,"prot50_income",-0.5,-0.286038224118586,1
1,2,0.1,75,"prot50_child",0,-5.32744137248811e-09,0
1,2,0.1,75,"invasive_male",-0.9,-0.500673814635971,1
1,2,0.1,75,"invasive_age",-0.1,-0.0646983667080529,0
1,2,0.1,75,"invasive_income",1.1,0.539145995893328,1
1,2,0.1,75,"invasive_child",0.1,-9.04831309997576e-09,0
1,2,0.1,76,"ASC2_male",0,-0.15342907174183,1
1,2,0.1,76,"ASC2_age",-0.8,-0.382504876454187,1
1,2,0.1,76,"ASC2_income",-0.8,-0.364071967860481,1
1,2,0.1,76,"ASC2_child",0,-1.04022193220244e-08,0
1,2,0.1,76,"ASC3_male",1,0.241962108449609,1
1,2,0.1,76,"ASC3_age",0.2,0.0869279245592648,0
1,2,0.1,76,"ASC3_income",0.7,0.34657652709625,1
1,2,0.1,76,"ASC3_child",0,6.23790951464729e-08,0
1,2,0.1,76,"prot25_male",1,0.682275974557169,1
1,2,0.1,76,"prot25_age",-0.4,-0.194325818979498,1
1,2,0.1,76,"prot25_income",0,-5.7962755818468e-10,0
1,2,0.1,76,"prot25_child",0,-1.45025473166946e-08,0
1,2,0.1,76,"prot50_male",-1.1,-0.240588412391479,1
1,2,0.1,76,"prot50_age",0,-9.01218044233004e-09,0
1,2,0.1,76,"prot50_income",0,-1.26189214822913e-08,0
1,2,0.1,76,"prot50_child",0,4.62451279548198e-06,0
1,2,0.1,76,"invasive_male",0.5,0.268200230349841,1
1,2,0.1,76,"invasive_age",0,-1.1226787036556e-08,0
1,2,0.1,76,"invasive_income",0,-3.99096207618433e-10,0
1,2,0.1,76,"invasive_child",-1.2,-0.472019588801686,1
1,2,0.1,77,"ASC2_male",0.4,0.0776338783099383,0
1,2,0.1,77,"ASC2_age",0,0.0713416239460694,0
1,2,0.1,77,"ASC2_income",0,0.0779427845154026,0
1,2,0.1,77,"ASC2_child",-1.1,-0.553210930852832,1
1,2,0.1,77,"ASC3_male",0,-0.197034577357416,1
1,2,0.1,77,"ASC3_age",0,0.0929675721877206,0
1,2,0.1,77,"ASC3_income",-1.1,-0.48376339196257,1
1,2,0.1,77,"ASC3_child",0.7,0.373013123164272,1
1,2,0.1,77,"prot25_male",-0.1,0.0269895154719233,0
1,2,0.1,77,"prot25_age",0,-0.0348328303413251,0
1,2,0.1,77,"prot25_income",0.8,0.287422454730838,1
1,2,0.1,77,"prot25_child",-0.7,-0.275007109524435,1
1,2,0.1,77,"prot50_male",0,0.171867963317826,1
1,2,0.1,77,"prot50_age",0.4,0.202636836696274,1
1,2,0.1,77,"prot50_income",0.8,0.31794397799167,1
1,2,0.1,77,"prot50_child",0,-0.0276442665720011,0
1,2,0.1,77,"invasive_male",0,-8.71055142347622e-08,0
1,2,0.1,77,"invasive_age",0,1.27500346872555e-08,0
1,2,0.1,77,"invasive_income",0,-1.14521146739566e-08,0
1,2,0.1,77,"invasive_child",0.9,0.31431061747282,1
1,2,0.1,78,"ASC2_male",-0.6,-0.323396725962753,1
1,2,0.1,78,"ASC2_age",0,0.00681672843846456,0
1,2,0.1,78,"ASC2_income",0,-0.0535487988735615,0
1,2,0.1,78,"ASC2_child",0,-0.0357585697180805,0
1,2,0.1,78,"ASC3_male",-1.2,-0.487945373896497,1
1,2,0.1,78,"ASC3_age",-0.7,-0.385610316649976,1
1,2,0.1,78,"ASC3_income",0,-0.0344948706039555,0
1,2,0.1,78,"ASC3_child",0.8,0.339136121889401,1
1,2,0.1,78,"prot25_male",0.4,0.111942018961677,1
1,2,0.1,78,"prot25_age",0,-0.00192843160346904,0
1,2,0.1,78,"prot25_income",0,0.0366010573434743,0
1,2,0.1,78,"prot25_child",-1.2,-0.613054484603334,1
1,2,0.1,78,"prot50_male",0,-0.0254115073555993,0
1,2,0.1,78,"prot50_age",0.5,0.242174706694052,1
1,2,0.1,78,"prot50_income",0.1,0.0200463985138215,0
1,2,0.1,78,"prot50_child",0.2,0.0829758593304022,0
1,2,0.1,78,"invasive_male",0,0.0933693449054751,0
1,2,0.1,78,"invasive_age",0,-0.0609822505016262,0
1,2,0.1,78,"invasive_income",0,-0.0695013343569921,0
1,2,0.1,78,"invasive_child",0.9,0.298454666046561,1
1,2,0.1,79,"ASC2_male",0,1.9033343722796e-07,0
1,2,0.1,79,"ASC2_age",0,-0.00108831432762683,0
1,2,0.1,79,"ASC2_income",0.2,0.204477330507026,1
1,2,0.1,79,"ASC2_child",0,-1.05292269661946e-08,0
1,2,0.1,79,"ASC3_male",0,-2.02873753570887e-07,0
1,2,0.1,79,"ASC3_age",-0.6,-0.304383438973101,1
1,2,0.1,79,"ASC3_income",-1,-0.381238374424908,1
1,2,0.1,79,"ASC3_child",0.7,0.326160987858735,1
1,2,0.1,79,"prot25_male",0,0.0872861271454721,0
1,2,0.1,79,"prot25_age",-1,-0.490056453077229,1
1,2,0.1,79,"prot25_income",0,-0.10161150192243,1
1,2,0.1,79,"prot25_child",0,-1.2763668730986e-09,0
1,2,0.1,79,"prot50_male",-1.1,-0.413526189592177,1
1,2,0.1,79,"prot50_age",-1.1,-0.570515554446323,1
1,2,0.1,79,"prot50_income",0.9,0.341148938584034,1
1,2,0.1,79,"prot50_child",0.4,0.13355597995307,1
1,2,0.1,79,"invasive_male",-0.4,-0.100041962228509,1
1,2,0.1,79,"invasive_age",0,1.36355057446136e-07,0
1,2,0.1,79,"invasive_income",0,-1.16832020925775e-08,0
1,2,0.1,79,"invasive_child",0,-0.0478308257734579,0
1,2,0.1,80,"ASC2_male",-0.3,-0.0505553603974501,0
1,2,0.1,80,"ASC2_age",0,-0.106522304749039,1
1,2,0.1,80,"ASC2_income",0.9,0.544282051512446,1
1,2,0.1,80,"ASC2_child",-1,-0.552929472475893,1
1,2,0.1,80,"ASC3_male",0,-2.26203004425585e-07,0
1,2,0.1,80,"ASC3_age",-0.6,-0.356694169561401,1
1,2,0.1,80,"ASC3_income",0,0.0957283532804195,0
1,2,0.1,80,"ASC3_child",0,-0.0048932377729666,0
1,2,0.1,80,"prot25_male",0,0.0263795005267409,0
1,2,0.1,80,"prot25_age",0.8,0.445251271889808,1
1,2,0.1,80,"prot25_income",0.1,-2.45523893429879e-08,0
1,2,0.1,80,"prot25_child",0,-1.21143978638322e-08,0
1,2,0.1,80,"prot50_male",0,-1.55170966801407e-09,0
1,2,0.1,80,"prot50_age",0,0.00314196553833116,0
1,2,0.1,80,"prot50_income",0.7,0.290728431394307,1
1,2,0.1,80,"prot50_child",0,0.0920452165306579,0
1,2,0.1,80,"invasive_male",0,0.0558311906034819,0
1,2,0.1,80,"invasive_age",-0.8,-0.404954908670875,1
1,2,0.1,80,"invasive_income",-0.7,-0.363350375805904,1
1,2,0.1,80,"invasive_child",0.7,0.377912408530938,1
1,2,0.1,81,"ASC2_male",0,-0.00299952578087751,0
1,2,0.1,81,"ASC2_age",-1.1,-0.560403257908917,1
1,2,0.1,81,"ASC2_income",0.1,0.0626186371140304,0
1,2,0.1,81,"ASC2_child",0.8,0.271171332265682,1
1,2,0.1,81,"ASC3_male",0,-4.77972418361231e-07,0
1,2,0.1,81,"ASC3_age",0,8.88660274827615e-08,0
1,2,0.1,81,"ASC3_income",-0.8,-0.331784757521611,1
1,2,0.1,81,"ASC3_child",0,-6.82692432967445e-09,0
1,2,0.1,81,"prot25_male",0,5.48783962136227e-08,0
1,2,0.1,81,"prot25_age",-0.3,-0.14796523464808,1
1,2,0.1,81,"prot25_income",0.1,0.00323996416040001,0
1,2,0.1,81,"prot25_child",0.2,0.21300769681783,1
1,2,0.1,81,"prot50_male",0,-0.0175626656737582,0
1,2,0.1,81,"prot50_age",0.4,0.199045665303856,1
1,2,0.1,81,"prot50_income",-0.3,-0.132022268363778,1
1,2,0.1,81,"prot50_child",0,0.119326383441165,1
1,2,0.1,81,"invasive_male",0,8.63894563610955e-08,0
1,2,0.1,81,"invasive_age",0,-0.0142434053600091,0
1,2,0.1,81,"invasive_income",-0.5,-0.186787557178227,1
1,2,0.1,81,"invasive_child",0,-1.12450187659855e-09,0
1,2,0.1,82,"ASC2_male",0.9,0.290607964838211,1
1,2,0.1,82,"ASC2_age",-0.6,-0.318644462060898,1
1,2,0.1,82,"ASC2_income",1.1,0.557624613573059,1
1,2,0.1,82,"ASC2_child",-0.9,-0.348782323180454,1
1,2,0.1,82,"ASC3_male",0,-0.0197543957401689,0
1,2,0.1,82,"ASC3_age",0,-0.0332986993397992,0
1,2,0.1,82,"ASC3_income",0,-0.0113377717502256,0
1,2,0.1,82,"ASC3_child",0.3,0.255953032919027,1
1,2,0.1,82,"prot25_male",0,0.155344027879253,1
1,2,0.1,82,"prot25_age",0,0.0208075288835483,0
1,2,0.1,82,"prot25_income",0,-0.015693122265746,0
1,2,0.1,82,"prot25_child",1.1,0.477573090381406,1
1,2,0.1,82,"prot50_male",-0.4,-0.0970347800660877,0
1,2,0.1,82,"prot50_age",0,-0.0203248301456509,0
1,2,0.1,82,"prot50_income",-0.5,-0.279232360829415,1
1,2,0.1,82,"prot50_child",0,-0.0463722573273782,0
1,2,0.1,82,"invasive_male",0,0.0658056271914994,0
1,2,0.1,82,"invasive_age",-1.1,-0.576924285248383,1
1,2,0.1,82,"invasive_income",0,-0.0615546777533057,0
1,2,0.1,82,"invasive_child",0.4,0.27693244512281,1
1,2,0.1,83,"ASC2_male",0.9,0.295236112457372,1
1,2,0.1,83,"ASC2_age",0,0.0382918997387041,0
1,2,0.1,83,"ASC2_income",-0.9,-0.404157776900036,1
1,2,0.1,83,"ASC2_child",-0.8,-0.298696316935746,1
1,2,0.1,83,"ASC3_male",0.9,0.397574104043742,1
1,2,0.1,83,"ASC3_age",0,2.89278709666655e-07,0
1,2,0.1,83,"ASC3_income",0,-0.00100823825248178,0
1,2,0.1,83,"ASC3_child",0,0.0286827075149255,0
1,2,0.1,83,"prot25_male",1,0.484171578432471,1
1,2,0.1,83,"prot25_age",1.2,0.562608301469383,1
1,2,0.1,83,"prot25_income",-0.2,-0.0931885066854291,0
1,2,0.1,83,"prot25_child",0,0.015717763107671,0
1,2,0.1,83,"prot50_male",0,2.67570120220364e-11,0
1,2,0.1,83,"prot50_age",0,-2.4736220897037e-06,0
1,2,0.1,83,"prot50_income",-0.2,-0.0715248810861767,0
1,2,0.1,83,"prot50_child",0,-7.69540230831928e-09,0
1,2,0.1,83,"invasive_male",0,-0.0757589834440311,0
1,2,0.1,83,"invasive_age",-0.8,-0.371397744306759,1
1,2,0.1,83,"invasive_income",-0.9,-0.42734721229837,1
1,2,0.1,83,"invasive_child",0,-1.70680175591691e-08,0
1,2,0.1,84,"ASC2_male",0,0.0762845032602221,0
1,2,0.1,84,"ASC2_age",0,2.01562500473452e-08,0
1,2,0.1,84,"ASC2_income",0.4,0.194790358262822,1
1,2,0.1,84,"ASC2_child",-0.9,-0.580492788717022,1
1,2,0.1,84,"ASC3_male",-0.2,-9.35194068018752e-08,0
1,2,0.1,84,"ASC3_age",0.6,0.311785633608063,1
1,2,0.1,84,"ASC3_income",0.4,0.216927650572898,1
1,2,0.1,84,"ASC3_child",-0.6,-0.41630528110518,1
1,2,0.1,84,"prot25_male",0,-0.0428653289014966,0
1,2,0.1,84,"prot25_age",0,0.0142158220577606,0
1,2,0.1,84,"prot25_income",0.2,0.122199760029957,1
1,2,0.1,84,"prot25_child",-0.7,-0.260408922315114,1
1,2,0.1,84,"prot50_male",0,0.0411225403595861,0
1,2,0.1,84,"prot50_age",0,-0.0166516541828287,0
1,2,0.1,84,"prot50_income",0,-0.00515296524722007,0
1,2,0.1,84,"prot50_child",-0.9,-0.210644451288883,1
1,2,0.1,84,"invasive_male",-1.1,-0.387926421527105,1
1,2,0.1,84,"invasive_age",0,-0.002903754447803,0
1,2,0.1,84,"invasive_income",0,-2.01268790900362e-08,0
1,2,0.1,84,"invasive_child",0,0.0459897147142192,0
1,2,0.1,85,"ASC2_male",0.9,0.5211394068067,1
1,2,0.1,85,"ASC2_age",0,0.0241599272949415,0
1,2,0.1,85,"ASC2_income",0.4,0.201659013350203,1
1,2,0.1,85,"ASC2_child",0,-0.0854114690656211,0
1,2,0.1,85,"ASC3_male",0,-0.00484804937724708,0
1,2,0.1,85,"ASC3_age",0.5,0.260974461861366,1
1,2,0.1,85,"ASC3_income",0.9,0.409857142438496,1
1,2,0.1,85,"ASC3_child",0.4,0.0819978908936122,0
1,2,0.1,85,"prot25_male",0,-0.057149257886801,0
1,2,0.1,85,"prot25_age",-0.3,-0.133572213766954,1
1,2,0.1,85,"prot25_income",0.7,0.33520318899192,1
1,2,0.1,85,"prot25_child",0,0.0646686533795569,0
1,2,0.1,85,"prot50_male",0,-0.0290783696263927,0
1,2,0.1,85,"prot50_age",-0.8,-0.395347056757653,1
1,2,0.1,85,"prot50_income",-0.7,-0.310154878569032,1
1,2,0.1,85,"prot50_child",0,-0.111932709791428,1
1,2,0.1,85,"invasive_male",0,-0.0258506217947674,0
1,2,0.1,85,"invasive_age",0,8.94461847706575e-09,0
1,2,0.1,85,"invasive_income",0,0.0495360785630014,0
1,2,0.1,85,"invasive_child",0.6,0.170543632565946,1
1,2,0.1,86,"ASC2_male",0,-1.03015539223554e-07,0
1,2,0.1,86,"ASC2_age",-0.6,-0.316255341999369,1
1,2,0.1,86,"ASC2_income",0.7,0.237869024865859,1
1,2,0.1,86,"ASC2_child",0,-2.35621894052234e-09,0
1,2,0.1,86,"ASC3_male",0,-0.0412505590315267,0
1,2,0.1,86,"ASC3_age",0,-0.0635487581993389,0
1,2,0.1,86,"ASC3_income",1.2,0.524193377364929,1
1,2,0.1,86,"ASC3_child",0,-0.0514948748772434,0
1,2,0.1,86,"prot25_male",-0.7,-0.246587019598873,1
1,2,0.1,86,"prot25_age",-1,-0.539777129280888,1
1,2,0.1,86,"prot25_income",0,5.48422770851583e-05,0
1,2,0.1,86,"prot25_child",0.9,0.497286999370133,1
1,2,0.1,86,"prot50_male",1,0.649883592291056,1
1,2,0.1,86,"prot50_age",0,0.0388467908814108,0
1,2,0.1,86,"prot50_income",0,0.0537135011612664,0
1,2,0.1,86,"prot50_child",-1,-0.45388815274262,1
1,2,0.1,86,"invasive_male",0,0.0125118528468525,0
1,2,0.1,86,"invasive_age",1,0.480585673437141,1
1,2,0.1,86,"invasive_income",0,-1.17906307545518e-08,0
1,2,0.1,86,"invasive_child",0.3,0.137687101760269,1
1,2,0.1,87,"ASC2_male",-0.3,-0.1170026023994,1
1,2,0.1,87,"ASC2_age",0.1,0.00587064612754028,0
1,2,0.1,87,"ASC2_income",-0.2,-0.0497111610405377,0
1,2,0.1,87,"ASC2_child",0,-0.0962424488741626,0
1,2,0.1,87,"ASC3_male",0,-9.20441652092917e-11,0
1,2,0.1,87,"ASC3_age",0,-0.026996989182265,0
1,2,0.1,87,"ASC3_income",0.3,0.175794606608646,1
1,2,0.1,87,"ASC3_child",0.7,0.24310593942293,1
1,2,0.1,87,"prot25_male",0,1.0458535377906e-07,0
1,2,0.1,87,"prot25_age",0,1.90988950726881e-07,0
1,2,0.1,87,"prot25_income",0.5,0.218494359809355,1
1,2,0.1,87,"prot25_child",0,0.190675498728345,1
1,2,0.1,87,"prot50_male",0,-1.25519412284993e-08,0
1,2,0.1,87,"prot50_age",1,0.484527477447188,1
1,2,0.1,87,"prot50_income",1.1,0.498665833819935,1
1,2,0.1,87,"prot50_child",-0.7,-0.290495054988184,1
1,2,0.1,87,"invasive_male",0,-0.0668247033461611,0
1,2,0.1,87,"invasive_age",-1.1,-0.542066698658718,1
1,2,0.1,87,"invasive_income",0,3.79021431207606e-08,0
1,2,0.1,87,"invasive_child",0,4.90858620780635e-08,0
1,2,0.1,88,"ASC2_male",0,-8.39230835854356e-09,0
1,2,0.1,88,"ASC2_age",0.5,0.239716676548235,1
1,2,0.1,88,"ASC2_income",-1,-0.572011313847037,1
1,2,0.1,88,"ASC2_child",0,-0.147139296525843,1
1,2,0.1,88,"ASC3_male",0,-4.77127772458708e-09,0
1,2,0.1,88,"ASC3_age",0,-2.22136270209452e-09,0
1,2,0.1,88,"ASC3_income",-0.6,-0.321488295109651,1
1,2,0.1,88,"ASC3_child",1.1,0.430059382494636,1
1,2,0.1,88,"prot25_male",0.8,0.459984885653254,1
1,2,0.1,88,"prot25_age",0.3,0.157917523204491,1
1,2,0.1,88,"prot25_income",-0.5,-0.224552966358902,1
1,2,0.1,88,"prot25_child",-1,-0.383942717303999,1
1,2,0.1,88,"prot50_male",-0.2,-1.30201938298588e-08,0
1,2,0.1,88,"prot50_age",0,0.0335020826211394,0
1,2,0.1,88,"prot50_income",-0.3,-0.13255355356674,1
1,2,0.1,88,"prot50_child",0,-9.54226030637071e-09,0
1,2,0.1,88,"invasive_male",0,0.0112557661130005,0
1,2,0.1,88,"invasive_age",0,-0.0364106786085811,0
1,2,0.1,88,"invasive_income",0,-4.96611663005229e-09,0
1,2,0.1,88,"invasive_child",0,9.93278926236055e-09,0
1,2,0.1,89,"ASC2_male",0,-0.0489763392402865,0
1,2,0.1,89,"ASC2_age",0.3,0.113574878979025,1
1,2,0.1,89,"ASC2_income",0,8.80728716069418e-07,0
1,2,0.1,89,"ASC2_child",0,-5.00152909344529e-08,0
1,2,0.1,89,"ASC3_male",0,-3.89162969785616e-09,0
1,2,0.1,89,"ASC3_age",0.8,0.317336008068846,1
1,2,0.1,89,"ASC3_income",0,-6.02108186880608e-08,0
1,2,0.1,89,"ASC3_child",1,0.344906279711228,1
1,2,0.1,89,"prot25_male",0.7,0.36804336258697,1
1,2,0.1,89,"prot25_age",0,0.055998766661625,0
1,2,0.1,89,"prot25_income",0,-9.34106291173085e-09,0
1,2,0.1,89,"prot25_child",-0.2,-2.77500304765982e-10,0
1,2,0.1,89,"prot50_male",-0.6,-0.383044287120694,1
1,2,0.1,89,"prot50_age",0.2,0.144411668803875,1
1,2,0.1,89,"prot50_income",0.1,0.0127901348230437,0
1,2,0.1,89,"prot50_child",0,-7.5287302891303e-10,0
1,2,0.1,89,"invasive_male",0,-0.0715652447915962,0
1,2,0.1,89,"invasive_age",0,-0.0239012503852368,0
1,2,0.1,89,"invasive_income",0.7,0.361903528441364,1
1,2,0.1,89,"invasive_child",0.6,0.21108070434732,1
1,2,0.1,90,"ASC2_male",0,-0.0629857759852432,0
1,2,0.1,90,"ASC2_age",0.5,0.230367791007065,1
1,2,0.1,90,"ASC2_income",0.8,0.67697607242257,1
1,2,0.1,90,"ASC2_child",0.3,0.00203379264086552,0
1,2,0.1,90,"ASC3_male",0,0.0236778932274858,0
1,2,0.1,90,"ASC3_age",0.3,0.104264161135455,1
1,2,0.1,90,"ASC3_income",-1.1,-0.405399967286097,1
1,2,0.1,90,"ASC3_child",0,-0.123948076985318,1
1,2,0.1,90,"prot25_male",0,0.102689792456425,1
1,2,0.1,90,"prot25_age",1.2,0.641905902717444,1
1,2,0.1,90,"prot25_income",0.4,0.104708660439009,1
1,2,0.1,90,"prot25_child",0,0.112179551550188,1
1,2,0.1,90,"prot50_male",-0.8,-0.23727809349445,1
1,2,0.1,90,"prot50_age",0.4,0.218241400967207,1
1,2,0.1,90,"prot50_income",-0.1,-0.229026771116679,1
1,2,0.1,90,"prot50_child",0,0.152174198546093,1
1,2,0.1,90,"invasive_male",0,-0.0220682598874653,0
1,2,0.1,90,"invasive_age",0,-0.0181715897727398,0
1,2,0.1,90,"invasive_income",0,0.0727026277809879,0
1,2,0.1,90,"invasive_child",0,-0.0231459233985269,0
1,2,0.1,91,"ASC2_male",0,0.0540372931083322,0
1,2,0.1,91,"ASC2_age",-0.4,-0.270629605844082,1
1,2,0.1,91,"ASC2_income",0.3,0.224045345669455,1
1,2,0.1,91,"ASC2_child",-0.2,-0.301656061840168,1
1,2,0.1,91,"ASC3_male",0,0.134238713416102,1
1,2,0.1,91,"ASC3_age",0.2,0.0416236888029,0
1,2,0.1,91,"ASC3_income",-0.3,-0.122110835644452,1
1,2,0.1,91,"ASC3_child",-0.8,-0.575677149415124,1
1,2,0.1,91,"prot25_male",0,-0.106907212164987,1
1,2,0.1,91,"prot25_age",0,-0.0504925548223401,0
1,2,0.1,91,"prot25_income",0.8,0.373860657031315,1
1,2,0.1,91,"prot25_child",0,0.0687935371363706,0
1,2,0.1,91,"prot50_male",0.3,0.0553306921137045,0
1,2,0.1,91,"prot50_age",0,-0.0247986946668177,0
1,2,0.1,91,"prot50_income",0,0.0225960847365735,0
1,2,0.1,91,"prot50_child",0,-0.0886212701444514,0
1,2,0.1,91,"invasive_male",0,-0.011489962275933,0
1,2,0.1,91,"invasive_age",-0.2,-0.198908781338829,1
1,2,0.1,91,"invasive_income",-0.5,-0.227199414054331,1
1,2,0.1,91,"invasive_child",0,-0.261692309684624,1
1,2,0.1,92,"ASC2_male",-0.5,-0.318062468120609,1
1,2,0.1,92,"ASC2_age",1,0.490228275492048,1
1,2,0.1,92,"ASC2_income",0,0.00133200690662709,0
1,2,0.1,92,"ASC2_child",0,-0.202285376039835,1
1,2,0.1,92,"ASC3_male",0,-0.0483550751356301,0
1,2,0.1,92,"ASC3_age",0,-0.0212489475594266,0
1,2,0.1,92,"ASC3_income",0,3.21403693857226e-08,0
1,2,0.1,92,"ASC3_child",0.3,0.0294672756476553,0
1,2,0.1,92,"prot25_male",-1.1,-0.534484176642669,1
1,2,0.1,92,"prot25_age",0,0.0544844194595622,0
1,2,0.1,92,"prot25_income",-1.2,-0.677443377760671,1
1,2,0.1,92,"prot25_child",0,0.0186232497373201,0
1,2,0.1,92,"prot50_male",-0.4,-0.107602620322736,1
1,2,0.1,92,"prot50_age",-0.6,-0.298124812464821,1
1,2,0.1,92,"prot50_income",0,-0.0250211905843307,0
1,2,0.1,92,"prot50_child",0.8,0.459853246676516,1
1,2,0.1,92,"invasive_male",0,-7.05467455278808e-09,0
1,2,0.1,92,"invasive_age",0,0.0144327455506002,0
1,2,0.1,92,"invasive_income",0.7,0.339483790889305,1
1,2,0.1,92,"invasive_child",0.9,0.34878224677032,1
1,2,0.1,93,"ASC2_male",0,-0.0126621938824312,0
1,2,0.1,93,"ASC2_age",-0.9,-0.304185086581137,1
1,2,0.1,93,"ASC2_income",0,-0.00898572611799122,0
1,2,0.1,93,"ASC2_child",-0.4,-0.0840906813382078,0
1,2,0.1,93,"ASC3_male",0,-0.0762787370473589,0
1,2,0.1,93,"ASC3_age",-1.1,-0.412622798751551,1
1,2,0.1,93,"ASC3_income",0,1.37691095844325e-11,0
1,2,0.1,93,"ASC3_child",-1,-0.321906136356069,1
1,2,0.1,93,"prot25_male",0,0.0699905231538193,0
1,2,0.1,93,"prot25_age",0,-0.0866236475049246,0
1,2,0.1,93,"prot25_income",0.4,0.167360401070499,1
1,2,0.1,93,"prot25_child",1.1,0.407353558602027,1
1,2,0.1,93,"prot50_male",0,0.0486721194297644,0
1,2,0.1,93,"prot50_age",0.2,0.0097173769235588,0
1,2,0.1,93,"prot50_income",1.2,0.53483820090314,1
1,2,0.1,93,"prot50_child",-1.1,-0.629921189359044,1
1,2,0.1,93,"invasive_male",0,-0.0896849500997186,0
1,2,0.1,93,"invasive_age",0,0.101766578550296,1
1,2,0.1,93,"invasive_income",0,0.00011650325005152,0
1,2,0.1,93,"invasive_child",-0.2,-0.0916759690962085,0
1,2,0.1,94,"ASC2_male",-0.2,0.0253639031101584,0
1,2,0.1,94,"ASC2_age",0,-0.0296452442554471,0
1,2,0.1,94,"ASC2_income",-0.2,0.0416075241807662,0
1,2,0.1,94,"ASC2_child",0.3,0.123273902774497,1
1,2,0.1,94,"ASC3_male",-0.1,0.0256723515690816,0
1,2,0.1,94,"ASC3_age",0,0.0186839108168556,0
1,2,0.1,94,"ASC3_income",-1.2,-0.511540807427128,1
1,2,0.1,94,"ASC3_child",-0.5,-0.21712230784585,1
1,2,0.1,94,"prot25_male",0,-0.186129743557399,1
1,2,0.1,94,"prot25_age",0,0.0366037795387492,0
1,2,0.1,94,"prot25_income",0,-0.0827779352438691,0
1,2,0.1,94,"prot25_child",0,0.0368689574595871,0
1,2,0.1,94,"prot50_male",0,-0.131759854688131,1
1,2,0.1,94,"prot50_age",0,0.0335769111894598,0
1,2,0.1,94,"prot50_income",-0.6,-0.402517348212915,1
1,2,0.1,94,"prot50_child",0,0.035301271417623,0
1,2,0.1,94,"invasive_male",0,-0.0413358880180791,0
1,2,0.1,94,"invasive_age",1,0.531954047278889,1
1,2,0.1,94,"invasive_income",0.8,0.397803958017368,1
1,2,0.1,94,"invasive_child",0.6,0.243939296498731,1
1,2,0.1,95,"ASC2_male",-0.4,-0.158676305906716,1
1,2,0.1,95,"ASC2_age",-0.5,-0.164570716074028,1
1,2,0.1,95,"ASC2_income",0,-6.25637878298025e-07,0
1,2,0.1,95,"ASC2_child",-0.7,-0.167269117673878,1
1,2,0.1,95,"ASC3_male",-1.1,-0.485253940705449,1
1,2,0.1,95,"ASC3_age",0,-0.00662020291806076,0
1,2,0.1,95,"ASC3_income",0,-0.0196085762972356,0
1,2,0.1,95,"ASC3_child",0,-4.27256188194869e-10,0
1,2,0.1,95,"prot25_male",-0.9,-0.446874403735309,1
1,2,0.1,95,"prot25_age",0,-0.0398544698460466,0
1,2,0.1,95,"prot25_income",0,-0.0172660110568911,0
1,2,0.1,95,"prot25_child",0.5,0.012222849006399,0
1,2,0.1,95,"prot50_male",0.3,0.128545862970762,1
1,2,0.1,95,"prot50_age",0.7,0.282289491890594,1
1,2,0.1,95,"prot50_income",0,-0.0212173769792428,0
1,2,0.1,95,"prot50_child",0.6,5.65500467894385e-07,0
1,2,0.1,95,"invasive_male",0,0.0609863544395478,0
1,2,0.1,95,"invasive_age",0,-1.21019523492875e-06,0
1,2,0.1,95,"invasive_income",0,0.0422514206849404,0
1,2,0.1,95,"invasive_child",0.5,-5.14243248516253e-08,0
1,2,0.1,96,"ASC2_male",-0.1,-0.0640377309987863,0
1,2,0.1,96,"ASC2_age",0.2,0.0815410661549594,0
1,2,0.1,96,"ASC2_income",0,0.0496954361722764,0
1,2,0.1,96,"ASC2_child",-0.4,-0.16618756237163,1
1,2,0.1,96,"ASC3_male",0,-1.50203061642903e-07,0
1,2,0.1,96,"ASC3_age",0,-0.0587912440753429,0
1,2,0.1,96,"ASC3_income",-0.6,-0.275006385471226,1
1,2,0.1,96,"ASC3_child",0.6,0.29148114343466,1
1,2,0.1,96,"prot25_male",0.3,-2.5805045623846e-09,0
1,2,0.1,96,"prot25_age",0,-0.00156695307981848,0
1,2,0.1,96,"prot25_income",0,0.0443791988549116,0
1,2,0.1,96,"prot25_child",-0.8,-0.362375489253403,1
1,2,0.1,96,"prot50_male",0.3,0.126012538928341,1
1,2,0.1,96,"prot50_age",1.2,0.663566459313648,1
1,2,0.1,96,"prot50_income",0,-0.0364395176536435,0
1,2,0.1,96,"prot50_child",0,0.0872234215369068,0
1,2,0.1,96,"invasive_male",0,-6.98796353786014e-07,0
1,2,0.1,96,"invasive_age",0,0.00135958238891025,0
1,2,0.1,96,"invasive_income",0,-3.80272546936593e-09,0
1,2,0.1,96,"invasive_child",0.6,0.457891908262682,1
1,2,0.1,97,"ASC2_male",0.8,0.392103098399049,1
1,2,0.1,97,"ASC2_age",0,0.0616476263864876,0
1,2,0.1,97,"ASC2_income",-1.1,-0.425977281962561,1
1,2,0.1,97,"ASC2_child",0.9,0.475905047574759,1
1,2,0.1,97,"ASC3_male",0.5,0.297439044593018,1
1,2,0.1,97,"ASC3_age",0,0.0727291288445993,0
1,2,0.1,97,"ASC3_income",0,0.0869688110189945,0
1,2,0.1,97,"ASC3_child",0,0.044126098631572,0
1,2,0.1,97,"prot25_male",-0.4,-0.203501863566981,1
1,2,0.1,97,"prot25_age",0,-0.0218156598824557,0
1,2,0.1,97,"prot25_income",0,0.00403798798780508,0
1,2,0.1,97,"prot25_child",0,-0.00800236441588721,0
1,2,0.1,97,"prot50_male",0.4,0.125954067277797,1
1,2,0.1,97,"prot50_age",1.2,0.677034904001052,1
1,2,0.1,97,"prot50_income",-0.4,-0.202460665840668,1
1,2,0.1,97,"prot50_child",0.3,0.149110170231851,1
1,2,0.1,97,"invasive_male",0,-0.0926215182176431,0
1,2,0.1,97,"invasive_age",0,0.0708603660636723,0
1,2,0.1,97,"invasive_income",0,0.0572294858774873,0
1,2,0.1,97,"invasive_child",-0.8,-0.265803206528245,1
1,2,0.1,98,"ASC2_male",0,-5.35840632254172e-08,0
1,2,0.1,98,"ASC2_age",0.8,0.368924392292526,1
1,2,0.1,98,"ASC2_income",0,-0.0147339106364709,0
1,2,0.1,98,"ASC2_child",0.1,-1.17711877074937e-08,0
1,2,0.1,98,"ASC3_male",1.2,0.534739590875506,1
1,2,0.1,98,"ASC3_age",-0.7,-0.323481079053466,1
1,2,0.1,98,"ASC3_income",-0.6,-0.334494465084266,1
1,2,0.1,98,"ASC3_child",-0.2,-2.43904382948285e-09,0
1,2,0.1,98,"prot25_male",0,0.0031977231497534,0
1,2,0.1,98,"prot25_age",0,-5.09378813845577e-09,0
1,2,0.1,98,"prot25_income",0,-5.36605578174826e-09,0
1,2,0.1,98,"prot25_child",0.7,0.391740711630032,1
1,2,0.1,98,"prot50_male",0.5,0.298699226176969,1
1,2,0.1,98,"prot50_age",-0.7,-0.368200941129518,1
1,2,0.1,98,"prot50_income",-1.2,-0.539511964117457,1
1,2,0.1,98,"prot50_child",0,0.0726520931393772,0
1,2,0.1,98,"invasive_male",0,-1.28208236879684e-08,0
1,2,0.1,98,"invasive_age",0,-1.4358895621397e-07,0
1,2,0.1,98,"invasive_income",0,0.0391264852054527,0
1,2,0.1,98,"invasive_child",0,-0.00164665446505321,0
1,2,0.1,99,"ASC2_male",0.5,0.339951903833349,1
1,2,0.1,99,"ASC2_age",0,-0.0310226648307006,0
1,2,0.1,99,"ASC2_income",0.7,0.265890613856025,1
1,2,0.1,99,"ASC2_child",1.1,0.391766035205779,1
1,2,0.1,99,"ASC3_male",0,-9.95524469224874e-09,0
1,2,0.1,99,"ASC3_age",1.2,0.576520128032819,1
1,2,0.1,99,"ASC3_income",0,1.0394788361604e-06,0
1,2,0.1,99,"ASC3_child",0,-0.102714605325826,1
1,2,0.1,99,"prot25_male",0.3,0.0797953536891178,0
1,2,0.1,99,"prot25_age",0.9,0.447543430489026,1
1,2,0.1,99,"prot25_income",0,0.0430488842846005,0
1,2,0.1,99,"prot25_child",0,-7.48450343038935e-07,0
1,2,0.1,99,"prot50_male",0,-0.00648765675036876,0
1,2,0.1,99,"prot50_age",0,-0.028002560977105,0
1,2,0.1,99,"prot50_income",0,-0.0219318779496832,0
1,2,0.1,99,"prot50_child",1.1,0.429286053582221,1
1,2,0.1,99,"invasive_male",0,-1.5494735818316e-06,0
1,2,0.1,99,"invasive_age",0.1,0.0270346946072801,0
1,2,0.1,99,"invasive_income",1.2,0.527577715619853,1
1,2,0.1,99,"invasive_child",1.2,0.307210099618136,1
1,2,0.1,100,"ASC2_male",0,-0.0276198106104713,0
1,2,0.1,100,"ASC2_age",0,0.0026204729694384,0
1,2,0.1,100,"ASC2_income",-1,-0.411971877010381,1
1,2,0.1,100,"ASC2_child",0,-2.5710100361493e-07,0
1,2,0.1,100,"ASC3_male",0,-1.99776867861956e-08,0
1,2,0.1,100,"ASC3_age",-0.4,-0.191882420750314,1
1,2,0.1,100,"ASC3_income",-0.7,-0.272813644273067,1
1,2,0.1,100,"ASC3_child",-0.8,-0.315441025091408,1
1,2,0.1,100,"prot25_male",1,0.448857659123711,1
1,2,0.1,100,"prot25_age",0,-0.0109075427779762,0
1,2,0.1,100,"prot25_income",0,0.052796154316114,0
1,2,0.1,100,"prot25_child",0,7.00062946766161e-09,0
1,2,0.1,100,"prot50_male",1.1,0.51880056284539,1
1,2,0.1,100,"prot50_age",-0.3,-0.112874375386717,1
1,2,0.1,100,"prot50_income",0,0.0169410968156462,0
1,2,0.1,100,"prot50_child",-0.1,-0.103825573586528,1
1,2,0.1,100,"invasive_male",0,0.0941509906348523,0
1,2,0.1,100,"invasive_age",0,0.0389465333142898,0
1,2,0.1,100,"invasive_income",0.9,0.497168887850383,1
1,2,0.1,100,"invasive_child",-0.2,-0.0480237157258984,0
1,2,0.5,1,"ASC2_male",0,6.35557911576386e-07,0
1,2,0.5,1,"ASC2_age",0.6,0.251666269413172,0
1,2,0.5,1,"ASC2_income",0,-0.00507818750834574,0
1,2,0.5,1,"ASC2_child",0,-1.0071798526641e-06,0
1,2,0.5,1,"ASC3_male",0,2.17213198361164e-07,0
1,2,0.5,1,"ASC3_age",-1,-0.496458805862328,0
1,2,0.5,1,"ASC3_income",0,0.0238551134852089,0
1,2,0.5,1,"ASC3_child",0.2,0.151814956606145,0
1,2,0.5,1,"prot25_male",0,0.104842937840765,0
1,2,0.5,1,"prot25_age",-1,-0.480919223290908,0
1,2,0.5,1,"prot25_income",0,-1.44330972553817e-08,0
1,2,0.5,1,"prot25_child",1.1,0.392166671124707,0
1,2,0.5,1,"prot50_male",-0.2,-5.71459332082108e-10,0
1,2,0.5,1,"prot50_age",0.5,0.299978580346702,0
1,2,0.5,1,"prot50_income",0.6,0.296105058157288,0
1,2,0.5,1,"prot50_child",0,-4.98245586056377e-08,0
1,2,0.5,1,"invasive_male",-0.2,-0.00950876234730521,0
1,2,0.5,1,"invasive_age",0,0.0139194017774727,0
1,2,0.5,1,"invasive_income",-0.3,-0.0872713679697799,0
1,2,0.5,1,"invasive_child",0,-5.80999571941908e-08,0
1,2,0.5,2,"ASC2_male",0.2,0.0287649975934593,0
1,2,0.5,2,"ASC2_age",0,-0.00220386435042626,0
1,2,0.5,2,"ASC2_income",0.2,0.13673419806165,0
1,2,0.5,2,"ASC2_child",0,1.35234743539677e-08,0
1,2,0.5,2,"ASC3_male",-0.2,-0.0874484135076648,0
1,2,0.5,2,"ASC3_age",0,-5.07474804478495e-09,0
1,2,0.5,2,"ASC3_income",0.9,0.436419585803671,0
1,2,0.5,2,"ASC3_child",0,0.0213422891352863,0
1,2,0.5,2,"prot25_male",0,-1.38272108802952e-08,0
1,2,0.5,2,"prot25_age",-0.4,-0.162974994450288,0
1,2,0.5,2,"prot25_income",0,-1.11013031325342e-07,0
1,2,0.5,2,"prot25_child",-0.9,-0.271918431603004,0
1,2,0.5,2,"prot50_male",0,5.80608219924966e-08,0
1,2,0.5,2,"prot50_age",-1,-0.511417847150392,1
1,2,0.5,2,"prot50_income",0,0.0403002127834724,0
1,2,0.5,2,"prot50_child",0,0.106956952684537,0
1,2,0.5,2,"invasive_male",0.7,0.331736630826588,0
1,2,0.5,2,"invasive_age",0,-5.67344534461121e-09,0
1,2,0.5,2,"invasive_income",-0.2,-0.0330512523672995,0
1,2,0.5,2,"invasive_child",-1,-0.284971845463267,0
1,2,0.5,3,"ASC2_male",0,0.045773904461407,0
1,2,0.5,3,"ASC2_age",0.4,0.128135825466126,0
1,2,0.5,3,"ASC2_income",-0.7,-0.314767642730002,0
1,2,0.5,3,"ASC2_child",0,-0.0814558823564286,0
1,2,0.5,3,"ASC3_male",0,3.87172409661161e-08,0
1,2,0.5,3,"ASC3_age",0,-0.00929780921699077,0
1,2,0.5,3,"ASC3_income",0,0.0731638086551195,0
1,2,0.5,3,"ASC3_child",0,0.0451128853848997,0
1,2,0.5,3,"prot25_male",0.3,0.00743394066783917,0
1,2,0.5,3,"prot25_age",-0.9,-0.421062061779387,0
1,2,0.5,3,"prot25_income",0,0.0260883033829348,0
1,2,0.5,3,"prot25_child",-0.3,-0.205654128663011,0
1,2,0.5,3,"prot50_male",0,-0.0330730274313889,0
1,2,0.5,3,"prot50_age",0,0.0629934644169531,0
1,2,0.5,3,"prot50_income",0.2,0.112198427416206,0
1,2,0.5,3,"prot50_child",0,0.000141253618037206,0
1,2,0.5,3,"invasive_male",-0.4,-0.20738961640142,0
1,2,0.5,3,"invasive_age",1,0.498868816983834,0
1,2,0.5,3,"invasive_income",1.1,0.624559549774915,1
1,2,0.5,3,"invasive_child",1,0.566814600991559,1
1,2,0.5,4,"ASC2_male",0,0.0946893281195869,0
1,2,0.5,4,"ASC2_age",0.7,0.287541148083448,0
1,2,0.5,4,"ASC2_income",0.6,0.177277789554933,0
1,2,0.5,4,"ASC2_child",1,0.513472511145368,1
1,2,0.5,4,"ASC3_male",0,0.0652267365270813,0
1,2,0.5,4,"ASC3_age",0,-0.0587784584003087,0
1,2,0.5,4,"ASC3_income",0,-0.0891868210532517,0
1,2,0.5,4,"ASC3_child",-1.2,-0.487569367605022,0
1,2,0.5,4,"prot25_male",0,-0.0862878077929627,0
1,2,0.5,4,"prot25_age",0,-0.00642098435744674,0
1,2,0.5,4,"prot25_income",0.6,0.370239180700307,0
1,2,0.5,4,"prot25_child",-0.2,-0.0405258497184097,0
1,2,0.5,4,"prot50_male",0,-0.0818173031467675,0
1,2,0.5,4,"prot50_age",0,0.00563800273836368,0
1,2,0.5,4,"prot50_income",0.3,0.159097431321887,0
1,2,0.5,4,"prot50_child",0,0.0122652174826085,0
1,2,0.5,4,"invasive_male",-0.5,-0.221431349121849,0
1,2,0.5,4,"invasive_age",-0.2,-0.144264298530574,0
1,2,0.5,4,"invasive_income",-0.6,-0.334630927714649,0
1,2,0.5,4,"invasive_child",0,0.0100990416391884,0
1,2,0.5,5,"ASC2_male",0,-0.274930017734047,0
1,2,0.5,5,"ASC2_age",0,-0.0170234521544432,0
1,2,0.5,5,"ASC2_income",-0.3,-0.152193667913118,0
1,2,0.5,5,"ASC2_child",0,-0.0244413217623616,0
1,2,0.5,5,"ASC3_male",0.7,0.159766691368401,0
1,2,0.5,5,"ASC3_age",0,1.35821128089001e-08,0
1,2,0.5,5,"ASC3_income",0,-3.6190871513805e-11,0
1,2,0.5,5,"ASC3_child",0.3,0.209970584196535,0
1,2,0.5,5,"prot25_male",0.5,0.403978543321182,0
1,2,0.5,5,"prot25_age",0,0.00848667508252579,0
1,2,0.5,5,"prot25_income",0,-0.00910084001777321,0
1,2,0.5,5,"prot25_child",0.5,0.166208475542424,0
1,2,0.5,5,"prot50_male",0.7,0.337140811881533,0
1,2,0.5,5,"prot50_age",0.7,0.378815087549108,0
1,2,0.5,5,"prot50_income",0,0.0191085811933657,0
1,2,0.5,5,"prot50_child",0,-0.031132043545767,0
1,2,0.5,5,"invasive_male",0.3,0.051091059448204,0
1,2,0.5,5,"invasive_age",0,0.0184860927937259,0
1,2,0.5,5,"invasive_income",-0.8,-0.376506240678208,0
1,2,0.5,5,"invasive_child",-0.2,-0.00718349650953553,0
1,2,0.5,6,"ASC2_male",1.2,0.515547773489121,1
1,2,0.5,6,"ASC2_age",0.5,0.282712121753577,0
1,2,0.5,6,"ASC2_income",-0.2,-0.101272786002638,0
1,2,0.5,6,"ASC2_child",0,0.00618369270714673,0
1,2,0.5,6,"ASC3_male",0,-0.0225322490978769,0
1,2,0.5,6,"ASC3_age",-0.5,-0.199395519272859,0
1,2,0.5,6,"ASC3_income",0,0.0256453811916624,0
1,2,0.5,6,"ASC3_child",0,-1.47706059527444e-06,0
1,2,0.5,6,"prot25_male",0.2,0.0794680654061206,0
1,2,0.5,6,"prot25_age",0,-0.0514325760322487,0
1,2,0.5,6,"prot25_income",0,0.0148737681782065,0
1,2,0.5,6,"prot25_child",0,0.0656800840290111,0
1,2,0.5,6,"prot50_male",1,0.49778579073862,0
1,2,0.5,6,"prot50_age",-0.5,-0.2191682357907,0
1,2,0.5,6,"prot50_income",0,-0.0657067737824977,0
1,2,0.5,6,"prot50_child",0,0.0646199718424848,0
1,2,0.5,6,"invasive_male",0.5,0.150081264638199,0
1,2,0.5,6,"invasive_age",-0.2,-0.0517273860296229,0
1,2,0.5,6,"invasive_income",0,-0.00304169372970135,0
1,2,0.5,6,"invasive_child",0.3,0.107677948554737,0
1,2,0.5,7,"ASC2_male",0.2,1.73421020237188e-08,0
1,2,0.5,7,"ASC2_age",0,-2.60970388077366e-08,0
1,2,0.5,7,"ASC2_income",0.8,0.288015154923475,0
1,2,0.5,7,"ASC2_child",0,4.22729446242749e-10,0
1,2,0.5,7,"ASC3_male",0.9,0.383904246205085,0
1,2,0.5,7,"ASC3_age",-1.2,-0.565826490460736,1
1,2,0.5,7,"ASC3_income",0.8,0.220211433186759,0
1,2,0.5,7,"ASC3_child",0,-1.38843260222835e-08,0
1,2,0.5,7,"prot25_male",-0.8,-0.18835659462316,0
1,2,0.5,7,"prot25_age",-0.5,-0.208322087345312,0
1,2,0.5,7,"prot25_income",0,0.0385180940573674,0
1,2,0.5,7,"prot25_child",0,0.0626875960926591,0
1,2,0.5,7,"prot50_male",0,0.143711890047858,0
1,2,0.5,7,"prot50_age",-0.9,-0.447763539999285,0
1,2,0.5,7,"prot50_income",-0.7,-0.355821802181197,0
1,2,0.5,7,"prot50_child",-0.8,-0.151944137021943,0
1,2,0.5,7,"invasive_male",0,-1.52088977176534e-07,0
1,2,0.5,7,"invasive_age",0,0.0137672286465864,0
1,2,0.5,7,"invasive_income",0,-0.0260282646464475,0
1,2,0.5,7,"invasive_child",0,-2.9384893719599e-09,0
1,2,0.5,8,"ASC2_male",0.5,0.144524311074569,0
1,2,0.5,8,"ASC2_age",0,-0.0104375475676833,0
1,2,0.5,8,"ASC2_income",0,3.33244379601092e-09,0
1,2,0.5,8,"ASC2_child",-0.5,-0.164107032323765,0
1,2,0.5,8,"ASC3_male",0,-7.65668582810655e-09,0
1,2,0.5,8,"ASC3_age",0.8,0.36026476462779,0
1,2,0.5,8,"ASC3_income",0,0.00297059488398832,0
1,2,0.5,8,"ASC3_child",0.6,0.244819357959251,0
1,2,0.5,8,"prot25_male",0,0.0407739704439785,0
1,2,0.5,8,"prot25_age",1.2,0.602544723848206,1
1,2,0.5,8,"prot25_income",0,0.0116859397122919,0
1,2,0.5,8,"prot25_child",1.1,0.649979035201825,1
1,2,0.5,8,"prot50_male",0,-1.44900359915269e-09,0
1,2,0.5,8,"prot50_age",0,0.00100805431889417,0
1,2,0.5,8,"prot50_income",0,0.00854850568875753,0
1,2,0.5,8,"prot50_child",-1,-0.25218187706918,0
1,2,0.5,8,"invasive_male",0,-6.72131965042487e-09,0
1,2,0.5,8,"invasive_age",-0.3,-0.158810209764324,0
1,2,0.5,8,"invasive_income",0.3,0.15533336724924,0
1,2,0.5,8,"invasive_child",-0.9,-0.270983386440127,0
1,2,0.5,9,"ASC2_male",0,-1.16580246587801e-08,0
1,2,0.5,9,"ASC2_age",0.5,0.235237104698215,0
1,2,0.5,9,"ASC2_income",0.5,0.252720380455449,0
1,2,0.5,9,"ASC2_child",0,-3.45654630389203e-09,0
1,2,0.5,9,"ASC3_male",0,-9.78478422882058e-09,0
1,2,0.5,9,"ASC3_age",0,-0.0378383417614294,0
1,2,0.5,9,"ASC3_income",0,0.0399838132667736,0
1,2,0.5,9,"ASC3_child",-0.3,-0.120226255560163,0
1,2,0.5,9,"prot25_male",0.7,0.363991132489206,0
1,2,0.5,9,"prot25_age",0.4,0.15769365467657,0
1,2,0.5,9,"prot25_income",0,-1.02278199185358e-08,0
1,2,0.5,9,"prot25_child",0.3,-1.89907913995796e-09,0
1,2,0.5,9,"prot50_male",-0.2,-1.19974222566644e-08,0
1,2,0.5,9,"prot50_age",-1,-0.550230755117192,1
1,2,0.5,9,"prot50_income",0,-1.38072602757496e-08,0
1,2,0.5,9,"prot50_child",-0.8,-0.281409966054778,0
1,2,0.5,9,"invasive_male",0,3.86138001132944e-09,0
1,2,0.5,9,"invasive_age",1,0.425929149652005,0
1,2,0.5,9,"invasive_income",0,0.0130492321566836,0
1,2,0.5,9,"invasive_child",0,-0.0153899596775891,0
1,2,0.5,10,"ASC2_male",0,-0.0997868678623774,0
1,2,0.5,10,"ASC2_age",-1,-0.511929927947566,1
1,2,0.5,10,"ASC2_income",0,0.015965437575876,0
1,2,0.5,10,"ASC2_child",0,1.17959634045179e-07,0
1,2,0.5,10,"ASC3_male",0.7,0.182352788984592,0
1,2,0.5,10,"ASC3_age",0,8.31413802265326e-10,0
1,2,0.5,10,"ASC3_income",0,-2.79585216114836e-09,0
1,2,0.5,10,"ASC3_child",0,-0.000893776817708944,0
1,2,0.5,10,"prot25_male",-1,-0.424017739143202,0
1,2,0.5,10,"prot25_age",1.1,0.589317887238643,1
1,2,0.5,10,"prot25_income",-0.7,-0.336035861911191,0
1,2,0.5,10,"prot25_child",-0.3,-6.49331131937422e-08,0
1,2,0.5,10,"prot50_male",0,0.0731454539783941,0
1,2,0.5,10,"prot50_age",0,0.0122894561443963,0
1,2,0.5,10,"prot50_income",0,0.0491254080809306,0
1,2,0.5,10,"prot50_child",0,-1.95442521940403e-10,0
1,2,0.5,10,"invasive_male",0.2,0.00731442858838741,0
1,2,0.5,10,"invasive_age",0.6,0.331687022791566,0
1,2,0.5,10,"invasive_income",-0.4,-0.179273289438112,0
1,2,0.5,10,"invasive_child",-0.3,-0.0295825005656807,0
1,2,0.5,11,"ASC2_male",1.1,0.358090028301336,0
1,2,0.5,11,"ASC2_age",0,0.058314792408231,0
1,2,0.5,11,"ASC2_income",0.1,-0.0489712128988732,0
1,2,0.5,11,"ASC2_child",0,0.0847528836027567,0
1,2,0.5,11,"ASC3_male",0.6,0.123118521100389,0
1,2,0.5,11,"ASC3_age",-1,-0.449178498795435,0
1,2,0.5,11,"ASC3_income",0.9,0.356524417087729,0
1,2,0.5,11,"ASC3_child",-0.8,-0.306904286387845,0
1,2,0.5,11,"prot25_male",-0.9,-0.389403068776024,0
1,2,0.5,11,"prot25_age",0,-0.062233197436266,0
1,2,0.5,11,"prot25_income",0,0.00998728661949559,0
1,2,0.5,11,"prot25_child",0,0.10641282903342,0
1,2,0.5,11,"prot50_male",0,-7.12812420990965e-11,0
1,2,0.5,11,"prot50_age",0,-0.0461363824963922,0
1,2,0.5,11,"prot50_income",0,0.0540653607465604,0
1,2,0.5,11,"prot50_child",0,-0.0862379854292611,0
1,2,0.5,11,"invasive_male",-0.7,-0.449040787566959,0
1,2,0.5,11,"invasive_age",0,0.0208276402560001,0
1,2,0.5,11,"invasive_income",1,0.443839597531784,0
1,2,0.5,11,"invasive_child",-1.2,-0.628890539925139,1
1,2,0.5,12,"ASC2_male",0,-2.1309363851261e-08,0
1,2,0.5,12,"ASC2_age",-0.4,-0.23856166759125,0
1,2,0.5,12,"ASC2_income",-0.6,-0.360935915809766,0
1,2,0.5,12,"ASC2_child",-1.2,-0.491314122266342,0
1,2,0.5,12,"ASC3_male",-0.7,-0.488771486570626,0
1,2,0.5,12,"ASC3_age",0.4,0.222400344890153,0
1,2,0.5,12,"ASC3_income",0,-0.0599889587224083,0
1,2,0.5,12,"ASC3_child",0,1.02352092650267e-07,0
1,2,0.5,12,"prot25_male",0,0.128690378327352,0
1,2,0.5,12,"prot25_age",0,-3.22520219564537e-06,0
1,2,0.5,12,"prot25_income",0,-0.010627773030427,0
1,2,0.5,12,"prot25_child",1,0.616784373493564,1
1,2,0.5,12,"prot50_male",-0.6,-0.183073992074266,0
1,2,0.5,12,"prot50_age",0,0.032469885516469,0
1,2,0.5,12,"prot50_income",0,-0.00115712249233286,0
1,2,0.5,12,"prot50_child",0,0.0165307459169094,0
1,2,0.5,12,"invasive_male",0,0.0115489807107298,0
1,2,0.5,12,"invasive_age",0.6,0.33217389500841,0
1,2,0.5,12,"invasive_income",0.6,0.233606992756507,0
1,2,0.5,12,"invasive_child",-0.8,-0.355569071266428,0
1,2,0.5,13,"ASC2_male",-0.4,-0.09220995709781,0
1,2,0.5,13,"ASC2_age",0,0.00666312644518886,0
1,2,0.5,13,"ASC2_income",0,-0.0342604990056619,0
1,2,0.5,13,"ASC2_child",0,-5.14093419303572e-07,0
1,2,0.5,13,"ASC3_male",-0.4,-0.0472997513767965,0
1,2,0.5,13,"ASC3_age",-0.3,-0.151109428127471,0
1,2,0.5,13,"ASC3_income",-0.3,-0.23329120746421,0
1,2,0.5,13,"ASC3_child",0,0.039377794980079,0
1,2,0.5,13,"prot25_male",0,-6.85654125372518e-10,0
1,2,0.5,13,"prot25_age",-0.4,-0.204706587502051,0
1,2,0.5,13,"prot25_income",-1,-0.468656841521887,0
1,2,0.5,13,"prot25_child",0,-1.18994290450051e-08,0
1,2,0.5,13,"prot50_male",-0.6,-0.322331219328462,0
1,2,0.5,13,"prot50_age",0,-5.7630168057595e-07,0
1,2,0.5,13,"prot50_income",0,-0.0153308855724161,0
1,2,0.5,13,"prot50_child",0,0.0443998885744927,0
1,2,0.5,13,"invasive_male",-0.2,-7.47533610720376e-08,0
1,2,0.5,13,"invasive_age",1,0.499641264523645,0
1,2,0.5,13,"invasive_income",0.5,0.110045653174244,0
1,2,0.5,13,"invasive_child",0,-1.8201836004383e-08,0
1,2,0.5,14,"ASC2_male",1.1,0.586575046022699,1
1,2,0.5,14,"ASC2_age",0,0.0233386653958559,0
1,2,0.5,14,"ASC2_income",0,-0.0867602335685491,0
1,2,0.5,14,"ASC2_child",0.9,0.396267604550225,0
1,2,0.5,14,"ASC3_male",-0.6,-0.188982018486944,0
1,2,0.5,14,"ASC3_age",0,-0.0189188092441128,0
1,2,0.5,14,"ASC3_income",0.9,0.350473659237163,0
1,2,0.5,14,"ASC3_child",0,-2.5627140633108e-09,0
1,2,0.5,14,"prot25_male",0,0.0121909711936698,0
1,2,0.5,14,"prot25_age",0,-1.19064632702538e-05,0
1,2,0.5,14,"prot25_income",0,0.004456859197927,0
1,2,0.5,14,"prot25_child",0,0.0627539926098276,0
1,2,0.5,14,"prot50_male",0,0.017523063675254,0
1,2,0.5,14,"prot50_age",1,0.475064027412581,0
1,2,0.5,14,"prot50_income",0,-0.0123743427621997,0
1,2,0.5,14,"prot50_child",-0.9,-0.273377368000718,0
1,2,0.5,14,"invasive_male",0.3,0.0113861042463598,0
1,2,0.5,14,"invasive_age",-0.8,-0.380959396833002,0
1,2,0.5,14,"invasive_income",0.6,0.25737265633014,0
1,2,0.5,14,"invasive_child",-0.4,5.64008380619665e-09,0
1,2,0.5,15,"ASC2_male",-0.9,-0.310816156962031,0
1,2,0.5,15,"ASC2_age",1.2,0.595047436878051,1
1,2,0.5,15,"ASC2_income",0,-0.0218052557810933,0
1,2,0.5,15,"ASC2_child",-0.4,-0.112937711037113,0
1,2,0.5,15,"ASC3_male",-0.6,-0.154576741162564,0
1,2,0.5,15,"ASC3_age",0,-1.95127123984165e-06,0
1,2,0.5,15,"ASC3_income",0,-4.71044098603639e-06,0
1,2,0.5,15,"ASC3_child",0.9,0.39047967589251,0
1,2,0.5,15,"prot25_male",0,4.28545579759234e-05,0
1,2,0.5,15,"prot25_age",0.7,0.343622112926629,0
1,2,0.5,15,"prot25_income",-0.3,-0.147850184849843,0
1,2,0.5,15,"prot25_child",0.5,0.0651910649185115,0
1,2,0.5,15,"prot50_male",0,-3.75527784693501e-08,0
1,2,0.5,15,"prot50_age",-0.5,-0.248096851744162,0
1,2,0.5,15,"prot50_income",0,0.0180670810344729,0
1,2,0.5,15,"prot50_child",0.2,-1.5861524455738e-07,0
1,2,0.5,15,"invasive_male",0,4.93562445296267e-07,0
1,2,0.5,15,"invasive_age",0,3.334385883748e-06,0
1,2,0.5,15,"invasive_income",0,-2.79181760784521e-06,0
1,2,0.5,15,"invasive_child",0,0.0317977164873911,0
1,2,0.5,16,"ASC2_male",0,-0.00422943287074036,0
1,2,0.5,16,"ASC2_age",-0.6,-0.289838716090415,0
1,2,0.5,16,"ASC2_income",0,-0.0106376499971771,0
1,2,0.5,16,"ASC2_child",-0.8,-0.232834979339237,0
1,2,0.5,16,"ASC3_male",0,0.0352281508050043,0
1,2,0.5,16,"ASC3_age",-0.8,-0.363571549350003,0
1,2,0.5,16,"ASC3_income",0.8,0.41649470116112,0
1,2,0.5,16,"ASC3_child",-0.8,-0.232241619583729,0
1,2,0.5,16,"prot25_male",0.7,0.201742563406267,0
1,2,0.5,16,"prot25_age",-1,-0.431471655723182,0
1,2,0.5,16,"prot25_income",0,-0.0536121038001652,0
1,2,0.5,16,"prot25_child",0,0.0213159466257317,0
1,2,0.5,16,"prot50_male",0.6,0.176946185644345,0
1,2,0.5,16,"prot50_age",-1,-0.452940956447308,0
1,2,0.5,16,"prot50_income",0,-0.123794672056992,0
1,2,0.5,16,"prot50_child",0,5.70135626183952e-06,0
1,2,0.5,16,"invasive_male",0,-5.0732664785954e-08,0
1,2,0.5,16,"invasive_age",0.8,0.368541691245532,0
1,2,0.5,16,"invasive_income",0,-0.0360379883346892,0
1,2,0.5,16,"invasive_child",0,0.12512479594541,0
1,2,0.5,17,"ASC2_male",0,-1.10430594473283e-06,0
1,2,0.5,17,"ASC2_age",-1,-0.495591783216356,0
1,2,0.5,17,"ASC2_income",-0.9,-0.598745078718622,1
1,2,0.5,17,"ASC2_child",0,-0.0366646413963954,0
1,2,0.5,17,"ASC3_male",0,-2.91384769776033e-05,0
1,2,0.5,17,"ASC3_age",-1.1,-0.5114446566994,1
1,2,0.5,17,"ASC3_income",0,-0.0638568079361112,0
1,2,0.5,17,"ASC3_child",-0.6,-0.351106933902208,0
1,2,0.5,17,"prot25_male",-0.9,-0.461666338173344,0
1,2,0.5,17,"prot25_age",0,-0.0441485849592036,0
1,2,0.5,17,"prot25_income",0.6,0.375498161964705,0
1,2,0.5,17,"prot25_child",0,-0.125230969410605,0
1,2,0.5,17,"prot50_male",0.2,0.11831339871804,0
1,2,0.5,17,"prot50_age",0.5,0.27540645746688,0
1,2,0.5,17,"prot50_income",0,0.030608526741043,0
1,2,0.5,17,"prot50_child",0,0.022557719673234,0
1,2,0.5,17,"invasive_male",0.8,0.436037670042477,0
1,2,0.5,17,"invasive_age",0,0.0653636844003769,0
1,2,0.5,17,"invasive_income",-1.1,-0.638732617469302,1
1,2,0.5,17,"invasive_child",0,-1.89777687584613e-08,0
1,2,0.5,18,"ASC2_male",0.2,-0.0631164741343139,0
1,2,0.5,18,"ASC2_age",0.7,0.381006207032572,0
1,2,0.5,18,"ASC2_income",0,-0.00689632476488414,0
1,2,0.5,18,"ASC2_child",0.7,0.370782420486679,0
1,2,0.5,18,"ASC3_male",0.2,-3.34653559948425e-06,0
1,2,0.5,18,"ASC3_age",0,0.0183452210418033,0
1,2,0.5,18,"ASC3_income",0.4,0.137592173732221,0
1,2,0.5,18,"ASC3_child",0,-0.0117093276220305,0
1,2,0.5,18,"prot25_male",0,0.205609600955033,0
1,2,0.5,18,"prot25_age",0,0.017237403415575,0
1,2,0.5,18,"prot25_income",0,0.0512334473678611,0
1,2,0.5,18,"prot25_child",-0.5,-0.353231821259336,0
1,2,0.5,18,"prot50_male",-0.6,-0.185345988434388,0
1,2,0.5,18,"prot50_age",0,-0.0377541088469659,0
1,2,0.5,18,"prot50_income",1,0.606243649337415,1
1,2,0.5,18,"prot50_child",0,0.0133426087206959,0
1,2,0.5,18,"invasive_male",0,-0.0351690593073894,0
1,2,0.5,18,"invasive_age",0,-0.0123804128006808,0
1,2,0.5,18,"invasive_income",-0.2,-0.0220167313811857,0
1,2,0.5,18,"invasive_child",0.7,0.388140020119295,0
1,2,0.5,19,"ASC2_male",0,-9.64129317989234e-09,0
1,2,0.5,19,"ASC2_age",0,0.0287669706648373,0
1,2,0.5,19,"ASC2_income",-0.2,-0.135550748244918,0
1,2,0.5,19,"ASC2_child",0,0.135678210503859,0
1,2,0.5,19,"ASC3_male",0,-7.01743789155936e-08,0
1,2,0.5,19,"ASC3_age",0.2,0.0953488545884921,0
1,2,0.5,19,"ASC3_income",-0.8,-0.422047353055344,0
1,2,0.5,19,"ASC3_child",-1,-0.315678852248465,0
1,2,0.5,19,"prot25_male",0,0.0272623346339847,0
1,2,0.5,19,"prot25_age",0,-7.16003257951067e-09,0
1,2,0.5,19,"prot25_income",0,-1.16579422244987e-08,0
1,2,0.5,19,"prot25_child",0.7,0.198720052065614,0
1,2,0.5,19,"prot50_male",-1,-0.354131225121213,0
1,2,0.5,19,"prot50_age",0,-1.13208361654796e-08,0
1,2,0.5,19,"prot50_income",0.5,0.244125558538286,0
1,2,0.5,19,"prot50_child",1.1,0.341620233313508,0
1,2,0.5,19,"invasive_male",0,-2.23289752762476e-09,0
1,2,0.5,19,"invasive_age",0,1.20455861866187e-07,0
1,2,0.5,19,"invasive_income",0.6,0.315585275326583,0
1,2,0.5,19,"invasive_child",-1.2,-0.482748669650476,0
1,2,0.5,20,"ASC2_male",0,0.0298105423460838,0
1,2,0.5,20,"ASC2_age",0.9,0.382087979612521,0
1,2,0.5,20,"ASC2_income",1,0.525149185415523,1
1,2,0.5,20,"ASC2_child",-1,-0.180122086114357,0
1,2,0.5,20,"ASC3_male",0.7,0.405673633522608,0
1,2,0.5,20,"ASC3_age",-1.2,-0.547701677669087,1
1,2,0.5,20,"ASC3_income",-0.6,-0.243598755178556,0
1,2,0.5,20,"ASC3_child",-0.7,-3.76826105999495e-08,0
1,2,0.5,20,"prot25_male",0,-4.04188170200647e-10,0
1,2,0.5,20,"prot25_age",0,-0.0235702706121537,0
1,2,0.5,20,"prot25_income",0,2.45895335625098e-06,0
1,2,0.5,20,"prot25_child",0.7,0.114897786414691,0
1,2,0.5,20,"prot50_male",0,3.03339967370738e-06,0
1,2,0.5,20,"prot50_age",0,-2.19795854405806e-05,0
1,2,0.5,20,"prot50_income",0,0.000871164288140724,0
1,2,0.5,20,"prot50_child",0,-0.140350201793544,0
1,2,0.5,20,"invasive_male",0,-3.01519494905999e-06,0
1,2,0.5,20,"invasive_age",0.5,0.233982324685326,0
1,2,0.5,20,"invasive_income",0,2.43380572562447e-05,0
1,2,0.5,20,"invasive_child",0.3,0.156817459026243,0
1,2,0.5,21,"ASC2_male",-0.5,-0.189625707913134,0
1,2,0.5,21,"ASC2_age",-0.6,-0.268720250928952,0
1,2,0.5,21,"ASC2_income",0,-0.0207595913185277,0
1,2,0.5,21,"ASC2_child",1.1,0.495892840052423,0
1,2,0.5,21,"ASC3_male",0,-1.1879579991306e-10,0
1,2,0.5,21,"ASC3_age",0.3,0.201598509818623,0
1,2,0.5,21,"ASC3_income",0,-0.018731603149599,0
1,2,0.5,21,"ASC3_child",0,-1.28263653010567e-06,0
1,2,0.5,21,"prot25_male",0.5,0.326237075681856,0
1,2,0.5,21,"prot25_age",0,1.75938262075162e-07,0
1,2,0.5,21,"prot25_income",-1,-0.552567105257213,1
1,2,0.5,21,"prot25_child",0,0.110146822221774,0
1,2,0.5,21,"prot50_male",-0.5,-0.0700153124294129,0
1,2,0.5,21,"prot50_age",0,-0.0107263232250693,0
1,2,0.5,21,"prot50_income",0,-0.0375813499977421,0
1,2,0.5,21,"prot50_child",-0.7,-0.0997195697721054,0
1,2,0.5,21,"invasive_male",0,3.75310117574409e-08,0
1,2,0.5,21,"invasive_age",1.2,0.615206471335914,1
1,2,0.5,21,"invasive_income",-0.2,-0.0601001402175862,0
1,2,0.5,21,"invasive_child",0,-1.48240472287154e-08,0
1,2,0.5,22,"ASC2_male",0.7,0.379497116855525,0
1,2,0.5,22,"ASC2_age",-0.2,-0.0124197082477947,0
1,2,0.5,22,"ASC2_income",-0.4,-0.1716712397372,0
1,2,0.5,22,"ASC2_child",0,-4.53253149298272e-09,0
1,2,0.5,22,"ASC3_male",0,-0.00306114674494031,0
1,2,0.5,22,"ASC3_age",-0.7,-0.317218538741153,0
1,2,0.5,22,"ASC3_income",0,0.026089173847506,0
1,2,0.5,22,"ASC3_child",-0.7,-0.316607145119778,0
1,2,0.5,22,"prot25_male",0,0.0745602873516693,0
1,2,0.5,22,"prot25_age",0,-0.0859711870678329,0
1,2,0.5,22,"prot25_income",0.5,0.248613637171708,0
1,2,0.5,22,"prot25_child",0,-1.24230971324938e-08,0
1,2,0.5,22,"prot50_male",0,-3.47334405155726e-10,0
1,2,0.5,22,"prot50_age",1,0.433107778690879,0
1,2,0.5,22,"prot50_income",-0.9,-0.468901498068074,0
1,2,0.5,22,"prot50_child",-1.1,-0.390520709465407,0
1,2,0.5,22,"invasive_male",0,-6.42758211262906e-09,0
1,2,0.5,22,"invasive_age",0.3,0.0969189404979723,0
1,2,0.5,22,"invasive_income",0,-0.0275222757795974,0
1,2,0.5,22,"invasive_child",0,5.56138649534698e-08,0
1,2,0.5,23,"ASC2_male",0,-0.105490531285448,0
1,2,0.5,23,"ASC2_age",0.5,0.315012745521594,0
1,2,0.5,23,"ASC2_income",0.8,0.466519646675635,0
1,2,0.5,23,"ASC2_child",-0.2,3.31502016564068e-08,0
1,2,0.5,23,"ASC3_male",0.6,0.220763510169257,0
1,2,0.5,23,"ASC3_age",-0.3,-0.104866635285395,0
1,2,0.5,23,"ASC3_income",0,0.0585693988735138,0
1,2,0.5,23,"ASC3_child",0,1.20966597903134e-06,0
1,2,0.5,23,"prot25_male",0.8,0.410825358987428,0
1,2,0.5,23,"prot25_age",0.4,0.231821256719311,0
1,2,0.5,23,"prot25_income",0.5,0.232548180587636,0
1,2,0.5,23,"prot25_child",0,-1.52641068931708e-07,0
1,2,0.5,23,"prot50_male",0,0.0623491422066286,0
1,2,0.5,23,"prot50_age",0,4.50938371352868e-07,0
1,2,0.5,23,"prot50_income",0,-3.7489544371432e-07,0
1,2,0.5,23,"prot50_child",0.5,0.201226964015753,0
1,2,0.5,23,"invasive_male",-0.5,-0.0366054861893263,0
1,2,0.5,23,"invasive_age",0,1.19189607999186e-06,0
1,2,0.5,23,"invasive_income",0,5.53789689878084e-07,0
1,2,0.5,23,"invasive_child",0,-0.141141699125101,0
1,2,0.5,24,"ASC2_male",-0.3,-0.00353231176153676,0
1,2,0.5,24,"ASC2_age",-0.3,-0.168041260727632,0
1,2,0.5,24,"ASC2_income",0,-0.170379390568548,0
1,2,0.5,24,"ASC2_child",0,-2.24568444075753e-07,0
1,2,0.5,24,"ASC3_male",0,0.23880415731939,0
1,2,0.5,24,"ASC3_age",1.2,0.631895306334509,1
1,2,0.5,24,"ASC3_income",0,-0.157839148744932,0
1,2,0.5,24,"ASC3_child",0,-0.000963752623706013,0
1,2,0.5,24,"prot25_male",0.4,0.00110439604379189,0
1,2,0.5,24,"prot25_age",0,0.0237625027845005,0
1,2,0.5,24,"prot25_income",0.8,0.505134301099357,1
1,2,0.5,24,"prot25_child",1,0.525808916787809,1
1,2,0.5,24,"prot50_male",0,-0.0822230396588038,0
1,2,0.5,24,"prot50_age",-0.8,-0.379084869687325,0
1,2,0.5,24,"prot50_income",1.1,0.624671773648429,1
1,2,0.5,24,"prot50_child",0,0.0278927774836488,0
1,2,0.5,24,"invasive_male",0,-0.019844373414515,0
1,2,0.5,24,"invasive_age",1.1,0.591308513494653,1
1,2,0.5,24,"invasive_income",0,-0.0695186826516053,0
1,2,0.5,24,"invasive_child",1.2,0.553307113708212,1
1,2,0.5,25,"ASC2_male",1.2,0.528545332866579,1
1,2,0.5,25,"ASC2_age",0,0.0483304681603382,0
1,2,0.5,25,"ASC2_income",0,-6.46409022511255e-09,0
1,2,0.5,25,"ASC2_child",0,-7.82522057561593e-09,0
1,2,0.5,25,"ASC3_male",-1,-0.539432418147203,1
1,2,0.5,25,"ASC3_age",-0.2,-0.0802407253631772,0
1,2,0.5,25,"ASC3_income",0,-0.00962498972130469,0
1,2,0.5,25,"ASC3_child",-1.1,-0.572053362017794,1
1,2,0.5,25,"prot25_male",1.1,0.53907267030497,1
1,2,0.5,25,"prot25_age",-0.6,-0.293823274864393,0
1,2,0.5,25,"prot25_income",0,0.0491133963311839,0
1,2,0.5,25,"prot25_child",1,0.603767172372079,1
1,2,0.5,25,"prot50_male",0,-6.03894118732328e-09,0
1,2,0.5,25,"prot50_age",0,-0.0432809622567014,0
1,2,0.5,25,"prot50_income",0,0.0483808698252116,0
1,2,0.5,25,"prot50_child",0,-3.37205008997949e-09,0
1,2,0.5,25,"invasive_male",0,-6.82635464818865e-08,0
1,2,0.5,25,"invasive_age",1.1,0.553234332410073,1
1,2,0.5,25,"invasive_income",-1.2,-0.605322963713633,1
1,2,0.5,25,"invasive_child",1.2,0.568534436620048,1
1,2,0.5,26,"ASC2_male",0,-0.207897251120982,0
1,2,0.5,26,"ASC2_age",-0.9,-0.374552130337396,0
1,2,0.5,26,"ASC2_income",-1.2,-0.541279502662983,1
1,2,0.5,26,"ASC2_child",-0.4,-0.12384887994947,0
1,2,0.5,26,"ASC3_male",0.8,0.202671549992252,0
1,2,0.5,26,"ASC3_age",0,0.0996722021340963,0
1,2,0.5,26,"ASC3_income",-0.5,-0.280750290128652,0
1,2,0.5,26,"ASC3_child",0.1,0.0959550860636217,0
1,2,0.5,26,"prot25_male",-0.9,-0.219196430655254,0
1,2,0.5,26,"prot25_age",0,-0.0619011111208216,0
1,2,0.5,26,"prot25_income",0,-0.082953581292501,0
1,2,0.5,26,"prot25_child",0,-0.068152902282515,0
1,2,0.5,26,"prot50_male",0,0.188796889619616,0
1,2,0.5,26,"prot50_age",0,-0.09653651134341,0
1,2,0.5,26,"prot50_income",0.1,0.0322574076910872,0
1,2,0.5,26,"prot50_child",0,-0.11655175102907,0
1,2,0.5,26,"invasive_male",0,3.70504289342204e-07,0
1,2,0.5,26,"invasive_age",0.9,0.424019203319645,0
1,2,0.5,26,"invasive_income",-0.7,-0.320927555712332,0
1,2,0.5,26,"invasive_child",0,0.0303581451420363,0
1,2,0.5,27,"ASC2_male",-1.2,-0.554589552961011,1
1,2,0.5,27,"ASC2_age",-0.5,-0.162994344793093,0
1,2,0.5,27,"ASC2_income",0,0.066513113493395,0
1,2,0.5,27,"ASC2_child",0,1.71942286506391e-09,0
1,2,0.5,27,"ASC3_male",0,-1.21764419197104e-08,0
1,2,0.5,27,"ASC3_age",0,0.035042170687484,0
1,2,0.5,27,"ASC3_income",0,-9.28175788597539e-09,0
1,2,0.5,27,"ASC3_child",0.8,0.3671387763179,0
1,2,0.5,27,"prot25_male",-0.8,-0.249068847784419,0
1,2,0.5,27,"prot25_age",0.9,0.384400049858681,0
1,2,0.5,27,"prot25_income",0,-1.19687873467961e-08,0
1,2,0.5,27,"prot25_child",0.6,0.39218776372372,0
1,2,0.5,27,"prot50_male",0,0.160936603054586,0
1,2,0.5,27,"prot50_age",0,3.8496269822712e-08,0
1,2,0.5,27,"prot50_income",0,1.63057812841458e-08,0
1,2,0.5,27,"prot50_child",0.4,0.140912581541343,0
1,2,0.5,27,"invasive_male",-0.2,-0.00792671273252816,0
1,2,0.5,27,"invasive_age",-0.2,-0.00755512593827288,0
1,2,0.5,27,"invasive_income",1,0.599108839097969,1
1,2,0.5,27,"invasive_child",0,-0.00224111897364675,0
1,2,0.5,28,"ASC2_male",-0.6,-0.0982111747636141,0
1,2,0.5,28,"ASC2_age",0,0.000350634222694324,0
1,2,0.5,28,"ASC2_income",0,0.0543189869059375,0
1,2,0.5,28,"ASC2_child",0,0.119675527147864,0
1,2,0.5,28,"ASC3_male",-0.9,-0.309686630803147,0
1,2,0.5,28,"ASC3_age",-0.8,-0.367919853590112,0
1,2,0.5,28,"ASC3_income",0,0.0653740149102543,0
1,2,0.5,28,"ASC3_child",-0.7,-0.185332410872518,0
1,2,0.5,28,"prot25_male",0,-0.0967520567293084,0
1,2,0.5,28,"prot25_age",1.1,0.586084936821019,1
1,2,0.5,28,"prot25_income",1.2,0.648307431018891,1
1,2,0.5,28,"prot25_child",0,1.461573189033e-05,0
1,2,0.5,28,"prot50_male",-0.2,-0.169916847675926,0
1,2,0.5,28,"prot50_age",0.8,0.37351281315556,0
1,2,0.5,28,"prot50_income",-0.2,-0.0823928288008123,0
1,2,0.5,28,"prot50_child",0,-7.17155062767644e-09,0
1,2,0.5,28,"invasive_male",0,0.0125353657153178,0
1,2,0.5,28,"invasive_age",0,0.0045714952190952,0
1,2,0.5,28,"invasive_income",0.3,0.183903803048112,0
1,2,0.5,28,"invasive_child",0,0.162156771128547,0
1,2,0.5,29,"ASC2_male",0,-1.14068950034513e-06,0
1,2,0.5,29,"ASC2_age",0,0.0743033401727789,0
1,2,0.5,29,"ASC2_income",-0.1,-0.0124184927718482,0
1,2,0.5,29,"ASC2_child",0,7.69199827212892e-06,0
1,2,0.5,29,"ASC3_male",0,4.12139658366838e-08,0
1,2,0.5,29,"ASC3_age",0.9,0.461073277956886,0
1,2,0.5,29,"ASC3_income",0,-2.96335894126948e-09,0
1,2,0.5,29,"ASC3_child",-0.2,-0.213545769749348,0
1,2,0.5,29,"prot25_male",0,-0.0440725403016349,0
1,2,0.5,29,"prot25_age",0,-0.0977298858366647,0
1,2,0.5,29,"prot25_income",0.8,0.411536582152737,0
1,2,0.5,29,"prot25_child",-0.4,-0.290335322830422,0
1,2,0.5,29,"prot50_male",0.4,0.252250553406152,0
1,2,0.5,29,"prot50_age",0.5,0.192765803495166,0
1,2,0.5,29,"prot50_income",0,-0.00268727332917177,0
1,2,0.5,29,"prot50_child",0.7,0.291621044902183,0
1,2,0.5,29,"invasive_male",0,-5.76058924107893e-07,0
1,2,0.5,29,"invasive_age",-0.3,-0.114283106776831,0
1,2,0.5,29,"invasive_income",0,-0.0280583705337428,0
1,2,0.5,29,"invasive_child",1,0.390518164657924,0
1,2,0.5,30,"ASC2_male",0,-0.00160983353722752,0
1,2,0.5,30,"ASC2_age",0,-0.000587944549282232,0
1,2,0.5,30,"ASC2_income",0,-3.53362362127756e-05,0
1,2,0.5,30,"ASC2_child",0.6,0.206910795789729,0
1,2,0.5,30,"ASC3_male",0.4,0.0730292834074911,0
1,2,0.5,30,"ASC3_age",0,-0.01939630357289,0
1,2,0.5,30,"ASC3_income",0.2,0.100325356587599,0
1,2,0.5,30,"ASC3_child",0.2,-2.1560755486218e-08,0
1,2,0.5,30,"prot25_male",0,0.0981392242435135,0
1,2,0.5,30,"prot25_age",-0.7,-0.29141742660214,0
1,2,0.5,30,"prot25_income",0.4,0.139782671516832,0
1,2,0.5,30,"prot25_child",0.8,0.479849816826637,0
1,2,0.5,30,"prot50_male",-0.7,-0.253979873088944,0
1,2,0.5,30,"prot50_age",0,0.0420667477789148,0
1,2,0.5,30,"prot50_income",0,-8.26884841537537e-09,0
1,2,0.5,30,"prot50_child",0,0.0394072849379466,0
1,2,0.5,30,"invasive_male",1.1,0.381195216500731,0
1,2,0.5,30,"invasive_age",0,0.0558959603664237,0
1,2,0.5,30,"invasive_income",0.4,0.165974001330614,0
1,2,0.5,30,"invasive_child",0,-6.53341769354442e-09,0
1,2,0.5,31,"ASC2_male",1.2,0.582778438179446,1
1,2,0.5,31,"ASC2_age",0,-0.0235764676930943,0
1,2,0.5,31,"ASC2_income",-0.3,-0.258858542938714,0
1,2,0.5,31,"ASC2_child",0,-1.64016197607573e-08,0
1,2,0.5,31,"ASC3_male",0,-0.00808235303978129,0
1,2,0.5,31,"ASC3_age",0,-0.0365662162968953,0
1,2,0.5,31,"ASC3_income",0,-0.0939731944139456,0
1,2,0.5,31,"ASC3_child",0,-4.6240136271846e-09,0
1,2,0.5,31,"prot25_male",-0.8,-0.148434535207745,0
1,2,0.5,31,"prot25_age",-0.2,-0.0792163776244641,0
1,2,0.5,31,"prot25_income",0,0.03463601441911,0
1,2,0.5,31,"prot25_child",0,0.00275814126027127,0
1,2,0.5,31,"prot50_male",-0.9,-0.239870117967599,0
1,2,0.5,31,"prot50_age",-0.9,-0.408244595378587,0
1,2,0.5,31,"prot50_income",-0.2,-0.042801619262919,0
1,2,0.5,31,"prot50_child",-0.5,-0.0312832052695579,0
1,2,0.5,31,"invasive_male",-1,-0.357680095866802,0
1,2,0.5,31,"invasive_age",0,0.0207179225197868,0
1,2,0.5,31,"invasive_income",0,1.97605014009382e-08,0
1,2,0.5,31,"invasive_child",-0.7,-0.255855682313826,0
1,2,0.5,32,"ASC2_male",0.2,0.00790752675961653,0
1,2,0.5,32,"ASC2_age",0.7,0.306470768865952,0
1,2,0.5,32,"ASC2_income",-1,-0.504341711465777,1
1,2,0.5,32,"ASC2_child",0.4,0.144539350521197,0
1,2,0.5,32,"ASC3_male",0,-0.178164730643743,0
1,2,0.5,32,"ASC3_age",0.3,0.147512033544918,0
1,2,0.5,32,"ASC3_income",0,-0.0120849654568608,0
1,2,0.5,32,"ASC3_child",0.5,0.262048382093739,0
1,2,0.5,32,"prot25_male",0,-0.017123585879719,0
1,2,0.5,32,"prot25_age",-0.6,-0.285147915862301,0
1,2,0.5,32,"prot25_income",0,-0.00590362709863401,0
1,2,0.5,32,"prot25_child",0,-2.56243164439953e-07,0
1,2,0.5,32,"prot50_male",0.7,0.420742805511412,0
1,2,0.5,32,"prot50_age",0.3,0.209276264838525,0
1,2,0.5,32,"prot50_income",0,-0.0514143499701928,0
1,2,0.5,32,"prot50_child",-0.6,-0.413550917085629,0
1,2,0.5,32,"invasive_male",0,-0.129174348046881,0
1,2,0.5,32,"invasive_age",0,0.0130363181997018,0
1,2,0.5,32,"invasive_income",0,0.0143027324620271,0
1,2,0.5,32,"invasive_child",0,-0.0684227196702983,0
1,2,0.5,33,"ASC2_male",0,-1.09812708574939e-08,0
1,2,0.5,33,"ASC2_age",-0.3,-0.223430343675037,0
1,2,0.5,33,"ASC2_income",0,0.067547073570613,0
1,2,0.5,33,"ASC2_child",0,-0.0629143763147261,0
1,2,0.5,33,"ASC3_male",0,0.0448004042019238,0
1,2,0.5,33,"ASC3_age",1.1,0.543001981629941,1
1,2,0.5,33,"ASC3_income",0,0.0285464543032686,0
1,2,0.5,33,"ASC3_child",0,0.0311813769019118,0
1,2,0.5,33,"prot25_male",0.9,0.313659837847764,0
1,2,0.5,33,"prot25_age",-0.8,-0.271001033542145,0
1,2,0.5,33,"prot25_income",1.1,0.586002626297241,1
1,2,0.5,33,"prot25_child",0,0.0369420658314449,0
1,2,0.5,33,"prot50_male",-1.2,-0.698076237463711,1
1,2,0.5,33,"prot50_age",0.3,0.231123463571179,0
1,2,0.5,33,"prot50_income",0,-2.85028751998943e-08,0
1,2,0.5,33,"prot50_child",0.8,0.443145720191303,0
1,2,0.5,33,"invasive_male",0,-0.0947259902994107,0
1,2,0.5,33,"invasive_age",-1.2,-0.591464894446782,1
1,2,0.5,33,"invasive_income",0.6,0.332558088952564,0
1,2,0.5,33,"invasive_child",0,0.135122027707649,0
1,2,0.5,34,"ASC2_male",0,0.00438920856040036,0
1,2,0.5,34,"ASC2_age",-0.5,-0.183624212829932,0
1,2,0.5,34,"ASC2_income",0,-0.0295157332893775,0
1,2,0.5,34,"ASC2_child",1,0.512101842252937,1
1,2,0.5,34,"ASC3_male",0,-6.14147104838399e-09,0
1,2,0.5,34,"ASC3_age",-0.3,-0.0970017624902968,0
1,2,0.5,34,"ASC3_income",-0.7,-0.305751322485245,0
1,2,0.5,34,"ASC3_child",-1,-0.429575702305409,0
1,2,0.5,34,"prot25_male",0,0.0213604900928993,0
1,2,0.5,34,"prot25_age",0,-0.0157058151503838,0
1,2,0.5,34,"prot25_income",0,-5.92427998800195e-08,0
1,2,0.5,34,"prot25_child",0,-7.53547864393177e-09,0
1,2,0.5,34,"prot50_male",0,-2.04071627331947e-08,0
1,2,0.5,34,"prot50_age",-0.8,-0.385353052912025,0
1,2,0.5,34,"prot50_income",-0.1,-0.061907081592892,0
1,2,0.5,34,"prot50_child",0,-2.1840671975823e-08,0
1,2,0.5,34,"invasive_male",-0.9,-0.422125917743295,0
1,2,0.5,34,"invasive_age",-0.9,-0.427746516047806,0
1,2,0.5,34,"invasive_income",-0.9,-0.449527723108354,0
1,2,0.5,34,"invasive_child",0,-0.00781735297319735,0
1,2,0.5,35,"ASC2_male",0,-0.0178259053901669,0
1,2,0.5,35,"ASC2_age",0,-0.0823932052739831,0
1,2,0.5,35,"ASC2_income",-0.2,-0.0318968701831932,0
1,2,0.5,35,"ASC2_child",0,-0.0787234908575499,0
1,2,0.5,35,"ASC3_male",0,0.0147224894773537,0
1,2,0.5,35,"ASC3_age",0,-0.0657237415643917,0
1,2,0.5,35,"ASC3_income",0,0.0522206704488162,0
1,2,0.5,35,"ASC3_child",0,-0.0334614715591339,0
1,2,0.5,35,"prot25_male",0,1.50363387383936e-06,0
1,2,0.5,35,"prot25_age",1.2,0.611860703541973,1
1,2,0.5,35,"prot25_income",-0.2,-0.126646327289248,0
1,2,0.5,35,"prot25_child",0.8,0.379337683433519,0
1,2,0.5,35,"prot50_male",-0.9,-0.445381397878367,0
1,2,0.5,35,"prot50_age",-0.2,-0.0616549591188939,0
1,2,0.5,35,"prot50_income",0,-1.36677770178119e-08,0
1,2,0.5,35,"prot50_child",0,0.0430640672888914,0
1,2,0.5,35,"invasive_male",0.3,0.0734114087278348,0
1,2,0.5,35,"invasive_age",0.3,0.120278180439442,0
1,2,0.5,35,"invasive_income",-0.4,-0.239836039512041,0
1,2,0.5,35,"invasive_child",-0.5,-0.22045776665202,0
1,2,0.5,36,"ASC2_male",-0.7,-0.288020759216116,0
1,2,0.5,36,"ASC2_age",0,0.00886298576245235,0
1,2,0.5,36,"ASC2_income",0.1,1.03265074043008e-06,0
1,2,0.5,36,"ASC2_child",0,-8.23857737486997e-08,0
1,2,0.5,36,"ASC3_male",0,-0.0139376276105578,0
1,2,0.5,36,"ASC3_age",0.6,0.325420303611377,0
1,2,0.5,36,"ASC3_income",1.1,0.52414435127198,1
1,2,0.5,36,"ASC3_child",0,-0.0825172319143212,0
1,2,0.5,36,"prot25_male",0,7.96593888820448e-07,0
1,2,0.5,36,"prot25_age",0,2.36916453169575e-07,0
1,2,0.5,36,"prot25_income",0.2,0.160217570940538,0
1,2,0.5,36,"prot25_child",0,0.0253313562325344,0
1,2,0.5,36,"prot50_male",0,-0.0943466013847603,0
1,2,0.5,36,"prot50_age",0.9,0.469705866606748,0
1,2,0.5,36,"prot50_income",-0.8,-0.353851292553488,0
1,2,0.5,36,"prot50_child",0,-8.76264953419414e-07,0
1,2,0.5,36,"invasive_male",-1,-0.473452151600265,0
1,2,0.5,36,"invasive_age",0.8,0.410214929601293,0
1,2,0.5,36,"invasive_income",0,0.071900212916067,0
1,2,0.5,36,"invasive_child",-0.8,-0.349473167714459,0
1,2,0.5,37,"ASC2_male",0,-0.143763326801286,0
1,2,0.5,37,"ASC2_age",0,2.78156995224599e-07,0
1,2,0.5,37,"ASC2_income",0,-0.104998396323524,0
1,2,0.5,37,"ASC2_child",0,0.0117181394439178,0
1,2,0.5,37,"ASC3_male",0,-0.0537662582639776,0
1,2,0.5,37,"ASC3_age",0,-1.01911577523015e-09,0
1,2,0.5,37,"ASC3_income",0.6,0.197420013236688,0
1,2,0.5,37,"ASC3_child",0,1.82082396115388e-06,0
1,2,0.5,37,"prot25_male",-0.8,-0.326838036273129,0
1,2,0.5,37,"prot25_age",0.9,0.432759822643606,0
1,2,0.5,37,"prot25_income",-0.7,-0.256838203954202,0
1,2,0.5,37,"prot25_child",0.1,0.0974568450239877,0
1,2,0.5,37,"prot50_male",0,3.74021519410313e-06,0
1,2,0.5,37,"prot50_age",1,0.556202087942864,1
1,2,0.5,37,"prot50_income",0,0.0823934443408046,0
1,2,0.5,37,"prot50_child",-0.9,-0.439920903500067,0
1,2,0.5,37,"invasive_male",0.6,0.167828536252014,0
1,2,0.5,37,"invasive_age",-0.3,-0.0721801703813868,0
1,2,0.5,37,"invasive_income",1.1,0.536578090368652,1
1,2,0.5,37,"invasive_child",0,3.81239694972499e-06,0
1,2,0.5,38,"ASC2_male",0.8,0.285050464075446,0
1,2,0.5,38,"ASC2_age",0,-0.0481599167458151,0
1,2,0.5,38,"ASC2_income",0.8,0.402125244259715,0
1,2,0.5,38,"ASC2_child",0.4,-2.9050153150634e-11,0
1,2,0.5,38,"ASC3_male",0,-0.163709199272169,0
1,2,0.5,38,"ASC3_age",0,2.15149350357864e-07,0
1,2,0.5,38,"ASC3_income",0,-0.000126070979116126,0
1,2,0.5,38,"ASC3_child",0.2,0.00773743898601059,0
1,2,0.5,38,"prot25_male",0,0.128053174034319,0
1,2,0.5,38,"prot25_age",0,0.0312716371512024,0
1,2,0.5,38,"prot25_income",0,7.38575189444779e-05,0
1,2,0.5,38,"prot25_child",0,0.0016820873924849,0
1,2,0.5,38,"prot50_male",0,0.109626403762226,0
1,2,0.5,38,"prot50_age",0.3,0.234343107143193,0
1,2,0.5,38,"prot50_income",0.9,0.510970608611542,1
1,2,0.5,38,"prot50_child",0,0.0983843594324794,0
1,2,0.5,38,"invasive_male",-0.5,-0.28506611806048,0
1,2,0.5,38,"invasive_age",0.9,0.55595628941199,1
1,2,0.5,38,"invasive_income",1,0.531533679817147,1
1,2,0.5,38,"invasive_child",-0.2,-0.261027473453246,0
1,2,0.5,39,"ASC2_male",0.9,0.35641000788707,0
1,2,0.5,39,"ASC2_age",1.1,0.533772831284046,1
1,2,0.5,39,"ASC2_income",0,2.76259587628109e-09,0
1,2,0.5,39,"ASC2_child",0.7,0.347811578705954,0
1,2,0.5,39,"ASC3_male",0,-1.15912760173916e-08,0
1,2,0.5,39,"ASC3_age",-0.1,-0.0307595180131955,0
1,2,0.5,39,"ASC3_income",0,-0.00404473222974683,0
1,2,0.5,39,"ASC3_child",-1.1,-0.412394395805413,0
1,2,0.5,39,"prot25_male",0,-3.55457206210644e-10,0
1,2,0.5,39,"prot25_age",0,-1.93210488973515e-08,0
1,2,0.5,39,"prot25_income",0.9,0.338613811753535,0
1,2,0.5,39,"prot25_child",0,1.60290088087953e-08,0
1,2,0.5,39,"prot50_male",0,1.82510750770638e-08,0
1,2,0.5,39,"prot50_age",0.9,0.396753711606121,0
1,2,0.5,39,"prot50_income",-0.8,-0.2998876013768,0
1,2,0.5,39,"prot50_child",0,-3.91094577350718e-09,0
1,2,0.5,39,"invasive_male",0.1,-2.33784317146957e-08,0
1,2,0.5,39,"invasive_age",0,-2.38568541475706e-09,0
1,2,0.5,39,"invasive_income",0.7,0.296194285703574,0
1,2,0.5,39,"invasive_child",0,-4.84451652762876e-09,0
1,2,0.5,40,"ASC2_male",0,-0.00123238916428545,0
1,2,0.5,40,"ASC2_age",0,2.9602796669882e-09,0
1,2,0.5,40,"ASC2_income",-1,-0.59414944432468,1
1,2,0.5,40,"ASC2_child",-0.4,-0.234010216388977,0
1,2,0.5,40,"ASC3_male",1.2,0.564756825901186,1
1,2,0.5,40,"ASC3_age",0,-0.0235675143984107,0
1,2,0.5,40,"ASC3_income",0,-1.8270624499809e-08,0
1,2,0.5,40,"ASC3_child",0,-8.8692044962386e-09,0
1,2,0.5,40,"prot25_male",-0.1,-1.73184272067032e-09,0
1,2,0.5,40,"prot25_age",0,-4.63062939918856e-07,0
1,2,0.5,40,"prot25_income",-0.3,-0.125200373560937,0
1,2,0.5,40,"prot25_child",-0.5,-0.161804560325243,0
1,2,0.5,40,"prot50_male",-1.2,-0.488003497674731,0
1,2,0.5,40,"prot50_age",0,-2.67915420356443e-07,0
1,2,0.5,40,"prot50_income",0,-0.0384439412543914,0
1,2,0.5,40,"prot50_child",1.1,0.576800306777442,1
1,2,0.5,40,"invasive_male",-0.8,-0.280326913072723,0
1,2,0.5,40,"invasive_age",0.5,0.247019723540365,0
1,2,0.5,40,"invasive_income",0,-0.0514171286339597,0
1,2,0.5,40,"invasive_child",0,-1.41718888523957e-10,0
1,2,0.5,41,"ASC2_male",0.1,-0.235969160042329,0
1,2,0.5,41,"ASC2_age",0,0.00600727880191216,0
1,2,0.5,41,"ASC2_income",-1,-0.522287248299678,1
1,2,0.5,41,"ASC2_child",-0.6,-0.139148614210048,0
1,2,0.5,41,"ASC3_male",0.8,0.0167751633523528,0
1,2,0.5,41,"ASC3_age",-0.6,-0.249377919842344,0
1,2,0.5,41,"ASC3_income",-0.6,-0.262365725727756,0
1,2,0.5,41,"ASC3_child",-1,-0.328429160669928,0
1,2,0.5,41,"prot25_male",0,0.177140726894515,0
1,2,0.5,41,"prot25_age",-1,-0.475651213232692,0
1,2,0.5,41,"prot25_income",0,-0.000661390263258306,0
1,2,0.5,41,"prot25_child",0,-0.0720351707674261,0
1,2,0.5,41,"prot50_male",0,0.195231744199514,0
1,2,0.5,41,"prot50_age",0,0.0567376046999253,0
1,2,0.5,41,"prot50_income",0,0.032346534577772,0
1,2,0.5,41,"prot50_child",0,-0.178703544393752,0
1,2,0.5,41,"invasive_male",-0.7,-0.406197264645985,0
1,2,0.5,41,"invasive_age",-0.5,-0.27780369212584,0
1,2,0.5,41,"invasive_income",0,0.0327299643663479,0
1,2,0.5,41,"invasive_child",0,1.39656492207427e-08,0
1,2,0.5,42,"ASC2_male",-0.1,-0.0148451966960217,0
1,2,0.5,42,"ASC2_age",1,0.504052051995057,1
1,2,0.5,42,"ASC2_income",0,0.076897682878445,0
1,2,0.5,42,"ASC2_child",0.4,0.174412442946386,0
1,2,0.5,42,"ASC3_male",-0.7,-0.214324806481149,0
1,2,0.5,42,"ASC3_age",0,0.00188003027134447,0
1,2,0.5,42,"ASC3_income",0,0.000977086816145752,0
1,2,0.5,42,"ASC3_child",0,-0.0481089049806284,0
1,2,0.5,42,"prot25_male",0.1,0.0328294179012526,0
1,2,0.5,42,"prot25_age",0.8,0.416878257834659,0
1,2,0.5,42,"prot25_income",0,0.0437023791287018,0
1,2,0.5,42,"prot25_child",0,0.00848942999147716,0
1,2,0.5,42,"prot50_male",0,-0.0279460502771369,0
1,2,0.5,42,"prot50_age",1,0.545716536414061,1
1,2,0.5,42,"prot50_income",0,0.0382885203290714,0
1,2,0.5,42,"prot50_child",0,-1.05882690279988e-08,0
1,2,0.5,42,"invasive_male",-0.9,-0.44078178358347,0
1,2,0.5,42,"invasive_age",0,0.0204875111989004,0
1,2,0.5,42,"invasive_income",-1,-0.426904504591035,0
1,2,0.5,42,"invasive_child",-1.1,-0.614048193395835,1
1,2,0.5,43,"ASC2_male",0,-0.0489080909255987,0
1,2,0.5,43,"ASC2_age",-0.8,-0.380032727346109,0
1,2,0.5,43,"ASC2_income",0,0.0558484834811452,0
1,2,0.5,43,"ASC2_child",0,-9.59563056899569e-08,0
1,2,0.5,43,"ASC3_male",-1.2,-0.683908798228205,1
1,2,0.5,43,"ASC3_age",0,-0.00732340700815661,0
1,2,0.5,43,"ASC3_income",0,-3.85890888966945e-08,0
1,2,0.5,43,"ASC3_child",0,-1.21505353737096e-08,0
1,2,0.5,43,"prot25_male",1,0.570733376804627,1
1,2,0.5,43,"prot25_age",0.5,0.302517547396345,0
1,2,0.5,43,"prot25_income",0.9,0.437904201773903,0
1,2,0.5,43,"prot25_child",1,0.40461994934069,0
1,2,0.5,43,"prot50_male",-0.2,-0.0197632446565086,0
1,2,0.5,43,"prot50_age",0,-0.0264528875794017,0
1,2,0.5,43,"prot50_income",-0.3,-0.165194206057939,0
1,2,0.5,43,"prot50_child",0.6,0.175215800844291,0
1,2,0.5,43,"invasive_male",0,-2.81019754640768e-08,0
1,2,0.5,43,"invasive_age",0,-1.37423594962925e-08,0
1,2,0.5,43,"invasive_income",1,0.564984569323205,1
1,2,0.5,43,"invasive_child",0,-0.0132499362522426,0
1,2,0.5,44,"ASC2_male",0.9,0.521525023045953,1
1,2,0.5,44,"ASC2_age",1.2,0.612914831835862,1
1,2,0.5,44,"ASC2_income",0,-0.115745808473092,0
1,2,0.5,44,"ASC2_child",0,0.0327373575950631,0
1,2,0.5,44,"ASC3_male",0.9,0.507643304602146,1
1,2,0.5,44,"ASC3_age",0,0.0315357673401378,0
1,2,0.5,44,"ASC3_income",-0.5,-0.334874281370156,0
1,2,0.5,44,"ASC3_child",-1.1,-0.418116793817742,0
1,2,0.5,44,"prot25_male",-1.1,-0.675320183943561,1
1,2,0.5,44,"prot25_age",0,0.00127291241814149,0
1,2,0.5,44,"prot25_income",0,0.057588744960475,0
1,2,0.5,44,"prot25_child",0.9,0.434567094408442,0
1,2,0.5,44,"prot50_male",0,-0.134319334649902,0
1,2,0.5,44,"prot50_age",-1.2,-0.634254665311934,1
1,2,0.5,44,"prot50_income",-0.5,-0.191915620831753,0
1,2,0.5,44,"prot50_child",0,-0.00122353515034448,0
1,2,0.5,44,"invasive_male",-0.8,-0.474925420587219,0
1,2,0.5,44,"invasive_age",0,0.00203006481105015,0
1,2,0.5,44,"invasive_income",0,-0.104251093482876,0
1,2,0.5,44,"invasive_child",0,0.177740969268094,0
1,2,0.5,45,"ASC2_male",-0.6,-0.21759536432817,0
1,2,0.5,45,"ASC2_age",0,-0.128413229628629,0
1,2,0.5,45,"ASC2_income",0,-0.0865481767867054,0
1,2,0.5,45,"ASC2_child",0.2,0.137448918819407,0
1,2,0.5,45,"ASC3_male",-0.7,-0.304684486076256,0
1,2,0.5,45,"ASC3_age",0,-0.128671141463205,0
1,2,0.5,45,"ASC3_income",0,-0.0180123574862426,0
1,2,0.5,45,"ASC3_child",-0.1,-0.0756174040378106,0
1,2,0.5,45,"prot25_male",0,-0.104209920893339,0
1,2,0.5,45,"prot25_age",-0.8,-0.314475714483299,0
1,2,0.5,45,"prot25_income",0,0.0529641185996253,0
1,2,0.5,45,"prot25_child",0.4,0.208337290681708,0
1,2,0.5,45,"prot50_male",0,0.0100173563850152,0
1,2,0.5,45,"prot50_age",1.2,0.644669487708142,1
1,2,0.5,45,"prot50_income",0,0.0206199484874301,0
1,2,0.5,45,"prot50_child",-0.2,0.00030853074595779,0
1,2,0.5,45,"invasive_male",-1,-0.469604488662058,0
1,2,0.5,45,"invasive_age",0,-4.31490081172484e-06,0
1,2,0.5,45,"invasive_income",-0.3,-0.177254190855078,0
1,2,0.5,45,"invasive_child",0,0.0961188857475378,0
1,2,0.5,46,"ASC2_male",-0.3,-0.267807775207466,0
1,2,0.5,46,"ASC2_age",0,0.015397853407111,0
1,2,0.5,46,"ASC2_income",-0.4,-0.247418507307828,0
1,2,0.5,46,"ASC2_child",0,2.66032827865911e-10,0
1,2,0.5,46,"ASC3_male",0,-0.0215913822563275,0
1,2,0.5,46,"ASC3_age",0,0.0489188466562022,0
1,2,0.5,46,"ASC3_income",0,-0.0418608098231872,0
1,2,0.5,46,"ASC3_child",0,-7.03219522367008e-07,0
1,2,0.5,46,"prot25_male",0,6.22685359384736e-05,0
1,2,0.5,46,"prot25_age",0.9,0.363286874190355,0
1,2,0.5,46,"prot25_income",0.4,0.226233800249928,0
1,2,0.5,46,"prot25_child",0.5,0.261792401077624,0
1,2,0.5,46,"prot50_male",0.7,0.236936985168279,0
1,2,0.5,46,"prot50_age",0.5,0.228602001783884,0
1,2,0.5,46,"prot50_income",-0.5,-0.266912399198585,0
1,2,0.5,46,"prot50_child",0.7,0.179764696252009,0
1,2,0.5,46,"invasive_male",0,-0.013500927646141,0
1,2,0.5,46,"invasive_age",0,0.0210362171143971,0
1,2,0.5,46,"invasive_income",0,-0.0334251751886535,0
1,2,0.5,46,"invasive_child",0.6,0.181627786209465,0
1,2,0.5,47,"ASC2_male",0,-0.0747312388744933,0
1,2,0.5,47,"ASC2_age",0,-0.083123764772722,0
1,2,0.5,47,"ASC2_income",-0.7,-0.321053604223747,0
1,2,0.5,47,"ASC2_child",0.9,0.479793872848315,0
1,2,0.5,47,"ASC3_male",0,-0.136022757960308,0
1,2,0.5,47,"ASC3_age",1,0.479028438785274,0
1,2,0.5,47,"ASC3_income",0,0.0634360878538338,0
1,2,0.5,47,"ASC3_child",0,4.39067999113113e-10,0
1,2,0.5,47,"prot25_male",1.2,0.573272051932774,1
1,2,0.5,47,"prot25_age",1,0.574106349698562,1
1,2,0.5,47,"prot25_income",0,8.09379634429157e-07,0
1,2,0.5,47,"prot25_child",0.5,0.203866750942493,0
1,2,0.5,47,"prot50_male",-0.1,-4.28071179886412e-09,0
1,2,0.5,47,"prot50_age",0,0.0173748820716642,0
1,2,0.5,47,"prot50_income",1,0.464633329391619,0
1,2,0.5,47,"prot50_child",0,0.0054834916794239,0
1,2,0.5,47,"invasive_male",0,3.44842004707535e-09,0
1,2,0.5,47,"invasive_age",0,-0.047481293856547,0
1,2,0.5,47,"invasive_income",-0.3,-0.0645348526534216,0
1,2,0.5,47,"invasive_child",-0.9,-0.508673991563207,1
1,2,0.5,48,"ASC2_male",0.3,0.0533721038330376,0
1,2,0.5,48,"ASC2_age",0,-6.20315710688202e-07,0
1,2,0.5,48,"ASC2_income",-1.1,-0.503646264959266,1
1,2,0.5,48,"ASC2_child",0,-0.0204137598040893,0
1,2,0.5,48,"ASC3_male",0,-2.0289141574655e-07,0
1,2,0.5,48,"ASC3_age",1,0.442565389504524,0
1,2,0.5,48,"ASC3_income",0.7,0.293861873861756,0
1,2,0.5,48,"ASC3_child",0.9,0.350917124595986,0
1,2,0.5,48,"prot25_male",1,0.524103204539253,1
1,2,0.5,48,"prot25_age",0,-0.012329100415801,0
1,2,0.5,48,"prot25_income",0.2,0.0525971077437439,0
1,2,0.5,48,"prot25_child",0,-8.12096490185039e-09,0
1,2,0.5,48,"prot50_male",-0.7,-0.0928646717742063,0
1,2,0.5,48,"prot50_age",0,1.75761003004051e-07,0
1,2,0.5,48,"prot50_income",0,-0.0333548587685805,0
1,2,0.5,48,"prot50_child",0.1,0.0862551185671208,0
1,2,0.5,48,"invasive_male",0,-2.2342350519703e-08,0
1,2,0.5,48,"invasive_age",0,0.00533125258039963,0
1,2,0.5,48,"invasive_income",0.6,0.188826570291502,0
1,2,0.5,48,"invasive_child",0,-0.0446130788561579,0
1,2,0.5,49,"ASC2_male",0,0.00515637876338834,0
1,2,0.5,49,"ASC2_age",0.6,0.222834329445017,0
1,2,0.5,49,"ASC2_income",0,0.0372051178596901,0
1,2,0.5,49,"ASC2_child",0.6,0.2708968093292,0
1,2,0.5,49,"ASC3_male",0,-0.0646839408774892,0
1,2,0.5,49,"ASC3_age",0.5,0.222621768770708,0
1,2,0.5,49,"ASC3_income",-0.2,-0.153331330569557,0
1,2,0.5,49,"ASC3_child",0,-0.0868176613974436,0
1,2,0.5,49,"prot25_male",1,0.433270404575333,0
1,2,0.5,49,"prot25_age",0,0.0602464520958179,0
1,2,0.5,49,"prot25_income",0.8,0.379404493247907,0
1,2,0.5,49,"prot25_child",-1,-0.513981106891836,1
1,2,0.5,49,"prot50_male",0,-0.0998408042038062,0
1,2,0.5,49,"prot50_age",0.7,0.423735660420928,0
1,2,0.5,49,"prot50_income",0,-0.0223210185205451,0
1,2,0.5,49,"prot50_child",-1,-0.414079224377504,0
1,2,0.5,49,"invasive_male",-0.2,-0.156579000710721,0
1,2,0.5,49,"invasive_age",0,0.0248601749848177,0
1,2,0.5,49,"invasive_income",0,0.0316699098825697,0
1,2,0.5,49,"invasive_child",0,-0.0235164112704974,0
1,2,0.5,50,"ASC2_male",0,-1.45390315961555e-08,0
1,2,0.5,50,"ASC2_age",0,-0.0666475831083387,0
1,2,0.5,50,"ASC2_income",0.4,0.203153775741334,0
1,2,0.5,50,"ASC2_child",0.1,-0.102285175394213,0
1,2,0.5,50,"ASC3_male",0,-0.00915092730049242,0
1,2,0.5,50,"ASC3_age",0,-0.0443562763998298,0
1,2,0.5,50,"ASC3_income",0,-0.0238869910914305,0
1,2,0.5,50,"ASC3_child",-0.2,-0.223185612883721,0
1,2,0.5,50,"prot25_male",-0.4,-0.225908004409417,0
1,2,0.5,50,"prot25_age",1.2,0.6517720706241,1
1,2,0.5,50,"prot25_income",-0.6,-0.315879054098716,0
1,2,0.5,50,"prot25_child",0,-3.13644725158772e-08,0
1,2,0.5,50,"prot50_male",1,0.513268530772473,1
1,2,0.5,50,"prot50_age",-0.3,-0.0478457747945265,0
1,2,0.5,50,"prot50_income",0,-0.0367338398515759,0
1,2,0.5,50,"prot50_child",0,0.0835067865697039,0
1,2,0.5,50,"invasive_male",-1,-0.479015243241262,0
1,2,0.5,50,"invasive_age",0.4,0.197148906902712,0
1,2,0.5,50,"invasive_income",0,-0.00936481066088481,0
1,2,0.5,50,"invasive_child",0,-0.00266145928332895,0
1,2,0.5,51,"ASC2_male",1.1,0.406614704553899,0
1,2,0.5,51,"ASC2_age",0,0.00358420438798417,0
1,2,0.5,51,"ASC2_income",-0.5,-0.249437243724128,0
1,2,0.5,51,"ASC2_child",0,-0.0622603773404791,0
1,2,0.5,51,"ASC3_male",0,-0.153414083146799,0
1,2,0.5,51,"ASC3_age",-1,-0.535392614899555,1
1,2,0.5,51,"ASC3_income",-0.5,-0.209335409110167,0
1,2,0.5,51,"ASC3_child",0,-7.77820184404733e-09,0
1,2,0.5,51,"prot25_male",0,0.0303558762598241,0
1,2,0.5,51,"prot25_age",-0.8,-0.380360194547743,0
1,2,0.5,51,"prot25_income",0.9,0.436149928967594,0
1,2,0.5,51,"prot25_child",0.8,0.524978131989128,1
1,2,0.5,51,"prot50_male",-1,-0.412198720303312,0
1,2,0.5,51,"prot50_age",0,8.34788865419772e-07,0
1,2,0.5,51,"prot50_income",0,0.0114621526711252,0
1,2,0.5,51,"prot50_child",0,-0.0734497803051747,0
1,2,0.5,51,"invasive_male",0.9,0.498471394334208,0
1,2,0.5,51,"invasive_age",0,-5.86985608262418e-09,0
1,2,0.5,51,"invasive_income",-0.4,-0.245549277011993,0
1,2,0.5,51,"invasive_child",0,-0.00938947700677235,0
1,2,0.5,52,"ASC2_male",0,-0.0333852793546708,0
1,2,0.5,52,"ASC2_age",0.8,0.408100947490133,0
1,2,0.5,52,"ASC2_income",0,0.117625484301023,0
1,2,0.5,52,"ASC2_child",0,9.16543897665805e-05,0
1,2,0.5,52,"ASC3_male",1.1,0.419322296344643,0
1,2,0.5,52,"ASC3_age",0,0.0632084883286663,0
1,2,0.5,52,"ASC3_income",0.2,0.150415334059984,0
1,2,0.5,52,"ASC3_child",0,0.0267337243732252,0
1,2,0.5,52,"prot25_male",-0.9,-0.313649006749211,0
1,2,0.5,52,"prot25_age",1.1,0.497855725601097,0
1,2,0.5,52,"prot25_income",0,-0.0605038997525652,0
1,2,0.5,52,"prot25_child",-1.1,-0.536926945892436,1
1,2,0.5,52,"prot50_male",0,0.214961704853328,0
1,2,0.5,52,"prot50_age",0,-2.01452814922945e-08,0
1,2,0.5,52,"prot50_income",0.9,0.350753482017063,0
1,2,0.5,52,"prot50_child",-0.2,0.0197623875186709,0
1,2,0.5,52,"invasive_male",0.2,0.239492421689876,0
1,2,0.5,52,"invasive_age",0,-0.0459337221464289,0
1,2,0.5,52,"invasive_income",-0.9,-0.397604189322645,0
1,2,0.5,52,"invasive_child",0,-0.000521861125807084,0
1,2,0.5,53,"ASC2_male",0,-1.32552063361538e-07,0
1,2,0.5,53,"ASC2_age",0,-0.0914166844192888,0
1,2,0.5,53,"ASC2_income",-0.7,-0.335594949316765,0
1,2,0.5,53,"ASC2_child",0.7,0.218396718093928,0
1,2,0.5,53,"ASC3_male",0,-0.0779186206570822,0
1,2,0.5,53,"ASC3_age",-0.4,-0.233932861974939,0
1,2,0.5,53,"ASC3_income",0,0.0715942185128186,0
1,2,0.5,53,"ASC3_child",0,2.40335439010318e-05,0
1,2,0.5,53,"prot25_male",-1.1,-0.546446599434134,1
1,2,0.5,53,"prot25_age",-0.4,-0.109912328443105,0
1,2,0.5,53,"prot25_income",0,-0.0560478911649699,0
1,2,0.5,53,"prot25_child",0,-1.62978386006843e-07,0
1,2,0.5,53,"prot50_male",0,0.100215030844604,0
1,2,0.5,53,"prot50_age",0.4,0.221479545570648,0
1,2,0.5,53,"prot50_income",0,-0.0582707323757879,0
1,2,0.5,53,"prot50_child",0,1.26526876504797e-08,0
1,2,0.5,53,"invasive_male",-1.1,-0.439432342276527,0
1,2,0.5,53,"invasive_age",0.4,0.0583908618322179,0
1,2,0.5,53,"invasive_income",-0.4,-0.276077258889185,0
1,2,0.5,53,"invasive_child",0.5,0.156500934140384,0
1,2,0.5,54,"ASC2_male",-1,-0.370527415729572,0
1,2,0.5,54,"ASC2_age",0.5,0.231546801766,0
1,2,0.5,54,"ASC2_income",0,-1.26241330691505e-08,0
1,2,0.5,54,"ASC2_child",0.2,0.0604275938290668,0
1,2,0.5,54,"ASC3_male",0.5,0.200163133595501,0
1,2,0.5,54,"ASC3_age",-0.2,-0.0466030166791987,0
1,2,0.5,54,"ASC3_income",0,-6.76720270280451e-09,0
1,2,0.5,54,"ASC3_child",0,-4.03399240100987e-08,0
1,2,0.5,54,"prot25_male",0,-1.03340203695183e-08,0
1,2,0.5,54,"prot25_age",0,-2.07800508183094e-08,0
1,2,0.5,54,"prot25_income",0.3,0.14806681733689,0
1,2,0.5,54,"prot25_child",0,0.0368975137446232,0
1,2,0.5,54,"prot50_male",0,1.77279990769198e-08,0
1,2,0.5,54,"prot50_age",0.9,0.43077536599189,0
1,2,0.5,54,"prot50_income",0,9.63235058038795e-09,0
1,2,0.5,54,"prot50_child",-0.4,-0.161175538891553,0
1,2,0.5,54,"invasive_male",0,0.137173213345946,0
1,2,0.5,54,"invasive_age",0.9,0.423093773987903,0
1,2,0.5,54,"invasive_income",-0.4,-0.148446868947567,0
1,2,0.5,54,"invasive_child",0,-1.39107808623644e-08,0
1,2,0.5,55,"ASC2_male",0.9,0.368265719179105,0
1,2,0.5,55,"ASC2_age",0,-0.0191586508082601,0
1,2,0.5,55,"ASC2_income",0,6.8377236692919e-08,0
1,2,0.5,55,"ASC2_child",0.9,0.380644910348352,0
1,2,0.5,55,"ASC3_male",0,-0.00647503810294393,0
1,2,0.5,55,"ASC3_age",0,-0.0700898888431124,0
1,2,0.5,55,"ASC3_income",0,0.0867443166528659,0
1,2,0.5,55,"ASC3_child",-1,-0.595827577564618,1
1,2,0.5,55,"prot25_male",-0.9,-0.276644154662818,0
1,2,0.5,55,"prot25_age",-0.6,-0.203207857117373,0
1,2,0.5,55,"prot25_income",0,-0.0729150700617132,0
1,2,0.5,55,"prot25_child",-0.3,0.0619497900573094,0
1,2,0.5,55,"prot50_male",-0.9,-0.199025539873404,0
1,2,0.5,55,"prot50_age",0,-2.01739492375685e-08,0
1,2,0.5,55,"prot50_income",1.1,0.472149878096095,0
1,2,0.5,55,"prot50_child",0,0.114293492801898,0
1,2,0.5,55,"invasive_male",0.8,0.425709024534455,0
1,2,0.5,55,"invasive_age",-0.8,-0.403288291490293,0
1,2,0.5,55,"invasive_income",0,-0.059946362688416,0
1,2,0.5,55,"invasive_child",0,0.0655760972777285,0
1,2,0.5,56,"ASC2_male",0,-0.00189694769794211,0
1,2,0.5,56,"ASC2_age",1.1,0.515649474627302,1
1,2,0.5,56,"ASC2_income",0,0.0157236527958932,0
1,2,0.5,56,"ASC2_child",0,0.161988901929777,0
1,2,0.5,56,"ASC3_male",0,0.0276383439136979,0
1,2,0.5,56,"ASC3_age",-1,-0.557264957416527,1
1,2,0.5,56,"ASC3_income",0.8,0.403272183886926,0
1,2,0.5,56,"ASC3_child",0,-4.59669745583657e-08,0
1,2,0.5,56,"prot25_male",0,-0.0788857443372569,0
1,2,0.5,56,"prot25_age",0.9,0.441569625285132,0
1,2,0.5,56,"prot25_income",0,-0.0389046845079425,0
1,2,0.5,56,"prot25_child",0,0.0626318558481683,0
1,2,0.5,56,"prot50_male",0.5,0.218896388863732,0
1,2,0.5,56,"prot50_age",0,-0.0222414056923587,0
1,2,0.5,56,"prot50_income",-0.8,-0.468777810436632,0
1,2,0.5,56,"prot50_child",-0.4,-0.150879636376335,0
1,2,0.5,56,"invasive_male",0,-0.00847203981387985,0
1,2,0.5,56,"invasive_age",0.7,0.283890820420266,0
1,2,0.5,56,"invasive_income",1.1,0.517121517411845,1
1,2,0.5,56,"invasive_child",0.3,0.190239381198238,0
1,2,0.5,57,"ASC2_male",0,-0.107165000400457,0
1,2,0.5,57,"ASC2_age",0,-0.056895621643613,0
1,2,0.5,57,"ASC2_income",1,0.599482507749901,1
1,2,0.5,57,"ASC2_child",1.1,0.418588532382877,0
1,2,0.5,57,"ASC3_male",0,0.0267753563773996,0
1,2,0.5,57,"ASC3_age",0.9,0.430359386870581,0
1,2,0.5,57,"ASC3_income",0,0.0347244472456936,0
1,2,0.5,57,"ASC3_child",0,-0.0630407929156455,0
1,2,0.5,57,"prot25_male",0.1,0.112549712428918,0
1,2,0.5,57,"prot25_age",0,0.0200658812411585,0
1,2,0.5,57,"prot25_income",0,-0.0625032758120624,0
1,2,0.5,57,"prot25_child",-0.4,-0.136335920275781,0
1,2,0.5,57,"prot50_male",1,0.548366621540499,1
1,2,0.5,57,"prot50_age",-0.9,-0.408424983734157,0
1,2,0.5,57,"prot50_income",0,-0.00246688652526095,0
1,2,0.5,57,"prot50_child",-0.2,-0.0475108370664589,0
1,2,0.5,57,"invasive_male",-0.4,-0.0925732686114966,0
1,2,0.5,57,"invasive_age",1,0.470020620472383,0
1,2,0.5,57,"invasive_income",0,0.00512262978965494,0
1,2,0.5,57,"invasive_child",0,-0.0221137019872073,0
1,2,0.5,58,"ASC2_male",0,2.02905230676594e-08,0
1,2,0.5,58,"ASC2_age",-0.4,-0.127691753629189,0
1,2,0.5,58,"ASC2_income",1.1,0.492391380597232,0
1,2,0.5,58,"ASC2_child",0.4,0.106596605141741,0
1,2,0.5,58,"ASC3_male",0,-3.15262138209369e-08,0
1,2,0.5,58,"ASC3_age",-0.6,-0.195983689862579,0
1,2,0.5,58,"ASC3_income",0,0.0212603336859632,0
1,2,0.5,58,"ASC3_child",0,-0.0728120730208352,0
1,2,0.5,58,"prot25_male",0.2,3.85897835275764e-08,0
1,2,0.5,58,"prot25_age",0,1.10867348203507e-07,0
1,2,0.5,58,"prot25_income",0,0.035493151927489,0
1,2,0.5,58,"prot25_child",-0.4,-2.29799170077463e-07,0
1,2,0.5,58,"prot50_male",0.6,0.19271712089532,0
1,2,0.5,58,"prot50_age",0,-0.03855769986041,0
1,2,0.5,58,"prot50_income",0,-1.11353128131083e-09,0
1,2,0.5,58,"prot50_child",-0.7,-0.0336680446006527,0
1,2,0.5,58,"invasive_male",-1,-0.494316544079486,0
1,2,0.5,58,"invasive_age",0.8,0.4048930035474,0
1,2,0.5,58,"invasive_income",0,0.0176360572588129,0
1,2,0.5,58,"invasive_child",0,-7.7502152411038e-08,0
1,2,0.5,59,"ASC2_male",1.2,0.49276756293675,0
1,2,0.5,59,"ASC2_age",1.1,0.508566999007045,1
1,2,0.5,59,"ASC2_income",0,-1.2005927704432e-08,0
1,2,0.5,59,"ASC2_child",0.2,0.0128321674676054,0
1,2,0.5,59,"ASC3_male",0,1.44922842700889e-09,0
1,2,0.5,59,"ASC3_age",1,0.476289472316382,0
1,2,0.5,59,"ASC3_income",0,-6.2527401794563e-09,0
1,2,0.5,59,"ASC3_child",0,-0.0469705888283069,0
1,2,0.5,59,"prot25_male",0.3,0.0560561771768692,0
1,2,0.5,59,"prot25_age",0,0.0706271491369287,0
1,2,0.5,59,"prot25_income",0.4,0.155050490345466,0
1,2,0.5,59,"prot25_child",0.3,0.164472971959826,0
1,2,0.5,59,"prot50_male",0,1.83126028185344e-09,0
1,2,0.5,59,"prot50_age",0,0.0102212452231825,0
1,2,0.5,59,"prot50_income",1,0.447658698314751,0
1,2,0.5,59,"prot50_child",0.9,0.3413852140526,0
1,2,0.5,59,"invasive_male",0,3.73454879988385e-09,0
1,2,0.5,59,"invasive_age",0,0.00631501867780474,0
1,2,0.5,59,"invasive_income",0,-1.66091335253843e-08,0
1,2,0.5,59,"invasive_child",-0.6,-0.317512947640658,0
1,2,0.5,60,"ASC2_male",-1,-0.428624145921216,0
1,2,0.5,60,"ASC2_age",-0.1,0.031748440741054,0
1,2,0.5,60,"ASC2_income",0,0.0304648922870332,0
1,2,0.5,60,"ASC2_child",-0.4,-0.0734868515271149,0
1,2,0.5,60,"ASC3_male",-1.1,-0.374350816217472,0
1,2,0.5,60,"ASC3_age",0,0.0558804515061116,0
1,2,0.5,60,"ASC3_income",0,-0.00315203384350036,0
1,2,0.5,60,"ASC3_child",1.2,0.707745913274979,1
1,2,0.5,60,"prot25_male",-1.1,-0.600619532535567,1
1,2,0.5,60,"prot25_age",-0.8,-0.389532588437044,0
1,2,0.5,60,"prot25_income",0,-0.0416406032768753,0
1,2,0.5,60,"prot25_child",0,-0.219846055912652,0
1,2,0.5,60,"prot50_male",-0.4,-0.199957113531758,0
1,2,0.5,60,"prot50_age",0,-0.00267062248273323,0
1,2,0.5,60,"prot50_income",0,-0.0416421807430655,0
1,2,0.5,60,"prot50_child",0,-0.122506791741063,0
1,2,0.5,60,"invasive_male",1.1,0.580011999710499,1
1,2,0.5,60,"invasive_age",0,0.10479476880709,0
1,2,0.5,60,"invasive_income",0,0.0218861106429504,0
1,2,0.5,60,"invasive_child",-0.4,-0.0885870245698932,0
1,2,0.5,61,"ASC2_male",-0.6,-0.31525784213042,0
1,2,0.5,61,"ASC2_age",0,-6.56763802234234e-06,0
1,2,0.5,61,"ASC2_income",0.3,0.130977075571572,0
1,2,0.5,61,"ASC2_child",0.8,0.163293213023754,0
1,2,0.5,61,"ASC3_male",0.5,0.125499494514727,0
1,2,0.5,61,"ASC3_age",0,-1.30051296548257e-07,0
1,2,0.5,61,"ASC3_income",0,-3.12779999786451e-07,0
1,2,0.5,61,"ASC3_child",0,-0.0682003713198499,0
1,2,0.5,61,"prot25_male",0,0.0211661441288331,0
1,2,0.5,61,"prot25_age",-0.6,-0.29747132885971,0
1,2,0.5,61,"prot25_income",0,-7.2439987011036e-10,0
1,2,0.5,61,"prot25_child",0,-3.43898213376106e-09,0
1,2,0.5,61,"prot50_male",0,-1.73519564656979e-10,0
1,2,0.5,61,"prot50_age",-0.4,-0.156008529409777,0
1,2,0.5,61,"prot50_income",0,-7.58432472755705e-09,0
1,2,0.5,61,"prot50_child",-0.7,-0.350841034226566,0
1,2,0.5,61,"invasive_male",0,-0.03865858428082,0
1,2,0.5,61,"invasive_age",1.1,0.487957205976038,0
1,2,0.5,61,"invasive_income",1,0.425501515774853,0
1,2,0.5,61,"invasive_child",0.5,0.192768302384113,0
1,2,0.5,62,"ASC2_male",0,-0.0860834416902719,0
1,2,0.5,62,"ASC2_age",-1,-0.475129256015174,0
1,2,0.5,62,"ASC2_income",-0.6,-0.258817790706259,0
1,2,0.5,62,"ASC2_child",0,2.44042169821578e-05,0
1,2,0.5,62,"ASC3_male",0,-0.138325961408285,0
1,2,0.5,62,"ASC3_age",0,0.024100084658675,0
1,2,0.5,62,"ASC3_income",0.3,0.166223315931798,0
1,2,0.5,62,"ASC3_child",-0.1,-2.70815998157936e-08,0
1,2,0.5,62,"prot25_male",0,0.0223561512928389,0
1,2,0.5,62,"prot25_age",-0.9,-0.456704985949739,0
1,2,0.5,62,"prot25_income",0.5,0.219853159602188,0
1,2,0.5,62,"prot25_child",0.5,0.148490605934269,0
1,2,0.5,62,"prot50_male",-0.8,-0.458016328431566,0
1,2,0.5,62,"prot50_age",0,-0.103377216772099,0
1,2,0.5,62,"prot50_income",0,-2.62604024841643e-05,0
1,2,0.5,62,"prot50_child",1.2,0.451452659099186,0
1,2,0.5,62,"invasive_male",0.3,-1.4575441998715e-07,0
1,2,0.5,62,"invasive_age",0,-0.0305539346260604,0
1,2,0.5,62,"invasive_income",0,0.0677057135919023,0
1,2,0.5,62,"invasive_child",0,2.07768945968648e-05,0
1,2,0.5,63,"ASC2_male",0.9,0.251469753560269,0
1,2,0.5,63,"ASC2_age",-0.1,0.0689289511899538,0
1,2,0.5,63,"ASC2_income",0,-0.0447803905418364,0
1,2,0.5,63,"ASC2_child",0.1,-2.00334854605641e-07,0
1,2,0.5,63,"ASC3_male",0.4,-5.72445429843778e-09,0
1,2,0.5,63,"ASC3_age",-0.7,-0.278505289513102,0
1,2,0.5,63,"ASC3_income",0,-0.0360117458569461,0
1,2,0.5,63,"ASC3_child",0,-7.66340984556637e-09,0
1,2,0.5,63,"prot25_male",0,0.171994402289049,0
1,2,0.5,63,"prot25_age",0,-0.0361302947264912,0
1,2,0.5,63,"prot25_income",-0.2,-0.10117608519868,0
1,2,0.5,63,"prot25_child",0,0.0361593657275995,0
1,2,0.5,63,"prot50_male",0,0.0273599017510747,0
1,2,0.5,63,"prot50_age",1,0.481300058679786,0
1,2,0.5,63,"prot50_income",0,-0.00130129544377467,0
1,2,0.5,63,"prot50_child",-0.2,-0.0359602971711009,0
1,2,0.5,63,"invasive_male",0,-0.100381143349411,0
1,2,0.5,63,"invasive_age",-0.5,-0.210638598976211,0
1,2,0.5,63,"invasive_income",0,-0.0334423270282839,0
1,2,0.5,63,"invasive_child",-0.6,-0.399114907527093,0
1,2,0.5,64,"ASC2_male",0,-7.04562831941314e-11,0
1,2,0.5,64,"ASC2_age",0,-1.05340736555391e-08,0
1,2,0.5,64,"ASC2_income",1.1,0.53601091589426,1
1,2,0.5,64,"ASC2_child",0.5,0.283257538918288,0
1,2,0.5,64,"ASC3_male",0,-0.0631064070144529,0
1,2,0.5,64,"ASC3_age",0,-0.0335271965202256,0
1,2,0.5,64,"ASC3_income",1.1,0.463792003672906,0
1,2,0.5,64,"ASC3_child",0,-9.08215012800993e-09,0
1,2,0.5,64,"prot25_male",0,-0.0453819657315321,0
1,2,0.5,64,"prot25_age",-1.1,-0.502704248340595,1
1,2,0.5,64,"prot25_income",-0.7,-0.341521693348323,0
1,2,0.5,64,"prot25_child",-0.8,-0.391370389094244,0
1,2,0.5,64,"prot50_male",0,0.0443040916065472,0
1,2,0.5,64,"prot50_age",0.9,0.412927232975883,0
1,2,0.5,64,"prot50_income",-0.5,-0.217534214474165,0
1,2,0.5,64,"prot50_child",0,0.034687747154307,0
1,2,0.5,64,"invasive_male",0,0.100309392114692,0
1,2,0.5,64,"invasive_age",-1.1,-0.520936903599104,1
1,2,0.5,64,"invasive_income",0.3,0.123156492417521,0
1,2,0.5,64,"invasive_child",0,-0.0763178540041975,0
1,2,0.5,65,"ASC2_male",0,-1.85573301347719e-09,0
1,2,0.5,65,"ASC2_age",0,-3.41157477320656e-09,0
1,2,0.5,65,"ASC2_income",-0.7,-0.254331212191132,0
1,2,0.5,65,"ASC2_child",0,-7.4268331159531e-08,0
1,2,0.5,65,"ASC3_male",0,-5.39680492474695e-08,0
1,2,0.5,65,"ASC3_age",-0.9,-0.418439778657348,0
1,2,0.5,65,"ASC3_income",0,0.0491189062901676,0
1,2,0.5,65,"ASC3_child",0,-0.0609034072103216,0
1,2,0.5,65,"prot25_male",0.1,0.0449444244267902,0
1,2,0.5,65,"prot25_age",-0.8,-0.378486987829928,0
1,2,0.5,65,"prot25_income",0.9,0.331727505966483,0
1,2,0.5,65,"prot25_child",0,0.0860160042456676,0
1,2,0.5,65,"prot50_male",0.8,0.472263261019005,0
1,2,0.5,65,"prot50_age",1.1,0.531451844805255,1
1,2,0.5,65,"prot50_income",-1,-0.560563979137879,1
1,2,0.5,65,"prot50_child",-1.2,-0.401276014736843,0
1,2,0.5,65,"invasive_male",0,-1.18524019770777e-07,0
1,2,0.5,65,"invasive_age",0,0.00725599549482313,0
1,2,0.5,65,"invasive_income",-1,-0.433881964299646,0
1,2,0.5,65,"invasive_child",0,0.000671742964379577,0
1,2,0.5,66,"ASC2_male",0.9,0.496453685765963,0
1,2,0.5,66,"ASC2_age",0.9,0.461892327002463,0
1,2,0.5,66,"ASC2_income",0,0.0539542878253553,0
1,2,0.5,66,"ASC2_child",0,0.0542663679102455,0
1,2,0.5,66,"ASC3_male",-0.6,-0.387435381201759,0
1,2,0.5,66,"ASC3_age",0,0.0281897848149213,0
1,2,0.5,66,"ASC3_income",-1.2,-0.553999214458154,1
1,2,0.5,66,"ASC3_child",0,0.00896844743499759,0
1,2,0.5,66,"prot25_male",0,0.0119027394318532,0
1,2,0.5,66,"prot25_age",-0.4,-0.215706329229157,0
1,2,0.5,66,"prot25_income",-0.4,-0.325614089731667,0
1,2,0.5,66,"prot25_child",0,-0.07173043249402,0
1,2,0.5,66,"prot50_male",0,0.0913406468760764,0
1,2,0.5,66,"prot50_age",0,-0.0522025593471704,0
1,2,0.5,66,"prot50_income",0.2,0.00691897378203892,0
1,2,0.5,66,"prot50_child",-0.7,-0.524176983392751,1
1,2,0.5,66,"invasive_male",0.5,0.189952178127646,0
1,2,0.5,66,"invasive_age",0.9,0.47901944200779,0
1,2,0.5,66,"invasive_income",0,-0.0258848447381877,0
1,2,0.5,66,"invasive_child",0,-0.0835859916237836,0
1,2,0.5,67,"ASC2_male",0,0.0249164486890397,0
1,2,0.5,67,"ASC2_age",-1.1,-0.578269564644033,1
1,2,0.5,67,"ASC2_income",0.6,0.346405760304241,0
1,2,0.5,67,"ASC2_child",0.3,0.0311273119400217,0
1,2,0.5,67,"ASC3_male",0,-1.41146861866267e-08,0
1,2,0.5,67,"ASC3_age",0,-0.0489679577183437,0
1,2,0.5,67,"ASC3_income",0.7,0.345792050162805,0
1,2,0.5,67,"ASC3_child",0,-0.0844087322580614,0
1,2,0.5,67,"prot25_male",0.9,0.407710624030405,0
1,2,0.5,67,"prot25_age",0.5,0.277679915896819,0
1,2,0.5,67,"prot25_income",-0.8,-0.502278934176384,1
1,2,0.5,67,"prot25_child",0,0.151441697045729,0
1,2,0.5,67,"prot50_male",-0.7,-0.403711585612645,0
1,2,0.5,67,"prot50_age",0,0.0307206907320166,0
1,2,0.5,67,"prot50_income",-0.2,-0.153002502515234,0
1,2,0.5,67,"prot50_child",0,0.0143627033585685,0
1,2,0.5,67,"invasive_male",0,-4.43452754595468e-09,0
1,2,0.5,67,"invasive_age",0,-0.0373431142492154,0
1,2,0.5,67,"invasive_income",0,0.0229496979975872,0
1,2,0.5,67,"invasive_child",0.9,0.250919115710754,0
1,2,0.5,68,"ASC2_male",0.3,1.23248848537069e-06,0
1,2,0.5,68,"ASC2_age",0.9,0.367147886541582,0
1,2,0.5,68,"ASC2_income",-1,-0.475775226632737,0
1,2,0.5,68,"ASC2_child",0.1,-8.52606966545488e-09,0
1,2,0.5,68,"ASC3_male",0,-2.90379897546055e-09,0
1,2,0.5,68,"ASC3_age",0.7,0.233940097923929,0
1,2,0.5,68,"ASC3_income",0,-2.20324573477417e-08,0
1,2,0.5,68,"ASC3_child",-0.4,-0.234201431056265,0
1,2,0.5,68,"prot25_male",0,0.0923196128751831,0
1,2,0.5,68,"prot25_age",0,0.0480077721333596,0
1,2,0.5,68,"prot25_income",0,0.00215916880077143,0
1,2,0.5,68,"prot25_child",-0.6,-0.118939164795375,0
1,2,0.5,68,"prot50_male",0,0.0663831226907074,0
1,2,0.5,68,"prot50_age",0.1,-2.50919159378558e-09,0
1,2,0.5,68,"prot50_income",0,2.60407953721462e-08,0
1,2,0.5,68,"prot50_child",0,-3.35365290062138e-07,0
1,2,0.5,68,"invasive_male",0,-0.0390546193477665,0
1,2,0.5,68,"invasive_age",0,-0.14234568607375,0
1,2,0.5,68,"invasive_income",0.5,0.277385736173619,0
1,2,0.5,68,"invasive_child",0.3,0.00586889289138928,0
1,2,0.5,69,"ASC2_male",0,-0.0936850175010229,0
1,2,0.5,69,"ASC2_age",0,-0.0412732524091856,0
1,2,0.5,69,"ASC2_income",-0.9,-0.351391960381413,0
1,2,0.5,69,"ASC2_child",0,1.96240763749098e-07,0
1,2,0.5,69,"ASC3_male",0.8,0.291625033950199,0
1,2,0.5,69,"ASC3_age",0,-0.0483799059554903,0
1,2,0.5,69,"ASC3_income",0,-7.09499567360862e-09,0
1,2,0.5,69,"ASC3_child",0,-1.1519251690567e-08,0
1,2,0.5,69,"prot25_male",-0.4,-0.0707689808149755,0
1,2,0.5,69,"prot25_age",-0.8,-0.389794392224465,0
1,2,0.5,69,"prot25_income",0,-0.0225160117395367,0
1,2,0.5,69,"prot25_child",1.2,0.696190431406297,1
1,2,0.5,69,"prot50_male",0,0.0451961770872701,0
1,2,0.5,69,"prot50_age",-0.7,-0.355816774718,0
1,2,0.5,69,"prot50_income",0,-0.0108274368486713,0
1,2,0.5,69,"prot50_child",-0.6,-0.150093295537632,0
1,2,0.5,69,"invasive_male",-1.1,-0.530247600695772,1
1,2,0.5,69,"invasive_age",0.5,0.232445128770016,0
1,2,0.5,69,"invasive_income",-0.9,-0.396058402081286,0
1,2,0.5,69,"invasive_child",0,-6.22514432017892e-09,0
1,2,0.5,70,"ASC2_male",0,-0.0267394355639511,0
1,2,0.5,70,"ASC2_age",-1,-0.554385249496212,1
1,2,0.5,70,"ASC2_income",1.2,0.491085701798438,0
1,2,0.5,70,"ASC2_child",0.3,0.077712503009526,0
1,2,0.5,70,"ASC3_male",0,0.116291774261355,0
1,2,0.5,70,"ASC3_age",-0.9,-0.499476845090362,0
1,2,0.5,70,"ASC3_income",0,-0.132335029677568,0
1,2,0.5,70,"ASC3_child",0,-0.115788531977216,0
1,2,0.5,70,"prot25_male",0,0.0165829536094107,0
1,2,0.5,70,"prot25_age",0.2,0.188026756702147,0
1,2,0.5,70,"prot25_income",0,0.104878037430874,0
1,2,0.5,70,"prot25_child",-0.7,-0.20247141396976,0
1,2,0.5,70,"prot50_male",0,-0.0495310155688055,0
1,2,0.5,70,"prot50_age",0,0.0579647847367372,0
1,2,0.5,70,"prot50_income",-0.7,-0.301596741223935,0
1,2,0.5,70,"prot50_child",0,1.31593959822754e-11,0
1,2,0.5,70,"invasive_male",-0.3,-0.126591453257735,0
1,2,0.5,70,"invasive_age",0,0.000374794781132923,0
1,2,0.5,70,"invasive_income",-0.7,-0.365315632249355,0
1,2,0.5,70,"invasive_child",-0.6,-0.436141206920563,0
1,2,0.5,71,"ASC2_male",-1.1,-0.59169430540425,1
1,2,0.5,71,"ASC2_age",0,0.00597453937353791,0
1,2,0.5,71,"ASC2_income",0,-0.0186141762681848,0
1,2,0.5,71,"ASC2_child",-0.4,-0.237268479981573,0
1,2,0.5,71,"ASC3_male",0,-0.134902633775203,0
1,2,0.5,71,"ASC3_age",0,-0.0122395091452225,0
1,2,0.5,71,"ASC3_income",-0.5,-0.190222793136262,0
1,2,0.5,71,"ASC3_child",-0.6,-0.371525996037983,0
1,2,0.5,71,"prot25_male",0,-2.24098966571521e-07,0
1,2,0.5,71,"prot25_age",0,-0.0134887163467978,0
1,2,0.5,71,"prot25_income",0,-0.0562991256440593,0
1,2,0.5,71,"prot25_child",0.2,0.0377014609620295,0
1,2,0.5,71,"prot50_male",-0.5,-0.306864064477364,0
1,2,0.5,71,"prot50_age",0.2,0.185130899157577,0
1,2,0.5,71,"prot50_income",-1.1,-0.597055069888856,1
1,2,0.5,71,"prot50_child",0,0.0893939862951226,0
1,2,0.5,71,"invasive_male",0.9,0.293087125376685,0
1,2,0.5,71,"invasive_age",1.2,0.651308784195361,1
1,2,0.5,71,"invasive_income",0,-0.0566647495265166,0
1,2,0.5,71,"invasive_child",0,-5.10118763369116e-08,0
1,2,0.5,72,"ASC2_male",0,-0.048772635375577,0
1,2,0.5,72,"ASC2_age",0,-0.0242938257011046,0
1,2,0.5,72,"ASC2_income",0.2,0.0331615007279847,0
1,2,0.5,72,"ASC2_child",0.1,0.0550912093337917,0
1,2,0.5,72,"ASC3_male",0,-0.064082280084381,0
1,2,0.5,72,"ASC3_age",0.7,0.355927778742927,0
1,2,0.5,72,"ASC3_income",0,-0.0327733608948267,0
1,2,0.5,72,"ASC3_child",0,0.00792760493403421,0
1,2,0.5,72,"prot25_male",-0.2,-1.18694413199719e-09,0
1,2,0.5,72,"prot25_age",-1.1,-0.567498857639579,1
1,2,0.5,72,"prot25_income",0,0.0208388633245616,0
1,2,0.5,72,"prot25_child",0,0.00197633140582004,0
1,2,0.5,72,"prot50_male",0.5,0.203624651824763,0
1,2,0.5,72,"prot50_age",0,-0.0517572912474098,0
1,2,0.5,72,"prot50_income",0,0.0105463423224212,0
1,2,0.5,72,"prot50_child",0.1,0.124778931975584,0
1,2,0.5,72,"invasive_male",0,-0.186102665237363,0
1,2,0.5,72,"invasive_age",0.3,0.162054576025944,0
1,2,0.5,72,"invasive_income",0.4,0.260612434729395,0
1,2,0.5,72,"invasive_child",-0.4,-0.234282107625183,0
1,2,0.5,73,"ASC2_male",0,-1.10848405019266e-10,0
1,2,0.5,73,"ASC2_age",0,0.200829196961838,0
1,2,0.5,73,"ASC2_income",0,-3.22327838623478e-08,0
1,2,0.5,73,"ASC2_child",0.9,0.420490051988452,0
1,2,0.5,73,"ASC3_male",0,-1.09511485997889e-08,0
1,2,0.5,73,"ASC3_age",-0.7,-0.149429730196679,0
1,2,0.5,73,"ASC3_income",0,0.00591427356155903,0
1,2,0.5,73,"ASC3_child",0,-1.32072155651292e-08,0
1,2,0.5,73,"prot25_male",-0.5,-0.199900806146823,0
1,2,0.5,73,"prot25_age",1,0.301841180417051,0
1,2,0.5,73,"prot25_income",0,-0.0123565704356228,0
1,2,0.5,73,"prot25_child",0,-5.97524183933269e-10,0
1,2,0.5,73,"prot50_male",0.6,0.284712655644015,0
1,2,0.5,73,"prot50_age",0.8,0.265690269501098,0
1,2,0.5,73,"prot50_income",1.2,0.622850647786004,1
1,2,0.5,73,"prot50_child",0.9,0.385853824788265,0
1,2,0.5,73,"invasive_male",0,-3.39731768875868e-10,0
1,2,0.5,73,"invasive_age",-1.2,-0.50009447131145,1
1,2,0.5,73,"invasive_income",0,-6.52233355945e-11,0
1,2,0.5,73,"invasive_child",1.1,0.491476001129575,0
1,2,0.5,74,"ASC2_male",0,-0.00609715208940678,0
1,2,0.5,74,"ASC2_age",0,0.0146826886663671,0
1,2,0.5,74,"ASC2_income",-0.5,-0.213621228936866,0
1,2,0.5,74,"ASC2_child",0,-9.07946848748054e-09,0
1,2,0.5,74,"ASC3_male",0.2,0.0988529096716157,0
1,2,0.5,74,"ASC3_age",0,6.38401877233101e-09,0
1,2,0.5,74,"ASC3_income",1,0.551988380440036,1
1,2,0.5,74,"ASC3_child",-0.8,-0.44600733184727,0
1,2,0.5,74,"prot25_male",-1.1,-0.535926510180818,1
1,2,0.5,74,"prot25_age",-0.7,-0.314858286332818,0
1,2,0.5,74,"prot25_income",0.8,0.338795537387342,0
1,2,0.5,74,"prot25_child",0,-3.74011036788252e-09,0
1,2,0.5,74,"prot50_male",0.5,0.35745815270412,0
1,2,0.5,74,"prot50_age",0,-0.00655991044180058,0
1,2,0.5,74,"prot50_income",-0.2,-0.212734642390752,0
1,2,0.5,74,"prot50_child",0,2.26320021552427e-08,0
1,2,0.5,74,"invasive_male",0,-0.0664926183911197,0
1,2,0.5,74,"invasive_age",0,0.0281424623588706,0
1,2,0.5,74,"invasive_income",0,-7.64880509351462e-09,0
1,2,0.5,74,"invasive_child",1.1,0.456146837625708,0
1,2,0.5,75,"ASC2_male",0,-0.111032802970571,0
1,2,0.5,75,"ASC2_age",0,-0.00341348752022326,0
1,2,0.5,75,"ASC2_income",-0.1,-7.42852102058119e-09,0
1,2,0.5,75,"ASC2_child",0,-1.16811455026104e-08,0
1,2,0.5,75,"ASC3_male",0,-1.01669617724233e-08,0
1,2,0.5,75,"ASC3_age",-0.8,-0.389528825746932,0
1,2,0.5,75,"ASC3_income",0,-5.80141185879676e-08,0
1,2,0.5,75,"ASC3_child",0.3,0.11707199496976,0
1,2,0.5,75,"prot25_male",0,-1.41902041890661e-08,0
1,2,0.5,75,"prot25_age",0,-0.0311115798542795,0
1,2,0.5,75,"prot25_income",-0.5,-0.227296855522766,0
1,2,0.5,75,"prot25_child",0.6,0.1540197905909,0
1,2,0.5,75,"prot50_male",0,0.0129199673725942,0
1,2,0.5,75,"prot50_age",0,3.4601563262496e-10,0
1,2,0.5,75,"prot50_income",-0.5,-0.286038224118586,0
1,2,0.5,75,"prot50_child",0,-5.32744137248811e-09,0
1,2,0.5,75,"invasive_male",-0.9,-0.500673814635971,1
1,2,0.5,75,"invasive_age",-0.1,-0.0646983667080529,0
1,2,0.5,75,"invasive_income",1.1,0.539145995893328,1
1,2,0.5,75,"invasive_child",0.1,-9.04831309997576e-09,0
1,2,0.5,76,"ASC2_male",0,-0.15342907174183,0
1,2,0.5,76,"ASC2_age",-0.8,-0.382504876454187,0
1,2,0.5,76,"ASC2_income",-0.8,-0.364071967860481,0
1,2,0.5,76,"ASC2_child",0,-1.04022193220244e-08,0
1,2,0.5,76,"ASC3_male",1,0.241962108449609,0
1,2,0.5,76,"ASC3_age",0.2,0.0869279245592648,0
1,2,0.5,76,"ASC3_income",0.7,0.34657652709625,0
1,2,0.5,76,"ASC3_child",0,6.23790951464729e-08,0
1,2,0.5,76,"prot25_male",1,0.682275974557169,1
1,2,0.5,76,"prot25_age",-0.4,-0.194325818979498,0
1,2,0.5,76,"prot25_income",0,-5.7962755818468e-10,0
1,2,0.5,76,"prot25_child",0,-1.45025473166946e-08,0
1,2,0.5,76,"prot50_male",-1.1,-0.240588412391479,0
1,2,0.5,76,"prot50_age",0,-9.01218044233004e-09,0
1,2,0.5,76,"prot50_income",0,-1.26189214822913e-08,0
1,2,0.5,76,"prot50_child",0,4.62451279548198e-06,0
1,2,0.5,76,"invasive_male",0.5,0.268200230349841,0
1,2,0.5,76,"invasive_age",0,-1.1226787036556e-08,0
1,2,0.5,76,"invasive_income",0,-3.99096207618433e-10,0
1,2,0.5,76,"invasive_child",-1.2,-0.472019588801686,0
1,2,0.5,77,"ASC2_male",0.4,0.0776338783099383,0
1,2,0.5,77,"ASC2_age",0,0.0713416239460694,0
1,2,0.5,77,"ASC2_income",0,0.0779427845154026,0
1,2,0.5,77,"ASC2_child",-1.1,-0.553210930852832,1
1,2,0.5,77,"ASC3_male",0,-0.197034577357416,0
1,2,0.5,77,"ASC3_age",0,0.0929675721877206,0
1,2,0.5,77,"ASC3_income",-1.1,-0.48376339196257,0
1,2,0.5,77,"ASC3_child",0.7,0.373013123164272,0
1,2,0.5,77,"prot25_male",-0.1,0.0269895154719233,0
1,2,0.5,77,"prot25_age",0,-0.0348328303413251,0
1,2,0.5,77,"prot25_income",0.8,0.287422454730838,0
1,2,0.5,77,"prot25_child",-0.7,-0.275007109524435,0
1,2,0.5,77,"prot50_male",0,0.171867963317826,0
1,2,0.5,77,"prot50_age",0.4,0.202636836696274,0
1,2,0.5,77,"prot50_income",0.8,0.31794397799167,0
1,2,0.5,77,"prot50_child",0,-0.0276442665720011,0
1,2,0.5,77,"invasive_male",0,-8.71055142347622e-08,0
1,2,0.5,77,"invasive_age",0,1.27500346872555e-08,0
1,2,0.5,77,"invasive_income",0,-1.14521146739566e-08,0
1,2,0.5,77,"invasive_child",0.9,0.31431061747282,0
1,2,0.5,78,"ASC2_male",-0.6,-0.323396725962753,0
1,2,0.5,78,"ASC2_age",0,0.00681672843846456,0
1,2,0.5,78,"ASC2_income",0,-0.0535487988735615,0
1,2,0.5,78,"ASC2_child",0,-0.0357585697180805,0
1,2,0.5,78,"ASC3_male",-1.2,-0.487945373896497,0
1,2,0.5,78,"ASC3_age",-0.7,-0.385610316649976,0
1,2,0.5,78,"ASC3_income",0,-0.0344948706039555,0
1,2,0.5,78,"ASC3_child",0.8,0.339136121889401,0
1,2,0.5,78,"prot25_male",0.4,0.111942018961677,0
1,2,0.5,78,"prot25_age",0,-0.00192843160346904,0
1,2,0.5,78,"prot25_income",0,0.0366010573434743,0
1,2,0.5,78,"prot25_child",-1.2,-0.613054484603334,1
1,2,0.5,78,"prot50_male",0,-0.0254115073555993,0
1,2,0.5,78,"prot50_age",0.5,0.242174706694052,0
1,2,0.5,78,"prot50_income",0.1,0.0200463985138215,0
1,2,0.5,78,"prot50_child",0.2,0.0829758593304022,0
1,2,0.5,78,"invasive_male",0,0.0933693449054751,0
1,2,0.5,78,"invasive_age",0,-0.0609822505016262,0
1,2,0.5,78,"invasive_income",0,-0.0695013343569921,0
1,2,0.5,78,"invasive_child",0.9,0.298454666046561,0
1,2,0.5,79,"ASC2_male",0,1.9033343722796e-07,0
1,2,0.5,79,"ASC2_age",0,-0.00108831432762683,0
1,2,0.5,79,"ASC2_income",0.2,0.204477330507026,0
1,2,0.5,79,"ASC2_child",0,-1.05292269661946e-08,0
1,2,0.5,79,"ASC3_male",0,-2.02873753570887e-07,0
1,2,0.5,79,"ASC3_age",-0.6,-0.304383438973101,0
1,2,0.5,79,"ASC3_income",-1,-0.381238374424908,0
1,2,0.5,79,"ASC3_child",0.7,0.326160987858735,0
1,2,0.5,79,"prot25_male",0,0.0872861271454721,0
1,2,0.5,79,"prot25_age",-1,-0.490056453077229,0
1,2,0.5,79,"prot25_income",0,-0.10161150192243,0
1,2,0.5,79,"prot25_child",0,-1.2763668730986e-09,0
1,2,0.5,79,"prot50_male",-1.1,-0.413526189592177,0
1,2,0.5,79,"prot50_age",-1.1,-0.570515554446323,1
1,2,0.5,79,"prot50_income",0.9,0.341148938584034,0
1,2,0.5,79,"prot50_child",0.4,0.13355597995307,0
1,2,0.5,79,"invasive_male",-0.4,-0.100041962228509,0
1,2,0.5,79,"invasive_age",0,1.36355057446136e-07,0
1,2,0.5,79,"invasive_income",0,-1.16832020925775e-08,0
1,2,0.5,79,"invasive_child",0,-0.0478308257734579,0
1,2,0.5,80,"ASC2_male",-0.3,-0.0505553603974501,0
1,2,0.5,80,"ASC2_age",0,-0.106522304749039,0
1,2,0.5,80,"ASC2_income",0.9,0.544282051512446,1
1,2,0.5,80,"ASC2_child",-1,-0.552929472475893,1
1,2,0.5,80,"ASC3_male",0,-2.26203004425585e-07,0
1,2,0.5,80,"ASC3_age",-0.6,-0.356694169561401,0
1,2,0.5,80,"ASC3_income",0,0.0957283532804195,0
1,2,0.5,80,"ASC3_child",0,-0.0048932377729666,0
1,2,0.5,80,"prot25_male",0,0.0263795005267409,0
1,2,0.5,80,"prot25_age",0.8,0.445251271889808,0
1,2,0.5,80,"prot25_income",0.1,-2.45523893429879e-08,0
1,2,0.5,80,"prot25_child",0,-1.21143978638322e-08,0
1,2,0.5,80,"prot50_male",0,-1.55170966801407e-09,0
1,2,0.5,80,"prot50_age",0,0.00314196553833116,0
1,2,0.5,80,"prot50_income",0.7,0.290728431394307,0
1,2,0.5,80,"prot50_child",0,0.0920452165306579,0
1,2,0.5,80,"invasive_male",0,0.0558311906034819,0
1,2,0.5,80,"invasive_age",-0.8,-0.404954908670875,0
1,2,0.5,80,"invasive_income",-0.7,-0.363350375805904,0
1,2,0.5,80,"invasive_child",0.7,0.377912408530938,0
1,2,0.5,81,"ASC2_male",0,-0.00299952578087751,0
1,2,0.5,81,"ASC2_age",-1.1,-0.560403257908917,1
1,2,0.5,81,"ASC2_income",0.1,0.0626186371140304,0
1,2,0.5,81,"ASC2_child",0.8,0.271171332265682,0
1,2,0.5,81,"ASC3_male",0,-4.77972418361231e-07,0
1,2,0.5,81,"ASC3_age",0,8.88660274827615e-08,0
1,2,0.5,81,"ASC3_income",-0.8,-0.331784757521611,0
1,2,0.5,81,"ASC3_child",0,-6.82692432967445e-09,0
1,2,0.5,81,"prot25_male",0,5.48783962136227e-08,0
1,2,0.5,81,"prot25_age",-0.3,-0.14796523464808,0
1,2,0.5,81,"prot25_income",0.1,0.00323996416040001,0
1,2,0.5,81,"prot25_child",0.2,0.21300769681783,0
1,2,0.5,81,"prot50_male",0,-0.0175626656737582,0
1,2,0.5,81,"prot50_age",0.4,0.199045665303856,0
1,2,0.5,81,"prot50_income",-0.3,-0.132022268363778,0
1,2,0.5,81,"prot50_child",0,0.119326383441165,0
1,2,0.5,81,"invasive_male",0,8.63894563610955e-08,0
1,2,0.5,81,"invasive_age",0,-0.0142434053600091,0
1,2,0.5,81,"invasive_income",-0.5,-0.186787557178227,0
1,2,0.5,81,"invasive_child",0,-1.12450187659855e-09,0
1,2,0.5,82,"ASC2_male",0.9,0.290607964838211,0
1,2,0.5,82,"ASC2_age",-0.6,-0.318644462060898,0
1,2,0.5,82,"ASC2_income",1.1,0.557624613573059,1
1,2,0.5,82,"ASC2_child",-0.9,-0.348782323180454,0
1,2,0.5,82,"ASC3_male",0,-0.0197543957401689,0
1,2,0.5,82,"ASC3_age",0,-0.0332986993397992,0
1,2,0.5,82,"ASC3_income",0,-0.0113377717502256,0
1,2,0.5,82,"ASC3_child",0.3,0.255953032919027,0
1,2,0.5,82,"prot25_male",0,0.155344027879253,0
1,2,0.5,82,"prot25_age",0,0.0208075288835483,0
1,2,0.5,82,"prot25_income",0,-0.015693122265746,0
1,2,0.5,82,"prot25_child",1.1,0.477573090381406,0
1,2,0.5,82,"prot50_male",-0.4,-0.0970347800660877,0
1,2,0.5,82,"prot50_age",0,-0.0203248301456509,0
1,2,0.5,82,"prot50_income",-0.5,-0.279232360829415,0
1,2,0.5,82,"prot50_child",0,-0.0463722573273782,0
1,2,0.5,82,"invasive_male",0,0.0658056271914994,0
1,2,0.5,82,"invasive_age",-1.1,-0.576924285248383,1
1,2,0.5,82,"invasive_income",0,-0.0615546777533057,0
1,2,0.5,82,"invasive_child",0.4,0.27693244512281,0
1,2,0.5,83,"ASC2_male",0.9,0.295236112457372,0
1,2,0.5,83,"ASC2_age",0,0.0382918997387041,0
1,2,0.5,83,"ASC2_income",-0.9,-0.404157776900036,0
1,2,0.5,83,"ASC2_child",-0.8,-0.298696316935746,0
1,2,0.5,83,"ASC3_male",0.9,0.397574104043742,0
1,2,0.5,83,"ASC3_age",0,2.89278709666655e-07,0
1,2,0.5,83,"ASC3_income",0,-0.00100823825248178,0
1,2,0.5,83,"ASC3_child",0,0.0286827075149255,0
1,2,0.5,83,"prot25_male",1,0.484171578432471,0
1,2,0.5,83,"prot25_age",1.2,0.562608301469383,1
1,2,0.5,83,"prot25_income",-0.2,-0.0931885066854291,0
1,2,0.5,83,"prot25_child",0,0.015717763107671,0
1,2,0.5,83,"prot50_male",0,2.67570120220364e-11,0
1,2,0.5,83,"prot50_age",0,-2.4736220897037e-06,0
1,2,0.5,83,"prot50_income",-0.2,-0.0715248810861767,0
1,2,0.5,83,"prot50_child",0,-7.69540230831928e-09,0
1,2,0.5,83,"invasive_male",0,-0.0757589834440311,0
1,2,0.5,83,"invasive_age",-0.8,-0.371397744306759,0
1,2,0.5,83,"invasive_income",-0.9,-0.42734721229837,0
1,2,0.5,83,"invasive_child",0,-1.70680175591691e-08,0
1,2,0.5,84,"ASC2_male",0,0.0762845032602221,0
1,2,0.5,84,"ASC2_age",0,2.01562500473452e-08,0
1,2,0.5,84,"ASC2_income",0.4,0.194790358262822,0
1,2,0.5,84,"ASC2_child",-0.9,-0.580492788717022,1
1,2,0.5,84,"ASC3_male",-0.2,-9.35194068018752e-08,0
1,2,0.5,84,"ASC3_age",0.6,0.311785633608063,0
1,2,0.5,84,"ASC3_income",0.4,0.216927650572898,0
1,2,0.5,84,"ASC3_child",-0.6,-0.41630528110518,0
1,2,0.5,84,"prot25_male",0,-0.0428653289014966,0
1,2,0.5,84,"prot25_age",0,0.0142158220577606,0
1,2,0.5,84,"prot25_income",0.2,0.122199760029957,0
1,2,0.5,84,"prot25_child",-0.7,-0.260408922315114,0
1,2,0.5,84,"prot50_male",0,0.0411225403595861,0
1,2,0.5,84,"prot50_age",0,-0.0166516541828287,0
1,2,0.5,84,"prot50_income",0,-0.00515296524722007,0
1,2,0.5,84,"prot50_child",-0.9,-0.210644451288883,0
1,2,0.5,84,"invasive_male",-1.1,-0.387926421527105,0
1,2,0.5,84,"invasive_age",0,-0.002903754447803,0
1,2,0.5,84,"invasive_income",0,-2.01268790900362e-08,0
1,2,0.5,84,"invasive_child",0,0.0459897147142192,0
1,2,0.5,85,"ASC2_male",0.9,0.5211394068067,1
1,2,0.5,85,"ASC2_age",0,0.0241599272949415,0
1,2,0.5,85,"ASC2_income",0.4,0.201659013350203,0
1,2,0.5,85,"ASC2_child",0,-0.0854114690656211,0
1,2,0.5,85,"ASC3_male",0,-0.00484804937724708,0
1,2,0.5,85,"ASC3_age",0.5,0.260974461861366,0
1,2,0.5,85,"ASC3_income",0.9,0.409857142438496,0
1,2,0.5,85,"ASC3_child",0.4,0.0819978908936122,0
1,2,0.5,85,"prot25_male",0,-0.057149257886801,0
1,2,0.5,85,"prot25_age",-0.3,-0.133572213766954,0
1,2,0.5,85,"prot25_income",0.7,0.33520318899192,0
1,2,0.5,85,"prot25_child",0,0.0646686533795569,0
1,2,0.5,85,"prot50_male",0,-0.0290783696263927,0
1,2,0.5,85,"prot50_age",-0.8,-0.395347056757653,0
1,2,0.5,85,"prot50_income",-0.7,-0.310154878569032,0
1,2,0.5,85,"prot50_child",0,-0.111932709791428,0
1,2,0.5,85,"invasive_male",0,-0.0258506217947674,0
1,2,0.5,85,"invasive_age",0,8.94461847706575e-09,0
1,2,0.5,85,"invasive_income",0,0.0495360785630014,0
1,2,0.5,85,"invasive_child",0.6,0.170543632565946,0
1,2,0.5,86,"ASC2_male",0,-1.03015539223554e-07,0
1,2,0.5,86,"ASC2_age",-0.6,-0.316255341999369,0
1,2,0.5,86,"ASC2_income",0.7,0.237869024865859,0
1,2,0.5,86,"ASC2_child",0,-2.35621894052234e-09,0
1,2,0.5,86,"ASC3_male",0,-0.0412505590315267,0
1,2,0.5,86,"ASC3_age",0,-0.0635487581993389,0
1,2,0.5,86,"ASC3_income",1.2,0.524193377364929,1
1,2,0.5,86,"ASC3_child",0,-0.0514948748772434,0
1,2,0.5,86,"prot25_male",-0.7,-0.246587019598873,0
1,2,0.5,86,"prot25_age",-1,-0.539777129280888,1
1,2,0.5,86,"prot25_income",0,5.48422770851583e-05,0
1,2,0.5,86,"prot25_child",0.9,0.497286999370133,0
1,2,0.5,86,"prot50_male",1,0.649883592291056,1
1,2,0.5,86,"prot50_age",0,0.0388467908814108,0
1,2,0.5,86,"prot50_income",0,0.0537135011612664,0
1,2,0.5,86,"prot50_child",-1,-0.45388815274262,0
1,2,0.5,86,"invasive_male",0,0.0125118528468525,0
1,2,0.5,86,"invasive_age",1,0.480585673437141,0
1,2,0.5,86,"invasive_income",0,-1.17906307545518e-08,0
1,2,0.5,86,"invasive_child",0.3,0.137687101760269,0
1,2,0.5,87,"ASC2_male",-0.3,-0.1170026023994,0
1,2,0.5,87,"ASC2_age",0.1,0.00587064612754028,0
1,2,0.5,87,"ASC2_income",-0.2,-0.0497111610405377,0
1,2,0.5,87,"ASC2_child",0,-0.0962424488741626,0
1,2,0.5,87,"ASC3_male",0,-9.20441652092917e-11,0
1,2,0.5,87,"ASC3_age",0,-0.026996989182265,0
1,2,0.5,87,"ASC3_income",0.3,0.175794606608646,0
1,2,0.5,87,"ASC3_child",0.7,0.24310593942293,0
1,2,0.5,87,"prot25_male",0,1.0458535377906e-07,0
1,2,0.5,87,"prot25_age",0,1.90988950726881e-07,0
1,2,0.5,87,"prot25_income",0.5,0.218494359809355,0
1,2,0.5,87,"prot25_child",0,0.190675498728345,0
1,2,0.5,87,"prot50_male",0,-1.25519412284993e-08,0
1,2,0.5,87,"prot50_age",1,0.484527477447188,0
1,2,0.5,87,"prot50_income",1.1,0.498665833819935,0
1,2,0.5,87,"prot50_child",-0.7,-0.290495054988184,0
1,2,0.5,87,"invasive_male",0,-0.0668247033461611,0
1,2,0.5,87,"invasive_age",-1.1,-0.542066698658718,1
1,2,0.5,87,"invasive_income",0,3.79021431207606e-08,0
1,2,0.5,87,"invasive_child",0,4.90858620780635e-08,0
1,2,0.5,88,"ASC2_male",0,-8.39230835854356e-09,0
1,2,0.5,88,"ASC2_age",0.5,0.239716676548235,0
1,2,0.5,88,"ASC2_income",-1,-0.572011313847037,1
1,2,0.5,88,"ASC2_child",0,-0.147139296525843,0
1,2,0.5,88,"ASC3_male",0,-4.77127772458708e-09,0
1,2,0.5,88,"ASC3_age",0,-2.22136270209452e-09,0
1,2,0.5,88,"ASC3_income",-0.6,-0.321488295109651,0
1,2,0.5,88,"ASC3_child",1.1,0.430059382494636,0
1,2,0.5,88,"prot25_male",0.8,0.459984885653254,0
1,2,0.5,88,"prot25_age",0.3,0.157917523204491,0
1,2,0.5,88,"prot25_income",-0.5,-0.224552966358902,0
1,2,0.5,88,"prot25_child",-1,-0.383942717303999,0
1,2,0.5,88,"prot50_male",-0.2,-1.30201938298588e-08,0
1,2,0.5,88,"prot50_age",0,0.0335020826211394,0
1,2,0.5,88,"prot50_income",-0.3,-0.13255355356674,0
1,2,0.5,88,"prot50_child",0,-9.54226030637071e-09,0
1,2,0.5,88,"invasive_male",0,0.0112557661130005,0
1,2,0.5,88,"invasive_age",0,-0.0364106786085811,0
1,2,0.5,88,"invasive_income",0,-4.96611663005229e-09,0
1,2,0.5,88,"invasive_child",0,9.93278926236055e-09,0
1,2,0.5,89,"ASC2_male",0,-0.0489763392402865,0
1,2,0.5,89,"ASC2_age",0.3,0.113574878979025,0
1,2,0.5,89,"ASC2_income",0,8.80728716069418e-07,0
1,2,0.5,89,"ASC2_child",0,-5.00152909344529e-08,0
1,2,0.5,89,"ASC3_male",0,-3.89162969785616e-09,0
1,2,0.5,89,"ASC3_age",0.8,0.317336008068846,0
1,2,0.5,89,"ASC3_income",0,-6.02108186880608e-08,0
1,2,0.5,89,"ASC3_child",1,0.344906279711228,0
1,2,0.5,89,"prot25_male",0.7,0.36804336258697,0
1,2,0.5,89,"prot25_age",0,0.055998766661625,0
1,2,0.5,89,"prot25_income",0,-9.34106291173085e-09,0
1,2,0.5,89,"prot25_child",-0.2,-2.77500304765982e-10,0
1,2,0.5,89,"prot50_male",-0.6,-0.383044287120694,0
1,2,0.5,89,"prot50_age",0.2,0.144411668803875,0
1,2,0.5,89,"prot50_income",0.1,0.0127901348230437,0
1,2,0.5,89,"prot50_child",0,-7.5287302891303e-10,0
1,2,0.5,89,"invasive_male",0,-0.0715652447915962,0
1,2,0.5,89,"invasive_age",0,-0.0239012503852368,0
1,2,0.5,89,"invasive_income",0.7,0.361903528441364,0
1,2,0.5,89,"invasive_child",0.6,0.21108070434732,0
1,2,0.5,90,"ASC2_male",0,-0.0629857759852432,0
1,2,0.5,90,"ASC2_age",0.5,0.230367791007065,0
1,2,0.5,90,"ASC2_income",0.8,0.67697607242257,1
1,2,0.5,90,"ASC2_child",0.3,0.00203379264086552,0
1,2,0.5,90,"ASC3_male",0,0.0236778932274858,0
1,2,0.5,90,"ASC3_age",0.3,0.104264161135455,0
1,2,0.5,90,"ASC3_income",-1.1,-0.405399967286097,0
1,2,0.5,90,"ASC3_child",0,-0.123948076985318,0
1,2,0.5,90,"prot25_male",0,0.102689792456425,0
1,2,0.5,90,"prot25_age",1.2,0.641905902717444,1
1,2,0.5,90,"prot25_income",0.4,0.104708660439009,0
1,2,0.5,90,"prot25_child",0,0.112179551550188,0
1,2,0.5,90,"prot50_male",-0.8,-0.23727809349445,0
1,2,0.5,90,"prot50_age",0.4,0.218241400967207,0
1,2,0.5,90,"prot50_income",-0.1,-0.229026771116679,0
1,2,0.5,90,"prot50_child",0,0.152174198546093,0
1,2,0.5,90,"invasive_male",0,-0.0220682598874653,0
1,2,0.5,90,"invasive_age",0,-0.0181715897727398,0
1,2,0.5,90,"invasive_income",0,0.0727026277809879,0
1,2,0.5,90,"invasive_child",0,-0.0231459233985269,0
1,2,0.5,91,"ASC2_male",0,0.0540372931083322,0
1,2,0.5,91,"ASC2_age",-0.4,-0.270629605844082,0
1,2,0.5,91,"ASC2_income",0.3,0.224045345669455,0
1,2,0.5,91,"ASC2_child",-0.2,-0.301656061840168,0
1,2,0.5,91,"ASC3_male",0,0.134238713416102,0
1,2,0.5,91,"ASC3_age",0.2,0.0416236888029,0
1,2,0.5,91,"ASC3_income",-0.3,-0.122110835644452,0
1,2,0.5,91,"ASC3_child",-0.8,-0.575677149415124,1
1,2,0.5,91,"prot25_male",0,-0.106907212164987,0
1,2,0.5,91,"prot25_age",0,-0.0504925548223401,0
1,2,0.5,91,"prot25_income",0.8,0.373860657031315,0
1,2,0.5,91,"prot25_child",0,0.0687935371363706,0
1,2,0.5,91,"prot50_male",0.3,0.0553306921137045,0
1,2,0.5,91,"prot50_age",0,-0.0247986946668177,0
1,2,0.5,91,"prot50_income",0,0.0225960847365735,0
1,2,0.5,91,"prot50_child",0,-0.0886212701444514,0
1,2,0.5,91,"invasive_male",0,-0.011489962275933,0
1,2,0.5,91,"invasive_age",-0.2,-0.198908781338829,0
1,2,0.5,91,"invasive_income",-0.5,-0.227199414054331,0
1,2,0.5,91,"invasive_child",0,-0.261692309684624,0
1,2,0.5,92,"ASC2_male",-0.5,-0.318062468120609,0
1,2,0.5,92,"ASC2_age",1,0.490228275492048,0
1,2,0.5,92,"ASC2_income",0,0.00133200690662709,0
1,2,0.5,92,"ASC2_child",0,-0.202285376039835,0
1,2,0.5,92,"ASC3_male",0,-0.0483550751356301,0
1,2,0.5,92,"ASC3_age",0,-0.0212489475594266,0
1,2,0.5,92,"ASC3_income",0,3.21403693857226e-08,0
1,2,0.5,92,"ASC3_child",0.3,0.0294672756476553,0
1,2,0.5,92,"prot25_male",-1.1,-0.534484176642669,1
1,2,0.5,92,"prot25_age",0,0.0544844194595622,0
1,2,0.5,92,"prot25_income",-1.2,-0.677443377760671,1
1,2,0.5,92,"prot25_child",0,0.0186232497373201,0
1,2,0.5,92,"prot50_male",-0.4,-0.107602620322736,0
1,2,0.5,92,"prot50_age",-0.6,-0.298124812464821,0
1,2,0.5,92,"prot50_income",0,-0.0250211905843307,0
1,2,0.5,92,"prot50_child",0.8,0.459853246676516,0
1,2,0.5,92,"invasive_male",0,-7.05467455278808e-09,0
1,2,0.5,92,"invasive_age",0,0.0144327455506002,0
1,2,0.5,92,"invasive_income",0.7,0.339483790889305,0
1,2,0.5,92,"invasive_child",0.9,0.34878224677032,0
1,2,0.5,93,"ASC2_male",0,-0.0126621938824312,0
1,2,0.5,93,"ASC2_age",-0.9,-0.304185086581137,0
1,2,0.5,93,"ASC2_income",0,-0.00898572611799122,0
1,2,0.5,93,"ASC2_child",-0.4,-0.0840906813382078,0
1,2,0.5,93,"ASC3_male",0,-0.0762787370473589,0
1,2,0.5,93,"ASC3_age",-1.1,-0.412622798751551,0
1,2,0.5,93,"ASC3_income",0,1.37691095844325e-11,0
1,2,0.5,93,"ASC3_child",-1,-0.321906136356069,0
1,2,0.5,93,"prot25_male",0,0.0699905231538193,0
1,2,0.5,93,"prot25_age",0,-0.0866236475049246,0
1,2,0.5,93,"prot25_income",0.4,0.167360401070499,0
1,2,0.5,93,"prot25_child",1.1,0.407353558602027,0
1,2,0.5,93,"prot50_male",0,0.0486721194297644,0
1,2,0.5,93,"prot50_age",0.2,0.0097173769235588,0
1,2,0.5,93,"prot50_income",1.2,0.53483820090314,1
1,2,0.5,93,"prot50_child",-1.1,-0.629921189359044,1
1,2,0.5,93,"invasive_male",0,-0.0896849500997186,0
1,2,0.5,93,"invasive_age",0,0.101766578550296,0
1,2,0.5,93,"invasive_income",0,0.00011650325005152,0
1,2,0.5,93,"invasive_child",-0.2,-0.0916759690962085,0
1,2,0.5,94,"ASC2_male",-0.2,0.0253639031101584,0
1,2,0.5,94,"ASC2_age",0,-0.0296452442554471,0
1,2,0.5,94,"ASC2_income",-0.2,0.0416075241807662,0
1,2,0.5,94,"ASC2_child",0.3,0.123273902774497,0
1,2,0.5,94,"ASC3_male",-0.1,0.0256723515690816,0
1,2,0.5,94,"ASC3_age",0,0.0186839108168556,0
1,2,0.5,94,"ASC3_income",-1.2,-0.511540807427128,1
1,2,0.5,94,"ASC3_child",-0.5,-0.21712230784585,0
1,2,0.5,94,"prot25_male",0,-0.186129743557399,0
1,2,0.5,94,"prot25_age",0,0.0366037795387492,0
1,2,0.5,94,"prot25_income",0,-0.0827779352438691,0
1,2,0.5,94,"prot25_child",0,0.0368689574595871,0
1,2,0.5,94,"prot50_male",0,-0.131759854688131,0
1,2,0.5,94,"prot50_age",0,0.0335769111894598,0
1,2,0.5,94,"prot50_income",-0.6,-0.402517348212915,0
1,2,0.5,94,"prot50_child",0,0.035301271417623,0
1,2,0.5,94,"invasive_male",0,-0.0413358880180791,0
1,2,0.5,94,"invasive_age",1,0.531954047278889,1
1,2,0.5,94,"invasive_income",0.8,0.397803958017368,0
1,2,0.5,94,"invasive_child",0.6,0.243939296498731,0
1,2,0.5,95,"ASC2_male",-0.4,-0.158676305906716,0
1,2,0.5,95,"ASC2_age",-0.5,-0.164570716074028,0
1,2,0.5,95,"ASC2_income",0,-6.25637878298025e-07,0
1,2,0.5,95,"ASC2_child",-0.7,-0.167269117673878,0
1,2,0.5,95,"ASC3_male",-1.1,-0.485253940705449,0
1,2,0.5,95,"ASC3_age",0,-0.00662020291806076,0
1,2,0.5,95,"ASC3_income",0,-0.0196085762972356,0
1,2,0.5,95,"ASC3_child",0,-4.27256188194869e-10,0
1,2,0.5,95,"prot25_male",-0.9,-0.446874403735309,0
1,2,0.5,95,"prot25_age",0,-0.0398544698460466,0
1,2,0.5,95,"prot25_income",0,-0.0172660110568911,0
1,2,0.5,95,"prot25_child",0.5,0.012222849006399,0
1,2,0.5,95,"prot50_male",0.3,0.128545862970762,0
1,2,0.5,95,"prot50_age",0.7,0.282289491890594,0
1,2,0.5,95,"prot50_income",0,-0.0212173769792428,0
1,2,0.5,95,"prot50_child",0.6,5.65500467894385e-07,0
1,2,0.5,95,"invasive_male",0,0.0609863544395478,0
1,2,0.5,95,"invasive_age",0,-1.21019523492875e-06,0
1,2,0.5,95,"invasive_income",0,0.0422514206849404,0
1,2,0.5,95,"invasive_child",0.5,-5.14243248516253e-08,0
1,2,0.5,96,"ASC2_male",-0.1,-0.0640377309987863,0
1,2,0.5,96,"ASC2_age",0.2,0.0815410661549594,0
1,2,0.5,96,"ASC2_income",0,0.0496954361722764,0
1,2,0.5,96,"ASC2_child",-0.4,-0.16618756237163,0
1,2,0.5,96,"ASC3_male",0,-1.50203061642903e-07,0
1,2,0.5,96,"ASC3_age",0,-0.0587912440753429,0
1,2,0.5,96,"ASC3_income",-0.6,-0.275006385471226,0
1,2,0.5,96,"ASC3_child",0.6,0.29148114343466,0
1,2,0.5,96,"prot25_male",0.3,-2.5805045623846e-09,0
1,2,0.5,96,"prot25_age",0,-0.00156695307981848,0
1,2,0.5,96,"prot25_income",0,0.0443791988549116,0
1,2,0.5,96,"prot25_child",-0.8,-0.362375489253403,0
1,2,0.5,96,"prot50_male",0.3,0.126012538928341,0
1,2,0.5,96,"prot50_age",1.2,0.663566459313648,1
1,2,0.5,96,"prot50_income",0,-0.0364395176536435,0
1,2,0.5,96,"prot50_child",0,0.0872234215369068,0
1,2,0.5,96,"invasive_male",0,-6.98796353786014e-07,0
1,2,0.5,96,"invasive_age",0,0.00135958238891025,0
1,2,0.5,96,"invasive_income",0,-3.80272546936593e-09,0
1,2,0.5,96,"invasive_child",0.6,0.457891908262682,0
1,2,0.5,97,"ASC2_male",0.8,0.392103098399049,0
1,2,0.5,97,"ASC2_age",0,0.0616476263864876,0
1,2,0.5,97,"ASC2_income",-1.1,-0.425977281962561,0
1,2,0.5,97,"ASC2_child",0.9,0.475905047574759,0
1,2,0.5,97,"ASC3_male",0.5,0.297439044593018,0
1,2,0.5,97,"ASC3_age",0,0.0727291288445993,0
1,2,0.5,97,"ASC3_income",0,0.0869688110189945,0
1,2,0.5,97,"ASC3_child",0,0.044126098631572,0
1,2,0.5,97,"prot25_male",-0.4,-0.203501863566981,0
1,2,0.5,97,"prot25_age",0,-0.0218156598824557,0
1,2,0.5,97,"prot25_income",0,0.00403798798780508,0
1,2,0.5,97,"prot25_child",0,-0.00800236441588721,0
1,2,0.5,97,"prot50_male",0.4,0.125954067277797,0
1,2,0.5,97,"prot50_age",1.2,0.677034904001052,1
1,2,0.5,97,"prot50_income",-0.4,-0.202460665840668,0
1,2,0.5,97,"prot50_child",0.3,0.149110170231851,0
1,2,0.5,97,"invasive_male",0,-0.0926215182176431,0
1,2,0.5,97,"invasive_age",0,0.0708603660636723,0
1,2,0.5,97,"invasive_income",0,0.0572294858774873,0
1,2,0.5,97,"invasive_child",-0.8,-0.265803206528245,0
1,2,0.5,98,"ASC2_male",0,-5.35840632254172e-08,0
1,2,0.5,98,"ASC2_age",0.8,0.368924392292526,0
1,2,0.5,98,"ASC2_income",0,-0.0147339106364709,0
1,2,0.5,98,"ASC2_child",0.1,-1.17711877074937e-08,0
1,2,0.5,98,"ASC3_male",1.2,0.534739590875506,1
1,2,0.5,98,"ASC3_age",-0.7,-0.323481079053466,0
1,2,0.5,98,"ASC3_income",-0.6,-0.334494465084266,0
1,2,0.5,98,"ASC3_child",-0.2,-2.43904382948285e-09,0
1,2,0.5,98,"prot25_male",0,0.0031977231497534,0
1,2,0.5,98,"prot25_age",0,-5.09378813845577e-09,0
1,2,0.5,98,"prot25_income",0,-5.36605578174826e-09,0
1,2,0.5,98,"prot25_child",0.7,0.391740711630032,0
1,2,0.5,98,"prot50_male",0.5,0.298699226176969,0
1,2,0.5,98,"prot50_age",-0.7,-0.368200941129518,0
1,2,0.5,98,"prot50_income",-1.2,-0.539511964117457,1
1,2,0.5,98,"prot50_child",0,0.0726520931393772,0
1,2,0.5,98,"invasive_male",0,-1.28208236879684e-08,0
1,2,0.5,98,"invasive_age",0,-1.4358895621397e-07,0
1,2,0.5,98,"invasive_income",0,0.0391264852054527,0
1,2,0.5,98,"invasive_child",0,-0.00164665446505321,0
1,2,0.5,99,"ASC2_male",0.5,0.339951903833349,0
1,2,0.5,99,"ASC2_age",0,-0.0310226648307006,0
1,2,0.5,99,"ASC2_income",0.7,0.265890613856025,0
1,2,0.5,99,"ASC2_child",1.1,0.391766035205779,0
1,2,0.5,99,"ASC3_male",0,-9.95524469224874e-09,0
1,2,0.5,99,"ASC3_age",1.2,0.576520128032819,1
1,2,0.5,99,"ASC3_income",0,1.0394788361604e-06,0
1,2,0.5,99,"ASC3_child",0,-0.102714605325826,0
1,2,0.5,99,"prot25_male",0.3,0.0797953536891178,0
1,2,0.5,99,"prot25_age",0.9,0.447543430489026,0
1,2,0.5,99,"prot25_income",0,0.0430488842846005,0
1,2,0.5,99,"prot25_child",0,-7.48450343038935e-07,0
1,2,0.5,99,"prot50_male",0,-0.00648765675036876,0
1,2,0.5,99,"prot50_age",0,-0.028002560977105,0
1,2,0.5,99,"prot50_income",0,-0.0219318779496832,0
1,2,0.5,99,"prot50_child",1.1,0.429286053582221,0
1,2,0.5,99,"invasive_male",0,-1.5494735818316e-06,0
1,2,0.5,99,"invasive_age",0.1,0.0270346946072801,0
1,2,0.5,99,"invasive_income",1.2,0.527577715619853,1
1,2,0.5,99,"invasive_child",1.2,0.307210099618136,0
1,2,0.5,100,"ASC2_male",0,-0.0276198106104713,0
1,2,0.5,100,"ASC2_age",0,0.0026204729694384,0
1,2,0.5,100,"ASC2_income",-1,-0.411971877010381,0
1,2,0.5,100,"ASC2_child",0,-2.5710100361493e-07,0
1,2,0.5,100,"ASC3_male",0,-1.99776867861956e-08,0
1,2,0.5,100,"ASC3_age",-0.4,-0.191882420750314,0
1,2,0.5,100,"ASC3_income",-0.7,-0.272813644273067,0
1,2,0.5,100,"ASC3_child",-0.8,-0.315441025091408,0
1,2,0.5,100,"prot25_male",1,0.448857659123711,0
1,2,0.5,100,"prot25_age",0,-0.0109075427779762,0
1,2,0.5,100,"prot25_income",0,0.052796154316114,0
1,2,0.5,100,"prot25_child",0,7.00062946766161e-09,0
1,2,0.5,100,"prot50_male",1.1,0.51880056284539,1
1,2,0.5,100,"prot50_age",-0.3,-0.112874375386717,0
1,2,0.5,100,"prot50_income",0,0.0169410968156462,0
1,2,0.5,100,"prot50_child",-0.1,-0.103825573586528,0
1,2,0.5,100,"invasive_male",0,0.0941509906348523,0
1,2,0.5,100,"invasive_age",0,0.0389465333142898,0
1,2,0.5,100,"invasive_income",0.9,0.497168887850383,0
1,2,0.5,100,"invasive_child",-0.2,-0.0480237157258984,0
